"event_key","event_type","GeneID","geneSymbol","chr","strand","exonStart_0base","exonEnd","exon_length","size_category","dPSI","FDR"
"chr18:38372625:38372804:38372242:38382766:SE","SE","ENSMUSG00000097080","1700086O06Rik","chr18","-",38372625,38372804,179,"Regular (>50bp)",0.228,0.0218652210658998
"chr18:38372625:38372804:38372238:38383230:SE","SE","ENSMUSG00000097080","1700086O06Rik","chr18","-",38372625,38372804,179,"Regular (>50bp)",0.731,1.78365023538485e-10
"chr18:38373891:38374006:38372238:38383230:SE","SE","ENSMUSG00000097080","1700086O06Rik","chr18","-",38373891,38374006,115,"Regular (>50bp)",0.361,2.17287888029556e-06
"chr18:38373891:38374006:38372804:38383105:SE","SE","ENSMUSG00000097080","1700086O06Rik","chr18","-",38373891,38374006,115,"Regular (>50bp)",0.127,0.0396136153852968
"chr4:11976443:11977102:11966683:11980141:SE","SE","ENSMUSG00000085614","1700123M08Rik","chr4","+",11976443,11977102,659,"Regular (>50bp)",0.39,0.0132504950684443
"chr11:57687137:57687223:57686620:57692059:SE","SE","ENSMUSG00000087165","2010001A14Rik","chr11","-",57687137,57687223,86,"Regular (>50bp)",0.105,0.0428140432341417
"chr18:34889051:34889204:34887833:34889342:SE","SE","ENSMUSG00000097755","2010110K18Rik","chr18","+",34889051,34889204,153,"Regular (>50bp)",-0.122,0.0100847040124153
"chr18:34889051:34889234:34887833:34889342:SE","SE","ENSMUSG00000097755","2010110K18Rik","chr18","+",34889051,34889234,183,"Regular (>50bp)",-0.23,0.00172429520205324
"chr6:31298324:31298411:31262055:31305266:SE","SE","ENSMUSG00000087380","2210408F21Rik","chr6","+",31298324,31298411,87,"Regular (>50bp)",-0.599,0.000314333001827109
"chr6:31305266:31305324:31298411:31312925:SE","SE","ENSMUSG00000087380","2210408F21Rik","chr6","+",31305266,31305324,58,"Regular (>50bp)",-0.138,0.000676932671146962
"chr5:149174048:149174237:149172216:149174346:SE","SE","ENSMUSG00000100783","2310047D07Rik","chr5","+",149174048,149174237,189,"Regular (>50bp)",-0.307,0.0225966095920782
"chr7:43896661:43896840:43896232:43897675:SE","SE","ENSMUSG00000045411","2410002F23Rik","chr7","+",43896661,43896840,179,"Regular (>50bp)",0.149,1.27058896427239e-07
"chr7:43896661:43896840:43896247:43897675:SE","SE","ENSMUSG00000045411","2410002F23Rik","chr7","+",43896661,43896840,179,"Regular (>50bp)",0.186,1.83302648422216e-13
"chr7:43896674:43896840:43896232:43897675:SE","SE","ENSMUSG00000045411","2410002F23Rik","chr7","+",43896674,43896840,166,"Regular (>50bp)",0.173,1.94081444465673e-08
"chr7:43896674:43896840:43896247:43897333:SE","SE","ENSMUSG00000045411","2410002F23Rik","chr7","+",43896674,43896840,166,"Regular (>50bp)",0.12,0.00719072453852466
"chr7:43896674:43896840:43896247:43897675:SE","SE","ENSMUSG00000045411","2410002F23Rik","chr7","+",43896674,43896840,166,"Regular (>50bp)",0.211,0
"chr7:43897333:43897483:43896840:43897675:SE","SE","ENSMUSG00000045411","2410002F23Rik","chr7","+",43897333,43897483,150,"Regular (>50bp)",-0.21,2.452743615685e-11
"chr7:41251171:41251239:41248824:41252859:SE","SE","ENSMUSG00000091474","2610021A01Rik","chr7","+",41251171,41251239,68,"Regular (>50bp)",-0.186,0.015151126219211
"chr4:125815665:125815761:125812599:125815869:SE","SE","ENSMUSG00000085562","2610028E06Rik","chr4","-",125815665,125815761,96,"Regular (>50bp)",-0.124,0.0024434731451566
"chr1:9634047:9634096:9632003:9689774:SE","SE","ENSMUSG00000079671","2610203C22Rik","chr1","-",9634047,9634096,49,"Small (30-50bp)",0.117,0.000134592748575032
"chr17:13789019:13789145:13774354:13889020:SE","SE","ENSMUSG00000117042","2700054A10Rik","chr17","-",13789019,13789145,126,"Regular (>50bp)",0.143,0.0275616163753129
"chr18:24604118:24604141:24604037:24608581:SE","SE","ENSMUSG00000024273","2700062C07Rik","chr18","+",24604118,24604141,23,"Microexon (0-30bp)",-0.102,0.0216985677542389
"chr1:120092494:120092612:120088386:120093864:SE","SE","ENSMUSG00000026388","3110009E18Rik","chr1","+",120092494,120092612,118,"Regular (>50bp)",-0.105,0.0185740824326234
"chr17:5851473:5851616:5849137:5852987:SE","SE","ENSMUSG00000096965","3300005D01Rik","chr17","+",5851473,5851616,143,"Regular (>50bp)",-0.121,0.0333068860500535
"chr15:98885637:98885711:98881745:98885857:SE","SE","ENSMUSG00000097587","4930578M01Rik","chr15","+",98885637,98885711,74,"Regular (>50bp)",-0.128,0.0392796815597014
"chr3:107801904:107801972:107801531:107802176:SE","SE","ENSMUSG00000086968","4933431E20Rik","chr3","-",107801904,107801972,68,"Regular (>50bp)",-0.32,0.049899539693813
"chrX:104433475:104433549:104431542:104435081:SE","SE","ENSMUSG00000087620","5330434G04Rik","chrX","-",104433475,104433549,74,"Regular (>50bp)",0.124,0.00542655501915266
"chrX:104091514:104091616:104087717:104110364:SE","SE","ENSMUSG00000087174","5530601H04Rik","chrX","-",104091514,104091616,102,"Regular (>50bp)",-0.152,0.00153005722243431
"chr6:39506382:39506456:39504578:39520037:SE","SE","ENSMUSG00000085058","8030453O22Rik","chr6","+",39506382,39506456,74,"Regular (>50bp)",0.231,0.0409838238074037
"chr7:136978683:136978846:136978080:136989099:SE","SE","ENSMUSG00000040139","9430038I01Rik","chr7","-",136978683,136978846,163,"Regular (>50bp)",-0.186,0.000441851244589695
"chr2:122480176:122480262:122480053:122481135:SE","SE","ENSMUSG00000033213","AA467197","chr2","+",122480176,122480262,86,"Regular (>50bp)",-0.217,0.000733043013247745
"chr6:86947972:86948068:86944355:86959523:SE","SE","ENSMUSG00000057230","Aak1","chr6","+",86947972,86948068,96,"Regular (>50bp)",0.155,0.000208239750073781
"chr6:86958277:86958379:86944355:86959523:SE","SE","ENSMUSG00000057230","Aak1","chr6","+",86958277,86958379,102,"Regular (>50bp)",0.373,4.90846102457967e-06
"chr6:86959523:86959625:86948068:86972821:SE","SE","ENSMUSG00000057230","Aak1","chr6","+",86959523,86959625,102,"Regular (>50bp)",0.249,0.0394071031591184
"chr7:97207337:97207433:97199948:97224794:SE","SE","ENSMUSG00000035642","Aamdc","chr7","-",97207337,97207433,96,"Regular (>50bp)",-0.156,0.00643484327265245
"chr5:77052055:77052227:77050032:77053269:SE","SE","ENSMUSG00000055923","Aasdh","chr5","-",77052055,77052227,172,"Regular (>50bp)",0.126,0.000104640322013653
"chr5:77052805:77052859:77050032:77053269:SE","SE","ENSMUSG00000055923","Aasdh","chr5","-",77052805,77052859,54,"Regular (>50bp)",0.268,0.0430143432113624
"chr9:4303093:4303215:4302631:4309253:SE","SE","ENSMUSG00000025894","Aasdhppt","chr9","-",4303093,4303215,122,"Regular (>50bp)",-0.116,1.70612272794466e-09
"chr4:53059256:53059362:53051009:53060332:SE","SE","ENSMUSG00000015243","Abca1","chr4","-",53059256,53059362,106,"Regular (>50bp)",0.16,0.000571507494680922
"chr5:36000511:36000610:35998745:36006147:SE","SE","ENSMUSG00000029095","Ablim2","chr5","+",36000511,36000610,99,"Regular (>50bp)",0.287,8.45108528612711e-10
"chr5:36024048:36024110:36015308:36031976:SE","SE","ENSMUSG00000029095","Ablim2","chr5","+",36024048,36024110,62,"Regular (>50bp)",0.117,0.000240272135459985
"chr18:61952059:61952158:61950040:61952861:SE","SE","ENSMUSG00000032735","Ablim3","chr18","-",61952059,61952158,99,"Regular (>50bp)",0.285,0.0228211594612125
"chr2:22970679:22970712:22970465:22977496:SE","SE","ENSMUSG00000026781","Acbd5","chr2","+",22970679,22970712,33,"Small (30-50bp)",0.171,1.77638802543842e-12
"chr2:164644916:164645053:164641865:164646609:SE","SE","ENSMUSG00000017307","Acot8","chr2","-",164644916,164645053,137,"Regular (>50bp)",-0.168,7.62702722543162e-08
"chr5:137552774:137552940:137552402:137561368:SE","SE","ENSMUSG00000029712","Actl6b","chr5","+",137552774,137552940,166,"Regular (>50bp)",0.179,0.00268044571686485
"chr5:8136593:8136623:8132269:8161894:SE","SE","ENSMUSG00000040537","Adam22","chr5","-",8136593,8136623,30,"Microexon (0-30bp)",0.13,0.00900364149579749
"chr10:10302342:10302477:10298504:10306814:SE","SE","ENSMUSG00000050994","Adgb","chr10","-",10302342,10302477,135,"Regular (>50bp)",-0.259,0.0391094494335883
"chr8:84456739:84456886:84456154:84460042:SE","SE","ENSMUSG00000002885","Adgre5","chr8","-",84456739,84456886,147,"Regular (>50bp)",0.212,0.00158421278587421
"chr8:84650834:84650984:84649737:84656092:SE","SE","ENSMUSG00000013033","Adgrl1","chr8","+",84650834,84650984,150,"Regular (>50bp)",0.109,2.50717601519826e-05
"chr3:148526915:148527044:148526104:148528590:SE","SE","ENSMUSG00000028184","Adgrl2","chr3","-",148526915,148527044,129,"Regular (>50bp)",-0.168,0.00109751147190297
"chr3:148532847:148532874:148532169:148533176:SE","SE","ENSMUSG00000028184","Adgrl2","chr3","-",148532847,148532874,27,"Microexon (0-30bp)",0.203,0.000209883033950081
"chr3:148566062:148566074:148565169:148571235:SE","SE","ENSMUSG00000028184","Adgrl2","chr3","-",148566062,148566074,12,"Microexon (0-30bp)",0.142,8.24021668515075e-05
"chr17:14111224:14111260:14109239:14116349:SE","SE","ENSMUSG00000068036","Afdn","chr17","+",14111224,14111260,36,"Small (30-50bp)",0.179,0
"chr5:31048217:31048304:31048114:31048403:SE","SE","ENSMUSG00000029165","Agbl5","chr5","+",31048217,31048304,87,"Regular (>50bp)",-0.115,0.000989570895247771
"chr6:40331947:40332027:40331741:40333978:SE","SE","ENSMUSG00000029916","Agk","chr6","+",40331947,40332027,80,"Regular (>50bp)",-0.371,5.81956058883445e-07
"chr4:156252233:156252266:156251963:156253002:SE","SE","ENSMUSG00000041936","Agrn","chr4","-",156252233,156252266,33,"Small (30-50bp)",0.13,4.01171260164633e-06
"chr4:156253002:156253026:156252266:156253189:SE","SE","ENSMUSG00000041936","Agrn","chr4","-",156253002,156253026,24,"Microexon (0-30bp)",0.323,0.00409956888691432
"chr13:59665466:59665504:59662109:59672959:SE","SE","ENSMUSG00000021557","Agtpbp1","chr13","-",59665466,59665504,38,"Small (30-50bp)",0.119,5.21793667820254e-06
"chr11:88734415:88734522:88732128:88734637:SE","SE","ENSMUSG00000018428","Akap1","chr11","-",88734415,88734522,107,"Regular (>50bp)",-0.427,3.36830553172877e-06
"chr2:128520130:128520204:128518167:128526421:SE","SE","ENSMUSG00000014355","Anapc1","chr2","-",128520130,128520204,74,"Regular (>50bp)",-0.16,0.000725808744230392
"chr3:126757031:126757130:126756054:126758586:SE","SE","ENSMUSG00000032826","Ank2","chr3","-",126757031,126757130,99,"Regular (>50bp)",0.192,7.50203677072801e-08
"chr3:126772904:126772916:126770596:126775448:SE","SE","ENSMUSG00000032826","Ank2","chr3","-",126772904,126772916,12,"Microexon (0-30bp)",0.138,0.00303344410374097
"chr10:69765276:69765288:69763648:69768223:SE","SE","ENSMUSG00000069601","Ank3","chr10","+",69765276,69765288,12,"Microexon (0-30bp)",0.251,0.00548380560396285
"chr10:69789269:69789302:69786888:69791755:SE","SE","ENSMUSG00000069601","Ank3","chr10","+",69789269,69789302,33,"Small (30-50bp)",0.185,0.0151230474700185
"chr10:69816653:69816680:69816224:69817945:SE","SE","ENSMUSG00000069601","Ank3","chr10","+",69816653,69816680,27,"Microexon (0-30bp)",0.187,0.000174189054449646
"chr10:69837752:69838061:69835328:69838340:SE","SE","ENSMUSG00000069601","Ank3","chr10","+",69837752,69838061,309,"Regular (>50bp)",-0.131,0.00232754871876646
"chr8:11670261:11670373:11669297:11678438:SE","SE","ENSMUSG00000031508","Ankrd10","chr8","-",11670261,11670373,112,"Regular (>50bp)",0.12,2.84843869066929e-05
"chr10:81470500:81470587:81465582:81470698:SE","SE","ENSMUSG00000054708","Ankrd24","chr10","+",81470500,81470587,87,"Regular (>50bp)",-0.251,0.00399090106339603
"chr13:94680491:94680530:94679384:94684262:SE","SE","ENSMUSG00000021686","Ap3b1","chr13","+",94680491,94680530,39,"Small (30-50bp)",0.15,0
"chr10:80545922:80546126:80545790:80546253:SE","SE","ENSMUSG00000020198","Ap3d1","chr10","-",80545922,80546126,204,"Regular (>50bp)",-0.228,0
"chr18:46916825:46916866:46913835:46921723:SE","SE","ENSMUSG00000024480","Ap3s1","chr18","+",46916825,46916866,41,"Small (30-50bp)",-0.757,0.000578400887225834
"chr2:180620963:180621020:180619145:180621453:SE","SE","ENSMUSG00000027575","Arfgap1","chr2","+",180620963,180621020,57,"Regular (>50bp)",-0.183,0.0111501582822928
"chr3:84426788:84427010:84405198:84441893:SE","SE","ENSMUSG00000074513","Arfip1","chr3","-",84426788,84427010,222,"Regular (>50bp)",-0.199,0.00908959023874941
"chr3:84426788:84427010:84417289:84455240:SE","SE","ENSMUSG00000074513","Arfip1","chr3","-",84426788,84427010,222,"Regular (>50bp)",-0.199,0.00323129162114401
"chr2:91482108:91482168:91480597:91484417:SE","SE","ENSMUSG00000027247","Arhgap1","chr2","+",91482108,91482168,60,"Regular (>50bp)",0.17,7.37127930058624e-06
"chr18:6111684:6112439:6070091:6135803:SE","SE","ENSMUSG00000041225","Arhgap12","chr18","-",6111684,6112439,755,"Regular (>50bp)",0.105,0.0196174305361452
"chr2:20888010:20888040:20886662:20891916:SE","SE","ENSMUSG00000036591","Arhgap21","chr2","-",20888010,20888040,30,"Microexon (0-30bp)",0.21,4.24107750950333e-05
"chr11:97382469:97382492:97382056:97383876:SE","SE","ENSMUSG00000049807","Arhgap23","chr11","+",97382469,97382492,23,"Microexon (0-30bp)",0.228,8.00498907670246e-13
"chr7:30233527:30233637:30232457:30234350:SE","SE","ENSMUSG00000036882","Arhgap33","chr7","-",30233527,30233637,110,"Regular (>50bp)",0.106,0.00115534978083547
"chr15:76614563:76614656:76611676:76619076:SE","SE","ENSMUSG00000033697","Arhgap39","chr15","-",76614563,76614656,93,"Regular (>50bp)",0.25,2.32344502416303e-10
"chr12:52562889:52566750:52550831:52589271:SE","SE","ENSMUSG00000035133","Arhgap5","chr12","+",52562889,52566750,3861,"Regular (>50bp)",-0.101,0.00383304362850267
"chr12:52562889:52566750:52550831:52589274:SE","SE","ENSMUSG00000035133","Arhgap5","chr12","+",52562889,52566750,3861,"Regular (>50bp)",-0.171,0.0294509356085971
"chr7:24617944:24617956:24617425:24618608:SE","SE","ENSMUSG00000040940","Arhgef1","chr7","+",24617944,24617956,12,"Microexon (0-30bp)",0.131,0.000225967412359808
"chr8:14992609:14992726:14990372:14995279:SE","SE","ENSMUSG00000071176","Arhgef10","chr8","+",14992609,14992726,117,"Regular (>50bp)",-0.118,0.00486650585162723
"chr3:87625535:87625565:87624827:87629663:SE","SE","ENSMUSG00000041977","Arhgef11","chr3","+",87625535,87625565,30,"Microexon (0-30bp)",0.146,2.78873270258153e-06
"chr4:140973256:140973363:140972277:140973485:SE","SE","ENSMUSG00000028919","Arhgef19","chr4","+",140973256,140973363,107,"Regular (>50bp)",-0.18,0.0177267819373497
"chr14:26865949:26866087:26836880:26874918:SE","SE","ENSMUSG00000021895","Arhgef3","chr14","+",26865949,26866087,138,"Regular (>50bp)",-0.238,1.00228474147005e-05
"chr14:52242335:52242356:52242199:52242445:SE","SE","ENSMUSG00000004562","Arhgef40","chr14","+",52242335,52242356,21,"Microexon (0-30bp)",-0.176,0.00878694833148361
"chr5:92553801:92553838:92552725:92557128:SE","SE","ENSMUSG00000034842","Art3","chr5","+",92553801,92553838,37,"Small (30-50bp)",-0.136,7.53265193187456e-06
"chr5:92553802:92553838:92552725:92557128:SE","SE","ENSMUSG00000034842","Art3","chr5","+",92553802,92553838,36,"Small (30-50bp)",-0.112,0.0444706993217716
"chr16:18219530:18219548:18219003:18220316:SE","SE","ENSMUSG00000118669","Arvcf","chr16","+",18219530,18219548,18,"Microexon (0-30bp)",0.166,7.88857169241047e-11
"chr19:31969401:31969490:31964347:31981083:SE","SE","ENSMUSG00000024887","Asah2","chr19","-",31969401,31969490,89,"Regular (>50bp)",-0.214,5.9518981425696e-06
"chr19:31972741:31972801:31964347:31981083:SE","SE","ENSMUSG00000024887","Asah2","chr19","-",31972741,31972801,60,"Regular (>50bp)",-0.146,7.62967498533368e-05
"chr7:66327904:66327993:66310003:66328827:SE","SE","ENSMUSG00000030509","Asb7","chr7","-",66327904,66327993,89,"Regular (>50bp)",-0.118,0.00325416271559454
"chr4:9637658:9637703:9635969:9639197:SE","SE","ENSMUSG00000028207","Asph","chr4","-",9637658,9637703,45,"Small (30-50bp)",0.119,4.92559853045606e-10
"chr4:99116792:99116871:99112787:99146633:SE","SE","ENSMUSG00000028550","Atg4c","chr4","+",99116792,99116871,79,"Regular (>50bp)",0.143,0.0321221891972023
"chr6:114649751:114649804:114629512:114649934:SE","SE","ENSMUSG00000030314","Atg7","chr6","+",114649751,114649804,53,"Regular (>50bp)",0.246,0.00355749151789364
"chr9:96222254:96222439:96217515:96227817:SE","SE","ENSMUSG00000032412","Atp1b3","chr9","-",96222254,96222439,185,"Regular (>50bp)",-0.144,0.0190141447503712
"chr9:105370741:105370753:105347346:105371613:SE","SE","ENSMUSG00000032570","Atp2c1","chr9","-",105370741,105370753,12,"Microexon (0-30bp)",0.168,5.43819269842008e-06
"chr16:84630707:84630762:84628395:84630881:SE","SE","ENSMUSG00000022890","Atp5j","chr16","-",84630707,84630762,55,"Regular (>50bp)",-0.108,0.00379255662986247
"chr6:29468965:29469225:29468166:29470065:SE","SE","ENSMUSG00000004285","Atp6v1f","chr6","+",29468965,29469225,260,"Regular (>50bp)",0.307,0.00184387134755415
"chr10:80357844:80357983:80357731:80360162:SE","SE","ENSMUSG00000003341","Atp8b3","chr10","-",80357844,80357983,139,"Regular (>50bp)",-0.173,0.0187672394803098
"chr7:126091615:126091780:126091387:126091929:SE","SE","ENSMUSG00000032637","Atxn2l","chr7","-",126091615,126091780,165,"Regular (>50bp)",-0.169,0.00962200021749424
"chr5:131494869:131494965:131488994:131501096:SE","SE","ENSMUSG00000029673","Auts2","chr5","-",131494869,131494965,96,"Regular (>50bp)",-0.256,0.000706955641110917
"chr17:29501033:29501241:29487976:29512980:SE","SE","ENSMUSG00000052712","BC004004","chr17","+",29501033,29501241,208,"Regular (>50bp)",-0.189,0.000455077797980286
"chr5:149300133:149300256:149292743:149315572:SE","SE","ENSMUSG00000107271","BC028471","chr5","+",149300133,149300256,123,"Regular (>50bp)",-0.161,0.000157722686902773
"chr12:54970169:54970265:54970049:54974348:SE","SE","ENSMUSG00000035021","Baz1a","chr12","-",54970169,54970265,96,"Regular (>50bp)",0.182,0.000440533447488646
"chr2:170198167:170198233:170191383:170220642:SE","SE","ENSMUSG00000013523","Bcas1","chr2","-",170198167,170198233,66,"Regular (>50bp)",0.151,0.000137327647208671
"chr2:170212369:170212411:170191383:170220642:SE","SE","ENSMUSG00000013523","Bcas1","chr2","-",170212369,170212411,42,"Small (30-50bp)",0.139,0.0153058546894426
"chr11:85434753:85434798:85422769:85445015:SE","SE","ENSMUSG00000059439","Bcas3","chr11","+",85434753,85434798,45,"Small (30-50bp)",0.293,0.00387829859243398
"chr8:104908642:104908751:104897636:104937549:SE","SE","ENSMUSG00000031872","Bean1","chr8","+",104908642,104908751,109,"Regular (>50bp)",0.127,0.0496577035286534
"chr4:111311281:111311495:111290750:111316946:SE","SE","ENSMUSG00000028545","Bend5","chr4","+",111311281,111311495,214,"Regular (>50bp)",0.162,0.00698596716560593
"chr5:115789214:115789323:115787628:115789877:SE","SE","ENSMUSG00000041609","Bicdl1","chr5","-",115789214,115789323,109,"Regular (>50bp)",0.199,7.39161978378268e-13
"chr5:115810202:115810214:115808359:115811138:SE","SE","ENSMUSG00000041609","Bicdl1","chr5","-",115810202,115810214,12,"Microexon (0-30bp)",0.126,2.96143813022664e-09
"chr18:32562752:32562776:32559405:32564723:SE","SE","ENSMUSG00000024381","Bin1","chr18","+",32562752,32562776,24,"Microexon (0-30bp)",0.14,0.0132226098273639
"chr18:32562752:32562776:32559405:32565035:SE","SE","ENSMUSG00000024381","Bin1","chr18","+",32562752,32562776,24,"Microexon (0-30bp)",0.158,0.00216435526037455
"chr17:74901316:74901448:74900244:74901864:SE","SE","ENSMUSG00000024073","Birc6","chr17","+",74901316,74901448,132,"Regular (>50bp)",-0.125,0.000266979244688921
"chr3:37077118:37077181:37076623:37080238:SE","SE","ENSMUSG00000037270","Bltp1","chr3","+",37077118,37077181,63,"Regular (>50bp)",0.105,0.00384229255135705
"chr4:84209929:84211899:84194684:84309125:SE","SE","ENSMUSG00000028487","Bnc2","chr4","-",84209929,84211899,1970,"Regular (>50bp)",0.136,0.000444651982563322
"chr11:106935317:106935491:106934651:106937825:SE","SE","ENSMUSG00000040481","Bptf","chr11","-",106935317,106935491,174,"Regular (>50bp)",-0.128,1.50868295563312e-09
"chr11:106977537:106977723:106973526:106986541:SE","SE","ENSMUSG00000040481","Bptf","chr11","-",106977537,106977723,186,"Regular (>50bp)",-0.12,5.21162027294763e-05
"chr7:141552656:141552751:141552459:141554578:SE","SE","ENSMUSG00000053046","Brsk2","chr7","+",141552656,141552751,95,"Regular (>50bp)",-0.147,0.00203657463379124
"chr7:141554578:141554623:141552459:141556211:SE","SE","ENSMUSG00000053046","Brsk2","chr7","+",141554578,141554623,45,"Small (30-50bp)",0.177,3.78981443433466e-06
"chr7:141554578:141554626:141552459:141556211:SE","SE","ENSMUSG00000053046","Brsk2","chr7","+",141554578,141554626,48,"Small (30-50bp)",0.184,0.0014956495206172
"chr7:141554578:141554626:141552751:141556211:SE","SE","ENSMUSG00000053046","Brsk2","chr7","+",141554578,141554626,48,"Small (30-50bp)",0.131,0.03584981861456
"chr19:45394983:45395025:45352325:45425775:SE","SE","ENSMUSG00000025217","Btrc","chr19","+",45394983,45395025,42,"Small (30-50bp)",0.152,0.000812282191415622
"chr19:45394983:45395025:45352713:45444971:SE","SE","ENSMUSG00000025217","Btrc","chr19","+",45394983,45395025,42,"Small (30-50bp)",-0.275,6.97195304985411e-06
"chr7:100029232:100029332:100023740:100039285:SE","SE","ENSMUSG00000047248","C2cd3","chr7","+",100029232,100029332,100,"Regular (>50bp)",0.104,0.00480398491883332
"chr6:143011911:143011944:143007587:143012781:SE","SE","ENSMUSG00000030279","C2cd5","chr6","-",143011911,143011944,33,"Small (30-50bp)",0.132,0
"chr15:5075126:5075265:5052181:5076345:SE","SE","ENSMUSG00000079105","C7","chr15","-",5075126,5075265,139,"Regular (>50bp)",-0.252,4.97860633454228e-05
"chr6:118614690:118614774:118607392:118615387:SE","SE","ENSMUSG00000051331","Cacna1c","chr6","-",118614690,118614774,84,"Regular (>50bp)",0.164,0.00134609347915179
"chr6:118615387:118615471:118614774:118628908:SE","SE","ENSMUSG00000051331","Cacna1c","chr6","-",118615387,118615471,84,"Regular (>50bp)",0.194,0.00456565617361802
"chr6:118651515:118651575:118647417:118652780:SE","SE","ENSMUSG00000051331","Cacna1c","chr6","-",118651515,118651575,60,"Regular (>50bp)",0.149,0.00730401249273278
"chr6:118651515:118651575:118651366:118652780:SE","SE","ENSMUSG00000051331","Cacna1c","chr6","-",118651515,118651575,60,"Regular (>50bp)",0.135,0.00571419597402623
"chr9:47740674:47740707:47725243:47759464:SE","SE","ENSMUSG00000032076","Cadm1","chr9","+",47740674,47740707,33,"Small (30-50bp)",0.142,0.000107598174943054
"chr9:47740674:47740707:47730115:47759464:SE","SE","ENSMUSG00000032076","Cadm1","chr9","+",47740674,47740707,33,"Small (30-50bp)",0.107,0.000165635470976537
"chr6:34724820:34724904:34723574:34730377:SE","SE","ENSMUSG00000029761","Cald1","chr6","+",34724820,34724904,84,"Regular (>50bp)",-0.107,0.00460643952545561
"chr6:34724826:34724904:34723574:34730377:SE","SE","ENSMUSG00000029761","Cald1","chr6","+",34724826,34724904,78,"Regular (>50bp)",-0.101,0.0238396595809722
"chr8:73181005:73181137:73179703:73181913:SE","SE","ENSMUSG00000019732","Calr3","chr8","-",73181005,73181137,132,"Regular (>50bp)",0.128,0.0194428294906984
"chr6:29361558:29361752:29361486:29366038:SE","SE","ENSMUSG00000029767","Calu","chr6","+",29361558,29361752,194,"Regular (>50bp)",-0.112,1.79631380722141e-05
"chr11:5926764:5926893:5922888:5929672:SE","SE","ENSMUSG00000057897","Camk2b","chr11","-",5926764,5926893,129,"Regular (>50bp)",0.178,0.0379841142078612
"chr14:20791445:20791559:20789470:20792772:SE","SE","ENSMUSG00000021820","Camk2g","chr14","-",20791445,20791559,114,"Regular (>50bp)",0.135,5.2875225611611e-06
"chr14:20795859:20795928:20794716:20797886:SE","SE","ENSMUSG00000021820","Camk2g","chr14","-",20795859,20795928,69,"Regular (>50bp)",0.148,0.0389012429569655
"chr1:136225021:136225054:136221159:136225479:SE","SE","ENSMUSG00000041570","Camsap2","chr1","-",136225021,136225054,33,"Small (30-50bp)",0.246,4.82489615225967e-06
"chr8:106424192:106424273:106424070:106424499:SE","SE","ENSMUSG00000050357","Carmil2","chr8","+",106424192,106424273,81,"Regular (>50bp)",-0.121,0.00105203049955051
"chr19:18667593:18667734:18656631:18668780:SE","SE","ENSMUSG00000024726","Carnmt1","chr19","+",18667593,18667734,141,"Regular (>50bp)",0.219,0.00683387935973327
"chr19:18671012:18671126:18656631:18681383:SE","SE","ENSMUSG00000024726","Carnmt1","chr19","+",18671012,18671126,114,"Regular (>50bp)",-0.187,0.000450270231708783
"chrX:13418611:13418680:13417221:13421116:SE","SE","ENSMUSG00000031012","Cask","chrX","-",13418611,13418680,69,"Regular (>50bp)",0.108,0.00985058287082485
"chrX:13462924:13462942:13453204:13466595:SE","SE","ENSMUSG00000031012","Cask","chrX","-",13462924,13462942,18,"Microexon (0-30bp)",0.169,0
"chr6:42253803:42253864:42250979:42256710:SE","SE","ENSMUSG00000029863","Casp2","chr6","+",42253803,42253864,61,"Regular (>50bp)",0.378,4.31696620727891e-05
"chr1:58843157:58843273:58841852:58863073:SE","SE","ENSMUSG00000026029","Casp8","chr1","+",58843157,58843273,116,"Regular (>50bp)",0.101,0.0014980270218957
"chr2:121230217:121230317:121229950:121240618:SE","SE","ENSMUSG00000033486","Catsper2","chr2","-",121230217,121230317,100,"Regular (>50bp)",-0.128,0.0469947582287635
"chr2:121236809:121236934:121230317:121240618:SE","SE","ENSMUSG00000033486","Catsper2","chr2","-",121236809,121236934,125,"Regular (>50bp)",0.133,0.0090493144473826
"chr10:79972496:79972577:79972328:79972707:SE","SE","ENSMUSG00000035640","Cbarp","chr10","-",79972496,79972577,81,"Regular (>50bp)",-0.106,2.75166287953894e-05
"chr10:79972538:79972577:79972328:79972707:SE","SE","ENSMUSG00000035640","Cbarp","chr10","-",79972538,79972577,39,"Small (30-50bp)",-0.193,6.82236601168504e-07
"chr8:123377068:123377215:123370272:123425553:SE","SE","ENSMUSG00000006362","Cbfa2t3","chr8","-",123377068,123377215,147,"Regular (>50bp)",-0.124,0.0341597244531351
"chrX:7601310:7601409:7600337:7601539:SE","SE","ENSMUSG00000031150","Ccdc120","chrX","-",7601310,7601409,99,"Regular (>50bp)",0.103,0.00302984682487361
"chr8:84985741:84985880:84985555:84986922:SE","SE","ENSMUSG00000004994","Ccdc130","chr8","-",84985741,84985880,139,"Regular (>50bp)",-0.115,5.80600321890986e-09
"chr4:83539061:83539200:83522419:83553876:SE","SE","ENSMUSG00000052407","Ccdc171","chr4","+",83539061,83539200,139,"Regular (>50bp)",0.201,0.000559375073688631
"chr7:127184316:127184433:127184225:127184625:SE","SE","ENSMUSG00000057176","Ccdc189","chr7","-",127184316,127184433,117,"Regular (>50bp)",0.158,0.00142135503983831
"chr16:43712515:43712554:43710401:43718452:SE","SE","ENSMUSG00000022701","Ccdc191","chr16","+",43712515,43712554,39,"Small (30-50bp)",0.186,7.85526742502879e-05
"chr5:124074451:124074618:124072327:124082196:SE","SE","ENSMUSG00000061882","Ccdc62","chr5","+",124074451,124074618,167,"Regular (>50bp)",0.112,0.00109373295113084
"chr7:25417569:25417704:25415612:25418320:SE","SE","ENSMUSG00000002608","Ccdc97","chr7","-",25417569,25417704,135,"Regular (>50bp)",-0.394,0.00938056998262256
"chr13:85345469:85345680:85338995:85350559:SE","SE","ENSMUSG00000021548","Ccnh","chr13","+",85345469,85345680,211,"Regular (>50bp)",-0.285,4.13441358054042e-05
"chr2:164911736:164911768:164908484:164912641:SE","SE","ENSMUSG00000017652","Cd40","chr2","+",164911736,164911768,32,"Small (30-50bp)",-0.152,1.82714629193345e-06
"chr2:120560949:120560983:120560580:120561182:SE","SE","ENSMUSG00000027284","Cdan1","chr2","-",120560949,120560983,34,"Small (30-50bp)",-0.264,0.0416129966932114
"chr13:64349145:64349262:64344489:64353084:SE","SE","ENSMUSG00000033102","Cdc14b","chr13","-",64349145,64349262,117,"Regular (>50bp)",0.53,0.00665417757844717
"chr13:64353084:64353231:64349262:64356920:SE","SE","ENSMUSG00000033102","Cdc14b","chr13","-",64353084,64353231,147,"Regular (>50bp)",0.31,0.0309096415828087
"chr13:64373385:64373462:64364113:64391447:SE","SE","ENSMUSG00000033102","Cdc14b","chr13","-",64373385,64373462,77,"Regular (>50bp)",-0.179,0.000169215324324696
"chr1:179946300:179946348:179945308:179951488:SE","SE","ENSMUSG00000026490","Cdc42bpa","chr1","+",179946300,179946348,48,"Small (30-50bp)",0.18,1.18301469469446e-06
"chr11:98140535:98140926:98136495:98154295:SE","SE","ENSMUSG00000003119","Cdk12","chr11","+",98140535,98140926,391,"Regular (>50bp)",0.185,0.0218351815697566
"chr5:146205024:146205096:146168630:146208404:SE","SE","ENSMUSG00000029635","Cdk8","chr5","+",146205024,146205096,72,"Regular (>50bp)",0.127,0.0449989994668416
"chr12:91222348:91222513:91200994:91226759:SE","SE","ENSMUSG00000061533","Cep128","chr12","-",91222348,91222513,165,"Regular (>50bp)",0.2,0.00523025096303828
"chr1:176588916:176589066:176586083:176596798:SE","SE","ENSMUSG00000057335","Cep170","chr1","-",176588916,176589066,150,"Regular (>50bp)",0.103,3.9257019947339e-05
"chr1:176596798:176597092:176589066:176597278:SE","SE","ENSMUSG00000057335","Cep170","chr1","-",176596798,176597092,294,"Regular (>50bp)",-0.106,0.00125952627493081
"chr17:8394350:8394410:8391840:8401059:SE","SE","ENSMUSG00000069135","Cep43","chr17","+",8394350,8394410,60,"Regular (>50bp)",-0.104,0.0251067285653443
"chr9:102498894:102498927:102496959:102503102:SE","SE","ENSMUSG00000032534","Cep63","chr9","-",102498894,102498927,33,"Small (30-50bp)",-0.364,0.0257460231779752
"chr9:102500754:102500792:102498927:102503102:SE","SE","ENSMUSG00000032534","Cep63","chr9","-",102500754,102500792,38,"Small (30-50bp)",0.548,0.0030228753200067
"chr7:35129339:35129536:35128723:35131942:SE","SE","ENSMUSG00000023072","Cep89","chr7","+",35129339,35129536,197,"Regular (>50bp)",-0.129,9.25568938539902e-06
"chr16:55742433:55742600:55739930:55745331:SE","SE","ENSMUSG00000022604","Cep97","chr16","-",55742433,55742600,167,"Regular (>50bp)",0.111,0.000564267718258756
"chr3:37363493:37363631:37363330:37364441:SE","SE","ENSMUSG00000045031","Cetn4","chr3","-",37363493,37363631,138,"Regular (>50bp)",-0.157,3.76735372788883e-06
"chr3:37364085:37364214:37363330:37364441:SE","SE","ENSMUSG00000045031","Cetn4","chr3","-",37364085,37364214,129,"Regular (>50bp)",-0.341,1.91301002757188e-05
"chr14:13987152:13987356:13958911:13996360:SE","SE","ENSMUSG00000021747","Cfap20dc","chr14","+",13987152,13987356,204,"Regular (>50bp)",-0.108,0.0129491592471805
"chr10:77815586:77815885:77814615:77816334:SE","SE","ENSMUSG00000020284","Cfap410","chr10","+",77815586,77815885,299,"Regular (>50bp)",-0.317,6.65862699679625e-05
"chr1:74957524:74957653:74956534:74958342:SE","SE","ENSMUSG00000047021","Cfap65","chr1","-",74957524,74957653,129,"Regular (>50bp)",-0.196,0.000669189202688561
"chr1:74957992:74958143:74957653:74958342:SE","SE","ENSMUSG00000047021","Cfap65","chr1","-",74957992,74958143,151,"Regular (>50bp)",0.106,0.00333735927862648
"chr8:13788327:13788488:13786021:13792653:SE","SE","ENSMUSG00000090336","Cfap97d2","chr8","+",13788327,13788488,161,"Regular (>50bp)",-0.164,0.00352582083126976
"chr7:73157553:73157661:73154876:73163837:SE","SE","ENSMUSG00000078671","Chd2","chr7","-",73157553,73157661,108,"Regular (>50bp)",-0.119,0.00026224516045314
"chr2:73509958:73510247:73462174:73551746:SE","SE","ENSMUSG00000056486","Chn1","chr2","-",73509958,73510247,289,"Regular (>50bp)",-0.127,0.0255115957800459
"chr2:73537262:73537376:73462174:73551746:SE","SE","ENSMUSG00000056486","Chn1","chr2","-",73537262,73537376,114,"Regular (>50bp)",-0.167,0.0431873166891245
"chr2:73540798:73540826:73510247:73546707:SE","SE","ENSMUSG00000056486","Chn1","chr2","-",73540798,73540826,28,"Microexon (0-30bp)",-0.173,0.00124751535681706
"chr16:20553611:20553719:20553523:20553866:SE","SE","ENSMUSG00000006958","Chrd","chr16","+",20553611,20553719,108,"Regular (>50bp)",-0.358,0.0326751206765193
"chr12:110843656:110843806:110843404:110845421:SE","SE","ENSMUSG00000021276","Cinp","chr12","-",110843656,110843806,150,"Regular (>50bp)",-0.331,0.00548380560396285
"chr1:118459707:118459815:118453185:118466995:SE","SE","ENSMUSG00000064302","Clasp1","chr1","+",118459707,118459815,108,"Regular (>50bp)",0.2,3.42019957341774e-06
"chr1:118463864:118463927:118453185:118466995:SE","SE","ENSMUSG00000064302","Clasp1","chr1","+",118463864,118463927,63,"Regular (>50bp)",0.155,0.00698114473783677
"chr1:118463864:118463927:118459815:118466995:SE","SE","ENSMUSG00000064302","Clasp1","chr1","+",118463864,118463927,63,"Regular (>50bp)",0.197,0.0013120994422599
"chr9:113687648:113687672:113683414:113691253:SE","SE","ENSMUSG00000033392","Clasp2","chr9","+",113687648,113687672,24,"Microexon (0-30bp)",0.252,1.26060491336164e-07
"chr8:61428765:61428941:61394448:61435809:SE","SE","ENSMUSG00000004319","Clcn3","chr8","-",61428765,61428941,176,"Regular (>50bp)",-0.103,0.00322273111668182
"chr5:5564231:5564376:5563251:5564627:SE","SE","ENSMUSG00000046798","Cldn12","chr5","-",5564231,5564376,145,"Regular (>50bp)",0.112,5.6780257952858e-05
"chr5:123773236:123773341:123769232:123778556:SE","SE","ENSMUSG00000049550","Clip1","chr5","-",123773236,123773341,105,"Regular (>50bp)",0.128,0.0466611028216607
"chr11:51158991:51159058:51154096:51161363:SE","SE","ENSMUSG00000020385","Clk4","chr11","+",51158991,51159058,67,"Regular (>50bp)",-0.322,0.00486314751970413
"chr11:51158991:51159058:51158158:51161363:SE","SE","ENSMUSG00000020385","Clk4","chr11","+",51158991,51159058,67,"Regular (>50bp)",-0.113,0.0252500935304721
"chr11:51161363:51161422:51158158:51162626:SE","SE","ENSMUSG00000020385","Clk4","chr11","+",51161363,51161422,59,"Regular (>50bp)",0.138,1.96680001714449e-06
"chr10:116342945:116343093:116340019:116363731:SE","SE","ENSMUSG00000020166","Cnot2","chr10","-",116342945,116343093,148,"Regular (>50bp)",-0.146,0.00404923577228385
"chr10:116342945:116343093:116340019:116384937:SE","SE","ENSMUSG00000020166","Cnot2","chr10","-",116342945,116343093,148,"Regular (>50bp)",-0.176,5.07816002564625e-05
"chr10:116353221:116353288:116337222:116417357:SE","SE","ENSMUSG00000020166","Cnot2","chr10","-",116353221,116353288,67,"Regular (>50bp)",-0.219,5.00565407746177e-05
"chr10:116363731:116363854:116337222:116417357:SE","SE","ENSMUSG00000020166","Cnot2","chr10","-",116363731,116363854,123,"Regular (>50bp)",-0.465,1.09345910391415e-05
"chr10:116363731:116363854:116343093:116417357:SE","SE","ENSMUSG00000020166","Cnot2","chr10","-",116363731,116363854,123,"Regular (>50bp)",-0.112,0.0100692978462117
"chr2:35006683:35006814:35003466:35008066:SE","SE","ENSMUSG00000057110","Cntrl","chr2","+",35006683,35006814,131,"Regular (>50bp)",0.138,0.000224263100155005
"chr17:34264744:34264822:34263984:34268592:SE","SE","ENSMUSG00000024330","Col11a2","chr17","+",34264744,34264822,78,"Regular (>50bp)",0.215,0.00102158121601864
"chr17:34266071:34266251:34263984:34268592:SE","SE","ENSMUSG00000024330","Col11a2","chr17","+",34266071,34266251,180,"Regular (>50bp)",0.419,0.00174814917999036
"chr17:34266071:34266251:34264822:34268592:SE","SE","ENSMUSG00000024330","Col11a2","chr17","+",34266071,34266251,180,"Regular (>50bp)",0.376,0.0320156405195758
"chr8:11254535:11254552:11253008:11256225:SE","SE","ENSMUSG00000031502","Col4a1","chr8","-",11254535,11254552,17,"Microexon (0-30bp)",0.116,0.029292636882421
"chr1:159147317:159147410:159136534:159152486:SE","SE","ENSMUSG00000040782","Cop1","chr1","+",159147317,159147410,93,"Regular (>50bp)",-0.103,0.00640323077445409
"chr5:139324936:139325140:139324130:139325219:SE","SE","ENSMUSG00000045438","Cox19","chr5","-",139324936,139325140,204,"Regular (>50bp)",-0.201,0.00267618481955599
"chr11:31868800:31868824:31839939:31870408:SE","SE","ENSMUSG00000020300","Cpeb4","chr11","+",31868800,31868824,24,"Microexon (0-30bp)",0.103,1.13081564246697e-05
"chr11:31868800:31868824:31858875:31870408:SE","SE","ENSMUSG00000020300","Cpeb4","chr11","+",31868800,31868824,24,"Microexon (0-30bp)",0.164,3.91008884983753e-05
"chr2:30303871:30304008:30303258:30305206:SE","SE","ENSMUSG00000026853","Crat","chr2","-",30303871,30304008,137,"Regular (>50bp)",0.102,0.0297295277805289
"chr15:102086961:102087051:102086221:102087215:SE","SE","ENSMUSG00000023044","Csad","chr15","-",102086961,102087051,90,"Regular (>50bp)",-0.112,0.00536438412659678
"chrX:132973163:132973223:132970656:132973884:SE","SE","ENSMUSG00000031256","Cstf2","chrX","+",132973163,132973223,60,"Regular (>50bp)",0.19,4.26278819386534e-10
"chrX:132973163:132973223:132970656:132973962:SE","SE","ENSMUSG00000031256","Cstf2","chrX","+",132973163,132973223,60,"Regular (>50bp)",0.12,2.35174732283403e-05
"chr7:144005763:144005874:144003352:144010177:SE","SE","ENSMUSG00000031078","Cttn","chr7","-",144005763,144005874,111,"Regular (>50bp)",-0.138,0.0446547946410203
"chr17:32766439:32766491:32765733:32769226:SE","SE","ENSMUSG00000048440","Cyp4f16","chr17","+",32766439,32766491,52,"Regular (>50bp)",-0.108,6.77384982015622e-09
"chr15:63829433:63829516:63828531:63869746:SE","SE","ENSMUSG00000022378","Cyrib","chr15","-",63829433,63829516,83,"Regular (>50bp)",0.128,0.0123131385382555
"chr2:116734522:116734703:116730812:116741201:SE","SE","ENSMUSG00000085316","D330050G23Rik","chr2","+",116734522,116734703,181,"Regular (>50bp)",0.263,0.00508244723641251
"chr9:108120087:108120222:108095609:108140823:SE","SE","ENSMUSG00000039952","Dag1","chr9","-",108120087,108120222,135,"Regular (>50bp)",0.104,0.032972071047514
"chr3:88840871:88840973:88836833:88850081:SE","SE","ENSMUSG00000068921","Dap3","chr3","-",88840871,88840973,102,"Regular (>50bp)",-0.144,0.0086681768154988
"chr3:86695928:86695941:86694719:86696618:SE","SE","ENSMUSG00000028078","Dclk2","chr3","-",86695928,86695941,13,"Microexon (0-30bp)",0.13,0.0357757878867097
"chr3:86695928:86695941:86694719:86699301:SE","SE","ENSMUSG00000028078","Dclk2","chr3","-",86695928,86695941,13,"Microexon (0-30bp)",0.107,9.02838700735828e-07
"chr3:86738130:86738178:86732037:86739039:SE","SE","ENSMUSG00000028078","Dclk2","chr3","-",86738130,86738178,48,"Small (30-50bp)",0.136,1.01172471836732e-07
"chr2:3437474:3437530:3434843:3438025:SE","SE","ENSMUSG00000026648","Dclre1c","chr2","+",3437474,3437530,56,"Regular (>50bp)",-0.209,0.0215218625852119
"chr2:3437474:3437530:3434843:3438066:SE","SE","ENSMUSG00000026648","Dclre1c","chr2","+",3437474,3437530,56,"Regular (>50bp)",-0.201,0.0205337653677248
"chr6:83160917:83160938:83160315:83166058:SE","SE","ENSMUSG00000031865","Dctn1","chr6","+",83160917,83160938,21,"Microexon (0-30bp)",0.262,0
"chr6:83164745:83164766:83160938:83166058:SE","SE","ENSMUSG00000031865","Dctn1","chr6","+",83164745,83164766,21,"Microexon (0-30bp)",-0.137,2.3696378192652e-05
"chr18:60678428:60678449:60677218:60678819:SE","SE","ENSMUSG00000024603","Dctn4","chr18","+",60678428,60678449,21,"Microexon (0-30bp)",0.164,2.36488905850054e-07
"chr3:35973149:35973318:35952024:35986933:SE","SE","ENSMUSG00000027708","Dcun1d1","chr3","-",35973149,35973318,169,"Regular (>50bp)",-0.117,0.00403504486996008
"chr14:45860297:45860399:45858297:45866310:SE","SE","ENSMUSG00000037697","Ddhd1","chr14","-",45860297,45860399,102,"Regular (>50bp)",0.134,0.00534608001040081
"chr14:45860297:45860399:45858297:45867036:SE","SE","ENSMUSG00000037697","Ddhd1","chr14","-",45860297,45860399,102,"Regular (>50bp)",0.208,1.51614692199789e-08
"chr14:45866310:45866331:45858297:45867036:SE","SE","ENSMUSG00000037697","Ddhd1","chr14","-",45866310,45866331,21,"Microexon (0-30bp)",0.202,1.72061376212635e-05
"chr7:140904354:140904529:140904092:140907191:SE","SE","ENSMUSG00000058886","Deaf1","chr7","-",140904354,140904529,175,"Regular (>50bp)",-0.207,1.8567258562636e-05
"chr1:171158801:171158853:171157094:171165819:SE","SE","ENSMUSG00000013973","Dedd","chr1","+",171158801,171158853,52,"Regular (>50bp)",0.223,8.27328736591769e-09
"chr1:171158820:171158853:171157094:171165819:SE","SE","ENSMUSG00000013973","Dedd","chr1","+",171158820,171158853,33,"Small (30-50bp)",0.174,0
"chr1:171158820:171158853:171157260:171165819:SE","SE","ENSMUSG00000013973","Dedd","chr1","+",171158820,171158853,33,"Small (30-50bp)",0.109,9.41268011599817e-09
"chr1:138950842:138950886:138893968:138967737:SE","SE","ENSMUSG00000056268","Dennd1b","chr1","+",138950842,138950886,44,"Small (30-50bp)",0.187,0.00111649201585084
"chr5:33021353:33021656:33021087:33021920:SE","SE","ENSMUSG00000037426","Depdc5","chr5","+",33021353,33021656,303,"Regular (>50bp)",0.13,7.71814477123387e-06
"chr5:33021501:33021656:33021087:33021920:SE","SE","ENSMUSG00000037426","Depdc5","chr5","+",33021501,33021656,155,"Regular (>50bp)",0.134,1.13455362352412e-05
"chr6:83457824:83457924:83457418:83458328:SE","SE","ENSMUSG00000014554","Dguok","chr6","-",83457824,83457924,100,"Regular (>50bp)",-0.111,5.21162027294763e-05
"chr10:76107209:76107239:76106291:76108366:SE","SE","ENSMUSG00000020231","Dip2a","chr10","-",76107209,76107239,30,"Microexon (0-30bp)",0.168,0.000735208041510314
"chr14:61861881:61861931:61841255:61862668:SE","SE","ENSMUSG00000097589","Dleu2","chr14","-",61861881,61861931,50,"Small (30-50bp)",-0.164,0.0427466608636049
"chr16:31673470:31673506:31672702:31675258:SE","SE","ENSMUSG00000022770","Dlg1","chr16","+",31673470,31673506,36,"Small (30-50bp)",0.139,8.81268485011539e-07
"chr16:31673485:31673506:31666487:31675258:SE","SE","ENSMUSG00000022770","Dlg1","chr16","+",31673485,31673506,21,"Microexon (0-30bp)",-0.104,0.0218207418493108
"chr14:24252365:24252434:24243022:24295214:SE","SE","ENSMUSG00000021782","Dlg5","chr14","-",24252365,24252434,69,"Regular (>50bp)",0.159,0.00869172600910798
"chr7:25320848:25320937:25320517:25321397:SE","SE","ENSMUSG00000057229","Dmac2","chr7","+",25320848,25320937,89,"Regular (>50bp)",-0.203,0.00698114473783677
"chr12:69772228:69772328:69771788:69784724:SE","SE","ENSMUSG00000054894","Dmac2l","chr12","+",69772228,69772328,100,"Regular (>50bp)",0.126,0.0190657268400384
"chr7:18821418:18821625:18821258:18821925:SE","SE","ENSMUSG00000030409","Dmpk","chr7","+",18821418,18821625,207,"Regular (>50bp)",-0.109,2.02220019005814e-08
"chr14:70842736:70842802:70842488:70842980:SE","SE","ENSMUSG00000022099","Dmtn","chr14","-",70842736,70842802,66,"Regular (>50bp)",-0.117,0.0239082351189277
"chr15:79649987:79650054:79649222:79658559:SE","SE","ENSMUSG00000022420","Dnal4","chr15","-",79649987,79650054,67,"Regular (>50bp)",0.119,0.023789401793687
"chr2:32200462:32200499:32200039:32202138:SE","SE","ENSMUSG00000026825","Dnm1","chr2","-",32200462,32200499,37,"Small (30-50bp)",-0.104,0.0269272889583834
"chr9:21401953:21401965:21401090:21405799:SE","SE","ENSMUSG00000033335","Dnm2","chr9","+",21401953,21401965,12,"Microexon (0-30bp)",0.118,0.000947054302203747
"chr2:153526278:153526397:153520476:153528177:SE","SE","ENSMUSG00000027478","Dnmt3b","chr2","+",153526278,153526397,119,"Regular (>50bp)",-0.127,0.000221331893572252
"chr12:40844595:40844622:40840160:40844766:SE","SE","ENSMUSG00000035954","Dock4","chr12","+",40844595,40844622,27,"Microexon (0-30bp)",0.164,0
"chr14:121797336:121797372:121796545:121798001:SE","SE","ENSMUSG00000025558","Dock9","chr14","-",121797336,121797372,36,"Small (30-50bp)",0.19,0.0101146356328822
"chr9:86388923:86388953:86388572:86389556:SE","SE","ENSMUSG00000034973","Dop1a","chr9","+",86388923,86388953,30,"Microexon (0-30bp)",0.195,0.042844740993165
"chr12:3824569:3824610:3823640:3829618:SE","SE","ENSMUSG00000071454","Dtnb","chr12","+",3824569,3824610,41,"Small (30-50bp)",-0.187,3.98457234897981e-05
"chr2:80451537:80452144:80447628:80454669:SE","SE","ENSMUSG00000027001","Dusp19","chr2","+",80451537,80452144,607,"Regular (>50bp)",0.124,0.015593042477189
"chr14:25980743:25980945:25980098:25983911:SE","SE","ENSMUSG00000048502","Duxbl1","chr14","+",25980743,25980945,202,"Regular (>50bp)",-0.284,0.00170286026563699
"chr2:71063992:71064052:71059034:71066258:SE","SE","ENSMUSG00000027012","Dync1i2","chr2","+",71063992,71064052,60,"Regular (>50bp)",0.172,0
"chr8:105147916:105148035:105147306:105148918:SE","SE","ENSMUSG00000035770","Dync1li2","chr8","-",105147916,105148035,119,"Regular (>50bp)",-0.276,0.000769181720464315
"chr6:126869046:126869183:126868736:126871639:SE","SE","ENSMUSG00000030345","Dyrk4","chr6","-",126869046,126869183,137,"Regular (>50bp)",0.111,0.000118976248211211
"chr14:119161308:119161507:119160579:119161836:SE","SE","ENSMUSG00000042156","Dzip1","chr14","-",119161308,119161507,199,"Regular (>50bp)",-0.149,0.00537855963073971
"chr10:39498898:39499087:39498723:39508945:SE","SE","ENSMUSG00000087177","E130307A14Rik","chr10","-",39498898,39499087,189,"Regular (>50bp)",-0.235,0.00396721263333828
"chr10:39508945:39509012:39499087:39557468:SE","SE","ENSMUSG00000087177","E130307A14Rik","chr10","-",39508945,39509012,67,"Regular (>50bp)",-0.183,0.0404283960928313
"chr10:39516271:39516507:39498723:39607733:SE","SE","ENSMUSG00000087177","E130307A14Rik","chr10","-",39516271,39516507,236,"Regular (>50bp)",-0.128,0.0159843432782325
"chr10:39521551:39521804:39516507:39530517:SE","SE","ENSMUSG00000087177","E130307A14Rik","chr10","-",39521551,39521804,253,"Regular (>50bp)",-0.324,0.000392061214348815
"chr10:39521551:39521804:39516507:39557468:SE","SE","ENSMUSG00000087177","E130307A14Rik","chr10","-",39521551,39521804,253,"Regular (>50bp)",-0.226,0.00240590744543024
"chr10:39530517:39530684:39521804:39557468:SE","SE","ENSMUSG00000087177","E130307A14Rik","chr10","-",39530517,39530684,167,"Regular (>50bp)",-0.217,0.00875105263647079
"chr7:29656384:29656459:29653381:29660317:SE","SE","ENSMUSG00000121374","ENSMUSG00000121374","chr7","+",29656384,29656459,75,"Regular (>50bp)",-0.171,0.0038321614029679
"chr7:39120820:39120930:39116858:39122285:SE","SE","ENSMUSG00000121502","ENSMUSG00000121502","chr7","+",39120820,39120930,110,"Regular (>50bp)",0.373,3.3499803481681e-06
"chr7:42870265:42870525:42863571:42872998:SE","SE","ENSMUSG00000074887","EU599041","chr7","+",42870265,42870525,260,"Regular (>50bp)",-0.139,0.000806405267909375
"chr16:36630833:36630970:36628522:36645019:SE","SE","ENSMUSG00000022838","Eaf2","chr16","-",36630833,36630970,137,"Regular (>50bp)",-0.184,0.012521616887176
"chr16:36645019:36645114:36630970:36648412:SE","SE","ENSMUSG00000022838","Eaf2","chr16","-",36645019,36645114,95,"Regular (>50bp)",-0.257,0.000513778543465898
"chr1:151688504:151688519:151687455:151694060:SE","SE","ENSMUSG00000043019","Edem3","chr1","+",151688504,151688519,15,"Microexon (0-30bp)",0.115,0.00404923577228385
"chr1:151688504:151688552:151687455:151694060:SE","SE","ENSMUSG00000043019","Edem3","chr1","+",151688504,151688552,48,"Small (30-50bp)",0.105,0.000635778430255848
"chr7:132433088:132433305:132429611:132438828:SE","SE","ENSMUSG00000030960","Eef1akmt2","chr7","-",132433088,132433305,217,"Regular (>50bp)",-0.111,0.00020546106696315
"chr15:75774527:75775667:75773101:75781093:SE","SE","ENSMUSG00000055762","Eef1d","chr15","-",75774527,75775667,1140,"Regular (>50bp)",0.157,1.63027543563202e-06
"chr15:75774527:75775667:75773104:75781093:SE","SE","ENSMUSG00000055762","Eef1d","chr15","-",75774527,75775667,1140,"Regular (>50bp)",0.128,7.8969694359759e-10
"chr11:77063130:77063287:77042799:77079541:SE","SE","ENSMUSG00000050944","Efcab5","chr11","-",77063130,77063287,157,"Regular (>50bp)",0.541,3.71457112083881e-06
"chr11:3183987:3184059:3180101:3184461:SE","SE","ENSMUSG00000020454","Eif4enif1","chr11","+",3183987,3184059,72,"Regular (>50bp)",0.102,0.00398410740864226
"chr16:20493535:20493556:20493064:20494093:SE","SE","ENSMUSG00000045983","Eif4g1","chr16","+",20493535,20493556,21,"Microexon (0-30bp)",0.166,1.83302648422216e-13
"chr4:137811567:137811681:137810299:137823219:SE","SE","ENSMUSG00000028760","Eif4g3","chr4","+",137811567,137811681,114,"Regular (>50bp)",-0.183,0.0311196585059158
"chr4:110112615:110112702:110108718:110143666:SE","SE","ENSMUSG00000028546","Elavl4","chr4","-",110112615,110112702,87,"Regular (>50bp)",-0.208,1.34079673279972e-06
"chr8:121387232:121387409:121386756:121387522:SE","SE","ENSMUSG00000031819","Emc8","chr8","-",121387232,121387409,177,"Regular (>50bp)",-0.243,2.37073992252985e-05
"chr17:83732686:83732860:83729164:83734651:SE","SE","ENSMUSG00000032624","Eml4","chr17","+",83732686,83732860,174,"Regular (>50bp)",0.105,0.00335952453844866
"chr17:83732686:83732860:83729164:83735428:SE","SE","ENSMUSG00000032624","Eml4","chr17","+",83732686,83732860,174,"Regular (>50bp)",0.239,7.77367782715381e-09
"chr17:83734651:83734780:83729164:83735428:SE","SE","ENSMUSG00000032624","Eml4","chr17","+",83734651,83734780,129,"Regular (>50bp)",0.17,4.0523453940791e-06
"chr19:58935083:58935274:58934094:58941568:SE","SE","ENSMUSG00000048029","Eno4","chr19","+",58935083,58935274,191,"Regular (>50bp)",-0.211,0.000835981114338567
"chr19:58952809:58953005:58951339:58956933:SE","SE","ENSMUSG00000048029","Eno4","chr19","+",58952809,58953005,196,"Regular (>50bp)",-0.115,0.0020738325268988
"chr19:58952870:58953005:58951339:58956933:SE","SE","ENSMUSG00000048029","Eno4","chr19","+",58952870,58953005,135,"Regular (>50bp)",-0.226,0.00456552838661961
"chr5:110848387:110848630:110846782:110849486:SE","SE","ENSMUSG00000029505","Ep400","chr5","-",110848387,110848630,243,"Regular (>50bp)",0.188,1.51485169599794e-07
"chr2:156366800:156367208:156356130:156368808:SE","SE","ENSMUSG00000027624","Epb41l1","chr2","+",156366800,156367208,408,"Regular (>50bp)",0.112,9.1430477646744e-13
"chr17:69581095:69581161:69577659:69581698:SE","SE","ENSMUSG00000024044","Epb41l3","chr17","+",69581095,69581161,66,"Regular (>50bp)",0.159,6.98022358218519e-05
"chr17:69590879:69591002:69581890:69591533:SE","SE","ENSMUSG00000024044","Epb41l3","chr17","+",69590879,69591002,123,"Regular (>50bp)",0.204,0
"chr11:61425403:61425439:61424507:61426096:SE","SE","ENSMUSG00000001036","Epn2","chr11","-",61425403,61425439,36,"Small (30-50bp)",0.122,7.70019309919651e-05
"chr11:61444335:61444405:61438868:61456647:SE","SE","ENSMUSG00000001036","Epn2","chr11","-",61444335,61444405,70,"Regular (>50bp)",-0.119,0.00167767497948593
"chr13:103966695:103966839:103964531:103970005:SE","SE","ENSMUSG00000021709","Erbin","chr13","-",103966695,103966839,144,"Regular (>50bp)",-0.157,3.67696787739001e-08
"chr13:104022648:104022846:104005406:104056753:SE","SE","ENSMUSG00000021709","Erbin","chr13","-",104022648,104022846,198,"Regular (>50bp)",-0.455,5.1330431071284e-06
"chr6:119595806:119595873:119571934:119597271:SE","SE","ENSMUSG00000030172","Erc1","chr6","-",119595806,119595873,67,"Regular (>50bp)",0.128,2.15437648629046e-05
"chr6:119711041:119711053:119699269:119720248:SE","SE","ENSMUSG00000030172","Erc1","chr6","-",119711041,119711053,12,"Microexon (0-30bp)",0.163,2.75166287953894e-05
"chr17:26873800:26873927:26871784:26874040:SE","SE","ENSMUSG00000001576","Ergic1","chr17","+",26873800,26873927,127,"Regular (>50bp)",-0.156,9.56667335520824e-06
"chr6:148092416:148092521:148091082:148096692:SE","SE","ENSMUSG00000030304","Ergic2","chr6","-",148092416,148092521,105,"Regular (>50bp)",-0.109,0.00549010424682853
"chr2:155857296:155857311:155853326:155857908:SE","SE","ENSMUSG00000005881","Ergic3","chr2","+",155857296,155857311,15,"Microexon (0-30bp)",0.169,0
"chr18:10593745:10595875:10588550:10596338:SE","SE","ENSMUSG00000024293","Esco1","chr18","-",10593745,10595875,2130,"Regular (>50bp)",-0.102,5.36401155092723e-06
"chr18:10595675:10595875:10588550:10596338:SE","SE","ENSMUSG00000024293","Esco1","chr18","-",10595675,10595875,200,"Regular (>50bp)",-0.129,6.10806624409645e-06
"chr6:149044103:149044213:149043202:149045531:SE","SE","ENSMUSG00000039958","Etfbkmt","chr6","+",149044103,149044213,110,"Regular (>50bp)",0.132,0.0297029557121197
"chr11:5041459:5041477:5038146:5041858:SE","SE","ENSMUSG00000009079","Ewsr1","chr11","-",5041459,5041477,18,"Microexon (0-30bp)",0.222,0
"chr5:76688593:76688614:76685704:76689897:SE","SE","ENSMUSG00000036435","Exoc1","chr5","+",76688593,76688614,21,"Microexon (0-30bp)",0.252,1.58910376195037e-06
"chr11:116184100:116184139:116183410:116184797:SE","SE","ENSMUSG00000020792","Exoc7","chr11","-",116184100,116184139,39,"Small (30-50bp)",0.169,2.46650849294221e-07
"chr11:116188396:116188489:116186515:116191091:SE","SE","ENSMUSG00000020792","Exoc7","chr11","-",116188396,116188489,93,"Regular (>50bp)",0.21,2.59888001530519e-13
"chr9:119274352:119274387:119274216:119276014:SE","SE","ENSMUSG00000042787","Exog","chr9","+",119274352,119274387,35,"Small (30-50bp)",-0.15,0.00871617407300527
"chr4:132384888:132384927:132384099:132389205:SE","SE","ENSMUSG00000028886","Eya3","chr4","+",132384888,132384927,39,"Small (30-50bp)",0.204,1.83302648422216e-13
"chr9:98872967:98873024:98868565:98874153:SE","SE","ENSMUSG00000032463","Faim","chr9","+",98872967,98873024,57,"Regular (>50bp)",0.182,4.91114595799159e-12
"chr13:92610470:92610636:92604670:92614335:SE","SE","ENSMUSG00000034334","Fam151b","chr13","-",92610470,92610636,166,"Regular (>50bp)",-0.369,0.00115796740267725
"chr11:22971493:22971661:22971133:22978855:SE","SE","ENSMUSG00000049811","Fam161a","chr11","+",22971493,22971661,168,"Regular (>50bp)",0.129,0.000264057140798722
"chr7:100467942:100467969:100462207:100473338:SE","SE","ENSMUSG00000029461","Fam168a","chr7","+",100467942,100467969,27,"Microexon (0-30bp)",-0.191,1.19363993167714e-06
"chr13:55712332:55712393:55704038:55718587:SE","SE","ENSMUSG00000021495","Fam193b","chr13","-",55712332,55712393,61,"Regular (>50bp)",-0.11,0.0136010293468498
"chr19:60208761:60208792:60208571:60214663:SE","SE","ENSMUSG00000057858","Fam204a","chr19","-",60208761,60208792,31,"Small (30-50bp)",-0.194,5.54044420961763e-11
"chr19:60208761:60208792:60208571:60214741:SE","SE","ENSMUSG00000057858","Fam204a","chr19","-",60208761,60208792,31,"Small (30-50bp)",-0.138,0.0249443254739075
"chr19:60208921:60209009:60208792:60214663:SE","SE","ENSMUSG00000057858","Fam204a","chr19","-",60208921,60209009,88,"Regular (>50bp)",-0.117,1.35232510858353e-05
"chr19:60208921:60209009:60208792:60214741:SE","SE","ENSMUSG00000057858","Fam204a","chr19","-",60208921,60209009,88,"Regular (>50bp)",-0.162,6.66999981402294e-06
"chr19:60209485:60209736:60208571:60214663:SE","SE","ENSMUSG00000057858","Fam204a","chr19","-",60209485,60209736,251,"Regular (>50bp)",-0.134,3.36818616475668e-12
"chr19:60209485:60209736:60208792:60214663:SE","SE","ENSMUSG00000057858","Fam204a","chr19","-",60209485,60209736,251,"Regular (>50bp)",-0.116,3.74688633235429e-05
"chr3:127681603:127681634:127664649:127689682:SE","SE","ENSMUSG00000050549","Fam241a","chr3","-",127681603,127681634,31,"Small (30-50bp)",0.154,0.000166478503906857
"chr13:63508009:63508074:63495398:63545896:SE","SE","ENSMUSG00000021461","Fancc","chr13","-",63508009,63508074,65,"Regular (>50bp)",-0.193,0.00334844557462196
"chr17:28542544:28542639:28539830:28545125:SE","SE","ENSMUSG00000007570","Fance","chr17","+",28542544,28542639,95,"Regular (>50bp)",-0.124,0.0327006117687034
"chr8:45498769:45498822:45498205:45502878:SE","SE","ENSMUSG00000070047","Fat1","chr8","+",45498769,45498822,53,"Regular (>50bp)",0.239,0.0120987580619089
"chr8:45500686:45500746:45498205:45502878:SE","SE","ENSMUSG00000070047","Fat1","chr8","+",45500686,45500746,60,"Regular (>50bp)",0.288,0.0203667767943438
"chr8:45500686:45500746:45498822:45502878:SE","SE","ENSMUSG00000070047","Fat1","chr8","+",45500686,45500746,60,"Regular (>50bp)",0.236,0.000723374244043817
"chr5:110563895:110563931:110543940:110580766:SE","SE","ENSMUSG00000043323","Fbrsl1","chr5","-",110563895,110563931,36,"Small (30-50bp)",-0.145,0.00404923577228385
"chr5:110565708:110565813:110543940:110580766:SE","SE","ENSMUSG00000043323","Fbrsl1","chr5","-",110565708,110565813,105,"Regular (>50bp)",-0.127,0.0233842041949229
"chr4:148240851:148240947:148240738:148241065:SE","SE","ENSMUSG00000029001","Fbxo44","chr4","-",148240851,148240947,96,"Regular (>50bp)",-0.149,9.97834579262941e-05
"chr11:62750665:62750866:62748621:62753455:SE","SE","ENSMUSG00000090173","Fbxw10","chr11","+",62750665,62750866,201,"Regular (>50bp)",0.187,0.0086626989299094
"chr7:100895508:100895580:100893423:100899651:SE","SE","ENSMUSG00000030691","Fchsd2","chr7","+",100895508,100895580,72,"Regular (>50bp)",0.12,0.001016274231496
"chr2:132781201:132781435:132778082:132783856:SE","SE","ENSMUSG00000027356","Fermt1","chr2","-",132781201,132781435,234,"Regular (>50bp)",0.278,0.00112436588777282
"chr16:22747824:22748059:22739245:22748382:SE","SE","ENSMUSG00000022871","Fetub","chr16","+",22747824,22748059,235,"Regular (>50bp)",-0.102,0.000884537230798935
"chrX:49697354:49697481:49695039:49697563:SE","SE","ENSMUSG00000085396","Firre","chrX","-",49697354,49697481,127,"Regular (>50bp)",-0.547,0.000206097439282431
"chr6:29452797:29452896:29452379:29453197:SE","SE","ENSMUSG00000068699","Flnc","chr6","+",29452797,29452896,99,"Regular (>50bp)",0.118,0.000460919086951993
"chr2:53018728:53018854:53016988:53021851:SE","SE","ENSMUSG00000036053","Fmnl2","chr2","+",53018728,53018854,126,"Regular (>50bp)",-0.231,1.47698056988194e-05
"chr15:99226974:99227057:99226047:99227160:SE","SE","ENSMUSG00000023008","Fmnl3","chr15","-",99226974,99227057,83,"Regular (>50bp)",-0.157,0.00281721077343178
"chr11:121187739:121187915:121181716:121197593:SE","SE","ENSMUSG00000039275","Foxk2","chr11","+",121187739,121187915,176,"Regular (>50bp)",-0.253,0.000327331485137548
"chr7:30746797:30746827:30744452:30750780:SE","SE","ENSMUSG00000036578","Fxyd7","chr7","-",30746797,30746827,30,"Microexon (0-30bp)",0.198,0.000914872697111681
"chr5:92211195:92211294:92205929:92212183:SE","SE","ENSMUSG00000029405","G3bp2","chr5","-",92211195,92211294,99,"Regular (>50bp)",0.121,2.84857067591192e-07
"chr17:37360544:37360689:37359498:37361890:SE","SE","ENSMUSG00000024462","Gabbr1","chr17","+",37360544,37360689,145,"Regular (>50bp)",0.359,5.08214924689418e-11
"chr2:125712245:125712381:125708288:125720197:SE","SE","ENSMUSG00000027207","Galk2","chr2","+",125712245,125712381,136,"Regular (>50bp)",0.194,0.0156035339710719
"chr14:31765045:31765250:31751988:31768253:SE","SE","ENSMUSG00000021903","Galnt15","chr14","+",31765045,31765250,205,"Regular (>50bp)",-0.171,0.00382594075526214
"chr2:120274618:120274720:120272081:120276779:SE","SE","ENSMUSG00000062646","Ganc","chr2","+",120274618,120274720,102,"Regular (>50bp)",-0.13,0.00167682594581168
"chr2:34612949:34613030:34610740:34615054:SE","SE","ENSMUSG00000026867","Gapvd1","chr2","-",34612949,34613030,81,"Regular (>50bp)",0.177,1.75910250494988e-07
"chr7:51581111:51581174:51576292:51586301:SE","SE","ENSMUSG00000030498","Gas2","chr7","+",51581111,51581174,63,"Regular (>50bp)",0.143,4.33174365248858e-05
"chr8:70364813:70364888:70364519:70365572:SE","SE","ENSMUSG00000036180","Gatad2a","chr8","-",70364813,70364888,75,"Regular (>50bp)",0.199,0
"chr9:76104309:76104640:76100735:76106215:SE","SE","ENSMUSG00000059383","Gfral","chr9","-",76104309,76104640,331,"Regular (>50bp)",-0.195,0.0281298095176651
"chr1:87301718:87301833:87282208:87331388:SE","SE","ENSMUSG00000048000","Gigyf2","chr1","+",87301718,87301833,115,"Regular (>50bp)",0.202,0.0251771867460651
"chr7:18894519:18894679:18893759:18896473:SE","SE","ENSMUSG00000030406","Gipr","chr7","-",18894519,18894679,160,"Regular (>50bp)",-0.159,0.000411669106957379
"chr5:114881791:114881941:114877342:114883489:SE","SE","ENSMUSG00000041890","Git2","chr5","-",114881791,114881941,150,"Regular (>50bp)",-0.106,0.0251831512160118
"chr16:91505665:91505778:91486168:91510939:SE","SE","ENSMUSG00000085169","Gm10785","chr16","+",91505665,91505778,113,"Regular (>50bp)",-0.242,0.00148250010273968
"chr8:75560078:75560151:75555048:75560479:SE","SE","ENSMUSG00000079011","Gm11033","chr8","-",75560078,75560151,73,"Regular (>50bp)",0.222,0.0321221891972023
"chr2:164601148:164601260:164596224:164609632:SE","SE","ENSMUSG00000086453","Gm11457","chr2","-",164601148,164601260,112,"Regular (>50bp)",0.172,0.0144473357528274
"chr2:164604463:164604528:164601260:164609632:SE","SE","ENSMUSG00000086453","Gm11457","chr2","-",164604463,164604528,65,"Regular (>50bp)",0.37,0.0305499535261416
"chr2:164604640:164604801:164604528:164609632:SE","SE","ENSMUSG00000086453","Gm11457","chr2","-",164604640,164604801,161,"Regular (>50bp)",-0.429,0.0306733575254748
"chr4:89255914:89256050:89214841:89268569:SE","SE","ENSMUSG00000086035","Gm12610","chr4","+",89255914,89256050,136,"Regular (>50bp)",0.324,0.00660565594357833
"chr4:89255914:89256050:89214841:89288010:SE","SE","ENSMUSG00000086035","Gm12610","chr4","+",89255914,89256050,136,"Regular (>50bp)",0.259,8.27328736591769e-09
"chr4:89274945:89274997:89214947:89288010:SE","SE","ENSMUSG00000086035","Gm12610","chr4","+",89274945,89274997,52,"Regular (>50bp)",0.129,0.000308156712682891
"chr4:89340867:89340979:89288109:89402250:SE","SE","ENSMUSG00000086035","Gm12610","chr4","+",89340867,89340979,112,"Regular (>50bp)",0.164,0.00214985522449564
"chr2:30549811:30549897:30549001:30559844:SE","SE","ENSMUSG00000087268","Gm14486","chr2","-",30549811,30549897,86,"Regular (>50bp)",0.244,0.00172506049196521
"chr7:44640800:44640905:44636794:44641446:SE","SE","ENSMUSG00000087138","Gm15545","chr7","+",44640800,44640905,105,"Regular (>50bp)",-0.113,0.000556773037817526
"chr16:35802094:35802165:35787890:35803421:SE","SE","ENSMUSG00000086324","Gm15564","chr16","-",35802094,35802165,71,"Regular (>50bp)",0.429,0.000134731150745085
"chr14:119343557:119343726:119338576:119347030:SE","SE","ENSMUSG00000087479","Gm16835","chr14","+",119343557,119343726,169,"Regular (>50bp)",-0.382,9.29700907370769e-05
"chr12:110444793:110445057:110443435:110450469:SE","SE","ENSMUSG00000113585","Gm19605","chr12","-",110444793,110445057,264,"Regular (>50bp)",0.349,0.000271108393066682
"chr14:19620388:19620523:19619656:19630274:SE","SE","ENSMUSG00000093979","Gm2237","chr14","-",19620388,19620523,135,"Regular (>50bp)",0.173,0.00327938638826421
"chr15:92258919:92259046:92242464:92264059:SE","SE","ENSMUSG00000097068","Gm26760","chr15","+",92258919,92259046,127,"Regular (>50bp)",-0.166,0.001511930362008
"chr15:92258919:92259046:92242464:92265055:SE","SE","ENSMUSG00000097068","Gm26760","chr15","+",92258919,92259046,127,"Regular (>50bp)",-0.168,3.3470602441056e-05
"chr5:7768000:7768090:7730281:7768669:SE","SE","ENSMUSG00000105068","Gm30835","chr5","-",7768000,7768090,90,"Regular (>50bp)",0.158,0.000250968645773305
"chr3:152413486:152413934:152408421:152415071:SE","SE","ENSMUSG00000119993","Gm32085","chr3","+",152413486,152413934,448,"Regular (>50bp)",0.107,0.000152305644525748
"chr3:152413486:152413934:152408409:152415071:SE","SE","ENSMUSG00000119993","Gm32085","chr3","+",152413486,152413934,448,"Regular (>50bp)",0.388,0.0280678457845143
"chr8:129993965:129994180:129990205:129995262:SE","SE","ENSMUSG00000110605","Gm32856","chr8","+",129993965,129994180,215,"Regular (>50bp)",-0.253,0.0262514941996564
"chr8:105360139:105360350:105358127:105361130:SE","SE","ENSMUSG00000110652","Gm33023","chr8","+",105360139,105360350,211,"Regular (>50bp)",-0.13,9.19424120174834e-05
"chr14:15299928:15300079:15295273:15310386:SE","SE","ENSMUSG00000090363","Gm3512","chr14","+",15299928,15300079,151,"Regular (>50bp)",0.353,0.00262144731600515
"chr9:63843924:63844093:63843820:63844322:SE","SE","ENSMUSG00000111058","Gm36033","chr9","-",63843924,63844093,169,"Regular (>50bp)",-0.411,0.0302050280655403
"chr14:14982611:14982725:14981234:14985916:SE","SE","ENSMUSG00000091617","Gm3752","chr14","+",14982611,14982725,114,"Regular (>50bp)",-0.117,0.0157594179638082
"chr13:74731765:74731992:74729359:74739390:SE","SE","ENSMUSG00000113204","Gm46430","chr13","-",74731765,74731992,227,"Regular (>50bp)",-0.38,0.0223443114583391
"chr13:74731765:74731992:74730367:74739390:SE","SE","ENSMUSG00000113204","Gm46430","chr13","-",74731765,74731992,227,"Regular (>50bp)",-0.433,0.00187609735255649
"chr10:20161515:20161640:20154164:20162320:SE","SE","ENSMUSG00000111447","Gm48249","chr10","-",20161515,20161640,125,"Regular (>50bp)",0.357,7.85526742502879e-05
"chr10:82219596:82219678:82204792:82257833:SE","SE","ENSMUSG00000073427","Gm4924","chr10","+",82219596,82219678,82,"Regular (>50bp)",0.123,0.000756859983151857
"chr10:82236587:82236820:82204792:82257833:SE","SE","ENSMUSG00000073427","Gm4924","chr10","+",82236587,82236820,233,"Regular (>50bp)",0.426,0.000129827181205971
"chr2:144016446:144016664:144010546:144031060:SE","SE","ENSMUSG00000074758","Gm5535","chr2","-",144016446,144016664,218,"Regular (>50bp)",0.316,0.00037800936580262
"chr2:144031060:144031153:143942437:144032846:SE","SE","ENSMUSG00000074758","Gm5535","chr2","-",144031060,144031153,93,"Regular (>50bp)",0.258,0.000454169161943709
"chr2:144031060:144031153:144010546:144032846:SE","SE","ENSMUSG00000074758","Gm5535","chr2","-",144031060,144031153,93,"Regular (>50bp)",0.186,0.0107733366404324
"chr2:144031060:144031153:144016664:144032846:SE","SE","ENSMUSG00000074758","Gm5535","chr2","-",144031060,144031153,93,"Regular (>50bp)",0.199,1.36834780664256e-08
"chr14:44798155:44798244:44797471:44799238:SE","SE","ENSMUSG00000092165","Gm5624","chr14","-",44798155,44798244,89,"Regular (>50bp)",0.106,0.000785242525902698
"chr14:44798155:44798287:44797471:44799238:SE","SE","ENSMUSG00000092165","Gm5624","chr14","-",44798155,44798287,132,"Regular (>50bp)",0.124,0.000327339854512147
"chr14:43986205:43986368:43935630:43987358:SE","SE","ENSMUSG00000091698","Gm6526","chr14","+",43986205,43986368,163,"Regular (>50bp)",0.161,0.0497167795366929
"chr1:98524972:98525118:98517382:98532855:SE","SE","ENSMUSG00000100009","Gm7967","chr1","+",98524972,98525118,146,"Regular (>50bp)",0.119,1.00228474147005e-05
"chr14:16433030:16433144:16431648:16437386:SE","SE","ENSMUSG00000091568","Gm8206","chr14","+",16433030,16433144,114,"Regular (>50bp)",-0.572,2.26252336143412e-09
"chr2:174169900:174169924:174169734:174176004:SE","SE","ENSMUSG00000027523","Gnas","chr2","+",174169900,174169924,24,"Microexon (0-30bp)",0.15,8.39408628074766e-11
"chr14:30735385:30735522:30735212:30736009:SE","SE","ENSMUSG00000042354","Gnl3","chr14","-",30735385,30735522,137,"Regular (>50bp)",-0.446,3.06560648323351e-06
"chr2:121756041:121756209:121742522:121763958:SE","SE","ENSMUSG00000060227","Golm2","chr2","+",121756041,121756209,168,"Regular (>50bp)",-0.133,1.65054869771964e-09
"chr13:111584429:111584489:111577350:111585466:SE","SE","ENSMUSG00000032745","Gpbp1","chr13","-",111584429,111584489,60,"Regular (>50bp)",0.147,1.12980666838728e-10
"chrX:134644311:134644363:134643727:134645247:SE","SE","ENSMUSG00000043384","Gprasp1","chrX","+",134644311,134644363,52,"Regular (>50bp)",0.109,0.00646971334921933
"chr7:30832644:30832656:30832290:30833415:SE","SE","ENSMUSG00000001248","Gramd1a","chr7","-",30832644,30832656,12,"Microexon (0-30bp)",0.183,0
"chr9:40211735:40211747:40211392:40214793:SE","SE","ENSMUSG00000040111","Gramd1b","chr9","-",40211735,40211747,12,"Microexon (0-30bp)",0.133,6.265064870653e-05
"chr2:25184449:25184560:25182140:25185803:SE","SE","ENSMUSG00000026959","Grin1","chr2","-",25184449,25184560,111,"Regular (>50bp)",0.151,0.000948284233830729
"chr5:21430560:21430725:21427437:21431241:SE","SE","ENSMUSG00000039934","Gsap","chr5","+",21430560,21430725,165,"Regular (>50bp)",-0.21,0.0476513745860557
"chr12:87202246:87202343:87194282:87204666:SE","SE","ENSMUSG00000021033","Gstz1","chr12","+",87202246,87202343,97,"Regular (>50bp)",0.142,0.00103957699411304
"chr9:69924354:69924473:69924205:69929718:SE","SE","ENSMUSG00000033543","Gtf2a2","chr9","+",69924354,69924473,119,"Regular (>50bp)",-0.147,0.023014654534906
"chr5:134235611:134235668:134232189:134237720:SE","SE","ENSMUSG00000015942","Gtf2ird2","chr5","+",134235611,134235668,57,"Regular (>50bp)",-0.133,0.00170720240343313
"chr5:31330726:31330855:31330405:31331111:SE","SE","ENSMUSG00000106864","Gtf3c2","chr5","-",31330726,31330855,129,"Regular (>50bp)",-0.124,1.61957987530082e-05
"chr15:103338603:103338684:103336811:103338782:SE","SE","ENSMUSG00000022487","Gtsf1","chr15","-",103338603,103338684,81,"Regular (>50bp)",-0.166,0.0171446500513668
"chr5:69720425:69720565:69719200:69721866:SE","SE","ENSMUSG00000029208","Guf1","chr5","+",69720425,69720565,140,"Regular (>50bp)",0.123,0.00937281362651569
"chr8:57771440:57771482:57767649:57773723:SE","SE","ENSMUSG00000100510","Hand2os1","chr8","-",57771440,57771482,42,"Small (30-50bp)",0.308,0.00031990563030739
"chr1:92019453:92019540:91957918:92075977:SE","SE","ENSMUSG00000026313","Hdac4","chr1","-",92019453,92019540,87,"Regular (>50bp)",-0.211,0.00309807723083696
"chr11:102112593:102112677:102097992:102115559:SE","SE","ENSMUSG00000008855","Hdac5","chr11","-",102112593,102112677,84,"Regular (>50bp)",0.131,7.3015169289544e-05
"chr12:34423876:34424137:34362710:34439243:SE","SE","ENSMUSG00000004698","Hdac9","chr12","-",34423876,34424137,261,"Regular (>50bp)",-0.113,0.000855587308772159
"chr8:57786153:57786666:57785668:57792899:SE","SE","ENSMUSG00000097910","Hdnr","chr8","+",57786153,57786666,513,"Regular (>50bp)",0.236,0.00767469527043458
"chr8:57791917:57791982:57786666:57792899:SE","SE","ENSMUSG00000097910","Hdnr","chr8","+",57791917,57791982,65,"Regular (>50bp)",-0.175,0.0268409603391519
"chr10:13879944:13880019:13841964:13942326:SE","SE","ENSMUSG00000015501","Hivep2","chr10","+",13879944,13880019,75,"Regular (>50bp)",-0.278,1.69695378827837e-05
"chr3:20152243:20152379:20146980:20159804:SE","SE","ENSMUSG00000002428","Hltf","chr3","+",20152243,20152379,136,"Regular (>50bp)",-0.134,1.29687565925262e-05
"chr14:65062747:65062819:65054585:65063049:SE","SE","ENSMUSG00000021972","Hmbox1","chr14","-",65062747,65062819,72,"Regular (>50bp)",-0.127,0.00797309893298637
"chr6:87909840:87909964:87898633:87910223:SE","SE","ENSMUSG00000030060","Hmces","chr6","+",87909840,87909964,124,"Regular (>50bp)",-0.17,0.000989789456504887
"chr5:149118808:149118845:148987561:149121257:SE","SE","ENSMUSG00000066551","Hmgb1","chr5","-",149118808,149118845,37,"Small (30-50bp)",-0.178,0.00138310450317866
"chr8:75725462:75725566:75720377:75726187:SE","SE","ENSMUSG00000034518","Hmgxb4","chr8","+",75725462,75725566,104,"Regular (>50bp)",0.177,2.32344502416303e-10
"chr8:75726626:75726741:75726519:75727277:SE","SE","ENSMUSG00000034518","Hmgxb4","chr8","+",75726626,75726741,115,"Regular (>50bp)",-0.107,0.00606706097655591
"chr6:51441407:51441431:51441191:51442158:SE","SE","ENSMUSG00000004980","Hnrnpa2b1","chr6","-",51441407,51441431,24,"Microexon (0-30bp)",-0.167,1.60289999095546e-11
"chr5:100124392:100124449:100115246:100126250:SE","SE","ENSMUSG00000000568","Hnrnpd","chr5","-",100124392,100124449,57,"Regular (>50bp)",0.202,0
"chr5:100183493:100183598:100182843:100183962:SE","SE","ENSMUSG00000029328","Hnrnpdl","chr5","-",100183493,100183598,105,"Regular (>50bp)",-0.135,0.000274731490298617
"chr4:129013942:129013993:129012555:129015362:SE","SE","ENSMUSG00000028785","Hpca","chr4","-",129013942,129013993,51,"Regular (>50bp)",0.133,0.00232139080257435
"chr8:61353117:61353268:61343570:61358581:SE","SE","ENSMUSG00000038005","Hpf1","chr8","+",61353117,61353268,151,"Regular (>50bp)",-0.128,0.0339266958105778
"chr3:20084722:20084969:20084573:20089212:SE","SE","ENSMUSG00000027615","Hps3","chr3","-",20084722,20084969,247,"Regular (>50bp)",-0.122,0.000445359779772204
"chr7:46424577:46424708:46424361:46425188:SE","SE","ENSMUSG00000014418","Hps5","chr7","-",46424577,46424708,131,"Regular (>50bp)",0.156,0.00309807723083696
"chr17:24975426:24975518:24972503:24976934:SE","SE","ENSMUSG00000039628","Hs3st6","chr17","+",24975426,24975518,92,"Regular (>50bp)",0.455,0.000410304083344508
"chrX:150587441:150587536:150586798:150589715:SE","SE","ENSMUSG00000025261","Huwe1","chrX","+",150587441,150587536,95,"Regular (>50bp)",-0.208,0.0301232350321887
"chr9:107461950:107462864:107458134:107463580:SE","SE","ENSMUSG00000036091","Hyal3","chr9","+",107461950,107462864,914,"Regular (>50bp)",-0.359,0.00333735927862648
"chr5:24171131:24171429:24170356:24184485:SE","SE","ENSMUSG00000028995","Hycc1","chr5","-",24171131,24171429,298,"Regular (>50bp)",-0.161,7.39491230381861e-07
"chr1:58573643:58573811:58569418:58574548:SE","SE","ENSMUSG00000038174","Hycc2","chr1","-",58573643,58573811,168,"Regular (>50bp)",-0.273,0.00583729528933631
"chr1:65220786:65220857:65214527:65225367:SE","SE","ENSMUSG00000025950","Idh1","chr1","-",65220786,65220857,71,"Regular (>50bp)",-0.307,0.0136083580405798
"chr9:44685479:44685528:44685081:44689890:SE","SE","ENSMUSG00000002031","Ift46","chr9","+",44685479,44685528,49,"Small (30-50bp)",0.103,0.00318488327296499
"chr2:11724823:11724916:11723269:11728906:SE","SE","ENSMUSG00000023206","Il15ra","chr2","+",11724823,11724916,93,"Regular (>50bp)",0.171,0.00151749163936785
"chr2:11728223:11728421:11723269:11728906:SE","SE","ENSMUSG00000023206","Il15ra","chr2","+",11728223,11728421,198,"Regular (>50bp)",0.26,0.000323814026939444
"chr2:11728223:11728421:11724916:11728906:SE","SE","ENSMUSG00000023206","Il15ra","chr2","+",11728223,11728421,198,"Regular (>50bp)",-0.13,0.0454494029337421
"chr6:113451513:113451558:113451233:113453359:SE","SE","ENSMUSG00000030281","Il17rc","chr6","+",113451513,113451558,45,"Small (30-50bp)",0.114,0.000203557484841374
"chr1:37413355:37413370:37411500:37416658:SE","SE","ENSMUSG00000026113","Inpp4a","chr1","+",37413355,37413370,15,"Microexon (0-30bp)",0.181,0.000806405267909375
"chr1:37422419:37422452:37419141:37426778:SE","SE","ENSMUSG00000026113","Inpp4a","chr1","+",37422419,37422452,33,"Small (30-50bp)",0.23,6.96191111593124e-08
"chr9:107922444:107922512:107922099:107922661:SE","SE","ENSMUSG00000032594","Ip6k1","chr9","+",107922444,107922512,68,"Regular (>50bp)",-0.131,7.33897502342802e-06
"chr9:108673739:108673771:108673595:108673853:SE","SE","ENSMUSG00000032599","Ip6k2","chr9","+",108673739,108673771,32,"Small (30-50bp)",0.141,2.0295899336164e-10
"chr9:108673739:108673771:108673595:108674482:SE","SE","ENSMUSG00000032599","Ip6k2","chr9","+",108673739,108673771,32,"Small (30-50bp)",0.202,0.00135350089455971
"chr16:36649365:36649435:36648854:36655877:SE","SE","ENSMUSG00000022837","Iqcb1","chr16","+",36649365,36649435,70,"Regular (>50bp)",-0.139,3.15878867673424e-05
"chr6:90764099:90764144:90671832:90786749:SE","SE","ENSMUSG00000034312","Iqsec1","chr6","-",90764099,90764144,45,"Small (30-50bp)",0.213,0.000203414095322047
"chr6:145083771:145083812:145083333:145083907:SE","SE","ENSMUSG00000030263","Irag2","chr6","+",145083771,145083812,41,"Small (30-50bp)",0.4,0.00020670684657125
"chr6:113642663:113642807:113624782:113647159:SE","SE","ENSMUSG00000060477","Irak2","chr6","+",113642663,113642807,144,"Regular (>50bp)",-0.113,0.0233905520350226
"chr2:119861982:119862132:119861883:119862321:SE","SE","ENSMUSG00000098789","Jmjd7","chr2","+",119861982,119862132,150,"Regular (>50bp)",-0.115,0.0112543434008751
"chrX:102546465:102546798:102540136:102561916:SE","SE","ENSMUSG00000097571","Jpx","chrX","+",102546465,102546798,333,"Regular (>50bp)",-0.242,0.000157722686902773
"chr15:98429203:98429318:98427334:98429600:SE","SE","ENSMUSG00000022992","Kansl2","chr15","-",98429203,98429318,115,"Regular (>50bp)",-0.107,0.000307856986827618
"chr18:77099685:77099800:77098741:77134869:SE","SE","ENSMUSG00000025420","Katnal2","chr18","-",77099685,77099800,115,"Regular (>50bp)",0.151,0.0186055058252705
"chr4:152519238:152519280:152497317:152520261:SE","SE","ENSMUSG00000028931","Kcnab2","chr4","-",152519238,152519280,42,"Small (30-50bp)",0.133,1.32970738018292e-08
"chr7:44247013:44247043:44245692:44247804:SE","SE","ENSMUSG00000062785","Kcnc3","chr7","+",44247013,44247043,30,"Microexon (0-30bp)",0.151,1.7021590643803e-05
"chr7:44247013:44247043:44245692:44247807:SE","SE","ENSMUSG00000062785","Kcnc3","chr7","+",44247013,44247043,30,"Microexon (0-30bp)",0.326,0.00035228058859102
"chr14:23544606:23544762:23513278:23551192:SE","SE","ENSMUSG00000063142","Kcnma1","chr14","-",23544606,23544762,156,"Regular (>50bp)",-0.101,0.0100342288443127
"chr14:23576603:23576695:23559968:23576792:SE","SE","ENSMUSG00000063142","Kcnma1","chr14","-",23576603,23576695,92,"Regular (>50bp)",-0.101,0.00630521314346458
"chr2:180745434:180745464:180742411:180746679:SE","SE","ENSMUSG00000016346","Kcnq2","chr2","-",180745434,180745464,30,"Microexon (0-30bp)",0.153,1.25008143371497e-12
"chr4:120568419:120568581:120561772:120570208:SE","SE","ENSMUSG00000028631","Kcnq4","chr4","-",120568419,120568581,162,"Regular (>50bp)",0.294,0.01412193452692
"chr1:21536606:21536633:21527848:21539693:SE","SE","ENSMUSG00000028033","Kcnq5","chr1","-",21536606,21536633,27,"Microexon (0-30bp)",0.353,0.016825005150273
"chr15:78321100:78321163:78319910:78321783:SE","SE","ENSMUSG00000033287","Kctd17","chr15","+",78321100,78321163,63,"Regular (>50bp)",-0.118,4.19312815696982e-08
"chr15:78321100:78321194:78319910:78321783:SE","SE","ENSMUSG00000033287","Kctd17","chr15","+",78321100,78321194,94,"Regular (>50bp)",-0.105,1.22512633473975e-07
"chr15:78321100:78321299:78319910:78321783:SE","SE","ENSMUSG00000033287","Kctd17","chr15","+",78321100,78321299,199,"Regular (>50bp)",-0.104,2.01811057122995e-08
"chr12:25090454:25090568:25088549:25101093:SE","SE","ENSMUSG00000036333","Kidins220","chr12","+",25090454,25090568,114,"Regular (>50bp)",0.144,1.89993419291157e-05
"chr13:47018294:47018307:47001862:47082691:SE","SE","ENSMUSG00000021375","Kif13a","chr13","-",47018294,47018307,13,"Microexon (0-30bp)",0.115,0.0476513745860557
"chr9:122800753:122800851:122795051:122804713:SE","SE","ENSMUSG00000036768","Kif15","chr9","+",122800753,122800851,98,"Regular (>50bp)",0.143,0.000982195229411084
"chr9:61831186:61831498:61828528:61831913:SE","SE","ENSMUSG00000032254","Kif23","chr9","-",61831186,61831498,312,"Regular (>50bp)",-0.186,1.59487473534561e-09
"chr13:107106211:107106325:107105296:107111002:SE","SE","ENSMUSG00000021693","Kif2a","chr13","-",107106211,107106325,114,"Regular (>50bp)",-0.145,3.44348512967576e-06
"chr17:27140780:27140834:27140093:27141878:SE","SE","ENSMUSG00000024301","Kifc5b","chr17","+",27140780,27140834,54,"Regular (>50bp)",0.121,0.000577802774270436
"chr10:79756848:79757081:79756664:79757385:SE","SE","ENSMUSG00000035773","Kiss1r","chr10","+",79756848,79757081,233,"Regular (>50bp)",0.121,0.0126045761172172
"chr12:111760082:111760133:111755893:111760770:SE","SE","ENSMUSG00000021288","Klc1","chr12","+",111760082,111760133,51,"Regular (>50bp)",0.126,4.04143840633022e-06
"chr12:111760082:111760133:111755920:111760770:SE","SE","ENSMUSG00000021288","Klc1","chr12","+",111760082,111760133,51,"Regular (>50bp)",0.104,3.23366448185663e-05
"chr19:3827461:3827512:3818340:3832219:SE","SE","ENSMUSG00000045098","Kmt5b","chr19","+",3827461,3827512,51,"Regular (>50bp)",0.138,1.01109542961299e-07
"chr11:78921906:78921948:78919909:78924043:SE","SE","ENSMUSG00000018334","Ksr1","chr11","-",78921906,78921948,42,"Small (30-50bp)",0.203,0.028054910620087
"chr14:47963385:47963457:47962427:47963682:SE","SE","ENSMUSG00000021843","Ktn1","chr14","+",47963385,47963457,72,"Regular (>50bp)",-0.143,7.46915729597831e-08
"chr3:40916603:40916663:40905385:40918402:SE","SE","ENSMUSG00000025762","Larp1b","chr3","+",40916603,40916663,60,"Regular (>50bp)",0.113,9.02202035659034e-10
"chr9:83310932:83311001:83309014:83322961:SE","SE","ENSMUSG00000032258","Lca5","chr9","-",83310932,83311001,69,"Regular (>50bp)",0.199,0.0183381996178987
"chr19:41516999:41517079:41472039:41540887:SE","SE","ENSMUSG00000025019","Lcor","chr19","+",41516999,41517079,80,"Regular (>50bp)",0.214,0.00218961741970944
"chr19:41534313:41534446:41516525:41570216:SE","SE","ENSMUSG00000025019","Lcor","chr19","+",41534313,41534446,133,"Regular (>50bp)",-0.29,0.0138392517594589
"chr5:67150485:67150521:67132005:67154462:SE","SE","ENSMUSG00000037736","Limch1","chr5","+",67150485,67150521,36,"Small (30-50bp)",-0.131,0.0015000099963555
"chr11:3311782:3311825:3311108:3342916:SE","SE","ENSMUSG00000020451","Limk2","chr11","-",3311782,3311825,43,"Small (30-50bp)",-0.127,0.00295924060295074
"chr1:180479426:180479531:180475898:180486627:SE","SE","ENSMUSG00000058729","Lin9","chr1","+",180479426,180479531,105,"Regular (>50bp)",-0.125,4.06398523686481e-05
"chr1:36468503:36468536:36467542:36477830:SE","SE","ENSMUSG00000001143","Lman2l","chr1","-",36468503,36468536,33,"Small (30-50bp)",0.204,0
"chr1:36468503:36468536:36467542:36478689:SE","SE","ENSMUSG00000001143","Lman2l","chr1","-",36468503,36468536,33,"Small (30-50bp)",0.228,7.43889692715926e-06
"chr13:97619456:97619540:97571600:97629663:SE","SE","ENSMUSG00000078952","Lncenc1","chr13","+",97619456,97619540,84,"Regular (>50bp)",0.195,6.98373217994322e-05
"chr16:24261530:24261640:24212533:24275582:SE","SE","ENSMUSG00000033306","Lpp","chr16","+",24261530,24261640,110,"Regular (>50bp)",0.164,0.00380042718687976
"chr16:32829558:32829806:32826111:32832710:SE","SE","ENSMUSG00000022801","Lrch3","chr16","+",32829558,32829806,248,"Regular (>50bp)",0.182,4.92003807411608e-07
"chr4:107667959:107668143:107666034:107680130:SE","SE","ENSMUSG00000073779","Lrp8os2","chr4","-",107667959,107668143,184,"Regular (>50bp)",0.463,0.0054495911586332
"chr4:107673123:107673264:107666034:107680130:SE","SE","ENSMUSG00000073779","Lrp8os2","chr4","-",107673123,107673264,141,"Regular (>50bp)",0.637,0.00489419159100366
"chr10:61318114:61318261:61311668:61362838:SE","SE","ENSMUSG00000037151","Lrrc20","chr10","+",61318114,61318261,147,"Regular (>50bp)",0.141,3.18745522513594e-10
"chr3:14619363:14619565:14616587:14622248:SE","SE","ENSMUSG00000027550","Lrrcc1","chr3","+",14619363,14619565,202,"Regular (>50bp)",0.119,0.0263328851166317
"chr6:38536138:38536239:38531998:38542589:SE","SE","ENSMUSG00000029823","Luc7l2","chr6","+",38536138,38536239,101,"Regular (>50bp)",0.18,0.0360465726098505
"chr6:38542589:38542657:38531998:38547444:SE","SE","ENSMUSG00000029823","Luc7l2","chr6","+",38542589,38542657,68,"Regular (>50bp)",-0.116,0.020952190180818
"chr11:94183219:94183298:94182404:94183752:SE","SE","ENSMUSG00000020863","Luc7l3","chr11","-",94183219,94183298,79,"Regular (>50bp)",-0.265,0.000160819830638747
"chr11:94183232:94183298:94182404:94183752:SE","SE","ENSMUSG00000020863","Luc7l3","chr11","-",94183232,94183298,66,"Regular (>50bp)",-0.274,0.000948284233830729
"chr5:38380477:38380571:38377979:38382061:SE","SE","ENSMUSG00000067367","Lyar","chr5","+",38380477,38380571,94,"Regular (>50bp)",-0.171,3.84837220484821e-10
"chr5:38380477:38380575:38377979:38382061:SE","SE","ENSMUSG00000067367","Lyar","chr5","+",38380477,38380575,98,"Regular (>50bp)",-0.171,7.45315473720614e-10
"chr7:119499333:119499531:119495113:119509026:SE","SE","ENSMUSG00000030922","Lyrm1","chr7","+",119499333,119499531,198,"Regular (>50bp)",0.351,0.000552463023740242
"chr7:66874123:66874149:66873639:66875611:SE","SE","ENSMUSG00000043831","Lysmd4","chr7","+",66874123,66874149,26,"Microexon (0-30bp)",0.106,0.0348177002792262
"chr2:90971153:90971162:90970971:90973100:SE","SE","ENSMUSG00000040687","Madd","chr2","-",90971153,90971162,9,"Microexon (0-30bp)",0.143,0.000297928868703475
"chr11:120520811:120520842:120520707:120521313:SE","SE","ENSMUSG00000051510","Mafg","chr11","-",120520811,120520842,31,"Small (30-50bp)",0.201,0.00025643802318943
"chr11:120520811:120520842:120520707:120524187:SE","SE","ENSMUSG00000051510","Mafg","chr11","-",120520811,120520842,31,"Small (30-50bp)",0.157,0.00124751535681706
"chr6:93657769:93657858:93655983:93659932:SE","SE","ENSMUSG00000045095","Magi1","chr6","-",93657769,93657858,89,"Regular (>50bp)",0.156,0
"chr6:93681257:93681341:93678362:93684984:SE","SE","ENSMUSG00000045095","Magi1","chr6","-",93681257,93681341,84,"Regular (>50bp)",0.171,3.15513116702019e-07
"chr13:99578141:99578282:99563965:99644615:SE","SE","ENSMUSG00000052727","Map1b","chr13","-",99578141,99578282,141,"Regular (>50bp)",-0.146,0.00750360027238407
"chr1:66470685:66470778:66464687:66472672:SE","SE","ENSMUSG00000015222","Map2","chr1","+",66470685,66470778,93,"Regular (>50bp)",-0.2,1.27542796908975e-08
"chr9:109893295:109893517:109892191:109896552:SE","SE","ENSMUSG00000032479","Map4","chr9","+",109893295,109893517,222,"Regular (>50bp)",0.134,4.99258529255247e-13
"chr1:40042922:40043147:40040751:40043966:SE","SE","ENSMUSG00000026074","Map4k4","chr1","+",40042922,40043147,225,"Regular (>50bp)",0.111,2.47459982056176e-06
"chr17:25127384:25127402:25126360:25128123:SE","SE","ENSMUSG00000024163","Mapk8ip3","chr17","-",25127384,25127402,18,"Microexon (0-30bp)",0.149,0
"chr2:34322014:34322342:34296860:34334269:SE","SE","ENSMUSG00000038696","Mapkap1","chr2","+",34322014,34322342,328,"Regular (>50bp)",0.263,0.000395077248497826
"chr2:119843781:119843799:119843575:119844099:SE","SE","ENSMUSG00000033902","Mapkbp1","chr2","+",119843781,119843799,18,"Microexon (0-30bp)",0.12,0.000138854636536258
"chr11:104185684:104185750:104173306:104193186:SE","SE","ENSMUSG00000018411","Mapt","chr11","+",104185684,104185750,66,"Regular (>50bp)",0.143,3.9257019947339e-05
"chr11:104189323:104190082:104185750:104193186:SE","SE","ENSMUSG00000018411","Mapt","chr11","+",104189323,104190082,759,"Regular (>50bp)",-0.237,0
"chr11:104189371:104190082:104185750:104193186:SE","SE","ENSMUSG00000018411","Mapt","chr11","+",104189371,104190082,711,"Regular (>50bp)",-0.208,2.59888001530519e-13
"chr11:104196037:104196235:104193236:104197451:SE","SE","ENSMUSG00000018411","Mapt","chr11","+",104196037,104196235,198,"Regular (>50bp)",0.109,0
"chr2:60077831:60077856:60075604:60078233:SE","SE","ENSMUSG00000026977","Marchf7","chr2","+",60077831,60077856,25,"Microexon (0-30bp)",0.187,2.84857067591192e-07
"chr19:7318532:7318619:7268147:7319131:SE","SE","ENSMUSG00000024969","Mark2","chr19","-",7318532,7318619,87,"Regular (>50bp)",0.155,4.91683066458666e-05
"chr10:127132585:127132609:127132502:127132741:SE","SE","ENSMUSG00000040354","Mars1","chr10","-",127132585,127132609,24,"Microexon (0-30bp)",-0.123,8.84120397101463e-07
"chr4:116190609:116190630:116187666:116194618:SE","SE","ENSMUSG00000003810","Mast2","chr4","-",116190609,116190630,21,"Microexon (0-30bp)",0.248,0
"chr18:35695947:35696153:35695312:35704895:SE","SE","ENSMUSG00000037236","Matr3","chr18","+",35695947,35696153,206,"Regular (>50bp)",0.172,5.52786366995912e-06
"chr12:77008036:77008063:77000050:77008763:SE","SE","ENSMUSG00000059436","Max","chr12","-",77008036,77008063,27,"Microexon (0-30bp)",0.148,3.18154548488872e-06
"chr3:60522103:60522157:60520941:60523040:SE","SE","ENSMUSG00000027763","Mbnl1","chr3","+",60522103,60522157,54,"Regular (>50bp)",0.146,1.01676195895345e-05
"chr14:120640747:120640783:120634016:120642049:SE","SE","ENSMUSG00000022139","Mbnl2","chr14","+",120640747,120640783,36,"Small (30-50bp)",0.145,2.06151569147105e-05
"chr14:120640747:120640783:120634016:120666346:SE","SE","ENSMUSG00000022139","Mbnl2","chr14","+",120640747,120640783,36,"Small (30-50bp)",0.113,0.00276681893539065
"chr12:24974197:24974293:24932793:24984565:SE","SE","ENSMUSG00000020646","Mboat2","chr12","+",24974197,24974293,96,"Regular (>50bp)",-0.22,0.0205790201384674
"chr18:82597060:82597183:82593758:82602236:SE","SE","ENSMUSG00000041607","Mbp","chr18","+",82597060,82597183,123,"Regular (>50bp)",-0.267,0.00234765851945318
"chr17:87571568:87571793:87566309:87573219:SE","SE","ENSMUSG00000024150","Mcfd2","chr17","-",87571568,87571793,225,"Regular (>50bp)",-0.284,0.026485511386097
"chr11:98608534:98608591:98607351:98608735:SE","SE","ENSMUSG00000017210","Med24","chr11","-",98608534,98608591,57,"Regular (>50bp)",0.179,0
"chr3:88065527:88065662:88063832:88066428:SE","SE","ENSMUSG00000001419","Mef2d","chr3","+",88065527,88065662,135,"Regular (>50bp)",-0.326,0.0389513018178845
"chr12:109515725:109515806:109512425:109515913:SE","SE","ENSMUSG00000021268","Meg3","chr12","+",109515725,109515806,81,"Regular (>50bp)",-0.232,0.0279414616501824
"chr12:109515913:109515987:109512425:109516087:SE","SE","ENSMUSG00000021268","Meg3","chr12","+",109515913,109515987,74,"Regular (>50bp)",0.267,5.49785788679113e-07
"chr12:109515913:109516014:109512425:109516087:SE","SE","ENSMUSG00000021268","Meg3","chr12","+",109515913,109516014,101,"Regular (>50bp)",0.553,4.13673457622211e-08
"chr2:71352876:71352974:71342512:71354145:SE","SE","ENSMUSG00000041921","Metap1d","chr2","+",71352876,71352974,98,"Regular (>50bp)",0.233,5.01587035635454e-06
"chr11:74686577:74686643:74683144:74686807:SE","SE","ENSMUSG00000010554","Mettl16","chr11","+",74686577,74686643,66,"Regular (>50bp)",-0.133,0.0429487944930022
"chr14:52126603:52126854:52126293:52126984:SE","SE","ENSMUSG00000004561","Mettl17","chr14","+",52126603,52126854,251,"Regular (>50bp)",-0.157,0.00256657518443105
"chr10:105671987:105672081:105668876:105676936:SE","SE","ENSMUSG00000036009","Mettl25","chr10","-",105671987,105672081,94,"Regular (>50bp)",0.144,0.00340828093232473
"chr5:134963142:134963278:134962455:134969310:SE","SE","ENSMUSG00000040557","Mettl27","chr5","+",134963142,134963278,136,"Regular (>50bp)",0.186,0.00254301092529718
"chr1:82723244:82723277:82713228:82724803:SE","SE","ENSMUSG00000026150","Mff","chr1","+",82723244,82723277,33,"Small (30-50bp)",0.146,0.00576373073023083
"chr16:4752058:4752103:4750162:4754759:SE","SE","ENSMUSG00000022517","Mgrn1","chr16","+",4752058,4752103,45,"Small (30-50bp)",0.14,0.0280652123426945
"chr6:120930594:120930645:120929446:120934659:SE","SE","ENSMUSG00000051586","Mical3","chr6","-",120930594,120930645,51,"Regular (>50bp)",0.203,0.000632137158367534
"chr6:120943014:120943077:120939826:120950363:SE","SE","ENSMUSG00000051586","Mical3","chr6","-",120943014,120943077,63,"Regular (>50bp)",0.145,0.000509666070865956
"chr6:120948711:120948801:120946453:120950363:SE","SE","ENSMUSG00000051586","Mical3","chr6","-",120948711,120948801,90,"Regular (>50bp)",-0.166,0.0297738924048113
"chr6:120996656:120996740:120986142:120998143:SE","SE","ENSMUSG00000051586","Mical3","chr6","-",120996656,120996740,84,"Regular (>50bp)",0.142,3.09343976434161e-05
"chr4:147947484:147947593:147947406:147949645:SE","SE","ENSMUSG00000029022","Miip","chr4","-",147947484,147947593,109,"Regular (>50bp)",-0.108,1.03483326864201e-07
"chr2:12400989:12401069:12369330:12423969:SE","SE","ENSMUSG00000026767","Mindy3","chr2","-",12400989,12401069,80,"Regular (>50bp)",-0.136,0.0138392517594589
"chr11:62540272:62540374:62539642:62555495:SE","SE","ENSMUSG00000048497","Mmgt2","chr11","+",62540272,62540374,102,"Regular (>50bp)",0.124,0.00463868739477756
"chr12:73217367:73217441:73170700:73228557:SE","SE","ENSMUSG00000021103","Mnat1","chr12","+",73217367,73217441,74,"Regular (>50bp)",0.657,2.35822195569196e-06
"chr12:73225978:73226082:73170700:73234913:SE","SE","ENSMUSG00000021103","Mnat1","chr12","+",73225978,73226082,104,"Regular (>50bp)",-0.315,1.90574496674557e-05
"chr10:122858990:122858993:122858849:122859814:SE","SE","ENSMUSG00000034602","Mon2","chr10","-",122858990,122858993,3,"Microexon (0-30bp)",0.104,0.00513475016025838
"chr15:76274230:76274327:76264776:76278002:SE","SE","ENSMUSG00000022558","Mroh1","chr15","+",76274230,76274327,97,"Regular (>50bp)",0.247,0.000517048117576222
"chr5:31798948:31800384:31754365:31807646:SE","SE","ENSMUSG00000106918","Mrpl33","chr5","+",31798948,31800384,1436,"Regular (>50bp)",0.159,0.000415064852633111
"chr5:129792747:129792922:129792613:129793790:SE","SE","ENSMUSG00000034211","Mrps17","chr5","+",129792747,129792922,175,"Regular (>50bp)",-0.111,9.57615469921395e-08
"chr5:129792747:129792976:129792613:129793790:SE","SE","ENSMUSG00000034211","Mrps17","chr5","+",129792747,129792976,229,"Regular (>50bp)",-0.108,1.80701390240478e-07
"chr5:129792747:129793005:129792613:129793790:SE","SE","ENSMUSG00000034211","Mrps17","chr5","+",129792747,129793005,258,"Regular (>50bp)",-0.103,4.42357879944787e-07
"chr9:37402751:37402865:37401129:37424909:SE","SE","ENSMUSG00000042138","Msantd2","chr9","+",37402751,37402865,114,"Regular (>50bp)",0.178,0.00118993185014624
"chr9:37424909:37424999:37401129:37428668:SE","SE","ENSMUSG00000042138","Msantd2","chr9","+",37424909,37424999,90,"Regular (>50bp)",-0.217,0.00302076432705106
"chr17:35262704:35262740:35260491:35263000:SE","SE","ENSMUSG00000007035","Msh5","chr17","-",35262704,35262740,36,"Small (30-50bp)",-0.162,0.0499647818891233
"chr5:108217027:108217229:108213831:108228690:SE","SE","ENSMUSG00000029267","Mtf2","chr5","+",108217027,108217229,202,"Regular (>50bp)",-0.145,1.6394123091003e-07
"chr5:108217027:108217389:108213831:108228690:SE","SE","ENSMUSG00000029267","Mtf2","chr5","+",108217027,108217389,362,"Regular (>50bp)",-0.143,4.51218165962589e-08
"chr5:108221172:108221320:108213831:108228690:SE","SE","ENSMUSG00000029267","Mtf2","chr5","+",108221172,108221320,148,"Regular (>50bp)",-0.12,6.96191111593124e-08
"chr9:89096464:89096534:89093364:89097261:SE","SE","ENSMUSG00000066442","Mthfs","chr9","+",89096464,89096534,70,"Regular (>50bp)",0.101,0.00391174895594848
"chr15:58819174:58819369:58817868:58823318:SE","SE","ENSMUSG00000022353","Mtss1","chr15","-",58819174,58819369,195,"Regular (>50bp)",0.177,7.8969694359759e-10
"chr4:116673158:116673232:116673035:116673509:SE","SE","ENSMUSG00000028687","Mutyh","chr4","+",116673158,116673232,74,"Regular (>50bp)",-0.14,0.000117113683865585
"chr16:97256688:97256843:97256428:97257421:SE","SE","ENSMUSG00000000386","Mx1","chr16","-",97256688,97256843,155,"Regular (>50bp)",-0.222,0.00170232807648526
"chr16:97259879:97259932:97258692:97261955:SE","SE","ENSMUSG00000000386","Mx1","chr16","-",97259879,97259932,53,"Regular (>50bp)",0.173,0.00331046029530328
"chr14:103414691:103414766:103412426:103419789:SE","SE","ENSMUSG00000033004","Mycbp2","chr14","-",103414691,103414766,75,"Regular (>50bp)",0.116,2.38844283871793e-09
"chr2:124952399:124952591:124950939:124955768:SE","SE","ENSMUSG00000027201","Myef2","chr2","-",124952399,124952591,192,"Regular (>50bp)",-0.119,2.52622294295534e-10
"chr2:155459781:155459845:155459660:155460653:SE","SE","ENSMUSG00000074652","Myh7b","chr2","+",155459781,155459845,64,"Regular (>50bp)",0.16,0.0162912594168694
"chr11:77706681:77706717:77669140:77708444:SE","SE","ENSMUSG00000000631","Myo18a","chr11","+",77706681,77706717,36,"Small (30-50bp)",0.169,0.000733043013247745
"chr11:77706681:77706825:77669140:77708444:SE","SE","ENSMUSG00000000631","Myo18a","chr11","+",77706681,77706825,144,"Regular (>50bp)",0.185,7.64290750052284e-07
"chr11:84788184:84788289:84788037:84788374:SE","SE","ENSMUSG00000020527","Myo19","chr11","+",84788184,84788289,105,"Regular (>50bp)",-0.162,1.50386396388747e-05
"chr11:51540975:51541181:51538989:51541504:SE","SE","ENSMUSG00000001053","N4bp3","chr11","-",51540975,51541181,206,"Regular (>50bp)",0.176,0.0167201831173847
"chr15:82220970:82221142:82220221:82221587:SE","SE","ENSMUSG00000022453","Naga","chr15","-",82220970,82221142,172,"Regular (>50bp)",-0.102,0.00049839050576834
"chr15:75763811:75763896:75763713:75764190:SE","SE","ENSMUSG00000022574","Naprt","chr15","-",75763811,75763896,85,"Regular (>50bp)",-0.293,0.000828688010449298
"chr4:116467599:116468574:116462960:116469168:SE","SE","ENSMUSG00000028693","Nasp","chr4","-",116467599,116468574,975,"Regular (>50bp)",-0.253,3.41834668679268e-13
"chr3:55901468:55901477:55899935:55907907:SE","SE","ENSMUSG00000027799","Nbea","chr3","-",55901468,55901477,9,"Microexon (0-30bp)",0.201,1.83302648422216e-13
"chr5:125097023:125097110:125096054:125100564:SE","SE","ENSMUSG00000029478","Ncor2","chr5","-",125097023,125097110,87,"Regular (>50bp)",-0.145,0.000460919086951993
"chr2:156771851:156771890:156770801:156773135:SE","SE","ENSMUSG00000027634","Ndrg3","chr2","-",156771851,156771890,39,"Small (30-50bp)",0.113,7.3015169289544e-05
"chr11:4730577:4730622:4718273:4732186:SE","SE","ENSMUSG00000009073","Nf2","chr11","-",4730577,4730622,45,"Small (30-50bp)",0.174,1.62465065210454e-10
"chr8:108064926:108064988:108051396:108065440:SE","SE","ENSMUSG00000003847","Nfat5","chr8","+",108064926,108064988,62,"Regular (>50bp)",0.165,0.00319255376954588
"chr4:97969961:97970053:97953683:97999454:SE","SE","ENSMUSG00000028565","Nfia","chr4","+",97969961,97970053,92,"Regular (>50bp)",0.238,0.000552253548699556
"chr3:53369052:53369200:53366106:53369732:SE","SE","ENSMUSG00000042997","Nhlrc3","chr3","-",53369052,53369200,148,"Regular (>50bp)",-0.174,0.00150083989069159
"chr12:70069054:70069115:70067805:70072153:SE","SE","ENSMUSG00000021068","Nin","chr12","-",70069054,70069115,61,"Regular (>50bp)",0.325,0.00324169310056829
"chr12:70069054:70069115:70067805:70072180:SE","SE","ENSMUSG00000021068","Nin","chr12","-",70069054,70069115,61,"Regular (>50bp)",0.263,0.0102616576979792
"chr4:135182183:135182215:135179883:135191096:SE","SE","ENSMUSG00000028803","Nipal3","chr4","-",135182183,135182215,32,"Small (30-50bp)",0.158,4.5723219909902e-06
"chr13:65335254:65335422:65332947:65338038:SE","SE","ENSMUSG00000032999","Nlrp4f","chr13","-",65335254,65335422,168,"Regular (>50bp)",0.254,2.14332252434951e-06
"chr2:51862599:51862639:51850672:51862920:SE","SE","ENSMUSG00000026946","Nmi","chr2","-",51862599,51862639,40,"Small (30-50bp)",0.198,0.0123671811189928
"chr7:30181889:30182005:30177784:30186009:SE","SE","ENSMUSG00000006649","Nphs1","chr7","+",30181889,30182005,116,"Regular (>50bp)",-0.291,0.000682847500035188
"chr5:31403665:31403689:31403189:31404685:SE","SE","ENSMUSG00000029148","Nrbp1","chr5","+",31403665,31403689,24,"Microexon (0-30bp)",0.114,1.54455389076641e-06
"chr8:32323180:32323258:32316383:32327697:SE","SE","ENSMUSG00000062991","Nrg1","chr8","-",32323180,32323258,78,"Regular (>50bp)",-0.3,0.0134282560045105
"chr8:32323180:32323258:32321256:32327697:SE","SE","ENSMUSG00000062991","Nrg1","chr8","-",32323180,32323258,78,"Regular (>50bp)",-0.145,0.000713889802759613
"chr12:88817048:88817078:88799340:89153791:SE","SE","ENSMUSG00000066392","Nrxn3","chr12","+",88817048,88817078,30,"Microexon (0-30bp)",-0.277,0.00398410740864226
"chr2:24948264:24948333:24947982:24949032:SE","SE","ENSMUSG00000006476","Nsmf","chr2","+",24948264,24948333,69,"Regular (>50bp)",-0.121,0.000888691268343264
"chr5:66421351:66421410:66418587:66421833:SE","SE","ENSMUSG00000029206","Nsun7","chr5","+",66421351,66421410,59,"Regular (>50bp)",-0.508,5.92624440563156e-07
"chr6:56900051:56900097:56890879:56900656:SE","SE","ENSMUSG00000029780","Nt5c3","chr6","-",56900051,56900097,46,"Small (30-50bp)",0.166,0.00952418497967253
"chr7:45340470:45340659:45336249:45340835:SE","SE","ENSMUSG00000070564","Ntn5","chr7","+",45340470,45340659,189,"Regular (>50bp)",-0.35,1.79772112908203e-05
"chr2:29088825:29088927:29087161:29094909:SE","SE","ENSMUSG00000035513","Ntng2","chr2","-",29088825,29088927,102,"Regular (>50bp)",0.184,0.000214611740627023
"chr7:77954039:77954174:77910162:78005774:SE","SE","ENSMUSG00000059146","Ntrk3","chr7","-",77954039,77954174,135,"Regular (>50bp)",0.143,0.00287668939338054
"chr5:140318149:140318228:140317710:140320209:SE","SE","ENSMUSG00000036639","Nudt1","chr5","+",140318149,140318228,79,"Regular (>50bp)",0.122,0.0206178233682496
"chr14:20345155:20345334:20344860:20354020:SE","SE","ENSMUSG00000021809","Nudt13","chr14","+",20345155,20345334,179,"Regular (>50bp)",-0.134,0.0201058170975216
"chr11:77579112:77579157:77578637:77582367:SE","SE","ENSMUSG00000037857","Nufip2","chr11","+",77579112,77579157,45,"Small (30-50bp)",0.315,0.0120976829385297
"chr2:80454669:80454704:80451584:80472968:SE","SE","ENSMUSG00000026999","Nup35","chr2","+",80454669,80454704,35,"Small (30-50bp)",-0.356,0.00538143232175667
"chr9:48144510:48144582:48073557:48272726:SE","SE","ENSMUSG00000044229","Nxpe4","chr9","+",48144510,48144582,72,"Regular (>50bp)",0.138,0.00115534978083547
"chr9:48144510:48144582:48073557:48287172:SE","SE","ENSMUSG00000044229","Nxpe4","chr9","+",48144510,48144582,72,"Regular (>50bp)",0.182,0.000314714118745779
"chr9:48266286:48266387:48073557:48272726:SE","SE","ENSMUSG00000044229","Nxpe4","chr9","+",48266286,48266387,101,"Regular (>50bp)",0.198,0.0021130485337231
"chr9:48266286:48266387:48073557:48287172:SE","SE","ENSMUSG00000044229","Nxpe4","chr9","+",48266286,48266387,101,"Regular (>50bp)",0.161,0.000567537824004322
"chr11:58952249:58952513:58951933:58952856:SE","SE","ENSMUSG00000061462","Obscn","chr11","-",58952249,58952513,264,"Regular (>50bp)",0.356,0.00758220917511042
"chr5:73451308:73451353:73450319:73452268:SE","SE","ENSMUSG00000029152","Ociad1","chr5","+",73451308,73451353,45,"Small (30-50bp)",-0.116,0.00523039684034936
"chr3:144832783:144832912:144831986:144833591:SE","SE","ENSMUSG00000028256","Odf2l","chr3","+",144832783,144832912,129,"Regular (>50bp)",0.141,1.59770158945174e-05
"chr2:5059350:5059527:5051010:5068717:SE","SE","ENSMUSG00000026672","Optn","chr2","-",5059350,5059527,177,"Regular (>50bp)",-0.105,0.00536884011485398
"chr2:5067669:5067798:5051010:5068717:SE","SE","ENSMUSG00000026672","Optn","chr2","-",5067669,5067798,129,"Regular (>50bp)",-0.128,0.000104051389815665
"chr7:102401471:102402340:102395357:102408516:SE","SE","ENSMUSG00000043366","Or51e2","chr7","-",102401471,102402340,869,"Regular (>50bp)",-0.399,0.000671722284162134
"chr1:53360654:53360726:53360369:53362325:SE","SE","ENSMUSG00000026096","Osgepl1","chr1","+",53360654,53360726,72,"Regular (>50bp)",-0.169,0.00482744095802014
"chr3:96016022:96016080:96011940:96043784:SE","SE","ENSMUSG00000038495","Otud7b","chr3","+",96016022,96016080,58,"Regular (>50bp)",0.191,0.0155706629504126
"chr3:96037541:96037654:96016080:96043784:SE","SE","ENSMUSG00000038495","Otud7b","chr3","+",96037541,96037654,113,"Regular (>50bp)",-0.199,0.0338878852318955
"chr15:41712065:41712146:41694525:41713854:SE","SE","ENSMUSG00000022307","Oxr1","chr15","+",41712065,41712146,81,"Regular (>50bp)",0.246,0.0046610905054062
"chr2:84854459:84854517:84853920:84854725:SE","SE","ENSMUSG00000027071","P2rx3","chr2","-",84854459,84854517,58,"Regular (>50bp)",-0.104,0.0330682285304188
"chr5:122862656:122862737:122857289:122863052:SE","SE","ENSMUSG00000029470","P2rx4","chr5","+",122862656,122862737,81,"Regular (>50bp)",0.112,0.000794349425605419
"chr7:99962412:99962572:99960058:99966248:SE","SE","ENSMUSG00000051048","P4ha3","chr7","+",99962412,99962572,160,"Regular (>50bp)",0.213,0.0115301299660962
"chr7:99963814:99963877:99960058:99966248:SE","SE","ENSMUSG00000051048","P4ha3","chr7","+",99963814,99963877,63,"Regular (>50bp)",0.26,0.0160547083805192
"chr15:83267823:83267829:83266084:83269187:SE","SE","ENSMUSG00000016664","Pacsin2","chr15","-",83267823,83267829,6,"Microexon (0-30bp)",0.132,1.47590581058568e-08
"chr9:45895148:45895337:45890027:45895479:SE","SE","ENSMUSG00000003131","Pafah1b2","chr9","-",45895148,45895337,189,"Regular (>50bp)",-0.491,0.000893996380585415
"chr18:35733097:35733170:35731812:35741790:SE","SE","ENSMUSG00000037058","Paip2","chr18","+",35733097,35733170,73,"Regular (>50bp)",0.423,1.06160668563504e-06
"chr18:35741790:35741872:35731812:35742645:SE","SE","ENSMUSG00000037058","Paip2","chr18","+",35741790,35741872,82,"Regular (>50bp)",-0.261,0.00583729528933631
"chr18:35741790:35741872:35732811:35743923:SE","SE","ENSMUSG00000037058","Paip2","chr18","+",35741790,35741872,82,"Regular (>50bp)",-0.442,0.0224630764273715
"chr18:35741790:35741872:35733170:35743923:SE","SE","ENSMUSG00000037058","Paip2","chr18","+",35741790,35741872,82,"Regular (>50bp)",-0.309,3.17370266977382e-06
"chr18:35742645:35742726:35733170:35743923:SE","SE","ENSMUSG00000037058","Paip2","chr18","+",35742645,35742726,81,"Regular (>50bp)",-0.142,0.0387226345534778
"chr7:139707420:139707620:139697269:139708930:SE","SE","ENSMUSG00000025464","Paox","chr7","+",139707420,139707620,200,"Regular (>50bp)",-0.104,0.000196788169873013
"chr6:127448510:127448631:127447793:127451198:SE","SE","ENSMUSG00000037997","Parp11","chr6","+",127448510,127448631,121,"Regular (>50bp)",0.298,0.00106953072186993
"chr8:70316961:70317200:70311803:70317473:SE","SE","ENSMUSG00000031860","Pbx4","chr8","+",70316961,70317200,239,"Regular (>50bp)",-0.176,0.00802435137533353
"chr10:76686055:76686182:76683646:76728390:SE","SE","ENSMUSG00000001120","Pcbp3","chr10","-",76686055,76686182,127,"Regular (>50bp)",0.179,3.76564719817768e-08
"chr11:97590031:97590126:97588886:97590361:SE","SE","ENSMUSG00000018537","Pcgf2","chr11","-",97590031,97590126,95,"Regular (>50bp)",-0.328,0.000699996299511696
"chr1:7190417:7190839:7159440:7217860:SE","SE","ENSMUSG00000051285","Pcmtd1","chr1","+",7190417,7190839,422,"Regular (>50bp)",-0.16,4.97860633454228e-05
"chr10:80159316:80159434:80159009:80159506:SE","SE","ENSMUSG00000020131","Pcsk4","chr10","-",80159316,80159434,118,"Regular (>50bp)",-0.313,0.0054059057236589
"chr10:80159506:80159610:80159434:80159687:SE","SE","ENSMUSG00000020131","Pcsk4","chr10","-",80159506,80159610,104,"Regular (>50bp)",0.157,0.000305532660300201
"chr11:120503671:120503909:120503427:120504204:SE","SE","ENSMUSG00000025137","Pcyt2","chr11","-",120503671,120503909,238,"Regular (>50bp)",-0.138,3.88207186786632e-06
"chr8:71201016:71201171:71200805:71201559:SE","SE","ENSMUSG00000031842","Pde4c","chr8","+",71201016,71201171,155,"Regular (>50bp)",-0.141,0.0384195047672438
"chr17:32305003:32305082:32303066:32306732:SE","SE","ENSMUSG00000121449","Pdxk-ps","chr17","-",32305003,32305082,79,"Regular (>50bp)",-0.243,9.5615601370151e-05
"chr19:45018178:45018250:45017762:45018418:SE","SE","ENSMUSG00000074818","Pdzd7","chr19","-",45018178,45018250,72,"Regular (>50bp)",0.109,0.000293312964848174
"chr9:56281659:56281723:56168046:56325224:SE","SE","ENSMUSG00000074305","Peak1","chr9","-",56281659,56281723,64,"Regular (>50bp)",-0.137,0.00142757390026652
"chr11:106571857:106571911:106570437:106573705:SE","SE","ENSMUSG00000020717","Pecam1","chr11","-",106571857,106571911,54,"Regular (>50bp)",0.118,0.000884537230798935
"chr1:72315324:72315490:72314126:72316445:SE","SE","ENSMUSG00000026189","Pecr","chr1","-",72315324,72315490,166,"Regular (>50bp)",-0.124,0
"chr7:6715948:6716011:6715774:6719052:SE","SE","ENSMUSG00000002265","Peg3","chr7","-",6715948,6716011,63,"Regular (>50bp)",0.146,3.15126704685508e-08
"chr2:11480564:11480617:11479354:11482846:SE","SE","ENSMUSG00000026773","Pfkfb3","chr2","-",11480564,11480617,53,"Regular (>50bp)",0.127,0.000137958189414285
"chr7:101872585:101872697:101859798:101885300:SE","SE","ENSMUSG00000030990","Pgap2","chr7","+",101872585,101872697,112,"Regular (>50bp)",0.105,0.0297295277805289
"chr6:122309480:122309612:122302909:122310249:SE","SE","ENSMUSG00000040669","Phc1","chr6","-",122309480,122309612,132,"Regular (>50bp)",-0.108,0.0216985677542389
"chr4:128635708:128635877:128621992:128637146:SE","SE","ENSMUSG00000028796","Phc2","chr4","+",128635708,128635877,169,"Regular (>50bp)",-0.202,0.0134963564687648
"chr2:34788935:34789023:34788171:34789594:SE","SE","ENSMUSG00000026873","Phf19","chr2","-",34788935,34789023,88,"Regular (>50bp)",-0.179,0.00095682049486633
"chr15:66469513:66469603:66469296:66475875:SE","SE","ENSMUSG00000072501","Phf20l1","chr15","+",66469513,66469603,90,"Regular (>50bp)",0.114,0.0374634334301523
"chr14:30961076:30961193:30960439:30961587:SE","SE","ENSMUSG00000021902","Phf7","chr14","-",30961076,30961193,117,"Regular (>50bp)",0.114,0.0166968571772713
"chr9:44610123:44610168:44609517:44610643:SE","SE","ENSMUSG00000048537","Phldb1","chr9","-",44610123,44610168,45,"Small (30-50bp)",0.15,2.99483816655085e-06
"chr7:89843480:89843504:89840961:89844862:SE","SE","ENSMUSG00000039361","Picalm","chr7","+",89843480,89843504,24,"Microexon (0-30bp)",0.118,1.15267724231651e-07
"chr17:26153067:26153247:26150801:26153731:SE","SE","ENSMUSG00000025728","Pigq","chr17","-",26153067,26153247,180,"Regular (>50bp)",-0.281,0.0364954119179782
"chr7:116041825:116041913:116017816:116042538:SE","SE","ENSMUSG00000030660","Pik3c2a","chr7","-",116041825,116041913,88,"Regular (>50bp)",0.115,0.0355883330525339
"chr2:18870922:18870961:18857737:18893862:SE","SE","ENSMUSG00000026737","Pip4k2a","chr2","-",18870922,18870961,39,"Small (30-50bp)",-0.154,0.01412193452692
"chr5:104638509:104638630:104637280:104642758:SE","SE","ENSMUSG00000034462","Pkd2","chr5","+",104638509,104638630,121,"Regular (>50bp)",0.212,0.00312821758295085
"chr4:138606733:138606807:138605383:138607661:SE","SE","ENSMUSG00000028751","Pla2g2e","chr4","+",138606733,138606807,74,"Regular (>50bp)",0.219,1.30840166287909e-12
"chr15:79211834:79211914:79202210:79212409:SE","SE","ENSMUSG00000042632","Pla2g6","chr15","-",79211834,79211914,80,"Regular (>50bp)",-0.126,0.00140286639784641
"chr2:135806971:135807007:135803739:135808944:SE","SE","ENSMUSG00000039943","Plcb4","chr2","+",135806971,135807007,36,"Small (30-50bp)",0.112,1.34928027767139e-10
"chr4:155069822:155069849:155069422:155070671:SE","SE","ENSMUSG00000029055","Plch2","chr4","-",155069822,155069849,27,"Microexon (0-30bp)",0.144,0.0428140432341417
"chr15:76078165:76078201:76077687:76078540:SE","SE","ENSMUSG00000022565","Plec","chr15","-",76078165,76078201,36,"Small (30-50bp)",0.101,0
"chr7:45179905:45180082:45179557:45181681:SE","SE","ENSMUSG00000040428","Plekha4","chr7","+",45179905,45180082,177,"Regular (>50bp)",0.177,0.0111124707435613
"chr6:140501676:140501796:140498524:140515078:SE","SE","ENSMUSG00000030231","Plekha5","chr6","+",140501676,140501796,120,"Regular (>50bp)",0.13,0.000154721940580891
"chr6:140526072:140526261:140525202:140527693:SE","SE","ENSMUSG00000030231","Plekha5","chr6","+",140526072,140526261,189,"Regular (>50bp)",-0.121,0.0384734592046101
"chr1:133202530:133202617:133202112:133208076:SE","SE","ENSMUSG00000041757","Plekha6","chr1","+",133202530,133202617,87,"Regular (>50bp)",0.174,0.000611157526358838
"chr1:133202530:133202617:133202112:133209520:SE","SE","ENSMUSG00000041757","Plekha6","chr1","+",133202530,133202617,87,"Regular (>50bp)",0.306,8.11253084908894e-12
"chr1:133203549:133203603:133202112:133207110:SE","SE","ENSMUSG00000041757","Plekha6","chr1","+",133203549,133203603,54,"Regular (>50bp)",0.337,0.0392796815597014
"chr1:133203549:133203603:133202617:133208076:SE","SE","ENSMUSG00000041757","Plekha6","chr1","+",133203549,133203603,54,"Regular (>50bp)",0.158,0.0308872235256755
"chr1:133207110:133207191:133202112:133208076:SE","SE","ENSMUSG00000041757","Plekha6","chr1","+",133207110,133207191,81,"Regular (>50bp)",0.104,0.00109266785888335
"chr1:133208076:133208145:133202112:133209520:SE","SE","ENSMUSG00000041757","Plekha6","chr1","+",133208076,133208145,69,"Regular (>50bp)",0.141,9.20097835381683e-05
"chr1:133213984:133214134:133213124:133215207:SE","SE","ENSMUSG00000041757","Plekha6","chr1","+",133213984,133214134,150,"Regular (>50bp)",0.117,0.000154721148876484
"chr7:115747487:115747568:115744473:115753867:SE","SE","ENSMUSG00000045659","Plekha7","chr7","-",115747487,115747568,81,"Regular (>50bp)",0.228,0.0371142851659549
"chr8:27539201:27539336:27535163:27542263:SE","SE","ENSMUSG00000031485","Plpbp","chr8","+",27539201,27539336,135,"Regular (>50bp)",-0.104,0.0262141185110006
"chr1:74326250:74326367:74325169:74386543:SE","SE","ENSMUSG00000026179","Pnkd","chr1","+",74326250,74326367,117,"Regular (>50bp)",0.117,2.07566263647578e-07
"chr17:46505127:46505342:46501702:46509559:SE","SE","ENSMUSG00000023953","Polh","chr17","-",46505127,46505342,215,"Regular (>50bp)",-0.176,8.32944792351792e-09
"chr9:121824132:121824179:121824016:121824941:SE","SE","ENSMUSG00000066235","Pomgnt2","chr9","-",121824132,121824179,47,"Small (30-50bp)",0.398,0.00431860832987468
"chr9:121824132:121824183:121824016:121824941:SE","SE","ENSMUSG00000066235","Pomgnt2","chr9","-",121824132,121824183,51,"Regular (>50bp)",0.281,0.0132100193355873
"chr6:25798007:25798054:25794673:25805873:SE","SE","ENSMUSG00000029676","Pot1a","chr6","-",25798007,25798054,47,"Small (30-50bp)",-0.18,0.00594642261840523
"chr3:133045023:133045110:133016042:133073583:SE","SE","ENSMUSG00000028013","Ppa2","chr3","+",133045023,133045110,87,"Regular (>50bp)",-0.221,0.000473076453027528
"chr7:144056603:144056633:144054140:144058639:SE","SE","ENSMUSG00000037519","Ppfia1","chr7","-",144056603,144056633,30,"Microexon (0-30bp)",0.265,7.93719172020803e-12
"chr7:44992976:44993003:44991925:44993164:SE","SE","ENSMUSG00000003863","Ppfia3","chr7","-",44992976,44993003,27,"Microexon (0-30bp)",0.239,5.1877029221982e-09
"chr7:107327922:107327955:107326992:107328345:SE","SE","ENSMUSG00000036528","Ppfibp2","chr7","+",107327922,107327955,33,"Small (30-50bp)",0.114,0.000795244334296005
"chr15:93318164:93318371:93296342:93321894:SE","SE","ENSMUSG00000036167","Pphln1","chr15","+",93318164,93318371,207,"Regular (>50bp)",-0.129,0.0429116380875512
"chr2:69561834:69561924:69553707:69562540:SE","SE","ENSMUSG00000042133","Ppig","chr2","+",69561834,69561924,90,"Regular (>50bp)",-0.251,0.0365275811240257
"chr15:76573527:76573694:76555962:76574371:SE","SE","ENSMUSG00000033819","Ppp1r16a","chr15","+",76573527,76573694,167,"Regular (>50bp)",0.114,0.0280678457845143
"chr7:138472118:138472231:138448433:138474729:SE","SE","ENSMUSG00000041769","Ppp2r2d","chr7","+",138472118,138472231,113,"Regular (>50bp)",-0.426,0.00326530360508196
"chr2:173431580:173431741:173431467:173433909:SE","SE","ENSMUSG00000121504","Ppp4r1l-ps","chr2","-",173431580,173431741,161,"Regular (>50bp)",-0.125,0.00064382463247612
"chr2:173431580:173432589:173431467:173433909:SE","SE","ENSMUSG00000121504","Ppp4r1l-ps","chr2","-",173431580,173432589,1009,"Regular (>50bp)",-0.127,0.000578400887225834
"chr2:173442558:173442835:173441480:173447957:SE","SE","ENSMUSG00000121504","Ppp4r1l-ps","chr2","-",173442558,173442835,277,"Regular (>50bp)",-0.106,0.0478460550034406
"chr2:173446298:173446390:173441480:173447957:SE","SE","ENSMUSG00000121504","Ppp4r1l-ps","chr2","-",173446298,173446390,92,"Regular (>50bp)",-0.14,0.0142432199143336
"chr2:173448934:173449122:173446390:173450525:SE","SE","ENSMUSG00000121504","Ppp4r1l-ps","chr2","-",173448934,173449122,188,"Regular (>50bp)",0.3,0.00709252141893229
"chr2:173490962:173491160:173438980:173501115:SE","SE","ENSMUSG00000121504","Ppp4r1l-ps","chr2","-",173490962,173491160,198,"Regular (>50bp)",-0.244,0.00201368032987911
"chr2:173490962:173491160:173457369:173501115:SE","SE","ENSMUSG00000121504","Ppp4r1l-ps","chr2","-",173490962,173491160,198,"Regular (>50bp)",-0.188,3.21565627657686e-05
"chr19:3509746:3509764:3509480:3514544:SE","SE","ENSMUSG00000024908","Ppp6r3","chr19","-",3509746,3509764,18,"Microexon (0-30bp)",0.211,0
"chr12:17043453:17043574:17042320:17045614:SE","SE","ENSMUSG00000045679","Pqlc3","chr12","-",17043453,17043574,121,"Regular (>50bp)",-0.136,0.000946648483951806
"chr12:17047496:17047704:17045645:17047774:SE","SE","ENSMUSG00000045679","Pqlc3","chr12","-",17047496,17047704,208,"Regular (>50bp)",-0.234,0.000894816080795114
"chr12:65090316:65090385:65090131:65090541:SE","SE","ENSMUSG00000035597","Prpf39","chr12","+",65090316,65090385,69,"Regular (>50bp)",-0.126,0.000428683462664967
"chr13:35083297:35083438:35083206:35083813:SE","SE","ENSMUSG00000021413","Prpf4b","chr13","+",35083297,35083438,141,"Regular (>50bp)",-0.234,2.53480687567769e-10
"chr2:32102898:32104959:32102303:32106057:SE","SE","ENSMUSG00000039262","Prrc2b","chr2","+",32102898,32104959,2061,"Regular (>50bp)",0.157,0
"chr1:162501667:162501720:162501225:162504259:SE","SE","ENSMUSG00000040225","Prrc2c","chr1","-",162501667,162501720,53,"Regular (>50bp)",-0.185,0.000651537906469661
"chr1:162501671:162501720:162501225:162503173:SE","SE","ENSMUSG00000040225","Prrc2c","chr1","-",162501671,162501720,49,"Small (30-50bp)",-0.121,3.14841122952943e-07
"chr19:17189655:17189694:17185693:17193689:SE","SE","ENSMUSG00000039126","Prune2","chr19","+",17189655,17189694,39,"Small (30-50bp)",0.113,0.0330137103152969
"chr19:17189655:17189694:17189077:17193689:SE","SE","ENSMUSG00000039126","Prune2","chr19","+",17189655,17189694,39,"Small (30-50bp)",0.116,0.00583089718009933
"chr19:17193689:17193737:17185693:17198147:SE","SE","ENSMUSG00000039126","Prune2","chr19","+",17193689,17193737,48,"Small (30-50bp)",0.118,0.0452451347637844
"chr13:64445068:64445200:64423670:64456635:SE","SE","ENSMUSG00000021482","Prxl2c","chr13","-",64445068,64445200,132,"Regular (>50bp)",0.127,0.00371690750469796
"chr19:46315336:46315446:46314661:46315522:SE","SE","ENSMUSG00000037126","Psd","chr19","-",46315336,46315446,110,"Regular (>50bp)",-0.107,0.0379609693782597
"chr14:45567822:45567978:45567560:45568286:SE","SE","ENSMUSG00000021832","Psmc6","chr14","+",45567822,45567978,156,"Regular (>50bp)",-0.2,0.0355883330525339
"chr8:95317800:95317916:95316035:95318196:SE","SE","ENSMUSG00000031774","Psme3ip1","chr8","-",95317800,95317916,116,"Regular (>50bp)",0.36,0.000184545359371775
"chr7:130975264:130975559:130973118:130975793:SE","SE","ENSMUSG00000063179","Pstk","chr7","+",130975264,130975559,295,"Regular (>50bp)",-0.194,9.64503146274737e-06
"chr6:71866577:71866670:71866353:71870365:SE","SE","ENSMUSG00000063884","Ptcd3","chr6","-",71866577,71866670,93,"Regular (>50bp)",-0.241,0.0012739179402556
"chr15:73236889:73237044:73202864:73263607:SE","SE","ENSMUSG00000022607","Ptk2","chr15","-",73236889,73237044,155,"Regular (>50bp)",-0.277,1.82144288951477e-05
"chr15:73236889:73237044:73202864:73266496:SE","SE","ENSMUSG00000022607","Ptk2","chr15","-",73236889,73237044,155,"Regular (>50bp)",-0.161,0.0209261309066298
"chr10:116013622:116013733:115998515:116024104:SE","SE","ENSMUSG00000020151","Ptprr","chr10","+",116013622,116013733,111,"Regular (>50bp)",0.427,0.00195157682816876
"chr15:75946455:75946506:75944417:75947390:SE","SE","ENSMUSG00000002524","Puf60","chr15","-",75946455,75946506,51,"Regular (>50bp)",0.103,1.15926029246631e-07
"chr5:23968331:23968349:23967472:23973765:SE","SE","ENSMUSG00000057541","Pus7","chr5","-",23968331,23968349,18,"Microexon (0-30bp)",0.11,0.00249790685408837
"chr15:61978972:61979314:61910050:62114022:SE","SE","ENSMUSG00000097039","Pvt1","chr15","+",61978972,61979314,342,"Regular (>50bp)",-0.211,0.000722167580853768
"chr15:62021087:62021201:61910050:62047315:SE","SE","ENSMUSG00000097039","Pvt1","chr15","+",62021087,62021201,114,"Regular (>50bp)",0.143,0.0249316195848359
"chr15:62021087:62021201:61910050:62114022:SE","SE","ENSMUSG00000097039","Pvt1","chr15","+",62021087,62021201,114,"Regular (>50bp)",-0.103,0.0018368691764503
"chr15:62031845:62031977:61910050:62114022:SE","SE","ENSMUSG00000097039","Pvt1","chr15","+",62031845,62031977,132,"Regular (>50bp)",-0.211,0.000992881216836525
"chr5:115686340:115687171:115685007:115688179:SE","SE","ENSMUSG00000029528","Pxn","chr5","+",115686340,115687171,831,"Regular (>50bp)",0.501,0.000449868046760911
"chr10:128586151:128586206:128584435:128601015:SE","SE","ENSMUSG00000064030","Pym1","chr10","+",128586151,128586206,55,"Regular (>50bp)",0.113,5.65454028343824e-05
"chr10:127317561:127317624:127312567:127319844:SE","SE","ENSMUSG00000025404","R3hdm2","chr10","+",127317561,127317624,63,"Regular (>50bp)",0.107,0
"chr10:127317561:127317663:127307869:127319844:SE","SE","ENSMUSG00000025404","R3hdm2","chr10","+",127317561,127317663,102,"Regular (>50bp)",0.148,0.0118247305038172
"chr10:127317561:127317663:127312567:127319844:SE","SE","ENSMUSG00000025404","R3hdm2","chr10","+",127317561,127317663,102,"Regular (>50bp)",0.177,0
"chr9:64633905:64634099:64624270:64644865:SE","SE","ENSMUSG00000004771","Rab11a","chr9","-",64633905,64634099,194,"Regular (>50bp)",-0.167,0.000721898378352942
"chr8:27641624:27643187:27640831:27644173:SE","SE","ENSMUSG00000031488","Rab11fip1","chr8","-",27641624,27643187,1563,"Regular (>50bp)",0.102,1.94409167542602e-06
"chr6:85317324:85319343:85314652:85324761:SE","SE","ENSMUSG00000051343","Rab11fip5","chr6","-",85317324,85319343,2019,"Regular (>50bp)",0.117,0.0409838238074037
"chr11:115051263:115051340:115051181:115051460:SE","SE","ENSMUSG00000020732","Rab37","chr11","+",115051263,115051340,77,"Regular (>50bp)",-0.178,0.000132455907333545
"chr1:127869330:127869351:127866885:127870110:SE","SE","ENSMUSG00000036104","Rab3gap1","chr1","+",127869330,127869351,21,"Microexon (0-30bp)",0.191,7.9279837253698e-07
"chr19:10005648:10005867:10005001:10007513:SE","SE","ENSMUSG00000024663","Rab3il1","chr19","+",10005648,10005867,219,"Regular (>50bp)",0.181,0.0223369181215424
"chr15:99541273:99541404:99540852:99549387:SE","SE","ENSMUSG00000023015","Racgap1","chr15","-",99541273,99541404,131,"Regular (>50bp)",-0.147,1.11848013901345e-10
"chr6:112605422:112605485:112597865:112621548:SE","SE","ENSMUSG00000030254","Rad18","chr6","-",112605422,112605485,63,"Regular (>50bp)",0.107,0.0423353806275362
"chr8:85564635:85564763:85564222:85565097:SE","SE","ENSMUSG00000003813","Rad23a","chr8","-",85564635,85564763,128,"Regular (>50bp)",-0.209,0.000948284233830729
"chr2:33045299:33045351:33036662:33047783:SE","SE","ENSMUSG00000038831","Ralgps1","chr2","-",33045299,33045351,52,"Regular (>50bp)",0.167,0.00819283384841814
"chr2:33047783:33047941:33036665:33048921:SE","SE","ENSMUSG00000038831","Ralgps1","chr2","-",33047783,33047941,158,"Regular (>50bp)",0.157,0.0316311016764184
"chr11:74458041:74458077:74375797:74487707:SE","SE","ENSMUSG00000038807","Rap1gap2","chr11","-",74458041,74458077,36,"Small (30-50bp)",0.148,0.0299974855054127
"chr2:29609604:29609862:29600320:29610654:SE","SE","ENSMUSG00000039844","Rapgef1","chr2","+",29609604,29609862,258,"Regular (>50bp)",0.162,0.000387121321798303
"chr2:29609604:29609862:29600320:29612235:SE","SE","ENSMUSG00000039844","Rapgef1","chr2","+",29609604,29609862,258,"Regular (>50bp)",0.128,0.0424017922163595
"chr11:54452150:54452220:54437255:54459178:SE","SE","ENSMUSG00000037533","Rapgef6","chr11","+",54452150,54452220,70,"Regular (>50bp)",-0.183,0.000368485976317547
"chr11:54542574:54542589:54540165:54548071:SE","SE","ENSMUSG00000037533","Rapgef6","chr11","+",54542574,54542589,15,"Microexon (0-30bp)",0.211,0.000564883834454027
"chr9:96448068:96448175:96442834:96451072:SE","SE","ENSMUSG00000032413","Rasa2","chr9","-",96448068,96448175,107,"Regular (>50bp)",-0.198,4.69237267447185e-08
"chr9:96450416:96450540:96442834:96451072:SE","SE","ENSMUSG00000032413","Rasa2","chr9","-",96450416,96450540,124,"Regular (>50bp)",-0.137,8.3645898467828e-08
"chr7:140796941:140797625:140796764:140797798:SE","SE","ENSMUSG00000038618","Rassf7","chr7","+",140796941,140797625,684,"Regular (>50bp)",-0.112,0.000938360937500695
"chr7:140797500:140797625:140796764:140797798:SE","SE","ENSMUSG00000038618","Rassf7","chr7","+",140797500,140797625,125,"Regular (>50bp)",-0.12,0.00115252307102536
"chr14:59444252:59444379:59443171:59447376:SE","SE","ENSMUSG00000035469","Rcbtb1","chr14","+",59444252,59444379,127,"Regular (>50bp)",-0.509,0.0068701276387848
"chr1:38147484:38147548:38138102:38168542:SE","SE","ENSMUSG00000026082","Rev1","chr1","-",38147484,38147548,64,"Regular (>50bp)",-0.111,6.57950000471446e-05
"chr7:119423267:119423362:119423117:119426525:SE","SE","ENSMUSG00000030924","Rexo5","chr7","+",119423267,119423362,95,"Regular (>50bp)",0.105,0.00213734272654972
"chr19:27814806:27814881:27808192:27827110:SE","SE","ENSMUSG00000040929","Rfx3","chr19","-",27814806,27814881,75,"Regular (>50bp)",0.122,0.00107656566006517
"chr1:174903582:174903663:174894260:174904389:SE","SE","ENSMUSG00000026527","Rgs7","chr1","-",174903582,174903663,81,"Regular (>50bp)",-0.187,0.00596161908602796
"chr1:174904389:174904443:174887360:174905754:SE","SE","ENSMUSG00000026527","Rgs7","chr1","-",174904389,174904443,54,"Regular (>50bp)",0.194,0.000686295973082051
"chr1:174904389:174904443:174894260:174905754:SE","SE","ENSMUSG00000026527","Rgs7","chr1","-",174904389,174904443,54,"Regular (>50bp)",0.247,0.0436764758913934
"chr12:109609847:109609895:109606762:109611695:SE","SE","ENSMUSG00000097451","Rian","chr12","+",109609847,109609895,48,"Small (30-50bp)",0.123,0.0423969470140858
"chr7:140437894:140438185:140437467:140438279:SE","SE","ENSMUSG00000025485","Ric8a","chr7","+",140437894,140438185,291,"Regular (>50bp)",-0.42,0.00127786254016389
"chr4:119338188:119338249:119335218:119349493:SE","SE","ENSMUSG00000048899","Rimkla","chr4","-",119338188,119338249,61,"Regular (>50bp)",0.227,1.48762805021752e-05
"chr11:61344253:61344322:61343739:61344444:SE","SE","ENSMUSG00000010086","Rnf112","chr11","-",61344253,61344322,69,"Regular (>50bp)",-0.188,0.000491642700895875
"chr11:61344253:61344322:61343773:61344444:SE","SE","ENSMUSG00000010086","Rnf112","chr11","-",61344253,61344322,69,"Regular (>50bp)",-0.368,0.000243901099516242
"chr18:38433481:38433643:38429851:38446264:SE","SE","ENSMUSG00000060450","Rnf14","chr18","+",38433481,38433643,162,"Regular (>50bp)",-0.266,2.3563718668974e-05
"chr18:38440917:38441448:38429851:38446264:SE","SE","ENSMUSG00000060450","Rnf14","chr18","+",38440917,38441448,531,"Regular (>50bp)",-0.262,4.81587800938116e-06
"chr10:29237280:29237341:29230443:29237959:SE","SE","ENSMUSG00000038876","Rnf146","chr10","-",29237280,29237341,61,"Regular (>50bp)",0.111,0.010811363765485
"chr11:116231163:116231204:116229656:116235020:SE","SE","ENSMUSG00000052949","Rnf157","chr11","-",116231163,116231204,41,"Small (30-50bp)",0.238,4.1730234038217e-08
"chr13:43819233:43819298:43769543:43821235:SE","SE","ENSMUSG00000044164","Rnf182","chr13","+",43819233,43819298,65,"Regular (>50bp)",0.115,0.00379761135967753
"chr2:119617701:119617778:119614451:119617895:SE","SE","ENSMUSG00000034032","Rpap1","chr2","-",119617701,119617778,77,"Regular (>50bp)",-0.138,0.00302989543199504
"chr4:135775122:135775164:135756016:135778481:SE","SE","ENSMUSG00000059291","Rpl11","chr4","-",135775122,135775164,42,"Small (30-50bp)",0.139,0.00346619934067699
"chr3:95693631:95693763:95692418:95694595:SE","SE","ENSMUSG00000028106","Rprd2","chr3","-",95693631,95693763,132,"Regular (>50bp)",0.27,2.07777865641766e-07
"chr5:123884834:123884933:123883652:123887351:SE","SE","ENSMUSG00000029422","Rsrc2","chr5","-",123884834,123884933,99,"Regular (>50bp)",-0.133,8.59740106300302e-05
"chr11:29656409:29658770:29655591:29683632:SE","SE","ENSMUSG00000020458","Rtn4","chr11","+",29656409,29658770,2361,"Regular (>50bp)",-0.197,1.92788115568587e-11
"chr16:32661906:32661951:32658723:32663367:SE","SE","ENSMUSG00000035629","Rubcn","chr16","-",32661906,32661951,45,"Small (30-50bp)",0.329,0
"chr3:146390687:146390884:146368537:146391190:SE","SE","ENSMUSG00000048652","Samd13","chr3","-",146390687,146390884,197,"Regular (>50bp)",0.377,0.0163937500737733
"chr3:146390687:146390895:146386602:146391190:SE","SE","ENSMUSG00000048652","Samd13","chr3","-",146390687,146390895,208,"Regular (>50bp)",-0.103,0.0333825528160974
"chr14:47290306:47290570:47254252:47301676:SE","SE","ENSMUSG00000021838","Samd4","chr14","+",47290306,47290570,264,"Regular (>50bp)",-0.15,0.0145516858827349
"chr15:89191374:89191398:89191138:89191695:SE","SE","ENSMUSG00000036529","Sbf1","chr15","-",89191374,89191398,24,"Microexon (0-30bp)",0.134,0
"chr7:109940496:109940571:109939281:109948061:SE","SE","ENSMUSG00000038371","Sbf2","chr7","-",109940496,109940571,75,"Regular (>50bp)",0.239,2.67972427983008e-05
"chr15:75921305:75921389:75921150:75921898:SE","SE","ENSMUSG00000022568","Scrib","chr15","-",75921305,75921389,84,"Regular (>50bp)",-0.132,2.11757429750358e-07
"chr16:35167968:35168163:35149983:35181930:SE","SE","ENSMUSG00000034473","Sec22a","chr16","-",35167968,35168163,195,"Regular (>50bp)",-0.144,1.3670622159289e-07
"chr14:20735279:20735348:20734089:20736576:SE","SE","ENSMUSG00000039367","Sec24c","chr14","+",20735279,20735348,69,"Regular (>50bp)",0.143,0.00375217365350685
"chr19:44531704:44531828:44524692:44532139:SE","SE","ENSMUSG00000051984","Sec31b","chr19","-",44531704,44531828,124,"Regular (>50bp)",0.165,0.00362022944500785
"chr2:5881651:5881812:5879229:5887391:SE","SE","ENSMUSG00000025816","Sec61a2","chr2","-",5881651,5881812,161,"Regular (>50bp)",0.101,0.03498916745618
"chr2:5887391:5887501:5881812:5891309:SE","SE","ENSMUSG00000025816","Sec61a2","chr2","-",5887391,5887501,110,"Regular (>50bp)",-0.139,0.0273040553546727
"chr11:120959860:120959914:120959672:120960413:SE","SE","ENSMUSG00000025165","Sectm1a","chr11","-",120959860,120959914,54,"Regular (>50bp)",0.276,3.3470602441056e-05
"chr1:93407185:93407321:93406902:93416845:SE","SE","ENSMUSG00000026276","Septin2","chr1","+",93407185,93407321,136,"Regular (>50bp)",-0.169,0.0418270079576347
"chr17:6119573:6119663:6117935:6122108:SE","SE","ENSMUSG00000015659","Serac1","chr17","-",6119573,6119663,90,"Regular (>50bp)",0.163,0.0054059057236589
"chr16:93387143:93388191:93386973:93393185:SE","SE","ENSMUSG00000022948","Setd4","chr16","-",93387143,93388191,1048,"Regular (>50bp)",-0.186,0.0173250062120832
"chr16:93387761:93388191:93384788:93393185:SE","SE","ENSMUSG00000022948","Setd4","chr16","-",93387761,93388191,430,"Regular (>50bp)",0.209,0.000896301480330683
"chr16:93390134:93390220:93388191:93393185:SE","SE","ENSMUSG00000022948","Setd4","chr16","-",93390134,93390220,86,"Regular (>50bp)",0.142,0.000212681288948456
"chr8:96442980:96443122:96442591:96444820:SE","SE","ENSMUSG00000031671","Setd6","chr8","+",96442980,96443122,142,"Regular (>50bp)",-0.278,0.0369735612330791
"chr8:96443548:96443669:96443429:96444820:SE","SE","ENSMUSG00000031671","Setd6","chr8","+",96443548,96443669,121,"Regular (>50bp)",-0.106,0.00028535479141325
"chr6:4711307:4711380:4694184:4746979:SE","SE","ENSMUSG00000004631","Sgce","chr6","-",4711307,4711380,73,"Regular (>50bp)",-0.315,0.00242929849777765
"chr4:102757722:102757734:102727921:102766004:SE","SE","ENSMUSG00000028524","Sgip1","chr4","+",102757722,102757734,12,"Microexon (0-30bp)",0.461,0.00482199685480026
"chr4:102762761:102762773:102727921:102766004:SE","SE","ENSMUSG00000028524","Sgip1","chr4","+",102762761,102762773,12,"Microexon (0-30bp)",0.167,0.012020875500013
"chr4:102791742:102791802:102786109:102813295:SE","SE","ENSMUSG00000028524","Sgip1","chr4","+",102791742,102791802,60,"Regular (>50bp)",0.135,0.00938056998262256
"chr19:32237375:32237497:32137763:32266940:SE","SE","ENSMUSG00000040451","Sgms1","chr19","-",32237375,32237497,122,"Regular (>50bp)",0.14,0.00324301571806219
"chr4:137980922:137981000:137977819:137981583:SE","SE","ENSMUSG00000045349","Sh2d5","chr4","+",137980922,137981000,78,"Regular (>50bp)",0.258,0.0165568200991455
"chr4:137981141:137981269:137977819:137981583:SE","SE","ENSMUSG00000045349","Sh2d5","chr4","+",137981141,137981269,128,"Regular (>50bp)",0.142,6.17558934727634e-05
"chr2:30239237:30239249:30238629:30240299:SE","SE","ENSMUSG00000026860","Sh3glb2","chr2","-",30239237,30239249,12,"Microexon (0-30bp)",0.228,1.00380021755475e-13
"chrX:158600237:158600294:158599702:158607470:SE","SE","ENSMUSG00000040990","Sh3kbp1","chrX","+",158600237,158600294,57,"Regular (>50bp)",-0.529,0.000846972086302339
"chr19:47271459:47271543:47266869:47275043:SE","SE","ENSMUSG00000053617","Sh3pxd2a","chr19","-",47271459,47271543,84,"Regular (>50bp)",0.109,0.000899116199034486
"chr19:47308714:47308759:47302605:47331878:SE","SE","ENSMUSG00000053617","Sh3pxd2a","chr19","-",47308714,47308759,45,"Small (30-50bp)",0.181,0.0101520790751036
"chr11:32358967:32359051:32357666:32361456:SE","SE","ENSMUSG00000040711","Sh3pxd2b","chr11","+",32358967,32359051,84,"Regular (>50bp)",0.172,6.17558934727634e-05
"chr7:143961792:143961813:143960969:143963198:SE","SE","ENSMUSG00000037541","Shank2","chr7","+",143961792,143961813,21,"Microexon (0-30bp)",0.216,0.00367211715503187
"chr15:89422217:89422241:89417657:89427302:SE","SE","ENSMUSG00000022623","Shank3","chr15","+",89422217,89422241,24,"Microexon (0-30bp)",0.129,0.00370443296087122
"chr2:122185955:122186096:122184678:122187563:SE","SE","ENSMUSG00000033256","Shf","chr2","-",122185955,122186096,141,"Regular (>50bp)",0.133,0.0225009965177799
"chr9:45858838:45858850:45858353:45859133:SE","SE","ENSMUSG00000034908","Sidt2","chr9","-",45858838,45858850,12,"Microexon (0-30bp)",0.156,5.41086159805272e-06
"chr9:45858926:45858995:45858353:45859133:SE","SE","ENSMUSG00000034908","Sidt2","chr9","-",45858926,45858995,69,"Regular (>50bp)",0.116,0.0271632014999059
"chr18:35626197:35626286:35626019:35631843:SE","SE","ENSMUSG00000024357","Sil1","chr18","-",35626197,35626286,89,"Regular (>50bp)",-0.151,0.00834411818933639
"chr19:5711623:5711651:5711139:5712615:SE","SE","ENSMUSG00000056917","Sipa1","chr19","-",5711623,5711651,28,"Microexon (0-30bp)",0.295,6.66291490053471e-05
"chr19:5711623:5711686:5711139:5712615:SE","SE","ENSMUSG00000056917","Sipa1","chr19","-",5711623,5711686,63,"Regular (>50bp)",0.266,0.000136639824794856
"chr8:126149931:126149985:126149441:126166002:SE","SE","ENSMUSG00000001995","Sipa1l2","chr8","-",126149931,126149985,54,"Regular (>50bp)",0.123,0.000471744621888916
"chr7:28467056:28467103:28466292:28471235:SE","SE","ENSMUSG00000015149","Sirt2","chr7","+",28467056,28467103,47,"Small (30-50bp)",0.106,2.07061881689525e-08
"chr11:120509974:120510116:120509875:120510508:SE","SE","ENSMUSG00000025138","Sirt7","chr11","-",120509974,120510116,142,"Regular (>50bp)",-0.221,7.33897502342802e-06
"chr11:120509974:120510116:120509875:120510988:SE","SE","ENSMUSG00000025138","Sirt7","chr11","-",120509974,120510116,142,"Regular (>50bp)",-0.197,5.80152882256624e-11
"chr2:112146585:112146630:112097437:112163727:SE","SE","ENSMUSG00000027130","Slc12a6","chr2","+",112146585,112146630,45,"Small (30-50bp)",0.131,0.00283734158946604
"chr11:120844999:120845094:120839976:120846051:SE","SE","ENSMUSG00000025161","Slc16a3","chr11","+",120844999,120845094,95,"Regular (>50bp)",0.118,2.28682319126952e-06
"chrX:47717012:47717060:47713074:47718128:SE","SE","ENSMUSG00000031105","Slc25a14","chrX","+",47717012,47717060,48,"Small (30-50bp)",0.299,0.0103892994683788
"chr5:67491848:67492011:67487294:67501872:SE","SE","ENSMUSG00000029221","Slc30a9","chr5","+",67491848,67492011,163,"Regular (>50bp)",0.167,0.0153099151197837
"chr13:39128475:39128630:39127142:39139624:SE","SE","ENSMUSG00000021432","Slc35b3","chr13","-",39128475,39128630,155,"Regular (>50bp)",-0.124,0.00343920122050433
"chr6:34149562:34149690:34147509:34153712:SE","SE","ENSMUSG00000018999","Slc35b4","chr6","-",34149562,34149690,128,"Regular (>50bp)",-0.138,0.00102158121601864
"chr6:39349012:39349071:39344700:39354552:SE","SE","ENSMUSG00000029924","Slc37a3","chr6","-",39349012,39349071,59,"Regular (>50bp)",0.136,0.00666265136344891
"chr11:119999292:119999316:119997436:120000257:SE","SE","ENSMUSG00000061306","Slc38a10","chr11","-",119999292,119999316,24,"Microexon (0-30bp)",0.174,0
"chr11:119999292:119999379:119997436:120000257:SE","SE","ENSMUSG00000061306","Slc38a10","chr11","-",119999292,119999379,87,"Regular (>50bp)",0.327,0
"chr12:73390442:73390522:73388534:73391566:SE","SE","ENSMUSG00000044712","Slc38a6","chr12","+",73390442,73390522,80,"Regular (>50bp)",0.319,0.0025309142595526
"chr11:113452831:113452950:113414450:113540767:SE","SE","ENSMUSG00000041654","Slc39a11","chr11","-",113452831,113452950,119,"Regular (>50bp)",0.224,0.0131015827208678
"chr10:80870751:80870843:80869767:80873037:SE","SE","ENSMUSG00000046822","Slc39a3","chr10","-",80870751,80870843,92,"Regular (>50bp)",0.104,1.39934540556634e-05
"chr6:90610592:90610737:90603433:90613838:SE","SE","ENSMUSG00000030089","Slc41a3","chr6","+",90610592,90610737,145,"Regular (>50bp)",0.122,0.0221691937209846
"chr6:90612231:90612378:90603433:90613838:SE","SE","ENSMUSG00000030089","Slc41a3","chr6","+",90612231,90612378,147,"Regular (>50bp)",0.27,0.00296515827413826
"chr18:36662739:36662789:36662382:36662925:SE","SE","ENSMUSG00000024485","Slc4a9","chr18","+",36662739,36662789,50,"Small (30-50bp)",0.264,0.000194381456300803
"chr4:139023084:139023244:139021903:139033753:SE","SE","ENSMUSG00000028744","Slc66a1","chr4","-",139023084,139023244,160,"Regular (>50bp)",-0.155,0.0162967028752829
"chr18:80315676:80315730:80306768:80334790:SE","SE","ENSMUSG00000034006","Slc66a2","chr18","+",80315676,80315730,54,"Regular (>50bp)",-0.121,0.0273691314620483
"chr17:81752297:81752401:81749652:81752915:SE","SE","ENSMUSG00000054640","Slc8a1","chr17","-",81752297,81752401,104,"Regular (>50bp)",-0.193,0.020952190180818
"chr3:135021641:135021711:135013542:135022814:SE","SE","ENSMUSG00000037994","Slc9b2","chr3","+",135021641,135021711,70,"Regular (>50bp)",0.121,0.00112495884205944
"chr3:135024040:135024221:135013542:135027646:SE","SE","ENSMUSG00000037994","Slc9b2","chr3","+",135024040,135024221,181,"Regular (>50bp)",0.13,0.00216689489824584
"chr11:83084868:83085035:83082234:83103369:SE","SE","ENSMUSG00000018986","Slfn3","chr11","+",83084868,83085035,167,"Regular (>50bp)",-0.152,0.0274917979431201
"chr9:70470095:70470143:70466383:70479430:SE","SE","ENSMUSG00000032212","Sltm","chr9","+",70470095,70470143,48,"Small (30-50bp)",-0.132,1.40492843640743e-09
"chr11:43327180:43327259:43324646:43328171:SE","SE","ENSMUSG00000020409","Slu7","chr11","+",43327180,43327259,79,"Regular (>50bp)",0.139,2.58850074362996e-06
"chr7:126291924:126291976:126291831:126294596:SE","SE","ENSMUSG00000059772","Slx1b","chr7","-",126291924,126291976,52,"Regular (>50bp)",-0.111,1.56988893225461e-05
"chr2:136846853:136846974:136842193:136885919:SE","SE","ENSMUSG00000027281","Slx4ip","chr2","+",136846853,136846974,121,"Regular (>50bp)",-0.22,0.00405321759899933
"chr19:26727251:26727347:26725944:26729223:SE","SE","ENSMUSG00000024921","Smarca2","chr19","+",26727251,26727347,96,"Regular (>50bp)",-0.161,0.0188214138995908
"chr19:26727251:26727347:26725903:26729223:SE","SE","ENSMUSG00000024921","Smarca2","chr19","+",26727251,26727347,96,"Regular (>50bp)",0.155,0.000475827687232523
"chr19:26737277:26737331:26729441:26748337:SE","SE","ENSMUSG00000024921","Smarca2","chr19","+",26737277,26737331,54,"Regular (>50bp)",-0.104,0.00063517275812959
"chr4:52440200:52440423:52439334:52447712:SE","SE","ENSMUSG00000028312","Smc2","chr4","+",52440200,52440423,223,"Regular (>50bp)",0.107,0.0106229348014032
"chr11:74872677:74872739:74837045:74880895:SE","SE","ENSMUSG00000038290","Smg6","chr11","+",74872677,74872739,62,"Regular (>50bp)",0.119,0.0106177511211038
"chr5:65608054:65608160:65607780:65617866:SE","SE","ENSMUSG00000037822","Smim14","chr5","-",65608054,65608160,106,"Regular (>50bp)",-0.122,0.011583997547782
"chr16:17453345:17453432:17449921:17456359:SE","SE","ENSMUSG00000005899","Smpd4","chr16","+",17453345,17453432,87,"Regular (>50bp)",0.13,0.00226307760004798
"chr5:144830889:144830967:144830117:144831283:SE","SE","ENSMUSG00000038780","Smurf1","chr5","-",144830889,144830967,78,"Regular (>50bp)",0.11,4.43877997109333e-08
"chr2:136611662:136611780:136605541:136611976:SE","SE","ENSMUSG00000027273","Snap25","chr2","+",136611662,136611780,118,"Regular (>50bp)",-0.111,0.000239161961537944
"chr9:86672108:86672192:86665487:86686507:SE","SE","ENSMUSG00000033419","Snap91","chr9","-",86672108,86672192,84,"Regular (>50bp)",0.209,1.80701390240478e-07
"chr9:86680882:86680897:86665487:86686507:SE","SE","ENSMUSG00000033419","Snap91","chr9","-",86680882,86680897,15,"Microexon (0-30bp)",0.195,0.000122089744963173
"chr2:26268172:26268291:26268079:26268505:SE","SE","ENSMUSG00000036281","Snapc4","chr2","-",26268172,26268291,119,"Regular (>50bp)",-0.164,7.76640955183628e-05
"chr11:97267262:97267367:97263956:97268761:SE","SE","ENSMUSG00000038485","Socs7","chr11","+",97267262,97267367,105,"Regular (>50bp)",0.109,0.000297304927191256
"chr11:97267822:97267924:97263956:97268761:SE","SE","ENSMUSG00000038485","Socs7","chr11","+",97267822,97267924,102,"Regular (>50bp)",0.183,0.000425332355884638
"chr19:40288686:40288746:40287965:40300112:SE","SE","ENSMUSG00000025006","Sorbs1","chr19","-",40288686,40288746,60,"Regular (>50bp)",0.28,3.82068214758142e-08
"chr19:40329128:40329194:40328590:40332799:SE","SE","ENSMUSG00000025006","Sorbs1","chr19","-",40329128,40329194,66,"Regular (>50bp)",0.184,0.00212376547718423
"chr19:40332799:40332883:40329194:40338342:SE","SE","ENSMUSG00000025006","Sorbs1","chr19","-",40332799,40332883,84,"Regular (>50bp)",-0.201,0.0250455332194039
"chr19:40365088:40365247:40362061:40365427:SE","SE","ENSMUSG00000025006","Sorbs1","chr19","-",40365088,40365247,159,"Regular (>50bp)",0.126,0.000149434302068747
"chr19:40371199:40371226:40371077:40381831:SE","SE","ENSMUSG00000025006","Sorbs1","chr19","-",40371199,40371226,27,"Microexon (0-30bp)",0.149,0.0343502534780225
"chr1:85570923:85571067:85570368:85572304:SE","SE","ENSMUSG00000070031","Sp140","chr1","+",85570923,85571067,144,"Regular (>50bp)",-0.183,0.0326254926426773
"chr11:93970024:93970036:93962512:93971565:SE","SE","ENSMUSG00000020859","Spag9","chr11","+",93970024,93970036,12,"Microexon (0-30bp)",0.196,0.00595332956613346
"chr2:167331088:167331288:167328412:167334678:SE","SE","ENSMUSG00000047030","Spata2","chr2","-",167331088,167331288,200,"Regular (>50bp)",-0.36,0.00626746644326413
"chr4:111603337:111603475:111577454:111631995:SE","SE","ENSMUSG00000034401","Spata6","chr4","+",111603337,111603475,138,"Regular (>50bp)",0.11,0.0214906933101873
"chr7:99498363:99498459:99498266:99505619:SE","SE","ENSMUSG00000035227","Spcs2","chr7","-",99498363,99498459,96,"Regular (>50bp)",0.272,0.0107292740115184
"chr7:99498363:99498459:99498266:99512434:SE","SE","ENSMUSG00000035227","Spcs2","chr7","-",99498363,99498459,96,"Regular (>50bp)",-0.291,0.0278011855647572
"chr3:37694668:37694957:37694213:37696703:SE","SE","ENSMUSG00000037211","Spry1","chr3","+",37694668,37694957,289,"Regular (>50bp)",-0.151,0.040402602286648
"chr2:29891111:29891171:29890074:29892242:SE","SE","ENSMUSG00000057738","Sptan1","chr2","+",29891111,29891171,60,"Regular (>50bp)",0.114,5.25885650815677e-12
"chr2:157300762:157300780:157300553:157304629:SE","SE","ENSMUSG00000027646","Src","chr2","+",157300762,157300780,18,"Microexon (0-30bp)",0.119,0.042033003448259
"chr13:103900803:103900927:103900514:103905824:SE","SE","ENSMUSG00000032621","Srek1","chr13","-",103900803,103900927,124,"Regular (>50bp)",0.134,5.42052117477125e-11
"chr5:23829050:23829124:23821388:23834329:SE","SE","ENSMUSG00000062604","Srpk2","chr5","-",23829050,23829124,74,"Regular (>50bp)",0.122,0.000564037152780279
"chr5:23834329:23834475:23753561:23880717:SE","SE","ENSMUSG00000062604","Srpk2","chr5","-",23834329,23834475,146,"Regular (>50bp)",-0.221,0.0395638626112205
"chr5:135895980:135896000:135886069:135897026:SE","SE","ENSMUSG00000039860","Srrm3","chr5","+",135895980,135896000,20,"Microexon (0-30bp)",0.114,0.00026876094254613
"chr5:116592731:116592747:116591772:116605490:SE","SE","ENSMUSG00000063919","Srrm4","chr5","-",116592731,116592747,16,"Microexon (0-30bp)",0.128,0.00306135752008045
"chr5:115466405:115466763:115465757:115468556:SE","SE","ENSMUSG00000029538","Srsf9","chr5","+",115466405,115466763,358,"Regular (>50bp)",0.109,0.0321221891972023
"chr4:106884413:106884494:106866965:106885389:SE","SE","ENSMUSG00000061887","Ssbp3","chr4","+",106884413,106884494,81,"Regular (>50bp)",0.101,1.90927258199199e-05
"chr13:38167070:38167085:38163782:38167368:SE","SE","ENSMUSG00000021427","Ssr1","chr13","-",38167070,38167085,15,"Microexon (0-30bp)",0.156,2.10734500767394e-08
"chr6:17850355:17850424:17848078:17852256:SE","SE","ENSMUSG00000029534","St7","chr6","+",17850355,17850424,69,"Regular (>50bp)",0.107,0.00997582977773716
"chr7:100992390:100992494:100971240:100994841:SE","SE","ENSMUSG00000030688","Stard10","chr7","+",100992390,100992494,104,"Regular (>50bp)",0.239,4.97860633454228e-05
"chr1:16301226:16301315:16300090:16415927:SE","SE","ENSMUSG00000025920","Stau2","chr1","-",16301226,16301315,89,"Regular (>50bp)",-0.106,0.00747971435750785
"chr7:102082403:102082440:102080158:102084590:SE","SE","ENSMUSG00000030987","Stim1","chr7","+",102082403,102082440,37,"Small (30-50bp)",0.188,1.77318356076807e-11
"chr15:35115083:35115104:35114803:35115710:SE","SE","ENSMUSG00000022329","Stk3","chr15","-",35115083,35115104,21,"Microexon (0-30bp)",0.135,2.32344502416303e-10
"chr8:47644667:47644721:47639607:47644873:SE","SE","ENSMUSG00000038143","Stox2","chr8","-",47644667,47644721,54,"Regular (>50bp)",0.109,3.06426728887984e-06
"chr11:106071780:106071809:106064607:106077950:SE","SE","ENSMUSG00000069631","Strada","chr11","-",106071780,106071809,29,"Microexon (0-30bp)",0.157,0.000900127417551208
"chr11:106075387:106075445:106064607:106077950:SE","SE","ENSMUSG00000069631","Strada","chr11","-",106075387,106075445,58,"Regular (>50bp)",0.103,0.000602301753398828
"chr15:83962969:83963098:83961783:83964387:SE","SE","ENSMUSG00000018865","Sult4a1","chr15","-",83962969,83963098,129,"Regular (>50bp)",0.201,0
"chr5:139215507:139215699:139212640:139219225:SE","SE","ENSMUSG00000036817","Sun1","chr5","+",139215507,139215699,192,"Regular (>50bp)",0.156,5.07816002564625e-05
"chr5:139216527:139216593:139212640:139219225:SE","SE","ENSMUSG00000036817","Sun1","chr5","+",139216527,139216593,66,"Regular (>50bp)",0.152,0.00473141441470963
"chr5:139216881:139216992:139212640:139219225:SE","SE","ENSMUSG00000036817","Sun1","chr5","+",139216881,139216992,111,"Regular (>50bp)",0.119,6.63382162493851e-06
"chr9:88362658:88362818:88361965:88364108:SE","SE","ENSMUSG00000032423","Syncrip","chr9","-",88362658,88362818,160,"Regular (>50bp)",-0.109,0.00252005345171679
"chr16:90743902:90743941:90743750:90747238:SE","SE","ENSMUSG00000022973","Synj1","chr16","-",90743902,90743941,39,"Small (30-50bp)",0.204,3.69833523303806e-07
"chr16:90744953:90745001:90743941:90747238:SE","SE","ENSMUSG00000022973","Synj1","chr16","-",90744953,90745001,48,"Small (30-50bp)",0.254,1.25703508435077e-06
"chr16:90746586:90746625:90743941:90747238:SE","SE","ENSMUSG00000022973","Synj1","chr16","-",90746586,90746625,39,"Small (30-50bp)",0.218,0.00997582977773716
"chr1:192581158:192581215:192579928:192584059:SE","SE","ENSMUSG00000016200","Syt14","chr1","-",192581158,192581215,57,"Regular (>50bp)",0.138,4.68941849784433e-05
"chrX:84619155:84619216:84617771:84637257:SE","SE","ENSMUSG00000035476","Tab3","chrX","+",84619155,84619216,61,"Regular (>50bp)",-0.105,0.00789784768877363
"chr8:25669286:25669322:25668010:25671838:SE","SE","ENSMUSG00000065954","Tacc1","chr8","-",25669286,25669322,36,"Small (30-50bp)",0.109,2.91585154059633e-05
"chr7:130346256:130346346:130345414:130352919:SE","SE","ENSMUSG00000030852","Tacc2","chr7","+",130346256,130346346,90,"Regular (>50bp)",0.125,0.0278695748695838
"chrX:100634339:100634345:100634195:100637545:SE","SE","ENSMUSG00000031314","Taf1","chrX","+",100634339,100634345,6,"Microexon (0-30bp)",0.201,5.80152882256624e-11
"chr11:83379750:83379871:83364032:83388719:SE","SE","ENSMUSG00000020680","Taf15","chr11","+",83379750,83379871,121,"Regular (>50bp)",-0.286,0.0183158647410083
"chrX:73332534:73332625:73332119:73332710:SE","SE","ENSMUSG00000009995","Tafazzin","chrX","+",73332534,73332625,91,"Regular (>50bp)",-0.351,0.00016329618048729
"chrX:73332534:73332625:73332320:73332710:SE","SE","ENSMUSG00000009995","Tafazzin","chrX","+",73332534,73332625,91,"Regular (>50bp)",-0.346,1.28203538694441e-10
"chrX:73332589:73332625:73332119:73332710:SE","SE","ENSMUSG00000009995","Tafazzin","chrX","+",73332589,73332625,36,"Small (30-50bp)",-0.365,0.000452701285271854
"chrX:73332589:73332625:73332320:73332710:SE","SE","ENSMUSG00000009995","Tafazzin","chrX","+",73332589,73332625,36,"Small (30-50bp)",-0.314,3.98683260318424e-10
"chr8:127189921:127189974:127188174:127193772:SE","SE","ENSMUSG00000090290","Tarbp1","chr8","-",127189921,127189974,53,"Regular (>50bp)",0.107,5.95577614460032e-07
"chr15:102428909:102429012:102427037:102429572:SE","SE","ENSMUSG00000023051","Tarbp2","chr15","+",102428909,102429012,103,"Regular (>50bp)",-0.142,0.0347496144419432
"chr11:50054988:50055039:50054723:50059522:SE","SE","ENSMUSG00000036644","Tbc1d9b","chr11","+",50054988,50055039,51,"Regular (>50bp)",0.261,1.62944918111763e-07
"chr11:50058995:50059052:50054723:50059522:SE","SE","ENSMUSG00000036644","Tbc1d9b","chr11","+",50058995,50059052,57,"Regular (>50bp)",0.132,2.08276753500005e-06
"chr3:22143576:22143686:22131591:22203105:SE","SE","ENSMUSG00000027630","Tbl1xr1","chr3","+",22143576,22143686,110,"Regular (>50bp)",-0.127,0.000766952299439338
"chr8:48740167:48740188:48732225:48740825:SE","SE","ENSMUSG00000031561","Tenm3","chr8","-",48740167,48740188,21,"Microexon (0-30bp)",0.191,3.21771505736489e-10
"chr8:48766272:48766299:48763804:48820345:SE","SE","ENSMUSG00000031561","Tenm3","chr8","-",48766272,48766299,27,"Microexon (0-30bp)",0.204,0.0346103153099895
"chr7:96378555:96378732:96353368:96384891:SE","SE","ENSMUSG00000048078","Tenm4","chr7","+",96378555,96378732,177,"Regular (>50bp)",0.193,0.0109442627828499
"chr7:96454311:96454338:96446712:96461039:SE","SE","ENSMUSG00000048078","Tenm4","chr7","+",96454311,96454338,27,"Microexon (0-30bp)",0.102,6.02621193284705e-06
"chr14:51070337:51070488:51069296:51070910:SE","SE","ENSMUSG00000006281","Tep1","chr14","-",51070337,51070488,151,"Regular (>50bp)",-0.126,4.46019730764414e-05
"chr5:137577140:137577304:137576067:137578428:SE","SE","ENSMUSG00000029716","Tfr2","chr5","+",137577140,137577304,164,"Regular (>50bp)",0.13,0.0109212511159536
"chr11:4861434:4861470:4860759:4862780:SE","SE","ENSMUSG00000034274","Thoc5","chr11","+",4861434,4861470,36,"Small (30-50bp)",0.174,0
"chr7:128048454:128048522:128047994:128049844:SE","SE","ENSMUSG00000030846","Tial1","chr7","-",128048454,128048522,68,"Regular (>50bp)",-0.105,0.000424432847698657
"chr7:126417465:126417565:126416483:126418995:SE","SE","ENSMUSG00000058966","Tlcd3b","chr7","+",126417465,126417565,100,"Regular (>50bp)",-0.153,0.00957196931605333
"chr7:30428081:30428166:30427714:30428626:SE","SE","ENSMUSG00000006315","Tmem147","chr7","-",30428081,30428166,85,"Regular (>50bp)",0.195,0.0289405473261721
"chrX:141465286:141465945:141464552:141535035:SE","SE","ENSMUSG00000047045","Tmem164","chrX","+",141465286,141465945,659,"Regular (>50bp)",0.137,9.66763557410396e-07
"chr6:48817294:48817387:48815296:48818281:SE","SE","ENSMUSG00000029810","Tmem176b","chr6","-",48817294,48817387,93,"Regular (>50bp)",0.225,0.00013436132024623
"chr16:38405980:38406042:38405880:38406582:SE","SE","ENSMUSG00000002845","Tmem39a","chr16","+",38405980,38406042,62,"Regular (>50bp)",0.13,0.0333520637181057
"chr4:3554353:3554414:3551891:3560498:SE","SE","ENSMUSG00000028232","Tmem68","chr4","-",3554353,3554414,61,"Regular (>50bp)",0.133,4.37655541718684e-05
"chr4:43681045:43681314:43680792:43681958:SE","SE","ENSMUSG00000078716","Tmem8b","chr4","+",43681045,43681314,269,"Regular (>50bp)",0.15,0.00215412087797802
"chr11:102176489:102176544:102175914:102178133:SE","SE","ENSMUSG00000034757","Tmub2","chr11","+",102176489,102176544,55,"Regular (>50bp)",0.101,0.00667402540408593
"chr3:28679347:28679371:28677257:28684579:SE","SE","ENSMUSG00000027692","Tnik","chr3","+",28679347,28679371,24,"Microexon (0-30bp)",0.176,3.79978041575934e-08
"chr11:54831536:54831708:54830561:54846846:SE","SE","ENSMUSG00000020400","Tnip1","chr11","-",54831536,54831708,172,"Regular (>50bp)",-0.105,9.86385485281311e-05
"chr16:32499723:32499813:32499625:32499969:SE","SE","ENSMUSG00000022791","Tnk2","chr16","+",32499723,32499813,90,"Regular (>50bp)",-0.106,4.2247188603458e-07
"chr7:4516579:4516612:4515282:4516809:SE","SE","ENSMUSG00000064179","Tnnt1","chr7","-",4516579,4516612,33,"Small (30-50bp)",0.147,0.0172471027025576
"chr5:142750523:142750652:142748916:142750805:SE","SE","ENSMUSG00000039477","Tnrc18","chr5","-",142750523,142750652,129,"Regular (>50bp)",-0.125,5.6780257952858e-05
"chr7:122779471:122779618:122779082:122779762:SE","SE","ENSMUSG00000052707","Tnrc6a","chr7","+",122779471,122779618,147,"Regular (>50bp)",-0.101,0.003340632583046
"chr17:72002691:72002738:71998631:72004827:SE","SE","ENSMUSG00000045761","Togaram2","chr17","+",72002691,72002738,47,"Small (30-50bp)",0.161,0.000722167580853768
"chr8:75774620:75774705:75760455:75781204:SE","SE","ENSMUSG00000042870","Tom1","chr8","+",75774620,75774705,85,"Regular (>50bp)",0.196,0.0147157502727144
"chr8:75776817:75776896:75774705:75778550:SE","SE","ENSMUSG00000042870","Tom1","chr8","+",75776817,75776896,79,"Regular (>50bp)",0.213,0.000581633249307326
"chr11:60129835:60129898:60123783:60132643:SE","SE","ENSMUSG00000000538","Tom1l2","chr11","-",60129835,60129898,63,"Regular (>50bp)",-0.151,6.10806624409645e-06
"chr1:155916820:155916880:155911666:155927039:SE","SE","ENSMUSG00000050565","Tor1aip2","chr1","+",155916820,155916880,60,"Regular (>50bp)",0.159,0.00488188199476449
"chr1:155916820:155916880:155911837:155927039:SE","SE","ENSMUSG00000050565","Tor1aip2","chr1","+",155916820,155916880,60,"Regular (>50bp)",0.23,3.69639618774493e-08
"chr1:155916820:155916880:155911837:155935156:SE","SE","ENSMUSG00000050565","Tor1aip2","chr1","+",155916820,155916880,60,"Regular (>50bp)",0.165,0.0340293557953583
"chr1:155916820:155916880:155916748:155927039:SE","SE","ENSMUSG00000050565","Tor1aip2","chr1","+",155916820,155916880,60,"Regular (>50bp)",0.132,0
"chr1:155916820:155916880:155916748:155935156:SE","SE","ENSMUSG00000050565","Tor1aip2","chr1","+",155916820,155916880,60,"Regular (>50bp)",0.298,0
"chr7:144809616:144809698:144750520:144810250:SE","SE","ENSMUSG00000048677","Tpcn2","chr7","-",144809616,144809698,82,"Regular (>50bp)",0.122,0.0368168755188428
"chr7:144815297:144815416:144814737:144815669:SE","SE","ENSMUSG00000048677","Tpcn2","chr7","-",144815297,144815416,119,"Regular (>50bp)",-0.124,0.031784210700594
"chr3:9008610:9008637:9000100:9009670:SE","SE","ENSMUSG00000027506","Tpd52","chr3","-",9008610,9008637,27,"Microexon (0-30bp)",0.314,4.42357879944787e-07
"chr2:181152296:181152323:181150060:181153366:SE","SE","ENSMUSG00000000827","Tpd52l2","chr2","+",181152296,181152323,27,"Microexon (0-30bp)",0.106,0.000429899112835956
"chr9:66936945:66937024:66931847:66938310:SE","SE","ENSMUSG00000032366","Tpm1","chr9","-",66936945,66937024,79,"Regular (>50bp)",-0.11,2.10576700045027e-07
"chr9:107833592:107833628:107828371:107836014:SE","SE","ENSMUSG00000032586","Traip","chr9","+",107833592,107833628,36,"Small (30-50bp)",-0.128,0.00974138989966312
"chr18:20988877:20988895:20988133:20993489:SE","SE","ENSMUSG00000033382","Trappc8","chr18","-",20988877,20988895,18,"Microexon (0-30bp)",0.11,7.28534664518961e-06
"chr3:103260882:103260933:103259471:103261012:SE","SE","ENSMUSG00000033014","Trim33","chr3","+",103260882,103260933,51,"Regular (>50bp)",-0.121,0.00335937572756558
"chr12:70301811:70302000:70299258:70314835:SE","SE","ENSMUSG00000021071","Trim9","chr12","-",70301811,70302000,189,"Regular (>50bp)",0.124,0.0198005613735602
"chr12:70314007:70314040:70299258:70314835:SE","SE","ENSMUSG00000021071","Trim9","chr12","-",70314007,70314040,33,"Small (30-50bp)",0.201,5.72525237947919e-05
"chr15:85778378:85778484:85778221:85779126:SE","SE","ENSMUSG00000022386","Trmu","chr15","+",85778378,85778484,106,"Regular (>50bp)",-0.163,0.0119748671403484
"chr5:144746960:144747014:144744201:144748704:SE","SE","ENSMUSG00000045482","Trrap","chr5","+",144746960,144747014,54,"Regular (>50bp)",0.283,0
"chr5:144747141:144747162:144744201:144748704:SE","SE","ENSMUSG00000045482","Trrap","chr5","+",144747141,144747162,21,"Microexon (0-30bp)",0.291,2.55299855330539e-11
"chr3:33857598:33857754:33857353:33858148:SE","SE","ENSMUSG00000027677","Ttc14","chr3","+",33857598,33857754,156,"Regular (>50bp)",-0.105,0.0225209941139902
"chr12:85890719:85890772:85890634:85892020:SE","SE","ENSMUSG00000012609","Ttll5","chr12","+",85890719,85890772,53,"Regular (>50bp)",-0.119,0.0001263137649096
"chr3:146647573:146647648:146645932:146649760:SE","SE","ENSMUSG00000036745","Ttll7","chr3","+",146647573,146647648,75,"Regular (>50bp)",0.158,7.11283720357769e-06
"chr17:6168570:6168641:6157271:6227103:SE","SE","ENSMUSG00000034377","Tulp4","chr17","+",6168570,6168641,71,"Regular (>50bp)",0.184,0.0204387930651285
"chr16:10911679:10911792:10909650:10922429:SE","SE","ENSMUSG00000022498","Txndc11","chr16","-",10911679,10911792,113,"Regular (>50bp)",0.108,0.0371320194437014
"chr10:82708771:82709109:82669865:82710446:SE","SE","ENSMUSG00000020250","Txnrd1","chr10","+",82708771,82709109,338,"Regular (>50bp)",-0.218,0.0166968571772713
"chr17:31870619:31870686:31867868:31871475:SE","SE","ENSMUSG00000061613","U2af1","chr17","-",31870619,31870686,67,"Regular (>50bp)",0.111,6.54932274710704e-06
"chr17:31871475:31871542:31870686:31877626:SE","SE","ENSMUSG00000061613","U2af1","chr17","-",31871475,31871542,67,"Regular (>50bp)",0.188,0.0491627460477475
"chr4:41245455:41245492:41235594:41251534:SE","SE","ENSMUSG00000028433","Ubap2","chr4","-",41245455,41245492,37,"Small (30-50bp)",0.109,0
"chr1:91181481:91181549:91178159:91181936:SE","SE","ENSMUSG00000034343","Ube2f","chr1","+",91181481,91181549,68,"Regular (>50bp)",0.159,0.00125459239049319
"chr6:30242536:30242576:30221795:30260927:SE","SE","ENSMUSG00000039159","Ube2h","chr6","-",30242536,30242576,40,"Small (30-50bp)",0.13,0.000683516245056237
"chr16:15411554:15411622:15399071:15412323:SE","SE","ENSMUSG00000022674","Ube2v2","chr16","-",15411554,15411622,68,"Regular (>50bp)",0.129,0.000152305644525748
"chr9:113788443:113788551:113788007:113793619:SE","SE","ENSMUSG00000009741","Ubp1","chr9","+",113788443,113788551,108,"Regular (>50bp)",-0.151,3.11368414230453e-08
"chr17:47291245:47291344:47287016:47291414:SE","SE","ENSMUSG00000023977","Ubr2","chr17","-",47291245,47291344,99,"Regular (>50bp)",-0.15,1.30441165076963e-05
"chr4:139159792:139159825:139159072:139160930:SE","SE","ENSMUSG00000066036","Ubr4","chr4","+",139159792,139159825,33,"Small (30-50bp)",0.263,0
"chr6:8401076:8401154:8270581:8426970:SE","SE","ENSMUSG00000089862","Umad1","chr6","+",8401076,8401154,78,"Regular (>50bp)",0.173,0.00871396253698632
"chr12:103016153:103016182:103013957:103025577:SE","SE","ENSMUSG00000021198","Unc79","chr12","+",103016153,103016182,29,"Microexon (0-30bp)",0.285,5.84596770543621e-05
"chrX:103539341:103539384:103526955:103543009:SE","SE","ENSMUSG00000073016","Uprt","chrX","+",103539341,103539384,43,"Small (30-50bp)",-0.101,0.0384734592046101
"chrX:103541880:103541950:103526955:103543009:SE","SE","ENSMUSG00000073016","Uprt","chrX","+",103541880,103541950,70,"Regular (>50bp)",-0.206,0.00221702495990371
"chr7:6740563:6740633:6734301:6741854:SE","SE","ENSMUSG00000051527","Usp29","chr7","+",6740563,6740633,70,"Regular (>50bp)",-0.2,0.0308499708084042
"chr1:87895231:87895320:87894992:87903529:SE","SE","ENSMUSG00000005501","Usp40","chr1","-",87895231,87895320,89,"Regular (>50bp)",-0.197,7.82608919974478e-06
"chr1:87896117:87896171:87895320:87903529:SE","SE","ENSMUSG00000005501","Usp40","chr1","-",87896117,87896171,54,"Regular (>50bp)",0.264,0.00276681893539065
"chr4:21817500:21817644:21816938:21824416:SE","SE","ENSMUSG00000040455","Usp45","chr4","+",21817500,21817644,144,"Regular (>50bp)",-0.102,0.00213734272654972
"chr4:137365075:137365201:137362319:137371653:SE","SE","ENSMUSG00000043411","Usp48","chr4","+",137365075,137365201,126,"Regular (>50bp)",-0.126,2.87392006700783e-06
"chr5:149124517:149124644:149121616:149125154:SE","SE","ENSMUSG00000041264","Uspl1","chr5","+",149124517,149124644,127,"Regular (>50bp)",-0.159,5.78925058828962e-05
"chr5:149124517:149124686:149121616:149125154:SE","SE","ENSMUSG00000041264","Uspl1","chr5","+",149124517,149124686,169,"Regular (>50bp)",-0.165,0.000908714728491691
"chr2:27158162:27158249:27157396:27158910:SE","SE","ENSMUSG00000009621","Vav2","chr2","-",27158162,27158249,87,"Regular (>50bp)",0.112,6.20574366329859e-07
"chr9:118898950:118899136:118897524:118899345:SE","SE","ENSMUSG00000038775","Vill","chr9","+",118898950,118899136,186,"Regular (>50bp)",0.141,0.0392330035078151
"chr9:67773461:67773524:67768167:67778457:SE","SE","ENSMUSG00000035284","Vps13c","chr9","+",67773461,67773524,63,"Regular (>50bp)",0.127,0.0227523019080206
"chr9:67778134:67778200:67768167:67778457:SE","SE","ENSMUSG00000035284","Vps13c","chr9","+",67778134,67778200,66,"Regular (>50bp)",0.263,1.1670452762237e-05
"chr4:144830183:144830258:144826640:144832368:SE","SE","ENSMUSG00000020220","Vps13d","chr4","-",144830183,144830258,75,"Regular (>50bp)",0.21,0.0119748671403484
"chr10:62305679:62305836:62300517:62316336:SE","SE","ENSMUSG00000020078","Vps26a","chr10","-",62305679,62305836,157,"Regular (>50bp)",-0.216,3.14349710969308e-05
"chr5:122494856:122494868:122492539:122498075:SE","SE","ENSMUSG00000029462","Vps29","chr5","+",122494856,122494868,12,"Microexon (0-30bp)",0.112,1.87816700589279e-05
"chr5:122494856:122494868:122492539:122498091:SE","SE","ENSMUSG00000029462","Vps29","chr5","+",122494856,122494868,12,"Microexon (0-30bp)",0.163,0.00350628173276468
"chr19:55375620:55375641:55369451:55380215:SE","SE","ENSMUSG00000024983","Vti1a","chr19","+",55375620,55375641,21,"Microexon (0-30bp)",0.135,0.0167201831173847
"chr19:55375620:55375641:55369451:55486942:SE","SE","ENSMUSG00000024983","Vti1a","chr19","+",55375620,55375641,21,"Microexon (0-30bp)",0.293,0.0119092933064956
"chr16:20409219:20409281:20409031:20409422:SE","SE","ENSMUSG00000046613","Vwa5b2","chr16","+",20409219,20409281,62,"Regular (>50bp)",-0.117,0.00430703572166353
"chr8:112199261:112199318:112193554:112202675:SE","SE","ENSMUSG00000031959","Wdr59","chr8","-",112199261,112199318,57,"Regular (>50bp)",0.118,0.00142949937623206
"chr6:34886611:34886762:34886475:34887444:SE","SE","ENSMUSG00000058486","Wdr91","chr6","-",34886611,34886762,151,"Regular (>50bp)",-0.261,0.0082031896890259
"chr15:58015992:58016141:58014052:58016975:SE","SE","ENSMUSG00000022359","Wdyhv1","chr15","+",58015992,58016141,149,"Regular (>50bp)",0.11,1.94679704461023e-06
"chr17:32581766:32581937:32578468:32586797:SE","SE","ENSMUSG00000024050","Wiz","chr17","-",32581766,32581937,171,"Regular (>50bp)",-0.17,0.00333909935749162
"chr11:79134225:79134401:79132982:79135288:SE","SE","ENSMUSG00000017677","Wsb1","chr11","-",79134225,79134401,176,"Regular (>50bp)",-0.281,8.00498907670246e-13
"chr7:101715666:101715836:101715149:101719103:SE","SE","ENSMUSG00000099481","Xndc1","chr7","+",101715666,101715836,170,"Regular (>50bp)",-0.157,0.000794349425605419
"chr9:21503823:21503884:21503514:21504032:SE","SE","ENSMUSG00000032182","Yipf2","chr9","-",21503823,21503884,61,"Regular (>50bp)",0.216,0.000448380033732881
"chr7:126376677:126376789:126376375:126376942:SE","SE","ENSMUSG00000042675","Ypel3","chr7","+",126376677,126376789,112,"Regular (>50bp)",-0.36,0.049899539693813
"chr1:177272304:177272388:177270907:177274654:SE","SE","ENSMUSG00000063659","Zbtb18","chr1","+",177272304,177272388,84,"Regular (>50bp)",-0.164,0.0245228580546791
"chr1:177272304:177272388:177271658:177274654:SE","SE","ENSMUSG00000063659","Zbtb18","chr1","+",177272304,177272388,84,"Regular (>50bp)",-0.198,0.000214420445889129
"chr16:43013827:43013901:42967306:43053121:SE","SE","ENSMUSG00000022708","Zbtb20","chr16","+",43013827,43013901,74,"Regular (>50bp)",0.351,0.0249316195848359
"chr16:43397392:43397556:43392154:43397923:SE","SE","ENSMUSG00000022708","Zbtb20","chr16","+",43397392,43397556,164,"Regular (>50bp)",0.153,0.046650471185008
"chr5:38367961:38368008:38363306:38370651:SE","SE","ENSMUSG00000029127","Zbtb49","chr5","-",38367961,38368008,47,"Small (30-50bp)",0.149,0.030335738888993
"chr1:133583082:133583136:133582176:133588993:SE","SE","ENSMUSG00000102976","Zc3h11a","chr1","-",133583082,133583136,54,"Regular (>50bp)",-0.11,0.00107132927014679
"chr12:98745366:98745526:98740578:98749840:SE","SE","ENSMUSG00000021012","Zc3h14","chr12","+",98745366,98745526,160,"Regular (>50bp)",-0.101,0.00304385698648381
"chr8:123114431:123114503:123113685:123124556:SE","SE","ENSMUSG00000017478","Zc3h18","chr8","+",123114431,123114503,72,"Regular (>50bp)",0.143,5.86757446753883e-12
"chr15:93293467:93293496:93285740:93296043:SE","SE","ENSMUSG00000022635","Zcrb1","chr15","-",93293467,93293496,29,"Microexon (0-30bp)",-0.163,0.000759170680914049
"chr8:40900091:40900186:40877210:40907557:SE","SE","ENSMUSG00000039470","Zdhhc2","chr8","+",40900091,40900186,95,"Regular (>50bp)",0.185,0.000347227357812573
"chr14:58087601:58087637:58084519:58094066:SE","SE","ENSMUSG00000021969","Zdhhc20","chr14","-",58087601,58087637,36,"Small (30-50bp)",0.196,6.6172500227135e-08
"chr18:5633203:5633357:5593919:5641381:SE","SE","ENSMUSG00000024238","Zeb1","chr18","+",5633203,5633357,154,"Regular (>50bp)",0.273,0.000989570895247771
"chr11:80283909:80284002:80282818:80285111:SE","SE","ENSMUSG00000017421","Zfp207","chr11","+",80283909,80284002,93,"Regular (>50bp)",-0.118,0.000179183588215677
"chr18:82628729:82628811:82627600:82635834:SE","SE","ENSMUSG00000041258","Zfp236","chr18","-",82628729,82628811,82,"Regular (>50bp)",0.124,6.98160478013703e-05
"chr9:20419314:20419481:20417361:20432650:SE","SE","ENSMUSG00000060510","Zfp266","chr9","-",20419314,20419481,167,"Regular (>50bp)",0.254,0.0215538923295442
"chr5:104728722:104728783:104728480:104730017:SE","SE","ENSMUSG00000120166","Zfp33b","chr5","+",104728722,104728783,61,"Regular (>50bp)",0.213,0.0122654131218897
"chr9:20389428:20389575:20386329:20397625:SE","SE","ENSMUSG00000059475","Zfp426","chr9","-",20389428,20389575,147,"Regular (>50bp)",0.126,0.0233576763524912
"chr18:65715797:65715880:65715469:65715967:SE","SE","ENSMUSG00000042439","Zfp532","chr18","+",65715797,65715880,83,"Regular (>50bp)",0.249,0.000121807983286524
"chr7:12152469:12152593:12151145:12155734:SE","SE","ENSMUSG00000034071","Zfp551","chr7","-",12152469,12152593,124,"Regular (>50bp)",-0.184,0.0141996762987254
"chr17:33321204:33321331:33311566:33321516:SE","SE","ENSMUSG00000067424","Zfp563","chr17","+",33321204,33321331,127,"Regular (>50bp)",0.102,0.00523025096303828
"chr7:24775447:24775538:24772136:24776231:SE","SE","ENSMUSG00000045252","Zfp574","chr7","+",24775447,24775538,91,"Regular (>50bp)",-0.227,0.00473327235118602
"chr13:67644303:67644330:67642848:67648529:SE","SE","ENSMUSG00000071291","Zfp58","chr13","-",67644303,67644330,27,"Microexon (0-30bp)",-0.104,0.0175637429423673
"chr11:49094822:49094995:49094365:49095277:SE","SE","ENSMUSG00000046311","Zfp62","chr11","+",49094822,49094995,173,"Regular (>50bp)",0.285,0.0122772876275872
"chr6:83934490:83934574:83931743:83935165:SE","SE","ENSMUSG00000030016","Zfp638","chr6","+",83934490,83934574,84,"Regular (>50bp)",0.133,0.00746068119617837
"chr7:127019181:127019277:127018813:127020794:SE","SE","ENSMUSG00000045251","Zfp688","chr7","-",127019181,127019277,96,"Regular (>50bp)",-0.101,0.000156625548282831
"chr7:24010889:24010928:24008622:24011806:SE","SE","ENSMUSG00000074282","Zfp94","chr7","-",24010889,24010928,39,"Small (30-50bp)",0.178,0.000206670021526904
"chr9:88434714:88434914:88430561:88436428:SE","SE","ENSMUSG00000032425","Zfp949","chr9","+",88434714,88434914,200,"Regular (>50bp)",-0.105,7.9664955433762e-05
"chr8:72719637:72719760:72705004:72719943:SE","SE","ENSMUSG00000052446","Zfp961","chr8","+",72719637,72719760,123,"Regular (>50bp)",0.115,0.031141844002088
"chr7:42232329:42232456:42232131:42241860:SE","SE","ENSMUSG00000092335","Zfp977","chr7","-",42232329,42232456,127,"Regular (>50bp)",0.123,0.0247128369656847
"chr4:147413438:147413565:147409334:147415724:SE","SE","ENSMUSG00000078498","Zfp988","chr4","+",147413438,147413565,127,"Regular (>50bp)",0.29,0.000135770989700572
"chr19:42174058:42174079:42172628:42174243:SE","SE","ENSMUSG00000018820","Zfyve27","chr19","+",42174058,42174079,21,"Microexon (0-30bp)",0.131,0.0409838238074037
"chr13:21706393:21706485:21706079:21709307:SE","SE","ENSMUSG00000063894","Zkscan8","chr13","-",21706393,21706485,92,"Regular (>50bp)",-0.165,8.21525010499406e-07
"chr14:57048196:57048316:57042320:57049048:SE","SE","ENSMUSG00000040123","Zmym5","chr14","-",57048196,57048316,120,"Regular (>50bp)",0.114,0.000377227763422474
"chr2:165694787:165694799:165694068:165717624:SE","SE","ENSMUSG00000039671","Zmynd8","chr2","-",165694787,165694799,12,"Microexon (0-30bp)",0.206,2.98823603224726e-12
"chr13:21633443:21633503:21632064:21633610:SE","SE","ENSMUSG00000022228","Zscan26","chr13","-",21633443,21633503,60,"Regular (>50bp)",-0.195,0.00098798154981665
