"event_key","Parental_1","Parental_2","Parental_3","Neg_1","Neg_2","Neg_3","Pos_1","Pos_2","Pos_3","KO_1","KO_2","KO_3","gene_symbol","chr","strand","exon_start","exon_end","exon_length"
"chrX:+:150949929:150949959:150928175:150963992",0.94,1,0.85,0.911,1,0.945,1,0.811,0.968,0.854,0.909,0.941,"Iqsec2","chrX","+",150949929,150949959,30
"chrX:+:150949929:150949959:150928175:150985903",0.925,0.774,0.841,1,0.835,0.848,0.957,0.882,0.904,0.93,0.827,0.921,"Iqsec2","chrX","+",150949929,150949959,30
"chrX:+:150949929:150949959:150928175:150991765",1,1,0.786,1,0.926,1,0.866,0.889,1,1,0.909,1,"Iqsec2","chrX","+",150949929,150949959,30
"chrX:-:134493014:134493044:134490219:134494561",0.127,0.128,0.142,0.185,0.152,0.093,0.128,0.19,0.132,0.225,0.047,0.217,"Nxf7","chrX","-",134493014,134493044,30
"chrX:-:103676189:103676216:103632027:103714269",1,0.843,1,1,1,1,1,1,1,1,1,1,"Zdhhc15","chrX","-",103676189,103676216,27
"chrX:-:103676189:103676216:103641792:103714269",0.984,0.987,1,1,0.973,0.971,0.97,0.977,0.995,1,0.984,0.985,"Zdhhc15","chrX","-",103676189,103676216,27
"chrX:+:100634339:100634345:100634195:100637545",0.104,0.085,0.134,0.295,0.364,0.266,0.161,0.257,0.139,0.114,0.167,0.17,"Taf1","chrX","+",100634339,100634345,6
"chrX:+:74461182:74461199:74460447:74462016",0.993,0.994,0.998,0.994,0.996,0.995,0.992,0.998,0.993,0.999,1,0.993,"Brcc3","chrX","+",74461182,74461199,17
"chrX:-:52145018:52145041:52144367:52145534",1,1,1,0.929,0.822,0.886,0.936,1,1,1,0.464,0.94,"C430049B03Rik","chrX","-",52145018,52145041,23
"chrX:+:47045086:47045110:47037237:47049329",0.959,0.931,0.994,0.989,0.942,1,1,0.983,0.99,0.978,0.992,0.953,"Ocrl","chrX","+",47045086,47045110,24
"chrX:+:35339569:35339587:35333639:35339751",0.982,1,1,1,1,1,0.93,0.933,0.977,1,0.988,0.99,"Dock11","chrX","+",35339569,35339587,18
"chrX:-:20926741:20926762:20903011:20928176",1,0.898,0.86,0,1,1,1,1,0,0.724,1,0.672,"Zfp182","chrX","-",20926741,20926762,21
"chrX:-:13391063:13391090:13388586:13392236",0,0,0,0.037,0.029,0,0.007,0.014,0,0.009,0,0,"Cask","chrX","-",13391063,13391090,27
"chrX:-:13462924:13462942:13453204:13466595",0.69,0.701,0.696,0.888,0.877,0.83,0.726,0.735,0.692,0.629,0.638,0.705,"Cask","chrX","-",13462924,13462942,18
"chrX:+:7660498:7660525:7658576:7661230",0.935,0.944,0.953,0.942,0.962,0.974,0.918,0.92,0.912,0.94,0.947,0.914,"Gripap1","chrX","+",7660498,7660525,27
"chrX:+:7660498:7660525:7658576:7665528",0.877,0.887,0.833,0.892,0.775,0.836,0.777,0.747,0.864,0.839,0.813,0.831,"Gripap1","chrX","+",7660498,7660525,27
"chr19:+:43753398:43753426:43751445:43755639",1,0.915,0.983,1,0.959,0.861,0.979,0.962,1,1,0.971,1,"Cutc","chr19","+",43753398,43753426,28
"chr19:+:42174058:42174079:42172628:42174243",0.566,0.42,0.607,0.664,0.642,0.679,0.516,0.549,0.407,0.508,0.524,0.463,"Zfyve27","chr19","+",42174058,42174079,21
"chr19:+:41927246:41927275:41926891:41928126",0.641,0.854,0.864,0.875,0.86,0.784,0.562,0.697,0.854,0.813,0.941,0.827,"Zdhhc16","chr19","+",41927246,41927275,29
"chr19:-:37083190:37083214:37065987:37103731",0.751,0.479,0.641,0.633,0.712,0.816,0.88,0.513,0.642,0.443,0.729,0.668,"Cpeb3","chr19","-",37083190,37083214,24
"chr19:-:12767623:12767652:12756463:12772347",1,1,0.996,1,1,1,1,1,1,1,1,0.998,"Zfp91","chr19","-",12767623,12767652,29
"chr19:-:9860555:9860567:9855792:9861062",0.696,0.763,0.673,0.813,0.7,0.762,0.69,0.642,0.623,0.554,0.571,0.589,"Incenp","chr19","-",9860555,9860567,12
"chr19:-:7257350:7257377:7255451:7258362",0.132,0.134,0.119,0.123,0.059,0.157,0.077,0.071,0.052,0.062,0.104,0.097,"Mark2","chr19","-",7257350,7257377,27
"chr19:-:7257350:7257377:7256643:7258362",0.421,0.497,0.22,0.685,0.388,0.608,0.458,0.538,0.372,0.488,0.597,0.575,"Mark2","chr19","-",7257350,7257377,27
"chr19:-:5711623:5711651:5711139:5712615",0.686,0.483,0.849,0.946,0.958,1,0.771,0.894,0.52,0.678,0.771,0.922,"Sipa1","chr19","-",5711623,5711651,28
"chr19:-:5711623:5711651:5711139:5713631",0.114,0.09,0.168,0.175,0.183,0.113,0.085,0.152,0.119,0.05,0.062,0.116,"Sipa1","chr19","-",5711623,5711651,28
"chr19:-:4225003:4225030:4223219:4225392",0.69,0.748,0.578,0.703,0.559,0.727,0.871,0.903,0.798,0.679,0.878,0.831,"Carns1","chr19","-",4225003,4225030,27
"chr18:+:84894958:84894977:84891294:84895951",0.002,0.003,0,0,0,0.002,0,0,0,0,0,0,"Cyb5a","chr18","+",84894958,84894977,19
"chr18:-:61953437:61953467:61952988:61956937",0.407,0.427,0.434,0.443,0.36,0.27,0.286,0.496,0.371,0.474,0.362,0.333,"Ablim3","chr18","-",61953437,61953467,30
"chr18:+:54081716:54081740:54081226:54086316",0.985,0.983,0.997,0.977,0.985,0.978,0.896,0.898,0.875,0.979,0.986,0.977,"Csnk1g3","chr18","+",54081716,54081740,24
"chr18:-:38039440:38039467:38038212:38068254",0.98,0.957,1,0.994,1,0.963,0.945,0.919,0.904,0.991,0.958,0.987,"Diaph1","chr18","-",38039440,38039467,27
"chr18:-:35872977:35873001:35872630:35873359",0.821,0.807,0.956,0.88,0.779,0.759,0.633,0.697,0.499,0.514,0.527,0.482,"Sting1","chr18","-",35872977,35873001,24
"chr19:+:5688459:5688486:5687869:5688578",1,0.995,0.991,0.996,0.997,0.997,0.978,0.987,0.988,0.996,1,1,"Rela","chr19","+",5688459,5688486,27
"chr18:+:32562752:32562776:32559405:32564723",0.779,0.888,0.633,0.908,0.895,0.917,0.763,0.646,0.63,0.517,0.659,0.592,"Bin1","chr18","+",32562752,32562776,24
"chr18:+:32562752:32562776:32559405:32565035",0.766,1,0.618,0.858,1,1,0.868,0.655,0.785,0.552,0.341,0.804,"Bin1","chr18","+",32562752,32562776,24
"chr18:+:24604118:24604141:24604037:24606006",0.953,0.98,0.972,0.94,0.963,0.959,0.937,0.92,0.899,0.926,0.958,0.95,"2700062C07Rik","chr18","+",24604118,24604141,23
"chr18:+:24604118:24604141:24604037:24608581",1,1,1,0.908,0.869,0.918,0.95,0.909,0.851,0.936,1,0.967,"2700062C07Rik","chr18","+",24604118,24604141,23
"chr18:-:20988877:20988895:20988133:20993489",0.099,0.042,0.091,0.143,0.235,0.185,0.083,0.115,0.041,0.052,0.021,0.089,"Trappc8","chr18","-",20988877,20988895,18
"chr18:-:12207674:12207700:12203188:12217048",1,0.983,1,1,0.994,1,0.969,1,0.986,0.992,1,1,"Tmem241","chr18","-",12207674,12207700,26
"chr18:-:12207674:12207700:12203188:12237155",1,1,0.939,0.965,1,1,1,1,1,1,1,1,"Tmem241","chr18","-",12207674,12207700,26
"chr18:-:6056978:6056993:6052923:6057516",0.127,0.288,0.193,0.18,0.238,0.165,0.248,0.209,0.311,0.168,0.168,0.177,"Arhgap12","chr18","-",6056978,6056993,15
"chr18:-:6056978:6056993:6052923:6061846",0.032,0.076,0.072,0.1,0.07,0.019,0.007,0.118,0.037,0.032,0.039,0.031,"Arhgap12","chr18","-",6056978,6056993,15
"chr17:-:80158315:80158330:80158222:80159953",0.995,1,0.993,1,1,1,0.985,0.972,0.98,0.998,1,1,"Atl2","chr17","-",80158315,80158330,15
"chr17:-:56728832:56728844:56728352:56729128",1,1,1,0.999,1,1,1,1,0.998,0.999,1,0.996,"Ptprs","chr17","-",56728832,56728844,12
"chr17:-:56734790:56734817:56733504:56734938",0.959,0.982,0.945,0.98,0.977,0.977,0.858,0.832,0.825,0.937,0.93,0.947,"Ptprs","chr17","-",56734790,56734817,27
"chr17:+:56297211:56297234:56295775:56297418",1,0.995,0.995,0.998,0.996,0.992,1,0.992,0.997,1,1,1,"Fsd1","chr17","+",56297211,56297234,23
"chr17:+:85322836:85322863:85312994:85330459",0.67,0.678,0.517,0.696,0.729,0.691,0.779,0.751,0.77,0.712,0.647,0.644,"Ppm1b","chr17","+",85322836,85322863,27
"chr17:-:46571805:46571835:46571128:46572061",0.866,0.925,0.869,0.918,0.919,0.937,0.833,0.814,0.835,0.867,0.805,0.846,"Tjap1","chr17","-",46571805,46571835,30
"chr17:+:46474408:46474435:46472217:46475119",0.995,1,1,1,1,0.997,0.998,1,0.994,1,0.994,0.987,"Gtpbp2","chr17","+",46474408,46474435,27
"chr17:+:46474408:46474435:46472252:46475119",0.998,0.994,0.997,0.996,0.999,0.999,0.999,0.999,0.994,0.992,0.994,0.995,"Gtpbp2","chr17","+",46474408,46474435,27
"chr17:+:37314177:37314207:37313669:37315688",0.996,0.992,1,1,0.991,0.996,0.997,1,0.982,0.977,1,0.994,"Zfp57","chr17","+",37314177,37314207,30
"chr17:+:37165175:37165193:37163585:37167093",1,0.99,0.994,1,0.991,0.958,0.952,0.943,0.994,0.985,0.981,0.992,"Trim26","chr17","+",37165175,37165193,18
"chr17:-:34821264:34821283:34821171:34822307",0.999,1,0.998,0.999,1,0.998,0.999,0.999,0.999,0.999,0.998,0.999,"Rnf5","chr17","-",34821264,34821283,19
"chr17:+:34819324:34819351:34819111:34819468",0.846,1,1,1,1,0.717,0.871,0.608,1,1,1,0.786,"Ager","chr17","+",34819324,34819351,27
"chr17:-:33877873:33877888:33877439:33879186",0.997,1,0.997,0.997,1,0.989,0.983,0.995,0.998,0.997,0.991,0.997,"Hnrnpm","chr17","-",33877873,33877888,15
"chr17:-:32536837:32536852:32535641:32537744",0.057,0.312,0,0.221,0.102,0.074,0.226,0.292,0.141,0.338,0.275,0.092,"Akap8","chr17","-",32536837,32536852,15
"chr17:+:32274078:32274098:32272928:32274884",0.997,1,1,0.996,1,1,1,0.999,0.999,1,0.997,1,"Rrp1b","chr17","+",32274078,32274098,20
"chr17:-:28819842:28819868:28818843:28821661",1,1,0.994,0.982,1,0.99,1,1,0.991,0.995,0.982,1,"Srpk1","chr17","-",28819842,28819868,26
"chr17:-:28819842:28819868:28819430:28821661",1,1,0.998,1,1,1,0.996,1,1,0.998,1,0.999,"Srpk1","chr17","-",28819842,28819868,26
"chr17:-:27240636:27240656:27240321:27241412",0.906,0.937,0.924,0.918,0.963,0.948,0.608,0.635,0.63,0.794,0.902,0.818,"Bak1","chr17","-",27240636,27240656,20
"chr17:+:26498306:26498336:26496608:26498934",1,0.999,1,1,1,1,1,1,1,1,1,1,"Luc7l","chr17","+",26498306,26498336,30
"chr17:-:25127384:25127402:25126360:25128123",0.732,0.712,0.71,0.852,0.883,0.865,0.694,0.662,0.646,0.595,0.638,0.602,"Mapk8ip3","chr17","-",25127384,25127402,18
"chr17:-:25128123:25128135:25127402:25131721",0.998,1,1,1,0.996,1,1,1,0.994,1,1,1,"Mapk8ip3","chr17","-",25128123,25128135,12
"chr17:-:25139445:25139469:25137113:25142789",0.92,0.912,0.892,0.887,0.918,0.851,0.824,0.808,0.823,0.889,0.891,0.899,"Mapk8ip3","chr17","-",25139445,25139469,24
"chr17:-:25139445:25139469:25137110:25142789",0.894,0.923,0.946,0.887,0.946,0.914,0.809,0.852,0.888,0.937,0.958,0.935,"Mapk8ip3","chr17","-",25139445,25139469,24
"chr17:-:24816019:24816037:24815927:24816178",1,0.976,1,1,1,0.987,1,0.976,1,1,0.983,1,"Tsc2","chr17","-",24816019,24816037,18
"chr17:-:24403354:24403372:24402826:24404177",1,0.855,0.921,1,1,1,0.775,0.843,0.886,0.916,1,1,"Tbc1d24","chr17","-",24403354,24403372,18
"chr17:-:15777808:15777836:15777719:15779284",0.022,0.057,0.057,0.012,0.023,0.053,0.142,0.052,0,0,0,0.019,"Prdm9","chr17","-",15777808,15777836,28
"chr16:-:95928510:95928540:95928403:95928631",1,0.999,1,1,1,1,1,1,1,1,0.999,1,"Hmgn1","chr16","-",95928510,95928540,30
"chr16:-:95928631:95928661:95928540:95928789",1,0.999,1,1,1,0.999,1,0.999,1,1,1,0.999,"Hmgn1","chr16","-",95928631,95928661,30
"chr16:+:91639515:91639530:91638498:91645609",0.008,0.011,0.002,0.093,0.071,0.097,0.02,0.026,0.018,0.014,0,0,"Itsn1","chr16","+",91639515,91639530,15
"chr16:+:91639522:91639530:91638498:91645609",0.002,0,0,0.005,0.009,0.006,0,0,0.001,0,0,0,"Itsn1","chr16","+",91639522,91639530,8
"chr16:-:59439028:59439041:59434207:59439157",0.129,0.191,0.147,0.207,0.242,0.256,0.12,0.103,0.14,0.07,0.055,0.125,"Arl6","chr16","-",59439028,59439041,13
"chr16:+:49728416:49728441:49727175:49729065",0.994,0.999,0.996,1,0.995,0.998,0.989,0.991,0.983,0.996,0.99,0.995,"Cd47","chr16","+",49728416,49728441,25
"chr16:+:49728416:49728441:49727175:49731231",0.849,0.792,0.787,0.785,0.837,0.754,0.648,0.708,0.66,0.723,0.777,0.728,"Cd47","chr16","+",49728416,49728441,25
"chr16:+:49728416:49728445:49727175:49731236",1,0.997,0.996,1,1,0.993,0.993,0.989,0.985,1,0.996,1,"Cd47","chr16","+",49728416,49728445,29
"chr19:-:60844264:60844290:60842498:60845647",0.991,0.945,0.966,0.996,0.954,0.938,0.977,0.989,0.957,0.941,1,0.975,"Sfxn4","chr19","-",60844264,60844290,26
"chr19:-:60844264:60844290:60842498:60845787",0.832,1,1,0.955,0.934,1,1,0.985,0.956,1,0.927,0.885,"Sfxn4","chr19","-",60844264,60844290,26
"chr16:+:34869089:34869108:34846312:34895975",0.977,0.965,0.989,0.991,0.989,0.997,0.991,0.995,0.977,0.987,0.997,0.98,"Hacd2","chr16","+",34869089,34869108,19
"chr16:+:34869089:34869108:34846312:34920125",0.909,0.959,1,0.961,1,1,1,1,1,0.948,0.938,1,"Hacd2","chr16","+",34869089,34869108,19
"chr16:-:30941438:30941459:30938265:30946138",0.005,0.011,0.01,0.026,0.021,0.019,0.005,0,0,0.004,0,0.003,"Acap2","chr16","-",30941438,30941459,21
"chr16:+:21270105:21270111:21267153:21274978",0.028,0.021,0.053,0.067,0.128,0.118,0.043,0.084,0.048,0.03,0.038,0.017,"Vps8","chr16","+",21270105,21270111,6
"chr18:+:53326818:53326840:53322844:53327501",0,0,0.016,0.002,0.003,0.006,0.003,0.001,0.011,0,0.007,0.002,"Snx2","chr18","+",53326818,53326840,22
"chr16:+:20493535:20493556:20493064:20494093",0.513,0.582,0.523,0.706,0.71,0.701,0.547,0.536,0.513,0.487,0.461,0.497,"Eif4g1","chr16","+",20493535,20493556,21
"chr16:+:20359557:20359563:20359165:20359724",0.998,0.997,0.999,0.998,0.997,0.998,0.997,0.996,0.997,0.996,0.999,0.996,"Ap2m1","chr16","+",20359557,20359563,6
"chr16:-:20101673:20101681:20101570:20104514",0.945,1,0.752,0.96,1,1,1,0.947,1,0.96,0.537,0.913,"Parl","chr16","-",20101673,20101681,8
"chr16:+:18714652:18714677:18713586:18715203",0.163,0.175,0.176,0.147,0.149,0.137,0.062,0.176,0.097,0.156,0.118,0.112,"Hira","chr16","+",18714652,18714677,25
"chr16:+:13764421:13764451:13762600:13764615",0.984,1,1,1,1,1,0.961,1,1,1,1,1,"Mpv17l","chr16","+",13764421,13764451,30
"chr16:+:10390781:10390787:10389463:10391163",0.25,0.17,0.172,0.282,0.275,0.359,0.053,0.121,0.136,0.208,0.116,0.279,"Clec16a","chr16","+",10390781,10390787,6
"chr15:+:102382565:102382589:102381837:102382681",1,1,1,0.999,1,1,1,1,1,1,1,1,"Pcbp2","chr15","+",102382565,102382589,24
"chr15:-:99142228:99142257:99142118:99142528",1,1,1,0.999,1,1,0.995,1,1,0.997,1,1,"Mcrs1","chr15","-",99142228,99142257,29
"chr15:-:89191374:89191398:89191138:89191695",0.054,0.075,0.096,0.222,0.194,0.21,0.138,0.099,0.167,0.087,0.081,0.087,"Sbf1","chr15","-",89191374,89191398,24
"chr15:-:89019629:89019659:89018929:89019779",0.981,1,1,1,1,0.996,0.991,1,1,1,1,1,"Mapk12","chr15","-",89019629,89019659,30
"chr15:-:89019629:89019659:89018929:89021603",0.739,0.342,0.5,0.714,0.902,0.739,0.827,0.488,0.54,0.73,0.701,0.675,"Mapk12","chr15","-",89019629,89019659,30
"chr15:-:89019629:89019659:89018929:89024330",0.714,1,1,1,1,1,1,1,1,1,1,1,"Mapk12","chr15","-",89019629,89019659,30
"chr15:-:89019629:89019659:89019373:89019779",0.995,1,1,0.994,0.992,0.999,0.996,0.989,0.995,0.99,0.992,0.989,"Mapk12","chr15","-",89019629,89019659,30
"chr15:-:89019629:89019659:89019373:89021603",0.96,0.961,0.96,0.934,0.985,0.945,0.909,0.874,0.898,0.954,0.94,0.943,"Mapk12","chr15","-",89019629,89019659,30
"chr15:-:89019629:89019659:89019373:89024330",1,1,0.997,0.996,0.992,0.996,1,1,1,0.997,0.982,1,"Mapk12","chr15","-",89019629,89019659,30
"chr15:-:84678096:84678119:84675630:84679280",1,0.96,0.909,1,1,1,1,0.924,1,0.884,0.953,0.858,"Phf21b","chr15","-",84678096,84678119,23
"chr15:+:82986825:82986845:82986541:82987134",0.998,0.998,0.995,0.988,0.992,0.992,0.985,0.994,0.991,0.996,0.993,0.983,"Serhl","chr15","+",82986825,82986845,20
"chr15:+:82986825:82986845:82986541:82988509",0.969,1,1,1,1,1,1,1,1,1,1,1,"Serhl","chr15","+",82986825,82986845,20
"chr17:+:8536681:8536703:8530117:8539431",0.952,0.95,0.881,0.934,0.963,0.91,0.897,0.949,0.818,0.862,0.947,0.927,"Sft2d1","chr17","+",8536681,8536703,22
"chr17:+:8536681:8536703:8530117:8542108",0.933,1,1,1,1,1,0.977,1,1,1,1,1,"Sft2d1","chr17","+",8536681,8536703,22
"chr17:+:8543265:8543295:8542167:8545786",1,0.996,0.994,0.994,0.997,1,1,0.997,1,1,0.995,0.997,"Sft2d1","chr17","+",8543265,8543295,30
"chr15:-:81887958:81887980:81883815:81900078",0.975,0.977,0.99,0.992,1,0.989,1,0.986,0.985,0.942,0.975,0.979,"Desi1","chr15","-",81887958,81887980,22
"chr15:-:79247857:79247878:79247085:79249484",0.722,0.795,0.829,0.835,0.87,0.862,0.646,0.716,0.713,0.65,0.633,0.637,"Tmem184b","chr15","-",79247857,79247878,21
"chr15:-:76508791:76508820:76508685:76509333",1,1,1,1,0.999,0.999,0.999,0.998,0.999,0.999,0.999,0.998,"Vps28","chr15","-",76508791,76508820,29
"chr15:-:76388548:76388569:76388420:76390765",0.909,1,1,1,1,1,1,0.955,1,1,0.959,1,"Dgat1","chr15","-",76388548,76388569,21
"chr15:-:76388743:76388771:76388569:76388865",0.935,1,1,1,1,1,1,0.922,1,1,0.975,1,"Dgat1","chr15","-",76388743,76388771,28
"chr15:-:73083835:73083844:73082746:73087827",0.997,0.976,0.967,0.983,0.984,0.975,0.935,0.912,0.919,0.954,0.962,0.967,"Ptk2","chr15","-",73083835,73083844,9
"chr15:-:73147469:73147490:73146433:73148705",1,0.994,0.997,0.997,0.99,1,0.948,0.915,0.89,0.989,0.983,0.994,"Ptk2","chr15","-",73147469,73147490,21
"chr15:-:73154066:73154084:73148762:73163883",0.424,0.483,0.452,0.532,0.548,0.554,0.452,0.382,0.49,0.451,0.405,0.437,"Ptk2","chr15","-",73154066,73154084,18
"chr15:-:64025692:64025701:64024779:64030730",0.984,0.937,0.983,1,0.979,1,0.859,0.884,0.846,0.953,0.983,0.982,"Asap1","chr15","-",64025692,64025701,9
"chr15:-:64025692:64025701:64024779:64030766",0.901,0.901,0.929,0.975,0.988,0.968,0.617,0.778,0.666,0.847,0.813,0.813,"Asap1","chr15","-",64025692,64025701,9
"chr15:-:57742444:57742471:57741976:57743395",0.999,1,1,1,1,1,1,1,1,1,1,1,"Derl1","chr15","-",57742444,57742471,27
"chr14:+:101891643:101891655:101891541:101903196",0.999,0.998,0.999,0.998,0.998,0.999,0.998,0.996,0.998,1,0.998,0.998,"Uchl3","chr14","+",101891643,101891655,12
"chr14:-:101877723:101877735:101874542:101877824",0.913,0.907,0.878,0.908,0.942,0.919,0.928,0.946,0.941,0.929,0.924,0.906,"Commd6","chr14","-",101877723,101877735,12
"chr14:-:101698134:101698137:101696329:101700310",0.62,0.61,0.515,0.823,0.626,0.595,0.342,0.49,0.599,0.393,0.248,0.235,"Tbc1d4","chr14","-",101698134,101698137,3
"chr14:+:67966672:67966686:67966195:67966799",0.06,0.02,0.043,0.004,0.022,0.006,0.011,0.016,0.007,0.006,0.013,0.012,"Kctd9","chr14","+",67966672,67966686,14
"chr14:-:61628996:61629026:61624958:61629204",1,1,0.996,1,0.978,1,1,1,0.995,1,0.996,0.991,"Kpna3","chr14","-",61628996,61629026,30
"chr14:-:61628996:61629026:61628900:61629204",0.994,1,0.998,1,0.984,0.995,0.987,1,1,0.996,0.997,0.997,"Kpna3","chr14","-",61628996,61629026,30
"chr14:-:60478222:60478247:60476995:60479995",0.989,1,1,1,1,0.998,1,0.991,1,0.997,1,1,"Gm49336","chr14","-",60478222,60478247,25
"chr14:-:58170163:58170186:58169760:58181044",0.015,0.008,0.014,0.009,0.045,0.041,0.006,0.005,0.005,0.003,0.002,0.004,"Micu2","chr14","-",58170163,58170186,23
"chr14:-:58115889:58115916:58103098:58127519",0.989,1,1,0.984,1,1,1,0.954,0.977,0.993,0.973,1,"Zdhhc20","chr14","-",58115889,58115916,27
"chr14:-:52335471:52335497:52321848:52341345",0.55,0.54,0.566,0.586,0.568,0.582,0.655,0.631,0.634,0.531,0.525,0.525,"Hnrnpc","chr14","-",52335471,52335497,26
"chr14:+:52242335:52242356:52242199:52242445",0.292,0.483,0.474,0.295,0.201,0.226,0.315,0.25,0.184,0.309,0.347,0.242,"Arhgef40","chr14","+",52242335,52242356,21
"chr14:+:47546023:47546045:47535862:47547871",1,1,1,0.999,1,0.998,0.996,0.999,1,1,0.997,1,"Mapk1ip1l","chr14","+",47546023,47546045,22
"chr14:-:45866310:45866331:45858297:45867036",0.434,0.519,0.535,0.728,0.74,0.627,0.591,0.693,0.533,0.343,0.448,0.518,"Ddhd1","chr14","-",45866310,45866331,21
"chr14:-:45866310:45866331:45860399:45867036",0.808,0.809,0.91,0.891,0.943,0.943,0.883,0.828,0.825,0.795,0.738,0.882,"Ddhd1","chr14","-",45866310,45866331,21
"chr14:+:27498115:27498139:27375440:27498782",0.129,0.032,0.205,0.288,0.205,0.197,0.083,0.121,0.501,0.103,0.301,0.177,"Erc2","chr14","+",27498115,27498139,24
"chr14:+:27768431:27768443:27762493:27802088",0.042,0.072,0.025,0.079,0.194,0.118,0.016,0.031,0.106,0.025,0.084,0.031,"Erc2","chr14","+",27768431,27768443,12
"chr14:+:61436051:61436078:61430928:61440146",0.297,0.301,0.209,0.381,0.629,0.354,0.458,0.444,0.404,0.395,0.256,0.162,"Sacs","chr14","+",61436051,61436078,27
"chr14:+:24544119:24544137:24543561:24545497",0.147,0.149,0.156,0.197,0.187,0.189,0.107,0.096,0.103,0.118,0.114,0.107,"Rps24","chr14","+",24544119,24544137,18
"chr14:+:24544119:24544137:24543561:24545842",0.972,0.979,0.983,0.987,0.989,0.979,0.64,0.614,0.6,0.926,0.979,0.938,"Rps24","chr14","+",24544119,24544137,18
"chr14:+:24545497:24545517:24543561:24545842",0.998,0.999,0.999,0.999,0.999,0.998,0.974,0.977,0.975,0.996,0.999,0.997,"Rps24","chr14","+",24545497,24545517,20
"chr14:+:24545497:24545517:24544137:24545842",1,0.999,1,0.996,1,1,0.999,0.988,1,1,1,1,"Rps24","chr14","+",24545497,24545517,20
"chr14:-:21094882:21094892:21091158:21095555",0.291,0.26,0.264,0.14,0.26,0.074,0.291,0.319,0.168,0.171,0.273,0.204,"Ap3m1","chr14","-",21094882,21094892,10
"chr14:-:10172106:10172127:10168615:10182369",1,0.968,1,1,1,1,1,1,1,1,1,0.925,"3830406C13Rik","chr14","-",10172106,10172127,21
"chr14:+:3651109:3651127:3598202:3839264",0.011,0.002,0.003,0.023,0.013,0.015,0.014,0.003,0.009,0.003,0.007,0,"Ube2e2","chr14","+",3651109,3651127,18
"chr13:-:106994006:106994033:106993816:106997368",0.223,0.147,0.229,0.211,0.231,0.207,0.198,0.15,0.156,0.2,0.17,0.204,"Ipo11","chr13","-",106994006,106994033,27
"chr13:-:104288672:104288690:104286691:104290803",0.619,0.588,0.572,0.633,0.477,0.599,0.475,0.508,0.456,0.552,0.533,0.512,"Trappc13","chr13","-",104288672,104288690,18
"chr19:+:55916161:55916186:55912376:55919865",0.324,0.099,0.169,0.416,0.278,0.344,0.184,0.336,0.391,0.112,0.106,0.062,"Tcf7l2","chr19","+",55916161,55916186,25
"chr19:+:55916161:55916186:55914481:55919865",0.736,0.774,0.74,0.801,0.764,0.915,0.475,0.533,0.65,0.575,0.51,0.474,"Tcf7l2","chr19","+",55916161,55916186,25
"chr19:+:55916161:55916186:55915188:55919865",0.892,0.829,0.934,0.889,0.824,0.926,0.837,0.631,0.881,0.535,0.711,0.625,"Tcf7l2","chr19","+",55916161,55916186,25
"chr18:-:34497162:34497190:34490283:34505457",0.002,0.001,0,0.002,0.002,0.002,0,0,0,0.001,0,0,"Reep5","chr18","-",34497162,34497190,28
"chr13:-:74487317:74487330:74485658:74487690",0.988,1,1,1,1,1,1,0.947,1,1,0.989,1,"Sdha","chr13","-",74487317,74487330,13
"chr13:-:67644303:67644330:67642848:67648529",0.13,0.22,0,0.039,0,0,0.046,0,0.018,0,0,0,"Zfp58","chr13","-",67644303,67644330,27
"chr13:-:67648020:67648036:67642848:67648489",0,0,0,0.032,0,0,0.019,0,0.013,0.048,0.031,0.02,"Zfp58","chr13","-",67648020,67648036,16
"chr15:+:99203046:99203074:99202371:99203288",0.917,0.929,0.948,0.955,0.962,0.947,0.829,0.929,0.896,0.905,0.89,0.921,"Prpf40b","chr15","+",99203046,99203074,28
"chr15:+:99203288:99203314:99202371:99203421",1,1,0.984,1,1,1,0.988,0.963,0.975,0.966,1,0.967,"Prpf40b","chr15","+",99203288,99203314,26
"chr13:-:55655676:55655693:55655437:55656020",0.069,0.064,0.077,0.047,0.047,0.05,0.066,0.068,0.082,0.094,0.08,0.089,"Pdlim7","chr13","-",55655676,55655693,17
"chr13:-:55655676:55655693:55655437:55656592",0.516,0.441,0.482,0.54,0.436,0.501,0.342,0.43,0.451,0.501,0.461,0.496,"Pdlim7","chr13","-",55655676,55655693,17
"chr13:-:55655676:55655693:55655437:55656704",0.652,0.782,0.863,0.709,0.893,0.655,0.782,0.818,0.787,0.837,0.79,0.903,"Pdlim7","chr13","-",55655676,55655693,17
"chr13:-:38167070:38167085:38163782:38167368",0.434,0.449,0.513,0.612,0.629,0.624,0.387,0.446,0.388,0.404,0.362,0.306,"Ssr1","chr13","-",38167070,38167085,15
"chr14:+:55817260:55817290:55817084:55817387",0.995,0.96,1,0.986,0.982,0.996,0.992,0.984,0.974,1,0.979,0.993,"Psme1","chr14","+",55817260,55817290,30
"chr13:-:3649836:3649856:3649751:3649938",0.996,0.977,0.993,0.984,0.998,0.986,0.968,0.992,0.987,0.977,0.974,0.984,"Tasor2","chr13","-",3649836,3649856,20
"chr14:+:118129753:118129783:118126077:118188549",0.799,0.742,0.714,0.779,0.785,0.867,0.647,0.301,0.819,0.538,0.688,0.584,"Gpc6","chr14","+",118129753,118129783,30
"chr15:-:58836345:58836357:58828439:58840687",0.054,0.055,0.067,0.119,0.126,0.026,0.087,0.087,0.14,0.077,0.086,0.073,"Mtss1","chr15","-",58836345,58836357,12
"chr17:+:25807649:25807660:25798353:25831269",0.503,0.393,0.325,0.58,0.512,0.513,0.429,0.443,0.558,0.73,0.509,0.498,"Lmf1","chr17","+",25807649,25807660,11
"chr17:+:25807649:25807660:25804826:25831269",0.979,0.982,0.968,0.986,0.983,0.989,1,0.998,0.995,0.983,0.996,0.987,"Lmf1","chr17","+",25807649,25807660,11
"chr12:+:98903378:98903408:98887042:98908476",0.045,0.049,0.067,0.181,0.155,0.038,0.056,0.022,0.027,0.015,0.03,0.036,"Ttc8","chr12","+",98903378,98903408,30
"chr12:-:98786119:98786128:98784157:98787858",0.987,0.925,0.978,0.992,0.975,0.995,0.819,0.901,0.883,0.934,0.971,0.97,"Eml5","chr12","-",98786119,98786128,9
"chr12:-:98787858:98787873:98784157:98790892",1,0.975,1,1,1,1,0.845,0.719,0.84,0.962,1,0.951,"Eml5","chr12","-",98787858,98787873,15
"chr12:-:91799978:91799996:91798448:91808411",0.953,0.98,1,0.994,0.969,1,0.986,0.995,0.995,0.948,0.959,0.988,"Sel1l","chr12","-",91799978,91799996,18
"chr12:-:81256227:81256245:81251790:81260839",0,0.086,0,0,0.031,0,0,0,0,0,0,0,"Slc8a3","chr12","-",81256227,81256245,18
"chr12:+:72005520:72005547:71999333:72006579",0.843,0.984,0.863,0.882,1,0.902,0.775,0.803,0.76,0.794,0.789,0.856,"Daam1","chr12","+",72005520,72005547,27
"chr12:+:59184366:59184388:59182981:59184483",0.996,0.998,0.991,0.994,0.996,0.977,0.98,0.999,0.989,0.996,0.994,0.996,"Mia2","chr12","+",59184366,59184388,22
"chr12:+:59193121:59193148:59184572:59193632",0,0.007,0.027,0.02,0.027,0.016,0.006,0.011,0.019,0,0.01,0.018,"Mia2","chr12","+",59193121,59193148,27
"chr12:+:59193121:59193148:59191556:59193632",0.019,0.017,0.03,0.072,0.083,0.07,0.05,0.07,0.049,0.05,0.04,0.045,"Mia2","chr12","+",59193121,59193148,27
"chr12:+:44581839:44581857:44579442:44584033",0.902,0.961,0.951,1,0.925,0.956,0.874,0.779,0.864,0.885,0.836,0.852,"Nrcam","chr12","+",44581839,44581857,18
"chr12:+:44613622:44613652:44613195:44615326",1,1,0.991,0.987,0.988,1,0.928,0.894,0.945,0.987,1,1,"Nrcam","chr12","+",44613622,44613652,30
"chr12:+:44644564:44644576:44637842:44645132",0,0.026,0,0.031,0.086,0.053,0.066,0.081,0,0,0,0,"Nrcam","chr12","+",44644564,44644576,12
"chr12:+:40844595:40844622:40840160:40844766",0.738,0.773,0.806,0.94,0.937,0.933,0.708,0.711,0.702,0.794,0.755,0.797,"Dock4","chr12","+",40844595,40844622,27
"chr12:+:21264362:21264371:21263226:21267975",0.988,0.947,0.983,1,0.996,0.959,0.792,0.767,0.772,0.916,0.974,0.948,"Asap2","chr12","+",21264362,21264371,9
"chr12:-:85216284:85216314:85216191:85218148",0.985,0.987,0.988,0.973,0.98,0.992,0.944,0.952,0.927,0.986,0.983,0.964,"Pgf","chr12","-",85216284,85216314,30
"chr12:+:17005670:17005682:17004968:17007226",1,1,0.972,0.997,1,0.991,1,0.989,0.994,0.979,0.996,0.993,"Rock2","chr12","+",17005670,17005682,12
"chr12:+:3804095:3804116:3801907:3822586",0.881,0.926,0.898,0.907,0.941,0.907,0.803,0.852,0.858,0.894,0.917,0.926,"Dtnb","chr12","+",3804095,3804116,21
"chr11:+:121447781:121447811:121441107:121451500",0.987,0.968,0.981,0.981,0.975,0.978,0.984,0.978,0.976,0.968,0.969,0.977,"Tbcd","chr11","+",121447781,121447811,30
"chr11:+:117593204:117593226:117591650:117604951",0.992,0.985,0.981,0.985,0.997,0.988,0.989,0.985,0.986,0.985,0.993,0.987,"Tnrc6c","chr11","+",117593204,117593226,22
"chr11:-:116055488:116055516:116054185:116056657",1,1,0.996,0.997,0.989,1,0.992,0.976,1,0.984,1,0.992,"Fbf1","chr11","-",116055488,116055516,28
"chr11:-:116055488:116055516:116054185:116058377",1,0.98,0.981,1,1,1,1,1,1,0.96,0.983,1,"Fbf1","chr11","-",116055488,116055516,28
"chr11:+:115882711:115882735:115882542:115883880",1,0.996,1,1,1,1,1,1,1,1,1,1,"Itgb4","chr11","+",115882711,115882735,24
"chr11:-:115477821:115477834:115477311:115478231",1,1,1,1,0.763,1,1,0.887,1,0.623,1,1,"Gga3","chr11","-",115477821,115477834,13
"chr11:-:115391491:115391510:115389125:115392830",1,1,1,1,1,1,1,1,1,1,1,1,"Jpt1","chr11","-",115391491,115391510,19
"chr11:-:106071780:106071809:106064607:106075387",0.957,0.953,0.972,0.984,0.989,0.988,0.836,0.776,0.841,0.899,0.954,0.889,"Strada","chr11","-",106071780,106071809,29
"chr11:-:106071780:106071809:106064607:106077926",0.919,0.959,0.951,0.971,1,0.975,0.722,0.845,0.747,0.919,0.891,0.929,"Strada","chr11","-",106071780,106071809,29
"chr11:-:106071780:106071809:106064607:106077950",0.705,0.687,0.748,0.924,0.929,0.757,0.668,0.61,0.674,0.874,0.683,0.7,"Strada","chr11","-",106071780,106071809,29
"chr11:-:101901032:101901053:101900510:101902545",0.994,0.97,1,0.987,1,0.987,0.956,0.966,0.958,0.987,0.945,0.987,"Mpp3","chr11","-",101901032,101901053,21
"chr11:+:101451258:101451277:101446701:101453122",1,1,1,1,1,0.938,1,1,0.971,0.989,1,1,"Nbr1","chr11","+",101451258,101451277,19
"chr11:+:101451258:101451277:101447117:101453122",0.878,1,0.991,0.912,0.758,0.93,0.924,0.916,1,0.915,1,0.972,"Nbr1","chr11","+",101451258,101451277,19
"chr11:+:101453122:101453145:101451277:101455454",1,1,0.999,1,1,1,1,1,1,0.999,1,1,"Nbr1","chr11","+",101453122,101453145,23
"chr11:+:100940284:100940302:100939351:100945851",0.955,0.955,0.945,0.999,0.986,0.989,0.805,0.844,0.805,0.956,0.933,0.973,"Atp6v0a1","chr11","+",100940284,100940302,18
"chr11:-:100798816:100798837:100796754:100799485",1,1,0.887,0.898,1,1,0.977,1,1,1,1,1,"Stat3","chr11","-",100798816,100798837,21
"chr11:-:100393985:100394015:100389588:100395028",0.778,0.806,0.793,0.806,0.805,0.799,0.753,0.748,0.749,0.83,0.822,0.828,"Acly","chr11","-",100393985,100394015,30
"chr11:-:97901452:97901472:97900742:97902691",1,0.98,0.922,0.915,1,0.946,0.96,0.941,0.935,0.766,1,0.942,"Cacnb1","chr11","-",97901452,97901472,20
"chr11:-:97901452:97901472:97901202:97902168",0.632,0.543,0.746,0.646,0.632,0.569,0.691,0.436,0.514,0.566,0.524,0.395,"Cacnb1","chr11","-",97901452,97901472,20
"chr11:-:97901452:97901472:97901202:97902691",0.989,0.97,0.975,0.966,0.961,0.995,0.935,0.916,0.987,0.935,0.946,0.982,"Cacnb1","chr11","-",97901452,97901472,20
"chr11:-:97433359:97433383:97428065:97442502",0.962,0.963,1,0.973,1,1,1,1,0.845,1,1,1,"Srcin1","chr11","-",97433359,97433383,24
"chr11:+:97382469:97382492:97382056:97383876",0.263,0.283,0.231,0.51,0.464,0.487,0.396,0.32,0.389,0.233,0.181,0.214,"Arhgap23","chr11","+",97382469,97382492,23
"chr11:-:94307451:94307481:94307353:94307666",1,0.925,1,1,1,1,0.866,1,0.795,0.897,0.964,1,"Cacna1g","chr11","-",94307451,94307481,30
"chr11:-:86591886:86591907:86588166:86593034",0.151,0.176,0.158,0.107,0.117,0.137,0.124,0.087,0.109,0.099,0.084,0.086,"Cltc","chr11","-",86591886,86591907,21
"chr1:-:164131472:164131493:164130289:164134007",0.182,0.159,0.205,0.118,0.22,0.173,0.103,0.186,0.117,0.241,0.225,0.186,"Blzf1","chr1","-",164131472,164131493,21
"chr13:-:12466281:12466308:12463388:12467602",0.892,0.904,0.869,0.918,0.867,0.859,0.917,0.933,0.934,0.87,0.857,0.866,"Lgals8","chr13","-",12466281,12466308,27
"chr6:-:32870326:32870341:32869310:32945135",0.991,0.976,0.984,0.981,0.995,0.985,0.915,0.936,0.911,0.97,0.977,0.979,"Chchd3","chr6","-",32870326,32870341,15
"chr19:+:55375620:55375641:55369451:55380215",0.514,0.474,0.404,0.546,0.603,0.648,0.659,0.589,0.657,0.548,0.629,0.613,"Vti1a","chr19","+",55375620,55375641,21
"chr19:+:55375620:55375641:55369451:55434609",1,1,0.933,1,0.906,1,1,1,1,1,1,1,"Vti1a","chr19","+",55375620,55375641,21
"chr19:+:55375620:55375641:55369451:55486942",0.6,0.745,0.412,1,0.637,1,0.397,0.759,1,0.713,0.851,0.568,"Vti1a","chr19","+",55375620,55375641,21
"chr6:-:4690468:4690495:4689767:4691428",0.81,0.803,0.848,0.81,0.812,0.813,0.778,0.802,0.807,0.793,0.82,0.805,"Sgce","chr6","-",4690468,4690495,27
"chr5:+:150384853:150384862:150381380:150389708",0.988,0.967,1,1,1,1,1,0.77,0.914,1,1,1,"Fry","chr5","+",150384853,150384862,9
"chr5:+:150412425:150412443:150405041:150414542",0.261,0.327,0.236,0.483,0.316,0.499,0.21,0.358,0.425,0.271,0.113,0.263,"Fry","chr5","+",150412425,150412443,18
"chr6:-:12349708:12349714:12348329:12351983",1,1,0.991,1,1,1,1,1,1,1,1,1,"Thsd7a","chr6","-",12349708,12349714,6
"chr18:+:39490851:39490881:39490716:39496169",0.078,0.014,0.109,0.016,0.043,0.056,0.165,0.14,0.147,0.067,0.12,0.085,"Arhgap26","chr18","+",39490851,39490881,30
"chr3:-:87690593:87690611:87690436:87690976",0.972,0.961,0.961,0.985,0.985,0.986,0.954,0.95,0.949,0.954,0.973,0.959,"Ntrk1","chr3","-",87690593,87690611,18
"chr5:-:23968331:23968349:23967472:23973765",0.55,0.641,0.623,0.701,0.717,0.725,0.513,0.538,0.506,0.347,0.405,0.338,"Pus7","chr5","-",23968331,23968349,18
"chr5:+:135881745:135881775:135881325:135883221",1,0.993,0.993,0.997,0.994,0.996,1,0.979,1,0.964,0.986,0.943,"Srrm3","chr5","+",135881745,135881775,30
"chr5:+:135895980:135896000:135886069:135897026",0.09,0.035,0.101,0.127,0.236,0.204,0.077,0.062,0.028,0.014,0.047,0.015,"Srrm3","chr5","+",135895980,135896000,20
"chr6:-:119711041:119711053:119699269:119720248",0.633,0.645,0.726,0.854,0.872,0.766,0.748,0.769,0.637,0.651,0.687,0.668,"Erc1","chr6","-",119711041,119711053,12
"chr6:-:36871710:36871736:36842763:36890567",1,0.998,1,1,1,0.997,0.991,1,1,1,0.998,1,"Dgki","chr6","-",36871710,36871736,26
"chr14:-:33110756:33110783:33109253:33114898",1,1,0.994,1,1,1,1,0.995,1,1,1,1,"Mapk8","chr14","-",33110756,33110783,27
"chr5:+:124053253:124053273:124046277:124055262",0.994,0.996,0.996,0.995,0.992,0.999,0.996,0.997,0.994,0.997,0.998,0.994,"Denr","chr5","+",124053253,124053273,20
"chr5:+:124053253:124053273:124046277:124060242",1,0.984,0.994,1,0.996,0.988,0.987,0.995,0.998,0.986,0.998,0.986,"Denr","chr5","+",124053253,124053273,20
"chr18:-:47409652:47409673:47382651:47412182",0.809,1,0.925,0.856,0.88,0.769,0.875,1,0.828,0.612,0.951,0.902,"Sema6a","chr18","-",47409652,47409673,21
"chr5:-:92409210:92409239:92407490:92410367",0.979,0.989,0.995,0.998,0.999,0.991,0.984,0.976,0.976,0.995,1,0.991,"Naaa","chr5","-",92409210,92409239,29
"chr5:+:88795077:88795105:88793460:88796114",1,0.997,1,1,0.996,0.991,1,1,1,1,1,1,"Rufy3","chr5","+",88795077,88795105,28
"chr13:-:47018294:47018307:47001862:47082691",0.833,0.939,0.671,0.914,0.875,1,1,0.943,0.915,0.907,0.871,1,"Kif13a","chr13","-",47018294,47018307,13
"chr5:-:73182113:73182131:73181341:73184658",0.966,0.967,0.984,0.964,1,1,0.853,0.903,0.853,0.883,0.845,0.891,"Fryl","chr5","-",73182113,73182131,18
"chr11:-:3302899:3302917:3302377:3303276",0.005,0.003,0.007,0.028,0.007,0.018,0.01,0.016,0.004,0.012,0.004,0.006,"Limk2","chr11","-",3302899,3302917,18
"chr5:+:43426211:43426235:43419127:43434773",0.966,0.984,0.983,1,0.993,1,0.959,0.942,0.897,0.985,0.964,0.946,"Cpeb2","chr5","+",43426211,43426235,24
"chr17:-:78687298:78687327:78686174:78689036",0.003,0,0,0.023,0.017,0.03,0,0,0,0,0.003,0,"Fez2","chr17","-",78687298,78687327,29
"chr7:+:96454311:96454338:96446712:96461039",0.032,0.042,0,0.135,0.138,0.107,0.086,0.044,0.108,0.047,0.011,0.027,"Tenm4","chr7","+",96454311,96454338,27
"chr7:+:96503923:96503944:96501789:96512656",0.18,0.226,0.125,0.196,0.18,0.12,0.094,0.089,0.116,0.02,0.1,0.05,"Tenm4","chr7","+",96503923,96503944,21
"chr7:-:102328880:102328903:102328343:102329343",0.868,0.898,0.823,0.903,0.918,0.93,0.884,0.89,0.869,0.889,0.935,0.913,"Trim68","chr7","-",102328880,102328903,23
"chr5:-:117237365:117237387:117236441:117237541",1,0.998,1,0.999,1,1,0.999,0.998,0.996,0.999,0.998,1,"Suds3","chr5","-",117237365,117237387,22
"chr5:-:29528799:29528822:29497947:29551764",0.926,0.647,0.784,0.595,0.565,0.577,0.701,0.517,0.464,0.878,0.855,1,"Lmbr1","chr5","-",29528799,29528822,23
"chr13:-:58398944:58398967:58391768:58403560",1,0.998,0.997,1,0.997,0.995,1,0.997,1,1,0.996,0.997,"Gkap1","chr13","-",58398944,58398967,23
"chr5:-:23731787:23731813:23730743:23732894",1,0.983,0.99,0.991,0.978,1,0.967,0.995,1,0.982,0.996,0.993,"Srpk2","chr5","-",23731787,23731813,26
"chr4:+:156208432:156208458:156208126:156208548",1,0.993,0.988,1,1,1,1,1,1,0.987,1,0.996,"9430015G10Rik","chr4","+",156208432,156208458,26
"chr4:+:155985460:155985472:155984818:155986131",0.991,1,1,1,0.993,0.987,1,1,0.996,0.992,1,0.996,"Acap3","chr4","+",155985460,155985472,12
"chr13:-:11649192:11649216:11637887:11650410",0,0,0,0.064,0,0.177,0.256,0.341,0,0,0.177,0.177,"Ryr2","chr13","-",11649192,11649216,24
"chr5:-:128889046:128889067:128883625:128890625",0.01,0.015,0,0.084,0.037,0.077,0.03,0.075,0.034,0.027,0.022,0.029,"Rimbp2","chr5","-",128889046,128889067,21
"chr15:-:81755366:81755390:81754699:81756013",1,1,0.999,1,1,1,0.998,1,0.999,1,1,1,"Phf5a","chr15","-",81755366,81755390,24
"chr4:+:95488217:95488234:95485971:95489201",0,0.003,0,0,0,0,0.008,0,0,0,0,0,"Fggy","chr4","+",95488217,95488234,17
"chr4:-:136290748:136290760:136288471:136295883",0.009,0.016,0.014,0.047,0.03,0.047,0.016,0.013,0.013,0.009,0.006,0.004,"Kdm1a","chr4","-",136290748,136290760,12
"chr5:+:54267457:54267481:54267212:54267878",0.058,0.09,0.059,0.037,0.054,0.09,0.019,0.064,0,0.109,0.042,0.082,"Stim2","chr5","+",54267457,54267481,24
"chr13:+:114961746:114961770:114957482:114962693",0.721,1,0.721,0.956,1,0.928,0.483,0.688,0.806,0.372,0.535,0.742,"Mocs2","chr13","+",114961746,114961770,24
"chr13:+:114961746:114961770:114961230:114962693",0.992,1,0.994,0.991,0.985,0.991,0.997,1,0.982,0.996,1,0.993,"Mocs2","chr13","+",114961746,114961770,24
"chr4:+:129234520:129234545:129229932:129235269",0.988,0.994,0.99,0.964,0.96,0.961,0.962,0.963,0.968,0.983,0.982,0.994,"Zbtb8os","chr4","+",129234520,129234545,25
"chr3:-:142010465:142010483:142010230:142012044",0.328,0.273,0.381,0.51,0.336,0.363,0.087,0.472,0.251,0.247,0.322,0.373,"Pdlim5","chr3","-",142010465,142010483,18
"chr3:-:142010465:142010483:142010230:142017883",0.021,0.016,0.028,0.033,0.043,0.053,0.019,0.049,0.035,0.006,0.008,0.033,"Pdlim5","chr3","-",142010465,142010483,18
"chr3:-:142012044:142012059:142010230:142017883",0.095,0.146,0.094,0.081,0.109,0.121,0.086,0.056,0.086,0.138,0.076,0.106,"Pdlim5","chr3","-",142012044,142012059,15
"chr3:-:142012044:142012059:142010483:142017883",0.732,0.784,0.694,0.855,0.618,0.582,0.312,0.453,0.435,0.909,0.82,0.722,"Pdlim5","chr3","-",142012044,142012059,15
"chr19:-:40358133:40358163:40353610:40361919",0.701,0.71,0.62,0.699,0.687,0.728,0.668,0.85,0.841,0.554,0.64,0.833,"Sorbs1","chr19","-",40358133,40358163,30
"chr19:-:40371199:40371226:40371077:40381831",0.364,0.287,0.269,0.424,0.377,0.565,0.343,0.345,0.395,0.17,0.282,0.233,"Sorbs1","chr19","-",40371199,40371226,27
"chr4:-:123030664:123030691:123029470:123032658",0.981,1,1,1,1,0.992,1,0.993,0.963,0.953,1,0.93,"Ppie","chr4","-",123030664,123030691,27
"chr17:+:35203955:35203984:35201663:35204084",0,0.002,0.003,0.002,0.002,0,0,0.002,0.001,0.001,0.002,0.002,"Lsm2","chr17","+",35203955,35203984,29
"chr4:-:116190609:116190630:116187666:116194618",0.535,0.541,0.574,0.855,0.766,0.772,0.628,0.568,0.574,0.531,0.517,0.498,"Mast2","chr4","-",116190609,116190630,21
"chr10:+:20883650:20883677:20876604:20893811",0.968,0.938,0.942,0.962,0.934,0.914,0.937,0.885,0.922,0.973,0.973,0.961,"Ahi1","chr10","+",20883650,20883677,27
"chr10:+:128684629:128684658:128682452:128687025",1,0.991,0.972,1,1,1,1,1,1,1,1,1,"Sarnp","chr10","+",128684629,128684658,29
"chr10:+:128687025:128687051:128682452:128689051",1,1,0.992,1,1,1,1,1,1,1,1,1,"Sarnp","chr10","+",128687025,128687051,26
"chr10:+:128687025:128687051:128684658:128689051",0.988,0.988,0.993,0.99,0.993,0.993,0.995,0.995,0.992,0.997,0.995,0.994,"Sarnp","chr10","+",128687025,128687051,26
"chr10:+:128687025:128687051:128684658:128708289",1,1,0.998,1,1,1,1,1,1,0.998,1,0.996,"Sarnp","chr10","+",128687025,128687051,26
"chr7:+:112455259:112455271:112438687:112456004",0.923,0.649,0.793,0.672,0.727,0.41,0.709,0.794,0.839,0.757,0.805,0.787,"Tead1","chr7","+",112455259,112455271,12
"chr7:+:112455259:112455271:112441309:112456004",0.98,0.986,0.961,0.991,1,0.997,0.956,0.95,0.97,0.972,0.995,0.989,"Tead1","chr7","+",112455259,112455271,12
"chr4:+:102757722:102757734:102727921:102762761",0.993,0.982,0.987,0.998,0.993,1,0.994,0.956,0.968,0.929,0.958,0.949,"Sgip1","chr4","+",102757722,102757734,12
"chr4:+:102757722:102757734:102727921:102766004",0.334,0.41,0.129,0.806,0.911,0.54,0.265,0.395,0.466,0.247,0.104,0.204,"Sgip1","chr4","+",102757722,102757734,12
"chr4:+:102762761:102762773:102727921:102766004",0.624,0.822,0.748,0.969,0.982,0.744,0.716,0.639,0.703,0.67,0.504,0.486,"Sgip1","chr4","+",102762761,102762773,12
"chr4:+:102762761:102762773:102757734:102766004",0.998,1,1,1,1,1,1,1,0.991,1,1,0.99,"Sgip1","chr4","+",102762761,102762773,12
"chr4:+:102766004:102766029:102727921:102766934",1,0.99,0.972,1,1,1,0.936,0.973,0.915,1,1,0.991,"Sgip1","chr4","+",102766004,102766029,25
"chr18:+:60678428:60678449:60677218:60678819",0.511,0.501,0.495,0.69,0.613,0.696,0.534,0.561,0.556,0.522,0.503,0.452,"Dctn4","chr18","+",60678428,60678449,21
"chr5:-:107985286:107985312:107969760:107989936",0,0.007,0,0.038,0.033,0.051,0.021,0.02,0.022,0.003,0,0,"Evi5","chr5","-",107985286,107985312,26
"chr8:-:71242326:71242347:71241928:71242491",0.116,0.119,0.172,0.191,0.18,0.21,0.072,0.107,0.14,0.118,0.192,0.065,"Mast3","chr8","-",71242326,71242347,21
"chr11:-:119999292:119999316:119997436:120000257",0.757,0.777,0.743,0.936,0.936,0.928,0.858,0.822,0.834,0.753,0.705,0.722,"Slc38a10","chr11","-",119999292,119999316,24
"chr12:-:77008036:77008063:77000050:77008763",0.337,0.325,0.353,0.542,0.436,0.481,0.522,0.536,0.498,0.416,0.425,0.423,"Max","chr12","-",77008036,77008063,27
"chr15:+:41701647:41701675:41689448:41712065",0.099,0.068,0.061,0.168,0,0.021,0,0.039,0.14,0,0,0.151,"Oxr1","chr15","+",41701647,41701675,28
"chr15:+:41701647:41701675:41689448:41713854",0.061,0,0,0.035,0,0,0,0,0,0,0,0.161,"Oxr1","chr15","+",41701647,41701675,28
"chr15:+:41701647:41701675:41694525:41712065",0.303,0.288,0.371,0.457,0.182,0.169,0.174,0.313,0.481,0.38,0.164,0.128,"Oxr1","chr15","+",41701647,41701675,28
"chr15:+:41701647:41701675:41694525:41713854",0.109,0.05,0.027,0.102,0.103,0.039,0.055,0.022,0.073,0.077,0.019,0.071,"Oxr1","chr15","+",41701647,41701675,28
"chr14:-:56137176:56137186:56136762:56137270",0.338,0.156,0.156,0.109,0.204,0.127,0.168,0.133,0.1,0.143,0.139,0.079,"Sdr39u1","chr14","-",56137176,56137186,10
"chr4:-:15065323:15065349:15052717:15111193",1,1,0.942,1,1,1,1,1,1,1,1,1,"Necab1","chr4","-",15065323,15065349,26
"chr5:-:8136593:8136623:8132269:8161894",0,0.019,0.12,0.161,0.21,0.159,0.051,0,0.11,0,0.025,0.034,"Adam22","chr5","-",8136593,8136623,30
"chr4:-:12169957:12169978:12169033:12170983",0.085,0.176,0.143,0.176,0.232,0.227,0.093,0.103,0.081,0.049,0.07,0.076,"Cibar1","chr4","-",12169957,12169978,21
"chr6:-:22329577:22329607:22328677:22339271",0.994,0.995,0.996,0.984,0.99,0.994,0.982,0.986,0.983,0.991,0.993,0.996,"Fam3c","chr6","-",22329577,22329607,30
"chr6:-:22329577:22329607:22328677:22343264",0.993,1,1,1,1,1,1,1,0.981,1,1,1,"Fam3c","chr6","-",22329577,22329607,30
"chr6:-:22329577:22329607:22328677:22355993",0.979,1,1,0.986,1,0.98,1,1,0.995,0.994,0.973,0.979,"Fam3c","chr6","-",22329577,22329607,30
"chr3:-:148526086:148526104:148523564:148526608",0.03,0.126,0.038,0.169,0.034,0.235,0.138,0.089,0.034,0,0.054,0.093,"Adgrl2","chr3","-",148526086,148526104,18
"chr3:-:148526086:148526104:148523564:148526915",0,0,0.067,0.188,0,0.053,0.067,0.041,0,0,0,0,"Adgrl2","chr3","-",148526086,148526104,18
"chr3:-:148532847:148532874:148532169:148533176",0,0,0.041,0.262,0.045,0.344,0,0.101,0.151,0,0,0,"Adgrl2","chr3","-",148532847,148532874,27
"chr3:-:148566062:148566074:148565169:148571235",0.576,0.648,0.595,0.812,0.719,0.714,0.451,0.517,0.502,0.483,0.354,0.381,"Adgrl2","chr3","-",148566062,148566074,12
"chr16:-:17501022:17501052:17492522:17503316",0.975,0.93,0.984,0.988,0.983,0.97,0.958,0.964,0.93,0.937,0.99,0.987,"Med15","chr16","-",17501022,17501052,30
"chr16:-:17501022:17501052:17498625:17503316",0.991,0.993,0.994,0.993,0.997,0.976,0.987,0.978,0.985,0.99,0.996,0.99,"Med15","chr16","-",17501022,17501052,30
"chr16:-:17501022:17501052:17498625:17515470",0.913,1,0.945,0.973,1,0.977,1,1,1,1,1,0.961,"Med15","chr16","-",17501022,17501052,30
"chr7:-:97748680:97748698:97747578:97751756",0.028,0.02,0.03,0.058,0.05,0.03,0.039,0.047,0.044,0.125,0.091,0.019,"Myo7a","chr7","-",97748680,97748698,18
"chr2:+:164612286:164612314:164612000:164613212",1,1,1,1,0.999,1,1,1,0.999,1,0.999,1,"Ube2c","chr2","+",164612286,164612314,28
"chr3:-:135344900:135344917:135332504:135361260",0,0,0,0.015,0.007,0.027,0.046,0.054,0.056,0,0.031,0,"Nfkb1","chr3","-",135344900,135344917,17
"chr5:-:131488964:131488994:131486748:131494869",0.971,1,1,0.98,0.912,1,1,1,0.964,1,0.921,0.833,"Auts2","chr5","-",131488964,131488994,30
"chr2:+:69566211:69566241:69564722:69566332",0.962,0.956,0.976,0.996,0.988,0.987,0.949,0.99,0.969,0.965,0.942,0.968,"Ppig","chr2","+",69566211,69566241,30
"chr5:+:43885612:43885633:43883714:43887198",0.012,0,0.039,0.031,0,0.016,0,0,0,0.046,0.017,0,"Cc2d2a","chr5","+",43885612,43885633,21
"chr10:+:83573772:83573797:83558898:83593308",0.975,0.974,0.974,0.975,0.958,0.978,0.992,0.974,0.991,0.986,0.979,0.975,"1500009L16Rik","chr10","+",83573772,83573797,25
"chr10:+:83573772:83573797:83558898:83595456",1,0.984,1,1,1,1,1,1,1,1,1,1,"1500009L16Rik","chr10","+",83573772,83573797,25
"chr6:-:115603899:115603927:115603800:115608175",1,1,0.996,0.996,1,1,1,0.983,1,1,1,1,"Raf1","chr6","-",115603899,115603927,28
"chr2:-:151444300:151444328:151442994:151474067",0.049,0.141,0,0.119,0,0,0.149,0,0.067,0,0.034,0.023,"Snph","chr2","-",151444300,151444328,28
"chr1:+:63217025:63217035:63216450:63217597",0.963,0.953,0.973,0.974,0.962,0.954,0.943,0.967,0.935,0.943,0.929,0.947,"Eef1b2","chr1","+",63217025,63217035,10
"chr3:-:126772904:126772916:126770581:126775448",1,1,0.975,1,1,1,0.918,0.952,0.99,1,0.987,0.993,"Ank2","chr3","-",126772904,126772916,12
"chr3:-:126772904:126772916:126770596:126775448",0.836,0.784,0.624,0.887,0.873,0.898,0.73,0.579,0.512,0.57,0.54,0.583,"Ank2","chr3","-",126772904,126772916,12
"chr3:-:126845874:126845898:126841929:126846336",0.99,1,0.995,1,1,1,0.97,0.967,0.921,1,1,1,"Ank2","chr3","-",126845874,126845898,24
"chr3:-:103715387:103715414:103714892:103716215",0.136,0,0.198,0.132,0.158,0.278,0.121,0.108,0.051,0.078,0.207,0.343,"Dclre1b","chr3","-",103715387,103715414,27
"chr2:-:165694787:165694799:165694068:165699974",0.284,0.365,0.31,0.436,0.261,0.579,0.275,0.266,0.43,0.316,0.28,0.327,"Zmynd8","chr2","-",165694787,165694799,12
"chr2:-:165694787:165694799:165694068:165717624",0.435,0.405,0.349,0.609,0.604,0.594,0.529,0.518,0.545,0.262,0.341,0.278,"Zmynd8","chr2","-",165694787,165694799,12
"chr9:+:113670226:113670243:113664322:113670626",0.047,0.051,0.069,0.094,0.042,0.063,0.018,0.03,0.015,0.039,0.062,0.061,"Clasp2","chr9","+",113670226,113670243,17
"chr9:+:113687648:113687672:113683414:113691253",0.314,0.463,0.381,0.595,0.631,0.687,0.515,0.444,0.468,0.302,0.303,0.296,"Clasp2","chr9","+",113687648,113687672,24
"chr9:+:113689187:113689205:113687672:113691253",0.56,0.484,0.584,0.366,0.5,0.403,0.396,0.457,0.476,0.678,0.713,0.706,"Clasp2","chr9","+",113689187,113689205,18
"chr9:+:113691503:113691530:113691355:113697615",0.002,0,0.001,0.01,0.019,0,0.025,0.007,0.003,0.006,0,0.007,"Clasp2","chr9","+",113691503,113691530,27
"chr9:+:113707817:113707841:113705418:113709009",0.888,0.885,0.866,0.946,0.953,0.915,0.687,0.775,0.783,0.757,0.821,0.713,"Clasp2","chr9","+",113707817,113707841,24
"chr9:+:113716112:113716115:113710819:113719025",0.981,0.991,0.993,1,0.982,0.977,0.941,0.91,0.939,0.98,0.971,0.95,"Clasp2","chr9","+",113716112,113716115,3
"chr2:+:24947976:24947982:24947188:24948264",0.973,1,1,1,1,1,0.98,0.905,0.964,0.939,1,0.979,"Nsmf","chr2","+",24947976,24947982,6
"chr5:-:114891208:114891214:114890388:114891339",1,1,0.96,1,1,1,0.814,0.879,0.868,0.887,0.977,0.935,"Git2","chr5","-",114891208,114891214,6
"chr5:-:114891208:114891214:114890391:114891339",0.928,1,0.991,0.99,1,0.988,0.743,0.819,0.861,0.944,0.929,0.952,"Git2","chr5","-",114891208,114891214,6
"chr15:-:79187773:79187802:79186897:79188504",0.85,0.882,0.835,0.678,0.75,0.847,0.62,0.638,0.693,0.823,0.886,0.711,"Pla2g6","chr15","-",79187773,79187802,29
"chr2:-:22853225:22853240:22852513:22861094",0.998,0.994,0.996,1,1,0.996,0.923,0.93,0.936,0.982,0.979,0.978,"Abi1","chr2","-",22853225,22853240,15
"chr2:-:22853225:22853240:22852513:22884534",1,1,0.976,1,1,1,0.898,1,1,1,1,1,"Abi1","chr2","-",22853225,22853240,15
"chr3:+:94862073:94862100:94861562:94862325",0.046,0.03,0.047,0.099,0.134,0.077,0.082,0.062,0.022,0.036,0.024,0.07,"Rfx5","chr3","+",94862073,94862100,27
"chr2:+:164838783:164838798:164838438:164839029",0.78,0.714,0.816,0.703,0.817,0.722,0.665,0.65,0.636,0.585,0.644,0.665,"Slc12a5","chr2","+",164838783,164838798,15
"chr8:+:13988921:13988948:13985289:13989562",0.905,0.855,0.889,0.919,0.928,0.948,0.823,0.788,0.807,0.75,0.668,0.778,"Fbxo25","chr8","+",13988921,13988948,27
"chr7:+:15884498:15884516:15884369:15886743",1,0.973,0.994,0.968,0.996,0.987,0.921,1,0.981,0.972,0.948,0.971,"Slc8a2","chr7","+",15884498,15884516,18
"chr19:+:7162940:7162970:7043571:7173778",0.96,0.984,0.97,0.984,0.994,0.976,0.962,1,1,0.989,0.989,0.976,"Macrod1","chr19","+",7162940,7162970,30
"chr2:-:90899973:90899998:90899084:90900499",0,0.017,0.005,0,0,0,0,0,0,0,0,0,"Slc39a13","chr2","-",90899973,90899998,25
"chr2:-:32213190:32213202:32210629:32213433",0.995,0.985,0.999,0.994,1,0.991,0.955,0.976,0.959,0.95,0.987,0.99,"Dnm1","chr2","-",32213190,32213202,12
"chr7:-:45458153:45458156:45457873:45459550",0.743,0.732,0.728,0.787,0.786,0.781,0.789,0.773,0.768,0.731,0.732,0.75,"Cyth2","chr7","-",45458153,45458156,3
"chr17:+:26037531:26037556:26037162:26037869",0.989,1,0.982,0.967,1,0.99,0.99,1,1,0.968,0.966,0.944,"Fbxl16","chr17","+",26037531,26037556,25
"chr1:-:181758738:181758750:181758327:181763224",0.058,0,0,0,0,0,0,0,0,0,0.107,0,"Enah","chr1","-",181758738,181758750,12
"chr1:-:181758738:181758750:181758327:181783958",0.004,0.001,0.004,0.004,0,0.002,0,0.007,0.001,0.003,0,0.002,"Enah","chr1","-",181758738,181758750,12
"chr3:+:88783213:88783237:88777150:88787377",0.395,0.519,0.523,0.566,0.469,0.603,0.484,0.505,0.489,0.45,0.517,0.459,"Gon4l","chr3","+",88783213,88783237,24
"chr5:+:65549562:65549586:65549016:65549677",0.062,0.162,0.207,0.08,0.054,0.169,0.169,0.085,0.059,0.145,0.148,0.118,"Lias","chr5","+",65549562,65549586,24
"chr2:-:20858768:20858789:20857880:20859745",0,0.014,0.007,0.011,0.006,0.008,0.002,0.021,0.006,0,0.004,0.004,"Arhgap21","chr2","-",20858768,20858789,21
"chr2:-:20888010:20888040:20886662:20891916",0.391,0.496,0.407,0.574,0.629,0.721,0.437,0.488,0.481,0.53,0.574,0.518,"Arhgap21","chr2","-",20888010,20888040,30
"chr10:-:79743324:79743345:79742980:79744651",0.84,0.906,0.868,0.86,0.612,0.828,0.887,1,0.735,0.648,0.887,0.778,"Med16","chr10","-",79743324,79743345,21
"chr2:-:11482846:11482869:11479354:11485008",0.178,0.198,0.144,0.163,0.11,0.166,0.119,0.096,0.152,0.146,0.139,0.151,"Pfkfb3","chr2","-",11482846,11482869,23
"chr2:-:4652907:4652934:4650484:4653051",0.008,0.006,0.012,0.025,0.022,0.033,0.014,0.017,0.019,0.007,0.008,0.011,"Prpf18","chr2","-",4652907,4652934,27
"chr16:+:31673485:31673506:31672702:31675258",0.127,0.132,0.212,0.197,0.208,0.191,0.134,0.133,0.172,0.083,0.089,0.065,"Dlg1","chr16","+",31673485,31673506,21
"chr4:-:155069822:155069849:155069422:155070671",0.105,0.088,0.131,0.17,0.26,0.326,0.197,0.145,0.444,0.096,0.331,0.263,"Plch2","chr4","-",155069822,155069849,27
"chr2:+:5871043:5871052:5869259:5871164",0.971,0.984,0.985,0.986,0.982,0.984,0.985,0.979,0.984,0.986,0.971,0.986,"Nudt5","chr2","+",5871043,5871052,9
"chr2:+:121982127:121982156:121981632:121983131",1,0.998,1,1,1,1,1,1,1,1,1,1,"B2m","chr2","+",121982127,121982156,29
"chr11:-:106552827:106552850:106545988:106562567",0.401,0.595,0.502,0.753,0.56,0.634,0.45,0.693,0.671,0.439,0.339,0.43,"Pecam1","chr11","-",106552827,106552850,23
"chr11:-:106552827:106552850:106545988:106570374",0.233,0.483,0.274,0.78,0.21,0.161,0.12,0.229,0.416,0.168,0.24,0.366,"Pecam1","chr11","-",106552827,106552850,23
"chr17:+:9139335:9139364:9117821:9147923",1,1,0.995,1,1,1,1,1,1,1,1,0.993,"Pde10a","chr17","+",9139335,9139364,29
"chr9:-:82856979:82857009:82856786:82857140",0.981,1,1,1,1,1,1,0.979,1,1,1,0.992,"Phip","chr9","-",82856979,82857009,30
"chr3:-:144405614:144405638:144403228:144407568",1,1,1,1,0.999,1,1,1,0.998,1,0.999,1,"Sh3glb1","chr3","-",144405614,144405638,24
"chr3:-:144405614:144405638:144403228:144411273",0.762,0.775,0.781,0.819,0.842,0.817,0.61,0.559,0.524,0.624,0.669,0.642,"Sh3glb1","chr3","-",144405614,144405638,24
"chr1:-:43846509:43846537:43844834:43866774",1,1,0.997,0.993,1,1,0.993,0.999,0.999,0.997,0.997,1,"Uxs1","chr1","-",43846509,43846537,28
"chr9:-:105792511:105792538:105789716:105792839",1,0.994,1,1,1,1,1,1,1,1,1,1,"Col6a5","chr9","-",105792511,105792538,27
"chr9:+:86388923:86388953:86388572:86389556",0.172,0.209,0.404,0.407,0.475,0.489,0.208,0.176,0.272,0.074,0.044,0.227,"Dop1a","chr9","+",86388923,86388953,30
"chr1:-:165009620:165009650:165006864:165011395",0.967,0.986,0.997,1,1,1,1,0.984,0.987,1,1,0.994,"Sft2d2","chr1","-",165009620,165009650,30
"chr4:-:156253002:156253026:156251963:156253189",0.024,0.031,0.033,0.102,0.09,0.093,0.075,0.048,0.052,0.027,0.036,0.036,"Agrn","chr4","-",156253002,156253026,24
"chr4:-:156253002:156253026:156252266:156253189",0.365,0.463,0.187,0.683,0.633,0.668,0.396,0.396,0.35,0.365,0.197,0.401,"Agrn","chr4","-",156253002,156253026,24
"chr4:-:156254002:156254014:156253793:156254226",0.895,0.893,0.895,0.822,0.852,0.874,0.786,0.823,0.783,0.753,0.78,0.809,"Agrn","chr4","-",156254002,156254014,12
"chr2:+:157300762:157300780:157300553:157304629",0.366,0.366,0.252,0.39,0.488,0.463,0.295,0.334,0.326,0.228,0.204,0.255,"Src","chr2","+",157300762,157300780,18
"chr5:-:134421248:134421274:134419784:134424470",0.977,0.997,0.986,0.987,0.987,0.994,0.997,0.991,0.991,0.984,0.988,0.99,"Gtf2ird1","chr5","-",134421248,134421274,26
"chr4:-:70165184:70165211:70163734:70168589",0.316,0.509,0.362,0.252,0.303,0.363,0.137,0.253,0.198,0.338,0.469,0.403,"Cdk5rap2","chr4","-",70165184,70165211,27
"chr2:+:71058170:71058188:71049762:71058943",0.003,0,0.003,0.034,0.024,0.036,0.024,0.008,0.016,0.014,0.011,0.01,"Dync1i2","chr2","+",71058170,71058188,18
"chr4:-:56922386:56922410:56916806:56923338",0.259,0.153,0.218,0.183,0.087,0.116,0.015,0.139,0.14,0.111,0.115,0.05,"Tmem245","chr4","-",56922386,56922410,24
"chr10:+:110601999:110602023:110601635:110602977",0.561,0.416,0.385,0.597,0.596,0.536,0.389,0.397,0.318,0.487,0.388,0.449,"E2f7","chr10","+",110601999,110602023,24
"chr5:+:92560023:92560053:92559054:92562100",0,0.068,0,0,0,0,0,0,0.138,0,0,0,"Art3","chr5","+",92560023,92560053,30
"chr1:+:50982355:50982382:50977501:51110626",1,1,0.974,1,0.989,1,1,1,1,1,1,1,"Tmeff2","chr1","+",50982355,50982382,27
"chr1:-:135385598:135385607:135383068:135386393",0.031,0.021,0.023,0.022,0.018,0.02,0.022,0.032,0.026,0.023,0.013,0.014,"Nav1","chr1","-",135385598,135385607,9
"chr1:-:135391652:135391676:135391537:135392443",0.984,0.983,0.993,0.99,0.989,0.982,0.931,0.927,0.913,0.953,0.965,0.984,"Nav1","chr1","-",135391652,135391676,24
"chr15:-:100310114:100310143:100308112:100320842",0.952,1,1,1,0.987,1,0.931,1,1,1,0.823,1,"Slc11a2","chr15","-",100310114,100310143,29
"chr17:-:81749631:81749652:81749219:81752297",0.089,0.195,0.223,0.133,0.22,0.147,0.238,0.111,0.266,0.205,0.291,0.295,"Slc8a1","chr17","-",81749631,81749652,21
"chr17:-:81749631:81749652:81749219:81752915",1,1,0.828,1,0.922,0.749,0.717,0.56,0.707,0.933,0.854,0.749,"Slc8a1","chr17","-",81749631,81749652,21
"chr7:+:122751386:122751408:122723938:122761716",0.91,0.779,0.837,0.836,0.959,0.882,0.707,0.712,0.907,0.908,0.859,0.898,"Tnrc6a","chr7","+",122751386,122751408,22
"chr7:+:122751386:122751408:122743060:122761716",0.977,0.97,0.977,0.991,0.995,0.979,1,0.994,0.988,0.989,0.986,0.984,"Tnrc6a","chr7","+",122751386,122751408,22
"chr11:+:9068630:9068660:9068284:9069373",0.682,0.443,0.593,0.176,0.448,0.294,0.39,0.437,0.425,0.58,0.589,0.687,"Upp1","chr11","+",9068630,9068660,30
"chr6:+:5157003:5157027:5156240:5158088",1,1,0.987,1,1,1,0.954,1,0.976,1,1,0.992,"Ppp1r9a","chr6","+",5157003,5157027,24
"chr2:-:24532864:24532870:24529222:24538490",0.92,0.913,0.94,0.972,0.957,0.972,0.894,0.912,0.876,0.993,0.982,0.984,"Cacna1b","chr2","-",24532864,24532870,6
"chr2:-:24546722:24546734:24544492:24547302",0,0,0.004,0.08,0.147,0.059,0.041,0.004,0.012,0,0.015,0.008,"Cacna1b","chr2","-",24546722,24546734,12
"chr5:+:144747141:144747162:144744201:144748704",0.231,0.121,0.2,0.559,0.475,0.39,0.172,0.209,0.239,0.098,0.149,0.185,"Trrap","chr5","+",144747141,144747162,21
"chr5:+:144747141:144747162:144747014:144748704",1,1,0.999,1,1,1,0.993,0.986,0.992,1,1,0.99,"Trrap","chr5","+",144747141,144747162,21
"chr9:-:50436561:50436584:50436079:50439856",0.858,1,1,1,1,1,1,0.905,1,0.858,0.812,1,"Pts","chr9","-",50436561,50436584,23
"chr10:-:76107209:76107239:76106291:76108366",0.16,0.277,0.273,0.383,0.448,0.383,0.237,0.212,0.232,0.104,0.153,0.078,"Dip2a","chr10","-",76107209,76107239,30
"chr1:+:60478100:60478118:60476391:60483143",0.387,0.406,0.378,0.453,0.418,0.571,0.311,0.373,0.295,0.19,0.203,0.201,"Abi2","chr1","+",60478100,60478118,18
"chr14:-:27227594:27227620:27220846:27228607",0.368,0.502,0.247,0.61,0.484,0.46,0.604,0.436,0.358,0.254,0.443,0.353,"Ccdc66","chr14","-",27227594,27227620,26
"chr14:-:27227594:27227620:27222639:27228607",0.63,0.559,0.596,0.797,0.712,0.482,0.543,0.58,0.445,0.554,0.579,0.588,"Ccdc66","chr14","-",27227594,27227620,26
"chr15:-:83267823:83267829:83266084:83269187",0.615,0.612,0.599,0.71,0.75,0.762,0.467,0.529,0.439,0.477,0.509,0.46,"Pacsin2","chr15","-",83267823,83267829,6
"chr2:+:174169900:174169924:174169734:174170159",0.966,0.963,0.988,0.978,0.989,0.989,0.97,0.967,0.961,0.97,0.949,0.952,"Gnas","chr2","+",174169900,174169924,24
"chr2:+:174169900:174169924:174169734:174176004",0.615,0.56,0.609,0.696,0.762,0.776,0.656,0.654,0.638,0.537,0.552,0.568,"Gnas","chr2","+",174169900,174169924,24
"chr2:+:174169900:174169924:174169734:174183445",0.973,0.963,0.973,0.993,0.991,0.997,1,0.984,1,0.984,0.989,0.973,"Gnas","chr2","+",174169900,174169924,24
"chr9:-:88282775:88282802:88280424:88283972",0.955,0.94,0.985,0.963,0.965,0.988,0.796,0.846,0.894,0.952,0.957,0.906,"Snx14","chr9","-",88282775,88282802,27
"chr19:-:47030560:47030578:47028581:47031204",0.688,0.727,0.872,0.802,0.777,0.827,0.541,0.598,0.572,0.547,0.597,0.425,"Pcgf6","chr19","-",47030560,47030578,18
"chr1:-:161872954:161872966:161847561:161911601",0,0,0.817,0.893,0.792,0,0.809,0,0,0.316,0,0,"Dnm3","chr1","-",161872954,161872966,12
"chr2:+:68936086:68936110:68935503:68938785",0.908,0.958,0.827,0.915,0.849,0.951,0.77,0.804,0.681,0.777,0.833,0.851,"Cers6","chr2","+",68936086,68936110,24
"chr1:+:34335822:34335840:34334617:34338801",0.994,0.997,0.999,1,0.986,0.988,0.882,0.821,0.802,0.977,0.971,0.976,"Dst","chr1","+",34335822,34335840,18
"chr17:+:14068616:14068637:14066901:14069369",0.738,0.756,0.784,0.783,0.775,0.856,0.74,0.599,0.655,0.728,0.675,0.724,"Afdn","chr17","+",14068616,14068637,21
"chr4:-:98842102:98842117:98834991:98843552",1,1,0.995,1,0.995,1,1,0.981,0.985,0.995,0.989,0.989,"Dock7","chr4","-",98842102,98842117,15
"chr5:-:34792713:34792736:34792503:34792952",1,1,0.985,1,1,1,1,1,1,1,1,0.989,"Mfsd10","chr5","-",34792713,34792736,23
"chr1:+:40047490:40047499:40046690:40048847",0.998,1,0.999,1,0.999,0.999,0.984,0.992,0.992,0.991,0.991,0.997,"Map4k4","chr1","+",40047490,40047499,9
"chr7:+:43993721:43993745:43993162:43993929",0.912,0.817,1,1,1,1,0.795,1,0.756,1,0.463,0.301,"Shank1","chr7","+",43993721,43993745,24
"chr13:+:12610578:12610605:12608400:12614749",1,1,0.99,1,1,1,0.986,1,1,1,1,1,"Ero1b","chr13","+",12610578,12610605,27
"chr1:+:160864857:160864885:160864422:160865074",0.906,1,1,1,1,1,1,1,1,1,1,1,"Gas5","chr1","+",160864857,160864885,28
"chr1:+:160864857:160864885:160864422:160865794",0.928,0.976,0.948,0.943,1,0.974,0.908,0.905,0.919,0.941,0.973,0.913,"Gas5","chr1","+",160864857,160864885,28
"chr1:+:118440434:118440458:118438106:118449556",0,0.047,0.026,0.129,0.031,0.175,0.012,0.071,0.048,0.044,0.013,0.035,"Clasp1","chr1","+",118440434,118440458,24
"chr1:+:118440434:118440458:118439952:118449556",0.775,0.601,0.281,0.959,0.535,0.896,0.589,1,0.601,0.35,0.251,0.256,"Clasp1","chr1","+",118440434,118440458,24
"chr1:+:118451050:118451077:118449664:118453026",0.425,0.537,0.627,0.611,0.724,0.605,0.566,0.484,0.568,0.5,0.566,0.451,"Clasp1","chr1","+",118451050,118451077,27
"chr1:+:118469404:118469428:118467099:118470831",0.773,0.812,0.843,0.865,0.827,0.867,0.83,0.862,0.837,0.727,0.727,0.694,"Clasp1","chr1","+",118469404,118469428,24
"chr1:+:118469404:118469428:118467099:118470834",1,0.953,0.894,0.976,1,1,1,0.988,1,1,0.957,0.842,"Clasp1","chr1","+",118469404,118469428,24
"chr1:+:118475385:118475388:118473186:118475594",0.973,0.994,1,1,1,1,1,1,0.991,1,1,0.989,"Clasp1","chr1","+",118475385,118475388,3
"chr1:+:10130048:10130072:10129048:10134557",0.517,0.334,0.191,0.447,0.301,0.365,0.295,0.321,0.495,0.335,0.447,0.42,"Cspp1","chr1","+",10130048,10130072,24
"chr15:-:76078758:76078773:76078630:76078950",0.426,0.35,0.422,0.349,0.403,0.385,0.221,0.302,0.239,0.324,0.338,0.298,"Plec","chr15","-",76078758,76078773,15
"chr19:-:3509746:3509764:3509480:3514544",0.128,0.117,0.148,0.383,0.371,0.271,0.143,0.118,0.183,0.138,0.11,0.087,"Ppp6r3","chr19","-",3509746,3509764,18
"chr2:-:124929596:124929623:124928636:124930782",1,1,1,0.935,0.97,0.937,0.798,0.878,0.925,0.815,0.884,0.884,"Myef2","chr2","-",124929596,124929623,27
"chr2:-:29094909:29094936:29090960:29097429",1,0.978,1,1,1,1,1,1,1,1,1,1,"Ntng2","chr2","-",29094909,29094936,27
"chr14:-:121797806:121797812:121796545:121798001",0.025,0,0,0,0,0.194,0,0,0,0,0.031,0.027,"Dock9","chr14","-",121797806,121797812,6
"chr14:-:121797806:121797812:121797372:121798001",0.078,0.126,0.199,0.191,0.161,0.347,0.038,0.09,0.082,0.018,0.075,0.066,"Dock9","chr14","-",121797806,121797812,6
"chr11:-:54877876:54877894:54877041:54882216",0.799,0.819,0.794,0.833,0.832,0.85,0.763,0.764,0.739,0.819,0.811,0.811,"Anxa6","chr11","-",54877876,54877894,18
"chr4:-:118085015:118085042:118083768:118087891",0.987,0.973,0.993,1,0.995,1,0.885,0.847,0.895,0.98,0.982,0.98,"Ptprf","chr4","-",118085015,118085042,27
"chr12:+:103016153:103016182:103013957:103025577",0.732,0.402,0.65,0.915,0.866,0.858,0.846,0.784,0.788,0.834,0.762,0.808,"Unc79","chr12","+",103016153,103016182,29
"chr11:-:102422138:102422156:102418992:102427937",0.87,0.893,0.77,0.938,1,0.701,0.899,1,0.781,0.748,0.671,0.862,"Gpatch8","chr11","-",102422138,102422156,18
"chr11:-:102422138:102422156:102418992:102429107",0.324,0.313,0.379,0.387,0.304,0.31,0.253,0.258,0.183,0.211,0.221,0.186,"Gpatch8","chr11","-",102422138,102422156,18
"chr5:+:48378308:48378332:48377422:48381994",0.363,0.375,0.341,0.536,0.374,0.554,0.351,0.336,0.43,0.187,0.067,0.164,"Slit2","chr5","+",48378308,48378332,24
"chr5:+:48420982:48421009:48417025:48432923",0.114,0.014,0.006,0.087,0.122,0.08,0.063,0.056,0.058,0,0.158,0.115,"Slit2","chr5","+",48420982,48421009,27
"chr2:+:29893685:29893709:29893431:29894516",1,1,1,1,1,1,1,1,1,1,1,0.999,"Sptan1","chr2","+",29893685,29893709,24
"chr2:+:29904169:29904184:29903850:29905600",0.907,0.91,0.911,0.941,0.939,0.936,0.703,0.703,0.673,0.882,0.86,0.854,"Sptan1","chr2","+",29904169,29904184,15
"chr7:+:30181066:30181091:30180925:30181165",1,0.631,1,0.837,1,0.811,1,0.803,0.666,1,1,1,"Nphs1","chr7","+",30181066,30181091,25
"chr3:-:9008610:9008637:9000100:9009670",0.275,0.289,0.122,0.557,0.594,0.476,0.239,0.19,0.236,0.043,0.07,0.073,"Tpd52","chr3","-",9008610,9008637,27
"chr3:-:9008610:9008637:9001540:9009670",0.097,0.1,0.107,0.193,0.162,0.192,0.212,0.222,0.215,0.084,0.09,0.084,"Tpd52","chr3","-",9008610,9008637,27
"chr3:-:69008534:69008564:69008437:69008673",1,1,0.999,1,1,1,1,1,1,1,1,1,"Kpna4","chr3","-",69008534,69008564,30
"chr5:-:24649372:24649393:24649256:24650063",0.798,1,1,0.959,1,1,1,1,0.875,1,1,1,"Fastk","chr5","-",24649372,24649393,21
"chr7:+:143950374:143950383:143950168:143951977",0.715,1,1,1,1,1,1,0.586,0.485,1,0.739,0.79,"Shank2","chr7","+",143950374,143950383,9
"chr7:+:143950374:143950383:143950168:143959066",0.311,0.394,0.298,0.404,0.444,0.442,0.42,0.355,0.174,0.259,0.296,0.276,"Shank2","chr7","+",143950374,143950383,9
"chr7:+:143951977:143951998:143950168:143959066",0.118,0.057,0.055,0.101,0.033,0.123,0.168,0.099,0.073,0.027,0.069,0.02,"Shank2","chr7","+",143951977,143951998,21
"chr7:+:143951977:143951998:143950383:143959066",0.323,0.337,0.305,0.329,0.452,0.405,0.282,0.189,0.238,0.305,0.226,0.111,"Shank2","chr7","+",143951977,143951998,21
"chr7:+:143961792:143961813:143960969:143963198",0.103,0,0.056,0.134,0.48,0.193,0.036,0.023,0.169,0.144,0.185,0.051,"Shank2","chr7","+",143961792,143961813,21
"chr10:-:88317214:88317241:88316808:88318092",0.882,0.906,0.801,0.894,0.952,0.758,0.697,0.664,0.412,0.818,0.583,0.643,"Chpt1","chr10","-",88317214,88317241,27
"chr12:+:103403934:103403964:103402941:103405659",0.938,0.968,0.976,0.971,0.964,0.992,0.979,0.996,0.986,0.952,0.958,0.958,"Ifi27","chr12","+",103403934,103403964,30
"chr12:+:103403934:103403964:103403783:103405659",1,1,0.997,0.999,1,1,1,1,1,1,1,0.999,"Ifi27","chr12","+",103403934,103403964,30
"chr1:+:127869330:127869351:127866885:127870110",0.278,0.307,0.315,0.517,0.49,0.467,0.361,0.328,0.317,0.235,0.195,0.187,"Rab3gap1","chr1","+",127869330,127869351,21
"chr9:+:65942331:65942355:65939627:65946858",0.005,0.021,0,0.065,0.098,0.092,0.024,0.005,0.034,0,0.085,0.03,"Csnk1g1","chr9","+",65942331,65942355,24
"chr2:+:145750510:145750535:145745282:145753616",0.074,0,0.276,0.213,0.084,0.243,0.161,0.341,0.136,0.062,0.199,0.087,"Naa20","chr2","+",145750510,145750535,25
"chr2:+:103885180:103885204:103883825:103890226",0.873,1,0.962,0.942,0.816,0.983,1,0.865,0.923,0.982,0.886,1,"Fbxo3","chr2","+",103885180,103885204,24
"chr16:-:90737360:90737381:90735922:90741242",0.079,0.05,0.055,0.095,0.144,0.021,0.024,0.073,0.047,0.028,0.065,0.053,"Synj1","chr16","-",90737360,90737381,21
"chr16:-:90737360:90737384:90735922:90741242",0.157,0.127,0.096,0.154,0.152,0.212,0.119,0.125,0.126,0.109,0.041,0.093,"Synj1","chr16","-",90737360,90737384,24
"chr16:-:90768451:90768475:90766262:90770797",0.933,0.925,0.907,0.978,0.964,0.957,0.749,0.873,0.843,0.902,0.878,0.93,"Synj1","chr16","-",90768451,90768475,24
"chr15:-:75777734:75777749:75773101:75781093",0.156,0.071,0.168,0.236,0.173,0.205,0.129,0.109,0.087,0.092,0.107,0.088,"Eef1d","chr15","-",75777734,75777749,15
"chr15:-:75777734:75777749:75773104:75781093",0.243,0.258,0.244,0.337,0.338,0.354,0.247,0.249,0.237,0.242,0.218,0.227,"Eef1d","chr15","-",75777734,75777749,15
"chr15:-:75777734:75777749:75773104:75781308",0.559,0.82,0.69,0.755,0.775,0.856,0.549,0.662,0.601,0.613,0.635,0.621,"Eef1d","chr15","-",75777734,75777749,15
"chr15:-:75777734:75777749:75775657:75781093",0.999,0.995,1,0.999,1,0.999,0.99,0.994,0.997,1,0.992,0.997,"Eef1d","chr15","-",75777734,75777749,15
"chr18:+:77033038:77033053:77032227:77038808",0,0,0,0.015,0,0,0,0.037,0,0.016,0,0,"Hdhd2","chr18","+",77033038,77033053,15
"chr2:-:125609728:125609753:125609410:125610026",0.977,1,1,1,1,1,1,1,1,1,1,1,"Secisbp2l","chr2","-",125609728,125609753,25
"chr7:+:66874123:66874149:66873639:66874773",0.844,0.92,0.917,1,1,0.914,0.605,0.701,0.652,0.917,1,0.561,"Lysmd4","chr7","+",66874123,66874149,26
"chr7:+:66874123:66874149:66873639:66875611",0.328,0.313,0.379,0.46,0.424,0.453,0.433,0.36,0.299,0.303,0.343,0.228,"Lysmd4","chr7","+",66874123,66874149,26
"chr6:-:29201886:29201903:29201218:29202445",0.087,0.079,0.068,0.134,0.192,0.166,0.053,0.104,0.081,0.073,0.059,0.042,"Impdh1","chr6","-",29201886,29201903,17
"chr9:+:57046971:57046992:57046685:57047153",1,1,1,0.875,0.913,1,0.946,1,0.86,0.824,1,1,"Man2c1","chr9","+",57046971,57046992,21
"chr1:+:93416849:93416876:93406790:93418878",0.964,0.91,0.979,0.947,0.946,0.942,0.866,0.936,0.91,0.94,0.985,0.955,"Septin2","chr1","+",93416849,93416876,27
"chr15:+:98538839:98538859:98538631:98539057",0.994,1,0.992,0.995,0.997,0.993,0.98,0.994,0.983,0.974,0.961,0.991,"Cacnb3","chr15","+",98538839,98538859,20
"chr8:-:70481857:70481885:70481424:70483291",1,1,1,1,0.998,0.992,1,0.995,0.995,1,0.995,0.995,"Mau2","chr8","-",70481857,70481885,28
"chr3:-:122776333:122776358:122762898:122777930",0.009,0.015,0.005,0.03,0.022,0.035,0.045,0.027,0.029,0.01,0.031,0.015,"Usp53","chr3","-",122776333,122776358,25
"chr1:-:73975490:73975514:73967269:73976383",0.024,0,0,0,0,0,0,0,0,0,0,0,"Tns1","chr1","-",73975490,73975514,24
"chr2:-:27174850:27174865:27173430:27175644",0.846,0.927,0.849,0.974,0.949,0.961,0.782,0.766,0.742,0.868,0.762,0.865,"Vav2","chr2","-",27174850,27174865,15
"chr2:-:27190441:27190456:27189484:27192019",0.871,0.873,0.954,0.926,0.962,0.974,0.692,0.736,0.68,0.81,0.847,0.824,"Vav2","chr2","-",27190441,27190456,15
"chr1:-:21536606:21536633:21527848:21539693",0.619,0.748,0.175,0.971,0.67,0.96,0.856,0.724,0.792,0.849,0.651,0.426,"Kcnq5","chr1","-",21536606,21536633,27
"chr6:-:51441407:51441431:51441191:51442158",0.521,0.55,0.55,0.386,0.364,0.369,0.439,0.41,0.426,0.436,0.444,0.414,"Hnrnpa2b1","chr6","-",51441407,51441431,24
"chr6:-:51441407:51441431:51441191:51443282",0.963,0.967,0.958,0.976,0.971,0.985,0.972,0.982,0.974,0.972,0.98,0.972,"Hnrnpa2b1","chr6","-",51441407,51441431,24
"chr5:+:31771946:31771965:31754365:31773724",0.882,0.913,0.882,0.959,0.917,0.904,0.933,0.929,0.945,0.878,0.902,0.909,"Mrpl33","chr5","+",31771946,31771965,19
"chr5:+:31771946:31771965:31754365:31779720",1,0.307,0.165,0.372,0.366,0.241,0.52,0.361,0.17,0.503,0.399,0.165,"Mrpl33","chr5","+",31771946,31771965,19
"chr5:+:31771946:31771965:31754365:31786959",0.38,0.399,0.106,0.262,0.297,0.156,0.494,0.22,0.104,0.703,0.347,0.262,"Mrpl33","chr5","+",31771946,31771965,19
"chr5:+:31771946:31771965:31771366:31773724",1,0.999,0.997,1,1,0.998,0.998,1,1,1,0.997,0.999,"Mrpl33","chr5","+",31771946,31771965,19
"chr4:+:125001309:125001339:124996824:125001444",0.978,0.956,0.98,0.992,0.988,0.995,0.93,0.974,0.971,0.842,0.891,0.871,"Meaf6","chr4","+",125001309,125001339,30
"chr4:+:125001309:125001339:124996824:125002115",0.911,0.939,0.9,1,0.995,0.976,0.847,0.835,0.897,0.74,0.737,0.887,"Meaf6","chr4","+",125001309,125001339,30
"chr1:+:75360682:75360712:75359823:75361299",0.992,1,1,0.981,1,1,0.988,0.951,0.98,0.956,0.96,0.975,"Speg","chr1","+",75360682,75360712,30
"chr7:-:44202120:44202143:44202044:44203002",1,1,0.958,0.936,0.991,0.965,1,0.956,0.963,0.948,0.965,0.971,"Nr1h2","chr7","-",44202120,44202143,23
"chr6:+:140596481:140596508:140593811:140599483",1,1,1,0.987,0.995,1,0.985,0.994,0.988,1,1,0.99,"Aebp2","chr6","+",140596481,140596508,27
"chr6:+:140596481:140596508:140593811:140623116",0.902,0.992,0.941,0.964,0.929,0.881,0.946,0.942,0.893,0.907,0.97,0.813,"Aebp2","chr6","+",140596481,140596508,27
"chr6:+:140596481:140596508:140593811:140629985",0.99,0.982,1,0.966,0.983,1,1,1,1,1,0.965,0.986,"Aebp2","chr6","+",140596481,140596508,27
"chr1:-:44130342:44130372:44127687:44130520",0.019,0.025,0.033,0.092,0.143,0.091,0.029,0.033,0.038,0.016,0.035,0.026,"Tex30","chr1","-",44130342,44130372,30
"chr8:-:106062868:106062892:106061434:106063013",0.227,0.339,0.195,0.217,0.213,0.208,0.211,0.143,0.254,0.301,0.287,0.407,"Fhod1","chr8","-",106062868,106062892,24
"chr19:-:46314605:46314621:46313452:46315522",0.404,0.69,0.796,0.83,0.653,0.824,0.709,0.575,0.739,1,0.905,0.903,"Psd","chr19","-",46314605,46314621,16
"chr5:+:74745706:74745733:74733246:74747663",0.927,0.929,0.924,0.924,0.922,0.933,0.848,0.846,0.839,0.921,0.928,0.925,"Fip1l1","chr5","+",74745706,74745733,27
"chrX:+:162714358:162714367:162700839:162715128",1,0.998,1,1,1,0.996,0.971,0.95,0.967,0.994,0.978,0.99,"Ap1s2","chrX","+",162714358,162714367,9
"chr9:+:80210554:80210581:80207948:80214241",0.029,0.091,0.014,0,0,0,0,0.016,0,0.008,0.009,0.011,"Myo6","chr9","+",80210554,80210581,27
"chr11:+:46330632:46330651:46327836:46331389",0.069,0.173,0,0.056,0.026,0.052,0,0.073,0.171,0,0,0.034,"Med7","chr11","+",46330632,46330651,19
"chr11:+:46330632:46330651:46328018:46331389",0.265,0.407,0.353,0.228,0.273,0.181,0.271,0.429,0.149,0.171,0.211,0.397,"Med7","chr11","+",46330632,46330651,19
"chr2:+:153196569:153196572:153194191:153198989",0.996,0.977,1,0.979,0.983,0.995,1,1,1,1,0.996,1,"Asxl1","chr2","+",153196569,153196572,3
"chr2:-:84862864:84862891:84855335:84863344",0.809,0.884,1,0.629,0.925,0.819,1,0.745,0.656,0.711,0.379,0.611,"P2rx3","chr2","-",84862864,84862891,27
"chr12:-:100412214:100412238:100385829:100413118",0,0.006,0.036,0.036,0.023,0.042,0.019,0.025,0.009,0.024,0.005,0,"Ttc7b","chr12","-",100412214,100412238,24
"chr8:-:32321232:32321256:32316383:32323180",1,0.956,0.932,0.905,1,0.918,0.721,1,0.886,1,0.633,0.547,"Nrg1","chr8","-",32321232,32321256,24
"chr8:-:32321232:32321256:32316383:32327697",0.833,0.809,0.707,0.802,0.791,0.858,0.824,0.606,0.614,0.727,0.697,0.553,"Nrg1","chr8","-",32321232,32321256,24
"chr6:+:146549753:146549777:146544150:146550647",0.889,0.935,0.955,0.872,0.901,0.859,0.902,0.856,0.906,0.844,0.897,0.781,"Med21","chr6","+",146549753,146549777,24
"chr9:-:49443273:49443276:49434946:49454310",0.507,0.519,0.521,0.557,0.506,0.58,0.609,0.559,0.591,0.552,0.57,0.572,"Ncam1","chr9","-",49443273,49443276,3
"chr9:-:49453187:49453202:49443276:49454310",0.025,0.024,0.04,0.048,0.043,0.035,0.034,0.034,0.031,0.018,0.018,0.009,"Ncam1","chr9","-",49453187,49453202,15
"chr9:-:49461839:49461869:49457608:49468395",0.015,0.014,0.013,0.046,0.027,0.011,0.014,0.022,0.029,0.012,0.013,0.033,"Ncam1","chr9","-",49461839,49461869,30
"chr1:+:93416849:93416876:93407321:93418878",1,1,0.997,1,1,1,1,1,1,1,1,1,"Septin2","chr1","+",93416849,93416876,27
"chr10:-:13131053:13131065:13129623:13137509",0.956,0.978,0.921,0.964,0.975,0.972,1,0.923,0.93,0.93,0.941,1,"Phactr2","chr10","-",13131053,13131065,12
"chr10:-:13131053:13131065:13129623:13142716",0.552,0.296,0.683,0.625,0.499,0.718,0.698,0.712,0.631,0.715,0.698,0.935,"Phactr2","chr10","-",13131053,13131065,12
"chr10:-:13131053:13131065:13129623:13167538",0.8,1,0.887,0.881,0.543,0,0,1,0.764,0.887,0.683,0.755,"Phactr2","chr10","-",13131053,13131065,12
"chr5:+:66833778:66833790:66833665:66834286",1,1,1,1,0.999,1,1,1,1,1,1,1,"Uchl1","chr5","+",66833778,66833790,12
"chr6:-:87812709:87812732:87811976:87815625",1,0.998,1,1,1,1,1,1,1,1,1,0.999,"Isy1","chr6","-",87812709,87812732,23
"chr14:-:23499267:23499279:23492147:23501666",0,0,0.078,0,0,0,0,0,0.026,0,0.021,0,"Kcnma1","chr14","-",23499267,23499279,12
"chr7:-:30832644:30832656:30832290:30833415",0.198,0.2,0.211,0.367,0.364,0.427,0.253,0.257,0.198,0.165,0.168,0.198,"Gramd1a","chr7","-",30832644,30832656,12
"chr7:-:30842971:30842992:30842313:30843081",1,1,1,1,1,1,1,1,0.999,1,1,1,"Gramd1a","chr7","-",30842971,30842992,21
"chr5:-:129066442:129066470:129065976:129068027",0.013,0.027,0.01,0.104,0.071,0.11,0.012,0.023,0.02,0.004,0.016,0.017,"Stx2","chr5","-",129066442,129066470,28
"chr1:-:190909643:190909671:190909537:190915289",1,1,1,0.976,1,0.993,1,0.982,0.954,1,0.99,0.962,"Atf3","chr1","-",190909643,190909671,28
"chr5:-:123719654:123719660:123718187:123720782",0.907,0.922,0.936,0.983,0.989,0.958,0.78,0.86,0.891,0.781,0.952,0.837,"Clip1","chr5","-",123719654,123719660,6
"chr5:-:123724396:123724417:123721701:123728855",0.016,0,0.046,0.054,0.114,0.065,0.03,0,0.018,0,0.012,0.012,"Clip1","chr5","-",123724396,123724417,21
"chr6:+:146914415:146914445:146914016:146917719",0.11,0.107,0.071,0.102,0.11,0.112,0.121,0.095,0.097,0.177,0.165,0.157,"Ppfibp1","chr6","+",146914415,146914445,30
"chr1:-:127985718:127985737:127968733:128019579",1,0.93,1,0.965,0.958,1,1,0.918,1,0.913,0.901,0.949,"Zranb3","chr1","-",127985718,127985737,19
"chr11:+:31868800:31868824:31839939:31870408",0.144,0.1,0.148,0.271,0.185,0.245,0.188,0.219,0.244,0.216,0.127,0.17,"Cpeb4","chr11","+",31868800,31868824,24
"chr11:+:31868800:31868824:31858875:31870408",0.29,0.389,0.334,0.557,0.475,0.473,0.447,0.386,0.375,0.511,0.393,0.474,"Cpeb4","chr11","+",31868800,31868824,24
"chr3:+:88069087:88069108:88068688:88070264",0.9,0.93,0.902,0.966,0.958,0.988,0.846,0.811,0.785,0.924,0.911,0.936,"Mef2d","chr3","+",88069087,88069108,21
"chr6:-:83029678:83029707:83029523:83029981",0.911,0.854,0.896,0.882,0.862,0.872,0.846,0.876,0.773,0.818,0.777,0.871,"Htra2","chr6","-",83029678,83029707,29
"chr6:-:83029678:83029707:83029523:83030018",0.883,0.832,0.932,0.9,0.826,0.812,0.721,0.737,0.663,0.757,0.785,0.781,"Htra2","chr6","-",83029678,83029707,29
"chr2:-:73540798:73540826:73537376:73546707",1,0.989,1,0.905,1,1,0.991,0.957,1,1,1,1,"Chn1","chr2","-",73540798,73540826,28
"chr8:+:110557244:110557253:110556307:110559348",1,1,0.994,0.989,1,0.992,0.893,0.901,0.92,0.998,0.982,0.991,"Ap1g1","chr8","+",110557244,110557253,9
"chr15:-:35115083:35115104:35114803:35115710",0.036,0.091,0.049,0.197,0.185,0.2,0.157,0.04,0.107,0.038,0.049,0.016,"Stk3","chr15","-",35115083,35115104,21
"chr5:-:116592731:116592747:116591772:116605490",0.029,0.152,0.16,0.198,0.334,0.192,0.258,0.142,0.222,0.081,0.138,0.08,"Srrm4","chr5","-",116592731,116592747,16
"chr2:+:164633477:164633488:164628768:164633632",1,0.959,0.967,1,1,1,0.841,0.758,0.626,1,1,0.651,"Snx21","chr2","+",164633477,164633488,11
"chr7:+:135203193:135203216:135139845:135245586",0.971,0.962,0.984,0.977,0.969,0.933,1,1,1,1,1,0.956,"Ptpre","chr7","+",135203193,135203216,23
"chr2:+:180620204:180620234:180619145:180620963",0.864,0.889,0.841,0.973,0.95,0.97,0.674,0.693,0.721,0.727,0.781,0.789,"Arfgap1","chr2","+",180620204,180620234,30
"chr3:-:55901468:55901477:55899935:55907907",0.696,0.714,0.629,0.899,0.845,0.898,0.783,0.758,0.744,0.615,0.641,0.535,"Nbea","chr3","-",55901468,55901477,9
"chr2:-:180745434:180745464:180742411:180746679",0.138,0.062,0.054,0.24,0.194,0.279,0.282,0.222,0.127,0.14,0.143,0.131,"Kcnq2","chr2","-",180745434,180745464,30
"chr7:-:30746797:30746827:30744452:30750780",1,0.597,0.737,1,1,0.928,0.969,0.613,1,0.969,0.882,0.872,"Fxyd7","chr7","-",30746797,30746827,30
"chr2:+:76399363:76399387:76398586:76407355",0.027,0.015,0.007,0.077,0.05,0.062,0.05,0.025,0.021,0.011,0.009,0.023,"Osbpl6","chr2","+",76399363,76399387,24
"chr5:+:108228690:108228707:108221320:108228787",1,1,0.971,0.855,1,0.979,1,0.988,0.959,0.934,0.946,0.974,"Mtf2","chr5","+",108228690,108228707,17
"chr9:-:40211735:40211747:40211392:40214793",0.071,0.106,0.105,0.173,0.332,0.177,0.105,0.134,0.071,0.091,0.067,0.136,"Gramd1b","chr9","-",40211735,40211747,12
"chr1:+:37413352:37413370:37411500:37416658",0.683,0.611,0.691,0.751,0.699,0.799,0.493,0.66,0.563,0.639,0.621,0.685,"Inpp4a","chr1","+",37413352,37413370,18
"chr1:+:37413355:37413370:37411500:37416658",0.135,0.189,0.162,0.344,0.285,0.4,0.116,0.166,0.179,0.218,0.142,0.12,"Inpp4a","chr1","+",37413355,37413370,15
"chr3:-:127614408:127614434:127610655:127616232",0.815,0.863,0.802,0.878,0.845,0.859,0.9,0.907,0.912,0.814,0.857,0.804,"Ap1ar","chr3","-",127614408,127614434,26
"chr2:-:32836103:32836133:32835985:32837802",1,1,1,1,0.986,1,0.989,0.996,1,1,0.994,1,"Lrsam1","chr2","-",32836103,32836133,30
"chr9:-:57064033:57064042:57063839:57064350",0.618,0.675,0.282,0.274,0.462,0.485,0.459,0.402,0.377,0.485,0.688,0.402,"Commd4","chr9","-",57064033,57064042,9
"chr2:-:90971153:90971162:90970971:90973100",0.294,0.382,0.36,0.492,0.51,0.462,0.305,0.329,0.312,0.191,0.215,0.273,"Madd","chr2","-",90971153,90971162,9
"chr12:+:112145913:112145934:112145782:112146228",1,1,1,1,0.998,1,0.991,1,0.993,0.993,1,1,"Kif26a","chr12","+",112145913,112145934,21
"chr5:+:31234017:31234047:31233636:31234436",0.909,0.904,1,1,0.893,0.926,0.908,0.876,0.921,1,1,0.941,"Cad","chr5","+",31234017,31234047,30
"chr2:-:80401556:80401574:80400573:80411201",0.896,0.915,0.922,0.931,0.937,0.926,0.776,0.751,0.779,0.857,0.882,0.875,"Nckap1","chr2","-",80401556,80401574,18
"chr1:+:91189988:91190018:91182115:91192939",1,1,1,1,1,0.998,0.993,0.991,0.993,0.992,0.993,0.995,"Ube2f","chr1","+",91189988,91190018,30
"chr3:-:86695928:86695941:86694719:86696618",0,0.128,0,0.187,0.265,0.066,0.345,0,0,0.103,0.403,0.334,"Dclk2","chr3","-",86695928,86695941,13
"chr3:-:86695928:86695941:86694719:86699301",0.039,0.062,0.071,0.135,0.196,0.163,0.118,0.074,0.082,0.052,0.042,0.061,"Dclk2","chr3","-",86695928,86695941,13
"chr2:+:151344374:151344380:151342709:151344933",0.972,0.971,0.966,0.97,0.964,0.975,0.895,0.883,0.893,0.929,0.941,0.944,"Nsfl1c","chr2","+",151344374,151344380,6
"chr7:+:44247013:44247043:44245692:44247804",0.071,0.079,0.014,0.205,0.215,0.196,0.215,0.298,0.186,0.044,0.089,0.065,"Kcnc3","chr7","+",44247013,44247043,30
"chr7:+:44247013:44247043:44245692:44247807",0.047,0.089,0,0.476,0.5,0.138,0.204,0.185,0.454,0.769,0.217,0.454,"Kcnc3","chr7","+",44247013,44247043,30
"chr5:+:34506893:34506903:34506087:34507255",1,0.997,1,1,1,1,1,1,1,1,1,1,"Rnf4","chr5","+",34506893,34506903,10
"chr1:-:52697857:52697882:52697704:52699965",0.592,0.612,0.609,0.721,0.652,0.729,0.422,0.637,0.481,0.517,0.607,0.459,"Mfsd6","chr1","-",52697857,52697882,25
"chr5:+:3609137:3609159:3608693:3609605",1,1,0.954,1,1,0.971,0.929,1,1,1,1,1,"Fam133b","chr5","+",3609137,3609159,22
"chr9:+:35581174:35581198:35581030:35581774",0.721,0.518,0.775,0.751,0.401,0.277,0.244,0.601,0.812,0.633,0.528,0.463,"Pate2","chr9","+",35581174,35581198,24
"chr2:+:119843781:119843799:119843575:119844099",0.043,0.057,0.088,0.181,0.235,0.132,0,0.043,0,0.131,0,0.013,"Mapkbp1","chr2","+",119843781,119843799,18
"chr13:-:12636378:12636396:12636297:12638757",1,0.982,1,1,0.992,1,1,1,1,1,1,1,"ENSMUSG00000121485","chr13","-",12636378,12636396,18
"chr2:+:130351749:130351776:130346255:130359650",0.154,0.163,0.15,0.139,0.159,0.183,0.122,0.129,0.107,0.18,0.146,0.155,"Ptpra","chr2","+",130351749,130351776,27
"chr14:-:20553314:20553344:20551730:20558691",0.998,0.972,0.993,0.994,0.998,0.996,0.971,0.98,0.992,0.991,0.989,0.998,"Ppp3cb","chr14","-",20553314,20553344,30
"chr5:-:66480944:66480950:66470772:66520060",0.887,0.908,0.954,0.963,0.974,0.953,0.94,0.974,0.929,0.868,0.896,0.921,"Apbb2","chr5","-",66480944,66480950,6
"chr11:-:70561716:70561737:70561562:70561833",0.972,0.983,0.957,0.94,0.989,0.966,0.878,0.9,0.865,0.945,0.917,0.941,"Camta2","chr11","-",70561716,70561737,21
"chr2:-:53047904:53047929:53046997:53049274",1,0.998,0.997,1,1,1,0.998,0.992,1,0.998,1,1,"Prpf40a","chr2","-",53047904,53047929,25
"chr2:-:53065027:53065044:53050898:53065155",0.977,1,1,1,1,1,0.979,1,1,1,1,0.983,"Prpf40a","chr2","-",53065027,53065044,17
"chr1:+:66740775:66740795:66740176:66745604",0.066,0,0.161,0,0.146,0.155,0.306,0.201,0.085,0.047,0.039,0.206,"Rpe","chr1","+",66740775,66740795,20
"chr6:+:54819659:54819684:54794457:54840884",0,0.004,0,0.01,0.024,0.012,0,0.006,0,0,0,0.003,"Znrf2","chr6","+",54819659,54819684,25
"chr15:-:72914025:72914052:72903492:72922443",0.392,0.3,0.316,0.41,0.346,0.338,0.398,0.344,0.377,0.353,0.419,0.41,"Trappc9","chr15","-",72914025,72914052,27
"chr4:-:152214068:152214095:152213010:152215225",0.66,0.588,0.629,0.702,0.757,0.77,0.655,0.664,0.572,0.737,0.693,0.769,"Espn","chr4","-",152214068,152214095,27
"chr17:-:27783358:27783384:27783228:27783535",1,1,0.999,0.999,1,1,0.983,0.991,0.999,1,0.995,0.998,"Smim29","chr17","-",27783358,27783384,26
"chr17:-:27783358:27783384:27783228:27784633",1,0.978,1,1,1,1,0.99,1,1,1,1,1,"Smim29","chr17","-",27783358,27783384,26
"chr13:-:45106647:45106670:45084627:45123521",0.956,0.962,0.944,0.979,0.928,0.948,0.977,0.959,0.969,0.981,0.989,0.957,"Dtnbp1","chr13","-",45106647,45106670,23
"chr4:-:149279929:149279956:149277144:149282888",0.001,0,0,0.012,0.005,0.016,0.001,0.006,0.002,0.003,0.004,0,"Kif1b","chr4","-",149279929,149279956,27
"chr4:-:149349801:149349819:149348147:149350708",0.998,0.994,1,0.998,1,1,0.887,0.88,0.858,0.993,0.998,0.994,"Kif1b","chr4","-",149349801,149349819,18
"chr5:+:76688593:76688614:76685704:76689897",0.203,0.332,0.179,0.446,0.471,0.553,0.321,0.491,0.461,0.185,0.173,0.279,"Exoc1","chr5","+",76688593,76688614,21
"chr2:-:156847767:156847793:156847411:156848894",1,1,1,0.993,0.998,1,0.991,1,1,0.998,1,1,"Dsn1","chr2","-",156847767,156847793,26
"chr7:+:24617944:24617956:24617425:24618608",0,0,0.104,0.167,0.225,0.104,0.022,0.049,0,0.104,0.029,0.05,"Arhgef1","chr7","+",24617944,24617956,12
"chr2:+:90683183:90683210:90680048:90683394",0.996,0.994,0.997,0.996,0.999,0.998,0.978,0.986,0.975,0.991,0.996,0.991,"Mtch2","chr2","+",90683183,90683210,27
"chr2:+:90683183:90683210:90680048:90685267",0.958,0.983,0.984,1,1,0.979,1,1,0.984,0.954,1,0.967,"Mtch2","chr2","+",90683183,90683210,27
"chr4:-:123257849:123257867:123254820:123259065",0.964,0.953,0.991,0.975,1,1,0.838,0.846,0.814,0.941,0.946,0.943,"Macf1","chr4","-",123257849,123257867,18
"chr4:-:123262613:123262625:123261830:123263597",0.017,0.008,0.02,0.085,0.079,0.076,0,0.014,0.009,0.03,0.017,0.006,"Macf1","chr4","-",123262613,123262625,12
"chr4:-:123262613:123262628:123261830:123263597",0.012,0.019,0.022,0.067,0.05,0.033,0.014,0.023,0,0.016,0.007,0.003,"Macf1","chr4","-",123262613,123262628,15
"chr4:-:123280341:123280350:123279479:123281020",1,1,1,1,0.979,0.965,0.988,0.942,0.995,1,0.995,0.975,"Macf1","chr4","-",123280341,123280350,9
"chr2:-:168061139:168061165:168059696:168061956",0.996,0.993,0.996,0.99,0.997,0.995,0.989,0.985,0.994,0.993,0.999,0.996,"Dpm1","chr2","-",168061139,168061165,26
"chr7:-:12766718:12766748:12766492:12767755",0.918,0.905,0.922,0.824,0.884,0.876,0.82,0.838,0.838,0.86,0.918,0.871,"Chmp2a","chr7","-",12766718,12766748,30
"chr4:-:25279345:25279374:25278701:25280622",0.992,1,0.986,1,1,1,0.992,0.997,1,1,1,1,"Ufl1","chr4","-",25279345,25279374,29
"chr2:+:173926438:173926450:173918982:173932413",0.967,0.954,0.943,0.982,0.978,0.982,0.983,0.97,0.982,0.965,0.971,0.986,"Stx16","chr2","+",173926438,173926450,12
"chr5:+:31403665:31403689:31403189:31404685",0.184,0.157,0.151,0.285,0.271,0.278,0.147,0.161,0.186,0.126,0.118,0.128,"Nrbp1","chr5","+",31403665,31403689,24
"chr2:+:181152296:181152323:181150060:181153366",0.511,0.481,0.485,0.604,0.61,0.581,0.502,0.534,0.522,0.433,0.42,0.427,"Tpd52l2","chr2","+",181152296,181152323,27
"chr2:-:181214262:181214279:181212391:181214866",1,0.994,0.997,1,1,0.985,0.987,0.984,0.982,0.994,0.997,0.992,"Uckl1","chr2","-",181214262,181214279,17
"chr6:-:119905083:119905110:119904195:119906786",0.1,0.312,0.125,0.215,0.14,0.311,0.165,0.138,0.139,0.072,0.038,0.056,"Wnk1","chr6","-",119905083,119905110,27
"chr6:-:119905083:119905110:119904195:119909650",0.614,0.813,0.573,0.766,0.685,0.947,0.856,0.514,0.567,0.437,0.169,0.703,"Wnk1","chr6","-",119905083,119905110,27
"chr6:-:119905083:119905110:119904195:119911216",0.079,0.117,0.075,0.17,0.13,0.145,0.068,0.059,0.059,0.033,0.044,0.045,"Wnk1","chr6","-",119905083,119905110,27
"chr3:+:28679347:28679371:28677257:28684579",0.653,0.666,0.563,0.799,0.824,0.788,0.741,0.79,0.683,0.582,0.613,0.612,"Tnik","chr3","+",28679347,28679371,24
"chr9:-:64056680:64056709:64054688:64057437",1,0.993,1,1,0.996,0.992,1,1,0.995,1,1,1,"Zwilch","chr9","-",64056680,64056709,29
"chr2:-:121229926:121229950:121228369:121240618",0,0.392,0.087,0.087,0.318,0.437,0.043,0.472,0.212,0.249,0.205,0,"Catsper2","chr2","-",121229926,121229950,24
"chr3:+:16238085:16238110:16237684:16241130",0.988,1,1,1,0.93,0.988,1,1,1,0.945,0.975,1,"Ythdf3","chr3","+",16238085,16238110,25
"chr3:+:16238085:16238110:16237684:16243641",0.992,0.998,0.997,0.995,0.998,0.998,0.995,0.984,0.994,0.999,0.994,0.991,"Ythdf3","chr3","+",16238085,16238110,25
"chr2:+:131759305:131759333:131754212:131778339",0,0,0.001,0.001,0,0.001,0,0,0.001,0,0.001,0,"Prnp","chr2","+",131759305,131759333,28
"chr6:+:31305266:31305295:31254890:31312925",0.703,0.39,0.643,0.826,0.836,0.594,0.508,0.79,0.854,0.603,0.672,0.532,"2210408F21Rik","chr6","+",31305266,31305295,29
"chr6:+:31305266:31305295:31262055:31312925",0.617,0.437,0.465,0.43,0.596,0.313,0.329,0.511,0.309,0.256,0.366,0.291,"2210408F21Rik","chr6","+",31305266,31305295,29
"chr14:+:20740771:20740793:20740088:20741333",0.991,1,1,1,1,1,1,1,1,1,1,1,"Sec24c","chr14","+",20740771,20740793,22
"chr2:-:34594528:34594542:34594404:34594647",1,1,0.952,1,1,1,0.912,0.886,0.912,0.892,1,1,"Gapvd1","chr2","-",34594528,34594542,14
"chr9:+:107922205:107922221:107922099:107922661",0,0,0.004,0,0,0.008,0.006,0,0.007,0,0.003,0,"Ip6k1","chr9","+",107922205,107922221,16
"chr3:-:65857633:65857647:65856211:65857900",0.3,0.32,0.205,0.192,0.212,0.284,0.303,0.177,0.224,0.305,0.268,0.373,"Ccnl1","chr3","-",65857633,65857647,14
"chr3:-:79038004:79038023:79019609:79077045",0,0,0,0,0,0.005,0,0.006,0,0,0,0.031,"Rapgef2","chr3","-",79038004,79038023,19
"chr3:-:79077045:79077063:79019609:79080214",1,0.952,0.984,1,1,1,0.989,0.95,0.982,1,0.974,1,"Rapgef2","chr3","-",79077045,79077063,18
"chr7:-:66894268:66894292:66890188:66901404",0.397,0.551,0.506,0.569,0.503,0.546,0.282,0.295,0.314,0.502,0.486,0.522,"Mef2a","chr7","-",66894268,66894292,24
"chr3:+:87827109:87827135:87827012:87829123",0.173,0.179,0.171,0.161,0.178,0.163,0.175,0.206,0.195,0.205,0.198,0.164,"Mrpl24","chr3","+",87827109,87827135,26
"chr10:-:120661012:120661041:120627404:120706939",0.934,0.854,0.926,1,1,1,1,1,0.896,0.887,1,0.977,"Msrb3","chr10","-",120661012,120661041,29
"chr10:+:111329410:111329430:111329303:111330031",1,1,1,1,1,1,1,1,1,1,1,1,"Nap1l1","chr10","+",111329410,111329430,20
"chr10:+:111330655:111330685:111330154:111331185",1,1,1,1,1,1,1,1,1,1,1,1,"Nap1l1","chr10","+",111330655,111330685,30
"chr6:-:56322110:56322137:56158782:56346525",0.349,0.443,0.406,0.22,0.357,0.397,0.175,0.404,0.685,0.361,0.27,0.498,"Pde1c","chr6","-",56322110,56322137,27
"chr6:-:56679990:56680018:56679153:56680298",1,0.999,1,0.999,1,1,0.998,1,0.997,1,1,0.999,"Lsm5","chr6","-",56679990,56680018,28
"chr6:-:56679990:56680018:56679153:56680302",0.874,1,0.916,0.978,0.935,0.941,0.96,0.95,0.953,0.946,0.94,0.885,"Lsm5","chr6","-",56679990,56680018,28
"chr6:-:56679990:56680018:56679153:56681607",0.913,1,0.92,0.969,0.943,0.968,0.915,0.909,0.925,0.926,0.941,0.91,"Lsm5","chr6","-",56679990,56680018,28
"chr10:+:24759101:24759119:24758547:24764297",0.775,0.71,0.807,0.705,0.73,0.802,0.717,0.737,0.669,0.712,0.739,0.671,"Med23","chr10","+",24759101,24759119,18
"chr15:-:93293467:93293496:93285740:93295050",1,0.988,1,0.996,0.996,1,0.996,0.994,1,0.995,0.99,0.979,"Zcrb1","chr15","-",93293467,93293496,29
"chr15:-:93293467:93293496:93285740:93296043",1,1,1,0.788,0.8,0.924,0.946,0.883,1,0.728,0.601,0.557,"Zcrb1","chr15","-",93293467,93293496,29
"chr15:-:93293467:93293496:93289446:93295050",1,0.998,1,1,1,1,1,1,0.999,1,1,0.999,"Zcrb1","chr15","-",93293467,93293496,29
"chrX:-:73276572:73276596:73274359:73276754",0.96,0.973,0.97,0.981,0.972,0.977,0.905,0.918,0.876,0.937,0.954,0.951,"Flna","chrX","-",73276572,73276596,24
"chr16:-:4434989:4435013:4434742:4435782",1,1,0.983,1,1,1,1,1,1,1,1,1,"Pam16","chr16","-",4434989,4435013,24
"chr6:+:83160917:83160938:83160315:83163409",0.827,0.937,0.869,0.921,0.955,0.931,0.783,0.82,0.811,0.824,0.818,0.858,"Dctn1","chr6","+",83160917,83160938,21
"chr6:+:83160917:83160938:83160315:83164745",0.773,0.73,0.945,0.837,0.92,0.854,0.664,0.579,0.717,0.747,0.691,0.672,"Dctn1","chr6","+",83160917,83160938,21
"chr6:+:83160917:83160938:83160315:83166058",0.1,0.148,0.142,0.415,0.365,0.395,0.206,0.195,0.238,0.147,0.136,0.128,"Dctn1","chr6","+",83160917,83160938,21
"chr6:+:83163409:83163427:83160315:83164745",0.679,0.327,0.862,0.655,0.821,0.676,0.535,0.583,0.579,0.63,0.742,0.572,"Dctn1","chr6","+",83163409,83163427,18
"chr6:+:83163409:83163427:83160938:83164745",0.788,0.757,0.781,0.928,0.84,0.916,0.824,0.925,0.854,0.846,1,0.906,"Dctn1","chr6","+",83163409,83163427,18
"chr6:+:83164745:83164766:83160315:83166058",0.034,0.051,0.036,0.082,0.053,0.067,0.066,0.079,0.048,0.054,0.03,0.034,"Dctn1","chr6","+",83164745,83164766,21
"chr6:+:83164745:83164766:83160938:83166058",0.286,0.245,0.247,0.12,0.14,0.106,0.191,0.193,0.118,0.255,0.121,0.163,"Dctn1","chr6","+",83164745,83164766,21
"chr6:+:83174300:83174315:83173089:83174472",0.833,0.81,0.841,0.871,0.918,0.882,0.741,0.706,0.685,0.644,0.755,0.683,"Dctn1","chr6","+",83174300,83174315,15
"chr7:+:101871988:101872008:101859798:101872585",0.298,0.227,0.377,0.212,0.166,0.442,0.261,0.412,0.197,0.181,0.177,0.166,"Pgap2","chr7","+",101871988,101872008,20
"chr7:+:101871988:101872008:101871692:101872585",1,1,0.414,1,0.944,0.953,1,0.861,1,1,0.793,1,"Pgap2","chr7","+",101871988,101872008,20
"chr19:+:6493660:6493678:6478808:6498284",1,0.991,1,1,1,0.977,1,1,1,1,0.982,0.983,"Nrxn2","chr19","+",6493660,6493678,18
"chr19:+:6493660:6493678:6478808:6500557",0.969,1,1,1,1,1,1,1,1,1,1,1,"Nrxn2","chr19","+",6493660,6493678,18
"chr19:+:6493660:6493678:6478808:6505008",0.944,0.967,0.958,0.985,0.971,1,1,1,1,0.929,1,0.983,"Nrxn2","chr19","+",6493660,6493678,18
"chr19:+:6493660:6493678:6478808:6522287",0.948,0.943,1,1,1,0.896,1,0.813,0.955,1,1,0.924,"Nrxn2","chr19","+",6493660,6493678,18
"chr19:+:6498284:6498314:6478808:6500557",0.854,1,1,1,1,1,1,1,1,1,1,1,"Nrxn2","chr19","+",6498284,6498314,30
"chr19:+:6498284:6498314:6493678:6500557",0.669,0.825,0.659,0.725,0.726,0.602,0.691,0.642,0.73,0.817,0.712,0.738,"Nrxn2","chr19","+",6498284,6498314,30
"chr19:+:6498284:6498314:6493678:6500560",0.882,0.828,0.956,0.781,0.915,0.966,0.735,0.769,0.684,0.972,1,0.959,"Nrxn2","chr19","+",6498284,6498314,30
"chr19:+:6498284:6498314:6493678:6505008",0.419,0.333,0.346,0.44,0.497,0.407,0.42,0.555,0.484,0.454,0.63,0.42,"Nrxn2","chr19","+",6498284,6498314,30
"chr19:+:6498284:6498314:6493678:6522287",0.866,0.934,0.76,0.899,0.97,1,0.957,0.969,0.899,0.937,0.913,1,"Nrxn2","chr19","+",6498284,6498314,30
"chr19:+:6498284:6498314:6495605:6500557",1,0.912,1,1,1,1,1,1,1,1,1,1,"Nrxn2","chr19","+",6498284,6498314,30
"chr19:+:6498284:6498314:6496451:6500557",0.555,0.751,0.6,0.811,0.852,0.663,0.95,0.798,0.9,0.923,0.869,0.865,"Nrxn2","chr19","+",6498284,6498314,30
"chr19:+:6513853:6513877:6505310:6522287",0.177,0.185,0.208,0.208,0.186,0.152,0.166,0.169,0.158,0.188,0.127,0.068,"Nrxn2","chr19","+",6513853,6513877,24
"chr19:+:6538813:6538840:6531905:6540096",0.952,0.852,0.803,0.954,0.957,0.99,0.935,0.883,0.889,0.859,0.938,1,"Nrxn2","chr19","+",6538813,6538840,27
"chr10:+:81026875:81026902:81026480:81027592",0.908,0.941,0.938,0.954,0.962,0.954,0.951,0.962,0.924,0.921,0.923,0.943,"Dapk3","chr10","+",81026875,81026902,27
"chr6:+:71843709:71843724:71840254:71845563",0.994,0.994,0.993,0.994,0.997,0.991,0.99,0.985,0.992,0.994,0.993,0.993,"Immt","chr6","+",71843709,71843724,15
"chr4:+:137823219:137823240:137785388:137824062",0,0.327,0.409,0.242,0.137,0.467,0.038,0.099,0.103,0.141,0.247,0.305,"Eif4g3","chr4","+",137823219,137823240,21
"chr4:+:137823219:137823240:137810299:137824062",0.011,0.016,0.032,0.045,0.036,0.049,0.02,0.021,0.038,0.011,0.016,0.008,"Eif4g3","chr4","+",137823219,137823240,21
"chr4:+:137823219:137823240:137811681:137824062",0.024,0.232,0.211,0.082,0.077,0.318,0.035,0.023,0.226,0.149,0.056,0,"Eif4g3","chr4","+",137823219,137823240,21
"chr4:+:137823219:137823240:137814876:137824062",0.024,0.044,0.103,0.114,0.104,0.156,0.084,0.053,0.076,0.029,0.031,0.025,"Eif4g3","chr4","+",137823219,137823240,21
"chr6:-:72493371:72493396:72492962:72493524",0.731,0.873,0.967,0.928,0.938,0.741,1,0.95,0.891,0.9,0.79,1,"Sh2d6","chr6","-",72493371,72493396,25
"chr6:-:72574606:72574628:72572003:72575304",0.013,0,0.096,0.038,0,0.026,0,0,0.013,0,0,0,"Elmod3","chr6","-",72574606,72574628,22
"chr6:-:72574606:72574628:72573449:72575304",0.167,0.635,0.604,0.111,0.293,0.084,0.528,0.34,0.04,0.723,0.063,0.225,"Elmod3","chr6","-",72574606,72574628,22
"chr6:-:87247736:87247762:87246285:87259668",0.159,0,0.362,0.299,0.091,0,0.176,0.028,0.039,0.27,0,0.132,"Antxr1","chr6","-",87247736,87247762,26
"chr4:-:131513053:131513071:131508177:131514618",0.11,0.127,0.145,0.193,0.189,0.149,0.09,0.117,0.068,0.112,0.085,0.086,"Ptpru","chr4","-",131513053,131513071,18
"chr4:-:131522271:131522301:131520986:131525163",0.917,0.938,0.917,0.941,0.933,0.941,0.821,0.931,0.796,0.896,0.84,0.898,"Ptpru","chr4","-",131522271,131522301,30
"chr2:+:155857296:155857311:155853326:155857908",0.601,0.641,0.583,0.782,0.779,0.771,0.538,0.544,0.565,0.477,0.501,0.477,"Ergic3","chr2","+",155857296,155857311,15
"chr10:-:31219007:31219022:31208965:31222606",1,0.602,0.259,0,0.784,0.431,0.438,0.218,0.349,0.405,0.353,0.476,"Tpd52l1","chr10","-",31219007,31219022,15
"chr18:-:67628432:67628460:67628346:67629631",1,0.994,1,1,1,1,1,1,1,1,1,1,"Spire1","chr18","-",67628432,67628460,28
"chr16:+:8399762:8399792:8396192:8400600",1,0.996,1,1,1,1,0.999,0.998,0.996,1,0.994,0.998,"Abat","chr16","+",8399762,8399792,30
"chr6:+:124693387:124693393:124692993:124693568",1,1,1,1,0.998,0.999,0.999,1,0.999,1,1,0.999,"Phb2","chr6","+",124693387,124693393,6
"chr17:-:46334990:46335020:46329805:46335369",0.999,1,1,1,1,1,1,1,1,0.999,1,1,"Vegfa","chr17","-",46334990,46335020,30
"chr12:-:51958987:51959014:51956876:51961756",0.15,0.288,0,0.352,0.209,0.207,0.414,0.323,0.361,0.131,0.323,0.305,"Heatr5a","chr12","-",51958987,51959014,27
"chr11:+:103073841:103073859:103073593:103076446",0.938,0.956,0.989,0.98,0.981,1,0.884,0.987,0.935,0.949,0.981,0.948,"Fmnl1","chr11","+",103073841,103073859,18
"chr6:+:140482731:140482749:140482489:140489445",0.211,0.165,0.142,0.178,0.18,0.224,0.167,0.207,0.191,0.249,0.261,0.332,"Plekha5","chr6","+",140482731,140482749,18
"chr7:+:3363027:3363057:3362348:3368046",1,1,0.95,1,1,1,1,1,1,1,0.956,1,"Prkcg","chr7","+",3363027,3363057,30
"chr3:+:136637771:136637801:136634380:136640789",0.053,0.067,0.06,0.106,0.09,0.112,0.053,0.069,0.058,0.042,0.023,0.043,"Ppp3ca","chr3","+",136637771,136637801,30
"chr7:+:4929488:4929515:4928978:4929972",1,1,0.968,0.986,0.94,1,0.977,1,1,0.981,1,1,"Ssc5d","chr7","+",4929488,4929515,27
"chr12:+:109619134:109619149:109618372:109620719",0.167,0.202,0.162,0.143,0.182,0.306,0.21,0.178,0.133,0.154,0.217,0.131,"Rian","chr12","+",109619134,109619149,15
"chr12:+:109619134:109619149:109618372:109622282",0.566,0.524,0.408,0.657,0.676,0.418,0.383,0.577,0.522,0.295,0.402,0.548,"Rian","chr12","+",109619134,109619149,15
"chr7:-:25472523:25472550:25470190:25472767",0.857,0.928,0.92,0.985,0.98,0.944,0.893,0.846,0.95,0.908,0.963,0.971,"Axl","chr7","-",25472523,25472550,27
"chr4:-:133694076:133694106:133693790:133694267",1,1,1,1,1,1,1,1,1,1,1,1,"Hmgn2","chr4","-",133694076,133694106,30
"chr8:+:84652890:84652905:84649737:84656092",0.506,0.507,0.578,0.592,0.614,0.579,0.578,0.565,0.554,0.43,0.461,0.365,"Adgrl1","chr8","+",84652890,84652905,15
"chr8:+:84652890:84652905:84650984:84656092",0.947,0.929,1,0.937,1,0.862,0.679,0.967,0.852,0.922,0.911,1,"Adgrl1","chr8","+",84652890,84652905,15
"chr8:+:84664544:84664562:84664406:84664978",1,1,1,0.993,1,1,0.991,1,0.982,0.985,1,0.998,"Adgrl1","chr8","+",84664544,84664562,18
"chr7:-:15654373:15654398:15654042:15656176",1,1,0.898,1,0.976,1,0.987,1,1,0.96,0.938,1,"Selenow","chr7","-",15654373,15654398,25
"chr6:+:125128757:125128766:125128488:125129576",0.229,0.203,0.242,0.266,0.147,0.196,0.207,0.206,0.208,0.467,0.42,0.424,"Iffo1","chr6","+",125128757,125128766,9
"chr6:+:125128760:125128766:125128488:125129576",0.043,0.017,0.021,0.009,0.013,0,0.029,0.007,0.019,0.025,0.069,0.043,"Iffo1","chr6","+",125128760,125128766,6
"chr2:+:30167634:30167656:30167222:30169966",0.986,0.989,0.976,0.985,1,1,1,1,0.987,0.969,1,0.957,"Phyhd1","chr2","+",30167634,30167656,22
"chr7:-:19163030:19163043:19162043:19163250",0.026,0,0,0,0,0.049,0.062,0.015,0.037,0,0,0,"Mark4","chr7","-",19163030,19163043,13
"chr12:-:70314007:70314037:70299258:70314835",0.109,0.181,0.141,0.238,0.168,0.236,0.172,0.032,0.108,0.036,0.166,0.067,"Trim9","chr12","-",70314007,70314037,30
"chr12:-:70314007:70314037:70302000:70314835",0.346,0.436,0.241,0.563,0.188,0.384,0.204,0.314,0.165,0.478,0.357,0.102,"Trim9","chr12","-",70314007,70314037,30
"chr7:-:19356850:19356859:19353767:19361847",0.992,0.984,0.969,0.975,0.997,0.972,0.965,0.995,0.973,0.901,0.993,0.974,"Relb","chr7","-",19356850,19356859,9
"chr2:-:59763755:59763782:59762514:59764014",1,0.984,1,0.983,1,1,0.978,0.931,0.937,0.971,1,0.948,"Baz2b","chr2","-",59763755,59763782,27
"chrX:-:72899257:72899269:72898872:72899364",0.864,0.885,0.893,0.869,0.891,0.875,0.7,0.685,0.72,0.766,0.702,0.723,"L1cam","chrX","-",72899257,72899269,12
"chrX:-:72910627:72910642:72909766:72913334",0.926,0.925,0.91,0.976,0.961,0.961,0.904,0.894,0.887,0.858,0.863,0.863,"L1cam","chrX","-",72910627,72910642,15
"chr2:+:91429948:91429972:91429723:91430985",0.704,0.675,0.716,0.784,0.802,0.803,0.65,0.64,0.619,0.584,0.531,0.65,"Ckap5","chr2","+",91429948,91429972,24
"chr7:-:28744343:28744361:28743354:28745028",0.123,0.073,0.064,0.229,0.203,0.221,0.255,0.108,0.117,0.045,0.033,0.086,"Ryr1","chr7","-",28744343,28744361,18
"chr7:-:28755658:28755673:28754484:28756348",0,0,0.052,0,0,0.11,0,0,0,0,0,0,"Ryr1","chr7","-",28755658,28755673,15
"chr7:-:28816632:28816653:28815612:28816758",0.397,0.089,0.559,0.068,0.319,0.111,0.049,0.132,0,0.046,0.149,0.149,"Ryr1","chr7","-",28816632,28816653,21
"chr11:-:4434670:4434697:4432939:4435362",0.011,0.006,0,0.005,0.012,0.015,0.002,0.015,0.006,0.015,0.029,0.017,"Mtmr3","chr11","-",4434670,4434697,27
"chr7:+:30263627:30263653:30263556:30263898",1,1,1,1,0.968,0.905,1,1,0.986,0.919,1,1,"U2af1l4","chr7","+",30263627,30263653,26
"chr11:-:62167443:62167465:62164640:62172082",0.996,0.984,1,0.996,0.992,0.992,1,0.987,0.979,0.986,0.995,0.996,"Zswim7","chr11","-",62167443,62167465,22
"chr19:+:53334881:53334911:53319914:53357972",0.981,0.986,0.996,0.992,0.994,0.994,0.994,0.997,0.991,0.992,0.981,0.997,"Mxi1","chr19","+",53334881,53334911,30
"chr9:+:21398342:21398372:21397017:21401038",0.01,0.002,0,0.027,0.003,0,0,0.003,0.013,0,0.002,0,"Dnm2","chr9","+",21398342,21398372,30
"chr9:+:21401953:21401965:21401090:21405799",0.661,0.757,0.648,0.856,0.765,0.799,0.669,0.662,0.688,0.787,0.73,0.724,"Dnm2","chr9","+",21401953,21401965,12
"chr10:+:117992738:117992768:117988179:117993099",0.936,0.955,0.957,0.961,0.872,0.906,0.795,0.832,0.849,0.923,0.941,0.905,"Mdm1","chr10","+",117992738,117992768,30
"chr18:+:32972484:32972512:32970611:32974095",0.997,1,1,0.994,0.997,1,1,1,0.995,1,1,1,"Wdr36","chr18","+",32972484,32972512,28
"chr7:-:44992976:44993003:44991925:44993164",0.515,0.483,0.512,0.75,0.743,0.733,0.725,0.488,0.536,0.55,0.6,0.624,"Ppfia3","chr7","-",44992976,44993003,27
"chr6:+:38575719:38575749:38570404:38580211",0.54,0.514,0.51,0.501,0.5,0.525,0.472,0.482,0.485,0.551,0.555,0.564,"Luc7l2","chr6","+",38575719,38575749,30
"chr7:-:143075137:143075167:143074177:143077897",0.996,0.994,0.997,0.994,0.994,0.993,0.99,0.988,0.995,0.994,0.996,0.993,"Nap1l4","chr7","-",143075137,143075167,30
"chr7:-:143078430:143078453:143075167:143080902",0.993,1,1,1,1,0.994,0.985,0.963,0.985,0.998,0.983,1,"Nap1l4","chr7","-",143078430,143078453,23
"chr6:+:17650038:17650053:17637159:17654104",0.978,1,1,0.995,1,1,1,1,0.957,1,0.991,1,"Capza2","chr6","+",17650038,17650053,15
"chr5:+:122494856:122494868:122492539:122498075",0.455,0.449,0.433,0.563,0.555,0.555,0.513,0.515,0.496,0.356,0.358,0.372,"Vps29","chr5","+",122494856,122494868,12
"chr5:+:122494856:122494868:122492539:122498091",0.117,0.179,0.205,0.291,0.308,0.391,0.505,0.306,0.198,0.186,0.135,0.169,"Vps29","chr5","+",122494856,122494868,12
"chr9:+:22559315:22559330:22557364:22566520",1,0.971,0.976,1,1,1,0.944,1,0.886,1,1,0.971,"Bbs9","chr9","+",22559315,22559330,15
"chr15:+:12135352:12135376:12118424:12136481",0.024,0.01,0.011,0.017,0.037,0.014,0.026,0.022,0.021,0.027,0.018,0.022,"Zfr","chr15","+",12135352,12135376,24
"chr7:+:89843480:89843504:89840961:89844862",0.674,0.775,0.746,0.854,0.868,0.828,0.552,0.562,0.517,0.651,0.669,0.669,"Picalm","chr7","+",89843480,89843504,24
"chr4:+:125958742:125958772:125952585:125967597",0.059,0.068,0.029,0.102,0.111,0.161,0.099,0.046,0.221,0.035,0.027,0.028,"Oscp1","chr4","+",125958742,125958772,30
"chr7:+:99246242:99246266:99245313:99247697",0.983,0.995,0.998,0.988,0.989,0.992,0.967,0.961,0.918,0.994,0.989,0.956,"Arrb1","chr7","+",99246242,99246266,24
"chr7:+:100467942:100467969:100462207:100473338",0.533,0.537,0.589,0.374,0.316,0.396,0.274,0.365,0.26,0.563,0.543,0.659,"Fam168a","chr7","+",100467942,100467969,27
"chr7:+:100467942:100467969:100462207:100480534",0.922,0.96,0.856,1,0.933,0.944,0.404,0.92,0.899,0.897,0.966,0.964,"Fam168a","chr7","+",100467942,100467969,27
"chr9:-:86680882:86680897:86665487:86686507",0.065,0.222,0.172,0.38,0.288,0.377,0.199,0.213,0.258,0.081,0.076,0.113,"Snap91","chr9","-",86680882,86680897,15
"chr9:-:86680882:86680897:86675517:86686507",0.872,0.939,0.879,1,0.904,0.929,0.979,0.807,0.78,1,0.929,0.955,"Snap91","chr9","-",86680882,86680897,15
"chr9:-:86680882:86680897:86680752:86686507",0.995,0.993,0.994,0.995,0.999,0.992,0.986,0.967,0.97,0.982,0.982,0.995,"Snap91","chr9","-",86680882,86680897,15
"chr9:-:86691703:86691709:86691601:86697482",0,0.012,0,0,0,0,0,0,0,0.013,0,0,"Snap91","chr9","-",86691703,86691709,6
"chr4:-:140296066:140296081:140295831:140297567",0.074,0.097,0.041,0.065,0.055,0.028,0.061,0.052,0.045,0.17,0.19,0.149,"Arhgef10l","chr4","-",140296066,140296081,15
"chr3:+:87625535:87625565:87624827:87629663",0.262,0.191,0.213,0.367,0.395,0.341,0.274,0.265,0.251,0.301,0.281,0.33,"Arhgef11","chr3","+",87625535,87625565,30
"chr7:-:105215152:105215158:105214854:105215257",0.989,0.987,0.983,0.997,0.994,0.988,0.881,0.88,0.892,0.967,0.964,0.973,"Apbb1","chr7","-",105215152,105215158,6
"chr7:-:105217825:105217838:105216960:105217999",0,0,0.062,0,0,0.133,0,0.044,0.018,0.235,0.119,0,"Apbb1","chr7","-",105217825,105217838,13
"chr7:-:105217825:105217838:105216960:105218446",0,0,0,0.044,0,0.109,0,0,0.033,0.121,0.244,0,"Apbb1","chr7","-",105217825,105217838,13
"chr15:+:76316571:76316598:76316495:76317473",0.935,0.954,0.938,0.913,0.87,0.862,0.836,0.816,0.807,0.919,0.953,0.939,"Mroh1","chr15","+",76316571,76316598,27
"chr7:+:99106203:99106218:99105741:99107980",0.031,0.046,0,0.1,0.065,0.132,0.027,0.058,0.022,0.024,0.042,0,"Gdpd5","chr7","+",99106203,99106218,15
"chr11:+:77393654:77393681:77391940:77393843",0.99,0.977,0.987,0.995,0.985,0.997,0.885,0.89,0.907,0.964,0.956,0.958,"Git1","chr11","+",77393654,77393681,27
"chr7:+:112880608:112880629:112880009:112882463",0.21,0.276,0.158,0.122,0.159,0.097,0.129,0.133,0.111,0.184,0.265,0.217,"Arntl","chr7","+",112880608,112880629,21
"chr1:-:36215856:36215880:36215408:36216598",0.999,0.992,0.996,0.999,0.999,1,0.91,0.92,0.897,0.981,0.999,0.988,"Uggt1","chr1","-",36215856,36215880,24
"chr6:-:146463091:146463115:146461708:146463226",0.037,0.023,0.003,0.055,0.082,0.138,0.011,0.025,0.009,0.008,0.022,0.009,"Ints13","chr6","-",146463091,146463115,24
"chr18:+:50275536:50275558:50273466:50275659",0.998,1,1,1,1,0.992,0.98,0.996,1,1,1,1,"Hsd17b4","chr18","+",50275536,50275558,22
"chr9:-:53372411:53372420:53372310:53373780",0,0,0.017,0,0.039,0.069,0.04,0.036,0.034,0.052,0.005,0.024,"Atm","chr9","-",53372411,53372420,9
"chr7:+:126810920:126810935:126808570:126812032",0.151,0.097,0.138,0.202,0.24,0.155,0.193,0.163,0.13,0.097,0.093,0.095,"Mylpf","chr7","+",126810920,126810935,15
"chr7:+:127080160:127080190:127080074:127081954",1,0.979,1,1,1,1,0.997,0.988,1,0.981,0.997,0.981,"Fbrs","chr7","+",127080160,127080190,30
"chr7:+:127504947:127504968:127504652:127505044",1,1,1,0.96,1,1,0.981,1,0.985,1,0.884,1,"Bckdk","chr7","+",127504947,127504968,21
"chr10:+:79694785:79694815:79694658:79694905",0.985,0.971,0.965,0.947,0.978,0.96,0.967,0.934,0.96,0.987,0.965,0.963,"Ptbp1","chr10","+",79694785,79694815,30
"chr11:+:84181113:84181137:84171336:84183716",0.956,0.951,0.962,0.995,0.977,0.986,0.909,0.943,0.929,0.936,0.95,0.9,"Acaca","chr11","+",84181113,84181137,24
"chrX:-:149787266:149787281:149786637:149797016",1,1,0.98,1,0.979,1,0.919,0.843,0.922,1,1,1,"Gnl3l","chrX","-",149787266,149787281,15
"chr10:+:60133316:60133325:60131782:60134876",0.764,0.748,0.757,0.824,0.83,0.824,0.627,0.631,0.625,0.581,0.596,0.586,"Psap","chr10","+",60133316,60133325,9
"chr1:-:133585126:133585154:133581770:133588974",0,0,0.004,0,0.004,0.008,0,0,0,0,0.014,0.012,"Zc3h11a","chr1","-",133585126,133585154,28
"chr1:-:133585126:133585154:133583136:133588974",0.002,0.009,0,0,0,0,0.003,0.016,0.007,0.015,0.027,0.017,"Zc3h11a","chr1","-",133585126,133585154,28
"chr1:-:133585126:133585154:133583136:133588993",0,0.025,0,0.021,0,0,0.008,0.006,0.007,0.021,0,0.024,"Zc3h11a","chr1","-",133585126,133585154,28
"chr5:-:34341657:34341687:34336268:34344672",0.997,0.991,0.99,0.992,0.983,0.998,0.985,0.978,0.975,0.989,0.975,0.988,"Mxd4","chr5","-",34341657,34341687,30
"chr18:+:21207978:21207997:21203947:21208707",1,0.559,0.689,0.727,0.709,1,1,0.816,0.587,0.727,0.425,0.47,"Mep1b","chr18","+",21207978,21207997,19
"chr7:-:144042427:144042454:144038945:144042933",0.371,0.452,0.538,0.59,0.56,0.575,0.525,0.552,0.521,0.471,0.396,0.223,"Ppfia1","chr7","-",144042427,144042454,27
"chr7:-:144042427:144042454:144038945:144045188",0.095,0.141,0.141,0.192,0.159,0.163,0.132,0.097,0.143,0.098,0.069,0.037,"Ppfia1","chr7","-",144042427,144042454,27
"chr7:-:144042427:144042454:144038948:144042933",1,0.884,1,0.937,0.979,0.864,0.508,0.856,0.784,0.828,0.748,0.246,"Ppfia1","chr7","-",144042427,144042454,27
"chr7:-:144056603:144056633:144054140:144058639",0.346,0.391,0.287,0.658,0.546,0.616,0.587,0.467,0.484,0.28,0.313,0.36,"Ppfia1","chr7","-",144056603,144056633,30
"chr7:-:28029442:28029454:28029077:28030004",0.998,0.993,0.993,0.996,1,0.993,0.981,0.982,0.977,0.994,0.986,0.986,"Supt5","chr7","-",28029442,28029454,12
"chr8:-:72089181:72089211:72087870:72090415",0.998,1,1,1,1,1,0.989,1,0.993,1,0.995,0.992,"Unc13a","chr8","-",72089181,72089211,30
"chr8:-:72091860:72091866:72090454:72092343",0.993,0.985,0.985,0.993,0.986,1,0.965,0.97,0.971,0.959,0.961,0.964,"Unc13a","chr8","-",72091860,72091866,6
"chr8:-:72091860:72091866:72090571:72092343",0.845,1,0.973,1,1,1,1,1,1,1,1,0.885,"Unc13a","chr8","-",72091860,72091866,6
"chr8:-:72119284:72119314:72118722:72124269",0.454,0.448,0.456,0.449,0.46,0.442,0.477,0.48,0.477,0.597,0.59,0.616,"Unc13a","chr8","-",72119284,72119314,30
"chr8:-:11254535:11254552:11253008:11256225",0.464,0.457,0.577,0.653,0.594,0.6,0.222,0.258,0.226,0.432,0.388,0.465,"Col4a1","chr8","-",11254535,11254552,17
"chr11:+:70500233:70500257:70500080:70500379",1,0.979,0.952,0.971,0.984,0.997,0.899,0.951,0.974,0.909,0.9,0.909,"Mink1","chr11","+",70500233,70500257,24
"chr19:-:58381004:58381019:58289010:58440400",1,0.984,1,0.989,1,1,1,0.99,0.992,1,1,1,"Gfra1","chr19","-",58381004,58381019,15
"chr4:+:149710543:149710573:149698629:149711668",0.163,0.22,0.17,0.19,0.136,0.209,0.169,0.172,0.175,0.218,0.205,0.218,"Clstn1","chr4","+",149710543,149710573,30
"chr8:+:40898818:40898845:40877210:40900091",1,0.999,1,1,1,0.998,0.999,1,1,1,1,1,"Zdhhc2","chr8","+",40898818,40898845,27
"chr8:+:40898818:40898845:40877210:40907557",0.975,0.956,0.948,0.993,0.986,0.985,0.963,0.949,0.964,0.968,0.949,0.976,"Zdhhc2","chr8","+",40898818,40898845,27
"chr1:+:89538005:89538017:89537305:89555482",0.264,0.213,0.277,0.317,0.381,0.34,0.125,0.266,0.182,0.103,0.123,0.143,"Agap1","chr1","+",89538005,89538017,12
"chr8:-:48740167:48740188:48732225:48740825",0.439,0.424,0.401,0.653,0.595,0.589,0.482,0.483,0.458,0.348,0.375,0.372,"Tenm3","chr8","-",48740167,48740188,21
"chr8:-:48766272:48766299:48763804:48788623",0.518,0.557,0.543,0.588,0.569,0.601,0.452,0.427,0.418,0.434,0.422,0.477,"Tenm3","chr8","-",48766272,48766299,27
"chr8:-:48766272:48766299:48763804:48820345",0.589,0.708,0.67,0.759,1,0.821,1,0.611,0.836,0.78,0.679,0.801,"Tenm3","chr8","-",48766272,48766299,27
"chr17:+:37360668:37360689:37359498:37361890",0.931,0.982,0.922,0.998,0.998,1,0.989,0.971,0.991,0.977,0.977,0.963,"Gabbr1","chr17","+",37360668,37360689,21
"chr10:+:69658907:69658931:69658223:69660147",0.086,0.065,0.024,0.123,0.117,0.145,0.085,0.075,0.042,0.026,0.038,0.053,"Ank3","chr10","+",69658907,69658931,24
"chr10:+:69765276:69765288:69763648:69768223",0.396,0.389,0.565,0.74,0.607,0.757,0.389,0.487,0.531,0.392,0.442,0.425,"Ank3","chr10","+",69765276,69765288,12
"chr10:+:69765276:69765288:69763648:69768238",0.988,0.976,0.991,1,0.97,0.993,0.976,0.947,1,1,0.986,0.976,"Ank3","chr10","+",69765276,69765288,12
"chr10:+:69816653:69816680:69816224:69817945",0.299,0.4,0.336,0.456,0.582,0.558,0.274,0.307,0.405,0.179,0.295,0.175,"Ank3","chr10","+",69816653,69816680,27
"chr8:-:84299656:84299674:84299575:84299848",0.965,0.965,0.972,0.906,0.914,0.914,0.854,0.88,0.835,0.961,0.88,0.921,"Tecr","chr8","-",84299656,84299674,18
"chr8:-:85620076:85620103:85619793:85620183",0.974,0.993,0.982,0.97,0.966,1,0.981,0.982,0.995,0.984,1,1,"Gcdh","chr8","-",85620076,85620103,27
"chr8:+:89444917:89444926:89436624:89445925",0,0.011,0.004,0.05,0.051,0.048,0,0.014,0.012,0.003,0,0.016,"Cyld","chr8","+",89444917,89444926,9
"chr8:-:95827274:95827301:95827080:95828036",1,0.989,1,0.99,0.992,0.995,0.966,0.976,0.976,0.989,0.996,0.98,"Kifc3","chr8","-",95827274,95827301,27
"chr2:-:30934893:30934908:30930526:30942996",0.282,0.383,0.276,0.385,0.387,0.441,0.32,0.317,0.29,0.352,0.23,0.241,"Fnbp1","chr2","-",30934893,30934908,15
"chr2:-:30934893:30934908:30930526:30944035",0.909,0.694,1,0.829,0.845,0.645,0.747,0.708,0.916,0.775,0.769,0.394,"Fnbp1","chr2","-",30934893,30934908,15
"chr8:+:107897022:107897052:107896571:107906045",1,1,1,1,1,1,1,1,1,1,0.999,1,"Cyb5b","chr8","+",107897022,107897052,30
"chr8:+:107906045:107906074:107897052:107910209",1,0.999,0.997,0.999,0.997,0.999,0.999,0.998,0.999,0.998,0.999,0.999,"Cyb5b","chr8","+",107906045,107906074,29
"chr8:-:106508911:106508934:106506643:106513258",0.991,1,1,1,1,1,1,1,1,1,1,1,"Ranbp10","chr8","-",106508911,106508934,23
"chr8:+:112345837:112345861:112336020:112348227",0.992,1,1,1,1,1,1,1,1,1,1,1,"Znrf1","chr8","+",112345837,112345861,24
"chr8:+:120884206:120884236:120883113:120886697",0.422,0.443,0.415,0.515,0.551,0.521,0.351,0.389,0.358,0.271,0.289,0.357,"6430548M08Rik","chr8","+",120884206,120884236,30
"chr8:-:121387573:121387599:121385813:121394495",0.975,0.985,0.961,0.962,0.945,0.973,0.973,0.956,0.969,0.962,0.967,0.944,"Emc8","chr8","-",121387573,121387599,26
"chr10:-:127009673:127009677:127009575:127009777",0.988,1,0.995,1,1,1,1,0.992,0.99,0.992,1,0.965,"Slc26a10","chr10","-",127009673,127009677,4
"chr8:+:124093574:124093602:124090129:124095416",0.998,1,0.999,0.996,0.984,0.998,0.994,0.992,0.998,0.997,1,0.997,"Spire2","chr8","+",124093574,124093602,28
"chr14:-:76234348:76234367:76233005:76245144",1,1,1,0.998,1,0.998,0.998,1,0.997,0.998,1,0.989,"Gtf2f2","chr14","-",76234348,76234367,19
"chr13:-:102942658:102942667:102941228:102947008",0,0,0,0,0.122,0,0,0.159,0,0,0.086,0,"Mast4","chr13","-",102942658,102942667,9
"chr9:-:7045348:7045369:7044428:7049082",0.778,0.965,0.958,1,1,0.9,0.672,0.517,0.754,0.768,0.882,0.703,"Dync2h1","chr9","-",7045348,7045369,21
"chr3:-:94433746:94433774:94431597:94436218",0.019,0.02,0.013,0.044,0.04,0.073,0.013,0.031,0.019,0.028,0.019,0.012,"Snx27","chr3","-",94433746,94433774,28
"chr9:+:20917158:20917182:20914700:20917429",0,0.002,0,0,0,0.002,0,0,0,0,0.006,0,"Mrpl4","chr9","+",20917158,20917182,24
"chr9:+:20918122:20918152:20917481:20919118",1,1,1,1,1,0.987,0.966,1,1,1,0.99,1,"Mrpl4","chr9","+",20918122,20918152,30
"chr4:+:155925234:155925255:155924347:155925362",1,0.996,1,1,1,1,0.99,1,1,1,1,0.999,"Mxra8","chr4","+",155925234,155925255,21
"chr7:+:28694889:28694913:28693712:28695513",0.998,0.986,0.994,0.985,0.977,0.984,0.945,0.968,0.995,0.995,0.997,0.995,"Map4k1","chr7","+",28694889,28694913,24
"chr11:+:49095277:49095302:49094365:49103521",0,0.019,0.011,0.008,0.007,0.007,0.004,0.007,0.02,0,0.003,0.005,"Zfp62","chr11","+",49095277,49095302,25
"chr11:+:49095277:49095302:49095037:49103521",0,0,0.189,0.176,0.276,0.119,0,0.316,0.146,0,0.051,0.069,"Zfp62","chr11","+",49095277,49095302,25
"chr11:+:49095277:49095302:49094995:49103521",0,0.243,0.067,0,0.06,0.331,0,0.106,0.037,0.069,0.029,0.083,"Zfp62","chr11","+",49095277,49095302,25
"chr11:-:62294261:62294288:62292093:62294624",0.545,0.456,0.504,0.48,0.51,0.544,0.57,0.668,0.532,0.496,0.461,0.488,"Ncor1","chr11","-",62294261,62294288,27
"chr9:-:42955559:42955583:42953972:43016473",0.953,0.977,0.962,0.94,0.93,0.978,0.931,0.953,0.96,0.965,0.975,0.973,"Arhgef12","chr9","-",42955559,42955583,24
"chr10:-:52233437:52233461:52230843:52234868",0.972,0.968,0.998,0.997,0.995,0.996,0.854,0.897,0.944,0.986,0.987,0.96,"Gopc","chr10","-",52233437,52233461,24
"chr9:-:45858838:45858850:45858353:45859133",0.7,0.656,0.748,0.866,0.814,0.891,0.814,0.82,0.659,0.755,0.702,0.696,"Sidt2","chr9","-",45858838,45858850,12
"chr9:-:50527957:50527984:50526859:50528527",0.065,0.02,0.125,0.1,0.227,0.175,0.007,0.092,0.129,0.139,0.112,0.118,"Nkapd1","chr9","-",50527957,50527984,27
"chr9:-:50987621:50987645:50985445:50988185",0.889,0.951,0.925,0.945,1,0.85,0.759,0.921,0.875,0.833,0.864,0.864,"Layn","chr9","-",50987621,50987645,24
"chr9:+:58048141:58048165:58047836:58048338",0.998,0.994,0.989,0.993,0.998,0.988,1,0.976,0.989,0.994,0.997,0.98,"Stra6","chr9","+",58048141,58048165,24
"chr10:+:19895303:19895327:19876451:19899353",1,1,0.993,0.984,0.98,0.996,1,1,1,1,1,1,"Map3k5","chr10","+",19895303,19895327,24
"chr11:+:105804866:105804896:105804315:105805717",0.115,0.112,0.063,0.081,0.124,0.101,0.078,0.062,0.06,0.086,0.075,0.157,"Tanc2","chr11","+",105804866,105804896,30
"chr9:+:66624841:66624862:66621215:66653751",1,0.99,1,1,1,1,1,1,1,1,1,1,"Car12","chr9","+",66624841,66624862,21
"chr9:+:66669684:66669714:66661103:66670528",0.009,0,0.014,0.04,0.083,0.004,0.022,0.008,0.025,0,0,0.007,"Car12","chr9","+",66669684,66669714,30
"chr14:-:70457465:70457495:70455726:70461758",1,0.985,1,0.965,1,0.973,0.981,1,1,1,0.99,0.979,"Ppp3cc","chr14","-",70457465,70457495,30
"chr14:-:70463376:70463403:70462497:70472588",0.051,0.118,0.19,0.048,0.095,0.114,0.087,0.082,0.175,0.161,0.136,0.063,"Ppp3cc","chr14","-",70463376,70463403,27
"chr9:+:75094803:75094812:75093404:75097181",1,0.997,0.997,1,0.999,1,0.935,0.948,0.929,0.991,0.992,0.987,"Myo5a","chr9","+",75094803,75094812,9
"chrX:-:165248089:165248118:165245338:165262535",0.005,0.004,0.002,0.003,0.002,0.003,0.005,0.003,0.004,0.001,0.003,0.003,"Rab9","chrX","-",165248089,165248118,29
"chr9:+:80006167:80006188:79974854:80010975",0.675,0.741,0.914,0.855,0.731,0.918,0.81,0.799,0.826,0.724,0.803,0.767,"Senp6","chr9","+",80006167,80006188,21
"chr9:+:80006167:80006188:80000923:80010975",0.996,0.996,0.998,1,1,1,0.965,0.929,0.922,1,0.992,0.985,"Senp6","chr9","+",80006167,80006188,21
"chr9:-:89979916:89979942:89978657:89982495",0.998,0.997,1,0.996,1,0.998,0.997,1,0.995,0.989,0.999,0.997,"Morf4l1","chr9","-",89979916,89979942,26
"chr6:+:122501445:122501469:122498887:122502909",0.873,0.759,1,0.852,1,0.957,0.832,0.721,0.87,0.721,0.826,0.668,"Mfap5","chr6","+",122501445,122501469,24
"chr12:+:111618391:111618418:111614162:111619823",0.235,0.229,0.239,0.332,0.179,0.302,0.289,0.267,0.253,0.288,0.241,0.304,"Mark3","chr12","+",111618391,111618418,27
"chr9:-:102498471:102498493:102496959:102498894",0,0,0.057,0.207,0.038,0,0.022,0,0,0,0.04,0,"Cep63","chr9","-",102498471,102498493,22
"chr9:-:104087067:104087082:104086586:104089959",0,0.036,0.004,0.072,0.11,0.064,0.022,0.027,0.087,0,0.016,0.028,"Dnajc13","chr9","-",104087067,104087082,15
"chr9:-:105370741:105370753:105347346:105371613",0.371,0.442,0.369,0.564,0.55,0.573,0.409,0.364,0.437,0.337,0.362,0.305,"Atp2c1","chr9","-",105370741,105370753,12
"chr11:-:3378883:3378902:3376678:3382399",1,1,0.994,1,1,1,0.987,0.996,1,0.998,1,0.995,"Rnf185","chr11","-",3378883,3378902,19
"chr11:-:3378883:3378902:3376678:3402208",0.934,0.955,1,1,1,1,1,1,0.96,0.92,0.93,1,"Rnf185","chr11","-",3378883,3378902,19
"chr9:+:108715958:108715973:108715764:108717198",1,1,0.996,1,1,1,0.947,0.941,0.921,1,1,0.989,"Celsr3","chr9","+",108715958,108715973,15
"chr10:-:76635362:76635386:76633745:76636593",0.996,1,1,1,1,1,1,1,1,1,1,1,"Pcbp3","chr10","-",76635362,76635386,24
"chr8:+:71821193:71821206:71820755:71821493",0.993,0.998,0.998,0.999,0.994,0.995,0.998,0.991,0.999,0.998,0.996,0.998,"Use1","chr8","+",71821193,71821206,13
"chr8:+:71821493:71821521:71821206:71821775",0.995,0.999,0.996,1,1,0.998,1,1,1,1,1,0.997,"Use1","chr8","+",71821493,71821521,28
"chr9:+:118396026:118396047:118394735:118396248",1,0.991,1,1,1,1,0.992,1,1,1,1,1,"Golga4","chr9","+",118396026,118396047,21
"chr9:+:121559062:121559090:121558746:121560543",0.875,0.842,0.887,0.774,0.848,0.867,0.738,0.69,0.575,0.8,0.803,0.849,"Nktr","chr9","+",121559062,121559090,28
"chr9:+:121567453:121567481:121560631:121570187",0.162,0.137,0.078,0.113,0.183,0.217,0.126,0.127,0.13,0.186,0.163,0.107,"Nktr","chr9","+",121567453,121567481,28
"chr17:+:8512246:8512250:8502793:8515366",0.983,0.994,0.997,0.991,0.989,0.991,0.986,0.99,0.995,0.992,0.991,0.993,"Mpc1","chr17","+",8512246,8512250,4
"chr10:-:5376254:5376275:5375760:5386738",0.91,0.947,0.867,0.937,0.962,0.95,0.824,0.959,0.681,1,0.901,0.966,"Syne1","chr10","-",5376254,5376275,21
"chr9:-:109937008:109937037:109927920:109938093",1,0.648,1,1,0.883,0.511,0.87,1,0.736,0.834,1,1,"Dhx30","chr9","-",109937008,109937037,29
"chr9:-:109937008:109937037:109927927:109938093",0.121,0.124,0.055,0.204,0.113,0.163,0.111,0.147,0.105,0.077,0.065,0.046,"Dhx30","chr9","-",109937008,109937037,29
"chr10:-:23662522:23662537:23661902:23662661",0.006,0.006,0.005,0.003,0.004,0.002,0.002,0.002,0.002,0.007,0.006,0.008,"Rps12","chr10","-",23662522,23662537,15
"chr7:-:118042341:118042359:118041719:118047036",1,1,1,1,0.986,1,1,0.992,1,0.997,1,0.997,"Syt17","chr7","-",118042341,118042359,18
"chr7:-:118042341:118042364:118041719:118047036",1,1,1,1,0.954,1,1,0.981,1,0.989,1,0.99,"Syt17","chr7","-",118042341,118042364,23
"chr5:-:110543910:110543940:110527459:110563895",1,0.854,1,1,1,1,1,0.937,1,0.945,1,1,"Fbrsl1","chr5","-",110543910,110543940,30
"chr5:-:110543910:110543940:110527459:110580766",0.604,1,0.675,1,1,0.66,1,1,1,0.526,1,1,"Fbrsl1","chr5","-",110543910,110543940,30
"chr5:-:110543910:110543940:110529512:110563895",0.899,0.942,0.914,0.964,0.971,0.938,0.97,0.944,0.902,0.881,0.898,0.921,"Fbrsl1","chr5","-",110543910,110543940,30
"chr5:-:110543910:110543940:110529512:110565708",0.964,0.986,1,1,1,1,1,0.962,1,0.985,1,1,"Fbrsl1","chr5","-",110543910,110543940,30
"chr5:-:110543910:110543940:110529512:110580766",1,1,0.966,0.936,1,1,1,1,1,0.958,1,1,"Fbrsl1","chr5","-",110543910,110543940,30
"chr11:-:11774848:11774868:11772293:11779101",1,1,0.98,1,1,1,1,0.996,0.992,1,1,1,"Ddc","chr11","-",11774848,11774868,20
"chr10:+:59592527:59592539:59586369:59603959",0.027,0.011,0.048,0.062,0.053,0.033,0.019,0.024,0.029,0.011,0.017,0.017,"Micu1","chr10","+",59592527,59592539,12
"chr10:+:59602905:59602911:59592539:59603959",0.333,0.553,0.141,0.548,0.477,0.603,0.627,0.396,0.419,0.161,0.256,0,"Micu1","chr10","+",59602905,59602911,6
"chr16:+:18219530:18219548:18219003:18220316",0.479,0.497,0.533,0.651,0.692,0.664,0.558,0.626,0.541,0.394,0.395,0.443,"Arvcf","chr16","+",18219530,18219548,18
"chr10:+:63139623:63139647:63135018:63142126",0.922,0.93,0.916,0.962,0.929,0.975,0.94,0.892,0.864,0.9,0.931,0.94,"Herc4","chr10","+",63139623,63139647,24
"chr10:+:77422213:77422238:77417761:77423084",0,0.003,0.004,0,0,0,0,0,0,0,0.002,0,"Pttg1ip","chr10","+",77422213,77422238,25
"chr10:+:77815586:77815605:77814615:77816334",1,1,0.993,0.969,0.946,0.995,0.991,0.996,0.996,1,1,0.994,"Cfap410","chr10","+",77815586,77815605,19
"chr13:+:43554068:43554097:43553045:43554328",1,0.999,0.999,0.998,0.999,0.997,0.997,0.996,0.999,1,1,0.999,"Nol7","chr13","+",43554068,43554097,29
"chr10:+:79547089:79547114:79546754:79547327",1,1,1,1,1,1,1,1,1,1,1,1,"Bsg","chr10","+",79547089,79547114,25
"chr10:+:79891756:79891781:79890953:79891873",1,1,0.999,1,1,1,1,1,1,1,1,1,"Gpx4","chr10","+",79891756,79891781,25
"chr1:+:151688504:151688519:151687455:151694060",0.257,0.204,0.114,0.32,0.269,0.33,0.151,0.203,0.172,0.158,0.133,0.148,"Edem3","chr1","+",151688504,151688519,15
"chr11:+:69932726:69932754:69932634:69932882",1,1,1,1,1,1,1,0.998,0.999,0.998,1,0.997,"Dlg4","chr11","+",69932726,69932754,28
"chr10:+:80539563:80539590:80539114:80539686",0.949,0.989,0.991,0.987,1,1,0.967,0.979,0.96,1,1,0.982,"Izumo4","chr10","+",80539563,80539590,27
"chr10:+:80540532:80540547:80540269:80540897",1,1,0.966,1,1,1,1,1,1,1,1,1,"Izumo4","chr10","+",80540532,80540547,15
"chr13:+:21375389:21375416:21374294:21376199",0.999,1,1,1,1,1,1,1,1,1,0.999,1,"Trim27","chr13","+",21375389,21375416,27
"chr10:+:93306661:93306685:93305050:93307157",1,1,0.996,1,1,1,1,1,0.999,1,1,1,"Lta4h","chr10","+",93306661,93306685,24
"chr2:+:60077831:60077856:60075604:60078233",0.198,0.199,0.171,0.327,0.463,0.339,0.286,0.218,0.163,0.134,0.18,0.194,"Marchf7","chr2","+",60077831,60077856,25
"chr10:+:100331502:100331523:100330816:100331684",0,0.046,0,0,0.111,0,0,0,0,0.05,0,0,"Cep290","chr10","+",100331502,100331523,21
"chr10:+:106740677:106740707:106739566:106742226",1,1,0.937,1,0.879,0.961,1,1,1,0.915,1,0.889,"Ppfia2","chr10","+",106740677,106740707,30
"chr10:-:109554926:109554947:109554227:109555817",0.029,0.033,0.066,0,0.064,0.189,0.042,0.018,0,0,0,0,"Nav3","chr10","-",109554926,109554947,21
"chr10:-:122845817:122845835:122845536:122846398",1,1,1,0.997,1,0.998,0.988,0.996,0.99,1,0.998,1,"Mon2","chr10","-",122845817,122845835,18
"chr10:-:122858990:122858993:122858849:122859814",0.718,0.68,0.823,0.845,0.801,0.888,0.592,0.632,0.68,0.661,0.583,0.607,"Mon2","chr10","-",122858990,122858993,3
"chr10:-:127132585:127132609:127132502:127132741",0.404,0.349,0.424,0.261,0.258,0.29,0.19,0.18,0.147,0.276,0.258,0.221,"Mars1","chr10","-",127132585,127132609,24
"chr10:-:128329202:128329222:128328614:128329407",0,0.001,0.001,0.001,0.001,0.001,0,0.001,0.001,0.001,0.001,0,"Myl6","chr10","-",128329202,128329222,20
"chr10:-:128329202:128329222:128328914:128329407",0.044,0.15,0.064,0.033,0.063,0.059,0.099,0.059,0,0.052,0.037,0.077,"Myl6","chr10","-",128329202,128329222,20
"chr10:-:128329407:128329435:128328271:128329677",1,0.9,1,1,1,1,1,1,0.925,1,1,0.955,"Myl6","chr10","-",128329407,128329435,28
"chr10:-:128329407:128329435:128328404:128329677",0.979,1,1,1,0.963,1,1,1,1,0.976,1,0.987,"Myl6","chr10","-",128329407,128329435,28
"chr10:-:128329407:128329435:128328614:128329677",1,1,1,1,1,1,1,1,1,1,1,1,"Myl6","chr10","-",128329407,128329435,28
"chr10:-:128384526:128384549:128384298:128384817",0.999,0.999,0.999,0.999,0.999,1,0.999,0.999,0.999,0.999,0.999,0.998,"Rpl41","chr10","-",128384526,128384549,23
"chr11:+:93970024:93970036:93962512:93971565",0.595,0.43,0.473,0.669,0.723,0.695,0.46,0.654,0.533,0.541,0.375,0.571,"Spag9","chr11","+",93970024,93970036,12
"chr11:+:93970024:93970036:93962512:93972165",0.145,0.128,0.086,0.257,0.223,0.18,0.058,0.062,0.074,0.098,0.083,0.073,"Spag9","chr11","+",93970024,93970036,12
"chr11:+:93971565:93971580:93962512:93972165",0.122,0.18,0.128,0.198,0.122,0.156,0.233,0.081,0.109,0.055,0.075,0.074,"Spag9","chr11","+",93971565,93971580,15
"chr11:+:93971565:93971580:93970036:93972165",0.534,0.534,0.577,0.572,0.542,0.667,0.82,0.713,0.616,0.411,0.395,0.562,"Spag9","chr11","+",93971565,93971580,15
"chr11:+:4983241:4983262:4982619:4983686",0.006,0.011,0.005,0.046,0.036,0.034,0.019,0.035,0.038,0.009,0.009,0.021,"Ap1b1","chr11","+",4983241,4983262,21
"chr11:-:5041459:5041477:5038146:5041858",0.143,0.142,0.165,0.375,0.355,0.386,0.229,0.202,0.192,0.106,0.123,0.123,"Ewsr1","chr11","-",5041459,5041477,18
"chr11:-:5676830:5676857:5673161:5711880",1,0.717,1,0.679,1,0.849,0.76,0.929,1,1,0.931,0.772,"Urgcp","chr11","-",5676830,5676857,27
"chr10:+:99000447:99000469:98992213:99000730",0.009,0.023,0.033,0.044,0.161,0.099,0.05,0.029,0.011,0.033,0.011,0.029,"Poc1b","chr10","+",99000447,99000469,22
"chr11:-:48699291:48699314:48699079:48699876",0.992,0.998,0.992,0.991,0.993,0.979,0.991,0.981,0.991,0.998,0.988,0.986,"Trim41","chr11","-",48699291,48699314,23
"chr2:-:30236070:30236085:30235951:30236364",1,0.994,0.993,0.998,0.995,0.993,0.874,0.874,0.856,0.983,0.987,0.989,"Sh3glb2","chr2","-",30236070,30236085,15
"chr2:-:30239237:30239249:30237116:30240299",0.039,0.023,0.028,0.069,0.056,0.05,0.019,0.049,0.008,0.008,0.035,0.029,"Sh3glb2","chr2","-",30239237,30239249,12
"chr2:-:30239237:30239249:30238629:30240299",0.306,0.31,0.291,0.481,0.593,0.518,0.267,0.297,0.251,0.185,0.222,0.194,"Sh3glb2","chr2","-",30239237,30239249,12
"chr4:-:155739708:155739727:155739627:155739978",0.978,0.949,1,0.852,0.794,0.979,0.874,0.818,0.765,1,0.957,0.912,"Mib2","chr4","-",155739708,155739727,19
"chr11:-:51886200:51886226:51879527:51888644",0.997,0.993,0.998,0.997,0.995,0.995,0.989,0.996,0.995,0.994,0.99,0.998,"Ube2b","chr11","-",51886200,51886226,26
"chr11:-:51886200:51886226:51882310:51888644",0.998,0.998,0.997,0.997,0.999,0.998,0.997,0.996,0.998,0.998,0.998,0.996,"Ube2b","chr11","-",51886200,51886226,26
"chr11:+:53481543:53481552:53477757:53484200",0.87,0.959,0.948,0.959,0.975,0.961,0.911,0.917,0.928,0.917,0.952,0.913,"Kif3a","chr11","+",53481543,53481552,9
"chr11:+:53481543:53481552:53477757:53484221",1,0.865,0.933,1,0.985,0.959,0.974,0.968,0.978,1,0.901,0.977,"Kif3a","chr11","+",53481543,53481552,9
"chr11:+:53481543:53481552:53479587:53484200",1,1,0.92,1,1,1,0.964,1,1,1,1,1,"Kif3a","chr11","+",53481543,53481552,9
"chr11:+:54542574:54542589:54540165:54548071",0.287,0.355,0.243,0.553,0.541,0.423,0.192,0.34,0.239,0.247,0.3,0.181,"Rapgef6","chr11","+",54542574,54542589,15
"chr11:+:54562480:54562504:54559563:54567020",0.03,0.072,0.052,0.069,0.061,0.097,0.042,0.041,0.062,0.069,0.057,0.061,"Rapgef6","chr11","+",54562480,54562504,24
"chr5:+:29401620:29401643:29401110:29402923",0,0.548,0.321,0.897,0.619,0.321,0.178,0.224,0.464,0.271,0.839,0.464,"Rnf32","chr5","+",29401620,29401643,23
"chr11:+:66916734:66916764:66916097:66920791",0.9,0.963,0.915,0.966,0.984,0.986,0.935,0.989,0.915,0.964,0.778,0.961,"Tmem220","chr11","+",66916734,66916764,30
"chr5:-:115810202:115810214:115808359:115811138",0.074,0.134,0.126,0.23,0.221,0.261,0.137,0.15,0.1,0.125,0.158,0.205,"Bicdl1","chr5","-",115810202,115810214,12
"chr11:+:68625213:68625241:68612302:68636142",1,1,1,1,0.995,0.995,0.995,1,1,0.996,0.998,0.994,"Myh10","chr11","+",68625213,68625241,28
"chr11:+:68636760:68636790:68636245:68642767",0.144,0.13,0.122,0.23,0.233,0.223,0.137,0.106,0.107,0.069,0.058,0.078,"Myh10","chr11","+",68636760,68636790,30
"chr11:-:69493129:69493156:69492449:69493250",0.017,0,0,0.032,0,0.03,0,0.085,0,0,0,0.037,"Atp1b2","chr11","-",69493129,69493156,27
"chr1:-:57432828:57432853:57432646:57433205",0.067,0.053,0.013,0.025,0.033,0.045,0.051,0.047,0.029,0.072,0.064,0.05,"Tyw5","chr1","-",57432828,57432853,25
"chr11:-:69810274:69810304:69810162:69811166",0.02,0.023,0.02,0.045,0.056,0.056,0.05,0.028,0.045,0.023,0.046,0.024,"Eif5a","chr11","-",69810274,69810304,30
"chr11:-:69810274:69810304:69810162:69811626",0.061,0.007,0.007,0.08,0.079,0.095,0.077,0.044,0.08,0,0.088,0.031,"Eif5a","chr11","-",69810274,69810304,30
"chr11:-:69810274:69810304:69810162:69811849",0.151,0.097,0.172,0.135,0.299,0.392,0.263,0.235,0.163,0.057,0.242,0.16,"Eif5a","chr11","-",69810274,69810304,30
"chr11:-:69810274:69810304:69810162:69811867",0.526,0.625,0.454,0.5,0.793,0.615,0.854,0.757,0.507,0,0.639,0.744,"Eif5a","chr11","-",69810274,69810304,30
"chr11:-:69810274:69810304:69810162:69811988",0.001,0.001,0.001,0.002,0.003,0.003,0.002,0.001,0.001,0,0.001,0.001,"Eif5a","chr11","-",69810274,69810304,30
"chr2:-:14049758:14049777:14049682:14049948",0.999,1,1,1,0.992,1,1,1,1,0.999,1,1,"Hacd1","chr2","-",14049758,14049777,19
"chrX:-:72825903:72825915:72825395:72826280",0.996,0.987,0.997,0.956,0.976,1,0.967,0.973,0.972,0.983,0.92,0.957,"Idh3g","chrX","-",72825903,72825915,12
"chrX:-:72825903:72825915:72825709:72826280",0.982,0.982,0.982,0.987,0.985,0.985,0.936,0.942,0.932,0.957,0.963,0.952,"Idh3g","chrX","-",72825903,72825915,12
"chr11:-:75967918:75967948:75967339:75971972",1,0.952,1,1,1,1,1,1,1,1,1,0.964,"Vps53","chr11","-",75967918,75967948,30
"chr11:+:77712355:77712376:77712012:77713488",0.095,0.155,0.114,0.163,0.213,0.192,0.097,0.109,0.117,0.055,0.038,0.042,"Myo18a","chr11","+",77712355,77712376,21
"chr11:+:77713488:77713500:77712012:77714101",0.981,0.979,0.993,0.97,0.994,0.996,0.955,0.921,0.919,0.978,0.981,0.983,"Myo18a","chr11","+",77713488,77713500,12
"chr11:+:79305066:79305096:79303584:79309377",0,0,0.014,0.013,0,0,0,0,0,0,0,0,"Nf1","chr11","+",79305066,79305096,30
"chr11:+:80193489:80193513:80192097:80210383",0.983,0.94,1,1,1,1,1,1,1,1,0.972,1,"Rhbdl3","chr11","+",80193489,80193513,24
"chr11:+:80193489:80193513:80192097:80214184",0.896,1,1,1,1,1,1,1,1,1,1,1,"Rhbdl3","chr11","+",80193489,80193513,24
