"GeneID","geneSymbol","chr","exonStart_0base","exonEnd","exon_length","size_category","dPSI","FDR","sig_splicing","log2FoldChange","padj","sig_expression"
"ENSMUSG00000000386","Mx1","chr16",97259879,97259932,53,"Regular (>50bp)",0.173,0.00331046029530328,TRUE,-0.672085490404612,5.19552358749424e-06,FALSE
"ENSMUSG00000000386","Mx1","chr16",97256688,97256843,155,"Regular (>50bp)",-0.222,0.00170232807648526,TRUE,-0.672085490404612,5.19552358749424e-06,FALSE
"ENSMUSG00000000538","Tom1l2","chr11",60129835,60129898,63,"Regular (>50bp)",-0.151,6.10806624409645e-06,TRUE,-0.214453990191695,0.00113906455937632,FALSE
"ENSMUSG00000000568","Hnrnpd","chr5",100124392,100124449,57,"Regular (>50bp)",0.202,0,TRUE,-0.115986971872958,0.0578736583538803,FALSE
"ENSMUSG00000000631","Myo18a","chr11",77706681,77706717,36,"Small (30-50bp)",0.169,0.000733043013247745,TRUE,-0.0809852501055471,0.296268996510784,FALSE
"ENSMUSG00000000631","Myo18a","chr11",77706681,77706825,144,"Regular (>50bp)",0.185,7.64290750052284e-07,TRUE,-0.0809852501055471,0.296268996510784,FALSE
"ENSMUSG00000000827","Tpd52l2","chr2",181152296,181152323,27,"Microexon (0-30bp)",0.106,0.000429899112835956,TRUE,0.0584576419315052,0.443616383789084,FALSE
"ENSMUSG00000001036","Epn2","chr11",61444335,61444405,70,"Regular (>50bp)",-0.119,0.00167767497948593,TRUE,0.079540560707157,0.265530913896407,FALSE
"ENSMUSG00000001036","Epn2","chr11",61425403,61425439,36,"Small (30-50bp)",0.122,7.70019309919651e-05,TRUE,0.079540560707157,0.265530913896407,FALSE
"ENSMUSG00000001053","N4bp3","chr11",51540975,51541181,206,"Regular (>50bp)",0.176,0.0167201831173847,TRUE,0.511467155921427,2.95362015352964e-11,FALSE
"ENSMUSG00000001120","Pcbp3","chr10",76686055,76686182,127,"Regular (>50bp)",0.179,3.76564719817768e-08,TRUE,-0.101186139119715,0.0953535910008909,FALSE
"ENSMUSG00000001143","Lman2l","chr1",36468503,36468536,33,"Small (30-50bp)",0.204,0,TRUE,0.155353298458487,0.00674814813536954,FALSE
"ENSMUSG00000001143","Lman2l","chr1",36468503,36468536,33,"Small (30-50bp)",0.228,7.43889692715926e-06,TRUE,0.155353298458487,0.00674814813536954,FALSE
"ENSMUSG00000001248","Gramd1a","chr7",30832644,30832656,12,"Microexon (0-30bp)",0.183,0,TRUE,-0.423998333278918,1.9061500180806e-14,FALSE
"ENSMUSG00000001419","Mef2d","chr3",88065527,88065662,135,"Regular (>50bp)",-0.326,0.0389513018178845,TRUE,0.00982697289326646,0.916948372804588,FALSE
"ENSMUSG00000001520","Nrip2","chr6",128381893,128382047,154,"Regular (>50bp)",0.01,1,FALSE,1.15327769188095,0.000260012862448204,TRUE
"ENSMUSG00000001520","Nrip2","chr6",128381897,128382047,150,"Regular (>50bp)",0.005,1,FALSE,1.15327769188095,0.000260012862448204,TRUE
"ENSMUSG00000001576","Ergic1","chr17",26873800,26873927,127,"Regular (>50bp)",-0.156,9.56667335520824e-06,TRUE,0.302130056873258,1.03685525244372e-05,FALSE
"ENSMUSG00000001995","Sipa1l2","chr8",126149931,126149985,54,"Regular (>50bp)",0.123,0.000471744621888916,TRUE,0.176366192469455,0.00522788577190153,FALSE
"ENSMUSG00000002031","Ift46","chr9",44685479,44685528,49,"Small (30-50bp)",0.103,0.00318488327296499,TRUE,-0.00153393588065369,0.98625206504378,FALSE
"ENSMUSG00000002265","Peg3","chr7",6715948,6716011,63,"Regular (>50bp)",0.146,3.15126704685508e-08,TRUE,-0.880354854341413,1.46697235191772e-19,FALSE
"ENSMUSG00000002428","Hltf","chr3",20152243,20152379,136,"Regular (>50bp)",-0.134,1.29687565925262e-05,TRUE,-0.787885699905865,1.04034691478634e-15,FALSE
"ENSMUSG00000002524","Puf60","chr15",75946455,75946506,51,"Regular (>50bp)",0.103,1.15926029246631e-07,TRUE,0.263079605214679,1.62792874628679e-06,FALSE
"ENSMUSG00000002608","Ccdc97","chr7",25417569,25417704,135,"Regular (>50bp)",-0.394,0.00938056998262256,TRUE,0.0426769738024819,0.560327748526147,FALSE
"ENSMUSG00000002845","Tmem39a","chr16",38405980,38406042,62,"Regular (>50bp)",0.13,0.0333520637181057,TRUE,-0.377227313819221,1.14404068162128e-06,FALSE
"ENSMUSG00000002885","Adgre5","chr8",84456739,84456886,147,"Regular (>50bp)",0.212,0.00158421278587421,TRUE,0.311185531180282,0.0217575014749073,FALSE
"ENSMUSG00000003032","Klf4","chr4",55531629,55531750,121,"Regular (>50bp)",0.034,0.20088731490433,FALSE,1.33609153601685,4.18148454434409e-34,TRUE
"ENSMUSG00000003119","Cdk12","chr11",98140535,98140926,391,"Regular (>50bp)",0.185,0.0218351815697566,TRUE,0.0173679962511115,0.843719970687975,FALSE
"ENSMUSG00000003131","Pafah1b2","chr9",45895148,45895337,189,"Regular (>50bp)",-0.491,0.000893996380585415,TRUE,0.166337674009545,0.00860080870942863,FALSE
"ENSMUSG00000003341","Atp8b3","chr10",80357844,80357983,139,"Regular (>50bp)",-0.173,0.0187672394803098,TRUE,-0.00250245713458038,0.986873913540001,FALSE
"ENSMUSG00000003810","Mast2","chr4",116190609,116190630,21,"Microexon (0-30bp)",0.248,0,TRUE,-0.29456129000463,2.27630205696115e-06,FALSE
"ENSMUSG00000003813","Rad23a","chr8",85564635,85564763,128,"Regular (>50bp)",-0.209,0.000948284233830729,TRUE,0.430214595808109,7.63687311907481e-15,FALSE
"ENSMUSG00000003847","Nfat5","chr8",108064926,108064988,62,"Regular (>50bp)",0.165,0.00319255376954588,TRUE,-0.610881580761577,5.08472391147831e-13,FALSE
"ENSMUSG00000003863","Ppfia3","chr7",44992976,44993003,27,"Microexon (0-30bp)",0.239,5.1877029221982e-09,TRUE,0.0908511839569446,0.305252438784804,FALSE
"ENSMUSG00000004285","Atp6v1f","chr6",29468965,29469225,260,"Regular (>50bp)",0.307,0.00184387134755415,TRUE,-0.0186616391397831,0.841153129521075,FALSE
"ENSMUSG00000004319","Clcn3","chr8",61428765,61428941,176,"Regular (>50bp)",-0.103,0.00322273111668182,TRUE,0.0666760478388921,0.248740418981628,FALSE
"ENSMUSG00000004561","Mettl17","chr14",52126603,52126854,251,"Regular (>50bp)",-0.157,0.00256657518443105,TRUE,0.326505378014642,0.000219956660339857,FALSE
"ENSMUSG00000004562","Arhgef40","chr14",52242335,52242356,21,"Microexon (0-30bp)",-0.176,0.00878694833148361,TRUE,-0.0750094338168225,0.323297175335382,FALSE
"ENSMUSG00000004631","Sgce","chr6",4711307,4711380,73,"Regular (>50bp)",-0.315,0.00242929849777765,TRUE,-0.249260474319587,0.000197603992529884,FALSE
"ENSMUSG00000004698","Hdac9","chr12",34423876,34424137,261,"Regular (>50bp)",-0.113,0.000855587308772159,TRUE,-0.450613761998613,3.02019678756363e-06,FALSE
"ENSMUSG00000004771","Rab11a","chr9",64633905,64634099,194,"Regular (>50bp)",-0.167,0.000721898378352942,TRUE,-0.391674585802189,1.15627448047991e-13,FALSE
"ENSMUSG00000004980","Hnrnpa2b1","chr6",51441407,51441431,24,"Microexon (0-30bp)",-0.167,1.60289999095546e-11,TRUE,-0.172391527310125,0.0448335242992539,FALSE
"ENSMUSG00000004994","Ccdc130","chr8",84985741,84985880,139,"Regular (>50bp)",-0.115,5.80600321890986e-09,TRUE,0.479112212078938,1.98440218551229e-09,FALSE
"ENSMUSG00000005501","Usp40","chr1",87895231,87895320,89,"Regular (>50bp)",-0.197,7.82608919974478e-06,TRUE,-0.689415536097431,1.44692055135831e-08,FALSE
"ENSMUSG00000005501","Usp40","chr1",87896117,87896171,54,"Regular (>50bp)",0.264,0.00276681893539065,TRUE,-0.689415536097431,1.44692055135831e-08,FALSE
"ENSMUSG00000005881","Ergic3","chr2",155857296,155857311,15,"Microexon (0-30bp)",0.169,0,TRUE,0.0952795355526931,0.154311885262954,FALSE
"ENSMUSG00000005899","Smpd4","chr16",17453345,17453432,87,"Regular (>50bp)",0.13,0.00226307760004798,TRUE,0.273333328294271,0.000116298258956559,FALSE
"ENSMUSG00000006281","Tep1","chr14",51070337,51070488,151,"Regular (>50bp)",-0.126,4.46019730764414e-05,TRUE,-0.206586382411229,0.00376043443534365,FALSE
"ENSMUSG00000006315","Tmem147","chr7",30428081,30428166,85,"Regular (>50bp)",0.195,0.0289405473261721,TRUE,0.497065908693868,4.54964135951604e-12,FALSE
"ENSMUSG00000006362","Cbfa2t3","chr8",123377068,123377215,147,"Regular (>50bp)",-0.124,0.0341597244531351,TRUE,-0.342144092716166,2.52266552598838e-06,FALSE
"ENSMUSG00000006411","Nectin4","chr1",171213727,171213802,75,"Regular (>50bp)",-0.028,1,FALSE,1.08192193998697,5.46481783408922e-19,TRUE
"ENSMUSG00000006476","Nsmf","chr2",24948264,24948333,69,"Regular (>50bp)",-0.121,0.000888691268343264,TRUE,0.13820889519234,0.0479227200802321,FALSE
"ENSMUSG00000006649","Nphs1","chr7",30181889,30182005,116,"Regular (>50bp)",-0.291,0.000682847500035188,TRUE,0.0140072258196427,0.937828724599681,FALSE
"ENSMUSG00000006958","Chrd","chr16",20553611,20553719,108,"Regular (>50bp)",-0.358,0.0326751206765193,TRUE,-0.124984795611539,0.513398958612726,FALSE
"ENSMUSG00000007035","Msh5","chr17",35262704,35262740,36,"Small (30-50bp)",-0.162,0.0499647818891233,TRUE,-0.482731821204127,5.50378906634041e-05,FALSE
"ENSMUSG00000007570","Fance","chr17",28542544,28542639,95,"Regular (>50bp)",-0.124,0.0327006117687034,TRUE,0.184698660645371,0.0103783130749215,FALSE
"ENSMUSG00000008855","Hdac5","chr11",102112593,102112677,84,"Regular (>50bp)",0.131,7.3015169289544e-05,TRUE,-0.344112907716947,8.8626810564084e-09,FALSE
"ENSMUSG00000009073","Nf2","chr11",4730577,4730622,45,"Small (30-50bp)",0.174,1.62465065210454e-10,TRUE,-0.135737805383944,0.0102751993303504,FALSE
"ENSMUSG00000009079","Ewsr1","chr11",5041459,5041477,18,"Microexon (0-30bp)",0.222,0,TRUE,-0.100972980120685,0.156425187144984,FALSE
"ENSMUSG00000009621","Vav2","chr2",27158162,27158249,87,"Regular (>50bp)",0.112,6.20574366329859e-07,TRUE,0.026779289302603,0.736401553346361,FALSE
"ENSMUSG00000009741","Ubp1","chr9",113788443,113788551,108,"Regular (>50bp)",-0.151,3.11368414230453e-08,TRUE,0.0456714349601277,0.607968777203283,FALSE
"ENSMUSG00000009995","Tafazzin","chrX",73332534,73332625,91,"Regular (>50bp)",-0.346,1.28203538694441e-10,TRUE,-0.673456899260518,5.484292099311e-05,FALSE
"ENSMUSG00000009995","Tafazzin","chrX",73332534,73332625,91,"Regular (>50bp)",-0.351,0.00016329618048729,TRUE,-0.673456899260518,5.484292099311e-05,FALSE
"ENSMUSG00000009995","Tafazzin","chrX",73332589,73332625,36,"Small (30-50bp)",-0.314,3.98683260318424e-10,TRUE,-0.673456899260518,5.484292099311e-05,FALSE
"ENSMUSG00000009995","Tafazzin","chrX",73332589,73332625,36,"Small (30-50bp)",-0.365,0.000452701285271854,TRUE,-0.673456899260518,5.484292099311e-05,FALSE
"ENSMUSG00000010086","Rnf112","chr11",61344253,61344322,69,"Regular (>50bp)",-0.368,0.000243901099516242,TRUE,-0.450210053087281,9.58280543171846e-09,FALSE
"ENSMUSG00000010086","Rnf112","chr11",61344253,61344322,69,"Regular (>50bp)",-0.188,0.000491642700895875,TRUE,-0.450210053087281,9.58280543171846e-09,FALSE
"ENSMUSG00000010122","Slc47a1","chr11",61239484,61239557,73,"Regular (>50bp)",0.001,1,FALSE,-1.08183406185619,1.36886526792218e-32,TRUE
"ENSMUSG00000010122","Slc47a1","chr11",61253512,61253580,68,"Regular (>50bp)",-0.005,1,FALSE,-1.08183406185619,1.36886526792218e-32,TRUE
"ENSMUSG00000010122","Slc47a1","chr11",61260076,61260119,43,"Small (30-50bp)",0.002,1,FALSE,-1.08183406185619,1.36886526792218e-32,TRUE
"ENSMUSG00000010122","Slc47a1","chr11",61257354,61257720,366,"Regular (>50bp)",-0.006,1,FALSE,-1.08183406185619,1.36886526792218e-32,TRUE
"ENSMUSG00000010122","Slc47a1","chr11",61258498,61258543,45,"Small (30-50bp)",0.001,1,FALSE,-1.08183406185619,1.36886526792218e-32,TRUE
"ENSMUSG00000010554","Mettl16","chr11",74686577,74686643,66,"Regular (>50bp)",-0.133,0.0429487944930022,TRUE,0.702426988853197,3.9641157256807e-24,FALSE
"ENSMUSG00000012609","Ttll5","chr12",85890719,85890772,53,"Regular (>50bp)",-0.119,0.0001263137649096,TRUE,0.157138694637241,0.0914072468725326,FALSE
"ENSMUSG00000013033","Adgrl1","chr8",84650834,84650984,150,"Regular (>50bp)",0.109,2.50717601519826e-05,TRUE,-0.202070155798921,0.00263645177835538,FALSE
"ENSMUSG00000013523","Bcas1","chr2",170198167,170198233,66,"Regular (>50bp)",0.151,0.000137327647208671,TRUE,0.131058971747076,0.0941162143836048,FALSE
"ENSMUSG00000013523","Bcas1","chr2",170212369,170212411,42,"Small (30-50bp)",0.139,0.0153058546894426,TRUE,0.131058971747076,0.0941162143836048,FALSE
"ENSMUSG00000013973","Dedd","chr1",171158820,171158853,33,"Small (30-50bp)",0.174,0,TRUE,-0.405713943236632,0.00334918612296242,FALSE
"ENSMUSG00000013973","Dedd","chr1",171158820,171158853,33,"Small (30-50bp)",0.109,9.41268011599817e-09,TRUE,-0.405713943236632,0.00334918612296242,FALSE
"ENSMUSG00000013973","Dedd","chr1",171158801,171158853,52,"Regular (>50bp)",0.223,8.27328736591769e-09,TRUE,-0.405713943236632,0.00334918612296242,FALSE
"ENSMUSG00000014355","Anapc1","chr2",128520130,128520204,74,"Regular (>50bp)",-0.16,0.000725808744230392,TRUE,0.0116516247885566,0.890007471265991,FALSE
"ENSMUSG00000014418","Hps5","chr7",46424577,46424708,131,"Regular (>50bp)",0.156,0.00309807723083696,TRUE,-0.291256283561322,1.04585599447687e-05,FALSE
"ENSMUSG00000014554","Dguok","chr6",83457824,83457924,100,"Regular (>50bp)",-0.111,5.21162027294763e-05,TRUE,-0.227334675632285,0.00191148936793302,FALSE
"ENSMUSG00000015149","Sirt2","chr7",28467056,28467103,47,"Small (30-50bp)",0.106,2.07061881689525e-08,TRUE,-0.064512549070987,0.501647986805705,FALSE
"ENSMUSG00000015222","Map2","chr1",66470685,66470778,93,"Regular (>50bp)",-0.2,1.27542796908975e-08,TRUE,-0.456362505448742,3.7230227255645e-14,FALSE
"ENSMUSG00000015243","Abca1","chr4",53059256,53059362,106,"Regular (>50bp)",0.16,0.000571507494680922,TRUE,-0.310934778053511,0.000350170404599254,FALSE
"ENSMUSG00000015501","Hivep2","chr10",13879944,13880019,75,"Regular (>50bp)",-0.278,1.69695378827837e-05,TRUE,-0.0190962425920949,0.806536650540831,FALSE
"ENSMUSG00000015652","Steap1","chr5",5792825,5792940,115,"Regular (>50bp)",-0.007,1,FALSE,1.35382448724347,2.20074084100759e-09,TRUE
"ENSMUSG00000015659","Serac1","chr17",6119573,6119663,90,"Regular (>50bp)",0.163,0.0054059057236589,TRUE,-0.55453936066248,2.79303741616199e-10,FALSE
"ENSMUSG00000015942","Gtf2ird2","chr5",134235611,134235668,57,"Regular (>50bp)",-0.133,0.00170720240343313,TRUE,0.769817970060972,2.06171312107069e-11,FALSE
"ENSMUSG00000016200","Syt14","chr1",192581158,192581215,57,"Regular (>50bp)",0.138,4.68941849784433e-05,TRUE,-0.541644599535946,4.19807486362698e-14,FALSE
"ENSMUSG00000016346","Kcnq2","chr2",180745434,180745464,30,"Microexon (0-30bp)",0.153,1.25008143371497e-12,TRUE,-0.153921329905333,0.0101155540409396,FALSE
"ENSMUSG00000016664","Pacsin2","chr15",83267823,83267829,6,"Microexon (0-30bp)",0.132,1.47590581058568e-08,TRUE,-0.201603708563037,5.49758278927281e-05,FALSE
"ENSMUSG00000017210","Med24","chr11",98608534,98608591,57,"Regular (>50bp)",0.179,0,TRUE,-0.36720964645978,7.49432356928826e-09,FALSE
"ENSMUSG00000017307","Acot8","chr2",164644916,164645053,137,"Regular (>50bp)",-0.168,7.62702722543162e-08,TRUE,0.3366489875103,2.61430065542601e-05,FALSE
"ENSMUSG00000017421","Zfp207","chr11",80283909,80284002,93,"Regular (>50bp)",-0.118,0.000179183588215677,TRUE,-0.448687971024407,3.78669466562157e-09,FALSE
"ENSMUSG00000017478","Zc3h18","chr8",123114431,123114503,72,"Regular (>50bp)",0.143,5.86757446753883e-12,TRUE,0.338438746755625,7.839752011189e-10,FALSE
"ENSMUSG00000017652","Cd40","chr2",164911736,164911768,32,"Small (30-50bp)",-0.152,1.82714629193345e-06,TRUE,0.456769334420908,0.0126050150296988,FALSE
"ENSMUSG00000017677","Wsb1","chr11",79134225,79134401,176,"Regular (>50bp)",-0.281,8.00498907670246e-13,TRUE,-0.695542484702643,1.03287002615743e-06,FALSE
"ENSMUSG00000018334","Ksr1","chr11",78921906,78921948,42,"Small (30-50bp)",0.203,0.028054910620087,TRUE,0.158527649754609,0.147611189611334,FALSE
"ENSMUSG00000018411","Mapt","chr11",104189371,104190082,711,"Regular (>50bp)",-0.208,2.59888001530519e-13,TRUE,-0.582351802225787,1.36898396602447e-20,FALSE
"ENSMUSG00000018411","Mapt","chr11",104189323,104190082,759,"Regular (>50bp)",-0.237,0,TRUE,-0.582351802225787,1.36898396602447e-20,FALSE
"ENSMUSG00000018411","Mapt","chr11",104196037,104196235,198,"Regular (>50bp)",0.109,0,TRUE,-0.582351802225787,1.36898396602447e-20,FALSE
"ENSMUSG00000018411","Mapt","chr11",104185684,104185750,66,"Regular (>50bp)",0.143,3.9257019947339e-05,TRUE,-0.582351802225787,1.36898396602447e-20,FALSE
"ENSMUSG00000018428","Akap1","chr11",88734415,88734522,107,"Regular (>50bp)",-0.427,3.36830553172877e-06,TRUE,0.201725777038042,0.00115870784358171,FALSE
"ENSMUSG00000018537","Pcgf2","chr11",97590031,97590126,95,"Regular (>50bp)",-0.328,0.000699996299511696,TRUE,-0.0684116550455791,0.341419382118721,FALSE
"ENSMUSG00000018820","Zfyve27","chr19",42174058,42174079,21,"Microexon (0-30bp)",0.131,0.0409838238074037,TRUE,-0.0636402856855776,0.334004626063139,FALSE
"ENSMUSG00000018865","Sult4a1","chr15",83962969,83963098,129,"Regular (>50bp)",0.201,0,TRUE,0.36776374392914,1.08944241700167e-10,FALSE
"ENSMUSG00000018986","Slfn3","chr11",83084868,83085035,167,"Regular (>50bp)",-0.152,0.0274917979431201,TRUE,0.268883130048874,0.0101962207589951,FALSE
"ENSMUSG00000018999","Slc35b4","chr6",34149562,34149690,128,"Regular (>50bp)",-0.138,0.00102158121601864,TRUE,0.291469502789157,3.83261195605226e-06,FALSE
"ENSMUSG00000019732","Calr3","chr8",73181005,73181137,132,"Regular (>50bp)",0.128,0.0194428294906984,TRUE,-0.107971485727925,0.683547817531099,FALSE
"ENSMUSG00000020078","Vps26a","chr10",62305679,62305836,157,"Regular (>50bp)",-0.216,3.14349710969308e-05,TRUE,-0.388518499016764,1.64545887739115e-10,FALSE
"ENSMUSG00000020131","Pcsk4","chr10",80159316,80159434,118,"Regular (>50bp)",-0.313,0.0054059057236589,TRUE,-0.0568047253295389,0.736850359746418,FALSE
"ENSMUSG00000020131","Pcsk4","chr10",80159506,80159610,104,"Regular (>50bp)",0.157,0.000305532660300201,TRUE,-0.0568047253295389,0.736850359746418,FALSE
"ENSMUSG00000020151","Ptprr","chr10",116013622,116013733,111,"Regular (>50bp)",0.427,0.00195157682816876,TRUE,-0.39244147768681,0.136215560507963,FALSE
"ENSMUSG00000020166","Cnot2","chr10",116363731,116363854,123,"Regular (>50bp)",-0.465,1.09345910391415e-05,TRUE,-0.371728703335514,2.11268551841297e-09,FALSE
"ENSMUSG00000020166","Cnot2","chr10",116342945,116343093,148,"Regular (>50bp)",-0.146,0.00404923577228385,TRUE,-0.371728703335514,2.11268551841297e-09,FALSE
"ENSMUSG00000020166","Cnot2","chr10",116353221,116353288,67,"Regular (>50bp)",-0.219,5.00565407746177e-05,TRUE,-0.371728703335514,2.11268551841297e-09,FALSE
"ENSMUSG00000020166","Cnot2","chr10",116342945,116343093,148,"Regular (>50bp)",-0.176,5.07816002564625e-05,TRUE,-0.371728703335514,2.11268551841297e-09,FALSE
"ENSMUSG00000020166","Cnot2","chr10",116363731,116363854,123,"Regular (>50bp)",-0.112,0.0100692978462117,TRUE,-0.371728703335514,2.11268551841297e-09,FALSE
"ENSMUSG00000020198","Ap3d1","chr10",80545922,80546126,204,"Regular (>50bp)",-0.228,0,TRUE,0.489692840468166,2.66876434711966e-14,FALSE
"ENSMUSG00000020220","Vps13d","chr4",144830183,144830258,75,"Regular (>50bp)",0.21,0.0119748671403484,TRUE,-0.0438727504176283,0.560081272306538,FALSE
"ENSMUSG00000020231","Dip2a","chr10",76107209,76107239,30,"Microexon (0-30bp)",0.168,0.000735208041510314,TRUE,-0.299723740557702,2.56663604275096e-07,FALSE
"ENSMUSG00000020250","Txnrd1","chr10",82708771,82709109,338,"Regular (>50bp)",-0.218,0.0166968571772713,TRUE,-0.0888176440543354,0.19218983888447,FALSE
"ENSMUSG00000020284","Cfap410","chr10",77815586,77815885,299,"Regular (>50bp)",-0.317,6.65862699679625e-05,TRUE,0.379161125293708,0.000215029359526929,FALSE
"ENSMUSG00000020300","Cpeb4","chr11",31868800,31868824,24,"Microexon (0-30bp)",0.164,3.91008884983753e-05,TRUE,-0.490059589187167,1.47543754945523e-24,FALSE
"ENSMUSG00000020300","Cpeb4","chr11",31868800,31868824,24,"Microexon (0-30bp)",0.103,1.13081564246697e-05,TRUE,-0.490059589187167,1.47543754945523e-24,FALSE
"ENSMUSG00000020385","Clk4","chr11",51158991,51159058,67,"Regular (>50bp)",-0.113,0.0252500935304721,TRUE,-0.48700916532853,0.0028891711024836,FALSE
"ENSMUSG00000020385","Clk4","chr11",51158991,51159058,67,"Regular (>50bp)",-0.322,0.00486314751970413,TRUE,-0.48700916532853,0.0028891711024836,FALSE
"ENSMUSG00000020385","Clk4","chr11",51161363,51161422,59,"Regular (>50bp)",0.138,1.96680001714449e-06,TRUE,-0.48700916532853,0.0028891711024836,FALSE
"ENSMUSG00000020400","Tnip1","chr11",54831536,54831708,172,"Regular (>50bp)",-0.105,9.86385485281311e-05,TRUE,-0.0163201688291796,0.869911512428399,FALSE
"ENSMUSG00000020409","Slu7","chr11",43327180,43327259,79,"Regular (>50bp)",0.139,2.58850074362996e-06,TRUE,-0.0127451670248653,0.892767827923114,FALSE
"ENSMUSG00000020451","Limk2","chr11",3311782,3311825,43,"Small (30-50bp)",-0.127,0.00295924060295074,TRUE,0.0474055597027659,0.510961906793456,FALSE
"ENSMUSG00000020454","Eif4enif1","chr11",3183987,3184059,72,"Regular (>50bp)",0.102,0.00398410740864226,TRUE,0.154868270502378,0.0113774229823582,FALSE
"ENSMUSG00000020458","Rtn4","chr11",29656409,29658770,2361,"Regular (>50bp)",-0.197,1.92788115568587e-11,TRUE,-0.229874076587726,0.00043697707948614,FALSE
"ENSMUSG00000020527","Myo19","chr11",84788184,84788289,105,"Regular (>50bp)",-0.162,1.50386396388747e-05,TRUE,0.233647607407808,0.00332306656364746,FALSE
"ENSMUSG00000020646","Mboat2","chr12",24974197,24974293,96,"Regular (>50bp)",-0.22,0.0205790201384674,TRUE,-0.240655468314921,0.205892272747841,FALSE
"ENSMUSG00000020680","Taf15","chr11",83379750,83379871,121,"Regular (>50bp)",-0.286,0.0183158647410083,TRUE,0.13286310327796,0.179327806860068,FALSE
"ENSMUSG00000020717","Pecam1","chr11",106571857,106571911,54,"Regular (>50bp)",0.118,0.000884537230798935,TRUE,-0.642313595862202,5.81274533347456e-08,FALSE
"ENSMUSG00000020732","Rab37","chr11",115051263,115051340,77,"Regular (>50bp)",-0.178,0.000132455907333545,TRUE,0.336221141247984,0.340930679240472,FALSE
"ENSMUSG00000020792","Exoc7","chr11",116184100,116184139,39,"Small (30-50bp)",0.169,2.46650849294221e-07,TRUE,-0.121819522617264,0.0804024360125624,FALSE
"ENSMUSG00000020792","Exoc7","chr11",116188396,116188489,93,"Regular (>50bp)",0.21,2.59888001530519e-13,TRUE,-0.121819522617264,0.0804024360125624,FALSE
"ENSMUSG00000020859","Spag9","chr11",93970024,93970036,12,"Microexon (0-30bp)",0.196,0.00595332956613346,TRUE,-0.511768177760825,6.63125432517861e-18,FALSE
"ENSMUSG00000020863","Luc7l3","chr11",94183232,94183298,66,"Regular (>50bp)",-0.274,0.000948284233830729,TRUE,-0.614600215542265,0.0164959281399464,FALSE
"ENSMUSG00000020863","Luc7l3","chr11",94183219,94183298,79,"Regular (>50bp)",-0.265,0.000160819830638747,TRUE,-0.614600215542265,0.0164959281399464,FALSE
"ENSMUSG00000020883","Fbxl20","chr11",98006218,98006273,55,"Regular (>50bp)",0.01,0.871815380562693,FALSE,-1.01213317355788,1.44927268120621e-09,TRUE
"ENSMUSG00000020883","Fbxl20","chr11",97983938,97983983,45,"Small (30-50bp)",0.001,1,FALSE,-1.01213317355788,1.44927268120621e-09,TRUE
"ENSMUSG00000020883","Fbxl20","chr11",97989245,97989320,75,"Regular (>50bp)",-0.006,1,FALSE,-1.01213317355788,1.44927268120621e-09,TRUE
"ENSMUSG00000020883","Fbxl20","chr11",97981483,97981696,213,"Regular (>50bp)",0,1,FALSE,-1.01213317355788,1.44927268120621e-09,TRUE
"ENSMUSG00000020883","Fbxl20","chr11",97990808,97990935,127,"Regular (>50bp)",-0.002,1,FALSE,-1.01213317355788,1.44927268120621e-09,TRUE
"ENSMUSG00000021012","Zc3h14","chr12",98745366,98745526,160,"Regular (>50bp)",-0.101,0.00304385698648381,TRUE,-0.0993423476766465,0.126169941761071,FALSE
"ENSMUSG00000021033","Gstz1","chr12",87202246,87202343,97,"Regular (>50bp)",0.142,0.00103957699411304,TRUE,-0.0265075451400478,0.767453948060528,FALSE
"ENSMUSG00000021068","Nin","chr12",70069054,70069115,61,"Regular (>50bp)",0.325,0.00324169310056829,TRUE,0.0193151957430739,0.861852121895819,FALSE
"ENSMUSG00000021068","Nin","chr12",70069054,70069115,61,"Regular (>50bp)",0.263,0.0102616576979792,TRUE,0.0193151957430739,0.861852121895819,FALSE
"ENSMUSG00000021071","Trim9","chr12",70301811,70302000,189,"Regular (>50bp)",0.124,0.0198005613735602,TRUE,-0.155368069512864,0.022554312783283,FALSE
"ENSMUSG00000021071","Trim9","chr12",70314007,70314040,33,"Small (30-50bp)",0.201,5.72525237947919e-05,TRUE,-0.155368069512864,0.022554312783283,FALSE
"ENSMUSG00000021103","Mnat1","chr12",73225978,73226082,104,"Regular (>50bp)",-0.315,1.90574496674557e-05,TRUE,-0.0462354338652637,0.606611441695369,FALSE
"ENSMUSG00000021103","Mnat1","chr12",73217367,73217441,74,"Regular (>50bp)",0.657,2.35822195569196e-06,TRUE,-0.0462354338652637,0.606611441695369,FALSE
"ENSMUSG00000021198","Unc79","chr12",103016153,103016182,29,"Microexon (0-30bp)",0.285,5.84596770543621e-05,TRUE,0.0751409741117861,0.220024642912773,FALSE
"ENSMUSG00000021268","Meg3","chr12",109515725,109515806,81,"Regular (>50bp)",-0.232,0.0279414616501824,TRUE,-0.970742758835372,3.37114643187664e-14,FALSE
"ENSMUSG00000021268","Meg3","chr12",109515913,109515987,74,"Regular (>50bp)",0.267,5.49785788679113e-07,TRUE,-0.970742758835372,3.37114643187664e-14,FALSE
"ENSMUSG00000021268","Meg3","chr12",109515913,109516014,101,"Regular (>50bp)",0.553,4.13673457622211e-08,TRUE,-0.970742758835372,3.37114643187664e-14,FALSE
"ENSMUSG00000021276","Cinp","chr12",110843656,110843806,150,"Regular (>50bp)",-0.331,0.00548380560396285,TRUE,0.221768126520291,0.00111540812328406,FALSE
"ENSMUSG00000021288","Klc1","chr12",111760082,111760133,51,"Regular (>50bp)",0.104,3.23366448185663e-05,TRUE,-0.151796982963145,0.00130739247642167,FALSE
"ENSMUSG00000021288","Klc1","chr12",111760082,111760133,51,"Regular (>50bp)",0.126,4.04143840633022e-06,TRUE,-0.151796982963145,0.00130739247642167,FALSE
"ENSMUSG00000021375","Kif13a","chr13",47018294,47018307,13,"Microexon (0-30bp)",0.115,0.0476513745860557,TRUE,0.0370645810814391,0.683439844479799,FALSE
"ENSMUSG00000021413","Prpf4b","chr13",35083297,35083438,141,"Regular (>50bp)",-0.234,2.53480687567769e-10,TRUE,-0.558238132162808,0.000726051878701007,FALSE
"ENSMUSG00000021427","Ssr1","chr13",38167070,38167085,15,"Microexon (0-30bp)",0.156,2.10734500767394e-08,TRUE,-0.273715421874103,0.0008926444804362,FALSE
"ENSMUSG00000021432","Slc35b3","chr13",39128475,39128630,155,"Regular (>50bp)",-0.124,0.00343920122050433,TRUE,-0.0482117605733969,0.731120033389412,FALSE
"ENSMUSG00000021461","Fancc","chr13",63508009,63508074,65,"Regular (>50bp)",-0.193,0.00334844557462196,TRUE,0.219219933116328,0.159563994949361,FALSE
"ENSMUSG00000021482","Prxl2c","chr13",64445068,64445200,132,"Regular (>50bp)",-0.009,0.995834717172407,FALSE,1.0030245231008,1.89060738846439e-10,TRUE
"ENSMUSG00000021482","Prxl2c","chr13",64456906,64456960,54,"Regular (>50bp)",0.017,1,FALSE,1.0030245231008,1.89060738846439e-10,TRUE
"ENSMUSG00000021482","Prxl2c","chr13",64445068,64445200,132,"Regular (>50bp)",0.127,0.00371690750469796,TRUE,1.0030245231008,1.89060738846439e-10,TRUE
"ENSMUSG00000021482","Prxl2c","chr13",64460080,64460149,69,"Regular (>50bp)",-0.001,1,FALSE,1.0030245231008,1.89060738846439e-10,TRUE
"ENSMUSG00000021495","Fam193b","chr13",55712332,55712393,61,"Regular (>50bp)",-0.11,0.0136010293468498,TRUE,-0.663604743119148,1.32663542145584e-10,FALSE
"ENSMUSG00000021548","Ccnh","chr13",85345469,85345680,211,"Regular (>50bp)",-0.285,4.13441358054042e-05,TRUE,-0.00294991395304125,0.977381898547614,FALSE
"ENSMUSG00000021557","Agtpbp1","chr13",59665466,59665504,38,"Small (30-50bp)",0.119,5.21793667820254e-06,TRUE,-0.087967055143908,0.153584620351968,FALSE
"ENSMUSG00000021686","Ap3b1","chr13",94680491,94680530,39,"Small (30-50bp)",0.15,0,TRUE,-0.149165481334231,0.0298127371562376,FALSE
"ENSMUSG00000021693","Kif2a","chr13",107106211,107106325,114,"Regular (>50bp)",-0.145,3.44348512967576e-06,TRUE,-0.145235046754752,0.00441423376542314,FALSE
"ENSMUSG00000021709","Erbin","chr13",104022648,104022846,198,"Regular (>50bp)",-0.455,5.1330431071284e-06,TRUE,-0.506900044662102,1.38576638385934e-08,FALSE
"ENSMUSG00000021709","Erbin","chr13",103966695,103966839,144,"Regular (>50bp)",-0.157,3.67696787739001e-08,TRUE,-0.506900044662102,1.38576638385934e-08,FALSE
"ENSMUSG00000021747","Cfap20dc","chr14",13987152,13987356,204,"Regular (>50bp)",-0.108,0.0129491592471805,TRUE,0.27527366373303,0.148844738555463,FALSE
"ENSMUSG00000021782","Dlg5","chr14",24252365,24252434,69,"Regular (>50bp)",0.159,0.00869172600910798,TRUE,0.0545701013709601,0.44257027990357,FALSE
"ENSMUSG00000021809","Nudt13","chr14",20345155,20345334,179,"Regular (>50bp)",-0.134,0.0201058170975216,TRUE,-0.488612504353376,4.20644014322013e-07,FALSE
"ENSMUSG00000021820","Camk2g","chr14",20795859,20795928,69,"Regular (>50bp)",0.148,0.0389012429569655,TRUE,-0.239292333283314,0.000672751424710024,FALSE
"ENSMUSG00000021820","Camk2g","chr14",20791445,20791559,114,"Regular (>50bp)",0.135,5.2875225611611e-06,TRUE,-0.239292333283314,0.000672751424710024,FALSE
"ENSMUSG00000021832","Psmc6","chr14",45567822,45567978,156,"Regular (>50bp)",-0.2,0.0355883330525339,TRUE,-0.437088789194987,6.04619714190565e-06,FALSE
"ENSMUSG00000021838","Samd4","chr14",47290306,47290570,264,"Regular (>50bp)",-0.15,0.0145516858827349,TRUE,-0.283616566575211,0.000692572780092981,FALSE
"ENSMUSG00000021843","Ktn1","chr14",47963385,47963457,72,"Regular (>50bp)",-0.143,7.46915729597831e-08,TRUE,-0.635849242330206,0.000222641880593524,FALSE
"ENSMUSG00000021895","Arhgef3","chr14",26865949,26866087,138,"Regular (>50bp)",-0.238,1.00228474147005e-05,TRUE,0.142213830640141,0.0980390217883338,FALSE
"ENSMUSG00000021902","Phf7","chr14",30961076,30961193,117,"Regular (>50bp)",0.114,0.0166968571772713,TRUE,0.485796335544954,1.17924094278955e-06,FALSE
"ENSMUSG00000021903","Galnt15","chr14",31765045,31765250,205,"Regular (>50bp)",-0.171,0.00382594075526214,TRUE,-0.290380520204312,0.0247996364235633,FALSE
"ENSMUSG00000021969","Zdhhc20","chr14",58087601,58087637,36,"Small (30-50bp)",0.196,6.6172500227135e-08,TRUE,-0.360299474960939,2.87162536509355e-05,FALSE
"ENSMUSG00000021972","Hmbox1","chr14",65062747,65062819,72,"Regular (>50bp)",-0.127,0.00797309893298637,TRUE,-0.0669084788259405,0.293933290141607,FALSE
"ENSMUSG00000022099","Dmtn","chr14",70842736,70842802,66,"Regular (>50bp)",-0.117,0.0239082351189277,TRUE,0.000730728264495024,0.995718263942191,FALSE
"ENSMUSG00000022139","Mbnl2","chr14",120640747,120640783,36,"Small (30-50bp)",0.113,0.00276681893539065,TRUE,-0.537381467609974,2.27645156184716e-15,FALSE
"ENSMUSG00000022139","Mbnl2","chr14",120640747,120640783,36,"Small (30-50bp)",0.145,2.06151569147105e-05,TRUE,-0.537381467609974,2.27645156184716e-15,FALSE
"ENSMUSG00000022228","Zscan26","chr13",21633443,21633503,60,"Regular (>50bp)",-0.195,0.00098798154981665,TRUE,-0.0761226021769324,0.475867432601682,FALSE
"ENSMUSG00000022307","Oxr1","chr15",41712065,41712146,81,"Regular (>50bp)",0.246,0.0046610905054062,TRUE,-0.394073148214453,3.65487758831801e-06,FALSE
"ENSMUSG00000022329","Stk3","chr15",35115083,35115104,21,"Microexon (0-30bp)",0.135,2.32344502416303e-10,TRUE,-0.555192460153627,9.4839446984466e-12,FALSE
"ENSMUSG00000022353","Mtss1","chr15",58819174,58819369,195,"Regular (>50bp)",0.177,7.8969694359759e-10,TRUE,-0.339298968969082,9.43633195699217e-11,FALSE
"ENSMUSG00000022359","Wdyhv1","chr15",58015992,58016141,149,"Regular (>50bp)",0.11,1.94679704461023e-06,TRUE,-0.228761834051492,0.0103569194776982,FALSE
"ENSMUSG00000022378","Cyrib","chr15",63829433,63829516,83,"Regular (>50bp)",0.128,0.0123131385382555,TRUE,-0.239304181516405,1.05361389432479e-05,FALSE
"ENSMUSG00000022386","Trmu","chr15",85778378,85778484,106,"Regular (>50bp)",-0.163,0.0119748671403484,TRUE,0.217765651213252,0.0175933841510048,FALSE
"ENSMUSG00000022420","Dnal4","chr15",79649987,79650054,67,"Regular (>50bp)",0.119,0.023789401793687,TRUE,0.391350720367505,4.06194352161592e-07,FALSE
"ENSMUSG00000022453","Naga","chr15",82220970,82221142,172,"Regular (>50bp)",-0.102,0.00049839050576834,TRUE,-0.31352256543395,0.000305165120993059,FALSE
"ENSMUSG00000022487","Gtsf1","chr15",103338603,103338684,81,"Regular (>50bp)",-0.166,0.0171446500513668,TRUE,0.499781940871243,0.24818881571219,FALSE
"ENSMUSG00000022498","Txndc11","chr16",10911679,10911792,113,"Regular (>50bp)",0.108,0.0371320194437014,TRUE,-0.0673298585697338,0.529394386239457,FALSE
"ENSMUSG00000022517","Mgrn1","chr16",4752058,4752103,45,"Small (30-50bp)",0.14,0.0280652123426945,TRUE,0.0176827058491468,0.839063601344001,FALSE
"ENSMUSG00000022558","Mroh1","chr15",76274230,76274327,97,"Regular (>50bp)",0.247,0.000517048117576222,TRUE,-0.654394104229965,5.23422995112802e-27,FALSE
"ENSMUSG00000022565","Plec","chr15",76078165,76078201,36,"Small (30-50bp)",0.101,0,TRUE,-0.0351416127442671,0.63168366897533,FALSE
"ENSMUSG00000022568","Scrib","chr15",75921305,75921389,84,"Regular (>50bp)",-0.132,2.11757429750358e-07,TRUE,0.136458303809294,0.00832320333352173,FALSE
"ENSMUSG00000022574","Naprt","chr15",75763811,75763896,85,"Regular (>50bp)",-0.293,0.000828688010449298,TRUE,0.642332510452415,0.0314263646384004,FALSE
"ENSMUSG00000022604","Cep97","chr16",55742433,55742600,167,"Regular (>50bp)",0.111,0.000564267718258756,TRUE,-0.518541289453612,2.3793472136885e-11,FALSE
"ENSMUSG00000022607","Ptk2","chr15",73236889,73237044,155,"Regular (>50bp)",-0.277,1.82144288951477e-05,TRUE,0.0279392778371119,0.729809445895436,FALSE
"ENSMUSG00000022607","Ptk2","chr15",73236889,73237044,155,"Regular (>50bp)",-0.161,0.0209261309066298,TRUE,0.0279392778371119,0.729809445895436,FALSE
"ENSMUSG00000022623","Shank3","chr15",89422217,89422241,24,"Microexon (0-30bp)",0.129,0.00370443296087122,TRUE,0.266387601665843,0.110655886733055,FALSE
"ENSMUSG00000022635","Zcrb1","chr15",93293467,93293496,29,"Microexon (0-30bp)",-0.163,0.000759170680914049,TRUE,0.134531602646632,0.025581035048936,FALSE
"ENSMUSG00000022674","Ube2v2","chr16",15411554,15411622,68,"Regular (>50bp)",0.129,0.000152305644525748,TRUE,-0.330257925829189,0.0111631131643935,FALSE
"ENSMUSG00000022701","Ccdc191","chr16",43712515,43712554,39,"Small (30-50bp)",0.186,7.85526742502879e-05,TRUE,-0.183847566386177,0.0491566097545897,FALSE
"ENSMUSG00000022708","Zbtb20","chr16",43397392,43397556,164,"Regular (>50bp)",0.153,0.046650471185008,TRUE,-0.605171525961965,1.10888570260417e-08,FALSE
"ENSMUSG00000022708","Zbtb20","chr16",43013827,43013901,74,"Regular (>50bp)",0.351,0.0249316195848359,TRUE,-0.605171525961965,1.10888570260417e-08,FALSE
"ENSMUSG00000022770","Dlg1","chr16",31673470,31673506,36,"Small (30-50bp)",0.139,8.81268485011539e-07,TRUE,-0.17036459590436,0.00303211249775945,FALSE
"ENSMUSG00000022770","Dlg1","chr16",31673485,31673506,21,"Microexon (0-30bp)",-0.104,0.0218207418493108,TRUE,-0.17036459590436,0.00303211249775945,FALSE
"ENSMUSG00000022791","Tnk2","chr16",32499723,32499813,90,"Regular (>50bp)",-0.106,4.2247188603458e-07,TRUE,0.150183106760203,0.0169497598649688,FALSE
"ENSMUSG00000022801","Lrch3","chr16",32829558,32829806,248,"Regular (>50bp)",0.182,4.92003807411608e-07,TRUE,-0.206548071433237,0.00238311945304714,FALSE
"ENSMUSG00000022837","Iqcb1","chr16",36649365,36649435,70,"Regular (>50bp)",-0.139,3.15878867673424e-05,TRUE,-0.467674228788784,3.26290491901001e-10,FALSE
"ENSMUSG00000022838","Eaf2","chr16",36630833,36630970,137,"Regular (>50bp)",-0.184,0.012521616887176,TRUE,-0.497740916732816,0.253973288692178,FALSE
"ENSMUSG00000022838","Eaf2","chr16",36645019,36645114,95,"Regular (>50bp)",-0.257,0.000513778543465898,TRUE,-0.497740916732816,0.253973288692178,FALSE
"ENSMUSG00000022871","Fetub","chr16",22747824,22748059,235,"Regular (>50bp)",-0.102,0.000884537230798935,TRUE,0.371816989135995,0.0333297179738671,FALSE
"ENSMUSG00000022890","Atp5j","chr16",84630707,84630762,55,"Regular (>50bp)",-0.108,0.00379255662986247,TRUE,-0.0721662303537635,0.465139185655261,FALSE
"ENSMUSG00000022948","Setd4","chr16",93387761,93388191,430,"Regular (>50bp)",0.209,0.000896301480330683,TRUE,-0.13702922370395,0.126399366551447,FALSE
"ENSMUSG00000022948","Setd4","chr16",93387143,93388191,1048,"Regular (>50bp)",-0.186,0.0173250062120832,TRUE,-0.13702922370395,0.126399366551447,FALSE
"ENSMUSG00000022948","Setd4","chr16",93390134,93390220,86,"Regular (>50bp)",0.142,0.000212681288948456,TRUE,-0.13702922370395,0.126399366551447,FALSE
"ENSMUSG00000022973","Synj1","chr16",90743902,90743941,39,"Small (30-50bp)",0.204,3.69833523303806e-07,TRUE,-0.26844092431191,3.28274603568021e-07,FALSE
"ENSMUSG00000022973","Synj1","chr16",90744953,90745001,48,"Small (30-50bp)",0.254,1.25703508435077e-06,TRUE,-0.26844092431191,3.28274603568021e-07,FALSE
"ENSMUSG00000022973","Synj1","chr16",90746586,90746625,39,"Small (30-50bp)",0.218,0.00997582977773716,TRUE,-0.26844092431191,3.28274603568021e-07,FALSE
"ENSMUSG00000022992","Kansl2","chr15",98429203,98429318,115,"Regular (>50bp)",-0.107,0.000307856986827618,TRUE,0.172714225351789,0.0035030195171426,FALSE
"ENSMUSG00000023008","Fmnl3","chr15",99226974,99227057,83,"Regular (>50bp)",-0.157,0.00281721077343178,TRUE,0.173357474746679,0.00881297080612663,FALSE
"ENSMUSG00000023015","Racgap1","chr15",99541273,99541404,131,"Regular (>50bp)",-0.147,1.11848013901345e-10,TRUE,-0.625272084742693,1.55090757396602e-11,FALSE
"ENSMUSG00000023044","Csad","chr15",102086961,102087051,90,"Regular (>50bp)",-0.112,0.00536438412659678,TRUE,-0.195995789071735,0.0643685398502145,FALSE
"ENSMUSG00000023051","Tarbp2","chr15",102428909,102429012,103,"Regular (>50bp)",-0.142,0.0347496144419432,TRUE,0.102041488935401,0.156869141005059,FALSE
"ENSMUSG00000023072","Cep89","chr7",35129339,35129536,197,"Regular (>50bp)",-0.129,9.25568938539902e-06,TRUE,0.226522666177235,0.00253519046611303,FALSE
"ENSMUSG00000023206","Il15ra","chr2",11728223,11728421,198,"Regular (>50bp)",-0.13,0.0454494029337421,TRUE,-0.0680791243350635,0.75198994370348,FALSE
"ENSMUSG00000023206","Il15ra","chr2",11724823,11724916,93,"Regular (>50bp)",0.171,0.00151749163936785,TRUE,-0.0680791243350635,0.75198994370348,FALSE
"ENSMUSG00000023206","Il15ra","chr2",11728223,11728421,198,"Regular (>50bp)",0.26,0.000323814026939444,TRUE,-0.0680791243350635,0.75198994370348,FALSE
"ENSMUSG00000023341","Mx2","chr16",97347524,97347679,155,"Regular (>50bp)",-0.07,0.391436785272744,FALSE,-1.4027051476572,5.38614233821037e-45,TRUE
"ENSMUSG00000023953","Polh","chr17",46505127,46505342,215,"Regular (>50bp)",-0.176,8.32944792351792e-09,TRUE,-0.128956162296578,0.0985548939133058,FALSE
"ENSMUSG00000023977","Ubr2","chr17",47291245,47291344,99,"Regular (>50bp)",-0.15,1.30441165076963e-05,TRUE,-0.347101431883524,4.51856879686154e-15,FALSE
"ENSMUSG00000024044","Epb41l3","chr17",69590879,69591002,123,"Regular (>50bp)",0.204,0,TRUE,-0.203636042575575,0.000119707614523926,FALSE
"ENSMUSG00000024044","Epb41l3","chr17",69581095,69581161,66,"Regular (>50bp)",0.159,6.98022358218519e-05,TRUE,-0.203636042575575,0.000119707614523926,FALSE
"ENSMUSG00000024050","Wiz","chr17",32581766,32581937,171,"Regular (>50bp)",-0.17,0.00333909935749162,TRUE,0.0363696138292504,0.665236624115199,FALSE
"ENSMUSG00000024073","Birc6","chr17",74901316,74901448,132,"Regular (>50bp)",-0.125,0.000266979244688921,TRUE,-0.259640516082068,3.1998710891825e-05,FALSE
"ENSMUSG00000024150","Mcfd2","chr17",87571568,87571793,225,"Regular (>50bp)",-0.284,0.026485511386097,TRUE,0.10487829423113,0.0920885907966594,FALSE
"ENSMUSG00000024163","Mapk8ip3","chr17",25127384,25127402,18,"Microexon (0-30bp)",0.149,0,TRUE,0.159700082788322,0.0052218730080475,FALSE
"ENSMUSG00000024238","Zeb1","chr18",5633203,5633357,154,"Regular (>50bp)",0.273,0.000989570895247771,TRUE,-0.22682910975509,1.54239651807588e-05,FALSE
"ENSMUSG00000024273","2700062C07Rik","chr18",24604118,24604141,23,"Microexon (0-30bp)",-0.102,0.0216985677542389,TRUE,0.263215319505849,0.00189539512771898,FALSE
"ENSMUSG00000024293","Esco1","chr18",10595675,10595875,200,"Regular (>50bp)",-0.129,6.10806624409645e-06,TRUE,-0.457888454051029,0.0379413601257598,FALSE
"ENSMUSG00000024293","Esco1","chr18",10593745,10595875,2130,"Regular (>50bp)",-0.102,5.36401155092723e-06,TRUE,-0.457888454051029,0.0379413601257598,FALSE
"ENSMUSG00000024301","Kifc5b","chr17",27140780,27140834,54,"Regular (>50bp)",0.121,0.000577802774270436,TRUE,0.477819558727989,2.17512457591848e-12,FALSE
"ENSMUSG00000024330","Col11a2","chr17",34266071,34266251,180,"Regular (>50bp)",0.376,0.0320156405195758,TRUE,0.260633986227296,0.169741070320675,FALSE
"ENSMUSG00000024330","Col11a2","chr17",34266071,34266251,180,"Regular (>50bp)",0.419,0.00174814917999036,TRUE,0.260633986227296,0.169741070320675,FALSE
"ENSMUSG00000024330","Col11a2","chr17",34264744,34264822,78,"Regular (>50bp)",0.215,0.00102158121601864,TRUE,0.260633986227296,0.169741070320675,FALSE
"ENSMUSG00000024357","Sil1","chr18",35626197,35626286,89,"Regular (>50bp)",-0.151,0.00834411818933639,TRUE,-0.485302274516547,2.39933443434822e-10,FALSE
"ENSMUSG00000024381","Bin1","chr18",32562752,32562776,24,"Microexon (0-30bp)",0.158,0.00216435526037455,TRUE,-0.249358347385359,1.59628758345298e-05,FALSE
"ENSMUSG00000024381","Bin1","chr18",32562752,32562776,24,"Microexon (0-30bp)",0.14,0.0132226098273639,TRUE,-0.249358347385359,1.59628758345298e-05,FALSE
"ENSMUSG00000024462","Gabbr1","chr17",37360544,37360689,145,"Regular (>50bp)",0.359,5.08214924689418e-11,TRUE,-0.427223674439677,5.26675699231293e-13,FALSE
"ENSMUSG00000024480","Ap3s1","chr18",46916825,46916866,41,"Small (30-50bp)",-0.757,0.000578400887225834,TRUE,-0.258667341607938,3.25075628992118e-05,FALSE
"ENSMUSG00000024485","Slc4a9","chr18",36662739,36662789,50,"Small (30-50bp)",0.264,0.000194381456300803,TRUE,-0.32110261621032,0.437294251902689,FALSE
"ENSMUSG00000024603","Dctn4","chr18",60678428,60678449,21,"Microexon (0-30bp)",0.164,2.36488905850054e-07,TRUE,-0.199472672091326,0.00187504112496527,FALSE
"ENSMUSG00000024663","Rab3il1","chr19",10005648,10005867,219,"Regular (>50bp)",0.181,0.0223369181215424,TRUE,-0.145224332633233,0.619905316691346,FALSE
"ENSMUSG00000024726","Carnmt1","chr19",18667593,18667734,141,"Regular (>50bp)",0.219,0.00683387935973327,TRUE,-0.173416757256033,0.067161664565764,FALSE
"ENSMUSG00000024726","Carnmt1","chr19",18671012,18671126,114,"Regular (>50bp)",-0.187,0.000450270231708783,TRUE,-0.173416757256033,0.067161664565764,FALSE
"ENSMUSG00000024887","Asah2","chr19",31969401,31969490,89,"Regular (>50bp)",-0.214,5.9518981425696e-06,TRUE,-0.639128901982678,3.26084341898909e-16,FALSE
"ENSMUSG00000024887","Asah2","chr19",31972741,31972801,60,"Regular (>50bp)",-0.146,7.62967498533368e-05,TRUE,-0.639128901982678,3.26084341898909e-16,FALSE
"ENSMUSG00000024908","Ppp6r3","chr19",3509746,3509764,18,"Microexon (0-30bp)",0.211,0,TRUE,-0.229450970122438,7.32301006961182e-06,FALSE
"ENSMUSG00000024921","Smarca2","chr19",26727251,26727347,96,"Regular (>50bp)",-0.161,0.0188214138995908,TRUE,-0.443448904200904,7.32365413766842e-14,FALSE
"ENSMUSG00000024921","Smarca2","chr19",26727251,26727347,96,"Regular (>50bp)",0.155,0.000475827687232523,TRUE,-0.443448904200904,7.32365413766842e-14,FALSE
"ENSMUSG00000024921","Smarca2","chr19",26737277,26737331,54,"Regular (>50bp)",-0.104,0.00063517275812959,TRUE,-0.443448904200904,7.32365413766842e-14,FALSE
"ENSMUSG00000024969","Mark2","chr19",7318532,7318619,87,"Regular (>50bp)",0.155,4.91683066458666e-05,TRUE,0.263109392956224,0.000348877212504133,FALSE
"ENSMUSG00000024983","Vti1a","chr19",55375620,55375641,21,"Microexon (0-30bp)",0.293,0.0119092933064956,TRUE,0.447938788459576,1.69731797360318e-09,FALSE
"ENSMUSG00000024983","Vti1a","chr19",55375620,55375641,21,"Microexon (0-30bp)",0.135,0.0167201831173847,TRUE,0.447938788459576,1.69731797360318e-09,FALSE
"ENSMUSG00000025006","Sorbs1","chr19",40329128,40329194,66,"Regular (>50bp)",0.184,0.00212376547718423,TRUE,-0.39227196983999,6.02517892946862e-08,FALSE
"ENSMUSG00000025006","Sorbs1","chr19",40332799,40332883,84,"Regular (>50bp)",-0.201,0.0250455332194039,TRUE,-0.39227196983999,6.02517892946862e-08,FALSE
"ENSMUSG00000025006","Sorbs1","chr19",40371199,40371226,27,"Microexon (0-30bp)",0.149,0.0343502534780225,TRUE,-0.39227196983999,6.02517892946862e-08,FALSE
"ENSMUSG00000025006","Sorbs1","chr19",40365088,40365247,159,"Regular (>50bp)",0.126,0.000149434302068747,TRUE,-0.39227196983999,6.02517892946862e-08,FALSE
"ENSMUSG00000025006","Sorbs1","chr19",40288686,40288746,60,"Regular (>50bp)",0.28,3.82068214758142e-08,TRUE,-0.39227196983999,6.02517892946862e-08,FALSE
"ENSMUSG00000025019","Lcor","chr19",41516999,41517079,80,"Regular (>50bp)",0.214,0.00218961741970944,TRUE,-0.314508908940695,1.25870196890156e-06,FALSE
"ENSMUSG00000025019","Lcor","chr19",41534313,41534446,133,"Regular (>50bp)",-0.29,0.0138392517594589,TRUE,-0.314508908940695,1.25870196890156e-06,FALSE
"ENSMUSG00000025094","Slc18a2","chr19",59249752,59249885,133,"Regular (>50bp)",-0.005,0.575312795100284,FALSE,-1.0808196370282,2.13615758990905e-25,TRUE
"ENSMUSG00000025094","Slc18a2","chr19",59275733,59275867,134,"Regular (>50bp)",0,1,FALSE,-1.0808196370282,2.13615758990905e-25,TRUE
"ENSMUSG00000025094","Slc18a2","chr19",59261646,59261730,84,"Regular (>50bp)",0,1,FALSE,-1.0808196370282,2.13615758990905e-25,TRUE
"ENSMUSG00000025094","Slc18a2","chr19",59275480,59275600,120,"Regular (>50bp)",0.004,1,FALSE,-1.0808196370282,2.13615758990905e-25,TRUE
"ENSMUSG00000025094","Slc18a2","chr19",59262925,59262969,44,"Small (30-50bp)",-0.002,1,FALSE,-1.0808196370282,2.13615758990905e-25,TRUE
"ENSMUSG00000025094","Slc18a2","chr19",59262745,59262835,90,"Regular (>50bp)",0.006,1,FALSE,-1.0808196370282,2.13615758990905e-25,TRUE
"ENSMUSG00000025094","Slc18a2","chr19",59261646,59261730,84,"Regular (>50bp)",-0.008,1,FALSE,-1.0808196370282,2.13615758990905e-25,TRUE
"ENSMUSG00000025094","Slc18a2","chr19",59261313,59261372,59,"Regular (>50bp)",-0.006,1,FALSE,-1.0808196370282,2.13615758990905e-25,TRUE
"ENSMUSG00000025094","Slc18a2","chr19",59261962,59262055,93,"Regular (>50bp)",0.002,1,FALSE,-1.0808196370282,2.13615758990905e-25,TRUE
"ENSMUSG00000025094","Slc18a2","chr19",59261962,59262055,93,"Regular (>50bp)",-0.001,1,FALSE,-1.0808196370282,2.13615758990905e-25,TRUE
"ENSMUSG00000025094","Slc18a2","chr19",59262925,59262969,44,"Small (30-50bp)",0.007,1,FALSE,-1.0808196370282,2.13615758990905e-25,TRUE
"ENSMUSG00000025094","Slc18a2","chr19",59262745,59262835,90,"Regular (>50bp)",-0.005,1,FALSE,-1.0808196370282,2.13615758990905e-25,TRUE
"ENSMUSG00000025094","Slc18a2","chr19",59272530,59272609,79,"Regular (>50bp)",0.001,1,FALSE,-1.0808196370282,2.13615758990905e-25,TRUE
"ENSMUSG00000025137","Pcyt2","chr11",120503671,120503909,238,"Regular (>50bp)",-0.138,3.88207186786632e-06,TRUE,-0.671680415063389,1.18986956210607e-15,FALSE
"ENSMUSG00000025138","Sirt7","chr11",120509974,120510116,142,"Regular (>50bp)",-0.197,5.80152882256624e-11,TRUE,0.0841151436532497,0.283835074625287,FALSE
"ENSMUSG00000025138","Sirt7","chr11",120509974,120510116,142,"Regular (>50bp)",-0.221,7.33897502342802e-06,TRUE,0.0841151436532497,0.283835074625287,FALSE
"ENSMUSG00000025161","Slc16a3","chr11",120844999,120845094,95,"Regular (>50bp)",0.118,2.28682319126952e-06,TRUE,0.246045016034134,0.000241316057725187,FALSE
"ENSMUSG00000025165","Sectm1a","chr11",120959860,120959914,54,"Regular (>50bp)",0.276,3.3470602441056e-05,TRUE,0.263913533875145,0.266808251793415,FALSE
"ENSMUSG00000025217","Btrc","chr19",45394983,45395025,42,"Small (30-50bp)",0.152,0.000812282191415622,TRUE,-0.0300321779299362,0.717392008829175,FALSE
"ENSMUSG00000025217","Btrc","chr19",45394983,45395025,42,"Small (30-50bp)",-0.275,6.97195304985411e-06,TRUE,-0.0300321779299362,0.717392008829175,FALSE
"ENSMUSG00000025261","Huwe1","chrX",150587441,150587536,95,"Regular (>50bp)",-0.208,0.0301232350321887,TRUE,-0.190565244322397,0.000666669908745706,FALSE
"ENSMUSG00000025404","R3hdm2","chr10",127317561,127317663,102,"Regular (>50bp)",0.148,0.0118247305038172,TRUE,-0.0630553462450938,0.48423856086946,FALSE
"ENSMUSG00000025404","R3hdm2","chr10",127317561,127317663,102,"Regular (>50bp)",0.177,0,TRUE,-0.0630553462450938,0.48423856086946,FALSE
"ENSMUSG00000025404","R3hdm2","chr10",127317561,127317624,63,"Regular (>50bp)",0.107,0,TRUE,-0.0630553462450938,0.48423856086946,FALSE
"ENSMUSG00000025420","Katnal2","chr18",77099685,77099800,115,"Regular (>50bp)",0.151,0.0186055058252705,TRUE,-0.0778868781247232,0.473524823743771,FALSE
"ENSMUSG00000025432","Avil","chr10",126852178,126852367,189,"Regular (>50bp)",-0.013,1,FALSE,1.97978578494012,5.64361444595548e-12,TRUE
"ENSMUSG00000025432","Avil","chr10",126838873,126839017,144,"Regular (>50bp)",-0.056,1,FALSE,1.97978578494012,5.64361444595548e-12,TRUE
"ENSMUSG00000025464","Paox","chr7",139707420,139707620,200,"Regular (>50bp)",-0.104,0.000196788169873013,TRUE,-0.0328917900679942,0.77354730329708,FALSE
"ENSMUSG00000025485","Ric8a","chr7",140437894,140438185,291,"Regular (>50bp)",-0.42,0.00127786254016389,TRUE,0.427332912706331,1.48294696531105e-10,FALSE
"ENSMUSG00000025558","Dock9","chr14",121797336,121797372,36,"Small (30-50bp)",0.19,0.0101146356328822,TRUE,-0.445489155720784,1.10309873607529e-11,FALSE
"ENSMUSG00000025728","Pigq","chr17",26153067,26153247,180,"Regular (>50bp)",-0.281,0.0364954119179782,TRUE,0.103412019313874,0.145370360071679,FALSE
"ENSMUSG00000025746","Il6","chr5",30219829,30219943,114,"Regular (>50bp)",0.014,1,FALSE,1.41280646408252,4.11216685882987e-06,TRUE
"ENSMUSG00000025762","Larp1b","chr3",40916603,40916663,60,"Regular (>50bp)",0.113,9.02202035659034e-10,TRUE,-0.0234814756573475,0.810706276602971,FALSE
"ENSMUSG00000025816","Sec61a2","chr2",5881651,5881812,161,"Regular (>50bp)",0.101,0.03498916745618,TRUE,-0.00917693779392503,0.908808138219949,FALSE
"ENSMUSG00000025816","Sec61a2","chr2",5887391,5887501,110,"Regular (>50bp)",-0.139,0.0273040553546727,TRUE,-0.00917693779392503,0.908808138219949,FALSE
"ENSMUSG00000025894","Aasdhppt","chr9",4303093,4303215,122,"Regular (>50bp)",-0.116,1.70612272794466e-09,TRUE,-0.353145563038691,5.08261240282801e-07,FALSE
"ENSMUSG00000025920","Stau2","chr1",16301226,16301315,89,"Regular (>50bp)",-0.106,0.00747971435750785,TRUE,0.18150789726528,0.0557773233421644,FALSE
"ENSMUSG00000025950","Idh1","chr1",65220786,65220857,71,"Regular (>50bp)",-0.307,0.0136083580405798,TRUE,-0.593058488294578,1.39971791289062e-12,FALSE
"ENSMUSG00000026029","Casp8","chr1",58843157,58843273,116,"Regular (>50bp)",0.101,0.0014980270218957,TRUE,-0.571815907037579,4.3915635080861e-08,FALSE
"ENSMUSG00000026074","Map4k4","chr1",40042922,40043147,225,"Regular (>50bp)",0.111,2.47459982056176e-06,TRUE,0.162657084886258,0.00774175299251666,FALSE
"ENSMUSG00000026082","Rev1","chr1",38147484,38147548,64,"Regular (>50bp)",-0.111,6.57950000471446e-05,TRUE,0.0338973903181419,0.690498590373446,FALSE
"ENSMUSG00000026096","Osgepl1","chr1",53360654,53360726,72,"Regular (>50bp)",-0.169,0.00482744095802014,TRUE,-0.00751889333583369,0.960134780539851,FALSE
"ENSMUSG00000026113","Inpp4a","chr1",37422419,37422452,33,"Small (30-50bp)",0.23,6.96191111593124e-08,TRUE,-0.402197585200893,1.75998460292284e-10,FALSE
"ENSMUSG00000026113","Inpp4a","chr1",37413355,37413370,15,"Microexon (0-30bp)",0.181,0.000806405267909375,TRUE,-0.402197585200893,1.75998460292284e-10,FALSE
"ENSMUSG00000026150","Mff","chr1",82723244,82723277,33,"Small (30-50bp)",0.146,0.00576373073023083,TRUE,-0.246615130227111,3.68951157130847e-05,FALSE
"ENSMUSG00000026179","Pnkd","chr1",74326250,74326367,117,"Regular (>50bp)",0.117,2.07566263647578e-07,TRUE,-0.0630917695557407,0.357356674915246,FALSE
"ENSMUSG00000026189","Pecr","chr1",72315324,72315490,166,"Regular (>50bp)",-0.124,0,TRUE,0.129602856131918,0.222679769119517,FALSE
"ENSMUSG00000026220","Slc16a14","chr1",84900574,84900718,144,"Regular (>50bp)",-0.005,1,FALSE,1.21631695658498,1.40706332673124e-16,TRUE
"ENSMUSG00000026276","Septin2","chr1",93407185,93407321,136,"Regular (>50bp)",-0.169,0.0418270079576347,TRUE,-0.801026166668946,1.14746179192202e-05,FALSE
"ENSMUSG00000026305","Lrrfip1","chr1",91040374,91040436,62,"Regular (>50bp)",0.013,1,FALSE,1.23507673725665,9.3019294347673e-16,TRUE
"ENSMUSG00000026305","Lrrfip1","chr1",91036301,91036394,93,"Regular (>50bp)",0.046,0.276643533084186,FALSE,1.23507673725665,9.3019294347673e-16,TRUE
"ENSMUSG00000026305","Lrrfip1","chr1",91030968,91031040,72,"Regular (>50bp)",-0.027,1,FALSE,1.23507673725665,9.3019294347673e-16,TRUE
"ENSMUSG00000026305","Lrrfip1","chr1",91038076,91038169,93,"Regular (>50bp)",0.116,0.830324845154717,FALSE,1.23507673725665,9.3019294347673e-16,TRUE
"ENSMUSG00000026313","Hdac4","chr1",92019453,92019540,87,"Regular (>50bp)",-0.211,0.00309807723083696,TRUE,0.365398614654803,0.000296120303541511,FALSE
"ENSMUSG00000026388","3110009E18Rik","chr1",120092494,120092612,118,"Regular (>50bp)",-0.105,0.0185740824326234,TRUE,-0.445373969290074,0.00621730243478226,FALSE
"ENSMUSG00000026490","Cdc42bpa","chr1",179946300,179946348,48,"Small (30-50bp)",0.18,1.18301469469446e-06,TRUE,-0.181979548271297,0.000398888485398721,FALSE
"ENSMUSG00000026527","Rgs7","chr1",174903582,174903663,81,"Regular (>50bp)",-0.187,0.00596161908602796,TRUE,-0.125764463919743,0.0699690851629938,FALSE
"ENSMUSG00000026527","Rgs7","chr1",174904389,174904443,54,"Regular (>50bp)",0.194,0.000686295973082051,TRUE,-0.125764463919743,0.0699690851629938,FALSE
"ENSMUSG00000026527","Rgs7","chr1",174904389,174904443,54,"Regular (>50bp)",0.247,0.0436764758913934,TRUE,-0.125764463919743,0.0699690851629938,FALSE
"ENSMUSG00000026548","Slamf9","chr1",172303699,172304041,342,"Regular (>50bp)",0.008,1,FALSE,1.71779429471763,1.89669499225654e-23,TRUE
"ENSMUSG00000026548","Slamf9","chr1",172304772,172305045,273,"Regular (>50bp)",-0.005,1,FALSE,1.71779429471763,1.89669499225654e-23,TRUE
"ENSMUSG00000026628","Atf3","chr1",190909643,190909671,28,"Microexon (0-30bp)",-0.01,1,FALSE,2.14362573579588,8.00183908706414e-99,TRUE
"ENSMUSG00000026648","Dclre1c","chr2",3437474,3437530,56,"Regular (>50bp)",-0.209,0.0215218625852119,TRUE,-0.231893113994945,0.0114176752637411,FALSE
"ENSMUSG00000026648","Dclre1c","chr2",3437474,3437530,56,"Regular (>50bp)",-0.201,0.0205337653677248,TRUE,-0.231893113994945,0.0114176752637411,FALSE
"ENSMUSG00000026672","Optn","chr2",5059350,5059527,177,"Regular (>50bp)",-0.105,0.00536884011485398,TRUE,-0.0956902858784625,0.246225829710403,FALSE
"ENSMUSG00000026672","Optn","chr2",5067669,5067798,129,"Regular (>50bp)",-0.128,0.000104051389815665,TRUE,-0.0956902858784625,0.246225829710403,FALSE
"ENSMUSG00000026737","Pip4k2a","chr2",18870922,18870961,39,"Small (30-50bp)",-0.154,0.01412193452692,TRUE,-0.0339351019365585,0.756932274322395,FALSE
"ENSMUSG00000026767","Mindy3","chr2",12400989,12401069,80,"Regular (>50bp)",-0.136,0.0138392517594589,TRUE,-0.113607140710317,0.131565399460731,FALSE
"ENSMUSG00000026773","Pfkfb3","chr2",11480564,11480617,53,"Regular (>50bp)",0.127,0.000137958189414285,TRUE,0.300202448108226,7.81641485663432e-06,FALSE
"ENSMUSG00000026781","Acbd5","chr2",22970679,22970712,33,"Small (30-50bp)",0.171,1.77638802543842e-12,TRUE,-0.583325042757593,3.69227778699499e-09,FALSE
"ENSMUSG00000026825","Dnm1","chr2",32200462,32200499,37,"Small (30-50bp)",-0.104,0.0269272889583834,TRUE,-0.0550291212249927,0.491697587807107,FALSE
"ENSMUSG00000026853","Crat","chr2",30303871,30304008,137,"Regular (>50bp)",0.102,0.0297295277805289,TRUE,0.118555945490649,0.137827977070517,FALSE
"ENSMUSG00000026860","Sh3glb2","chr2",30239237,30239249,12,"Microexon (0-30bp)",0.228,1.00380021755475e-13,TRUE,-0.175544165637391,0.00157436115704283,FALSE
"ENSMUSG00000026867","Gapvd1","chr2",34612949,34613030,81,"Regular (>50bp)",0.177,1.75910250494988e-07,TRUE,-0.151331534178293,0.0043562787886523,FALSE
"ENSMUSG00000026873","Phf19","chr2",34788935,34789023,88,"Regular (>50bp)",-0.179,0.00095682049486633,TRUE,0.657923027697751,9.17860743348892e-06,FALSE
"ENSMUSG00000026885","Ttll11","chr2",35834874,35834971,97,"Regular (>50bp)",-0.023,1,FALSE,1.16637077028804,8.46095183530031e-23,TRUE
"ENSMUSG00000026885","Ttll11","chr2",35707734,35707833,99,"Regular (>50bp)",0.057,0.0102764505018206,FALSE,1.16637077028804,8.46095183530031e-23,TRUE
"ENSMUSG00000026946","Nmi","chr2",51862599,51862639,40,"Small (30-50bp)",0.198,0.0123671811189928,TRUE,0.346011409930535,0.024445573056427,FALSE
"ENSMUSG00000026959","Grin1","chr2",25184449,25184560,111,"Regular (>50bp)",0.151,0.000948284233830729,TRUE,0.327917171475126,0.000157513998551904,FALSE
"ENSMUSG00000026977","Marchf7","chr2",60077831,60077856,25,"Microexon (0-30bp)",0.187,2.84857067591192e-07,TRUE,-0.582314025628457,3.84006555234598e-11,FALSE
"ENSMUSG00000026999","Nup35","chr2",80454669,80454704,35,"Small (30-50bp)",-0.356,0.00538143232175667,TRUE,0.178239497535451,0.175080156612564,FALSE
"ENSMUSG00000027001","Dusp19","chr2",80451537,80452144,607,"Regular (>50bp)",0.124,0.015593042477189,TRUE,-0.334435869547695,0.0121312719155428,FALSE
"ENSMUSG00000027012","Dync1i2","chr2",71063992,71064052,60,"Regular (>50bp)",0.172,0,TRUE,-0.476183788896574,6.01638092799987e-21,FALSE
"ENSMUSG00000027071","P2rx3","chr2",84854459,84854517,58,"Regular (>50bp)",-0.104,0.0330682285304188,TRUE,0.449785995899938,0.000250671283542253,FALSE
"ENSMUSG00000027130","Slc12a6","chr2",112146585,112146630,45,"Small (30-50bp)",0.131,0.00283734158946604,TRUE,-0.583229359874849,1.20210074813089e-21,FALSE
"ENSMUSG00000027201","Myef2","chr2",124952399,124952591,192,"Regular (>50bp)",-0.119,2.52622294295534e-10,TRUE,-0.288757526287716,0.000826217091779339,FALSE
"ENSMUSG00000027207","Galk2","chr2",125712245,125712381,136,"Regular (>50bp)",0.194,0.0156035339710719,TRUE,-0.0280896589827551,0.832841250783962,FALSE
"ENSMUSG00000027245","Hypk","chr2",121288472,121288524,52,"Regular (>50bp)",-0.004,1,FALSE,-1.18003662361236,0.0026219151984894,TRUE
"ENSMUSG00000027247","Arhgap1","chr2",91482108,91482168,60,"Regular (>50bp)",0.17,7.37127930058624e-06,TRUE,0.12715528241558,0.0722962245217596,FALSE
"ENSMUSG00000027273","Snap25","chr2",136611662,136611780,118,"Regular (>50bp)",-0.111,0.000239161961537944,TRUE,-0.878024123653512,2.28855266122966e-08,FALSE
"ENSMUSG00000027281","Slx4ip","chr2",136846853,136846974,121,"Regular (>50bp)",-0.22,0.00405321759899933,TRUE,-0.126413678703131,0.140067326308561,FALSE
"ENSMUSG00000027284","Cdan1","chr2",120560949,120560983,34,"Small (30-50bp)",-0.264,0.0416129966932114,TRUE,0.360311424785355,6.66668825636903e-06,FALSE
"ENSMUSG00000027356","Fermt1","chr2",132781201,132781435,234,"Regular (>50bp)",0.278,0.00112436588777282,TRUE,0.159210689618654,0.580592119936343,FALSE
"ENSMUSG00000027474","Ccm2l","chr2",152916691,152916827,136,"Regular (>50bp)",0.107,1,FALSE,1.23540247498245,7.65197913802978e-06,TRUE
"ENSMUSG00000027478","Dnmt3b","chr2",153526278,153526397,119,"Regular (>50bp)",-0.127,0.000221331893572252,TRUE,0.264544250857429,0.00500744978027057,FALSE
"ENSMUSG00000027506","Tpd52","chr3",9008610,9008637,27,"Microexon (0-30bp)",0.314,4.42357879944787e-07,TRUE,-0.327418102804945,1.84979452399569e-09,FALSE
"ENSMUSG00000027523","Gnas","chr2",174169900,174169924,24,"Microexon (0-30bp)",0.15,8.39408628074766e-11,TRUE,-0.248313460810251,5.36022574150421e-07,FALSE
"ENSMUSG00000027550","Lrrcc1","chr3",14619363,14619565,202,"Regular (>50bp)",0.119,0.0263328851166317,TRUE,-0.569971357167312,0.0286740379821826,FALSE
"ENSMUSG00000027575","Arfgap1","chr2",180620963,180621020,57,"Regular (>50bp)",-0.183,0.0111501582822928,TRUE,-0.14177813159901,0.0158339914386766,FALSE
"ENSMUSG00000027615","Hps3","chr3",20084722,20084969,247,"Regular (>50bp)",-0.122,0.000445359779772204,TRUE,-0.222669416560633,0.00310779385786149,FALSE
"ENSMUSG00000027624","Epb41l1","chr2",156366800,156367208,408,"Regular (>50bp)",0.112,9.1430477646744e-13,TRUE,0.281848134052424,1.94427559478416e-06,FALSE
"ENSMUSG00000027630","Tbl1xr1","chr3",22143576,22143686,110,"Regular (>50bp)",-0.127,0.000766952299439338,TRUE,-0.547816473172536,2.00891209044368e-17,FALSE
"ENSMUSG00000027634","Ndrg3","chr2",156771851,156771890,39,"Small (30-50bp)",0.113,7.3015169289544e-05,TRUE,-0.251557650635909,3.31906829492523e-05,FALSE
"ENSMUSG00000027646","Src","chr2",157300762,157300780,18,"Microexon (0-30bp)",0.119,0.042033003448259,TRUE,0.175197468746709,0.0180889119419017,FALSE
"ENSMUSG00000027677","Ttc14","chr3",33857598,33857754,156,"Regular (>50bp)",-0.105,0.0225209941139902,TRUE,-0.38949843463677,0.121543962686426,FALSE
"ENSMUSG00000027692","Tnik","chr3",28679347,28679371,24,"Microexon (0-30bp)",0.176,3.79978041575934e-08,TRUE,-0.315594631627094,3.08116144598254e-09,FALSE
"ENSMUSG00000027708","Dcun1d1","chr3",35973149,35973318,169,"Regular (>50bp)",-0.117,0.00403504486996008,TRUE,-0.361786135324218,3.108619581655e-05,FALSE
"ENSMUSG00000027763","Mbnl1","chr3",60522103,60522157,54,"Regular (>50bp)",0.146,1.01676195895345e-05,TRUE,-0.41475559626167,1.68378174507756e-12,FALSE
"ENSMUSG00000027799","Nbea","chr3",55901468,55901477,9,"Microexon (0-30bp)",0.201,1.83302648422216e-13,TRUE,-0.318765592157859,3.36286948947173e-08,FALSE
"ENSMUSG00000028013","Ppa2","chr3",133045023,133045110,87,"Regular (>50bp)",-0.221,0.000473076453027528,TRUE,-0.0215387814737497,0.829572402364715,FALSE
"ENSMUSG00000028033","Kcnq5","chr1",21536606,21536633,27,"Microexon (0-30bp)",0.353,0.016825005150273,TRUE,-0.187511094592699,0.0830311907434329,FALSE
"ENSMUSG00000028078","Dclk2","chr3",86738130,86738178,48,"Small (30-50bp)",0.136,1.01172471836732e-07,TRUE,0.00850001086412077,0.908115791958305,FALSE
"ENSMUSG00000028078","Dclk2","chr3",86695928,86695941,13,"Microexon (0-30bp)",0.13,0.0357757878867097,TRUE,0.00850001086412077,0.908115791958305,FALSE
"ENSMUSG00000028078","Dclk2","chr3",86695928,86695941,13,"Microexon (0-30bp)",0.107,9.02838700735828e-07,TRUE,0.00850001086412077,0.908115791958305,FALSE
"ENSMUSG00000028106","Rprd2","chr3",95693631,95693763,132,"Regular (>50bp)",0.27,2.07777865641766e-07,TRUE,0.0502601009357065,0.460505508822726,FALSE
"ENSMUSG00000028184","Adgrl2","chr3",148526915,148527044,129,"Regular (>50bp)",-0.168,0.00109751147190297,TRUE,0.132876505341521,0.0240207098637111,FALSE
"ENSMUSG00000028184","Adgrl2","chr3",148532847,148532874,27,"Microexon (0-30bp)",0.203,0.000209883033950081,TRUE,0.132876505341521,0.0240207098637111,FALSE
"ENSMUSG00000028184","Adgrl2","chr3",148566062,148566074,12,"Microexon (0-30bp)",0.142,8.24021668515075e-05,TRUE,0.132876505341521,0.0240207098637111,FALSE
"ENSMUSG00000028207","Asph","chr4",9637658,9637703,45,"Small (30-50bp)",0.119,4.92559853045606e-10,TRUE,-0.356282810767504,1.13586539816679e-09,FALSE
"ENSMUSG00000028232","Tmem68","chr4",3554353,3554414,61,"Regular (>50bp)",0.133,4.37655541718684e-05,TRUE,-0.271122877516084,0.0129648753121429,FALSE
"ENSMUSG00000028256","Odf2l","chr3",144832783,144832912,129,"Regular (>50bp)",0.141,1.59770158945174e-05,TRUE,-0.623000179872815,2.28221698134565e-07,FALSE
"ENSMUSG00000028266","Lmo4","chr3",143899656,143899812,156,"Regular (>50bp)",0,1,FALSE,1.05485667745827,1.90102364702567e-46,TRUE
"ENSMUSG00000028266","Lmo4","chr3",143900167,143900264,97,"Regular (>50bp)",-0.005,1,FALSE,1.05485667745827,1.90102364702567e-46,TRUE
"ENSMUSG00000028312","Smc2","chr4",52440200,52440423,223,"Regular (>50bp)",0.107,0.0106229348014032,TRUE,-0.391422808004215,5.31947380413949e-05,FALSE
"ENSMUSG00000028433","Ubap2","chr4",41245455,41245492,37,"Small (30-50bp)",0.109,0,TRUE,0.0764323801528747,0.366535656666842,FALSE
"ENSMUSG00000028487","Bnc2","chr4",84209929,84211899,1970,"Regular (>50bp)",0.136,0.000444651982563322,TRUE,0.179361429932513,0.210259496164432,FALSE
"ENSMUSG00000028524","Sgip1","chr4",102762761,102762773,12,"Microexon (0-30bp)",0.167,0.012020875500013,TRUE,-0.118521546302907,0.0550726309060953,FALSE
"ENSMUSG00000028524","Sgip1","chr4",102757722,102757734,12,"Microexon (0-30bp)",0.461,0.00482199685480026,TRUE,-0.118521546302907,0.0550726309060953,FALSE
"ENSMUSG00000028524","Sgip1","chr4",102791742,102791802,60,"Regular (>50bp)",0.135,0.00938056998262256,TRUE,-0.118521546302907,0.0550726309060953,FALSE
"ENSMUSG00000028545","Bend5","chr4",111311281,111311495,214,"Regular (>50bp)",0.162,0.00698596716560593,TRUE,-0.0168586454653589,0.921751103059431,FALSE
"ENSMUSG00000028546","Elavl4","chr4",110112615,110112702,87,"Regular (>50bp)",-0.208,1.34079673279972e-06,TRUE,-0.289393830760525,3.14585012520127e-10,FALSE
"ENSMUSG00000028550","Atg4c","chr4",99116792,99116871,79,"Regular (>50bp)",0.143,0.0321221891972023,TRUE,-0.302936472933463,0.00461404448667367,FALSE
"ENSMUSG00000028565","Nfia","chr4",97969961,97970053,92,"Regular (>50bp)",0.238,0.000552253548699556,TRUE,-0.655958463123587,3.0653199321484e-05,FALSE
"ENSMUSG00000028631","Kcnq4","chr4",120568419,120568581,162,"Regular (>50bp)",0.294,0.01412193452692,TRUE,1.11586176112504,4.35451110454489e-07,TRUE
"ENSMUSG00000028687","Mutyh","chr4",116673158,116673232,74,"Regular (>50bp)",-0.14,0.000117113683865585,TRUE,0.164369348089754,0.447519328020632,FALSE
"ENSMUSG00000028693","Nasp","chr4",116467599,116468574,975,"Regular (>50bp)",-0.253,3.41834668679268e-13,TRUE,-0.176028547437629,0.103090082835095,FALSE
"ENSMUSG00000028744","Slc66a1","chr4",139023084,139023244,160,"Regular (>50bp)",-0.155,0.0162967028752829,TRUE,0.230614007448178,0.0344108405262444,FALSE
"ENSMUSG00000028751","Pla2g2e","chr4",138606733,138606807,74,"Regular (>50bp)",0.219,1.30840166287909e-12,TRUE,0.648070975601578,2.27071662875649e-07,FALSE
"ENSMUSG00000028760","Eif4g3","chr4",137811567,137811681,114,"Regular (>50bp)",-0.183,0.0311196585059158,TRUE,0.0971940611343792,0.0942165567443379,FALSE
"ENSMUSG00000028785","Hpca","chr4",129013942,129013993,51,"Regular (>50bp)",0.133,0.00232139080257435,TRUE,-0.399644728037064,1.1984259939096e-05,FALSE
"ENSMUSG00000028796","Phc2","chr4",128635708,128635877,169,"Regular (>50bp)",-0.202,0.0134963564687648,TRUE,0.00544789626110556,0.951927286744984,FALSE
"ENSMUSG00000028803","Nipal3","chr4",135182183,135182215,32,"Small (30-50bp)",0.158,4.5723219909902e-06,TRUE,0.182759837614395,0.101997502792459,FALSE
"ENSMUSG00000028886","Eya3","chr4",132384888,132384927,39,"Small (30-50bp)",0.204,1.83302648422216e-13,TRUE,0.016058815442773,0.853205640436633,FALSE
"ENSMUSG00000028919","Arhgef19","chr4",140973256,140973363,107,"Regular (>50bp)",-0.18,0.0177267819373497,TRUE,-0.0405570777266647,0.710814016863825,FALSE
"ENSMUSG00000028931","Kcnab2","chr4",152519238,152519280,42,"Small (30-50bp)",0.133,1.32970738018292e-08,TRUE,0.247823135535407,0.00017847889629651,FALSE
"ENSMUSG00000028957","Per3","chr4",151110569,151110675,106,"Regular (>50bp)",-0.034,1,FALSE,-1.18302836117167,2.37910100957927e-35,TRUE
"ENSMUSG00000028957","Per3","chr4",151109528,151109657,129,"Regular (>50bp)",-0.011,1,FALSE,-1.18302836117167,2.37910100957927e-35,TRUE
"ENSMUSG00000028957","Per3","chr4",151122345,151122394,49,"Small (30-50bp)",0.004,1,FALSE,-1.18302836117167,2.37910100957927e-35,TRUE
"ENSMUSG00000028957","Per3","chr4",151113592,151113699,107,"Regular (>50bp)",-0.052,1,FALSE,-1.18302836117167,2.37910100957927e-35,TRUE
"ENSMUSG00000028957","Per3","chr4",151093706,151093890,184,"Regular (>50bp)",-0.009,1,FALSE,-1.18302836117167,2.37910100957927e-35,TRUE
"ENSMUSG00000028957","Per3","chr4",151108866,151108996,130,"Regular (>50bp)",0.008,1,FALSE,-1.18302836117167,2.37910100957927e-35,TRUE
"ENSMUSG00000028957","Per3","chr4",151116369,151116448,79,"Regular (>50bp)",0.008,1,FALSE,-1.18302836117167,2.37910100957927e-35,TRUE
"ENSMUSG00000028972","Car6","chr4",150276931,150277089,158,"Regular (>50bp)",0.044,1,FALSE,1.91052867770865,1.03805364650749e-05,TRUE
"ENSMUSG00000028972","Car6","chr4",150273577,150273701,124,"Regular (>50bp)",0.041,1,FALSE,1.91052867770865,1.03805364650749e-05,TRUE
"ENSMUSG00000028972","Car6","chr4",150273545,150273701,156,"Regular (>50bp)",0.083,1,FALSE,1.91052867770865,1.03805364650749e-05,TRUE
"ENSMUSG00000028972","Car6","chr4",150276931,150277089,158,"Regular (>50bp)",-0.02,1,FALSE,1.91052867770865,1.03805364650749e-05,TRUE
"ENSMUSG00000028972","Car6","chr4",150273577,150273701,124,"Regular (>50bp)",0.036,1,FALSE,1.91052867770865,1.03805364650749e-05,TRUE
"ENSMUSG00000028995","Hycc1","chr5",24171131,24171429,298,"Regular (>50bp)",-0.161,7.39491230381861e-07,TRUE,-0.0558425226375068,0.369922771995413,FALSE
"ENSMUSG00000029001","Fbxo44","chr4",148240851,148240947,96,"Regular (>50bp)",-0.149,9.97834579262941e-05,TRUE,0.0221454276665267,0.804650942268592,FALSE
"ENSMUSG00000029022","Miip","chr4",147947484,147947593,109,"Regular (>50bp)",-0.108,1.03483326864201e-07,TRUE,-0.0849218099099406,0.351096271249465,FALSE
"ENSMUSG00000029055","Plch2","chr4",155069822,155069849,27,"Microexon (0-30bp)",0.144,0.0428140432341417,TRUE,0.320072166674745,0.0631100601840071,FALSE
"ENSMUSG00000029095","Ablim2","chr5",36000511,36000610,99,"Regular (>50bp)",0.287,8.45108528612711e-10,TRUE,-0.376730054125304,1.6964492872707e-05,FALSE
"ENSMUSG00000029095","Ablim2","chr5",36024048,36024110,62,"Regular (>50bp)",0.117,0.000240272135459985,TRUE,-0.376730054125304,1.6964492872707e-05,FALSE
"ENSMUSG00000029127","Zbtb49","chr5",38367961,38368008,47,"Small (30-50bp)",0.149,0.030335738888993,TRUE,0.0575154728883982,0.615654631339583,FALSE
"ENSMUSG00000029148","Nrbp1","chr5",31403665,31403689,24,"Microexon (0-30bp)",0.114,1.54455389076641e-06,TRUE,0.241363484540028,0.000405124587564038,FALSE
"ENSMUSG00000029152","Ociad1","chr5",73451308,73451353,45,"Small (30-50bp)",-0.116,0.00523039684034936,TRUE,0.0394757400442568,0.584640466878754,FALSE
"ENSMUSG00000029165","Agbl5","chr5",31048217,31048304,87,"Regular (>50bp)",-0.115,0.000989570895247771,TRUE,-0.0356790646112158,0.713489827336581,FALSE
"ENSMUSG00000029206","Nsun7","chr5",66421351,66421410,59,"Regular (>50bp)",-0.508,5.92624440563156e-07,TRUE,-0.489160083177861,0.0138558594340248,FALSE
"ENSMUSG00000029208","Guf1","chr5",69720425,69720565,140,"Regular (>50bp)",0.123,0.00937281362651569,TRUE,-0.578001430175774,0.0072454316483783,FALSE
"ENSMUSG00000029221","Slc30a9","chr5",67491848,67492011,163,"Regular (>50bp)",0.167,0.0153099151197837,TRUE,-0.187866166888831,0.00107118499836784,FALSE
"ENSMUSG00000029267","Mtf2","chr5",108217027,108217389,362,"Regular (>50bp)",-0.143,4.51218165962589e-08,TRUE,-0.395240263666063,4.34214892248842e-07,FALSE
"ENSMUSG00000029267","Mtf2","chr5",108217027,108217229,202,"Regular (>50bp)",-0.145,1.6394123091003e-07,TRUE,-0.395240263666063,4.34214892248842e-07,FALSE
"ENSMUSG00000029267","Mtf2","chr5",108221172,108221320,148,"Regular (>50bp)",-0.12,6.96191111593124e-08,TRUE,-0.395240263666063,4.34214892248842e-07,FALSE
"ENSMUSG00000029328","Hnrnpdl","chr5",100183493,100183598,105,"Regular (>50bp)",-0.135,0.000274731490298617,TRUE,-0.456172456118766,2.08590123152761e-12,FALSE
"ENSMUSG00000029405","G3bp2","chr5",92211195,92211294,99,"Regular (>50bp)",0.121,2.84857067591192e-07,TRUE,-0.0602533090794218,0.358579670557527,FALSE
"ENSMUSG00000029422","Rsrc2","chr5",123884834,123884933,99,"Regular (>50bp)",-0.133,8.59740106300302e-05,TRUE,-0.594869663628844,0.000263368252850227,FALSE
"ENSMUSG00000029461","Fam168a","chr7",100467942,100467969,27,"Microexon (0-30bp)",-0.191,1.19363993167714e-06,TRUE,0.032223499342713,0.674522335401704,FALSE
"ENSMUSG00000029462","Vps29","chr5",122494856,122494868,12,"Microexon (0-30bp)",0.112,1.87816700589279e-05,TRUE,-0.0748425332677835,0.24288178828515,FALSE
"ENSMUSG00000029462","Vps29","chr5",122494856,122494868,12,"Microexon (0-30bp)",0.163,0.00350628173276468,TRUE,-0.0748425332677835,0.24288178828515,FALSE
"ENSMUSG00000029470","P2rx4","chr5",122862656,122862737,81,"Regular (>50bp)",0.112,0.000794349425605419,TRUE,-0.365235807090614,8.59917744771326e-05,FALSE
"ENSMUSG00000029478","Ncor2","chr5",125097023,125097110,87,"Regular (>50bp)",-0.145,0.000460919086951993,TRUE,0.0419835500989154,0.595912909234743,FALSE
"ENSMUSG00000029505","Ep400","chr5",110848387,110848630,243,"Regular (>50bp)",0.188,1.51485169599794e-07,TRUE,-0.080881318862227,0.238813230560544,FALSE
"ENSMUSG00000029528","Pxn","chr5",115686340,115687171,831,"Regular (>50bp)",0.501,0.000449868046760911,TRUE,0.202574753811795,0.00499038415290396,FALSE
"ENSMUSG00000029534","St7","chr6",17850355,17850424,69,"Regular (>50bp)",0.107,0.00997582977773716,TRUE,0.250706460951022,0.00214724408890734,FALSE
"ENSMUSG00000029538","Srsf9","chr5",115466405,115466763,358,"Regular (>50bp)",0.109,0.0321221891972023,TRUE,0.135143504592564,0.138909134814174,FALSE
"ENSMUSG00000029635","Cdk8","chr5",146205024,146205096,72,"Regular (>50bp)",0.127,0.0449989994668416,TRUE,-0.220790900468729,0.000263227462168857,FALSE
"ENSMUSG00000029673","Auts2","chr5",131494869,131494965,96,"Regular (>50bp)",-0.256,0.000706955641110917,TRUE,0.573257597865853,1.10935654134309e-15,FALSE
"ENSMUSG00000029676","Pot1a","chr6",25798007,25798054,47,"Small (30-50bp)",-0.18,0.00594642261840523,TRUE,-0.0641081486443285,0.424093135174758,FALSE
"ENSMUSG00000029712","Actl6b","chr5",137552774,137552940,166,"Regular (>50bp)",0.179,0.00268044571686485,TRUE,0.172021968039349,0.0440861186365441,FALSE
"ENSMUSG00000029716","Tfr2","chr5",137577140,137577304,164,"Regular (>50bp)",0.13,0.0109212511159536,TRUE,0.423832672435477,8.13975876980252e-05,FALSE
"ENSMUSG00000029761","Cald1","chr6",34724820,34724904,84,"Regular (>50bp)",-0.107,0.00460643952545561,TRUE,-0.239627071777587,6.83455172979206e-05,FALSE
"ENSMUSG00000029761","Cald1","chr6",34724826,34724904,78,"Regular (>50bp)",-0.101,0.0238396595809722,TRUE,-0.239627071777587,6.83455172979206e-05,FALSE
"ENSMUSG00000029767","Calu","chr6",29361558,29361752,194,"Regular (>50bp)",-0.112,1.79631380722141e-05,TRUE,-0.292033419795587,3.25727945731568e-06,FALSE
"ENSMUSG00000029780","Nt5c3","chr6",56900051,56900097,46,"Small (30-50bp)",0.166,0.00952418497967253,TRUE,-0.173244615013983,0.0121965572277802,FALSE
"ENSMUSG00000029787","Avl9","chr6",56712347,56712417,70,"Regular (>50bp)",0,1,FALSE,-1.14014586536563,3.83076712485006e-08,TRUE
"ENSMUSG00000029787","Avl9","chr6",56718353,56718488,135,"Regular (>50bp)",-0.001,1,FALSE,-1.14014586536563,3.83076712485006e-08,TRUE
"ENSMUSG00000029787","Avl9","chr6",56712347,56712417,70,"Regular (>50bp)",0,1,FALSE,-1.14014586536563,3.83076712485006e-08,TRUE
"ENSMUSG00000029787","Avl9","chr6",56712347,56712417,70,"Regular (>50bp)",0.001,1,FALSE,-1.14014586536563,3.83076712485006e-08,TRUE
"ENSMUSG00000029787","Avl9","chr6",56730349,56730403,54,"Regular (>50bp)",0,1,FALSE,-1.14014586536563,3.83076712485006e-08,TRUE
"ENSMUSG00000029787","Avl9","chr6",56730822,56730911,89,"Regular (>50bp)",0,1,FALSE,-1.14014586536563,3.83076712485006e-08,TRUE
"ENSMUSG00000029787","Avl9","chr6",56723265,56723383,118,"Regular (>50bp)",0,1,FALSE,-1.14014586536563,3.83076712485006e-08,TRUE
"ENSMUSG00000029810","Tmem176b","chr6",48817294,48817387,93,"Regular (>50bp)",0.225,0.00013436132024623,TRUE,-0.254176089996828,0.000856484406938615,FALSE
"ENSMUSG00000029823","Luc7l2","chr6",38536138,38536239,101,"Regular (>50bp)",0.18,0.0360465726098505,TRUE,-0.434796350478622,5.42405637852659e-07,FALSE
"ENSMUSG00000029823","Luc7l2","chr6",38542589,38542657,68,"Regular (>50bp)",-0.116,0.020952190180818,TRUE,-0.434796350478622,5.42405637852659e-07,FALSE
"ENSMUSG00000029863","Casp2","chr6",42253803,42253864,61,"Regular (>50bp)",0.378,4.31696620727891e-05,TRUE,0.0878549250771295,0.304387246569409,FALSE
"ENSMUSG00000029916","Agk","chr6",40331947,40332027,80,"Regular (>50bp)",-0.371,5.81956058883445e-07,TRUE,-0.0902728320414116,0.214927250685554,FALSE
"ENSMUSG00000029924","Slc37a3","chr6",39349012,39349071,59,"Regular (>50bp)",0.136,0.00666265136344891,TRUE,-0.132973164086666,0.0615538738940952,FALSE
"ENSMUSG00000030016","Zfp638","chr6",83934490,83934574,84,"Regular (>50bp)",0.133,0.00746068119617837,TRUE,-0.552103653532424,0.012657851746014,FALSE
"ENSMUSG00000030060","Hmces","chr6",87909840,87909964,124,"Regular (>50bp)",-0.17,0.000989789456504887,TRUE,0.182773728406496,0.017346379235927,FALSE
"ENSMUSG00000030075","Cntn3","chr6",102147538,102147651,113,"Regular (>50bp)",-0.012,1,FALSE,-1.08070317756566,1.00988105753338e-09,TRUE
"ENSMUSG00000030075","Cntn3","chr6",102183487,102183558,71,"Regular (>50bp)",0.009,1,FALSE,-1.08070317756566,1.00988105753338e-09,TRUE
"ENSMUSG00000030075","Cntn3","chr6",102185019,102185169,150,"Regular (>50bp)",0.005,1,FALSE,-1.08070317756566,1.00988105753338e-09,TRUE
"ENSMUSG00000030075","Cntn3","chr6",102222005,102222133,128,"Regular (>50bp)",0.006,1,FALSE,-1.08070317756566,1.00988105753338e-09,TRUE
"ENSMUSG00000030075","Cntn3","chr6",102397213,102397389,176,"Regular (>50bp)",-0.023,1,FALSE,-1.08070317756566,1.00988105753338e-09,TRUE
"ENSMUSG00000030075","Cntn3","chr6",102145853,102146022,169,"Regular (>50bp)",-0.005,1,FALSE,-1.08070317756566,1.00988105753338e-09,TRUE
"ENSMUSG00000030089","Slc41a3","chr6",90612231,90612378,147,"Regular (>50bp)",0.27,0.00296515827413826,TRUE,0.768216812428956,0.000102745956492767,FALSE
"ENSMUSG00000030089","Slc41a3","chr6",90610592,90610737,145,"Regular (>50bp)",0.122,0.0221691937209846,TRUE,0.768216812428956,0.000102745956492767,FALSE
"ENSMUSG00000030092","Cntn6","chr6",104749512,104749649,137,"Regular (>50bp)",-0.046,1,FALSE,-1.04093628174046,6.99245179117629e-06,TRUE
"ENSMUSG00000030092","Cntn6","chr6",104705226,104705329,103,"Regular (>50bp)",-0.134,1,FALSE,-1.04093628174046,6.99245179117629e-06,TRUE
"ENSMUSG00000030134","Rasgef1a","chr6",118057318,118057522,204,"Regular (>50bp)",-0.01,1,FALSE,-1.28631646040196,8.13751400067092e-19,TRUE
"ENSMUSG00000030172","Erc1","chr6",119711041,119711053,12,"Microexon (0-30bp)",0.163,2.75166287953894e-05,TRUE,0.146295319655979,0.0590716166879137,FALSE
"ENSMUSG00000030172","Erc1","chr6",119595806,119595873,67,"Regular (>50bp)",0.128,2.15437648629046e-05,TRUE,0.146295319655979,0.0590716166879137,FALSE
"ENSMUSG00000030231","Plekha5","chr6",140526072,140526261,189,"Regular (>50bp)",-0.121,0.0384734592046101,TRUE,-0.498555198892229,2.18098040346323e-11,FALSE
"ENSMUSG00000030231","Plekha5","chr6",140501676,140501796,120,"Regular (>50bp)",0.13,0.000154721940580891,TRUE,-0.498555198892229,2.18098040346323e-11,FALSE
"ENSMUSG00000030254","Rad18","chr6",112605422,112605485,63,"Regular (>50bp)",0.107,0.0423353806275362,TRUE,0.17555921578865,0.0108598948976756,FALSE
"ENSMUSG00000030263","Irag2","chr6",145083771,145083812,41,"Small (30-50bp)",0.4,0.00020670684657125,TRUE,0.279250013203746,0.0280256716318439,FALSE
"ENSMUSG00000030279","C2cd5","chr6",143011911,143011944,33,"Small (30-50bp)",0.132,0,TRUE,-0.330122575846328,2.66787732409731e-07,FALSE
"ENSMUSG00000030281","Il17rc","chr6",113451513,113451558,45,"Small (30-50bp)",0.114,0.000203557484841374,TRUE,0.014006547995482,0.901398081196319,FALSE
"ENSMUSG00000030304","Ergic2","chr6",148092416,148092521,105,"Regular (>50bp)",-0.109,0.00549010424682853,TRUE,-0.177793912079755,0.022195724624137,FALSE
"ENSMUSG00000030314","Atg7","chr6",114649751,114649804,53,"Regular (>50bp)",0.246,0.00355749151789364,TRUE,-0.0636579122120361,0.513168986785543,FALSE
"ENSMUSG00000030345","Dyrk4","chr6",126869046,126869183,137,"Regular (>50bp)",0.111,0.000118976248211211,TRUE,0.1918400310975,0.0377930039704501,FALSE
"ENSMUSG00000030406","Gipr","chr7",18894519,18894679,160,"Regular (>50bp)",-0.159,0.000411669106957379,TRUE,-0.677856510411044,3.30955493493206e-09,FALSE
"ENSMUSG00000030409","Dmpk","chr7",18821418,18821625,207,"Regular (>50bp)",-0.109,2.02220019005814e-08,TRUE,-0.397523810790231,0.000999171808634452,FALSE
"ENSMUSG00000030428","Ttyh1","chr7",4136073,4136216,143,"Regular (>50bp)",0.11,1,FALSE,1.0048485149041,1.12123021527843e-05,TRUE
"ENSMUSG00000030428","Ttyh1","chr7",4136661,4136737,76,"Regular (>50bp)",-0.053,1,FALSE,1.0048485149041,1.12123021527843e-05,TRUE
"ENSMUSG00000030428","Ttyh1","chr7",4136073,4136216,143,"Regular (>50bp)",-0.02,1,FALSE,1.0048485149041,1.12123021527843e-05,TRUE
"ENSMUSG00000030428","Ttyh1","chr7",4133579,4133635,56,"Regular (>50bp)",-0.143,0.156538786226518,FALSE,1.0048485149041,1.12123021527843e-05,TRUE
"ENSMUSG00000030498","Gas2","chr7",51581111,51581174,63,"Regular (>50bp)",0.143,4.33174365248858e-05,TRUE,-0.0434337412217768,0.772059476477479,FALSE
"ENSMUSG00000030509","Asb7","chr7",66327904,66327993,89,"Regular (>50bp)",-0.118,0.00325416271559454,TRUE,0.0210245355350484,0.821669570553665,FALSE
"ENSMUSG00000030579","Tyrobp","chr7",30114432,30114499,67,"Regular (>50bp)",-0.03,1,FALSE,1.55163008361195,0.00158460062071464,TRUE
"ENSMUSG00000030660","Pik3c2a","chr7",116041825,116041913,88,"Regular (>50bp)",0.115,0.0355883330525339,TRUE,-0.504499275733543,3.45542389169103e-06,FALSE
"ENSMUSG00000030688","Stard10","chr7",100992390,100992494,104,"Regular (>50bp)",0.239,4.97860633454228e-05,TRUE,0.0762145309022619,0.388508696623939,FALSE
"ENSMUSG00000030691","Fchsd2","chr7",100895508,100895580,72,"Regular (>50bp)",0.12,0.001016274231496,TRUE,-0.342288500047121,1.27724889359923e-06,FALSE
"ENSMUSG00000030747","Dgat2","chr7",98818904,98819033,129,"Regular (>50bp)",-0.001,1,FALSE,1.84931627550806,4.08245372041563e-51,TRUE
"ENSMUSG00000030747","Dgat2","chr7",98818904,98819033,129,"Regular (>50bp)",-0.017,1,FALSE,1.84931627550806,4.08245372041563e-51,TRUE
"ENSMUSG00000030846","Tial1","chr7",128048454,128048522,68,"Regular (>50bp)",-0.105,0.000424432847698657,TRUE,-0.36081480618422,1.80930157543858e-05,FALSE
"ENSMUSG00000030852","Tacc2","chr7",130346256,130346346,90,"Regular (>50bp)",0.125,0.0278695748695838,TRUE,-0.0233280909975877,0.761643821792747,FALSE
"ENSMUSG00000030922","Lyrm1","chr7",119499333,119499531,198,"Regular (>50bp)",0.351,0.000552463023740242,TRUE,0.0608408981566226,0.850048053773292,FALSE
"ENSMUSG00000030924","Rexo5","chr7",119423267,119423362,95,"Regular (>50bp)",0.105,0.00213734272654972,TRUE,-0.318379601659499,0.00347799328997518,FALSE
"ENSMUSG00000030960","Eef1akmt2","chr7",132433088,132433305,217,"Regular (>50bp)",-0.111,0.00020546106696315,TRUE,-0.455576476113437,0.000105797074418929,FALSE
"ENSMUSG00000030987","Stim1","chr7",102082403,102082440,37,"Small (30-50bp)",0.188,1.77318356076807e-11,TRUE,0.0178184751956495,0.848933752728691,FALSE
"ENSMUSG00000030990","Pgap2","chr7",101872585,101872697,112,"Regular (>50bp)",0.105,0.0297295277805289,TRUE,0.071547991493418,0.592197091601212,FALSE
"ENSMUSG00000031012","Cask","chrX",13418611,13418680,69,"Regular (>50bp)",0.108,0.00985058287082485,TRUE,0.326592759150594,9.86698008202806e-09,FALSE
"ENSMUSG00000031012","Cask","chrX",13462924,13462942,18,"Microexon (0-30bp)",0.169,0,TRUE,0.326592759150594,9.86698008202806e-09,FALSE
"ENSMUSG00000031078","Cttn","chr7",144005763,144005874,111,"Regular (>50bp)",-0.138,0.0446547946410203,TRUE,-0.384952411936997,1.07613957178472e-09,FALSE
"ENSMUSG00000031105","Slc25a14","chrX",47717012,47717060,48,"Small (30-50bp)",0.299,0.0103892994683788,TRUE,0.0744692883643644,0.581170755890101,FALSE
"ENSMUSG00000031150","Ccdc120","chrX",7601310,7601409,99,"Regular (>50bp)",0.103,0.00302984682487361,TRUE,-0.0451779797314494,0.752560493191632,FALSE
"ENSMUSG00000031256","Cstf2","chrX",132973163,132973223,60,"Regular (>50bp)",0.19,4.26278819386534e-10,TRUE,-0.0423492438933654,0.597744061091783,FALSE
"ENSMUSG00000031256","Cstf2","chrX",132973163,132973223,60,"Regular (>50bp)",0.12,2.35174732283403e-05,TRUE,-0.0423492438933654,0.597744061091783,FALSE
"ENSMUSG00000031314","Taf1","chrX",100634339,100634345,6,"Microexon (0-30bp)",0.201,5.80152882256624e-11,TRUE,-0.583919351346482,5.08064230353783e-10,FALSE
"ENSMUSG00000031485","Plpbp","chr8",27539201,27539336,135,"Regular (>50bp)",-0.104,0.0262141185110006,TRUE,0.0117296247615069,0.882856292339299,FALSE
"ENSMUSG00000031488","Rab11fip1","chr8",27641624,27643187,1563,"Regular (>50bp)",0.102,1.94409167542602e-06,TRUE,-0.00103508990527755,0.993799660559232,FALSE
"ENSMUSG00000031502","Col4a1","chr8",11254535,11254552,17,"Microexon (0-30bp)",0.116,0.029292636882421,TRUE,-0.220325315061736,1.36125318006828e-05,FALSE
"ENSMUSG00000031508","Ankrd10","chr8",11670261,11670373,112,"Regular (>50bp)",0.12,2.84843869066929e-05,TRUE,-0.381737920626563,8.63947035942887e-07,FALSE
"ENSMUSG00000031561","Tenm3","chr8",48740167,48740188,21,"Microexon (0-30bp)",0.191,3.21771505736489e-10,TRUE,-0.110488001918449,0.136503804810942,FALSE
"ENSMUSG00000031561","Tenm3","chr8",48766272,48766299,27,"Microexon (0-30bp)",0.204,0.0346103153099895,TRUE,-0.110488001918449,0.136503804810942,FALSE
"ENSMUSG00000031671","Setd6","chr8",96442980,96443122,142,"Regular (>50bp)",-0.278,0.0369735612330791,TRUE,-0.0232478237133148,0.801604175857608,FALSE
"ENSMUSG00000031671","Setd6","chr8",96443548,96443669,121,"Regular (>50bp)",-0.106,0.00028535479141325,TRUE,-0.0232478237133148,0.801604175857608,FALSE
"ENSMUSG00000031712","Il15","chr8",83069867,83069952,85,"Regular (>50bp)",0.01,1,FALSE,-1.22972239741889,1.66137113711873e-09,TRUE
"ENSMUSG00000031712","Il15","chr8",83070587,83070665,78,"Regular (>50bp)",-0.12,0.730126294713019,FALSE,-1.22972239741889,1.66137113711873e-09,TRUE
"ENSMUSG00000031774","Psme3ip1","chr8",95317800,95317916,116,"Regular (>50bp)",0.36,0.000184545359371775,TRUE,0.221865161127554,0.000261724630325947,FALSE
"ENSMUSG00000031819","Emc8","chr8",121387232,121387409,177,"Regular (>50bp)",-0.243,2.37073992252985e-05,TRUE,0.480946092630204,8.50426461904027e-17,FALSE
"ENSMUSG00000031842","Pde4c","chr8",71201016,71201171,155,"Regular (>50bp)",-0.141,0.0384195047672438,TRUE,-0.357152440138922,0.0716270631585685,FALSE
"ENSMUSG00000031860","Pbx4","chr8",70316961,70317200,239,"Regular (>50bp)",-0.176,0.00802435137533353,TRUE,-0.154190671129479,0.162209765649861,FALSE
"ENSMUSG00000031865","Dctn1","chr6",83164745,83164766,21,"Microexon (0-30bp)",-0.137,2.3696378192652e-05,TRUE,0.241446106140286,0.000622863519048669,FALSE
"ENSMUSG00000031865","Dctn1","chr6",83160917,83160938,21,"Microexon (0-30bp)",0.262,0,TRUE,0.241446106140286,0.000622863519048669,FALSE
"ENSMUSG00000031872","Bean1","chr8",104908642,104908751,109,"Regular (>50bp)",0.127,0.0496577035286534,TRUE,0.549834086436261,0.00181009806608476,FALSE
"ENSMUSG00000031959","Wdr59","chr8",112199261,112199318,57,"Regular (>50bp)",0.118,0.00142949937623206,TRUE,-0.303830972760495,3.08629094139927e-07,FALSE
"ENSMUSG00000032076","Cadm1","chr9",47740674,47740707,33,"Small (30-50bp)",0.142,0.000107598174943054,TRUE,-0.356146582961303,3.5018016361046e-09,FALSE
"ENSMUSG00000032076","Cadm1","chr9",47740674,47740707,33,"Small (30-50bp)",0.107,0.000165635470976537,TRUE,-0.356146582961303,3.5018016361046e-09,FALSE
"ENSMUSG00000032103","Pus3","chr9",35476079,35476493,414,"Regular (>50bp)",0.008,0.894941146451578,FALSE,1.10192072061776,0.0210335167691941,TRUE
"ENSMUSG00000032182","Yipf2","chr9",21503823,21503884,61,"Regular (>50bp)",0.216,0.000448380033732881,TRUE,-0.00630754509342958,0.97662888674644,FALSE
"ENSMUSG00000032212","Sltm","chr9",70470095,70470143,48,"Small (30-50bp)",-0.132,1.40492843640743e-09,TRUE,-0.185536772358257,0.090651110384832,FALSE
"ENSMUSG00000032254","Kif23","chr9",61831186,61831498,312,"Regular (>50bp)",-0.186,1.59487473534561e-09,TRUE,-0.144107738419188,0.0750680640939505,FALSE
"ENSMUSG00000032258","Lca5","chr9",83310932,83311001,69,"Regular (>50bp)",0.199,0.0183381996178987,TRUE,-0.283480116702242,0.00232724354546004,FALSE
"ENSMUSG00000032366","Tpm1","chr9",66936945,66937024,79,"Regular (>50bp)",-0.11,2.10576700045027e-07,TRUE,0.101191320447931,0.122411856765283,FALSE
"ENSMUSG00000032412","Atp1b3","chr9",96222254,96222439,185,"Regular (>50bp)",-0.144,0.0190141447503712,TRUE,-0.16220667350628,0.00580752855921635,FALSE
"ENSMUSG00000032413","Rasa2","chr9",96448068,96448175,107,"Regular (>50bp)",-0.198,4.69237267447185e-08,TRUE,-0.485312751546568,8.90153967402278e-12,FALSE
"ENSMUSG00000032413","Rasa2","chr9",96450416,96450540,124,"Regular (>50bp)",-0.137,8.3645898467828e-08,TRUE,-0.485312751546568,8.90153967402278e-12,FALSE
"ENSMUSG00000032423","Syncrip","chr9",88362658,88362818,160,"Regular (>50bp)",-0.109,0.00252005345171679,TRUE,-0.198416630645362,0.000669769146139195,FALSE
"ENSMUSG00000032425","Zfp949","chr9",88434714,88434914,200,"Regular (>50bp)",-0.105,7.9664955433762e-05,TRUE,-0.235534612160308,0.0188484135455534,FALSE
"ENSMUSG00000032463","Faim","chr9",98872967,98873024,57,"Regular (>50bp)",0.182,4.91114595799159e-12,TRUE,-0.050439889068346,0.623250362124866,FALSE
"ENSMUSG00000032479","Map4","chr9",109893295,109893517,222,"Regular (>50bp)",0.134,4.99258529255247e-13,TRUE,0.0242489583768116,0.741605748876027,FALSE
"ENSMUSG00000032534","Cep63","chr9",102498894,102498927,33,"Small (30-50bp)",-0.364,0.0257460231779752,TRUE,-0.144846023607222,0.189140482858622,FALSE
"ENSMUSG00000032534","Cep63","chr9",102500754,102500792,38,"Small (30-50bp)",0.548,0.0030228753200067,TRUE,-0.144846023607222,0.189140482858622,FALSE
"ENSMUSG00000032561","Acpp","chr9",104184083,104184187,104,"Regular (>50bp)",-0.005,1,FALSE,1.0133571581497,7.24209857466601e-17,TRUE
"ENSMUSG00000032570","Atp2c1","chr9",105370741,105370753,12,"Microexon (0-30bp)",0.168,5.43819269842008e-06,TRUE,-0.54184290162952,3.73567846461649e-20,FALSE
"ENSMUSG00000032586","Traip","chr9",107833592,107833628,36,"Small (30-50bp)",-0.128,0.00974138989966312,TRUE,0.366467380305957,2.94591853896516e-07,FALSE
"ENSMUSG00000032594","Ip6k1","chr9",107922444,107922512,68,"Regular (>50bp)",-0.131,7.33897502342802e-06,TRUE,-0.295270248393291,3.32894302769011e-07,FALSE
"ENSMUSG00000032599","Ip6k2","chr9",108673739,108673771,32,"Small (30-50bp)",0.202,0.00135350089455971,TRUE,-0.104008045716233,0.108464814954841,FALSE
"ENSMUSG00000032599","Ip6k2","chr9",108673739,108673771,32,"Small (30-50bp)",0.141,2.0295899336164e-10,TRUE,-0.104008045716233,0.108464814954841,FALSE
"ENSMUSG00000032621","Srek1","chr13",103900803,103900927,124,"Regular (>50bp)",0.134,5.42052117477125e-11,TRUE,-0.626809129620951,2.51861766061545e-09,FALSE
"ENSMUSG00000032624","Eml4","chr17",83732686,83732860,174,"Regular (>50bp)",0.105,0.00335952453844866,TRUE,-0.221415197525793,4.0402095446704e-05,FALSE
"ENSMUSG00000032624","Eml4","chr17",83734651,83734780,129,"Regular (>50bp)",0.17,4.0523453940791e-06,TRUE,-0.221415197525793,4.0402095446704e-05,FALSE
"ENSMUSG00000032624","Eml4","chr17",83732686,83732860,174,"Regular (>50bp)",0.239,7.77367782715381e-09,TRUE,-0.221415197525793,4.0402095446704e-05,FALSE
"ENSMUSG00000032637","Atxn2l","chr7",126091615,126091780,165,"Regular (>50bp)",-0.169,0.00962200021749424,TRUE,-0.0553370281983176,0.347324265616431,FALSE
"ENSMUSG00000032735","Ablim3","chr18",61952059,61952158,99,"Regular (>50bp)",0.285,0.0228211594612125,TRUE,0.178890430258758,0.318648569940299,FALSE
"ENSMUSG00000032745","Gpbp1","chr13",111584429,111584489,60,"Regular (>50bp)",0.147,1.12980666838728e-10,TRUE,-0.384833133839917,1.51543576272575e-07,FALSE
"ENSMUSG00000032826","Ank2","chr3",126772904,126772916,12,"Microexon (0-30bp)",0.138,0.00303344410374097,TRUE,-0.0319478882287479,0.746306343989379,FALSE
"ENSMUSG00000032826","Ank2","chr3",126757031,126757130,99,"Regular (>50bp)",0.192,7.50203677072801e-08,TRUE,-0.0319478882287479,0.746306343989379,FALSE
"ENSMUSG00000032999","Nlrp4f","chr13",65335254,65335422,168,"Regular (>50bp)",0.254,2.14332252434951e-06,TRUE,-0.576083894510529,7.10093011487596e-05,FALSE
"ENSMUSG00000033004","Mycbp2","chr14",103414691,103414766,75,"Regular (>50bp)",0.116,2.38844283871793e-09,TRUE,-0.197611786821873,0.00178436766547914,FALSE
"ENSMUSG00000033014","Trim33","chr3",103260882,103260933,51,"Regular (>50bp)",-0.121,0.00335937572756558,TRUE,-0.111743553177094,0.0700312613746875,FALSE
"ENSMUSG00000033102","Cdc14b","chr13",64353084,64353231,147,"Regular (>50bp)",0.31,0.0309096415828087,TRUE,0.284978895609829,0.047458260084377,FALSE
"ENSMUSG00000033102","Cdc14b","chr13",64349145,64349262,117,"Regular (>50bp)",0.53,0.00665417757844717,TRUE,0.284978895609829,0.047458260084377,FALSE
"ENSMUSG00000033102","Cdc14b","chr13",64373385,64373462,77,"Regular (>50bp)",-0.179,0.000169215324324696,TRUE,0.284978895609829,0.047458260084377,FALSE
"ENSMUSG00000033207","Mamdc2","chr19",23330667,23330811,144,"Regular (>50bp)",-0.01,1,FALSE,1.30266575611736,1.93919922527224e-06,TRUE
"ENSMUSG00000033207","Mamdc2","chr19",23341073,23341330,257,"Regular (>50bp)",-0.081,0.000880342524426415,FALSE,1.30266575611736,1.93919922527224e-06,TRUE
"ENSMUSG00000033207","Mamdc2","chr19",23354629,23354714,85,"Regular (>50bp)",0.04,0.0862626410382276,FALSE,1.30266575611736,1.93919922527224e-06,TRUE
"ENSMUSG00000033207","Mamdc2","chr19",23288125,23288385,260,"Regular (>50bp)",-0.01,1,FALSE,1.30266575611736,1.93919922527224e-06,TRUE
"ENSMUSG00000033207","Mamdc2","chr19",23311354,23311448,94,"Regular (>50bp)",-0.003,1,FALSE,1.30266575611736,1.93919922527224e-06,TRUE
"ENSMUSG00000033213","AA467197","chr2",122480176,122480262,86,"Regular (>50bp)",-0.217,0.000733043013247745,TRUE,0.918708205318758,0.300093738734891,FALSE
"ENSMUSG00000033256","Shf","chr2",122185955,122186096,141,"Regular (>50bp)",0.133,0.0225009965177799,TRUE,0.454422069424569,4.79730769054581e-08,FALSE
"ENSMUSG00000033287","Kctd17","chr15",78321100,78321163,63,"Regular (>50bp)",-0.118,4.19312815696982e-08,TRUE,0.222386153349405,8.33540379842035e-05,FALSE
"ENSMUSG00000033287","Kctd17","chr15",78321100,78321299,199,"Regular (>50bp)",-0.104,2.01811057122995e-08,TRUE,0.222386153349405,8.33540379842035e-05,FALSE
"ENSMUSG00000033287","Kctd17","chr15",78321100,78321194,94,"Regular (>50bp)",-0.105,1.22512633473975e-07,TRUE,0.222386153349405,8.33540379842035e-05,FALSE
"ENSMUSG00000033306","Lpp","chr16",24261530,24261640,110,"Regular (>50bp)",0.164,0.00380042718687976,TRUE,-0.288056066109547,0.000337262425053717,FALSE
"ENSMUSG00000033308","Dpyd","chr3",118553304,118553392,88,"Regular (>50bp)",0.004,1,FALSE,-1.07781311388562,1.8668114704977e-40,TRUE
"ENSMUSG00000033308","Dpyd","chr3",118590996,118591193,197,"Regular (>50bp)",-0.093,0.213430686160825,FALSE,-1.07781311388562,1.8668114704977e-40,TRUE
"ENSMUSG00000033308","Dpyd","chr3",118404093,118404204,111,"Regular (>50bp)",-0.006,1,FALSE,-1.07781311388562,1.8668114704977e-40,TRUE
"ENSMUSG00000033308","Dpyd","chr3",118575484,118575646,162,"Regular (>50bp)",0.015,1,FALSE,-1.07781311388562,1.8668114704977e-40,TRUE
"ENSMUSG00000033308","Dpyd","chr3",118575484,118575646,162,"Regular (>50bp)",-0.018,1,FALSE,-1.07781311388562,1.8668114704977e-40,TRUE
"ENSMUSG00000033308","Dpyd","chr3",118590996,118591193,197,"Regular (>50bp)",-0.005,1,FALSE,-1.07781311388562,1.8668114704977e-40,TRUE
"ENSMUSG00000033335","Dnm2","chr9",21401953,21401965,12,"Microexon (0-30bp)",0.118,0.000947054302203747,TRUE,-0.138169251107558,0.0333740429678133,FALSE
"ENSMUSG00000033382","Trappc8","chr18",20988877,20988895,18,"Microexon (0-30bp)",0.11,7.28534664518961e-06,TRUE,-0.228765851963401,0.000202164890741864,FALSE
"ENSMUSG00000033392","Clasp2","chr9",113687648,113687672,24,"Microexon (0-30bp)",0.252,1.26060491336164e-07,TRUE,-0.358928137017972,2.68066208999152e-08,FALSE
"ENSMUSG00000033419","Snap91","chr9",86672108,86672192,84,"Regular (>50bp)",0.209,1.80701390240478e-07,TRUE,-0.0429635217504359,0.518188828075397,FALSE
"ENSMUSG00000033419","Snap91","chr9",86680882,86680897,15,"Microexon (0-30bp)",0.195,0.000122089744963173,TRUE,-0.0429635217504359,0.518188828075397,FALSE
"ENSMUSG00000033486","Catsper2","chr2",121236809,121236934,125,"Regular (>50bp)",0.133,0.0090493144473826,TRUE,-0.0981425434658739,0.451188971635545,FALSE
"ENSMUSG00000033486","Catsper2","chr2",121230217,121230317,100,"Regular (>50bp)",-0.128,0.0469947582287635,TRUE,-0.0981425434658739,0.451188971635545,FALSE
"ENSMUSG00000033543","Gtf2a2","chr9",69924354,69924473,119,"Regular (>50bp)",-0.147,0.023014654534906,TRUE,0.0294284644462856,0.751263011547516,FALSE
"ENSMUSG00000033579","Fa2h","chr8",112073425,112073474,49,"Small (30-50bp)",0.007,1,FALSE,1.2717502935037,1.70592275359774e-07,TRUE
"ENSMUSG00000033697","Arhgap39","chr15",76614563,76614656,93,"Regular (>50bp)",0.25,2.32344502416303e-10,TRUE,0.5014953967611,2.60221497918822e-12,FALSE
"ENSMUSG00000033762","Recql4","chr15",76592526,76592634,108,"Regular (>50bp)",-0.001,1,FALSE,1.19788774843295,8.69369422872023e-45,TRUE
"ENSMUSG00000033762","Recql4","chr15",76589390,76589643,253,"Regular (>50bp)",0.008,1,FALSE,1.19788774843295,8.69369422872023e-45,TRUE
"ENSMUSG00000033819","Ppp1r16a","chr15",76573527,76573694,167,"Regular (>50bp)",0.114,0.0280678457845143,TRUE,0.114377766148795,0.198100043714939,FALSE
"ENSMUSG00000033902","Mapkbp1","chr2",119843781,119843799,18,"Microexon (0-30bp)",0.12,0.000138854636536258,TRUE,-0.106830890177425,0.278602248748486,FALSE
"ENSMUSG00000033981","Gria2","chr3",80596409,80596658,249,"Regular (>50bp)",-0.012,1,FALSE,-1.06226875662013,2.4716594453464e-05,TRUE
"ENSMUSG00000033981","Gria2","chr3",80597710,80597825,115,"Regular (>50bp)",-0.009,1,FALSE,-1.06226875662013,2.4716594453464e-05,TRUE
"ENSMUSG00000033981","Gria2","chr3",80598626,80598741,115,"Regular (>50bp)",0.015,1,FALSE,-1.06226875662013,2.4716594453464e-05,TRUE
"ENSMUSG00000033981","Gria2","chr3",80598626,80598741,115,"Regular (>50bp)",0.035,0.859884221892488,FALSE,-1.06226875662013,2.4716594453464e-05,TRUE
"ENSMUSG00000033981","Gria2","chr3",80599009,80599050,41,"Small (30-50bp)",0.127,0.500017315738619,FALSE,-1.06226875662013,2.4716594453464e-05,TRUE
"ENSMUSG00000033981","Gria2","chr3",80599009,80599050,41,"Small (30-50bp)",0.036,1,FALSE,-1.06226875662013,2.4716594453464e-05,TRUE
"ENSMUSG00000033981","Gria2","chr3",80614194,80614565,371,"Regular (>50bp)",-0.004,1,FALSE,-1.06226875662013,2.4716594453464e-05,TRUE
"ENSMUSG00000034006","Slc66a2","chr18",80315676,80315730,54,"Regular (>50bp)",-0.121,0.0273691314620483,TRUE,0.188474814628696,0.03956438768901,FALSE
"ENSMUSG00000034032","Rpap1","chr2",119617701,119617778,77,"Regular (>50bp)",-0.138,0.00302989543199504,TRUE,-0.0831632342378943,0.307295650931194,FALSE
"ENSMUSG00000034059","Ypel4","chr2",84567407,84567451,44,"Small (30-50bp)",0,1,FALSE,-1.01891036179596,2.80898597930225e-18,TRUE
"ENSMUSG00000034071","Zfp551","chr7",12152469,12152593,124,"Regular (>50bp)",-0.184,0.0141996762987254,TRUE,-0.22182184625436,0.226664158541975,FALSE
"ENSMUSG00000034211","Mrps17","chr5",129792747,129793005,258,"Regular (>50bp)",-0.103,4.42357879944787e-07,TRUE,0.052307248548531,0.596232797684936,FALSE
"ENSMUSG00000034211","Mrps17","chr5",129792747,129792976,229,"Regular (>50bp)",-0.108,1.80701390240478e-07,TRUE,0.052307248548531,0.596232797684936,FALSE
"ENSMUSG00000034211","Mrps17","chr5",129792747,129792922,175,"Regular (>50bp)",-0.111,9.57615469921395e-08,TRUE,0.052307248548531,0.596232797684936,FALSE
"ENSMUSG00000034274","Thoc5","chr11",4861434,4861470,36,"Small (30-50bp)",0.174,0,TRUE,0.149432812564432,0.0396651600123152,FALSE
"ENSMUSG00000034312","Iqsec1","chr6",90764099,90764144,45,"Small (30-50bp)",0.213,0.000203414095322047,TRUE,-0.150439751300126,0.0329361057304953,FALSE
"ENSMUSG00000034334","Fam151b","chr13",92610470,92610636,166,"Regular (>50bp)",-0.369,0.00115796740267725,TRUE,0.226042002707635,0.539884119461467,FALSE
"ENSMUSG00000034343","Ube2f","chr1",91181481,91181549,68,"Regular (>50bp)",0.159,0.00125459239049319,TRUE,0.53803827339486,1.01749974438008e-13,FALSE
"ENSMUSG00000034377","Tulp4","chr17",6168570,6168641,71,"Regular (>50bp)",0.184,0.0204387930651285,TRUE,-0.0616017456323894,0.259909836821995,FALSE
"ENSMUSG00000034401","Spata6","chr4",111603337,111603475,138,"Regular (>50bp)",0.11,0.0214906933101873,TRUE,-0.149302802391109,0.167312221672733,FALSE
"ENSMUSG00000034462","Pkd2","chr5",104638509,104638630,121,"Regular (>50bp)",0.212,0.00312821758295085,TRUE,0.00412962486879517,0.971421497834421,FALSE
"ENSMUSG00000034473","Sec22a","chr16",35167968,35168163,195,"Regular (>50bp)",-0.144,1.3670622159289e-07,TRUE,0.0500085601021427,0.692639525216292,FALSE
"ENSMUSG00000034518","Hmgxb4","chr8",75726626,75726741,115,"Regular (>50bp)",-0.107,0.00606706097655591,TRUE,-0.281472004581742,1.52164596178778e-05,FALSE
"ENSMUSG00000034518","Hmgxb4","chr8",75725462,75725566,104,"Regular (>50bp)",0.177,2.32344502416303e-10,TRUE,-0.281472004581742,1.52164596178778e-05,FALSE
"ENSMUSG00000034602","Mon2","chr10",122858990,122858993,3,"Microexon (0-30bp)",0.104,0.00513475016025838,TRUE,-0.00659945729031922,0.935133497304283,FALSE
"ENSMUSG00000034757","Tmub2","chr11",102176489,102176544,55,"Regular (>50bp)",0.101,0.00667402540408593,TRUE,-0.0300018443818509,0.74285342316231,FALSE
"ENSMUSG00000034771","Tle2","chr10",81411411,81411525,114,"Regular (>50bp)",-0.039,1,FALSE,-1.10142074231719,3.39531348072892e-17,TRUE
"ENSMUSG00000034771","Tle2","chr10",81422046,81422171,125,"Regular (>50bp)",-0.014,1,FALSE,-1.10142074231719,3.39531348072892e-17,TRUE
"ENSMUSG00000034771","Tle2","chr10",81422046,81422207,161,"Regular (>50bp)",-0.012,1,FALSE,-1.10142074231719,3.39531348072892e-17,TRUE
"ENSMUSG00000034771","Tle2","chr10",81424642,81424793,151,"Regular (>50bp)",0.055,0.00486650585162723,FALSE,-1.10142074231719,3.39531348072892e-17,TRUE
"ENSMUSG00000034771","Tle2","chr10",81425253,81425330,77,"Regular (>50bp)",0.004,1,FALSE,-1.10142074231719,3.39531348072892e-17,TRUE
"ENSMUSG00000034771","Tle2","chr10",81425253,81425330,77,"Regular (>50bp)",0.008,1,FALSE,-1.10142074231719,3.39531348072892e-17,TRUE
"ENSMUSG00000034771","Tle2","chr10",81413462,81413525,63,"Regular (>50bp)",0.077,0.00182013408006917,FALSE,-1.10142074231719,3.39531348072892e-17,TRUE
"ENSMUSG00000034771","Tle2","chr10",81419846,81419923,77,"Regular (>50bp)",-0.001,1,FALSE,-1.10142074231719,3.39531348072892e-17,TRUE
"ENSMUSG00000034839","Larp6","chr9",60631429,60631640,211,"Regular (>50bp)",-0.048,1,FALSE,1.27922953252548,0.000916007085541419,TRUE
"ENSMUSG00000034842","Art3","chr5",92553801,92553838,37,"Small (30-50bp)",-0.136,7.53265193187456e-06,TRUE,-0.167078522727534,0.333198567463807,FALSE
"ENSMUSG00000034842","Art3","chr5",92553802,92553838,36,"Small (30-50bp)",-0.112,0.0444706993217716,TRUE,-0.167078522727534,0.333198567463807,FALSE
"ENSMUSG00000034908","Sidt2","chr9",45858838,45858850,12,"Microexon (0-30bp)",0.156,5.41086159805272e-06,TRUE,-0.0849338723104448,0.322179984960452,FALSE
"ENSMUSG00000034908","Sidt2","chr9",45858926,45858995,69,"Regular (>50bp)",0.116,0.0271632014999059,TRUE,-0.0849338723104448,0.322179984960452,FALSE
"ENSMUSG00000034973","Dop1a","chr9",86388923,86388953,30,"Microexon (0-30bp)",0.195,0.042844740993165,TRUE,-0.403034459449501,1.22884857661062e-06,FALSE
"ENSMUSG00000035021","Baz1a","chr12",54970169,54970265,96,"Regular (>50bp)",0.182,0.000440533447488646,TRUE,-0.157259464571929,0.0109572551908228,FALSE
"ENSMUSG00000035133","Arhgap5","chr12",52562889,52566750,3861,"Regular (>50bp)",-0.171,0.0294509356085971,TRUE,-0.47697400048305,0.0392824620693481,FALSE
"ENSMUSG00000035133","Arhgap5","chr12",52562889,52566750,3861,"Regular (>50bp)",-0.101,0.00383304362850267,TRUE,-0.47697400048305,0.0392824620693481,FALSE
"ENSMUSG00000035227","Spcs2","chr7",99498363,99498459,96,"Regular (>50bp)",-0.291,0.0278011855647572,TRUE,-0.02828471001825,0.769950626035033,FALSE
"ENSMUSG00000035227","Spcs2","chr7",99498363,99498459,96,"Regular (>50bp)",0.272,0.0107292740115184,TRUE,-0.02828471001825,0.769950626035033,FALSE
"ENSMUSG00000035284","Vps13c","chr9",67778134,67778200,66,"Regular (>50bp)",0.263,1.1670452762237e-05,TRUE,-0.438295957128446,4.34214892248842e-07,FALSE
"ENSMUSG00000035284","Vps13c","chr9",67773461,67773524,63,"Regular (>50bp)",0.127,0.0227523019080206,TRUE,-0.438295957128446,4.34214892248842e-07,FALSE
"ENSMUSG00000035469","Rcbtb1","chr14",59444252,59444379,127,"Regular (>50bp)",-0.509,0.0068701276387848,TRUE,-0.126948288494819,0.138010684974829,FALSE
"ENSMUSG00000035476","Tab3","chrX",84619155,84619216,61,"Regular (>50bp)",-0.105,0.00789784768877363,TRUE,-0.277923495509543,0.00645398274175648,FALSE
"ENSMUSG00000035513","Ntng2","chr2",29088825,29088927,102,"Regular (>50bp)",0.184,0.000214611740627023,TRUE,0.12027536381767,0.0428901376934972,FALSE
"ENSMUSG00000035597","Prpf39","chr12",65090316,65090385,69,"Regular (>50bp)",-0.126,0.000428683462664967,TRUE,-0.845730568163672,4.47416778363218e-05,FALSE
"ENSMUSG00000035629","Rubcn","chr16",32661906,32661951,45,"Small (30-50bp)",0.329,0,TRUE,0.184767752054065,0.0112106794999349,FALSE
"ENSMUSG00000035640","Cbarp","chr10",79972538,79972577,39,"Small (30-50bp)",-0.193,6.82236601168504e-07,TRUE,0.291094044029147,1.99808602247762e-06,FALSE
"ENSMUSG00000035640","Cbarp","chr10",79972496,79972577,81,"Regular (>50bp)",-0.106,2.75166287953894e-05,TRUE,0.291094044029147,1.99808602247762e-06,FALSE
"ENSMUSG00000035642","Aamdc","chr7",97207337,97207433,96,"Regular (>50bp)",-0.156,0.00643484327265245,TRUE,0.494810649087074,0.00115870784358171,FALSE
"ENSMUSG00000035770","Dync1li2","chr8",105147916,105148035,119,"Regular (>50bp)",-0.276,0.000769181720464315,TRUE,0.0762755771261708,0.302038560593153,FALSE
"ENSMUSG00000035773","Kiss1r","chr10",79756848,79757081,233,"Regular (>50bp)",0.121,0.0126045761172172,TRUE,-0.0474313767239213,0.734773827089965,FALSE
"ENSMUSG00000035910","Dcdc2a","chr13",25303229,25303389,160,"Regular (>50bp)",0.009,1,FALSE,-1.19909202259933,4.09283889377802e-14,TRUE
"ENSMUSG00000035954","Dock4","chr12",40844595,40844622,27,"Microexon (0-30bp)",0.164,0,TRUE,-0.682984519480869,1.64288265365475e-32,FALSE
"ENSMUSG00000036009","Mettl25","chr10",105671987,105672081,94,"Regular (>50bp)",0.144,0.00340828093232473,TRUE,-0.32324638089131,0.0624118942554915,FALSE
"ENSMUSG00000036053","Fmnl2","chr2",53018728,53018854,126,"Regular (>50bp)",-0.231,1.47698056988194e-05,TRUE,-0.200316436817945,1.27407040422277e-05,FALSE
"ENSMUSG00000036091","Hyal3","chr9",107461950,107462864,914,"Regular (>50bp)",-0.359,0.00333735927862648,TRUE,-0.568978019833651,0.0612562675129449,FALSE
"ENSMUSG00000036104","Rab3gap1","chr1",127869330,127869351,21,"Microexon (0-30bp)",0.191,7.9279837253698e-07,TRUE,-0.246387380358653,2.03115069619583e-05,FALSE
"ENSMUSG00000036167","Pphln1","chr15",93318164,93318371,207,"Regular (>50bp)",-0.129,0.0429116380875512,TRUE,0.1321547652841,0.0309579133937726,FALSE
"ENSMUSG00000036180","Gatad2a","chr8",70364813,70364888,75,"Regular (>50bp)",0.199,0,TRUE,0.183853440494805,0.0197844168631408,FALSE
"ENSMUSG00000036281","Snapc4","chr2",26268172,26268291,119,"Regular (>50bp)",-0.164,7.76640955183628e-05,TRUE,-0.0764871218204729,0.435551993656896,FALSE
"ENSMUSG00000036333","Kidins220","chr12",25090454,25090568,114,"Regular (>50bp)",0.144,1.89993419291157e-05,TRUE,-0.274965574895183,3.87537889803556e-07,FALSE
"ENSMUSG00000036435","Exoc1","chr5",76688593,76688614,21,"Microexon (0-30bp)",0.252,1.58910376195037e-06,TRUE,-0.432723507830775,1.19651457688491e-07,FALSE
"ENSMUSG00000036528","Ppfibp2","chr7",107327922,107327955,33,"Small (30-50bp)",0.114,0.000795244334296005,TRUE,-0.190338106883605,0.00775151521212414,FALSE
"ENSMUSG00000036529","Sbf1","chr15",89191374,89191398,24,"Microexon (0-30bp)",0.134,0,TRUE,0.0974699843819487,0.132360620465798,FALSE
"ENSMUSG00000036578","Fxyd7","chr7",30746797,30746827,30,"Microexon (0-30bp)",0.198,0.000914872697111681,TRUE,-0.812369598464249,0.00572785142410238,FALSE
"ENSMUSG00000036591","Arhgap21","chr2",20888010,20888040,30,"Microexon (0-30bp)",0.21,4.24107750950333e-05,TRUE,-0.0636648142617218,0.403584596744484,FALSE
"ENSMUSG00000036639","Nudt1","chr5",140318149,140318228,79,"Regular (>50bp)",0.122,0.0206178233682496,TRUE,0.438704838874751,9.07265813466689e-07,FALSE
"ENSMUSG00000036644","Tbc1d9b","chr11",50054988,50055039,51,"Regular (>50bp)",0.261,1.62944918111763e-07,TRUE,-0.0283161062855511,0.75198994370348,FALSE
"ENSMUSG00000036644","Tbc1d9b","chr11",50058995,50059052,57,"Regular (>50bp)",0.132,2.08276753500005e-06,TRUE,-0.0283161062855511,0.75198994370348,FALSE
"ENSMUSG00000036745","Ttll7","chr3",146647573,146647648,75,"Regular (>50bp)",0.158,7.11283720357769e-06,TRUE,-0.195214586763527,0.00453867735165722,FALSE
"ENSMUSG00000036768","Kif15","chr9",122800753,122800851,98,"Regular (>50bp)",0.143,0.000982195229411084,TRUE,-0.25993719774608,0.0226871879246765,FALSE
"ENSMUSG00000036817","Sun1","chr5",139216881,139216992,111,"Regular (>50bp)",0.119,6.63382162493851e-06,TRUE,-0.0121928054152451,0.87831507774726,FALSE
"ENSMUSG00000036817","Sun1","chr5",139215507,139215699,192,"Regular (>50bp)",0.156,5.07816002564625e-05,TRUE,-0.0121928054152451,0.87831507774726,FALSE
"ENSMUSG00000036817","Sun1","chr5",139216527,139216593,66,"Regular (>50bp)",0.152,0.00473141441470963,TRUE,-0.0121928054152451,0.87831507774726,FALSE
"ENSMUSG00000036882","Arhgap33","chr7",30233527,30233637,110,"Regular (>50bp)",0.106,0.00115534978083547,TRUE,-0.00131086191331203,0.994063883757367,FALSE
"ENSMUSG00000037058","Paip2","chr18",35742645,35742726,81,"Regular (>50bp)",-0.142,0.0387226345534778,TRUE,-0.523254169790125,2.80956255198485e-21,FALSE
"ENSMUSG00000037058","Paip2","chr18",35741790,35741872,82,"Regular (>50bp)",-0.309,3.17370266977382e-06,TRUE,-0.523254169790125,2.80956255198485e-21,FALSE
"ENSMUSG00000037058","Paip2","chr18",35741790,35741872,82,"Regular (>50bp)",-0.442,0.0224630764273715,TRUE,-0.523254169790125,2.80956255198485e-21,FALSE
"ENSMUSG00000037058","Paip2","chr18",35741790,35741872,82,"Regular (>50bp)",-0.261,0.00583729528933631,TRUE,-0.523254169790125,2.80956255198485e-21,FALSE
"ENSMUSG00000037058","Paip2","chr18",35733097,35733170,73,"Regular (>50bp)",0.423,1.06160668563504e-06,TRUE,-0.523254169790125,2.80956255198485e-21,FALSE
"ENSMUSG00000037126","Psd","chr19",46315336,46315446,110,"Regular (>50bp)",-0.107,0.0379609693782597,TRUE,-0.113093291506017,0.0770644995435643,FALSE
"ENSMUSG00000037151","Lrrc20","chr10",61318114,61318261,147,"Regular (>50bp)",0.141,3.18745522513594e-10,TRUE,0.424418990479574,1.04320952651825e-08,FALSE
"ENSMUSG00000037211","Spry1","chr3",37694668,37694957,289,"Regular (>50bp)",-0.151,0.040402602286648,TRUE,-0.218677763765534,0.00126437785545735,FALSE
"ENSMUSG00000037236","Matr3","chr18",35695947,35696153,206,"Regular (>50bp)",0.172,5.52786366995912e-06,TRUE,-0.868289674117246,3.63656670939425e-19,FALSE
"ENSMUSG00000037270","Bltp1","chr3",37077118,37077181,63,"Regular (>50bp)",0.105,0.00384229255135705,TRUE,-0.519764785320185,0.00750530012005737,FALSE
"ENSMUSG00000037318","Traf3ip3","chr1",192877380,192877444,64,"Regular (>50bp)",-0.019,1,FALSE,1.50895796142593,3.90606984528017e-10,TRUE
"ENSMUSG00000037318","Traf3ip3","chr1",192876827,192876857,30,"Microexon (0-30bp)",-0.018,1,FALSE,1.50895796142593,3.90606984528017e-10,TRUE
"ENSMUSG00000037318","Traf3ip3","chr1",192868941,192868987,46,"Small (30-50bp)",0.017,0.844629668328884,FALSE,1.50895796142593,3.90606984528017e-10,TRUE
"ENSMUSG00000037426","Depdc5","chr5",33021501,33021656,155,"Regular (>50bp)",0.134,1.13455362352412e-05,TRUE,0.0986439981366518,0.154289703675161,FALSE
"ENSMUSG00000037426","Depdc5","chr5",33021353,33021656,303,"Regular (>50bp)",0.13,7.71814477123387e-06,TRUE,0.0986439981366518,0.154289703675161,FALSE
"ENSMUSG00000037447","Arid5a","chr1",36355289,36355408,119,"Regular (>50bp)",-0.004,1,FALSE,1.97235415553977,5.6842034783953e-89,TRUE
"ENSMUSG00000037447","Arid5a","chr1",36355289,36355408,119,"Regular (>50bp)",-0.014,1,FALSE,1.97235415553977,5.6842034783953e-89,TRUE
"ENSMUSG00000037447","Arid5a","chr1",36356284,36356743,459,"Regular (>50bp)",0.042,1,FALSE,1.97235415553977,5.6842034783953e-89,TRUE
"ENSMUSG00000037447","Arid5a","chr1",36355292,36355408,116,"Regular (>50bp)",-0.013,1,FALSE,1.97235415553977,5.6842034783953e-89,TRUE
"ENSMUSG00000037447","Arid5a","chr1",36350954,36351049,95,"Regular (>50bp)",0.002,1,FALSE,1.97235415553977,5.6842034783953e-89,TRUE
"ENSMUSG00000037447","Arid5a","chr1",36356690,36356743,53,"Regular (>50bp)",-0.033,1,FALSE,1.97235415553977,5.6842034783953e-89,TRUE
"ENSMUSG00000037447","Arid5a","chr1",36356690,36356743,53,"Regular (>50bp)",0.066,1,FALSE,1.97235415553977,5.6842034783953e-89,TRUE
"ENSMUSG00000037447","Arid5a","chr1",36356284,36356405,121,"Regular (>50bp)",0.018,1,FALSE,1.97235415553977,5.6842034783953e-89,TRUE
"ENSMUSG00000037447","Arid5a","chr1",36356284,36356405,121,"Regular (>50bp)",0.086,1,FALSE,1.97235415553977,5.6842034783953e-89,TRUE
"ENSMUSG00000037447","Arid5a","chr1",36356690,36356743,53,"Regular (>50bp)",-0.002,1,FALSE,1.97235415553977,5.6842034783953e-89,TRUE
"ENSMUSG00000037447","Arid5a","chr1",36357568,36357734,166,"Regular (>50bp)",-0.004,1,FALSE,1.97235415553977,5.6842034783953e-89,TRUE
"ENSMUSG00000037519","Ppfia1","chr7",144056603,144056633,30,"Microexon (0-30bp)",0.265,7.93719172020803e-12,TRUE,0.391315648751665,5.30892710411722e-09,FALSE
"ENSMUSG00000037533","Rapgef6","chr11",54452150,54452220,70,"Regular (>50bp)",-0.183,0.000368485976317547,TRUE,-0.20816561820567,0.00628508627837618,FALSE
"ENSMUSG00000037533","Rapgef6","chr11",54542574,54542589,15,"Microexon (0-30bp)",0.211,0.000564883834454027,TRUE,-0.20816561820567,0.00628508627837618,FALSE
"ENSMUSG00000037541","Shank2","chr7",143961792,143961813,21,"Microexon (0-30bp)",0.216,0.00367211715503187,TRUE,-0.0089631577698167,0.923690170972797,FALSE
"ENSMUSG00000037621","Atoh8","chr6",72204090,72204242,152,"Regular (>50bp)",-0.015,1,FALSE,1.15656609676232,1.18950479343958e-30,TRUE
"ENSMUSG00000037669","Ldah","chr12",8288442,8288615,173,"Regular (>50bp)",0.001,1,FALSE,-1.16122407147866,1.00711559807512e-40,TRUE
"ENSMUSG00000037669","Ldah","chr12",8318363,8318598,235,"Regular (>50bp)",-0.001,1,FALSE,-1.16122407147866,1.00711559807512e-40,TRUE
"ENSMUSG00000037669","Ldah","chr12",8325807,8325890,83,"Regular (>50bp)",-0.001,1,FALSE,-1.16122407147866,1.00711559807512e-40,TRUE
"ENSMUSG00000037669","Ldah","chr12",8288442,8288615,173,"Regular (>50bp)",0.038,0.573413456693614,FALSE,-1.16122407147866,1.00711559807512e-40,TRUE
"ENSMUSG00000037669","Ldah","chr12",8277219,8277363,144,"Regular (>50bp)",0.043,0.0254701645282166,FALSE,-1.16122407147866,1.00711559807512e-40,TRUE
"ENSMUSG00000037669","Ldah","chr12",8277219,8277363,144,"Regular (>50bp)",0.021,0.238594828843364,FALSE,-1.16122407147866,1.00711559807512e-40,TRUE
"ENSMUSG00000037697","Ddhd1","chr14",45860297,45860399,102,"Regular (>50bp)",0.134,0.00534608001040081,TRUE,-0.233273290450017,0.000506370742356432,FALSE
"ENSMUSG00000037697","Ddhd1","chr14",45866310,45866331,21,"Microexon (0-30bp)",0.202,1.72061376212635e-05,TRUE,-0.233273290450017,0.000506370742356432,FALSE
"ENSMUSG00000037697","Ddhd1","chr14",45860297,45860399,102,"Regular (>50bp)",0.208,1.51614692199789e-08,TRUE,-0.233273290450017,0.000506370742356432,FALSE
"ENSMUSG00000037736","Limch1","chr5",67150485,67150521,36,"Small (30-50bp)",-0.131,0.0015000099963555,TRUE,0.318476048131036,6.31483172725942e-05,FALSE
"ENSMUSG00000037822","Smim14","chr5",65608054,65608160,106,"Regular (>50bp)",-0.122,0.011583997547782,TRUE,-0.0828708068741216,0.195110451984424,FALSE
"ENSMUSG00000037857","Nufip2","chr11",77579112,77579157,45,"Small (30-50bp)",0.315,0.0120976829385297,TRUE,-0.433658169160929,2.65529510866269e-08,FALSE
"ENSMUSG00000037994","Slc9b2","chr3",135021641,135021711,70,"Regular (>50bp)",0.121,0.00112495884205944,TRUE,-0.424985947268182,2.7320827003995e-11,FALSE
"ENSMUSG00000037994","Slc9b2","chr3",135024040,135024221,181,"Regular (>50bp)",0.13,0.00216689489824584,TRUE,-0.424985947268182,2.7320827003995e-11,FALSE
"ENSMUSG00000037997","Parp11","chr6",127448510,127448631,121,"Regular (>50bp)",0.298,0.00106953072186993,TRUE,-0.0783997634432083,0.517699290371825,FALSE
"ENSMUSG00000038005","Hpf1","chr8",61353117,61353268,151,"Regular (>50bp)",-0.128,0.0339266958105778,TRUE,-0.113201486349779,0.131220616146931,FALSE
"ENSMUSG00000038074","Fkbp14","chr6",54566257,54566409,152,"Regular (>50bp)",-0.017,0.850768808200479,FALSE,-1.39704337250335,1.14080079439282e-23,TRUE
"ENSMUSG00000038074","Fkbp14","chr6",54563980,54564070,90,"Regular (>50bp)",0.07,0.00264589362284245,FALSE,-1.39704337250335,1.14080079439282e-23,TRUE
"ENSMUSG00000038074","Fkbp14","chr6",54562787,54562915,128,"Regular (>50bp)",0.006,1,FALSE,-1.39704337250335,1.14080079439282e-23,TRUE
"ENSMUSG00000038143","Stox2","chr8",47644667,47644721,54,"Regular (>50bp)",0.109,3.06426728887984e-06,TRUE,-0.0877334789318701,0.167320337743205,FALSE
"ENSMUSG00000038174","Hycc2","chr1",58573643,58573811,168,"Regular (>50bp)",-0.273,0.00583729528933631,TRUE,-0.227176395545248,0.0137655475470986,FALSE
"ENSMUSG00000038290","Smg6","chr11",74872677,74872739,62,"Regular (>50bp)",0.119,0.0106177511211038,TRUE,-0.216442639289617,0.000368849264394242,FALSE
"ENSMUSG00000038371","Sbf2","chr7",109940496,109940571,75,"Regular (>50bp)",0.239,2.67972427983008e-05,TRUE,-0.733474608246088,9.07069308359854e-39,FALSE
"ENSMUSG00000038485","Socs7","chr11",97267822,97267924,102,"Regular (>50bp)",0.183,0.000425332355884638,TRUE,0.339188321697588,4.13130857593508e-07,FALSE
"ENSMUSG00000038485","Socs7","chr11",97267262,97267367,105,"Regular (>50bp)",0.109,0.000297304927191256,TRUE,0.339188321697588,4.13130857593508e-07,FALSE
"ENSMUSG00000038495","Otud7b","chr3",96016022,96016080,58,"Regular (>50bp)",0.191,0.0155706629504126,TRUE,0.117221098374967,0.0634331199050325,FALSE
"ENSMUSG00000038495","Otud7b","chr3",96037541,96037654,113,"Regular (>50bp)",-0.199,0.0338878852318955,TRUE,0.117221098374967,0.0634331199050325,FALSE
"ENSMUSG00000038550","Ciart","chr3",95788492,95788901,409,"Regular (>50bp)",-0.005,1,FALSE,1.07357712614986,8.80936796298376e-29,TRUE
"ENSMUSG00000038550","Ciart","chr3",95788492,95788591,99,"Regular (>50bp)",-0.011,1,FALSE,1.07357712614986,8.80936796298376e-29,TRUE
"ENSMUSG00000038550","Ciart","chr3",95788492,95788591,99,"Regular (>50bp)",-0.009,1,FALSE,1.07357712614986,8.80936796298376e-29,TRUE
"ENSMUSG00000038550","Ciart","chr3",95788492,95788901,409,"Regular (>50bp)",-0.001,1,FALSE,1.07357712614986,8.80936796298376e-29,TRUE
"ENSMUSG00000038618","Rassf7","chr7",140797500,140797625,125,"Regular (>50bp)",-0.12,0.00115252307102536,TRUE,0.192221588473103,0.118107133634439,FALSE
"ENSMUSG00000038618","Rassf7","chr7",140796941,140797625,684,"Regular (>50bp)",-0.112,0.000938360937500695,TRUE,0.192221588473103,0.118107133634439,FALSE
"ENSMUSG00000038670","Mybpc2","chr7",44154989,44155129,140,"Regular (>50bp)",0.008,1,FALSE,2.11838719573175,2.0621714590216e-16,TRUE
"ENSMUSG00000038696","Mapkap1","chr2",34322014,34322342,328,"Regular (>50bp)",0.263,0.000395077248497826,TRUE,0.143015856345839,0.0308102993955939,FALSE
"ENSMUSG00000038775","Vill","chr9",118898950,118899136,186,"Regular (>50bp)",0.141,0.0392330035078151,TRUE,-0.661243265470931,0.00297807248390181,FALSE
"ENSMUSG00000038780","Smurf1","chr5",144830889,144830967,78,"Regular (>50bp)",0.11,4.43877997109333e-08,TRUE,0.377005243489968,2.1991315629345e-07,FALSE
"ENSMUSG00000038807","Rap1gap2","chr11",74458041,74458077,36,"Small (30-50bp)",0.148,0.0299974855054127,TRUE,0.0966249744106153,0.215192974990015,FALSE
"ENSMUSG00000038831","Ralgps1","chr2",33047783,33047941,158,"Regular (>50bp)",0.157,0.0316311016764184,TRUE,-0.359310685574672,3.25657049735014e-08,FALSE
"ENSMUSG00000038831","Ralgps1","chr2",33045299,33045351,52,"Regular (>50bp)",0.167,0.00819283384841814,TRUE,-0.359310685574672,3.25657049735014e-08,FALSE
"ENSMUSG00000038876","Rnf146","chr10",29237280,29237341,61,"Regular (>50bp)",0.111,0.010811363765485,TRUE,-0.0502461245091362,0.647694745648826,FALSE
"ENSMUSG00000039031","Arhgap18","chr10",26788602,26788727,125,"Regular (>50bp)",0.058,0.195875738713002,FALSE,-1.18064327170288,1.65432008107056e-20,TRUE
"ENSMUSG00000039126","Prune2","chr19",17193689,17193737,48,"Small (30-50bp)",0.118,0.0452451347637844,TRUE,-0.294216416497281,2.64919624521133e-05,FALSE
"ENSMUSG00000039126","Prune2","chr19",17189655,17189694,39,"Small (30-50bp)",0.116,0.00583089718009933,TRUE,-0.294216416497281,2.64919624521133e-05,FALSE
"ENSMUSG00000039126","Prune2","chr19",17189655,17189694,39,"Small (30-50bp)",0.113,0.0330137103152969,TRUE,-0.294216416497281,2.64919624521133e-05,FALSE
"ENSMUSG00000039159","Ube2h","chr6",30242536,30242576,40,"Small (30-50bp)",0.13,0.000683516245056237,TRUE,-0.123062380683335,0.0950594467591356,FALSE
"ENSMUSG00000039262","Prrc2b","chr2",32102898,32104959,2061,"Regular (>50bp)",0.157,0,TRUE,0.0131618413170444,0.864627243938997,FALSE
"ENSMUSG00000039275","Foxk2","chr11",121187739,121187915,176,"Regular (>50bp)",-0.253,0.000327331485137548,TRUE,0.0597474473769881,0.428789242111698,FALSE
"ENSMUSG00000039361","Picalm","chr7",89843480,89843504,24,"Microexon (0-30bp)",0.118,1.15267724231651e-07,TRUE,-0.44266963569265,1.65500566846059e-20,FALSE
"ENSMUSG00000039367","Sec24c","chr14",20735279,20735348,69,"Regular (>50bp)",0.143,0.00375217365350685,TRUE,-0.252718767909841,7.11534876026505e-05,FALSE
"ENSMUSG00000039470","Zdhhc2","chr8",40900091,40900186,95,"Regular (>50bp)",0.185,0.000347227357812573,TRUE,-0.292702823244277,2.64464323096892e-06,FALSE
"ENSMUSG00000039477","Tnrc18","chr5",142750523,142750652,129,"Regular (>50bp)",-0.125,5.6780257952858e-05,TRUE,-0.0183535387872143,0.857933440825102,FALSE
"ENSMUSG00000039628","Hs3st6","chr17",24975426,24975518,92,"Regular (>50bp)",0.455,0.000410304083344508,TRUE,-0.991838807192261,3.4430384446395e-25,FALSE
"ENSMUSG00000039671","Zmynd8","chr2",165694787,165694799,12,"Microexon (0-30bp)",0.206,2.98823603224726e-12,TRUE,-0.118127856192132,0.0250719246879943,FALSE
"ENSMUSG00000039716","Dock3","chr9",106774533,106774656,123,"Regular (>50bp)",0.144,1,FALSE,1.74077689715468,3.80490401843384e-11,TRUE
"ENSMUSG00000039844","Rapgef1","chr2",29609604,29609862,258,"Regular (>50bp)",0.128,0.0424017922163595,TRUE,0.410821426226605,3.66439606140797e-10,FALSE
"ENSMUSG00000039844","Rapgef1","chr2",29609604,29609862,258,"Regular (>50bp)",0.162,0.000387121321798303,TRUE,0.410821426226605,3.66439606140797e-10,FALSE
"ENSMUSG00000039860","Srrm3","chr5",135895980,135896000,20,"Microexon (0-30bp)",0.114,0.00026876094254613,TRUE,-0.257556543707442,6.45710435523681e-06,FALSE
"ENSMUSG00000039934","Gsap","chr5",21430560,21430725,165,"Regular (>50bp)",-0.21,0.0476513745860557,TRUE,-0.405152007349222,0.0246347413012049,FALSE
"ENSMUSG00000039943","Plcb4","chr2",135806971,135807007,36,"Small (30-50bp)",0.112,1.34928027767139e-10,TRUE,-0.348335568062596,5.78384049060441e-06,FALSE
"ENSMUSG00000039952","Dag1","chr9",108120087,108120222,135,"Regular (>50bp)",0.104,0.032972071047514,TRUE,-0.011225790730875,0.919612796571466,FALSE
"ENSMUSG00000039958","Etfbkmt","chr6",149044103,149044213,110,"Regular (>50bp)",0.132,0.0297029557121197,TRUE,-0.20949668307226,0.440536815102361,FALSE
"ENSMUSG00000039967","Zfp292","chr4",34826692,34826880,188,"Regular (>50bp)",-0.01,1,FALSE,-1.39192597128545,1.84424927430055e-11,TRUE
"ENSMUSG00000039967","Zfp292","chr4",34826692,34826895,203,"Regular (>50bp)",-0.004,1,FALSE,-1.39192597128545,1.84424927430055e-11,TRUE
"ENSMUSG00000039967","Zfp292","chr4",34839331,34839467,136,"Regular (>50bp)",-0.035,0.0656491771574963,FALSE,-1.39192597128545,1.84424927430055e-11,TRUE
"ENSMUSG00000039967","Zfp292","chr4",34816273,34816415,142,"Regular (>50bp)",-0.011,1,FALSE,-1.39192597128545,1.84424927430055e-11,TRUE
"ENSMUSG00000040111","Gramd1b","chr9",40211735,40211747,12,"Microexon (0-30bp)",0.133,6.265064870653e-05,TRUE,0.30401996726928,5.49111253831989e-07,FALSE
"ENSMUSG00000040123","Zmym5","chr14",57048196,57048316,120,"Regular (>50bp)",0.114,0.000377227763422474,TRUE,-0.383791558703327,0.000186162275314564,FALSE
"ENSMUSG00000040139","9430038I01Rik","chr7",136978683,136978846,163,"Regular (>50bp)",-0.186,0.000441851244589695,TRUE,0.290004934356465,0.062434163110657,FALSE
"ENSMUSG00000040225","Prrc2c","chr1",162501667,162501720,53,"Regular (>50bp)",-0.185,0.000651537906469661,TRUE,-0.505280246583069,7.89612999669441e-12,FALSE
"ENSMUSG00000040225","Prrc2c","chr1",162501671,162501720,49,"Small (30-50bp)",-0.121,3.14841122952943e-07,TRUE,-0.505280246583069,7.89612999669441e-12,FALSE
"ENSMUSG00000040354","Mars1","chr10",127132585,127132609,24,"Microexon (0-30bp)",-0.123,8.84120397101463e-07,TRUE,0.144021712285428,0.010470306545185,FALSE
"ENSMUSG00000040428","Plekha4","chr7",45179905,45180082,177,"Regular (>50bp)",0.177,0.0111124707435613,TRUE,-0.122891186200179,0.64723951623163,FALSE
"ENSMUSG00000040435","Ppp1r15a","chr7",45173162,45174815,1653,"Regular (>50bp)",-0.001,1,FALSE,2.11104958573104,3.16961991075974e-31,TRUE
"ENSMUSG00000040451","Sgms1","chr19",32237375,32237497,122,"Regular (>50bp)",0.14,0.00324301571806219,TRUE,-0.0231945162216041,0.811020378168433,FALSE
"ENSMUSG00000040455","Usp45","chr4",21817500,21817644,144,"Regular (>50bp)",-0.102,0.00213734272654972,TRUE,-0.11189616797445,0.144668859809815,FALSE
"ENSMUSG00000040481","Bptf","chr11",106935317,106935491,174,"Regular (>50bp)",-0.128,1.50868295563312e-09,TRUE,-0.297135072650799,7.30665664262821e-08,FALSE
"ENSMUSG00000040481","Bptf","chr11",106977537,106977723,186,"Regular (>50bp)",-0.12,5.21162027294763e-05,TRUE,-0.297135072650799,7.30665664262821e-08,FALSE
"ENSMUSG00000040537","Adam22","chr5",8202378,8202449,71,"Regular (>50bp)",-0.007,1,FALSE,-1.04153511738375,1.43114437314674e-24,TRUE
"ENSMUSG00000040537","Adam22","chr5",8136593,8136623,30,"Microexon (0-30bp)",0.13,0.00900364149579749,TRUE,-1.04153511738375,1.43114437314674e-24,TRUE
"ENSMUSG00000040537","Adam22","chr5",8282609,8282676,67,"Regular (>50bp)",-0.093,1,FALSE,-1.04153511738375,1.43114437314674e-24,TRUE
"ENSMUSG00000040537","Adam22","chr5",8217326,8217409,83,"Regular (>50bp)",0.022,1,FALSE,-1.04153511738375,1.43114437314674e-24,TRUE
"ENSMUSG00000040537","Adam22","chr5",8161894,8161985,91,"Regular (>50bp)",-0.017,1,FALSE,-1.04153511738375,1.43114437314674e-24,TRUE
"ENSMUSG00000040537","Adam22","chr5",8137981,8138068,87,"Regular (>50bp)",0.002,1,FALSE,-1.04153511738375,1.43114437314674e-24,TRUE
"ENSMUSG00000040557","Mettl27","chr5",134963142,134963278,136,"Regular (>50bp)",0.186,0.00254301092529718,TRUE,-0.954229508974334,2.50547498387032e-23,FALSE
"ENSMUSG00000040669","Phc1","chr6",122309480,122309612,132,"Regular (>50bp)",-0.108,0.0216985677542389,TRUE,0.162803706840946,0.00340692040896211,FALSE
"ENSMUSG00000040687","Madd","chr2",90971153,90971162,9,"Microexon (0-30bp)",0.143,0.000297928868703475,TRUE,0.0722596171218949,0.269114485589243,FALSE
"ENSMUSG00000040711","Sh3pxd2b","chr11",32358967,32359051,84,"Regular (>50bp)",0.172,6.17558934727634e-05,TRUE,0.0751547927934774,0.41203084174365,FALSE
"ENSMUSG00000040782","Cop1","chr1",159147317,159147410,93,"Regular (>50bp)",-0.103,0.00640323077445409,TRUE,0.00641658457344241,0.939389198695166,FALSE
"ENSMUSG00000040929","Rfx3","chr19",27814806,27814881,75,"Regular (>50bp)",0.122,0.00107656566006517,TRUE,-0.515070845590336,4.46824440602349e-12,FALSE
"ENSMUSG00000040940","Arhgef1","chr7",24617944,24617956,12,"Microexon (0-30bp)",0.131,0.000225967412359808,TRUE,-0.197136010018746,0.00142549438409776,FALSE
"ENSMUSG00000040990","Sh3kbp1","chrX",158600237,158600294,57,"Regular (>50bp)",-0.529,0.000846972086302339,TRUE,-0.118311566595775,0.0557474457967462,FALSE
"ENSMUSG00000041225","Arhgap12","chr18",6111684,6112439,755,"Regular (>50bp)",0.105,0.0196174305361452,TRUE,-0.597888953657919,7.47338025126362e-14,FALSE
"ENSMUSG00000041258","Zfp236","chr18",82628729,82628811,82,"Regular (>50bp)",0.124,6.98160478013703e-05,TRUE,0.0110653983392773,0.907251359404169,FALSE
"ENSMUSG00000041264","Uspl1","chr5",149124517,149124686,169,"Regular (>50bp)",-0.165,0.000908714728491691,TRUE,-0.182772549573978,0.00747259109675578,FALSE
"ENSMUSG00000041264","Uspl1","chr5",149124517,149124644,127,"Regular (>50bp)",-0.159,5.78925058828962e-05,TRUE,-0.182772549573978,0.00747259109675578,FALSE
"ENSMUSG00000041570","Camsap2","chr1",136225021,136225054,33,"Small (30-50bp)",0.246,4.82489615225967e-06,TRUE,-0.138756207001931,0.0290235809437292,FALSE
"ENSMUSG00000041607","Mbp","chr18",82597060,82597183,123,"Regular (>50bp)",-0.267,0.00234765851945318,TRUE,0.062829887024427,0.52107367033079,FALSE
"ENSMUSG00000041609","Bicdl1","chr5",115789214,115789323,109,"Regular (>50bp)",0.199,7.39161978378268e-13,TRUE,-0.0300540158533662,0.693168628396313,FALSE
"ENSMUSG00000041609","Bicdl1","chr5",115810202,115810214,12,"Microexon (0-30bp)",0.126,2.96143813022664e-09,TRUE,-0.0300540158533662,0.693168628396313,FALSE
"ENSMUSG00000041654","Slc39a11","chr11",113452831,113452950,119,"Regular (>50bp)",0.224,0.0131015827208678,TRUE,0.305112643121595,0.000233840744115259,FALSE
"ENSMUSG00000041757","Plekha6","chr1",133207110,133207191,81,"Regular (>50bp)",0.104,0.00109266785888335,TRUE,-0.0672935089539808,0.292991422961784,FALSE
"ENSMUSG00000041757","Plekha6","chr1",133202530,133202617,87,"Regular (>50bp)",0.306,8.11253084908894e-12,TRUE,-0.0672935089539808,0.292991422961784,FALSE
"ENSMUSG00000041757","Plekha6","chr1",133208076,133208145,69,"Regular (>50bp)",0.141,9.20097835381683e-05,TRUE,-0.0672935089539808,0.292991422961784,FALSE
"ENSMUSG00000041757","Plekha6","chr1",133203549,133203603,54,"Regular (>50bp)",0.337,0.0392796815597014,TRUE,-0.0672935089539808,0.292991422961784,FALSE
"ENSMUSG00000041757","Plekha6","chr1",133202530,133202617,87,"Regular (>50bp)",0.174,0.000611157526358838,TRUE,-0.0672935089539808,0.292991422961784,FALSE
"ENSMUSG00000041757","Plekha6","chr1",133203549,133203603,54,"Regular (>50bp)",0.158,0.0308872235256755,TRUE,-0.0672935089539808,0.292991422961784,FALSE
"ENSMUSG00000041757","Plekha6","chr1",133213984,133214134,150,"Regular (>50bp)",0.117,0.000154721148876484,TRUE,-0.0672935089539808,0.292991422961784,FALSE
"ENSMUSG00000041769","Ppp2r2d","chr7",138472118,138472231,113,"Regular (>50bp)",-0.426,0.00326530360508196,TRUE,0.31780596901037,1.41703460695046e-06,FALSE
"ENSMUSG00000041890","Git2","chr5",114881791,114881941,150,"Regular (>50bp)",-0.106,0.0251831512160118,TRUE,0.0204772177217109,0.80272290566399,FALSE
"ENSMUSG00000041921","Metap1d","chr2",71352876,71352974,98,"Regular (>50bp)",0.233,5.01587035635454e-06,TRUE,-0.090085878414408,0.495469629709388,FALSE
"ENSMUSG00000041936","Agrn","chr4",156253002,156253026,24,"Microexon (0-30bp)",0.323,0.00409956888691432,TRUE,-0.443821552540714,1.21974748639005e-10,FALSE
"ENSMUSG00000041936","Agrn","chr4",156252233,156252266,33,"Small (30-50bp)",0.13,4.01171260164633e-06,TRUE,-0.443821552540714,1.21974748639005e-10,FALSE
"ENSMUSG00000041977","Arhgef11","chr3",87625535,87625565,30,"Microexon (0-30bp)",0.146,2.78873270258153e-06,TRUE,-0.478566268765095,2.97406898528712e-18,FALSE
"ENSMUSG00000042133","Ppig","chr2",69561834,69561924,90,"Regular (>50bp)",-0.251,0.0365275811240257,TRUE,-0.21027760941642,0.0223875165584697,FALSE
"ENSMUSG00000042138","Msantd2","chr9",37424909,37424999,90,"Regular (>50bp)",-0.217,0.00302076432705106,TRUE,-0.511626052326412,1.39971872566464e-05,FALSE
"ENSMUSG00000042138","Msantd2","chr9",37402751,37402865,114,"Regular (>50bp)",0.178,0.00118993185014624,TRUE,-0.511626052326412,1.39971872566464e-05,FALSE
"ENSMUSG00000042156","Dzip1","chr14",119161308,119161507,199,"Regular (>50bp)",-0.149,0.00537855963073971,TRUE,-0.476083384610358,1.36725701465024e-10,FALSE
"ENSMUSG00000042354","Gnl3","chr14",30735385,30735522,137,"Regular (>50bp)",-0.446,3.06560648323351e-06,TRUE,-0.12204966757222,0.521591867934633,FALSE
"ENSMUSG00000042439","Zfp532","chr18",65715797,65715880,83,"Regular (>50bp)",0.249,0.000121807983286524,TRUE,-0.0354748356719221,0.734933958149846,FALSE
"ENSMUSG00000042507","Mideas","chr12",84201668,84201881,213,"Regular (>50bp)",-0.001,1,FALSE,1.08201739910511,4.13094020857029e-30,TRUE
"ENSMUSG00000042632","Pla2g6","chr15",79211834,79211914,80,"Regular (>50bp)",-0.126,0.00140286639784641,TRUE,-0.426445919038647,5.17189271237474e-12,FALSE
"ENSMUSG00000042675","Ypel3","chr7",126376677,126376789,112,"Regular (>50bp)",-0.36,0.049899539693813,TRUE,-0.154879781385742,0.148462655608617,FALSE
"ENSMUSG00000042787","Exog","chr9",119274352,119274387,35,"Small (30-50bp)",-0.15,0.00871617407300527,TRUE,0.3099453633447,1.28315117074464e-06,FALSE
"ENSMUSG00000042870","Tom1","chr8",75774620,75774705,85,"Regular (>50bp)",0.196,0.0147157502727144,TRUE,-0.116048441611104,0.362854542390182,FALSE
"ENSMUSG00000042870","Tom1","chr8",75776817,75776896,79,"Regular (>50bp)",0.213,0.000581633249307326,TRUE,-0.116048441611104,0.362854542390182,FALSE
"ENSMUSG00000042997","Nhlrc3","chr3",53369052,53369200,148,"Regular (>50bp)",-0.174,0.00150083989069159,TRUE,0.101067943387369,0.342988526958977,FALSE
"ENSMUSG00000043019","Edem3","chr1",151688504,151688552,48,"Small (30-50bp)",0.105,0.000635778430255848,TRUE,-0.093885022869792,0.135070145800785,FALSE
"ENSMUSG00000043019","Edem3","chr1",151688504,151688519,15,"Microexon (0-30bp)",0.115,0.00404923577228385,TRUE,-0.093885022869792,0.135070145800785,FALSE
"ENSMUSG00000043323","Fbrsl1","chr5",110563895,110563931,36,"Small (30-50bp)",-0.145,0.00404923577228385,TRUE,0.0566239626913323,0.545708268116051,FALSE
"ENSMUSG00000043323","Fbrsl1","chr5",110565708,110565813,105,"Regular (>50bp)",-0.127,0.0233842041949229,TRUE,0.0566239626913323,0.545708268116051,FALSE
"ENSMUSG00000043366","Or51e2","chr7",102401471,102402340,869,"Regular (>50bp)",-0.399,0.000671722284162134,TRUE,-1.20661257127418,0.0029504413659239,TRUE
"ENSMUSG00000043384","Gprasp1","chrX",134644311,134644363,52,"Regular (>50bp)",0.109,0.00646971334921933,TRUE,-0.724022776184702,1.02510396457632e-20,FALSE
"ENSMUSG00000043411","Usp48","chr4",137365075,137365201,126,"Regular (>50bp)",-0.126,2.87392006700783e-06,TRUE,-0.530785029009299,1.74713889322759e-11,FALSE
"ENSMUSG00000043760","Pkhd1","chr1",20462235,20462443,208,"Regular (>50bp)",-0.004,1,FALSE,-1.19279866318769,8.00980042170866e-08,TRUE
"ENSMUSG00000043760","Pkhd1","chr1",20573165,20573316,151,"Regular (>50bp)",-0.244,0.670059105978194,FALSE,-1.19279866318769,8.00980042170866e-08,TRUE
"ENSMUSG00000043760","Pkhd1","chr1",20434342,20434455,113,"Regular (>50bp)",0.094,1,FALSE,-1.19279866318769,8.00980042170866e-08,TRUE
"ENSMUSG00000043760","Pkhd1","chr1",20451626,20451818,192,"Regular (>50bp)",-0.229,1,FALSE,-1.19279866318769,8.00980042170866e-08,TRUE
"ENSMUSG00000043831","Lysmd4","chr7",66874123,66874149,26,"Microexon (0-30bp)",0.106,0.0348177002792262,TRUE,-0.103940088427966,0.247193738860246,FALSE
"ENSMUSG00000044067","Gpr22","chr12",31761569,31762560,991,"Regular (>50bp)",0.005,1,FALSE,-1.69810830043308,2.80365144743031e-07,TRUE
"ENSMUSG00000044067","Gpr22","chr12",31761569,31762560,991,"Regular (>50bp)",0.003,1,FALSE,-1.69810830043308,2.80365144743031e-07,TRUE
"ENSMUSG00000044164","Rnf182","chr13",43819233,43819298,65,"Regular (>50bp)",0.115,0.00379761135967753,TRUE,-0.0861296742570809,0.413213688006294,FALSE
"ENSMUSG00000044229","Nxpe4","chr9",48266286,48266387,101,"Regular (>50bp)",0.198,0.0021130485337231,TRUE,-0.535041088768687,1.54510744165102e-05,FALSE
"ENSMUSG00000044229","Nxpe4","chr9",48266286,48266387,101,"Regular (>50bp)",0.161,0.000567537824004322,TRUE,-0.535041088768687,1.54510744165102e-05,FALSE
"ENSMUSG00000044229","Nxpe4","chr9",48144510,48144582,72,"Regular (>50bp)",0.138,0.00115534978083547,TRUE,-0.535041088768687,1.54510744165102e-05,FALSE
"ENSMUSG00000044229","Nxpe4","chr9",48144510,48144582,72,"Regular (>50bp)",0.182,0.000314714118745779,TRUE,-0.535041088768687,1.54510744165102e-05,FALSE
"ENSMUSG00000044712","Slc38a6","chr12",73390442,73390522,80,"Regular (>50bp)",0.319,0.0025309142595526,TRUE,-0.529145218448708,1.01105177078699e-07,FALSE
"ENSMUSG00000045031","Cetn4","chr3",37364085,37364214,129,"Regular (>50bp)",-0.341,1.91301002757188e-05,TRUE,-0.189853217733025,0.213400727034845,FALSE
"ENSMUSG00000045031","Cetn4","chr3",37363493,37363631,138,"Regular (>50bp)",-0.157,3.76735372788883e-06,TRUE,-0.189853217733025,0.213400727034845,FALSE
"ENSMUSG00000045095","Magi1","chr6",93681257,93681341,84,"Regular (>50bp)",0.171,3.15513116702019e-07,TRUE,0.0671427091948013,0.319062084329588,FALSE
"ENSMUSG00000045095","Magi1","chr6",93657769,93657858,89,"Regular (>50bp)",0.156,0,TRUE,0.0671427091948013,0.319062084329588,FALSE
"ENSMUSG00000045098","Kmt5b","chr19",3827461,3827512,51,"Regular (>50bp)",0.138,1.01109542961299e-07,TRUE,0.267311305782237,0.00477201362112028,FALSE
"ENSMUSG00000045102","Poln","chr5",34290454,34290534,80,"Regular (>50bp)",0.031,1,FALSE,-1.55388229519045,0.000745442173893011,TRUE
"ENSMUSG00000045102","Poln","chr5",34325738,34325787,49,"Small (30-50bp)",0.185,0.268195336265085,FALSE,-1.55388229519045,0.000745442173893011,TRUE
"ENSMUSG00000045251","Zfp688","chr7",127019181,127019277,96,"Regular (>50bp)",-0.101,0.000156625548282831,TRUE,0.0663811078549495,0.463185380992653,FALSE
"ENSMUSG00000045252","Zfp574","chr7",24775447,24775538,91,"Regular (>50bp)",-0.227,0.00473327235118602,TRUE,0.137053694655259,0.059730897986898,FALSE
"ENSMUSG00000045312","Lhfpl2","chr13",94271247,94271431,184,"Regular (>50bp)",0.026,0.000566273843442048,FALSE,1.29331826253945,4.85509388932641e-39,TRUE
"ENSMUSG00000045312","Lhfpl2","chr13",94257284,94257343,59,"Regular (>50bp)",-0.003,1,FALSE,1.29331826253945,4.85509388932641e-39,TRUE
"ENSMUSG00000045312","Lhfpl2","chr13",94310530,94311146,616,"Regular (>50bp)",-0.006,1,FALSE,1.29331826253945,4.85509388932641e-39,TRUE
"ENSMUSG00000045349","Sh2d5","chr4",137981141,137981269,128,"Regular (>50bp)",0.142,6.17558934727634e-05,TRUE,-0.32282181491623,0.000236595988769739,FALSE
"ENSMUSG00000045349","Sh2d5","chr4",137980922,137981000,78,"Regular (>50bp)",0.258,0.0165568200991455,TRUE,-0.32282181491623,0.000236595988769739,FALSE
"ENSMUSG00000045411","2410002F23Rik","chr7",43896661,43896840,179,"Regular (>50bp)",0.186,1.83302648422216e-13,TRUE,0.398360218580648,1.64964839992522e-11,FALSE
"ENSMUSG00000045411","2410002F23Rik","chr7",43896674,43896840,166,"Regular (>50bp)",0.173,1.94081444465673e-08,TRUE,0.398360218580648,1.64964839992522e-11,FALSE
"ENSMUSG00000045411","2410002F23Rik","chr7",43896674,43896840,166,"Regular (>50bp)",0.12,0.00719072453852466,TRUE,0.398360218580648,1.64964839992522e-11,FALSE
"ENSMUSG00000045411","2410002F23Rik","chr7",43896674,43896840,166,"Regular (>50bp)",0.211,0,TRUE,0.398360218580648,1.64964839992522e-11,FALSE
"ENSMUSG00000045411","2410002F23Rik","chr7",43897333,43897483,150,"Regular (>50bp)",-0.21,2.452743615685e-11,TRUE,0.398360218580648,1.64964839992522e-11,FALSE
"ENSMUSG00000045411","2410002F23Rik","chr7",43896661,43896840,179,"Regular (>50bp)",0.149,1.27058896427239e-07,TRUE,0.398360218580648,1.64964839992522e-11,FALSE
"ENSMUSG00000045438","Cox19","chr5",139324936,139325140,204,"Regular (>50bp)",-0.201,0.00267618481955599,TRUE,0.090151640579787,0.225664909596086,FALSE
"ENSMUSG00000045482","Trrap","chr5",144747141,144747162,21,"Microexon (0-30bp)",0.291,2.55299855330539e-11,TRUE,-0.227557716583654,5.52058313921817e-05,FALSE
"ENSMUSG00000045482","Trrap","chr5",144746960,144747014,54,"Regular (>50bp)",0.283,0,TRUE,-0.227557716583654,5.52058313921817e-05,FALSE
"ENSMUSG00000045659","Plekha7","chr7",115747487,115747568,81,"Regular (>50bp)",0.228,0.0371142851659549,TRUE,-0.158639308456931,0.0441306012537305,FALSE
"ENSMUSG00000045679","Pqlc3","chr12",17043453,17043574,121,"Regular (>50bp)",-0.136,0.000946648483951806,TRUE,-0.793875284711561,3.23321408348662e-10,FALSE
"ENSMUSG00000045679","Pqlc3","chr12",17047496,17047704,208,"Regular (>50bp)",-0.234,0.000894816080795114,TRUE,-0.793875284711561,3.23321408348662e-10,FALSE
"ENSMUSG00000045761","Togaram2","chr17",72002691,72002738,47,"Small (30-50bp)",0.161,0.000722167580853768,TRUE,-0.160407422830275,0.26234330684141,FALSE
"ENSMUSG00000045983","Eif4g1","chr16",20493535,20493556,21,"Microexon (0-30bp)",0.166,1.83302648422216e-13,TRUE,0.0498814120813983,0.448700381075331,FALSE
"ENSMUSG00000046027","Stard5","chr7",83281943,83281993,50,"Small (30-50bp)",-0.017,0.0074382942758071,FALSE,1.28038778907261,6.75477729534445e-36,TRUE
"ENSMUSG00000046027","Stard5","chr7",83286811,83286905,94,"Regular (>50bp)",0,1,FALSE,1.28038778907261,6.75477729534445e-36,TRUE
"ENSMUSG00000046311","Zfp62","chr11",49094822,49094995,173,"Regular (>50bp)",0.285,0.0122772876275872,TRUE,-0.488660561753684,0.0884739922295432,FALSE
"ENSMUSG00000046338","Gpat2","chr2",127270604,127270709,105,"Regular (>50bp)",-0.031,1,FALSE,-1.34705168281507,4.85015573854019e-12,TRUE
"ENSMUSG00000046338","Gpat2","chr2",127275997,127276146,149,"Regular (>50bp)",0.018,1,FALSE,-1.34705168281507,4.85015573854019e-12,TRUE
"ENSMUSG00000046338","Gpat2","chr2",127276711,127276843,132,"Regular (>50bp)",-0.018,1,FALSE,-1.34705168281507,4.85015573854019e-12,TRUE
"ENSMUSG00000046613","Vwa5b2","chr16",20409219,20409281,62,"Regular (>50bp)",-0.117,0.00430703572166353,TRUE,-0.232070160008698,0.0114899332020731,FALSE
"ENSMUSG00000046798","Cldn12","chr5",5564231,5564376,145,"Regular (>50bp)",0.112,5.6780257952858e-05,TRUE,0.228379925367262,0.00172854226334726,FALSE
"ENSMUSG00000046822","Slc39a3","chr10",80870751,80870843,92,"Regular (>50bp)",0.104,1.39934540556634e-05,TRUE,-0.161476616181281,0.0772679672026446,FALSE
"ENSMUSG00000047021","Cfap65","chr1",74957524,74957653,129,"Regular (>50bp)",-0.196,0.000669189202688561,TRUE,1.66880093720179,3.37137210023848e-19,TRUE
"ENSMUSG00000047021","Cfap65","chr1",74957524,74957653,129,"Regular (>50bp)",0.079,1,FALSE,1.66880093720179,3.37137210023848e-19,TRUE
"ENSMUSG00000047021","Cfap65","chr1",74957524,74957653,129,"Regular (>50bp)",-0.019,1,FALSE,1.66880093720179,3.37137210023848e-19,TRUE
"ENSMUSG00000047021","Cfap65","chr1",74941497,74941635,138,"Regular (>50bp)",-0.035,1,FALSE,1.66880093720179,3.37137210023848e-19,TRUE
"ENSMUSG00000047021","Cfap65","chr1",74958342,74958501,159,"Regular (>50bp)",-0.044,1,FALSE,1.66880093720179,3.37137210023848e-19,TRUE
"ENSMUSG00000047021","Cfap65","chr1",74957992,74958143,151,"Regular (>50bp)",0.129,1,FALSE,1.66880093720179,3.37137210023848e-19,TRUE
"ENSMUSG00000047021","Cfap65","chr1",74957992,74958143,151,"Regular (>50bp)",0.106,0.00333735927862648,TRUE,1.66880093720179,3.37137210023848e-19,TRUE
"ENSMUSG00000047021","Cfap65","chr1",74958342,74958501,159,"Regular (>50bp)",0.5,1,FALSE,1.66880093720179,3.37137210023848e-19,TRUE
"ENSMUSG00000047021","Cfap65","chr1",74955921,74956050,129,"Regular (>50bp)",0.18,0.617629977469873,FALSE,1.66880093720179,3.37137210023848e-19,TRUE
"ENSMUSG00000047021","Cfap65","chr1",74944204,74944249,45,"Small (30-50bp)",0.034,1,FALSE,1.66880093720179,3.37137210023848e-19,TRUE
"ENSMUSG00000047030","Spata2","chr2",167331088,167331288,200,"Regular (>50bp)",-0.36,0.00626746644326413,TRUE,0.849659870765979,5.50764052415088e-33,FALSE
"ENSMUSG00000047045","Tmem164","chrX",141465286,141465945,659,"Regular (>50bp)",0.137,9.66763557410396e-07,TRUE,-0.122187277971693,0.0756526243756215,FALSE
"ENSMUSG00000047248","C2cd3","chr7",100029232,100029332,100,"Regular (>50bp)",0.104,0.00480398491883332,TRUE,0.189955298865861,0.0607876849447654,FALSE
"ENSMUSG00000048000","Gigyf2","chr1",87301718,87301833,115,"Regular (>50bp)",0.202,0.0251771867460651,TRUE,-0.487524444321166,1.30533117390538e-15,FALSE
"ENSMUSG00000048029","Eno4","chr19",58952809,58953005,196,"Regular (>50bp)",-0.115,0.0020738325268988,TRUE,0.169299639554363,0.423522520660415,FALSE
"ENSMUSG00000048029","Eno4","chr19",58952870,58953005,135,"Regular (>50bp)",-0.226,0.00456552838661961,TRUE,0.169299639554363,0.423522520660415,FALSE
"ENSMUSG00000048029","Eno4","chr19",58935083,58935274,191,"Regular (>50bp)",-0.211,0.000835981114338567,TRUE,0.169299639554363,0.423522520660415,FALSE
"ENSMUSG00000048078","Tenm4","chr7",96427025,96427226,201,"Regular (>50bp)",0.016,1,FALSE,1.16484271199023,1.03385106765142e-06,TRUE
"ENSMUSG00000048078","Tenm4","chr7",96454311,96454338,27,"Microexon (0-30bp)",0.102,6.02621193284705e-06,TRUE,1.16484271199023,1.03385106765142e-06,TRUE
"ENSMUSG00000048078","Tenm4","chr7",96145450,96145547,97,"Regular (>50bp)",0.024,1,FALSE,1.16484271199023,1.03385106765142e-06,TRUE
"ENSMUSG00000048078","Tenm4","chr7",96378555,96378732,177,"Regular (>50bp)",0.193,0.0109442627828499,TRUE,1.16484271199023,1.03385106765142e-06,TRUE
"ENSMUSG00000048078","Tenm4","chr7",96145450,96145547,97,"Regular (>50bp)",0.008,1,FALSE,1.16484271199023,1.03385106765142e-06,TRUE
"ENSMUSG00000048078","Tenm4","chr7",96085966,96086065,99,"Regular (>50bp)",0.069,0.685064543955537,FALSE,1.16484271199023,1.03385106765142e-06,TRUE
"ENSMUSG00000048078","Tenm4","chr7",96293205,96293415,210,"Regular (>50bp)",-0.028,1,FALSE,1.16484271199023,1.03385106765142e-06,TRUE
"ENSMUSG00000048078","Tenm4","chr7",96522860,96523738,878,"Regular (>50bp)",0.04,0.233892079877999,FALSE,1.16484271199023,1.03385106765142e-06,TRUE
"ENSMUSG00000048078","Tenm4","chr7",96004562,96004618,56,"Regular (>50bp)",-0.031,0.0348737269528724,FALSE,1.16484271199023,1.03385106765142e-06,TRUE
"ENSMUSG00000048078","Tenm4","chr7",96351848,96351947,99,"Regular (>50bp)",-0.052,0.00363123827962571,FALSE,1.16484271199023,1.03385106765142e-06,TRUE
"ENSMUSG00000048078","Tenm4","chr7",96503923,96503944,21,"Microexon (0-30bp)",-0.012,1,FALSE,1.16484271199023,1.03385106765142e-06,TRUE
"ENSMUSG00000048078","Tenm4","chr7",96085966,96086065,99,"Regular (>50bp)",0.059,0.879579038795704,FALSE,1.16484271199023,1.03385106765142e-06,TRUE
"ENSMUSG00000048249","Crebrf","chr17",26961015,26962105,1090,"Regular (>50bp)",-0.006,1,FALSE,-1.23660884272163,1.75732891949958e-32,TRUE
"ENSMUSG00000048249","Crebrf","chr17",26958516,26958642,126,"Regular (>50bp)",0.002,1,FALSE,-1.23660884272163,1.75732891949958e-32,TRUE
"ENSMUSG00000048249","Crebrf","chr17",26958516,26958642,126,"Regular (>50bp)",-0.007,1,FALSE,-1.23660884272163,1.75732891949958e-32,TRUE
"ENSMUSG00000048249","Crebrf","chr17",26961015,26962105,1090,"Regular (>50bp)",0.027,1,FALSE,-1.23660884272163,1.75732891949958e-32,TRUE
"ENSMUSG00000048249","Crebrf","chr17",26955789,26955957,168,"Regular (>50bp)",-0.024,1,FALSE,-1.23660884272163,1.75732891949958e-32,TRUE
"ENSMUSG00000048249","Crebrf","chr17",26955789,26955957,168,"Regular (>50bp)",-0.229,1,FALSE,-1.23660884272163,1.75732891949958e-32,TRUE
"ENSMUSG00000048249","Crebrf","chr17",26958516,26958642,126,"Regular (>50bp)",-0.033,1,FALSE,-1.23660884272163,1.75732891949958e-32,TRUE
"ENSMUSG00000048249","Crebrf","chr17",26961015,26962105,1090,"Regular (>50bp)",0.007,1,FALSE,-1.23660884272163,1.75732891949958e-32,TRUE
"ENSMUSG00000048249","Crebrf","chr17",26978733,26978923,190,"Regular (>50bp)",-0.01,1,FALSE,-1.23660884272163,1.75732891949958e-32,TRUE
"ENSMUSG00000048249","Crebrf","chr17",26955762,26955957,195,"Regular (>50bp)",-0.021,1,FALSE,-1.23660884272163,1.75732891949958e-32,TRUE
"ENSMUSG00000048249","Crebrf","chr17",26955762,26955957,195,"Regular (>50bp)",-0.023,1,FALSE,-1.23660884272163,1.75732891949958e-32,TRUE
"ENSMUSG00000048249","Crebrf","chr17",26982299,26982422,123,"Regular (>50bp)",-0.004,1,FALSE,-1.23660884272163,1.75732891949958e-32,TRUE
"ENSMUSG00000048249","Crebrf","chr17",26955762,26955957,195,"Regular (>50bp)",-0.194,1,FALSE,-1.23660884272163,1.75732891949958e-32,TRUE
"ENSMUSG00000048440","Cyp4f16","chr17",32766439,32766491,52,"Regular (>50bp)",-0.108,6.77384982015622e-09,TRUE,-0.111127269902912,0.276033030503941,FALSE
"ENSMUSG00000048497","Mmgt2","chr11",62540272,62540374,102,"Regular (>50bp)",0.124,0.00463868739477756,TRUE,-0.272142443158246,0.000179376401163654,FALSE
"ENSMUSG00000048502","Duxbl1","chr14",25980743,25980945,202,"Regular (>50bp)",-0.284,0.00170286026563699,TRUE,-0.311868442906525,0.0665659610399482,FALSE
"ENSMUSG00000048537","Phldb1","chr9",44610123,44610168,45,"Small (30-50bp)",0.15,2.99483816655085e-06,TRUE,-0.256508604767344,3.21191755411214e-06,FALSE
"ENSMUSG00000048652","Samd13","chr3",146390687,146390895,208,"Regular (>50bp)",-0.103,0.0333825528160974,TRUE,0.540691583872354,0.048478156211579,FALSE
"ENSMUSG00000048652","Samd13","chr3",146390687,146390884,197,"Regular (>50bp)",0.377,0.0163937500737733,TRUE,0.540691583872354,0.048478156211579,FALSE
"ENSMUSG00000048677","Tpcn2","chr7",144809616,144809698,82,"Regular (>50bp)",0.122,0.0368168755188428,TRUE,-0.325305747858599,0.000431476059623264,FALSE
"ENSMUSG00000048677","Tpcn2","chr7",144815297,144815416,119,"Regular (>50bp)",-0.124,0.031784210700594,TRUE,-0.325305747858599,0.000431476059623264,FALSE
"ENSMUSG00000048899","Rimkla","chr4",119338188,119338249,61,"Regular (>50bp)",0.227,1.48762805021752e-05,TRUE,-0.487614345183923,1.26674621135014e-07,FALSE
"ENSMUSG00000049252","Lrp1b","chr2",41325528,41325645,117,"Regular (>50bp)",0.011,1,FALSE,-1.43186442993491,6.99174014655664e-19,TRUE
"ENSMUSG00000049252","Lrp1b","chr2",40776652,40776772,120,"Regular (>50bp)",-0.061,1,FALSE,-1.43186442993491,6.99174014655664e-19,TRUE
"ENSMUSG00000049252","Lrp1b","chr2",40640911,40641028,117,"Regular (>50bp)",0.063,1,FALSE,-1.43186442993491,6.99174014655664e-19,TRUE
"ENSMUSG00000049550","Clip1","chr5",123773236,123773341,105,"Regular (>50bp)",0.128,0.0466611028216607,TRUE,-0.013170749338323,0.915304971932162,FALSE
"ENSMUSG00000049676","Catsperg1","chr7",28884861,28885018,157,"Regular (>50bp)",0.038,0.167626780635745,FALSE,-1.30066565639475,9.74461119654725e-08,TRUE
"ENSMUSG00000049676","Catsperg1","chr7",28889637,28889756,119,"Regular (>50bp)",0.099,0.82619403266922,FALSE,-1.30066565639475,9.74461119654725e-08,TRUE
"ENSMUSG00000049676","Catsperg1","chr7",28889637,28890060,423,"Regular (>50bp)",0.057,1,FALSE,-1.30066565639475,9.74461119654725e-08,TRUE
"ENSMUSG00000049676","Catsperg1","chr7",28884419,28884515,96,"Regular (>50bp)",0.007,1,FALSE,-1.30066565639475,9.74461119654725e-08,TRUE
"ENSMUSG00000049676","Catsperg1","chr7",28890959,28891173,214,"Regular (>50bp)",-0.01,1,FALSE,-1.30066565639475,9.74461119654725e-08,TRUE
"ENSMUSG00000049676","Catsperg1","chr7",28890959,28891173,214,"Regular (>50bp)",-0.019,1,FALSE,-1.30066565639475,9.74461119654725e-08,TRUE
"ENSMUSG00000049676","Catsperg1","chr7",28901688,28901860,172,"Regular (>50bp)",-0.021,1,FALSE,-1.30066565639475,9.74461119654725e-08,TRUE
"ENSMUSG00000049676","Catsperg1","chr7",28889861,28890060,199,"Regular (>50bp)",0.008,1,FALSE,-1.30066565639475,9.74461119654725e-08,TRUE
"ENSMUSG00000049676","Catsperg1","chr7",28901688,28901860,172,"Regular (>50bp)",-0.018,1,FALSE,-1.30066565639475,9.74461119654725e-08,TRUE
"ENSMUSG00000049676","Catsperg1","chr7",28901688,28901860,172,"Regular (>50bp)",-0.027,1,FALSE,-1.30066565639475,9.74461119654725e-08,TRUE
"ENSMUSG00000049676","Catsperg1","chr7",28904191,28904347,156,"Regular (>50bp)",0.01,1,FALSE,-1.30066565639475,9.74461119654725e-08,TRUE
"ENSMUSG00000049676","Catsperg1","chr7",28904191,28904347,156,"Regular (>50bp)",0.011,1,FALSE,-1.30066565639475,9.74461119654725e-08,TRUE
"ENSMUSG00000049676","Catsperg1","chr7",28904191,28904347,156,"Regular (>50bp)",0.118,0.391355489030336,FALSE,-1.30066565639475,9.74461119654725e-08,TRUE
"ENSMUSG00000049676","Catsperg1","chr7",28904191,28904347,156,"Regular (>50bp)",-0.007,1,FALSE,-1.30066565639475,9.74461119654725e-08,TRUE
"ENSMUSG00000049676","Catsperg1","chr7",28884103,28884193,90,"Regular (>50bp)",-0.335,0.189501922981722,FALSE,-1.30066565639475,9.74461119654725e-08,TRUE
"ENSMUSG00000049676","Catsperg1","chr7",28884103,28884515,412,"Regular (>50bp)",0.003,1,FALSE,-1.30066565639475,9.74461119654725e-08,TRUE
"ENSMUSG00000049676","Catsperg1","chr7",28884388,28884515,127,"Regular (>50bp)",0.007,1,FALSE,-1.30066565639475,9.74461119654725e-08,TRUE
"ENSMUSG00000049676","Catsperg1","chr7",28906229,28906374,145,"Regular (>50bp)",-0.027,1,FALSE,-1.30066565639475,9.74461119654725e-08,TRUE
"ENSMUSG00000049676","Catsperg1","chr7",28906229,28906374,145,"Regular (>50bp)",0.018,1,FALSE,-1.30066565639475,9.74461119654725e-08,TRUE
"ENSMUSG00000049676","Catsperg1","chr7",28906229,28906374,145,"Regular (>50bp)",0.029,1,FALSE,-1.30066565639475,9.74461119654725e-08,TRUE
"ENSMUSG00000049676","Catsperg1","chr7",28906229,28906374,145,"Regular (>50bp)",0.147,0.936389345440899,FALSE,-1.30066565639475,9.74461119654725e-08,TRUE
"ENSMUSG00000049676","Catsperg1","chr7",28909904,28909958,54,"Regular (>50bp)",0.027,1,FALSE,-1.30066565639475,9.74461119654725e-08,TRUE
"ENSMUSG00000049676","Catsperg1","chr7",28909904,28909958,54,"Regular (>50bp)",-0.001,1,FALSE,-1.30066565639475,9.74461119654725e-08,TRUE
"ENSMUSG00000049676","Catsperg1","chr7",28909904,28909958,54,"Regular (>50bp)",0.028,1,FALSE,-1.30066565639475,9.74461119654725e-08,TRUE
"ENSMUSG00000049676","Catsperg1","chr7",28894638,28894748,110,"Regular (>50bp)",0.125,0.144452967942434,FALSE,-1.30066565639475,9.74461119654725e-08,TRUE
"ENSMUSG00000049676","Catsperg1","chr7",28894837,28894996,159,"Regular (>50bp)",-0.33,0.0911547541354825,FALSE,-1.30066565639475,9.74461119654725e-08,TRUE
"ENSMUSG00000049676","Catsperg1","chr7",28895252,28895364,112,"Regular (>50bp)",0.025,1,FALSE,-1.30066565639475,9.74461119654725e-08,TRUE
"ENSMUSG00000049676","Catsperg1","chr7",28896399,28896493,94,"Regular (>50bp)",0.082,1,FALSE,-1.30066565639475,9.74461119654725e-08,TRUE
"ENSMUSG00000049676","Catsperg1","chr7",28897773,28897833,60,"Regular (>50bp)",0.079,0.00955232908305056,FALSE,-1.30066565639475,9.74461119654725e-08,TRUE
"ENSMUSG00000049676","Catsperg1","chr7",28901688,28901860,172,"Regular (>50bp)",0.013,1,FALSE,-1.30066565639475,9.74461119654725e-08,TRUE
"ENSMUSG00000049676","Catsperg1","chr7",28906229,28906374,145,"Regular (>50bp)",0.122,1,FALSE,-1.30066565639475,9.74461119654725e-08,TRUE
"ENSMUSG00000049676","Catsperg1","chr7",28905978,28906105,127,"Regular (>50bp)",-0.189,0.907024643293193,FALSE,-1.30066565639475,9.74461119654725e-08,TRUE
"ENSMUSG00000049676","Catsperg1","chr7",28905978,28906105,127,"Regular (>50bp)",0.033,1,FALSE,-1.30066565639475,9.74461119654725e-08,TRUE
"ENSMUSG00000049676","Catsperg1","chr7",28884103,28884193,90,"Regular (>50bp)",0.017,1,FALSE,-1.30066565639475,9.74461119654725e-08,TRUE
"ENSMUSG00000049676","Catsperg1","chr7",28905753,28905826,73,"Regular (>50bp)",-0.063,0.0349569185179994,FALSE,-1.30066565639475,9.74461119654725e-08,TRUE
"ENSMUSG00000049676","Catsperg1","chr7",28906229,28906374,145,"Regular (>50bp)",0.139,1,FALSE,-1.30066565639475,9.74461119654725e-08,TRUE
"ENSMUSG00000049676","Catsperg1","chr7",28909904,28909958,54,"Regular (>50bp)",0.023,1,FALSE,-1.30066565639475,9.74461119654725e-08,TRUE
"ENSMUSG00000049676","Catsperg1","chr7",28906229,28906374,145,"Regular (>50bp)",-0.048,1,FALSE,-1.30066565639475,9.74461119654725e-08,TRUE
"ENSMUSG00000049807","Arhgap23","chr11",97382469,97382492,23,"Microexon (0-30bp)",0.228,8.00498907670246e-13,TRUE,0.0782417344747808,0.272687737433136,FALSE
"ENSMUSG00000049811","Fam161a","chr11",22971493,22971661,168,"Regular (>50bp)",0.129,0.000264057140798722,TRUE,-0.351107591401374,7.61181176736508e-07,FALSE
"ENSMUSG00000050357","Carmil2","chr8",106424192,106424273,81,"Regular (>50bp)",-0.121,0.00105203049955051,TRUE,0.275217186716615,0.00274694651173516,FALSE
"ENSMUSG00000050549","Fam241a","chr3",127681603,127681634,31,"Small (30-50bp)",0.154,0.000166478503906857,TRUE,0.129968339253252,0.674660033676781,FALSE
"ENSMUSG00000050565","Tor1aip2","chr1",155916820,155916880,60,"Regular (>50bp)",0.165,0.0340293557953583,TRUE,0.0970840740847319,0.163756533331488,FALSE
"ENSMUSG00000050565","Tor1aip2","chr1",155916820,155916880,60,"Regular (>50bp)",0.23,3.69639618774493e-08,TRUE,0.0970840740847319,0.163756533331488,FALSE
"ENSMUSG00000050565","Tor1aip2","chr1",155916820,155916880,60,"Regular (>50bp)",0.298,0,TRUE,0.0970840740847319,0.163756533331488,FALSE
"ENSMUSG00000050565","Tor1aip2","chr1",155916820,155916880,60,"Regular (>50bp)",0.159,0.00488188199476449,TRUE,0.0970840740847319,0.163756533331488,FALSE
"ENSMUSG00000050565","Tor1aip2","chr1",155916820,155916880,60,"Regular (>50bp)",0.132,0,TRUE,0.0970840740847319,0.163756533331488,FALSE
"ENSMUSG00000050944","Efcab5","chr11",77063130,77063287,157,"Regular (>50bp)",0.541,3.71457112083881e-06,TRUE,0.426129070796637,0.0636379000453724,FALSE
"ENSMUSG00000050994","Adgb","chr10",10302342,10302477,135,"Regular (>50bp)",-0.259,0.0391094494335883,TRUE,-0.292009223100539,0.399035060328079,FALSE
"ENSMUSG00000051048","P4ha3","chr7",99963814,99963877,63,"Regular (>50bp)",0.26,0.0160547083805192,TRUE,-0.412742642764261,0.0186874491941629,FALSE
"ENSMUSG00000051048","P4ha3","chr7",99962412,99962572,160,"Regular (>50bp)",0.213,0.0115301299660962,TRUE,-0.412742642764261,0.0186874491941629,FALSE
"ENSMUSG00000051285","Pcmtd1","chr1",7190417,7190839,422,"Regular (>50bp)",-0.16,4.97860633454228e-05,TRUE,-0.730546483089585,3.59662300831289e-13,FALSE
"ENSMUSG00000051331","Cacna1c","chr6",118651515,118651575,60,"Regular (>50bp)",0.135,0.00571419597402623,TRUE,-0.0598484026276275,0.3630666748779,FALSE
"ENSMUSG00000051331","Cacna1c","chr6",118614690,118614774,84,"Regular (>50bp)",0.164,0.00134609347915179,TRUE,-0.0598484026276275,0.3630666748779,FALSE
"ENSMUSG00000051331","Cacna1c","chr6",118651515,118651575,60,"Regular (>50bp)",0.149,0.00730401249273278,TRUE,-0.0598484026276275,0.3630666748779,FALSE
"ENSMUSG00000051331","Cacna1c","chr6",118615387,118615471,84,"Regular (>50bp)",0.194,0.00456565617361802,TRUE,-0.0598484026276275,0.3630666748779,FALSE
"ENSMUSG00000051341","Zfp52","chr17",21758834,21758932,98,"Regular (>50bp)",0.007,1,FALSE,-1.57597493837282,5.6104169784028e-09,TRUE
"ENSMUSG00000051343","Rab11fip5","chr6",85317324,85319343,2019,"Regular (>50bp)",0.117,0.0409838238074037,TRUE,0.210631436086536,0.0541845137481618,FALSE
"ENSMUSG00000051396","Gm45902","chr2",3509329,3510057,728,"Regular (>50bp)",-0.036,0.326508375166276,FALSE,1.15537904254422,9.31631910078669e-32,TRUE
"ENSMUSG00000051396","Gm45902","chr2",3509329,3510132,803,"Regular (>50bp)",-0.039,0.284231491997628,FALSE,1.15537904254422,9.31631910078669e-32,TRUE
"ENSMUSG00000051510","Mafg","chr11",120520811,120520842,31,"Small (30-50bp)",0.157,0.00124751535681706,TRUE,0.0578315586629151,0.373769250322955,FALSE
"ENSMUSG00000051510","Mafg","chr11",120520811,120520842,31,"Small (30-50bp)",0.201,0.00025643802318943,TRUE,0.0578315586629151,0.373769250322955,FALSE
"ENSMUSG00000051527","Usp29","chr7",6740563,6740633,70,"Regular (>50bp)",-0.2,0.0308499708084042,TRUE,-0.101522632970036,0.270080284605691,FALSE
"ENSMUSG00000051586","Mical3","chr6",120948711,120948801,90,"Regular (>50bp)",-0.166,0.0297738924048113,TRUE,0.145965257345483,0.0100502346709714,FALSE
"ENSMUSG00000051586","Mical3","chr6",120943014,120943077,63,"Regular (>50bp)",0.145,0.000509666070865956,TRUE,0.145965257345483,0.0100502346709714,FALSE
"ENSMUSG00000051586","Mical3","chr6",120930594,120930645,51,"Regular (>50bp)",0.203,0.000632137158367534,TRUE,0.145965257345483,0.0100502346709714,FALSE
"ENSMUSG00000051586","Mical3","chr6",120996656,120996740,84,"Regular (>50bp)",0.142,3.09343976434161e-05,TRUE,0.145965257345483,0.0100502346709714,FALSE
"ENSMUSG00000051984","Sec31b","chr19",44531704,44531828,124,"Regular (>50bp)",0.165,0.00362022944500785,TRUE,-0.352641057366261,0.0326351526267322,FALSE
"ENSMUSG00000052407","Ccdc171","chr4",83539061,83539200,139,"Regular (>50bp)",0.201,0.000559375073688631,TRUE,-0.771836932955109,2.29554578129281e-06,FALSE
"ENSMUSG00000052446","Zfp961","chr8",72719637,72719760,123,"Regular (>50bp)",0.115,0.031141844002088,TRUE,-0.048667781068989,0.668993374802398,FALSE
"ENSMUSG00000052707","Tnrc6a","chr7",122779471,122779618,147,"Regular (>50bp)",-0.101,0.003340632583046,TRUE,-0.43637265740881,7.49432356928826e-09,FALSE
"ENSMUSG00000052712","BC004004","chr17",29501033,29501241,208,"Regular (>50bp)",-0.189,0.000455077797980286,TRUE,0.261180805138886,1.73800740448802e-05,FALSE
"ENSMUSG00000052727","Map1b","chr13",99578141,99578282,141,"Regular (>50bp)",-0.146,0.00750360027238407,TRUE,-0.143387898740955,0.00663670627627759,FALSE
"ENSMUSG00000052949","Rnf157","chr11",116231163,116231204,41,"Small (30-50bp)",0.238,4.1730234038217e-08,TRUE,0.405953505679364,3.59035919397299e-06,FALSE
"ENSMUSG00000053046","Brsk2","chr7",141552656,141552751,95,"Regular (>50bp)",-0.147,0.00203657463379124,TRUE,0.351923386826725,2.93286605335511e-08,FALSE
"ENSMUSG00000053046","Brsk2","chr7",141554578,141554623,45,"Small (30-50bp)",0.177,3.78981443433466e-06,TRUE,0.351923386826725,2.93286605335511e-08,FALSE
"ENSMUSG00000053046","Brsk2","chr7",141554578,141554626,48,"Small (30-50bp)",0.131,0.03584981861456,TRUE,0.351923386826725,2.93286605335511e-08,FALSE
"ENSMUSG00000053046","Brsk2","chr7",141554578,141554626,48,"Small (30-50bp)",0.184,0.0014956495206172,TRUE,0.351923386826725,2.93286605335511e-08,FALSE
"ENSMUSG00000053617","Sh3pxd2a","chr19",47308714,47308759,45,"Small (30-50bp)",0.181,0.0101520790751036,TRUE,0.224233344217561,0.000147621007037863,FALSE
"ENSMUSG00000053617","Sh3pxd2a","chr19",47271459,47271543,84,"Regular (>50bp)",0.109,0.000899116199034486,TRUE,0.224233344217561,0.000147621007037863,FALSE
"ENSMUSG00000053714","4732471J01Rik","chr7",25083023,25083162,139,"Regular (>50bp)",-0.128,1,FALSE,-1.07265159039171,8.089683885846e-09,TRUE
"ENSMUSG00000053714","4732471J01Rik","chr7",25184387,25184481,94,"Regular (>50bp)",0.021,1,FALSE,-1.07265159039171,8.089683885846e-09,TRUE
"ENSMUSG00000053714","4732471J01Rik","chr7",25084476,25084725,249,"Regular (>50bp)",-0.108,0.587165029255458,FALSE,-1.07265159039171,8.089683885846e-09,TRUE
"ENSMUSG00000053714","4732471J01Rik","chr7",25116825,25116934,109,"Regular (>50bp)",0.02,1,FALSE,-1.07265159039171,8.089683885846e-09,TRUE
"ENSMUSG00000053714","4732471J01Rik","chr7",25096114,25096331,217,"Regular (>50bp)",-0.007,1,FALSE,-1.07265159039171,8.089683885846e-09,TRUE
"ENSMUSG00000053714","4732471J01Rik","chr7",25095752,25095988,236,"Regular (>50bp)",0.538,1,FALSE,-1.07265159039171,8.089683885846e-09,TRUE
"ENSMUSG00000053714","4732471J01Rik","chr7",25083023,25083162,139,"Regular (>50bp)",0.01,1,FALSE,-1.07265159039171,8.089683885846e-09,TRUE
"ENSMUSG00000053714","4732471J01Rik","chr7",25077407,25077530,123,"Regular (>50bp)",0.006,1,FALSE,-1.07265159039171,8.089683885846e-09,TRUE
"ENSMUSG00000053714","4732471J01Rik","chr7",25230491,25230582,91,"Regular (>50bp)",0.081,1,FALSE,-1.07265159039171,8.089683885846e-09,TRUE
"ENSMUSG00000054640","Slc8a1","chr17",81752297,81752401,104,"Regular (>50bp)",-0.193,0.020952190180818,TRUE,-0.536132196668483,6.78425626279788e-17,FALSE
"ENSMUSG00000054708","Ankrd24","chr10",81470500,81470587,87,"Regular (>50bp)",-0.251,0.00399090106339603,TRUE,-0.507479343923173,6.13036238378413e-05,FALSE
"ENSMUSG00000054855","Rnd1","chr15",98570391,98570526,135,"Regular (>50bp)",0.004,1,FALSE,1.48107663932537,1.39534892350247e-15,TRUE
"ENSMUSG00000054855","Rnd1","chr15",98570391,98570526,135,"Regular (>50bp)",0,1,FALSE,1.48107663932537,1.39534892350247e-15,TRUE
"ENSMUSG00000054855","Rnd1","chr15",98574367,98574455,88,"Regular (>50bp)",0.002,1,FALSE,1.48107663932537,1.39534892350247e-15,TRUE
"ENSMUSG00000054894","Dmac2l","chr12",69772228,69772328,100,"Regular (>50bp)",0.126,0.0190657268400384,TRUE,-0.415411908816737,0.000257016732262644,FALSE
"ENSMUSG00000055692","Tmem191","chr16",17094825,17094903,78,"Regular (>50bp)",-0.019,1,FALSE,-1.05517885891897,2.75514634159004e-10,TRUE
"ENSMUSG00000055692","Tmem191","chr16",17095205,17095456,251,"Regular (>50bp)",-0.004,1,FALSE,-1.05517885891897,2.75514634159004e-10,TRUE
"ENSMUSG00000055762","Eef1d","chr15",75774527,75775667,1140,"Regular (>50bp)",0.157,1.63027543563202e-06,TRUE,0.00850902078701306,0.917367289076141,FALSE
"ENSMUSG00000055762","Eef1d","chr15",75774527,75775667,1140,"Regular (>50bp)",0.128,7.8969694359759e-10,TRUE,0.00850902078701306,0.917367289076141,FALSE
"ENSMUSG00000055923","Aasdh","chr5",77052805,77052859,54,"Regular (>50bp)",0.268,0.0430143432113624,TRUE,-0.213410999027845,0.0165118519721527,FALSE
"ENSMUSG00000055923","Aasdh","chr5",77052055,77052227,172,"Regular (>50bp)",0.126,0.000104640322013653,TRUE,-0.213410999027845,0.0165118519721527,FALSE
"ENSMUSG00000056268","Dennd1b","chr1",138950842,138950886,44,"Small (30-50bp)",0.187,0.00111649201585084,TRUE,-0.319670286319891,0.000303235879012398,FALSE
"ENSMUSG00000056486","Chn1","chr2",73540798,73540826,28,"Microexon (0-30bp)",-0.173,0.00124751535681706,TRUE,-0.329081820153164,1.69696445148741e-07,FALSE
"ENSMUSG00000056486","Chn1","chr2",73509958,73510247,289,"Regular (>50bp)",-0.127,0.0255115957800459,TRUE,-0.329081820153164,1.69696445148741e-07,FALSE
"ENSMUSG00000056486","Chn1","chr2",73537262,73537376,114,"Regular (>50bp)",-0.167,0.0431873166891245,TRUE,-0.329081820153164,1.69696445148741e-07,FALSE
"ENSMUSG00000056917","Sipa1","chr19",5711623,5711686,63,"Regular (>50bp)",0.266,0.000136639824794856,TRUE,0.101352343213254,0.210759156306695,FALSE
"ENSMUSG00000056917","Sipa1","chr19",5711623,5711651,28,"Microexon (0-30bp)",0.295,6.66291490053471e-05,TRUE,0.101352343213254,0.210759156306695,FALSE
"ENSMUSG00000057110","Cntrl","chr2",35006683,35006814,131,"Regular (>50bp)",0.138,0.000224263100155005,TRUE,-0.742005011805951,1.30129587745303e-11,FALSE
"ENSMUSG00000057176","Ccdc189","chr7",127184316,127184433,117,"Regular (>50bp)",0.158,0.00142135503983831,TRUE,0.116614379397358,0.604199358447377,FALSE
"ENSMUSG00000057229","Dmac2","chr7",25320848,25320937,89,"Regular (>50bp)",-0.203,0.00698114473783677,TRUE,-0.213074818868655,0.0059116720927516,FALSE
"ENSMUSG00000057230","Aak1","chr6",86958277,86958379,102,"Regular (>50bp)",0.373,4.90846102457967e-06,TRUE,-0.176816240037767,0.00157544961836774,FALSE
"ENSMUSG00000057230","Aak1","chr6",86959523,86959625,102,"Regular (>50bp)",0.249,0.0394071031591184,TRUE,-0.176816240037767,0.00157544961836774,FALSE
"ENSMUSG00000057230","Aak1","chr6",86947972,86948068,96,"Regular (>50bp)",0.155,0.000208239750073781,TRUE,-0.176816240037767,0.00157544961836774,FALSE
"ENSMUSG00000057335","Cep170","chr1",176596798,176597092,294,"Regular (>50bp)",-0.106,0.00125952627493081,TRUE,-0.43924789777626,1.64781734153646e-10,FALSE
"ENSMUSG00000057335","Cep170","chr1",176588916,176589066,150,"Regular (>50bp)",0.103,3.9257019947339e-05,TRUE,-0.43924789777626,1.64781734153646e-10,FALSE
"ENSMUSG00000057541","Pus7","chr5",23968331,23968349,18,"Microexon (0-30bp)",0.11,0.00249790685408837,TRUE,-0.0377401456394296,0.649571264261632,FALSE
"ENSMUSG00000057738","Sptan1","chr2",29891111,29891171,60,"Regular (>50bp)",0.114,5.25885650815677e-12,TRUE,0.00843355784952677,0.925886070888637,FALSE
"ENSMUSG00000057858","Fam204a","chr19",60208921,60209009,88,"Regular (>50bp)",-0.162,6.66999981402294e-06,TRUE,-0.00118582539859979,0.993731392930193,FALSE
"ENSMUSG00000057858","Fam204a","chr19",60208921,60209009,88,"Regular (>50bp)",-0.117,1.35232510858353e-05,TRUE,-0.00118582539859979,0.993731392930193,FALSE
"ENSMUSG00000057858","Fam204a","chr19",60209485,60209736,251,"Regular (>50bp)",-0.134,3.36818616475668e-12,TRUE,-0.00118582539859979,0.993731392930193,FALSE
"ENSMUSG00000057858","Fam204a","chr19",60208761,60208792,31,"Small (30-50bp)",-0.138,0.0249443254739075,TRUE,-0.00118582539859979,0.993731392930193,FALSE
"ENSMUSG00000057858","Fam204a","chr19",60209485,60209736,251,"Regular (>50bp)",-0.116,3.74688633235429e-05,TRUE,-0.00118582539859979,0.993731392930193,FALSE
"ENSMUSG00000057858","Fam204a","chr19",60208761,60208792,31,"Small (30-50bp)",-0.194,5.54044420961763e-11,TRUE,-0.00118582539859979,0.993731392930193,FALSE
"ENSMUSG00000057897","Camk2b","chr11",5926764,5926893,129,"Regular (>50bp)",0.178,0.0379841142078612,TRUE,-0.491522017747039,1.61787819769495e-06,FALSE
"ENSMUSG00000058486","Wdr91","chr6",34886611,34886762,151,"Regular (>50bp)",-0.261,0.0082031896890259,TRUE,0.0655831931368993,0.413764799217248,FALSE
"ENSMUSG00000058729","Lin9","chr1",180479426,180479531,105,"Regular (>50bp)",-0.125,4.06398523686481e-05,TRUE,-0.0813544067541103,0.467918142204418,FALSE
"ENSMUSG00000058886","Deaf1","chr7",140904354,140904529,175,"Regular (>50bp)",-0.207,1.8567258562636e-05,TRUE,-0.477123950353869,3.56271107788686e-12,FALSE
"ENSMUSG00000058966","Tlcd3b","chr7",126417465,126417565,100,"Regular (>50bp)",-0.153,0.00957196931605333,TRUE,0.0936833438902915,0.154096083650372,FALSE
"ENSMUSG00000059146","Ntrk3","chr7",77954039,77954174,135,"Regular (>50bp)",0.143,0.00287668939338054,TRUE,-0.242011457117925,0.00195724676386609,FALSE
"ENSMUSG00000059291","Rpl11","chr4",135775122,135775164,42,"Small (30-50bp)",0.139,0.00346619934067699,TRUE,0.0306729712487386,0.674892843938115,FALSE
"ENSMUSG00000059383","Gfral","chr9",76104309,76104640,331,"Regular (>50bp)",-0.105,1,FALSE,1.36363203092314,0.000260729765466383,TRUE
"ENSMUSG00000059383","Gfral","chr9",76104309,76104640,331,"Regular (>50bp)",-0.195,0.0281298095176651,TRUE,1.36363203092314,0.000260729765466383,TRUE
"ENSMUSG00000059383","Gfral","chr9",76112619,76112772,153,"Regular (>50bp)",0.302,1,FALSE,1.36363203092314,0.000260729765466383,TRUE
"ENSMUSG00000059383","Gfral","chr9",76115815,76115950,135,"Regular (>50bp)",-0.018,1,FALSE,1.36363203092314,0.000260729765466383,TRUE
"ENSMUSG00000059436","Max","chr12",77008036,77008063,27,"Microexon (0-30bp)",0.148,3.18154548488872e-06,TRUE,0.0674782200803291,0.302570963659018,FALSE
"ENSMUSG00000059439","Bcas3","chr11",85434753,85434798,45,"Small (30-50bp)",0.293,0.00387829859243398,TRUE,-0.197369285255951,0.142262259795677,FALSE
"ENSMUSG00000059475","Zfp426","chr9",20389428,20389575,147,"Regular (>50bp)",0.126,0.0233576763524912,TRUE,-0.134387195461097,0.0571596880561416,FALSE
"ENSMUSG00000059772","Slx1b","chr7",126291924,126291976,52,"Regular (>50bp)",-0.111,1.56988893225461e-05,TRUE,-0.170438868390203,0.0992098385511039,FALSE
"ENSMUSG00000059824","Dbp","chr7",45356029,45356440,411,"Regular (>50bp)",-0.042,1,FALSE,-1.06400387009273,1.64494244929876e-16,TRUE
"ENSMUSG00000059824","Dbp","chr7",45356029,45356140,111,"Regular (>50bp)",-0.058,1,FALSE,-1.06400387009273,1.64494244929876e-16,TRUE
"ENSMUSG00000060149","BC002059","chr17",17191161,17191288,127,"Regular (>50bp)",0.049,1,FALSE,-1.02642932055215,2.72704318865045e-09,TRUE
"ENSMUSG00000060227","Golm2","chr2",121756041,121756209,168,"Regular (>50bp)",-0.133,1.65054869771964e-09,TRUE,-0.400380585324778,4.83705455458203e-12,FALSE
"ENSMUSG00000060450","Rnf14","chr18",38433481,38433643,162,"Regular (>50bp)",-0.266,2.3563718668974e-05,TRUE,-0.0370751453292676,0.608901202065416,FALSE
"ENSMUSG00000060450","Rnf14","chr18",38440917,38441448,531,"Regular (>50bp)",-0.262,4.81587800938116e-06,TRUE,-0.0370751453292676,0.608901202065416,FALSE
"ENSMUSG00000060477","Irak2","chr6",113642663,113642807,144,"Regular (>50bp)",-0.113,0.0233905520350226,TRUE,-0.0335082353728185,0.877896955035726,FALSE
"ENSMUSG00000060510","Zfp266","chr9",20419314,20419481,167,"Regular (>50bp)",0.254,0.0215538923295442,TRUE,-0.504108188546019,4.46263386452729e-14,FALSE
"ENSMUSG00000061306","Slc38a10","chr11",119999292,119999316,24,"Microexon (0-30bp)",0.174,0,TRUE,-0.268283097783908,4.26806987879636e-05,FALSE
"ENSMUSG00000061306","Slc38a10","chr11",119999292,119999379,87,"Regular (>50bp)",0.327,0,TRUE,-0.268283097783908,4.26806987879636e-05,FALSE
"ENSMUSG00000061462","Obscn","chr11",58952249,58952513,264,"Regular (>50bp)",0.356,0.00758220917511042,TRUE,0.269977822074999,0.00237736160103014,FALSE
"ENSMUSG00000061533","Cep128","chr12",91222348,91222513,165,"Regular (>50bp)",0.2,0.00523025096303828,TRUE,0.56628651088122,8.12416006051283e-09,FALSE
"ENSMUSG00000061613","U2af1","chr17",31871475,31871542,67,"Regular (>50bp)",0.188,0.0491627460477475,TRUE,0.265354047918626,2.08152178559714e-07,FALSE
"ENSMUSG00000061613","U2af1","chr17",31870619,31870686,67,"Regular (>50bp)",0.111,6.54932274710704e-06,TRUE,0.265354047918626,2.08152178559714e-07,FALSE
"ENSMUSG00000061882","Ccdc62","chr5",124074451,124074618,167,"Regular (>50bp)",0.112,0.00109373295113084,TRUE,-0.710331571621853,6.24202815049965e-06,FALSE
"ENSMUSG00000061887","Ssbp3","chr4",106884413,106884494,81,"Regular (>50bp)",0.101,1.90927258199199e-05,TRUE,0.354960568289219,6.0005245704515e-07,FALSE
"ENSMUSG00000062604","Srpk2","chr5",23829050,23829124,74,"Regular (>50bp)",0.122,0.000564037152780279,TRUE,-0.402954096073718,6.64807704327215e-12,FALSE
"ENSMUSG00000062604","Srpk2","chr5",23834329,23834475,146,"Regular (>50bp)",-0.221,0.0395638626112205,TRUE,-0.402954096073718,6.64807704327215e-12,FALSE
"ENSMUSG00000062646","Ganc","chr2",120274618,120274720,102,"Regular (>50bp)",-0.13,0.00167682594581168,TRUE,-0.146680228858016,0.192140712514774,FALSE
"ENSMUSG00000062785","Kcnc3","chr7",44247013,44247043,30,"Microexon (0-30bp)",0.326,0.00035228058859102,TRUE,0.145942925811206,0.12368941846011,FALSE
"ENSMUSG00000062785","Kcnc3","chr7",44247013,44247043,30,"Microexon (0-30bp)",0.151,1.7021590643803e-05,TRUE,0.145942925811206,0.12368941846011,FALSE
"ENSMUSG00000062901","Klhl24","chr16",19933310,19933495,185,"Regular (>50bp)",-0.017,1,FALSE,-1.0507754542272,2.75216548301236e-74,TRUE
"ENSMUSG00000062901","Klhl24","chr16",19934633,19934752,119,"Regular (>50bp)",0.002,1,FALSE,-1.0507754542272,2.75216548301236e-74,TRUE
"ENSMUSG00000062901","Klhl24","chr16",19934633,19934752,119,"Regular (>50bp)",-0.011,1,FALSE,-1.0507754542272,2.75216548301236e-74,TRUE
"ENSMUSG00000062901","Klhl24","chr16",19933310,19933495,185,"Regular (>50bp)",0.003,1,FALSE,-1.0507754542272,2.75216548301236e-74,TRUE
"ENSMUSG00000062901","Klhl24","chr16",19917735,19917863,128,"Regular (>50bp)",-0.003,1,FALSE,-1.0507754542272,2.75216548301236e-74,TRUE
"ENSMUSG00000062901","Klhl24","chr16",19920741,19920804,63,"Regular (>50bp)",0.084,0.0675071396026873,FALSE,-1.0507754542272,2.75216548301236e-74,TRUE
"ENSMUSG00000062991","Nrg1","chr8",32323180,32323258,78,"Regular (>50bp)",-0.145,0.000713889802759613,TRUE,-0.44189447122715,6.7879658666309e-08,FALSE
"ENSMUSG00000062991","Nrg1","chr8",32323180,32323258,78,"Regular (>50bp)",-0.3,0.0134282560045105,TRUE,-0.44189447122715,6.7879658666309e-08,FALSE
"ENSMUSG00000063142","Kcnma1","chr14",23544606,23544762,156,"Regular (>50bp)",-0.101,0.0100342288443127,TRUE,-0.422106181733886,5.77540141366862e-05,FALSE
"ENSMUSG00000063142","Kcnma1","chr14",23576603,23576695,92,"Regular (>50bp)",-0.101,0.00630521314346458,TRUE,-0.422106181733886,5.77540141366862e-05,FALSE
"ENSMUSG00000063179","Pstk","chr7",130975264,130975559,295,"Regular (>50bp)",-0.194,9.64503146274737e-06,TRUE,0.137822805451994,0.177684562850722,FALSE
"ENSMUSG00000063659","Zbtb18","chr1",177272304,177272388,84,"Regular (>50bp)",-0.198,0.000214420445889129,TRUE,-0.00811833811496681,0.908850952662256,FALSE
"ENSMUSG00000063659","Zbtb18","chr1",177272304,177272388,84,"Regular (>50bp)",-0.164,0.0245228580546791,TRUE,-0.00811833811496681,0.908850952662256,FALSE
"ENSMUSG00000063884","Ptcd3","chr6",71866577,71866670,93,"Regular (>50bp)",-0.241,0.0012739179402556,TRUE,0.0757979541371523,0.342296381376227,FALSE
"ENSMUSG00000063894","Zkscan8","chr13",21706393,21706485,92,"Regular (>50bp)",-0.165,8.21525010499406e-07,TRUE,-0.558149530212674,8.07476034893084e-09,FALSE
"ENSMUSG00000063919","Srrm4","chr5",116592731,116592747,16,"Microexon (0-30bp)",0.128,0.00306135752008045,TRUE,-0.199476872425148,0.00020011916542537,FALSE
"ENSMUSG00000064030","Pym1","chr10",128586151,128586206,55,"Regular (>50bp)",0.113,5.65454028343824e-05,TRUE,0.266338210786977,0.000129144807027635,FALSE
"ENSMUSG00000064179","Tnnt1","chr7",4516579,4516612,33,"Small (30-50bp)",0.147,0.0172471027025576,TRUE,0.163858807386321,0.662148004420402,FALSE
"ENSMUSG00000064302","Clasp1","chr1",118463864,118463927,63,"Regular (>50bp)",0.197,0.0013120994422599,TRUE,-0.0671907519782107,0.269504961275379,FALSE
"ENSMUSG00000064302","Clasp1","chr1",118459707,118459815,108,"Regular (>50bp)",0.2,3.42019957341774e-06,TRUE,-0.0671907519782107,0.269504961275379,FALSE
"ENSMUSG00000064302","Clasp1","chr1",118463864,118463927,63,"Regular (>50bp)",0.155,0.00698114473783677,TRUE,-0.0671907519782107,0.269504961275379,FALSE
"ENSMUSG00000065954","Tacc1","chr8",25669286,25669322,36,"Small (30-50bp)",0.109,2.91585154059633e-05,TRUE,0.0524171826019854,0.503599533669587,FALSE
"ENSMUSG00000066036","Ubr4","chr4",139159792,139159825,33,"Small (30-50bp)",0.263,0,TRUE,0.356042681202866,1.46227665249334e-07,FALSE
"ENSMUSG00000066235","Pomgnt2","chr9",121824132,121824183,51,"Regular (>50bp)",0.281,0.0132100193355873,TRUE,-0.0977789860631141,0.307653687694176,FALSE
"ENSMUSG00000066235","Pomgnt2","chr9",121824132,121824179,47,"Small (30-50bp)",0.398,0.00431860832987468,TRUE,-0.0977789860631141,0.307653687694176,FALSE
"ENSMUSG00000066392","Nrxn3","chr12",88817048,88817078,30,"Microexon (0-30bp)",-0.277,0.00398410740864226,TRUE,-0.193160023436099,0.405098303366235,FALSE
"ENSMUSG00000066442","Mthfs","chr9",89096464,89096534,70,"Regular (>50bp)",0.101,0.00391174895594848,TRUE,-0.651296649406984,0.00609928080534961,FALSE
"ENSMUSG00000066551","Hmgb1","chr5",149118808,149118845,37,"Small (30-50bp)",-0.178,0.00138310450317866,TRUE,-0.00328352353274961,0.979445335679873,FALSE
"ENSMUSG00000067367","Lyar","chr5",38380477,38380575,98,"Regular (>50bp)",-0.171,7.45315473720614e-10,TRUE,0.223784707214941,0.00219611919997976,FALSE
"ENSMUSG00000067367","Lyar","chr5",38380477,38380571,94,"Regular (>50bp)",-0.171,3.84837220484821e-10,TRUE,0.223784707214941,0.00219611919997976,FALSE
"ENSMUSG00000067424","Zfp563","chr17",33321204,33321331,127,"Regular (>50bp)",0.102,0.00523025096303828,TRUE,-0.582217672574341,2.03031437602095e-11,FALSE
"ENSMUSG00000068036","Afdn","chr17",14111224,14111260,36,"Small (30-50bp)",0.179,0,TRUE,-0.353300299391835,2.80088089556276e-15,FALSE
"ENSMUSG00000068134","Zfp120","chr2",149961400,149961548,148,"Regular (>50bp)",0.005,1,FALSE,-1.02811742088007,2.2477615754622e-20,TRUE
"ENSMUSG00000068134","Zfp120","chr2",149961484,149961548,64,"Regular (>50bp)",-0.009,1,FALSE,-1.02811742088007,2.2477615754622e-20,TRUE
"ENSMUSG00000068699","Flnc","chr6",29452797,29452896,99,"Regular (>50bp)",0.118,0.000460919086951993,TRUE,0.392567299644608,6.96723845749986e-06,FALSE
"ENSMUSG00000068921","Dap3","chr3",88840871,88840973,102,"Regular (>50bp)",-0.144,0.0086681768154988,TRUE,0.189091113882415,0.000443467423325213,FALSE
"ENSMUSG00000069135","Cep43","chr17",8394350,8394410,60,"Regular (>50bp)",-0.104,0.0251067285653443,TRUE,-0.952513110412444,3.12908815853356e-18,FALSE
"ENSMUSG00000069601","Ank3","chr10",69765276,69765288,12,"Microexon (0-30bp)",0.251,0.00548380560396285,TRUE,-0.319313117575562,5.62270765742122e-12,FALSE
"ENSMUSG00000069601","Ank3","chr10",69789269,69789302,33,"Small (30-50bp)",0.185,0.0151230474700185,TRUE,-0.319313117575562,5.62270765742122e-12,FALSE
"ENSMUSG00000069601","Ank3","chr10",69816653,69816680,27,"Microexon (0-30bp)",0.187,0.000174189054449646,TRUE,-0.319313117575562,5.62270765742122e-12,FALSE
"ENSMUSG00000069601","Ank3","chr10",69837752,69838061,309,"Regular (>50bp)",-0.131,0.00232754871876646,TRUE,-0.319313117575562,5.62270765742122e-12,FALSE
"ENSMUSG00000069631","Strada","chr11",106071780,106071809,29,"Microexon (0-30bp)",0.157,0.000900127417551208,TRUE,-0.30192543079058,4.82943756183486e-06,FALSE
"ENSMUSG00000069631","Strada","chr11",106075387,106075445,58,"Regular (>50bp)",0.103,0.000602301753398828,TRUE,-0.30192543079058,4.82943756183486e-06,FALSE
"ENSMUSG00000069833","Ahnak","chr19",9044816,9044965,149,"Regular (>50bp)",-0.051,1,FALSE,-1.01493691836824,6.54871053131509e-12,TRUE
"ENSMUSG00000069833","Ahnak","chr19",8977025,8977136,111,"Regular (>50bp)",0.001,1,FALSE,-1.01493691836824,6.54871053131509e-12,TRUE
"ENSMUSG00000069833","Ahnak","chr19",9022988,9023080,92,"Regular (>50bp)",0.017,1,FALSE,-1.01493691836824,6.54871053131509e-12,TRUE
"ENSMUSG00000069833","Ahnak","chr19",8977025,8977136,111,"Regular (>50bp)",-0.007,1,FALSE,-1.01493691836824,6.54871053131509e-12,TRUE
"ENSMUSG00000070031","Sp140","chr1",85570923,85571067,144,"Regular (>50bp)",-0.183,0.0326254926426773,TRUE,-0.0665921186372607,0.818260534198087,FALSE
"ENSMUSG00000070047","Fat1","chr8",45500686,45500746,60,"Regular (>50bp)",0.288,0.0203667767943438,TRUE,-0.0112854472818426,0.913124382112812,FALSE
"ENSMUSG00000070047","Fat1","chr8",45500686,45500746,60,"Regular (>50bp)",0.236,0.000723374244043817,TRUE,-0.0112854472818426,0.913124382112812,FALSE
"ENSMUSG00000070047","Fat1","chr8",45498769,45498822,53,"Regular (>50bp)",0.239,0.0120987580619089,TRUE,-0.0112854472818426,0.913124382112812,FALSE
"ENSMUSG00000070564","Ntn5","chr7",45340470,45340659,189,"Regular (>50bp)",-0.35,1.79772112908203e-05,TRUE,-0.0857329381766747,0.859530211384172,FALSE
"ENSMUSG00000071073","Lrrc73","chr17",46566104,46566265,161,"Regular (>50bp)",0.012,1,FALSE,1.02729111402709,4.50067720536309e-25,TRUE
"ENSMUSG00000071073","Lrrc73","chr17",46567108,46567209,101,"Regular (>50bp)",-0.007,1,FALSE,1.02729111402709,4.50067720536309e-25,TRUE
"ENSMUSG00000071073","Lrrc73","chr17",46567573,46567796,223,"Regular (>50bp)",-0.004,1,FALSE,1.02729111402709,4.50067720536309e-25,TRUE
"ENSMUSG00000071073","Lrrc73","chr17",46567607,46567796,189,"Regular (>50bp)",-0.009,1,FALSE,1.02729111402709,4.50067720536309e-25,TRUE
"ENSMUSG00000071176","Arhgef10","chr8",14992609,14992726,117,"Regular (>50bp)",-0.118,0.00486650585162723,TRUE,-0.0466845489104709,0.534087039631169,FALSE
"ENSMUSG00000071291","Zfp58","chr13",67644303,67644330,27,"Microexon (0-30bp)",-0.104,0.0175637429423673,TRUE,-0.373588978085096,0.00129427639597603,FALSE
"ENSMUSG00000071454","Dtnb","chr12",3824569,3824610,41,"Small (30-50bp)",-0.187,3.98457234897981e-05,TRUE,-0.100749093575703,0.140233620555604,FALSE
"ENSMUSG00000072501","Phf20l1","chr15",66469513,66469603,90,"Regular (>50bp)",0.114,0.0374634334301523,TRUE,-0.123857468901863,0.323506289144588,FALSE
"ENSMUSG00000073016","Uprt","chrX",103539341,103539384,43,"Small (30-50bp)",-0.101,0.0384734592046101,TRUE,-0.353957876828614,0.00172014145975352,FALSE
"ENSMUSG00000073016","Uprt","chrX",103541880,103541950,70,"Regular (>50bp)",-0.206,0.00221702495990371,TRUE,-0.353957876828614,0.00172014145975352,FALSE
"ENSMUSG00000073427","Gm4924","chr10",82219596,82219678,82,"Regular (>50bp)",0.123,0.000756859983151857,TRUE,-0.724844667237507,0.00664123433216717,FALSE
"ENSMUSG00000073427","Gm4924","chr10",82236587,82236820,233,"Regular (>50bp)",0.426,0.000129827181205971,TRUE,-0.724844667237507,0.00664123433216717,FALSE
"ENSMUSG00000073437","D330041H03Rik","chr17",24631440,24631548,108,"Regular (>50bp)",-0.053,1,FALSE,1.00368606875253,3.82555301255755e-09,TRUE
"ENSMUSG00000073437","D330041H03Rik","chr17",24630898,24631057,159,"Regular (>50bp)",-0.07,0.0321221891972023,FALSE,1.00368606875253,3.82555301255755e-09,TRUE
"ENSMUSG00000073437","D330041H03Rik","chr17",24631440,24631548,108,"Regular (>50bp)",-0.045,1,FALSE,1.00368606875253,3.82555301255755e-09,TRUE
"ENSMUSG00000073437","D330041H03Rik","chr17",24631440,24631571,131,"Regular (>50bp)",-0.038,1,FALSE,1.00368606875253,3.82555301255755e-09,TRUE
"ENSMUSG00000073437","D330041H03Rik","chr17",24629231,24629327,96,"Regular (>50bp)",0.029,1,FALSE,1.00368606875253,3.82555301255755e-09,TRUE
"ENSMUSG00000073437","D330041H03Rik","chr17",24630898,24631057,159,"Regular (>50bp)",-0.008,1,FALSE,1.00368606875253,3.82555301255755e-09,TRUE
"ENSMUSG00000073437","D330041H03Rik","chr17",24630898,24631057,159,"Regular (>50bp)",0.021,1,FALSE,1.00368606875253,3.82555301255755e-09,TRUE
"ENSMUSG00000073779","Lrp8os2","chr4",107667959,107668143,184,"Regular (>50bp)",0.463,0.0054495911586332,TRUE,0.257153393402411,0.368515937682001,FALSE
"ENSMUSG00000073779","Lrp8os2","chr4",107673123,107673264,141,"Regular (>50bp)",0.637,0.00489419159100366,TRUE,0.257153393402411,0.368515937682001,FALSE
"ENSMUSG00000074282","Zfp94","chr7",24010889,24010928,39,"Small (30-50bp)",0.178,0.000206670021526904,TRUE,0.154247029720825,0.0908440888006537,FALSE
"ENSMUSG00000074305","Peak1","chr9",56281659,56281723,64,"Regular (>50bp)",-0.137,0.00142757390026652,TRUE,-0.323089170881908,1.21146588787585e-07,FALSE
"ENSMUSG00000074404","Gm1698","chr8",28099032,28099244,212,"Regular (>50bp)",-0.16,0.0918627918187671,FALSE,-1.30266918744602,0.000593466448518845,TRUE
"ENSMUSG00000074513","Arfip1","chr3",84426788,84427010,222,"Regular (>50bp)",-0.199,0.00323129162114401,TRUE,-0.15025222429927,0.00504873473112202,FALSE
"ENSMUSG00000074513","Arfip1","chr3",84426788,84427010,222,"Regular (>50bp)",-0.199,0.00908959023874941,TRUE,-0.15025222429927,0.00504873473112202,FALSE
"ENSMUSG00000074646","6430550D23Rik","chr2",155845600,155845905,305,"Regular (>50bp)",-0.097,1,FALSE,-1.30603040067917,6.083809000923e-08,TRUE
"ENSMUSG00000074646","6430550D23Rik","chr2",155845600,155845768,168,"Regular (>50bp)",-0.234,0.608625973972011,FALSE,-1.30603040067917,6.083809000923e-08,TRUE
"ENSMUSG00000074652","Myh7b","chr2",155459781,155459845,64,"Regular (>50bp)",0.16,0.0162912594168694,TRUE,-0.494277188657088,0.00142711675012988,FALSE
"ENSMUSG00000074758","Gm5535","chr2",144031060,144031153,93,"Regular (>50bp)",0.199,1.36834780664256e-08,TRUE,0.111238394517055,0.192175718200593,FALSE
"ENSMUSG00000074758","Gm5535","chr2",144016446,144016664,218,"Regular (>50bp)",0.316,0.00037800936580262,TRUE,0.111238394517055,0.192175718200593,FALSE
"ENSMUSG00000074758","Gm5535","chr2",144031060,144031153,93,"Regular (>50bp)",0.258,0.000454169161943709,TRUE,0.111238394517055,0.192175718200593,FALSE
"ENSMUSG00000074758","Gm5535","chr2",144031060,144031153,93,"Regular (>50bp)",0.186,0.0107733366404324,TRUE,0.111238394517055,0.192175718200593,FALSE
"ENSMUSG00000074818","Pdzd7","chr19",45018178,45018250,72,"Regular (>50bp)",0.109,0.000293312964848174,TRUE,0.540962780152875,0.0100433558587234,FALSE
"ENSMUSG00000074887","EU599041","chr7",42870265,42870525,260,"Regular (>50bp)",-0.139,0.000806405267909375,TRUE,-0.67915590428132,0.00880297033111254,FALSE
"ENSMUSG00000075316","Scn9a","chr2",66345658,66345776,118,"Regular (>50bp)",-0.005,1,FALSE,-1.21494027174302,3.21268400635046e-16,TRUE
"ENSMUSG00000075316","Scn9a","chr2",66393883,66393975,92,"Regular (>50bp)",0.019,0.847966914606995,FALSE,-1.21494027174302,3.21268400635046e-16,TRUE
"ENSMUSG00000075316","Scn9a","chr2",66331956,66332079,123,"Regular (>50bp)",-0.005,1,FALSE,-1.21494027174302,3.21268400635046e-16,TRUE
"ENSMUSG00000075316","Scn9a","chr2",66393883,66393975,92,"Regular (>50bp)",0.014,1,FALSE,-1.21494027174302,3.21268400635046e-16,TRUE
"ENSMUSG00000075316","Scn9a","chr2",66393679,66393771,92,"Regular (>50bp)",0.025,0.0722329319582821,FALSE,-1.21494027174302,3.21268400635046e-16,TRUE
"ENSMUSG00000078498","Zfp988","chr4",147413438,147413565,127,"Regular (>50bp)",0.29,0.000135770989700572,TRUE,-0.506047846232585,0.0844347824940712,FALSE
"ENSMUSG00000078502","Zfp268","chr4",145347127,145347254,127,"Regular (>50bp)",0.046,0.574433778377568,FALSE,-1.02927910709027,0.00162025179014836,TRUE
"ENSMUSG00000078671","Chd2","chr7",73157553,73157661,108,"Regular (>50bp)",-0.119,0.00026224516045314,TRUE,-0.291050569898679,1.04741499452736e-08,FALSE
"ENSMUSG00000078716","Tmem8b","chr4",43681045,43681314,269,"Regular (>50bp)",0.15,0.00215412087797802,TRUE,-0.0442675031381192,0.860392746577575,FALSE
"ENSMUSG00000078942","Naip6","chr13",100422184,100422349,165,"Regular (>50bp)",-0.011,1,FALSE,-1.02719894917212,3.96484548090063e-25,TRUE
"ENSMUSG00000078942","Naip6","chr13",100435247,100437359,2112,"Regular (>50bp)",-0.008,1,FALSE,-1.02719894917212,3.96484548090063e-25,TRUE
"ENSMUSG00000078942","Naip6","chr13",100431240,100431393,153,"Regular (>50bp)",0.018,0.626885236571673,FALSE,-1.02719894917212,3.96484548090063e-25,TRUE
"ENSMUSG00000078942","Naip6","chr13",100451942,100452042,100,"Regular (>50bp)",-0.075,0.742825154830069,FALSE,-1.02719894917212,3.96484548090063e-25,TRUE
"ENSMUSG00000078942","Naip6","chr13",100444706,100444788,82,"Regular (>50bp)",-0.017,1,FALSE,-1.02719894917212,3.96484548090063e-25,TRUE
"ENSMUSG00000078952","Lncenc1","chr13",97619456,97619540,84,"Regular (>50bp)",0.195,6.98373217994322e-05,TRUE,-0.762344364335388,8.44259339024764e-10,FALSE
"ENSMUSG00000079011","Gm11033","chr8",75560078,75560151,73,"Regular (>50bp)",0.222,0.0321221891972023,TRUE,-0.43959314145158,0.136057315705567,FALSE
"ENSMUSG00000079033","Mef2b","chr8",70618942,70619046,104,"Regular (>50bp)",-0.005,1,FALSE,1.27379200009083,7.14434034370485e-28,TRUE
"ENSMUSG00000079033","Mef2b","chr8",70618942,70619076,134,"Regular (>50bp)",-0.006,1,FALSE,1.27379200009083,7.14434034370485e-28,TRUE
"ENSMUSG00000079033","Mef2b","chr8",70618179,70618314,135,"Regular (>50bp)",-0.007,1,FALSE,1.27379200009083,7.14434034370485e-28,TRUE
"ENSMUSG00000079033","Mef2b","chr8",70619468,70619556,88,"Regular (>50bp)",0.017,1,FALSE,1.27379200009083,7.14434034370485e-28,TRUE
"ENSMUSG00000079033","Mef2b","chr8",70619468,70619556,88,"Regular (>50bp)",0,1,FALSE,1.27379200009083,7.14434034370485e-28,TRUE
"ENSMUSG00000079033","Mef2b","chr8",70619263,70619348,85,"Regular (>50bp)",0.002,1,FALSE,1.27379200009083,7.14434034370485e-28,TRUE
"ENSMUSG00000079033","Mef2b","chr8",70619263,70619348,85,"Regular (>50bp)",0.014,1,FALSE,1.27379200009083,7.14434034370485e-28,TRUE
"ENSMUSG00000079105","C7","chr15",5075126,5075265,139,"Regular (>50bp)",-0.252,4.97860633454228e-05,TRUE,-0.147458495789646,0.291084732183022,FALSE
"ENSMUSG00000079487","Med12","chrX",100325343,100325488,145,"Regular (>50bp)",-0.001,1,FALSE,-1.00179313888731,2.99378568844033e-31,TRUE
"ENSMUSG00000079487","Med12","chrX",100324968,100325139,171,"Regular (>50bp)",-0.003,1,FALSE,-1.00179313888731,2.99378568844033e-31,TRUE
"ENSMUSG00000079487","Med12","chrX",100322033,100322165,132,"Regular (>50bp)",-0.001,1,FALSE,-1.00179313888731,2.99378568844033e-31,TRUE
"ENSMUSG00000079487","Med12","chrX",100325655,100325706,51,"Regular (>50bp)",-0.009,1,FALSE,-1.00179313888731,2.99378568844033e-31,TRUE
"ENSMUSG00000079487","Med12","chrX",100340524,100340606,82,"Regular (>50bp)",-0.009,1,FALSE,-1.00179313888731,2.99378568844033e-31,TRUE
"ENSMUSG00000079487","Med12","chrX",100322950,100323077,127,"Regular (>50bp)",0,1,FALSE,-1.00179313888731,2.99378568844033e-31,TRUE
"ENSMUSG00000079487","Med12","chrX",100321039,100321186,147,"Regular (>50bp)",0.002,1,FALSE,-1.00179313888731,2.99378568844033e-31,TRUE
"ENSMUSG00000079487","Med12","chrX",100329066,100329168,102,"Regular (>50bp)",-0.002,1,FALSE,-1.00179313888731,2.99378568844033e-31,TRUE
"ENSMUSG00000079671","2610203C22Rik","chr1",9634047,9634096,49,"Small (30-50bp)",0.117,0.000134592748575032,TRUE,-0.575351161234452,0.00169914198353208,FALSE
"ENSMUSG00000085058","8030453O22Rik","chr6",39506382,39506456,74,"Regular (>50bp)",0.231,0.0409838238074037,TRUE,-0.354855163137844,0.0406866391728785,FALSE
"ENSMUSG00000085095","Gm15635","chr7",99314894,99315007,113,"Regular (>50bp)",-0.025,1,FALSE,-2.36060625425752,0.000218550016182123,TRUE
"ENSMUSG00000085169","Gm10785","chr16",91505665,91505778,113,"Regular (>50bp)",-0.242,0.00148250010273968,TRUE,-0.058491160259279,0.864847779724862,FALSE
"ENSMUSG00000085316","D330050G23Rik","chr2",116734522,116734703,181,"Regular (>50bp)",0.263,0.00508244723641251,TRUE,-0.129909913950261,0.659421670115973,FALSE
"ENSMUSG00000085396","Firre","chrX",49697354,49697481,127,"Regular (>50bp)",-0.547,0.000206097439282431,TRUE,-0.46715319646276,0.00391712573412922,FALSE
"ENSMUSG00000085562","2610028E06Rik","chr4",125815665,125815761,96,"Regular (>50bp)",-0.124,0.0024434731451566,TRUE,-0.59845481354869,2.05458216770241e-11,FALSE
"ENSMUSG00000085614","1700123M08Rik","chr4",11976443,11977102,659,"Regular (>50bp)",0.39,0.0132504950684443,TRUE,-0.0431433971784498,0.871543033672154,FALSE
"ENSMUSG00000086035","Gm12610","chr4",89255914,89256050,136,"Regular (>50bp)",0.324,0.00660565594357833,TRUE,-0.481752372226494,7.94559489033556e-05,FALSE
"ENSMUSG00000086035","Gm12610","chr4",89274945,89274997,52,"Regular (>50bp)",0.129,0.000308156712682891,TRUE,-0.481752372226494,7.94559489033556e-05,FALSE
"ENSMUSG00000086035","Gm12610","chr4",89255914,89256050,136,"Regular (>50bp)",0.259,8.27328736591769e-09,TRUE,-0.481752372226494,7.94559489033556e-05,FALSE
"ENSMUSG00000086035","Gm12610","chr4",89340867,89340979,112,"Regular (>50bp)",0.164,0.00214985522449564,TRUE,-0.481752372226494,7.94559489033556e-05,FALSE
"ENSMUSG00000086324","Gm15564","chr16",35802094,35802165,71,"Regular (>50bp)",0.429,0.000134731150745085,TRUE,0.850229966178018,0.00158680683879569,FALSE
"ENSMUSG00000086453","Gm11457","chr2",164604640,164604801,161,"Regular (>50bp)",-0.429,0.0306733575254748,TRUE,0.16201313660853,0.734933958149846,FALSE
"ENSMUSG00000086453","Gm11457","chr2",164604463,164604528,65,"Regular (>50bp)",0.37,0.0305499535261416,TRUE,0.16201313660853,0.734933958149846,FALSE
"ENSMUSG00000086453","Gm11457","chr2",164601148,164601260,112,"Regular (>50bp)",0.172,0.0144473357528274,TRUE,0.16201313660853,0.734933958149846,FALSE
"ENSMUSG00000086541","Has2os","chr15",56629676,56629826,150,"Regular (>50bp)",0.072,1,FALSE,1.42119391614423,0.00509565915855102,TRUE
"ENSMUSG00000086741","Gm15816","chr8",23633139,23633220,81,"Regular (>50bp)",0.102,1,FALSE,1.57414105161947,0.00836039029855464,TRUE
"ENSMUSG00000086968","4933431E20Rik","chr3",107801904,107801972,68,"Regular (>50bp)",-0.32,0.049899539693813,TRUE,-0.495407527766193,1.171337046893e-07,FALSE
"ENSMUSG00000087138","Gm15545","chr7",44640800,44640905,105,"Regular (>50bp)",-0.113,0.000556773037817526,TRUE,0.224767193943621,0.0829925133190599,FALSE
"ENSMUSG00000087165","2010001A14Rik","chr11",57687137,57687223,86,"Regular (>50bp)",0.105,0.0428140432341417,TRUE,0.533700911835201,1.89636312408454e-07,FALSE
"ENSMUSG00000087174","5530601H04Rik","chrX",104091514,104091616,102,"Regular (>50bp)",-0.152,0.00153005722243431,TRUE,-0.449600936255323,0.000208526510146684,FALSE
"ENSMUSG00000087177","E130307A14Rik","chr10",39498898,39499087,189,"Regular (>50bp)",-0.235,0.00396721263333828,TRUE,-0.318501614227814,0.000251797683491551,FALSE
"ENSMUSG00000087177","E130307A14Rik","chr10",39508945,39509012,67,"Regular (>50bp)",-0.183,0.0404283960928313,TRUE,-0.318501614227814,0.000251797683491551,FALSE
"ENSMUSG00000087177","E130307A14Rik","chr10",39521551,39521804,253,"Regular (>50bp)",-0.324,0.000392061214348815,TRUE,-0.318501614227814,0.000251797683491551,FALSE
"ENSMUSG00000087177","E130307A14Rik","chr10",39521551,39521804,253,"Regular (>50bp)",-0.226,0.00240590744543024,TRUE,-0.318501614227814,0.000251797683491551,FALSE
"ENSMUSG00000087177","E130307A14Rik","chr10",39530517,39530684,167,"Regular (>50bp)",-0.217,0.00875105263647079,TRUE,-0.318501614227814,0.000251797683491551,FALSE
"ENSMUSG00000087177","E130307A14Rik","chr10",39516271,39516507,236,"Regular (>50bp)",-0.128,0.0159843432782325,TRUE,-0.318501614227814,0.000251797683491551,FALSE
"ENSMUSG00000087268","Gm14486","chr2",30549811,30549897,86,"Regular (>50bp)",0.244,0.00172506049196521,TRUE,-0.355319937870547,0.35188353585857,FALSE
"ENSMUSG00000087380","2210408F21Rik","chr6",31305266,31305324,58,"Regular (>50bp)",-0.138,0.000676932671146962,TRUE,0.123902855587164,0.383769878924617,FALSE
"ENSMUSG00000087380","2210408F21Rik","chr6",31298324,31298411,87,"Regular (>50bp)",-0.599,0.000314333001827109,TRUE,0.123902855587164,0.383769878924617,FALSE
"ENSMUSG00000087479","Gm16835","chr14",119343557,119343726,169,"Regular (>50bp)",-0.382,9.29700907370769e-05,TRUE,0.425539108131557,0.159391424541218,FALSE
"ENSMUSG00000087620","5330434G04Rik","chrX",104433475,104433549,74,"Regular (>50bp)",0.124,0.00542655501915266,TRUE,-0.71713899541786,0.0104762794735331,FALSE
"ENSMUSG00000089862","Umad1","chr6",8401076,8401154,78,"Regular (>50bp)",0.173,0.00871396253698632,TRUE,-0.109191979025554,0.195110451984424,FALSE
"ENSMUSG00000090173","Fbxw10","chr11",62750665,62750866,201,"Regular (>50bp)",0.187,0.0086626989299094,TRUE,-0.68482763199022,0.00762429762587316,FALSE
"ENSMUSG00000090290","Tarbp1","chr8",127189921,127189974,53,"Regular (>50bp)",0.107,5.95577614460032e-07,TRUE,-0.053273169490492,0.500087206121345,FALSE
"ENSMUSG00000090336","Cfap97d2","chr8",13788327,13788488,161,"Regular (>50bp)",-0.164,0.00352582083126976,TRUE,-1.07835141511374,1.84043267247721e-29,TRUE
"ENSMUSG00000090363","Gm3512","chr14",15299928,15300079,151,"Regular (>50bp)",0.353,0.00262144731600515,TRUE,-0.772228178513961,0.059596110636607,FALSE
"ENSMUSG00000091002","Tcerg1l","chr7",137963406,137963607,201,"Regular (>50bp)",-0.081,0.856574791325179,FALSE,1.10273645081982,7.02232259890295e-11,TRUE
"ENSMUSG00000091002","Tcerg1l","chr7",137850100,137850170,70,"Regular (>50bp)",0.086,0.596944852374796,FALSE,1.10273645081982,7.02232259890295e-11,TRUE
"ENSMUSG00000091474","2610021A01Rik","chr7",41251171,41251239,68,"Regular (>50bp)",-0.186,0.015151126219211,TRUE,-0.486107983902582,1.18137572012006e-05,FALSE
"ENSMUSG00000091568","Gm8206","chr14",16433030,16433144,114,"Regular (>50bp)",-0.572,2.26252336143412e-09,TRUE,-0.467789056934844,0.00642506612884615,FALSE
"ENSMUSG00000091617","Gm3752","chr14",14982611,14982725,114,"Regular (>50bp)",-0.117,0.0157594179638082,TRUE,-0.371005099818528,0.155998190979151,FALSE
"ENSMUSG00000091698","Gm6526","chr14",43986205,43986368,163,"Regular (>50bp)",0.161,0.0497167795366929,TRUE,0.236742921865236,0.696310981093467,FALSE
"ENSMUSG00000092165","Gm5624","chr14",44798155,44798244,89,"Regular (>50bp)",0.106,0.000785242525902698,TRUE,0.0640144475068725,0.727693098831726,FALSE
"ENSMUSG00000092165","Gm5624","chr14",44798155,44798287,132,"Regular (>50bp)",0.124,0.000327339854512147,TRUE,0.0640144475068725,0.727693098831726,FALSE
"ENSMUSG00000092335","Zfp977","chr7",42232329,42232456,127,"Regular (>50bp)",0.123,0.0247128369656847,TRUE,-0.468818422931422,0.129340794578203,FALSE
"ENSMUSG00000093930","Hmgcs1","chr13",120161199,120161657,458,"Regular (>50bp)",0.002,1,FALSE,-1.21161762947511,7.36053929827515e-52,TRUE
"ENSMUSG00000093930","Hmgcs1","chr13",120156524,120156583,59,"Regular (>50bp)",-0.017,1,FALSE,-1.21161762947511,7.36053929827515e-52,TRUE
"ENSMUSG00000093930","Hmgcs1","chr13",120161199,120161657,458,"Regular (>50bp)",-0.001,1,FALSE,-1.21161762947511,7.36053929827515e-52,TRUE
"ENSMUSG00000093930","Hmgcs1","chr13",120156425,120156583,158,"Regular (>50bp)",-0.001,1,FALSE,-1.21161762947511,7.36053929827515e-52,TRUE
"ENSMUSG00000093930","Hmgcs1","chr13",120164070,120164236,166,"Regular (>50bp)",0.001,1,FALSE,-1.21161762947511,7.36053929827515e-52,TRUE
"ENSMUSG00000093930","Hmgcs1","chr13",120156524,120156583,59,"Regular (>50bp)",0.014,1,FALSE,-1.21161762947511,7.36053929827515e-52,TRUE
"ENSMUSG00000093930","Hmgcs1","chr13",120165960,120166067,107,"Regular (>50bp)",-0.001,1,FALSE,-1.21161762947511,7.36053929827515e-52,TRUE
"ENSMUSG00000093979","Gm2237","chr14",19620388,19620523,135,"Regular (>50bp)",0.173,0.00327938638826421,TRUE,-0.258715673118446,0.124746347737117,FALSE
"ENSMUSG00000096965","3300005D01Rik","chr17",5851473,5851616,143,"Regular (>50bp)",-0.121,0.0333068860500535,TRUE,0.272286332123811,0.171284478421703,FALSE
"ENSMUSG00000097039","Pvt1","chr15",61978972,61979314,342,"Regular (>50bp)",-0.211,0.000722167580853768,TRUE,0.265683905100808,0.00492932155588749,FALSE
"ENSMUSG00000097039","Pvt1","chr15",62021087,62021201,114,"Regular (>50bp)",-0.103,0.0018368691764503,TRUE,0.265683905100808,0.00492932155588749,FALSE
"ENSMUSG00000097039","Pvt1","chr15",62021087,62021201,114,"Regular (>50bp)",0.143,0.0249316195848359,TRUE,0.265683905100808,0.00492932155588749,FALSE
"ENSMUSG00000097039","Pvt1","chr15",62031845,62031977,132,"Regular (>50bp)",-0.211,0.000992881216836525,TRUE,0.265683905100808,0.00492932155588749,FALSE
"ENSMUSG00000097068","Gm26760","chr15",92258919,92259046,127,"Regular (>50bp)",-0.168,3.3470602441056e-05,TRUE,-0.512297424475477,0.000225559052263291,FALSE
"ENSMUSG00000097068","Gm26760","chr15",92258919,92259046,127,"Regular (>50bp)",-0.166,0.001511930362008,TRUE,-0.512297424475477,0.000225559052263291,FALSE
"ENSMUSG00000097080","1700086O06Rik","chr18",38372625,38372804,179,"Regular (>50bp)",0.731,1.78365023538485e-10,TRUE,0.406321617142913,2.74750367421903e-08,FALSE
"ENSMUSG00000097080","1700086O06Rik","chr18",38373891,38374006,115,"Regular (>50bp)",0.127,0.0396136153852968,TRUE,0.406321617142913,2.74750367421903e-08,FALSE
"ENSMUSG00000097080","1700086O06Rik","chr18",38373891,38374006,115,"Regular (>50bp)",0.361,2.17287888029556e-06,TRUE,0.406321617142913,2.74750367421903e-08,FALSE
"ENSMUSG00000097080","1700086O06Rik","chr18",38372625,38372804,179,"Regular (>50bp)",0.228,0.0218652210658998,TRUE,0.406321617142913,2.74750367421903e-08,FALSE
"ENSMUSG00000097174","Gm4890","chr8",80022332,80022409,77,"Regular (>50bp)",-0.033,1,FALSE,1.28007282237038,6.41782465766724e-08,TRUE
"ENSMUSG00000097174","Gm4890","chr8",80023240,80023280,40,"Small (30-50bp)",-0.057,1,FALSE,1.28007282237038,6.41782465766724e-08,TRUE
"ENSMUSG00000097451","Rian","chr12",109609847,109609895,48,"Small (30-50bp)",0.123,0.0423969470140858,TRUE,-0.904153848656859,6.68907422699731e-06,FALSE
"ENSMUSG00000097571","Jpx","chrX",102546465,102546798,333,"Regular (>50bp)",-0.242,0.000157722686902773,TRUE,0.312606746545565,0.030887944091606,FALSE
"ENSMUSG00000097587","4930578M01Rik","chr15",98885637,98885711,74,"Regular (>50bp)",-0.128,0.0392796815597014,TRUE,0.0979134295182387,0.623170880997447,FALSE
"ENSMUSG00000097589","Dleu2","chr14",61861881,61861931,50,"Small (30-50bp)",-0.164,0.0427466608636049,TRUE,-0.00668822195276023,0.978853620748555,FALSE
"ENSMUSG00000097755","2010110K18Rik","chr18",34889051,34889204,153,"Regular (>50bp)",-0.122,0.0100847040124153,TRUE,0.030800536450343,0.90082501580651,FALSE
"ENSMUSG00000097755","2010110K18Rik","chr18",34889051,34889234,183,"Regular (>50bp)",-0.23,0.00172429520205324,TRUE,0.030800536450343,0.90082501580651,FALSE
"ENSMUSG00000097910","Hdnr","chr8",57786153,57786666,513,"Regular (>50bp)",0.236,0.00767469527043458,TRUE,-0.104606569390518,0.24052175535918,FALSE
"ENSMUSG00000097910","Hdnr","chr8",57791917,57791982,65,"Regular (>50bp)",-0.175,0.0268409603391519,TRUE,-0.104606569390518,0.24052175535918,FALSE
"ENSMUSG00000098789","Jmjd7","chr2",119861982,119862132,150,"Regular (>50bp)",-0.115,0.0112543434008751,TRUE,0.0609633585484751,0.615889336012502,FALSE
"ENSMUSG00000099481","Xndc1","chr7",101715666,101715836,170,"Regular (>50bp)",-0.157,0.000794349425605419,TRUE,0.115802829744128,0.145267028156233,FALSE
"ENSMUSG00000100009","Gm7967","chr1",98524972,98525118,146,"Regular (>50bp)",0.119,1.00228474147005e-05,TRUE,-0.688615251238747,6.49489136266898e-07,FALSE
"ENSMUSG00000100199","Gm20324","chr15",82785916,82786015,99,"Regular (>50bp)",0.175,1,FALSE,1.21624586130238,4.88399433282826e-06,TRUE
"ENSMUSG00000100510","Hand2os1","chr8",57771440,57771482,42,"Small (30-50bp)",0.308,0.00031990563030739,TRUE,-0.264622614238533,0.00374484176289665,FALSE
"ENSMUSG00000100783","2310047D07Rik","chr5",149174048,149174237,189,"Regular (>50bp)",-0.307,0.0225966095920782,TRUE,-1.20946627822835,0.0204526580911986,TRUE
"ENSMUSG00000100826","Snhg14","chr7",59328606,59328753,147,"Regular (>50bp)",0.094,0.636348427427813,FALSE,-1.00213274444016,0.000231592874886657,TRUE
"ENSMUSG00000100826","Snhg14","chr7",59323557,59323704,147,"Regular (>50bp)",0.06,0.271867117012791,FALSE,-1.00213274444016,0.000231592874886657,TRUE
"ENSMUSG00000100826","Snhg14","chr7",59323557,59323704,147,"Regular (>50bp)",0.013,1,FALSE,-1.00213274444016,0.000231592874886657,TRUE
"ENSMUSG00000100826","Snhg14","chr7",59319335,59319490,155,"Regular (>50bp)",0.005,1,FALSE,-1.00213274444016,0.000231592874886657,TRUE
"ENSMUSG00000100826","Snhg14","chr7",59323557,59323704,147,"Regular (>50bp)",0.031,1,FALSE,-1.00213274444016,0.000231592874886657,TRUE
"ENSMUSG00000102976","Zc3h11a","chr1",133583082,133583136,54,"Regular (>50bp)",-0.11,0.00107132927014679,TRUE,-0.540780523537436,3.90809688550526e-06,FALSE
"ENSMUSG00000105068","Gm30835","chr5",7768000,7768090,90,"Regular (>50bp)",0.158,0.000250968645773305,TRUE,-0.913235402796629,6.72417254027371e-17,FALSE
"ENSMUSG00000106864","Gtf3c2","chr5",31330726,31330855,129,"Regular (>50bp)",-0.124,1.61957987530082e-05,TRUE,0.117938952327775,0.0547329373687178,FALSE
"ENSMUSG00000106918","Mrpl33","chr5",31798948,31800384,1436,"Regular (>50bp)",0.159,0.000415064852633111,TRUE,0.314276221989868,5.99304154746748e-05,FALSE
"ENSMUSG00000107271","BC028471","chr5",149300133,149300256,123,"Regular (>50bp)",-0.161,0.000157722686902773,TRUE,0.0543662464505655,0.861504504983652,FALSE
"ENSMUSG00000109321","A330076H08Rik","chr7",61631424,61631516,92,"Regular (>50bp)",-0.109,0.437596787497932,FALSE,-1.07233822296305,0.00243770438543324,TRUE
"ENSMUSG00000109321","A330076H08Rik","chr7",61624743,61624838,95,"Regular (>50bp)",0.03,0.125604611249931,FALSE,-1.07233822296305,0.00243770438543324,TRUE
"ENSMUSG00000109321","A330076H08Rik","chr7",61631424,61631516,92,"Regular (>50bp)",-0.113,0.230816593396844,FALSE,-1.07233822296305,0.00243770438543324,TRUE
"ENSMUSG00000109321","A330076H08Rik","chr7",61581095,61581241,146,"Regular (>50bp)",0.036,1,FALSE,-1.07233822296305,0.00243770438543324,TRUE
"ENSMUSG00000109394","A230057D06Rik","chr7",61360646,61360734,88,"Regular (>50bp)",-0.057,0.648673648696799,FALSE,-1.03001760513128,8.0760800492268e-05,TRUE
"ENSMUSG00000109394","A230057D06Rik","chr7",61566306,61566484,178,"Regular (>50bp)",0.015,1,FALSE,-1.03001760513128,8.0760800492268e-05,TRUE
"ENSMUSG00000110605","Gm32856","chr8",129993965,129994180,215,"Regular (>50bp)",-0.253,0.0262514941996564,TRUE,0.322016398394493,0.14365954354136,FALSE
"ENSMUSG00000110652","Gm33023","chr8",105360139,105360350,211,"Regular (>50bp)",-0.13,9.19424120174834e-05,TRUE,-0.360698782349659,0.0587123413949718,FALSE
"ENSMUSG00000111058","Gm36033","chr9",63843924,63844093,169,"Regular (>50bp)",-0.411,0.0302050280655403,TRUE,-0.779784417262943,1.82553048911438e-05,FALSE
"ENSMUSG00000111447","Gm48249","chr10",20161515,20161640,125,"Regular (>50bp)",0.357,7.85526742502879e-05,TRUE,0.288183728483355,0.681880451081636,FALSE
"ENSMUSG00000113204","Gm46430","chr13",74731765,74731992,227,"Regular (>50bp)",-0.433,0.00187609735255649,TRUE,-0.402484878299253,4.28974620950521e-05,FALSE
"ENSMUSG00000113204","Gm46430","chr13",74731765,74731992,227,"Regular (>50bp)",-0.38,0.0223443114583391,TRUE,-0.402484878299253,4.28974620950521e-05,FALSE
"ENSMUSG00000113585","Gm19605","chr12",110444793,110445057,264,"Regular (>50bp)",0.349,0.000271108393066682,TRUE,0.333592856943799,0.0794527865989434,FALSE
"ENSMUSG00000114024","Gm46336","chr12",17395960,17395999,39,"Small (30-50bp)",-0.034,1,FALSE,1.17790356337459,0.00367945938730358,TRUE
"ENSMUSG00000115326","Gm35019","chr15",37895034,37895416,382,"Regular (>50bp)",-0.037,1,FALSE,-1.00883431386479,3.67495716044092e-08,TRUE
"ENSMUSG00000115456","Gm35248","chr15",38336050,38336147,97,"Regular (>50bp)",-0.072,1,FALSE,2.33677836714244,0.0220053114287864,TRUE
"ENSMUSG00000117042","2700054A10Rik","chr17",13789019,13789145,126,"Regular (>50bp)",0.143,0.0275616163753129,TRUE,-0.66203654377794,2.06670509934182e-13,FALSE
"ENSMUSG00000118212","Gm41836","chr19",35688520,35688674,154,"Regular (>50bp)",-0.057,1,FALSE,-1.39951377306916,1.4465656273951e-06,TRUE
"ENSMUSG00000118212","Gm41836","chr19",35685364,35685598,234,"Regular (>50bp)",-0.148,1,FALSE,-1.39951377306916,1.4465656273951e-06,TRUE
"ENSMUSG00000118669","Arvcf","chr16",18219530,18219548,18,"Microexon (0-30bp)",0.166,7.88857169241047e-11,TRUE,-0.71299289111766,2.16674590965077e-32,FALSE
"ENSMUSG00000119993","Gm32085","chr3",152413486,152413934,448,"Regular (>50bp)",0.388,0.0280678457845143,TRUE,-0.519324985139115,0.00156185039652258,FALSE
"ENSMUSG00000119993","Gm32085","chr3",152413486,152413934,448,"Regular (>50bp)",0.107,0.000152305644525748,TRUE,-0.519324985139115,0.00156185039652258,FALSE
"ENSMUSG00000120166","Zfp33b","chr5",104728722,104728783,61,"Regular (>50bp)",0.213,0.0122654131218897,TRUE,-0.255072421406862,0.065425582806608,FALSE
"ENSMUSG00000120204","Gm56850","chr8",89775330,89775531,201,"Regular (>50bp)",-0.248,1,FALSE,1.11840515093353,0.000168068886970506,TRUE
"ENSMUSG00000120204","Gm56850","chr8",89777159,89777259,100,"Regular (>50bp)",0.014,0.586659513883276,FALSE,1.11840515093353,0.000168068886970506,TRUE
"ENSMUSG00000121374","ENSMUSG00000121374","chr7",29656384,29656459,75,"Regular (>50bp)",-0.171,0.0038321614029679,TRUE,0.237801731310666,0.149317570980007,FALSE
"ENSMUSG00000121449","Pdxk-ps","chr17",32305003,32305082,79,"Regular (>50bp)",-0.243,9.5615601370151e-05,TRUE,-0.0129855874068133,0.968255206185046,FALSE
"ENSMUSG00000121502","ENSMUSG00000121502","chr7",39120820,39120930,110,"Regular (>50bp)",0.373,3.3499803481681e-06,TRUE,-0.0817636381463913,0.55594732844652,FALSE
"ENSMUSG00000121504","Ppp4r1l-ps","chr2",173442558,173442835,277,"Regular (>50bp)",-0.106,0.0478460550034406,TRUE,-0.621893311457743,0.000720220111971171,FALSE
"ENSMUSG00000121504","Ppp4r1l-ps","chr2",173448934,173449122,188,"Regular (>50bp)",0.3,0.00709252141893229,TRUE,-0.621893311457743,0.000720220111971171,FALSE
"ENSMUSG00000121504","Ppp4r1l-ps","chr2",173446298,173446390,92,"Regular (>50bp)",-0.14,0.0142432199143336,TRUE,-0.621893311457743,0.000720220111971171,FALSE
"ENSMUSG00000121504","Ppp4r1l-ps","chr2",173490962,173491160,198,"Regular (>50bp)",-0.244,0.00201368032987911,TRUE,-0.621893311457743,0.000720220111971171,FALSE
"ENSMUSG00000121504","Ppp4r1l-ps","chr2",173490962,173491160,198,"Regular (>50bp)",-0.188,3.21565627657686e-05,TRUE,-0.621893311457743,0.000720220111971171,FALSE
"ENSMUSG00000121504","Ppp4r1l-ps","chr2",173431580,173432589,1009,"Regular (>50bp)",-0.127,0.000578400887225834,TRUE,-0.621893311457743,0.000720220111971171,FALSE
"ENSMUSG00000121504","Ppp4r1l-ps","chr2",173431580,173431741,161,"Regular (>50bp)",-0.125,0.00064382463247612,TRUE,-0.621893311457743,0.000720220111971171,FALSE
