"event_key","event_type","GeneID","geneSymbol","exon_length","size_category","dPSI","FDR"
"chrX:150587441:150587536:150586798:150589715:SE","SE","ENSMUSG00000025261","Huwe1",95,"Regular (>50bp)",-0.208,0.0301232350321887
"chrX:134644311:134644363:134643727:134645247:SE","SE","ENSMUSG00000043384","Gprasp1",52,"Regular (>50bp)",0.109,0.00646971334921933
"chrX:132973163:132973223:132970656:132973884:SE","SE","ENSMUSG00000031256","Cstf2",60,"Regular (>50bp)",0.19,4.26278819386534e-10
"chrX:132973163:132973223:132970656:132973962:SE","SE","ENSMUSG00000031256","Cstf2",60,"Regular (>50bp)",0.12,2.35174732283403e-05
"chrX:104433475:104433549:104431542:104435081:SE","SE","ENSMUSG00000087620","5330434G04Rik",74,"Regular (>50bp)",0.124,0.00542655501915266
"chrX:100634339:100634345:100634195:100637545:SE","SE","ENSMUSG00000031314","Taf1",6,"Microexon (0-30bp)",0.201,5.80152882256624e-11
"chrX:84619155:84619216:84617771:84637257:SE","SE","ENSMUSG00000035476","Tab3",61,"Regular (>50bp)",-0.105,0.00789784768877363
"chrX:13462924:13462942:13453204:13466595:SE","SE","ENSMUSG00000031012","Cask",18,"Microexon (0-30bp)",0.169,0
"chr19:42174058:42174079:42172628:42174243:SE","SE","ENSMUSG00000018820","Zfyve27",21,"Microexon (0-30bp)",0.131,0.0409838238074037
"chr19:41534313:41534446:41516525:41570216:SE","SE","ENSMUSG00000025019","Lcor",133,"Regular (>50bp)",-0.29,0.0138392517594589
"chr19:32237375:32237497:32137763:32266940:SE","SE","ENSMUSG00000040451","Sgms1",122,"Regular (>50bp)",0.14,0.00324301571806219
"chr19:17189655:17189694:17185693:17193689:SE","SE","ENSMUSG00000039126","Prune2",39,"Small (30-50bp)",0.113,0.0330137103152969
"chr19:17189655:17189694:17189077:17193689:SE","SE","ENSMUSG00000039126","Prune2",39,"Small (30-50bp)",0.116,0.00583089718009933
"chr19:17193689:17193737:17185693:17198147:SE","SE","ENSMUSG00000039126","Prune2",48,"Small (30-50bp)",0.118,0.0452451347637844
"chr19:5711623:5711651:5711139:5712615:SE","SE","ENSMUSG00000056917","Sipa1",28,"Microexon (0-30bp)",0.295,6.66291490053471e-05
"chr19:5711623:5711686:5711139:5712615:SE","SE","ENSMUSG00000056917","Sipa1",63,"Regular (>50bp)",0.266,0.000136639824794856
"chr18:82628729:82628811:82627600:82635834:SE","SE","ENSMUSG00000041258","Zfp236",82,"Regular (>50bp)",0.124,6.98160478013703e-05
"chr18:77099685:77099800:77098741:77134869:SE","SE","ENSMUSG00000025420","Katnal2",115,"Regular (>50bp)",0.151,0.0186055058252705
"chr18:61952059:61952158:61950040:61952861:SE","SE","ENSMUSG00000032735","Ablim3",99,"Regular (>50bp)",0.285,0.0228211594612125
"chr18:46916825:46916866:46913835:46921723:SE","SE","ENSMUSG00000024480","Ap3s1",41,"Small (30-50bp)",-0.757,0.000578400887225834
"chr18:36662739:36662789:36662382:36662925:SE","SE","ENSMUSG00000024485","Slc4a9",50,"Small (30-50bp)",0.264,0.000194381456300803
"chr18:35741790:35741872:35732811:35743923:SE","SE","ENSMUSG00000037058","Paip2",82,"Regular (>50bp)",-0.442,0.0224630764273715
"chr18:35626197:35626286:35626019:35631843:SE","SE","ENSMUSG00000024357","Sil1",89,"Regular (>50bp)",-0.151,0.00834411818933639
"chr18:34889051:34889204:34887833:34889342:SE","SE","ENSMUSG00000097755","2010110K18Rik",153,"Regular (>50bp)",-0.122,0.0100847040124153
"chr18:34889051:34889234:34887833:34889342:SE","SE","ENSMUSG00000097755","2010110K18Rik",183,"Regular (>50bp)",-0.23,0.00172429520205324
"chr18:32562752:32562776:32559405:32564723:SE","SE","ENSMUSG00000024381","Bin1",24,"Microexon (0-30bp)",0.14,0.0132226098273639
"chr18:32562752:32562776:32559405:32565035:SE","SE","ENSMUSG00000024381","Bin1",24,"Microexon (0-30bp)",0.158,0.00216435526037455
"chr18:24604118:24604141:24604037:24608581:SE","SE","ENSMUSG00000024273","2700062C07Rik",23,"Microexon (0-30bp)",-0.102,0.0216985677542389
"chr18:20988877:20988895:20988133:20993489:SE","SE","ENSMUSG00000033382","Trappc8",18,"Microexon (0-30bp)",0.11,7.28534664518961e-06
"chr18:6111684:6112439:6070091:6135803:SE","SE","ENSMUSG00000041225","Arhgap12",755,"Regular (>50bp)",0.105,0.0196174305361452
"chr19:3827461:3827512:3818340:3832219:SE","SE","ENSMUSG00000045098","Kmt5b",51,"Regular (>50bp)",0.138,1.01109542961299e-07
"chr17:28542544:28542639:28539830:28545125:SE","SE","ENSMUSG00000007570","Fance",95,"Regular (>50bp)",-0.124,0.0327006117687034
"chr17:27140780:27140834:27140093:27141878:SE","SE","ENSMUSG00000024301","Kifc5b",54,"Regular (>50bp)",0.121,0.000577802774270436
"chr17:25127384:25127402:25126360:25128123:SE","SE","ENSMUSG00000024163","Mapk8ip3",18,"Microexon (0-30bp)",0.149,0
"chr17:13789019:13789145:13774354:13889020:SE","SE","ENSMUSG00000117042","2700054A10Rik",126,"Regular (>50bp)",0.143,0.0275616163753129
"chr17:6168570:6168641:6157271:6227103:SE","SE","ENSMUSG00000034377","Tulp4",71,"Regular (>50bp)",0.184,0.0204387930651285
"chr17:6119573:6119663:6117935:6122108:SE","SE","ENSMUSG00000015659","Serac1",90,"Regular (>50bp)",0.163,0.0054059057236589
"chr17:5851473:5851616:5849137:5852987:SE","SE","ENSMUSG00000096965","3300005D01Rik",143,"Regular (>50bp)",-0.121,0.0333068860500535
"chr16:93387143:93388191:93386973:93393185:SE","SE","ENSMUSG00000022948","Setd4",1048,"Regular (>50bp)",-0.186,0.0173250062120832
"chr16:93387761:93388191:93384788:93393185:SE","SE","ENSMUSG00000022948","Setd4",430,"Regular (>50bp)",0.209,0.000896301480330683
"chr16:91505665:91505778:91486168:91510939:SE","SE","ENSMUSG00000085169","Gm10785",113,"Regular (>50bp)",-0.242,0.00148250010273968
"chr16:84630707:84630762:84628395:84630881:SE","SE","ENSMUSG00000022890","Atp5j",55,"Regular (>50bp)",-0.108,0.00379255662986247
"chr16:55742433:55742600:55739930:55745331:SE","SE","ENSMUSG00000022604","Cep97",167,"Regular (>50bp)",0.111,0.000564267718258756
"chr16:43712515:43712554:43710401:43718452:SE","SE","ENSMUSG00000022701","Ccdc191",39,"Small (30-50bp)",0.186,7.85526742502879e-05
"chr16:43013827:43013901:42967306:43053121:SE","SE","ENSMUSG00000022708","Zbtb20",74,"Regular (>50bp)",0.351,0.0249316195848359
"chr16:43397392:43397556:43392154:43397923:SE","SE","ENSMUSG00000022708","Zbtb20",164,"Regular (>50bp)",0.153,0.046650471185008
"chr16:38405980:38406042:38405880:38406582:SE","SE","ENSMUSG00000002845","Tmem39a",62,"Regular (>50bp)",0.13,0.0333520637181057
"chr16:36649365:36649435:36648854:36655877:SE","SE","ENSMUSG00000022837","Iqcb1",70,"Regular (>50bp)",-0.139,3.15878867673424e-05
"chr16:35802094:35802165:35787890:35803421:SE","SE","ENSMUSG00000086324","Gm15564",71,"Regular (>50bp)",0.429,0.000134731150745085
"chr16:32829558:32829806:32826111:32832710:SE","SE","ENSMUSG00000022801","Lrch3",248,"Regular (>50bp)",0.182,4.92003807411608e-07
"chr16:20493535:20493556:20493064:20494093:SE","SE","ENSMUSG00000045983","Eif4g1",21,"Microexon (0-30bp)",0.166,1.83302648422216e-13
"chr15:93318164:93318371:93296342:93321894:SE","SE","ENSMUSG00000036167","Pphln1",207,"Regular (>50bp)",-0.129,0.0429116380875512
"chr15:89191374:89191398:89191138:89191695:SE","SE","ENSMUSG00000036529","Sbf1",24,"Microexon (0-30bp)",0.134,0
"chr15:78321100:78321163:78319910:78321783:SE","SE","ENSMUSG00000033287","Kctd17",63,"Regular (>50bp)",-0.118,4.19312815696982e-08
"chr15:78321100:78321194:78319910:78321783:SE","SE","ENSMUSG00000033287","Kctd17",94,"Regular (>50bp)",-0.105,1.22512633473975e-07
"chr15:78321100:78321299:78319910:78321783:SE","SE","ENSMUSG00000033287","Kctd17",199,"Regular (>50bp)",-0.104,2.01811057122995e-08
"chr15:76573527:76573694:76555962:76574371:SE","SE","ENSMUSG00000033819","Ppp1r16a",167,"Regular (>50bp)",0.114,0.0280678457845143
"chr15:73236889:73237044:73202864:73263607:SE","SE","ENSMUSG00000022607","Ptk2",155,"Regular (>50bp)",-0.277,1.82144288951477e-05
"chr15:73236889:73237044:73202864:73266496:SE","SE","ENSMUSG00000022607","Ptk2",155,"Regular (>50bp)",-0.161,0.0209261309066298
"chr15:66469513:66469603:66469296:66475875:SE","SE","ENSMUSG00000072501","Phf20l1",90,"Regular (>50bp)",0.114,0.0374634334301523
"chr15:62021087:62021201:61910050:62047315:SE","SE","ENSMUSG00000097039","Pvt1",114,"Regular (>50bp)",0.143,0.0249316195848359
"chr15:62021087:62021201:61910050:62114022:SE","SE","ENSMUSG00000097039","Pvt1",114,"Regular (>50bp)",-0.103,0.0018368691764503
"chr15:62031845:62031977:61910050:62114022:SE","SE","ENSMUSG00000097039","Pvt1",132,"Regular (>50bp)",-0.211,0.000992881216836525
"chr15:5075126:5075265:5052181:5076345:SE","SE","ENSMUSG00000079105","C7",139,"Regular (>50bp)",-0.252,4.97860633454228e-05
"chr14:120640747:120640783:120634016:120642049:SE","SE","ENSMUSG00000022139","Mbnl2",36,"Small (30-50bp)",0.145,2.06151569147105e-05
"chr14:120640747:120640783:120634016:120666346:SE","SE","ENSMUSG00000022139","Mbnl2",36,"Small (30-50bp)",0.113,0.00276681893539065
"chr14:119343557:119343726:119338576:119347030:SE","SE","ENSMUSG00000087479","Gm16835",169,"Regular (>50bp)",-0.382,9.29700907370769e-05
"chr14:65062747:65062819:65054585:65063049:SE","SE","ENSMUSG00000021972","Hmbox1",72,"Regular (>50bp)",-0.127,0.00797309893298637
"chr14:58087601:58087637:58084519:58094066:SE","SE","ENSMUSG00000021969","Zdhhc20",36,"Small (30-50bp)",0.196,6.6172500227135e-08
"chr14:57048196:57048316:57042320:57049048:SE","SE","ENSMUSG00000040123","Zmym5",120,"Regular (>50bp)",0.114,0.000377227763422474
"chrX:158600237:158600294:158599702:158607470:SE","SE","ENSMUSG00000040990","Sh3kbp1",57,"Regular (>50bp)",-0.529,0.000846972086302339
"chr14:47290306:47290570:47254252:47301676:SE","SE","ENSMUSG00000021838","Samd4",264,"Regular (>50bp)",-0.15,0.0145516858827349
"chr14:45866310:45866331:45858297:45867036:SE","SE","ENSMUSG00000037697","Ddhd1",21,"Microexon (0-30bp)",0.202,1.72061376212635e-05
"chr14:45567822:45567978:45567560:45568286:SE","SE","ENSMUSG00000021832","Psmc6",156,"Regular (>50bp)",-0.2,0.0355883330525339
"chr14:44798155:44798244:44797471:44799238:SE","SE","ENSMUSG00000092165","Gm5624",89,"Regular (>50bp)",0.106,0.000785242525902698
"chr14:44798155:44798287:44797471:44799238:SE","SE","ENSMUSG00000092165","Gm5624",132,"Regular (>50bp)",0.124,0.000327339854512147
"chr15:103338603:103338684:103336811:103338782:SE","SE","ENSMUSG00000022487","Gtsf1",81,"Regular (>50bp)",-0.166,0.0171446500513668
"chr14:30735385:30735522:30735212:30736009:SE","SE","ENSMUSG00000042354","Gnl3",137,"Regular (>50bp)",-0.446,3.06560648323351e-06
"chr14:26865949:26866087:26836880:26874918:SE","SE","ENSMUSG00000021895","Arhgef3",138,"Regular (>50bp)",-0.238,1.00228474147005e-05
"chr14:25980743:25980945:25980098:25983911:SE","SE","ENSMUSG00000048502","Duxbl1",202,"Regular (>50bp)",-0.284,0.00170286026563699
"chr19:44531704:44531828:44524692:44532139:SE","SE","ENSMUSG00000051984","Sec31b",124,"Regular (>50bp)",0.165,0.00362022944500785
"chr13:97619456:97619540:97571600:97629663:SE","SE","ENSMUSG00000078952","Lncenc1",84,"Regular (>50bp)",0.195,6.98373217994322e-05
"chr13:94680491:94680530:94679384:94684262:SE","SE","ENSMUSG00000021686","Ap3b1",39,"Small (30-50bp)",0.15,0
"chr13:85345469:85345680:85338995:85350559:SE","SE","ENSMUSG00000021548","Ccnh",211,"Regular (>50bp)",-0.285,4.13441358054042e-05
"chr13:74731765:74731992:74730367:74739390:SE","SE","ENSMUSG00000113204","Gm46430",227,"Regular (>50bp)",-0.433,0.00187609735255649
"chr13:67644303:67644330:67642848:67648529:SE","SE","ENSMUSG00000071291","Zfp58",27,"Microexon (0-30bp)",-0.104,0.0175637429423673
"chr19:18667593:18667734:18656631:18668780:SE","SE","ENSMUSG00000024726","Carnmt1",141,"Regular (>50bp)",0.219,0.00683387935973327
"chr19:18671012:18671126:18656631:18681383:SE","SE","ENSMUSG00000024726","Carnmt1",114,"Regular (>50bp)",-0.187,0.000450270231708783
"chr13:64353084:64353231:64349262:64356920:SE","SE","ENSMUSG00000033102","Cdc14b",147,"Regular (>50bp)",0.31,0.0309096415828087
"chr13:64373385:64373462:64364113:64391447:SE","SE","ENSMUSG00000033102","Cdc14b",77,"Regular (>50bp)",-0.179,0.000169215324324696
"chr13:63508009:63508074:63495398:63545896:SE","SE","ENSMUSG00000021461","Fancc",65,"Regular (>50bp)",-0.193,0.00334844557462196
"chr13:38167070:38167085:38163782:38167368:SE","SE","ENSMUSG00000021427","Ssr1",15,"Microexon (0-30bp)",0.156,2.10734500767394e-08
"chr13:21706393:21706485:21706079:21709307:SE","SE","ENSMUSG00000063894","Zkscan8",92,"Regular (>50bp)",-0.165,8.21525010499406e-07
"chr12:109515913:109515987:109512425:109516087:SE","SE","ENSMUSG00000021268","Meg3",74,"Regular (>50bp)",0.267,5.49785788679113e-07
"chr12:109515913:109516014:109512425:109516087:SE","SE","ENSMUSG00000021268","Meg3",101,"Regular (>50bp)",0.553,4.13673457622211e-08
"chr12:73217367:73217441:73170700:73228557:SE","SE","ENSMUSG00000021103","Mnat1",74,"Regular (>50bp)",0.657,2.35822195569196e-06
"chr12:73225978:73226082:73170700:73234913:SE","SE","ENSMUSG00000021103","Mnat1",104,"Regular (>50bp)",-0.315,1.90574496674557e-05
"chr12:65090316:65090385:65090131:65090541:SE","SE","ENSMUSG00000035597","Prpf39",69,"Regular (>50bp)",-0.126,0.000428683462664967
"chr12:40844595:40844622:40840160:40844766:SE","SE","ENSMUSG00000035954","Dock4",27,"Microexon (0-30bp)",0.164,0
"chr12:24974197:24974293:24932793:24984565:SE","SE","ENSMUSG00000020646","Mboat2",96,"Regular (>50bp)",-0.22,0.0205790201384674
"chr12:17043453:17043574:17042320:17045614:SE","SE","ENSMUSG00000045679","Pqlc3",121,"Regular (>50bp)",-0.136,0.000946648483951806
"chr11:113452831:113452950:113414450:113540767:SE","SE","ENSMUSG00000041654","Slc39a11",119,"Regular (>50bp)",0.224,0.0131015827208678
"chr11:106071780:106071809:106064607:106077950:SE","SE","ENSMUSG00000069631","Strada",29,"Microexon (0-30bp)",0.157,0.000900127417551208
"chr11:106075387:106075445:106064607:106077950:SE","SE","ENSMUSG00000069631","Strada",58,"Regular (>50bp)",0.103,0.000602301753398828
"chr11:104196037:104196235:104193236:104197451:SE","SE","ENSMUSG00000018411","Mapt",198,"Regular (>50bp)",0.109,0
"chr11:102112593:102112677:102097992:102115559:SE","SE","ENSMUSG00000008855","Hdac5",84,"Regular (>50bp)",0.131,7.3015169289544e-05
"chr11:98608534:98608591:98607351:98608735:SE","SE","ENSMUSG00000017210","Med24",57,"Regular (>50bp)",0.179,0
"chr11:98140535:98140926:98136495:98154295:SE","SE","ENSMUSG00000003119","Cdk12",391,"Regular (>50bp)",0.185,0.0218351815697566
"chr12:52562889:52566750:52550831:52589271:SE","SE","ENSMUSG00000035133","Arhgap5",3861,"Regular (>50bp)",-0.101,0.00383304362850267
"chr12:52562889:52566750:52550831:52589274:SE","SE","ENSMUSG00000035133","Arhgap5",3861,"Regular (>50bp)",-0.171,0.0294509356085971
"chr11:97590031:97590126:97588886:97590361:SE","SE","ENSMUSG00000018537","Pcgf2",95,"Regular (>50bp)",-0.328,0.000699996299511696
"chr15:75763811:75763896:75763713:75764190:SE","SE","ENSMUSG00000022574","Naprt",85,"Regular (>50bp)",-0.293,0.000828688010449298
"chr11:85434753:85434798:85422769:85445015:SE","SE","ENSMUSG00000059439","Bcas3",45,"Small (30-50bp)",0.293,0.00387829859243398
"chr11:83379750:83379871:83364032:83388719:SE","SE","ENSMUSG00000020680","Taf15",121,"Regular (>50bp)",-0.286,0.0183158647410083
"chr6:42253803:42253864:42250979:42256710:SE","SE","ENSMUSG00000029863","Casp2",61,"Regular (>50bp)",0.378,4.31696620727891e-05
"chr6:17850355:17850424:17848078:17852256:SE","SE","ENSMUSG00000029534","St7",69,"Regular (>50bp)",0.107,0.00997582977773716
"chr19:55375620:55375641:55369451:55486942:SE","SE","ENSMUSG00000024983","Vti1a",21,"Microexon (0-30bp)",0.293,0.0119092933064956
"chr6:4711307:4711380:4694184:4746979:SE","SE","ENSMUSG00000004631","Sgce",73,"Regular (>50bp)",-0.315,0.00242929849777765
"chr15:98429203:98429318:98427334:98429600:SE","SE","ENSMUSG00000022992","Kansl2",115,"Regular (>50bp)",-0.107,0.000307856986827618
"chr5:144830889:144830967:144830117:144831283:SE","SE","ENSMUSG00000038780","Smurf1",78,"Regular (>50bp)",0.11,4.43877997109333e-08
"chr5:23968331:23968349:23967472:23973765:SE","SE","ENSMUSG00000057541","Pus7",18,"Microexon (0-30bp)",0.11,0.00249790685408837
"chr2:51862599:51862639:51850672:51862920:SE","SE","ENSMUSG00000026946","Nmi",40,"Small (30-50bp)",0.198,0.0123671811189928
"chr9:118898950:118899136:118897524:118899345:SE","SE","ENSMUSG00000038775","Vill",186,"Regular (>50bp)",0.141,0.0392330035078151
"chr5:135895980:135896000:135886069:135897026:SE","SE","ENSMUSG00000039860","Srrm3",20,"Microexon (0-30bp)",0.114,0.00026876094254613
"chr6:119595806:119595873:119571934:119597271:SE","SE","ENSMUSG00000030172","Erc1",67,"Regular (>50bp)",0.128,2.15437648629046e-05
"chr6:119711041:119711053:119699269:119720248:SE","SE","ENSMUSG00000030172","Erc1",12,"Microexon (0-30bp)",0.163,2.75166287953894e-05
"chr15:92258919:92259046:92242464:92264059:SE","SE","ENSMUSG00000097068","Gm26760",127,"Regular (>50bp)",-0.166,0.001511930362008
"chr5:123884834:123884933:123883652:123887351:SE","SE","ENSMUSG00000029422","Rsrc2",99,"Regular (>50bp)",-0.133,8.59740106300302e-05
"chr5:38380477:38380571:38377979:38382061:SE","SE","ENSMUSG00000067367","Lyar",94,"Regular (>50bp)",-0.171,3.84837220484821e-10
"chr5:38380477:38380575:38377979:38382061:SE","SE","ENSMUSG00000067367","Lyar",98,"Regular (>50bp)",-0.171,7.45315473720614e-10
"chr5:115466405:115466763:115465757:115468556:SE","SE","ENSMUSG00000029538","Srsf9",358,"Regular (>50bp)",0.109,0.0321221891972023
"chr2:29609604:29609862:29600320:29610654:SE","SE","ENSMUSG00000039844","Rapgef1",258,"Regular (>50bp)",0.162,0.000387121321798303
"chr2:29609604:29609862:29600320:29612235:SE","SE","ENSMUSG00000039844","Rapgef1",258,"Regular (>50bp)",0.128,0.0424017922163595
"chr9:67773461:67773524:67768167:67778457:SE","SE","ENSMUSG00000035284","Vps13c",63,"Regular (>50bp)",0.127,0.0227523019080206
"chr9:67778134:67778200:67768167:67778457:SE","SE","ENSMUSG00000035284","Vps13c",66,"Regular (>50bp)",0.263,1.1670452762237e-05
"chr4:147413438:147413565:147409334:147415724:SE","SE","ENSMUSG00000078498","Zfp988",127,"Regular (>50bp)",0.29,0.000135770989700572
"chr6:120930594:120930645:120929446:120934659:SE","SE","ENSMUSG00000051586","Mical3",51,"Regular (>50bp)",0.203,0.000632137158367534
"chr11:3311782:3311825:3311108:3342916:SE","SE","ENSMUSG00000020451","Limk2",43,"Small (30-50bp)",-0.127,0.00295924060295074
"chr5:67491848:67492011:67487294:67501872:SE","SE","ENSMUSG00000029221","Slc30a9",163,"Regular (>50bp)",0.167,0.0153099151197837
"chr1:133203549:133203603:133202112:133207110:SE","SE","ENSMUSG00000041757","Plekha6",54,"Regular (>50bp)",0.337,0.0392796815597014
"chr1:133213984:133214134:133213124:133215207:SE","SE","ENSMUSG00000041757","Plekha6",150,"Regular (>50bp)",0.117,0.000154721148876484
"chr13:39128475:39128630:39127142:39139624:SE","SE","ENSMUSG00000021432","Slc35b3",155,"Regular (>50bp)",-0.124,0.00343920122050433
"chr5:36000511:36000610:35998745:36006147:SE","SE","ENSMUSG00000029095","Ablim2",99,"Regular (>50bp)",0.287,8.45108528612711e-10
"chr5:36024048:36024110:36015308:36031976:SE","SE","ENSMUSG00000029095","Ablim2",62,"Regular (>50bp)",0.117,0.000240272135459985
"chr7:96378555:96378732:96353368:96384891:SE","SE","ENSMUSG00000048078","Tenm4",177,"Regular (>50bp)",0.193,0.0109442627828499
"chr7:96454311:96454338:96446712:96461039:SE","SE","ENSMUSG00000048078","Tenm4",27,"Microexon (0-30bp)",0.102,6.02621193284705e-06
"chr5:33021353:33021656:33021087:33021920:SE","SE","ENSMUSG00000037426","Depdc5",303,"Regular (>50bp)",0.13,7.71814477123387e-06
"chr5:33021501:33021656:33021087:33021920:SE","SE","ENSMUSG00000037426","Depdc5",155,"Regular (>50bp)",0.134,1.13455362352412e-05
"chr6:113451513:113451558:113451233:113453359:SE","SE","ENSMUSG00000030281","Il17rc",45,"Small (30-50bp)",0.114,0.000203557484841374
"chr5:23829050:23829124:23821388:23834329:SE","SE","ENSMUSG00000062604","Srpk2",74,"Regular (>50bp)",0.122,0.000564037152780279
"chr5:23834329:23834475:23753561:23880717:SE","SE","ENSMUSG00000062604","Srpk2",146,"Regular (>50bp)",-0.221,0.0395638626112205
"chr9:89096464:89096534:89093364:89097261:SE","SE","ENSMUSG00000066442","Mthfs",70,"Regular (>50bp)",0.101,0.00391174895594848
"chr7:99962412:99962572:99960058:99966248:SE","SE","ENSMUSG00000051048","P4ha3",160,"Regular (>50bp)",0.213,0.0115301299660962
"chr7:99963814:99963877:99960058:99966248:SE","SE","ENSMUSG00000051048","P4ha3",63,"Regular (>50bp)",0.26,0.0160547083805192
"chr4:137980922:137981000:137977819:137981583:SE","SE","ENSMUSG00000045349","Sh2d5",78,"Regular (>50bp)",0.258,0.0165568200991455
"chr4:137981141:137981269:137977819:137981583:SE","SE","ENSMUSG00000045349","Sh2d5",128,"Regular (>50bp)",0.142,6.17558934727634e-05
"chr4:135775122:135775164:135756016:135778481:SE","SE","ENSMUSG00000059291","Rpl11",42,"Small (30-50bp)",0.139,0.00346619934067699
"chr18:10593745:10595875:10588550:10596338:SE","SE","ENSMUSG00000024293","Esco1",2130,"Regular (>50bp)",-0.102,5.36401155092723e-06
"chr18:10595675:10595875:10588550:10596338:SE","SE","ENSMUSG00000024293","Esco1",200,"Regular (>50bp)",-0.129,6.10806624409645e-06
"chr4:132384888:132384927:132384099:132389205:SE","SE","ENSMUSG00000028886","Eya3",39,"Small (30-50bp)",0.204,1.83302648422216e-13
"chr1:174903582:174903663:174894260:174904389:SE","SE","ENSMUSG00000026527","Rgs7",81,"Regular (>50bp)",-0.187,0.00596161908602796
"chr5:77052055:77052227:77050032:77053269:SE","SE","ENSMUSG00000055923","Aasdh",172,"Regular (>50bp)",0.126,0.000104640322013653
"chr5:77052805:77052859:77050032:77053269:SE","SE","ENSMUSG00000055923","Aasdh",54,"Regular (>50bp)",0.268,0.0430143432113624
"chr4:125815665:125815761:125812599:125815869:SE","SE","ENSMUSG00000085562","2610028E06Rik",96,"Regular (>50bp)",-0.124,0.0024434731451566
"chr19:40329128:40329194:40328590:40332799:SE","SE","ENSMUSG00000025006","Sorbs1",66,"Regular (>50bp)",0.184,0.00212376547718423
"chr19:40332799:40332883:40329194:40338342:SE","SE","ENSMUSG00000025006","Sorbs1",84,"Regular (>50bp)",-0.201,0.0250455332194039
"chr19:40365088:40365247:40362061:40365427:SE","SE","ENSMUSG00000025006","Sorbs1",159,"Regular (>50bp)",0.126,0.000149434302068747
"chr19:40371199:40371226:40371077:40381831:SE","SE","ENSMUSG00000025006","Sorbs1",27,"Microexon (0-30bp)",0.149,0.0343502534780225
"chr7:127019181:127019277:127018813:127020794:SE","SE","ENSMUSG00000045251","Zfp688",96,"Regular (>50bp)",-0.101,0.000156625548282831
"chr4:116190609:116190630:116187666:116194618:SE","SE","ENSMUSG00000003810","Mast2",21,"Microexon (0-30bp)",0.248,0
"chr9:96448068:96448175:96442834:96451072:SE","SE","ENSMUSG00000032413","Rasa2",107,"Regular (>50bp)",-0.198,4.69237267447185e-08
"chr9:96450416:96450540:96442834:96451072:SE","SE","ENSMUSG00000032413","Rasa2",124,"Regular (>50bp)",-0.137,8.3645898467828e-08
"chr4:107667959:107668143:107666034:107680130:SE","SE","ENSMUSG00000073779","Lrp8os2",184,"Regular (>50bp)",0.463,0.0054495911586332
"chr4:107673123:107673264:107666034:107680130:SE","SE","ENSMUSG00000073779","Lrp8os2",141,"Regular (>50bp)",0.637,0.00489419159100366
"chr4:106884413:106884494:106866965:106885389:SE","SE","ENSMUSG00000061887","Ssbp3",81,"Regular (>50bp)",0.101,1.90927258199199e-05
"chr2:120274618:120274720:120272081:120276779:SE","SE","ENSMUSG00000062646","Ganc",102,"Regular (>50bp)",-0.13,0.00167682594581168
"chr4:102757722:102757734:102727921:102766004:SE","SE","ENSMUSG00000028524","Sgip1",12,"Microexon (0-30bp)",0.461,0.00482199685480026
"chr4:102762761:102762773:102727921:102766004:SE","SE","ENSMUSG00000028524","Sgip1",12,"Microexon (0-30bp)",0.167,0.012020875500013
"chr4:97969961:97970053:97953683:97999454:SE","SE","ENSMUSG00000028565","Nfia",92,"Regular (>50bp)",0.238,0.000552253548699556
"chr18:60678428:60678449:60677218:60678819:SE","SE","ENSMUSG00000024603","Dctn4",21,"Microexon (0-30bp)",0.164,2.36488905850054e-07
"chr6:127448510:127448631:127447793:127451198:SE","SE","ENSMUSG00000037997","Parp11",121,"Regular (>50bp)",0.298,0.00106953072186993
"chr17:32581766:32581937:32578468:32586797:SE","SE","ENSMUSG00000024050","Wiz",171,"Regular (>50bp)",-0.17,0.00333909935749162
"chr7:107327922:107327955:107326992:107328345:SE","SE","ENSMUSG00000036528","Ppfibp2",33,"Small (30-50bp)",0.114,0.000795244334296005
"chr11:120520811:120520842:120520707:120524187:SE","SE","ENSMUSG00000051510","Mafg",31,"Small (30-50bp)",0.157,0.00124751535681706
"chr4:83539061:83539200:83522419:83553876:SE","SE","ENSMUSG00000052407","Ccdc171",139,"Regular (>50bp)",0.201,0.000559375073688631
"chr11:119999292:119999316:119997436:120000257:SE","SE","ENSMUSG00000061306","Slc38a10",24,"Microexon (0-30bp)",0.174,0
"chr11:119999292:119999379:119997436:120000257:SE","SE","ENSMUSG00000061306","Slc38a10",87,"Regular (>50bp)",0.327,0
"chr3:22143576:22143686:22131591:22203105:SE","SE","ENSMUSG00000027630","Tbl1xr1",110,"Regular (>50bp)",-0.127,0.000766952299439338
"chr4:43681045:43681314:43680792:43681958:SE","SE","ENSMUSG00000078716","Tmem8b",269,"Regular (>50bp)",0.15,0.00215412087797802
"chr10:116342945:116343093:116340019:116363731:SE","SE","ENSMUSG00000020166","Cnot2",148,"Regular (>50bp)",-0.146,0.00404923577228385
"chr10:116342945:116343093:116340019:116384937:SE","SE","ENSMUSG00000020166","Cnot2",148,"Regular (>50bp)",-0.176,5.07816002564625e-05
"chr10:116353221:116353288:116337222:116417357:SE","SE","ENSMUSG00000020166","Cnot2",67,"Regular (>50bp)",-0.219,5.00565407746177e-05
"chr10:116363731:116363854:116343093:116417357:SE","SE","ENSMUSG00000020166","Cnot2",123,"Regular (>50bp)",-0.112,0.0100692978462117
"chr4:41245455:41245492:41235594:41251534:SE","SE","ENSMUSG00000028433","Ubap2",37,"Small (30-50bp)",0.109,0
"chr15:41712065:41712146:41694525:41713854:SE","SE","ENSMUSG00000022307","Oxr1",81,"Regular (>50bp)",0.246,0.0046610905054062
"chr11:4730577:4730622:4718273:4732186:SE","SE","ENSMUSG00000009073","Nf2",45,"Small (30-50bp)",0.174,1.62465065210454e-10
"chr5:69720425:69720565:69719200:69721866:SE","SE","ENSMUSG00000029208","Guf1",140,"Regular (>50bp)",0.123,0.00937281362651569
"chr5:8136593:8136623:8132269:8161894:SE","SE","ENSMUSG00000040537","Adam22",30,"Microexon (0-30bp)",0.13,0.00900364149579749
"chr4:9637658:9637703:9635969:9639197:SE","SE","ENSMUSG00000028207","Asph",45,"Small (30-50bp)",0.119,4.92559853045606e-10
"chr3:127681603:127681634:127664649:127689682:SE","SE","ENSMUSG00000050549","Fam241a",31,"Small (30-50bp)",0.154,0.000166478503906857
"chr5:67150485:67150521:67132005:67154462:SE","SE","ENSMUSG00000037736","Limch1",36,"Small (30-50bp)",-0.131,0.0015000099963555
"chr3:148526915:148527044:148526104:148528590:SE","SE","ENSMUSG00000028184","Adgrl2",129,"Regular (>50bp)",-0.168,0.00109751147190297
"chr3:148532847:148532874:148532169:148533176:SE","SE","ENSMUSG00000028184","Adgrl2",27,"Microexon (0-30bp)",0.203,0.000209883033950081
"chr3:146647573:146647648:146645932:146649760:SE","SE","ENSMUSG00000036745","Ttll7",75,"Regular (>50bp)",0.158,7.11283720357769e-06
"chr6:8401076:8401154:8270581:8426970:SE","SE","ENSMUSG00000089862","Umad1",78,"Regular (>50bp)",0.173,0.00871396253698632
"chr3:144832783:144832912:144831986:144833591:SE","SE","ENSMUSG00000028256","Odf2l",129,"Regular (>50bp)",0.141,1.59770158945174e-05
"chr8:127189921:127189974:127188174:127193772:SE","SE","ENSMUSG00000090290","Tarbp1",53,"Regular (>50bp)",0.107,5.95577614460032e-07
"chr1:65220786:65220857:65214527:65225367:SE","SE","ENSMUSG00000025950","Idh1",71,"Regular (>50bp)",-0.307,0.0136083580405798
"chr5:134235611:134235668:134232189:134237720:SE","SE","ENSMUSG00000015942","Gtf2ird2",57,"Regular (>50bp)",-0.133,0.00170720240343313
"chr3:133045023:133045110:133016042:133073583:SE","SE","ENSMUSG00000028013","Ppa2",87,"Regular (>50bp)",-0.221,0.000473076453027528
"chr2:69561834:69561924:69553707:69562540:SE","SE","ENSMUSG00000042133","Ppig",90,"Regular (>50bp)",-0.251,0.0365275811240257
"chr7:25417569:25417704:25415612:25418320:SE","SE","ENSMUSG00000002608","Ccdc97",135,"Regular (>50bp)",-0.394,0.00938056998262256
"chr6:90612231:90612378:90603433:90613838:SE","SE","ENSMUSG00000030089","Slc41a3",147,"Regular (>50bp)",0.27,0.00296515827413826
"chr11:61425403:61425439:61424507:61426096:SE","SE","ENSMUSG00000001036","Epn2",36,"Small (30-50bp)",0.122,7.70019309919651e-05
"chr13:99578141:99578282:99563965:99644615:SE","SE","ENSMUSG00000052727","Map1b",141,"Regular (>50bp)",-0.146,0.00750360027238407
"chr8:45498769:45498822:45498205:45502878:SE","SE","ENSMUSG00000070047","Fat1",53,"Regular (>50bp)",0.239,0.0120987580619089
"chr8:45500686:45500746:45498205:45502878:SE","SE","ENSMUSG00000070047","Fat1",60,"Regular (>50bp)",0.288,0.0203667767943438
"chr8:45500686:45500746:45498822:45502878:SE","SE","ENSMUSG00000070047","Fat1",60,"Regular (>50bp)",0.236,0.000723374244043817
"chr5:65608054:65608160:65607780:65617866:SE","SE","ENSMUSG00000037822","Smim14",106,"Regular (>50bp)",-0.122,0.011583997547782
"chr11:116184100:116184139:116183410:116184797:SE","SE","ENSMUSG00000020792","Exoc7",39,"Small (30-50bp)",0.169,2.46650849294221e-07
"chr4:144830183:144830258:144826640:144832368:SE","SE","ENSMUSG00000020220","Vps13d",75,"Regular (>50bp)",0.21,0.0119748671403484
"chr16:36630833:36630970:36628522:36645019:SE","SE","ENSMUSG00000022838","Eaf2",137,"Regular (>50bp)",-0.184,0.012521616887176
"chr16:36645019:36645114:36630970:36648412:SE","SE","ENSMUSG00000022838","Eaf2",95,"Regular (>50bp)",-0.257,0.000513778543465898
"chr2:12400989:12401069:12369330:12423969:SE","SE","ENSMUSG00000026767","Mindy3",80,"Regular (>50bp)",-0.136,0.0138392517594589
"chr7:119423267:119423362:119423117:119426525:SE","SE","ENSMUSG00000030924","Rexo5",95,"Regular (>50bp)",0.105,0.00213734272654972
"chr3:126757031:126757130:126756054:126758586:SE","SE","ENSMUSG00000032826","Ank2",99,"Regular (>50bp)",0.192,7.50203677072801e-08
"chr3:126772904:126772916:126770596:126775448:SE","SE","ENSMUSG00000032826","Ank2",12,"Microexon (0-30bp)",0.138,0.00303344410374097
"chr3:103260882:103260933:103259471:103261012:SE","SE","ENSMUSG00000033014","Trim33",51,"Regular (>50bp)",-0.121,0.00335937572756558
"chr9:113687648:113687672:113683414:113691253:SE","SE","ENSMUSG00000033392","Clasp2",24,"Microexon (0-30bp)",0.252,1.26060491336164e-07
"chr2:24948264:24948333:24947982:24949032:SE","SE","ENSMUSG00000006476","Nsmf",69,"Regular (>50bp)",-0.121,0.000888691268343264
"chr5:114881791:114881941:114877342:114883489:SE","SE","ENSMUSG00000041890","Git2",150,"Regular (>50bp)",-0.106,0.0251831512160118
"chr15:79211834:79211914:79202210:79212409:SE","SE","ENSMUSG00000042632","Pla2g6",80,"Regular (>50bp)",-0.126,0.00140286639784641
"chr2:32200462:32200499:32200039:32202138:SE","SE","ENSMUSG00000026825","Dnm1",37,"Small (30-50bp)",-0.104,0.0269272889583834
"chr13:65335254:65335422:65332947:65338038:SE","SE","ENSMUSG00000032999","Nlrp4f",168,"Regular (>50bp)",0.254,2.14332252434951e-06
"chr2:5881651:5881812:5879229:5887391:SE","SE","ENSMUSG00000025816","Sec61a2",161,"Regular (>50bp)",0.101,0.03498916745618
"chr2:5887391:5887501:5881812:5891309:SE","SE","ENSMUSG00000025816","Sec61a2",110,"Regular (>50bp)",-0.139,0.0273040553546727
"chr11:5926764:5926893:5922888:5929672:SE","SE","ENSMUSG00000057897","Camk2b",129,"Regular (>50bp)",0.178,0.0379841142078612
"chr2:136611662:136611780:136605541:136611976:SE","SE","ENSMUSG00000027273","Snap25",118,"Regular (>50bp)",-0.111,0.000239161961537944
"chr2:22970679:22970712:22970465:22977496:SE","SE","ENSMUSG00000026781","Acbd5",33,"Small (30-50bp)",0.171,1.77638802543842e-12
"chr2:20888010:20888040:20886662:20891916:SE","SE","ENSMUSG00000036591","Arhgap21",30,"Microexon (0-30bp)",0.21,4.24107750950333e-05
"chr11:57687137:57687223:57686620:57692059:SE","SE","ENSMUSG00000087165","2010001A14Rik",86,"Regular (>50bp)",0.105,0.0428140432341417
"chr2:11480564:11480617:11479354:11482846:SE","SE","ENSMUSG00000026773","Pfkfb3",53,"Regular (>50bp)",0.127,0.000137958189414285
"chr3:20152243:20152379:20146980:20159804:SE","SE","ENSMUSG00000002428","Hltf",136,"Regular (>50bp)",-0.134,1.29687565925262e-05
"chr16:31673470:31673506:31672702:31675258:SE","SE","ENSMUSG00000022770","Dlg1",36,"Small (30-50bp)",0.139,8.81268485011539e-07
"chr16:31673485:31673506:31666487:31675258:SE","SE","ENSMUSG00000022770","Dlg1",21,"Microexon (0-30bp)",-0.104,0.0218207418493108
"chr4:155069822:155069849:155069422:155070671:SE","SE","ENSMUSG00000029055","Plch2",27,"Microexon (0-30bp)",0.144,0.0428140432341417
"chr11:106571857:106571911:106570437:106573705:SE","SE","ENSMUSG00000020717","Pecam1",54,"Regular (>50bp)",0.118,0.000884537230798935
"chr3:152413486:152413934:152408421:152415071:SE","SE","ENSMUSG00000119993","Gm32085",448,"Regular (>50bp)",0.107,0.000152305644525748
"chr3:152413486:152413934:152408409:152415071:SE","SE","ENSMUSG00000119993","Gm32085",448,"Regular (>50bp)",0.388,0.0280678457845143
"chr1:179946300:179946348:179945308:179951488:SE","SE","ENSMUSG00000026490","Cdc42bpa",48,"Small (30-50bp)",0.18,1.18301469469446e-06
"chr1:176588916:176589066:176586083:176596798:SE","SE","ENSMUSG00000057335","Cep170",150,"Regular (>50bp)",0.103,3.9257019947339e-05
"chr1:38147484:38147548:38138102:38168542:SE","SE","ENSMUSG00000026082","Rev1",64,"Regular (>50bp)",-0.111,6.57950000471446e-05
"chr14:31765045:31765250:31751988:31768253:SE","SE","ENSMUSG00000021903","Galnt15",205,"Regular (>50bp)",-0.171,0.00382594075526214
"chr1:74957992:74958143:74957653:74958342:SE","SE","ENSMUSG00000047021","Cfap65",151,"Regular (>50bp)",0.106,0.00333735927862648
"chr2:155459781:155459845:155459660:155460653:SE","SE","ENSMUSG00000074652","Myh7b",64,"Regular (>50bp)",0.16,0.0162912594168694
"chr5:149118808:149118845:148987561:149121257:SE","SE","ENSMUSG00000066551","Hmgb1",37,"Small (30-50bp)",-0.178,0.00138310450317866
"chr19:26727251:26727347:26725944:26729223:SE","SE","ENSMUSG00000024921","Smarca2",96,"Regular (>50bp)",-0.161,0.0188214138995908
"chr19:26727251:26727347:26725903:26729223:SE","SE","ENSMUSG00000024921","Smarca2",96,"Regular (>50bp)",0.155,0.000475827687232523
"chr19:26737277:26737331:26729441:26748337:SE","SE","ENSMUSG00000024921","Smarca2",54,"Regular (>50bp)",-0.104,0.00063517275812959
"chr9:86388923:86388953:86388572:86389556:SE","SE","ENSMUSG00000034973","Dop1a",30,"Microexon (0-30bp)",0.195,0.042844740993165
"chr4:156252233:156252266:156251963:156253002:SE","SE","ENSMUSG00000041936","Agrn",33,"Small (30-50bp)",0.13,4.01171260164633e-06
"chr4:156253002:156253026:156252266:156253189:SE","SE","ENSMUSG00000041936","Agrn",24,"Microexon (0-30bp)",0.323,0.00409956888691432
"chr1:98524972:98525118:98517382:98532855:SE","SE","ENSMUSG00000100009","Gm7967",146,"Regular (>50bp)",0.119,1.00228474147005e-05
"chr19:60208761:60208792:60208571:60214741:SE","SE","ENSMUSG00000057858","Fam204a",31,"Small (30-50bp)",-0.138,0.0249443254739075
"chr19:60208921:60209009:60208792:60214663:SE","SE","ENSMUSG00000057858","Fam204a",88,"Regular (>50bp)",-0.117,1.35232510858353e-05
"chr19:60209485:60209736:60208792:60214663:SE","SE","ENSMUSG00000057858","Fam204a",251,"Regular (>50bp)",-0.116,3.74688633235429e-05
"chr2:157300762:157300780:157300553:157304629:SE","SE","ENSMUSG00000027646","Src",18,"Microexon (0-30bp)",0.119,0.042033003448259
"chr1:58843157:58843273:58841852:58863073:SE","SE","ENSMUSG00000026029","Casp8",116,"Regular (>50bp)",0.101,0.0014980270218957
"chr4:111603337:111603475:111577454:111631995:SE","SE","ENSMUSG00000034401","Spata6",138,"Regular (>50bp)",0.11,0.0214906933101873
"chr4:140973256:140973363:140972277:140973485:SE","SE","ENSMUSG00000028919","Arhgef19",107,"Regular (>50bp)",-0.18,0.0177267819373497
"chr6:39349012:39349071:39344700:39354552:SE","SE","ENSMUSG00000029924","Slc37a3",59,"Regular (>50bp)",0.136,0.00666265136344891
"chr5:104728722:104728783:104728480:104730017:SE","SE","ENSMUSG00000120166","Zfp33b",61,"Regular (>50bp)",0.213,0.0122654131218897
"chr5:92553801:92553838:92552725:92557128:SE","SE","ENSMUSG00000034842","Art3",37,"Small (30-50bp)",-0.136,7.53265193187456e-06
"chr5:92553802:92553838:92552725:92557128:SE","SE","ENSMUSG00000034842","Art3",36,"Small (30-50bp)",-0.112,0.0444706993217716
"chr17:69581095:69581161:69577659:69581698:SE","SE","ENSMUSG00000024044","Epb41l3",66,"Regular (>50bp)",0.159,6.98022358218519e-05
"chr1:87301718:87301833:87282208:87331388:SE","SE","ENSMUSG00000048000","Gigyf2",115,"Regular (>50bp)",0.202,0.0251771867460651
"chr17:87571568:87571793:87566309:87573219:SE","SE","ENSMUSG00000024150","Mcfd2",225,"Regular (>50bp)",-0.284,0.026485511386097
"chr7:140437894:140438185:140437467:140438279:SE","SE","ENSMUSG00000025485","Ric8a",291,"Regular (>50bp)",-0.42,0.00127786254016389
"chr6:113642663:113642807:113624782:113647159:SE","SE","ENSMUSG00000060477","Irak2",144,"Regular (>50bp)",-0.113,0.0233905520350226
"chr5:144746960:144747014:144744201:144748704:SE","SE","ENSMUSG00000045482","Trrap",54,"Regular (>50bp)",0.283,0
"chr5:144747141:144747162:144744201:144748704:SE","SE","ENSMUSG00000045482","Trrap",21,"Microexon (0-30bp)",0.291,2.55299855330539e-11
"chr14:14982611:14982725:14981234:14985916:SE","SE","ENSMUSG00000091617","Gm3752",114,"Regular (>50bp)",-0.117,0.0157594179638082
"chr10:76107209:76107239:76106291:76108366:SE","SE","ENSMUSG00000020231","Dip2a",30,"Microexon (0-30bp)",0.168,0.000735208041510314
"chr16:97256688:97256843:97256428:97257421:SE","SE","ENSMUSG00000000386","Mx1",155,"Regular (>50bp)",-0.222,0.00170232807648526
"chr16:97259879:97259932:97258692:97261955:SE","SE","ENSMUSG00000000386","Mx1",53,"Regular (>50bp)",0.173,0.00331046029530328
"chr14:59444252:59444379:59443171:59447376:SE","SE","ENSMUSG00000035469","Rcbtb1",127,"Regular (>50bp)",-0.509,0.0068701276387848
"chr11:88734415:88734522:88732128:88734637:SE","SE","ENSMUSG00000018428","Akap1",107,"Regular (>50bp)",-0.427,3.36830553172877e-06
"chr1:58573643:58573811:58569418:58574548:SE","SE","ENSMUSG00000038174","Hycc2",168,"Regular (>50bp)",-0.273,0.00583729528933631
"chr1:177272304:177272388:177270907:177274654:SE","SE","ENSMUSG00000063659","Zbtb18",84,"Regular (>50bp)",-0.164,0.0245228580546791
"chr2:174169900:174169924:174169734:174176004:SE","SE","ENSMUSG00000027523","Gnas",24,"Microexon (0-30bp)",0.15,8.39408628074766e-11
"chr2:136846853:136846974:136842193:136885919:SE","SE","ENSMUSG00000027281","Slx4ip",121,"Regular (>50bp)",-0.22,0.00405321759899933
"chr5:149174048:149174237:149172216:149174346:SE","SE","ENSMUSG00000100783","2310047D07Rik",189,"Regular (>50bp)",-0.307,0.0225966095920782
"chr2:164644916:164645053:164641865:164646609:SE","SE","ENSMUSG00000017307","Acot8",137,"Regular (>50bp)",-0.168,7.62702722543162e-08
"chr3:40916603:40916663:40905385:40918402:SE","SE","ENSMUSG00000025762","Larp1b",60,"Regular (>50bp)",0.113,9.02202035659034e-10
"chr3:88840871:88840973:88836833:88850081:SE","SE","ENSMUSG00000068921","Dap3",102,"Regular (>50bp)",-0.144,0.0086681768154988
"chr9:66936945:66937024:66931847:66938310:SE","SE","ENSMUSG00000032366","Tpm1",79,"Regular (>50bp)",-0.11,2.10576700045027e-07
"chr17:14111224:14111260:14109239:14116349:SE","SE","ENSMUSG00000068036","Afdn",36,"Small (30-50bp)",0.179,0
"chr1:40042922:40043147:40040751:40043966:SE","SE","ENSMUSG00000026074","Map4k4",225,"Regular (>50bp)",0.111,2.47459982056176e-06
"chr1:85570923:85571067:85570368:85572304:SE","SE","ENSMUSG00000070031","Sp140",144,"Regular (>50bp)",-0.183,0.0326254926426773
"chr10:10302342:10302477:10298504:10306814:SE","SE","ENSMUSG00000050994","Adgb",135,"Regular (>50bp)",-0.259,0.0391094494335883
"chr2:33045299:33045351:33036662:33047783:SE","SE","ENSMUSG00000038831","Ralgps1",52,"Regular (>50bp)",0.167,0.00819283384841814
"chr2:33047783:33047941:33036665:33048921:SE","SE","ENSMUSG00000038831","Ralgps1",158,"Regular (>50bp)",0.157,0.0316311016764184
"chr1:118459707:118459815:118453185:118466995:SE","SE","ENSMUSG00000064302","Clasp1",108,"Regular (>50bp)",0.2,3.42019957341774e-06
"chr1:118463864:118463927:118453185:118466995:SE","SE","ENSMUSG00000064302","Clasp1",63,"Regular (>50bp)",0.155,0.00698114473783677
"chr15:76078165:76078201:76077687:76078540:SE","SE","ENSMUSG00000022565","Plec",36,"Small (30-50bp)",0.101,0
"chr1:87895231:87895320:87894992:87903529:SE","SE","ENSMUSG00000005501","Usp40",89,"Regular (>50bp)",-0.197,7.82608919974478e-06
"chr2:122480176:122480262:122480053:122481135:SE","SE","ENSMUSG00000033213","AA467197",86,"Regular (>50bp)",-0.217,0.000733043013247745
"chr15:98885637:98885711:98881745:98885857:SE","SE","ENSMUSG00000097587","4930578M01Rik",74,"Regular (>50bp)",-0.128,0.0392796815597014
"chr19:3509746:3509764:3509480:3514544:SE","SE","ENSMUSG00000024908","Ppp6r3",18,"Microexon (0-30bp)",0.211,0
"chr2:29088825:29088927:29087161:29094909:SE","SE","ENSMUSG00000035513","Ntng2",102,"Regular (>50bp)",0.184,0.000214611740627023
"chr5:5564231:5564376:5563251:5564627:SE","SE","ENSMUSG00000046798","Cldn12",145,"Regular (>50bp)",0.112,5.6780257952858e-05
"chr10:82708771:82709109:82669865:82710446:SE","SE","ENSMUSG00000020250","Txnrd1",338,"Regular (>50bp)",-0.218,0.0166968571772713
"chr5:140318149:140318228:140317710:140320209:SE","SE","ENSMUSG00000036639","Nudt1",79,"Regular (>50bp)",0.122,0.0206178233682496
"chr2:29891111:29891171:29890074:29892242:SE","SE","ENSMUSG00000057738","Sptan1",60,"Regular (>50bp)",0.114,5.25885650815677e-12
"chr3:9008610:9008637:9000100:9009670:SE","SE","ENSMUSG00000027506","Tpd52",27,"Microexon (0-30bp)",0.314,4.42357879944787e-07
"chr7:143961792:143961813:143960969:143963198:SE","SE","ENSMUSG00000037541","Shank2",21,"Microexon (0-30bp)",0.216,0.00367211715503187
"chr1:36468503:36468536:36467542:36477830:SE","SE","ENSMUSG00000001143","Lman2l",33,"Small (30-50bp)",0.204,0
"chr1:127869330:127869351:127866885:127870110:SE","SE","ENSMUSG00000036104","Rab3gap1",21,"Microexon (0-30bp)",0.191,7.9279837253698e-07
"chr16:90743902:90743941:90743750:90747238:SE","SE","ENSMUSG00000022973","Synj1",39,"Small (30-50bp)",0.204,3.69833523303806e-07
"chr16:90746586:90746625:90743941:90747238:SE","SE","ENSMUSG00000022973","Synj1",39,"Small (30-50bp)",0.218,0.00997582977773716
"chr15:75774527:75775667:75773101:75781093:SE","SE","ENSMUSG00000055762","Eef1d",1140,"Regular (>50bp)",0.157,1.63027543563202e-06
"chr15:75774527:75775667:75773104:75781093:SE","SE","ENSMUSG00000055762","Eef1d",1140,"Regular (>50bp)",0.128,7.8969694359759e-10
"chr9:64633905:64634099:64624270:64644865:SE","SE","ENSMUSG00000004771","Rab11a",194,"Regular (>50bp)",-0.167,0.000721898378352942
"chr3:146390687:146390884:146368537:146391190:SE","SE","ENSMUSG00000048652","Samd13",197,"Regular (>50bp)",0.377,0.0163937500737733
"chr3:146390687:146390895:146386602:146391190:SE","SE","ENSMUSG00000048652","Samd13",208,"Regular (>50bp)",-0.103,0.0333825528160974
"chr7:66874123:66874149:66873639:66875611:SE","SE","ENSMUSG00000043831","Lysmd4",26,"Microexon (0-30bp)",0.106,0.0348177002792262
"chr2:125712245:125712381:125708288:125720197:SE","SE","ENSMUSG00000027207","Galk2",136,"Regular (>50bp)",0.194,0.0156035339710719
"chr6:87909840:87909964:87898633:87910223:SE","SE","ENSMUSG00000030060","Hmces",124,"Regular (>50bp)",-0.17,0.000989789456504887
"chr2:27158162:27158249:27157396:27158910:SE","SE","ENSMUSG00000009621","Vav2",87,"Regular (>50bp)",0.112,6.20574366329859e-07
"chr1:74326250:74326367:74325169:74386543:SE","SE","ENSMUSG00000026179","Pnkd",117,"Regular (>50bp)",0.117,2.07566263647578e-07
"chr1:21536606:21536633:21527848:21539693:SE","SE","ENSMUSG00000028033","Kcnq5",27,"Microexon (0-30bp)",0.353,0.016825005150273
"chr7:73157553:73157661:73154876:73163837:SE","SE","ENSMUSG00000078671","Chd2",108,"Regular (>50bp)",-0.119,0.00026224516045314
"chr2:173431580:173431741:173431467:173433909:SE","SE","ENSMUSG00000121504","Ppp4r1l-ps",161,"Regular (>50bp)",-0.125,0.00064382463247612
"chr2:173431580:173432589:173431467:173433909:SE","SE","ENSMUSG00000121504","Ppp4r1l-ps",1009,"Regular (>50bp)",-0.127,0.000578400887225834
"chr2:173442558:173442835:173441480:173447957:SE","SE","ENSMUSG00000121504","Ppp4r1l-ps",277,"Regular (>50bp)",-0.106,0.0478460550034406
"chr2:173446298:173446390:173441480:173447957:SE","SE","ENSMUSG00000121504","Ppp4r1l-ps",92,"Regular (>50bp)",-0.14,0.0142432199143336
"chr2:173448934:173449122:173446390:173450525:SE","SE","ENSMUSG00000121504","Ppp4r1l-ps",188,"Regular (>50bp)",0.3,0.00709252141893229
"chr6:71866577:71866670:71866353:71870365:SE","SE","ENSMUSG00000063884","Ptcd3",93,"Regular (>50bp)",-0.241,0.0012739179402556
"chr2:135806971:135807007:135803739:135808944:SE","SE","ENSMUSG00000039943","Plcb4",36,"Small (30-50bp)",0.112,1.34928027767139e-10
"chr2:156771851:156771890:156770801:156773135:SE","SE","ENSMUSG00000027634","Ndrg3",39,"Small (30-50bp)",0.113,7.3015169289544e-05
"chr2:84854459:84854517:84853920:84854725:SE","SE","ENSMUSG00000027071","P2rx3",58,"Regular (>50bp)",-0.104,0.0330682285304188
"chr8:32323180:32323258:32321256:32327697:SE","SE","ENSMUSG00000062991","Nrg1",78,"Regular (>50bp)",-0.145,0.000713889802759613
"chr8:112199261:112199318:112193554:112202675:SE","SE","ENSMUSG00000031959","Wdr59",57,"Regular (>50bp)",0.118,0.00142949937623206
"chr1:192581158:192581215:192579928:192584059:SE","SE","ENSMUSG00000016200","Syt14",57,"Regular (>50bp)",0.138,4.68941849784433e-05
"chr2:35006683:35006814:35003466:35008066:SE","SE","ENSMUSG00000057110","Cntrl",131,"Regular (>50bp)",0.138,0.000224263100155005
"chr7:144005763:144005874:144003352:144010177:SE","SE","ENSMUSG00000031078","Cttn",111,"Regular (>50bp)",-0.138,0.0446547946410203
"chr14:23544606:23544762:23513278:23551192:SE","SE","ENSMUSG00000063142","Kcnma1",156,"Regular (>50bp)",-0.101,0.0100342288443127
"chr7:30832644:30832656:30832290:30833415:SE","SE","ENSMUSG00000001248","Gramd1a",12,"Microexon (0-30bp)",0.183,0
"chr4:89255914:89256050:89214841:89268569:SE","SE","ENSMUSG00000086035","Gm12610",136,"Regular (>50bp)",0.324,0.00660565594357833
"chr4:89274945:89274997:89214947:89288010:SE","SE","ENSMUSG00000086035","Gm12610",52,"Regular (>50bp)",0.129,0.000308156712682891
"chr2:5059350:5059527:5051010:5068717:SE","SE","ENSMUSG00000026672","Optn",177,"Regular (>50bp)",-0.105,0.00536884011485398
"chr5:146205024:146205096:146168630:146208404:SE","SE","ENSMUSG00000029635","Cdk8",72,"Regular (>50bp)",0.127,0.0449989994668416
"chr10:128586151:128586206:128584435:128601015:SE","SE","ENSMUSG00000064030","Pym1",55,"Regular (>50bp)",0.113,5.65454028343824e-05
"chr14:43986205:43986368:43935630:43987358:SE","SE","ENSMUSG00000091698","Gm6526",163,"Regular (>50bp)",0.161,0.0497167795366929
"chr11:31868800:31868824:31839939:31870408:SE","SE","ENSMUSG00000020300","Cpeb4",24,"Microexon (0-30bp)",0.103,1.13081564246697e-05
"chr11:31868800:31868824:31858875:31870408:SE","SE","ENSMUSG00000020300","Cpeb4",24,"Microexon (0-30bp)",0.164,3.91008884983753e-05
"chr3:88065527:88065662:88063832:88066428:SE","SE","ENSMUSG00000001419","Mef2d",135,"Regular (>50bp)",-0.326,0.0389513018178845
"chr7:130346256:130346346:130345414:130352919:SE","SE","ENSMUSG00000030852","Tacc2",90,"Regular (>50bp)",0.125,0.0278695748695838
"chr2:34788935:34789023:34788171:34789594:SE","SE","ENSMUSG00000026873","Phf19",88,"Regular (>50bp)",-0.179,0.00095682049486633
"chr2:73509958:73510247:73462174:73551746:SE","SE","ENSMUSG00000056486","Chn1",289,"Regular (>50bp)",-0.127,0.0255115957800459
"chr2:73537262:73537376:73462174:73551746:SE","SE","ENSMUSG00000056486","Chn1",114,"Regular (>50bp)",-0.167,0.0431873166891245
"chr2:73540798:73540826:73510247:73546707:SE","SE","ENSMUSG00000056486","Chn1",28,"Microexon (0-30bp)",-0.173,0.00124751535681706
"chr8:11670261:11670373:11669297:11678438:SE","SE","ENSMUSG00000031508","Ankrd10",112,"Regular (>50bp)",0.12,2.84843869066929e-05
"chr2:122185955:122186096:122184678:122187563:SE","SE","ENSMUSG00000033256","Shf",141,"Regular (>50bp)",0.133,0.0225009965177799
"chr15:35115083:35115104:35114803:35115710:SE","SE","ENSMUSG00000022329","Stk3",21,"Microexon (0-30bp)",0.135,2.32344502416303e-10
"chr17:34264744:34264822:34263984:34268592:SE","SE","ENSMUSG00000024330","Col11a2",78,"Regular (>50bp)",0.215,0.00102158121601864
"chr17:34266071:34266251:34263984:34268592:SE","SE","ENSMUSG00000024330","Col11a2",180,"Regular (>50bp)",0.419,0.00174814917999036
"chr17:34266071:34266251:34264822:34268592:SE","SE","ENSMUSG00000024330","Col11a2",180,"Regular (>50bp)",0.376,0.0320156405195758
"chr5:116592731:116592747:116591772:116605490:SE","SE","ENSMUSG00000063919","Srrm4",16,"Microexon (0-30bp)",0.128,0.00306135752008045
"chr3:33857598:33857754:33857353:33858148:SE","SE","ENSMUSG00000027677","Ttc14",156,"Regular (>50bp)",-0.105,0.0225209941139902
"chr2:180620963:180621020:180619145:180621453:SE","SE","ENSMUSG00000027575","Arfgap1",57,"Regular (>50bp)",-0.183,0.0111501582822928
"chr17:8394350:8394410:8391840:8401059:SE","SE","ENSMUSG00000069135","Cep43",60,"Regular (>50bp)",-0.104,0.0251067285653443
"chr16:10911679:10911792:10909650:10922429:SE","SE","ENSMUSG00000022498","Txndc11",113,"Regular (>50bp)",0.108,0.0371320194437014
"chr2:71352876:71352974:71342512:71354145:SE","SE","ENSMUSG00000041921","Metap1d",98,"Regular (>50bp)",0.233,5.01587035635454e-06
"chr3:55901468:55901477:55899935:55907907:SE","SE","ENSMUSG00000027799","Nbea",9,"Microexon (0-30bp)",0.201,1.83302648422216e-13
"chr7:30746797:30746827:30744452:30750780:SE","SE","ENSMUSG00000036578","Fxyd7",30,"Microexon (0-30bp)",0.198,0.000914872697111681
"chr7:100895508:100895580:100893423:100899651:SE","SE","ENSMUSG00000030691","Fchsd2",72,"Regular (>50bp)",0.12,0.001016274231496
"chr2:164604463:164604528:164601260:164609632:SE","SE","ENSMUSG00000086453","Gm11457",65,"Regular (>50bp)",0.37,0.0305499535261416
"chr6:86947972:86948068:86944355:86959523:SE","SE","ENSMUSG00000057230","Aak1",96,"Regular (>50bp)",0.155,0.000208239750073781
"chr2:80451537:80452144:80447628:80454669:SE","SE","ENSMUSG00000027001","Dusp19",607,"Regular (>50bp)",0.124,0.015593042477189
"chr4:11976443:11977102:11966683:11980141:SE","SE","ENSMUSG00000085614","1700123M08Rik",659,"Regular (>50bp)",0.39,0.0132504950684443
"chr9:40211735:40211747:40211392:40214793:SE","SE","ENSMUSG00000040111","Gramd1b",12,"Microexon (0-30bp)",0.133,6.265064870653e-05
"chr9:69924354:69924473:69924205:69929718:SE","SE","ENSMUSG00000033543","Gtf2a2",119,"Regular (>50bp)",-0.147,0.023014654534906
"chr1:37413355:37413370:37411500:37416658:SE","SE","ENSMUSG00000026113","Inpp4a",15,"Microexon (0-30bp)",0.181,0.000806405267909375
"chr5:115686340:115687171:115685007:115688179:SE","SE","ENSMUSG00000029528","Pxn",831,"Regular (>50bp)",0.501,0.000449868046760911
"chr12:70069054:70069115:70067805:70072153:SE","SE","ENSMUSG00000021068","Nin",61,"Regular (>50bp)",0.325,0.00324169310056829
"chr12:70069054:70069115:70067805:70072180:SE","SE","ENSMUSG00000021068","Nin",61,"Regular (>50bp)",0.263,0.0102616576979792
"chr2:128520130:128520204:128518167:128526421:SE","SE","ENSMUSG00000014355","Anapc1",74,"Regular (>50bp)",-0.16,0.000725808744230392
"chr2:90971153:90971162:90970971:90973100:SE","SE","ENSMUSG00000040687","Madd",9,"Microexon (0-30bp)",0.143,0.000297928868703475
"chr1:180479426:180479531:180475898:180486627:SE","SE","ENSMUSG00000058729","Lin9",105,"Regular (>50bp)",-0.125,4.06398523686481e-05
"chr3:86695928:86695941:86694719:86696618:SE","SE","ENSMUSG00000028078","Dclk2",13,"Microexon (0-30bp)",0.13,0.0357757878867097
"chr3:86695928:86695941:86694719:86699301:SE","SE","ENSMUSG00000028078","Dclk2",13,"Microexon (0-30bp)",0.107,9.02838700735828e-07
"chr3:86738130:86738178:86732037:86739039:SE","SE","ENSMUSG00000028078","Dclk2",48,"Small (30-50bp)",0.136,1.01172471836732e-07
"chr19:58935083:58935274:58934094:58941568:SE","SE","ENSMUSG00000048029","Eno4",191,"Regular (>50bp)",-0.211,0.000835981114338567
"chr19:58952809:58953005:58951339:58956933:SE","SE","ENSMUSG00000048029","Eno4",196,"Regular (>50bp)",-0.115,0.0020738325268988
"chr19:58952870:58953005:58951339:58956933:SE","SE","ENSMUSG00000048029","Eno4",135,"Regular (>50bp)",-0.226,0.00456552838661961
"chr2:112146585:112146630:112097437:112163727:SE","SE","ENSMUSG00000027130","Slc12a6",45,"Small (30-50bp)",0.131,0.00283734158946604
"chr9:44685479:44685528:44685081:44689890:SE","SE","ENSMUSG00000002031","Ift46",49,"Small (30-50bp)",0.103,0.00318488327296499
"chr2:119843781:119843799:119843575:119844099:SE","SE","ENSMUSG00000033902","Mapkbp1",18,"Microexon (0-30bp)",0.12,0.000138854636536258
"chr8:123377068:123377215:123370272:123425553:SE","SE","ENSMUSG00000006362","Cbfa2t3",147,"Regular (>50bp)",-0.124,0.0341597244531351
"chr7:41251171:41251239:41248824:41252859:SE","SE","ENSMUSG00000091474","2610021A01Rik",68,"Regular (>50bp)",-0.186,0.015151126219211
"chr3:53369052:53369200:53366106:53369732:SE","SE","ENSMUSG00000042997","Nhlrc3",148,"Regular (>50bp)",-0.174,0.00150083989069159
"chrX:49697354:49697481:49695039:49697563:SE","SE","ENSMUSG00000085396","Firre",127,"Regular (>50bp)",-0.547,0.000206097439282431
"chr14:19620388:19620523:19619656:19630274:SE","SE","ENSMUSG00000093979","Gm2237",135,"Regular (>50bp)",0.173,0.00327938638826421
"chr2:144016446:144016664:144010546:144031060:SE","SE","ENSMUSG00000074758","Gm5535",218,"Regular (>50bp)",0.316,0.00037800936580262
"chr2:144031060:144031153:144010546:144032846:SE","SE","ENSMUSG00000074758","Gm5535",93,"Regular (>50bp)",0.186,0.0107733366404324
"chr2:144031060:144031153:144016664:144032846:SE","SE","ENSMUSG00000074758","Gm5535",93,"Regular (>50bp)",0.199,1.36834780664256e-08
"chr1:159147317:159147410:159136534:159152486:SE","SE","ENSMUSG00000040782","Cop1",93,"Regular (>50bp)",-0.103,0.00640323077445409
"chr7:24617944:24617956:24617425:24618608:SE","SE","ENSMUSG00000040940","Arhgef1",12,"Microexon (0-30bp)",0.131,0.000225967412359808
"chr4:99116792:99116871:99112787:99146633:SE","SE","ENSMUSG00000028550","Atg4c",79,"Regular (>50bp)",0.143,0.0321221891972023
"chr2:167331088:167331288:167328412:167334678:SE","SE","ENSMUSG00000047030","Spata2",200,"Regular (>50bp)",-0.36,0.00626746644326413
"chr5:73451308:73451353:73450319:73452268:SE","SE","ENSMUSG00000029152","Ociad1",45,"Small (30-50bp)",-0.116,0.00523039684034936
"chr3:84426788:84427010:84405198:84441893:SE","SE","ENSMUSG00000074513","Arfip1",222,"Regular (>50bp)",-0.199,0.00908959023874941
"chr3:84426788:84427010:84417289:84455240:SE","SE","ENSMUSG00000074513","Arfip1",222,"Regular (>50bp)",-0.199,0.00323129162114401
"chr7:126291924:126291976:126291831:126294596:SE","SE","ENSMUSG00000059772","Slx1b",52,"Regular (>50bp)",-0.111,1.56988893225461e-05
"chr12:91222348:91222513:91200994:91226759:SE","SE","ENSMUSG00000061533","Cep128",165,"Regular (>50bp)",0.2,0.00523025096303828
"chr12:110843656:110843806:110843404:110845421:SE","SE","ENSMUSG00000021276","Cinp",150,"Regular (>50bp)",-0.331,0.00548380560396285
"chr5:31403665:31403689:31403189:31404685:SE","SE","ENSMUSG00000029148","Nrbp1",24,"Microexon (0-30bp)",0.114,1.54455389076641e-06
"chr2:181152296:181152323:181150060:181153366:SE","SE","ENSMUSG00000000827","Tpd52l2",27,"Microexon (0-30bp)",0.106,0.000429899112835956
"chr16:35167968:35168163:35149983:35181930:SE","SE","ENSMUSG00000034473","Sec22a",195,"Regular (>50bp)",-0.144,1.3670622159289e-07
"chr3:14619363:14619565:14616587:14622248:SE","SE","ENSMUSG00000027550","Lrrcc1",202,"Regular (>50bp)",0.119,0.0263328851166317
"chr2:121236809:121236934:121230317:121240618:SE","SE","ENSMUSG00000033486","Catsper2",125,"Regular (>50bp)",0.133,0.0090493144473826
"chr1:171158820:171158853:171157260:171165819:SE","SE","ENSMUSG00000013973","Dedd",33,"Small (30-50bp)",0.109,9.41268011599817e-09
"chr6:31305266:31305324:31298411:31312925:SE","SE","ENSMUSG00000087380","2210408F21Rik",58,"Regular (>50bp)",-0.138,0.000676932671146962
"chr4:52440200:52440423:52439334:52447712:SE","SE","ENSMUSG00000028312","Smc2",223,"Regular (>50bp)",0.107,0.0106229348014032
"chr2:34612949:34613030:34610740:34615054:SE","SE","ENSMUSG00000026867","Gapvd1",81,"Regular (>50bp)",0.177,1.75910250494988e-07
"chr14:20791445:20791559:20789470:20792772:SE","SE","ENSMUSG00000021820","Camk2g",114,"Regular (>50bp)",0.135,5.2875225611611e-06
"chr10:127317561:127317624:127312567:127319844:SE","SE","ENSMUSG00000025404","R3hdm2",63,"Regular (>50bp)",0.107,0
"chr7:29656384:29656459:29653381:29660317:SE","SE","ENSMUSG00000121374","ENSMUSG00000121374",75,"Regular (>50bp)",-0.171,0.0038321614029679
"chr12:88817048:88817078:88799340:89153791:SE","SE","ENSMUSG00000066392","Nrxn3",30,"Microexon (0-30bp)",-0.277,0.00398410740864226
"chr7:25320848:25320937:25320517:25321397:SE","SE","ENSMUSG00000057229","Dmac2",89,"Regular (>50bp)",-0.203,0.00698114473783677
"chr6:56900051:56900097:56890879:56900656:SE","SE","ENSMUSG00000029780","Nt5c3",46,"Small (30-50bp)",0.166,0.00952418497967253
"chr9:88434714:88434914:88430561:88436428:SE","SE","ENSMUSG00000032425","Zfp949",200,"Regular (>50bp)",-0.105,7.9664955433762e-05
"chr15:93293467:93293496:93285740:93296043:SE","SE","ENSMUSG00000022635","Zcrb1",29,"Microexon (0-30bp)",-0.163,0.000759170680914049
"chr11:97267262:97267367:97263956:97268761:SE","SE","ENSMUSG00000038485","Socs7",105,"Regular (>50bp)",0.109,0.000297304927191256
"chr11:97267822:97267924:97263956:97268761:SE","SE","ENSMUSG00000038485","Socs7",102,"Regular (>50bp)",0.183,0.000425332355884638
"chr6:83160917:83160938:83160315:83166058:SE","SE","ENSMUSG00000031865","Dctn1",21,"Microexon (0-30bp)",0.262,0
"chr6:83164745:83164766:83160938:83166058:SE","SE","ENSMUSG00000031865","Dctn1",21,"Microexon (0-30bp)",-0.137,2.3696378192652e-05
"chr7:140796941:140797625:140796764:140797798:SE","SE","ENSMUSG00000038618","Rassf7",684,"Regular (>50bp)",-0.112,0.000938360937500695
"chr7:140797500:140797625:140796764:140797798:SE","SE","ENSMUSG00000038618","Rassf7",125,"Regular (>50bp)",-0.12,0.00115252307102536
"chr7:101872585:101872697:101859798:101885300:SE","SE","ENSMUSG00000030990","Pgap2",112,"Regular (>50bp)",0.105,0.0297295277805289
"chr11:77579112:77579157:77578637:77582367:SE","SE","ENSMUSG00000037857","Nufip2",45,"Small (30-50bp)",0.315,0.0120976829385297
"chr6:85317324:85319343:85314652:85324761:SE","SE","ENSMUSG00000051343","Rab11fip5",2019,"Regular (>50bp)",0.117,0.0409838238074037
"chr5:137552774:137552940:137552402:137561368:SE","SE","ENSMUSG00000029712","Actl6b",166,"Regular (>50bp)",0.179,0.00268044571686485
"chr2:155857296:155857311:155853326:155857908:SE","SE","ENSMUSG00000005881","Ergic3",15,"Microexon (0-30bp)",0.169,0
"chr6:93657769:93657858:93655983:93659932:SE","SE","ENSMUSG00000045095","Magi1",89,"Regular (>50bp)",0.156,0
"chr6:112605422:112605485:112597865:112621548:SE","SE","ENSMUSG00000030254","Rad18",63,"Regular (>50bp)",0.107,0.0423353806275362
"chr6:34886611:34886762:34886475:34887444:SE","SE","ENSMUSG00000058486","Wdr91",151,"Regular (>50bp)",-0.261,0.0082031896890259
"chr6:118614690:118614774:118607392:118615387:SE","SE","ENSMUSG00000051331","Cacna1c",84,"Regular (>50bp)",0.164,0.00134609347915179
"chr6:118615387:118615471:118614774:118628908:SE","SE","ENSMUSG00000051331","Cacna1c",84,"Regular (>50bp)",0.194,0.00456565617361802
"chr6:118651515:118651575:118647417:118652780:SE","SE","ENSMUSG00000051331","Cacna1c",60,"Regular (>50bp)",0.149,0.00730401249273278
"chr7:97207337:97207433:97199948:97224794:SE","SE","ENSMUSG00000035642","Aamdc",96,"Regular (>50bp)",-0.156,0.00643484327265245
"chr6:122309480:122309612:122302909:122310249:SE","SE","ENSMUSG00000040669","Phc1",132,"Regular (>50bp)",-0.108,0.0216985677542389
"chr8:27641624:27643187:27640831:27644173:SE","SE","ENSMUSG00000031488","Rab11fip1",1563,"Regular (>50bp)",0.102,1.94409167542602e-06
"chr15:85778378:85778484:85778221:85779126:SE","SE","ENSMUSG00000022386","Trmu",106,"Regular (>50bp)",-0.163,0.0119748671403484
"chr2:153526278:153526397:153520476:153528177:SE","SE","ENSMUSG00000027478","Dnmt3b",119,"Regular (>50bp)",-0.127,0.000221331893572252
"chr6:140501676:140501796:140498524:140515078:SE","SE","ENSMUSG00000030231","Plekha5",120,"Regular (>50bp)",0.13,0.000154721940580891
"chr6:143011911:143011944:143007587:143012781:SE","SE","ENSMUSG00000030279","C2cd5",33,"Small (30-50bp)",0.132,0
"chr6:145083771:145083812:145083333:145083907:SE","SE","ENSMUSG00000030263","Irag2",41,"Small (30-50bp)",0.4,0.00020670684657125
"chr6:148092416:148092521:148091082:148096692:SE","SE","ENSMUSG00000030304","Ergic2",105,"Regular (>50bp)",-0.109,0.00549010424682853
"chr7:4516579:4516612:4515282:4516809:SE","SE","ENSMUSG00000064179","Tnnt1",33,"Small (30-50bp)",0.147,0.0172471027025576
"chr12:109609847:109609895:109606762:109611695:SE","SE","ENSMUSG00000097451","Rian",48,"Small (30-50bp)",0.123,0.0423969470140858
"chr7:6715948:6716011:6715774:6719052:SE","SE","ENSMUSG00000002265","Peg3",63,"Regular (>50bp)",0.146,3.15126704685508e-08
"chr18:65715797:65715880:65715469:65715967:SE","SE","ENSMUSG00000042439","Zfp532",83,"Regular (>50bp)",0.249,0.000121807983286524
"chr7:18821418:18821625:18821258:18821925:SE","SE","ENSMUSG00000030409","Dmpk",207,"Regular (>50bp)",-0.109,2.02220019005814e-08
"chr18:38373891:38374006:38372238:38383230:SE","SE","ENSMUSG00000097080","1700086O06Rik",115,"Regular (>50bp)",0.361,2.17287888029556e-06
"chr18:38373891:38374006:38372804:38383105:SE","SE","ENSMUSG00000097080","1700086O06Rik",115,"Regular (>50bp)",0.127,0.0396136153852968
"chr14:103414691:103414766:103412426:103419789:SE","SE","ENSMUSG00000033004","Mycbp2",75,"Regular (>50bp)",0.116,2.38844283871793e-09
"chr8:84650834:84650984:84649737:84656092:SE","SE","ENSMUSG00000013033","Adgrl1",150,"Regular (>50bp)",0.109,2.50717601519826e-05
"chr3:96016022:96016080:96011940:96043784:SE","SE","ENSMUSG00000038495","Otud7b",58,"Regular (>50bp)",0.191,0.0155706629504126
"chr17:24975426:24975518:24972503:24976934:SE","SE","ENSMUSG00000039628","Hs3st6",92,"Regular (>50bp)",0.455,0.000410304083344508
"chr11:62540272:62540374:62539642:62555495:SE","SE","ENSMUSG00000048497","Mmgt2",102,"Regular (>50bp)",0.124,0.00463868739477756
"chr12:70301811:70302000:70299258:70314835:SE","SE","ENSMUSG00000021071","Trim9",189,"Regular (>50bp)",0.124,0.0198005613735602
"chr12:70314007:70314040:70299258:70314835:SE","SE","ENSMUSG00000021071","Trim9",33,"Small (30-50bp)",0.201,5.72525237947919e-05
"chr7:102082403:102082440:102080158:102084590:SE","SE","ENSMUSG00000030987","Stim1",37,"Small (30-50bp)",0.188,1.77318356076807e-11
"chr7:24010889:24010928:24008622:24011806:SE","SE","ENSMUSG00000074282","Zfp94",39,"Small (30-50bp)",0.178,0.000206670021526904
"chr7:24775447:24775538:24772136:24776231:SE","SE","ENSMUSG00000045252","Zfp574",91,"Regular (>50bp)",-0.227,0.00473327235118602
"chr7:30428081:30428166:30427714:30428626:SE","SE","ENSMUSG00000006315","Tmem147",85,"Regular (>50bp)",0.195,0.0289405473261721
"chr10:20161515:20161640:20154164:20162320:SE","SE","ENSMUSG00000111447","Gm48249",125,"Regular (>50bp)",0.357,7.85526742502879e-05
"chr11:74872677:74872739:74837045:74880895:SE","SE","ENSMUSG00000038290","Smg6",62,"Regular (>50bp)",0.119,0.0106177511211038
"chr9:21401953:21401965:21401090:21405799:SE","SE","ENSMUSG00000033335","Dnm2",12,"Microexon (0-30bp)",0.118,0.000947054302203747
"chr15:89422217:89422241:89417657:89427302:SE","SE","ENSMUSG00000022623","Shank3",24,"Microexon (0-30bp)",0.129,0.00370443296087122
"chr10:81470500:81470587:81465582:81470698:SE","SE","ENSMUSG00000054708","Ankrd24",87,"Regular (>50bp)",-0.251,0.00399090106339603
"chr7:43896661:43896840:43896232:43897675:SE","SE","ENSMUSG00000045411","2410002F23Rik",179,"Regular (>50bp)",0.149,1.27058896427239e-07
"chr7:43896674:43896840:43896232:43897675:SE","SE","ENSMUSG00000045411","2410002F23Rik",166,"Regular (>50bp)",0.173,1.94081444465673e-08
"chr4:139023084:139023244:139021903:139033753:SE","SE","ENSMUSG00000028744","Slc66a1",160,"Regular (>50bp)",-0.155,0.0162967028752829
"chr7:44992976:44993003:44991925:44993164:SE","SE","ENSMUSG00000003863","Ppfia3",27,"Microexon (0-30bp)",0.239,5.1877029221982e-09
"chr6:38536138:38536239:38531998:38542589:SE","SE","ENSMUSG00000029823","Luc7l2",101,"Regular (>50bp)",0.18,0.0360465726098505
"chr4:128635708:128635877:128621992:128637146:SE","SE","ENSMUSG00000028796","Phc2",169,"Regular (>50bp)",-0.202,0.0134963564687648
"chr7:45179905:45180082:45179557:45181681:SE","SE","ENSMUSG00000040428","Plekha4",177,"Regular (>50bp)",0.177,0.0111124707435613
"chr7:45340470:45340659:45336249:45340835:SE","SE","ENSMUSG00000070564","Ntn5",189,"Regular (>50bp)",-0.35,1.79772112908203e-05
"chr6:149044103:149044213:149043202:149045531:SE","SE","ENSMUSG00000039958","Etfbkmt",110,"Regular (>50bp)",0.132,0.0297029557121197
"chr7:46424577:46424708:46424361:46425188:SE","SE","ENSMUSG00000014418","Hps5",131,"Regular (>50bp)",0.156,0.00309807723083696
"chr7:51581111:51581174:51576292:51586301:SE","SE","ENSMUSG00000030498","Gas2",63,"Regular (>50bp)",0.143,4.33174365248858e-05
"chr5:122494856:122494868:122492539:122498075:SE","SE","ENSMUSG00000029462","Vps29",12,"Microexon (0-30bp)",0.112,1.87816700589279e-05
"chr5:122494856:122494868:122492539:122498091:SE","SE","ENSMUSG00000029462","Vps29",12,"Microexon (0-30bp)",0.163,0.00350628173276468
"chr7:126417465:126417565:126416483:126418995:SE","SE","ENSMUSG00000058966","Tlcd3b",100,"Regular (>50bp)",-0.153,0.00957196931605333
"chr3:35973149:35973318:35952024:35986933:SE","SE","ENSMUSG00000027708","Dcun1d1",169,"Regular (>50bp)",-0.117,0.00403504486996008
"chr9:98872967:98873024:98868565:98874153:SE","SE","ENSMUSG00000032463","Faim",57,"Regular (>50bp)",0.182,4.91114595799159e-12
"chr9:107461950:107462864:107458134:107463580:SE","SE","ENSMUSG00000036091","Hyal3",914,"Regular (>50bp)",-0.359,0.00333735927862648
"chr7:100029232:100029332:100023740:100039285:SE","SE","ENSMUSG00000047248","C2cd3",100,"Regular (>50bp)",0.104,0.00480398491883332
"chr5:66421351:66421410:66418587:66421833:SE","SE","ENSMUSG00000029206","Nsun7",59,"Regular (>50bp)",-0.508,5.92624440563156e-07
"chr7:102401471:102402340:102395357:102408516:SE","SE","ENSMUSG00000043366","Or51e2",869,"Regular (>50bp)",-0.399,0.000671722284162134
"chr9:86672108:86672192:86665487:86686507:SE","SE","ENSMUSG00000033419","Snap91",84,"Regular (>50bp)",0.209,1.80701390240478e-07
"chr9:86680882:86680897:86665487:86686507:SE","SE","ENSMUSG00000033419","Snap91",15,"Microexon (0-30bp)",0.195,0.000122089744963173
"chr3:87625535:87625565:87624827:87629663:SE","SE","ENSMUSG00000041977","Arhgef11",30,"Microexon (0-30bp)",0.146,2.78873270258153e-06
"chr7:99498363:99498459:99498266:99505619:SE","SE","ENSMUSG00000035227","Spcs2",96,"Regular (>50bp)",0.272,0.0107292740115184
"chr7:99498363:99498459:99498266:99512434:SE","SE","ENSMUSG00000035227","Spcs2",96,"Regular (>50bp)",-0.291,0.0278011855647572
"chr19:10005648:10005867:10005001:10007513:SE","SE","ENSMUSG00000024663","Rab3il1",219,"Regular (>50bp)",0.181,0.0223369181215424
"chr11:78921906:78921948:78919909:78924043:SE","SE","ENSMUSG00000018334","Ksr1",42,"Small (30-50bp)",0.203,0.028054910620087
"chr7:115747487:115747568:115744473:115753867:SE","SE","ENSMUSG00000045659","Plekha7",81,"Regular (>50bp)",0.228,0.0371142851659549
"chr7:116041825:116041913:116017816:116042538:SE","SE","ENSMUSG00000030660","Pik3c2a",88,"Regular (>50bp)",0.115,0.0355883330525339
"chr8:105147916:105148035:105147306:105148918:SE","SE","ENSMUSG00000035770","Dync1li2",119,"Regular (>50bp)",-0.276,0.000769181720464315
"chr11:51158991:51159058:51154096:51161363:SE","SE","ENSMUSG00000020385","Clk4",67,"Regular (>50bp)",-0.322,0.00486314751970413
"chr11:51158991:51159058:51158158:51161363:SE","SE","ENSMUSG00000020385","Clk4",67,"Regular (>50bp)",-0.113,0.0252500935304721
"chr7:126376677:126376789:126376375:126376942:SE","SE","ENSMUSG00000042675","Ypel3",112,"Regular (>50bp)",-0.36,0.049899539693813
"chr7:127184316:127184433:127184225:127184625:SE","SE","ENSMUSG00000057176","Ccdc189",117,"Regular (>50bp)",0.158,0.00142135503983831
"chr8:96442980:96443122:96442591:96444820:SE","SE","ENSMUSG00000031671","Setd6",142,"Regular (>50bp)",-0.278,0.0369735612330791
"chr1:133583082:133583136:133582176:133588993:SE","SE","ENSMUSG00000102976","Zc3h11a",54,"Regular (>50bp)",-0.11,0.00107132927014679
"chr2:80454669:80454704:80451584:80472968:SE","SE","ENSMUSG00000026999","Nup35",35,"Small (30-50bp)",-0.356,0.00538143232175667
"chr7:141554578:141554626:141552459:141556211:SE","SE","ENSMUSG00000053046","Brsk2",48,"Small (30-50bp)",0.184,0.0014956495206172
"chr7:141554578:141554626:141552751:141556211:SE","SE","ENSMUSG00000053046","Brsk2",48,"Small (30-50bp)",0.131,0.03584981861456
"chr7:144815297:144815416:144814737:144815669:SE","SE","ENSMUSG00000048677","Tpcn2",119,"Regular (>50bp)",-0.124,0.031784210700594
"chr12:34423876:34424137:34362710:34439243:SE","SE","ENSMUSG00000004698","Hdac9",261,"Regular (>50bp)",-0.113,0.000855587308772159
"chr8:13788327:13788488:13786021:13792653:SE","SE","ENSMUSG00000090336","Cfap97d2",161,"Regular (>50bp)",-0.164,0.00352582083126976
"chr1:92019453:92019540:91957918:92075977:SE","SE","ENSMUSG00000026313","Hdac4",87,"Regular (>50bp)",-0.211,0.00309807723083696
"chr8:40900091:40900186:40877210:40907557:SE","SE","ENSMUSG00000039470","Zdhhc2",95,"Regular (>50bp)",0.185,0.000347227357812573
"chr8:48740167:48740188:48732225:48740825:SE","SE","ENSMUSG00000031561","Tenm3",21,"Microexon (0-30bp)",0.191,3.21771505736489e-10
"chr8:48766272:48766299:48763804:48820345:SE","SE","ENSMUSG00000031561","Tenm3",27,"Microexon (0-30bp)",0.204,0.0346103153099895
"chr8:57791917:57791982:57786666:57792899:SE","SE","ENSMUSG00000097910","Hdnr",65,"Regular (>50bp)",-0.175,0.0268409603391519
"chr8:61353117:61353268:61343570:61358581:SE","SE","ENSMUSG00000038005","Hpf1",151,"Regular (>50bp)",-0.128,0.0339266958105778
"chr9:108120087:108120222:108095609:108140823:SE","SE","ENSMUSG00000039952","Dag1",135,"Regular (>50bp)",0.104,0.032972071047514
"chr8:70316961:70317200:70311803:70317473:SE","SE","ENSMUSG00000031860","Pbx4",239,"Regular (>50bp)",-0.176,0.00802435137533353
"chr10:69765276:69765288:69763648:69768223:SE","SE","ENSMUSG00000069601","Ank3",12,"Microexon (0-30bp)",0.251,0.00548380560396285
"chr10:69789269:69789302:69786888:69791755:SE","SE","ENSMUSG00000069601","Ank3",33,"Small (30-50bp)",0.185,0.0151230474700185
"chr10:69816653:69816680:69816224:69817945:SE","SE","ENSMUSG00000069601","Ank3",27,"Microexon (0-30bp)",0.187,0.000174189054449646
"chr15:58015992:58016141:58014052:58016975:SE","SE","ENSMUSG00000022359","Wdyhv1",149,"Regular (>50bp)",0.11,1.94679704461023e-06
"chr8:75776817:75776896:75774705:75778550:SE","SE","ENSMUSG00000042870","Tom1",79,"Regular (>50bp)",0.213,0.000581633249307326
"chr8:104908642:104908751:104897636:104937549:SE","SE","ENSMUSG00000031872","Bean1",109,"Regular (>50bp)",0.127,0.0496577035286534
"chr8:105360139:105360350:105358127:105361130:SE","SE","ENSMUSG00000110652","Gm33023",211,"Regular (>50bp)",-0.13,9.19424120174834e-05
"chr8:71201016:71201171:71200805:71201559:SE","SE","ENSMUSG00000031842","Pde4c",155,"Regular (>50bp)",-0.141,0.0384195047672438
"chr8:129993965:129994180:129990205:129995262:SE","SE","ENSMUSG00000110605","Gm32856",215,"Regular (>50bp)",-0.253,0.0262514941996564
"chr9:20389428:20389575:20386329:20397625:SE","SE","ENSMUSG00000059475","Zfp426",147,"Regular (>50bp)",0.126,0.0233576763524912
"chr9:21503823:21503884:21503514:21504032:SE","SE","ENSMUSG00000032182","Yipf2",61,"Regular (>50bp)",0.216,0.000448380033732881
"chr16:4752058:4752103:4750162:4754759:SE","SE","ENSMUSG00000022517","Mgrn1",45,"Small (30-50bp)",0.14,0.0280652123426945
"chr11:49094822:49094995:49094365:49095277:SE","SE","ENSMUSG00000046311","Zfp62",173,"Regular (>50bp)",0.285,0.0122772876275872
"chr19:47271459:47271543:47266869:47275043:SE","SE","ENSMUSG00000053617","Sh3pxd2a",84,"Regular (>50bp)",0.109,0.000899116199034486
"chr19:47308714:47308759:47302605:47331878:SE","SE","ENSMUSG00000053617","Sh3pxd2a",45,"Small (30-50bp)",0.181,0.0101520790751036
"chr9:44610123:44610168:44609517:44610643:SE","SE","ENSMUSG00000048537","Phldb1",45,"Small (30-50bp)",0.15,2.99483816655085e-06
"chr9:45858838:45858850:45858353:45859133:SE","SE","ENSMUSG00000034908","Sidt2",12,"Microexon (0-30bp)",0.156,5.41086159805272e-06
"chr9:45858926:45858995:45858353:45859133:SE","SE","ENSMUSG00000034908","Sidt2",69,"Regular (>50bp)",0.116,0.0271632014999059
"chr9:47740674:47740707:47725243:47759464:SE","SE","ENSMUSG00000032076","Cadm1",33,"Small (30-50bp)",0.142,0.000107598174943054
"chr9:47740674:47740707:47730115:47759464:SE","SE","ENSMUSG00000032076","Cadm1",33,"Small (30-50bp)",0.107,0.000165635470976537
"chr14:15299928:15300079:15295273:15310386:SE","SE","ENSMUSG00000090363","Gm3512",151,"Regular (>50bp)",0.353,0.00262144731600515
"chr15:79649987:79650054:79649222:79658559:SE","SE","ENSMUSG00000022420","Dnal4",67,"Regular (>50bp)",0.119,0.023789401793687
"chr5:92211195:92211294:92205929:92212183:SE","SE","ENSMUSG00000029405","G3bp2",99,"Regular (>50bp)",0.121,2.84857067591192e-07
"chr9:76104309:76104640:76100735:76106215:SE","SE","ENSMUSG00000059383","Gfral",331,"Regular (>50bp)",-0.195,0.0281298095176651
"chr10:79756848:79757081:79756664:79757385:SE","SE","ENSMUSG00000035773","Kiss1r",233,"Regular (>50bp)",0.121,0.0126045761172172
"chr2:170198167:170198233:170191383:170220642:SE","SE","ENSMUSG00000013523","Bcas1",66,"Regular (>50bp)",0.151,0.000137327647208671
"chr2:170212369:170212411:170191383:170220642:SE","SE","ENSMUSG00000013523","Bcas1",42,"Small (30-50bp)",0.139,0.0153058546894426
"chr9:102498894:102498927:102496959:102503102:SE","SE","ENSMUSG00000032534","Cep63",33,"Small (30-50bp)",-0.364,0.0257460231779752
"chr9:102500754:102500792:102498927:102503102:SE","SE","ENSMUSG00000032534","Cep63",38,"Small (30-50bp)",0.548,0.0030228753200067
"chr9:105370741:105370753:105347346:105371613:SE","SE","ENSMUSG00000032570","Atp2c1",12,"Microexon (0-30bp)",0.168,5.43819269842008e-06
"chr9:107833592:107833628:107828371:107836014:SE","SE","ENSMUSG00000032586","Traip",36,"Small (30-50bp)",-0.128,0.00974138989966312
"chr9:108673739:108673771:108673595:108673853:SE","SE","ENSMUSG00000032599","Ip6k2",32,"Small (30-50bp)",0.141,2.0295899336164e-10
"chr19:31969401:31969490:31964347:31981083:SE","SE","ENSMUSG00000024887","Asah2",89,"Regular (>50bp)",-0.214,5.9518981425696e-06
"chr19:31972741:31972801:31964347:31981083:SE","SE","ENSMUSG00000024887","Asah2",60,"Regular (>50bp)",-0.146,7.62967498533368e-05
"chr3:60522103:60522157:60520941:60523040:SE","SE","ENSMUSG00000027763","Mbnl1",54,"Regular (>50bp)",0.146,1.01676195895345e-05
"chr8:85564635:85564763:85564222:85565097:SE","SE","ENSMUSG00000003813","Rad23a",128,"Regular (>50bp)",-0.209,0.000948284233830729
"chr10:39516271:39516507:39498723:39607733:SE","SE","ENSMUSG00000087177","E130307A14Rik",236,"Regular (>50bp)",-0.128,0.0159843432782325
"chr10:39521551:39521804:39516507:39530517:SE","SE","ENSMUSG00000087177","E130307A14Rik",253,"Regular (>50bp)",-0.324,0.000392061214348815
"chr5:110563895:110563931:110543940:110580766:SE","SE","ENSMUSG00000043323","Fbrsl1",36,"Small (30-50bp)",-0.145,0.00404923577228385
"chr5:110565708:110565813:110543940:110580766:SE","SE","ENSMUSG00000043323","Fbrsl1",105,"Regular (>50bp)",-0.127,0.0233842041949229
"chr3:37694668:37694957:37694213:37696703:SE","SE","ENSMUSG00000037211","Spry1",289,"Regular (>50bp)",-0.151,0.040402602286648
"chr11:22971493:22971661:22971133:22978855:SE","SE","ENSMUSG00000049811","Fam161a",168,"Regular (>50bp)",0.129,0.000264057140798722
"chr16:18219530:18219548:18219003:18220316:SE","SE","ENSMUSG00000118669","Arvcf",18,"Microexon (0-30bp)",0.166,7.88857169241047e-11
"chr10:77815586:77815885:77814615:77816334:SE","SE","ENSMUSG00000020284","Cfap410",299,"Regular (>50bp)",-0.317,6.65862699679625e-05
"chr2:116734522:116734703:116730812:116741201:SE","SE","ENSMUSG00000085316","D330050G23Rik",181,"Regular (>50bp)",0.263,0.00508244723641251
"chr10:80159316:80159434:80159009:80159506:SE","SE","ENSMUSG00000020131","Pcsk4",118,"Regular (>50bp)",-0.313,0.0054059057236589
"chr1:151688504:151688519:151687455:151694060:SE","SE","ENSMUSG00000043019","Edem3",15,"Microexon (0-30bp)",0.115,0.00404923577228385
"chr1:151688504:151688552:151687455:151694060:SE","SE","ENSMUSG00000043019","Edem3",48,"Small (30-50bp)",0.105,0.000635778430255848
"chr10:82219596:82219678:82204792:82257833:SE","SE","ENSMUSG00000073427","Gm4924",82,"Regular (>50bp)",0.123,0.000756859983151857
"chr7:44640800:44640905:44636794:44641446:SE","SE","ENSMUSG00000087138","Gm15545",105,"Regular (>50bp)",-0.113,0.000556773037817526
"chr2:60077831:60077856:60075604:60078233:SE","SE","ENSMUSG00000026977","Marchf7",25,"Microexon (0-30bp)",0.187,2.84857067591192e-07
"chr16:17453345:17453432:17449921:17456359:SE","SE","ENSMUSG00000005899","Smpd4",87,"Regular (>50bp)",0.13,0.00226307760004798
"chr10:116013622:116013733:115998515:116024104:SE","SE","ENSMUSG00000020151","Ptprr",111,"Regular (>50bp)",0.427,0.00195157682816876
"chr11:3183987:3184059:3180101:3184461:SE","SE","ENSMUSG00000020454","Eif4enif1",72,"Regular (>50bp)",0.102,0.00398410740864226
"chr2:30303871:30304008:30303258:30305206:SE","SE","ENSMUSG00000026853","Crat",137,"Regular (>50bp)",0.102,0.0297295277805289
"chr11:93970024:93970036:93962512:93971565:SE","SE","ENSMUSG00000020859","Spag9",12,"Microexon (0-30bp)",0.196,0.00595332956613346
"chr11:5041459:5041477:5038146:5041858:SE","SE","ENSMUSG00000009079","Ewsr1",18,"Microexon (0-30bp)",0.222,0
"chr11:32358967:32359051:32357666:32361456:SE","SE","ENSMUSG00000040711","Sh3pxd2b",84,"Regular (>50bp)",0.172,6.17558934727634e-05
"chr2:18870922:18870961:18857737:18893862:SE","SE","ENSMUSG00000026737","Pip4k2a",39,"Small (30-50bp)",-0.154,0.01412193452692
"chr4:152519238:152519280:152497317:152520261:SE","SE","ENSMUSG00000028931","Kcnab2",42,"Small (30-50bp)",0.133,1.32970738018292e-08
"chr2:30239237:30239249:30238629:30240299:SE","SE","ENSMUSG00000026860","Sh3glb2",12,"Microexon (0-30bp)",0.228,1.00380021755475e-13
"chr11:50054988:50055039:50054723:50059522:SE","SE","ENSMUSG00000036644","Tbc1d9b",51,"Regular (>50bp)",0.261,1.62944918111763e-07
"chr11:50058995:50059052:50054723:50059522:SE","SE","ENSMUSG00000036644","Tbc1d9b",57,"Regular (>50bp)",0.132,2.08276753500005e-06
"chr11:54452150:54452220:54437255:54459178:SE","SE","ENSMUSG00000037533","Rapgef6",70,"Regular (>50bp)",-0.183,0.000368485976317547
"chr11:54542574:54542589:54540165:54548071:SE","SE","ENSMUSG00000037533","Rapgef6",15,"Microexon (0-30bp)",0.211,0.000564883834454027
"chr5:115810202:115810214:115808359:115811138:SE","SE","ENSMUSG00000041609","Bicdl1",12,"Microexon (0-30bp)",0.126,2.96143813022664e-09
"chrX:47717012:47717060:47713074:47718128:SE","SE","ENSMUSG00000031105","Slc25a14",48,"Small (30-50bp)",0.299,0.0103892994683788
"chr11:77706681:77706717:77669140:77708444:SE","SE","ENSMUSG00000000631","Myo18a",36,"Small (30-50bp)",0.169,0.000733043013247745
"chr11:77706681:77706825:77669140:77708444:SE","SE","ENSMUSG00000000631","Myo18a",144,"Regular (>50bp)",0.185,7.64290750052284e-07
"chr19:5731459:5731602:5731459:5731581:5733334:5733440:A3SS","A3SS","ENSMUSG00000054874","Pcnx3",143,"Regular (>50bp)",0.342,0.0415685118354407
"chr19:5731459:5731620:5731459:5731581:5733334:5733440:A3SS","A3SS","ENSMUSG00000054874","Pcnx3",161,"Regular (>50bp)",0.215,0.0414067167462746
"chr16:43791761:43791920:43791761:43791818:43793830:43794529:A3SS","A3SS","ENSMUSG00000036304","Zdhhc23",159,"Regular (>50bp)",0.212,0.000273569282640619
"chr16:43791761:43791929:43791761:43791818:43793830:43794529:A3SS","A3SS","ENSMUSG00000036304","Zdhhc23",168,"Regular (>50bp)",0.16,0.000227449815566266
"chr16:18362860:18363023:18362864:18363023:18359721:18359847:A3SS","A3SS","ENSMUSG00000000884","Gnb1l",163,"Regular (>50bp)",-0.125,0.00747448627205699
"chr15:76231863:76232007:76231863:76231989:76232095:76232204:A3SS","A3SS","ENSMUSG00000022552","Sharpin",144,"Regular (>50bp)",0.154,0.0321576930219742
"chr15:40030708:40031472:40031194:40031472:40028595:40028676:A3SS","A3SS","ENSMUSG00000115367","Gm33301",764,"Regular (>50bp)",0.127,0.0343529112116606
"chr17:29551049:29551231:29551049:29551212:29551634:29551752:A3SS","A3SS","ENSMUSG00000024012","Mtch1",182,"Regular (>50bp)",0.157,0.0114290340341222
"chr13:22134372:22134499:22134403:22134499:22133829:22133956:A3SS","A3SS","ENSMUSG00000006720","Zfp184",127,"Regular (>50bp)",0.166,0.0076856214579313
"chr12:109525073:109538160:109537824:109538160:109524670:109524754:A3SS","A3SS","ENSMUSG00000021268","Meg3",13087,"Regular (>50bp)",-0.207,0.0285914544383046
"chr12:17042278:17043574:17042278:17042320:17045614:17045672:A3SS","A3SS","ENSMUSG00000045679","Pqlc3",1296,"Regular (>50bp)",-0.139,0.000960151636750563
"chr11:117674935:117675021:117674938:117675021:117674596:117674746:A3SS","A3SS","ENSMUSG00000050106","Tmc8",86,"Regular (>50bp)",0.102,0.00112538108907413
"chr11:106404412:106404538:106404412:106404532:106410707:106410840:A3SS","A3SS","ENSMUSG00000040548","Tex2",126,"Regular (>50bp)",-0.101,1.24102950139055e-11
"chr11:94349919:94350703:94349919:94350652:94352718:94352811:A3SS","A3SS","ENSMUSG00000020866","Cacna1g",784,"Regular (>50bp)",-0.107,0.0069562250050631
"chr18:39490790:39490881:39490851:39490881:39490605:39490716:A3SS","A3SS","ENSMUSG00000036452","Arhgap26",91,"Regular (>50bp)",0.178,0.00242918155085673
"chr4:126354159:126354378:126354159:126354296:126354698:126354880:A3SS","A3SS","ENSMUSG00000041530","Ago1",219,"Regular (>50bp)",-0.114,0.00308421433560674
"chr2:29600164:29600320:29600167:29600320:29597209:29597412:A3SS","A3SS","ENSMUSG00000039844","Rapgef1",156,"Regular (>50bp)",0.176,0.0133723395286898
"chr5:31705954:31706025:31705957:31706025:31697729:31697841:A3SS","A3SS","ENSMUSG00000029141","Slc4a1ap",71,"Regular (>50bp)",-0.235,0.0374205730114607
"chr5:23745372:23745501:23745372:23745479:23746106:23747116:A3SS","A3SS","ENSMUSG00000062604","Srpk2",129,"Regular (>50bp)",0.343,0.000277246123778562
"chr4:147845677:147845782:147845677:147845735:147860154:147860290:A3SS","A3SS","ENSMUSG00000078495","Zfp984",105,"Regular (>50bp)",-0.144,0.0140527721358244
"chr4:119390509:119390746:119390509:119390694:119390937:119391006:A3SS","A3SS","ENSMUSG00000087385","Frg2f1",237,"Regular (>50bp)",-0.16,0.00598673094245661
"chr2:64981322:64981511:64981322:64981508:65068706:65068970:A3SS","A3SS","ENSMUSG00000034903","Cobll1",189,"Regular (>50bp)",0.168,0.0218637941087324
"chr11:5050384:5050587:5050396:5050587:5050169:5050226:A3SS","A3SS","ENSMUSG00000034175","Rhbdd3",203,"Regular (>50bp)",0.149,0.0170704788867907
"chr4:91196847:91197091:91196847:91197088:91199809:91199900:A3SS","A3SS","ENSMUSG00000008489","Elavl2",244,"Regular (>50bp)",-0.11,0.00143442717563832
"chr5:143848738:143848878:143848743:143848878:143846781:143846897:A3SS","A3SS","ENSMUSG00000079109","Pms2",140,"Regular (>50bp)",-0.103,0.0378309424905667
"chr15:97655563:97655695:97655563:97655642:97655897:97655986:A3SS","A3SS","ENSMUSG00000022469","Rapgef3",132,"Regular (>50bp)",-0.14,0.0369135900595939
"chr7:6326645:6326744:6326645:6326741:6328451:6328578:A3SS","A3SS","ENSMUSG00000030443","Zfp583",99,"Regular (>50bp)",0.118,0.0437015647088973
"chr11:101184826:101185054:101184826:101184973:101185860:101185990:A3SS","A3SS","ENSMUSG00000035086","Becn1",228,"Regular (>50bp)",-0.145,0.00199932392153704
"chr10:81298502:81298646:81298502:81298605:81300173:81300254:A3SS","A3SS","ENSMUSG00000034818","Celf5",144,"Regular (>50bp)",-0.105,0.00704457608948841
"chr2:57002962:57003301:57002962:57003084:57004729:57005050:A3SS","A3SS","ENSMUSG00000026826","Nr4a2",339,"Regular (>50bp)",-0.16,0.0049712271573738
"chr9:86383926:86384036:86383953:86384036:86382848:86382948:A3SS","A3SS","ENSMUSG00000034973","Dop1a",110,"Regular (>50bp)",-0.202,0.00242453659685851
"chr2:30845779:30845965:30845789:30845965:30843763:30844020:A3SS","A3SS","ENSMUSG00000026848","Tor1b",186,"Regular (>50bp)",-0.109,0.0141484195638019
"chr4:135692536:135692767:135692644:135692767:135691127:135691407:A3SS","A3SS","ENSMUSG00000028671","Gale",231,"Regular (>50bp)",-0.243,0.000670122291161977
"chr2:32600488:32600803:32600488:32600579:32602042:32602124:A3SS","A3SS","ENSMUSG00000009555","Cdk9",315,"Regular (>50bp)",-0.106,9.80843684335103e-05
"chr5:138168578:138168684:138168578:138168658:138169449:138169528:A3SS","A3SS","ENSMUSG00000029730","Mcm7",106,"Regular (>50bp)",-0.157,0.0212838713132843
"chr9:66929874:66931847:66929874:66930723:66938310:66938380:A3SS","A3SS","ENSMUSG00000032366","Tpm1",1973,"Regular (>50bp)",0.12,4.82920817990878e-06
"chr2:33036581:33036665:33036581:33036662:33047783:33048182:A3SS","A3SS","ENSMUSG00000038831","Ralgps1",84,"Regular (>50bp)",0.122,0.0461843032140912
"chr2:33036581:33036665:33036581:33036662:33048921:33049048:A3SS","A3SS","ENSMUSG00000038831","Ralgps1",84,"Regular (>50bp)",-0.118,0.0207020878784165
"chr19:3523768:3523866:3523768:3523815:3534830:3534916:A3SS","A3SS","ENSMUSG00000024908","Ppp6r3",98,"Regular (>50bp)",-0.151,2.30405914066531e-06
"chr2:181023986:181024337:181024279:181024337:181023150:181023187:A3SS","A3SS","ENSMUSG00000090077","Lime1",351,"Regular (>50bp)",0.111,5.52689372155272e-05
"chr2:173437890:173438337:173437890:173438192:173438832:173438980:A3SS","A3SS","ENSMUSG00000121504","Ppp4r1l-ps",447,"Regular (>50bp)",-0.108,0.0179097726862462
"chr2:173437890:173438345:173437890:173438192:173438832:173438980:A3SS","A3SS","ENSMUSG00000121504","Ppp4r1l-ps",455,"Regular (>50bp)",-0.11,0.0164180911662896
"chrX:143102894:143103057:143102998:143103057:143100799:143101117:A3SS","A3SS","ENSMUSG00000041718","Alg13",163,"Regular (>50bp)",-0.129,0.00291889364871535
"chr7:81174825:81174988:81174929:81174988:81173365:81173471:A3SS","A3SS","ENSMUSG00000097277","2900076A07Rik",163,"Regular (>50bp)",0.145,0.0019241125937828
"chr11:62440872:62441002:62440872:62440985:62441686:62441867:A3SS","A3SS","ENSMUSG00000087120","Gm12279",130,"Regular (>50bp)",-0.295,0.0311083875855001
"chr9:55133899:55134038:55133899:55134000:55135136:55135222:A3SS","A3SS","ENSMUSG00000032311","Nrg4",139,"Regular (>50bp)",-0.341,0.000813848491480703
"chr5:33757699:33765571:33757699:33758224:33771946:33772178:A3SS","A3SS","ENSMUSG00000037339","Fam53a",7872,"Regular (>50bp)",-0.395,0.000425008559418304
"chr19:58952809:58953005:58952870:58953005:58951213:58951339:A3SS","A3SS","ENSMUSG00000048029","Eno4",196,"Regular (>50bp)",0.138,0.0204525456304742
"chr9:35120711:35120825:35120711:35120803:35121235:35121461:A3SS","A3SS","ENSMUSG00000039048","Foxred1",114,"Regular (>50bp)",0.101,0.0367540652628854
"chr5:130282779:130282850:130282779:130282845:130284050:130284151:A3SS","A3SS","ENSMUSG00000025337","Sbds",71,"Regular (>50bp)",-0.168,0.000140729301193923
"chr11:16885149:16885926:16885149:16885841:16886454:16886564:A3SS","A3SS","ENSMUSG00000087060","Eldr",777,"Regular (>50bp)",0.172,1.50081661935699e-05
"chr3:107801366:107801544:107801366:107801524:107802176:107802308:A3SS","A3SS","ENSMUSG00000086968","4933431E20Rik",178,"Regular (>50bp)",-0.147,0.00032009852642027
"chr2:53078459:53078552:53078459:53078539:53079980:53080112:A3SS","A3SS","ENSMUSG00000061136","Prpf40a",93,"Regular (>50bp)",0.101,0.00876737971145494
"chr3:104725251:104725472:104725251:104725437:104725573:104725879:A3SS","A3SS","ENSMUSG00000002227","Mov10",221,"Regular (>50bp)",-0.116,0.0399101374619249
"chr8:71843284:71843425:71843284:71843373:71843564:71843698:A3SS","A3SS","ENSMUSG00000034911","Ushbp1",141,"Regular (>50bp)",-0.303,0.000990952536673053
"chr9:54303523:54303654:54303523:54303651:54305330:54305407:A3SS","A3SS","ENSMUSG00000041268","Dmxl2",131,"Regular (>50bp)",-0.179,0.000990952536673053
"chr19:6581297:6582308:6581873:6582308:6569278:6569357:A3SS","A3SS","ENSMUSG00000033768","Nrxn2",1011,"Regular (>50bp)",-0.118,2.82052159405981e-13
"chr9:65558828:65558986:65558942:65558986:65558214:65558365:A3SS","A3SS","ENSMUSG00000032387","Rbpms2",158,"Regular (>50bp)",-0.13,8.81211816908548e-05
"chr6:72337857:72337996:72337857:72337932:72338104:72338209:A3SS","A3SS","ENSMUSG00000055850","Rnf181",139,"Regular (>50bp)",-0.178,0.0132103808303417
"chr11:119826543:119827356:119826543:119826875:119829987:119830116:A3SS","A3SS","ENSMUSG00000085207","Gm11767",813,"Regular (>50bp)",-0.119,0.011650467450663
"chr6:119899432:119899784:119899435:119899784:119897767:119897989:A3SS","A3SS","ENSMUSG00000030166","Rad52",352,"Regular (>50bp)",-0.104,0.000990952536673053
"chr9:50675523:50676226:50675523:50675590:50682451:50683355:A3SS","A3SS","ENSMUSG00000037971","Cfap68",703,"Regular (>50bp)",-0.282,0.00109550243149284
"chr10:74874189:74874352:74874271:74874352:74873153:74873315:A3SS","A3SS","ENSMUSG00000020175","Rab36",163,"Regular (>50bp)",-0.209,0.0013576336450658
"chr10:41355321:41355495:41355390:41355495:41354958:41355063:A3SS","A3SS","ENSMUSG00000019823","Mical1",174,"Regular (>50bp)",0.137,7.77315408646622e-06
"chr7:119385961:119386708:119385961:119386050:119386956:119387057:A3SS","A3SS","ENSMUSG00000030929","Eri2",747,"Regular (>50bp)",-0.167,0.00324905635337845
"chr8:106041707:106042700:106041707:106042654:106049896:106049998:A3SS","A3SS","ENSMUSG00000041679","Fbxl9",993,"Regular (>50bp)",-0.372,0.00142861743935979
"chr8:71201016:71201682:71201559:71201682:71200705:71200805:A3SS","A3SS","ENSMUSG00000031842","Pde4c",666,"Regular (>50bp)",-0.13,0.0393290635587856
"chr9:57818992:57819108:57818999:57819108:57818333:57818454:A3SS","A3SS","ENSMUSG00000055720","Ubl7",116,"Regular (>50bp)",0.462,0.000887228215938786
"chr9:61309134:61309339:61309137:61309339:61301889:61301994:A3SS","A3SS","ENSMUSG00000032280","Tle3",205,"Regular (>50bp)",0.105,0.0415685118354407
"chr1:10012547:10012942:10012547:10012616:10014244:10014343:A3SS","A3SS","ENSMUSG00000098234","Snhg6",395,"Regular (>50bp)",-0.233,0.0382520656831627
"chr10:34274109:34274194:34274109:34274191:34275733:34275813:A3SS","A3SS","ENSMUSG00000039480","Nt5dc1",85,"Regular (>50bp)",0.126,0.00702042680867931
"chr1:59731710:59731887:59731770:59731887:59731495:59731548:A3SS","A3SS","ENSMUSG00000026020","Nop58",177,"Regular (>50bp)",-0.126,0.00333198088098139
"chr10:128337248:128337558:128337503:128337558:128335177:128335395:A3SS","A3SS","ENSMUSG00000119994","A430046D13Rik",310,"Regular (>50bp)",-0.132,0.0034058439307911
"chr11:63023950:63024070:63023953:63024070:63019807:63019976:A3SS","A3SS","ENSMUSG00000018217","Pmp22",120,"Regular (>50bp)",0.15,0.0025807431901868
"chr11:70586689:70586869:70586689:70586774:70590883:70590981:A3SS","A3SS","ENSMUSG00000057054","Inca1",180,"Regular (>50bp)",-0.176,0.00310505386415312
"chr18:36121232:36121294:36121232:36121291:36135976:36136066:A5SS","A5SS","ENSMUSG00000024347","Psd2",62,"Regular (>50bp)",0.264,0.0398493703690796
"chr15:62116567:62116706:62116567:62116690:62130269:62132064:A5SS","A5SS","ENSMUSG00000097039","Pvt1",139,"Regular (>50bp)",-0.124,0.00124098472227882
"chr14:36612250:36612383:36612298:36612383:36607707:36607747:A5SS","A5SS","ENSMUSG00000058690","Ccser2",133,"Regular (>50bp)",0.127,0.0120854592176913
"chr13:61084199:61084385:61084304:61084385:61083360:61083483:A5SS","A5SS","ENSMUSG00000044258","Ctla2a",186,"Regular (>50bp)",-0.112,0.0232270650174256
"chr12:29876864:29877836:29876864:29877830:29882286:29882421:A5SS","A5SS","ENSMUSG00000061911","Myt1l",972,"Regular (>50bp)",-0.116,0.0304639655951199
"chr11:117640402:117643970:117640402:117640643:117646788:117646932:A5SS","A5SS","ENSMUSG00000025571","Tnrc6c",3568,"Regular (>50bp)",-0.141,0.0443497477272943
"chr11:106077926:106078006:106077950:106078006:106064504:106064607:A5SS","A5SS","ENSMUSG00000069631","Strada",80,"Regular (>50bp)",0.145,0.000707989276866362
"chr11:101997792:101997882:101997798:101997882:101997501:101997692:A5SS","A5SS","ENSMUSG00000017311","Pyy",90,"Regular (>50bp)",-0.145,0.0419741594246992
"chrX:135732701:135732963:135732701:135732858:135734016:135734185:A5SS","A5SS","ENSMUSG00000031425","Plp1",262,"Regular (>50bp)",-0.183,0.00318768327309012
"chr3:148526052:148526104:148526086:148526104:148524283:148524322:A5SS","A5SS","ENSMUSG00000028184","Adgrl2",52,"Regular (>50bp)",-0.519,1.10144643457812e-07
"chr5:131501075:131501317:131501096:131501317:131488964:131488994:A5SS","A5SS","ENSMUSG00000029673","Auts2",242,"Regular (>50bp)",-0.163,0.0376335069512619
"chr5:131501075:131501317:131501096:131501317:131490119:131490191:A5SS","A5SS","ENSMUSG00000029673","Auts2",242,"Regular (>50bp)",0.494,0.00699071003484038
"chr7:119426525:119426602:119426525:119426599:119427314:119427429:A5SS","A5SS","ENSMUSG00000030924","Rexo5",77,"Regular (>50bp)",-0.252,1.38617606886038e-07
"chr12:80171606:80171900:80171699:80171900:80167319:80167444:A5SS","A5SS","ENSMUSG00000097729","2310015A10Rik",294,"Regular (>50bp)",0.192,0.000407925582054645
"chr3:152413486:152414250:152413486:152413934:152415071:152415541:A5SS","A5SS","ENSMUSG00000119993","Gm32085",764,"Regular (>50bp)",-0.479,0.000878106444635091
"chr1:171107932:171108096:171107961:171108096:171107713:171107862:A5SS","A5SS","ENSMUSG00000062729","Ppox",164,"Regular (>50bp)",-0.186,0.001391916806479
"chr1:155013259:155013520:155013339:155013520:155012320:155012596:A5SS","A5SS","ENSMUSG00000026471","Mr1",261,"Regular (>50bp)",-0.118,0.003124865222664
"chr4:156252233:156253026:156253002:156253026:156251738:156251963:A5SS","A5SS","ENSMUSG00000041936","Agrn",793,"Regular (>50bp)",-0.105,0.0301951246476406
"chr11:116562488:116563181:116562488:116562582:116564763:116564897:A5SS","A5SS","ENSMUSG00000020812","Snhg16",693,"Regular (>50bp)",-0.184,0.0453332482981097
"chr4:62388948:62389124:62389055:62389124:62387073:62387170:A5SS","A5SS","ENSMUSG00000028391","Wdr31",176,"Regular (>50bp)",0.168,2.13701300763794e-06
"chr18:9959097:9959315:9959097:9959171:9960485:9960552:A5SS","A5SS","ENSMUSG00000024287","Thoc1",218,"Regular (>50bp)",-0.102,1.82899828776282e-07
"chr1:160862733:160862885:160862733:160862764:160863321:160863374:A5SS","A5SS","ENSMUSG00000053332","Gas5",152,"Regular (>50bp)",-0.203,0.000629098103955743
"chr5:135403780:135403959:135403780:135403919:135404128:135404339:A5SS","A5SS","ENSMUSG00000000916","Nsun5",179,"Regular (>50bp)",0.118,7.11646214786792e-06
"chr2:173456906:173457369:173457275:173457369:173456582:173456711:A5SS","A5SS","ENSMUSG00000121504","Ppp4r1l-ps",463,"Regular (>50bp)",-0.364,0.0298496766946293
"chr2:92200907:92201008:92200910:92201008:92200521:92200604:A5SS","A5SS","ENSMUSG00000040434","Large2",101,"Regular (>50bp)",-0.125,0.0323421228610287
"chr2:167470988:167471208:167471089:167471208:167459748:167459897:A5SS","A5SS","ENSMUSG00000078923","Ube2v1",220,"Regular (>50bp)",0.119,0.000489555796845367
"chr2:180728668:180728893:180728761:180728893:180727035:180727143:A5SS","A5SS","ENSMUSG00000016346","Kcnq2",225,"Regular (>50bp)",-0.193,0.00230608053960031
"chr5:122490606:122490677:122490608:122490677:122489623:122489773:A5SS","A5SS","ENSMUSG00000038569","Rad9b",71,"Regular (>50bp)",0.22,0.000793885072414638
"chr1:66740775:66740807:66740775:66740795:66745604:66745684:A5SS","A5SS","ENSMUSG00000026005","Rpe",32,"Small (30-50bp)",0.126,0.0400190104513177
"chr5:114494923:114495074:114494923:114495050:114495979:114496139:A5SS","A5SS","ENSMUSG00000066952","Myo1h",151,"Regular (>50bp)",-0.359,0.0128831925408871
"chr2:181357482:181357739:181357482:181357724:181359747:181359886:A5SS","A5SS","ENSMUSG00000027584","Oprl1",257,"Regular (>50bp)",-0.118,0.0211496733651469
"chr13:3544480:3544721:3544480:3544664:3547959:3548156:A5SS","A5SS","ENSMUSG00000097709","2810429I04Rik",241,"Regular (>50bp)",-0.331,0.00273023306069359
"chr6:85585967:85587514:85585967:85586107:85587799:85587918:A5SS","A5SS","ENSMUSG00000063810","Alms1",1547,"Regular (>50bp)",-0.27,1.29286176712669e-06
"chr7:125750395:125752451:125751997:125752451:125748675:125748709:A5SS","A5SS","ENSMUSG00000000131","Xpo6",2056,"Regular (>50bp)",0.145,0.0418041446649541
"chr12:109593481:109593587:109593481:109593566:109601827:109601891:A5SS","A5SS","ENSMUSG00000097451","Rian",106,"Regular (>50bp)",-0.204,0.0443497477272943
"chr15:12236103:12236234:12236103:12236206:12238014:12238105:A5SS","A5SS","ENSMUSG00000039458","Mtmr12",131,"Regular (>50bp)",-0.132,0.0346359512768811
"chr9:44324739:44324830:44324767:44324830:44324433:44324498:A5SS","A5SS","ENSMUSG00000043923","Ccdc84",91,"Regular (>50bp)",-0.158,0.000225336265830074
"chr9:57938338:57938545:57938443:57938545:57937616:57937703:A5SS","A5SS","ENSMUSG00000037716","Ccdc33",207,"Regular (>50bp)",-0.305,0.0090342488983243
"chr8:20163109:20163408:20163109:20163404:20167037:20167157:A5SS","A5SS","ENSMUSG00000121492","6820431F20Rik",299,"Regular (>50bp)",-0.102,7.350129644032e-06
"chr8:70588185:70588281:70588215:70588281:70587940:70588041:A5SS","A5SS","ENSMUSG00000036120","Rfxank",96,"Regular (>50bp)",-0.196,0.0125676556664415
"chr9:44609015:44609139:44609048:44609139:44607333:44607480:A5SS","A5SS","ENSMUSG00000048537","Phldb1",124,"Regular (>50bp)",-0.101,2.67474956461651e-06
"chr11:116424795:116425144:116424795:116424999:116425674:116425827:A5SS","A5SS","ENSMUSG00000061878","Sphk1",349,"Regular (>50bp)",0.166,0.0120974083148605
"chr9:95921752:95921909:95921752:95921897:95927538:95927714:A5SS","A5SS","ENSMUSG00000032410","Xrn1",157,"Regular (>50bp)",0.119,0.0397507060612154
"chr9:122686131:122686226:122686167:122686226:122685763:122685890:A5SS","A5SS","ENSMUSG00000047036","Zfp445",95,"Regular (>50bp)",-0.102,0.0036663287159265
"chr7:126091929:126092173:126091983:126092173:126091615:126091780:A5SS","A5SS","ENSMUSG00000032637","Atxn2l",244,"Regular (>50bp)",-0.149,3.7868058581163e-06
"chrX:48111970:48112078:48112003:48112078:48107659:48107771:A5SS","A5SS","ENSMUSG00000031109","Enox2",108,"Regular (>50bp)",-0.127,0.00146302224119869
"chr11:6477996:6478374:6478305:6478374:6476354:6476437:A5SS","A5SS","ENSMUSG00000085156","Snhg15",378,"Regular (>50bp)",-0.112,2.76708655988589e-11
"chr11:70590745:70590981:70590883:70590981:70586689:70586869:A5SS","A5SS","ENSMUSG00000057054","Inca1",236,"Regular (>50bp)",0.212,0.00569117026755294
"chrX:84657576:84659035:84665159:84665253:84653190:84667947:MXE","MXE","ENSMUSG00000035476","Tab3",1459,"Regular (>50bp)",0.181,0.0123782803092309
"chr19:56421673:56421810:56424658:56424834:56392957:56425150:MXE","MXE","ENSMUSG00000025076","Casp7",137,"Regular (>50bp)",0.101,0.00566268458377596
"chr18:12126620:12126685:12176270:12176364:12116699:12180621:MXE","MXE","ENSMUSG00000049411","Tmem241",65,"Regular (>50bp)",0.234,0.00122679757021273
"chrX:73320084:73320162:73320251:73320340:73318074:73320644:MXE","MXE","ENSMUSG00000019088","Dnase1l1",78,"Regular (>50bp)",0.162,0.0214205341903347
"chr17:25127384:25127402:25128123:25128135:25126360:25131721:MXE","MXE","ENSMUSG00000024163","Mapk8ip3",18,"Microexon (0-30bp)",-0.191,2.92207409784125e-10
"chr17:22511388:22511436:22528485:22528578:22508876:22532217:MXE","MXE","ENSMUSG00000117284","Gm7072",48,"Small (30-50bp)",0.141,0.036465184818851
"chr17:21789310:21789389:21794118:21794218:21787507:21803291:MXE","MXE","ENSMUSG00000067931","Zfp948",79,"Regular (>50bp)",0.106,0.0365896395497824
"chr16:42967259:42967306:43122931:43122978:42892832:43283309:MXE","MXE","ENSMUSG00000022708","Zbtb20",47,"Small (30-50bp)",0.234,0.0213783466555872
"chr16:43053121:43053183:43122931:43122978:42967306:43283309:MXE","MXE","ENSMUSG00000022708","Zbtb20",62,"Regular (>50bp)",-0.107,0.0371331699046361
"chr15:62047680:62047775:62085660:62085748:62047397:62114022:MXE","MXE","ENSMUSG00000097039","Pvt1",95,"Regular (>50bp)",-0.109,0.000453410528513037
"chr15:62085660:62085748:62094585:62094752:62047397:62114022:MXE","MXE","ENSMUSG00000097039","Pvt1",88,"Regular (>50bp)",0.106,0.000862753659003248
"chr14:103329739:103329862:103332772:103332977:103326909:103336204:MXE","MXE","ENSMUSG00000022124","Fbxl3",123,"Regular (>50bp)",-0.106,0.000210391268798132
"chr14:61861881:61861931:61862668:61862811:61851720:61869885:MXE","MXE","ENSMUSG00000097589","Dleu2",50,"Small (30-50bp)",-0.116,0.022310666860815
"chrX:158600237:158600294:158607470:158607545:158599702:158611369:MXE","MXE","ENSMUSG00000040990","Sh3kbp1",57,"Regular (>50bp)",-0.412,0.0224781346466555
"chr12:109512312:109512425:109515913:109515987:109510625:109516087:MXE","MXE","ENSMUSG00000021268","Meg3",113,"Regular (>50bp)",-0.247,1.11337788015278e-05
"chr12:81975015:81975148:81980304:81980489:81966154:81993704:MXE","MXE","ENSMUSG00000021140","Pcnx",133,"Regular (>50bp)",0.124,0.037963362071852
"chr12:8318363:8318598:8325807:8325890:8288615:8333899:MXE","MXE","ENSMUSG00000037669","Ldah",235,"Regular (>50bp)",0.127,5.77889047725667e-09
"chr11:117725970:117726068:117726328:117726407:117725844:117726491:MXE","MXE","ENSMUSG00000017718","Afmid",98,"Regular (>50bp)",0.15,0.0437265792298268
"chr11:104185684:104185750:104189323:104190082:104180820:104193186:MXE","MXE","ENSMUSG00000018411","Mapt",66,"Regular (>50bp)",0.187,2.13007389504552e-12
"chr11:102104750:102104862:102112593:102112677:102097992:102115559:MXE","MXE","ENSMUSG00000008855","Hdac5",112,"Regular (>50bp)",0.379,9.33316974488942e-05
"chr14:33112198:33112270:33112629:33112701:33110939:33114898:MXE","MXE","ENSMUSG00000021936","Mapk8",72,"Regular (>50bp)",0.102,0.00272800583642731
"chr2:29609604:29609862:29610654:29610750:29597412:29612235:MXE","MXE","ENSMUSG00000039844","Rapgef1",258,"Regular (>50bp)",0.133,0.00287056278657236
"chr11:29656409:29658770:29683632:29683840:29655591:29691694:MXE","MXE","ENSMUSG00000020458","Rtn4",2361,"Regular (>50bp)",-0.19,0.000200584694027704
"chr5:38363232:38363306:38367961:38368008:38361171:38369189:MXE","MXE","ENSMUSG00000029127","Zbtb49",74,"Regular (>50bp)",0.104,0.0184201484295281
"chr4:132384888:132384927:132389205:132389249:132384099:132417015:MXE","MXE","ENSMUSG00000028886","Eya3",39,"Small (30-50bp)",0.207,4.6526657512411e-06
"chr19:40329128:40329194:40332799:40332883:40325479:40338342:MXE","MXE","ENSMUSG00000025006","Sorbs1",66,"Regular (>50bp)",-0.147,0.036465184818851
"chr4:99690333:99690469:99702294:99702337:99686999:99717319:MXE","MXE","ENSMUSG00000028549","Itgb3bp",136,"Regular (>50bp)",-0.109,0.0114916992082353
"chr11:119999292:119999316:120000257:120000362:119997436:120000891:MXE","MXE","ENSMUSG00000061306","Slc38a10",24,"Microexon (0-30bp)",-0.108,1.79724354088349e-05
"chr12:76986740:76986864:76999942:77000050:76985529:77008763:MXE","MXE","ENSMUSG00000059436","Max",124,"Regular (>50bp)",-0.122,0.000184070078377125
"chr5:131494869:131494965:131499251:131499296:131490191:131501075:MXE","MXE","ENSMUSG00000029673","Auts2",96,"Regular (>50bp)",0.114,0.0115495000071743
"chr6:90610592:90610737:90612231:90612378:90603433:90613838:MXE","MXE","ENSMUSG00000030089","Slc41a3",145,"Regular (>50bp)",-0.274,0.0209440224683263
"chr8:45500686:45500746:45502878:45502914:45498822:45503817:MXE","MXE","ENSMUSG00000070047","Fat1",60,"Regular (>50bp)",0.242,0.011600240785528
"chr2:12405835:12405887:12408808:12408977:12402377:12410670:MXE","MXE","ENSMUSG00000026767","Mindy3",52,"Regular (>50bp)",-0.343,6.6738543372281e-09
"chr7:119398787:119398900:119400452:119400579:119393725:119401963:MXE","MXE","ENSMUSG00000030924","Rexo5",113,"Regular (>50bp)",0.15,0.0237817359495658
"chr2:24947976:24947982:24948264:24948333:24947188:24949032:MXE","MXE","ENSMUSG00000006476","Nsmf",6,"Microexon (0-30bp)",0.141,0.0275405228459169
"chr1:179946300:179946348:179951488:179951527:179945308:179961861:MXE","MXE","ENSMUSG00000026490","Cdc42bpa",48,"Small (30-50bp)",0.107,0.000313086805728767
"chr2:25843926:25843986:25845271:25845304:25835285:25846258:MXE","MXE","ENSMUSG00000026933","Camsap1",60,"Regular (>50bp)",-0.162,0.00195909549008881
"chr17:69581698:69581890:69590879:69591002:69577659:69591533:MXE","MXE","ENSMUSG00000024044","Epb41l3",192,"Regular (>50bp)",-0.171,4.99166432120283e-09
"chr3:37484194:37484253:37485781:37486426:37480395:37487286:MXE","MXE","ENSMUSG00000027722","Spata5",59,"Regular (>50bp)",0.103,0.0179975902670082
"chr16:20427491:20427639:20427736:20427836:20426634:20430323:MXE","MXE","ENSMUSG00000033809","Alg3",148,"Regular (>50bp)",-0.108,0.027935422494031
"chr2:28471142:28471277:28471358:28471456:28469749:28472836:MXE","MXE","ENSMUSG00000026816","Gtf3c5",135,"Regular (>50bp)",-0.717,0.00167940137324598
"chr2:173446298:173446390:173447957:173448027:173441480:173450525:MXE","MXE","ENSMUSG00000121504","Ppp4r1l-ps",92,"Regular (>50bp)",0.355,0.0357119380743404
"chr2:173446298:173446390:173448934:173449122:173441480:173450525:MXE","MXE","ENSMUSG00000121504","Ppp4r1l-ps",92,"Regular (>50bp)",0.232,0.00744703347969837
"chr6:140625784:140625940:140628612:140628812:140625158:140629985:MXE","MXE","ENSMUSG00000030232","Aebp2",156,"Regular (>50bp)",0.121,0.0159512119306896
"chr8:32321232:32321256:32323180:32323258:32316383:32327697:MXE","MXE","ENSMUSG00000062991","Nrg1",24,"Microexon (0-30bp)",-0.149,1.79724354088349e-05
"chr1:60421562:60421627:60426063:60426153:60418644:60426297:MXE","MXE","ENSMUSG00000049439","Cyp20a1",65,"Regular (>50bp)",0.133,0.00471448378632767
"chr4:89275354:89275446:89279352:89279513:89274997:89288010:MXE","MXE","ENSMUSG00000086035","Gm12610",92,"Regular (>50bp)",-0.261,3.59519611287976e-05
"chr11:31858824:31858875:31868800:31868824:31839939:31870408:MXE","MXE","ENSMUSG00000020300","Cpeb4",51,"Regular (>50bp)",-0.103,0.00418999867516708
"chr8:105998737:105998840:105999091:105999216:105998281:105999441:MXE","MXE","ENSMUSG00000033249","Hsf4",103,"Regular (>50bp)",0.123,0.0208965680040486
"chr5:114530158:114530244:114531137:114531220:114528547:114536468:MXE","MXE","ENSMUSG00000029577","Ube3b",86,"Regular (>50bp)",0.123,0.00145196307246551
"chr4:131964421:131964525:131978985:131979143:131962217:131988801:MXE","MXE","ENSMUSG00000028901","Gmeb1",104,"Regular (>50bp)",0.113,0.0187867579711015
"chr5:107693553:107693722:107694066:107694145:107691879:107695982:MXE","MXE","ENSMUSG00000089798","1700028K03Rik",169,"Regular (>50bp)",-0.298,0.0254624762953179
"chr14:20794671:20794716:20805726:20805770:20792821:20810211:MXE","MXE","ENSMUSG00000021820","Camk2g",45,"Small (30-50bp)",-0.107,0.0487953130060662
"chr6:83160917:83160938:83164745:83164766:83160315:83166058:MXE","MXE","ENSMUSG00000031865","Dctn1",21,"Microexon (0-30bp)",0.119,5.91769831934145e-05
"chr6:83163409:83163427:83164745:83164766:83160938:83166058:MXE","MXE","ENSMUSG00000031865","Dctn1",18,"Microexon (0-30bp)",0.272,0.00539272644434666
"chr17:35263292:35263414:35264905:35265029:35263110:35265206:MXE","MXE","ENSMUSG00000007035","Msh5",122,"Regular (>50bp)",0.169,0.00587754934047666
"chrX:99851658:99851758:99853467:99853513:99850861:99855107:MXE","MXE","ENSMUSG00000000881","Dlg3",100,"Regular (>50bp)",-0.105,0.000255064390297122
"chrX:99855107:99855149:99856331:99856382:99853513:99856942:MXE","MXE","ENSMUSG00000000881","Dlg3",42,"Small (30-50bp)",0.101,0.0260867908289963
"chr7:97207337:97207433:97218893:97218981:97199948:97224794:MXE","MXE","ENSMUSG00000035642","Aamdc",96,"Regular (>50bp)",0.101,0.000130386073197813
"chr9:59497917:59497966:59509859:59509988:59489641:59510082:MXE","MXE","ENSMUSG00000032297","Celf6",49,"Small (30-50bp)",0.103,0.00581067519350435
"chr2:153525527:153525597:153526278:153526397:153520476:153528177:MXE","MXE","ENSMUSG00000027478","Dnmt3b",70,"Regular (>50bp)",0.239,0.0408298755605657
"chr12:109596454:109596625:109601827:109601891:109593587:109604272:MXE","MXE","ENSMUSG00000097451","Rian",171,"Regular (>50bp)",0.147,0.0374559460822644
"chr14:103419789:103419930:103422267:103422384:103412426:103423019:MXE","MXE","ENSMUSG00000033004","Mycbp2",141,"Regular (>50bp)",0.106,0.0238936307337321
"chr8:75726440:75726519:75726626:75726741:75726336:75727277:MXE","MXE","ENSMUSG00000034518","Hmgxb4",79,"Regular (>50bp)",0.119,9.52839613937031e-05
"chr9:44871276:44871425:44874634:44874730:44864413:44876782:MXE","MXE","ENSMUSG00000059890","Ube4a",149,"Regular (>50bp)",-0.191,0.000729007131640944
"chr8:72950639:72950729:72951582:72951748:72947429:72952211:MXE","MXE","ENSMUSG00000062007","Hsh2d",90,"Regular (>50bp)",-0.188,0.0269588121902741
"chr7:45654543:45654690:45658209:45658302:45652089:45661917:MXE","MXE","ENSMUSG00000030834","Abcc6",147,"Regular (>50bp)",0.236,0.0159512119306896
"chr9:86680590:86680752:86680882:86680897:86665487:86686507:MXE","MXE","ENSMUSG00000033419","Snap91",162,"Regular (>50bp)",0.172,0.0141406390881447
"chr2:72800498:72801858:72809241:72809373:72771083:72809830:MXE","MXE","ENSMUSG00000027109","Sp3",1360,"Regular (>50bp)",0.137,0.000796796555908582
"chr8:84456739:84456886:84460042:84460195:84456154:84460637:MXE","MXE","ENSMUSG00000002885","Adgre5",147,"Regular (>50bp)",-0.132,0.0227913572328234
"chr2:166892233:166892365:166897073:166898861:166890501:166901951:MXE","MXE","ENSMUSG00000039501","Znfx1",132,"Regular (>50bp)",0.125,0.0256360104386419
"chr11:106934458:106934651:106935317:106935491:106933585:106937825:MXE","MXE","ENSMUSG00000040481","Bptf",193,"Regular (>50bp)",-0.112,0.000368596989648535
"chr8:75774620:75774705:75778777:75778924:75760455:75781204:MXE","MXE","ENSMUSG00000042870","Tom1",85,"Regular (>50bp)",0.146,0.0213783466555872
"chr9:107838740:107838854:107839452:107839540:107838271:107840029:MXE","MXE","ENSMUSG00000032586","Traip",114,"Regular (>50bp)",-0.138,0.0107258294217284
"chr9:108673739:108673771:108673869:108673982:108673595:108674405:MXE","MXE","ENSMUSG00000032599","Ip6k2",32,"Small (30-50bp)",0.216,0.000165393698964988
"chr1:120088335:120088386:120093864:120093902:120078477:120099130:MXE","MXE","ENSMUSG00000026388","3110009E18Rik",51,"Regular (>50bp)",0.187,0.0448053565197271
"chr1:120093864:120093902:120099130:120099212:120088386:120115770:MXE","MXE","ENSMUSG00000026388","3110009E18Rik",38,"Small (30-50bp)",-0.198,0.0245662682184164
"chr1:119889601:119889705:119909443:119909544:119883538:119912459:MXE","MXE","ENSMUSG00000036962","Cfap221",104,"Regular (>50bp)",0.234,0.0201326465855434
"chr11:52129077:52129177:52133231:52133301:52127760:52133413:MXE","MXE","ENSMUSG00000036309","Skp1",100,"Regular (>50bp)",0.226,0.0113879534396255
"chr11:66916734:66916764:66920791:66920852:66916097:66921887:MXE","MXE","ENSMUSG00000050270","Tmem220",30,"Microexon (0-30bp)",-0.111,0.00439939489296578
"chrX:132970593:132974026:132970656:132973962:RI","RI","ENSMUSG00000031256","Cstf2",3433,"Regular (>50bp)",0.103,0.00240404653171529
"chrX:55538398:55542094:55538493:55541875:RI","RI","ENSMUSG00000035967","Ints6l",3696,"Regular (>50bp)",0.125,0.0081444397570612
"chr19:4316402:4316665:4316474:4316549:RI","RI","ENSMUSG00000034616","Ssh3",263,"Regular (>50bp)",-0.109,3.20985041451668e-07
"chr19:4054322:4054648:4054432:4054512:RI","RI","ENSMUSG00000024871","Doc2g",326,"Regular (>50bp)",0.125,0.000669742772864693
"chr18:38074005:38074819:38074163:38074760:RI","RI","ENSMUSG00000024454","Hdac3",814,"Regular (>50bp)",-0.114,0.00246222292574281
"chr18:36664152:36664579:36664269:36664486:RI","RI","ENSMUSG00000024485","Slc4a9",427,"Regular (>50bp)",-0.403,0.00208347090961646
"chr18:34887728:34889445:34887833:34889342:RI","RI","ENSMUSG00000097755","2010110K18Rik",1717,"Regular (>50bp)",-0.181,0.000391571270179137
"chr17:34818969:34819834:34819111:34819324:RI","RI","ENSMUSG00000015452","Ager",865,"Regular (>50bp)",0.219,0.021763533052167
"chr17:24896808:24897687:24897026:24897569:RI","RI","ENSMUSG00000041130","Zfp598",879,"Regular (>50bp)",-0.111,1.1519918096756e-07
"chr17:15721415:15721619:15721464:15721573:RI","RI","ENSMUSG00000014767","Tbp",204,"Regular (>50bp)",-0.142,4.91901334480113e-12
"chr16:90039414:90039846:90039540:90039759:RI","RI","ENSMUSG00000022983","Scaf4",432,"Regular (>50bp)",-0.108,0.00316482145610635
"chr16:90039414:90039846:90039606:90039759:RI","RI","ENSMUSG00000022983","Scaf4",432,"Regular (>50bp)",-0.171,0.000131936472472832
"chr16:30359556:30362306:30359727:30362219:RI","RI","ENSMUSG00000022537","Tmem44",2750,"Regular (>50bp)",-0.196,0.0398052900054686
"chr17:56405483:56406075:56405557:56405973:RI","RI","ENSMUSG00000002833","Hdgfl2",592,"Regular (>50bp)",-0.129,0.00472586661920384
"chr16:17094825:17095114:17094903:17095057:RI","RI","ENSMUSG00000055692","Tmem191",289,"Regular (>50bp)",-0.14,0.000709746373298683
"chr19:5548207:5548534:5548329:5548423:RI","RI","ENSMUSG00000056185","Snx32",327,"Regular (>50bp)",-0.133,0.0326657820625489
"chr15:82015624:82018963:82015746:82018781:RI","RI","ENSMUSG00000068114","Ccdc134",3339,"Regular (>50bp)",-0.103,0.00878733550602293
"chr15:75962094:75962391:75962135:75962301:RI","RI","ENSMUSG00000075590","Nrbp2",297,"Regular (>50bp)",-0.176,0.00884626240871949
"chr18:84965958:84967416:84966064:84967318:RI","RI","ENSMUSG00000024645","Timm21",1458,"Regular (>50bp)",-0.128,0.00148640756890595
"chr17:26048915:26049180:26049035:26049112:RI","RI","ENSMUSG00000025736","Jmjd8",265,"Regular (>50bp)",0.205,0.0301995625922877
"chrX:72943704:72944075:72943789:72943883:RI","RI","ENSMUSG00000031389","Arhgap4",371,"Regular (>50bp)",-0.147,0.00041926708729702
"chr14:52126198:52127092:52126293:52126984:RI","RI","ENSMUSG00000004561","Mettl17",894,"Regular (>50bp)",-0.18,0.0110384056112987
"chr14:51154256:51154960:51154322:51154910:RI","RI","ENSMUSG00000006289","Osgep",704,"Regular (>50bp)",0.26,0.00978032903535364
"chr14:30722634:30722860:30722717:30722800:RI","RI","ENSMUSG00000021917","Spcs1",226,"Regular (>50bp)",-0.149,0.027075756776012
"chr17:35065842:35066300:35065971:35066118:RI","RI","ENSMUSG00000040356","Skic2",458,"Regular (>50bp)",-0.141,3.79263820348647e-11
"chr12:4915136:4916268:4915313:4916158:RI","RI","ENSMUSG00000037336","Mfsd2b",1132,"Regular (>50bp)",-0.163,0.00316482145610635
"chr12:3285510:3287412:3285929:3287346:RI","RI","ENSMUSG00000079179","Rab10os",1902,"Regular (>50bp)",-0.191,0.0100048404638857
"chr11:120511249:120511709:120511330:120511472:RI","RI","ENSMUSG00000025138","Sirt7",460,"Regular (>50bp)",-0.129,3.44666575063568e-07
"chr17:57008022:57009890:57008088:57009762:RI","RI","ENSMUSG00000002372","Ranbp3",1868,"Regular (>50bp)",-0.203,0.0137483619244102
"chr11:94403053:94403603:94403169:94403416:RI","RI","ENSMUSG00000039110","Mycbpap",550,"Regular (>50bp)",-0.182,0.0001006505010544
"chr5:136055323:136057426:136055461:136057355:RI","RI","ENSMUSG00000004947","Dtx2",2103,"Regular (>50bp)",0.188,0.00604876962946596
"chr14:55959300:55959633:55959357:55959509:RI","RI","ENSMUSG00000040472","Rabggta",333,"Regular (>50bp)",-0.229,0.00524398113228743
"chr1:192877132:192877730:192877444:192877582:RI","RI","ENSMUSG00000037318","Traf3ip3",598,"Regular (>50bp)",-0.158,0.036013142268828
"chr6:124978389:124980059:124978611:124978925:RI","RI","ENSMUSG00000030329","Pianp",1670,"Regular (>50bp)",-0.257,0.028811348559065
"chr17:24439225:24439589:24439284:24439495:RI","RI","ENSMUSG00000024118","Tedc2",364,"Regular (>50bp)",-0.145,0.0305090331078632
"chr4:156208432:156208579:156208458:156208548:RI","RI","ENSMUSG00000059939","9430015G10Rik",147,"Regular (>50bp)",-0.111,0.000972539108508488
"chr6:83032109:83032671:83032260:83032486:RI","RI","ENSMUSG00000068328","Aup1",562,"Regular (>50bp)",-0.104,2.05967243261067e-11
"chr5:136161159:136162904:136161282:136162787:RI","RI","ENSMUSG00000029703","Lrwd1",1745,"Regular (>50bp)",-0.253,7.95564629489482e-06
"chr9:49383161:49383843:49383183:49383682:RI","RI","ENSMUSG00000040219","Ttc12",682,"Regular (>50bp)",-0.118,0.0140610320603552
"chr6:119191730:119194940:119192567:119194763:RI","RI","ENSMUSG00000041477","Dcp1b",3210,"Regular (>50bp)",-0.123,0.0317820949335006
"chr19:53920560:53922001:53920636:53921921:RI","RI","ENSMUSG00000084957","Bbip1",1441,"Regular (>50bp)",-0.143,0.00271827712792931
"chr7:126456397:126456959:126456463:126456847:RI","RI","ENSMUSG00000030689","Ino80e",562,"Regular (>50bp)",-0.11,0.0227793212156955
"chr2:32260875:32261420:32261113:32261260:RI","RI","ENSMUSG00000039205","Ciz1",545,"Regular (>50bp)",-0.109,0.000794839277934465
"chr3:108113541:108114425:108113624:108114138:RI","RI","ENSMUSG00000048997","Atxn7l2",884,"Regular (>50bp)",-0.11,0.000125067421802873
"chr4:155553759:155553960:155553803:155553918:RI","RI","ENSMUSG00000023153","Tmem52",201,"Regular (>50bp)",0.361,0.00519728138924144
"chr1:36356284:36356743:36356405:36356690:RI","RI","ENSMUSG00000037447","Arid5a",459,"Regular (>50bp)",-0.102,0.00325707970009173
"chr1:160568321:160568501:160568369:160568453:RI","RI","ENSMUSG00000026721","Rabgap1l",180,"Regular (>50bp)",-0.14,0.00041926708729702
"chr2:26805607:26806018:26805761:26805966:RI","RI","ENSMUSG00000015790","Surf1",411,"Regular (>50bp)",-0.159,0.0307795168678448
"chr2:26805607:26806018:26805796:26805966:RI","RI","ENSMUSG00000015790","Surf1",411,"Regular (>50bp)",-0.143,0.0268324631261363
"chr9:107532454:107532884:107532579:107532783:RI","RI","ENSMUSG00000010064","Slc38a3",430,"Regular (>50bp)",-0.14,0.000225691229839935
"chr1:75527398:75528026:75527579:75527890:RI","RI","ENSMUSG00000006576","Slc4a3",628,"Regular (>50bp)",-0.114,0.00318433761068787
"chr7:80029956:80030640:80030075:80030586:RI","RI","ENSMUSG00000053158","Fes",684,"Regular (>50bp)",-0.112,9.76654536025506e-05
"chr8:71859322:71860393:71859428:71859505:RI","RI","ENSMUSG00000046295","Ankle1",1071,"Regular (>50bp)",-0.105,0.0122531822380788
"chr8:71859505:71860393:71859617:71859856:RI","RI","ENSMUSG00000046295","Ankle1",888,"Regular (>50bp)",-0.105,0.0495828451088875
"chr3:88358651:88359093:88358804:88358994:RI","RI","ENSMUSG00000028064","Sema4a",442,"Regular (>50bp)",-0.251,0.000291015272638129
"chr2:119642540:119643780:119642662:119643643:RI","RI","ENSMUSG00000027298","Tyro3",1240,"Regular (>50bp)",-0.211,0.00867085183605997
"chr5:108827976:108828363:108828072:108828260:RI","RI","ENSMUSG00000033540","Idua",387,"Regular (>50bp)",-0.201,0.0464254383150414
"chr2:121019842:121020446:121019950:121020307:RI","RI","ENSMUSG00000027263","Tubgcp4",604,"Regular (>50bp)",-0.133,0.00587482012474934
"chr7:15912669:15913025:15912720:15912875:RI","RI","ENSMUSG00000041420","Meis3",356,"Regular (>50bp)",-0.101,0.0393636814923913
"chr1:127719341:127723537:127719470:127722991:RI","RI","ENSMUSG00000026349","Ccnt2",4196,"Regular (>50bp)",0.131,0.028811348559065
"chr2:25350456:25350727:25350506:25350666:RI","RI","ENSMUSG00000047617","Paxx",271,"Regular (>50bp)",-0.138,6.38715469403382e-12
"chr7:28069662:28070467:28069922:28070302:RI","RI","ENSMUSG00000037552","Plekhg2",805,"Regular (>50bp)",0.12,0.000310727222626155
"chr7:81178904:81179275:81179006:81179094:RI","RI","ENSMUSG00000097277","2900076A07Rik",371,"Regular (>50bp)",-0.181,0.0305760227902799
"chr1:74422783:74423332:74422903:74423182:RI","RI","ENSMUSG00000026177","Slc11a1",549,"Regular (>50bp)",-0.102,0.0227374019069446
"chr2:180373672:180374365:180373870:180374225:RI","RI","ENSMUSG00000023393","Slc17a9",693,"Regular (>50bp)",-0.154,0.027300807172204
"chr4:116675084:116675479:116675234:116675437:RI","RI","ENSMUSG00000028687","Mutyh",395,"Regular (>50bp)",0.236,0.0271644242222888
"chr7:44781651:44783450:44781836:44783305:RI","RI","ENSMUSG00000110206","Flt3l",1799,"Regular (>50bp)",-0.122,0.00641515873314009
"chr9:50593332:50593926:50593500:50593836:RI","RI","ENSMUSG00000032064","Dixdc1",594,"Regular (>50bp)",-0.105,0.000357925153403674
"chr5:136130097:136130543:136130248:136130478:RI","RI","ENSMUSG00000004952","Rasa4",446,"Regular (>50bp)",-0.157,0.000121357781834491
"chr8:4300466:4300921:4300625:4300848:RI","RI","ENSMUSG00000089736","Tgfbr3l",455,"Regular (>50bp)",-0.16,0.0356460749822249
"chr15:76589186:76589643:76589316:76589390:RI","RI","ENSMUSG00000033762","Recql4",457,"Regular (>50bp)",-0.13,0.00205642632424372
"chr11:16885149:16886564:16885926:16886454:RI","RI","ENSMUSG00000087060","Eldr",1415,"Regular (>50bp)",-0.175,4.83941855531087e-05
"chr3:107801366:107802308:107801524:107802176:RI","RI","ENSMUSG00000086968","4933431E20Rik",942,"Regular (>50bp)",-0.126,1.16904750422473e-05
"chr15:89070374:89071022:89070464:89070956:RI","RI","ENSMUSG00000015377","Dennd6b",648,"Regular (>50bp)",-0.142,0.000145518640025306
"chr11:61383729:61385092:61383895:61384331:RI","RI","ENSMUSG00000001034","Mapk7",1363,"Regular (>50bp)",-0.186,0.0174623359158914
"chr2:153460753:153463739:153461432:153463689:RI","RI","ENSMUSG00000056941","Commd7",2986,"Regular (>50bp)",0.272,0.00924099567793603
"chr8:83491483:83493402:83491601:83493297:RI","RI","ENSMUSG00000031711","Zfp330",1919,"Regular (>50bp)",0.412,7.14985882623362e-07
"chr6:125000995:125002045:125001233:125001708:RI","RI","ENSMUSG00000038346","Zfp384",1050,"Regular (>50bp)",0.393,0.000504050831118012
"chr6:124827880:124828094:124827948:124828041:RI","RI","ENSMUSG00000023191","P3h3",214,"Regular (>50bp)",-0.14,0.000367765371165464
"chr6:145160247:145160997:145160510:145160909:RI","RI","ENSMUSG00000040370","Etfrf1",750,"Regular (>50bp)",-0.179,0.00942109149619756
"chr14:55742856:55743116:55742923:55743026:RI","RI","ENSMUSG00000022211","Carmil3",260,"Regular (>50bp)",-0.143,0.000366748870862226
"chr10:81475861:81476646:81475969:81476601:RI","RI","ENSMUSG00000054708","Ankrd24",785,"Regular (>50bp)",-0.134,0.00735769809293049
"chr7:79970049:79970929:79970446:79970609:RI","RI","ENSMUSG00000038930","Rccd1",880,"Regular (>50bp)",-0.149,0.0480644844803339
"chr15:76305339:76308035:76305413:76307915:RI","RI","ENSMUSG00000022558","Mroh1",2696,"Regular (>50bp)",-0.103,2.71802851945387e-06
"chr2:26807439:26809067:26807543:26808876:RI","RI","ENSMUSG00000014873","Surf2",1628,"Regular (>50bp)",-0.121,0.031735244833452
"chr2:26807439:26809067:26807543:26808940:RI","RI","ENSMUSG00000014873","Surf2",1628,"Regular (>50bp)",-0.106,0.00060563470719815
"chr7:139619238:139620515:139619358:139620155:RI","RI","ENSMUSG00000025470","Zfp511",1277,"Regular (>50bp)",-0.106,0.000531414879838601
"chr7:140466300:140466758:140466335:140466714:RI","RI","ENSMUSG00000025487","Psmd13",458,"Regular (>50bp)",-0.206,0.00167648337328198
"chr7:140671087:140671905:140671414:140671715:RI","RI","ENSMUSG00000025494","Sigirr",818,"Regular (>50bp)",-0.282,0.000579247121560944
"chr7:140776894:140778274:140777082:140778186:RI","RI","ENSMUSG00000038637","Lrrc56",1380,"Regular (>50bp)",-0.178,0.000955703180094763
"chr11:72928020:72928451:72928094:72928363:RI","RI","ENSMUSG00000020785","Camkk1",431,"Regular (>50bp)",-0.107,0.00316717934505145
"chr8:71363588:71365297:71363693:71365156:RI","RI","ENSMUSG00000019261","Map1s",1709,"Regular (>50bp)",-0.154,0.00484527900708301
"chr8:110402007:110403482:110402056:110403389:RI","RI","ENSMUSG00000031729","Ist1",1475,"Regular (>50bp)",-0.132,4.52241662921251e-12
"chr10:127010152:127010770:127010259:127010674:RI","RI","ENSMUSG00000040441","Slc26a10",618,"Regular (>50bp)",-0.105,0.00493589086652944
"chr2:25348315:25348788:25348491:25348576:RI","RI","ENSMUSG00000015093","Clic3",473,"Regular (>50bp)",0.2,0.0328094311721263
"chr15:79131464:79132496:79131515:79132351:RI","RI","ENSMUSG00000068206","Pick1",1032,"Regular (>50bp)",-0.112,5.77238982168904e-09
"chr10:79756528:79757081:79756664:79756848:RI","RI","ENSMUSG00000035773","Kiss1r",553,"Regular (>50bp)",-0.231,0.000153697280613771
"chr11:116425674:116426000:116425827:116425905:RI","RI","ENSMUSG00000061878","Sphk1",326,"Regular (>50bp)",0.101,0.00561547302695645
"chr10:80539563:80539762:80539590:80539686:RI","RI","ENSMUSG00000055862","Izumo4",199,"Regular (>50bp)",-0.109,0.0337091867878429
"chr2:25244904:25245965:25245040:25245825:RI","RI","ENSMUSG00000026958","Dpp7",1061,"Regular (>50bp)",-0.158,6.92684024645283e-05
"chr5:122929670:122929997:122929798:122929889:RI","RI","ENSMUSG00000029472","Anapc5",327,"Regular (>50bp)",-0.108,0.017049232510006
"chr11:3083071:3085542:3083207:3084625:RI","RI","ENSMUSG00000023764","Sfi1",2471,"Regular (>50bp)",-0.143,0.00032334952964401
"chr10:105678402:105681310:105678709:105681210:RI","RI","ENSMUSG00000019897","Ccdc59",2908,"Regular (>50bp)",-0.111,7.55567837048327e-07
"chr11:16903141:16903681:16903253:16903348:RI","RI","ENSMUSG00000044966","Fbxo48",540,"Regular (>50bp)",-0.156,0.0232611548690595
"chr4:155743350:155743722:155743458:155743579:RI","RI","ENSMUSG00000029060","Mib2",372,"Regular (>50bp)",-0.101,0.000806005043630708
"chr3:89130309:89130830:89130469:89130711:RI","RI","ENSMUSG00000028047","Thbs3",521,"Regular (>50bp)",-0.115,0.00457159489428158
"chr11:78061438:78062124:78061620:78061698:RI","RI","ENSMUSG00000017405","Nek8",686,"Regular (>50bp)",0.107,0.00288032403013447
