"event_key","event_type","GeneID","geneSymbol","exon_length","size_category","dPSI","FDR"
"chrJH584304.1:56985:57151:55701:59591:SE","SE","ENSMUSG00000095041","ENSMUSG00000095041",166,"Regular (>50bp)",-0.115,2.23977840969747e-06
"chrX:164961529:164961638:164953546:164961787:SE","SE","ENSMUSG00000040621","Gemin8",109,"Regular (>50bp)",0.158,0.0180314590837754
"chrX:150586751:150586798:150586565:150587441:SE","SE","ENSMUSG00000025261","Huwe1",47,"Small (30-50bp)",0.183,0.00141797295325857
"chrX:150587441:150587536:150586565:150589267:SE","SE","ENSMUSG00000025261","Huwe1",95,"Regular (>50bp)",-0.103,0.0032201028538228
"chrX:150587441:150587536:150586565:150589271:SE","SE","ENSMUSG00000025261","Huwe1",95,"Regular (>50bp)",-0.111,0.0180475924478087
"chrX:150355361:150355664:150353427:150356408:SE","SE","ENSMUSG00000041229","Phf8",303,"Regular (>50bp)",-0.162,5.82565132619382e-05
"chrX:138892264:138892336:138869348:138894046:SE","SE","ENSMUSG00000031433","Rbm41",72,"Regular (>50bp)",-0.106,0.0303375965092825
"chrX:135661166:135661324:135660667:135689269:SE","SE","ENSMUSG00000087368","BC065397",158,"Regular (>50bp)",-0.114,0.00648505783723075
"chrX:132973426:132973513:132973223:132973884:SE","SE","ENSMUSG00000031256","Cstf2",87,"Regular (>50bp)",-0.291,4.17755326674286e-09
"chrX:132973426:132973513:132973223:132973962:SE","SE","ENSMUSG00000031256","Cstf2",87,"Regular (>50bp)",-0.167,3.0090896213522e-09
"chrX:84637257:84637360:84619216:84652998:SE","SE","ENSMUSG00000035476","Tab3",103,"Regular (>50bp)",0.119,0.00223357259034471
"chrX:73332267:73332320:73332119:73332710:SE","SE","ENSMUSG00000009995","Tafazzin",53,"Regular (>50bp)",-0.184,2.0346835167399e-08
"chrX:7758378:7759654:7756002:7760429:SE","SE","ENSMUSG00000031156","Slc35a2",1276,"Regular (>50bp)",-0.102,0.000336218499461787
"chrX:7666774:7666822:7666580:7667415:SE","SE","ENSMUSG00000031153","Gripap1",48,"Small (30-50bp)",-0.161,0
"chrX:7669832:7669925:7669639:7670598:SE","SE","ENSMUSG00000031153","Gripap1",93,"Regular (>50bp)",-0.139,6.63011849973594e-10
"chr19:45411571:45411679:45352713:45444971:SE","SE","ENSMUSG00000025217","Btrc",108,"Regular (>50bp)",-0.135,1.08455768614005e-10
"chr19:45003292:45003392:45002984:45009825:SE","SE","ENSMUSG00000035342","Lzts2",100,"Regular (>50bp)",0.455,5.53412016750923e-05
"chr19:41928295:41928343:41928172:41929088:SE","SE","ENSMUSG00000025157","Zdhhc16",48,"Small (30-50bp)",-0.135,0.000496877625633642
"chr19:38045857:38046014:38043765:38046236:SE","SE","ENSMUSG00000024989","Cep55",157,"Regular (>50bp)",-0.124,0.034822690749331
"chr19:21757534:21757616:21756150:21770001:SE","SE","ENSMUSG00000024754","Cemip2",82,"Regular (>50bp)",0.115,0.000197172422920368
"chr19:10399120:10399252:10395406:10412913:SE","SE","ENSMUSG00000024743","Syt7",132,"Regular (>50bp)",0.118,2.46393202228475e-05
"chr19:10407701:10407824:10404031:10412913:SE","SE","ENSMUSG00000024743","Syt7",123,"Regular (>50bp)",0.13,0.0111636550323676
"chr19:6425687:6425892:6424638:6426325:SE","SE","ENSMUSG00000024949","Sf1",205,"Regular (>50bp)",-0.399,5.28990447639483e-06
"chr19:5770999:5771035:5770905:5771469:SE","SE","ENSMUSG00000024937","Ehbp1l1",36,"Small (30-50bp)",-0.13,0.0450993558037683
"chr19:5658829:5658985:5658740:5659263:SE","SE","ENSMUSG00000024926","Kat5",156,"Regular (>50bp)",-0.139,4.70464776275041e-05
"chr19:4338439:4338535:4338013:4338619:SE","SE","ENSMUSG00000024858","Grk2",96,"Regular (>50bp)",-0.157,0
"chr19:4317774:4318002:4316665:4318572:SE","SE","ENSMUSG00000034616","Ssh3",228,"Regular (>50bp)",-0.213,0.000151679272847905
"chr19:4317774:4318006:4316665:4318572:SE","SE","ENSMUSG00000034616","Ssh3",232,"Regular (>50bp)",-0.136,0.000226511019656802
"chrX:100459772:100460067:100459544:100460514:SE","SE","ENSMUSG00000031310","Zmym3",295,"Regular (>50bp)",-0.157,0
"chrX:100461878:100462558:100460936:100463303:SE","SE","ENSMUSG00000031310","Zmym3",680,"Regular (>50bp)",-0.172,0
"chrX:100462400:100462558:100460936:100463303:SE","SE","ENSMUSG00000031310","Zmym3",158,"Regular (>50bp)",-0.201,0
"chr19:4225003:4225030:4223219:4225392:SE","SE","ENSMUSG00000075289","Carns1",27,"Microexon (0-30bp)",0.185,0.0411710677011618
"chr18:88905115:88905189:88810896:88905332:SE","SE","ENSMUSG00000056153","Socs6",74,"Regular (>50bp)",0.353,7.41139779483175e-08
"chr18:67611019:67611131:67610136:67612137:SE","SE","ENSMUSG00000024530","Prelid3a",112,"Regular (>50bp)",-0.203,0.0015288687022046
"chr18:61938707:61938715:61938217:61939457:SE","SE","ENSMUSG00000032735","Ablim3",8,"Microexon (0-30bp)",-0.145,0.00680940737724422
"chr19:27960253:27960346:27878303:27988371:SE","SE","ENSMUSG00000040929","Rfx3",93,"Regular (>50bp)",0.134,0.00273950414669109
"chr18:38430518:38430628:38429851:38433481:SE","SE","ENSMUSG00000060450","Rnf14",110,"Regular (>50bp)",-0.153,0.00938677907683888
"chr18:36922209:36922337:36921317:36923186:SE","SE","ENSMUSG00000019143","Hars2",128,"Regular (>50bp)",-0.179,0.000544633605833699
"chr18:35872977:35873001:35872630:35873359:SE","SE","ENSMUSG00000024349","Sting1",24,"Microexon (0-30bp)",-0.252,0.0067723244443014
"chr18:35733097:35733170:35731812:35746375:SE","SE","ENSMUSG00000037058","Paip2",73,"Regular (>50bp)",0.236,0.00308228547105595
"chr18:35625911:35626019:35571433:35626197:SE","SE","ENSMUSG00000024357","Sil1",108,"Regular (>50bp)",-0.203,0.0235341333076469
"chr18:34592409:34592475:34590927:34595113:SE","SE","ENSMUSG00000036501","Fam13b",66,"Regular (>50bp)",0.116,0
"chr18:32563802:32563910:32562776:32565035:SE","SE","ENSMUSG00000024381","Bin1",108,"Regular (>50bp)",-0.168,5.60443015233383e-05
"chr18:6115813:6115850:6070091:6135803:SE","SE","ENSMUSG00000041225","Arhgap12",37,"Small (30-50bp)",0.116,0.0490154190451444
"chr17:66349527:66349596:66344634:66356780:SE","SE","ENSMUSG00000034647","Ankrd12",69,"Regular (>50bp)",0.138,9.80650514915959e-09
"chr17:56966528:56966581:56965151:56967170:SE","SE","ENSMUSG00000040828","Catsperd",53,"Regular (>50bp)",-0.263,0.00117353483279512
"chr17:56733386:56733504:56731977:56741452:SE","SE","ENSMUSG00000013236","Ptprs",118,"Regular (>50bp)",0.135,0
"chr17:56734790:56734817:56733504:56734938:SE","SE","ENSMUSG00000013236","Ptprs",27,"Microexon (0-30bp)",-0.124,0
"chr17:56199757:56199860:56199186:56202820:SE","SE","ENSMUSG00000003198","Zfp959",103,"Regular (>50bp)",0.291,3.9339154757188e-06
"chr17:85322836:85322863:85312994:85330459:SE","SE","ENSMUSG00000061130","Ppm1b",27,"Microexon (0-30bp)",0.145,0.00672431491383747
"chr19:35865634:35865860:35818729:35900886:SE","SE","ENSMUSG00000094707","A830019P07Rik",226,"Regular (>50bp)",0.197,4.17895702909678e-05
"chr17:46575019:46575116:46574739:46575808:SE","SE","ENSMUSG00000012296","Tjap1",97,"Regular (>50bp)",-0.127,0.000192407295570125
"chr17:46473959:46474139:46472217:46474408:SE","SE","ENSMUSG00000023952","Gtpbp2",180,"Regular (>50bp)",0.129,0.00771491931129666
"chr17:45904257:45904358:45901264:45906407:SE","SE","ENSMUSG00000023942","Slc29a1",101,"Regular (>50bp)",0.117,1.78279092179806e-05
"chr17:45904257:45904489:45903187:45910398:SE","SE","ENSMUSG00000023942","Slc29a1",232,"Regular (>50bp)",0.101,0.0290812604036087
"chr17:36431076:36431324:36430356:36431506:SE","SE","ENSMUSG00000079491","H2-T10",248,"Regular (>50bp)",-0.245,2.74560092304994e-07
"chr17:35361473:35361581:35361360:35361702:SE","SE","ENSMUSG00000024392","Bag6",108,"Regular (>50bp)",-0.147,5.77770677694356e-13
"chr17:34819324:34819351:34819111:34819468:SE","SE","ENSMUSG00000015452","Ager",27,"Microexon (0-30bp)",-0.122,0.0171914712868452
"chr17:31144491:31144651:31143628:31148910:SE","SE","ENSMUSG00000024027","Glp1r",160,"Regular (>50bp)",-0.102,0.0127620577758632
"chr17:29421828:29421879:29421542:29423662:SE","SE","ENSMUSG00000024008","Cpne5",51,"Regular (>50bp)",-0.14,0.00699309370813126
"chr17:29354788:29354879:29352786:29356952:SE","SE","ENSMUSG00000064147","Rab44",91,"Regular (>50bp)",-0.114,0.00452632616064273
"chr17:29355240:29355336:29352786:29356952:SE","SE","ENSMUSG00000064147","Rab44",96,"Regular (>50bp)",-0.126,0.000624453833887834
"chr17:29176852:29177031:29171731:29180387:SE","SE","ENSMUSG00000005936","Kctd20",179,"Regular (>50bp)",0.186,0.000310698993278985
"chr17:27562274:27562556:27561495:27562757:SE","SE","ENSMUSG00000073430","Gm10505",282,"Regular (>50bp)",-0.239,0.00187057145295122
"chr17:27240636:27240656:27240321:27241412:SE","SE","ENSMUSG00000057789","Bak1",20,"Microexon (0-30bp)",-0.298,0
"chr17:27241224:27241314:27237144:27244310:SE","SE","ENSMUSG00000048731","Ggnbp1",90,"Regular (>50bp)",0.301,0.00745152073852607
"chr17:27186654:27186734:27185947:27189472:SE","SE","ENSMUSG00000067629","Syngap1",80,"Regular (>50bp)",-0.161,6.06615071127103e-08
"chr17:26179038:26179205:26178959:26179310:SE","SE","ENSMUSG00000037326","Capn15",167,"Regular (>50bp)",-0.262,0.000279005037004893
"chr17:26150435:26150547:26150012:26153731:SE","SE","ENSMUSG00000025728","Pigq",112,"Regular (>50bp)",-0.158,2.52250847565998e-12
"chr17:26150435:26150647:26150012:26153731:SE","SE","ENSMUSG00000025728","Pigq",212,"Regular (>50bp)",-0.172,8.23979773301535e-12
"chr17:26150647:26151205:26150012:26153731:SE","SE","ENSMUSG00000025728","Pigq",558,"Regular (>50bp)",-0.253,2.58657996923983e-05
"chr17:24820362:24820431:24819439:24821067:SE","SE","ENSMUSG00000002496","Tsc2",69,"Regular (>50bp)",-0.136,0.00016420310232901
"chr17:31871475:31871542:31867868:31877626:SE","SE","ENSMUSG00000061613","U2af1",67,"Regular (>50bp)",0.146,1.32161787376965e-06
"chr17:23989208:23989306:23982292:23990388:SE","SE","ENSMUSG00000040097","Flywch1",98,"Regular (>50bp)",0.289,0
"chr17:21789310:21789389:21787507:21794118:SE","SE","ENSMUSG00000067931","Zfp948",79,"Regular (>50bp)",0.128,9.00811004318081e-08
"chr17:18051335:18051524:18047589:18052320:SE","SE","ENSMUSG00000080316","Spaca6",189,"Regular (>50bp)",-0.21,0.000482402194760032
"chr17:15206035:15206172:15205177:15206979:SE","SE","ENSMUSG00000116953","9030025P20Rik",137,"Regular (>50bp)",-0.144,0.000971842292938529
"chr17:6172102:6172619:6156857:6187485:SE","SE","ENSMUSG00000034377","Tulp4",517,"Regular (>50bp)",-0.497,0.000230168188191636
"chr17:5851473:5851616:5849035:5852987:SE","SE","ENSMUSG00000096965","3300005D01Rik",143,"Regular (>50bp)",-0.189,4.52761380502343e-07
"chr17:5851473:5851616:5850268:5852987:SE","SE","ENSMUSG00000096965","3300005D01Rik",143,"Regular (>50bp)",-0.116,8.64525148203521e-05
"chr16:92275500:92275856:92267965:92293937:SE","SE","ENSMUSG00000051297","2410124H12Rik",356,"Regular (>50bp)",-0.137,0.00527934160890402
"chr16:92288901:92289063:92267965:92293937:SE","SE","ENSMUSG00000051297","2410124H12Rik",162,"Regular (>50bp)",-0.151,0.00263253452481482
"chr16:92288901:92289063:92275856:92293937:SE","SE","ENSMUSG00000051297","2410124H12Rik",162,"Regular (>50bp)",-0.209,6.47204161820732e-05
"chrX:36511141:36511190:36510874:36513113:SE","SE","ENSMUSG00000051827","Rhox2a",49,"Small (30-50bp)",-0.265,0.0194447861296908
"chr16:52006711:52006843:52006595:52009375:SE","SE","ENSMUSG00000022637","Cblb",132,"Regular (>50bp)",-0.2,0.000433210228190776
"chr16:49728416:49728441:49727175:49731231:SE","SE","ENSMUSG00000055447","Cd47",25,"Microexon (0-30bp)",-0.137,1.9594570408698e-08
"chr16:49729065:49729098:49727175:49731231:SE","SE","ENSMUSG00000055447","Cd47",33,"Small (30-50bp)",-0.186,7.70420377242862e-05
"chr16:45484534:45484645:45483748:45487914:SE","SE","ENSMUSG00000033177","Tmprss7",111,"Regular (>50bp)",0.126,0.00920011367114903
"chr16:44019475:44019530:44019384:44020976:SE","SE","ENSMUSG00000068284","Usf3",55,"Regular (>50bp)",-0.103,0.00284959375323349
"chr16:32484703:32484774:32463926:32488204:SE","SE","ENSMUSG00000022791","Tnk2",71,"Regular (>50bp)",0.327,3.73231324444531e-05
"chr16:30609387:30609532:30608825:30612012:SE","SE","ENSMUSG00000116570","Gm49754",145,"Regular (>50bp)",-0.252,0.0105944547275268
"chr16:22931100:22931207:22930646:22931916:SE","SE","ENSMUSG00000022884","Eif4a2",107,"Regular (>50bp)",0.111,2.25506611343497e-10
"chr16:22077614:22078011:22073867:22084490:SE","SE","ENSMUSG00000022858","Tra2b",397,"Regular (>50bp)",-0.175,0
"chr16:22077735:22078011:22073867:22084490:SE","SE","ENSMUSG00000022858","Tra2b",276,"Regular (>50bp)",-0.193,3.13897056497055e-14
"chr18:10626948:10627017:10623707:10639533:SE","SE","ENSMUSG00000002477","Snrpd1",69,"Regular (>50bp)",-0.108,8.64525148203521e-05
"chr16:21625720:21625869:21614725:21627427:SE","SE","ENSMUSG00000097290","1300002E11Rik",149,"Regular (>50bp)",-0.102,0.00479052707319818
"chr16:20409104:20409281:20409031:20409422:SE","SE","ENSMUSG00000046613","Vwa5b2",177,"Regular (>50bp)",-0.172,0.0287741506516248
"chr16:20414924:20415080:20414570:20415769:SE","SE","ENSMUSG00000046613","Vwa5b2",156,"Regular (>50bp)",-0.141,8.13939243889258e-06
"chr16:19920741:19920804:19916421:19925412:SE","SE","ENSMUSG00000062901","Klhl24",63,"Regular (>50bp)",0.104,0.0103725740400822
"chr16:18714652:18714796:18713586:18715203:SE","SE","ENSMUSG00000022702","Hira",144,"Regular (>50bp)",-0.109,3.14369242366577e-05
"chr16:16895638:16895918:16888227:16899461:SE","SE","ENSMUSG00000022773","Ypel1",280,"Regular (>50bp)",-0.122,0.000330424867935669
"chr16:16308286:16308470:16302461:16321960:SE","SE","ENSMUSG00000022788","Fgd4",184,"Regular (>50bp)",0.128,0.0225210687912237
"chr16:16136308:16136341:16134642:16136627:SE","SE","ENSMUSG00000022789","Dnm1l",33,"Small (30-50bp)",-0.131,2.34153690679121e-07
"chr16:16136308:16136341:16134642:16137315:SE","SE","ENSMUSG00000022789","Dnm1l",33,"Small (30-50bp)",-0.264,0
"chr16:16136627:16136705:16134642:16137315:SE","SE","ENSMUSG00000022789","Dnm1l",78,"Regular (>50bp)",-0.34,0
"chr16:16136627:16136705:16136341:16137315:SE","SE","ENSMUSG00000022789","Dnm1l",78,"Regular (>50bp)",-0.135,9.23376674345307e-06
"chr16:10245921:10245975:10245336:10246522:SE","SE","ENSMUSG00000050908","Tvp23a",54,"Regular (>50bp)",0.105,0.0172732859767411
"chr15:103123448:103123548:103121681:103123694:SE","SE","ENSMUSG00000009575","Cbx5",100,"Regular (>50bp)",0.311,0.00128737049294719
"chr15:103123448:103123552:103121681:103123694:SE","SE","ENSMUSG00000009575","Cbx5",104,"Regular (>50bp)",0.321,0.0014298572307188
"chrX:40986668:40986727:40953072:41000677:SE","SE","ENSMUSG00000037475","Thoc2",59,"Regular (>50bp)",-0.231,0.0097359286925878
"chr15:102417724:102417813:102414003:102425222:SE","SE","ENSMUSG00000023050","Map3k12",89,"Regular (>50bp)",0.115,0.0216014315515601
"chr15:102418353:102418440:102414003:102425222:SE","SE","ENSMUSG00000023050","Map3k12",87,"Regular (>50bp)",0.171,0.0185884838429135
"chr15:102097321:102097397:102097114:102111571:SE","SE","ENSMUSG00000023044","Csad",76,"Regular (>50bp)",0.143,0.0037533753006842
"chr15:102097321:102097397:102097114:102112573:SE","SE","ENSMUSG00000023044","Csad",76,"Regular (>50bp)",0.135,0.0216734952991413
"chr15:97706540:97706651:97706414:97706847:SE","SE","ENSMUSG00000022475","Hdac7",111,"Regular (>50bp)",-0.378,9.60064946502414e-10
"chr17:46090184:46090317:46087344:46097034:SE","SE","ENSMUSG00000097727","F630040K05Rik",133,"Regular (>50bp)",0.389,3.59910046937619e-06
"chr15:89010832:89010909:89010640:89011071:SE","SE","ENSMUSG00000062906","Hdac10",77,"Regular (>50bp)",-0.108,2.82998662966219e-05
"chr17:8537675:8537762:8530117:8539431:SE","SE","ENSMUSG00000073468","Sft2d1",87,"Regular (>50bp)",0.266,0.0251027115933998
"chr15:76545679:76545818:76545584:76545926:SE","SE","ENSMUSG00000004187","Kifc2",139,"Regular (>50bp)",-0.114,5.4355347062181e-06
"chr15:76550428:76550550:76550333:76550646:SE","SE","ENSMUSG00000004187","Kifc2",122,"Regular (>50bp)",-0.102,0.00324266393104662
"chr15:76131839:76131937:76131100:76132050:SE","SE","ENSMUSG00000022564","Grina",98,"Regular (>50bp)",-0.121,0
"chr15:76132648:76132849:76131100:76133177:SE","SE","ENSMUSG00000022564","Grina",201,"Regular (>50bp)",-0.271,0.00279019966061005
"chr15:75919770:75919845:75919521:75919963:SE","SE","ENSMUSG00000022568","Scrib",75,"Regular (>50bp)",-0.168,4.81136874308379e-07
"chr15:73236889:73237044:73215208:73294857:SE","SE","ENSMUSG00000022607","Ptk2",155,"Regular (>50bp)",-0.124,0.00293072824508913
"chr15:73263607:73263729:73202864:73266496:SE","SE","ENSMUSG00000022607","Ptk2",122,"Regular (>50bp)",-0.143,0.0468979104394288
"chr15:66495609:66495732:66494666:66495840:SE","SE","ENSMUSG00000072501","Phf20l1",123,"Regular (>50bp)",-0.277,3.44219544020406e-08
"chr15:64025692:64025701:64024779:64030730:SE","SE","ENSMUSG00000022377","Asap1",9,"Microexon (0-30bp)",-0.105,3.36458407431524e-12
"chr15:64025692:64025701:64024779:64030766:SE","SE","ENSMUSG00000022377","Asap1",9,"Microexon (0-30bp)",-0.223,1.06657471876529e-08
"chr15:62031845:62031977:61910050:62047315:SE","SE","ENSMUSG00000097039","Pvt1",132,"Regular (>50bp)",-0.118,0.0334578316845123
"chr15:62031845:62031977:62021201:62047315:SE","SE","ENSMUSG00000097039","Pvt1",132,"Regular (>50bp)",-0.138,0.00304070441608889
"chr15:62047612:62047775:62047397:62094585:SE","SE","ENSMUSG00000097039","Pvt1",163,"Regular (>50bp)",-0.193,0.00173356617197294
"chr15:58781421:58781498:58777660:58792988:SE","SE","ENSMUSG00000050891","Tatdn1",77,"Regular (>50bp)",-0.109,0.0278656225029362
"chr15:57786352:57786531:57775787:57799486:SE","SE","ENSMUSG00000022364","Tbc1d31",179,"Regular (>50bp)",0.285,0.000181330356383035
"chr15:39398233:39398413:39374770:39399267:SE","SE","ENSMUSG00000037386","Rims2",180,"Regular (>50bp)",0.12,0.000735927263056296
"chr15:31606056:31606334:31602295:31617016:SE","SE","ENSMUSG00000039065","Atpsckmt",278,"Regular (>50bp)",0.191,0.000141988828635254
"chr15:27748006:27748228:27744286:27748545:SE","SE","ENSMUSG00000022263","Trio",222,"Regular (>50bp)",0.112,2.42694366486411e-05
"chr15:5061368:5061615:5052181:5063667:SE","SE","ENSMUSG00000079105","C7",247,"Regular (>50bp)",-0.153,0.00420360995311163
"chr14:105828581:105830733:105827107:105831014:SE","SE","ENSMUSG00000115149","9330188P03Rik",2152,"Regular (>50bp)",-0.181,3.57095885322136e-06
"chr14:105830125:105830733:105827107:105831014:SE","SE","ENSMUSG00000115149","9330188P03Rik",608,"Regular (>50bp)",-0.148,9.89575302218305e-05
"chr14:77506246:77506317:77394482:77549498:SE","SE","ENSMUSG00000022012","Enox1",71,"Regular (>50bp)",0.115,0.000352031808409297
"chr15:57895379:57895475:57894496:57932714:SE","SE","ENSMUSG00000022362","Gm29394",96,"Regular (>50bp)",0.125,3.79658950090483e-11
"chr14:70315472:70315525:70315047:70316344:SE","SE","ENSMUSG00000033730","Egr3",53,"Regular (>50bp)",0.126,0.000400727200939585
"chr14:66596127:66596180:66595486:66598523:SE","SE","ENSMUSG00000022044","Stmn4",53,"Regular (>50bp)",0.11,6.8547636495382e-05
"chr14:65317828:65317964:65315638:65335445:SE","SE","ENSMUSG00000021978","Extl3",136,"Regular (>50bp)",-0.177,0.00569017633956203
"chr14:59674885:59675214:59668717:59678035:SE","SE","ENSMUSG00000071350","Setdb2",329,"Regular (>50bp)",-0.191,0.00609258478316852
"chr14:57048196:57048316:57048053:57049048:SE","SE","ENSMUSG00000040123","Zmym5",120,"Regular (>50bp)",-0.257,2.72650929155964e-05
"chrX:72949762:72949825:72949469:72950034:SE","SE","ENSMUSG00000031389","Arhgap4",63,"Regular (>50bp)",-0.256,0.00549118627373868
"chr14:54890670:54890735:54889315:54890991:SE","SE","ENSMUSG00000022185","Acin1",65,"Regular (>50bp)",0.106,2.27821930614206e-06
"chr14:54890670:54890774:54889315:54890991:SE","SE","ENSMUSG00000022185","Acin1",104,"Regular (>50bp)",0.125,5.79776064955045e-07
"chr14:54916199:54916319:54904618:54916697:SE","SE","ENSMUSG00000022185","Acin1",120,"Regular (>50bp)",-0.15,8.09842922932222e-06
"chr14:52439600:52439780:52439204:52439960:SE","SE","ENSMUSG00000053754","Chd8",180,"Regular (>50bp)",-0.146,3.5459543347679e-12
"chr14:52252404:52252509:52247515:52257204:SE","SE","ENSMUSG00000049295","Zfp219",105,"Regular (>50bp)",-0.138,0.00457183343929406
"chr16:4775831:4776030:4775626:4781983:SE","SE","ENSMUSG00000022515","Anks3",199,"Regular (>50bp)",-0.109,0.00367992813426096
"chr16:4778260:4778432:4775626:4781983:SE","SE","ENSMUSG00000022515","Anks3",172,"Regular (>50bp)",-0.107,0.0014191973992394
"chr14:51129831:51130756:51129742:51133904:SE","SE","ENSMUSG00000090799","Klhl33",925,"Regular (>50bp)",-0.217,0.0280012225533749
"chr14:57880791:57880946:57880680:57885875:SE","SE","ENSMUSG00000021952","Xpo4",155,"Regular (>50bp)",-0.152,0.000122946455953211
"chr14:32238903:32239335:32235556:32248105:SE","SE","ENSMUSG00000054051","Ercc6",432,"Regular (>50bp)",-0.136,0.000684350234777259
"chr14:61436051:61436078:61430928:61440146:SE","SE","ENSMUSG00000048279","Sacs",27,"Microexon (0-30bp)",0.166,0.0455419660223283
"chr14:24544119:24544137:24543561:24545842:SE","SE","ENSMUSG00000025290","Rps24",18,"Microexon (0-30bp)",-0.36,0
"chr14:20631524:20631695:20627654:20633389:SE","SE","ENSMUSG00000034235","Usp54",171,"Regular (>50bp)",-0.221,0.00163920755991979
"chr14:20427842:20428067:20425681:20428467:SE","SE","ENSMUSG00000039599","Fam149b",225,"Regular (>50bp)",-0.112,0.000602324603802264
"chr19:44514654:44514754:44514093:44515043:SE","SE","ENSMUSG00000051984","Sec31b",100,"Regular (>50bp)",-0.138,0.0177730572840249
"chr14:4191594:4191852:4191392:4192727:SE","SE","ENSMUSG00000021772","Nkiras1",258,"Regular (>50bp)",-0.111,0.0103264444612108
"chr13:119601100:119601226:119599655:119602546:SE","SE","ENSMUSG00000062822","4833420G17Rik",126,"Regular (>50bp)",0.145,2.3949052893392e-09
"chr13:119601100:119601226:119599655:119602609:SE","SE","ENSMUSG00000062822","4833420G17Rik",126,"Regular (>50bp)",0.154,0.00220369590099262
"chr13:108312338:108312440:108312154:108314150:SE","SE","ENSMUSG00000021694","Ercc8",102,"Regular (>50bp)",-0.143,0.0280012225533749
"chr13:104489265:104489371:104483899:104503301:SE","SE","ENSMUSG00000046169","Adamts6",106,"Regular (>50bp)",-0.234,0.000566033838924518
"chr13:104581651:104581719:104581461:104582123:SE","SE","ENSMUSG00000046169","Adamts6",68,"Regular (>50bp)",-0.386,0.00925663736939421
"chr13:104288672:104288690:104286691:104290803:SE","SE","ENSMUSG00000021711","Trappc13",18,"Microexon (0-30bp)",-0.113,0.000914081619341403
"chr19:55743445:55743514:55731629:55806195:SE","SE","ENSMUSG00000024985","Tcf7l2",69,"Regular (>50bp)",0.16,0.0391099382053929
"chr19:55914408:55914481:55912376:55919865:SE","SE","ENSMUSG00000024985","Tcf7l2",73,"Regular (>50bp)",0.198,0.00900541194774358
"chr19:55914408:55914481:55913012:55919865:SE","SE","ENSMUSG00000024985","Tcf7l2",73,"Regular (>50bp)",0.168,0.02138329801425
"chr19:55916161:55916186:55914481:55919865:SE","SE","ENSMUSG00000024985","Tcf7l2",25,"Microexon (0-30bp)",-0.197,0.00635973075347412
"chr13:89851036:89853916:89833311:89860323:SE","SE","ENSMUSG00000021614","Vcan",2880,"Regular (>50bp)",0.46,0.000385729549511172
"chr13:64353311:64353397:64349262:64356920:SE","SE","ENSMUSG00000033102","Cdc14b",86,"Regular (>50bp)",-0.118,0.0368972728992684
"chr15:99199667:99199865:99193309:99201163:SE","SE","ENSMUSG00000023007","Prpf40b",198,"Regular (>50bp)",-0.121,0.0058226609798991
"chr13:59926565:59926629:59920673:59929831:SE","SE","ENSMUSG00000035248","Tut7",64,"Regular (>50bp)",0.2,1.23554903789364e-08
"chr13:59926950:59927015:59926629:59929831:SE","SE","ENSMUSG00000035248","Tut7",65,"Regular (>50bp)",-0.106,0.00052135241728138
"chr13:55712332:55712393:55691602:55718587:SE","SE","ENSMUSG00000021495","Fam193b",61,"Regular (>50bp)",0.144,0.00381295193590217
"chr19:3921002:3921062:3914759:3925734:SE","SE","ENSMUSG00000024843","Chka",60,"Regular (>50bp)",0.13,2.59457583068219e-05
"chr13:36042058:36042231:36000558:36055560:SE","SE","ENSMUSG00000059288","Cdyl",173,"Regular (>50bp)",-0.187,0.000250423747500242
"chr16:20553611:20553712:20553523:20553866:SE","SE","ENSMUSG00000006958","Chrd",101,"Regular (>50bp)",-0.387,0.000129799836426995
"chr16:20553655:20553719:20553523:20553866:SE","SE","ENSMUSG00000006958","Chrd",64,"Regular (>50bp)",-0.354,0.0105224860836707
"chr13:30378518:30378664:30320745:30386307:SE","SE","ENSMUSG00000038732","Mboat1",146,"Regular (>50bp)",0.237,0.0326946795660635
"chr13:25159581:25159768:25155514:25163361:SE","SE","ENSMUSG00000021340","Gpld1",187,"Regular (>50bp)",-0.154,0.0322791458371147
"chr13:21705955:21706079:21705132:21709307:SE","SE","ENSMUSG00000063894","Zkscan8",124,"Regular (>50bp)",0.242,5.30459291731261e-05
"chr13:21706393:21706485:21705132:21709307:SE","SE","ENSMUSG00000063894","Zkscan8",92,"Regular (>50bp)",0.336,7.43164044426592e-08
"chr13:21632336:21632654:21632064:21633443:SE","SE","ENSMUSG00000022228","Zscan26",318,"Regular (>50bp)",-0.104,3.26082655539263e-06
"chr13:21632336:21632654:21632064:21633610:SE","SE","ENSMUSG00000022228","Zscan26",318,"Regular (>50bp)",-0.21,1.74233608451325e-13
"chr12:112879224:112879338:112879137:112879499:SE","SE","ENSMUSG00000002799","Jag2",114,"Regular (>50bp)",-0.174,0
"chr12:111760082:111760133:111755893:111761981:SE","SE","ENSMUSG00000021288","Klc1",51,"Regular (>50bp)",0.154,0.000160037126879157
"chr12:111395090:111395243:111395011:111395848:SE","SE","ENSMUSG00000021280","Exoc3l4",153,"Regular (>50bp)",-0.13,0.0424106193960655
"chr12:108649606:108649669:108649520:108652308:SE","SE","ENSMUSG00000021262","Evl",63,"Regular (>50bp)",-0.176,0
"chr12:106039877:106039937:106036874:106041265:SE","SE","ENSMUSG00000021115","Vrk1",60,"Regular (>50bp)",-0.105,0.000726008732839152
"chr17:25807649:25807716:25804826:25831269:SE","SE","ENSMUSG00000002279","Lmf1",67,"Regular (>50bp)",0.237,3.13897056497055e-14
"chr18:7430394:7430415:7403356:7439568:SE","SE","ENSMUSG00000057440","Mpp7",21,"Microexon (0-30bp)",0.16,0.00103723031333238
"chr12:98787858:98787873:98784157:98790892:SE","SE","ENSMUSG00000051166","Eml5",15,"Microexon (0-30bp)",-0.19,3.03047940772426e-08
"chr12:87494333:87494368:87490796:87496062:SE","SE","ENSMUSG00000021040","Slirp",35,"Small (30-50bp)",-0.161,0.0374274977182473
"chr16:91509082:91509155:91498093:91514291:SE","SE","ENSMUSG00000058240","Cryzl1",73,"Regular (>50bp)",0.116,0.0102863556746876
"chr12:86311955:86312023:86291480:86335573:SE","SE","ENSMUSG00000021254","Gpatch2l",68,"Regular (>50bp)",-0.22,0.000105191820377065
"chr12:86313917:86313957:86312023:86335573:SE","SE","ENSMUSG00000021254","Gpatch2l",40,"Small (30-50bp)",0.121,2.84323455273592e-05
"chr12:86315749:86315835:86312023:86335573:SE","SE","ENSMUSG00000021254","Gpatch2l",86,"Regular (>50bp)",0.118,1.52022685824105e-06
"chr12:81975015:81975148:81966154:81980304:SE","SE","ENSMUSG00000021140","Pcnx",133,"Regular (>50bp)",0.164,0.00873957281480054
"chr12:81975018:81975148:81966154:81980304:SE","SE","ENSMUSG00000021140","Pcnx",130,"Regular (>50bp)",0.219,0.0120602963590191
"chr17:35246419:35246560:35245762:35246772:SE","SE","ENSMUSG00000036185","Sapcd1",141,"Regular (>50bp)",-0.192,3.13897056497055e-14
"chr17:35246419:35246564:35245762:35246772:SE","SE","ENSMUSG00000036185","Sapcd1",145,"Regular (>50bp)",-0.17,2.91428635610159e-12
"chr12:72005520:72005547:71999333:72006579:SE","SE","ENSMUSG00000034574","Daam1",27,"Microexon (0-30bp)",-0.117,0.027536144667863
"chr12:69221165:69221887:69218734:69225353:SE","SE","ENSMUSG00000034883","Lrr1",722,"Regular (>50bp)",-0.117,8.94819663314711e-14
"chr12:65090488:65090651:65090131:65090779:SE","SE","ENSMUSG00000035597","Prpf39",163,"Regular (>50bp)",-0.107,0.0313983465220249
"chr12:65090541:65090651:65090131:65090779:SE","SE","ENSMUSG00000035597","Prpf39",110,"Regular (>50bp)",-0.124,0.0282017471999398
"chr12:65102207:65102307:65102094:65102411:SE","SE","ENSMUSG00000035597","Prpf39",100,"Regular (>50bp)",-0.198,0.000320191755661519
"chr12:55658857:55658888:55651053:55659418:SE","SE","ENSMUSG00000021027","Ralgapa1",31,"Small (30-50bp)",-0.14,4.34727521021452e-07
"chr12:44631617:44631770:44623572:44636890:SE","SE","ENSMUSG00000020598","Nrcam",153,"Regular (>50bp)",-0.142,0.00900167674083383
"chr12:30049497:30049692:30049272:30049890:SE","SE","ENSMUSG00000020674","Pxdn",195,"Regular (>50bp)",-0.116,0
"chr12:25097892:25097925:25090568:25101093:SE","SE","ENSMUSG00000036333","Kidins220",33,"Small (30-50bp)",-0.128,7.03298940818431e-07
"chr12:21264362:21264371:21263226:21267975:SE","SE","ENSMUSG00000052632","Asap2",9,"Microexon (0-30bp)",-0.196,0
"chr12:11323994:11324112:11321872:11329605:SE","SE","ENSMUSG00000020608","Smc6",118,"Regular (>50bp)",0.159,1.69303382942244e-08
"chr12:11326260:11326366:11321872:11329605:SE","SE","ENSMUSG00000020608","Smc6",106,"Regular (>50bp)",0.156,7.77849873203138e-06
"chr12:3288833:3289009:3288112:3291521:SE","SE","ENSMUSG00000079179","Rab10os",176,"Regular (>50bp)",-0.121,6.73394999766936e-10
"chr11:120503855:120503909:120503427:120504204:SE","SE","ENSMUSG00000025137","Pcyt2",54,"Regular (>50bp)",-0.132,1.90477869399475e-07
"chr11:119233968:119234090:119231990:119234720:SE","SE","ENSMUSG00000013483","Card14",122,"Regular (>50bp)",0.52,3.11064886652061e-08
"chr11:119136660:119137176:119129598:119141764:SE","SE","ENSMUSG00000039963","Ccdc40",516,"Regular (>50bp)",0.11,0.00992353840785147
"chr11:117718904:117718995:117716832:117723170:SE","SE","ENSMUSG00000017718","Afmid",91,"Regular (>50bp)",-0.257,0.00328488530829696
"chr11:116701605:116701693:116698794:116702748:SE","SE","ENSMUSG00000020814","Mxra7",88,"Regular (>50bp)",-0.104,0.000399471461342716
"chr11:115764582:115764746:115764347:115767825:SE","SE","ENSMUSG00000034427","Myo15b",164,"Regular (>50bp)",-0.477,0.031108274300264
"chr11:106071780:106071809:106064607:106075387:SE","SE","ENSMUSG00000069631","Strada",29,"Microexon (0-30bp)",-0.143,0
"chr11:106071780:106071809:106064607:106077926:SE","SE","ENSMUSG00000069631","Strada",29,"Microexon (0-30bp)",-0.172,3.707656846415e-07
"chr11:104177948:104178035:104173306:104193186:SE","SE","ENSMUSG00000018411","Mapt",87,"Regular (>50bp)",0.108,1.71917323588273e-05
"chr11:104180733:104180820:104178035:104193186:SE","SE","ENSMUSG00000018411","Mapt",87,"Regular (>50bp)",0.152,4.49553475872719e-06
"chr11:104185684:104185750:104178035:104193186:SE","SE","ENSMUSG00000018411","Mapt",66,"Regular (>50bp)",0.185,1.64831506946985e-06
"chr11:101153548:101153671:101152106:101154594:SE","SE","ENSMUSG00000035112","Wnk4",123,"Regular (>50bp)",-0.159,0.0135126988879572
"chr11:100940284:100940302:100939351:100945851:SE","SE","ENSMUSG00000019302","Atp6v0a1",18,"Microexon (0-30bp)",-0.134,0
"chr11:99115546:99115968:99111561:99119322:SE","SE","ENSMUSG00000037935","Smarce1",422,"Regular (>50bp)",-0.51,5.23687259779767e-05
"chr19:6916896:6917054:6916778:6917719:SE","SE","ENSMUSG00000024958","Gpr137",158,"Regular (>50bp)",-0.133,7.30372124812447e-08
"chr11:97234434:97234673:97234202:97236533:SE","SE","ENSMUSG00000070337","Gpr179",239,"Regular (>50bp)",-0.472,0.00900190283351081
"chr11:97234922:97235032:97234202:97236533:SE","SE","ENSMUSG00000070337","Gpr179",110,"Regular (>50bp)",-0.228,0.0174821164961806
"chr11:94439003:94439189:94435611:94439296:SE","SE","ENSMUSG00000039096","Rsad1",186,"Regular (>50bp)",-0.112,3.26749875299146e-07
"chr11:93777847:93777899:93777242:93782164:SE","SE","ENSMUSG00000059474","Mbtd1",52,"Regular (>50bp)",-0.271,0.000531271866862199
"chr11:86407976:86408075:86407017:86408175:SE","SE","ENSMUSG00000020516","Rps6kb1",99,"Regular (>50bp)",-0.336,0.000979986981564479
"chr11:85712847:85712938:85692778:85716027:SE","SE","ENSMUSG00000059439","Bcas3",91,"Regular (>50bp)",0.231,0.000365430890238214
"chr11:83876074:83876377:83873133:83878738:SE","SE","ENSMUSG00000034940","Synrg",303,"Regular (>50bp)",-0.102,0.0293792392416017
"chr11:83877639:83877873:83873133:83878738:SE","SE","ENSMUSG00000034940","Synrg",234,"Regular (>50bp)",-0.131,0.00438982310324477
"chr11:83379750:83379871:83372799:83388719:SE","SE","ENSMUSG00000020680","Taf15",121,"Regular (>50bp)",-0.168,0.00254057639001563
"chr11:83149950:83150064:83134822:83150869:SE","SE","ENSMUSG00000121399","ENSMUSG00000121399",114,"Regular (>50bp)",0.11,7.37181214499985e-07
"chr10:40605982:40606081:40559660:40613670:SE","SE","ENSMUSG00000045555","Mettl24",99,"Regular (>50bp)",-0.149,0.0434804285075908
"chr12:109715389:109715443:109714727:109715528:SE","SE","ENSMUSG00000097391","Mirg",54,"Regular (>50bp)",0.364,0.00163732077772731
"chr4:140774082:140774166:140774008:140778351:SE","SE","ENSMUSG00000040860","Crocc",84,"Regular (>50bp)",-0.247,0.000362424786876398
"chr4:140774254:140774440:140774008:140778351:SE","SE","ENSMUSG00000040860","Crocc",186,"Regular (>50bp)",-0.28,2.96166508071606e-08
"chr6:30872476:30872529:30867607:30873595:SE","SE","ENSMUSG00000025607","Copg2",53,"Regular (>50bp)",0.147,0.0327743426678463
"chr6:29411708:29411867:29411384:29412362:SE","SE","ENSMUSG00000029769","Ccdc136",159,"Regular (>50bp)",-0.105,0.000379212180645387
"chr6:29414784:29414979:29413086:29426623:SE","SE","ENSMUSG00000029769","Ccdc136",195,"Regular (>50bp)",-0.148,1.09896466421249e-06
"chr6:29417070:29417577:29413086:29426623:SE","SE","ENSMUSG00000029769","Ccdc136",507,"Regular (>50bp)",-0.222,0.0346952164589474
"chr6:4677162:4677197:4674632:4678066:SE","SE","ENSMUSG00000004631","Sgce",35,"Small (30-50bp)",-0.179,8.11689905495828e-11
"chr6:4677162:4677233:4674632:4678066:SE","SE","ENSMUSG00000004631","Sgce",71,"Regular (>50bp)",-0.253,1.46485293031431e-13
"chr9:59570322:59570439:59564553:59572482:SE","SE","ENSMUSG00000032294","Pkm",117,"Regular (>50bp)",0.108,0.0134202785194223
"chr5:145148555:145148638:145144518:145155096:SE","SE","ENSMUSG00000055991","Zkscan5",83,"Regular (>50bp)",0.128,0.00119583636053714
"chr5:143314432:143314652:143314325:143314920:SE","SE","ENSMUSG00000001844","Zdhhc4",220,"Regular (>50bp)",-0.137,1.81552964461352e-06
"chr2:165145585:165145621:165143911:165146819:SE","SE","ENSMUSG00000017670","Elmo2",36,"Small (30-50bp)",-0.107,0.000604994672165586
"chr7:18935754:18935852:18935578:18936433:SE","SE","ENSMUSG00000040811","Eml2",98,"Regular (>50bp)",-0.105,4.01941352830388e-13
"chr6:83953183:83953332:83949265:83955003:SE","SE","ENSMUSG00000030016","Zfp638",149,"Regular (>50bp)",0.182,7.13418326664609e-05
"chr6:83956828:83956891:83953332:83958665:SE","SE","ENSMUSG00000030016","Zfp638",63,"Regular (>50bp)",-0.111,0.0443500842041435
"chr6:83958665:83958767:83953332:83960957:SE","SE","ENSMUSG00000030016","Zfp638",102,"Regular (>50bp)",-0.152,0.00185086473313166
"chr4:24591033:24591245:24588372:24596137:SE","SE","ENSMUSG00000045751","Mms22l",212,"Regular (>50bp)",0.155,1.32540178536542e-05
"chr15:92262780:92262993:92242464:92263378:SE","SE","ENSMUSG00000097068","Gm26760",213,"Regular (>50bp)",-0.457,0.036327949617687
"chr15:92263426:92263840:92242464:92264059:SE","SE","ENSMUSG00000097068","Gm26760",414,"Regular (>50bp)",-0.137,0.0282802987044399
"chr15:92265055:92265175:92242464:92268212:SE","SE","ENSMUSG00000097068","Gm26760",120,"Regular (>50bp)",0.224,0.0259465118308786
"chr5:129792747:129792827:129792613:129793790:SE","SE","ENSMUSG00000034211","Mrps17",80,"Regular (>50bp)",-0.119,2.11537158047168e-09
"chr5:129792747:129792974:129792613:129793790:SE","SE","ENSMUSG00000034211","Mrps17",227,"Regular (>50bp)",-0.117,8.94819663314711e-14
"chr17:48706012:48706093:48702824:48707465:SE","SE","ENSMUSG00000023994","Nfya",81,"Regular (>50bp)",-0.13,1.70256753586161e-10
"chr5:121970565:121970653:121967139:121975636:SE","SE","ENSMUSG00000042594","Sh2b3",88,"Regular (>50bp)",-0.145,0.000296875359253506
"chr5:124264417:124264567:124263526:124265239:SE","SE","ENSMUSG00000029406","Pitpnm2",150,"Regular (>50bp)",-0.215,0.0122359463420057
"chr9:45693249:45693546:45691134:45696180:SE","SE","ENSMUSG00000043987","Cep164",297,"Regular (>50bp)",-0.147,0.00832847910708409
"chr9:45693249:45693546:45691134:45697075:SE","SE","ENSMUSG00000043987","Cep164",297,"Regular (>50bp)",-0.239,2.8285431862806e-06
"chr9:45696180:45696327:45691134:45697075:SE","SE","ENSMUSG00000043987","Cep164",147,"Regular (>50bp)",-0.205,0.00920899945654328
"chr9:45696180:45696327:45693546:45697075:SE","SE","ENSMUSG00000043987","Cep164",147,"Regular (>50bp)",-0.117,0.011806652062461
"chr9:45697075:45697219:45693546:45698723:SE","SE","ENSMUSG00000043987","Cep164",144,"Regular (>50bp)",0.104,0.00209841447512941
"chr7:79109260:79109333:79109048:79109436:SE","SE","ENSMUSG00000039176","Polg",73,"Regular (>50bp)",-0.183,3.15292798758189e-09
"chr3:88718520:88718676:88708499:88732438:SE","SE","ENSMUSG00000098912","1500004A13Rik",156,"Regular (>50bp)",0.178,0.0293048937244689
"chr3:88732438:88732721:88708499:88739570:SE","SE","ENSMUSG00000098912","1500004A13Rik",283,"Regular (>50bp)",0.232,0.027042454349877
"chr3:88732438:88732721:88715579:88739570:SE","SE","ENSMUSG00000098912","1500004A13Rik",283,"Regular (>50bp)",0.212,0.0200045834921645
"chr5:111040697:111040976:111027854:111232887:SE","SE","ENSMUSG00000033209","Ttc28",279,"Regular (>50bp)",-0.171,1.41001846941626e-05
"chr5:108799757:108799864:108798834:108800259:SE","SE","ENSMUSG00000004815","Dgkq",107,"Regular (>50bp)",-0.109,3.40561286692514e-08
"chr11:5732184:5732357:5730653:5733891:SE","SE","ENSMUSG00000121496","Ube2d-ps",173,"Regular (>50bp)",0.293,0.0146510307918418
"chr5:100185426:100185588:100184054:100186578:SE","SE","ENSMUSG00000029328","Hnrnpdl",162,"Regular (>50bp)",-0.641,2.28372744287056e-07
"chr5:34325738:34325787:34307205:34326733:SE","SE","ENSMUSG00000045102","Poln",49,"Small (30-50bp)",0.242,0.0197616170964018
"chr6:120946315:120946453:120939826:120950363:SE","SE","ENSMUSG00000051586","Mical3",138,"Regular (>50bp)",0.134,0.00759494334072131
"chr13:46934101:46934140:46932469:46938721:SE","SE","ENSMUSG00000021375","Kif13a",39,"Small (30-50bp)",-0.212,1.86174173624504e-07
"chr5:73182113:73182131:73181341:73184658:SE","SE","ENSMUSG00000070733","Fryl",18,"Microexon (0-30bp)",-0.103,1.1914221436475e-06
"chr11:3311020:3311108:3310586:3311782:SE","SE","ENSMUSG00000020451","Limk2",88,"Regular (>50bp)",-0.166,0.0136183589898682
"chr11:3311782:3311825:3310586:3359045:SE","SE","ENSMUSG00000020451","Limk2",43,"Small (30-50bp)",0.334,0.000270364223648166
"chr12:84471909:84472054:84470277:84475116:SE","SE","ENSMUSG00000057265","Bbof1",145,"Regular (>50bp)",-0.297,0.0180909523628455
"chr12:84471909:84472054:84470277:84476778:SE","SE","ENSMUSG00000057265","Bbof1",145,"Regular (>50bp)",-0.153,0.0491546354962767
"chr2:52006679:52006757:52006406:52006846:SE","SE","ENSMUSG00000036202","Rif1",78,"Regular (>50bp)",0.101,0.000123252539866031
"chr1:65231689:65231725:65231453:65234814:SE","SE","ENSMUSG00000025949","Pikfyve",36,"Small (30-50bp)",0.167,0.0274938260164556
"chr1:133203549:133203603:133202112:133208076:SE","SE","ENSMUSG00000041757","Plekha6",54,"Regular (>50bp)",0.123,4.27870970640642e-05
"chr1:133207110:133207191:133202617:133208076:SE","SE","ENSMUSG00000041757","Plekha6",81,"Regular (>50bp)",0.201,0.0129777797004093
"chr3:146181010:146181136:146175558:146181948:SE","SE","ENSMUSG00000028188","Spata1",126,"Regular (>50bp)",-0.28,4.70464776275041e-05
"chr5:43395669:43395759:43394931:43401928:SE","SE","ENSMUSG00000039782","Cpeb2",90,"Regular (>50bp)",-0.183,0.00186829026355821
"chr4:98263156:98263250:98246284:98271200:SE","SE","ENSMUSG00000028563","Tm2d1",94,"Regular (>50bp)",-0.224,0.00258686781051736
"chr4:98263156:98263265:98246284:98271200:SE","SE","ENSMUSG00000028563","Tm2d1",109,"Regular (>50bp)",-0.192,0.00339421123507624
"chr3:145644297:145644424:145644083:145644652:SE","SE","ENSMUSG00000036873","2410004B18Rik",127,"Regular (>50bp)",-0.119,9.75537972425887e-08
"chr14:70855394:70855469:70854880:70855678:SE","SE","ENSMUSG00000022099","Dmtn",75,"Regular (>50bp)",-0.174,0.000809400786567631
"chr5:31610498:31610557:31609921:31622795:SE","SE","ENSMUSG00000062761","Zfp512",59,"Regular (>50bp)",0.143,0.00126683737635902
"chr3:106640652:106640922:106640458:106641673:SE","SE","ENSMUSG00000056260","Lrif1",270,"Regular (>50bp)",-0.221,1.1130485830752e-05
"chr10:75478296:75478504:75478110:75479707:SE","SE","ENSMUSG00000006342","Susd2",208,"Regular (>50bp)",-0.103,0.000225144159132019
"chrX:72702785:72702855:72702425:72703624:SE","SE","ENSMUSG00000002012","Pnck",70,"Regular (>50bp)",0.135,0.00040050022321504
"chr15:54946800:54946989:54946494:54947444:SE","SE","ENSMUSG00000022422","Dscc1",189,"Regular (>50bp)",-0.249,4.13900645185241e-08
"chrX:151168640:151168748:151153018:151186308:SE","SE","ENSMUSG00000084885","3010001F23Rik",108,"Regular (>50bp)",-0.21,0.0178605944352032
"chr13:11649192:11649216:11637887:11650410:SE","SE","ENSMUSG00000021313","Ryr2",24,"Microexon (0-30bp)",0.199,5.62550019090521e-05
"chr4:152398335:152398372:152397889:152399498:SE","SE","ENSMUSG00000058498","Rnf207",37,"Small (30-50bp)",-0.148,0.0111285642412321
"chr3:151955296:151955338:151954005:151958444:SE","SE","ENSMUSG00000039103","Nexn",42,"Small (30-50bp)",0.197,0.00828088297553552
"chr18:36811446:36811523:36810558:36812049:SE","SE","ENSMUSG00000117679","Apbb3",77,"Regular (>50bp)",-0.139,0.00118856755040855
"chr4:142921230:142921304:142907561:142939184:SE","SE","ENSMUSG00000057637","Prdm2",74,"Regular (>50bp)",0.132,0.00186623599456767
"chr4:140847634:140847684:140846092:140867002:SE","SE","ENSMUSG00000040842","Szrd1",50,"Small (30-50bp)",0.103,9.67694947276558e-05
"chr4:147647371:147647415:147637883:147661481:SE","SE","ENSMUSG00000065999","Zfp985",44,"Small (30-50bp)",0.293,0.000531641882274426
"chr2:120443531:120443601:120442911:120446335:SE","SE","ENSMUSG00000027285","Haus2",70,"Regular (>50bp)",-0.108,0.0275273075784641
"chr4:138531817:138531962:138528769:138533495:SE","SE","ENSMUSG00000041193","Pla2g5",145,"Regular (>50bp)",-0.181,0.00692585064621814
"chr4:137981583:137981664:137977819:137985479:SE","SE","ENSMUSG00000045349","Sh2d5",81,"Regular (>50bp)",0.58,0.00012291311113261
"chr4:137982862:137983009:137981664:137985479:SE","SE","ENSMUSG00000045349","Sh2d5",147,"Regular (>50bp)",-0.347,0.021151223667208
"chr4:115898074:115898304:115897426:115900297:SE","SE","ENSMUSG00000028706","Nsun4",230,"Regular (>50bp)",-0.125,0.00156698339958068
"chr4:135775122:135775164:135756016:135778924:SE","SE","ENSMUSG00000059291","Rpl11",42,"Small (30-50bp)",0.169,0.04888873059737
"chr8:123216293:123216355:123215938:123216801:SE","SE","ENSMUSG00000014444","Piezo1",62,"Regular (>50bp)",-0.147,0.00571447968391214
"chrX:18113213:18113348:18112655:18114508:SE","SE","ENSMUSG00000037369","Kdm6a",135,"Regular (>50bp)",0.108,0.0260615573579175
"chrX:18113805:18113961:18112655:18114508:SE","SE","ENSMUSG00000037369","Kdm6a",156,"Regular (>50bp)",0.141,0.0243009675410502
"chr10:30463434:30463591:30442502:30466020:SE","SE","ENSMUSG00000019792","Trmt11",157,"Regular (>50bp)",-0.112,0.00227636346012586
"chr6:97918013:97918263:97784248:97970087:SE","SE","ENSMUSG00000035158","Mitf",250,"Regular (>50bp)",-0.133,0.00013416782293556
"chr11:106669542:106669633:106668387:106669909:SE","SE","ENSMUSG00000020718","Polg2",91,"Regular (>50bp)",0.103,0.000967677863357076
"chr12:105799358:105799421:105795536:105800968:SE","SE","ENSMUSG00000021111","Papola",63,"Regular (>50bp)",-0.142,0
"chr4:129495199:129495418:129494927:129500879:SE","SE","ENSMUSG00000028797","Tmem234",219,"Regular (>50bp)",0.154,1.58238775574529e-05
"chr3:142012044:142012059:142010483:142017883:SE","SE","ENSMUSG00000028273","Pdlim5",15,"Microexon (0-30bp)",-0.337,0.00250359733477747
"chr6:42667970:42668126:42667457:42669866:SE","SE","ENSMUSG00000036667","Tcaf1",156,"Regular (>50bp)",-0.289,0.00319792879939416
"chr4:126405518:126405647:126403928:126405791:SE","SE","ENSMUSG00000042500","Ago4",129,"Regular (>50bp)",-0.312,0.000178270325410636
"chr9:70410221:70410284:70383950:70410740:SE","SE","ENSMUSG00000032217","Rnf111",63,"Regular (>50bp)",0.122,0.000161509182999405
"chr19:40332799:40332883:40325479:40338342:SE","SE","ENSMUSG00000025006","Sorbs1",84,"Regular (>50bp)",0.132,0.00316715543302736
"chr19:40365088:40365460:40362061:40370964:SE","SE","ENSMUSG00000025006","Sorbs1",372,"Regular (>50bp)",-0.134,0.0214939684031398
"chr4:119213834:119214044:119210421:119216754:SE","SE","ENSMUSG00000028637","Ccdc30",210,"Regular (>50bp)",-0.107,0.023539519616146
"chr4:119096902:119096958:119095982:119098313:SE","SE","ENSMUSG00000028641","P3h1",56,"Regular (>50bp)",-0.32,0.000571359950075055
"chr4:110112615:110112702:110108718:110147830:SE","SE","ENSMUSG00000028546","Elavl4",87,"Regular (>50bp)",-0.192,0.00150318155621415
"chr4:110112615:110112702:110108718:110208993:SE","SE","ENSMUSG00000028546","Elavl4",87,"Regular (>50bp)",-0.123,0.0337040104018424
"chr7:79882091:79882126:79878296:79882257:SE","SE","ENSMUSG00000030538","Cib1",35,"Small (30-50bp)",-0.14,0.0241580771928692
"chr4:108965077:108965146:108959789:108975091:SE","SE","ENSMUSG00000028559","Osbpl9",69,"Regular (>50bp)",-0.19,0.0493821313115367
"chr4:108965077:108965146:108959789:108990940:SE","SE","ENSMUSG00000028559","Osbpl9",69,"Regular (>50bp)",-0.135,0.0470514406833366
"chr4:107705477:107705600:107704763:107707300:SE","SE","ENSMUSG00000028613","Lrp8",123,"Regular (>50bp)",0.125,4.5093031623356e-05
"chr4:107727208:107727385:107726347:107729469:SE","SE","ENSMUSG00000028613","Lrp8",177,"Regular (>50bp)",-0.109,0.000396285168788694
"chr2:83634248:83634329:83633680:83636976:SE","SE","ENSMUSG00000027087","Itgav",81,"Regular (>50bp)",-0.161,0.00150611664762899
"chr4:98814672:98814911:98812480:98816470:SE","SE","ENSMUSG00000028560","Usp1",239,"Regular (>50bp)",-0.19,2.69084701850324e-08
"chr4:98814691:98814911:98812480:98816470:SE","SE","ENSMUSG00000028560","Usp1",220,"Regular (>50bp)",-0.184,0.000120011121853119
"chr11:60129835:60129898:60121963:60132643:SE","SE","ENSMUSG00000000538","Tom1l2",63,"Regular (>50bp)",-0.234,3.20736397438526e-06
"chr9:58809365:58809398:58806516:58810196:SE","SE","ENSMUSG00000032340","Neo1",33,"Small (30-50bp)",-0.136,8.72715876122299e-06
"chr10:126900070:126900322:126899628:126900453:SE","SE","ENSMUSG00000006728","Cdk4",252,"Regular (>50bp)",-0.111,0
"chr10:21020867:21021224:21018991:21022084:SE","SE","ENSMUSG00000019982","Myb",357,"Regular (>50bp)",-0.12,0.000103745957149079
"chr6:25941126:25941310:25939658:25943042:SE","SE","ENSMUSG00000106799","Gm20756",184,"Regular (>50bp)",0.113,0.0239491791707477
"chr6:25943042:25943144:25931588:25955884:SE","SE","ENSMUSG00000106799","Gm20756",102,"Regular (>50bp)",0.328,0.00822032841843534
"chr10:121664633:121664667:121661599:121665131:SE","SE","ENSMUSG00000020121","Srgap1",34,"Small (30-50bp)",-0.264,0.000289480129796794
"chr8:71249356:71249446:71242729:71252101:SE","SE","ENSMUSG00000031833","Mast3",90,"Regular (>50bp)",0.292,5.26739603305051e-06
"chr19:38736853:38736895:38734339:38737735:SE","SE","ENSMUSG00000024998","Plce1",42,"Small (30-50bp)",0.102,0.00485462888195229
"chr12:76986203:76986288:76985529:76986740:SE","SE","ENSMUSG00000059436","Max",85,"Regular (>50bp)",-0.111,4.27001663896905e-13
"chr4:132997980:132998125:132997120:133004841:SE","SE","ENSMUSG00000028857","Tmem222",145,"Regular (>50bp)",-0.166,0.0243979894094775
"chr5:140678548:140678683:140677425:140679169:SE","SE","ENSMUSG00000036555","Iqce",135,"Regular (>50bp)",-0.111,1.55494827807468e-05
"chr4:46180206:46180398:46175415:46183117:SE","SE","ENSMUSG00000028329","Xpa",192,"Regular (>50bp)",-0.198,0.0115637873941375
"chr4:44158902:44159052:44152553:44167465:SE","SE","ENSMUSG00000035696","Rnf38",150,"Regular (>50bp)",-0.213,0.000755502451133257
"chr4:44158902:44159052:44152553:44167626:SE","SE","ENSMUSG00000035696","Rnf38",150,"Regular (>50bp)",-0.127,0.0245287432630429
"chr3:95123524:95123579:95116247:95124899:SE","SE","ENSMUSG00000038766","Gabpb2",55,"Regular (>50bp)",0.129,0.0117785063594049
"chr11:43607856:43607976:43596304:43611047:SE","SE","ENSMUSG00000044950","Pwwp2a",120,"Regular (>50bp)",-0.105,0.000202594042882483
"chr4:155902995:155903121:155902444:155904785:SE","SE","ENSMUSG00000029068","Ccnl2",126,"Regular (>50bp)",-0.143,1.30606577473875e-08
"chr4:41507093:41507328:41505654:41507520:SE","SE","ENSMUSG00000028441","1110017D15Rik",235,"Regular (>50bp)",-0.319,0.00528199134112383
"chr11:119253042:119253122:119250208:119254225:SE","SE","ENSMUSG00000039908","Slc26a11",80,"Regular (>50bp)",-0.106,0.00201749805312089
"chr4:32417434:32417583:32317304:32501612:SE","SE","ENSMUSG00000040270","Bach2",149,"Regular (>50bp)",0.13,0.000494102898587471
"chr6:118062197:118062446:118061519:118062733:SE","SE","ENSMUSG00000030134","Rasgef1a",249,"Regular (>50bp)",-0.265,0.000964126867542643
"chr6:118062224:118062446:118061519:118062733:SE","SE","ENSMUSG00000030134","Rasgef1a",222,"Regular (>50bp)",-0.139,0.00937317232015109
"chr11:116117814:116117965:116116393:116118383:SE","SE","ENSMUSG00000034282","Evpl",151,"Regular (>50bp)",-0.247,0.0316344891260783
"chr19:40574570:40574636:40568520:40576753:SE","SE","ENSMUSG00000025007","Aldh18a1",66,"Regular (>50bp)",0.233,0.0268752912050597
"chr4:9598268:9598301:9583856:9601306:SE","SE","ENSMUSG00000028207","Asph",33,"Small (30-50bp)",0.118,0.00100790716349227
"chr4:9598732:9598780:9598301:9601306:SE","SE","ENSMUSG00000028207","Asph",48,"Small (30-50bp)",-0.124,0.0453075295863651
"chr15:76179589:76179662:76179491:76179883:SE","SE","ENSMUSG00000071724","Smpd5",73,"Regular (>50bp)",-0.158,0.0395823408372379
"chr19:42735935:42736047:42735859:42737822:SE","SE","ENSMUSG00000060224","Pyroxd2",112,"Regular (>50bp)",-0.126,1.07191713255684e-05
"chr19:42735935:42736092:42735859:42737822:SE","SE","ENSMUSG00000060224","Pyroxd2",157,"Regular (>50bp)",-0.116,4.03590088351891e-06
"chr5:76383612:76383702:76379395:76384128:SE","SE","ENSMUSG00000029238","Clock",90,"Regular (>50bp)",0.137,2.18442253316646e-05
"chr19:5807062:5807203:5806959:5807338:SE","SE","ENSMUSG00000024940","Ltbp3",141,"Regular (>50bp)",-0.104,4.9326680306559e-12
"chr15:79512957:79513031:79510532:79514226:SE","SE","ENSMUSG00000042564","Fam227a",74,"Regular (>50bp)",0.267,0.00376407398375332
"chr3:148526915:148527044:148526690:148528590:SE","SE","ENSMUSG00000028184","Adgrl2",129,"Regular (>50bp)",0.112,0.00585728829704227
"chr3:144852523:144852682:144851714:144854291:SE","SE","ENSMUSG00000028256","Odf2l",159,"Regular (>50bp)",-0.344,0.00203426512700859
"chr9:4308693:4308919:4302631:4309253:SE","SE","ENSMUSG00000025894","Aasdhppt",226,"Regular (>50bp)",-0.112,4.28920977883252e-12
"chr5:31302583:31302622:31302096:31302838:SE","SE","ENSMUSG00000107283","Mpv17",39,"Small (30-50bp)",-0.124,0.0273925063667528
"chr8:127184402:127184499:127183305:127185775:SE","SE","ENSMUSG00000090290","Tarbp1",97,"Regular (>50bp)",0.19,2.10175151268717e-05
"chr8:127196757:127196827:127193921:127198040:SE","SE","ENSMUSG00000090290","Tarbp1",70,"Regular (>50bp)",0.134,0.0105751370479676
"chr4:134227910:134227994:134224347:134233991:SE","SE","ENSMUSG00000037348","Paqr7",84,"Regular (>50bp)",0.612,4.08508034098305e-06
"chr16:16923856:16923919:16918171:16929006:SE","SE","ENSMUSG00000022771","Ppil2",63,"Regular (>50bp)",0.255,0.0183886369276843
"chr7:126625399:126625486:126624111:126626122:SE","SE","ENSMUSG00000030678","Maz",87,"Regular (>50bp)",-0.112,0.00337725256995715
"chr15:84070603:84070720:84070282:84071319:SE","SE","ENSMUSG00000041653","Pnpla3",117,"Regular (>50bp)",0.295,1.67971617245897e-09
"chr1:37932023:37932104:37929665:37934410:SE","SE","ENSMUSG00000026087","Mrpl30",81,"Regular (>50bp)",0.162,0.000251829402486045
"chr5:34786479:34786516:34785857:34787813:SE","SE","ENSMUSG00000029106","Add1",37,"Small (30-50bp)",-0.225,0
"chr5:34786482:34786516:34785857:34787813:SE","SE","ENSMUSG00000029106","Add1",34,"Small (30-50bp)",-0.331,0
"chr3:115679862:115680024:115675487:115681424:SE","SE","ENSMUSG00000054426","A930005H10Rik",162,"Regular (>50bp)",0.122,0.0355560226835503
"chr3:115679970:115680024:115675487:115681424:SE","SE","ENSMUSG00000054426","A930005H10Rik",54,"Regular (>50bp)",0.186,0.000386585561821579
"chr12:116369321:116369497:116369111:116370817:SE","SE","ENSMUSG00000042029","Ncapg2",176,"Regular (>50bp)",-0.175,0.000863564462173316
"chr4:147951787:147952059:147950876:147952525:SE","SE","ENSMUSG00000029022","Miip",272,"Regular (>50bp)",-0.509,3.33399296599923e-05
"chr3:108396145:108396338:108389794:108443611:SE","SE","ENSMUSG00000040412","Elapor1",193,"Regular (>50bp)",-0.118,6.17698774518876e-06
"chr4:116978167:116978293:116978058:116978394:SE","SE","ENSMUSG00000073771","Btbd19",126,"Regular (>50bp)",-0.129,0.00977145502881917
"chr8:45502878:45502914:45498822:45503817:SE","SE","ENSMUSG00000070047","Fat1",36,"Small (30-50bp)",-0.138,0.000348887397739424
"chr11:116187555:116187624:116186515:116191091:SE","SE","ENSMUSG00000020792","Exoc7",69,"Regular (>50bp)",0.183,0
"chr2:12386913:12386994:12369330:12400989:SE","SE","ENSMUSG00000026767","Mindy3",81,"Regular (>50bp)",0.101,0.0189424314770008
"chr7:119400452:119400579:119393725:119401963:SE","SE","ENSMUSG00000030924","Rexo5",127,"Regular (>50bp)",-0.22,0.0199633111899773
"chr7:119400452:119400579:119398900:119401963:SE","SE","ENSMUSG00000030924","Rexo5",127,"Regular (>50bp)",-0.117,0.0302299004180608
"chr2:151442176:151442284:151439178:151442897:SE","SE","ENSMUSG00000027457","Snph",108,"Regular (>50bp)",-0.181,0.0168566062221692
"chr2:151442176:151442383:151439178:151442897:SE","SE","ENSMUSG00000027457","Snph",207,"Regular (>50bp)",-0.185,0.00283769055399437
"chr3:103893068:103893225:103877126:103898353:SE","SE","ENSMUSG00000058388","Phtf1",157,"Regular (>50bp)",-0.288,0.000407850806976467
"chr9:113707817:113707841:113705418:113709009:SE","SE","ENSMUSG00000033392","Clasp2",24,"Microexon (0-30bp)",-0.131,5.85942704572475e-07
"chr3:101340230:101340290:101338909:101342646:SE","SE","ENSMUSG00000042035","Igsf3",60,"Regular (>50bp)",0.108,1.90426985055603e-10
"chr2:24945647:24946148:24945071:24947112:SE","SE","ENSMUSG00000006476","Nsmf",501,"Regular (>50bp)",-0.114,0
"chr3:89110498:89110667:89110393:89110778:SE","SE","ENSMUSG00000028048","Gba",169,"Regular (>50bp)",-0.158,5.52649060073379e-12
"chr5:114891208:114891214:114890388:114891339:SE","SE","ENSMUSG00000041890","Git2",6,"Microexon (0-30bp)",-0.133,0
"chr5:114891208:114891214:114890391:114891339:SE","SE","ENSMUSG00000041890","Git2",6,"Microexon (0-30bp)",-0.165,1.10335478096785e-08
"chr2:153187037:153187098:153184784:153187540:SE","SE","ENSMUSG00000073236","2500004C02Rik",61,"Regular (>50bp)",0.132,0.00312167697805636
"chr15:79187773:79187802:79186897:79188504:SE","SE","ENSMUSG00000042632","Pla2g6",29,"Microexon (0-30bp)",-0.205,9.75537972425887e-08
"chr19:53240355:53240583:53239349:53253486:SE","SE","ENSMUSG00000118314","1700001K23Rik",228,"Regular (>50bp)",0.28,0.0217212939789493
"chr12:116317446:116317509:116311934:116320731:SE","SE","ENSMUSG00000021171","Esyt2",63,"Regular (>50bp)",-0.121,8.88167823190764e-08
"chr2:164838783:164838798:164838438:164839029:SE","SE","ENSMUSG00000017740","Slc12a5",15,"Microexon (0-30bp)",-0.12,0.00103894471213766
"chr2:90895250:90895352:90895149:90895926:SE","SE","ENSMUSG00000002105","Slc39a13",102,"Regular (>50bp)",-0.118,2.70313564030006e-09
"chr6:42224667:42224761:42224518:42226312:SE","SE","ENSMUSG00000029864","Gstk1",94,"Regular (>50bp)",-0.16,0.00345944472572664
"chr6:42224667:42224780:42224518:42226312:SE","SE","ENSMUSG00000029864","Gstk1",113,"Regular (>50bp)",-0.15,0.00616066391491862
"chr3:90362110:90362269:90359046:90362372:SE","SE","ENSMUSG00000087411","Gm16048",159,"Regular (>50bp)",-0.273,0.000140073937080836
"chr17:45763603:45763666:45760476:45768083:SE","SE","ENSMUSG00000023935","Spats1",63,"Regular (>50bp)",-0.204,0.000285035966109889
"chr17:45765016:45765137:45760476:45768083:SE","SE","ENSMUSG00000023935","Spats1",121,"Regular (>50bp)",-0.131,0.00237441793055202
"chr7:6378517:6378613:6376252:6381207:SE","SE","ENSMUSG00000055150","Zfp78",96,"Regular (>50bp)",-0.177,0.00039825226049497
"chr4:139163259:139163343:139162495:139163432:SE","SE","ENSMUSG00000066036","Ubr4",84,"Regular (>50bp)",-0.186,3.12276035875552e-11
"chr2:26983544:26983902:26979771:26985414:SE","SE","ENSMUSG00000036040","Adamtsl2",358,"Regular (>50bp)",-0.116,0.0305411283304523
"chr6:117843781:117844000:117843535:117846178:SE","SE","ENSMUSG00000042097","Zfp239",219,"Regular (>50bp)",-0.124,0.0275785283640589
"chr2:25184449:25184560:25182496:25185803:SE","SE","ENSMUSG00000026959","Grin1",111,"Regular (>50bp)",0.17,0.000270769941800099
"chr13:74598354:74598481:74598135:74610700:SE","SE","ENSMUSG00000112964","E430024I08Rik",127,"Regular (>50bp)",0.121,0.00719374397816951
"chr13:74598354:74598530:74598135:74610700:SE","SE","ENSMUSG00000112964","E430024I08Rik",176,"Regular (>50bp)",0.259,0.0106392751206176
"chr3:97819894:97820055:97808736:97828431:SE","SE","ENSMUSG00000027879","Sec22b",161,"Regular (>50bp)",-0.437,5.44219002521102e-05
"chr2:176894619:176894674:176887621:176898132:SE","SE","ENSMUSG00000078870","Gm14410",55,"Regular (>50bp)",0.175,9.93360572399641e-06
"chr3:152152265:152152326:152128408:152152435:SE","SE","ENSMUSG00000039068","Zzz3",61,"Regular (>50bp)",-0.322,0.00560083028589304
"chr2:26482129:26482253:26481075:26482429:SE","SE","ENSMUSG00000026921","Egfl7",124,"Regular (>50bp)",-0.125,0.0014318054695837
"chr9:59697318:59697375:59695797:59709196:SE","SE","ENSMUSG00000039585","Myo9a",57,"Regular (>50bp)",-0.153,0.0134667389688252
"chr3:5630192:5630258:5628789:5635546:SE","SE","ENSMUSG00000040374","Pex2",66,"Regular (>50bp)",0.184,0.0191621827079919
"chr5:45880315:45885084:45859339:45893072:SE","SE","ENSMUSG00000015882","Lcorl",4769,"Regular (>50bp)",0.187,0.000585037847133534
"chr8:70166951:70167059:70163634:70169417:SE","SE","ENSMUSG00000054648","Zfp869",108,"Regular (>50bp)",-0.108,0.00133503018840228
"chr2:120655722:120655796:120653089:120667645:SE","SE","ENSMUSG00000090100","Ttbk2",74,"Regular (>50bp)",-0.108,0.0472622688132966
"chr2:30705370:30705510:30698377:30709640:SE","SE","ENSMUSG00000026857","Ntmt1",140,"Regular (>50bp)",0.117,4.66553786739839e-05
"chr2:33318112:33318232:33302507:33321242:SE","SE","ENSMUSG00000068966","Zbtb34",120,"Regular (>50bp)",0.14,0.00291858282572151
"chr1:179921508:179921751:179912070:179921945:SE","SE","ENSMUSG00000026490","Cdc42bpa",243,"Regular (>50bp)",-0.227,0
"chr4:107472168:107472330:107425698:107476750:SE","SE","ENSMUSG00000034762","Glis1",162,"Regular (>50bp)",-0.115,0.000643903785925034
"chr10:43271556:43271688:43248205:43289510:SE","SE","ENSMUSG00000038240","Pdss2",132,"Regular (>50bp)",0.184,0.0261295206872683
"chr1:176596798:176597092:176586083:176597278:SE","SE","ENSMUSG00000057335","Cep170",294,"Regular (>50bp)",-0.116,0.0154584306814241
"chr7:28140858:28140955:28136999:28141093:SE","SE","ENSMUSG00000060791","Gmfg",97,"Regular (>50bp)",0.234,0.00637434656094437
"chr1:38147484:38147548:38138102:38167332:SE","SE","ENSMUSG00000026082","Rev1",64,"Regular (>50bp)",-0.111,0.008832874419781
"chr1:38167332:38167396:38147548:38168542:SE","SE","ENSMUSG00000026082","Rev1",64,"Regular (>50bp)",0.109,1.34330264450984e-05
"chr4:129966861:129966909:129966678:129967032:SE","SE","ENSMUSG00000040690","Col16a1",48,"Small (30-50bp)",-0.159,7.41139779483175e-08
"chr2:31315149:31315291:31314514:31315365:SE","SE","ENSMUSG00000055632","Hmcn2",142,"Regular (>50bp)",-0.106,1.9381829736783e-05
"chr1:64597661:64597808:64572179:64605375:SE","SE","ENSMUSG00000025958","Creb1",147,"Regular (>50bp)",-0.143,8.89599809892104e-05
"chr7:45865441:45865503:45860735:45868722:SE","SE","ENSMUSG00000030838","Ush1c",62,"Regular (>50bp)",0.211,0.00173573391004315
"chr8:72719637:72719834:72705004:72719943:SE","SE","ENSMUSG00000052446","Zfp961",197,"Regular (>50bp)",0.124,0.0201175988162697
"chr2:90872198:90872357:90867230:90873304:SE","SE","ENSMUSG00000002104","Rapsn",159,"Regular (>50bp)",0.192,0.00970617544764476
"chr3:144405614:144405638:144403228:144411273:SE","SE","ENSMUSG00000037062","Sh3glb1",24,"Microexon (0-30bp)",-0.208,0
"chr3:144407520:144407607:144403228:144411273:SE","SE","ENSMUSG00000037062","Sh3glb1",87,"Regular (>50bp)",-0.301,0
"chr3:144407520:144407607:144405638:144411273:SE","SE","ENSMUSG00000037062","Sh3glb1",87,"Regular (>50bp)",-0.164,1.57796556586004e-10
"chr3:144407568:144407607:144403228:144411273:SE","SE","ENSMUSG00000037062","Sh3glb1",39,"Small (30-50bp)",-0.278,0
"chr3:144407568:144407607:144405638:144411273:SE","SE","ENSMUSG00000037062","Sh3glb1",39,"Small (30-50bp)",-0.112,2.14044395984912e-05
"chr1:166236566:166236900:166236101:166237275:SE","SE","ENSMUSG00000040596","Pogk",334,"Regular (>50bp)",-0.179,0
"chrX:107901873:107901978:107879961:107915077:SE","SE","ENSMUSG00000086629","2810403D21Rik",105,"Regular (>50bp)",-0.11,0.024976606556775
"chrX:107901873:107901978:107879961:107929950:SE","SE","ENSMUSG00000086629","2810403D21Rik",105,"Regular (>50bp)",-0.236,0.000236217429495503
"chrX:107901873:107901978:107879961:107945069:SE","SE","ENSMUSG00000086629","2810403D21Rik",105,"Regular (>50bp)",-0.134,4.4076127164896e-05
"chr19:60209485:60209736:60208571:60214741:SE","SE","ENSMUSG00000057858","Fam204a",251,"Regular (>50bp)",-0.105,5.4355347062181e-06
"chr19:60209485:60209736:60208792:60214741:SE","SE","ENSMUSG00000057858","Fam204a",251,"Regular (>50bp)",-0.178,2.17768155001628e-08
"chr4:140973256:140973363:140968055:140973485:SE","SE","ENSMUSG00000028919","Arhgef19",107,"Regular (>50bp)",-0.234,0.00158701920268463
"chr14:20345138:20345334:20344860:20350654:SE","SE","ENSMUSG00000021809","Nudt13",196,"Regular (>50bp)",-0.122,0.0467259227622375
"chr14:20345155:20345277:20344860:20347582:SE","SE","ENSMUSG00000021809","Nudt13",122,"Regular (>50bp)",-0.169,0.000489402435509512
"chr14:20345155:20345334:20344860:20350654:SE","SE","ENSMUSG00000021809","Nudt13",179,"Regular (>50bp)",-0.135,0.0352031428888877
"chr14:20347582:20347699:20345334:20350654:SE","SE","ENSMUSG00000021809","Nudt13",117,"Regular (>50bp)",0.179,0.00785669920252067
"chr14:20357300:20357432:20356434:20357760:SE","SE","ENSMUSG00000021809","Nudt13",132,"Regular (>50bp)",-0.227,9.93229412540958e-05
"chr1:160537716:160537783:160530030:160549702:SE","SE","ENSMUSG00000026721","Rabgap1l",67,"Regular (>50bp)",0.108,2.35549231268745e-05
"chr6:29361292:29361486:29356696:29361558:SE","SE","ENSMUSG00000029767","Calu",194,"Regular (>50bp)",0.115,6.10355387630414e-14
"chr4:70165184:70165211:70163734:70168589:SE","SE","ENSMUSG00000039298","Cdk5rap2",27,"Microexon (0-30bp)",-0.2,9.75081230277943e-05
"chr1:156648956:156649034:156647488:156651560:SE","SE","ENSMUSG00000026594","Ralgps2",78,"Regular (>50bp)",-0.151,0
"chr18:44967525:44967725:44963309:44970407:SE","SE","ENSMUSG00000034653","Ythdc2",200,"Regular (>50bp)",-0.178,0.00204099113063072
"chr4:56922386:56922410:56916806:56923338:SE","SE","ENSMUSG00000055296","Tmem245",24,"Microexon (0-30bp)",-0.112,0.0214078981053374
"chr17:69580876:69580912:69577659:69581698:SE","SE","ENSMUSG00000024044","Epb41l3",36,"Small (30-50bp)",-0.172,1.95935312963809e-11
"chr17:69581095:69581161:69580912:69581698:SE","SE","ENSMUSG00000024044","Epb41l3",66,"Regular (>50bp)",0.105,4.32643122717632e-06
"chr17:87571568:87571793:87566309:87573262:SE","SE","ENSMUSG00000024150","Mcfd2",225,"Regular (>50bp)",-0.116,7.79414037445332e-06
"chr1:92573405:92573598:92573148:92576472:SE","SE","ENSMUSG00000044055","Otos",193,"Regular (>50bp)",-0.163,0.00445260978868547
"chr3:19262654:19262691:19260714:19265631:SE","SE","ENSMUSG00000027601","Mtfr1",37,"Small (30-50bp)",-0.111,0.000379251310856311
"chr5:8562260:8562407:8542589:8570858:SE","SE","ENSMUSG00000040570","Rundc3b",147,"Regular (>50bp)",-0.133,0.03464002662275
"chr1:185106314:185106409:185103242:185111741:SE","SE","ENSMUSG00000026615","Eprs",95,"Regular (>50bp)",0.103,0.00271829243321709
"chr7:25083023:25083162:25077880:25084219:SE","SE","ENSMUSG00000053714","4732471J01Rik",139,"Regular (>50bp)",-0.289,0.00148989813982749
"chr18:80879569:80879646:80838647:80887741:SE","SE","ENSMUSG00000024566","Atp9b",77,"Regular (>50bp)",0.133,0.000495545117728822
"chr18:80879569:80879646:80851987:80887741:SE","SE","ENSMUSG00000024566","Atp9b",77,"Regular (>50bp)",0.124,0.00111797012584975
"chr10:25369464:25369527:25364991:25377721:SE","SE","ENSMUSG00000019978","Epb41l2",63,"Regular (>50bp)",0.266,4.64547282556566e-06
"chr10:25371342:25371489:25364991:25377721:SE","SE","ENSMUSG00000019978","Epb41l2",147,"Regular (>50bp)",0.206,0.000346494463259081
"chr10:25375673:25375841:25364991:25377475:SE","SE","ENSMUSG00000019978","Epb41l2",168,"Regular (>50bp)",0.213,0.0377899002644413
"chr10:25377475:25377529:25364991:25377721:SE","SE","ENSMUSG00000019978","Epb41l2",54,"Regular (>50bp)",0.26,4.58506109105964e-09
"chr10:25377721:25378036:25364991:25382072:SE","SE","ENSMUSG00000019978","Epb41l2",315,"Regular (>50bp)",-0.103,0.0377899002644413
"chr17:81749631:81749652:81749219:81752915:SE","SE","ENSMUSG00000054640","Slc8a1",21,"Microexon (0-30bp)",-0.281,0.000169610867625732
"chr17:81752297:81752401:81749219:81752915:SE","SE","ENSMUSG00000054640","Slc8a1",104,"Regular (>50bp)",-0.118,1.19261795689183e-07
"chr17:81752915:81753022:81752401:81955237:SE","SE","ENSMUSG00000054640","Slc8a1",107,"Regular (>50bp)",0.101,2.65963592101214e-06
"chr5:135994424:135994739:135993550:135994928:SE","SE","ENSMUSG00000029699","Ssc4d",315,"Regular (>50bp)",-0.11,0.00214790098016961
"chr2:26278927:26279077:26278572:26279160:SE","SE","ENSMUSG00000026927","Entr1",150,"Regular (>50bp)",-0.141,4.99883245434219e-08
"chr2:35313243:35313423:35312280:35322525:SE","SE","ENSMUSG00000035778","Ggta1",180,"Regular (>50bp)",-0.116,0.0052782156603843
"chr16:97263898:97263970:97262146:97264080:SE","SE","ENSMUSG00000000386","Mx1",72,"Regular (>50bp)",-0.312,0.0498350464452013
"chr10:57385156:57385210:57382398:57387539:SE","SE","ENSMUSG00000019878","Hsf2",54,"Regular (>50bp)",0.135,1.55494827807468e-05
"chr2:150811899:150812052:150808162:150812943:SE","SE","ENSMUSG00000068115","Ninl",153,"Regular (>50bp)",-0.131,0.00179518352275575
"chr4:44030214:44030268:44025560:44032400:SE","SE","ENSMUSG00000028478","Clta",54,"Regular (>50bp)",-0.112,4.537771370467e-08
"chr1:177270789:177270907:177270161:177271550:SE","SE","ENSMUSG00000063659","Zbtb18",118,"Regular (>50bp)",-0.297,9.47031618563839e-05
"chr1:177271550:177271658:177270161:177272304:SE","SE","ENSMUSG00000063659","Zbtb18",108,"Regular (>50bp)",0.192,0.0241584718050419
"chr2:136734203:136734281:136733581:136747462:SE","SE","ENSMUSG00000027281","Slx4ip",78,"Regular (>50bp)",0.302,0.00041125046024569
"chr9:88282775:88282802:88280424:88283972:SE","SE","ENSMUSG00000032422","Snx14",27,"Microexon (0-30bp)",-0.115,2.53532237938914e-13
"chr5:129928023:129928273:129924693:129929185:SE","SE","ENSMUSG00000034173","Zbed5",250,"Regular (>50bp)",-0.103,0.00100959703596637
"chr19:47030560:47030578:47028581:47031204:SE","SE","ENSMUSG00000025050","Pcgf6",18,"Microexon (0-30bp)",-0.192,6.80291273311075e-05
"chr7:77853850:77853892:77848699:77896902:SE","SE","ENSMUSG00000059146","Ntrk3",42,"Small (30-50bp)",0.117,0.0497181234542844
"chrX:20818446:20818510:20808036:20825973:SE","SE","ENSMUSG00000001134","Uxt",64,"Regular (>50bp)",-0.304,1.8838970051458e-05
"chr2:68936086:68936110:68935503:68938785:SE","SE","ENSMUSG00000027035","Cers6",24,"Microexon (0-30bp)",-0.146,0.00015261431686225
"chr2:58169565:58169776:58166874:58171149:SE","SE","ENSMUSG00000086995","Gm13544",211,"Regular (>50bp)",-0.173,0.00377438542483703
"chr3:37584131:37584168:37582471:37632900:SE","SE","ENSMUSG00000027722","Spata5",37,"Small (30-50bp)",0.169,1.31800644066821e-10
"chr3:40916042:40916223:40905385:40918402:SE","SE","ENSMUSG00000025762","Larp1b",181,"Regular (>50bp)",0.143,0.04722005708387
"chr3:40990200:40990310:40988524:40991124:SE","SE","ENSMUSG00000025762","Larp1b",110,"Regular (>50bp)",-0.249,0.0022819211854334
"chr1:71106266:71106347:71104810:71113701:SE","SE","ENSMUSG00000026196","Bard1",81,"Regular (>50bp)",0.153,3.94431111417342e-06
"chr1:34335822:34335840:34334617:34338801:SE","SE","ENSMUSG00000026131","Dst",18,"Microexon (0-30bp)",-0.162,0
"chr12:85158271:85158305:85157733:85165132:SE","SE","ENSMUSG00000004789","Dlst",34,"Small (30-50bp)",-0.397,0.0108088538383115
"chr17:25947154:25947365:25946821:25947496:SE","SE","ENSMUSG00000041199","Rpusd1",211,"Regular (>50bp)",-0.223,3.04751911577609e-08
"chr17:25947176:25947365:25946821:25947496:SE","SE","ENSMUSG00000041199","Rpusd1",189,"Regular (>50bp)",-0.201,3.46465673228312e-10
"chr17:25947225:25947365:25946821:25947496:SE","SE","ENSMUSG00000041199","Rpusd1",140,"Regular (>50bp)",-0.221,4.0190613088947e-07
"chr1:165198691:165198817:165195074:165216226:SE","SE","ENSMUSG00000026571","Dcaf6",126,"Regular (>50bp)",-0.147,0.00650082472271803
"chr1:40040589:40040751:40039909:40042916:SE","SE","ENSMUSG00000026074","Map4k4",162,"Regular (>50bp)",-0.137,0
"chr5:100840048:100840155:100836805:100840750:SE","SE","ENSMUSG00000035273","Hpse",107,"Regular (>50bp)",-0.129,0.00675419967535295
"chr1:183087358:183087412:183079172:183094595:SE","SE","ENSMUSG00000042901","Aida",54,"Regular (>50bp)",0.37,0.000157673920517548
"chr1:60141785:60141943:60137466:60144469:SE","SE","ENSMUSG00000026017","Carf",158,"Regular (>50bp)",0.158,0.023493222015319
"chr7:43976456:43976650:43975710:43982715:SE","SE","ENSMUSG00000038738","Shank1",194,"Regular (>50bp)",-0.217,0.00125789577588881
"chr3:83816458:83816641:83813732:83817675:SE","SE","ENSMUSG00000033767","Tmem131l",183,"Regular (>50bp)",-0.124,2.67400336112596e-08
"chr5:34965212:34965260:34964121:34970195:SE","SE","ENSMUSG00000029104","Htt",48,"Small (30-50bp)",-0.15,0.0128674069013222
"chr11:60300411:60300456:60298217:60307811:SE","SE","ENSMUSG00000042709","Atpaf2",45,"Small (30-50bp)",-0.218,0.00122687017635903
"chr11:107446344:107446401:107440227:107465763:SE","SE","ENSMUSG00000020721","Helz",57,"Regular (>50bp)",0.101,0.00520051956247496
"chr3:137611645:137611818:137610615:137614105:SE","SE","ENSMUSG00000074212","Dnajb14",173,"Regular (>50bp)",-0.111,9.04177933962217e-10
"chr1:160864118:160864149:160863814:160864389:SE","SE","ENSMUSG00000053332","Gas5",31,"Small (30-50bp)",-0.136,0
"chr2:121157332:121157395:121152273:121158125:SE","SE","ENSMUSG00000033526","Ppip5k1",63,"Regular (>50bp)",0.176,0.0459003690023199
"chr2:164865065:164865121:164855082:164876602:SE","SE","ENSMUSG00000039804","Ncoa5",56,"Regular (>50bp)",0.172,0.000334370287785092
"chr2:164865065:164865132:164855082:164876602:SE","SE","ENSMUSG00000039804","Ncoa5",67,"Regular (>50bp)",0.114,6.1620449883123e-09
"chr4:108445872:108445978:108436772:108450489:SE","SE","ENSMUSG00000028587","Orc1",106,"Regular (>50bp)",-0.108,0.00315335594168343
"chr8:31678329:31678434:31677490:31684981:SE","SE","ENSMUSG00000046152","Fut10",105,"Regular (>50bp)",0.101,0.0353583862139217
"chr13:21580356:21580744:21579076:21586561:SE","SE","ENSMUSG00000021327","Zkscan3",388,"Regular (>50bp)",-0.243,6.8107876541556e-05
"chr3:127354544:127354730:127353279:127355123:SE","SE","ENSMUSG00000051278","Zgrf1",186,"Regular (>50bp)",-0.135,2.7388984864346e-07
"chr1:118459707:118459815:118453185:118463864:SE","SE","ENSMUSG00000064302","Clasp1",108,"Regular (>50bp)",0.117,7.84067209058939e-05
"chr15:76078758:76078773:76078630:76078950:SE","SE","ENSMUSG00000022565","Plec",15,"Microexon (0-30bp)",-0.145,2.63934084002508e-08
"chr1:87901798:87901856:87895320:87903529:SE","SE","ENSMUSG00000005501","Usp40",58,"Regular (>50bp)",0.45,4.2733933794174e-05
"chr1:87901798:87901856:87896171:87903529:SE","SE","ENSMUSG00000005501","Usp40",58,"Regular (>50bp)",0.185,0.0106392751206176
"chr15:98885857:98886026:98885711:98886499:SE","SE","ENSMUSG00000097587","4930578M01Rik",169,"Regular (>50bp)",-0.242,0.000599361980674536
"chr5:103124220:103124292:103114494:103137485:SE","SE","ENSMUSG00000046709","Mapk10",72,"Regular (>50bp)",-0.502,0.00646846149908309
"chr13:56236064:56236155:56232098:56243936:SE","SE","ENSMUSG00000015937","Macroh2a1",91,"Regular (>50bp)",-0.217,0.00191863265082666
"chr2:124929596:124929623:124928636:124930782:SE","SE","ENSMUSG00000027201","Myef2",27,"Microexon (0-30bp)",-0.133,0.000395948924569673
"chr10:80872821:80872945:80869767:80873037:SE","SE","ENSMUSG00000046822","Slc39a3",124,"Regular (>50bp)",0.196,0.0241806942551153
"chr12:24632883:24632960:24631717:24634303:SE","SE","ENSMUSG00000020656","Grhl1",77,"Regular (>50bp)",0.111,0.00976118422289253
"chr1:93760317:93760511:93757618:93763008:SE","SE","ENSMUSG00000073609","D2hgdh",194,"Regular (>50bp)",-0.169,0.000129992332700237
"chr3:157747256:157747296:157746259:157749197:SE","SE","ENSMUSG00000063052","Lrrc40",40,"Small (30-50bp)",0.121,0.0270195170553222
"chr3:157747499:157747570:157742513:157749197:SE","SE","ENSMUSG00000063052","Lrrc40",71,"Regular (>50bp)",-0.473,0.0105651002969661
"chr4:118085015:118085042:118083768:118087891:SE","SE","ENSMUSG00000033295","Ptprf",27,"Microexon (0-30bp)",-0.109,0
"chr11:115320460:115320608:115320231:115320711:SE","SE","ENSMUSG00000016940","Kctd2",148,"Regular (>50bp)",-0.357,3.07728044322999e-09
"chr2:103920473:103920619:103911443:103921348:SE","SE","ENSMUSG00000068686","Cd59b",146,"Regular (>50bp)",0.344,5.62550019090521e-05
"chr11:102422138:102422156:102418992:102429107:SE","SE","ENSMUSG00000034621","Gpatch8",18,"Microexon (0-30bp)",-0.107,0.00110545444193773
"chr8:71943298:71943611:71943181:71943709:SE","SE","ENSMUSG00000007610","Gtpbp3",313,"Regular (>50bp)",-0.182,0.00144016713760279
"chr2:29904169:29904184:29903850:29905600:SE","SE","ENSMUSG00000057738","Sptan1",15,"Microexon (0-30bp)",-0.216,0
"chr4:102859654:102859779:102849783:102861337:SE","SE","ENSMUSG00000028523","Dynlt5",125,"Regular (>50bp)",-0.132,0.0013292921009548
"chr7:30181401:30181495:30181241:30186009:SE","SE","ENSMUSG00000006649","Nphs1",94,"Regular (>50bp)",0.366,0.000630664384618119
"chr3:9008610:9008637:9001540:9009670:SE","SE","ENSMUSG00000027506","Tpd52",27,"Microexon (0-30bp)",0.115,0
"chr8:83716975:83717226:83591119:83730203:SE","SE","ENSMUSG00000047747","Rnf150",251,"Regular (>50bp)",-0.101,0.0136454000238892
"chr8:107799353:107799430:107799277:107803510:SE","SE","ENSMUSG00000031921","Terf2",77,"Regular (>50bp)",-0.169,0.00230181482453171
"chr19:8750868:8750986:8750470:8751698:SE","SE","ENSMUSG00000118346","Tmem179b",118,"Regular (>50bp)",-0.114,0.00561178543096076
"chr3:89938617:89938677:89935684:89941371:SE","SE","ENSMUSG00000042520","Ubap2l",60,"Regular (>50bp)",0.102,3.94430021856465e-06
"chr6:134854179:134854297:134847406:134863853:SE","SE","ENSMUSG00000032641","Gpr19",118,"Regular (>50bp)",-0.148,0.0170348785446787
"chr6:134854179:134854297:134847445:134864592:SE","SE","ENSMUSG00000032641","Gpr19",118,"Regular (>50bp)",-0.106,0.0291631464710411
"chr10:88316676:88316808:88313030:88318092:SE","SE","ENSMUSG00000060002","Chpt1",132,"Regular (>50bp)",0.143,0.0444072581279937
"chr10:88317214:88317241:88316808:88318092:SE","SE","ENSMUSG00000060002","Chpt1",27,"Microexon (0-30bp)",-0.272,0.000679456720161651
"chr1:153352169:153352308:153351455:153353786:SE","SE","ENSMUSG00000042699","Dhx9",139,"Regular (>50bp)",-0.107,8.00914175266303e-06
"chr1:151288541:151288597:151283386:151295850:SE","SE","ENSMUSG00000052748","Swt1",56,"Regular (>50bp)",0.316,0.000198346347251937
"chr13:54889821:54889921:54888426:54897382:SE","SE","ENSMUSG00000069227","Gprin1",100,"Regular (>50bp)",0.102,0.000405519870873261
"chr12:83872032:83872065:83858134:83878695:SE","SE","ENSMUSG00000021224","Numb",33,"Small (30-50bp)",0.109,0.000270324741562492
"chr16:90744953:90745001:90743750:90746586:SE","SE","ENSMUSG00000022973","Synj1",48,"Small (30-50bp)",0.422,0.000220853498945123
"chr3:81853620:81853742:81849639:81858679:SE","SE","ENSMUSG00000028015","Ctso",122,"Regular (>50bp)",-0.146,0.00228540586761088
"chr8:75560078:75560151:75555048:75560361:SE","SE","ENSMUSG00000079011","Gm11033",73,"Regular (>50bp)",0.249,0.000248035357492212
"chr7:141045678:141045750:141045269:141045958:SE","SE","ENSMUSG00000048200","Cracr2b",72,"Regular (>50bp)",-0.204,0.0039589124560616
"chr7:66874123:66874149:66873639:66874773:SE","SE","ENSMUSG00000043831","Lysmd4",26,"Microexon (0-30bp)",-0.241,0.00738641869172005
"chr3:87834869:87835015:87834181:87835230:SE","SE","ENSMUSG00000004896","Rrnad1",146,"Regular (>50bp)",-0.187,0.0361354766675684
"chrX:151103205:151103280:151081870:151110156:SE","SE","ENSMUSG00000087403","Kantr",75,"Regular (>50bp)",0.139,3.09276183849629e-07
"chr7:120651309:120651519:120634198:120675352:SE","SE","ENSMUSG00000030876","Mettl9",210,"Regular (>50bp)",-0.212,0.00433659793026078
"chr9:57046137:57046253:57045804:57046352:SE","SE","ENSMUSG00000032295","Man2c1",116,"Regular (>50bp)",-0.118,3.6239117168899e-09
"chr2:18097594:18097645:18076015:18127055:SE","SE","ENSMUSG00000026743","Mllt10",51,"Regular (>50bp)",0.222,1.76112398156733e-06
"chr2:18106268:18106323:18076015:18127055:SE","SE","ENSMUSG00000026743","Mllt10",55,"Regular (>50bp)",0.148,0.0065594185112459
"chr2:18114592:18114702:18076015:18127055:SE","SE","ENSMUSG00000026743","Mllt10",110,"Regular (>50bp)",0.111,0.00395471130383982
"chr2:18128529:18128623:18106323:18151587:SE","SE","ENSMUSG00000026743","Mllt10",94,"Regular (>50bp)",0.111,0.0167699810442412
"chr4:58905003:58905107:58885498:58911868:SE","SE","ENSMUSG00000050812","Ecpas",104,"Regular (>50bp)",0.114,0.0303461957826197
"chr15:98538569:98538631:98538335:98539057:SE","SE","ENSMUSG00000003352","Cacnb3",62,"Regular (>50bp)",-0.19,6.51576728307701e-05
"chr15:98538839:98538859:98538335:98539057:SE","SE","ENSMUSG00000003352","Cacnb3",20,"Microexon (0-30bp)",-0.117,0.0004518079449838
"chr4:152383593:152383702:152383230:152384127:SE","SE","ENSMUSG00000039662","Icmt",109,"Regular (>50bp)",0.109,0.000207488581034183
"chr1:152843667:152843727:152831078:152949542:SE","SE","ENSMUSG00000042751","Nmnat2",60,"Regular (>50bp)",-0.549,4.39260381309807e-07
"chr2:27174850:27174865:27173430:27175644:SE","SE","ENSMUSG00000009621","Vav2",15,"Microexon (0-30bp)",-0.111,3.07864615168397e-05
"chr2:27190441:27190456:27189484:27192019:SE","SE","ENSMUSG00000009621","Vav2",15,"Microexon (0-30bp)",-0.197,0
"chr2:24777014:24777081:24767638:24809565:SE","SE","ENSMUSG00000036893","Ehmt1",67,"Regular (>50bp)",-0.12,0.045442495293569
"chr6:51438899:51439035:51438413:51440390:SE","SE","ENSMUSG00000004980","Hnrnpa2b1",136,"Regular (>50bp)",-0.165,2.02694668392243e-09
"chr11:23312576:23312612:23311716:23313057:SE","SE","ENSMUSG00000056342","Usp34",36,"Small (30-50bp)",-0.173,0.000552996805676707
"chr5:31765566:31765694:31754365:31807646:SE","SE","ENSMUSG00000106918","Mrpl33",128,"Regular (>50bp)",0.111,0.0444219873945958
"chr5:31786959:31787064:31773831:31811811:SE","SE","ENSMUSG00000106918","Mrpl33",105,"Regular (>50bp)",0.293,0.0122014096782684
"chr13:65443413:65443540:65442298:65451631:SE","SE","ENSMUSG00000021514","Zfp369",127,"Regular (>50bp)",0.115,0.0442401722203466
"chr2:28337896:28337994:28336908:28338703:SE","SE","ENSMUSG00000035829","Ppp1r26",98,"Regular (>50bp)",-0.111,0.00734415298529202
"chr14:79588128:79588270:79582548:79588812:SE","SE","ENSMUSG00000022020","Naa16",142,"Regular (>50bp)",0.17,0.000657760810194221
"chr2:173441382:173441480:173438980:173450525:SE","SE","ENSMUSG00000121504","Ppp4r1l-ps",98,"Regular (>50bp)",-0.155,3.37704658606847e-06
"chr2:173450525:173450672:173438980:173501115:SE","SE","ENSMUSG00000121504","Ppp4r1l-ps",147,"Regular (>50bp)",-0.104,0.00170368124544772
"chr2:173457275:173457369:173438980:173501115:SE","SE","ENSMUSG00000121504","Ppp4r1l-ps",94,"Regular (>50bp)",-0.351,0.00141409759162855
"chr2:173457275:173457369:173450672:173487249:SE","SE","ENSMUSG00000121504","Ppp4r1l-ps",94,"Regular (>50bp)",-0.15,6.77305362617362e-05
"chr2:173490962:173491160:173450672:173501115:SE","SE","ENSMUSG00000121504","Ppp4r1l-ps",198,"Regular (>50bp)",-0.131,0.0417187904556515
"chr2:173490962:173491160:173487351:173501115:SE","SE","ENSMUSG00000121504","Ppp4r1l-ps",198,"Regular (>50bp)",-0.201,0.0107403721334077
"chr1:75466126:75466393:75465345:75467439:SE","SE","ENSMUSG00000026211","Obsl1",267,"Regular (>50bp)",-0.13,0.0437120336292298
"chr1:75468710:75468986:75468101:75469149:SE","SE","ENSMUSG00000026211","Obsl1",276,"Regular (>50bp)",-0.134,0.00419885573854613
"chr17:56859687:56859996:56858989:56860448:SE","SE","ENSMUSG00000110218","Tincr",309,"Regular (>50bp)",-0.158,6.38313611492324e-05
"chr2:30025380:30025564:30024882:30026684:SE","SE","ENSMUSG00000039678","Tbc1d13",184,"Regular (>50bp)",-0.125,3.13897056497055e-14
"chr2:30025420:30025564:30024882:30026684:SE","SE","ENSMUSG00000039678","Tbc1d13",144,"Regular (>50bp)",-0.155,6.78763536026219e-12
"chr2:35707734:35707833:35685614:35779276:SE","SE","ENSMUSG00000026885","Ttll11",99,"Regular (>50bp)",0.11,0.00054315191631431
"chr19:6975300:6975470:6974145:6975559:SE","SE","ENSMUSG00000047656","Trpt1",170,"Regular (>50bp)",-0.116,0.00622355715326184
"chr2:156943240:156943363:156941423:156943640:SE","SE","ENSMUSG00000027639","Samhd1",123,"Regular (>50bp)",-0.157,0
"chrX:162703901:162703996:162700839:162715128:SE","SE","ENSMUSG00000031367","Ap1s2",95,"Regular (>50bp)",-0.755,8.08260460600262e-05
"chr9:80214241:80214460:80207948:80214953:SE","SE","ENSMUSG00000033577","Myo6",219,"Regular (>50bp)",-0.134,3.55702936240723e-07
"chr17:29496712:29496921:29487976:29501033:SE","SE","ENSMUSG00000052712","BC004004",209,"Regular (>50bp)",0.101,0.00102357919254255
"chr8:32327697:32327756:32316383:32339337:SE","SE","ENSMUSG00000062991","Nrg1",59,"Regular (>50bp)",-0.123,0.0491066822674095
"chr2:121058125:121058329:121046652:121066053:SE","SE","ENSMUSG00000043909","Trp53bp1",204,"Regular (>50bp)",-0.115,0.0098738623034297
"chr1:152718980:152719130:152717344:152719786:SE","SE","ENSMUSG00000042772","Smg7",150,"Regular (>50bp)",-0.115,0.00587165290635847
"chr9:62775958:62776099:62765554:62778547:SE","SE","ENSMUSG00000032246","Calml4",141,"Regular (>50bp)",-0.137,0.0144190637326132
"chr1:93407185:93407321:93406790:93416849:SE","SE","ENSMUSG00000026276","Septin2",136,"Regular (>50bp)",-0.103,0.0124404949029807
"chr1:93407185:93407321:93406790:93418878:SE","SE","ENSMUSG00000026276","Septin2",136,"Regular (>50bp)",-0.349,0.00195485155236755
"chr1:93407185:93407321:93406902:93416849:SE","SE","ENSMUSG00000026276","Septin2",136,"Regular (>50bp)",-0.334,0.000987228379350144
"chr2:25350666:25350727:25350086:25350798:SE","SE","ENSMUSG00000047617","Paxx",61,"Regular (>50bp)",-0.112,0.000445282830365399
"chr7:144003673:144003758:144003352:144005763:SE","SE","ENSMUSG00000031078","Cttn",85,"Regular (>50bp)",-0.12,3.46609414431529e-11
"chr8:64160796:64160957:64154639:64192483:SE","SE","ENSMUSG00000109825","Gm45589",161,"Regular (>50bp)",0.104,0.00591486582483082
"chr6:29484809:29484921:29484715:29485001:SE","SE","ENSMUSG00000059022","Kcp",112,"Regular (>50bp)",-0.287,3.49766090606658e-06
"chr4:89214789:89214947:89213434:89288010:SE","SE","ENSMUSG00000086035","Gm12610",158,"Regular (>50bp)",0.105,0.00111612344800949
"chr4:89288010:89288109:89214947:89347835:SE","SE","ENSMUSG00000086035","Gm12610",99,"Regular (>50bp)",-0.166,0.000562395495860597
"chr4:89288010:89288109:89214841:89310031:SE","SE","ENSMUSG00000086035","Gm12610",99,"Regular (>50bp)",0.229,0.00130502308702033
"chr4:89288010:89288109:89214841:89347835:SE","SE","ENSMUSG00000086035","Gm12610",99,"Regular (>50bp)",-0.177,0.0296434974955646
"chr4:89288010:89288109:89274997:89340867:SE","SE","ENSMUSG00000086035","Gm12610",99,"Regular (>50bp)",0.126,0.0263479145679208
"chr4:89340867:89340979:89214947:89347835:SE","SE","ENSMUSG00000086035","Gm12610",112,"Regular (>50bp)",-0.119,0.000476791155561025
"chr4:89340867:89340979:89288109:89347835:SE","SE","ENSMUSG00000086035","Gm12610",112,"Regular (>50bp)",-0.176,0.0129005630599967
"chr4:89343084:89343626:89340979:89347835:SE","SE","ENSMUSG00000086035","Gm12610",542,"Regular (>50bp)",-0.165,0.0158418989840933
"chr4:89347835:89347975:89288109:89351491:SE","SE","ENSMUSG00000086035","Gm12610",140,"Regular (>50bp)",0.222,0.000309226289483404
"chr4:89363027:89363352:89351577:89402250:SE","SE","ENSMUSG00000086035","Gm12610",325,"Regular (>50bp)",-0.284,0.00733364758642594
"chr1:119633884:119634043:119620639:119643676:SE","SE","ENSMUSG00000026384","Ptpn4",159,"Regular (>50bp)",-0.108,0.000244615962471892
"chr5:146229433:146229577:146223049:146231972:SE","SE","ENSMUSG00000029635","Cdk8",144,"Regular (>50bp)",0.153,3.5025007525633e-06
"chr5:146229448:146229577:146223049:146231972:SE","SE","ENSMUSG00000029635","Cdk8",129,"Regular (>50bp)",0.147,2.90743084907931e-07
"chr11:118016102:118016228:118015207:118016440:SE","SE","ENSMUSG00000033987","Dnah17",126,"Regular (>50bp)",-0.335,0.0125229623226886
"chr5:115037802:115038091:115035923:115039300:SE","SE","ENSMUSG00000029561","Oasl2",289,"Regular (>50bp)",-0.157,0.00262407004465354
"chr11:88611518:88611657:88611398:88613475:SE","SE","ENSMUSG00000087574","C030037D09Rik",139,"Regular (>50bp)",-0.134,0.00866784079248311
"chr13:61044441:61044559:61044174:61045148:SE","SE","ENSMUSG00000074874","Ctla2b",118,"Regular (>50bp)",-0.105,0.0449510589036202
"chr2:14120627:14120703:14079147:14122199:SE","SE","ENSMUSG00000026718","Stam",76,"Regular (>50bp)",0.143,0.0487516491673954
"chr7:130264745:130264871:130248160:130276331:SE","SE","ENSMUSG00000030852","Tacc2",126,"Regular (>50bp)",0.111,0.027714920034109
"chr7:58890714:58890781:58879019:58893097:SE","SE","ENSMUSG00000025326","Ube3a",67,"Regular (>50bp)",0.127,0.0005976497772668
"chr2:34797016:34797112:34795610:34801175:SE","SE","ENSMUSG00000026873","Phf19",96,"Regular (>50bp)",-0.123,0.006253037163401
"chr6:83029678:83029707:83029523:83030018:SE","SE","ENSMUSG00000068329","Htra2",29,"Microexon (0-30bp)",-0.175,1.28323871904668e-11
"chr2:73509958:73510247:73462174:73605366:SE","SE","ENSMUSG00000056486","Chn1",289,"Regular (>50bp)",-0.2,0.00106075590979512
"chr2:73537262:73537376:73490101:73546707:SE","SE","ENSMUSG00000056486","Chn1",114,"Regular (>50bp)",-0.115,0.000230654801698775
"chr3:55032175:55032346:55029218:55033954:SE","SE","ENSMUSG00000036580","Spg20",171,"Regular (>50bp)",-0.109,7.87292144297463e-05
"chr9:56964552:56964725:56964422:56964949:SE","SE","ENSMUSG00000074284","Gm10658",173,"Regular (>50bp)",-0.372,0.000580308474642218
"chr8:124174055:124174102:124172923:124174526:SE","SE","ENSMUSG00000001482","Def8",47,"Small (30-50bp)",-0.364,1.16031370093126e-07
"chr5:53988708:53988830:53987842:53990311:SE","SE","ENSMUSG00000039178","Tbc1d19",122,"Regular (>50bp)",-0.184,0
"chr7:44117729:44117841:44117583:44118230:SE","SE","ENSMUSG00000038695","Josd2",112,"Regular (>50bp)",0.102,0.00306503440583301
"chr7:44117783:44117841:44117583:44118230:SE","SE","ENSMUSG00000038695","Josd2",58,"Regular (>50bp)",0.105,0.00161572171267166
"chr2:131920332:131920421:131919413:131931015:SE","SE","ENSMUSG00000027340","Slc23a2",89,"Regular (>50bp)",0.127,0.000110574371411442
"chr4:116673779:116673893:116673704:116674151:SE","SE","ENSMUSG00000028687","Mutyh",114,"Regular (>50bp)",-0.2,0.0467259227622375
"chr2:91090208:91090272:91087271:91090515:SE","SE","ENSMUSG00000027257","Pacsin3",64,"Regular (>50bp)",0.253,1.45255002074864e-07
"chr2:91090212:91090272:91087271:91090515:SE","SE","ENSMUSG00000027257","Pacsin3",60,"Regular (>50bp)",0.253,5.26739603305051e-06
"chr3:9509218:9509402:9508966:9511019:SE","SE","ENSMUSG00000040209","Zfp704",184,"Regular (>50bp)",-0.634,0.000431238644821096
"chr2:63858253:63858311:63811243:63928185:SE","SE","ENSMUSG00000075324","Fign",58,"Regular (>50bp)",0.324,3.21329993577969e-06
"chr2:63927238:63927408:63811243:63928185:SE","SE","ENSMUSG00000075324","Fign",170,"Regular (>50bp)",0.186,0.0479604089986477
"chr3:159228162:159228993:159226607:159229413:SE","SE","ENSMUSG00000028175","Depdc1a",831,"Regular (>50bp)",-0.128,0.0218245182551564
"chr2:180620204:180620234:180619145:180620963:SE","SE","ENSMUSG00000027575","Arfgap1",30,"Microexon (0-30bp)",-0.169,0
"chr2:69606473:69606613:69592230:69608403:SE","SE","ENSMUSG00000070883","Ccdc173",140,"Regular (>50bp)",-0.137,0.0130658741814207
"chr9:4313701:4313806:4309934:4316826:SE","SE","ENSMUSG00000025893","Kbtbd3",105,"Regular (>50bp)",0.126,0.00366606251582448
"chr4:101389194:101389259:101353960:101454997:SE","SE","ENSMUSG00000028528","Dnajc6",65,"Regular (>50bp)",0.452,0.000295766363456992
"chr2:76390529:76390604:76386326:76395127:SE","SE","ENSMUSG00000042359","Osbpl6",75,"Regular (>50bp)",-0.13,1.39787063562537e-05
"chr5:108217027:108217229:108213831:108221172:SE","SE","ENSMUSG00000029267","Mtf2",202,"Regular (>50bp)",-0.167,5.52649060073379e-12
"chr5:108217027:108217389:108213831:108221172:SE","SE","ENSMUSG00000029267","Mtf2",362,"Regular (>50bp)",-0.174,3.05742976804348e-10
"chr5:108226731:108226840:108226294:108228690:SE","SE","ENSMUSG00000029267","Mtf2",109,"Regular (>50bp)",0.234,0.00119453669583416
"chr5:137299579:137299909:137298675:137300387:SE","SE","ENSMUSG00000037364","Srrt",330,"Regular (>50bp)",-0.156,4.89969856231007e-07
"chr2:10582339:10582438:10580322:10582625:SE","SE","ENSMUSG00000061186","Sfmbt2",99,"Regular (>50bp)",-0.203,3.13897056497055e-14
"chr5:110287982:110288055:110284518:110288219:SE","SE","ENSMUSG00000014668","Chfr",73,"Regular (>50bp)",-0.208,0.00541359089233251
"chr9:69925961:69926100:69924473:69926670:SE","SE","ENSMUSG00000033543","Gtf2a2",139,"Regular (>50bp)",-0.139,0.00247552174784116
"chr4:151876875:151876959:151670939:151914874:SE","SE","ENSMUSG00000014592","Camta1",84,"Regular (>50bp)",0.112,1.36042331803072e-08
"chr1:37422419:37422452:37419258:37426778:SE","SE","ENSMUSG00000026113","Inpp4a",33,"Small (30-50bp)",0.191,0.000597907691344336
"chr3:127609244:127609343:127606944:127610558:SE","SE","ENSMUSG00000074238","Ap1ar",99,"Regular (>50bp)",-0.124,3.13897056497055e-14
"chr2:32994864:32995035:32954090:33021602:SE","SE","ENSMUSG00000038860","Garnl3",171,"Regular (>50bp)",-0.116,0.00119149307584354
"chr7:61254263:61254448:61185236:61264907:SE","SE","ENSMUSG00000109006","B230209E15Rik",185,"Regular (>50bp)",0.239,0.00457183343929406
"chr2:154342319:154342463:154278556:154346472:SE","SE","ENSMUSG00000038533","Cbfa2t2",144,"Regular (>50bp)",-0.126,2.93427147062171e-05
"chr6:124381091:124381181:124380866:124381588:SE","SE","ENSMUSG00000005069","Pex5",90,"Regular (>50bp)",-0.154,0.000336218499461787
"chr6:124381091:124381202:124380866:124381588:SE","SE","ENSMUSG00000005069","Pex5",111,"Regular (>50bp)",-0.142,3.1354393149512e-06
"chr2:93651954:93652026:93650494:93652731:SE","SE","ENSMUSG00000027198","Ext2",72,"Regular (>50bp)",0.182,0.0353969139533125
"chr2:80401556:80401574:80400573:80411201:SE","SE","ENSMUSG00000027002","Nckap1",18,"Microexon (0-30bp)",-0.142,0
"chr1:169975564:169975612:169971032:169976839:SE","SE","ENSMUSG00000026670","Uap1",48,"Small (30-50bp)",-0.223,0
"chr1:169975564:169975615:169971032:169976839:SE","SE","ENSMUSG00000026670","Uap1",51,"Regular (>50bp)",-0.129,0
"chr1:169976839:169977028:169971032:170002318:SE","SE","ENSMUSG00000026670","Uap1",189,"Regular (>50bp)",0.125,0.00245680672212437
"chr10:128479743:128479837:128479634:128481589:SE","SE","ENSMUSG00000002578","Ikzf4",94,"Regular (>50bp)",-0.186,0.0317159376809196
"chr5:122181832:122181907:122062978:122188078:SE","SE","ENSMUSG00000042589","Cux2",75,"Regular (>50bp)",0.312,0.000315373777062646
"chr10:79972523:79972577:79972328:79972707:SE","SE","ENSMUSG00000035640","Cbarp",54,"Regular (>50bp)",-0.154,0
"chr17:50198717:50198853:50197116:50202827:SE","SE","ENSMUSG00000023999","Kif6",136,"Regular (>50bp)",-0.312,3.61083174456127e-05
"chr2:128178291:128178414:128172969:128271013:SE","SE","ENSMUSG00000074813","Morrbid",123,"Regular (>50bp)",0.176,0.000418863049318098
"chr2:118377774:118377851:118377493:118379521:SE","SE","ENSMUSG00000040093","Bmf",77,"Regular (>50bp)",0.193,1.34288923752851e-05
"chr4:16172824:16172984:16164191:16210860:SE","SE","ENSMUSG00000085112","A530072M11Rik",160,"Regular (>50bp)",-0.247,0.0270460801486896
"chr6:131268703:131268903:131266410:131270034:SE","SE","ENSMUSG00000030188","Magohb",200,"Regular (>50bp)",-0.177,4.41519431700538e-06
"chr9:44685479:44685528:44685081:44687653:SE","SE","ENSMUSG00000002031","Ift46",49,"Small (30-50bp)",0.809,6.10355387630414e-14
"chr9:44685479:44685528:44685081:44687656:SE","SE","ENSMUSG00000002031","Ift46",49,"Small (30-50bp)",0.499,0.00420438101659756
"chr9:44687653:44687758:44685081:44689890:SE","SE","ENSMUSG00000002031","Ift46",105,"Regular (>50bp)",-0.27,3.68914802048504e-05
"chrX:41183243:41184149:41157359:41185489:SE","SE","ENSMUSG00000025860","Xiap",906,"Regular (>50bp)",-0.104,0.000788579759333613
"chr5:135178843:135178993:135178718:135183167:SE","SE","ENSMUSG00000005374","Tbl2",150,"Regular (>50bp)",-0.417,1.36762729764178e-10
"chr2:120560779:120560983:120560580:120561182:SE","SE","ENSMUSG00000027284","Cdan1",204,"Regular (>50bp)",-0.11,0.00194657457092043
"chr2:120560779:120560986:120560580:120561182:SE","SE","ENSMUSG00000027284","Cdan1",207,"Regular (>50bp)",-0.103,0.00270940237807841
"chr2:122471036:122471229:122469879:122472613:SE","SE","ENSMUSG00000118663","Spata5l1",193,"Regular (>50bp)",-0.157,0.000111154817662421
"chr3:107801904:107801972:107801544:107802176:SE","SE","ENSMUSG00000086968","4933431E20Rik",68,"Regular (>50bp)",-0.279,0.0344803879032682
"chr3:107802176:107802308:107801972:107802958:SE","SE","ENSMUSG00000086968","4933431E20Rik",132,"Regular (>50bp)",0.18,0.00185878858143873
"chr2:127423778:127423995:127423466:127426549:SE","SE","ENSMUSG00000034800","Zfp661",217,"Regular (>50bp)",-0.184,3.81143746070178e-07
"chr2:127423778:127423995:127423466:127426585:SE","SE","ENSMUSG00000034800","Zfp661",217,"Regular (>50bp)",-0.313,0.000116923917166716
"chr19:46050840:46050933:46050015:46051050:SE","SE","ENSMUSG00000055491","Pprc1",93,"Regular (>50bp)",0.12,0.0271203804461278
"chr2:127601495:127601606:127590032:127603081:SE","SE","ENSMUSG00000027378","Nphp1",111,"Regular (>50bp)",0.113,0.00141245339804656
"chr7:100299134:100299239:100294876:100302860:SE","SE","ENSMUSG00000030701","Plekhb1",105,"Regular (>50bp)",0.167,0.00306202157361002
"chr19:46595150:46595198:46587732:46632791:SE","SE","ENSMUSG00000047731","Wbp1l",48,"Small (30-50bp)",0.145,1.31226921756948e-07
"chr5:146900030:146900190:146896086:146900532:SE","SE","ENSMUSG00000016510","Mtif3",160,"Regular (>50bp)",0.114,0.000758426200563966
"chr7:41252301:41252421:41248824:41252859:SE","SE","ENSMUSG00000091474","2610021A01Rik",120,"Regular (>50bp)",-0.24,0.0112029065821442
"chr7:41252301:41252421:41251239:41252859:SE","SE","ENSMUSG00000091474","2610021A01Rik",120,"Regular (>50bp)",-0.114,0.000958206578132812
"chr7:41252301:41252421:41251239:41261099:SE","SE","ENSMUSG00000091474","2610021A01Rik",120,"Regular (>50bp)",-0.136,9.0611329107281e-05
"chr11:68716995:68717030:68713491:68720740:SE","SE","ENSMUSG00000018736","Ndel1",35,"Small (30-50bp)",0.11,0
"chr8:72995567:72995782:72994087:73000496:SE","SE","ENSMUSG00000003033","Ap1m1",215,"Regular (>50bp)",-0.28,0.0157787671167549
"chr5:110254735:110254806:110254649:110255721:SE","SE","ENSMUSG00000033434","Gtpbp6",71,"Regular (>50bp)",-0.159,2.01290237575617e-09
"chr1:66645610:66645814:66640379:66647550:SE","SE","ENSMUSG00000055567","Unc80",204,"Regular (>50bp)",-0.105,0.0095133670099723
"chr2:154636318:154636387:154633151:154662926:SE","SE","ENSMUSG00000027593","Raly",69,"Regular (>50bp)",0.118,0.0132819014482812
"chr5:125566846:125566960:125559997:125580246:SE","SE","ENSMUSG00000029482","Aacs",114,"Regular (>50bp)",0.235,0.0288273923666234
"chr2:144020947:144021068:144016664:144031060:SE","SE","ENSMUSG00000074758","Gm5535",121,"Regular (>50bp)",-0.114,0.00662653487200896
"chr2:144333691:144333817:144332197:144343346:SE","SE","ENSMUSG00000037259","Dzank1",126,"Regular (>50bp)",-0.215,0.00172166843415966
"chr5:9176539:9176749:9174527:9177956:SE","SE","ENSMUSG00000042508","Dmtf1",210,"Regular (>50bp)",-0.104,0.00261899138239011
"chr1:66740775:66740795:66740176:66745604:SE","SE","ENSMUSG00000026005","Rpe",20,"Microexon (0-30bp)",0.122,0.042373525672066
"chr8:121300909:121301017:121299645:121301672:SE","SE","ENSMUSG00000031822","Gse1",108,"Regular (>50bp)",0.126,0
"chr10:126932783:126932948:126932611:126933800:SE","SE","ENSMUSG00000040462","Os9",165,"Regular (>50bp)",-0.102,9.96518341292666e-08
"chr5:109703372:109703493:109703223:109703884:SE","SE","ENSMUSG00000033467","Crlf2",121,"Regular (>50bp)",-0.107,5.8499206511038e-05
"chr5:109703372:109703526:109703223:109703884:SE","SE","ENSMUSG00000033467","Crlf2",154,"Regular (>50bp)",-0.153,0.000165791555142259
"chr8:25690106:25690222:25668010:25691137:SE","SE","ENSMUSG00000065954","Tacc1",116,"Regular (>50bp)",0.144,7.79253957751958e-06
"chr2:152792540:152792574:152791040:152793254:SE","SE","ENSMUSG00000042662","Dusp15",34,"Small (30-50bp)",-0.156,0.000498756895547311
"chr4:129900544:129900709:129899347:129901354:SE","SE","ENSMUSG00000028782","Adgrb2",165,"Regular (>50bp)",-0.202,0.00267877201257874
"chr6:134043269:134043428:134013101:134114247:SE","SE","ENSMUSG00000030199","Etv6",159,"Regular (>50bp)",-0.151,4.71597423114658e-05
"chr4:152215508:152215751:152215418:152218617:SE","SE","ENSMUSG00000028943","Espn",243,"Regular (>50bp)",-0.126,0.0392324111372134
"chr4:152217380:152217413:152215751:152218617:SE","SE","ENSMUSG00000028943","Espn",33,"Small (30-50bp)",0.171,0.0330518015657889
"chr2:156170237:156170375:156161983:156175498:SE","SE","ENSMUSG00000038085","Cnbd2",138,"Regular (>50bp)",-0.154,0.00854039767322631
"chr4:149345616:149345658:149342460:149346592:SE","SE","ENSMUSG00000063077","Kif1b",42,"Small (30-50bp)",-0.198,2.47292595078468e-09
"chr4:149349801:149349819:149348147:149350708:SE","SE","ENSMUSG00000063077","Kif1b",18,"Microexon (0-30bp)",-0.122,0
"chr3:32801876:32801938:32791354:32805177:SE","SE","ENSMUSG00000027673","Ndufb5",62,"Regular (>50bp)",0.425,0.0112496448164851
"chr7:24618608:24618776:24616366:24619055:SE","SE","ENSMUSG00000040940","Arhgef1",168,"Regular (>50bp)",0.222,0.00136666181722495
"chr4:99123303:99123423:99112787:99146633:SE","SE","ENSMUSG00000028550","Atg4c",120,"Regular (>50bp)",0.132,0.0209533691185055
"chr2:90683159:90683210:90680048:90683394:SE","SE","ENSMUSG00000027282","Mtch2",51,"Regular (>50bp)",-0.229,0
"chr4:123257849:123257867:123254820:123259065:SE","SE","ENSMUSG00000028649","Macf1",18,"Microexon (0-30bp)",-0.137,0
"chr4:123290886:123291213:123289790:123291540:SE","SE","ENSMUSG00000028649","Macf1",327,"Regular (>50bp)",0.123,7.3407250048571e-07
"chr8:78159368:78159440:78153060:78177321:SE","SE","ENSMUSG00000037148","Arhgap10",72,"Regular (>50bp)",0.102,0.000138605833264212
"chr2:163501069:163501155:163500412:163563047:SE","SE","ENSMUSG00000035268","Pkig",86,"Regular (>50bp)",0.107,0.00679725396576918
"chr2:164306277:164309247:164303449:164314057:SE","SE","ENSMUSG00000045503","Sys1",2970,"Regular (>50bp)",0.156,0.0449526278135182
"chr7:28884103:28884193:28881754:28884388:SE","SE","ENSMUSG00000049676","Catsperg1",90,"Regular (>50bp)",0.4,0.0263307764599819
"chr7:28884103:28884193:28881754:28884419:SE","SE","ENSMUSG00000049676","Catsperg1",90,"Regular (>50bp)",0.229,0.000469030419802761
"chr7:28889637:28889756:28889452:28890151:SE","SE","ENSMUSG00000049676","Catsperg1",119,"Regular (>50bp)",-0.391,0.0115057864267803
"chr7:28889637:28890060:28889452:28890151:SE","SE","ENSMUSG00000049676","Catsperg1",423,"Regular (>50bp)",-0.277,0.00873644531963276
"chr7:28894638:28894748:28891173:28895252:SE","SE","ENSMUSG00000049676","Catsperg1",110,"Regular (>50bp)",0.146,0.0308526479109749
"chr7:28897773:28897833:28897645:28899541:SE","SE","ENSMUSG00000049676","Catsperg1",60,"Regular (>50bp)",-0.298,0.00144658037973034
"chr7:28906229:28906374:28899679:28910066:SE","SE","ENSMUSG00000049676","Catsperg1",145,"Regular (>50bp)",0.319,1.04409689194384e-05
"chr7:28909904:28909958:28899679:28910066:SE","SE","ENSMUSG00000049676","Catsperg1",54,"Regular (>50bp)",0.107,0.00320417012365989
"chr2:165122705:165122811:165120336:165123227:SE","SE","ENSMUSG00000017664","Slc35c2",106,"Regular (>50bp)",0.49,0.00376120389611437
"chr2:168046519:168046694:168029579:168048493:SE","SE","ENSMUSG00000051149","Adnp",175,"Regular (>50bp)",0.289,0.0118336456040224
"chr2:174858430:174858557:174852114:174858749:SE","SE","ENSMUSG00000078906","Gm14444",127,"Regular (>50bp)",0.171,0.00122979553870362
"chr2:60590102:60590150:60589198:60592613:SE","SE","ENSMUSG00000026970","Rbms1",48,"Small (30-50bp)",-0.109,1.68601818355716e-06
"chr2:129652407:129653157:129643924:129669693:SE","SE","ENSMUSG00000037885","Stk35",750,"Regular (>50bp)",-0.154,5.81443173539401e-05
"chr12:110845421:110845473:110843806:110846118:SE","SE","ENSMUSG00000021276","Cinp",52,"Regular (>50bp)",0.175,0.045925922029718
"chr2:180980027:180980147:180977839:180980848:SE","SE","ENSMUSG00000038685","Rtel1",120,"Regular (>50bp)",-0.111,5.2985879812659e-06
"chr2:180996801:180996918:180996235:180997120:SE","SE","ENSMUSG00000038685","Rtel1",117,"Regular (>50bp)",-0.173,0.00386516852811757
"chr4:32874206:32874370:32836433:32950746:SE","SE","ENSMUSG00000040183","Ankrd6",164,"Regular (>50bp)",-0.16,0.000357949181969969
"chr2:181358294:181358328:181357739:181359747:SE","SE","ENSMUSG00000027584","Oprl1",34,"Small (30-50bp)",0.418,8.23028332692743e-06
"chr2:181359747:181359886:181358328:181360169:SE","SE","ENSMUSG00000027584","Oprl1",139,"Regular (>50bp)",-0.288,0.00886053988611721
"chr8:27535951:27536027:27535163:27542263:SE","SE","ENSMUSG00000031485","Plpbp",76,"Regular (>50bp)",-0.255,0.00429232575527815
"chr5:134301377:134301440:134295510:134308290:SE","SE","ENSMUSG00000060261","Gtf2i",63,"Regular (>50bp)",0.123,0.0495043507073225
"chr2:126755219:126755273:126754665:126755451:SE","SE","ENSMUSG00000027366","Sppl2a",54,"Regular (>50bp)",-0.173,1.47624350126566e-07
"chr2:121236809:121236934:121228369:121240618:SE","SE","ENSMUSG00000033486","Catsper2",125,"Regular (>50bp)",-0.245,0.0202832513463988
"chr3:16241130:16241279:16237684:16243641:SE","SE","ENSMUSG00000047213","Ythdf3",149,"Regular (>50bp)",-0.13,0.0087996618535725
"chr3:90409422:90409560:90407414:90410402:SE","SE","ENSMUSG00000001017","Chtop",138,"Regular (>50bp)",-0.103,4.04967711294638e-08
"chr2:92016895:92016954:92015933:92044393:SE","SE","ENSMUSG00000058318","Phf21a",59,"Regular (>50bp)",-0.234,0.0157787671167549
"chr2:92017388:92017753:92015933:92044393:SE","SE","ENSMUSG00000058318","Phf21a",365,"Regular (>50bp)",-0.307,0.000129630711321597
"chr2:92045793:92045920:92044434:92051816:SE","SE","ENSMUSG00000058318","Phf21a",127,"Regular (>50bp)",0.132,0.000574649726309643
"chr6:31261937:31262217:31254890:31305223:SE","SE","ENSMUSG00000087380","2210408F21Rik",280,"Regular (>50bp)",0.12,0.00207863633298947
"chr6:31298324:31298411:31254890:31305223:SE","SE","ENSMUSG00000087380","2210408F21Rik",87,"Regular (>50bp)",0.22,0.0245953293155802
"chr6:31298324:31298411:31254890:31312925:SE","SE","ENSMUSG00000087380","2210408F21Rik",87,"Regular (>50bp)",0.176,0.0414415978839817
"chr6:31305223:31305295:31262055:31312925:SE","SE","ENSMUSG00000087380","2210408F21Rik",72,"Regular (>50bp)",-0.111,2.98765715796878e-06
"chr6:31305223:31305324:31262055:31312925:SE","SE","ENSMUSG00000087380","2210408F21Rik",101,"Regular (>50bp)",-0.105,0.0150515520339571
"chr6:31305225:31305295:31262055:31312925:SE","SE","ENSMUSG00000087380","2210408F21Rik",70,"Regular (>50bp)",-0.216,0.0122018076272996
"chr6:31305266:31305324:31254890:31312925:SE","SE","ENSMUSG00000087380","2210408F21Rik",58,"Regular (>50bp)",0.255,0.0159034753880853
"chr6:31313709:31313792:31312997:31314164:SE","SE","ENSMUSG00000087380","2210408F21Rik",83,"Regular (>50bp)",-0.259,8.63975196005069e-11
"chr6:31313738:31313792:31312997:31314164:SE","SE","ENSMUSG00000087380","2210408F21Rik",54,"Regular (>50bp)",-0.189,3.13897056497055e-14
"chr3:41708158:41708358:41703168:41710483:SE","SE","ENSMUSG00000025766","D3Ertd751e",200,"Regular (>50bp)",-0.116,0.0189424314770008
"chr9:21264296:21264468:21263847:21264977:SE","SE","ENSMUSG00000057193","Slc44a2",172,"Regular (>50bp)",-0.116,0.00127269536079976
"chr8:80010837:80011075:80008283:80021174:SE","SE","ENSMUSG00000037022","Mmaa",238,"Regular (>50bp)",-0.373,0.000138368747953419
"chr3:63609984:63610044:63609559:63611554:SE","SE","ENSMUSG00000036834","Plch1",60,"Regular (>50bp)",0.156,7.8652208403867e-06
"chr3:65857445:65857647:65856211:65857900:SE","SE","ENSMUSG00000027829","Ccnl1",202,"Regular (>50bp)",-0.209,1.33565770465604e-10
"chr3:65862550:65862697:65858975:65864273:SE","SE","ENSMUSG00000027829","Ccnl1",147,"Regular (>50bp)",-0.106,0.00168236275168582
"chr19:45065079:45065652:45064675:45066734:SE","SE","ENSMUSG00000025213","Kazald1",573,"Regular (>50bp)",-0.126,0.000319485934799967
"chr19:45065102:45065652:45064675:45066734:SE","SE","ENSMUSG00000025213","Kazald1",550,"Regular (>50bp)",-0.108,0.000339929778839638
"chr3:37046825:37046876:37044037:37048923:SE","SE","ENSMUSG00000037270","Bltp1",51,"Regular (>50bp)",-0.198,2.60266317588179e-10
"chr7:16194730:16194878:16190229:16195254:SE","SE","ENSMUSG00000001988","Npas1",148,"Regular (>50bp)",0.117,0.000155889898031129
"chrX:160038025:160038177:160029363:160039561:SE","SE","ENSMUSG00000000037","Scml2",152,"Regular (>50bp)",-0.251,0.0012169775474326
"chr7:66894268:66894292:66890188:66901404:SE","SE","ENSMUSG00000030557","Mef2a",24,"Microexon (0-30bp)",-0.188,3.82827506342898e-06
"chr2:25456257:25456392:25456168:25456463:SE","SE","ENSMUSG00000026941","Mamdc4",135,"Regular (>50bp)",-0.2,0.0287475300416684
"chr2:25456723:25456835:25456580:25456915:SE","SE","ENSMUSG00000026941","Mamdc4",112,"Regular (>50bp)",-0.243,0.00612320292522862
"chr4:133819360:133819520:133818547:133819629:SE","SE","ENSMUSG00000012123","Crybg2",160,"Regular (>50bp)",-0.176,2.67536117641584e-07
"chr12:88799322:88799340:88762663:88817048:SE","SE","ENSMUSG00000066392","Nrxn3",18,"Microexon (0-30bp)",-0.107,0.00452207672631305
"chr4:108873848:108873982:108871037:108874823:SE","SE","ENSMUSG00000053510","Nrd1",134,"Regular (>50bp)",-0.236,6.49148509418852e-05
"chr8:10071372:10071429:10057334:10081309:SE","SE","ENSMUSG00000031497","Tnfsf13b",57,"Regular (>50bp)",-0.177,0.000166593777625775
"chr6:148770486:148771143:148767450:148772110:SE","SE","ENSMUSG00000030309","Caprin2",657,"Regular (>50bp)",-0.302,2.35907906004115e-11
"chr6:58809386:58809521:58808917:58820588:SE","SE","ENSMUSG00000029804","Herc3",135,"Regular (>50bp)",-0.117,0.00189975198822809
"chr6:83174300:83174315:83173089:83174472:SE","SE","ENSMUSG00000031865","Dctn1",15,"Microexon (0-30bp)",-0.117,2.54634701482315e-07
"chr19:6498284:6498314:6493678:6500560:SE","SE","ENSMUSG00000033768","Nrxn2",30,"Microexon (0-30bp)",-0.159,0.0202547735468706
"chr19:6498284:6498314:6496451:6500557:SE","SE","ENSMUSG00000033768","Nrxn2",30,"Microexon (0-30bp)",0.247,0.00552988573066778
"chr2:91635368:91635455:91604092:91640374:SE","SE","ENSMUSG00000040506","Ambra1",87,"Regular (>50bp)",0.121,0.000310654817624556
"chr17:47889633:47889717:47816191:47904569:SE","SE","ENSMUSG00000034165","Ccnd3",84,"Regular (>50bp)",-0.216,4.42777925398897e-05
"chr17:47889633:47889717:47816191:47904578:SE","SE","ENSMUSG00000034165","Ccnd3",84,"Regular (>50bp)",-0.353,5.83851246187373e-07
"chr6:71535958:71536112:71521017:71537880:SE","SE","ENSMUSG00000053119","Chmp3",154,"Regular (>50bp)",0.191,8.77273641814199e-06
"chr6:71535997:71536112:71521017:71537880:SE","SE","ENSMUSG00000053119","Chmp3",115,"Regular (>50bp)",0.191,3.60836098034438e-05
"chr4:137814843:137814876:137772729:137824062:SE","SE","ENSMUSG00000028760","Eif4g3",33,"Small (30-50bp)",0.142,0.0302803529391185
"chr4:137814843:137814876:137810299:137823219:SE","SE","ENSMUSG00000028760","Eif4g3",33,"Small (30-50bp)",-0.141,0.000630664384618119
"chr6:72395999:72396249:72395449:72399398:SE","SE","ENSMUSG00000053460","Ggcx",250,"Regular (>50bp)",-0.173,0.00172934809568176
"chr6:72404880:72404963:72404156:72405440:SE","SE","ENSMUSG00000053460","Ggcx",83,"Regular (>50bp)",0.26,0.0346952164589474
"chr6:72404880:72405032:72404156:72405440:SE","SE","ENSMUSG00000053460","Ggcx",152,"Regular (>50bp)",0.17,0.0137970121377719
"chr4:152470180:152470295:152470053:152470405:SE","SE","ENSMUSG00000005045","Chd5",115,"Regular (>50bp)",-0.137,0
"chr18:5633203:5633357:5591967:5641381:SE","SE","ENSMUSG00000024238","Zeb1",154,"Regular (>50bp)",0.338,0.0022671396186551
"chr9:37424909:37424999:37401129:37428512:SE","SE","ENSMUSG00000042138","Msantd2",90,"Regular (>50bp)",-0.174,0.00865290946112223
"chr6:83084723:83084895:83084171:83085864:SE","SE","ENSMUSG00000087578","Ccdc142os",172,"Regular (>50bp)",-0.125,0.00617957643475387
"chr6:84073458:84073500:84064856:84074689:SE","SE","ENSMUSG00000033788","Dysf",42,"Small (30-50bp)",-0.143,2.01956169178647e-09
"chr6:84134120:84134183:84129391:84156653:SE","SE","ENSMUSG00000033788","Dysf",63,"Regular (>50bp)",-0.134,0.000280195582029883
"chr8:84662696:84662804:84662457:84681731:SE","SE","ENSMUSG00000074219","Gm10644",108,"Regular (>50bp)",-0.485,7.85399852131442e-08
"chr6:86396675:86396794:86395914:86397305:SE","SE","ENSMUSG00000071337","Tia1",119,"Regular (>50bp)",-0.128,0.0243641801895583
"chr6:86400587:86400653:86397393:86401326:SE","SE","ENSMUSG00000071337","Tia1",66,"Regular (>50bp)",-0.143,3.55782300614752e-07
"chr17:35261073:35261156:35260491:35263000:SE","SE","ENSMUSG00000007035","Msh5",83,"Regular (>50bp)",-0.322,9.86006679279446e-05
"chr17:35340286:35340487:35339503:35340769:SE","SE","ENSMUSG00000024387","Csnk2b",201,"Regular (>50bp)",-0.344,2.91601843438291e-06
"chr6:92082262:92082346:92068723:92116760:SE","SE","ENSMUSG00000005893","Nr2c2",84,"Regular (>50bp)",0.334,5.15892663881317e-06
"chr14:55145342:55145560:55145087:55145958:SE","SE","ENSMUSG00000022199","Slc22a17",218,"Regular (>50bp)",-0.344,0.0092939233289426
"chr14:55145342:55145823:55145087:55145958:SE","SE","ENSMUSG00000022199","Slc22a17",481,"Regular (>50bp)",-0.273,0.00376524794776399
"chr14:55145717:55145823:55145087:55145958:SE","SE","ENSMUSG00000022199","Slc22a17",106,"Regular (>50bp)",-0.367,0.00762153644306421
"chr6:97182063:97182308:97180555:97182493:SE","SE","ENSMUSG00000030061","Uba3",245,"Regular (>50bp)",0.102,6.29152564027324e-08
"chr6:99497557:99497693:99412306:99499508:SE","SE","ENSMUSG00000030067","Foxp1",136,"Regular (>50bp)",0.213,0.00253788279822853
"chr10:31214180:31214241:31208965:31219007:SE","SE","ENSMUSG00000000296","Tpd52l1",61,"Regular (>50bp)",-0.561,0.00014979744909032
"chr10:31214180:31214241:31208965:31222606:SE","SE","ENSMUSG00000000296","Tpd52l1",61,"Regular (>50bp)",-0.592,0.000113527244093131
"chr12:110827229:110827457:110822306:110830397:SE","SE","ENSMUSG00000021271","Zfp839",228,"Regular (>50bp)",-0.242,0.00157803820292536
"chr6:113086384:113086577:113054673:113086845:SE","SE","ENSMUSG00000034269","Setd5",193,"Regular (>50bp)",-0.105,0.0058226609798991
"chr6:34886648:34886762:34886475:34887440:SE","SE","ENSMUSG00000058486","Wdr91",114,"Regular (>50bp)",-0.599,6.38126107351054e-05
"chr9:111984485:111986866:111978440:112005162:SE","SE","ENSMUSG00000032503","Arpp21",2381,"Regular (>50bp)",-0.171,0.000599150887904193
"chr9:111986757:111986866:111978440:112005162:SE","SE","ENSMUSG00000032503","Arpp21",109,"Regular (>50bp)",-0.109,0.00589741868435199
"chr16:8428990:8429158:8426857:8431846:SE","SE","ENSMUSG00000057880","Abat",168,"Regular (>50bp)",-0.129,9.54026421227571e-12
"chr6:116378297:116379143:116378083:116380380:SE","SE","ENSMUSG00000025702","Marchf8",846,"Regular (>50bp)",-0.192,3.04326020538484e-10
"chr1:157294735:157294817:157293391:157316012:SE","SE","ENSMUSG00000033488","Cryzl2",82,"Regular (>50bp)",-0.14,0.037079933881615
"chr6:119888008:119888102:119879796:119895547:SE","SE","ENSMUSG00000030166","Rad52",94,"Regular (>50bp)",0.134,0.0136147538803283
"chrX:99853467:99853513:99851758:99855107:SE","SE","ENSMUSG00000000881","Dlg3",46,"Small (30-50bp)",0.134,7.81094895861366e-09
"chr6:121164217:121164525:121162809:121167059:SE","SE","ENSMUSG00000067825","Pex26",308,"Regular (>50bp)",-0.113,2.44457672884346e-07
"chr8:112735113:112735171:112735018:112736853:SE","SE","ENSMUSG00000031948","Kars",58,"Regular (>50bp)",-0.133,0.000224732437539234
"chr8:112736853:112736912:112735171:112737841:SE","SE","ENSMUSG00000031948","Kars",59,"Regular (>50bp)",0.113,3.78061307750116e-11
"chr7:97224794:97224898:97199948:97228572:SE","SE","ENSMUSG00000035642","Aamdc",104,"Regular (>50bp)",0.146,0.000689097897275384
"chr7:97224794:97224898:97207433:97228572:SE","SE","ENSMUSG00000035642","Aamdc",104,"Regular (>50bp)",0.105,0.00258624529481522
"chr8:106210820:106211059:106210415:106212093:SE","SE","ENSMUSG00000039199","Zdhhc1",239,"Regular (>50bp)",-0.215,6.33976024782799e-06
"chr6:125001376:125001515:125001233:125001708:SE","SE","ENSMUSG00000038346","Zfp384",139,"Regular (>50bp)",-0.122,0.036234618335544
"chr1:91036301:91036394:91035112:91039877:SE","SE","ENSMUSG00000026305","Lrrfip1",93,"Regular (>50bp)",0.102,0.00413963031152834
"chr6:32287395:32287527:32228104:32473647:SE","SE","ENSMUSG00000029765","Plxna4",132,"Regular (>50bp)",0.112,0.00300474676365773
"chr2:27060323:27060581:27058331:27061323:SE","SE","ENSMUSG00000000889","Dbh",258,"Regular (>50bp)",-0.146,0.0114783170626558
"chr12:51958987:51959014:51956876:51961756:SE","SE","ENSMUSG00000035181","Heatr5a",27,"Microexon (0-30bp)",0.22,0.0266003257680887
"chr14:70568717:70568815:70556389:70588728:SE","SE","ENSMUSG00000022094","Slc39a14",98,"Regular (>50bp)",0.145,0.00194435595737618
"chr7:125702794:125702887:125702362:125703875:SE","SE","ENSMUSG00000000131","Xpo6",93,"Regular (>50bp)",0.148,0.0300447947991917
"chr7:98002683:98002823:98002337:98010448:SE","SE","ENSMUSG00000049580","Tsku",140,"Regular (>50bp)",0.121,0.00202226264674503
"chr7:4511472:4511582:4510611:4512009:SE","SE","ENSMUSG00000064179","Tnnt1",110,"Regular (>50bp)",-0.101,0.0159130478191829
"chr7:4511472:4511624:4510611:4512009:SE","SE","ENSMUSG00000064179","Tnnt1",152,"Regular (>50bp)",-0.213,0.000747977373366288
"chr7:4555868:4555945:4555761:4557173:SE","SE","ENSMUSG00000035429","Ptprh",77,"Regular (>50bp)",-0.171,0.00229775904246734
"chrX:141535035:141535085:141465945:141588985:SE","SE","ENSMUSG00000047045","Tmem164",50,"Small (30-50bp)",-0.126,5.09260354793368e-05
"chr12:109572647:109572777:109570500:109573847:SE","SE","ENSMUSG00000097451","Rian",130,"Regular (>50bp)",-0.508,1.02092732003227e-07
"chr12:109583607:109583783:109573930:109586746:SE","SE","ENSMUSG00000097451","Rian",176,"Regular (>50bp)",0.344,0.0108037624816995
"chr6:49229736:49230042:49229449:49240771:SE","SE","ENSMUSG00000029817","Tra2a",306,"Regular (>50bp)",-0.13,1.13888094095388e-08
"chr18:65715797:65715880:65714662:65715967:SE","SE","ENSMUSG00000042439","Zfp532",83,"Regular (>50bp)",-0.18,0.00352533119084938
"chr18:65715797:65715880:65715433:65715967:SE","SE","ENSMUSG00000042439","Zfp532",83,"Regular (>50bp)",-0.24,0.016510069572183
"chr18:65777263:65777440:65758405:65815965:SE","SE","ENSMUSG00000042439","Zfp532",177,"Regular (>50bp)",0.218,0.0317497090082631
"chr7:18820817:18820966:18820509:18821164:SE","SE","ENSMUSG00000030409","Dmpk",149,"Regular (>50bp)",-0.186,0.000116923917166716
"chr18:38373891:38374006:38372242:38382766:SE","SE","ENSMUSG00000097080","1700086O06Rik",115,"Regular (>50bp)",0.106,0.000304020570954701
"chr8:84652890:84652905:84650984:84656092:SE","SE","ENSMUSG00000013033","Adgrl1",15,"Microexon (0-30bp)",-0.126,0.0141959276367446
"chr7:15720837:15721014:15713911:15721403:SE","SE","ENSMUSG00000070808","Bicra",177,"Regular (>50bp)",-0.159,0.00051811090979926
"chr7:16565270:16565505:16565063:16567102:SE","SE","ENSMUSG00000030374","Strn4",235,"Regular (>50bp)",-0.101,0.0332800409569284
"chr7:16627045:16627144:16626436:16628866:SE","SE","ENSMUSG00000063594","Gng8",99,"Regular (>50bp)",0.124,0.00468932595170997
"chr9:111463873:111464153:111435989:111519065:SE","SE","ENSMUSG00000032502","Stac",280,"Regular (>50bp)",-0.108,4.08732219436128e-05
"chr7:16784473:16784682:16783031:16785057:SE","SE","ENSMUSG00000004328","Hif3a",209,"Regular (>50bp)",-0.219,0.00154743014931343
"chr1:157334955:157335123:157334430:157352354:SE","SE","ENSMUSG00000026589","Sec16b",168,"Regular (>50bp)",-0.178,2.59957342057324e-07
"chr17:24975426:24975518:24972472:24976934:SE","SE","ENSMUSG00000039628","Hs3st6",92,"Regular (>50bp)",0.111,3.11804907215085e-06
"chr7:18893885:18893955:18893759:18896473:SE","SE","ENSMUSG00000030406","Gipr",70,"Regular (>50bp)",-0.344,6.30720236508342e-07
"chr12:70298793:70298817:70298034:70314835:SE","SE","ENSMUSG00000021071","Trim9",24,"Microexon (0-30bp)",0.3,0.0126767727515466
"chr12:70314007:70314040:70298034:70314835:SE","SE","ENSMUSG00000021071","Trim9",33,"Small (30-50bp)",0.281,0.011806652062461
"chrX:72899257:72899269:72898872:72899364:SE","SE","ENSMUSG00000031391","L1cam",12,"Microexon (0-30bp)",-0.179,0
"chr8:49306622:49306829:49300529:49311532:SE","SE","ENSMUSG00000100706","Gm19744",207,"Regular (>50bp)",-0.165,0.0333098753347684
"chr9:52054974:52055726:52038002:52079801:SE","SE","ENSMUSG00000035164","Zc3h12c",752,"Regular (>50bp)",-0.135,1.90128423900859e-05
"chr7:26960432:26960532:26957938:26961592:SE","SE","ENSMUSG00000063160","Numbl",100,"Regular (>50bp)",-0.132,0.0473911802836961
"chr11:69506857:69506946:69506553:69507162:SE","SE","ENSMUSG00000005202","Shbg",89,"Regular (>50bp)",-0.131,0.0041425651737977
"chr7:28594856:28594937:28594611:28595513:SE","SE","ENSMUSG00000054808","Actn4",81,"Regular (>50bp)",-0.11,7.33396025610593e-05
"chr7:28816632:28816653:28815612:28816758:SE","SE","ENSMUSG00000030592","Ryr1",21,"Microexon (0-30bp)",-0.288,0.00891484093789967
"chr10:62889642:62889731:62888237:62890105:SE","SE","ENSMUSG00000020072","Pbld2",89,"Regular (>50bp)",-0.167,0.0389427118370901
"chrX:93157801:93157869:93145986:93166673:SE","SE","ENSMUSG00000079509","Zfx",68,"Regular (>50bp)",-0.279,0.000155866825924027
"chr7:42314441:42314568:42314242:42342074:SE","SE","ENSMUSG00000069727","Zfp975",127,"Regular (>50bp)",0.221,0.0127552405054185
"chr7:42838466:42838574:42836977:42838725:SE","SE","ENSMUSG00000064194","Zfp936",108,"Regular (>50bp)",-0.156,0.00180500359869244
"chr7:42870265:42870329:42863571:42872998:SE","SE","ENSMUSG00000074887","EU599041",64,"Regular (>50bp)",-0.141,0.000106904733093646
"chr10:117992738:117992768:117988179:117993099:SE","SE","ENSMUSG00000020212","Mdm1",30,"Microexon (0-30bp)",-0.124,0
"chr11:51538834:51538989:51537101:51540975:SE","SE","ENSMUSG00000001053","N4bp3",155,"Regular (>50bp)",-0.359,0.0455946029911624
"chr7:43897333:43897483:43896232:43897675:SE","SE","ENSMUSG00000045411","2410002F23Rik",150,"Regular (>50bp)",-0.108,0.00335132142661094
"chr7:44140586:44140673:44140394:44141378:SE","SE","ENSMUSG00000008140","Emc10",87,"Regular (>50bp)",-0.109,1.19371306669874e-06
"chr17:47630277:47630544:47628847:47634203:SE","SE","ENSMUSG00000064043","Trerf1",267,"Regular (>50bp)",-0.118,0.00361328962545285
"chr2:67708171:67708236:67396378:67903792:SE","SE","ENSMUSG00000034780","B3galt1",65,"Regular (>50bp)",-0.122,0.000446342757155352
"chr7:44483374:44483516:44481605:44485927:SE","SE","ENSMUSG00000074141","Il4i1",142,"Regular (>50bp)",-0.241,0.00173710782867617
"chr7:44709628:44709783:44709435:44710164:SE","SE","ENSMUSG00000007837","Prrg2",155,"Regular (>50bp)",-0.126,0.020111244438949
"chr7:44709628:44709810:44709435:44710164:SE","SE","ENSMUSG00000007837","Prrg2",182,"Regular (>50bp)",-0.114,0.0084240667727097
"chr7:44709628:44709839:44709435:44710164:SE","SE","ENSMUSG00000007837","Prrg2",211,"Regular (>50bp)",-0.11,0.0458507845949077
"chr12:35128898:35129011:35097410:35135937:SE","SE","ENSMUSG00000020590","Snx13",113,"Regular (>50bp)",0.29,5.53840804473694e-07
"chr12:35132867:35132970:35097410:35135937:SE","SE","ENSMUSG00000020590","Snx13",103,"Regular (>50bp)",0.156,8.97576932367017e-08
"chr6:38531914:38531998:38528843:38542589:SE","SE","ENSMUSG00000029823","Luc7l2",84,"Regular (>50bp)",-0.322,9.4376012364881e-06
"chr4:128635708:128635877:128621663:128637146:SE","SE","ENSMUSG00000028796","Phc2",169,"Regular (>50bp)",-0.125,0.00674014215462902
"chr7:45164841:45164980:45164130:45165662:SE","SE","ENSMUSG00000023467","Tulp2",139,"Regular (>50bp)",-0.172,0.0170533348024479
"chr7:45164841:45164994:45164130:45165662:SE","SE","ENSMUSG00000023467","Tulp2",153,"Regular (>50bp)",-0.164,0.0312870732357171
"chr7:45190478:45190628:45190335:45193369:SE","SE","ENSMUSG00000040428","Plekha4",150,"Regular (>50bp)",-0.133,0.0282017471999398
"chr7:45506163:45506317:45503881:45506901:SE","SE","ENSMUSG00000002771","Grin2d",154,"Regular (>50bp)",-0.121,0.00379792490271077
"chr9:121614117:121614319:121613795:121617079:SE","SE","ENSMUSG00000032523","Hhatl",202,"Regular (>50bp)",-0.112,0.00841840647922134
"chr8:70738043:70738200:70737965:70738580:SE","SE","ENSMUSG00000003573","Homer3",157,"Regular (>50bp)",-0.101,2.53532237938914e-13
"chr7:49430868:49430918:49430091:49435814:SE","SE","ENSMUSG00000030505","Prmt3",50,"Small (30-50bp)",-0.186,0.000158285060328964
"chr7:143072586:143072622:143068374:143074120:SE","SE","ENSMUSG00000059119","Nap1l4",36,"Small (30-50bp)",0.133,6.90174686690001e-09
"chr7:126417465:126417525:126416483:126418995:SE","SE","ENSMUSG00000058966","Tlcd3b",60,"Regular (>50bp)",-0.304,0.0304633951298983
"chr7:16166698:16166947:16163835:16167945:SE","SE","ENSMUSG00000059273","Zc3h4",249,"Regular (>50bp)",-0.179,9.45733713744004e-05
"chr7:84302089:84302250:84283617:84328551:SE","SE","ENSMUSG00000030629","Zfand6",161,"Regular (>50bp)",0.138,0.00457183343929406
"chr11:61795600:61795685:61791272:61800673:SE","SE","ENSMUSG00000047804","Akap10",85,"Regular (>50bp)",-0.123,0.00580372437516306
"chr7:97148755:97148806:97140244:97150176:SE","SE","ENSMUSG00000025133","Ints4",51,"Regular (>50bp)",-0.115,0.000683547154600883
"chr5:124252127:124252255:124251591:124252450:SE","SE","ENSMUSG00000023707","Ogfod2",128,"Regular (>50bp)",-0.158,0.00241530024506213
"chr8:3650357:3650405:3648988:3650675:SE","SE","ENSMUSG00000044433","Camsap3",48,"Small (30-50bp)",-0.155,0.0108797651684664
"chr8:123962256:123962588:123960984:123962888:SE","SE","ENSMUSG00000033594","Spata2l",332,"Regular (>50bp)",-0.134,0.00104499521939677
"chr3:87602704:87602824:87596157:87604651:SE","SE","ENSMUSG00000041977","Arhgef11",120,"Regular (>50bp)",-0.106,0.00114814519812022
"chr9:20419314:20419481:20417361:20432639:SE","SE","ENSMUSG00000060510","Zfp266",167,"Regular (>50bp)",0.227,0.00243789229901706
"chr11:50268140:50268267:50267974:50269117:SE","SE","ENSMUSG00000007850","Hnrnph1",127,"Regular (>50bp)",-0.242,1.40017309400077e-05
"chr8:84458531:84458666:84456886:84460042:SE","SE","ENSMUSG00000002885","Adgre5",135,"Regular (>50bp)",0.171,0.0434580165481204
"chr10:41354423:41354631:41354310:41354958:SE","SE","ENSMUSG00000019823","Mical1",208,"Regular (>50bp)",-0.12,5.77724965612637e-08
"chr7:105215152:105215158:105214854:105215257:SE","SE","ENSMUSG00000037032","Apbb1",6,"Microexon (0-30bp)",-0.102,0
"chr15:76316571:76316598:76316495:76317473:SE","SE","ENSMUSG00000022558","Mroh1",27,"Microexon (0-30bp)",-0.123,3.79776685637924e-13
"chr15:76332952:76333199:76331565:76334838:SE","SE","ENSMUSG00000022558","Mroh1",247,"Regular (>50bp)",-0.186,0.0106158028063893
"chr7:107356117:107356190:107354017:107356391:SE","SE","ENSMUSG00000048065","Cyb5r2",73,"Regular (>50bp)",-0.146,3.56037041867952e-11
"chr8:61503061:61503193:61502981:61507553:SE","SE","ENSMUSG00000031644","Nek1",132,"Regular (>50bp)",-0.304,8.62009608993019e-13
"chr8:61524784:61524868:61507656:61525309:SE","SE","ENSMUSG00000031644","Nek1",84,"Regular (>50bp)",-0.116,3.24027140163664e-08
"chr11:120602215:120602327:120602132:120602528:SE","SE","ENSMUSG00000025144","Cenpx",112,"Regular (>50bp)",-0.109,3.23853864395517e-07
"chr4:122940667:122940810:122938429:122942561:SE","SE","ENSMUSG00000028653","Trit1",143,"Regular (>50bp)",-0.12,3.08425481320397e-07
"chr4:122942944:122943057:122942673:122943269:SE","SE","ENSMUSG00000028653","Trit1",113,"Regular (>50bp)",-0.118,2.02483218761461e-05
"chr7:115756090:115756210:115753921:115756716:SE","SE","ENSMUSG00000045659","Plekha7",120,"Regular (>50bp)",-0.131,0.00014979744909032
"chr6:146451584:146451662:146451483:146452136:SE","SE","ENSMUSG00000040250","Ints13",78,"Regular (>50bp)",-0.103,0.00695615131514026
"chr8:105167332:105167486:105167222:105169326:SE","SE","ENSMUSG00000035770","Dync1li2",154,"Regular (>50bp)",-0.271,0.00180681042220623
"chr11:51163904:51163995:51162849:51164386:SE","SE","ENSMUSG00000020385","Clk4",91,"Regular (>50bp)",-0.224,0
"chr14:103809091:103809151:103807651:103809443:SE","SE","ENSMUSG00000022123","Scel",60,"Regular (>50bp)",-0.165,0.036929135764511
"chr9:44324213:44324319:44323780:44324767:SE","SE","ENSMUSG00000043923","Ccdc84",106,"Regular (>50bp)",-0.129,6.73922375967719e-06
"chr9:44324433:44324498:44323780:44324767:SE","SE","ENSMUSG00000043923","Ccdc84",65,"Regular (>50bp)",-0.183,0.00388349795913895
"chr7:127400563:127400788:127400418:127401185:SE","SE","ENSMUSG00000042289","Hsd3b7",225,"Regular (>50bp)",-0.506,0.00546396349875582
"chr7:127400632:127400788:127400418:127401185:SE","SE","ENSMUSG00000042289","Hsd3b7",156,"Regular (>50bp)",-0.118,4.17505835581551e-05
"chr7:127401005:127401114:127400418:127401185:SE","SE","ENSMUSG00000042289","Hsd3b7",109,"Regular (>50bp)",-0.116,5.48997210904353e-05
"chr8:96443548:96443606:96443429:96444548:SE","SE","ENSMUSG00000031671","Setd6",58,"Regular (>50bp)",-0.119,6.53699318291269e-07
"chr8:96443548:96443606:96443429:96444820:SE","SE","ENSMUSG00000031671","Setd6",58,"Regular (>50bp)",-0.285,0
"chr8:96444548:96444729:96443429:96444820:SE","SE","ENSMUSG00000031671","Setd6",181,"Regular (>50bp)",-0.223,3.13897056497055e-14
"chrX:35887220:35887989:35882386:35900125:SE","SE","ENSMUSG00000059708","Akap17b",769,"Regular (>50bp)",0.196,0.0397802453447522
"chrX:135928738:135928903:135917088:135933099:SE","SE","ENSMUSG00000044348","Slc25a53",165,"Regular (>50bp)",0.13,0.000184751164102758
"chrX:135930774:135930848:135917088:135933099:SE","SE","ENSMUSG00000044348","Slc25a53",74,"Regular (>50bp)",0.161,1.97235780443901e-05
"chr13:55263295:55263437:55261583:55278346:SE","SE","ENSMUSG00000021481","Zfp346",142,"Regular (>50bp)",-0.24,0.0309385069417727
"chr10:60133316:60133325:60131782:60134876:SE","SE","ENSMUSG00000004207","Psap",9,"Microexon (0-30bp)",-0.129,6.82779603057641e-11
"chr2:130120332:130120451:130120210:130120816:SE","SE","ENSMUSG00000027405","Nop56",119,"Regular (>50bp)",-0.105,0
"chr8:4399771:4399894:4377850:4403882:SE","SE","ENSMUSG00000023235","Ccl25",123,"Regular (>50bp)",-0.124,4.02671194568063e-05
"chr1:133583082:133583136:133582176:133588974:SE","SE","ENSMUSG00000102976","Zc3h11a",54,"Regular (>50bp)",0.13,3.14035198120558e-05
"chr7:141554578:141554626:141552751:141555799:SE","SE","ENSMUSG00000053046","Brsk2",48,"Small (30-50bp)",-0.146,0.000964330749843827
"chr7:144042427:144042454:144038948:144042933:SE","SE","ENSMUSG00000037519","Ppfia1",27,"Microexon (0-30bp)",-0.245,3.10346821548892e-05
"chr8:3566506:3566568:3565556:3566680:SE","SE","ENSMUSG00000004565","Pnpla6",62,"Regular (>50bp)",-0.158,1.46517821467858e-05
"chr8:3566509:3566568:3565556:3566680:SE","SE","ENSMUSG00000004565","Pnpla6",59,"Regular (>50bp)",-0.168,2.1272327525896e-06
"chr11:70499414:70499525:70499252:70499665:SE","SE","ENSMUSG00000020827","Mink1",111,"Regular (>50bp)",-0.184,0
"chr8:11592901:11592977:11592590:11597726:SE","SE","ENSMUSG00000056228","Cars2",76,"Regular (>50bp)",-0.117,1.88909134169477e-09
"chr8:13308946:13309043:13307976:13321589:SE","SE","ENSMUSG00000038506","Dcun1d2",97,"Regular (>50bp)",0.146,0.0112906191237681
"chr8:13311384:13311467:13307976:13321589:SE","SE","ENSMUSG00000038506","Dcun1d2",83,"Regular (>50bp)",0.163,0.00930922020137709
"chr11:106985827:106986016:106973526:106986541:SE","SE","ENSMUSG00000040481","Bptf",189,"Regular (>50bp)",-0.107,1.02312058436645e-07
"chr11:106985827:106986016:106977723:106986541:SE","SE","ENSMUSG00000040481","Bptf",189,"Regular (>50bp)",-0.118,3.97072347044578e-08
"chr2:119588459:119588642:119586194:119588727:SE","SE","ENSMUSG00000027297","Ltk",183,"Regular (>50bp)",-0.11,0.00517042782755356
"chr10:69097016:69097075:69085558:69102016:SE","SE","ENSMUSG00000019944","Rhobtb1",59,"Regular (>50bp)",0.116,4.1329237693675e-08
"chr7:139707420:139707620:139705795:139708930:SE","SE","ENSMUSG00000025464","Paox",200,"Regular (>50bp)",-0.166,0.0169637381994167
"chr8:40793338:40793370:40789004:40801980:SE","SE","ENSMUSG00000039478","Micu3",32,"Small (30-50bp)",0.106,0.0308912369201822
"chr8:27689865:27689975:27689630:27690260:SE","SE","ENSMUSG00000039720","Got1l1",110,"Regular (>50bp)",-0.154,2.22908212355693e-10
"chr9:19536795:19536933:19535594:19537211:SE","SE","ENSMUSG00000057551","Zfp317",138,"Regular (>50bp)",-0.155,0.0139756038199253
"chr1:89751578:89751656:89694186:89762155:SE","SE","ENSMUSG00000055013","Agap1",78,"Regular (>50bp)",-0.145,8.28312764529383e-05
"chr8:48766272:48766299:48763804:48788623:SE","SE","ENSMUSG00000031561","Tenm3",27,"Microexon (0-30bp)",-0.107,0.000820526485570748
"chr8:57791917:57791982:57785668:57792899:SE","SE","ENSMUSG00000097910","Hdnr",65,"Regular (>50bp)",0.183,0.00190596476088572
"chr10:128535844:128535988:128535544:128537211:SE","SE","ENSMUSG00000025358","Cdk2",144,"Regular (>50bp)",-0.198,2.67536117641584e-07
"chr8:57995545:57995728:57993171:57995868:SE","SE","ENSMUSG00000031608","Galnt7",183,"Regular (>50bp)",-0.109,0.0308192398881408
"chr8:61349771:61349870:61343570:61358581:SE","SE","ENSMUSG00000038005","Hpf1",99,"Regular (>50bp)",0.118,9.52976432449854e-05
"chr8:120276296:120276445:120274624:120285128:SE","SE","ENSMUSG00000031835","Mbtps1",149,"Regular (>50bp)",0.103,0.0200107973236349
"chr8:61367786:61367862:61366209:61372373:SE","SE","ENSMUSG00000004319","Clcn3",76,"Regular (>50bp)",-0.134,5.23745151685862e-06
"chr17:80512050:80512510:80511816:80514603:SE","SE","ENSMUSG00000024097","Srsf7",460,"Regular (>50bp)",-0.117,2.16905427495702e-05
"chr10:69817945:69817991:69816224:69821912:SE","SE","ENSMUSG00000069601","Ank3",46,"Small (30-50bp)",-0.124,0.0266382038889151
"chr1:24125600:24125692:24107059:24137711:SE","SE","ENSMUSG00000026153","Fam135a",92,"Regular (>50bp)",0.123,0.00660533570820814
"chr8:70855080:70855175:70853354:70892082:SE","SE","ENSMUSG00000003575","Crtc1",95,"Regular (>50bp)",0.191,0.0206965126416938
"chr8:71364489:71364572:71358771:71368994:SE","SE","ENSMUSG00000019261","Map1s",83,"Regular (>50bp)",0.355,0.00217403392032402
"chr8:71365156:71365297:71358771:71368994:SE","SE","ENSMUSG00000019261","Map1s",141,"Regular (>50bp)",0.266,0.0439638577027943
"chr8:84299656:84299674:84299575:84299848:SE","SE","ENSMUSG00000031708","Tecr",18,"Microexon (0-30bp)",-0.111,0
"chr8:84300039:84300084:84299952:84300499:SE","SE","ENSMUSG00000031708","Tecr",45,"Small (30-50bp)",-0.129,2.64060780152933e-09
"chr8:71791550:71791664:71789609:71795405:SE","SE","ENSMUSG00000004677","Myo9b",114,"Regular (>50bp)",0.168,0.0199690370826566
"chr8:71996600:71996767:71995875:71997867:SE","SE","ENSMUSG00000031813","Mvb12a",167,"Regular (>50bp)",-0.172,0.0140563152521324
"chr3:40860601:40860653:40860391:40871120:SE","SE","ENSMUSG00000037818","Abhd18",52,"Regular (>50bp)",-0.278,0.0220842201347268
"chr8:93071480:93071648:93053090:93072977:SE","SE","ENSMUSG00000031736","Crnde",168,"Regular (>50bp)",-0.12,0.0164901693959238
"chr8:94765595:94765738:94764070:94773899:SE","SE","ENSMUSG00000033009","Ogfod1",143,"Regular (>50bp)",-0.114,0.00144923153264796
"chrX:12003623:12003709:11927885:12026527:SE","SE","ENSMUSG00000040363","Bcor",86,"Regular (>50bp)",0.148,0.00222122832377015
"chrX:12003623:12003709:12001108:12026527:SE","SE","ENSMUSG00000040363","Bcor",86,"Regular (>50bp)",0.344,0.00325910945240768
"chr8:106055403:106055534:106055090:106061274:SE","SE","ENSMUSG00000014856","Tmem208",131,"Regular (>50bp)",-0.101,0.0321007781425644
"chr8:106084212:106084283:106084115:106085005:SE","SE","ENSMUSG00000014786","Slc9a5",71,"Regular (>50bp)",-0.209,4.01941352830388e-13
"chr8:106088192:106088270:106086085:106089894:SE","SE","ENSMUSG00000014786","Slc9a5",78,"Regular (>50bp)",0.118,9.67694947276558e-05
"chr8:106090568:106090638:106090065:106091313:SE","SE","ENSMUSG00000014786","Slc9a5",70,"Regular (>50bp)",-0.149,5.23489470693099e-07
"chr8:106756983:106757075:106742597:106760354:SE","SE","ENSMUSG00000031901","Dus2",92,"Regular (>50bp)",-0.115,0.0354584575732497
"chr11:70127713:70127804:70127037:70128356:SE","SE","ENSMUSG00000020831","0610010K14Rik",91,"Regular (>50bp)",-0.107,9.82594444425382e-05
"chr8:121387232:121387409:121386926:121387522:SE","SE","ENSMUSG00000031819","Emc8",177,"Regular (>50bp)",-0.242,0.00985662050590451
"chr15:75736092:75736285:75735477:75736797:SE","SE","ENSMUSG00000022575","Gsdmd",193,"Regular (>50bp)",-0.107,0.00308336686522315
"chr15:75736203:75736285:75735477:75736797:SE","SE","ENSMUSG00000022575","Gsdmd",82,"Regular (>50bp)",-0.171,0.0407115057176928
"chr8:129993965:129994180:129990205:129994874:SE","SE","ENSMUSG00000110605","Gm32856",215,"Regular (>50bp)",0.256,0.0157578072445002
"chr11:59319166:59319639:59298636:59340740:SE","SE","ENSMUSG00000009894","Snap47",473,"Regular (>50bp)",-0.147,0.0133504884259183
"chr9:7045348:7045369:7044428:7049082:SE","SE","ENSMUSG00000047193","Dync2h1",21,"Microexon (0-30bp)",-0.253,0.00202032281237565
"chr9:13252850:13253055:13246676:13262360:SE","SE","ENSMUSG00000079084","Ccdc82",205,"Regular (>50bp)",-0.115,6.62753018163348e-07
"chr2:27362587:27362626:27354205:27365153:SE","SE","ENSMUSG00000026918","Brd3",39,"Small (30-50bp)",0.137,0.00351914898166492
"chr6:30508664:30508841:30508511:30509683:SE","SE","ENSMUSG00000029782","Tmem209",177,"Regular (>50bp)",-0.103,2.99629008472593e-12
"chr11:80294190:80294234:80293537:80294426:SE","SE","ENSMUSG00000017421","Zfp207",44,"Small (30-50bp)",-0.106,1.69674375106589e-05
"chr9:111042880:111042982:111036957:111043208:SE","SE","ENSMUSG00000032497","Lrrfip2",102,"Regular (>50bp)",-0.161,0.0430490208599834
"chr9:30373526:30373711:30351521:30374515:SE","SE","ENSMUSG00000031993","Snx19",185,"Regular (>50bp)",-0.151,0.000136871884304084
"chr11:49103521:49103603:49094365:49105890:SE","SE","ENSMUSG00000046311","Zfp62",82,"Regular (>50bp)",0.468,0.038612082067906
"chr11:49104416:49104469:49094365:49105890:SE","SE","ENSMUSG00000046311","Zfp62",53,"Regular (>50bp)",0.124,0.00040217081057994
"chr11:62240220:62240319:62236144:62242203:SE","SE","ENSMUSG00000018501","Ncor1",99,"Regular (>50bp)",-0.106,0.0108088538383115
"chr10:90957969:90958193:90955568:90959419:SE","SE","ENSMUSG00000061904","Slc25a3",224,"Regular (>50bp)",-0.168,0.0465149128204989
"chr9:47215492:47215592:47208506:47219070:SE","SE","ENSMUSG00000109844","Gm31816",100,"Regular (>50bp)",0.294,0.0046338424320141
"chr9:48272726:48272814:48266387:48287172:SE","SE","ENSMUSG00000044229","Nxpe4",88,"Regular (>50bp)",0.136,0.0039589124560616
"chr9:48300171:48300314:48287367:48301549:SE","SE","ENSMUSG00000044229","Nxpe4",143,"Regular (>50bp)",-0.209,0.000402045920909979
"chr3:151914520:151914583:151899301:151915471:SE","SE","ENSMUSG00000028035","Dnajb4",63,"Regular (>50bp)",-0.113,0.0378533638653613
"chr9:57051041:57051103:57050897:57051262:SE","SE","ENSMUSG00000032298","Neil1",62,"Regular (>50bp)",-0.141,8.27560548132453e-07
"chr2:93840607:93840753:93838937:93841027:SE","SE","ENSMUSG00000040174","Alkbh3",146,"Regular (>50bp)",0.115,0.000469682834293597
"chr11:77362839:77363005:77362649:77363127:SE","SE","ENSMUSG00000037907","Ankrd13b",166,"Regular (>50bp)",-0.112,4.35291210008517e-05
"chr9:58535116:58535211:58489809:58557779:SE","SE","ENSMUSG00000032336","Nptn",95,"Regular (>50bp)",0.462,0.000856044788723232
"chr9:58547951:58548085:58489809:58557779:SE","SE","ENSMUSG00000032336","Nptn",134,"Regular (>50bp)",0.323,0.000470544626007719
"chr7:96964293:96964385:96964134:96969173:SE","SE","ENSMUSG00000035713","Usp35",92,"Regular (>50bp)",-0.107,0.0107516648334911
"chr10:5868183:5868253:5812662:5872227:SE","SE","ENSMUSG00000019775","Rgs17",70,"Regular (>50bp)",0.102,9.00811004318081e-08
"chr9:80000818:80000923:79974854:80010975:SE","SE","ENSMUSG00000034252","Senp6",105,"Regular (>50bp)",0.343,2.0127655598041e-08
"chr9:92484037:92484100:92482935:92485000:SE","SE","ENSMUSG00000032374","Plod2",63,"Regular (>50bp)",0.106,3.21834498925379e-08
"chr9:102465906:102466186:102464211:102471706:SE","SE","ENSMUSG00000032534","Cep63",280,"Regular (>50bp)",-0.103,0.0418883540552921
"chr9:102498894:102498927:102496959:102500754:SE","SE","ENSMUSG00000032534","Cep63",33,"Small (30-50bp)",-0.306,0.00254057639001563
"chr9:106322724:106323033:106318055:106324729:SE","SE","ENSMUSG00000042210","Abhd14a",309,"Regular (>50bp)",-0.414,0.000131182860728079
"chr11:106882238:106882333:106882158:106887334:SE","SE","ENSMUSG00000018362","Kpna2",95,"Regular (>50bp)",-0.216,0.0192661084076258
"chr9:108395901:108396025:108394451:108405787:SE","SE","ENSMUSG00000006673","Qrich1",124,"Regular (>50bp)",0.154,3.57743257595405e-06
"chr9:108395965:108396025:108394439:108405787:SE","SE","ENSMUSG00000006673","Qrich1",60,"Regular (>50bp)",0.126,0
"chr9:108395965:108396025:108394451:108405787:SE","SE","ENSMUSG00000006673","Qrich1",60,"Regular (>50bp)",0.207,3.28030271463906e-08
"chr9:108794117:108794144:108793732:108794225:SE","SE","ENSMUSG00000025650","Col7a1",27,"Microexon (0-30bp)",-0.16,3.47158990782136e-10
"chr1:25151257:25151356:25150944:25156369:SE","SE","ENSMUSG00000033569","Adgrb3",99,"Regular (>50bp)",-0.167,0.00915992216321967
"chr10:76685210:76685444:76683646:76686055:SE","SE","ENSMUSG00000001120","Pcbp3",234,"Regular (>50bp)",-0.12,2.8727302488982e-06
"chr9:109664337:109664482:109662363:109668675:SE","SE","ENSMUSG00000032478","Nme6",145,"Regular (>50bp)",-0.224,1.5418444295404e-08
"chr9:109664385:109664482:109662363:109668675:SE","SE","ENSMUSG00000032478","Nme6",97,"Regular (>50bp)",-0.114,4.82120682470872e-07
"chr9:110470478:110470559:110468931:110470838:SE","SE","ENSMUSG00000056724","Nbeal2",81,"Regular (>50bp)",-0.154,0.0310341818625146
"chr9:110709409:110709525:110709297:110711781:SE","SE","ENSMUSG00000044037","Als2cl",116,"Regular (>50bp)",-0.146,0.0200160179673266
"chr9:110723363:110723460:110723228:110723633:SE","SE","ENSMUSG00000044037","Als2cl",97,"Regular (>50bp)",-0.213,0.0255283472240656
"chr4:72056728:72056922:72055395:72057925:SE","SE","ENSMUSG00000008305","Tle1",194,"Regular (>50bp)",-0.131,0.0408294623129418
"chr8:71820141:71820337:71820013:71820413:SE","SE","ENSMUSG00000002395","Use1",196,"Regular (>50bp)",-0.11,2.33161561093591e-07
"chr3:60504139:60504250:60503185:60511114:SE","SE","ENSMUSG00000027763","Mbnl1",111,"Regular (>50bp)",0.117,0
"chr9:119119802:119119931:119113753:119133870:SE","SE","ENSMUSG00000036737","Oxsr1",129,"Regular (>50bp)",0.16,0.0165189082127152
"chr9:119274753:119274867:119274216:119276014:SE","SE","ENSMUSG00000042787","Exog",114,"Regular (>50bp)",-0.196,0.000177637201726518
"chr17:28277721:28277820:28277434:28278267:SE","SE","ENSMUSG00000024219","Anks1",99,"Regular (>50bp)",-0.128,0.0120767734420921
"chr9:121559062:121559090:121558746:121560543:SE","SE","ENSMUSG00000032525","Nktr",28,"Microexon (0-30bp)",-0.2,2.01290237575617e-09
"chr8:10977284:10977521:10976995:10978019:SE","SE","ENSMUSG00000038917","3930402G23Rik",237,"Regular (>50bp)",-0.113,0.0390554293598756
"chr6:149226229:149226298:149219206:149226902:SE","SE","ENSMUSG00000032712","Resf1",69,"Regular (>50bp)",0.13,0.0418596775616783
"chr2:93019433:93019568:93018092:93027241:SE","SE","ENSMUSG00000068735","Trp53i11",135,"Regular (>50bp)",0.103,0.00240823683291065
"chr9:109945745:109945823:109944650:109945906:SE","SE","ENSMUSG00000032480","Dhx30",78,"Regular (>50bp)",-0.332,1.7389259144905e-05
"chr15:102428909:102429012:102427037:102429555:SE","SE","ENSMUSG00000023051","Tarbp2",103,"Regular (>50bp)",-0.139,5.95962155659703e-08
"chr9:60587787:60587985:60587454:60592317:SE","SE","ENSMUSG00000047766","Lrrc49",198,"Regular (>50bp)",-0.148,0.0303663248323904
"chr7:126091615:126091780:126091387:126091983:SE","SE","ENSMUSG00000032637","Atxn2l",165,"Regular (>50bp)",-0.157,0.00355246284404989
"chr10:39521551:39521804:39516507:39607733:SE","SE","ENSMUSG00000087177","E130307A14Rik",253,"Regular (>50bp)",-0.246,0.0481296226893661
"chr10:39530517:39530684:39516507:39557468:SE","SE","ENSMUSG00000087177","E130307A14Rik",167,"Regular (>50bp)",-0.118,0.0459728656436306
"chr10:41685568:41685659:41607111:41685783:SE","SE","ENSMUSG00000019813","Cep57l1",91,"Regular (>50bp)",0.131,0.0100429389376904
"chr5:110543910:110543940:110527459:110580766:SE","SE","ENSMUSG00000043323","Fbrsl1",30,"Microexon (0-30bp)",0.24,0.00120904652686324
"chr10:58108154:58108227:58107528:58110557:SE","SE","ENSMUSG00000038039","Gcc2",73,"Regular (>50bp)",0.112,0.029985427231585
"chr10:59190161:59190232:59188081:59191171:SE","SE","ENSMUSG00000019916","P4ha1",71,"Regular (>50bp)",0.116,3.07246695129838e-13
"chr10:59191171:59191242:59190232:59197682:SE","SE","ENSMUSG00000019916","P4ha1",71,"Regular (>50bp)",-0.164,8.28280277609755e-05
"chr18:83012594:83012662:83006323:83019397:SE","SE","ENSMUSG00000058881","Zfp516",68,"Regular (>50bp)",0.146,0.0346104590252402
"chr10:75260326:75260421:75250911:75264014:SE","SE","ENSMUSG00000033427","Upb1",95,"Regular (>50bp)",0.14,0.00332122151450055
"chr10:75445032:75445226:75444721:75445678:SE","SE","ENSMUSG00000006344","Ggt5",194,"Regular (>50bp)",-0.165,0.000251059822237387
"chr1:120099130:120099212:120093902:120115770:SE","SE","ENSMUSG00000026388","3110009E18Rik",82,"Regular (>50bp)",0.142,0.0026164502100624
"chr10:79749390:79749515:79748603:79752656:SE","SE","ENSMUSG00000035781","R3hdm4",125,"Regular (>50bp)",0.116,0.0175118452693092
"chr11:69934483:69934593:69933569:69935101:SE","SE","ENSMUSG00000020886","Dlg4",110,"Regular (>50bp)",-0.182,0
"chr11:3075787:3076058:3074124:3078928:SE","SE","ENSMUSG00000121500","ENSMUSG00000121500",271,"Regular (>50bp)",-0.11,0.00230962966477628
"chr11:3077130:3077219:3074124:3077478:SE","SE","ENSMUSG00000121500","ENSMUSG00000121500",89,"Regular (>50bp)",-0.503,0.000811065082117675
"chr11:3077478:3077644:3074124:3078928:SE","SE","ENSMUSG00000121500","ENSMUSG00000121500",166,"Regular (>50bp)",-0.121,0.0104930176803143
"chr10:84845315:84845491:84844657:84850939:SE","SE","ENSMUSG00000035620","Ric8b",176,"Regular (>50bp)",-0.376,0.000194791423108541
"chr10:86560061:86560276:86549603:86565645:SE","SE","ENSMUSG00000044937","Ttc41",215,"Regular (>50bp)",0.198,0.0111428978615912
"chr10:86580289:86580468:86572863:86586110:SE","SE","ENSMUSG00000044937","Ttc41",179,"Regular (>50bp)",-0.358,0.0430455543973315
"chr10:86586110:86586250:86572863:86596629:SE","SE","ENSMUSG00000044937","Ttc41",140,"Regular (>50bp)",0.552,2.90695863609589e-05
"chr10:93399066:93399147:93391445:93403525:SE","SE","ENSMUSG00000036168","Ccdc38",81,"Regular (>50bp)",-0.175,0.0230912600130668
"chr10:93688571:93688680:93682976:93693590:SE","SE","ENSMUSG00000020020","Usp44",109,"Regular (>50bp)",-0.247,0.0190862308571342
"chr10:93691975:93692181:93682976:93693590:SE","SE","ENSMUSG00000020020","Usp44",206,"Regular (>50bp)",-0.123,4.25355180725677e-07
"chr2:91776170:91776269:91775214:91780565:SE","SE","ENSMUSG00000040479","Dgkz",99,"Regular (>50bp)",-0.152,4.38670691185662e-07
"chr11:3093694:3093790:3093336:3094216:SE","SE","ENSMUSG00000023764","Sfi1",96,"Regular (>50bp)",-0.113,6.38691009313994e-05
"chr11:3103431:3103498:3096292:3114556:SE","SE","ENSMUSG00000023764","Sfi1",67,"Regular (>50bp)",0.173,0.00186505085900049
"chr10:128327154:128327216:128326902:128327927:SE","SE","ENSMUSG00000090841","Myl6",62,"Regular (>50bp)",-0.344,0
"chr10:128327158:128327216:128326902:128327927:SE","SE","ENSMUSG00000090841","Myl6",58,"Regular (>50bp)",-0.382,0
"chr11:93971565:93971580:93970036:93972165:SE","SE","ENSMUSG00000020859","Spag9",15,"Microexon (0-30bp)",0.168,0.0320554566746996
"chr11:5014836:5015015:5014478:5015214:SE","SE","ENSMUSG00000034201","Gas2l1",179,"Regular (>50bp)",-0.205,0.000595277759058679
"chr11:5014836:5015094:5014478:5015214:SE","SE","ENSMUSG00000034201","Gas2l1",258,"Regular (>50bp)",-0.144,1.26245709172635e-08
"chr11:5060689:5060774:5059634:5066879:SE","SE","ENSMUSG00000034164","Emid1",85,"Regular (>50bp)",0.141,9.49141602654357e-05
"chr3:135021641:135021711:135013542:135027646:SE","SE","ENSMUSG00000037994","Slc9b2",70,"Regular (>50bp)",0.207,8.22259994007547e-05
"chr3:135022814:135022954:135013542:135027646:SE","SE","ENSMUSG00000037994","Slc9b2",140,"Regular (>50bp)",0.129,0.00348782853193984
"chr3:80598626:80598741:80597825:80599591:SE","SE","ENSMUSG00000033981","Gria2",115,"Regular (>50bp)",-0.182,1.68157406719123e-06
"chr4:119298945:119299115:119294448:119301956:SE","SE","ENSMUSG00000070806","Zmynd12",170,"Regular (>50bp)",0.349,0.0265827424004533
"chr11:120609475:120609546:120609379:120610291:SE","SE","ENSMUSG00000025145","Lrrc45",71,"Regular (>50bp)",-0.134,5.61121237593672e-06
"chr11:20646750:20646831:20642588:20648312:SE","SE","ENSMUSG00000049659","Aftph",81,"Regular (>50bp)",-0.135,4.64342354550554e-06
"chr11:26349648:26349709:26337310:26357547:SE","SE","ENSMUSG00000004018","Fancl",61,"Regular (>50bp)",0.415,3.48516826541624e-05
"chr11:26353321:26353378:26349709:26357547:SE","SE","ENSMUSG00000004018","Fancl",57,"Regular (>50bp)",-0.217,0.000389525434820436
"chr1:74499073:74499139:74495379:74500724:SE","SE","ENSMUSG00000033364","Usp37",66,"Regular (>50bp)",-0.162,0.000399232129861917
"chr10:80359485:80359725:80357731:80360162:SE","SE","ENSMUSG00000003341","Atp8b3",240,"Regular (>50bp)",-0.166,0.00404021948619805
"chr2:30236070:30236085:30235951:30236364:SE","SE","ENSMUSG00000026860","Sh3glb2",15,"Microexon (0-30bp)",-0.128,0
"chr2:30238566:30238629:30237116:30240299:SE","SE","ENSMUSG00000026860","Sh3glb2",63,"Regular (>50bp)",0.109,6.62958453222306e-05
"chr11:53355946:53356135:53355157:53356322:SE","SE","ENSMUSG00000018387","Shroom1",189,"Regular (>50bp)",-0.15,0.0149995931049894
"chr4:84209496:84209562:84194684:84209929:SE","SE","ENSMUSG00000028487","Bnc2",66,"Regular (>50bp)",0.13,0.0175222757678554
"chr4:84528345:84528434:84474141:84593211:SE","SE","ENSMUSG00000028487","Bnc2",89,"Regular (>50bp)",-0.113,0.0257618364811985
"chr2:34322014:34322342:34297266:34325144:SE","SE","ENSMUSG00000038696","Mapkap1",328,"Regular (>50bp)",-0.144,0
"chr13:28738716:28738780:28645044:28745423:SE","SE","ENSMUSG00000085936","2610307P16Rik",64,"Regular (>50bp)",0.178,0.0451411011337446
"chr13:28852352:28852687:28792611:28895099:SE","SE","ENSMUSG00000085936","2610307P16Rik",335,"Regular (>50bp)",-0.141,0.00391536774900846
"chr13:28853764:28853977:28852687:28914373:SE","SE","ENSMUSG00000085936","2610307P16Rik",213,"Regular (>50bp)",0.195,0.00376120389611437
"chr5:29401577:29401643:29401082:29402923:SE","SE","ENSMUSG00000029130","Rnf32",66,"Regular (>50bp)",0.128,0.036635299041451
"chr5:29429114:29429282:29411802:29430040:SE","SE","ENSMUSG00000029130","Rnf32",168,"Regular (>50bp)",-0.14,0.00427154789466553
"chr5:115799433:115799577:115794090:115800758:SE","SE","ENSMUSG00000041609","Bicdl1",144,"Regular (>50bp)",-0.109,0.00612145755105127
"chr11:69548761:69548882:69548669:69549391:SE","SE","ENSMUSG00000018761","Mpdu1",121,"Regular (>50bp)",-0.103,0.0455683447353291
"chr12:98746306:98746539:98740578:98749840:SE","SE","ENSMUSG00000021012","Zc3h14",233,"Regular (>50bp)",-0.198,8.94819663314711e-14
"chrX:47712838:47713083:47712705:47714472:SE","SE","ENSMUSG00000031105","Slc25a14",245,"Regular (>50bp)",-0.167,0.0244373112585981
"chrX:47717012:47717060:47713083:47718128:SE","SE","ENSMUSG00000031105","Slc25a14",48,"Small (30-50bp)",0.267,0.00541359089233251
"chr11:75232969:75233020:75219587:75239051:SE","SE","ENSMUSG00000000751","Rpa1",51,"Regular (>50bp)",-0.144,0.000640439286395643
"chr11:77702834:77703545:77700684:77706681:SE","SE","ENSMUSG00000000631","Myo18a",711,"Regular (>50bp)",-0.444,0.0158665579843822
"chr11:77745503:77745548:77744717:77748548:SE","SE","ENSMUSG00000000631","Myo18a",45,"Small (30-50bp)",-0.12,0.000131915200960212
"chr11:79354058:79354121:79349732:79358939:SE","SE","ENSMUSG00000020716","Nf1",63,"Regular (>50bp)",-0.123,0.0178796765217739
"chr11:82724906:82725105:82709429:82736577:SE","SE","ENSMUSG00000020696","Rffl",199,"Regular (>50bp)",-0.346,8.9445476172104e-06
"chr11:82724906:82725105:82709429:82761833:SE","SE","ENSMUSG00000020696","Rffl",199,"Regular (>50bp)",-0.102,2.50913612110461e-09
"chrX:149372791:149373080:149372948:149373080:149371940:149372040:A3SS","A3SS","ENSMUSG00000025271","Pfkfb1",289,"Regular (>50bp)",-0.109,0.0173467002078608
"chrX:132973884:132974026:132973962:132974026:132973426:132973513:A3SS","A3SS","ENSMUSG00000031256","Cstf2",142,"Regular (>50bp)",0.173,1.65183223630362e-08
"chrX:110309904:110309981:110309904:110309966:110314374:110314536:A3SS","A3SS","ENSMUSG00000025665","Rps6ka6",77,"Regular (>50bp)",0.134,0.0384077976628598
"chrX:84652995:84653190:84652998:84653190:84619155:84619216:A3SS","A3SS","ENSMUSG00000035476","Tab3",195,"Regular (>50bp)",0.121,0.000981741928137624
"chr17:35361898:35361986:35361901:35361986:35361702:35361815:A3SS","A3SS","ENSMUSG00000024392","Bag6",88,"Regular (>50bp)",0.112,3.15014703857338e-05
"chr17:31694898:31695133:31694901:31695133:31692131:31692253:A3SS","A3SS","ENSMUSG00000041119","Pde9a",235,"Regular (>50bp)",-0.201,0.00597724959881878
"chr17:28545067:28545541:28545125:28545541:28539763:28539830:A3SS","A3SS","ENSMUSG00000007570","Fance",474,"Regular (>50bp)",-0.138,0.0119352096357261
"chr17:27185843:27185946:27185856:27185946:27183800:27184012:A3SS","A3SS","ENSMUSG00000067629","Syngap1",103,"Regular (>50bp)",0.154,3.28957125742033e-05
"chr17:26051019:26051280:26051019:26051218:26052059:26052378:A3SS","A3SS","ENSMUSG00000039615","Stub1",261,"Regular (>50bp)",-0.131,0.00756016870703424
"chr17:25103374:25103560:25103374:25103529:25104692:25104811:A3SS","A3SS","ENSMUSG00000039183","Nubp2",186,"Regular (>50bp)",-0.401,0.0071536498174377
"chr17:24735478:24735573:24735478:24735570:24737715:24737768:A3SS","A3SS","ENSMUSG00000052752","Traf7",95,"Regular (>50bp)",0.132,9.95551721526662e-06
"chr17:18056346:18056415:18056370:18056415:18052320:18052401:A3SS","A3SS","ENSMUSG00000080316","Spaca6",69,"Regular (>50bp)",-0.148,0.00815476141369728
"chr17:15206035:15207094:15206979:15207094:15205079:15205177:A3SS","A3SS","ENSMUSG00000116953","9030025P20Rik",1059,"Regular (>50bp)",-0.176,0.000112639655519061
"chr16:4839201:4839312:4839201:4839294:4844371:4844471:A3SS","A3SS","ENSMUSG00000022536","Glyr1",111,"Regular (>50bp)",-0.158,2.715044721209e-06
"chrX:40901335:40901452:40901335:40901371:40902106:40902592:A3SS","A3SS","ENSMUSG00000037475","Thoc2",117,"Regular (>50bp)",0.219,0.0372974011130444
"chr15:102398186:102398242:102398189:102398242:102396639:102396712:A3SS","A3SS","ENSMUSG00000056851","Pcbp2",56,"Regular (>50bp)",-0.104,2.61304413130821e-08
"chr15:102205165:102205284:102205194:102205284:102204739:102205074:A3SS","A3SS","ENSMUSG00000058290","Espl1",119,"Regular (>50bp)",0.163,0.042607594370548
"chr15:89008377:89008631:89008377:89008456:89008734:89008791:A3SS","A3SS","ENSMUSG00000062906","Hdac10",254,"Regular (>50bp)",-0.187,0.00295950529866826
"chr15:66476625:66476754:66476628:66476754:66475875:66476089:A3SS","A3SS","ENSMUSG00000072501","Phf20l1",129,"Regular (>50bp)",0.107,0.0474792875776589
"chr14:67966672:67966858:67966799:67966858:67966098:67966195:A3SS","A3SS","ENSMUSG00000034327","Kctd9",186,"Regular (>50bp)",-0.11,4.30642682828059e-06
"chr14:52242615:52243080:52242797:52243080:52242445:52242492:A3SS","A3SS","ENSMUSG00000004562","Arhgef40",465,"Regular (>50bp)",-0.111,0.0115927271369302
"chr14:30726651:30726747:30726674:30726747:30723360:30723385:A3SS","A3SS","ENSMUSG00000021916","Glt8d1",96,"Regular (>50bp)",0.108,0.00728274646739405
"chr13:74090749:74090925:74090809:74090925:74090062:74090173:A3SS","A3SS","ENSMUSG00000057649","Brd9",176,"Regular (>50bp)",-0.128,0.0142040581345399
"chr13:74090809:74090925:74090812:74090925:74090062:74090173:A3SS","A3SS","ENSMUSG00000057649","Brd9",116,"Regular (>50bp)",0.101,0.0215787942617577
"chr13:44278111:44278655:44278129:44278655:44277947:44278052:A3SS","A3SS","ENSMUSG00000089815","Gm5083",544,"Regular (>50bp)",0.258,0.0179671769736786
"chr12:110892597:110892910:110892629:110892910:110885302:110885460:A3SS","A3SS","ENSMUSG00000021275","Tecpr2",313,"Regular (>50bp)",-0.224,0.000204860143561933
"chr12:110897723:110898166:110897833:110898166:110895465:110895598:A3SS","A3SS","ENSMUSG00000021275","Tecpr2",443,"Regular (>50bp)",0.143,2.21558823749321e-06
"chr12:109425971:109429262:109426043:109429262:109425532:109425818:A3SS","A3SS","ENSMUSG00000040856","Dlk1",3291,"Regular (>50bp)",-0.13,1.1704830785525e-08
"chr11:121111689:121111987:121111908:121111987:121110666:121110749:A3SS","A3SS","ENSMUSG00000039307","Hexdc",298,"Regular (>50bp)",-0.178,2.77562641339823e-05
"chr11:120077473:120078577:120077473:120078552:120079314:120079502:A3SS","A3SS","ENSMUSG00000075389","Reno1",1104,"Regular (>50bp)",0.298,0.000731422851971642
"chr11:118308399:118308632:118308399:118308480:118309755:118309849:A3SS","A3SS","ENSMUSG00000025575","Cant1",233,"Regular (>50bp)",-0.117,0.00602683836377083
"chr11:97037280:97037459:97037280:97037456:97038198:97038379:A3SS","A3SS","ENSMUSG00000038517","Tbkbp1",179,"Regular (>50bp)",0.103,0.0409929984900128
"chr15:97862668:97862911:97862720:97862911:97862080:97862205:A3SS","A3SS","ENSMUSG00000052369","Tmem106c",243,"Regular (>50bp)",0.133,0.0159527123771545
"chr4:53693983:53694084:53693986:53694084:53686387:53686517:A3SS","A3SS","ENSMUSG00000054752","Fsd1l",101,"Regular (>50bp)",0.105,1.25705505124636e-06
"chr5:114812114:114812265:114812114:114812246:114814396:114814459:A3SS","A3SS","ENSMUSG00000011884","Gltp",151,"Regular (>50bp)",-0.138,1.46091387609445e-05
"chr17:23410318:23410482:23410318:23410409:23410650:23410776:A3SS","A3SS","ENSMUSG00000002617","Zfp40",164,"Regular (>50bp)",-0.172,0.0304112598266301
"chr5:33094864:33095048:33094891:33095048:33091293:33091359:A3SS","A3SS","ENSMUSG00000037426","Depdc5",184,"Regular (>50bp)",0.191,2.96916896782272e-05
"chr5:31705954:31706025:31705957:31706025:31703523:31703610:A3SS","A3SS","ENSMUSG00000029141","Slc4a1ap",71,"Regular (>50bp)",0.161,0.000257833989477713
"chr18:75497177:75497443:75497177:75497401:75497781:75497898:A3SS","A3SS","ENSMUSG00000092569","Gm20544",266,"Regular (>50bp)",-0.18,0.0091478297795743
"chr7:66359906:66360494:66359977:66360494:66357787:66358301:A3SS","A3SS","ENSMUSG00000053091","Lins1",588,"Regular (>50bp)",-0.134,0.00122389992412573
"chr4:140721258:140721702:140721622:140721702:140719648:140719831:A3SS","A3SS","ENSMUSG00000036622","Atp13a2",444,"Regular (>50bp)",-0.4,0.00499857637772353
"chr4:132787986:132788203:132788091:132788203:132782323:132782514:A3SS","A3SS","ENSMUSG00000037692","Ahdc1",217,"Regular (>50bp)",-0.133,0.00303047640364679
"chr9:70357567:70357823:70357567:70357820:70360782:70361099:A3SS","A3SS","ENSMUSG00000032217","Rnf111",256,"Regular (>50bp)",0.119,0.0210662107918668
"chr8:107613551:107613683:107613551:107613669:107619764:107619847:A3SS","A3SS","ENSMUSG00000046691","Chtf8",132,"Regular (>50bp)",-0.123,0.0247051732217389
"chr4:84981414:84981592:84981417:84981592:84967840:84968373:A3SS","A3SS","ENSMUSG00000038070","Cntln",178,"Regular (>50bp)",0.122,0.00239291194419719
"chrX:7593420:7593510:7593450:7593510:7593116:7593325:A3SS","A3SS","ENSMUSG00000039382","Wdr45",90,"Regular (>50bp)",-0.209,0.0124897528975989
"chr19:34918612:34918841:34918732:34918841:34917492:34917631:A3SS","A3SS","ENSMUSG00000024795","Kif20b",229,"Regular (>50bp)",-0.146,0.00779253623082723
"chr11:105916513:105916704:105916619:105916704:105914550:105914744:A3SS","A3SS","ENSMUSG00000001901","Kcnh6",191,"Regular (>50bp)",-0.319,0.0261559126880346
"chr4:3939378:3939526:3939423:3939526:3938913:3939131:A3SS","A3SS","ENSMUSG00000042198","Chchd7",148,"Regular (>50bp)",-0.131,0.000731422851971642
"chr4:139092233:139092705:139092505:139092705:139091641:139091650:A3SS","A3SS","ENSMUSG00000078517","Emc1",472,"Regular (>50bp)",-0.106,0
"chr3:151938031:151940207:151940160:151940207:151937513:151937659:A3SS","A3SS","ENSMUSG00000028034","Fubp1",2176,"Regular (>50bp)",-0.156,0
"chr3:148526608:148526690:148526608:148526661:148528590:148528687:A3SS","A3SS","ENSMUSG00000028184","Adgrl2",82,"Regular (>50bp)",-0.177,0.0012567052559445
"chr2:29685392:29685522:29685395:29685522:29680468:29680542:A3SS","A3SS","ENSMUSG00000026798","Coq4",130,"Regular (>50bp)",-0.168,0.00835039916423738
"chr3:108107440:108107586:108107440:108107478:108108075:108108150:A3SS","A3SS","ENSMUSG00000048796","Cyb561d1",146,"Regular (>50bp)",-0.15,0.0403344189007834
"chr3:126770493:126770596:126770493:126770581:126775448:126775593:A3SS","A3SS","ENSMUSG00000032826","Ank2",103,"Regular (>50bp)",-0.118,0.0236707118722263
"chr5:139224582:139224694:139224585:139224694:139223633:139223677:A3SS","A3SS","ENSMUSG00000036817","Sun1",112,"Regular (>50bp)",0.12,2.22452906667108e-05
"chr5:135799109:135799216:135799109:135799213:135807104:135807145:A3SS","A3SS","ENSMUSG00000019178","Styxl1",107,"Regular (>50bp)",0.28,0.0215787942617577
"chr13:65346982:65347284:65346982:65347237:65353433:65353530:A3SS","A3SS","ENSMUSG00000032999","Nlrp4f",302,"Regular (>50bp)",-0.116,0.0130148538816869
"chr2:25450596:25451074:25450980:25451074:25450162:25450214:A3SS","A3SS","ENSMUSG00000015092","Edf1",478,"Regular (>50bp)",-0.144,0.00384796047264702
"chr7:24918225:24918592:24918225:24918456:24919211:24919284:A3SS","A3SS","ENSMUSG00000054499","Dedd2",367,"Regular (>50bp)",-0.187,0.00170984854663146
"chr5:3744778:3744893:3744778:3744875:3750355:3750407:A3SS","A3SS","ENSMUSG00000040351","Ankib1",115,"Regular (>50bp)",0.104,0.0234522585804177
"chr3:95076839:95077024:95076892:95077024:95076474:95076692:A3SS","A3SS","ENSMUSG00000038777","Sema6c",185,"Regular (>50bp)",-0.109,2.142720006416e-05
"chr2:28432866:28432962:28432902:28432962:28432301:28432495:A3SS","A3SS","ENSMUSG00000026821","Ralgds",96,"Regular (>50bp)",0.121,0.000116536458280487
"chr18:45010684:45010862:45010710:45010862:45005907:45006200:A3SS","A3SS","ENSMUSG00000034653","Ythdc2",178,"Regular (>50bp)",-0.102,0.0013529374450394
"chr1:134386165:134386404:134386203:134386404:134383268:134383403:A3SS","A3SS","ENSMUSG00000026455","Klhl12",239,"Regular (>50bp)",-0.101,0.0249867494144978
"chr9:50436022:50436264:50436022:50436079:50436561:50436584:A3SS","A3SS","ENSMUSG00000032067","Pts",242,"Regular (>50bp)",-0.118,0.002766019045373
"chr1:60148380:60148608:60148485:60148608:60147241:60147359:A3SS","A3SS","ENSMUSG00000026017","Carf",228,"Regular (>50bp)",-0.292,0.000221117254660401
"chr17:33756060:33756149:33756065:33756149:33750553:33750771:A3SS","A3SS","ENSMUSG00000024299","Adamts10",89,"Regular (>50bp)",-0.138,0.0194223940154271
"chr3:20084477:20084969:20084477:20084573:20089212:20089466:A3SS","A3SS","ENSMUSG00000027615","Hps3",492,"Regular (>50bp)",-0.13,3.84121412755355e-09
"chr5:69736850:69739636:69736850:69737029:69742316:69742499:A3SS","A3SS","ENSMUSG00000029209","Gnpda2",2786,"Regular (>50bp)",0.142,0.0360824727952871
"chr13:50586206:50586382:50586211:50586382:50585575:50585786:A3SS","A3SS","ENSMUSG00000037816","Fbxw17",176,"Regular (>50bp)",0.16,0.00760974330675554
"chr8:91857668:91857780:91857668:91857776:91858550:91858631:A3SS","A3SS","ENSMUSG00000031667","Aktip",112,"Regular (>50bp)",0.146,0.0222888612520104
"chr3:88617136:88617249:88617164:88617249:88616086:88616248:A3SS","A3SS","ENSMUSG00000028060","Khdc4",113,"Regular (>50bp)",-0.138,0.000201582147922291
"chr12:102964696:102965001:102964855:102965001:102957608:102957729:A3SS","A3SS","ENSMUSG00000021198","Unc79",305,"Regular (>50bp)",-0.123,0.0499852048428306
"chr3:88358651:88358804:88358651:88358774:88358994:88359093:A3SS","A3SS","ENSMUSG00000028064","Sema4a",153,"Regular (>50bp)",-0.313,0.00240925196503737
"chr2:158199117:158200458:158199117:158199183:158201101:158201251:A3SS","A3SS","ENSMUSG00000085385","Snhg17",1341,"Regular (>50bp)",-0.146,2.3892910533802e-08
"chr2:158199117:158201352:158199117:158201251:158202383:158202519:A3SS","A3SS","ENSMUSG00000085385","Snhg17",2235,"Regular (>50bp)",-0.11,3.69660566028663e-05
"chr2:158202862:158203116:158202862:158202990:158203324:158203399:A3SS","A3SS","ENSMUSG00000085385","Snhg17",254,"Regular (>50bp)",-0.123,6.97285932696653e-11
"chr1:163768589:163768787:163768675:163768787:163767449:163767552:A3SS","A3SS","ENSMUSG00000026584","Scyl3",198,"Regular (>50bp)",-0.135,3.46035379606108e-05
"chr2:121020304:121020446:121020307:121020446:121019842:121019950:A3SS","A3SS","ENSMUSG00000027263","Tubgcp4",142,"Regular (>50bp)",0.124,0.00602683836377083
"chr13:54831773:54831963:54831773:54831899:54832150:54832301:A3SS","A3SS","ENSMUSG00000034928","Rnf44",190,"Regular (>50bp)",-0.114,9.7944544030736e-08
"chr2:3438038:3438127:3438066:3438127:3437474:3437530:A3SS","A3SS","ENSMUSG00000026648","Dclre1c",89,"Regular (>50bp)",0.261,0.0114882280322862
"chr2:119861982:119862132:119862055:119862132:119861787:119861883:A3SS","A3SS","ENSMUSG00000098789","Jmjd7",150,"Regular (>50bp)",-0.102,0.0212506215428812
"chr7:28069662:28070467:28069662:28069919:28070539:28070670:A3SS","A3SS","ENSMUSG00000037552","Plekhg2",805,"Regular (>50bp)",-0.183,1.88753609965424e-05
"chr7:28069662:28070467:28069662:28069922:28070539:28070670:A3SS","A3SS","ENSMUSG00000037552","Plekhg2",805,"Regular (>50bp)",-0.167,1.1585349781486e-05
"chr17:24749028:24749417:24749028:24749094:24749616:24749683:A3SS","A3SS","ENSMUSG00000079657","Rab26",389,"Regular (>50bp)",-0.124,0.0304112598266301
"chr5:142472509:142472930:142472509:142472861:142473201:142473392:A3SS","A3SS","ENSMUSG00000029576","Radil",421,"Regular (>50bp)",0.137,2.98946904568692e-06
"chr3:33861987:33862097:33862004:33862097:33860964:33861082:A3SS","A3SS","ENSMUSG00000027677","Ttc14",110,"Regular (>50bp)",0.183,0.000112639655519061
"chr2:180622190:180622267:180622196:180622267:180621453:180621513:A3SS","A3SS","ENSMUSG00000027575","Arfgap1",77,"Regular (>50bp)",0.297,2.19687304480556e-05
"chr8:123302857:123302991:123302857:123302970:123303253:123303360:A3SS","A3SS","ENSMUSG00000006589","Aprt",134,"Regular (>50bp)",-0.143,0.0057846129653295
"chr3:89254458:89254792:89254458:89254535:89255824:89255934:A3SS","A3SS","ENSMUSG00000028041","Adam15",334,"Regular (>50bp)",-0.51,6.08362338615241e-07
"chr5:145115567:145115738:145115642:145115738:145114039:145114112:A3SS","A3SS","ENSMUSG00000029625","Cpsf4",171,"Regular (>50bp)",-0.186,1.73846492756891e-12
"chr5:145115567:145115738:145115645:145115738:145114039:145114112:A3SS","A3SS","ENSMUSG00000029625","Cpsf4",171,"Regular (>50bp)",-0.169,9.24048490559218e-08
"chr5:145115593:145115738:145115642:145115738:145114039:145114112:A3SS","A3SS","ENSMUSG00000029625","Cpsf4",145,"Regular (>50bp)",-0.131,2.80261618626904e-10
"chr5:145115593:145115738:145115645:145115738:145114039:145114112:A3SS","A3SS","ENSMUSG00000029625","Cpsf4",145,"Regular (>50bp)",-0.138,5.56189564334047e-08
"chr1:91181936:91182115:91181984:91182115:91181481:91181549:A3SS","A3SS","ENSMUSG00000034343","Ube2f",179,"Regular (>50bp)",-0.203,0.00026172323154979
"chr3:28860648:28860741:28860651:28860741:28859713:28859730:A3SS","A3SS","ENSMUSG00000039221","Rpl22l1",93,"Regular (>50bp)",-0.178,0.00600900282303691
"chr2:124502163:124502264:124502202:124502264:124501726:124501804:A3SS","A3SS","ENSMUSG00000027200","Sema6d",101,"Regular (>50bp)",-0.171,0.000335248737922367
"chr2:121189225:121189482:121189276:121189482:121188256:121188340:A3SS","A3SS","ENSMUSG00000000308","Ckmt1",257,"Regular (>50bp)",0.202,0.0212506215428812
"chr15:89071158:89071253:89071158:89071201:89071350:89071446:A3SS","A3SS","ENSMUSG00000015377","Dennd6b",95,"Regular (>50bp)",-0.153,0.00446486664151635
"chr5:9180367:9180693:9180367:9180652:9181275:9181308:A3SS","A3SS","ENSMUSG00000042508","Dmtf1",326,"Regular (>50bp)",-0.132,0.00117638644608109
"chr2:151385825:151386060:151385932:151386060:151384737:151384785:A3SS","A3SS","ENSMUSG00000032966","Fkbp1a",235,"Regular (>50bp)",-0.142,0.000396544626633196
"chr9:35028842:35029152:35028860:35029152:35028664:35028728:A3SS","A3SS","ENSMUSG00000070315","4930581F22Rik",310,"Regular (>50bp)",0.373,0.00139484444373622
"chr4:152215225:152215751:152215225:152215418:152218617:152218898:A3SS","A3SS","ENSMUSG00000028943","Espn",526,"Regular (>50bp)",-0.146,0.0180271420001619
"chr17:27783122:27783313:27783122:27783228:27783535:27783724:A3SS","A3SS","ENSMUSG00000062753","Smim29",191,"Regular (>50bp)",-0.231,1.59557909766938e-06
"chr4:149342326:149342538:149342326:149342460:149346592:149346735:A3SS","A3SS","ENSMUSG00000063077","Kif1b",212,"Regular (>50bp)",-0.186,2.98946904568692e-06
"chr2:30191963:30192057:30192016:30192057:30191020:30191101:A3SS","A3SS","ENSMUSG00000052533","Nup188",94,"Regular (>50bp)",-0.156,0.00143292848025116
"chr7:24617944:24618776:24618608:24618776:24617319:24617425:A3SS","A3SS","ENSMUSG00000040940","Arhgef1",832,"Regular (>50bp)",-0.247,0.00019458006140348
"chr3:14616231:14616587:14616447:14616587:14615310:14615515:A3SS","A3SS","ENSMUSG00000027550","Lrrcc1",356,"Regular (>50bp)",-0.118,2.01428518630461e-05
"chr3:57709138:57709958:57709867:57709958:57703618:57703706:A3SS","A3SS","ENSMUSG00000036503","Rnf13",820,"Regular (>50bp)",-0.124,3.62742944077896e-07
"chr9:108839409:108839724:108839516:108839724:108837416:108837538:A3SS","A3SS","ENSMUSG00000025648","Pfkfb4",315,"Regular (>50bp)",-0.141,0.000377174615483041
"chr19:6500557:6500629:6500560:6500629:6493660:6493678:A3SS","A3SS","ENSMUSG00000033768","Nrxn2",72,"Regular (>50bp)",-0.12,0.0447777124984635
"chr6:71829713:71829851:71829746:71829851:71828755:71828864:A3SS","A3SS","ENSMUSG00000052337","Immt",138,"Regular (>50bp)",-0.129,1.41621622151681e-06
"chr4:137907800:137907918:137907857:137907918:137905227:137905321:A3SS","A3SS","ENSMUSG00000028760","Eif4g3",118,"Regular (>50bp)",0.121,2.87812366192774e-06
"chr14:55144975:55145823:55144975:55145087:55145958:55146104:A3SS","A3SS","ENSMUSG00000022199","Slc22a17",848,"Regular (>50bp)",-0.347,0.00602071698073526
"chr8:106199622:106199872:106199622:106199701:106200115:106200198:A3SS","A3SS","ENSMUSG00000039199","Zdhhc1",250,"Regular (>50bp)",-0.306,0.0111974916981869
"chr6:140539280:140542836:140541974:140542836:140537353:140537490:A3SS","A3SS","ENSMUSG00000030231","Plekha5",3556,"Regular (>50bp)",-0.122,6.41421521785335e-07
"chr12:109617274:109617533:109617446:109617533:109616505:109616591:A3SS","A3SS","ENSMUSG00000097451","Rian",259,"Regular (>50bp)",-0.125,0.0473870294987939
"chr7:16628622:16628952:16628866:16628952:16627045:16627144:A3SS","A3SS","ENSMUSG00000063594","Gng8",330,"Regular (>50bp)",-0.144,7.71001050326357e-07
"chr7:18893670:18893955:18893670:18893759:18896473:18896618:A3SS","A3SS","ENSMUSG00000030406","Gipr",285,"Regular (>50bp)",-0.157,9.20460406735068e-07
"chr12:70314007:70314040:70314007:70314037:70314835:70314974:A3SS","A3SS","ENSMUSG00000021071","Trim9",33,"Small (30-50bp)",0.267,0.0424746116292359
"chr7:24797078:24797240:24797078:24797192:24799376:24799468:A3SS","A3SS","ENSMUSG00000008496","Pou2f2",162,"Regular (>50bp)",-0.141,0.00356781474673
"chr7:29603324:29603484:29603324:29603468:29605634:29605997:A3SS","A3SS","ENSMUSG00000062040","Zfp27",160,"Regular (>50bp)",-0.323,0.000491537957050393
"chr7:44709628:44709839:44709628:44709810:44710164:44710316:A3SS","A3SS","ENSMUSG00000007837","Prrg2",211,"Regular (>50bp)",0.155,0.0370407960775321
"chr7:67209605:67209812:67209605:67209717:67229437:67229498:A3SS","A3SS","ENSMUSG00000030556","Lrrc28",207,"Regular (>50bp)",-0.206,0.00312323414841927
"chr7:67209605:67209812:67209605:67209717:67267740:67267878:A3SS","A3SS","ENSMUSG00000030556","Lrrc28",207,"Regular (>50bp)",-0.134,0.0367449816570158
"chr7:126418995:126419126:126418999:126419126:126417465:126417565:A3SS","A3SS","ENSMUSG00000058966","Tlcd3b",131,"Regular (>50bp)",0.117,0.0285349994176654
"chr5:124252127:124252708:124252450:124252708:124251491:124251591:A3SS","A3SS","ENSMUSG00000023707","Ogfod2",581,"Regular (>50bp)",-0.201,0.000784247671788961
"chr5:110816415:110816611:110816415:110816590:110818740:110818962:A3SS","A3SS","ENSMUSG00000029505","Ep400",196,"Regular (>50bp)",0.118,2.94993465250669e-07
"chr7:105214739:105215158:105214739:105214854:105215257:105215385:A3SS","A3SS","ENSMUSG00000037032","Apbb1",419,"Regular (>50bp)",-0.171,0
"chr9:122808450:122808660:122808534:122808660:122806904:122807114:A3SS","A3SS","ENSMUSG00000036768","Kif15",210,"Regular (>50bp)",-0.119,6.28823188889777e-08
"chr17:34196844:34197020:34196844:34196946:34197227:34197497:A3SS","A3SS","ENSMUSG00000121503","H2-K2",176,"Regular (>50bp)",-0.226,0.0131462775583361
"chr5:118889904:118890074:118889931:118890074:118889595:118889819:A3SS","A3SS","ENSMUSG00000018076","Med13l",170,"Regular (>50bp)",0.118,0.00286912262553625
"chr8:3573998:3574166:3574010:3574166:3573757:3573867:A3SS","A3SS","ENSMUSG00000004565","Pnpla6",168,"Regular (>50bp)",-0.26,3.28876053474565e-06
"chr9:119173531:119175634:119175535:119175634:119173238:119173318:A3SS","A3SS","ENSMUSG00000036138","Acaa1a",2103,"Regular (>50bp)",-0.101,3.47842379500198e-05
"chr8:72090415:72090571:72090415:72090454:72092343:72092467:A3SS","A3SS","ENSMUSG00000034799","Unc13a",156,"Regular (>50bp)",-0.257,0.0159527123771545
"chr8:11579579:11579885:11579579:11579713:11580294:11580424:A3SS","A3SS","ENSMUSG00000056228","Cars2",306,"Regular (>50bp)",-0.103,9.99634009159944e-05
"chr8:11580294:11580427:11580294:11580424:11587271:11587355:A3SS","A3SS","ENSMUSG00000056228","Cars2",133,"Regular (>50bp)",0.113,0.0179671769736786
"chr8:11580294:11580618:11580294:11580427:11587271:11587355:A3SS","A3SS","ENSMUSG00000056228","Cars2",324,"Regular (>50bp)",-0.149,1.28384281675043e-05
"chr8:71812201:71813356:71812307:71813356:71811968:71812096:A3SS","A3SS","ENSMUSG00000004677","Myo9b",1155,"Regular (>50bp)",0.13,0.00105149800998436
"chrX:11914541:11914886:11914541:11914784:11915233:11915491:A3SS","A3SS","ENSMUSG00000040363","Bcor",345,"Regular (>50bp)",-0.137,6.24696314211331e-06
"chr8:106615227:106615387:106615230:106615387:106615019:106615150:A3SS","A3SS","ENSMUSG00000036270","Edc4",160,"Regular (>50bp)",0.139,0.00122054650046808
"chrX:67755836:67756019:67755911:67756019:67751647:67751734:A3SS","A3SS","ENSMUSG00000000838","Fmr1",183,"Regular (>50bp)",-0.141,0.000226504396992143
"chr8:121831130:121831297:121831130:121831244:121832456:121832570:A3SS","A3SS","ENSMUSG00000031816","Mthfsd",167,"Regular (>50bp)",-0.22,0.00197718719877202
"chr1:36595012:36595161:36595012:36595158:36597096:36597430:A3SS","A3SS","ENSMUSG00000026121","Sema4c",149,"Regular (>50bp)",0.133,6.68530402090925e-05
"chr9:7111424:7111592:7111424:7111571:7112047:7112150:A3SS","A3SS","ENSMUSG00000047193","Dync2h1",168,"Regular (>50bp)",0.177,0.000670295833671365
"chr11:62263901:62264448:62263901:62264280:62267460:62267587:A3SS","A3SS","ENSMUSG00000018501","Ncor1",547,"Regular (>50bp)",-0.124,1.25705505124636e-06
"chr9:110265078:110265316:110265078:110265301:110266414:110266551:A3SS","A3SS","ENSMUSG00000054792","Klhl18",238,"Regular (>50bp)",0.159,0.0164560327723481
"chr2:165910248:165910468:165910251:165910468:165909481:165909565:A3SS","A3SS","ENSMUSG00000027678","Ncoa3",220,"Regular (>50bp)",0.106,0.0423249615067846
"chr9:107858588:107858780:107858716:107858780:107858402:107858495:A3SS","A3SS","ENSMUSG00000032596","Uba7",192,"Regular (>50bp)",-0.231,0.00329712013446256
"chr3:51172289:51172463:51172289:51172427:51174173:51174287:A3SS","A3SS","ENSMUSG00000037174","Elf2",174,"Regular (>50bp)",-0.19,1.61996731818523e-12
"chr10:70388858:70389055:70388861:70389055:70387524:70387620:A3SS","A3SS","ENSMUSG00000043259","Fam13c",197,"Regular (>50bp)",0.118,0.012326937636602
"chr15:76384330:76384536:76384466:76384536:76384147:76384253:A3SS","A3SS","ENSMUSG00000022556","Hsf1",206,"Regular (>50bp)",-0.132,1.12099737112909e-07
"chr16:17456243:17456505:17456359:17456505:17453345:17453432:A3SS","A3SS","ENSMUSG00000005899","Smpd4",262,"Regular (>50bp)",-0.183,0.000815971492033321
"chr10:128328097:128328404:128328097:128328271:128329407:128329435:A3SS","A3SS","ENSMUSG00000090841","Myl6",307,"Regular (>50bp)",-0.187,0.00058728066335318
"chr11:21214629:21214871:21214665:21214871:21213198:21213354:A3SS","A3SS","ENSMUSG00000020128","Vps54",242,"Regular (>50bp)",-0.125,0.00113440858031381
"chrX:73331783:73331945:73331783:73331825:73332053:73332119:A5SS","A5SS","ENSMUSG00000009995","Tafazzin",162,"Regular (>50bp)",-0.197,1.40154554629291e-14
"chr19:44929897:44931378:44929897:44930865:44931887:44931958:A5SS","A5SS","ENSMUSG00000036097","Slf2",1481,"Regular (>50bp)",-0.139,0.0116205067006092
"chr19:34169628:34170031:34169628:34169995:34197586:34197666:A5SS","A5SS","ENSMUSG00000024776","Stambpl1",403,"Regular (>50bp)",0.109,0.0034175115434172
"chr19:10494532:10494750:10494683:10494750:10494343:10494453:A5SS","A5SS","ENSMUSG00000024668","Sdhaf2",218,"Regular (>50bp)",-0.123,1.47071843013245e-06
"chr19:5767689:5770435:5769975:5770435:5767066:5767224:A5SS","A5SS","ENSMUSG00000024937","Ehbp1l1",2746,"Regular (>50bp)",0.234,8.17639832882139e-06
"chr17:74922214:74922352:74922214:74922325:74925430:74925558:A5SS","A5SS","ENSMUSG00000024073","Birc6",138,"Regular (>50bp)",0.151,0.00177726806691891
"chr17:26179038:26179537:26179310:26179537:26178780:26178959:A5SS","A5SS","ENSMUSG00000037326","Capn15",499,"Regular (>50bp)",-0.174,1.38875525816254e-06
"chr17:24738087:24738220:24738104:24738220:24737715:24737768:A5SS","A5SS","ENSMUSG00000052752","Traf7",133,"Regular (>50bp)",0.178,0.0207184334336191
"chr17:15721415:15721619:15721415:15721464:15723226:15723390:A5SS","A5SS","ENSMUSG00000014767","Tbp",204,"Regular (>50bp)",-0.12,7.4493073450418e-05
"chr16:78373078:78373545:78373278:78373545:78372808:78372942:A5SS","A5SS","ENSMUSG00000022864","D16Ertd472e",467,"Regular (>50bp)",-0.109,0.0347715650517602
"chr16:44019266:44019530:44019266:44019384:44020976:44021041:A5SS","A5SS","ENSMUSG00000068284","Usf3",264,"Regular (>50bp)",-0.109,0.0132896569540251
"chr16:43701330:43701576:43701355:43701576:43698319:43698396:A5SS","A5SS","ENSMUSG00000022704","Qtrt2",246,"Regular (>50bp)",-0.193,0.0221133566912699
"chr16:18715203:18715523:18715203:18715314:18716447:18716538:A5SS","A5SS","ENSMUSG00000022702","Hira",320,"Regular (>50bp)",-0.145,2.08876066388664e-08
"chr16:10413665:10413897:10413665:10413849:10428866:10428999:A5SS","A5SS","ENSMUSG00000068663","Clec16a",232,"Regular (>50bp)",0.208,7.73091409290032e-06
"chrX:40902293:40902885:40902826:40902885:40901335:40901371:A5SS","A5SS","ENSMUSG00000037475","Thoc2",592,"Regular (>50bp)",-0.101,1.02045275123047e-08
"chr15:64030730:64030853:64030766:64030853:64024678:64024779:A5SS","A5SS","ENSMUSG00000022377","Asap1",123,"Regular (>50bp)",-0.203,1.0535873615376e-06
"chr15:58795677:58795817:58795753:58795817:58793122:58793266:A5SS","A5SS","ENSMUSG00000050891","Tatdn1",140,"Regular (>50bp)",-0.13,7.874527233444e-06
"chr14:105830125:105830554:105830125:105830406:105831014:105831341:A5SS","A5SS","ENSMUSG00000115149","9330188P03Rik",429,"Regular (>50bp)",-0.259,2.83004845212252e-06
"chr14:55342038:55342384:55342287:55342384:55341819:55341915:A5SS","A5SS","ENSMUSG00000040701","Ap1g2",346,"Regular (>50bp)",-0.119,0.0236985822722063
"chr13:107124460:107124583:107124517:107124583:107123776:107123877:A5SS","A5SS","ENSMUSG00000021693","Kif2a",123,"Regular (>50bp)",-0.134,1.09460607801758e-07
"chr13:84432103:84432304:84432103:84432244:84434803:84434917:A5SS","A5SS","ENSMUSG00000035762","Tmem161b",201,"Regular (>50bp)",0.161,2.24586947678491e-09
"chr16:90827303:90827444:90827320:90827444:90824117:90824217:A5SS","A5SS","ENSMUSG00000022974","Paxbp1",141,"Regular (>50bp)",-0.121,3.99059003353235e-07
"chr12:111755758:111755920:111755758:111755893:111761981:111762112:A5SS","A5SS","ENSMUSG00000021288","Klc1",162,"Regular (>50bp)",0.206,9.66583135370069e-14
"chr12:108649453:108649669:108649453:108649520:108652308:108652375:A5SS","A5SS","ENSMUSG00000021262","Evl",216,"Regular (>50bp)",-0.233,0
"chr12:91799828:91799996:91799978:91799996:91798342:91798448:A5SS","A5SS","ENSMUSG00000020964","Sel1l",168,"Regular (>50bp)",-0.109,8.48513600465609e-10
"chr12:55106159:55106363:55106241:55106363:55104026:55104137:A5SS","A5SS","ENSMUSG00000062198","2700097O09Rik",204,"Regular (>50bp)",-0.172,0.029414368326841
"chr11:106176197:106176632:106176197:106176467:106177201:106177444:A5SS","A5SS","ENSMUSG00000020712","Tcam1",435,"Regular (>50bp)",0.481,0.000671474617908244
"chr11:100601075:100601462:100601270:100601462:100600208:100600315:A5SS","A5SS","ENSMUSG00000020918","Kat2a",387,"Regular (>50bp)",-0.117,3.51481344030056e-12
"chr11:98754463:98754728:98754463:98754505:98775799:98775930:A5SS","A5SS","ENSMUSG00000038013","Wipf2",265,"Regular (>50bp)",0.11,0.00177726806691891
"chr11:94316589:94316803:94316610:94316803:94309644:94309796:A5SS","A5SS","ENSMUSG00000020866","Cacna1g",214,"Regular (>50bp)",-0.282,0.00328849067383597
"chr11:83116359:83116672:83116359:83116511:83134643:83134822:A5SS","A5SS","ENSMUSG00000121399","ENSMUSG00000121399",313,"Regular (>50bp)",0.139,1.21025351902252e-10
"chr8:106572796:106573023:106572947:106573023:106571891:106572068:A5SS","A5SS","ENSMUSG00000036672","Cenpt",227,"Regular (>50bp)",-0.123,0.00243084627104343
"chr14:31082081:31083202:31082081:31082202:31085435:31085580:A5SS","A5SS","ENSMUSG00000021893","Capn7",1121,"Regular (>50bp)",-0.153,0.00752475539932645
"chr5:140698259:140698656:140698259:140698632:140698807:140698927:A5SS","A5SS","ENSMUSG00000000148","Brat1",397,"Regular (>50bp)",0.128,1.98467623818828e-07
"chr11:5730205:5731838:5730205:5730653:5732184:5732357:A5SS","A5SS","ENSMUSG00000121496","Ube2d-ps",1633,"Regular (>50bp)",-0.133,0.000333030929211868
"chr17:24438704:24439284:24439225:24439284:24438126:24438180:A5SS","A5SS","ENSMUSG00000024118","Tedc2",580,"Regular (>50bp)",-0.149,2.695279896705e-14
"chr5:108517221:108517544:108517221:108517351:108525739:108526108:A5SS","A5SS","ENSMUSG00000072769","Gm10419",323,"Regular (>50bp)",0.151,0.00593418516660494
"chr18:75498709:75498933:75498865:75498933:75498145:75498345:A5SS","A5SS","ENSMUSG00000092569","Gm20544",224,"Regular (>50bp)",-0.115,0.0156601491701472
"chr7:27676164:27676258:27676176:27676258:27674177:27674230:A5SS","A5SS","ENSMUSG00000063047","Zfp780b",94,"Regular (>50bp)",0.177,0.0164610295103093
"chr4:129494775:129495036:129494775:129494927:129495987:129496054:A5SS","A5SS","ENSMUSG00000028797","Tmem234",261,"Regular (>50bp)",-0.122,1.98467623818828e-07
"chr4:129494775:129495107:129494775:129494927:129495987:129496054:A5SS","A5SS","ENSMUSG00000028797","Tmem234",332,"Regular (>50bp)",-0.131,3.52540989109991e-08
"chr4:119250738:119250854:119250753:119250854:119216754:119216934:A5SS","A5SS","ENSMUSG00000028637","Ccdc30",116,"Regular (>50bp)",-0.168,0.00202473494354278
"chr4:44158902:44159052:44158989:44159052:44152359:44152553:A5SS","A5SS","ENSMUSG00000035696","Rnf38",150,"Regular (>50bp)",-0.109,0.00327347792332196
"chr2:26262742:26262837:26262770:26262837:26260844:26260892:A5SS","A5SS","ENSMUSG00000036281","Snapc4",95,"Regular (>50bp)",0.238,8.25675214474553e-11
"chr5:67557403:67557644:67557474:67557644:67549490:67555793:A5SS","A5SS","ENSMUSG00000092060","Bend4",241,"Regular (>50bp)",-0.115,0.00237894140130856
"chr5:34773906:34774251:34773906:34774158:34776693:34776795:A5SS","A5SS","ENSMUSG00000029106","Add1",345,"Regular (>50bp)",-0.106,5.09852674319185e-06
"chr3:108107942:108108150:108108075:108108150:108107440:108107478:A5SS","A5SS","ENSMUSG00000048796","Cyb561d1",208,"Regular (>50bp)",-0.108,0.00431285958830648
"chr2:165649438:165649849:165649594:165649849:165647106:165647297:A5SS","A5SS","ENSMUSG00000039671","Zmynd8",411,"Regular (>50bp)",-0.158,0
"chr8:71314308:71314417:71314341:71314417:71307644:71308121:A5SS","A5SS","ENSMUSG00000002908","Kcnn1",109,"Regular (>50bp)",-0.15,0.0327341409278513
"chrX:73471367:73471508:73471367:73471480:73476410:73476612:A5SS","A5SS","ENSMUSG00000004221","Ikbkg",141,"Regular (>50bp)",-0.335,0.00101486025927767
"chr2:11784487:11784708:11784487:11784634:11786287:11788567:A5SS","A5SS","ENSMUSG00000047909","Ankrd16",221,"Regular (>50bp)",0.127,0.041433815202855
"chr2:11788451:11788567:11788451:11788560:11789101:11789263:A5SS","A5SS","ENSMUSG00000047909","Ankrd16",116,"Regular (>50bp)",-0.135,0.0129792793320307
"chr16:31615683:31615828:31615683:31615783:31624431:31624552:A5SS","A5SS","ENSMUSG00000022770","Dlg1",145,"Regular (>50bp)",0.153,1.82865756724972e-10
"chr3:95067804:95068023:95067804:95068009:95071649:95071824:A5SS","A5SS","ENSMUSG00000038777","Sema6c",219,"Regular (>50bp)",-0.2,0.00937894653021077
"chr4:155070671:155071473:155071175:155071473:155069822:155069849:A5SS","A5SS","ENSMUSG00000029055","Plch2",802,"Regular (>50bp)",-0.138,0.0341534467438212
"chr1:184999097:184999271:184999097:184999211:184999369:184999476:A5SS","A5SS","ENSMUSG00000039318","Rab3gap2",174,"Regular (>50bp)",-0.15,1.48324751766401e-08
"chr8:85429268:85429624:85429268:85429352:85429715:85429807:A5SS","A5SS","ENSMUSG00000034041","Lyl1",356,"Regular (>50bp)",-0.157,0.0372889011847202
"chr1:97588455:97589401:97589279:97589401:97582324:97582414:A5SS","A5SS","ENSMUSG00000044768","Macir",946,"Regular (>50bp)",-0.183,0.0170534351365258
"chr7:81224293:81224467:81224293:81224450:81234849:81235019:A5SS","A5SS","ENSMUSG00000045795","Whamm",174,"Regular (>50bp)",-0.143,0.00566092903790789
"chr17:35171090:35171149:35171111:35171149:35169673:35169823:A5SS","A5SS","ENSMUSG00000092203","1110038B12Rik",59,"Regular (>50bp)",0.106,0.0484111505907837
"chr7:98496380:98496658:98496380:98496494:98499433:98499726:A5SS","A5SS","ENSMUSG00000015957","Wnt11",278,"Regular (>50bp)",-0.436,0.000119033121062084
"chr5:129620277:129620443:129620277:129620359:129626517:129626748:A5SS","A5SS","ENSMUSG00000029439","Sfswap",166,"Regular (>50bp)",-0.104,1.83223751064776e-09
"chr1:51517459:51517558:51517530:51517558:51516636:51516775:A5SS","A5SS","ENSMUSG00000026107","Nabp1",99,"Regular (>50bp)",0.12,0.04243713764142
"chr8:89779508:89779688:89779568:89779688:89776215:89776355:A5SS","A5SS","ENSMUSG00000120204","Gm56850",180,"Regular (>50bp)",-0.17,0.000338447642091397
"chr1:40046592:40046699:40046592:40046690:40048847:40049023:A5SS","A5SS","ENSMUSG00000026074","Map4k4",107,"Regular (>50bp)",-0.808,1.00650992302793e-10
"chr1:160862735:160862846:160862735:160862764:160863321:160863374:A5SS","A5SS","ENSMUSG00000053332","Gas5",111,"Regular (>50bp)",-0.214,0.000202771561191076
"chr1:160863777:160864149:160863777:160863814:160864389:160864422:A5SS","A5SS","ENSMUSG00000053332","Gas5",372,"Regular (>50bp)",-0.226,0
"chr2:73415183:73415549:73415183:73415351:73417559:73417741:A5SS","A5SS","ENSMUSG00000086382","Chrna1os",366,"Regular (>50bp)",0.45,0.000345081690782519
"chr17:33757544:33757686:33757544:33757675:33762171:33762279:A5SS","A5SS","ENSMUSG00000024299","Adamts10",142,"Regular (>50bp)",0.164,0.0403513735451249
"chr1:189417059:189417335:189417141:189417335:189415041:189415148:A5SS","A5SS","ENSMUSG00000026605","Cenpf",276,"Regular (>50bp)",-0.323,0.0339508442293274
"chr7:127350036:127350198:127350036:127350069:127351181:127351693:A5SS","A5SS","ENSMUSG00000030811","Fbxl19",162,"Regular (>50bp)",-0.138,2.29602341985639e-07
"chr7:127350036:127350200:127350036:127350069:127351181:127351693:A5SS","A5SS","ENSMUSG00000030811","Fbxl19",164,"Regular (>50bp)",-0.159,2.37803837260486e-05
"chr8:70476260:70476347:70476263:70476347:70475269:70475319:A5SS","A5SS","ENSMUSG00000031858","Mau2",87,"Regular (>50bp)",0.103,0.0129792793320307
"chr7:15919372:15919446:15919372:15919442:15919981:15920429:A5SS","A5SS","ENSMUSG00000041420","Meis3",74,"Regular (>50bp)",-0.11,0.0165393891125667
"chr2:179573772:179574018:179573808:179574018:179571069:179571217:A5SS","A5SS","ENSMUSG00000039117","Taf4",246,"Regular (>50bp)",0.127,0.0005499272286228
"chr11:115943841:115943984:115943841:115943945:115944315:115944516:A5SS","A5SS","ENSMUSG00000020770","Unk",143,"Regular (>50bp)",0.104,0.000572679542453225
"chr6:113054028:113054153:113054134:113054153:113048254:113048396:A5SS","A5SS","ENSMUSG00000086429","Gt(ROSA)26Sor",125,"Regular (>50bp)",0.169,0.00319596620764752
"chr1:152724346:152724767:152724484:152724767:152721869:152722014:A5SS","A5SS","ENSMUSG00000042772","Smg7",421,"Regular (>50bp)",-0.124,1.03594209488357e-06
"chr1:127725577:127725933:127725577:127725623:127727126:127727290:A5SS","A5SS","ENSMUSG00000026349","Ccnt2",356,"Regular (>50bp)",0.107,0.0203267924874174
"chr5:123768287:123769232:123768515:123769232:123765356:123765473:A5SS","A5SS","ENSMUSG00000049550","Clip1",945,"Regular (>50bp)",0.345,9.36285777239379e-05
"chr14:8512131:8512303:8512131:8512209:8515106:8515224:A5SS","A5SS","ENSMUSG00000053453","Thoc7",172,"Regular (>50bp)",-0.143,0.0211274479346971
"chr6:83029678:83030051:83030018:83030051:83029453:83029523:A5SS","A5SS","ENSMUSG00000068329","Htra2",373,"Regular (>50bp)",-0.105,0
"chr6:83029981:83030051:83030018:83030051:83029453:83029523:A5SS","A5SS","ENSMUSG00000068329","Htra2",70,"Regular (>50bp)",-0.306,6.3565016518734e-07
"chr2:49162052:49163069:49162052:49162379:49164574:49164786:A5SS","A5SS","ENSMUSG00000036792","Mbd5",1017,"Regular (>50bp)",0.233,0.00102090058511983
"chr4:156315541:156315630:156315560:156315630:156315357:156315461:A5SS","A5SS","ENSMUSG00002076083","Klhl17",89,"Regular (>50bp)",-0.123,0.0390203416167572
"chr5:137299579:137300576:137300387:137300576:137298505:137298675:A5SS","A5SS","ENSMUSG00000037364","Srrt",997,"Regular (>50bp)",-0.212,3.77183236643791e-09
"chr4:11976443:11977102:11976443:11976587:11977456:11977570:A5SS","A5SS","ENSMUSG00000085614","1700123M08Rik",659,"Regular (>50bp)",0.382,0.0141374514884717
"chr2:90988749:90988833:90988761:90988833:90988329:90988488:A5SS","A5SS","ENSMUSG00000040687","Madd",84,"Regular (>50bp)",0.181,1.99055966154638e-09
"chr2:90988752:90988833:90988761:90988833:90988329:90988488:A5SS","A5SS","ENSMUSG00000040687","Madd",81,"Regular (>50bp)",0.149,0.00122673365236356
"chr2:120553090:120553239:120553137:120553239:120551362:120551470:A5SS","A5SS","ENSMUSG00000027284","Cdan1",149,"Regular (>50bp)",0.173,0.000660721237848338
"chrX:49669457:49669826:49669689:49669826:49666747:49666901:A5SS","A5SS","ENSMUSG00000085396","Firre",369,"Regular (>50bp)",-0.141,0.00181118236056373
"chr7:139183742:139183873:139183791:139183873:139183303:139183440:A5SS","A5SS","ENSMUSG00000049571","Cfap46",131,"Regular (>50bp)",0.106,0.00318974085398858
"chr7:28884103:28884515:28884388:28884515:28881661:28881754:A5SS","A5SS","ENSMUSG00000049676","Catsperg1",412,"Regular (>50bp)",0.12,0.0129792793320307
"chr7:28884388:28884515:28884419:28884515:28881661:28881754:A5SS","A5SS","ENSMUSG00000049676","Catsperg1",127,"Regular (>50bp)",0.137,0.00344563171937966
"chr7:28889637:28890214:28890151:28890214:28889371:28889452:A5SS","A5SS","ENSMUSG00000049676","Catsperg1",577,"Regular (>50bp)",-0.13,0.00332336209503144
"chr6:119909629:119909722:119909650:119909722:119906793:119906828:A5SS","A5SS","ENSMUSG00000045962","Wnk1",93,"Regular (>50bp)",-0.329,0.000157355165073903
"chr6:31305223:31305324:31305223:31305295:31312925:31312997:A5SS","A5SS","ENSMUSG00000087380","2210408F21Rik",101,"Regular (>50bp)",0.126,2.55839909694283e-05
"chr12:70923933:70924037:70923933:70924013:70925190:70925267:A5SS","A5SS","ENSMUSG00000048285","Frmd6",104,"Regular (>50bp)",0.119,0.000505514586693374
"chr3:65857445:65857647:65857633:65857647:65856111:65856211:A5SS","A5SS","ENSMUSG00000027829","Ccnl1",202,"Regular (>50bp)",-0.132,0.000530100506431838
"chr7:16194730:16195361:16195254:16195361:16193110:16193205:A5SS","A5SS","ENSMUSG00000001988","Npas1",631,"Regular (>50bp)",-0.109,0.0374442385939874
"chr5:30274831:30276705:30276631:30276705:30273463:30273638:A5SS","A5SS","ENSMUSG00000025747","Tyms",1874,"Regular (>50bp)",-0.101,9.99099529036427e-10
"chr17:47889633:47889717:47889633:47889698:47904533:47904777:A5SS","A5SS","ENSMUSG00000034165","Ccnd3",84,"Regular (>50bp)",0.102,0.00431285958830648
"chr17:47889633:47889717:47889633:47889698:47904569:47904777:A5SS","A5SS","ENSMUSG00000034165","Ccnd3",84,"Regular (>50bp)",-0.113,0.00895881213386829
"chr6:115825355:115826693:115825866:115826693:115822503:115822578:A5SS","A5SS","ENSMUSG00000030322","Mbd4",1338,"Regular (>50bp)",0.153,0.0403513735451249
"chr9:35110506:35110615:35110516:35110615:35102869:35102992:A5SS","A5SS","ENSMUSG00000032041","Tirap",109,"Regular (>50bp)",-0.218,0.0300232690416288
"chr12:109623221:109623274:109623221:109623265:109624491:109624555:A5SS","A5SS","ENSMUSG00000097451","Rian",53,"Regular (>50bp)",0.287,0.000144959439795492
"chr7:18821925:18822189:18821925:18822174:18822835:18822921:A5SS","A5SS","ENSMUSG00000030409","Dmpk",264,"Regular (>50bp)",0.109,0.0418290725453011
"chr2:30167634:30167841:30167634:30167656:30169966:30170095:A5SS","A5SS","ENSMUSG00000079484","Phyhd1",207,"Regular (>50bp)",-0.103,0.0370167570171685
"chr7:19318704:19318748:19318708:19318748:19318394:19318455:A5SS","A5SS","ENSMUSG00000061028","Clasrp",44,"Small (30-50bp)",-0.135,0.0170222906571626
"chr4:9770677:9770948:9770677:9770821:9776036:9776197:A5SS","A5SS","ENSMUSG00000085558","4930412C18Rik",271,"Regular (>50bp)",-0.123,0.018521640074612
"chr12:108854237:108854474:108854301:108854474:108846968:108847077:A5SS","A5SS","ENSMUSG00000021266","Wars1",237,"Regular (>50bp)",-0.19,0.00373735017661656
"chr17:47630277:47630604:47630277:47630544:47634203:47634588:A5SS","A5SS","ENSMUSG00000064043","Trerf1",327,"Regular (>50bp)",0.109,0.0459532677100285
"chr7:126417465:126417565:126417465:126417525:126418995:126419126:A5SS","A5SS","ENSMUSG00000058966","Tlcd3b",100,"Regular (>50bp)",-0.114,0.0330544884867369
"chr8:4377756:4377893:4377756:4377850:4403882:4404000:A5SS","A5SS","ENSMUSG00000023235","Ccl25",137,"Regular (>50bp)",-0.106,0.0113815638650848
"chr9:20553499:20555594:20555490:20555594:20553319:20553392:A5SS","A5SS","ENSMUSG00000066892","Fbxl12",2095,"Regular (>50bp)",-0.167,4.50759211792411e-06
"chr5:106843002:106843565:106843508:106843565:106814650:106814711:A5SS","A5SS","ENSMUSG00000049606","Zfp644",563,"Regular (>50bp)",-0.341,2.04239363676878e-06
"chr15:68084441:68084693:68084462:68084693:68058899:68059085:A5SS","A5SS","ENSMUSG00000022335","Zfat",252,"Regular (>50bp)",-0.18,0.00376867622798115
"chr8:123985049:123985128:123985049:123985096:123986169:123986253:A5SS","A5SS","ENSMUSG00000001065","Zfp276",79,"Regular (>50bp)",-0.161,0.00618165328158248
"chrX:102656628:102656801:102656649:102656801:102652909:102653022:A5SS","A5SS","ENSMUSG00000086370","Ftx",173,"Regular (>50bp)",-0.16,0.00273385108308706
"chr9:37253721:37253917:37253731:37253917:37231692:37231806:A5SS","A5SS","ENSMUSG00000034303","Ccdc15",196,"Regular (>50bp)",-0.186,0.0418290725453011
"chr2:93840607:93841097:93841027:93841097:93838768:93838937:A5SS","A5SS","ENSMUSG00000040174","Alkbh3",490,"Regular (>50bp)",0.166,2.40332978704009e-06
"chr9:61301889:61301994:61301889:61301964:61309137:61309339:A5SS","A5SS","ENSMUSG00000032280","Tle3",105,"Regular (>50bp)",0.134,0.0371919100834469
"chr9:72387205:72388057:72387878:72388057:72385621:72385704:A5SS","A5SS","ENSMUSG00000090626","Tex9",852,"Regular (>50bp)",-0.212,0.0464557865275345
"chr2:69821768:69821981:69821768:69821969:69824019:69824156:A5SS","A5SS","ENSMUSG00000044308","Ubr3",213,"Regular (>50bp)",0.139,1.57061718471471e-07
"chr11:3078928:3079165:3078928:3079118:3079381:3079520:A5SS","A5SS","ENSMUSG00000121500","ENSMUSG00000121500",237,"Regular (>50bp)",-0.201,0.0295757059163887
"chr11:3084625:3085542:3085282:3085542:3083071:3083207:A5SS","A5SS","ENSMUSG00000023764","Sfi1",917,"Regular (>50bp)",-0.121,0.0193065118350599
"chr11:20646750:20648373:20648312:20648373:20642464:20642588:A5SS","A5SS","ENSMUSG00000049659","Aftph",1623,"Regular (>50bp)",-0.164,2.26742714918788e-07
"chr3:87670531:87670665:87670566:87670665:87669518:87669588:A5SS","A5SS","ENSMUSG00000028073","Pear1",134,"Regular (>50bp)",-0.179,0.0179661427572965
"chrX:135661166:135661324:135662739:135662837:135660667:135689269:MXE","MXE","ENSMUSG00000087368","BC065397",158,"Regular (>50bp)",-0.166,0.0281432914089372
"chrX:73332056:73332119:73332710:73332788:73331825:73332904:MXE","MXE","ENSMUSG00000009995","Tafazzin",63,"Regular (>50bp)",0.125,4.22059541881834e-07
"chrX:13417185:13417221:13418611:13418680:13415600:13421116:MXE","MXE","ENSMUSG00000031012","Cask",36,"Small (30-50bp)",0.136,1.23089842693126e-05
"chr19:17189655:17189694:17193689:17193737:17185693:17198147:MXE","MXE","ENSMUSG00000039126","Prune2",39,"Small (30-50bp)",0.104,0.00876492001807575
"chr19:10399120:10399252:10403662:10404031:10395406:10412913:MXE","MXE","ENSMUSG00000024743","Syt7",132,"Regular (>50bp)",0.137,0.024632385727955
"chr18:34598208:34598273:34606602:34606738:34596062:34620031:MXE","MXE","ENSMUSG00000036501","Fam13b",65,"Regular (>50bp)",-0.105,0.00096257506289034
"chr17:64248577:64248752:64264119:64264312:64248475:64280059:MXE","MXE","ENSMUSG00000000127","Fer",175,"Regular (>50bp)",-0.313,0.0455578070570707
"chr19:35819763:35819821:35865634:35865860:35818729:35900886:MXE","MXE","ENSMUSG00000094707","A830019P07Rik",58,"Regular (>50bp)",0.103,0.00125118349662459
"chr17:35361282:35361360:35361473:35361581:35361058:35361702:MXE","MXE","ENSMUSG00000024392","Bag6",78,"Regular (>50bp)",0.11,3.51743707191636e-05
"chr17:24733686:24733803:24735478:24735573:24733191:24737715:MXE","MXE","ENSMUSG00000052752","Traf7",117,"Regular (>50bp)",0.117,3.69127646791697e-07
"chr17:23981139:23981568:23981949:23982292:23980090:23990388:MXE","MXE","ENSMUSG00000040097","Flywch1",429,"Regular (>50bp)",-0.128,1.62089787813401e-06
"chr16:52006711:52006843:52009375:52009516:52006595:52014521:MXE","MXE","ENSMUSG00000022637","Cblb",132,"Regular (>50bp)",-0.133,0.00383413615697965
"chr16:42967259:42967306:43053121:43053183:42892832:43122931:MXE","MXE","ENSMUSG00000022708","Zbtb20",47,"Small (30-50bp)",-0.209,0.0376044336828009
"chr16:13665589:13665653:13672258:13672309:13663287:13675240:MXE","MXE","ENSMUSG00000022680","Pdxdc1",64,"Regular (>50bp)",0.142,0.000649002400342015
"chr15:99532122:99535655:99540763:99540852:99530676:99549387:MXE","MXE","ENSMUSG00000023015","Racgap1",3533,"Regular (>50bp)",0.183,3.14151283519687e-08
"chr15:89010028:89010093:89010177:89010284:89009952:89010414:MXE","MXE","ENSMUSG00000062906","Hdac10",65,"Regular (>50bp)",0.117,0.0185129962971965
"chr15:89011071:89011198:89011352:89011421:89010640:89011588:MXE","MXE","ENSMUSG00000062906","Hdac10",127,"Regular (>50bp)",-0.171,8.57216152468075e-08
"chr15:88965182:88965247:88965555:88965656:88960344:88966153:MXE","MXE","ENSMUSG00000015363","Trabd",65,"Regular (>50bp)",-0.129,2.59113569974066e-05
"chr15:76387018:76387084:76387158:76387201:76386931:76387353:MXE","MXE","ENSMUSG00000022555","Dgat1",66,"Regular (>50bp)",0.112,0.0193748190291053
"chr15:62021087:62021201:62031845:62031977:61910050:62047315:MXE","MXE","ENSMUSG00000097039","Pvt1",114,"Regular (>50bp)",0.165,0.00114734782469399
"chr15:62021087:62021201:62031845:62031977:61979314:62047315:MXE","MXE","ENSMUSG00000097039","Pvt1",114,"Regular (>50bp)",0.133,0.001141313003973
"chr15:62047612:62047775:62094585:62094752:62047397:62114022:MXE","MXE","ENSMUSG00000097039","Pvt1",163,"Regular (>50bp)",-0.121,0.00247136427963002
"chr15:38963267:38963428:38965377:38965463:38961637:38969226:MXE","MXE","ENSMUSG00000022299","Slc25a32",161,"Regular (>50bp)",0.109,0.0451963936521442
"chrX:72947853:72948075:72949256:72949469:72944342:72950034:MXE","MXE","ENSMUSG00000031389","Arhgap4",222,"Regular (>50bp)",0.216,0.0230019710027239
"chr16:55902718:55902771:55909746:55909827:55895941:55917702:MXE","MXE","ENSMUSG00000052917","Senp7",53,"Regular (>50bp)",-0.103,0.000466065381454937
"chr14:54616452:54616578:54645959:54646505:54615367:54651336:MXE","MXE","ENSMUSG00000000958","Slc7a7",126,"Regular (>50bp)",0.167,0.0437142086930944
"chr14:45860297:45860399:45866310:45866331:45858297:45867036:MXE","MXE","ENSMUSG00000037697","Ddhd1",102,"Regular (>50bp)",-0.127,6.36088685010611e-05
"chr14:21825030:21825623:21830153:21830249:21800904:21833746:MXE","MXE","ENSMUSG00000021770","Samd8",593,"Regular (>50bp)",0.106,0.00803836830948295
"chr13:119601100:119601226:119606050:119606697:119599655:119608674:MXE","MXE","ENSMUSG00000062822","4833420G17Rik",126,"Regular (>50bp)",0.116,0.00130066792100837
"chr13:116441753:116442013:116444809:116444999:116439868:116445930:MXE","MXE","ENSMUSG00000042258","Isl1",260,"Regular (>50bp)",0.102,0.000296558735672374
"chr13:21632336:21632654:21633443:21633503:21632064:21633610:MXE","MXE","ENSMUSG00000022228","Zscan26",318,"Regular (>50bp)",0.111,0.0281063815110553
"chr12:112599128:112599179:112599502:112599569:112598750:112600577:MXE","MXE","ENSMUSG00000011148","Adssl1",51,"Regular (>50bp)",0.145,0.0428160338128054
"chr12:108649453:108649520:108649606:108649669:108647813:108652308:MXE","MXE","ENSMUSG00000021262","Evl",67,"Regular (>50bp)",0.106,5.36375839646816e-05
"chr16:91509082:91509155:91514291:91514363:91498093:91525445:MXE","MXE","ENSMUSG00000058240","Cryzl1",73,"Regular (>50bp)",0.415,0.00863421584882317
"chr12:86313917:86313957:86315749:86315835:86312023:86328222:MXE","MXE","ENSMUSG00000021254","Gpatch2l",40,"Small (30-50bp)",-0.157,0.0216900991297771
"chr12:86313917:86313957:86315749:86315835:86312023:86335573:MXE","MXE","ENSMUSG00000021254","Gpatch2l",40,"Small (30-50bp)",-0.128,0.0470610224824171
"chr12:81964438:81966154:81975015:81975148:81960249:81980304:MXE","MXE","ENSMUSG00000021140","Pcnx",1716,"Regular (>50bp)",-0.106,6.47958474074394e-05
"chr12:81964438:81966154:81975018:81975148:81960249:81980304:MXE","MXE","ENSMUSG00000021140","Pcnx",1716,"Regular (>50bp)",-0.112,1.65998905050769e-05
"chr12:75531905:75531998:75540187:75540289:75516636:75562375:MXE","MXE","ENSMUSG00000021051","Ppp2r5e",93,"Regular (>50bp)",-0.136,0.0063878588920497
"chr12:30049890:30050048:30051919:30053423:30049272:30055714:MXE","MXE","ENSMUSG00000020674","Pxdn",158,"Regular (>50bp)",0.102,0.000239688541483005
"chr11:120959860:120959914:120960413:120960722:120959672:120966391:MXE","MXE","ENSMUSG00000025165","Sectm1a",54,"Regular (>50bp)",-0.657,1.09705400294328e-08
"chr11:109376301:109376399:109376531:109376583:109364247:109380593:MXE","MXE","ENSMUSG00000020604","Arsg",98,"Regular (>50bp)",-0.178,0.000260291157947316
"chr11:106071780:106071809:106075387:106075445:106064607:106077926:MXE","MXE","ENSMUSG00000069631","Strada",29,"Microexon (0-30bp)",0.173,1.11932780992581e-06
"chr11:100945851:100945969:100946259:100946431:100939351:100953137:MXE","MXE","ENSMUSG00000019302","Atp6v0a1",118,"Regular (>50bp)",0.103,0
"chr17:24809792:24809911:24810148:24810191:24806995:24810260:MXE","MXE","ENSMUSG00000032855","Pkd1",119,"Regular (>50bp)",0.138,0.00954677571810592
"chr11:86407569:86407813:86408175:86408218:86407017:86408408:MXE","MXE","ENSMUSG00000020516","Rps6kb1",244,"Regular (>50bp)",0.254,0.00224379579741055
"chr14:47506112:47506219:47507591:47507684:47505670:47509592:MXE","MXE","ENSMUSG00000037572","Wdhd1",107,"Regular (>50bp)",0.16,0.000513512252379072
"chr7:121258110:121258336:121260568:121260688:121252483:121266026:MXE","MXE","ENSMUSG00000063317","Usp31",226,"Regular (>50bp)",0.103,0.00835720663393885
"chr13:12468138:12468285:12469615:12469826:12467659:12474054:MXE","MXE","ENSMUSG00000057554","Lgals8",147,"Regular (>50bp)",-0.157,0.00131456570257084
"chr6:32870326:32870341:32945135:32945201:32869310:32985417:MXE","MXE","ENSMUSG00000053768","Chchd3",15,"Microexon (0-30bp)",0.389,0
"chr6:32870326:32870341:32945135:32945253:32869310:33026271:MXE","MXE","ENSMUSG00000053768","Chchd3",15,"Microexon (0-30bp)",0.403,2.41985598226153e-12
"chr11:5730205:5730635:5732184:5732357:5719243:5733891:MXE","MXE","ENSMUSG00000121496","Ube2d-ps",430,"Regular (>50bp)",-0.141,0.0408789144178215
"chr5:100183962:100184054:100184339:100184510:100182843:100184720:MXE","MXE","ENSMUSG00000029328","Hnrnpdl",92,"Regular (>50bp)",-0.102,0
"chr9:121823910:121824016:121824132:121824179:121812889:121824941:MXE","MXE","ENSMUSG00000066235","Pomgnt2",106,"Regular (>50bp)",0.181,0.0380442548415803
"chr5:118194601:118194709:118197506:118197554:118194508:118199666:MXE","MXE","ENSMUSG00000029359","Tesc",108,"Regular (>50bp)",-0.114,0.000111869244191197
"chr5:74166484:74166568:74177320:74177397:74164013:74189801:MXE","MXE","ENSMUSG00000054814","Usp46",84,"Regular (>50bp)",-0.126,0.00353905657508181
"chr11:3311020:3311108:3311782:3311825:3310586:3320968:MXE","MXE","ENSMUSG00000020451","Limk2",88,"Regular (>50bp)",0.318,0.0118407241389166
"chr2:155015853:155015991:155020961:155021007:155014501:155022473:MXE","MXE","ENSMUSG00000027598","Itch",138,"Regular (>50bp)",-0.129,0.000958854642036377
"chr5:128890625:128890676:128896806:128896911:128883625:128914726:MXE","MXE","ENSMUSG00000029420","Rimbp2",51,"Regular (>50bp)",0.103,0.0437142086930944
"chr4:142896605:142896758:142905884:142905961:142888752:142907446:MXE","MXE","ENSMUSG00000057637","Prdm2",153,"Regular (>50bp)",0.151,0.0120935698877722
"chr5:38367961:38368008:38370651:38371408:38363306:38373790:MXE","MXE","ENSMUSG00000029127","Zbtb49",47,"Small (30-50bp)",-0.164,0.0115608654634606
"chr11:58946786:58947050:58951669:58951933:58946466:58952249:MXE","MXE","ENSMUSG00000061462","Obscn",264,"Regular (>50bp)",0.445,0.0359925629724799
"chr11:58952249:58952513:58952856:58953120:58951933:58953472:MXE","MXE","ENSMUSG00000061462","Obscn",264,"Regular (>50bp)",-0.284,0.0207983331113889
"chr8:13809139:13809237:13810529:13810568:13807854:13810976:MXE","MXE","ENSMUSG00000038416","Cdc16",98,"Regular (>50bp)",0.108,7.22549068078228e-08
"chr4:129495199:129495418:129496014:129496054:129494927:129500879:MXE","MXE","ENSMUSG00000028797","Tmem234",219,"Regular (>50bp)",0.116,4.93572196635033e-08
"chr4:126944356:126944394:126944536:126944665:126943699:126945067:MXE","MXE","ENSMUSG00000043872","Zmym1",38,"Small (30-50bp)",0.101,0.0471403094843515
"chr4:107705477:107705600:107707300:107707339:107704763:107708504:MXE","MXE","ENSMUSG00000028613","Lrp8",123,"Regular (>50bp)",0.133,1.268059414944e-05
"chr4:99657730:99657778:99668998:99669058:99655813:99670113:MXE","MXE","ENSMUSG00000028549","Itgb3bp",48,"Small (30-50bp)",0.111,0.0297472475086732
"chr17:32581766:32581937:32586797:32587121:32580938:32606546:MXE","MXE","ENSMUSG00000024050","Wiz",171,"Regular (>50bp)",-0.129,0.00597418108045885
"chr4:135054402:135054534:135056314:135056356:135051420:135056683:MXE","MXE","ENSMUSG00000028809","Srrm1",132,"Regular (>50bp)",-0.144,0
"chr17:88850272:88850341:88854995:88855097:88837746:88856921:MXE","MXE","ENSMUSG00000034709","Ppp1r21",69,"Regular (>50bp)",0.13,0.002051308329394
"chr9:45811508:45811554:45816067:45816217:45809789:45817649:MXE","MXE","ENSMUSG00000042790","Rnf214",46,"Small (30-50bp)",-0.137,0.000322758609049771
"chr11:101186359:101186450:101187083:101187142:101186257:101189834:MXE","MXE","ENSMUSG00000035086","Becn1",91,"Regular (>50bp)",0.104,0.000417896791558767
"chr11:54017063:54017123:54017171:54017237:54016642:54019873:MXE","MXE","ENSMUSG00000018906","P4ha2",60,"Regular (>50bp)",0.128,2.8296915761083e-07
"chr4:147951787:147952059:147952525:147952640:147950876:147952825:MXE","MXE","ENSMUSG00000029022","Miip",272,"Regular (>50bp)",0.355,0.000654297199194408
"chr4:116978394:116978526:116978610:116978679:116978293:116979415:MXE","MXE","ENSMUSG00000073771","Btbd19",132,"Regular (>50bp)",0.179,0.00399123631696732
"chr10:83573772:83573797:83593308:83593344:83558898:83593997:MXE","MXE","ENSMUSG00000087651","1500009L16Rik",25,"Microexon (0-30bp)",0.111,0.0181641843978063
"chr3:102664608:102664706:102665472:102665547:102657176:102666625:MXE","MXE","ENSMUSG00000027858","Tspan2",98,"Regular (>50bp)",0.111,9.56900357245781e-05
"chr19:57062286:57062334:57065845:57065929:57057369:57068244:MXE","MXE","ENSMUSG00000025085","Ablim1",48,"Small (30-50bp)",-0.201,0.0415385843182091
"chr2:5896100:5896166:5897964:5898032:5891388:5900067:MXE","MXE","ENSMUSG00000025816","Sec61a2",66,"Regular (>50bp)",-0.102,0.00248172970476761
"chr3:95075609:95075700:95075897:95076017:95075411:95076119:MXE","MXE","ENSMUSG00000038777","Sema6c",91,"Regular (>50bp)",0.132,0.0293012196511105
"chrX:37690805:37690958:37691452:37691550:37690274:37694815:MXE","MXE","ENSMUSG00000000355","Mcts1",153,"Regular (>50bp)",0.133,9.80197354962447e-07
"chr1:64598885:64598927:64600911:64601024:64597808:64605375:MXE","MXE","ENSMUSG00000025958","Creb1",42,"Small (30-50bp)",0.169,0.0258717639978251
"chr3:87897981:87898089:87900361:87900949:87897605:87901418:MXE","MXE","ENSMUSG00000004892","Bcan",108,"Regular (>50bp)",-0.106,0.0122705428186056
"chr3:144402614:144402715:144403138:144403228:144397889:144411273:MXE","MXE","ENSMUSG00000037062","Sh3glb1",101,"Regular (>50bp)",0.188,0
"chrX:107901873:107901978:107915077:107915204:107879961:107929950:MXE","MXE","ENSMUSG00000086629","2810403D21Rik",105,"Regular (>50bp)",-0.24,0.00671250947867597
"chr2:167276701:167276782:167293126:167293270:167266217:167307260:MXE","MXE","ENSMUSG00000039463","Slc9a8",81,"Regular (>50bp)",0.252,3.57859690213184e-09
"chr19:60208761:60208792:60209485:60209736:60208571:60214663:MXE","MXE","ENSMUSG00000057858","Fam204a",31,"Small (30-50bp)",-0.12,0.0121548928235532
"chr4:114916715:114916863:114920326:114920773:114915068:114921865:MXE","MXE","ENSMUSG00000028717","Tal1",148,"Regular (>50bp)",0.191,0.00202620425795954
"chr4:32746440:32746567:32747843:32747949:32745728:32748574:MXE","MXE","ENSMUSG00000058006","Mdn1",127,"Regular (>50bp)",0.117,0.000961173691699996
"chr18:80956011:80956162:80960919:80961093:80952920:80977038:MXE","MXE","ENSMUSG00000024566","Atp9b",151,"Regular (>50bp)",0.115,0.00205481725972794
"chr13:104321233:104321355:104323908:104324187:104317744:104324568:MXE","MXE","ENSMUSG00000021712","Trim23",122,"Regular (>50bp)",0.112,0.0189079375022319
"chr17:81749631:81749652:81752297:81752401:81749219:81752915:MXE","MXE","ENSMUSG00000054640","Slc8a1",21,"Microexon (0-30bp)",-0.111,0.0090089187275793
"chr7:80029565:80029660:80029956:80030075:80029482:80030586:MXE","MXE","ENSMUSG00000053158","Fes",95,"Regular (>50bp)",0.122,0.0141721606997833
"chr5:143703678:143703832:143705248:143705349:143703236:143705481:MXE","MXE","ENSMUSG00000051306","Usp42",154,"Regular (>50bp)",0.117,0.00560784184747316
"chr1:160863777:160863814:160864118:160864149:160863584:160864389:MXE","MXE","ENSMUSG00000053332","Gas5",37,"Small (30-50bp)",0.148,2.27751151271573e-13
"chr7:79925793:79925843:79929719:79929765:79924433:79932232:MXE","MXE","ENSMUSG00000030534","Vps33b",50,"Small (30-50bp)",0.2,0.000149710864898505
"chr7:79926145:79926213:79929719:79929765:79925843:79932232:MXE","MXE","ENSMUSG00000030534","Vps33b",68,"Regular (>50bp)",0.18,0.033294226137518
"chr4:108029285:108029372:108030991:108031048:108027145:108031183:MXE","MXE","ENSMUSG00000028601","Echdc2",87,"Regular (>50bp)",0.14,0.00560784184747316
"chr5:137288273:137289363:137289740:137290225:137286629:137291429:MXE","MXE","ENSMUSG00000023328","Ache",1090,"Regular (>50bp)",0.113,0.00427852233774356
"chr7:30180805:30180925:30181066:30181091:30177784:30181165:MXE","MXE","ENSMUSG00000006649","Nphs1",120,"Regular (>50bp)",0.218,0.0365312486420536
"chr1:33844419:33844500:33852807:33852891:33825613:33853418:MXE","MXE","ENSMUSG00000042197","Zfp451",81,"Regular (>50bp)",0.116,0.00137106340616994
"chr6:86424322:86424403:86426742:86426847:86423250:86430590:MXE","MXE","ENSMUSG00000046679","C87436",81,"Regular (>50bp)",0.105,0.0248283651492632
"chr11:73029592:73029688:73036366:73036477:73029337:73037876:MXE","MXE","ENSMUSG00000005947","Itgae",96,"Regular (>50bp)",0.218,0.0279179162158402
"chr9:99128319:99128419:99136307:99136430:99125937:99144598:MXE","MXE","ENSMUSG00000056267","Cep70",100,"Regular (>50bp)",0.116,0.00250335434340415
"chr16:90743902:90743941:90744953:90745001:90743750:90746586:MXE","MXE","ENSMUSG00000022973","Synj1",39,"Small (30-50bp)",0.174,0.00238027208711514
"chr8:106943875:106943912:106946551:106946701:106939203:106953842:MXE","MXE","ENSMUSG00000060098","Prmt7",37,"Small (30-50bp)",0.131,1.81973169865910e-09
"chr8:106943875:106943912:106953842:106953951:106939203:106961479:MXE","MXE","ENSMUSG00000060098","Prmt7",37,"Small (30-50bp)",0.123,8.22412837923162e-07
"chr9:44707292:44707424:44707620:44707911:44707009:44709417:MXE","MXE","ENSMUSG00000002032","Tmem25",132,"Regular (>50bp)",0.177,0.00250335434340415
"chr11:23270660:23270748:23293319:23293370:23257016:23293510:MXE","MXE","ENSMUSG00000056342","Usp34",88,"Regular (>50bp)",0.129,0.000697366963523193
"chr1:91316076:91316168:91318328:91318385:91315063:91318853:MXE","MXE","ENSMUSG00000026309","Ilkap",92,"Regular (>50bp)",0.162,0.0195742039844022
"chr2:173441382:173441480:173450525:173450672:173438980:173501115:MXE","MXE","ENSMUSG00000121504","Ppp4r1l-ps",98,"Regular (>50bp)",0.141,0.000407353858209282
"chr2:173457275:173458216:173487249:173487351:173450672:173501115:MXE","MXE","ENSMUSG00000121504","Ppp4r1l-ps",941,"Regular (>50bp)",0.107,5.29001865131663e-05
"chr2:173487249:173487351:173490962:173491160:173450672:173501115:MXE","MXE","ENSMUSG00000121504","Ppp4r1l-ps",102,"Regular (>50bp)",-0.331,0.00247136427963002
"chr2:173490962:173491160:173501115:173501160:173487351:173501305:MXE","MXE","ENSMUSG00000121504","Ppp4r1l-ps",198,"Regular (>50bp)",0.106,0.00247165283675587
"chr9:106073248:106073356:106073566:106073630:106073137:106073791:MXE","MXE","ENSMUSG00000020253","Ppm1m",108,"Regular (>50bp)",-0.108,0.0251069369605679
"chr12:100385750:100385829:100413118:100413240:100381566:100432438:MXE","MXE","ENSMUSG00000033530","Ttc7b",79,"Regular (>50bp)",0.11,0.00450171857825945
"chr18:12408762:12408861:12428935:12429046:12401605:12438667:MXE","MXE","ENSMUSG00000057766","Ankrd29",99,"Regular (>50bp)",0.334,0.0157073406509188
"chr1:119693158:119693211:119711211:119711319:119692881:119730052:MXE","MXE","ENSMUSG00000026384","Ptpn4",53,"Regular (>50bp)",0.193,0.00184714229273461
"chr8:83069867:83069952:83070587:83070665:83064239:83071003:MXE","MXE","ENSMUSG00000031712","Il15",85,"Regular (>50bp)",-0.162,1.13234664688182e-06
"chr3:89330232:89330303:89332072:89332199:89326016:89333821:MXE","MXE","ENSMUSG00000042626","Shc1",71,"Regular (>50bp)",0.106,1.91690552320368e-11
"chr3:9508883:9508966:9509218:9509402:9504942:9511019:MXE","MXE","ENSMUSG00000040209","Zfp704",83,"Regular (>50bp)",-0.451,0.00362307092944373
"chr4:116469168:116469278:116471526:116471607:116462960:116476066:MXE","MXE","ENSMUSG00000028693","Nasp",110,"Regular (>50bp)",-0.141,4.23345901290955e-05
"chr6:86947972:86948068:86958277:86958379:86944355:86959523:MXE","MXE","ENSMUSG00000057230","Aak1",96,"Regular (>50bp)",-0.114,0.00954174218299229
"chr2:10573171:10573281:10580146:10580322:10562521:10582625:MXE","MXE","ENSMUSG00000061186","Sfmbt2",110,"Regular (>50bp)",-0.187,2.24852500255498e-10
"chr3:127609244:127609343:127614408:127614434:127606944:127616232:MXE","MXE","ENSMUSG00000074238","Ap1ar",99,"Regular (>50bp)",0.125,2.665956607557e-05
"chr3:127610558:127610655:127614408:127614434:127606944:127616232:MXE","MXE","ENSMUSG00000074238","Ap1ar",97,"Regular (>50bp)",0.118,0.0090089187275793
"chr2:32954015:32954090:32994864:32995035:32944269:33020435:MXE","MXE","ENSMUSG00000038860","Garnl3",75,"Regular (>50bp)",0.106,0.00178252920125139
"chr2:120560779:120560986:120561182:120561673:120560580:120561892:MXE","MXE","ENSMUSG00000027284","Cdan1",207,"Regular (>50bp)",0.16,0.00126114712640572
"chr1:138950842:138950886:138969661:138969781:138893968:138981083:MXE","MXE","ENSMUSG00000056268","Dennd1b",44,"Small (30-50bp)",0.173,0.0376809775740377
"chr5:92185026:92185221:92187096:92187295:92181616:92190045:MXE","MXE","ENSMUSG00000029403","Cdkl2",195,"Regular (>50bp)",-0.106,0.0345498682967065
"chr2:153312607:153312717:153319790:153319902:153278267:153325606:MXE","MXE","ENSMUSG00000061411","Nol4l",110,"Regular (>50bp)",0.108,0.00500041559198649
"chr4:129898817:129898901:129899182:129899347:129886672:129900544:MXE","MXE","ENSMUSG00000028782","Adgrb2",84,"Regular (>50bp)",0.131,0.00518134783615118
"chr12:100620529:100620748:100644776:100644848:100585900:100691039:MXE","MXE","ENSMUSG00000021180","Rps6ka5",219,"Regular (>50bp)",0.144,0.00250335434340415
"chr2:181358294:181358328:181359747:181359886:181357739:181360169:MXE","MXE","ENSMUSG00000027584","Oprl1",34,"Small (30-50bp)",0.292,0.000433335649117499
"chr3:19295309:19295373:19297213:19297365:19290703:19310941:MXE","MXE","ENSMUSG00000069094","Pde7a",64,"Regular (>50bp)",-0.111,0.00770591917091415
"chr3:32567149:32567341:32569432:32569501:32564881:32571177:MXE","MXE","ENSMUSG00000027667","Zfp639",192,"Regular (>50bp)",0.102,0.00691484562375717
"chr6:31254782:31254890:31305223:31305324:31221293:31312925:MXE","MXE","ENSMUSG00000087380","2210408F21Rik",108,"Regular (>50bp)",-0.219,0.0019272667069942
"chr6:31261937:31262055:31305223:31305295:31254890:31312925:MXE","MXE","ENSMUSG00000087380","2210408F21Rik",118,"Regular (>50bp)",0.118,0.00411110416275889
"chr6:31261937:31262217:31305223:31305295:31254890:31312925:MXE","MXE","ENSMUSG00000087380","2210408F21Rik",280,"Regular (>50bp)",0.119,0.0132296134291732
"chr3:89154371:89154435:89156380:89156447:89154239:89156877:MXE","MXE","ENSMUSG00000042747","Krtcap2",64,"Regular (>50bp)",0.117,1.37550339453115e-05
"chr9:63124274:63124307:63142570:63142600:63104654:63164258:MXE","MXE","ENSMUSG00000058444","Map2k5",33,"Small (30-50bp)",0.214,0.0207983331113889
"chr5:100959874:100960068:100963027:100963094:100957741:100965827:MXE","MXE","ENSMUSG00000035234","Abraxas1",194,"Regular (>50bp)",0.122,0.00320432151164848
"chr6:55471061:55471191:55472558:55472600:55462018:55473967:MXE","MXE","ENSMUSG00000029778","Adcyap1r1",130,"Regular (>50bp)",0.101,0.00130066792100837
"chrX:73274111:73274359:73276572:73276596:73273764:73276754:MXE","MXE","ENSMUSG00000031328","Flna",248,"Regular (>50bp)",-0.203,4.98511163244091e-09
"chr6:71829746:71829851:71830156:71830252:71828864:71833895:MXE","MXE","ENSMUSG00000052337","Immt",105,"Regular (>50bp)",0.101,4.02351313335039e-05
"chr8:125455107:125455221:125457577:125457755:125452114:125458535:MXE","MXE","ENSMUSG00000031982","Arv1",114,"Regular (>50bp)",0.117,0.0239089983227604
"chr6:93684984:93685198:93694220:93694252:93678362:93722414:MXE","MXE","ENSMUSG00000045095","Magi1",214,"Regular (>50bp)",0.193,0.0465031737033878
"chr6:118651306:118651366:118651515:118651575:118647417:118652780:MXE","MXE","ENSMUSG00000051331","Cacna1c",60,"Regular (>50bp)",0.107,0.0263477485464642
"chr16:16936155:16936376:16941375:16941518:16935728:16942853:MXE","MXE","ENSMUSG00000049916","2610318N02Rik",221,"Regular (>50bp)",0.108,1.31600096638999e-05
"chrX:141465286:141465945:141588985:141589064:141464552:141615496:MXE","MXE","ENSMUSG00000047045","Tmem164",659,"Regular (>50bp)",0.102,0.0059849026101622
"chr12:109604272:109604360:109606700:109606762:109593587:109608998:MXE","MXE","ENSMUSG00000097451","Rian",88,"Regular (>50bp)",-0.161,0.00139097448453324
"chr10:80545233:80545322:80545600:80545790:80545120:80546253:MXE","MXE","ENSMUSG00000020198","Ap3d1",89,"Regular (>50bp)",0.115,0.000708472052298996
"chr9:14507746:14507896:14545197:14545248:14505007:14554747:MXE","MXE","ENSMUSG00000013076","Amotl1",150,"Regular (>50bp)",0.182,0.0344976151536776
"chr7:26874140:26874203:26875203:26875318:26874001:26875582:MXE","MXE","ENSMUSG00000053291","Rab4b",63,"Regular (>50bp)",0.108,0.00195749952063294
"chr7:30256689:30256719:30257050:30257101:30256610:30257307:MXE","MXE","ENSMUSG00000036845","Lin37",30,"Microexon (0-30bp)",0.128,0.00753660158639582
"chr7:81021759:81021948:81085950:81086125:81011557:81104381:MXE","MXE","ENSMUSG00000025586","Cpeb1",189,"Regular (>50bp)",0.114,0.000100183303536097
"chr7:81021759:81021951:81085950:81086125:81011557:81104381:MXE","MXE","ENSMUSG00000025586","Cpeb1",192,"Regular (>50bp)",0.113,0.000108255144569018
"chr7:41284103:41284323:41292756:41292856:41283118:41296914:MXE","MXE","ENSMUSG00000074165","Zfp788",220,"Regular (>50bp)",0.148,0.00560784184747316
"chr7:42232070:42232131:42232329:42232456:42230332:42241860:MXE","MXE","ENSMUSG00000092335","Zfp977",61,"Regular (>50bp)",0.147,0.0325402956504969
"chr6:38536138:38536239:38542589:38542657:38535010:38545781:MXE","MXE","ENSMUSG00000029823","Luc7l2",101,"Regular (>50bp)",-0.175,0.00324100534437411
"chr6:38536138:38536239:38545781:38545852:38535010:38547444:MXE","MXE","ENSMUSG00000029823","Luc7l2",101,"Regular (>50bp)",-0.335,0.00250335434340415
"chr9:121617224:121617369:121617725:121617894:121617115:121618060:MXE","MXE","ENSMUSG00000032523","Hhatl",145,"Regular (>50bp)",-0.252,0.00163330060362122
"chr7:59323557:59323704:59326085:59326232:59319490:59326365:MXE","MXE","ENSMUSG00000100826","Snhg14",147,"Regular (>50bp)",-0.234,9.56900357245781e-05
"chr7:66309397:66310003:66327904:66327993:66297673:66328827:MXE","MXE","ENSMUSG00000030509","Asb7",606,"Regular (>50bp)",-0.116,0.0166107912238774
"chr7:99511496:99511564:99516553:99516651:99508437:99520488:MXE","MXE","ENSMUSG00000035211","Xrra1",68,"Regular (>50bp)",-0.279,0.0140174537538063
"chr7:100473338:100473464:100480534:100480677:100467969:100483215:MXE","MXE","ENSMUSG00000029461","Fam168a",126,"Regular (>50bp)",-0.136,3.11697573621229e-06
"chr9:86680590:86680752:86680882:86680897:86674294:86686507:MXE","MXE","ENSMUSG00000033419","Snap91",162,"Regular (>50bp)",-0.145,0.0336608213802321
"chr11:77391897:77391940:77393654:77393681:77391391:77393843:MXE","MXE","ENSMUSG00000011877","Git1",43,"Small (30-50bp)",0.119,0
"chr8:4377756:4377850:4399771:4399894:4375288:4403882:MXE","MXE","ENSMUSG00000023235","Ccl25",94,"Regular (>50bp)",0.158,1.94999722322055e-07
"chr7:141028638:141028687:141030916:141031015:141027944:141031144:MXE","MXE","ENSMUSG00000025508","Rplp2",49,"Small (30-50bp)",0.102,0.00323184326375186
"chr8:57995545:57995728:57995868:57996051:57993171:57998362:MXE","MXE","ENSMUSG00000031608","Galnt7",183,"Regular (>50bp)",0.101,0.0053071822004575
"chr8:70364813:70364888:70365572:70365874:70364519:70367168:MXE","MXE","ENSMUSG00000036180","Gatad2a",75,"Regular (>50bp)",-0.149,1.42975156692943e-06
"chr8:84299177:84299221:84299848:84299952:84299084:84300499:MXE","MXE","ENSMUSG00000031708","Tecr",44,"Small (30-50bp)",0.128,1.12636392731519e-06
"chr10:127027204:127027422:127028477:127029207:127026908:127029598:MXE","MXE","ENSMUSG00000040415","Dtx3",218,"Regular (>50bp)",-0.109,0.000694032912680506
"chr8:85620076:85620103:85620183:85620313:85619793:85620370:MXE","MXE","ENSMUSG00000003809","Gcdh",27,"Microexon (0-30bp)",-0.24,5.95597719296359e-05
"chr8:93071480:93071667:93072977:93073091:93053090:93073592:MXE","MXE","ENSMUSG00000031736","Crnde",187,"Regular (>50bp)",0.136,0.000866702328132793
"chr8:93073411:93073546:93073592:93073732:93073091:93077318:MXE","MXE","ENSMUSG00000031736","Crnde",135,"Regular (>50bp)",0.112,1.33679409766845e-05
"chrX:12002639:12003439:12003623:12003709:12001108:12026527:MXE","MXE","ENSMUSG00000040363","Bcor",800,"Regular (>50bp)",0.222,0.000102888613324465
"chr8:105905224:105905341:105929083:105929179:105898024:105942535:MXE","MXE","ENSMUSG00000031885","Cbfb",117,"Regular (>50bp)",0.109,2.82030883181367e-05
"chr8:105905224:105905341:105929083:105929210:105898024:105942535:MXE","MXE","ENSMUSG00000031885","Cbfb",117,"Regular (>50bp)",0.138,8.57216152468075e-08
"chr9:6967079:6967289:6983389:6983506:6955996:6992523:MXE","MXE","ENSMUSG00000047193","Dync2h1",210,"Regular (>50bp)",0.201,0.0448559705386672
"chr9:7850920:7851172:7854367:7854607:7849714:7857390:MXE","MXE","ENSMUSG00000032000","Birc3",252,"Regular (>50bp)",-0.132,0.0135065297750262
"chr9:13252850:13253055:13262360:13262453:13246676:13266811:MXE","MXE","ENSMUSG00000079084","Ccdc82",205,"Regular (>50bp)",-0.138,0.00402679996118746
"chr9:110999323:110999392:111011886:111011955:110990457:111017829:MXE","MXE","ENSMUSG00000032497","Lrrfip2",69,"Regular (>50bp)",0.24,0.038096472029601
"chr12:80446722:80446759:80451328:80451472:80445682:80483137:MXE","MXE","ENSMUSG00000049106","Dcaf5",37,"Small (30-50bp)",0.193,4.24586193768205e-06
"chr9:47208462:47208506:47215492:47215592:47182097:47219070:MXE","MXE","ENSMUSG00000109844","Gm31816",44,"Small (30-50bp)",0.167,0.00427852233774356
"chr9:57358638:57358767:57359262:57359317:57353456:57375215:MXE","MXE","ENSMUSG00000040722","Scamp5",129,"Regular (>50bp)",0.106,0.00250335434340415
"chr9:79999548:79999694:80000818:80000923:79994805:80010975:MXE","MXE","ENSMUSG00000034252","Senp6",146,"Regular (>50bp)",-0.213,0.00815774239131356
"chr9:102498894:102498927:102500754:102500792:102496959:102503102:MXE","MXE","ENSMUSG00000032534","Cep63",33,"Small (30-50bp)",0.288,1.2645536315877e-05
"chr9:109668675:109668778:109670543:109670583:109664482:109670994:MXE","MXE","ENSMUSG00000032478","Nme6",103,"Regular (>50bp)",0.123,0.0496966677186565
"chr9:109901680:109901773:109907070:109907152:109898053:109910488:MXE","MXE","ENSMUSG00000032479","Map4",93,"Regular (>50bp)",0.226,0.000694032912680506
"chr9:109901680:109901773:109908848:109908964:109898053:109910488:MXE","MXE","ENSMUSG00000032479","Map4",93,"Regular (>50bp)",0.206,0.00427852233774356
"chr9:113780675:113780752:113785030:113785136:113774067:113785774:MXE","MXE","ENSMUSG00000009741","Ubp1",77,"Regular (>50bp)",-0.113,0.00128147711529158
"chr9:121559062:121559090:121560543:121560631:121558746:121570187:MXE","MXE","ENSMUSG00000032525","Nktr",28,"Microexon (0-30bp)",-0.117,0.00273993484471266
"chr5:110519411:110519489:110522255:110522385:110519235:110524118:MXE","MXE","ENSMUSG00000043323","Fbrsl1",78,"Regular (>50bp)",0.115,0.0250698247328581
"chr10:59190161:59190232:59191171:59191242:59188081:59197682:MXE","MXE","ENSMUSG00000019916","P4ha1",71,"Regular (>50bp)",0.164,7.59170504241017e-13
"chr16:18170649:18170701:18207024:18207255:18166320:18214823:MXE","MXE","ENSMUSG00000118669","Arvcf",52,"Regular (>50bp)",0.123,0.006616656726485
"chr17:34245369:34245444:34245636:34245679:34245199:34245824:MXE","MXE","ENSMUSG00000073422","Hsd17b8",75,"Regular (>50bp)",0.103,0.0347501525611032
"chr1:120088335:120088386:120093864:120093902:120078477:120115770:MXE","MXE","ENSMUSG00000026388","3110009E18Rik",51,"Regular (>50bp)",0.112,0.0295946156918896
"chr11:3075787:3076058:3078928:3079118:3074124:3079381:MXE","MXE","ENSMUSG00000121500","ENSMUSG00000121500",271,"Regular (>50bp)",-0.106,4.24586193768205e-06
"chr10:86586110:86586250:86596629:86596782:86572863:86599727:MXE","MXE","ENSMUSG00000044937","Ttc41",140,"Regular (>50bp)",0.34,0.00600951209700887
"chr10:109596347:109596389:109600378:109600867:109594910:109602789:MXE","MXE","ENSMUSG00000020181","Nav3",42,"Small (30-50bp)",0.244,1.48853311185324e-05
"chr4:129732770:129733471:129736462:129736555:129714394:129738854:MXE","MXE","ENSMUSG00000028788","Ptp4a2",701,"Regular (>50bp)",0.116,1.13391970755791e-05
"chr11:18938267:18938379:18961241:18961388:18891804:18962809:MXE","MXE","ENSMUSG00000020160","Meis1",112,"Regular (>50bp)",0.112,0.0219557662486781
"chr11:20646750:20646831:20648312:20648373:20642588:20653710:MXE","MXE","ENSMUSG00000049659","Aftph",81,"Regular (>50bp)",0.112,0.000204990685829299
"chr17:49746449:49746614:49756127:49756189:49742290:49756462:MXE","MXE","ENSMUSG00000064120","Mocs1",165,"Regular (>50bp)",0.109,0.0246580750591411
"chr11:53354049:53355020:53356322:53356871:53348168:53356950:MXE","MXE","ENSMUSG00000018387","Shroom1",971,"Regular (>50bp)",-0.11,0.0365024892562326
"chr11:54227761:54227839:54227896:54227974:54225951:54229237:MXE","MXE","ENSMUSG00000020333","Acsl6",78,"Regular (>50bp)",0.106,0.0078186650317071
"chr13:28689688:28689896:28745423:28745562:28645044:28792500:MXE","MXE","ENSMUSG00000085936","2610307P16Rik",208,"Regular (>50bp)",0.189,0.00610960006126951
"chr13:28852352:28852687:28914373:28914486:28792611:28956601:MXE","MXE","ENSMUSG00000085936","2610307P16Rik",335,"Regular (>50bp)",0.111,0.0027587926925886
"chr11:59743616:59743717:59751575:59751636:59730582:59765378:MXE","MXE","ENSMUSG00000032615","Nt5m",101,"Regular (>50bp)",0.134,0.00366476788999049
"chrX:100123706:100124477:100123873:100124313:RI","RI","ENSMUSG00000031297","Slc7a3",771,"Regular (>50bp)",0.122,0
"chrX:93581281:93581671:93581361:93581579:RI","RI","ENSMUSG00000025151","Maged1",390,"Regular (>50bp)",-0.118,0
"chr19:46292019:46294075:46293289:46293546:RI","RI","ENSMUSG00000118087","4833438C02Rik",2056,"Regular (>50bp)",0.169,0.00180959538444379
"chr19:6884609:6885484:6884648:6885349:RI","RI","ENSMUSG00000024953","Prdx5",875,"Regular (>50bp)",-0.129,0.0221157654646177
"chr19:10494343:10494750:10494453:10494683:RI","RI","ENSMUSG00000024668","Sdhaf2",407,"Regular (>50bp)",-0.133,0.000241058741324915
"chr19:5934372:5935794:5934631:5934750:RI","RI","ENSMUSG00000024818","Slc25a45",1422,"Regular (>50bp)",0.129,0.00894041538704182
"chr17:56869938:56870431:56870243:56870361:RI","RI","ENSMUSG00000042625","Safb2",493,"Regular (>50bp)",0.146,1.10142909781263e-05
"chr17:47291245:47292368:47291344:47292279:RI","RI","ENSMUSG00000023977","Ubr2",1123,"Regular (>50bp)",-0.217,0
"chr17:34817353:34817768:34817546:34817703:RI","RI","ENSMUSG00000015452","Ager",415,"Regular (>50bp)",-0.113,0.000118115100493857
"chr17:34818969:34819595:34819111:34819468:RI","RI","ENSMUSG00000015452","Ager",626,"Regular (>50bp)",-0.155,0.0182680645244899
"chr17:32551976:32554597:32553670:32554536:RI","RI","ENSMUSG00000002625","Akap8l",2621,"Regular (>50bp)",-0.102,1.2129057885048e-08
"chr17:32531259:32532236:32531347:32532078:RI","RI","ENSMUSG00000024045","Akap8",977,"Regular (>50bp)",-0.122,0.000497005202609401
"chr17:29583884:29584584:29583965:29584435:RI","RI","ENSMUSG00000024013","Fgd2",700,"Regular (>50bp)",-0.114,0.000115103588951085
"chr17:26178780:26179537:26178959:26179310:RI","RI","ENSMUSG00000037326","Capn15",757,"Regular (>50bp)",-0.18,1.60824386925722e-07
"chr17:26003048:26003546:26003152:26003428:RI","RI","ENSMUSG00000061046","Haghl",498,"Regular (>50bp)",-0.152,0.000850285865848096
"chr17:24665755:24666184:24665815:24666063:RI","RI","ENSMUSG00000024137","E4f1",429,"Regular (>50bp)",0.115,0.0447377318871449
"chr17:32622029:32622555:32622373:32622494:RI","RI","ENSMUSG00000052142","Rasal3",526,"Regular (>50bp)",0.17,1.57362941196184e-09
"chr16:17095532:17095755:17095605:17095714:RI","RI","ENSMUSG00000055692","Tmem191",223,"Regular (>50bp)",0.168,1.98688756048781e-07
"chrX:40911569:40912423:40911748:40912238:RI","RI","ENSMUSG00000037475","Thoc2",854,"Regular (>50bp)",-0.146,0.00199186815620198
"chr19:5546343:5547053:5546430:5547013:RI","RI","ENSMUSG00000056185","Snx32",710,"Regular (>50bp)",-0.16,0.0023412283593655
"chrX:20852217:20853588:20852399:20853321:RI","RI","ENSMUSG00000086877","A230072C01Rik",1371,"Regular (>50bp)",0.136,0.0379164870927095
"chr15:89008377:89008791:89008456:89008734:RI","RI","ENSMUSG00000062906","Hdac10",414,"Regular (>50bp)",-0.155,0.00390179695161639
"chr15:89010580:89011198:89010640:89011071:RI","RI","ENSMUSG00000062906","Hdac10",618,"Regular (>50bp)",-0.219,1.14097174637629e-07
"chrX:72240958:72241991:72241076:72241891:RI","RI","ENSMUSG00000073125","Xlr3b",1033,"Regular (>50bp)",-0.143,0.000293974833715858
"chr15:76577213:76577924:76577338:76577794:RI","RI","ENSMUSG00000033819","Ppp1r16a",711,"Regular (>50bp)",-0.179,0.00393498522428202
"chr15:76231458:76232017:76231794:76231863:RI","RI","ENSMUSG00000022552","Sharpin",559,"Regular (>50bp)",0.108,0.000225632880678854
"chrX:72943450:72944075:72943478:72943704:RI","RI","ENSMUSG00000031389","Arhgap4",625,"Regular (>50bp)",-0.166,0.0369306560746756
"chr14:51154256:51154960:51154322:51154839:RI","RI","ENSMUSG00000006289","Osgep",704,"Regular (>50bp)",-0.165,0.0043424083942958
"chr14:21897940:21898188:21897995:21898069:RI","RI","ENSMUSG00000021773","Comtd1",248,"Regular (>50bp)",0.132,1.79416020701634e-07
"chr13:120237302:120237985:120237525:120237627:RI","RI","ENSMUSG00000094870","Zfp131",683,"Regular (>50bp)",-0.127,1.79092749414568e-05
"chr13:104581322:104582212:104581461:104582123:RI","RI","ENSMUSG00000046169","Adamts6",890,"Regular (>50bp)",-0.356,0.021747318439931
"chr15:99202305:99203314:99202371:99203288:RI","RI","ENSMUSG00000023007","Prpf40b",1009,"Regular (>50bp)",-0.244,3.4059672206175e-05
"chr16:20558156:20558806:20558260:20558703:RI","RI","ENSMUSG00000006958","Chrd",650,"Regular (>50bp)",-0.134,0.00333119356825072
"chr12:108311832:108312434:108311906:108312347:RI","RI","ENSMUSG00000021259","Cyp46a1",602,"Regular (>50bp)",0.3,0.0054396978261033
"chr11:119229060:119229761:119229298:119229697:RI","RI","ENSMUSG00000013483","Card14",701,"Regular (>50bp)",-0.403,0.000963758148786821
"chr11:119136660:119137176:119136904:119136993:RI","RI","ENSMUSG00000039963","Ccdc40",516,"Regular (>50bp)",-0.109,0.00018529351727452
"chr11:116730663:116731371:116730757:116731235:RI","RI","ENSMUSG00000056962","Jmjd6",708,"Regular (>50bp)",-0.102,0.0188210365435897
"chr11:98607239:98608968:98607351:98608735:RI","RI","ENSMUSG00000017210","Med24",1729,"Regular (>50bp)",-0.145,1.19580554686483e-08
"chr2:130203748:130204081:130203814:130203909:RI","RI","ENSMUSG00000053552","Ebf4",333,"Regular (>50bp)",-0.152,0.00163241311817916
"chr8:85791012:85791301:85791125:85791209:RI","RI","ENSMUSG00000008167","Fbxw9",289,"Regular (>50bp)",0.185,0.000809322591844517
"chr5:140698259:140698927:140698656:140698807:RI","RI","ENSMUSG00000000148","Brat1",668,"Regular (>50bp)",-0.143,0.000354682866143208
"chr5:112517320:112518610:112517417:112517811:RI","RI","ENSMUSG00000042328","Hps4",1290,"Regular (>50bp)",-0.127,1.91772265809203e-05
"chr9:15218168:15219117:15218286:15219023:RI","RI","ENSMUSG00000031939","Taf1d",949,"Regular (>50bp)",0.109,2.11196085098113e-07
"chr11:60621108:60621618:60621261:60621455:RI","RI","ENSMUSG00000018599","Mief2",510,"Regular (>50bp)",0.105,0.00397438436562768
"chr10:80228372:80229114:80228852:80228928:RI","RI","ENSMUSG00000035478","Mbd3",742,"Regular (>50bp)",0.15,2.54673365729408e-12
"chr5:67443438:67448804:67443559:67444352:RI","RI","ENSMUSG00000037720","Tmem33",5366,"Regular (>50bp)",0.109,0.000101846410831981
"chr5:31030030:31030488:31030112:31030386:RI","RI","ENSMUSG00000038828","Tmem214",458,"Regular (>50bp)",-0.102,0.000515026733105878
"chr4:156327022:156328080:156327134:156327966:RI","RI","ENSMUSG00000095567","Noc2l",1058,"Regular (>50bp)",-0.103,5.8173599955529e-08
"chr18:75497177:75497574:75497401:75497525:RI","RI","ENSMUSG00000092569","Gm20544",397,"Regular (>50bp)",-0.273,0.00122266421210949
"chr7:126573624:126574256:126573682:126574111:RI","RI","ENSMUSG00000097075","Cdiptos",632,"Regular (>50bp)",0.327,0.0136949035452041
"chr14:25696427:25698765:25696516:25698689:RI","RI","ENSMUSG00000021868","Ppif",2338,"Regular (>50bp)",-0.155,0.0386346583054236
"chr4:114945904:114946409:114945973:114946235:RI","RI","ENSMUSG00000028716","Pdzk1ip1",505,"Regular (>50bp)",0.191,0.0352763840279851
"chr4:107752069:107754315:107752135:107754067:RI","RI","ENSMUSG00000028608","Czib",2246,"Regular (>50bp)",-0.12,1.5554723835629e-05
"chr7:44614507:44614990:44614690:44614794:RI","RI","ENSMUSG00000007783","Cpt1c",483,"Regular (>50bp)",0.125,0.00216913942381535
"chr5:107122466:107123526:107122562:107123350:RI","RI","ENSMUSG00000029283","Cdc7",1060,"Regular (>50bp)",-0.117,0.000172118653446014
"chr7:27279761:27281524:27280116:27280775:RI","RI","ENSMUSG00000049643","2310022A10Rik",1763,"Regular (>50bp)",-0.137,0.000285681015458883
"chr4:41756512:41756995:41756561:41756938:RI","RI","ENSMUSG00000036073","Galt",483,"Regular (>50bp)",-0.196,8.22285456446966e-10
"chr4:155902379:155904885:155902444:155904785:RI","RI","ENSMUSG00000029068","Ccnl2",2506,"Regular (>50bp)",-0.119,1.05621804181134e-08
"chr15:97646463:97647427:97646551:97647376:RI","RI","ENSMUSG00000022469","Rapgef3",964,"Regular (>50bp)",-0.261,4.38796407290267e-06
"chr12:30991965:30992867:30992128:30992788:RI","RI","ENSMUSG00000020669","Sh3yl1",902,"Regular (>50bp)",0.318,5.07586260740016e-06
"chr5:67549490:67557644:67555793:67557474:RI","RI","ENSMUSG00000092060","Bend4",8154,"Regular (>50bp)",-0.159,2.11504609381911e-07
"chr7:141019915:141020279:141020066:141020143:RI","RI","ENSMUSG00000025507","Pidd1",364,"Regular (>50bp)",0.128,0.00729565307701046
"chr4:155153119:155155233:155153526:155155097:RI","RI","ENSMUSG00000029047","Pex10",2114,"Regular (>50bp)",-0.138,0.0351668628042544
"chr3:151937513:151940207:151937659:151940160:RI","RI","ENSMUSG00000028034","Fubp1",2694,"Regular (>50bp)",-0.274,0
"chr9:57665566:57668323:57665633:57668106:RI","RI","ENSMUSG00000032316","Clk3",2757,"Regular (>50bp)",-0.187,0.000241058741324915
"chrX:149433972:149434454:149434035:149434411:RI","RI","ENSMUSG00000025272","Tro",482,"Regular (>50bp)",-0.116,2.05882406649308e-05
"chrX:73379375:73379797:73379472:73379606:RI","RI","ENSMUSG00000031398","Plxna3",422,"Regular (>50bp)",0.105,2.32937786096947e-08
"chr3:94942252:94943235:94942321:94943120:RI","RI","ENSMUSG00000005625","Psmd4",983,"Regular (>50bp)",-0.217,4.84058851516387e-07
"chr4:152052955:152055387:152053084:152055313:RI","RI","ENSMUSG00000039768","Dnajc11",2432,"Regular (>50bp)",-0.163,0.0256917933081188
"chr2:32260875:32261420:32261125:32261260:RI","RI","ENSMUSG00000039205","Ciz1",545,"Regular (>50bp)",-0.102,1.80326778222773e-05
"chr4:155069822:155071473:155069849:155070671:RI","RI","ENSMUSG00000029055","Plch2",1651,"Regular (>50bp)",-0.241,0.013783735280543
"chr4:155069822:155071473:155069849:155071175:RI","RI","ENSMUSG00000029055","Plch2",1651,"Regular (>50bp)",-0.205,0.00590078800165802
"chr2:180226198:180226664:180226280:180226486:RI","RI","ENSMUSG00000027569","Mrgbp",466,"Regular (>50bp)",-0.107,1.01055443627531e-05
"chr2:155811914:155812815:155812156:155812632:RI","RI","ENSMUSG00000038241","Cep250",901,"Regular (>50bp)",-0.149,1.20723588133376e-05
"chr1:176596798:176597436:176597092:176597278:RI","RI","ENSMUSG00000057335","Cep170",638,"Regular (>50bp)",0.118,0
"chr1:160910477:160913908:160911020:160913557:RI","RI","ENSMUSG00000026708","Cenpl",3431,"Regular (>50bp)",0.151,0.000232970458336873
"chr4:141342255:141343932:141342421:141343514:RI","RI","ENSMUSG00000043085","Tmem82",1677,"Regular (>50bp)",0.149,0.0422531288179133
"chr17:35169673:35171149:35170901:35171090:RI","RI","ENSMUSG00000092203","1110038B12Rik",1476,"Regular (>50bp)",0.126,0.00026162735389328
"chr17:35169673:35171149:35169823:35171111:RI","RI","ENSMUSG00000092203","1110038B12Rik",1476,"Regular (>50bp)",0.139,9.76563755415562e-06
"chr5:33887487:33889605:33887678:33889460:RI","RI","ENSMUSG00000054252","Fgfr3",2118,"Regular (>50bp)",-0.163,0.0392776989050624
"chr13:9034801:9035355:9034923:9035244:RI","RI","ENSMUSG00000021149","Gtpbp4",554,"Regular (>50bp)",0.129,0.000254734555845011
"chr2:26276666:26277683:26277323:26277567:RI","RI","ENSMUSG00000026927","Entr1",1017,"Regular (>50bp)",-0.106,6.41465069040177e-09
"chr5:124138774:124139374:124138837:124139268:RI","RI","ENSMUSG00000000915","Hip1r",600,"Regular (>50bp)",-0.15,0.0121423597988145
"chr6:42326966:42327410:42327053:42327190:RI","RI","ENSMUSG00000029860","Zyx",444,"Regular (>50bp)",0.104,6.41465069040177e-09
"chr1:58456171:58456542:58456338:58456425:RI","RI","ENSMUSG00000026034","Clk1",371,"Regular (>50bp)",0.176,0
"chr5:34791934:34792306:34792043:34792194:RI","RI","ENSMUSG00000001082","Mfsd10",372,"Regular (>50bp)",0.123,7.18703713717513e-05
"chr1:160863321:160863814:160863584:160863777:RI","RI","ENSMUSG00000053332","Gas5",493,"Regular (>50bp)",-0.116,2.04366597718973e-11
"chr1:160863777:160864422:160863814:160864389:RI","RI","ENSMUSG00000053332","Gas5",645,"Regular (>50bp)",-0.207,1.34887956660062e-11
"chr1:160862733:160864885:160864422:160864857:RI","RI","ENSMUSG00000053332","Gas5",2152,"Regular (>50bp)",-0.3,0
"chr17:33768453:33769644:33768583:33769439:RI","RI","ENSMUSG00000024299","Adamts10",1191,"Regular (>50bp)",-0.108,0.0352105280233656
"chr8:105254009:105256748:105254081:105256687:RI","RI","ENSMUSG00000031878","Nae1",2739,"Regular (>50bp)",-0.24,0.000820537719912056
"chr1:39407009:39407336:39407087:39407229:RI","RI","ENSMUSG00000073702","Rpl31",327,"Regular (>50bp)",0.172,9.151653793755e-14
"chr3:88358651:88359093:88358774:88358994:RI","RI","ENSMUSG00000028064","Sema4a",442,"Regular (>50bp)",-0.212,0.0420049416677064
"chr2:158199117:158202519:158201251:158202383:RI","RI","ENSMUSG00000085385","Snhg17",3402,"Regular (>50bp)",-0.122,1.55862196440235e-05
"chr2:158202862:158203442:158203116:158203324:RI","RI","ENSMUSG00000085385","Snhg17",580,"Regular (>50bp)",0.117,7.92072257519176e-07
"chr3:89076001:89077422:89076230:89077355:RI","RI","ENSMUSG00000068917","Clk2",1421,"Regular (>50bp)",-0.174,1.96963926649889e-12
"chr15:98539280:98539971:98539339:98539819:RI","RI","ENSMUSG00000003352","Cacnb3",691,"Regular (>50bp)",-0.187,3.466711362421e-10
"chr8:70481268:70481885:70481424:70481857:RI","RI","ENSMUSG00000031858","Mau2",617,"Regular (>50bp)",-0.117,1.12237263508485e-13
"chr6:140596481:140598552:140596508:140597041:RI","RI","ENSMUSG00000030232","Aebp2",2071,"Regular (>50bp)",-0.131,2.72197229459709e-06
"chr2:156941320:156943363:156941423:156943240:RI","RI","ENSMUSG00000027639","Samhd1",2043,"Regular (>50bp)",-0.126,0.00698389553106949
"chr7:44546943:44548124:44547048:44547926:RI","RI","ENSMUSG00000011658","Fuz",1181,"Regular (>50bp)",0.128,0.0111263391165135
"chr9:108385581:108386423:108385729:108386347:RI","RI","ENSMUSG00000032604","Qars",842,"Regular (>50bp)",-0.2,0.00876678708238421
"chr10:89644379:89645640:89644522:89645489:RI","RI","ENSMUSG00000019951","Uhrf1bp1l",1261,"Regular (>50bp)",-0.169,4.61680445118056e-12
"chr5:3608660:3609159:3608693:3609096:RI","RI","ENSMUSG00000058503","Fam133b",499,"Regular (>50bp)",-0.138,6.20219772855631e-05
"chr2:120153513:120154770:120153642:120154671:RI","RI","ENSMUSG00000027291","Vps39",1257,"Regular (>50bp)",-0.141,0.0131485738413328
"chr11:68911855:68913440:68912019:68913218:RI","RI","ENSMUSG00000020898","Ctc1",1585,"Regular (>50bp)",0.192,0.0197707061075584
"chr10:80633606:80633811:80633673:80633743:RI","RI","ENSMUSG00000035278","Plekhj1",205,"Regular (>50bp)",0.127,1.07211445215225e-07
"chr15:89071158:89071446:89071201:89071350:RI","RI","ENSMUSG00000015377","Dennd6b",288,"Regular (>50bp)",-0.146,2.79140046240731e-07
"chr2:130264144:130264624:130264295:130264385:RI","RI","ENSMUSG00000037773","Pced1a",480,"Regular (>50bp)",-0.114,0.0352105280233656
"chr2:130895142:130895508:130895220:130895309:RI","RI","ENSMUSG00000027318","Adam33",366,"Regular (>50bp)",-0.252,0.0275826015895048
"chr7:28889371:28890214:28889452:28890151:RI","RI","ENSMUSG00000049676","Catsperg1",843,"Regular (>50bp)",-0.108,0.0003330340139715
"chr7:28889637:28890214:28890060:28890151:RI","RI","ENSMUSG00000049676","Catsperg1",577,"Regular (>50bp)",0.134,0.0407690576431522
"chr12:110845129:110846248:110845473:110846118:RI","RI","ENSMUSG00000021276","Cinp",1119,"Regular (>50bp)",-0.178,0.0315173573192066
"chr2:180996145:180997345:180996235:180997120:RI","RI","ENSMUSG00000038685","Rtel1",1200,"Regular (>50bp)",-0.121,0.00471096302248341
"chr12:83707368:83711033:83707452:83710752:RI","RI","ENSMUSG00000010608","Rbm25",3665,"Regular (>50bp)",-0.141,8.52112878340483e-07
"chrX:104112069:104112752:104112234:104112719:RI","RI","ENSMUSG00000087174","5530601H04Rik",683,"Regular (>50bp)",-0.136,0.00467404411368511
"chr3:35891634:35893363:35891738:35893197:RI","RI","ENSMUSG00000037400","Atp11b",1729,"Regular (>50bp)",-0.24,1.43476359846319e-05
"chr3:41710483:41713374:41710564:41713058:RI","RI","ENSMUSG00000025766","D3Ertd751e",2891,"Regular (>50bp)",0.165,5.100608431175e-07
"chr3:65856111:65857965:65856211:65857900:RI","RI","ENSMUSG00000027829","Ccnl1",1854,"Regular (>50bp)",-0.117,7.18703713717513e-05
"chr5:30274831:30276705:30274953:30276631:RI","RI","ENSMUSG00000025747","Tyms",1874,"Regular (>50bp)",-0.216,7.42363781262138e-07
"chr4:116566436:116566816:116566470:116566678:RI","RI","ENSMUSG00000028689","Ccdc163",380,"Regular (>50bp)",-0.165,0.000598492950649376
"chr3:90165771:90166799:90165833:90166692:RI","RI","ENSMUSG00000027936","Crtc2",1028,"Regular (>50bp)",-0.258,4.83284141313497e-05
"chr6:56679990:56680394:56680018:56680302:RI","RI","ENSMUSG00000091625","Lsm5",404,"Regular (>50bp)",-0.163,0.0336314106940369
"chr11:21948369:21951189:21948521:21951121:RI","RI","ENSMUSG00000005917","Otx1",2820,"Regular (>50bp)",-0.193,0.000486441898871423
"chr6:86395859:86397393:86395914:86397305:RI","RI","ENSMUSG00000071337","Tia1",1534,"Regular (>50bp)",-0.145,2.21917898198945e-10
"chr6:117860941:117861556:117861272:117861430:RI","RI","ENSMUSG00000120675","Gm38882",615,"Regular (>50bp)",0.214,0.0347347335660532
"chr6:122298830:122299431:122299042:122299283:RI","RI","ENSMUSG00000040669","Phc1",601,"Regular (>50bp)",-0.11,3.92587670972508e-09
"chr6:124827880:124828094:124827946:124828041:RI","RI","ENSMUSG00000023191","P3h3",214,"Regular (>50bp)",-0.122,0.00467404411368511
"chr6:128384648:128385895:128384701:128384946:RI","RI","ENSMUSG00000001520","Nrip2",1247,"Regular (>50bp)",0.126,0.000515026733105878
"chr7:100940693:100941206:100940799:100941085:RI","RI","ENSMUSG00000047767","Atg16l2",513,"Regular (>50bp)",-0.169,2.08570828765604e-06
"chr6:47517610:47519340:47517789:47519299:RI","RI","ENSMUSG00000029687","Ezh2",1730,"Regular (>50bp)",-0.101,2.10443277349578e-09
"chr12:109616505:109617533:109616591:109617446:RI","RI","ENSMUSG00000097451","Rian",1028,"Regular (>50bp)",-0.104,0.0320006970984676
"chr17:25109806:25110110:25109909:25109984:RI","RI","ENSMUSG00000024160","Spsb3",304,"Regular (>50bp)",0.103,0.000241058741324915
"chr7:25014123:25015620:25014330:25014821:RI","RI","ENSMUSG00000043843","Tmem145",1497,"Regular (>50bp)",0.132,0.000232970458336873
"chr10:81471521:81472260:81471586:81472202:RI","RI","ENSMUSG00000054708","Ankrd24",739,"Regular (>50bp)",-0.116,0.000913448426017257
"chr10:81475140:81475770:81475178:81475689:RI","RI","ENSMUSG00000054708","Ankrd24",630,"Regular (>50bp)",-0.343,1.283507514093e-05
"chr7:44012075:44012439:44012196:44012366:RI","RI","ENSMUSG00000008028","1700008O03Rik",364,"Regular (>50bp)",-0.246,0.0104242940555306
"chr13:30892659:30895214:30892732:30894688:RI","RI","ENSMUSG00000069255","Dusp22",2555,"Regular (>50bp)",-0.133,0.0304121491461173
"chr8:71051188:71051422:71051267:71051351:RI","RI","ENSMUSG00000070003","Ssbp4",234,"Regular (>50bp)",0.116,7.50143687149244e-05
"chr10:128154031:128154907:128154211:128154813:RI","RI","ENSMUSG00000005682","Pan2",876,"Regular (>50bp)",-0.114,8.27880971527687e-05
"chr10:81097464:81098368:81097990:81098281:RI","RI","ENSMUSG00000004933","Matk",904,"Regular (>50bp)",0.154,0.000273546181549599
"chr10:128637219:128638386:128637380:128638273:RI","RI","ENSMUSG00000047090","Tmem198b",1167,"Regular (>50bp)",-0.101,2.22053396893553e-10
"chr8:26211688:26212627:26211813:26212456:RI","RI","ENSMUSG00000031570","Plpp5",939,"Regular (>50bp)",0.145,7.69130755885773e-09
"chr2:93669492:93671731:93669582:93671653:RI","RI","ENSMUSG00000040272","Accs",2239,"Regular (>50bp)",-0.118,0.0223945819668914
"chr17:80511741:80512867:80511816:80512690:RI","RI","ENSMUSG00000024097","Srsf7",1126,"Regular (>50bp)",-0.104,1.96779772844062e-08
"chr8:71811968:71813356:71812096:71812307:RI","RI","ENSMUSG00000004677","Myo9b",1388,"Regular (>50bp)",0.13,0.000135381923667282
"chr2:155752276:155753756:155752387:155753660:RI","RI","ENSMUSG00000005882","Uqcc1",1480,"Regular (>50bp)",-0.188,0.00393538248416648
"chr8:123971852:123972451:123971949:123972220:RI","RI","ENSMUSG00000001062","Vps9d1",599,"Regular (>50bp)",-0.127,0.00157062077932676
"chr8:123991554:123991809:123991665:123991733:RI","RI","ENSMUSG00000001065","Zfp276",255,"Regular (>50bp)",0.133,0.0187082132330894
"chr6:72409781:72412097:72411378:72411963:RI","RI","ENSMUSG00000053907","Mat2a",2316,"Regular (>50bp)",-0.112,9.96168391652722e-07
"chr11:102355765:102356183:102355977:102356130:RI","RI","ENSMUSG00000034664","Itga2b",418,"Regular (>50bp)",0.101,0.00581263531818706
"chr9:107456298:107458134:107456584:107457655:RI","RI","ENSMUSG00000079334","Naa80",1836,"Regular (>50bp)",0.174,1.84239085200602e-06
"chr9:40713713:40714187:40713919:40714034:RI","RI","ENSMUSG00000015656","Hspa8",474,"Regular (>50bp)",0.14,1.9447012063886e-06
"chr10:52230667:52235033:52230843:52234868:RI","RI","ENSMUSG00000019861","Gopc",4366,"Regular (>50bp)",-0.466,3.18726643492752e-05
"chr9:107858402:107858780:107858495:107858716:RI","RI","ENSMUSG00000032596","Uba7",378,"Regular (>50bp)",-0.261,0.000701526495466534
"chr9:108448243:108448873:108448372:108448811:RI","RI","ENSMUSG00000019039","Dalrd3",630,"Regular (>50bp)",-0.137,0.000250374632751152
"chr4:41763824:41765121:41763885:41765006:RI","RI","ENSMUSG00000073889","Il11ra1",1297,"Regular (>50bp)",-0.108,0.000547032727712811
"chr10:18879323:18881079:18879505:18880204:RI","RI","ENSMUSG00000019850","Tnfaip3",1756,"Regular (>50bp)",0.284,5.4349213495647e-09
"chr9:109944103:109944650:109944279:109944558:RI","RI","ENSMUSG00000032480","Dhx30",547,"Regular (>50bp)",0.142,0.000119876782341521
"chr17:34245006:34245444:34245199:34245369:RI","RI","ENSMUSG00000073422","Hsd17b8",438,"Regular (>50bp)",0.162,1.30595151550882e-12
"chr11:3079764:3081481:3079911:3080152:RI","RI","ENSMUSG00000121500","ENSMUSG00000121500",1717,"Regular (>50bp)",0.144,0.00213843933842229
"chr10:81418246:81418720:81418291:81418570:RI","RI","ENSMUSG00000034771","Tle2",474,"Regular (>50bp)",-0.284,1.75630523044827e-10
"chr10:128075702:128076160:128075922:128076006:RI","RI","ENSMUSG00000039994","Timeless",458,"Regular (>50bp)",0.17,0.0352763840279851
"chr10:128326729:128328005:128326902:128327927:RI","RI","ENSMUSG00000090841","Myl6",1276,"Regular (>50bp)",-0.319,0
"chr9:71775353:71777429:71775560:71777355:RI","RI","ENSMUSG00000032228","Tcf12",2076,"Regular (>50bp)",-0.381,0.00238602605340393
"chr2:30235710:30236465:30235951:30236364:RI","RI","ENSMUSG00000026860","Sh3glb2",755,"Regular (>50bp)",-0.404,0
"chr11:53356322:53357083:53356871:53356950:RI","RI","ENSMUSG00000018387","Shroom1",761,"Regular (>50bp)",-0.18,0.0036842219913726
"chr11:62493701:62494108:62493859:62494060:RI","RI","ENSMUSG00000086841","2410006H16Rik",407,"Regular (>50bp)",0.113,0.000487556685665283
"chrX:72825611:72826322:72825709:72826280:RI","RI","ENSMUSG00000002010","Idh3g",711,"Regular (>50bp)",-0.225,0
"chr11:78094890:78095576:78095023:78095419:RI","RI","ENSMUSG00000044122","Proca1",686,"Regular (>50bp)",-0.125,0.0238331357906626
