"event_key","event_type","GeneID","geneSymbol","chr","strand","exon_start","exon_end","exon_length","size_category","dPSI","FDR"
"chr5:107693553:107693722:107694066:107694145:107691879:107695982:MXE","MXE","ENSMUSG00000089798","1700028K03Rik","chr5","+",107693553,107693722,169,"Regular (>50bp)",-0.298,0.0254624762953179
"chr18:38372625:38372804:38372242:38382766:SE","SE","ENSMUSG00000097080","1700086O06Rik","chr18","-",38372625,38372804,179,"Regular (>50bp)",0.228,0.0218652210658998
"chr18:38372625:38372804:38372238:38383230:SE","SE","ENSMUSG00000097080","1700086O06Rik","chr18","-",38372625,38372804,179,"Regular (>50bp)",0.731,1.78365023538485e-10
"chr18:38373891:38374006:38372238:38383230:SE","SE","ENSMUSG00000097080","1700086O06Rik","chr18","-",38373891,38374006,115,"Regular (>50bp)",0.361,2.17287888029556e-06
"chr18:38373891:38374006:38372804:38383105:SE","SE","ENSMUSG00000097080","1700086O06Rik","chr18","-",38373891,38374006,115,"Regular (>50bp)",0.127,0.0396136153852968
"chr4:11976443:11977102:11966683:11980141:SE","SE","ENSMUSG00000085614","1700123M08Rik","chr4","+",11976443,11977102,659,"Regular (>50bp)",0.39,0.0132504950684443
"chr19:8866487:8867091:8866612:8867000:RI","RI","ENSMUSG00000071653","1810009A15Rik","chr19","+",8866487,8867091,604,"Regular (>50bp)",-0.229,0.0118356210140162
"chr11:57687137:57687223:57686620:57692059:SE","SE","ENSMUSG00000087165","2010001A14Rik","chr11","-",57687137,57687223,86,"Regular (>50bp)",0.105,0.0428140432341417
"chr18:34887728:34889445:34887833:34889342:RI","RI","ENSMUSG00000097755","2010110K18Rik","chr18","+",34887728,34889445,1717,"Regular (>50bp)",-0.181,0.000391571270179137
"chr18:34889051:34889204:34887833:34889342:SE","SE","ENSMUSG00000097755","2010110K18Rik","chr18","+",34889051,34889204,153,"Regular (>50bp)",-0.122,0.0100847040124153
"chr18:34889051:34889234:34887833:34889342:SE","SE","ENSMUSG00000097755","2010110K18Rik","chr18","+",34889051,34889234,183,"Regular (>50bp)",-0.23,0.00172429520205324
"chr6:31254782:31254890:31261937:31262055:31221293:31312925:MXE","MXE","ENSMUSG00000087380","2210408F21Rik","chr6","+",31254782,31254890,108,"Regular (>50bp)",-0.133,0.0254624762953179
"chr6:31298324:31298411:31262055:31305266:SE","SE","ENSMUSG00000087380","2210408F21Rik","chr6","+",31298324,31298411,87,"Regular (>50bp)",-0.599,0.000314333001827109
"chr6:31305225:31305295:31305266:31305295:31261937:31262055:A3SS","A3SS","ENSMUSG00000087380","2210408F21Rik","chr6","+",31305225,31305295,70,"Regular (>50bp)",-0.145,2.54995459858457e-08
"chr6:31305266:31305324:31298411:31312925:SE","SE","ENSMUSG00000087380","2210408F21Rik","chr6","+",31305266,31305324,58,"Regular (>50bp)",-0.138,0.000676932671146962
"chr6:31312925:31314326:31312997:31314164:RI","RI","ENSMUSG00000087380","2210408F21Rik","chr6","+",31312925,31314326,1401,"Regular (>50bp)",-0.118,0.0227793212156955
"chr12:80171606:80171900:80171699:80171900:80167319:80167444:A5SS","A5SS","ENSMUSG00000097729","2310015A10Rik","chr12","-",80171606,80171900,294,"Regular (>50bp)",0.192,0.000407925582054645
"chr5:149174048:149174237:149172216:149174346:SE","SE","ENSMUSG00000100783","2310047D07Rik","chr5","+",149174048,149174237,189,"Regular (>50bp)",-0.307,0.0225966095920782
"chr7:43896661:43896840:43896232:43897675:SE","SE","ENSMUSG00000045411","2410002F23Rik","chr7","+",43896661,43896840,179,"Regular (>50bp)",0.149,1.27058896427239e-07
"chr7:43896661:43896840:43896247:43897675:SE","SE","ENSMUSG00000045411","2410002F23Rik","chr7","+",43896661,43896840,179,"Regular (>50bp)",0.186,1.83302648422216e-13
"chr7:43896661:43896840:43897333:43897483:43896247:43897675:MXE","MXE","ENSMUSG00000045411","2410002F23Rik","chr7","+",43896661,43896840,179,"Regular (>50bp)",0.189,1.33129618440465e-12
"chr7:43896674:43896840:43896232:43897675:SE","SE","ENSMUSG00000045411","2410002F23Rik","chr7","+",43896674,43896840,166,"Regular (>50bp)",0.173,1.94081444465673e-08
"chr7:43896674:43896840:43896247:43897333:SE","SE","ENSMUSG00000045411","2410002F23Rik","chr7","+",43896674,43896840,166,"Regular (>50bp)",0.12,0.00719072453852466
"chr7:43896674:43896840:43896247:43897675:SE","SE","ENSMUSG00000045411","2410002F23Rik","chr7","+",43896674,43896840,166,"Regular (>50bp)",0.211,0
"chr7:43896674:43897719:43896840:43897675:RI","RI","ENSMUSG00000045411","2410002F23Rik","chr7","+",43896674,43897719,1045,"Regular (>50bp)",-0.331,0
"chr7:43897333:43897483:43896840:43897675:SE","SE","ENSMUSG00000045411","2410002F23Rik","chr7","+",43897333,43897483,150,"Regular (>50bp)",-0.21,2.452743615685e-11
"chr7:41251171:41251239:41248824:41252859:SE","SE","ENSMUSG00000091474","2610021A01Rik","chr7","+",41251171,41251239,68,"Regular (>50bp)",-0.186,0.015151126219211
"chr4:125815665:125815761:125812599:125815869:SE","SE","ENSMUSG00000085562","2610028E06Rik","chr4","-",125815665,125815761,96,"Regular (>50bp)",-0.124,0.0024434731451566
"chr1:9634047:9634096:9632003:9689774:SE","SE","ENSMUSG00000079671","2610203C22Rik","chr1","-",9634047,9634096,49,"Small (30-50bp)",0.117,0.000134592748575032
"chr17:13789019:13789145:13774354:13889020:SE","SE","ENSMUSG00000117042","2700054A10Rik","chr17","-",13789019,13789145,126,"Regular (>50bp)",0.143,0.0275616163753129
"chr18:24604118:24604141:24604037:24608581:SE","SE","ENSMUSG00000024273","2700062C07Rik","chr18","+",24604118,24604141,23,"Microexon (0-30bp)",-0.102,0.0216985677542389
"chr13:3544480:3544721:3544480:3544664:3547959:3548156:A5SS","A5SS","ENSMUSG00000097709","2810429I04Rik","chr13","+",3544480,3544721,241,"Regular (>50bp)",-0.331,0.00273023306069359
"chr7:81174825:81174988:81174929:81174988:81173365:81173471:A3SS","A3SS","ENSMUSG00000097277","2900076A07Rik","chr7","+",81174825,81174988,163,"Regular (>50bp)",0.145,0.0019241125937828
"chr7:81178904:81179275:81179006:81179094:RI","RI","ENSMUSG00000097277","2900076A07Rik","chr7","+",81178904,81179275,371,"Regular (>50bp)",-0.181,0.0305760227902799
"chr1:120088335:120088386:120093864:120093902:120078477:120099130:MXE","MXE","ENSMUSG00000026388","3110009E18Rik","chr1","+",120088335,120088386,51,"Regular (>50bp)",0.187,0.0448053565197271
"chr1:120092494:120092612:120088386:120093864:SE","SE","ENSMUSG00000026388","3110009E18Rik","chr1","+",120092494,120092612,118,"Regular (>50bp)",-0.105,0.0185740824326234
"chr1:120093864:120093902:120099130:120099212:120088386:120115770:MXE","MXE","ENSMUSG00000026388","3110009E18Rik","chr1","+",120093864,120093902,38,"Small (30-50bp)",-0.198,0.0245662682184164
"chr17:5851473:5851616:5849137:5852987:SE","SE","ENSMUSG00000096965","3300005D01Rik","chr17","+",5851473,5851616,143,"Regular (>50bp)",-0.121,0.0333068860500535
"chr7:25096114:25096401:25096114:25096331:25116825:25116934:A5SS","A5SS","ENSMUSG00000053714","4732471J01Rik","chr7","+",25096114,25096401,287,"Regular (>50bp)",0.369,0.00488064614046515
"chr15:98885637:98885711:98881745:98885857:SE","SE","ENSMUSG00000097587","4930578M01Rik","chr15","+",98885637,98885711,74,"Regular (>50bp)",-0.128,0.0392796815597014
"chr3:107801366:107801544:107801366:107801524:107802176:107802308:A3SS","A3SS","ENSMUSG00000086968","4933431E20Rik","chr3","-",107801366,107801544,178,"Regular (>50bp)",-0.147,0.00032009852642027
"chr3:107801366:107802308:107801524:107802176:RI","RI","ENSMUSG00000086968","4933431E20Rik","chr3","-",107801366,107802308,942,"Regular (>50bp)",-0.126,1.16904750422473e-05
"chr3:107801366:107802308:107801531:107802176:RI","RI","ENSMUSG00000086968","4933431E20Rik","chr3","-",107801366,107802308,942,"Regular (>50bp)",-0.101,0.0092014004452764
"chr3:107801366:107802308:107801544:107802176:RI","RI","ENSMUSG00000086968","4933431E20Rik","chr3","-",107801366,107802308,942,"Regular (>50bp)",-0.157,0.011101420059358
"chr3:107801904:107801972:107801531:107802176:SE","SE","ENSMUSG00000086968","4933431E20Rik","chr3","-",107801904,107801972,68,"Regular (>50bp)",-0.32,0.049899539693813
"chrX:104433475:104433549:104431542:104435081:SE","SE","ENSMUSG00000087620","5330434G04Rik","chrX","-",104433475,104433549,74,"Regular (>50bp)",0.124,0.00542655501915266
"chrX:104091514:104091616:104087717:104110364:SE","SE","ENSMUSG00000087174","5530601H04Rik","chrX","-",104091514,104091616,102,"Regular (>50bp)",-0.152,0.00153005722243431
"chrX:104110364:104112234:104110483:104112176:RI","RI","ENSMUSG00000087174","5530601H04Rik","chrX","-",104110364,104112234,1870,"Regular (>50bp)",-0.162,0.00205642632424372
"chr5:22758756:22758835:22758756:22758801:22787400:22787480:A5SS","A5SS","ENSMUSG00000097207","6030443J06Rik","chr5","+",22758756,22758835,79,"Regular (>50bp)",-0.149,0.013237938304489
"chr8:20163109:20163408:20163109:20163404:20167037:20167157:A5SS","A5SS","ENSMUSG00000121492","6820431F20Rik","chr8","+",20163109,20163408,299,"Regular (>50bp)",-0.102,7.350129644032e-06
"chr6:39506382:39506456:39504578:39520037:SE","SE","ENSMUSG00000085058","8030453O22Rik","chr6","+",39506382,39506456,74,"Regular (>50bp)",0.231,0.0409838238074037
"chrX:100841707:100841771:100841707:100841762:100841947:100841989:A5SS","A5SS","ENSMUSG00000046774","8030474K03Rik","chrX","+",100841707,100841771,64,"Regular (>50bp)",-0.198,0.0013335449593757
"chr4:156208432:156208579:156208458:156208548:RI","RI","ENSMUSG00000059939","9430015G10Rik","chr4","+",156208432,156208579,147,"Regular (>50bp)",-0.111,0.000972539108508488
"chr7:136978683:136978846:136978080:136989099:SE","SE","ENSMUSG00000040139","9430038I01Rik","chr7","-",136978683,136978846,163,"Regular (>50bp)",-0.186,0.000441851244589695
"chr10:128337248:128337558:128337503:128337558:128335177:128335395:A3SS","A3SS","ENSMUSG00000119994","A430046D13Rik","chr10","+",128337248,128337558,310,"Regular (>50bp)",-0.132,0.0034058439307911
"chr1:85650818:85651108:85650818:85650902:85652841:85653010:A3SS","A3SS","ENSMUSG00000052760","A630001G21Rik","chr1","-",85650818,85651108,290,"Regular (>50bp)",-0.126,0.00748317045305636
"chr2:122480176:122480262:122480053:122481135:SE","SE","ENSMUSG00000033213","AA467197","chr2","+",122480176,122480262,86,"Regular (>50bp)",-0.217,0.000733043013247745
"chr5:123277029:123278036:123277931:123278036:123276017:123276129:A5SS","A5SS","ENSMUSG00000090086","AI480526","chr5","-",123277029,123278036,1007,"Regular (>50bp)",-0.206,0.00300320827830704
"chr6:86947972:86948068:86944355:86959523:SE","SE","ENSMUSG00000057230","Aak1","chr6","+",86947972,86948068,96,"Regular (>50bp)",0.155,0.000208239750073781
"chr6:86958277:86958379:86944355:86959523:SE","SE","ENSMUSG00000057230","Aak1","chr6","+",86958277,86958379,102,"Regular (>50bp)",0.373,4.90846102457967e-06
"chr6:86959523:86959625:86948068:86972821:SE","SE","ENSMUSG00000057230","Aak1","chr6","+",86959523,86959625,102,"Regular (>50bp)",0.249,0.0394071031591184
"chr7:97207337:97207433:97199948:97224794:SE","SE","ENSMUSG00000035642","Aamdc","chr7","-",97207337,97207433,96,"Regular (>50bp)",-0.156,0.00643484327265245
"chr7:97207337:97207433:97218893:97218981:97199948:97224794:MXE","MXE","ENSMUSG00000035642","Aamdc","chr7","-",97207337,97207433,96,"Regular (>50bp)",0.101,0.000130386073197813
"chr5:77052055:77052227:77050032:77053269:SE","SE","ENSMUSG00000055923","Aasdh","chr5","-",77052055,77052227,172,"Regular (>50bp)",0.126,0.000104640322013653
"chr5:77052805:77052859:77050032:77053269:SE","SE","ENSMUSG00000055923","Aasdh","chr5","-",77052805,77052859,54,"Regular (>50bp)",0.268,0.0430143432113624
"chr9:4303093:4303215:4302631:4309253:SE","SE","ENSMUSG00000025894","Aasdhppt","chr9","-",4303093,4303215,122,"Regular (>50bp)",-0.116,1.70612272794466e-09
"chr4:53059256:53059362:53051009:53060332:SE","SE","ENSMUSG00000015243","Abca1","chr4","-",53059256,53059362,106,"Regular (>50bp)",0.16,0.000571507494680922
"chr7:45654543:45654690:45658209:45658302:45652089:45661917:MXE","MXE","ENSMUSG00000030834","Abcc6","chr7","-",45654543,45654690,147,"Regular (>50bp)",0.236,0.0159512119306896
"chr12:84659098:84659670:84659224:84659553:RI","RI","ENSMUSG00000021240","Abcd4","chr12","-",84659098,84659670,572,"Regular (>50bp)",-0.139,0.0368701971837848
"chr19:57035356:57035503:57035356:57035497:57037893:57037941:A3SS","A3SS","ENSMUSG00000025085","Ablim1","chr19","-",57035356,57035503,147,"Regular (>50bp)",-0.134,0.00447785616135476
"chr5:36000511:36000610:35998745:36006147:SE","SE","ENSMUSG00000029095","Ablim2","chr5","+",36000511,36000610,99,"Regular (>50bp)",0.287,8.45108528612711e-10
"chr5:36024048:36024110:36015308:36031976:SE","SE","ENSMUSG00000029095","Ablim2","chr5","+",36024048,36024110,62,"Regular (>50bp)",0.117,0.000240272135459985
"chr18:61952059:61952158:61950040:61952861:SE","SE","ENSMUSG00000032735","Ablim3","chr18","-",61952059,61952158,99,"Regular (>50bp)",0.285,0.0228211594612125
"chr9:26901415:26901492:26903455:26903584:26896896:26910689:MXE","MXE","ENSMUSG00000031969","Acad8","chr9","-",26901415,26901492,77,"Regular (>50bp)",-0.151,0.00489907453852192
"chr11:102994351:102994998:102994470:102994918:RI","RI","ENSMUSG00000056938","Acbd4","chr11","+",102994351,102994998,647,"Regular (>50bp)",-0.163,0.00261137723073095
"chr2:22970679:22970712:22970465:22977496:SE","SE","ENSMUSG00000026781","Acbd5","chr2","+",22970679,22970712,33,"Small (30-50bp)",0.171,1.77638802543842e-12
"chr2:164644916:164645053:164641865:164646609:SE","SE","ENSMUSG00000017307","Acot8","chr2","-",164644916,164645053,137,"Regular (>50bp)",-0.168,7.62702722543162e-08
"chr5:137552774:137552940:137552402:137561368:SE","SE","ENSMUSG00000029712","Actl6b","chr5","+",137552774,137552940,166,"Regular (>50bp)",0.179,0.00268044571686485
"chr5:8136593:8136623:8132269:8161894:SE","SE","ENSMUSG00000040537","Adam22","chr5","-",8136593,8136623,30,"Microexon (0-30bp)",0.13,0.00900364149579749
"chr10:77148181:77148360:77148211:77148360:77146939:77147108:A5SS","A5SS","ENSMUSG00000020262","Adarb1","chr10","-",77148181,77148360,179,"Regular (>50bp)",-0.145,0.00318131650478157
"chr10:10302342:10302477:10298504:10306814:SE","SE","ENSMUSG00000050994","Adgb","chr10","-",10302342,10302477,135,"Regular (>50bp)",-0.259,0.0391094494335883
"chr8:84456739:84456886:84456154:84460042:SE","SE","ENSMUSG00000002885","Adgre5","chr8","-",84456739,84456886,147,"Regular (>50bp)",0.212,0.00158421278587421
"chr8:84456739:84456886:84460042:84460195:84456154:84460637:MXE","MXE","ENSMUSG00000002885","Adgre5","chr8","-",84456739,84456886,147,"Regular (>50bp)",-0.132,0.0227913572328234
"chr8:84650834:84650984:84649737:84656092:SE","SE","ENSMUSG00000013033","Adgrl1","chr8","+",84650834,84650984,150,"Regular (>50bp)",0.109,2.50717601519826e-05
"chr3:148526052:148526104:148526086:148526104:148524283:148524322:A5SS","A5SS","ENSMUSG00000028184","Adgrl2","chr3","-",148526052,148526104,52,"Regular (>50bp)",-0.519,1.10144643457812e-07
"chr3:148526915:148527044:148526104:148528590:SE","SE","ENSMUSG00000028184","Adgrl2","chr3","-",148526915,148527044,129,"Regular (>50bp)",-0.168,0.00109751147190297
"chr3:148532847:148532874:148532169:148533176:SE","SE","ENSMUSG00000028184","Adgrl2","chr3","-",148532847,148532874,27,"Microexon (0-30bp)",0.203,0.000209883033950081
"chr3:148566062:148566074:148565169:148571235:SE","SE","ENSMUSG00000028184","Adgrl2","chr3","-",148566062,148566074,12,"Microexon (0-30bp)",0.142,8.24021668515075e-05
"chr6:140625784:140625940:140628612:140628812:140625158:140629985:MXE","MXE","ENSMUSG00000030232","Aebp2","chr6","+",140625784,140625940,156,"Regular (>50bp)",0.121,0.0159512119306896
"chr17:14111224:14111260:14109239:14116349:SE","SE","ENSMUSG00000068036","Afdn","chr17","+",14111224,14111260,36,"Small (30-50bp)",0.179,0
"chr11:117725970:117726068:117726328:117726407:117725844:117726491:MXE","MXE","ENSMUSG00000017718","Afmid","chr11","+",117725970,117726068,98,"Regular (>50bp)",0.15,0.0437265792298268
"chr5:31048217:31048304:31048114:31048403:SE","SE","ENSMUSG00000029165","Agbl5","chr5","+",31048217,31048304,87,"Regular (>50bp)",-0.115,0.000989570895247771
"chr5:31051244:31051854:31051414:31051718:RI","RI","ENSMUSG00000029165","Agbl5","chr5","+",31051244,31051854,610,"Regular (>50bp)",-0.186,4.91901334480113e-12
"chr17:34818969:34819834:34819111:34819324:RI","RI","ENSMUSG00000015452","Ager","chr17","+",34818969,34819834,865,"Regular (>50bp)",0.219,0.021763533052167
"chr6:40331947:40332027:40331741:40333978:SE","SE","ENSMUSG00000029916","Agk","chr6","+",40331947,40332027,80,"Regular (>50bp)",-0.371,5.81956058883445e-07
"chr4:126354159:126354378:126354159:126354296:126354698:126354880:A3SS","A3SS","ENSMUSG00000041530","Ago1","chr4","-",126354159,126354378,219,"Regular (>50bp)",-0.114,0.00308421433560674
"chr4:156252233:156252266:156251963:156253002:SE","SE","ENSMUSG00000041936","Agrn","chr4","-",156252233,156252266,33,"Small (30-50bp)",0.13,4.01171260164633e-06
"chr4:156252233:156253026:156253002:156253026:156251738:156251963:A5SS","A5SS","ENSMUSG00000041936","Agrn","chr4","-",156252233,156253026,793,"Regular (>50bp)",-0.105,0.0301951246476406
"chr4:156252233:156253026:156252266:156253002:RI","RI","ENSMUSG00000041936","Agrn","chr4","-",156252233,156253026,793,"Regular (>50bp)",-0.438,0
"chr4:156253002:156253026:156252266:156253189:SE","SE","ENSMUSG00000041936","Agrn","chr4","-",156253002,156253026,24,"Microexon (0-30bp)",0.323,0.00409956888691432
"chr13:59665466:59665504:59662109:59672959:SE","SE","ENSMUSG00000021557","Agtpbp1","chr13","-",59665466,59665504,38,"Small (30-50bp)",0.119,5.21793667820254e-06
"chr11:88734415:88734522:88732128:88734637:SE","SE","ENSMUSG00000018428","Akap1","chr11","-",88734415,88734522,107,"Regular (>50bp)",-0.427,3.36830553172877e-06
"chrX:143102894:143103057:143102998:143103057:143100799:143101117:A3SS","A3SS","ENSMUSG00000041718","Alg13","chrX","+",143102894,143103057,163,"Regular (>50bp)",-0.129,0.00291889364871535
"chr16:20427491:20427639:20427736:20427836:20426634:20430323:MXE","MXE","ENSMUSG00000033809","Alg3","chr16","-",20427491,20427639,148,"Regular (>50bp)",-0.108,0.027935422494031
"chr12:87478169:87478363:87478169:87478308:87480888:87480979:A3SS","A3SS","ENSMUSG00000079036","Alkbh1","chr12","-",87478169,87478363,194,"Regular (>50bp)",-0.119,6.78896725792226e-06
"chr7:30011930:30012132:30012015:30012132:30011661:30011813:A3SS","A3SS","ENSMUSG00000042831","Alkbh6","chr7","+",30011930,30012132,202,"Regular (>50bp)",-0.124,0.00266632507649027
"chr6:85585967:85587514:85585967:85586107:85587799:85587918:A5SS","A5SS","ENSMUSG00000063810","Alms1","chr6","+",85585967,85587514,1547,"Regular (>50bp)",-0.27,1.29286176712669e-06
"chr2:128520130:128520204:128518167:128526421:SE","SE","ENSMUSG00000014355","Anapc1","chr2","-",128520130,128520204,74,"Regular (>50bp)",-0.16,0.000725808744230392
"chr8:80439733:80439908:80439781:80439908:80438448:80438473:A3SS","A3SS","ENSMUSG00000036977","Anapc10","chr8","+",80439733,80439908,175,"Regular (>50bp)",-0.136,2.52281380735468e-05
"chr8:80439733:80439908:80439781:80439908:80438479:80438603:A3SS","A3SS","ENSMUSG00000036977","Anapc10","chr8","+",80439733,80439908,175,"Regular (>50bp)",-0.152,0.0323222718102567
"chr5:122929670:122929997:122929798:122929889:RI","RI","ENSMUSG00000029472","Anapc5","chr5","-",122929670,122929997,327,"Regular (>50bp)",-0.108,0.017049232510006
"chr3:126757031:126757130:126756054:126758586:SE","SE","ENSMUSG00000032826","Ank2","chr3","-",126757031,126757130,99,"Regular (>50bp)",0.192,7.50203677072801e-08
"chr3:126772904:126772916:126770596:126775448:SE","SE","ENSMUSG00000032826","Ank2","chr3","-",126772904,126772916,12,"Microexon (0-30bp)",0.138,0.00303344410374097
"chr10:69765276:69765288:69763648:69768223:SE","SE","ENSMUSG00000069601","Ank3","chr10","+",69765276,69765288,12,"Microexon (0-30bp)",0.251,0.00548380560396285
"chr10:69789269:69789302:69786888:69791755:SE","SE","ENSMUSG00000069601","Ank3","chr10","+",69789269,69789302,33,"Small (30-50bp)",0.185,0.0151230474700185
"chr10:69816653:69816680:69816224:69817945:SE","SE","ENSMUSG00000069601","Ank3","chr10","+",69816653,69816680,27,"Microexon (0-30bp)",0.187,0.000174189054449646
"chr10:69837752:69838061:69835328:69838340:SE","SE","ENSMUSG00000069601","Ank3","chr10","+",69837752,69838061,309,"Regular (>50bp)",-0.131,0.00232754871876646
"chr10:69837752:69838431:69838340:69838431:69835184:69835328:A3SS","A3SS","ENSMUSG00000069601","Ank3","chr10","+",69837752,69838431,679,"Regular (>50bp)",-0.119,0.000191412186074426
"chr8:71859322:71860393:71859428:71859505:RI","RI","ENSMUSG00000046295","Ankle1","chr8","+",71859322,71860393,1071,"Regular (>50bp)",-0.105,0.0122531822380788
"chr8:71859505:71860393:71859617:71859856:RI","RI","ENSMUSG00000046295","Ankle1","chr8","+",71859505,71860393,888,"Regular (>50bp)",-0.105,0.0495828451088875
"chr8:11670261:11670373:11669297:11678438:SE","SE","ENSMUSG00000031508","Ankrd10","chr8","-",11670261,11670373,112,"Regular (>50bp)",0.12,2.84843869066929e-05
"chr10:81470500:81470587:81465582:81470698:SE","SE","ENSMUSG00000054708","Ankrd24","chr10","+",81470500,81470587,87,"Regular (>50bp)",-0.251,0.00399090106339603
"chr10:81475861:81476646:81475969:81476601:RI","RI","ENSMUSG00000054708","Ankrd24","chr10","+",81475861,81476646,785,"Regular (>50bp)",-0.134,0.00735769809293049
"chr13:94680491:94680530:94679384:94684262:SE","SE","ENSMUSG00000021686","Ap3b1","chr13","+",94680491,94680530,39,"Small (30-50bp)",0.15,0
"chr10:80545922:80546126:80545790:80546253:SE","SE","ENSMUSG00000020198","Ap3d1","chr10","-",80545922,80546126,204,"Regular (>50bp)",-0.228,0
"chr18:46916825:46916866:46913835:46921723:SE","SE","ENSMUSG00000024480","Ap3s1","chr18","+",46916825,46916866,41,"Small (30-50bp)",-0.757,0.000578400887225834
"chr5:142456148:142458139:142456311:142457957:RI","RI","ENSMUSG00000039623","Ap5z1","chr5","+",142456148,142458139,1991,"Regular (>50bp)",-0.152,4.90748300647082e-05
"chr18:36809669:36810045:36809675:36809917:RI","RI","ENSMUSG00000117679","Apbb3","chr18","-",36809669,36810045,376,"Regular (>50bp)",-0.156,0.000361866174391692
"chr8:123302857:123303360:123302970:123303253:RI","RI","ENSMUSG00000006589","Aprt","chr8","-",123302857,123303360,503,"Regular (>50bp)",-0.16,2.39396923955613e-06
"chr2:180620963:180621020:180619145:180621453:SE","SE","ENSMUSG00000027575","Arfgap1","chr2","+",180620963,180621020,57,"Regular (>50bp)",-0.183,0.0111501582822928
"chr3:84426788:84427010:84405198:84441893:SE","SE","ENSMUSG00000074513","Arfip1","chr3","-",84426788,84427010,222,"Regular (>50bp)",-0.199,0.00908959023874941
"chr3:84426788:84427010:84417289:84455240:SE","SE","ENSMUSG00000074513","Arfip1","chr3","-",84426788,84427010,222,"Regular (>50bp)",-0.199,0.00323129162114401
"chr8:8731383:8733973:8731467:8733747:RI","RI","ENSMUSG00000040459","Arglu1","chr8","-",8731383,8733973,2590,"Regular (>50bp)",-0.118,5.88971810617998e-09
"chr2:91481842:91482168:91481999:91482108:RI","RI","ENSMUSG00000027247","Arhgap1","chr2","+",91481842,91482168,326,"Regular (>50bp)",-0.151,0.0095953814351568
"chr2:91482108:91482168:91480597:91484417:SE","SE","ENSMUSG00000027247","Arhgap1","chr2","+",91482108,91482168,60,"Regular (>50bp)",0.17,7.37127930058624e-06
"chr18:6111684:6112439:6070091:6135803:SE","SE","ENSMUSG00000041225","Arhgap12","chr18","-",6111684,6112439,755,"Regular (>50bp)",0.105,0.0196174305361452
"chr2:20888010:20888040:20886662:20891916:SE","SE","ENSMUSG00000036591","Arhgap21","chr2","-",20888010,20888040,30,"Microexon (0-30bp)",0.21,4.24107750950333e-05
"chr11:97382469:97382492:97382056:97383876:SE","SE","ENSMUSG00000049807","Arhgap23","chr11","+",97382469,97382492,23,"Microexon (0-30bp)",0.228,8.00498907670246e-13
"chr18:39490790:39490881:39490851:39490881:39490605:39490716:A3SS","A3SS","ENSMUSG00000036452","Arhgap26","chr18","+",39490790,39490881,91,"Regular (>50bp)",0.178,0.00242918155085673
"chr7:30233527:30233637:30232457:30234350:SE","SE","ENSMUSG00000036882","Arhgap33","chr7","-",30233527,30233637,110,"Regular (>50bp)",0.106,0.00115534978083547
"chr15:76614563:76614656:76611676:76619076:SE","SE","ENSMUSG00000033697","Arhgap39","chr15","-",76614563,76614656,93,"Regular (>50bp)",0.25,2.32344502416303e-10
"chrX:72943704:72944075:72943789:72943883:RI","RI","ENSMUSG00000031389","Arhgap4","chrX","-",72943704,72944075,371,"Regular (>50bp)",-0.147,0.00041926708729702
"chr12:52562889:52566750:52550831:52589271:SE","SE","ENSMUSG00000035133","Arhgap5","chr12","+",52562889,52566750,3861,"Regular (>50bp)",-0.101,0.00383304362850267
"chr12:52562889:52566750:52550831:52589274:SE","SE","ENSMUSG00000035133","Arhgap5","chr12","+",52562889,52566750,3861,"Regular (>50bp)",-0.171,0.0294509356085971
"chr7:24617944:24617956:24617425:24618608:SE","SE","ENSMUSG00000040940","Arhgef1","chr7","+",24617944,24617956,12,"Microexon (0-30bp)",0.131,0.000225967412359808
"chr8:14992609:14992726:14990372:14995279:SE","SE","ENSMUSG00000071176","Arhgef10","chr8","+",14992609,14992726,117,"Regular (>50bp)",-0.118,0.00486650585162723
"chr3:87625535:87625565:87624827:87629663:SE","SE","ENSMUSG00000041977","Arhgef11","chr3","+",87625535,87625565,30,"Microexon (0-30bp)",0.146,2.78873270258153e-06
"chr4:140973256:140973363:140972277:140973485:SE","SE","ENSMUSG00000028919","Arhgef19","chr4","+",140973256,140973363,107,"Regular (>50bp)",-0.18,0.0177267819373497
"chr14:26865949:26866087:26836880:26874918:SE","SE","ENSMUSG00000021895","Arhgef3","chr14","+",26865949,26866087,138,"Regular (>50bp)",-0.238,1.00228474147005e-05
"chr4:43497086:43497710:43497316:43497581:RI","RI","ENSMUSG00000051517","Arhgef39","chr4","-",43497086,43497710,624,"Regular (>50bp)",-0.105,0.00282803216103587
"chr14:52242335:52242356:52242199:52242445:SE","SE","ENSMUSG00000004562","Arhgef40","chr14","+",52242335,52242356,21,"Microexon (0-30bp)",-0.176,0.00878694833148361
"chr14:52242335:52242492:52242445:52242492:52242068:52242199:A3SS","A3SS","ENSMUSG00000004562","Arhgef40","chr14","+",52242335,52242492,157,"Regular (>50bp)",-0.15,0.00145124279726143
"chr1:36356284:36356743:36356405:36356690:RI","RI","ENSMUSG00000037447","Arid5a","chr1","+",36356284,36356743,459,"Regular (>50bp)",-0.102,0.00325707970009173
"chrX:133619668:133619857:133619668:133619741:133620375:133620474:A5SS","A5SS","ENSMUSG00000033460","Armcx1","chrX","+",133619668,133619857,189,"Regular (>50bp)",-0.391,6.04424084675103e-05
"chr5:92553801:92553838:92552725:92557128:SE","SE","ENSMUSG00000034842","Art3","chr5","+",92553801,92553838,37,"Small (30-50bp)",-0.136,7.53265193187456e-06
"chr5:92553802:92553838:92552725:92557128:SE","SE","ENSMUSG00000034842","Art3","chr5","+",92553802,92553838,36,"Small (30-50bp)",-0.112,0.0444706993217716
"chr8:125455067:125455221:125455107:125455221:125451994:125452114:A3SS","A3SS","ENSMUSG00000031982","Arv1","chr8","+",125455067,125455221,154,"Regular (>50bp)",-0.112,0.00536552846756299
"chr16:18219530:18219548:18219003:18220316:SE","SE","ENSMUSG00000118669","Arvcf","chr16","+",18219530,18219548,18,"Microexon (0-30bp)",0.166,7.88857169241047e-11
"chr19:31969401:31969490:31964347:31981083:SE","SE","ENSMUSG00000024887","Asah2","chr19","-",31969401,31969490,89,"Regular (>50bp)",-0.214,5.9518981425696e-06
"chr19:31972741:31972801:31964347:31981083:SE","SE","ENSMUSG00000024887","Asah2","chr19","-",31972741,31972801,60,"Regular (>50bp)",-0.146,7.62967498533368e-05
"chr7:66327904:66327993:66310003:66328827:SE","SE","ENSMUSG00000030509","Asb7","chr7","-",66327904,66327993,89,"Regular (>50bp)",-0.118,0.00325416271559454
"chr4:9637658:9637703:9635969:9639197:SE","SE","ENSMUSG00000028207","Asph","chr4","-",9637658,9637703,45,"Small (30-50bp)",0.119,4.92559853045606e-10
"chr1:87713597:87714068:87713718:87713962:RI","RI","ENSMUSG00000026289","Atg16l1","chr1","+",87713597,87714068,471,"Regular (>50bp)",-0.111,0.00117305394043096
"chr7:100940921:100941206:100941085:100941206:100940693:100940799:A5SS","A5SS","ENSMUSG00000047767","Atg16l2","chr7","-",100940921,100941206,285,"Regular (>50bp)",-0.117,0.010970030806289
"chr7:100945714:100946215:100945780:100945963:RI","RI","ENSMUSG00000047767","Atg16l2","chr7","-",100945714,100946215,501,"Regular (>50bp)",-0.18,3.01052403882072e-06
"chr4:99116792:99116871:99112787:99146633:SE","SE","ENSMUSG00000028550","Atg4c","chr4","+",99116792,99116871,79,"Regular (>50bp)",0.143,0.0321221891972023
"chr6:114649751:114649804:114629512:114649934:SE","SE","ENSMUSG00000030314","Atg7","chr6","+",114649751,114649804,53,"Regular (>50bp)",0.246,0.00355749151789364
"chr9:74930866:74931028:74930866:74930935:74932932:74933129:A5SS","A5SS","ENSMUSG00000034858","Atosa","chr9","+",74930866,74931028,162,"Regular (>50bp)",-0.189,0.0158739276145406
"chr9:96222254:96222439:96217515:96227817:SE","SE","ENSMUSG00000032412","Atp1b3","chr9","-",96222254,96222439,185,"Regular (>50bp)",-0.144,0.0190141447503712
"chr9:105370741:105370753:105347346:105371613:SE","SE","ENSMUSG00000032570","Atp2c1","chr9","-",105370741,105370753,12,"Microexon (0-30bp)",0.168,5.43819269842008e-06
"chr16:84630707:84630762:84628395:84630881:SE","SE","ENSMUSG00000022890","Atp5j","chr16","-",84630707,84630762,55,"Regular (>50bp)",-0.108,0.00379255662986247
"chr6:29468965:29469225:29468166:29470065:SE","SE","ENSMUSG00000004285","Atp6v1f","chr6","+",29468965,29469225,260,"Regular (>50bp)",0.307,0.00184387134755415
"chr10:80357844:80357983:80357731:80360162:SE","SE","ENSMUSG00000003341","Atp8b3","chr10","-",80357844,80357983,139,"Regular (>50bp)",-0.173,0.0187672394803098
"chr7:126091615:126091780:126091387:126091929:SE","SE","ENSMUSG00000032637","Atxn2l","chr7","-",126091615,126091780,165,"Regular (>50bp)",-0.169,0.00962200021749424
"chr7:126091929:126092173:126091983:126092173:126091615:126091780:A5SS","A5SS","ENSMUSG00000032637","Atxn2l","chr7","-",126091929,126092173,244,"Regular (>50bp)",-0.149,3.7868058581163e-06
"chr7:126091929:126092173:126091983:126092173:126091620:126091657:A5SS","A5SS","ENSMUSG00000032637","Atxn2l","chr7","-",126091929,126092173,244,"Regular (>50bp)",-0.23,2.7329249974169e-13
"chr3:108113541:108114425:108113624:108114138:RI","RI","ENSMUSG00000048997","Atxn7l2","chr3","-",108113541,108114425,884,"Regular (>50bp)",-0.11,0.000125067421802873
"chr6:83032109:83032671:83032260:83032486:RI","RI","ENSMUSG00000068328","Aup1","chr6","+",83032109,83032671,562,"Regular (>50bp)",-0.104,2.05967243261067e-11
"chr5:131494869:131494965:131488994:131501096:SE","SE","ENSMUSG00000029673","Auts2","chr5","-",131494869,131494965,96,"Regular (>50bp)",-0.256,0.000706955641110917
"chr5:131494869:131494965:131499251:131499296:131490191:131501075:MXE","MXE","ENSMUSG00000029673","Auts2","chr5","-",131494869,131494965,96,"Regular (>50bp)",0.114,0.0115495000071743
"chr5:131501075:131501317:131501096:131501317:131488964:131488994:A5SS","A5SS","ENSMUSG00000029673","Auts2","chr5","-",131501075,131501317,242,"Regular (>50bp)",-0.163,0.0376335069512619
"chr5:131501075:131501317:131501096:131501317:131490119:131490191:A5SS","A5SS","ENSMUSG00000029673","Auts2","chr5","-",131501075,131501317,242,"Regular (>50bp)",0.494,0.00699071003484038
"chr17:29501033:29501241:29487976:29512980:SE","SE","ENSMUSG00000052712","BC004004","chr17","+",29501033,29501241,208,"Regular (>50bp)",-0.189,0.000455077797980286
"chr5:149300133:149300256:149292743:149315572:SE","SE","ENSMUSG00000107271","BC028471","chr5","+",149300133,149300256,123,"Regular (>50bp)",-0.161,0.000157722686902773
"chr8:122733829:122733901:122733838:122733901:122732290:122732421:A3SS","A3SS","ENSMUSG00000025316","Banp","chr8","+",122733829,122733901,72,"Regular (>50bp)",0.128,0.00162385566130251
"chr14:30979837:30980487:30979998:30980414:RI","RI","ENSMUSG00000021901","Bap1","chr14","+",30979837,30980487,650,"Regular (>50bp)",-0.12,0.00820424603608535
"chr12:54970169:54970265:54970049:54974348:SE","SE","ENSMUSG00000035021","Baz1a","chr12","-",54970169,54970265,96,"Regular (>50bp)",0.182,0.000440533447488646
"chr12:54974348:54974498:54974348:54974409:54976311:54976450:A3SS","A3SS","ENSMUSG00000035021","Baz1a","chr12","-",54974348,54974498,150,"Regular (>50bp)",-0.138,0.00194234024023102
"chr19:53920560:53922001:53920636:53921921:RI","RI","ENSMUSG00000084957","Bbip1","chr19","-",53920560,53922001,1441,"Regular (>50bp)",-0.143,0.00271827712792931
"chr2:170198167:170198233:170191383:170220642:SE","SE","ENSMUSG00000013523","Bcas1","chr2","-",170198167,170198233,66,"Regular (>50bp)",0.151,0.000137327647208671
"chr2:170212369:170212411:170191383:170220642:SE","SE","ENSMUSG00000013523","Bcas1","chr2","-",170212369,170212411,42,"Small (30-50bp)",0.139,0.0153058546894426
"chr3:103081655:103084735:103081817:103084654:RI","RI","ENSMUSG00000005687","Bcas2","chr3","+",103081655,103084735,3080,"Regular (>50bp)",-0.266,2.08024660988868e-10
"chr11:85434753:85434798:85422769:85445015:SE","SE","ENSMUSG00000059439","Bcas3","chr11","+",85434753,85434798,45,"Small (30-50bp)",0.293,0.00387829859243398
"chr8:104908642:104908751:104897636:104937549:SE","SE","ENSMUSG00000031872","Bean1","chr8","+",104908642,104908751,109,"Regular (>50bp)",0.127,0.0496577035286534
"chr11:101184826:101185054:101184826:101184973:101185791:101185990:A3SS","A3SS","ENSMUSG00000035086","Becn1","chr11","-",101184826,101185054,228,"Regular (>50bp)",-0.134,0.00318015820647922
"chr11:101184826:101185054:101184826:101184973:101185860:101185990:A3SS","A3SS","ENSMUSG00000035086","Becn1","chr11","-",101184826,101185054,228,"Regular (>50bp)",-0.145,0.00199932392153704
"chr4:111311281:111311495:111290750:111316946:SE","SE","ENSMUSG00000028545","Bend5","chr4","+",111311281,111311495,214,"Regular (>50bp)",0.162,0.00698596716560593
"chr5:115789214:115789323:115787628:115789877:SE","SE","ENSMUSG00000041609","Bicdl1","chr5","-",115789214,115789323,109,"Regular (>50bp)",0.199,7.39161978378268e-13
"chr5:115810202:115810214:115808359:115811138:SE","SE","ENSMUSG00000041609","Bicdl1","chr5","-",115810202,115810214,12,"Microexon (0-30bp)",0.126,2.96143813022664e-09
"chr18:32562752:32562776:32559405:32564723:SE","SE","ENSMUSG00000024381","Bin1","chr18","+",32562752,32562776,24,"Microexon (0-30bp)",0.14,0.0132226098273639
"chr18:32562752:32562776:32559405:32565035:SE","SE","ENSMUSG00000024381","Bin1","chr18","+",32562752,32562776,24,"Microexon (0-30bp)",0.158,0.00216435526037455
"chr17:74901316:74901448:74900244:74901864:SE","SE","ENSMUSG00000024073","Birc6","chr17","+",74901316,74901448,132,"Regular (>50bp)",-0.125,0.000266979244688921
"chr3:37077118:37077181:37076623:37080238:SE","SE","ENSMUSG00000037270","Bltp1","chr3","+",37077118,37077181,63,"Regular (>50bp)",0.105,0.00384229255135705
"chr4:84209929:84211899:84194684:84309125:SE","SE","ENSMUSG00000028487","Bnc2","chr4","-",84209929,84211899,1970,"Regular (>50bp)",0.136,0.000444651982563322
"chr11:106934458:106934651:106935317:106935491:106933585:106937825:MXE","MXE","ENSMUSG00000040481","Bptf","chr11","-",106934458,106934651,193,"Regular (>50bp)",-0.112,0.000368596989648535
"chr11:106935317:106935491:106934651:106937825:SE","SE","ENSMUSG00000040481","Bptf","chr11","-",106935317,106935491,174,"Regular (>50bp)",-0.128,1.50868295563312e-09
"chr11:106977537:106977723:106973526:106986541:SE","SE","ENSMUSG00000040481","Bptf","chr11","-",106977537,106977723,186,"Regular (>50bp)",-0.12,5.21162027294763e-05
"chr13:74090062:74090925:74090173:74090749:RI","RI","ENSMUSG00000057649","Brd9","chr13","+",74090062,74090925,863,"Regular (>50bp)",-0.158,0.000806005043630708
"chr13:74090062:74090925:74090173:74090809:RI","RI","ENSMUSG00000057649","Brd9","chr13","+",74090062,74090925,863,"Regular (>50bp)",-0.168,0.00104993594490567
"chr13:74090062:74090925:74090173:74090812:RI","RI","ENSMUSG00000057649","Brd9","chr13","+",74090062,74090925,863,"Regular (>50bp)",-0.123,0.0150656479571895
"chr7:141552656:141552751:141552459:141554578:SE","SE","ENSMUSG00000053046","Brsk2","chr7","+",141552656,141552751,95,"Regular (>50bp)",-0.147,0.00203657463379124
"chr7:141554578:141554623:141552459:141556211:SE","SE","ENSMUSG00000053046","Brsk2","chr7","+",141554578,141554623,45,"Small (30-50bp)",0.177,3.78981443433466e-06
"chr7:141554578:141554626:141552459:141556211:SE","SE","ENSMUSG00000053046","Brsk2","chr7","+",141554578,141554626,48,"Small (30-50bp)",0.184,0.0014956495206172
"chr7:141554578:141554626:141552751:141556211:SE","SE","ENSMUSG00000053046","Brsk2","chr7","+",141554578,141554626,48,"Small (30-50bp)",0.131,0.03584981861456
"chr19:45394983:45395025:45352325:45425775:SE","SE","ENSMUSG00000025217","Btrc","chr19","+",45394983,45395025,42,"Small (30-50bp)",0.152,0.000812282191415622
"chr19:45394983:45395025:45352713:45444971:SE","SE","ENSMUSG00000025217","Btrc","chr19","+",45394983,45395025,42,"Small (30-50bp)",-0.275,6.97195304985411e-06
"chr18:61777285:61777801:61777285:61777341:61778233:61778436:A5SS","A5SS","ENSMUSG00000098098","Bvht","chr18","+",61777285,61777801,516,"Regular (>50bp)",-0.172,0.000254012463930112
"chr7:100029232:100029332:100023740:100039285:SE","SE","ENSMUSG00000047248","C2cd3","chr7","+",100029232,100029332,100,"Regular (>50bp)",0.104,0.00480398491883332
"chr6:143011911:143011944:143007587:143012781:SE","SE","ENSMUSG00000030279","C2cd5","chr6","-",143011911,143011944,33,"Small (30-50bp)",0.132,0
"chr15:5075126:5075265:5052181:5076345:SE","SE","ENSMUSG00000079105","C7","chr15","-",5075126,5075265,139,"Regular (>50bp)",-0.252,4.97860633454228e-05
"chr6:118614690:118614774:118607392:118615387:SE","SE","ENSMUSG00000051331","Cacna1c","chr6","-",118614690,118614774,84,"Regular (>50bp)",0.164,0.00134609347915179
"chr6:118615387:118615471:118614774:118628908:SE","SE","ENSMUSG00000051331","Cacna1c","chr6","-",118615387,118615471,84,"Regular (>50bp)",0.194,0.00456565617361802
"chr6:118651515:118651575:118647417:118652780:SE","SE","ENSMUSG00000051331","Cacna1c","chr6","-",118651515,118651575,60,"Regular (>50bp)",0.149,0.00730401249273278
"chr6:118651515:118651575:118651366:118652780:SE","SE","ENSMUSG00000051331","Cacna1c","chr6","-",118651515,118651575,60,"Regular (>50bp)",0.135,0.00571419597402623
"chr11:94349919:94350703:94349919:94350652:94352718:94352811:A3SS","A3SS","ENSMUSG00000020866","Cacna1g","chr11","-",94349919,94350703,784,"Regular (>50bp)",-0.107,0.0069562250050631
"chr9:47740674:47740707:47725243:47759464:SE","SE","ENSMUSG00000032076","Cadm1","chr9","+",47740674,47740707,33,"Small (30-50bp)",0.142,0.000107598174943054
"chr9:47740674:47740707:47730115:47759464:SE","SE","ENSMUSG00000032076","Cadm1","chr9","+",47740674,47740707,33,"Small (30-50bp)",0.107,0.000165635470976537
"chr6:34724820:34724904:34723574:34730377:SE","SE","ENSMUSG00000029761","Cald1","chr6","+",34724820,34724904,84,"Regular (>50bp)",-0.107,0.00460643952545561
"chr6:34724826:34724904:34723574:34730377:SE","SE","ENSMUSG00000029761","Cald1","chr6","+",34724826,34724904,78,"Regular (>50bp)",-0.101,0.0238396595809722
"chr8:73181005:73181137:73179703:73181913:SE","SE","ENSMUSG00000019732","Calr3","chr8","-",73181005,73181137,132,"Regular (>50bp)",0.128,0.0194428294906984
"chr6:29361292:29361486:29361558:29361752:29356696:29366038:MXE","MXE","ENSMUSG00000029767","Calu","chr6","+",29361292,29361486,194,"Regular (>50bp)",0.11,1.19231983726232e-06
"chr6:29361558:29361752:29361486:29366038:SE","SE","ENSMUSG00000029767","Calu","chr6","+",29361558,29361752,194,"Regular (>50bp)",-0.112,1.79631380722141e-05
"chr11:5926764:5926893:5922888:5929672:SE","SE","ENSMUSG00000057897","Camk2b","chr11","-",5926764,5926893,129,"Regular (>50bp)",0.178,0.0379841142078612
"chr14:20791445:20791559:20789470:20792772:SE","SE","ENSMUSG00000021820","Camk2g","chr14","-",20791445,20791559,114,"Regular (>50bp)",0.135,5.2875225611611e-06
"chr14:20794671:20794716:20805726:20805770:20792821:20810211:MXE","MXE","ENSMUSG00000021820","Camk2g","chr14","-",20794671,20794716,45,"Small (30-50bp)",-0.107,0.0487953130060662
"chr14:20795859:20795928:20794716:20797886:SE","SE","ENSMUSG00000021820","Camk2g","chr14","-",20795859,20795928,69,"Regular (>50bp)",0.148,0.0389012429569655
"chr11:72928020:72928451:72928094:72928363:RI","RI","ENSMUSG00000020785","Camkk1","chr11","+",72928020,72928451,431,"Regular (>50bp)",-0.107,0.00316717934505145
"chr2:25843926:25843986:25845271:25845304:25835285:25846258:MXE","MXE","ENSMUSG00000026933","Camsap1","chr2","-",25843926,25843986,60,"Regular (>50bp)",-0.162,0.00195909549008881
"chr1:136225021:136225054:136221159:136225479:SE","SE","ENSMUSG00000041570","Camsap2","chr1","-",136225021,136225054,33,"Small (30-50bp)",0.246,4.82489615225967e-06
"chr8:106424192:106424273:106424070:106424499:SE","SE","ENSMUSG00000050357","Carmil2","chr8","+",106424192,106424273,81,"Regular (>50bp)",-0.121,0.00105203049955051
"chr14:55742856:55743116:55742923:55743026:RI","RI","ENSMUSG00000022211","Carmil3","chr14","+",55742856,55743116,260,"Regular (>50bp)",-0.143,0.000366748870862226
"chr19:18667593:18667734:18656631:18668780:SE","SE","ENSMUSG00000024726","Carnmt1","chr19","+",18667593,18667734,141,"Regular (>50bp)",0.219,0.00683387935973327
"chr19:18671012:18671126:18656631:18681383:SE","SE","ENSMUSG00000024726","Carnmt1","chr19","+",18671012,18671126,114,"Regular (>50bp)",-0.187,0.000450270231708783
"chrX:13418611:13418680:13417221:13421116:SE","SE","ENSMUSG00000031012","Cask","chrX","-",13418611,13418680,69,"Regular (>50bp)",0.108,0.00985058287082485
"chrX:13462924:13462942:13453204:13466595:SE","SE","ENSMUSG00000031012","Cask","chrX","-",13462924,13462942,18,"Microexon (0-30bp)",0.169,0
"chr6:42253803:42253864:42250979:42256710:SE","SE","ENSMUSG00000029863","Casp2","chr6","+",42253803,42253864,61,"Regular (>50bp)",0.378,4.31696620727891e-05
"chr19:56421673:56421810:56424658:56424834:56392957:56425150:MXE","MXE","ENSMUSG00000025076","Casp7","chr19","+",56421673,56421810,137,"Regular (>50bp)",0.101,0.00566268458377596
"chr1:58843157:58843273:58841852:58863073:SE","SE","ENSMUSG00000026029","Casp8","chr1","+",58843157,58843273,116,"Regular (>50bp)",0.101,0.0014980270218957
"chr2:121230217:121230317:121229950:121240618:SE","SE","ENSMUSG00000033486","Catsper2","chr2","-",121230217,121230317,100,"Regular (>50bp)",-0.128,0.0469947582287635
"chr2:121236809:121236934:121230317:121240618:SE","SE","ENSMUSG00000033486","Catsper2","chr2","-",121236809,121236934,125,"Regular (>50bp)",0.133,0.0090493144473826
"chr7:28897537:28897833:28897537:28897645:28899541:28899679:A3SS","A3SS","ENSMUSG00000049676","Catsperg1","chr7","-",28897537,28897833,296,"Regular (>50bp)",0.112,0.00821908621830262
"chr10:79972496:79972577:79972328:79972707:SE","SE","ENSMUSG00000035640","Cbarp","chr10","-",79972496,79972577,81,"Regular (>50bp)",-0.106,2.75166287953894e-05
"chr10:79972538:79972577:79972328:79972707:SE","SE","ENSMUSG00000035640","Cbarp","chr10","-",79972538,79972577,39,"Small (30-50bp)",-0.193,6.82236601168504e-07
"chr8:123377068:123377215:123370272:123425553:SE","SE","ENSMUSG00000006362","Cbfa2t3","chr8","-",123377068,123377215,147,"Regular (>50bp)",-0.124,0.0341597244531351
"chr8:105905224:105905341:105921106:105921223:105898024:105929083:MXE","MXE","ENSMUSG00000031885","Cbfb","chr8","+",105905224,105905341,117,"Regular (>50bp)",0.106,0.000125441534807171
"chrX:7601310:7601409:7600337:7601539:SE","SE","ENSMUSG00000031150","Ccdc120","chrX","-",7601310,7601409,99,"Regular (>50bp)",0.103,0.00302984682487361
"chr8:84985741:84985880:84985555:84986922:SE","SE","ENSMUSG00000004994","Ccdc130","chr8","-",84985741,84985880,139,"Regular (>50bp)",-0.115,5.80600321890986e-09
"chr15:82015624:82018963:82015746:82018781:RI","RI","ENSMUSG00000068114","Ccdc134","chr15","+",82015624,82018963,3339,"Regular (>50bp)",-0.103,0.00878733550602293
"chr4:83539061:83539200:83522419:83553876:SE","SE","ENSMUSG00000052407","Ccdc171","chr4","+",83539061,83539200,139,"Regular (>50bp)",0.201,0.000559375073688631
"chr7:127184316:127184433:127184225:127184625:SE","SE","ENSMUSG00000057176","Ccdc189","chr7","-",127184316,127184433,117,"Regular (>50bp)",0.158,0.00142135503983831
"chr16:43712515:43712554:43710401:43718452:SE","SE","ENSMUSG00000022701","Ccdc191","chr16","+",43712515,43712554,39,"Small (30-50bp)",0.186,7.85526742502879e-05
"chr9:57938338:57938545:57938443:57938545:57937616:57937703:A5SS","A5SS","ENSMUSG00000037716","Ccdc33","chr9","-",57938338,57938545,207,"Regular (>50bp)",-0.305,0.0090342488983243
"chr10:105678402:105681310:105678709:105681210:RI","RI","ENSMUSG00000019897","Ccdc59","chr10","+",105678402,105681310,2908,"Regular (>50bp)",-0.111,7.55567837048327e-07
"chr5:124074451:124074618:124072327:124082196:SE","SE","ENSMUSG00000061882","Ccdc62","chr5","+",124074451,124074618,167,"Regular (>50bp)",0.112,0.00109373295113084
"chr16:17465930:17465990:17467858:17467938:17465516:17468012:MXE","MXE","ENSMUSG00000041617","Ccdc74a","chr16","+",17465930,17465990,60,"Regular (>50bp)",0.284,0.037991969331506
"chr6:120327167:120327405:120327167:120327351:120330961:120331015:A3SS","A3SS","ENSMUSG00000030177","Ccdc77","chr6","-",120327167,120327405,238,"Regular (>50bp)",-0.167,0.00242918155085673
"chr9:44324739:44324830:44324767:44324830:44324433:44324498:A5SS","A5SS","ENSMUSG00000043923","Ccdc84","chr9","-",44324739,44324830,91,"Regular (>50bp)",-0.158,0.000225336265830074
"chr7:25417569:25417704:25415612:25418320:SE","SE","ENSMUSG00000002608","Ccdc97","chr7","-",25417569,25417704,135,"Regular (>50bp)",-0.394,0.00938056998262256
"chr13:85345469:85345680:85338995:85350559:SE","SE","ENSMUSG00000021548","Ccnh","chr13","+",85345469,85345680,211,"Regular (>50bp)",-0.285,4.13441358054042e-05
"chr1:127719341:127723537:127719470:127722991:RI","RI","ENSMUSG00000026349","Ccnt2","chr1","+",127719341,127723537,4196,"Regular (>50bp)",0.131,0.028811348559065
"chr1:64747536:64747637:64750576:64750612:64741539:64752269:MXE","MXE","ENSMUSG00000070871","Ccnyl1","chr1","+",64747536,64747637,101,"Regular (>50bp)",0.132,0.00547777341587247
"chr14:36612250:36612383:36612298:36612383:36607707:36607747:A5SS","A5SS","ENSMUSG00000058690","Ccser2","chr14","-",36612250,36612383,133,"Regular (>50bp)",0.127,0.0120854592176913
"chr2:164911736:164911768:164908484:164912641:SE","SE","ENSMUSG00000017652","Cd40","chr2","+",164911736,164911768,32,"Small (30-50bp)",-0.152,1.82714629193345e-06
"chr2:120560949:120560983:120560580:120561182:SE","SE","ENSMUSG00000027284","Cdan1","chr2","-",120560949,120560983,34,"Small (30-50bp)",-0.264,0.0416129966932114
"chr13:64349145:64349262:64344489:64353084:SE","SE","ENSMUSG00000033102","Cdc14b","chr13","-",64349145,64349262,117,"Regular (>50bp)",0.53,0.00665417757844717
"chr13:64353084:64353231:64349262:64356920:SE","SE","ENSMUSG00000033102","Cdc14b","chr13","-",64353084,64353231,147,"Regular (>50bp)",0.31,0.0309096415828087
"chr13:64373385:64373462:64364113:64391447:SE","SE","ENSMUSG00000033102","Cdc14b","chr13","-",64373385,64373462,77,"Regular (>50bp)",-0.179,0.000169215324324696
"chr1:179946300:179946348:179945308:179951488:SE","SE","ENSMUSG00000026490","Cdc42bpa","chr1","+",179946300,179946348,48,"Small (30-50bp)",0.18,1.18301469469446e-06
"chr1:179946300:179946348:179951488:179951527:179945308:179961861:MXE","MXE","ENSMUSG00000026490","Cdc42bpa","chr1","+",179946300,179946348,48,"Small (30-50bp)",0.107,0.000313086805728767
"chr11:98140535:98140926:98136495:98154295:SE","SE","ENSMUSG00000003119","Cdk12","chr11","+",98140535,98140926,391,"Regular (>50bp)",0.185,0.0218351815697566
"chr11:96803042:96803262:96803042:96803221:96804207:96804308:A3SS","A3SS","ENSMUSG00000018669","Cdk5rap3","chr11","-",96803042,96803262,220,"Regular (>50bp)",-0.182,0.0174394557522156
"chr5:146205024:146205096:146168630:146208404:SE","SE","ENSMUSG00000029635","Cdk8","chr5","+",146205024,146205096,72,"Regular (>50bp)",0.127,0.0449989994668416
"chr2:32600488:32600803:32600488:32600579:32602042:32602124:A3SS","A3SS","ENSMUSG00000009555","Cdk9","chr2","-",32600488,32600803,315,"Regular (>50bp)",-0.106,9.80843684335103e-05
"chr10:81298502:81298646:81298502:81298605:81300173:81300254:A3SS","A3SS","ENSMUSG00000034818","Celf5","chr10","-",81298502,81298646,144,"Regular (>50bp)",-0.105,0.00704457608948841
"chr9:59497917:59497966:59509859:59509988:59489641:59510082:MXE","MXE","ENSMUSG00000032297","Celf6","chr9","+",59497917,59497966,49,"Small (30-50bp)",0.103,0.00581067519350435
"chr8:106571891:106573023:106572068:106572796:RI","RI","ENSMUSG00000036672","Cenpt","chr8","-",106571891,106573023,1132,"Regular (>50bp)",-0.124,0.0197861356202363
"chr8:106571891:106573023:106572068:106572947:RI","RI","ENSMUSG00000036672","Cenpt","chr8","-",106571891,106573023,1132,"Regular (>50bp)",-0.133,0.00976243955767524
"chr12:91222348:91222513:91200994:91226759:SE","SE","ENSMUSG00000061533","Cep128","chr12","-",91222348,91222513,165,"Regular (>50bp)",0.2,0.00523025096303828
"chr1:176588916:176589066:176586083:176596798:SE","SE","ENSMUSG00000057335","Cep170","chr1","-",176588916,176589066,150,"Regular (>50bp)",0.103,3.9257019947339e-05
"chr1:176588916:176589066:176596798:176597092:176586083:176597278:MXE","MXE","ENSMUSG00000057335","Cep170","chr1","-",176588916,176589066,150,"Regular (>50bp)",-0.113,0.000528836406429168
"chr1:176596798:176597092:176589066:176597278:SE","SE","ENSMUSG00000057335","Cep170","chr1","-",176596798,176597092,294,"Regular (>50bp)",-0.106,0.00125952627493081
"chr1:176596798:176597436:176597278:176597436:176588916:176589066:A5SS","A5SS","ENSMUSG00000057335","Cep170","chr1","-",176596798,176597436,638,"Regular (>50bp)",-0.117,0.0174928578067133
"chr17:8394350:8394410:8391840:8401059:SE","SE","ENSMUSG00000069135","Cep43","chr17","+",8394350,8394410,60,"Regular (>50bp)",-0.104,0.0251067285653443
"chr9:102498894:102498927:102496959:102503102:SE","SE","ENSMUSG00000032534","Cep63","chr9","-",102498894,102498927,33,"Small (30-50bp)",-0.364,0.0257460231779752
"chr9:102500754:102500792:102498927:102503102:SE","SE","ENSMUSG00000032534","Cep63","chr9","-",102500754,102500792,38,"Small (30-50bp)",0.548,0.0030228753200067
"chr7:35129339:35129536:35128723:35131942:SE","SE","ENSMUSG00000023072","Cep89","chr7","+",35129339,35129536,197,"Regular (>50bp)",-0.129,9.25568938539902e-06
"chr16:55742433:55742600:55739930:55745331:SE","SE","ENSMUSG00000022604","Cep97","chr16","-",55742433,55742600,167,"Regular (>50bp)",0.111,0.000564267718258756
"chr3:37363493:37363631:37363330:37364441:SE","SE","ENSMUSG00000045031","Cetn4","chr3","-",37363493,37363631,138,"Regular (>50bp)",-0.157,3.76735372788883e-06
"chr3:37364085:37364214:37363330:37364441:SE","SE","ENSMUSG00000045031","Cetn4","chr3","-",37364085,37364214,129,"Regular (>50bp)",-0.341,1.91301002757188e-05
"chr14:13987152:13987356:13958911:13996360:SE","SE","ENSMUSG00000021747","Cfap20dc","chr14","+",13987152,13987356,204,"Regular (>50bp)",-0.108,0.0129491592471805
"chr1:119889601:119889705:119909443:119909544:119883538:119912459:MXE","MXE","ENSMUSG00000036962","Cfap221","chr1","-",119889601,119889705,104,"Regular (>50bp)",0.234,0.0201326465855434
"chr10:77815586:77815885:77814615:77816334:SE","SE","ENSMUSG00000020284","Cfap410","chr10","+",77815586,77815885,299,"Regular (>50bp)",-0.317,6.65862699679625e-05
"chr1:74957524:74957653:74956534:74958342:SE","SE","ENSMUSG00000047021","Cfap65","chr1","-",74957524,74957653,129,"Regular (>50bp)",-0.196,0.000669189202688561
"chr1:74957524:74957653:74958342:74958501:74956534:74959544:MXE","MXE","ENSMUSG00000047021","Cfap65","chr1","-",74957524,74957653,129,"Regular (>50bp)",0.172,0.000453410528513037
"chr1:74957992:74958143:74957653:74958342:SE","SE","ENSMUSG00000047021","Cfap65","chr1","-",74957992,74958143,151,"Regular (>50bp)",0.106,0.00333735927862648
"chr9:50675523:50676226:50675523:50675590:50682451:50683355:A3SS","A3SS","ENSMUSG00000037971","Cfap68","chr9","-",50675523,50676226,703,"Regular (>50bp)",-0.282,0.00109550243149284
"chr8:13788327:13788488:13786021:13792653:SE","SE","ENSMUSG00000090336","Cfap97d2","chr8","+",13788327,13788488,161,"Regular (>50bp)",-0.164,0.00352582083126976
"chr7:73157553:73157661:73154876:73163837:SE","SE","ENSMUSG00000078671","Chd2","chr7","-",73157553,73157661,108,"Regular (>50bp)",-0.119,0.00026224516045314
"chr15:89312613:89313030:89312781:89312916:RI","RI","ENSMUSG00000022617","Chkb","chr15","-",89312613,89313030,417,"Regular (>50bp)",-0.102,0.000177167880435174
"chr2:73509958:73510247:73462174:73551746:SE","SE","ENSMUSG00000056486","Chn1","chr2","-",73509958,73510247,289,"Regular (>50bp)",-0.127,0.0255115957800459
"chr2:73537262:73537376:73462174:73551746:SE","SE","ENSMUSG00000056486","Chn1","chr2","-",73537262,73537376,114,"Regular (>50bp)",-0.167,0.0431873166891245
"chr2:73540798:73540826:73510247:73546707:SE","SE","ENSMUSG00000056486","Chn1","chr2","-",73540798,73540826,28,"Microexon (0-30bp)",-0.173,0.00124751535681706
"chr16:20553611:20553719:20553523:20553866:SE","SE","ENSMUSG00000006958","Chrd","chr16","+",20553611,20553719,108,"Regular (>50bp)",-0.358,0.0326751206765193
"chr12:110843656:110843806:110843404:110845421:SE","SE","ENSMUSG00000021276","Cinp","chr12","-",110843656,110843806,150,"Regular (>50bp)",-0.331,0.00548380560396285
"chr2:32260875:32261420:32261113:32261260:RI","RI","ENSMUSG00000039205","Ciz1","chr2","+",32260875,32261420,545,"Regular (>50bp)",-0.109,0.000794839277934465
"chr2:32264353:32265584:32264478:32265496:RI","RI","ENSMUSG00000039205","Ciz1","chr2","+",32264353,32265584,1231,"Regular (>50bp)",-0.127,7.174059326395e-14
"chr1:118459707:118459815:118453185:118466995:SE","SE","ENSMUSG00000064302","Clasp1","chr1","+",118459707,118459815,108,"Regular (>50bp)",0.2,3.42019957341774e-06
"chr1:118463864:118463927:118453185:118466995:SE","SE","ENSMUSG00000064302","Clasp1","chr1","+",118463864,118463927,63,"Regular (>50bp)",0.155,0.00698114473783677
"chr1:118463864:118463927:118459815:118466995:SE","SE","ENSMUSG00000064302","Clasp1","chr1","+",118463864,118463927,63,"Regular (>50bp)",0.197,0.0013120994422599
"chr9:113687648:113687672:113683414:113691253:SE","SE","ENSMUSG00000033392","Clasp2","chr9","+",113687648,113687672,24,"Microexon (0-30bp)",0.252,1.26060491336164e-07
"chr7:19318394:19318748:19318455:19318708:RI","RI","ENSMUSG00000061028","Clasrp","chr7","-",19318394,19318748,354,"Regular (>50bp)",-0.22,1.8714988565275e-05
"chr8:61428765:61428941:61394448:61435809:SE","SE","ENSMUSG00000004319","Clcn3","chr8","-",61428765,61428941,176,"Regular (>50bp)",-0.103,0.00322273111668182
"chr5:5564231:5564376:5563251:5564627:SE","SE","ENSMUSG00000046798","Cldn12","chr5","-",5564231,5564376,145,"Regular (>50bp)",0.112,5.6780257952858e-05
"chr2:25348315:25348788:25348491:25348576:RI","RI","ENSMUSG00000015093","Clic3","chr2","+",25348315,25348788,473,"Regular (>50bp)",0.2,0.0328094311721263
"chr5:123773236:123773341:123769232:123778556:SE","SE","ENSMUSG00000049550","Clip1","chr5","-",123773236,123773341,105,"Regular (>50bp)",0.128,0.0466611028216607
"chr11:51158991:51159058:51154096:51161363:SE","SE","ENSMUSG00000020385","Clk4","chr11","+",51158991,51159058,67,"Regular (>50bp)",-0.322,0.00486314751970413
"chr11:51158991:51159058:51158158:51161363:SE","SE","ENSMUSG00000020385","Clk4","chr11","+",51158991,51159058,67,"Regular (>50bp)",-0.113,0.0252500935304721
"chr11:51161363:51161422:51158158:51162626:SE","SE","ENSMUSG00000020385","Clk4","chr11","+",51161363,51161422,59,"Regular (>50bp)",0.138,1.96680001714449e-06
"chr10:116342945:116343093:116340019:116363731:SE","SE","ENSMUSG00000020166","Cnot2","chr10","-",116342945,116343093,148,"Regular (>50bp)",-0.146,0.00404923577228385
"chr10:116342945:116343093:116340019:116384937:SE","SE","ENSMUSG00000020166","Cnot2","chr10","-",116342945,116343093,148,"Regular (>50bp)",-0.176,5.07816002564625e-05
"chr10:116353221:116353288:116337222:116417357:SE","SE","ENSMUSG00000020166","Cnot2","chr10","-",116353221,116353288,67,"Regular (>50bp)",-0.219,5.00565407746177e-05
"chr10:116363731:116363854:116337222:116417357:SE","SE","ENSMUSG00000020166","Cnot2","chr10","-",116363731,116363854,123,"Regular (>50bp)",-0.465,1.09345910391415e-05
"chr10:116363731:116363854:116343093:116417357:SE","SE","ENSMUSG00000020166","Cnot2","chr10","-",116363731,116363854,123,"Regular (>50bp)",-0.112,0.0100692978462117
"chr2:35006683:35006814:35003466:35008066:SE","SE","ENSMUSG00000057110","Cntrl","chr2","+",35006683,35006814,131,"Regular (>50bp)",0.138,0.000224263100155005
"chr2:64981322:64981511:64981322:64981508:65068706:65068970:A3SS","A3SS","ENSMUSG00000034903","Cobll1","chr2","-",64981322,64981511,189,"Regular (>50bp)",0.168,0.0218637941087324
"chr17:34264744:34264822:34263984:34268592:SE","SE","ENSMUSG00000024330","Col11a2","chr17","+",34264744,34264822,78,"Regular (>50bp)",0.215,0.00102158121601864
"chr17:34266071:34266251:34263984:34268592:SE","SE","ENSMUSG00000024330","Col11a2","chr17","+",34266071,34266251,180,"Regular (>50bp)",0.419,0.00174814917999036
"chr17:34266071:34266251:34264822:34268592:SE","SE","ENSMUSG00000024330","Col11a2","chr17","+",34266071,34266251,180,"Regular (>50bp)",0.376,0.0320156405195758
"chr8:11254535:11254552:11253008:11256225:SE","SE","ENSMUSG00000031502","Col4a1","chr8","-",11254535,11254552,17,"Microexon (0-30bp)",0.116,0.029292636882421
"chr2:153460753:153463739:153461432:153463689:RI","RI","ENSMUSG00000056941","Commd7","chr2","-",153460753,153463739,2986,"Regular (>50bp)",0.272,0.00924099567793603
"chr1:159147317:159147410:159136534:159152486:SE","SE","ENSMUSG00000040782","Cop1","chr1","+",159147317,159147410,93,"Regular (>50bp)",-0.103,0.00640323077445409
"chr8:70757283:70759301:70757346:70759148:RI","RI","ENSMUSG00000055681","Cope","chr8","+",70757283,70759301,2018,"Regular (>50bp)",-0.238,1.8429704755727e-08
"chr12:84417029:84418332:84417805:84418224:RI","RI","ENSMUSG00000021235","Coq6","chr12","+",84417029,84418332,1303,"Regular (>50bp)",-0.264,5.23522437739981e-06
"chr5:139324936:139325140:139324130:139325219:SE","SE","ENSMUSG00000045438","Cox19","chr5","-",139324936,139325140,204,"Regular (>50bp)",-0.201,0.00267618481955599
"chr11:31858824:31858875:31868800:31868824:31839939:31870408:MXE","MXE","ENSMUSG00000020300","Cpeb4","chr11","+",31858824,31858875,51,"Regular (>50bp)",-0.103,0.00418999867516708
"chr11:31868800:31868824:31839939:31870408:SE","SE","ENSMUSG00000020300","Cpeb4","chr11","+",31868800,31868824,24,"Microexon (0-30bp)",0.103,1.13081564246697e-05
"chr11:31868800:31868824:31858875:31870408:SE","SE","ENSMUSG00000020300","Cpeb4","chr11","+",31868800,31868824,24,"Microexon (0-30bp)",0.164,3.91008884983753e-05
"chr5:145114039:145115738:145114112:145115642:RI","RI","ENSMUSG00000029625","Cpsf4","chr5","+",145114039,145115738,1699,"Regular (>50bp)",-0.114,0.000253680060378327
"chr5:145114039:145115738:145114112:145115645:RI","RI","ENSMUSG00000029625","Cpsf4","chr5","+",145114039,145115738,1699,"Regular (>50bp)",-0.102,0.0012949620591378
"chr2:30303871:30304008:30303258:30305206:SE","SE","ENSMUSG00000026853","Crat","chr2","-",30303871,30304008,137,"Regular (>50bp)",0.102,0.0297295277805289
"chr8:93073411:93073732:93073597:93073732:93072977:93073091:A5SS","A5SS","ENSMUSG00000031736","Crnde","chr8","-",93073411,93073732,321,"Regular (>50bp)",-0.146,4.77952982853209e-06
"chr8:93073411:93073540:93073592:93073732:93073091:93077318:MXE","MXE","ENSMUSG00000031736","Crnde","chr8","-",93073411,93073540,129,"Regular (>50bp)",0.135,0.0228468839301148
"chr8:93073411:93073540:93073597:93073732:93073091:93077318:MXE","MXE","ENSMUSG00000031736","Crnde","chr8","-",93073411,93073540,129,"Regular (>50bp)",0.175,0.00539592165733911
"chr8:93073411:93073546:93073597:93073732:93053090:93077318:MXE","MXE","ENSMUSG00000031736","Crnde","chr8","-",93073411,93073546,135,"Regular (>50bp)",0.112,0.0469792286023311
"chr8:93073411:93073546:93073597:93073732:93073091:93077318:MXE","MXE","ENSMUSG00000031736","Crnde","chr8","-",93073411,93073546,135,"Regular (>50bp)",0.116,4.45178103730483e-05
"chr4:140747018:140747800:140747243:140747584:RI","RI","ENSMUSG00000040860","Crocc","chr4","-",140747018,140747800,782,"Regular (>50bp)",-0.219,3.45198987400359e-06
"chr15:102086961:102087051:102086221:102087215:SE","SE","ENSMUSG00000023044","Csad","chr15","-",102086961,102087051,90,"Regular (>50bp)",-0.112,0.00536438412659678
"chrX:132970593:132974026:132970656:132973884:RI","RI","ENSMUSG00000031256","Cstf2","chrX","+",132970593,132974026,3433,"Regular (>50bp)",0.179,0.000774927331340471
"chrX:132970593:132974026:132970656:132973962:RI","RI","ENSMUSG00000031256","Cstf2","chrX","+",132970593,132974026,3433,"Regular (>50bp)",0.103,0.00240404653171529
"chrX:132973163:132973223:132970656:132973884:SE","SE","ENSMUSG00000031256","Cstf2","chrX","+",132973163,132973223,60,"Regular (>50bp)",0.19,4.26278819386534e-10
"chrX:132973163:132973223:132970656:132973962:SE","SE","ENSMUSG00000031256","Cstf2","chrX","+",132973163,132973223,60,"Regular (>50bp)",0.12,2.35174732283403e-05
"chr13:61084199:61084385:61084304:61084385:61083360:61083483:A5SS","A5SS","ENSMUSG00000044258","Ctla2a","chr13","-",61084199,61084385,186,"Regular (>50bp)",-0.112,0.0232270650174256
"chr7:144005763:144005874:144003352:144010177:SE","SE","ENSMUSG00000031078","Cttn","chr7","-",144005763,144005874,111,"Regular (>50bp)",-0.138,0.0446547946410203
"chr1:134335554:134336225:134336141:134336225:134335311:134335441:A3SS","A3SS","ENSMUSG00000026456","Cyb5r1","chr1","+",134335554,134336225,671,"Regular (>50bp)",-0.237,1.24102950138886e-12
"chr4:106925808:106927744:106926020:106927312:RI","RI","ENSMUSG00000028621","Cyb5rl","chr4","+",106925808,106927744,1936,"Regular (>50bp)",-0.134,0.0301995625922877
"chr1:60421562:60421627:60426063:60426153:60418644:60426297:MXE","MXE","ENSMUSG00000049439","Cyp20a1","chr1","+",60421562,60421627,65,"Regular (>50bp)",0.133,0.00471448378632767
"chr17:32766439:32766491:32765733:32769226:SE","SE","ENSMUSG00000048440","Cyp4f16","chr17","+",32766439,32766491,52,"Regular (>50bp)",-0.108,6.77384982015622e-09
"chr15:63829433:63829516:63828531:63869746:SE","SE","ENSMUSG00000022378","Cyrib","chr15","-",63829433,63829516,83,"Regular (>50bp)",0.128,0.0123131385382555
"chr16:78373078:78373545:78373311:78373545:78372808:78372942:A5SS","A5SS","ENSMUSG00000022864","D16Ertd472e","chr16","-",78373078,78373545,467,"Regular (>50bp)",-0.164,0.00817533990123707
"chr2:116734522:116734703:116730812:116741201:SE","SE","ENSMUSG00000085316","D330050G23Rik","chr2","+",116734522,116734703,181,"Regular (>50bp)",0.263,0.00508244723641251
"chr2:35618069:35621006:35618140:35619122:RI","RI","ENSMUSG00000026883","Dab2ip","chr2","+",35618069,35621006,2937,"Regular (>50bp)",-0.152,0
"chr9:108120087:108120222:108095609:108140823:SE","SE","ENSMUSG00000039952","Dag1","chr9","-",108120087,108120222,135,"Regular (>50bp)",0.104,0.032972071047514
"chr3:88840871:88840973:88836833:88850081:SE","SE","ENSMUSG00000068921","Dap3","chr3","-",88840871,88840973,102,"Regular (>50bp)",-0.144,0.0086681768154988
"chr13:55623958:55624586:55624129:55624448:RI","RI","ENSMUSG00000034675","Dbn1","chr13","-",55623958,55624586,628,"Regular (>50bp)",-0.171,0.00022300140248842
"chr8:84824251:84824481:84824365:84824481:84823700:84824137:A5SS","A5SS","ENSMUSG00000037103","Dcaf15","chr8","-",84824251,84824481,230,"Regular (>50bp)",-0.116,4.62538564227097e-05
"chr3:86695928:86695941:86694719:86696618:SE","SE","ENSMUSG00000028078","Dclk2","chr3","-",86695928,86695941,13,"Microexon (0-30bp)",0.13,0.0357757878867097
"chr3:86695928:86695941:86694719:86699301:SE","SE","ENSMUSG00000028078","Dclk2","chr3","-",86695928,86695941,13,"Microexon (0-30bp)",0.107,9.02838700735828e-07
"chr3:86738130:86738178:86732037:86739039:SE","SE","ENSMUSG00000028078","Dclk2","chr3","-",86738130,86738178,48,"Small (30-50bp)",0.136,1.01172471836732e-07
"chr2:3437474:3437530:3434843:3438025:SE","SE","ENSMUSG00000026648","Dclre1c","chr2","+",3437474,3437530,56,"Regular (>50bp)",-0.209,0.0215218625852119
"chr2:3437474:3437530:3434843:3438066:SE","SE","ENSMUSG00000026648","Dclre1c","chr2","+",3437474,3437530,56,"Regular (>50bp)",-0.201,0.0205337653677248
"chr6:119191730:119194940:119192567:119194763:RI","RI","ENSMUSG00000041477","Dcp1b","chr6","+",119191730,119194940,3210,"Regular (>50bp)",-0.123,0.0317820949335006
"chr6:83160917:83160938:83160315:83166058:SE","SE","ENSMUSG00000031865","Dctn1","chr6","+",83160917,83160938,21,"Microexon (0-30bp)",0.262,0
"chr6:83160917:83160938:83164745:83164766:83160315:83166058:MXE","MXE","ENSMUSG00000031865","Dctn1","chr6","+",83160917,83160938,21,"Microexon (0-30bp)",0.119,5.91769831934145e-05
"chr6:83163409:83163427:83164745:83164766:83160938:83166058:MXE","MXE","ENSMUSG00000031865","Dctn1","chr6","+",83163409,83163427,18,"Microexon (0-30bp)",0.272,0.00539272644434666
"chr6:83164745:83164766:83160938:83166058:SE","SE","ENSMUSG00000031865","Dctn1","chr6","+",83164745,83164766,21,"Microexon (0-30bp)",-0.137,2.3696378192652e-05
"chr18:60678428:60678449:60677218:60678819:SE","SE","ENSMUSG00000024603","Dctn4","chr18","+",60678428,60678449,21,"Microexon (0-30bp)",0.164,2.36488905850054e-07
"chr3:35973149:35973318:35952024:35986933:SE","SE","ENSMUSG00000027708","Dcun1d1","chr3","-",35973149,35973318,169,"Regular (>50bp)",-0.117,0.00403504486996008
"chr14:45860297:45860399:45858297:45866310:SE","SE","ENSMUSG00000037697","Ddhd1","chr14","-",45860297,45860399,102,"Regular (>50bp)",0.134,0.00534608001040081
"chr14:45860297:45860399:45858297:45867036:SE","SE","ENSMUSG00000037697","Ddhd1","chr14","-",45860297,45860399,102,"Regular (>50bp)",0.208,1.51614692199789e-08
"chr14:45866310:45866331:45858297:45867036:SE","SE","ENSMUSG00000037697","Ddhd1","chr14","-",45866310,45866331,21,"Microexon (0-30bp)",0.202,1.72061376212635e-05
"chr13:55806832:55808612:55806911:55808529:RI","RI","ENSMUSG00000021500","Ddx46","chr13","+",55806832,55808612,1780,"Regular (>50bp)",-0.15,0.00778249389408872
"chr7:140904354:140904529:140904092:140907191:SE","SE","ENSMUSG00000058886","Deaf1","chr7","-",140904354,140904529,175,"Regular (>50bp)",-0.207,1.8567258562636e-05
"chr1:171158801:171158853:171157094:171165819:SE","SE","ENSMUSG00000013973","Dedd","chr1","+",171158801,171158853,52,"Regular (>50bp)",0.223,8.27328736591769e-09
"chr1:171158820:171158853:171157094:171165819:SE","SE","ENSMUSG00000013973","Dedd","chr1","+",171158820,171158853,33,"Small (30-50bp)",0.174,0
"chr1:171158820:171158853:171157260:171165819:SE","SE","ENSMUSG00000013973","Dedd","chr1","+",171158820,171158853,33,"Small (30-50bp)",0.109,9.41268011599817e-09
"chr1:138950842:138950886:138893968:138967737:SE","SE","ENSMUSG00000056268","Dennd1b","chr1","+",138950842,138950886,44,"Small (30-50bp)",0.187,0.00111649201585084
"chr15:89070374:89071022:89070464:89070956:RI","RI","ENSMUSG00000015377","Dennd6b","chr15","-",89070374,89071022,648,"Regular (>50bp)",-0.142,0.000145518640025306
"chr5:33021353:33021656:33021087:33021920:SE","SE","ENSMUSG00000037426","Depdc5","chr5","+",33021353,33021656,303,"Regular (>50bp)",0.13,7.71814477123387e-06
"chr5:33021501:33021656:33021087:33021920:SE","SE","ENSMUSG00000037426","Depdc5","chr5","+",33021501,33021656,155,"Regular (>50bp)",0.134,1.13455362352412e-05
"chr6:83457824:83457924:83457418:83458328:SE","SE","ENSMUSG00000014554","Dguok","chr6","-",83457824,83457924,100,"Regular (>50bp)",-0.111,5.21162027294763e-05
"chr2:158668224:158669919:158668337:158669822:RI","RI","ENSMUSG00000027655","Dhx35","chr2","+",158668224,158669919,1695,"Regular (>50bp)",-0.108,0.00089285336180952
"chr10:76107209:76107239:76106291:76108366:SE","SE","ENSMUSG00000020231","Dip2a","chr10","-",76107209,76107239,30,"Microexon (0-30bp)",0.168,0.000735208041510314
"chr9:50593332:50593926:50593500:50593836:RI","RI","ENSMUSG00000032064","Dixdc1","chr9","-",50593332,50593926,594,"Regular (>50bp)",-0.105,0.000357925153403674
"chr14:61861881:61861931:61841255:61862668:SE","SE","ENSMUSG00000097589","Dleu2","chr14","-",61861881,61861931,50,"Small (30-50bp)",-0.164,0.0427466608636049
"chr14:61861881:61861931:61862668:61862811:61851720:61869885:MXE","MXE","ENSMUSG00000097589","Dleu2","chr14","-",61861881,61861931,50,"Small (30-50bp)",-0.116,0.022310666860815
"chr16:31673470:31673506:31672702:31675258:SE","SE","ENSMUSG00000022770","Dlg1","chr16","+",31673470,31673506,36,"Small (30-50bp)",0.139,8.81268485011539e-07
"chr16:31673485:31673506:31666487:31675258:SE","SE","ENSMUSG00000022770","Dlg1","chr16","+",31673485,31673506,21,"Microexon (0-30bp)",-0.104,0.0218207418493108
"chrX:99851658:99851758:99853467:99853513:99850861:99855107:MXE","MXE","ENSMUSG00000000881","Dlg3","chrX","+",99851658,99851758,100,"Regular (>50bp)",-0.105,0.000255064390297122
"chrX:99855107:99855149:99856331:99856382:99853513:99856942:MXE","MXE","ENSMUSG00000000881","Dlg3","chrX","+",99855107,99855149,42,"Small (30-50bp)",0.101,0.0260867908289963
"chr14:24252365:24252434:24243022:24295214:SE","SE","ENSMUSG00000021782","Dlg5","chr14","-",24252365,24252434,69,"Regular (>50bp)",0.159,0.00869172600910798
"chr7:25320848:25320937:25320517:25321397:SE","SE","ENSMUSG00000057229","Dmac2","chr7","+",25320848,25320937,89,"Regular (>50bp)",-0.203,0.00698114473783677
"chr12:69772228:69772328:69771788:69784724:SE","SE","ENSMUSG00000054894","Dmac2l","chr12","+",69772228,69772328,100,"Regular (>50bp)",0.126,0.0190657268400384
"chr7:18821418:18821625:18821258:18821925:SE","SE","ENSMUSG00000030409","Dmpk","chr7","+",18821418,18821625,207,"Regular (>50bp)",-0.109,2.02220019005814e-08
"chr7:18825863:18826179:18825961:18826132:RI","RI","ENSMUSG00000030409","Dmpk","chr7","+",18825863,18826179,316,"Regular (>50bp)",-0.201,1.14891411896653e-05
"chr14:70842736:70842802:70842488:70842980:SE","SE","ENSMUSG00000022099","Dmtn","chr14","-",70842736,70842802,66,"Regular (>50bp)",-0.117,0.0239082351189277
"chr9:54303523:54303654:54303523:54303651:54305330:54305407:A3SS","A3SS","ENSMUSG00000041268","Dmxl2","chr9","-",54303523,54303654,131,"Regular (>50bp)",-0.179,0.000990952536673053
"chr15:79649987:79650054:79649222:79658559:SE","SE","ENSMUSG00000022420","Dnal4","chr15","-",79649987,79650054,67,"Regular (>50bp)",0.119,0.023789401793687
"chrX:73320084:73320162:73320251:73320340:73318074:73320644:MXE","MXE","ENSMUSG00000019088","Dnase1l1","chrX","-",73320084,73320162,78,"Regular (>50bp)",0.162,0.0214205341903347
"chr2:32200462:32200499:32200039:32202138:SE","SE","ENSMUSG00000026825","Dnm1","chr2","-",32200462,32200499,37,"Small (30-50bp)",-0.104,0.0269272889583834
"chr9:21401953:21401965:21401090:21405799:SE","SE","ENSMUSG00000033335","Dnm2","chr9","+",21401953,21401965,12,"Microexon (0-30bp)",0.118,0.000947054302203747
"chr2:153525527:153525597:153526278:153526397:153520476:153528177:MXE","MXE","ENSMUSG00000027478","Dnmt3b","chr2","+",153525527,153525597,70,"Regular (>50bp)",0.239,0.0408298755605657
"chr2:153526278:153526397:153520476:153528177:SE","SE","ENSMUSG00000027478","Dnmt3b","chr2","+",153526278,153526397,119,"Regular (>50bp)",-0.127,0.000221331893572252
"chr19:4054322:4054648:4054432:4054512:RI","RI","ENSMUSG00000024871","Doc2g","chr19","+",4054322,4054648,326,"Regular (>50bp)",0.125,0.000669742772864693
"chr12:40844595:40844622:40840160:40844766:SE","SE","ENSMUSG00000035954","Dock4","chr12","+",40844595,40844622,27,"Microexon (0-30bp)",0.164,0
"chr14:121797336:121797372:121796545:121798001:SE","SE","ENSMUSG00000025558","Dock9","chr14","-",121797336,121797372,36,"Small (30-50bp)",0.19,0.0101146356328822
"chr9:86383926:86384036:86383953:86384036:86382848:86382948:A3SS","A3SS","ENSMUSG00000034973","Dop1a","chr9","+",86383926,86384036,110,"Regular (>50bp)",-0.202,0.00242453659685851
"chr9:86388923:86388953:86388572:86389556:SE","SE","ENSMUSG00000034973","Dop1a","chr9","+",86388923,86388953,30,"Microexon (0-30bp)",0.195,0.042844740993165
"chr2:25244904:25245965:25245040:25245825:RI","RI","ENSMUSG00000026958","Dpp7","chr2","-",25244904,25245965,1061,"Regular (>50bp)",-0.158,6.92684024645283e-05
"chr12:3824569:3824610:3823640:3829618:SE","SE","ENSMUSG00000071454","Dtnb","chr12","+",3824569,3824610,41,"Small (30-50bp)",-0.187,3.98457234897981e-05
"chr5:136055323:136057426:136055461:136057355:RI","RI","ENSMUSG00000004947","Dtx2","chr5","+",136055323,136057426,2103,"Regular (>50bp)",0.188,0.00604876962946596
"chr2:80451537:80452144:80447628:80454669:SE","SE","ENSMUSG00000027001","Dusp19","chr2","+",80451537,80452144,607,"Regular (>50bp)",0.124,0.015593042477189
"chr14:25980743:25980945:25980098:25983911:SE","SE","ENSMUSG00000048502","Duxbl1","chr14","+",25980743,25980945,202,"Regular (>50bp)",-0.284,0.00170286026563699
"chr2:71058094:71058188:71058170:71058188:71049644:71049762:A3SS","A3SS","ENSMUSG00000027012","Dync1i2","chr2","+",71058094,71058188,94,"Regular (>50bp)",-0.468,0.000585667734332441
"chr2:71063992:71064052:71059034:71066258:SE","SE","ENSMUSG00000027012","Dync1i2","chr2","+",71063992,71064052,60,"Regular (>50bp)",0.172,0
"chr8:105147916:105148035:105147306:105148918:SE","SE","ENSMUSG00000035770","Dync1li2","chr8","-",105147916,105148035,119,"Regular (>50bp)",-0.276,0.000769181720464315
"chr6:126869046:126869183:126868736:126871639:SE","SE","ENSMUSG00000030345","Dyrk4","chr6","-",126869046,126869183,137,"Regular (>50bp)",0.111,0.000118976248211211
"chr14:119161308:119161507:119160579:119161836:SE","SE","ENSMUSG00000042156","Dzip1","chr14","-",119161308,119161507,199,"Regular (>50bp)",-0.149,0.00537855963073971
"chr10:39498898:39499087:39498723:39508945:SE","SE","ENSMUSG00000087177","E130307A14Rik","chr10","-",39498898,39499087,189,"Regular (>50bp)",-0.235,0.00396721263333828
"chr10:39508945:39509012:39499087:39557468:SE","SE","ENSMUSG00000087177","E130307A14Rik","chr10","-",39508945,39509012,67,"Regular (>50bp)",-0.183,0.0404283960928313
"chr10:39516271:39516507:39498723:39607733:SE","SE","ENSMUSG00000087177","E130307A14Rik","chr10","-",39516271,39516507,236,"Regular (>50bp)",-0.128,0.0159843432782325
"chr10:39521551:39521804:39516507:39530517:SE","SE","ENSMUSG00000087177","E130307A14Rik","chr10","-",39521551,39521804,253,"Regular (>50bp)",-0.324,0.000392061214348815
"chr10:39521551:39521804:39516507:39557468:SE","SE","ENSMUSG00000087177","E130307A14Rik","chr10","-",39521551,39521804,253,"Regular (>50bp)",-0.226,0.00240590744543024
"chr10:39530517:39530684:39521804:39557468:SE","SE","ENSMUSG00000087177","E130307A14Rik","chr10","-",39530517,39530684,167,"Regular (>50bp)",-0.217,0.00875105263647079
"chr7:29656384:29656459:29653381:29660317:SE","SE","ENSMUSG00000121374","ENSMUSG00000121374","chr7","+",29656384,29656459,75,"Regular (>50bp)",-0.171,0.0038321614029679
"chr7:39120820:39120930:39116858:39122285:SE","SE","ENSMUSG00000121502","ENSMUSG00000121502","chr7","+",39120820,39120930,110,"Regular (>50bp)",0.373,3.3499803481681e-06
"chr7:42870265:42870525:42863571:42872998:SE","SE","ENSMUSG00000074887","EU599041","chr7","+",42870265,42870525,260,"Regular (>50bp)",-0.139,0.000806405267909375
"chr16:36630833:36630970:36628522:36645019:SE","SE","ENSMUSG00000022838","Eaf2","chr16","-",36630833,36630970,137,"Regular (>50bp)",-0.184,0.012521616887176
"chr16:36645019:36645114:36630970:36648412:SE","SE","ENSMUSG00000022838","Eaf2","chr16","-",36645019,36645114,95,"Regular (>50bp)",-0.257,0.000513778543465898
"chr1:151688504:151688519:151687455:151694060:SE","SE","ENSMUSG00000043019","Edem3","chr1","+",151688504,151688519,15,"Microexon (0-30bp)",0.115,0.00404923577228385
"chr1:151688504:151688552:151687455:151694060:SE","SE","ENSMUSG00000043019","Edem3","chr1","+",151688504,151688552,48,"Small (30-50bp)",0.105,0.000635778430255848
"chr7:132433088:132433305:132429611:132438828:SE","SE","ENSMUSG00000030960","Eef1akmt2","chr7","-",132433088,132433305,217,"Regular (>50bp)",-0.111,0.00020546106696315
"chr15:75774527:75775667:75773101:75781093:SE","SE","ENSMUSG00000055762","Eef1d","chr15","-",75774527,75775667,1140,"Regular (>50bp)",0.157,1.63027543563202e-06
"chr15:75774527:75775667:75773104:75781093:SE","SE","ENSMUSG00000055762","Eef1d","chr15","-",75774527,75775667,1140,"Regular (>50bp)",0.128,7.8969694359759e-10
"chr11:77063130:77063287:77042799:77079541:SE","SE","ENSMUSG00000050944","Efcab5","chr11","-",77063130,77063287,157,"Regular (>50bp)",0.541,3.71457112083881e-06
"chr19:5769975:5770435:5770713:5770754:5767224:5770836:MXE","MXE","ENSMUSG00000024937","Ehbp1l1","chr19","-",5769975,5770435,460,"Regular (>50bp)",0.101,0.0402488622227131
"chr11:3183987:3184059:3180101:3184461:SE","SE","ENSMUSG00000020454","Eif4enif1","chr11","+",3183987,3184059,72,"Regular (>50bp)",0.102,0.00398410740864226
"chr16:20493535:20493556:20493064:20494093:SE","SE","ENSMUSG00000045983","Eif4g1","chr16","+",20493535,20493556,21,"Microexon (0-30bp)",0.166,1.83302648422216e-13
"chr4:137811567:137811681:137810299:137823219:SE","SE","ENSMUSG00000028760","Eif4g3","chr4","+",137811567,137811681,114,"Regular (>50bp)",-0.183,0.0311196585059158
"chr4:91196847:91197091:91196847:91197088:91199809:91199900:A3SS","A3SS","ENSMUSG00000008489","Elavl2","chr4","-",91196847,91197091,244,"Regular (>50bp)",-0.11,0.00143442717563832
"chr4:110112615:110112702:110108718:110143666:SE","SE","ENSMUSG00000028546","Elavl4","chr4","-",110112615,110112702,87,"Regular (>50bp)",-0.208,1.34079673279972e-06
"chr11:16885149:16885926:16885149:16885841:16886454:16886564:A3SS","A3SS","ENSMUSG00000087060","Eldr","chr11","-",16885149,16885926,777,"Regular (>50bp)",0.172,1.50081661935699e-05
"chr11:16885149:16886564:16885926:16886454:RI","RI","ENSMUSG00000087060","Eldr","chr11","-",16885149,16886564,1415,"Regular (>50bp)",-0.175,4.83941855531087e-05
"chr8:121387232:121387409:121386756:121387522:SE","SE","ENSMUSG00000031819","Emc8","chr8","-",121387232,121387409,177,"Regular (>50bp)",-0.243,2.37073992252985e-05
"chr17:83732686:83732860:83729164:83734651:SE","SE","ENSMUSG00000032624","Eml4","chr17","+",83732686,83732860,174,"Regular (>50bp)",0.105,0.00335952453844866
"chr17:83732686:83732860:83729164:83735428:SE","SE","ENSMUSG00000032624","Eml4","chr17","+",83732686,83732860,174,"Regular (>50bp)",0.239,7.77367782715381e-09
"chr17:83734651:83734780:83729164:83735428:SE","SE","ENSMUSG00000032624","Eml4","chr17","+",83734651,83734780,129,"Regular (>50bp)",0.17,4.0523453940791e-06
"chr19:58935083:58935274:58934094:58941568:SE","SE","ENSMUSG00000048029","Eno4","chr19","+",58935083,58935274,191,"Regular (>50bp)",-0.211,0.000835981114338567
"chr19:58952809:58953005:58951339:58956933:SE","SE","ENSMUSG00000048029","Eno4","chr19","+",58952809,58953005,196,"Regular (>50bp)",-0.115,0.0020738325268988
"chr19:58952809:58953005:58952870:58953005:58951213:58951339:A3SS","A3SS","ENSMUSG00000048029","Eno4","chr19","+",58952809,58953005,196,"Regular (>50bp)",0.138,0.0204525456304742
"chr19:58952870:58953005:58951339:58956933:SE","SE","ENSMUSG00000048029","Eno4","chr19","+",58952870,58953005,135,"Regular (>50bp)",-0.226,0.00456552838661961
"chrX:48111970:48112078:48112003:48112078:48107659:48107771:A5SS","A5SS","ENSMUSG00000031109","Enox2","chrX","-",48111970,48112078,108,"Regular (>50bp)",-0.127,0.00146302224119869
"chr5:110848387:110848630:110846782:110849486:SE","SE","ENSMUSG00000029505","Ep400","chr5","-",110848387,110848630,243,"Regular (>50bp)",0.188,1.51485169599794e-07
"chr2:156366800:156367208:156356130:156368808:SE","SE","ENSMUSG00000027624","Epb41l1","chr2","+",156366800,156367208,408,"Regular (>50bp)",0.112,9.1430477646744e-13
"chr17:69581095:69581161:69577659:69581698:SE","SE","ENSMUSG00000024044","Epb41l3","chr17","+",69581095,69581161,66,"Regular (>50bp)",0.159,6.98022358218519e-05
"chr17:69581698:69581890:69590879:69591002:69577659:69591533:MXE","MXE","ENSMUSG00000024044","Epb41l3","chr17","+",69581698,69581890,192,"Regular (>50bp)",-0.171,4.99166432120283e-09
"chr17:69590879:69591002:69581890:69591533:SE","SE","ENSMUSG00000024044","Epb41l3","chr17","+",69590879,69591002,123,"Regular (>50bp)",0.204,0
"chr11:61425403:61425439:61424507:61426096:SE","SE","ENSMUSG00000001036","Epn2","chr11","-",61425403,61425439,36,"Small (30-50bp)",0.122,7.70019309919651e-05
"chr11:61444335:61444405:61438868:61456647:SE","SE","ENSMUSG00000001036","Epn2","chr11","-",61444335,61444405,70,"Regular (>50bp)",-0.119,0.00167767497948593
"chr13:103964414:103964531:103966695:103966839:103959914:103970005:MXE","MXE","ENSMUSG00000021709","Erbin","chr13","-",103964414,103964531,117,"Regular (>50bp)",-0.123,5.46352187394881e-06
"chr13:103964414:103964531:103966695:103966839:103961434:103970005:MXE","MXE","ENSMUSG00000021709","Erbin","chr13","-",103964414,103964531,117,"Regular (>50bp)",-0.102,0.000430683111749926
"chr13:103966695:103966839:103964531:103970005:SE","SE","ENSMUSG00000021709","Erbin","chr13","-",103966695,103966839,144,"Regular (>50bp)",-0.157,3.67696787739001e-08
"chr13:104022648:104022846:104005406:104056753:SE","SE","ENSMUSG00000021709","Erbin","chr13","-",104022648,104022846,198,"Regular (>50bp)",-0.455,5.1330431071284e-06
"chr6:119595806:119595873:119571934:119597271:SE","SE","ENSMUSG00000030172","Erc1","chr6","-",119595806,119595873,67,"Regular (>50bp)",0.128,2.15437648629046e-05
"chr6:119711041:119711053:119699269:119720248:SE","SE","ENSMUSG00000030172","Erc1","chr6","-",119711041,119711053,12,"Microexon (0-30bp)",0.163,2.75166287953894e-05
"chr17:26873800:26873927:26871784:26874040:SE","SE","ENSMUSG00000001576","Ergic1","chr17","+",26873800,26873927,127,"Regular (>50bp)",-0.156,9.56667335520824e-06
"chr6:148092416:148092521:148091082:148096692:SE","SE","ENSMUSG00000030304","Ergic2","chr6","-",148092416,148092521,105,"Regular (>50bp)",-0.109,0.00549010424682853
"chr2:155857296:155857311:155853326:155857908:SE","SE","ENSMUSG00000005881","Ergic3","chr2","+",155857296,155857311,15,"Microexon (0-30bp)",0.169,0
"chr7:119385961:119386708:119385961:119386050:119386956:119387057:A3SS","A3SS","ENSMUSG00000030929","Eri2","chr7","-",119385961,119386708,747,"Regular (>50bp)",-0.167,0.00324905635337845
"chr18:10593745:10595875:10588550:10596338:SE","SE","ENSMUSG00000024293","Esco1","chr18","-",10593745,10595875,2130,"Regular (>50bp)",-0.102,5.36401155092723e-06
"chr18:10595675:10595875:10588550:10596338:SE","SE","ENSMUSG00000024293","Esco1","chr18","-",10595675,10595875,200,"Regular (>50bp)",-0.129,6.10806624409645e-06
"chr6:149044103:149044213:149043202:149045531:SE","SE","ENSMUSG00000039958","Etfbkmt","chr6","+",149044103,149044213,110,"Regular (>50bp)",0.132,0.0297029557121197
"chr6:145160247:145160997:145160510:145160909:RI","RI","ENSMUSG00000040370","Etfrf1","chr6","+",145160247,145160997,750,"Regular (>50bp)",-0.179,0.00942109149619756
"chr11:5041459:5041477:5038146:5041858:SE","SE","ENSMUSG00000009079","Ewsr1","chr11","-",5041459,5041477,18,"Microexon (0-30bp)",0.222,0
"chr5:76688593:76688614:76685704:76689897:SE","SE","ENSMUSG00000036435","Exoc1","chr5","+",76688593,76688614,21,"Microexon (0-30bp)",0.252,1.58910376195037e-06
"chr11:116184100:116184139:116183410:116184797:SE","SE","ENSMUSG00000020792","Exoc7","chr11","-",116184100,116184139,39,"Small (30-50bp)",0.169,2.46650849294221e-07
"chr11:116188396:116188489:116186515:116191091:SE","SE","ENSMUSG00000020792","Exoc7","chr11","-",116188396,116188489,93,"Regular (>50bp)",0.21,2.59888001530519e-13
"chr11:116191091:116191259:116191929:116192152:116186515:116195402:MXE","MXE","ENSMUSG00000020792","Exoc7","chr11","-",116191091,116191259,168,"Regular (>50bp)",0.102,5.77889047725667e-09
"chr9:119274352:119274387:119274216:119276014:SE","SE","ENSMUSG00000042787","Exog","chr9","+",119274352,119274387,35,"Small (30-50bp)",-0.15,0.00871617407300527
"chr4:132384888:132384927:132384099:132389205:SE","SE","ENSMUSG00000028886","Eya3","chr4","+",132384888,132384927,39,"Small (30-50bp)",0.204,1.83302648422216e-13
"chr4:132384888:132384927:132389205:132389249:132384099:132417015:MXE","MXE","ENSMUSG00000028886","Eya3","chr4","+",132384888,132384927,39,"Small (30-50bp)",0.207,4.6526657512411e-06
"chr9:98872967:98873024:98868565:98874153:SE","SE","ENSMUSG00000032463","Faim","chr9","+",98872967,98873024,57,"Regular (>50bp)",0.182,4.91114595799159e-12
"chr1:24067280:24069609:24067280:24069021:24069822:24069977:A3SS","A3SS","ENSMUSG00000026153","Fam135a","chr1","-",24067280,24069609,2329,"Regular (>50bp)",-0.192,1.8282465207085e-06
"chr13:92610470:92610636:92604670:92614335:SE","SE","ENSMUSG00000034334","Fam151b","chr13","-",92610470,92610636,166,"Regular (>50bp)",-0.369,0.00115796740267725
"chr11:22971493:22971661:22971133:22978855:SE","SE","ENSMUSG00000049811","Fam161a","chr11","+",22971493,22971661,168,"Regular (>50bp)",0.129,0.000264057140798722
"chr7:100467942:100467969:100462207:100473338:SE","SE","ENSMUSG00000029461","Fam168a","chr7","+",100467942,100467969,27,"Microexon (0-30bp)",-0.191,1.19363993167714e-06
"chr13:55712332:55712393:55704038:55718587:SE","SE","ENSMUSG00000021495","Fam193b","chr13","-",55712332,55712393,61,"Regular (>50bp)",-0.11,0.0136010293468498
"chr19:60208761:60208792:60208571:60214663:SE","SE","ENSMUSG00000057858","Fam204a","chr19","-",60208761,60208792,31,"Small (30-50bp)",-0.194,5.54044420961763e-11
"chr19:60208761:60208792:60208571:60214741:SE","SE","ENSMUSG00000057858","Fam204a","chr19","-",60208761,60208792,31,"Small (30-50bp)",-0.138,0.0249443254739075
"chr19:60208921:60209009:60208792:60214663:SE","SE","ENSMUSG00000057858","Fam204a","chr19","-",60208921,60209009,88,"Regular (>50bp)",-0.117,1.35232510858353e-05
"chr19:60208921:60209009:60208792:60214741:SE","SE","ENSMUSG00000057858","Fam204a","chr19","-",60208921,60209009,88,"Regular (>50bp)",-0.162,6.66999981402294e-06
"chr19:60209485:60209736:60208571:60214663:SE","SE","ENSMUSG00000057858","Fam204a","chr19","-",60209485,60209736,251,"Regular (>50bp)",-0.134,3.36818616475668e-12
"chr19:60209485:60209736:60208792:60214663:SE","SE","ENSMUSG00000057858","Fam204a","chr19","-",60209485,60209736,251,"Regular (>50bp)",-0.116,3.74688633235429e-05
"chr3:127681603:127681634:127664649:127689682:SE","SE","ENSMUSG00000050549","Fam241a","chr3","-",127681603,127681634,31,"Small (30-50bp)",0.154,0.000166478503906857
"chr5:33757699:33765571:33757699:33758224:33771946:33772178:A3SS","A3SS","ENSMUSG00000037339","Fam53a","chr5","-",33757699,33765571,7872,"Regular (>50bp)",-0.395,0.000425008559418304
"chr18:34896125:34896183:34901220:34902005:34895777:34903650:MXE","MXE","ENSMUSG00000034300","Fam53c","chr18","+",34896125,34896183,58,"Regular (>50bp)",0.111,0.0308739966550389
"chr18:34896125:34896183:34901223:34902005:34895777:34903650:MXE","MXE","ENSMUSG00000034300","Fam53c","chr18","+",34896125,34896183,58,"Regular (>50bp)",0.116,0.0439783205251889
"chr13:63508009:63508074:63495398:63545896:SE","SE","ENSMUSG00000021461","Fancc","chr13","-",63508009,63508074,65,"Regular (>50bp)",-0.193,0.00334844557462196
"chr17:28542544:28542639:28539830:28545125:SE","SE","ENSMUSG00000007570","Fance","chr17","+",28542544,28542639,95,"Regular (>50bp)",-0.124,0.0327006117687034
"chr8:45498769:45498822:45498205:45502878:SE","SE","ENSMUSG00000070047","Fat1","chr8","+",45498769,45498822,53,"Regular (>50bp)",0.239,0.0120987580619089
"chr8:45500686:45500746:45498205:45502878:SE","SE","ENSMUSG00000070047","Fat1","chr8","+",45500686,45500746,60,"Regular (>50bp)",0.288,0.0203667767943438
"chr8:45500686:45500746:45498822:45502878:SE","SE","ENSMUSG00000070047","Fat1","chr8","+",45500686,45500746,60,"Regular (>50bp)",0.236,0.000723374244043817
"chr8:45500686:45500746:45502878:45502914:45498822:45503817:MXE","MXE","ENSMUSG00000070047","Fat1","chr8","+",45500686,45500746,60,"Regular (>50bp)",0.242,0.011600240785528
"chr4:141323205:141323287:141323205:141323224:141327158:141327235:A3SS","A3SS","ENSMUSG00000006219","Fblim1","chr4","-",141323205,141323287,82,"Regular (>50bp)",0.11,0.031043434610178
"chr5:110563895:110563931:110543940:110580766:SE","SE","ENSMUSG00000043323","Fbrsl1","chr5","-",110563895,110563931,36,"Small (30-50bp)",-0.145,0.00404923577228385
"chr5:110565708:110565813:110543940:110580766:SE","SE","ENSMUSG00000043323","Fbrsl1","chr5","-",110565708,110565813,105,"Regular (>50bp)",-0.127,0.0233842041949229
"chr14:103329739:103329862:103332772:103332977:103326909:103336204:MXE","MXE","ENSMUSG00000022124","Fbxl3","chr14","-",103329739,103329862,123,"Regular (>50bp)",-0.106,0.000210391268798132
"chr8:106041707:106042700:106041707:106042654:106049896:106049998:A3SS","A3SS","ENSMUSG00000041679","Fbxl9","chr8","-",106041707,106042700,993,"Regular (>50bp)",-0.372,0.00142861743935979
"chr4:148240851:148240947:148240738:148241065:SE","SE","ENSMUSG00000029001","Fbxo44","chr4","-",148240851,148240947,96,"Regular (>50bp)",-0.149,9.97834579262941e-05
"chr11:16903141:16903681:16903253:16903348:RI","RI","ENSMUSG00000044966","Fbxo48","chr11","+",16903141,16903681,540,"Regular (>50bp)",-0.156,0.0232611548690595
"chr11:62750665:62750866:62748621:62753455:SE","SE","ENSMUSG00000090173","Fbxw10","chr11","+",62750665,62750866,201,"Regular (>50bp)",0.187,0.0086626989299094
"chr13:50573875:50574027:50573875:50573913:50577237:50577398:A5SS","A5SS","ENSMUSG00000037816","Fbxw17","chr13","+",50573875,50574027,152,"Regular (>50bp)",-0.128,0.01766834772842
"chr13:50573875:50574064:50573875:50573913:50577237:50577398:A5SS","A5SS","ENSMUSG00000037816","Fbxw17","chr13","+",50573875,50574064,189,"Regular (>50bp)",-0.122,0.0468065866663404
"chr7:100895508:100895580:100893423:100899651:SE","SE","ENSMUSG00000030691","Fchsd2","chr7","+",100895508,100895580,72,"Regular (>50bp)",0.12,0.001016274231496
"chr2:132781201:132781435:132778082:132783856:SE","SE","ENSMUSG00000027356","Fermt1","chr2","-",132781201,132781435,234,"Regular (>50bp)",0.278,0.00112436588777282
"chr7:80029956:80030640:80030075:80030586:RI","RI","ENSMUSG00000053158","Fes","chr7","-",80029956,80030640,684,"Regular (>50bp)",-0.112,9.76654536025506e-05
"chr16:22747824:22748059:22739245:22748382:SE","SE","ENSMUSG00000022871","Fetub","chr16","+",22747824,22748059,235,"Regular (>50bp)",-0.102,0.000884537230798935
"chrX:49697354:49697481:49695039:49697563:SE","SE","ENSMUSG00000085396","Firre","chrX","-",49697354,49697481,127,"Regular (>50bp)",-0.547,0.000206097439282431
"chr11:59685966:59686401:59685966:59686090:59686575:59686689:A3SS","A3SS","ENSMUSG00000032633","Flcn","chr11","-",59685966,59686401,435,"Regular (>50bp)",-0.169,2.50321291472888e-11
"chr6:29452797:29452896:29452379:29453197:SE","SE","ENSMUSG00000068699","Flnc","chr6","+",29452797,29452896,99,"Regular (>50bp)",0.118,0.000460919086951993
"chr7:44781651:44783450:44781836:44783305:RI","RI","ENSMUSG00000110206","Flt3l","chr7","-",44781651,44783450,1799,"Regular (>50bp)",-0.122,0.00641515873314009
"chr2:53018728:53018854:53016988:53021851:SE","SE","ENSMUSG00000036053","Fmnl2","chr2","+",53018728,53018854,126,"Regular (>50bp)",-0.231,1.47698056988194e-05
"chr2:53020423:53020517:53020423:53020470:53021851:53023816:A5SS","A5SS","ENSMUSG00000036053","Fmnl2","chr2","+",53020423,53020517,94,"Regular (>50bp)",-0.132,2.85590662230264e-10
"chr15:99226974:99227057:99226047:99227160:SE","SE","ENSMUSG00000023008","Fmnl3","chr15","-",99226974,99227057,83,"Regular (>50bp)",-0.157,0.00281721077343178
"chr11:121187739:121187915:121181716:121197593:SE","SE","ENSMUSG00000039275","Foxk2","chr11","+",121187739,121187915,176,"Regular (>50bp)",-0.253,0.000327331485137548
"chr9:35120711:35120825:35120711:35120803:35121235:35121461:A3SS","A3SS","ENSMUSG00000039048","Foxred1","chr9","-",35120711,35120825,114,"Regular (>50bp)",0.101,0.0367540652628854
"chr4:119390509:119390746:119390509:119390694:119390937:119391006:A3SS","A3SS","ENSMUSG00000087385","Frg2f1","chr4","-",119390509,119390746,237,"Regular (>50bp)",-0.16,0.00598673094245661
"chrX:8116634:8116877:8116725:8116807:RI","RI","ENSMUSG00000031171","Ftsj1","chrX","-",8116634,8116877,243,"Regular (>50bp)",-0.227,4.55069774665401e-05
"chr7:30746797:30746827:30744452:30750780:SE","SE","ENSMUSG00000036578","Fxyd7","chr7","-",30746797,30746827,30,"Microexon (0-30bp)",0.198,0.000914872697111681
"chr5:92211195:92211294:92205929:92212183:SE","SE","ENSMUSG00000029405","G3bp2","chr5","-",92211195,92211294,99,"Regular (>50bp)",0.121,2.84857067591192e-07
"chr17:37360544:37360689:37359498:37361890:SE","SE","ENSMUSG00000024462","Gabbr1","chr17","+",37360544,37360689,145,"Regular (>50bp)",0.359,5.08214924689418e-11
"chr4:135692536:135692767:135692644:135692767:135691127:135691407:A3SS","A3SS","ENSMUSG00000028671","Gale","chr4","+",135692536,135692767,231,"Regular (>50bp)",-0.243,0.000670122291161977
"chr2:125712245:125712381:125708288:125720197:SE","SE","ENSMUSG00000027207","Galk2","chr2","+",125712245,125712381,136,"Regular (>50bp)",0.194,0.0156035339710719
"chr14:31765045:31765250:31751988:31768253:SE","SE","ENSMUSG00000021903","Galnt15","chr14","+",31765045,31765250,205,"Regular (>50bp)",-0.171,0.00382594075526214
"chr2:120274618:120274720:120272081:120276779:SE","SE","ENSMUSG00000062646","Ganc","chr2","+",120274618,120274720,102,"Regular (>50bp)",-0.13,0.00167682594581168
"chr2:34607264:34607394:34607327:34607394:34605216:34605342:A5SS","A5SS","ENSMUSG00000026867","Gapvd1","chr2","-",34607264,34607394,130,"Regular (>50bp)",-0.152,4.36616785530056e-06
"chr2:34612949:34613030:34610740:34615054:SE","SE","ENSMUSG00000026867","Gapvd1","chr2","-",34612949,34613030,81,"Regular (>50bp)",0.177,1.75910250494988e-07
"chr7:51581111:51581174:51576292:51586301:SE","SE","ENSMUSG00000030498","Gas2","chr7","+",51581111,51581174,63,"Regular (>50bp)",0.143,4.33174365248858e-05
"chr1:160862733:160862885:160862733:160862764:160863321:160863374:A5SS","A5SS","ENSMUSG00000053332","Gas5","chr1","+",160862733,160862885,152,"Regular (>50bp)",-0.203,0.000629098103955743
"chr1:160863777:160864734:160863777:160864422:160864857:160864885:A5SS","A5SS","ENSMUSG00000053332","Gas5","chr1","+",160863777,160864734,957,"Regular (>50bp)",-0.102,0.00534136467011659
"chr1:160864693:160864885:160864857:160864885:160864389:160864422:A3SS","A3SS","ENSMUSG00000053332","Gas5","chr1","+",160864693,160864885,192,"Regular (>50bp)",-0.169,0.00387878376766347
"chr8:70364813:70364888:70364519:70365572:SE","SE","ENSMUSG00000036180","Gatad2a","chr8","-",70364813,70364888,75,"Regular (>50bp)",0.199,0
"chr4:43569180:43569955:43569285:43569829:RI","RI","ENSMUSG00000028467","Gba2","chr4","-",43569180,43569955,775,"Regular (>50bp)",-0.243,0.00062369356285039
"chr9:76104309:76104640:76100735:76106215:SE","SE","ENSMUSG00000059383","Gfral","chr9","-",76104309,76104640,331,"Regular (>50bp)",-0.195,0.0281298095176651
"chr1:87301718:87301833:87282208:87331388:SE","SE","ENSMUSG00000048000","Gigyf2","chr1","+",87301718,87301833,115,"Regular (>50bp)",0.202,0.0251771867460651
"chr7:18894519:18894679:18893759:18896473:SE","SE","ENSMUSG00000030406","Gipr","chr7","-",18894519,18894679,160,"Regular (>50bp)",-0.159,0.000411669106957379
"chr5:114881791:114881941:114877342:114883489:SE","SE","ENSMUSG00000041890","Git2","chr5","-",114881791,114881941,150,"Regular (>50bp)",-0.106,0.0251831512160118
"chr5:108515986:108516179:108516110:108516179:108515660:108515773:A3SS","A3SS","ENSMUSG00000072769","Gm10419","chr5","+",108515986,108516179,193,"Regular (>50bp)",-0.289,7.7199473006156e-05
"chr16:91505665:91505778:91486168:91510939:SE","SE","ENSMUSG00000085169","Gm10785","chr16","+",91505665,91505778,113,"Regular (>50bp)",-0.242,0.00148250010273968
"chr8:75560078:75560151:75555048:75560479:SE","SE","ENSMUSG00000079011","Gm11033","chr8","-",75560078,75560151,73,"Regular (>50bp)",0.222,0.0321221891972023
"chr2:164601148:164601260:164596224:164609632:SE","SE","ENSMUSG00000086453","Gm11457","chr2","-",164601148,164601260,112,"Regular (>50bp)",0.172,0.0144473357528274
"chr2:164604463:164604528:164601260:164609632:SE","SE","ENSMUSG00000086453","Gm11457","chr2","-",164604463,164604528,65,"Regular (>50bp)",0.37,0.0305499535261416
"chr2:164604640:164604801:164604528:164609632:SE","SE","ENSMUSG00000086453","Gm11457","chr2","-",164604640,164604801,161,"Regular (>50bp)",-0.429,0.0306733575254748
"chr11:119826543:119827356:119826543:119826875:119829987:119830116:A3SS","A3SS","ENSMUSG00000085207","Gm11767","chr11","-",119826543,119827356,813,"Regular (>50bp)",-0.119,0.011650467450663
"chr11:62440872:62441002:62440872:62440985:62441686:62441867:A3SS","A3SS","ENSMUSG00000087120","Gm12279","chr11","-",62440872,62441002,130,"Regular (>50bp)",-0.295,0.0311083875855001
"chr4:89255914:89256050:89214841:89268569:SE","SE","ENSMUSG00000086035","Gm12610","chr4","+",89255914,89256050,136,"Regular (>50bp)",0.324,0.00660565594357833
"chr4:89255914:89256050:89214841:89288010:SE","SE","ENSMUSG00000086035","Gm12610","chr4","+",89255914,89256050,136,"Regular (>50bp)",0.259,8.27328736591769e-09
"chr4:89274945:89274997:89214947:89288010:SE","SE","ENSMUSG00000086035","Gm12610","chr4","+",89274945,89274997,52,"Regular (>50bp)",0.129,0.000308156712682891
"chr4:89275354:89275446:89279352:89279513:89274997:89288010:MXE","MXE","ENSMUSG00000086035","Gm12610","chr4","+",89275354,89275446,92,"Regular (>50bp)",-0.261,3.59519611287976e-05
"chr4:89340867:89340979:89288109:89402250:SE","SE","ENSMUSG00000086035","Gm12610","chr4","+",89340867,89340979,112,"Regular (>50bp)",0.164,0.00214985522449564
"chr2:151383342:151384391:151383524:151384172:RI","RI","ENSMUSG00000087433","Gm14167","chr2","-",151383342,151384391,1049,"Regular (>50bp)",-0.264,0.0168899261442235
"chr2:30549811:30549897:30549001:30559844:SE","SE","ENSMUSG00000087268","Gm14486","chr2","-",30549811,30549897,86,"Regular (>50bp)",0.244,0.00172506049196521
"chr7:44640800:44640905:44636794:44641446:SE","SE","ENSMUSG00000087138","Gm15545","chr7","+",44640800,44640905,105,"Regular (>50bp)",-0.113,0.000556773037817526
"chr16:35802094:35802165:35787890:35803421:SE","SE","ENSMUSG00000086324","Gm15564","chr16","-",35802094,35802165,71,"Regular (>50bp)",0.429,0.000134731150745085
"chr14:119343557:119343726:119338576:119347030:SE","SE","ENSMUSG00000087479","Gm16835","chr14","+",119343557,119343726,169,"Regular (>50bp)",-0.382,9.29700907370769e-05
"chr12:110444793:110445057:110443435:110450469:SE","SE","ENSMUSG00000113585","Gm19605","chr12","-",110444793,110445057,264,"Regular (>50bp)",0.349,0.000271108393066682
"chr18:75497177:75498933:75497898:75498145:RI","RI","ENSMUSG00000092569","Gm20544","chr18","-",75497177,75498933,1756,"Regular (>50bp)",-0.285,0.0182692607960728
"chr18:75497781:75498933:75497918:75498145:RI","RI","ENSMUSG00000092569","Gm20544","chr18","-",75497781,75498933,1152,"Regular (>50bp)",-0.647,0.000104406995184422
"chr14:19620388:19620523:19619656:19630274:SE","SE","ENSMUSG00000093979","Gm2237","chr14","-",19620388,19620523,135,"Regular (>50bp)",0.173,0.00327938638826421
"chr15:92258919:92259046:92242464:92264059:SE","SE","ENSMUSG00000097068","Gm26760","chr15","+",92258919,92259046,127,"Regular (>50bp)",-0.166,0.001511930362008
"chr15:92258919:92259046:92242464:92265055:SE","SE","ENSMUSG00000097068","Gm26760","chr15","+",92258919,92259046,127,"Regular (>50bp)",-0.168,3.3470602441056e-05
"chr5:7768000:7768090:7730281:7768669:SE","SE","ENSMUSG00000105068","Gm30835","chr5","-",7768000,7768090,90,"Regular (>50bp)",0.158,0.000250968645773305
"chr3:152413486:152413934:152408421:152415071:SE","SE","ENSMUSG00000119993","Gm32085","chr3","+",152413486,152413934,448,"Regular (>50bp)",0.107,0.000152305644525748
"chr3:152413486:152413934:152408409:152415071:SE","SE","ENSMUSG00000119993","Gm32085","chr3","+",152413486,152413934,448,"Regular (>50bp)",0.388,0.0280678457845143
"chr3:152413486:152414250:152413486:152413934:152415071:152415541:A5SS","A5SS","ENSMUSG00000119993","Gm32085","chr3","+",152413486,152414250,764,"Regular (>50bp)",-0.479,0.000878106444635091
"chr8:129993965:129994180:129990205:129995262:SE","SE","ENSMUSG00000110605","Gm32856","chr8","+",129993965,129994180,215,"Regular (>50bp)",-0.253,0.0262514941996564
"chr8:105360139:105360350:105358127:105361130:SE","SE","ENSMUSG00000110652","Gm33023","chr8","+",105360139,105360350,211,"Regular (>50bp)",-0.13,9.19424120174834e-05
"chr15:40030708:40031472:40031194:40031472:40028595:40028676:A3SS","A3SS","ENSMUSG00000115367","Gm33301","chr15","+",40030708,40031472,764,"Regular (>50bp)",0.127,0.0343529112116606
"chr14:15299928:15300079:15295273:15310386:SE","SE","ENSMUSG00000090363","Gm3512","chr14","+",15299928,15300079,151,"Regular (>50bp)",0.353,0.00262144731600515
"chr9:63843924:63844093:63843820:63844322:SE","SE","ENSMUSG00000111058","Gm36033","chr9","-",63843924,63844093,169,"Regular (>50bp)",-0.411,0.0302050280655403
"chr14:14982611:14982725:14981234:14985916:SE","SE","ENSMUSG00000091617","Gm3752","chr14","+",14982611,14982725,114,"Regular (>50bp)",-0.117,0.0157594179638082
"chr13:74731765:74731992:74729359:74739390:SE","SE","ENSMUSG00000113204","Gm46430","chr13","-",74731765,74731992,227,"Regular (>50bp)",-0.38,0.0223443114583391
"chr13:74731765:74731992:74730367:74739390:SE","SE","ENSMUSG00000113204","Gm46430","chr13","-",74731765,74731992,227,"Regular (>50bp)",-0.433,0.00187609735255649
"chr10:20161515:20161640:20154164:20162320:SE","SE","ENSMUSG00000111447","Gm48249","chr10","-",20161515,20161640,125,"Regular (>50bp)",0.357,7.85526742502879e-05
"chr10:82219596:82219678:82204792:82257833:SE","SE","ENSMUSG00000073427","Gm4924","chr10","+",82219596,82219678,82,"Regular (>50bp)",0.123,0.000756859983151857
"chr10:82236587:82236820:82204792:82257833:SE","SE","ENSMUSG00000073427","Gm4924","chr10","+",82236587,82236820,233,"Regular (>50bp)",0.426,0.000129827181205971
"chr2:144016446:144016664:144010546:144031060:SE","SE","ENSMUSG00000074758","Gm5535","chr2","-",144016446,144016664,218,"Regular (>50bp)",0.316,0.00037800936580262
"chr2:144031060:144031153:143942437:144032846:SE","SE","ENSMUSG00000074758","Gm5535","chr2","-",144031060,144031153,93,"Regular (>50bp)",0.258,0.000454169161943709
"chr2:144031060:144031153:144010546:144032846:SE","SE","ENSMUSG00000074758","Gm5535","chr2","-",144031060,144031153,93,"Regular (>50bp)",0.186,0.0107733366404324
"chr2:144031060:144031153:144016664:144032846:SE","SE","ENSMUSG00000074758","Gm5535","chr2","-",144031060,144031153,93,"Regular (>50bp)",0.199,1.36834780664256e-08
"chr14:44798155:44798244:44797471:44799238:SE","SE","ENSMUSG00000092165","Gm5624","chr14","-",44798155,44798244,89,"Regular (>50bp)",0.106,0.000785242525902698
"chr14:44798155:44798287:44797471:44799238:SE","SE","ENSMUSG00000092165","Gm5624","chr14","-",44798155,44798287,132,"Regular (>50bp)",0.124,0.000327339854512147
"chr14:43986205:43986368:43935630:43987358:SE","SE","ENSMUSG00000091698","Gm6526","chr14","+",43986205,43986368,163,"Regular (>50bp)",0.161,0.0497167795366929
"chr17:22511388:22511436:22528485:22528578:22508876:22532217:MXE","MXE","ENSMUSG00000117284","Gm7072","chr17","-",22511388,22511436,48,"Small (30-50bp)",0.141,0.036465184818851
"chr1:98524972:98525118:98517382:98532855:SE","SE","ENSMUSG00000100009","Gm7967","chr1","+",98524972,98525118,146,"Regular (>50bp)",0.119,1.00228474147005e-05
"chr14:16433030:16433144:16431648:16437386:SE","SE","ENSMUSG00000091568","Gm8206","chr14","+",16433030,16433144,114,"Regular (>50bp)",-0.572,2.26252336143412e-09
"chr4:131964421:131964525:131978985:131979143:131962217:131988801:MXE","MXE","ENSMUSG00000028901","Gmeb1","chr4","-",131964421,131964525,104,"Regular (>50bp)",0.113,0.0187867579711015
"chr2:174169900:174169924:174169734:174176004:SE","SE","ENSMUSG00000027523","Gnas","chr2","+",174169900,174169924,24,"Microexon (0-30bp)",0.15,8.39408628074766e-11
"chr16:18362860:18363023:18362864:18363023:18359721:18359847:A3SS","A3SS","ENSMUSG00000000884","Gnb1l","chr16","+",18362860,18363023,163,"Regular (>50bp)",-0.125,0.00747448627205699
"chr14:30735385:30735522:30735212:30736009:SE","SE","ENSMUSG00000042354","Gnl3","chr14","-",30735385,30735522,137,"Regular (>50bp)",-0.446,3.06560648323351e-06
"chrX:149797016:149797146:149797016:149797085:149800200:149800318:A3SS","A3SS","ENSMUSG00000025266","Gnl3l","chrX","-",149797016,149797146,130,"Regular (>50bp)",-0.27,0.00900884913747339
"chr2:121756041:121756209:121742522:121763958:SE","SE","ENSMUSG00000060227","Golm2","chr2","+",121756041,121756209,168,"Regular (>50bp)",-0.133,1.65054869771964e-09
"chr13:111584429:111584489:111577350:111585466:SE","SE","ENSMUSG00000032745","Gpbp1","chr13","-",111584429,111584489,60,"Regular (>50bp)",0.147,1.12980666838728e-10
"chrX:134644190:134644271:134644311:134644363:134643727:134645247:MXE","MXE","ENSMUSG00000043384","Gprasp1","chrX","+",134644190,134644271,81,"Regular (>50bp)",-0.116,0.000170361482754721
"chrX:134644311:134644363:134643727:134645247:SE","SE","ENSMUSG00000043384","Gprasp1","chrX","+",134644311,134644363,52,"Regular (>50bp)",0.109,0.00646971334921933
"chr7:30832644:30832656:30832290:30833415:SE","SE","ENSMUSG00000001248","Gramd1a","chr7","-",30832644,30832656,12,"Microexon (0-30bp)",0.183,0
"chr9:40211735:40211747:40211392:40214793:SE","SE","ENSMUSG00000040111","Gramd1b","chr9","-",40211735,40211747,12,"Microexon (0-30bp)",0.133,6.265064870653e-05
"chr2:25184449:25184560:25182140:25185803:SE","SE","ENSMUSG00000026959","Grin1","chr2","-",25184449,25184560,111,"Regular (>50bp)",0.151,0.000948284233830729
"chr5:21430560:21430725:21427437:21431241:SE","SE","ENSMUSG00000039934","Gsap","chr5","+",21430560,21430725,165,"Regular (>50bp)",-0.21,0.0476513745860557
"chr5:21475553:21476246:21475612:21476214:RI","RI","ENSMUSG00000039934","Gsap","chr5","+",21475553,21476246,693,"Regular (>50bp)",-0.311,0.0436133109030647
"chr12:87202246:87202343:87194282:87204666:SE","SE","ENSMUSG00000021033","Gstz1","chr12","+",87202246,87202343,97,"Regular (>50bp)",0.142,0.00103957699411304
"chr9:69924354:69924473:69924205:69929718:SE","SE","ENSMUSG00000033543","Gtf2a2","chr9","+",69924354,69924473,119,"Regular (>50bp)",-0.147,0.023014654534906
"chr5:134235611:134235668:134232189:134237720:SE","SE","ENSMUSG00000015942","Gtf2ird2","chr5","+",134235611,134235668,57,"Regular (>50bp)",-0.133,0.00170720240343313
"chr5:31330726:31330855:31330405:31331111:SE","SE","ENSMUSG00000106864","Gtf3c2","chr5","-",31330726,31330855,129,"Regular (>50bp)",-0.124,1.61957987530082e-05
"chr2:28471142:28471277:28471358:28471456:28469749:28472836:MXE","MXE","ENSMUSG00000026816","Gtf3c5","chr2","-",28471142,28471277,135,"Regular (>50bp)",-0.717,0.00167940137324598
"chr15:103338603:103338684:103336811:103338782:SE","SE","ENSMUSG00000022487","Gtsf1","chr15","-",103338603,103338684,81,"Regular (>50bp)",-0.166,0.0171446500513668
"chr5:69720425:69720565:69719200:69721866:SE","SE","ENSMUSG00000029208","Guf1","chr5","+",69720425,69720565,140,"Regular (>50bp)",0.123,0.00937281362651569
"chr8:57771440:57771482:57767649:57773723:SE","SE","ENSMUSG00000100510","Hand2os1","chr8","-",57771440,57771482,42,"Small (30-50bp)",0.308,0.00031990563030739
"chr18:38074005:38074819:38074163:38074760:RI","RI","ENSMUSG00000024454","Hdac3","chr18","-",38074005,38074819,814,"Regular (>50bp)",-0.114,0.00246222292574281
"chr1:92019453:92019540:91957918:92075977:SE","SE","ENSMUSG00000026313","Hdac4","chr1","-",92019453,92019540,87,"Regular (>50bp)",-0.211,0.00309807723083696
"chr11:102087364:102088262:102087498:102088164:RI","RI","ENSMUSG00000008855","Hdac5","chr11","-",102087364,102088262,898,"Regular (>50bp)",-0.146,3.03866167675138e-05
"chr11:102104750:102104862:102112593:102112677:102097992:102115559:MXE","MXE","ENSMUSG00000008855","Hdac5","chr11","-",102104750,102104862,112,"Regular (>50bp)",0.379,9.33316974488942e-05
"chr11:102112593:102112677:102097992:102115559:SE","SE","ENSMUSG00000008855","Hdac5","chr11","-",102112593,102112677,84,"Regular (>50bp)",0.131,7.3015169289544e-05
"chr12:34423876:34424137:34362710:34439243:SE","SE","ENSMUSG00000004698","Hdac9","chr12","-",34423876,34424137,261,"Regular (>50bp)",-0.113,0.000855587308772159
"chr12:34483079:34483230:34483079:34483221:34487135:34487377:A3SS","A3SS","ENSMUSG00000004698","Hdac9","chr12","-",34483079,34483230,151,"Regular (>50bp)",0.174,0.00101911551049171
"chr17:56405483:56406075:56405557:56405973:RI","RI","ENSMUSG00000002833","Hdgfl2","chr17","+",56405483,56406075,592,"Regular (>50bp)",-0.129,0.00472586661920384
"chr8:57786153:57786666:57785668:57792899:SE","SE","ENSMUSG00000097910","Hdnr","chr8","+",57786153,57786666,513,"Regular (>50bp)",0.236,0.00767469527043458
"chr8:57791917:57791982:57786666:57792899:SE","SE","ENSMUSG00000097910","Hdnr","chr8","+",57791917,57791982,65,"Regular (>50bp)",-0.175,0.0268409603391519
"chr5:100916147:100916565:100916147:100916321:100918263:100918362:A3SS","A3SS","ENSMUSG00000035266","Helq","chr5","-",100916147,100916565,418,"Regular (>50bp)",-0.121,3.80911582303627e-07
"chr10:13879944:13880019:13841964:13942326:SE","SE","ENSMUSG00000015501","Hivep2","chr10","+",13879944,13880019,75,"Regular (>50bp)",-0.278,1.69695378827837e-05
"chr3:20152243:20152379:20146980:20159804:SE","SE","ENSMUSG00000002428","Hltf","chr3","+",20152243,20152379,136,"Regular (>50bp)",-0.134,1.29687565925262e-05
"chr14:65062747:65062819:65054585:65063049:SE","SE","ENSMUSG00000021972","Hmbox1","chr14","-",65062747,65062819,72,"Regular (>50bp)",-0.127,0.00797309893298637
"chr6:87909840:87909964:87898633:87910223:SE","SE","ENSMUSG00000030060","Hmces","chr6","+",87909840,87909964,124,"Regular (>50bp)",-0.17,0.000989789456504887
"chr5:149118808:149118845:148987561:149121257:SE","SE","ENSMUSG00000066551","Hmgb1","chr5","-",149118808,149118845,37,"Small (30-50bp)",-0.178,0.00138310450317866
"chr9:82992000:82993159:82992482:82993045:RI","RI","ENSMUSG00000066456","Hmgn3","chr9","-",82992000,82993159,1159,"Regular (>50bp)",-0.181,2.7310904927502e-08
"chr9:82992000:82993159:82992482:82993086:RI","RI","ENSMUSG00000066456","Hmgn3","chr9","-",82992000,82993159,1159,"Regular (>50bp)",-0.118,6.00159085391429e-09
"chr8:75725462:75725566:75720377:75726187:SE","SE","ENSMUSG00000034518","Hmgxb4","chr8","+",75725462,75725566,104,"Regular (>50bp)",0.177,2.32344502416303e-10
"chr8:75726440:75726519:75726626:75726741:75726336:75727277:MXE","MXE","ENSMUSG00000034518","Hmgxb4","chr8","+",75726440,75726519,79,"Regular (>50bp)",0.119,9.52839613937031e-05
"chr8:75726626:75726741:75726519:75727277:SE","SE","ENSMUSG00000034518","Hmgxb4","chr8","+",75726626,75726741,115,"Regular (>50bp)",-0.107,0.00606706097655591
"chr6:51441407:51441431:51441191:51442158:SE","SE","ENSMUSG00000004980","Hnrnpa2b1","chr6","-",51441407,51441431,24,"Microexon (0-30bp)",-0.167,1.60289999095546e-11
"chr5:100124392:100124449:100115246:100126250:SE","SE","ENSMUSG00000000568","Hnrnpd","chr5","-",100124392,100124449,57,"Regular (>50bp)",0.202,0
"chr5:100183493:100183598:100182843:100183962:SE","SE","ENSMUSG00000029328","Hnrnpdl","chr5","-",100183493,100183598,105,"Regular (>50bp)",-0.135,0.000274731490298617
"chr7:81263930:81264247:81264090:81264247:81262008:81262119:A5SS","A5SS","ENSMUSG00000025813","Homer2","chr7","-",81263930,81264247,317,"Regular (>50bp)",-0.122,0.000432365836941914
"chr4:129013942:129013993:129012555:129015362:SE","SE","ENSMUSG00000028785","Hpca","chr4","-",129013942,129013993,51,"Regular (>50bp)",0.133,0.00232139080257435
"chr8:61353117:61353268:61343570:61358581:SE","SE","ENSMUSG00000038005","Hpf1","chr8","+",61353117,61353268,151,"Regular (>50bp)",-0.128,0.0339266958105778
"chr19:42744696:42746345:42744779:42746231:RI","RI","ENSMUSG00000025188","Hps1","chr19","-",42744696,42746345,1649,"Regular (>50bp)",-0.196,1.50461866795562e-08
"chr3:20084722:20084969:20084573:20089212:SE","SE","ENSMUSG00000027615","Hps3","chr3","-",20084722,20084969,247,"Regular (>50bp)",-0.122,0.000445359779772204
"chr7:46424577:46424708:46424361:46425188:SE","SE","ENSMUSG00000014418","Hps5","chr7","-",46424577,46424708,131,"Regular (>50bp)",0.156,0.00309807723083696
"chr17:24975426:24975518:24972503:24976934:SE","SE","ENSMUSG00000039628","Hs3st6","chr17","+",24975426,24975518,92,"Regular (>50bp)",0.455,0.000410304083344508
"chr15:76384330:76384536:76384396:76384466:RI","RI","ENSMUSG00000022556","Hsf1","chr15","+",76384330,76384536,206,"Regular (>50bp)",-0.137,2.03724405766665e-11
"chr8:105998737:105998840:105999091:105999216:105998281:105999441:MXE","MXE","ENSMUSG00000033249","Hsf4","chr8","+",105998737,105998840,103,"Regular (>50bp)",0.123,0.0208965680040486
"chr8:72950639:72950729:72951582:72951748:72947429:72952211:MXE","MXE","ENSMUSG00000062007","Hsh2d","chr8","+",72950639,72950729,90,"Regular (>50bp)",-0.188,0.0269588121902741
"chr6:83029981:83030051:83030018:83030051:83029678:83029707:A5SS","A5SS","ENSMUSG00000068329","Htra2","chr6","-",83029981,83030051,70,"Regular (>50bp)",-0.203,0.0108028360111472
"chrX:150587441:150587536:150586798:150589715:SE","SE","ENSMUSG00000025261","Huwe1","chrX","+",150587441,150587536,95,"Regular (>50bp)",-0.208,0.0301232350321887
"chr9:107461950:107462864:107458134:107463580:SE","SE","ENSMUSG00000036091","Hyal3","chr9","+",107461950,107462864,914,"Regular (>50bp)",-0.359,0.00333735927862648
"chr5:24171131:24171429:24170356:24184485:SE","SE","ENSMUSG00000028995","Hycc1","chr5","-",24171131,24171429,298,"Regular (>50bp)",-0.161,7.39491230381861e-07
"chr1:58573643:58573811:58569418:58574548:SE","SE","ENSMUSG00000038174","Hycc2","chr1","-",58573643,58573811,168,"Regular (>50bp)",-0.273,0.00583729528933631
"chr1:58604926:58605113:58605015:58605113:58601798:58601946:A5SS","A5SS","ENSMUSG00000038174","Hycc2","chr1","-",58604926,58605113,187,"Regular (>50bp)",-0.543,5.2424516665807e-06
"chr1:65220786:65220857:65214527:65225367:SE","SE","ENSMUSG00000025950","Idh1","chr1","-",65220786,65220857,71,"Regular (>50bp)",-0.307,0.0136083580405798
"chr5:108827976:108828363:108828072:108828160:RI","RI","ENSMUSG00000033540","Idua","chr5","+",108827976,108828363,387,"Regular (>50bp)",-0.226,0.00346606503343932
"chr5:108827976:108828363:108828072:108828260:RI","RI","ENSMUSG00000033540","Idua","chr5","+",108827976,108828363,387,"Regular (>50bp)",-0.201,0.0464254383150414
"chr5:31443106:31443461:31443172:31443421:RI","RI","ENSMUSG00000038564","Ift172","chr5","-",31443106,31443461,355,"Regular (>50bp)",-0.146,0.000164390394169034
"chr9:44685479:44685528:44685081:44689890:SE","SE","ENSMUSG00000002031","Ift46","chr9","+",44685479,44685528,49,"Small (30-50bp)",0.103,0.00318488327296499
"chr2:11724823:11724916:11723269:11728906:SE","SE","ENSMUSG00000023206","Il15ra","chr2","+",11724823,11724916,93,"Regular (>50bp)",0.171,0.00151749163936785
"chr2:11728223:11728421:11723269:11728906:SE","SE","ENSMUSG00000023206","Il15ra","chr2","+",11728223,11728421,198,"Regular (>50bp)",0.26,0.000323814026939444
"chr2:11728223:11728421:11724916:11728906:SE","SE","ENSMUSG00000023206","Il15ra","chr2","+",11728223,11728421,198,"Regular (>50bp)",-0.13,0.0454494029337421
"chr6:113451513:113451558:113451233:113453359:SE","SE","ENSMUSG00000030281","Il17rc","chr6","+",113451513,113451558,45,"Small (30-50bp)",0.114,0.000203557484841374
"chr11:70586689:70586869:70586689:70586774:70590883:70590981:A3SS","A3SS","ENSMUSG00000057054","Inca1","chr11","-",70586689,70586869,180,"Regular (>50bp)",-0.176,0.00310505386415312
"chr11:70590745:70590981:70590883:70590981:70586689:70586869:A5SS","A5SS","ENSMUSG00000057054","Inca1","chr11","-",70590745,70590981,236,"Regular (>50bp)",0.212,0.00569117026755294
"chr7:126456397:126456959:126456463:126456847:RI","RI","ENSMUSG00000030689","Ino80e","chr7","-",126456397,126456959,562,"Regular (>50bp)",-0.11,0.0227793212156955
"chr1:37413355:37413370:37411500:37416658:SE","SE","ENSMUSG00000026113","Inpp4a","chr1","+",37413355,37413370,15,"Microexon (0-30bp)",0.181,0.000806405267909375
"chr1:37419002:37419258:37419002:37419141:37422419:37422452:A5SS","A5SS","ENSMUSG00000026113","Inpp4a","chr1","+",37419002,37419258,256,"Regular (>50bp)",-0.109,0.0403997441356076
"chr1:37422419:37422452:37419141:37426778:SE","SE","ENSMUSG00000026113","Inpp4a","chr1","+",37422419,37422452,33,"Small (30-50bp)",0.23,6.96191111593124e-08
"chr11:3451045:3451428:3451162:3451319:RI","RI","ENSMUSG00000034570","Inpp5j","chr11","-",3451045,3451428,383,"Regular (>50bp)",-0.311,6.36685296645726e-05
"chrX:55538398:55542094:55538493:55541875:RI","RI","ENSMUSG00000035967","Ints6l","chrX","+",55538398,55542094,3696,"Regular (>50bp)",0.125,0.0081444397570612
"chr9:107921923:107922512:107922099:107922444:RI","RI","ENSMUSG00000032594","Ip6k1","chr9","+",107921923,107922512,589,"Regular (>50bp)",-0.151,9.288652796606e-07
"chr9:107922444:107922512:107922099:107922661:SE","SE","ENSMUSG00000032594","Ip6k1","chr9","+",107922444,107922512,68,"Regular (>50bp)",-0.131,7.33897502342802e-06
"chr9:108673739:108673771:108673595:108673853:SE","SE","ENSMUSG00000032599","Ip6k2","chr9","+",108673739,108673771,32,"Small (30-50bp)",0.141,2.0295899336164e-10
"chr9:108673739:108673771:108673595:108674482:SE","SE","ENSMUSG00000032599","Ip6k2","chr9","+",108673739,108673771,32,"Small (30-50bp)",0.202,0.00135350089455971
"chr9:108673739:108673771:108673869:108673982:108673595:108674405:MXE","MXE","ENSMUSG00000032599","Ip6k2","chr9","+",108673739,108673771,32,"Small (30-50bp)",0.216,0.000165393698964988
"chr16:36649365:36649435:36648854:36655877:SE","SE","ENSMUSG00000022837","Iqcb1","chr16","+",36649365,36649435,70,"Regular (>50bp)",-0.139,3.15878867673424e-05
"chr6:90764099:90764144:90671832:90786749:SE","SE","ENSMUSG00000034312","Iqsec1","chr6","-",90764099,90764144,45,"Small (30-50bp)",0.213,0.000203414095322047
"chr6:145083185:145083812:145083333:145083771:RI","RI","ENSMUSG00000030263","Irag2","chr6","+",145083185,145083812,627,"Regular (>50bp)",-0.34,0.000164390394169034
"chr6:145083771:145083812:145083333:145083907:SE","SE","ENSMUSG00000030263","Irag2","chr6","+",145083771,145083812,41,"Small (30-50bp)",0.4,0.00020670684657125
"chr6:113642663:113642807:113624782:113647159:SE","SE","ENSMUSG00000060477","Irak2","chr6","+",113642663,113642807,144,"Regular (>50bp)",-0.113,0.0233905520350226
"chr8:110402007:110403482:110402056:110403389:RI","RI","ENSMUSG00000031729","Ist1","chr8","-",110402007,110403482,1475,"Regular (>50bp)",-0.132,4.52241662921251e-12
"chr4:99690333:99690469:99702294:99702337:99686999:99717319:MXE","MXE","ENSMUSG00000028549","Itgb3bp","chr4","-",99690333,99690469,136,"Regular (>50bp)",-0.109,0.0114916992082353
"chr10:80539563:80539762:80539590:80539686:RI","RI","ENSMUSG00000055862","Izumo4","chr10","+",80539563,80539762,199,"Regular (>50bp)",-0.109,0.0337091867878429
"chr2:119861982:119862132:119861883:119862321:SE","SE","ENSMUSG00000098789","Jmjd7","chr2","+",119861982,119862132,150,"Regular (>50bp)",-0.115,0.0112543434008751
"chr17:26048915:26049180:26049035:26049112:RI","RI","ENSMUSG00000025736","Jmjd8","chr17","+",26048915,26049180,265,"Regular (>50bp)",0.205,0.0301995625922877
"chrX:102546465:102546798:102540136:102561916:SE","SE","ENSMUSG00000097571","Jpx","chrX","+",102546465,102546798,333,"Regular (>50bp)",-0.242,0.000157722686902773
"chr17:34041259:34041891:34041349:34041648:RI","RI","ENSMUSG00000042099","Kank3","chr17","+",34041259,34041891,632,"Regular (>50bp)",-0.217,1.92870257431643e-05
"chr1:66812580:66812778:66812580:66812673:66817125:66817267:A3SS","A3SS","ENSMUSG00000026004","Kansl1l","chr1","-",66812580,66812778,198,"Regular (>50bp)",-0.168,0.000100696773594069
"chr15:98422339:98422593:98422441:98422593:98418198:98418306:A5SS","A5SS","ENSMUSG00000022992","Kansl2","chr15","-",98422339,98422593,254,"Regular (>50bp)",-0.104,0
"chr15:98429203:98429318:98427334:98429600:SE","SE","ENSMUSG00000022992","Kansl2","chr15","-",98429203,98429318,115,"Regular (>50bp)",-0.107,0.000307856986827618
"chr18:77099685:77099800:77098741:77134869:SE","SE","ENSMUSG00000025420","Katnal2","chr18","-",77099685,77099800,115,"Regular (>50bp)",0.151,0.0186055058252705
"chr4:152519238:152519280:152497317:152520261:SE","SE","ENSMUSG00000028931","Kcnab2","chr4","-",152519238,152519280,42,"Small (30-50bp)",0.133,1.32970738018292e-08
"chr7:44247013:44247043:44245692:44247804:SE","SE","ENSMUSG00000062785","Kcnc3","chr7","+",44247013,44247043,30,"Microexon (0-30bp)",0.151,1.7021590643803e-05
"chr7:44247013:44247043:44245692:44247807:SE","SE","ENSMUSG00000062785","Kcnc3","chr7","+",44247013,44247043,30,"Microexon (0-30bp)",0.326,0.00035228058859102
"chr14:23544606:23544762:23513278:23551192:SE","SE","ENSMUSG00000063142","Kcnma1","chr14","-",23544606,23544762,156,"Regular (>50bp)",-0.101,0.0100342288443127
"chr14:23576603:23576695:23559968:23576792:SE","SE","ENSMUSG00000063142","Kcnma1","chr14","-",23576603,23576695,92,"Regular (>50bp)",-0.101,0.00630521314346458
"chr2:180728668:180728893:180728761:180728893:180727035:180727143:A5SS","A5SS","ENSMUSG00000016346","Kcnq2","chr2","-",180728668,180728893,225,"Regular (>50bp)",-0.193,0.00230608053960031
"chr2:180745434:180745464:180742411:180746679:SE","SE","ENSMUSG00000016346","Kcnq2","chr2","-",180745434,180745464,30,"Microexon (0-30bp)",0.153,1.25008143371497e-12
"chr4:120568419:120568581:120561772:120570208:SE","SE","ENSMUSG00000028631","Kcnq4","chr4","-",120568419,120568581,162,"Regular (>50bp)",0.294,0.01412193452692
"chr1:21536606:21536633:21527848:21539693:SE","SE","ENSMUSG00000028033","Kcnq5","chr1","-",21536606,21536633,27,"Microexon (0-30bp)",0.353,0.016825005150273
"chr6:29502776:29502974:29502776:29502873:29504231:29504308:A3SS","A3SS","ENSMUSG00000059022","Kcp","chr6","-",29502776,29502974,198,"Regular (>50bp)",-0.2,0.00429459981290267
"chr15:78321100:78321163:78319910:78321783:SE","SE","ENSMUSG00000033287","Kctd17","chr15","+",78321100,78321163,63,"Regular (>50bp)",-0.118,4.19312815696982e-08
"chr15:78321100:78321194:78319910:78321783:SE","SE","ENSMUSG00000033287","Kctd17","chr15","+",78321100,78321194,94,"Regular (>50bp)",-0.105,1.22512633473975e-07
"chr15:78321100:78321299:78319910:78321783:SE","SE","ENSMUSG00000033287","Kctd17","chr15","+",78321100,78321299,199,"Regular (>50bp)",-0.104,2.01811057122995e-08
"chr1:58004487:58004699:58004509:58004699:58002226:58002420:A5SS","A5SS","ENSMUSG00000054770","Kctd18","chr1","-",58004487,58004699,212,"Regular (>50bp)",0.128,0.0445932509233664
"chrX:18088995:18089116:18100098:18100153:18075024:18102899:MXE","MXE","ENSMUSG00000037369","Kdm6a","chrX","+",18088995,18089116,121,"Regular (>50bp)",-0.129,0.0232337443460322
"chr12:25090454:25090568:25088549:25101093:SE","SE","ENSMUSG00000036333","Kidins220","chr12","+",25090454,25090568,114,"Regular (>50bp)",0.144,1.89993419291157e-05
"chr13:47018294:47018307:47001862:47082691:SE","SE","ENSMUSG00000021375","Kif13a","chr13","-",47018294,47018307,13,"Microexon (0-30bp)",0.115,0.0476513745860557
"chr9:122800753:122800851:122795051:122804713:SE","SE","ENSMUSG00000036768","Kif15","chr9","+",122800753,122800851,98,"Regular (>50bp)",0.143,0.000982195229411084
"chr9:61831186:61831498:61828528:61831913:SE","SE","ENSMUSG00000032254","Kif23","chr9","-",61831186,61831498,312,"Regular (>50bp)",-0.186,1.59487473534561e-09
"chr13:107106211:107106325:107105296:107111002:SE","SE","ENSMUSG00000021693","Kif2a","chr13","-",107106211,107106325,114,"Regular (>50bp)",-0.145,3.44348512967576e-06
"chr17:27140780:27140834:27140093:27141878:SE","SE","ENSMUSG00000024301","Kifc5b","chr17","+",27140780,27140834,54,"Regular (>50bp)",0.121,0.000577802774270436
"chr10:79756528:79757081:79756664:79756848:RI","RI","ENSMUSG00000035773","Kiss1r","chr10","+",79756528,79757081,553,"Regular (>50bp)",-0.231,0.000153697280613771
"chr10:79756848:79757081:79756664:79757385:SE","SE","ENSMUSG00000035773","Kiss1r","chr10","+",79756848,79757081,233,"Regular (>50bp)",0.121,0.0126045761172172
"chr12:111760082:111760133:111755893:111760770:SE","SE","ENSMUSG00000021288","Klc1","chr12","+",111760082,111760133,51,"Regular (>50bp)",0.126,4.04143840633022e-06
"chr12:111760082:111760133:111755920:111760770:SE","SE","ENSMUSG00000021288","Klc1","chr12","+",111760082,111760133,51,"Regular (>50bp)",0.104,3.23366448185663e-05
"chr19:3827461:3827512:3818340:3832219:SE","SE","ENSMUSG00000045098","Kmt5b","chr19","+",3827461,3827512,51,"Regular (>50bp)",0.138,1.01109542961299e-07
"chr11:78921906:78921948:78919909:78924043:SE","SE","ENSMUSG00000018334","Ksr1","chr11","-",78921906,78921948,42,"Small (30-50bp)",0.203,0.028054910620087
"chr14:47963385:47963457:47962427:47963682:SE","SE","ENSMUSG00000021843","Ktn1","chr14","+",47963385,47963457,72,"Regular (>50bp)",-0.143,7.46915729597831e-08
"chr2:92200907:92201008:92200910:92201008:92200521:92200604:A5SS","A5SS","ENSMUSG00000040434","Large2","chr2","-",92200907,92201008,101,"Regular (>50bp)",-0.125,0.0323421228610287
"chr3:40916603:40916663:40905385:40918402:SE","SE","ENSMUSG00000025762","Larp1b","chr3","+",40916603,40916663,60,"Regular (>50bp)",0.113,9.02202035659034e-10
"chr9:83310932:83311001:83309014:83322961:SE","SE","ENSMUSG00000032258","Lca5","chr9","-",83310932,83311001,69,"Regular (>50bp)",0.199,0.0183381996178987
"chr19:41516999:41517079:41472039:41540887:SE","SE","ENSMUSG00000025019","Lcor","chr19","+",41516999,41517079,80,"Regular (>50bp)",0.214,0.00218961741970944
"chr19:41534313:41534446:41516525:41570216:SE","SE","ENSMUSG00000025019","Lcor","chr19","+",41534313,41534446,133,"Regular (>50bp)",-0.29,0.0138392517594589
"chr12:8318363:8318598:8325807:8325890:8288615:8333899:MXE","MXE","ENSMUSG00000037669","Ldah","chr12","+",8318363,8318598,235,"Regular (>50bp)",0.127,5.77889047725667e-09
"chr5:67150485:67150521:67132005:67154462:SE","SE","ENSMUSG00000037736","Limch1","chr5","+",67150485,67150521,36,"Small (30-50bp)",-0.131,0.0015000099963555
"chr2:181023986:181024337:181024279:181024337:181023150:181023187:A3SS","A3SS","ENSMUSG00000090077","Lime1","chr2","+",181023986,181024337,351,"Regular (>50bp)",0.111,5.52689372155272e-05
"chr11:3311782:3311825:3311108:3342916:SE","SE","ENSMUSG00000020451","Limk2","chr11","-",3311782,3311825,43,"Small (30-50bp)",-0.127,0.00295924060295074
"chr1:180479426:180479531:180475898:180486627:SE","SE","ENSMUSG00000058729","Lin9","chr1","+",180479426,180479531,105,"Regular (>50bp)",-0.125,4.06398523686481e-05
"chr1:36468503:36468536:36467542:36477830:SE","SE","ENSMUSG00000001143","Lman2l","chr1","-",36468503,36468536,33,"Small (30-50bp)",0.204,0
"chr1:36468503:36468536:36467542:36478689:SE","SE","ENSMUSG00000001143","Lman2l","chr1","-",36468503,36468536,33,"Small (30-50bp)",0.228,7.43889692715926e-06
"chr7:45435874:45436384:45436008:45436233:RI","RI","ENSMUSG00000062044","Lmtk3","chr7","+",45435874,45436384,510,"Regular (>50bp)",-0.152,5.26337663805894e-06
"chr13:97619456:97619540:97571600:97629663:SE","SE","ENSMUSG00000078952","Lncenc1","chr13","+",97619456,97619540,84,"Regular (>50bp)",0.195,6.98373217994322e-05
"chr16:24261530:24261640:24212533:24275582:SE","SE","ENSMUSG00000033306","Lpp","chr16","+",24261530,24261640,110,"Regular (>50bp)",0.164,0.00380042718687976
"chr16:32829558:32829806:32826111:32832710:SE","SE","ENSMUSG00000022801","Lrch3","chr16","+",32829558,32829806,248,"Regular (>50bp)",0.182,4.92003807411608e-07
"chr4:107667959:107668143:107666034:107680130:SE","SE","ENSMUSG00000073779","Lrp8os2","chr4","-",107667959,107668143,184,"Regular (>50bp)",0.463,0.0054495911586332
"chr4:107673123:107673264:107666034:107680130:SE","SE","ENSMUSG00000073779","Lrp8os2","chr4","-",107673123,107673264,141,"Regular (>50bp)",0.637,0.00489419159100366
"chr10:61318114:61318261:61311668:61362838:SE","SE","ENSMUSG00000037151","Lrrc20","chr10","+",61318114,61318261,147,"Regular (>50bp)",0.141,3.18745522513594e-10
"chr7:140776894:140778274:140777082:140778186:RI","RI","ENSMUSG00000038637","Lrrc56","chr7","+",140776894,140778274,1380,"Regular (>50bp)",-0.178,0.000955703180094763
"chr3:14619363:14619565:14616587:14622248:SE","SE","ENSMUSG00000027550","Lrrcc1","chr3","+",14619363,14619565,202,"Regular (>50bp)",0.119,0.0263328851166317
"chr9:110996267:110996312:111011886:111011955:110990457:111017829:MXE","MXE","ENSMUSG00000032497","Lrrfip2","chr9","+",110996267,110996312,45,"Small (30-50bp)",0.142,0.0469792286023311
"chr5:136161159:136162904:136161282:136162787:RI","RI","ENSMUSG00000029703","Lrwd1","chr5","-",136161159,136162904,1745,"Regular (>50bp)",-0.253,7.95564629489482e-06
"chr10:80690451:80691027:80690542:80690847:RI","RI","ENSMUSG00000035215","Lsm7","chr10","-",80690451,80691027,576,"Regular (>50bp)",-0.169,0.000843685889111173
"chr17:26471939:26473362:26471939:26472065:26474004:26474099:A5SS","A5SS","ENSMUSG00000024188","Luc7l","chr17","+",26471939,26473362,1423,"Regular (>50bp)",-0.113,0
"chr17:26472947:26474099:26473018:26474004:RI","RI","ENSMUSG00000024188","Luc7l","chr17","+",26472947,26474099,1152,"Regular (>50bp)",-0.28,0
"chr6:38536138:38536239:38531998:38542589:SE","SE","ENSMUSG00000029823","Luc7l2","chr6","+",38536138,38536239,101,"Regular (>50bp)",0.18,0.0360465726098505
"chr6:38542589:38542657:38531998:38547444:SE","SE","ENSMUSG00000029823","Luc7l2","chr6","+",38542589,38542657,68,"Regular (>50bp)",-0.116,0.020952190180818
"chr11:94183219:94183298:94182404:94183752:SE","SE","ENSMUSG00000020863","Luc7l3","chr11","-",94183219,94183298,79,"Regular (>50bp)",-0.265,0.000160819830638747
"chr11:94183232:94183298:94182404:94183752:SE","SE","ENSMUSG00000020863","Luc7l3","chr11","-",94183232,94183298,66,"Regular (>50bp)",-0.274,0.000948284233830729
"chr5:38380477:38380571:38377979:38382061:SE","SE","ENSMUSG00000067367","Lyar","chr5","+",38380477,38380571,94,"Regular (>50bp)",-0.171,3.84837220484821e-10
"chr5:38380477:38380575:38377979:38382061:SE","SE","ENSMUSG00000067367","Lyar","chr5","+",38380477,38380575,98,"Regular (>50bp)",-0.171,7.45315473720614e-10
"chr7:119499333:119499531:119495113:119509026:SE","SE","ENSMUSG00000030922","Lyrm1","chr7","+",119499333,119499531,198,"Regular (>50bp)",0.351,0.000552463023740242
"chr7:66874123:66874149:66873639:66875611:SE","SE","ENSMUSG00000043831","Lysmd4","chr7","+",66874123,66874149,26,"Microexon (0-30bp)",0.106,0.0348177002792262
"chr2:90971153:90971162:90970971:90973100:SE","SE","ENSMUSG00000040687","Madd","chr2","-",90971153,90971162,9,"Microexon (0-30bp)",0.143,0.000297928868703475
"chr11:120520811:120520842:120520707:120521313:SE","SE","ENSMUSG00000051510","Mafg","chr11","-",120520811,120520842,31,"Small (30-50bp)",0.201,0.00025643802318943
"chr11:120520811:120520842:120520707:120524187:SE","SE","ENSMUSG00000051510","Mafg","chr11","-",120520811,120520842,31,"Small (30-50bp)",0.157,0.00124751535681706
"chr6:93657769:93657858:93655983:93659932:SE","SE","ENSMUSG00000045095","Magi1","chr6","-",93657769,93657858,89,"Regular (>50bp)",0.156,0
"chr6:93681257:93681341:93678362:93684984:SE","SE","ENSMUSG00000045095","Magi1","chr6","-",93681257,93681341,84,"Regular (>50bp)",0.171,3.15513116702019e-07
"chr13:99578141:99578282:99563965:99644615:SE","SE","ENSMUSG00000052727","Map1b","chr13","-",99578141,99578282,141,"Regular (>50bp)",-0.146,0.00750360027238407
"chr8:71363588:71365297:71363693:71365156:RI","RI","ENSMUSG00000019261","Map1s","chr8","+",71363588,71365297,1709,"Regular (>50bp)",-0.154,0.00484527900708301
"chr1:66470685:66470778:66464687:66472672:SE","SE","ENSMUSG00000015222","Map2","chr1","+",66470685,66470778,93,"Regular (>50bp)",-0.2,1.27542796908975e-08
"chr9:109893295:109893517:109892191:109896552:SE","SE","ENSMUSG00000032479","Map4","chr9","+",109893295,109893517,222,"Regular (>50bp)",0.134,4.99258529255247e-13
"chr1:40042922:40043147:40040751:40043966:SE","SE","ENSMUSG00000026074","Map4k4","chr1","+",40042922,40043147,225,"Regular (>50bp)",0.111,2.47459982056176e-06
"chr11:61383729:61385092:61383895:61384331:RI","RI","ENSMUSG00000001034","Mapk7","chr11","-",61383729,61385092,1363,"Regular (>50bp)",-0.186,0.0174623359158914
"chr14:33112198:33112270:33112629:33112701:33110939:33114898:MXE","MXE","ENSMUSG00000021936","Mapk8","chr14","-",33112198,33112270,72,"Regular (>50bp)",0.102,0.00272800583642731
"chr17:25127384:25127402:25126360:25128123:SE","SE","ENSMUSG00000024163","Mapk8ip3","chr17","-",25127384,25127402,18,"Microexon (0-30bp)",0.149,0
"chr17:25127384:25127402:25128123:25128135:25126360:25131721:MXE","MXE","ENSMUSG00000024163","Mapk8ip3","chr17","-",25127384,25127402,18,"Microexon (0-30bp)",-0.191,2.92207409784125e-10
"chr2:34322014:34322342:34296860:34334269:SE","SE","ENSMUSG00000038696","Mapkap1","chr2","+",34322014,34322342,328,"Regular (>50bp)",0.263,0.000395077248497826
"chr2:119843781:119843799:119843575:119844099:SE","SE","ENSMUSG00000033902","Mapkbp1","chr2","+",119843781,119843799,18,"Microexon (0-30bp)",0.12,0.000138854636536258
"chr11:104185684:104185750:104173306:104193186:SE","SE","ENSMUSG00000018411","Mapt","chr11","+",104185684,104185750,66,"Regular (>50bp)",0.143,3.9257019947339e-05
"chr11:104185684:104185750:104189323:104190082:104180820:104193186:MXE","MXE","ENSMUSG00000018411","Mapt","chr11","+",104185684,104185750,66,"Regular (>50bp)",0.187,2.13007389504552e-12
"chr11:104185684:104185750:104189371:104190082:104180820:104193186:MXE","MXE","ENSMUSG00000018411","Mapt","chr11","+",104185684,104185750,66,"Regular (>50bp)",0.187,2.13007389504552e-12
"chr11:104189323:104190082:104185750:104193186:SE","SE","ENSMUSG00000018411","Mapt","chr11","+",104189323,104190082,759,"Regular (>50bp)",-0.237,0
"chr11:104189323:104190082:104189371:104190082:104185684:104185750:A3SS","A3SS","ENSMUSG00000018411","Mapt","chr11","+",104189323,104190082,759,"Regular (>50bp)",-0.109,0.000489927903433841
"chr11:104189371:104190082:104185750:104193186:SE","SE","ENSMUSG00000018411","Mapt","chr11","+",104189371,104190082,711,"Regular (>50bp)",-0.208,2.59888001530519e-13
"chr11:104196037:104196235:104193236:104197451:SE","SE","ENSMUSG00000018411","Mapt","chr11","+",104196037,104196235,198,"Regular (>50bp)",0.109,0
"chr2:60077831:60077856:60075604:60078233:SE","SE","ENSMUSG00000026977","Marchf7","chr2","+",60077831,60077856,25,"Microexon (0-30bp)",0.187,2.84857067591192e-07
"chr19:7318532:7318619:7268147:7319131:SE","SE","ENSMUSG00000024969","Mark2","chr19","-",7318532,7318619,87,"Regular (>50bp)",0.155,4.91683066458666e-05
"chr10:127132409:127132813:127132502:127132741:RI","RI","ENSMUSG00000040354","Mars1","chr10","-",127132409,127132813,404,"Regular (>50bp)",-0.136,4.40414144793133e-09
"chr10:127132585:127132609:127132502:127132741:SE","SE","ENSMUSG00000040354","Mars1","chr10","-",127132585,127132609,24,"Microexon (0-30bp)",-0.123,8.84120397101463e-07
"chr4:116190609:116190630:116187666:116194618:SE","SE","ENSMUSG00000003810","Mast2","chr4","-",116190609,116190630,21,"Microexon (0-30bp)",0.248,0
"chr15:34433178:34433313:34433235:34433313:34432825:34432897:A3SS","A3SS","ENSMUSG00000022324","Matn2","chr15","+",34433178,34433313,135,"Regular (>50bp)",-0.316,0.00196738291378422
"chr18:35695947:35696153:35695312:35704895:SE","SE","ENSMUSG00000037236","Matr3","chr18","+",35695947,35696153,206,"Regular (>50bp)",0.172,5.52786366995912e-06
"chr12:76986740:76986864:76999942:77000050:76985529:77008763:MXE","MXE","ENSMUSG00000059436","Max","chr12","-",76986740,76986864,124,"Regular (>50bp)",-0.122,0.000184070078377125
"chr12:77008036:77008063:77000050:77008763:SE","SE","ENSMUSG00000059436","Max","chr12","-",77008036,77008063,27,"Microexon (0-30bp)",0.148,3.18154548488872e-06
"chr3:60522103:60522157:60520941:60523040:SE","SE","ENSMUSG00000027763","Mbnl1","chr3","+",60522103,60522157,54,"Regular (>50bp)",0.146,1.01676195895345e-05
"chr14:120640747:120640783:120634016:120642049:SE","SE","ENSMUSG00000022139","Mbnl2","chr14","+",120640747,120640783,36,"Small (30-50bp)",0.145,2.06151569147105e-05
"chr14:120640747:120640783:120634016:120666346:SE","SE","ENSMUSG00000022139","Mbnl2","chr14","+",120640747,120640783,36,"Small (30-50bp)",0.113,0.00276681893539065
"chr12:24974197:24974293:24932793:24984565:SE","SE","ENSMUSG00000020646","Mboat2","chr12","+",24974197,24974293,96,"Regular (>50bp)",-0.22,0.0205790201384674
"chr18:82597060:82597183:82593758:82602236:SE","SE","ENSMUSG00000041607","Mbp","chr18","+",82597060,82597183,123,"Regular (>50bp)",-0.267,0.00234765851945318
"chr17:87571568:87571793:87566309:87573219:SE","SE","ENSMUSG00000024150","Mcfd2","chr17","-",87571568,87571793,225,"Regular (>50bp)",-0.284,0.026485511386097
"chr5:138168578:138168684:138168578:138168658:138169449:138169528:A3SS","A3SS","ENSMUSG00000029730","Mcm7","chr5","-",138168578,138168684,106,"Regular (>50bp)",-0.157,0.0212838713132843
"chr11:98608534:98608591:98607351:98608735:SE","SE","ENSMUSG00000017210","Med24","chr11","-",98608534,98608591,57,"Regular (>50bp)",0.179,0
"chr3:88065527:88065662:88063832:88066428:SE","SE","ENSMUSG00000001419","Mef2d","chr3","+",88065527,88065662,135,"Regular (>50bp)",-0.326,0.0389513018178845
"chr12:109512312:109512425:109515913:109515987:109510625:109516087:MXE","MXE","ENSMUSG00000021268","Meg3","chr12","+",109512312,109512425,113,"Regular (>50bp)",-0.247,1.11337788015278e-05
"chr12:109515725:109515806:109512425:109515913:SE","SE","ENSMUSG00000021268","Meg3","chr12","+",109515725,109515806,81,"Regular (>50bp)",-0.232,0.0279414616501824
"chr12:109515913:109515987:109512425:109516087:SE","SE","ENSMUSG00000021268","Meg3","chr12","+",109515913,109515987,74,"Regular (>50bp)",0.267,5.49785788679113e-07
"chr12:109515913:109516014:109512425:109516087:SE","SE","ENSMUSG00000021268","Meg3","chr12","+",109515913,109516014,101,"Regular (>50bp)",0.553,4.13673457622211e-08
"chr12:109525073:109538160:109537824:109538160:109524670:109524754:A3SS","A3SS","ENSMUSG00000021268","Meg3","chr12","+",109525073,109538160,13087,"Regular (>50bp)",-0.207,0.0285914544383046
"chr7:15912669:15913025:15912720:15912875:RI","RI","ENSMUSG00000041420","Meis3","chr7","+",15912669,15913025,356,"Regular (>50bp)",-0.101,0.0393636814923913
"chr2:71352876:71352974:71342512:71354145:SE","SE","ENSMUSG00000041921","Metap1d","chr2","+",71352876,71352974,98,"Regular (>50bp)",0.233,5.01587035635454e-06
"chr11:74686577:74686643:74683144:74686807:SE","SE","ENSMUSG00000010554","Mettl16","chr11","+",74686577,74686643,66,"Regular (>50bp)",-0.133,0.0429487944930022
"chr14:52126198:52127092:52126293:52126984:RI","RI","ENSMUSG00000004561","Mettl17","chr14","+",52126198,52127092,894,"Regular (>50bp)",-0.18,0.0110384056112987
"chr14:52126603:52126854:52126293:52126984:SE","SE","ENSMUSG00000004561","Mettl17","chr14","+",52126603,52126854,251,"Regular (>50bp)",-0.157,0.00256657518443105
"chr14:52126603:52126854:52126603:52126674:52126984:52127092:A5SS","A5SS","ENSMUSG00000004561","Mettl17","chr14","+",52126603,52126854,251,"Regular (>50bp)",-0.255,7.72241098228578e-10
"chr10:105671987:105672081:105668876:105676936:SE","SE","ENSMUSG00000036009","Mettl25","chr10","-",105671987,105672081,94,"Regular (>50bp)",0.144,0.00340828093232473
"chr5:134963142:134963278:134962455:134969310:SE","SE","ENSMUSG00000040557","Mettl27","chr5","+",134963142,134963278,136,"Regular (>50bp)",0.186,0.00254301092529718
"chr1:82723244:82723277:82713228:82724803:SE","SE","ENSMUSG00000026150","Mff","chr1","+",82723244,82723277,33,"Small (30-50bp)",0.146,0.00576373073023083
"chr12:4915136:4916268:4915313:4916158:RI","RI","ENSMUSG00000037336","Mfsd2b","chr12","-",4915136,4916268,1132,"Regular (>50bp)",-0.163,0.00316482145610635
"chr16:4752058:4752103:4750162:4754759:SE","SE","ENSMUSG00000022517","Mgrn1","chr16","+",4752058,4752103,45,"Small (30-50bp)",0.14,0.0280652123426945
"chr4:155743350:155743722:155743458:155743579:RI","RI","ENSMUSG00000029060","Mib2","chr4","-",155743350,155743722,372,"Regular (>50bp)",-0.101,0.000806005043630708
"chr10:41354005:41354631:41354005:41354310:41354958:41355067:A5SS","A5SS","ENSMUSG00000019823","Mical1","chr10","+",41354005,41354631,626,"Regular (>50bp)",-0.132,0.0044903833200567
"chr10:41355321:41355495:41355390:41355495:41354958:41355063:A3SS","A3SS","ENSMUSG00000019823","Mical1","chr10","+",41355321,41355495,174,"Regular (>50bp)",0.137,7.77315408646622e-06
"chr6:120930594:120930645:120929446:120934659:SE","SE","ENSMUSG00000051586","Mical3","chr6","-",120930594,120930645,51,"Regular (>50bp)",0.203,0.000632137158367534
"chr6:120943014:120943077:120939826:120950363:SE","SE","ENSMUSG00000051586","Mical3","chr6","-",120943014,120943077,63,"Regular (>50bp)",0.145,0.000509666070865956
"chr6:120948711:120948801:120946453:120950363:SE","SE","ENSMUSG00000051586","Mical3","chr6","-",120948711,120948801,90,"Regular (>50bp)",-0.166,0.0297738924048113
"chr6:120996656:120996740:120986142:120998143:SE","SE","ENSMUSG00000051586","Mical3","chr6","-",120996656,120996740,84,"Regular (>50bp)",0.142,3.09343976434161e-05
"chr4:147947484:147947593:147947406:147949645:SE","SE","ENSMUSG00000029022","Miip","chr4","-",147947484,147947593,109,"Regular (>50bp)",-0.108,1.03483326864201e-07
"chr2:12400989:12401069:12369330:12423969:SE","SE","ENSMUSG00000026767","Mindy3","chr2","-",12400989,12401069,80,"Regular (>50bp)",-0.136,0.0138392517594589
"chr2:12405835:12405887:12408808:12408977:12402377:12410670:MXE","MXE","ENSMUSG00000026767","Mindy3","chr2","-",12405835,12405887,52,"Regular (>50bp)",-0.343,6.6738543372281e-09
"chr11:62540272:62540374:62539642:62555495:SE","SE","ENSMUSG00000048497","Mmgt2","chr11","+",62540272,62540374,102,"Regular (>50bp)",0.124,0.00463868739477756
"chr12:73217367:73217441:73170700:73228557:SE","SE","ENSMUSG00000021103","Mnat1","chr12","+",73217367,73217441,74,"Regular (>50bp)",0.657,2.35822195569196e-06
"chr12:73225978:73226082:73170700:73234913:SE","SE","ENSMUSG00000021103","Mnat1","chr12","+",73225978,73226082,104,"Regular (>50bp)",-0.315,1.90574496674557e-05
"chr13:114961746:114961801:114961746:114961770:114962693:114962817:A5SS","A5SS","ENSMUSG00000015536","Mocs2","chr13","+",114961746,114961801,55,"Regular (>50bp)",-0.103,2.60177642173184e-07
"chr10:122858990:122858993:122858849:122859814:SE","SE","ENSMUSG00000034602","Mon2","chr10","-",122858990,122858993,3,"Microexon (0-30bp)",0.104,0.00513475016025838
"chr3:104725251:104725472:104725251:104725437:104725573:104725879:A3SS","A3SS","ENSMUSG00000002227","Mov10","chr3","-",104725251,104725472,221,"Regular (>50bp)",-0.116,0.0399101374619249
"chr3:104725251:104725472:104725251:104725437:104725672:104725879:A3SS","A3SS","ENSMUSG00000002227","Mov10","chr3","-",104725251,104725472,221,"Regular (>50bp)",-0.141,0.0389947359016771
"chr11:101914527:101915980:101914527:101914608:101916557:101916682:A3SS","A3SS","ENSMUSG00000052373","Mpp3","chr11","-",101914527,101915980,1453,"Regular (>50bp)",-0.232,0.00131625223293979
"chr1:155013259:155013520:155013339:155013520:155012320:155012596:A5SS","A5SS","ENSMUSG00000026471","Mr1","chr1","-",155013259,155013520,261,"Regular (>50bp)",-0.118,0.003124865222664
"chr15:76274230:76274327:76264776:76278002:SE","SE","ENSMUSG00000022558","Mroh1","chr15","+",76274230,76274327,97,"Regular (>50bp)",0.247,0.000517048117576222
"chr15:76305339:76308035:76305413:76307915:RI","RI","ENSMUSG00000022558","Mroh1","chr15","+",76305339,76308035,2696,"Regular (>50bp)",-0.103,2.71802851945387e-06
"chr15:76311711:76312585:76311856:76312443:RI","RI","ENSMUSG00000022558","Mroh1","chr15","+",76311711,76312585,874,"Regular (>50bp)",-0.18,5.50180652741676e-05
"chr15:76316348:76317596:76316495:76317473:RI","RI","ENSMUSG00000022558","Mroh1","chr15","+",76316348,76317596,1248,"Regular (>50bp)",-0.165,0.0185111052571196
"chr5:31798948:31800384:31754365:31807646:SE","SE","ENSMUSG00000106918","Mrpl33","chr5","+",31798948,31800384,1436,"Regular (>50bp)",0.159,0.000415064852633111
"chr17:47683500:47686034:47685897:47686034:47683351:47683416:A3SS","A3SS","ENSMUSG00000034729","Mrps10","chr17","+",47683500,47686034,2534,"Regular (>50bp)",-0.117,0
"chr5:129792747:129792922:129792613:129793790:SE","SE","ENSMUSG00000034211","Mrps17","chr5","+",129792747,129792922,175,"Regular (>50bp)",-0.111,9.57615469921395e-08
"chr5:129792747:129792976:129792613:129793790:SE","SE","ENSMUSG00000034211","Mrps17","chr5","+",129792747,129792976,229,"Regular (>50bp)",-0.108,1.80701390240478e-07
"chr5:129792747:129793005:129792613:129793790:SE","SE","ENSMUSG00000034211","Mrps17","chr5","+",129792747,129793005,258,"Regular (>50bp)",-0.103,4.42357879944787e-07
"chr5:129792747:129793930:129793005:129793790:RI","RI","ENSMUSG00000034211","Mrps17","chr5","+",129792747,129793930,1183,"Regular (>50bp)",-0.151,0.000310727222626155
"chr9:37402751:37402865:37401129:37424909:SE","SE","ENSMUSG00000042138","Msantd2","chr9","+",37402751,37402865,114,"Regular (>50bp)",0.178,0.00118993185014624
"chr9:37424909:37424999:37401129:37428668:SE","SE","ENSMUSG00000042138","Msantd2","chr9","+",37424909,37424999,90,"Regular (>50bp)",-0.217,0.00302076432705106
"chr17:35262704:35262740:35260491:35263000:SE","SE","ENSMUSG00000007035","Msh5","chr17","-",35262704,35262740,36,"Small (30-50bp)",-0.162,0.0499647818891233
"chr17:35263292:35263414:35264905:35265029:35263110:35265206:MXE","MXE","ENSMUSG00000007035","Msh5","chr17","-",35263292,35263414,122,"Regular (>50bp)",0.169,0.00587754934047666
"chr17:29551049:29551231:29551049:29551212:29551634:29551752:A3SS","A3SS","ENSMUSG00000024012","Mtch1","chr17","-",29551049,29551231,182,"Regular (>50bp)",0.157,0.0114290340341222
"chr5:108217027:108217229:108213831:108228690:SE","SE","ENSMUSG00000029267","Mtf2","chr5","+",108217027,108217229,202,"Regular (>50bp)",-0.145,1.6394123091003e-07
"chr5:108217027:108217389:108213831:108228690:SE","SE","ENSMUSG00000029267","Mtf2","chr5","+",108217027,108217389,362,"Regular (>50bp)",-0.143,4.51218165962589e-08
"chr5:108221172:108221320:108213831:108228690:SE","SE","ENSMUSG00000029267","Mtf2","chr5","+",108221172,108221320,148,"Regular (>50bp)",-0.12,6.96191111593124e-08
"chr9:89096464:89096534:89093364:89097261:SE","SE","ENSMUSG00000066442","Mthfs","chr9","+",89096464,89096534,70,"Regular (>50bp)",0.101,0.00391174895594848
"chr15:12236103:12236234:12236103:12236206:12238014:12238105:A5SS","A5SS","ENSMUSG00000039458","Mtmr12","chr15","+",12236103,12236234,131,"Regular (>50bp)",-0.132,0.0346359512768811
"chr15:58819174:58819369:58817868:58823318:SE","SE","ENSMUSG00000022353","Mtss1","chr15","-",58819174,58819369,195,"Regular (>50bp)",0.177,7.8969694359759e-10
"chr4:116673158:116673232:116673035:116673509:SE","SE","ENSMUSG00000028687","Mutyh","chr4","+",116673158,116673232,74,"Regular (>50bp)",-0.14,0.000117113683865585
"chr4:116675084:116675479:116675234:116675437:RI","RI","ENSMUSG00000028687","Mutyh","chr4","+",116675084,116675479,395,"Regular (>50bp)",0.236,0.0271644242222888
"chr16:97256688:97256843:97256428:97257421:SE","SE","ENSMUSG00000000386","Mx1","chr16","-",97256688,97256843,155,"Regular (>50bp)",-0.222,0.00170232807648526
"chr16:97259879:97259932:97258692:97261955:SE","SE","ENSMUSG00000000386","Mx1","chr16","-",97259879,97259932,53,"Regular (>50bp)",0.173,0.00331046029530328
"chr14:103414691:103414766:103412426:103419789:SE","SE","ENSMUSG00000033004","Mycbp2","chr14","-",103414691,103414766,75,"Regular (>50bp)",0.116,2.38844283871793e-09
"chr14:103419789:103419930:103422267:103422384:103412426:103423019:MXE","MXE","ENSMUSG00000033004","Mycbp2","chr14","-",103419789,103419930,141,"Regular (>50bp)",0.106,0.0238936307337321
"chr11:94403053:94403603:94403169:94403416:RI","RI","ENSMUSG00000039110","Mycbpap","chr11","-",94403053,94403603,550,"Regular (>50bp)",-0.182,0.0001006505010544
"chr2:124952399:124952591:124950939:124955768:SE","SE","ENSMUSG00000027201","Myef2","chr2","-",124952399,124952591,192,"Regular (>50bp)",-0.119,2.52622294295534e-10
"chr2:155459781:155459845:155459660:155460653:SE","SE","ENSMUSG00000074652","Myh7b","chr2","+",155459781,155459845,64,"Regular (>50bp)",0.16,0.0162912594168694
"chr11:77706681:77706717:77669140:77708444:SE","SE","ENSMUSG00000000631","Myo18a","chr11","+",77706681,77706717,36,"Small (30-50bp)",0.169,0.000733043013247745
"chr11:77706681:77706825:77669140:77708444:SE","SE","ENSMUSG00000000631","Myo18a","chr11","+",77706681,77706825,144,"Regular (>50bp)",0.185,7.64290750052284e-07
"chr11:84788184:84788289:84788037:84788374:SE","SE","ENSMUSG00000020527","Myo19","chr11","+",84788184,84788289,105,"Regular (>50bp)",-0.162,1.50386396388747e-05
"chr5:114494923:114495074:114494923:114495050:114495979:114496139:A5SS","A5SS","ENSMUSG00000066952","Myo1h","chr5","+",114494923,114495074,151,"Regular (>50bp)",-0.359,0.0128831925408871
"chr12:29876864:29877836:29876864:29877830:29882286:29882421:A5SS","A5SS","ENSMUSG00000061911","Myt1l","chr12","+",29876864,29877836,972,"Regular (>50bp)",-0.116,0.0304639655951199
"chr11:51540975:51541181:51538989:51541504:SE","SE","ENSMUSG00000001053","N4bp3","chr11","-",51540975,51541181,206,"Regular (>50bp)",0.176,0.0167201831173847
"chr15:82220970:82221142:82220221:82221587:SE","SE","ENSMUSG00000022453","Naga","chr15","-",82220970,82221142,172,"Regular (>50bp)",-0.102,0.00049839050576834
"chr15:75763811:75763896:75763713:75764190:SE","SE","ENSMUSG00000022574","Naprt","chr15","-",75763811,75763896,85,"Regular (>50bp)",-0.293,0.000828688010449298
"chr4:116467599:116468574:116462960:116469168:SE","SE","ENSMUSG00000028693","Nasp","chr4","-",116467599,116468574,975,"Regular (>50bp)",-0.253,3.41834668679268e-13
"chr3:55901468:55901477:55899935:55907907:SE","SE","ENSMUSG00000027799","Nbea","chr3","-",55901468,55901477,9,"Microexon (0-30bp)",0.201,1.83302648422216e-13
"chr15:103381943:103382285:103382025:103382226:RI","RI","ENSMUSG00000022488","Nckap1l","chr15","+",103381943,103382285,342,"Regular (>50bp)",-0.155,8.99666148170899e-06
"chr11:62263901:62264400:62263901:62264280:62267460:62267587:A3SS","A3SS","ENSMUSG00000018501","Ncor1","chr11","-",62263901,62264400,499,"Regular (>50bp)",-0.106,0.0399311448088362
"chr5:125097023:125097110:125096054:125100564:SE","SE","ENSMUSG00000029478","Ncor2","chr5","-",125097023,125097110,87,"Regular (>50bp)",-0.145,0.000460919086951993
"chr2:156771851:156771890:156770801:156773135:SE","SE","ENSMUSG00000027634","Ndrg3","chr2","-",156771851,156771890,39,"Small (30-50bp)",0.113,7.3015169289544e-05
"chr11:78061438:78062124:78061620:78061698:RI","RI","ENSMUSG00000017405","Nek8","chr11","-",78061438,78062124,686,"Regular (>50bp)",0.107,0.00288032403013447
"chr3:87882727:87887758:87883887:87884019:RI","RI","ENSMUSG00000004891","Nes","chr3","+",87882727,87887758,5031,"Regular (>50bp)",-0.105,0.0380907185024513
"chr11:4730577:4730622:4718273:4732186:SE","SE","ENSMUSG00000009073","Nf2","chr11","-",4730577,4730622,45,"Small (30-50bp)",0.174,1.62465065210454e-10
"chr8:108064926:108064988:108051396:108065440:SE","SE","ENSMUSG00000003847","Nfat5","chr8","+",108064926,108064988,62,"Regular (>50bp)",0.165,0.00319255376954588
"chr4:97969961:97970053:97953683:97999454:SE","SE","ENSMUSG00000028565","Nfia","chr4","+",97969961,97970053,92,"Regular (>50bp)",0.238,0.000552253548699556
"chr4:41015202:41016150:41015433:41016076:RI","RI","ENSMUSG00000028423","Nfx1","chr4","+",41015202,41016150,948,"Regular (>50bp)",-0.126,0.0014392769132766
"chr3:53369052:53369200:53366106:53369732:SE","SE","ENSMUSG00000042997","Nhlrc3","chr3","-",53369052,53369200,148,"Regular (>50bp)",-0.174,0.00150083989069159
"chr12:70069054:70069115:70067805:70072153:SE","SE","ENSMUSG00000021068","Nin","chr12","-",70069054,70069115,61,"Regular (>50bp)",0.325,0.00324169310056829
"chr12:70069054:70069115:70067805:70072180:SE","SE","ENSMUSG00000021068","Nin","chr12","-",70069054,70069115,61,"Regular (>50bp)",0.263,0.0102616576979792
"chr4:135182183:135182215:135179883:135191096:SE","SE","ENSMUSG00000028803","Nipal3","chr4","-",135182183,135182215,32,"Small (30-50bp)",0.158,4.5723219909902e-06
"chr9:121556381:121558746:121556456:121558701:RI","RI","ENSMUSG00000032525","Nktr","chr9","+",121556381,121558746,2365,"Regular (>50bp)",-0.179,0.000195011690381948
"chr9:121567453:121569141:121567453:121567481:121570187:121570217:A5SS","A5SS","ENSMUSG00000032525","Nktr","chr9","+",121567453,121569141,1688,"Regular (>50bp)",-0.163,0.0164945782200807
"chr13:65335254:65335422:65332947:65338038:SE","SE","ENSMUSG00000032999","Nlrp4f","chr13","-",65335254,65335422,168,"Regular (>50bp)",0.254,2.14332252434951e-06
"chr2:51862599:51862639:51850672:51862920:SE","SE","ENSMUSG00000026946","Nmi","chr2","-",51862599,51862639,40,"Small (30-50bp)",0.198,0.0123671811189928
"chr2:153262451:153262729:153262469:153262729:153259879:153260065:A5SS","A5SS","ENSMUSG00000061411","Nol4l","chr2","-",153262451,153262729,278,"Regular (>50bp)",0.133,0.0204187046445983
"chr1:59731710:59731887:59731770:59731887:59731495:59731548:A3SS","A3SS","ENSMUSG00000026020","Nop58","chr1","+",59731710,59731887,177,"Regular (>50bp)",-0.126,0.00333198088098139
"chr17:24918517:24918989:24918631:24918871:RI","RI","ENSMUSG00000019320","Noxo1","chr17","+",24918517,24918989,472,"Regular (>50bp)",0.108,0.0282074062023449
"chr7:30181889:30182005:30177784:30186009:SE","SE","ENSMUSG00000006649","Nphs1","chr7","+",30181889,30182005,116,"Regular (>50bp)",-0.291,0.000682847500035188
"chr2:57002962:57003301:57002962:57003084:57004729:57005050:A3SS","A3SS","ENSMUSG00000026826","Nr4a2","chr2","-",57002962,57003301,339,"Regular (>50bp)",-0.16,0.0049712271573738
"chr5:31403665:31403689:31403189:31404685:SE","SE","ENSMUSG00000029148","Nrbp1","chr5","+",31403665,31403689,24,"Microexon (0-30bp)",0.114,1.54455389076641e-06
"chr15:75962094:75962391:75962135:75962301:RI","RI","ENSMUSG00000075590","Nrbp2","chr15","-",75962094,75962391,297,"Regular (>50bp)",-0.176,0.00884626240871949
"chr8:32321232:32321256:32323180:32323258:32316383:32327697:MXE","MXE","ENSMUSG00000062991","Nrg1","chr8","-",32321232,32321256,24,"Microexon (0-30bp)",-0.149,1.79724354088349e-05
"chr8:32323180:32323258:32316383:32327697:SE","SE","ENSMUSG00000062991","Nrg1","chr8","-",32323180,32323258,78,"Regular (>50bp)",-0.3,0.0134282560045105
"chr8:32323180:32323258:32321256:32327697:SE","SE","ENSMUSG00000062991","Nrg1","chr8","-",32323180,32323258,78,"Regular (>50bp)",-0.145,0.000713889802759613
"chr9:55133899:55134038:55133899:55134000:55135136:55135222:A3SS","A3SS","ENSMUSG00000032311","Nrg4","chr9","-",55133899,55134038,139,"Regular (>50bp)",-0.341,0.000813848491480703
"chr19:6581297:6582308:6581873:6582308:6569278:6569357:A3SS","A3SS","ENSMUSG00000033768","Nrxn2","chr19","+",6581297,6582308,1011,"Regular (>50bp)",-0.118,2.82052159405981e-13
"chr12:88817048:88817078:88799340:89153791:SE","SE","ENSMUSG00000066392","Nrxn3","chr12","+",88817048,88817078,30,"Microexon (0-30bp)",-0.277,0.00398410740864226
"chr2:24947976:24947982:24948264:24948333:24947188:24949032:MXE","MXE","ENSMUSG00000006476","Nsmf","chr2","+",24947976,24947982,6,"Microexon (0-30bp)",0.141,0.0275405228459169
"chr2:24948264:24948333:24947982:24949032:SE","SE","ENSMUSG00000006476","Nsmf","chr2","+",24948264,24948333,69,"Regular (>50bp)",-0.121,0.000888691268343264
"chr5:135403780:135403959:135403780:135403919:135404128:135404339:A5SS","A5SS","ENSMUSG00000000916","Nsun5","chr5","+",135403780,135403959,179,"Regular (>50bp)",0.118,7.11646214786792e-06
"chr5:66421351:66421410:66418587:66421833:SE","SE","ENSMUSG00000029206","Nsun7","chr5","+",66421351,66421410,59,"Regular (>50bp)",-0.508,5.92624440563156e-07
"chr6:56900051:56900097:56890879:56900656:SE","SE","ENSMUSG00000029780","Nt5c3","chr6","-",56900051,56900097,46,"Small (30-50bp)",0.166,0.00952418497967253
"chr10:34274109:34274194:34274109:34274191:34275733:34275813:A3SS","A3SS","ENSMUSG00000039480","Nt5dc1","chr10","-",34274109,34274194,85,"Regular (>50bp)",0.126,0.00702042680867931
"chr7:45340470:45340659:45336249:45340835:SE","SE","ENSMUSG00000070564","Ntn5","chr7","+",45340470,45340659,189,"Regular (>50bp)",-0.35,1.79772112908203e-05
"chr2:29088825:29088927:29087161:29094909:SE","SE","ENSMUSG00000035513","Ntng2","chr2","-",29088825,29088927,102,"Regular (>50bp)",0.184,0.000214611740627023
"chr7:77954039:77954174:77910162:78005774:SE","SE","ENSMUSG00000059146","Ntrk3","chr7","-",77954039,77954174,135,"Regular (>50bp)",0.143,0.00287668939338054
"chr5:140318149:140318228:140317710:140320209:SE","SE","ENSMUSG00000036639","Nudt1","chr5","+",140318149,140318228,79,"Regular (>50bp)",0.122,0.0206178233682496
"chr14:20345155:20345334:20344860:20354020:SE","SE","ENSMUSG00000021809","Nudt13","chr14","+",20345155,20345334,179,"Regular (>50bp)",-0.134,0.0201058170975216
"chr14:20356299:20357867:20356434:20357760:RI","RI","ENSMUSG00000021809","Nudt13","chr14","+",20356299,20357867,1568,"Regular (>50bp)",-0.16,0.0136679814968435
"chr11:77579112:77579157:77578637:77582367:SE","SE","ENSMUSG00000037857","Nufip2","chr11","+",77579112,77579157,45,"Small (30-50bp)",0.315,0.0120976829385297
"chr2:80454669:80454704:80451584:80472968:SE","SE","ENSMUSG00000026999","Nup35","chr2","+",80454669,80454704,35,"Small (30-50bp)",-0.356,0.00538143232175667
"chr9:48144510:48144582:48073557:48272726:SE","SE","ENSMUSG00000044229","Nxpe4","chr9","+",48144510,48144582,72,"Regular (>50bp)",0.138,0.00115534978083547
"chr9:48144510:48144582:48073557:48287172:SE","SE","ENSMUSG00000044229","Nxpe4","chr9","+",48144510,48144582,72,"Regular (>50bp)",0.182,0.000314714118745779
"chr9:48266286:48266387:48073557:48272726:SE","SE","ENSMUSG00000044229","Nxpe4","chr9","+",48266286,48266387,101,"Regular (>50bp)",0.198,0.0021130485337231
"chr9:48266286:48266387:48073557:48287172:SE","SE","ENSMUSG00000044229","Nxpe4","chr9","+",48266286,48266387,101,"Regular (>50bp)",0.161,0.000567537824004322
"chr11:58952249:58952513:58951933:58952856:SE","SE","ENSMUSG00000061462","Obscn","chr11","-",58952249,58952513,264,"Regular (>50bp)",0.356,0.00758220917511042
"chr5:73451308:73451353:73450319:73452268:SE","SE","ENSMUSG00000029152","Ociad1","chr5","+",73451308,73451353,45,"Small (30-50bp)",-0.116,0.00523039684034936
"chr3:144832783:144832912:144831986:144833591:SE","SE","ENSMUSG00000028256","Odf2l","chr3","+",144832783,144832912,129,"Regular (>50bp)",0.141,1.59770158945174e-05
"chr2:181357482:181357739:181357482:181357724:181359747:181359886:A5SS","A5SS","ENSMUSG00000027584","Oprl1","chr2","+",181357482,181357739,257,"Regular (>50bp)",-0.118,0.0211496733651469
"chr2:5059350:5059527:5051010:5068717:SE","SE","ENSMUSG00000026672","Optn","chr2","-",5059350,5059527,177,"Regular (>50bp)",-0.105,0.00536884011485398
"chr2:5067669:5067798:5051010:5068717:SE","SE","ENSMUSG00000026672","Optn","chr2","-",5067669,5067798,129,"Regular (>50bp)",-0.128,0.000104051389815665
"chr7:102401471:102402340:102395357:102408516:SE","SE","ENSMUSG00000043366","Or51e2","chr7","-",102401471,102402340,869,"Regular (>50bp)",-0.399,0.000671722284162134
"chr14:51154256:51154960:51154322:51154910:RI","RI","ENSMUSG00000006289","Osgep","chr14","-",51154256,51154960,704,"Regular (>50bp)",0.26,0.00978032903535364
"chr1:53360654:53360726:53360369:53362325:SE","SE","ENSMUSG00000026096","Osgepl1","chr1","+",53360654,53360726,72,"Regular (>50bp)",-0.169,0.00482744095802014
"chr3:96016022:96016080:96011940:96043784:SE","SE","ENSMUSG00000038495","Otud7b","chr3","+",96016022,96016080,58,"Regular (>50bp)",0.191,0.0155706629504126
"chr3:96016022:96016080:96037541:96037654:96012131:96043784:MXE","MXE","ENSMUSG00000038495","Otud7b","chr3","+",96016022,96016080,58,"Regular (>50bp)",0.114,0.0205082579838001
"chr3:96037541:96037654:96016080:96043784:SE","SE","ENSMUSG00000038495","Otud7b","chr3","+",96037541,96037654,113,"Regular (>50bp)",-0.199,0.0338878852318955
"chr15:41712065:41712146:41694525:41713854:SE","SE","ENSMUSG00000022307","Oxr1","chr15","+",41712065,41712146,81,"Regular (>50bp)",0.246,0.0046610905054062
"chr2:84854459:84854517:84853920:84854725:SE","SE","ENSMUSG00000027071","P2rx3","chr2","-",84854459,84854517,58,"Regular (>50bp)",-0.104,0.0330682285304188
"chr5:122862656:122862737:122857289:122863052:SE","SE","ENSMUSG00000029470","P2rx4","chr5","+",122862656,122862737,81,"Regular (>50bp)",0.112,0.000794349425605419
"chr6:124827880:124828094:124827948:124828041:RI","RI","ENSMUSG00000023191","P3h3","chr6","-",124827880,124828094,214,"Regular (>50bp)",-0.14,0.000367765371165464
"chr7:99962412:99962572:99960058:99966248:SE","SE","ENSMUSG00000051048","P4ha3","chr7","+",99962412,99962572,160,"Regular (>50bp)",0.213,0.0115301299660962
"chr7:99963814:99963877:99960058:99966248:SE","SE","ENSMUSG00000051048","P4ha3","chr7","+",99963814,99963877,63,"Regular (>50bp)",0.26,0.0160547083805192
"chr15:83267823:83267829:83266084:83269187:SE","SE","ENSMUSG00000016664","Pacsin2","chr15","-",83267823,83267829,6,"Microexon (0-30bp)",0.132,1.47590581058568e-08
"chr9:45895148:45895337:45890027:45895479:SE","SE","ENSMUSG00000003131","Pafah1b2","chr9","-",45895148,45895337,189,"Regular (>50bp)",-0.491,0.000893996380585415
"chr18:35733097:35733170:35731812:35741790:SE","SE","ENSMUSG00000037058","Paip2","chr18","+",35733097,35733170,73,"Regular (>50bp)",0.423,1.06160668563504e-06
"chr18:35741790:35741872:35731812:35742645:SE","SE","ENSMUSG00000037058","Paip2","chr18","+",35741790,35741872,82,"Regular (>50bp)",-0.261,0.00583729528933631
"chr18:35741790:35741872:35732811:35743923:SE","SE","ENSMUSG00000037058","Paip2","chr18","+",35741790,35741872,82,"Regular (>50bp)",-0.442,0.0224630764273715
"chr18:35741790:35741872:35733170:35743923:SE","SE","ENSMUSG00000037058","Paip2","chr18","+",35741790,35741872,82,"Regular (>50bp)",-0.309,3.17370266977382e-06
"chr18:35742645:35742726:35733170:35743923:SE","SE","ENSMUSG00000037058","Paip2","chr18","+",35742645,35742726,81,"Regular (>50bp)",-0.142,0.0387226345534778
"chr7:139707420:139707620:139697269:139708930:SE","SE","ENSMUSG00000025464","Paox","chr7","+",139707420,139707620,200,"Regular (>50bp)",-0.104,0.000196788169873013
"chr6:127448510:127448631:127447793:127451198:SE","SE","ENSMUSG00000037997","Parp11","chr6","+",127448510,127448631,121,"Regular (>50bp)",0.298,0.00106953072186993
"chr2:25350456:25350727:25350506:25350666:RI","RI","ENSMUSG00000047617","Paxx","chr2","-",25350456,25350727,271,"Regular (>50bp)",-0.138,6.38715469403382e-12
"chr8:70316961:70317200:70311803:70317473:SE","SE","ENSMUSG00000031860","Pbx4","chr8","+",70316961,70317200,239,"Regular (>50bp)",-0.176,0.00802435137533353
"chr10:76686055:76686182:76683646:76728390:SE","SE","ENSMUSG00000001120","Pcbp3","chr10","-",76686055,76686182,127,"Regular (>50bp)",0.179,3.76564719817768e-08
"chr7:92308612:92309096:92309005:92309096:92306515:92308074:A5SS","A5SS","ENSMUSG00000041328","Pcf11","chr7","-",92308612,92309096,484,"Regular (>50bp)",-0.222,5.43595862768369e-10
"chr11:97590031:97590126:97588886:97590361:SE","SE","ENSMUSG00000018537","Pcgf2","chr11","-",97590031,97590126,95,"Regular (>50bp)",-0.328,0.000699996299511696
"chr1:7190417:7190839:7159440:7217860:SE","SE","ENSMUSG00000051285","Pcmtd1","chr1","+",7190417,7190839,422,"Regular (>50bp)",-0.16,4.97860633454228e-05
"chr12:81975015:81975148:81980304:81980489:81966154:81993704:MXE","MXE","ENSMUSG00000021140","Pcnx","chr12","+",81975015,81975148,133,"Regular (>50bp)",0.124,0.037963362071852
"chr19:5731459:5731602:5731459:5731581:5733334:5733440:A3SS","A3SS","ENSMUSG00000054874","Pcnx3","chr19","-",5731459,5731602,143,"Regular (>50bp)",0.342,0.0415685118354407
"chr19:5731459:5731620:5731459:5731581:5733334:5733440:A3SS","A3SS","ENSMUSG00000054874","Pcnx3","chr19","-",5731459,5731620,161,"Regular (>50bp)",0.215,0.0414067167462746
"chr10:80159316:80159434:80159009:80159506:SE","SE","ENSMUSG00000020131","Pcsk4","chr10","-",80159316,80159434,118,"Regular (>50bp)",-0.313,0.0054059057236589
"chr10:80159316:80159434:80159506:80159610:80159009:80159687:MXE","MXE","ENSMUSG00000020131","Pcsk4","chr10","-",80159316,80159434,118,"Regular (>50bp)",0.146,0.0045676513748319
"chr10:80159506:80159610:80159434:80159687:SE","SE","ENSMUSG00000020131","Pcsk4","chr10","-",80159506,80159610,104,"Regular (>50bp)",0.157,0.000305532660300201
"chr11:120502826:120503427:120502909:120503288:RI","RI","ENSMUSG00000025137","Pcyt2","chr11","-",120502826,120503427,601,"Regular (>50bp)",-0.106,0.0140166570897078
"chr11:120503671:120503909:120503427:120504204:SE","SE","ENSMUSG00000025137","Pcyt2","chr11","-",120503671,120503909,238,"Regular (>50bp)",-0.138,3.88207186786632e-06
"chr8:71201016:71201171:71200805:71201559:SE","SE","ENSMUSG00000031842","Pde4c","chr8","+",71201016,71201171,155,"Regular (>50bp)",-0.141,0.0384195047672438
"chr8:71201016:71201682:71201559:71201682:71200705:71200805:A3SS","A3SS","ENSMUSG00000031842","Pde4c","chr8","+",71201016,71201682,666,"Regular (>50bp)",-0.13,0.0393290635587856
"chr13:55654118:55655179:55654180:55655142:RI","RI","ENSMUSG00000021493","Pdlim7","chr13","-",55654118,55655179,1061,"Regular (>50bp)",-0.179,1.3914298788929e-07
"chr17:32305003:32305082:32303066:32306732:SE","SE","ENSMUSG00000121449","Pdxk-ps","chr17","-",32305003,32305082,79,"Regular (>50bp)",-0.243,9.5615601370151e-05
"chr19:45018178:45018250:45017762:45018418:SE","SE","ENSMUSG00000074818","Pdzd7","chr19","-",45018178,45018250,72,"Regular (>50bp)",0.109,0.000293312964848174
"chr9:56281659:56281723:56168046:56325224:SE","SE","ENSMUSG00000074305","Peak1","chr9","-",56281659,56281723,64,"Regular (>50bp)",-0.137,0.00142757390026652
"chr11:106571857:106571911:106570437:106573705:SE","SE","ENSMUSG00000020717","Pecam1","chr11","-",106571857,106571911,54,"Regular (>50bp)",0.118,0.000884537230798935
"chr1:72315324:72315490:72314126:72316445:SE","SE","ENSMUSG00000026189","Pecr","chr1","-",72315324,72315490,166,"Regular (>50bp)",-0.124,0
"chr7:6715948:6716011:6715774:6719052:SE","SE","ENSMUSG00000002265","Peg3","chr7","-",6715948,6716011,63,"Regular (>50bp)",0.146,3.15126704685508e-08
"chr2:11480564:11480617:11479354:11482846:SE","SE","ENSMUSG00000026773","Pfkfb3","chr2","-",11480564,11480617,53,"Regular (>50bp)",0.127,0.000137958189414285
"chr7:101872585:101872697:101859798:101885300:SE","SE","ENSMUSG00000030990","Pgap2","chr7","+",101872585,101872697,112,"Regular (>50bp)",0.105,0.0297295277805289
"chr17:26338006:26338509:26338130:26338372:RI","RI","ENSMUSG00000024180","Pgap6","chr17","+",26338006,26338509,503,"Regular (>50bp)",0.138,0.000501507535248474
"chr17:26339257:26339659:26339436:26339512:RI","RI","ENSMUSG00000024180","Pgap6","chr17","+",26339257,26339659,402,"Regular (>50bp)",0.106,0.000955703180094763
"chr6:122309480:122309612:122302909:122310249:SE","SE","ENSMUSG00000040669","Phc1","chr6","-",122309480,122309612,132,"Regular (>50bp)",-0.108,0.0216985677542389
"chr4:128635708:128635877:128621992:128637146:SE","SE","ENSMUSG00000028796","Phc2","chr4","+",128635708,128635877,169,"Regular (>50bp)",-0.202,0.0134963564687648
"chr2:34788935:34789023:34788171:34789594:SE","SE","ENSMUSG00000026873","Phf19","chr2","-",34788935,34789023,88,"Regular (>50bp)",-0.179,0.00095682049486633
"chr15:66469513:66469603:66469296:66475875:SE","SE","ENSMUSG00000072501","Phf20l1","chr15","+",66469513,66469603,90,"Regular (>50bp)",0.114,0.0374634334301523
"chr15:66469513:66469603:66469525:66469603:66469207:66469296:A3SS","A3SS","ENSMUSG00000072501","Phf20l1","chr15","+",66469513,66469603,90,"Regular (>50bp)",0.173,8.70202360366435e-05
"chr15:66494609:66495948:66494666:66495840:RI","RI","ENSMUSG00000072501","Phf20l1","chr15","+",66494609,66495948,1339,"Regular (>50bp)",-0.165,0.00529664526156445
"chr14:30961076:30961193:30960439:30961587:SE","SE","ENSMUSG00000021902","Phf7","chr14","-",30961076,30961193,117,"Regular (>50bp)",0.114,0.0166968571772713
"chr14:30970951:30971004:30971564:30971674:30970091:30972661:MXE","MXE","ENSMUSG00000021902","Phf7","chr14","-",30970951,30971004,53,"Regular (>50bp)",0.123,0.0290166392031642
"chr7:127176706:127177201:127176818:127177146:RI","RI","ENSMUSG00000030815","Phkg2","chr7","+",127176706,127177201,495,"Regular (>50bp)",-0.109,0.00201488835997205
"chr9:44609015:44609139:44609048:44609139:44607333:44607480:A5SS","A5SS","ENSMUSG00000048537","Phldb1","chr9","-",44609015,44609139,124,"Regular (>50bp)",-0.101,2.67474956461651e-06
"chr9:44610123:44610168:44609517:44610643:SE","SE","ENSMUSG00000048537","Phldb1","chr9","-",44610123,44610168,45,"Small (30-50bp)",0.15,2.99483816655085e-06
"chr6:124978389:124980059:124978611:124978925:RI","RI","ENSMUSG00000030329","Pianp","chr6","+",124978389,124980059,1670,"Regular (>50bp)",-0.257,0.028811348559065
"chr7:89843480:89843504:89840961:89844862:SE","SE","ENSMUSG00000039361","Picalm","chr7","+",89843480,89843504,24,"Microexon (0-30bp)",0.118,1.15267724231651e-07
"chr15:79131464:79132496:79131515:79132351:RI","RI","ENSMUSG00000068206","Pick1","chr15","+",79131464,79132496,1032,"Regular (>50bp)",-0.112,5.77238982168904e-09
"chr17:26153067:26153247:26150801:26153731:SE","SE","ENSMUSG00000025728","Pigq","chr17","-",26153067,26153247,180,"Regular (>50bp)",-0.281,0.0364954119179782
"chr7:116041825:116041913:116017816:116042538:SE","SE","ENSMUSG00000030660","Pik3c2a","chr7","-",116041825,116041913,88,"Regular (>50bp)",0.115,0.0355883330525339
"chr2:18870922:18870961:18857737:18893862:SE","SE","ENSMUSG00000026737","Pip4k2a","chr2","-",18870922,18870961,39,"Small (30-50bp)",-0.154,0.01412193452692
"chr5:104638509:104638630:104637280:104642758:SE","SE","ENSMUSG00000034462","Pkd2","chr5","+",104638509,104638630,121,"Regular (>50bp)",0.212,0.00312821758295085
"chr4:138606733:138606807:138605383:138607661:SE","SE","ENSMUSG00000028751","Pla2g2e","chr4","+",138606733,138606807,74,"Regular (>50bp)",0.219,1.30840166287909e-12
"chr2:119867227:119867576:119867311:119867538:RI","RI","ENSMUSG00000098488","Pla2g4b","chr2","+",119867227,119867576,349,"Regular (>50bp)",-0.198,0.00856730665994191
"chr15:79211834:79211914:79202210:79212409:SE","SE","ENSMUSG00000042632","Pla2g6","chr15","-",79211834,79211914,80,"Regular (>50bp)",-0.126,0.00140286639784641
"chr2:135806971:135807007:135803739:135808944:SE","SE","ENSMUSG00000039943","Plcb4","chr2","+",135806971,135807007,36,"Small (30-50bp)",0.112,1.34928027767139e-10
"chr4:155067823:155069849:155069422:155069822:RI","RI","ENSMUSG00000029055","Plch2","chr4","-",155067823,155069849,2026,"Regular (>50bp)",-0.244,0.0379813928654443
"chr4:155069822:155069849:155069422:155070671:SE","SE","ENSMUSG00000029055","Plch2","chr4","-",155069822,155069849,27,"Microexon (0-30bp)",0.144,0.0428140432341417
"chr15:76078165:76078201:76077687:76078540:SE","SE","ENSMUSG00000022565","Plec","chr15","-",76078165,76078201,36,"Small (30-50bp)",0.101,0
"chr7:45179905:45180082:45179557:45181681:SE","SE","ENSMUSG00000040428","Plekha4","chr7","+",45179905,45180082,177,"Regular (>50bp)",0.177,0.0111124707435613
"chr6:140501676:140501796:140498524:140515078:SE","SE","ENSMUSG00000030231","Plekha5","chr6","+",140501676,140501796,120,"Regular (>50bp)",0.13,0.000154721940580891
"chr6:140526072:140526261:140525202:140527693:SE","SE","ENSMUSG00000030231","Plekha5","chr6","+",140526072,140526261,189,"Regular (>50bp)",-0.121,0.0384734592046101
"chr1:133202530:133202617:133202112:133208076:SE","SE","ENSMUSG00000041757","Plekha6","chr1","+",133202530,133202617,87,"Regular (>50bp)",0.174,0.000611157526358838
"chr1:133202530:133202617:133202112:133209520:SE","SE","ENSMUSG00000041757","Plekha6","chr1","+",133202530,133202617,87,"Regular (>50bp)",0.306,8.11253084908894e-12
"chr1:133202530:133202617:133208076:133208145:133202112:133209520:MXE","MXE","ENSMUSG00000041757","Plekha6","chr1","+",133202530,133202617,87,"Regular (>50bp)",0.147,0.000739470366729755
"chr1:133203549:133203603:133202112:133207110:SE","SE","ENSMUSG00000041757","Plekha6","chr1","+",133203549,133203603,54,"Regular (>50bp)",0.337,0.0392796815597014
"chr1:133203549:133203603:133202617:133208076:SE","SE","ENSMUSG00000041757","Plekha6","chr1","+",133203549,133203603,54,"Regular (>50bp)",0.158,0.0308872235256755
"chr1:133203549:133203603:133208076:133208145:133202617:133209520:MXE","MXE","ENSMUSG00000041757","Plekha6","chr1","+",133203549,133203603,54,"Regular (>50bp)",0.13,0.0250918939726331
"chr1:133207110:133207191:133202112:133208076:SE","SE","ENSMUSG00000041757","Plekha6","chr1","+",133207110,133207191,81,"Regular (>50bp)",0.104,0.00109266785888335
"chr1:133208076:133208145:133202112:133209520:SE","SE","ENSMUSG00000041757","Plekha6","chr1","+",133208076,133208145,69,"Regular (>50bp)",0.141,9.20097835381683e-05
"chr1:133213984:133214134:133213124:133215207:SE","SE","ENSMUSG00000041757","Plekha6","chr1","+",133213984,133214134,150,"Regular (>50bp)",0.117,0.000154721148876484
"chr7:115747487:115747568:115744473:115753867:SE","SE","ENSMUSG00000045659","Plekha7","chr7","-",115747487,115747568,81,"Regular (>50bp)",0.228,0.0371142851659549
"chr7:28069662:28070467:28069922:28070302:RI","RI","ENSMUSG00000037552","Plekhg2","chr7","-",28069662,28070467,805,"Regular (>50bp)",0.12,0.000310727222626155
"chr8:106103380:106103767:106103497:106103668:RI","RI","ENSMUSG00000014782","Plekhg4","chr8","+",106103380,106103767,387,"Regular (>50bp)",-0.213,1.39836630761196e-05
"chrX:135732701:135732963:135732701:135732858:135734016:135734185:A5SS","A5SS","ENSMUSG00000031425","Plp1","chrX","+",135732701,135732963,262,"Regular (>50bp)",-0.183,0.00318768327309012
"chr8:27539201:27539336:27535163:27542263:SE","SE","ENSMUSG00000031485","Plpbp","chr8","+",27539201,27539336,135,"Regular (>50bp)",-0.104,0.0262141185110006
"chr11:63023950:63024070:63023953:63024070:63019807:63019976:A3SS","A3SS","ENSMUSG00000018217","Pmp22","chr11","+",63023950,63024070,120,"Regular (>50bp)",0.15,0.0025807431901868
"chr5:143848738:143848878:143848743:143848878:143846781:143846897:A3SS","A3SS","ENSMUSG00000079109","Pms2","chr5","+",143848738,143848878,140,"Regular (>50bp)",-0.103,0.0378309424905667
"chr4:21869515:21870405:21869615:21870351:RI","RI","ENSMUSG00000028248","Pnisr","chr4","+",21869515,21870405,890,"Regular (>50bp)",-0.15,7.25576389094808e-12
"chr1:74326250:74326367:74325169:74386543:SE","SE","ENSMUSG00000026179","Pnkd","chr1","+",74326250,74326367,117,"Regular (>50bp)",0.117,2.07566263647578e-07
"chr17:46505127:46505342:46501702:46509559:SE","SE","ENSMUSG00000023953","Polh","chr17","-",46505127,46505342,215,"Regular (>50bp)",-0.176,8.32944792351792e-09
"chr9:121824132:121824179:121824016:121824941:SE","SE","ENSMUSG00000066235","Pomgnt2","chr9","-",121824132,121824179,47,"Small (30-50bp)",0.398,0.00431860832987468
"chr9:121824132:121824183:121824016:121824941:SE","SE","ENSMUSG00000066235","Pomgnt2","chr9","-",121824132,121824183,51,"Regular (>50bp)",0.281,0.0132100193355873
"chr6:25798007:25798054:25794673:25805873:SE","SE","ENSMUSG00000029676","Pot1a","chr6","-",25798007,25798054,47,"Small (30-50bp)",-0.18,0.00594642261840523
"chr3:133045023:133045110:133016042:133073583:SE","SE","ENSMUSG00000028013","Ppa2","chr3","+",133045023,133045110,87,"Regular (>50bp)",-0.221,0.000473076453027528
"chr6:115362557:115362594:115384202:115384281:115360704:115416800:MXE","MXE","ENSMUSG00000000440","Pparg","chr6","+",115362557,115362594,37,"Small (30-50bp)",0.362,0.0392625666580476
"chr9:57322368:57322755:57322368:57322537:57327445:57327574:A3SS","A3SS","ENSMUSG00000063849","Ppcdc","chr9","-",57322368,57322755,387,"Regular (>50bp)",-0.133,9.80843684335103e-05
"chr7:144056603:144056633:144054140:144058639:SE","SE","ENSMUSG00000037519","Ppfia1","chr7","-",144056603,144056633,30,"Microexon (0-30bp)",0.265,7.93719172020803e-12
"chr7:44992976:44993003:44991925:44993164:SE","SE","ENSMUSG00000003863","Ppfia3","chr7","-",44992976,44993003,27,"Microexon (0-30bp)",0.239,5.1877029221982e-09
"chr7:107327922:107327955:107326992:107328345:SE","SE","ENSMUSG00000036528","Ppfibp2","chr7","+",107327922,107327955,33,"Small (30-50bp)",0.114,0.000795244334296005
"chr15:93318164:93318371:93296342:93321894:SE","SE","ENSMUSG00000036167","Pphln1","chr15","+",93318164,93318371,207,"Regular (>50bp)",-0.129,0.0429116380875512
"chr2:69561834:69561924:69553707:69562540:SE","SE","ENSMUSG00000042133","Ppig","chr2","+",69561834,69561924,90,"Regular (>50bp)",-0.251,0.0365275811240257
"chr1:171107003:171107575:171107148:171107442:RI","RI","ENSMUSG00000062729","Ppox","chr1","-",171107003,171107575,572,"Regular (>50bp)",-0.17,0.00280753181139636
"chr1:171107932:171108096:171107961:171108096:171107713:171107862:A5SS","A5SS","ENSMUSG00000062729","Ppox","chr1","-",171107932,171108096,164,"Regular (>50bp)",-0.186,0.001391916806479
"chr15:76573527:76573694:76555962:76574371:SE","SE","ENSMUSG00000033819","Ppp1r16a","chr15","+",76573527,76573694,167,"Regular (>50bp)",0.114,0.0280678457845143
"chr7:138472118:138472231:138448433:138474729:SE","SE","ENSMUSG00000041769","Ppp2r2d","chr7","+",138472118,138472231,113,"Regular (>50bp)",-0.426,0.00326530360508196
"chr2:173431580:173431741:173431467:173433909:SE","SE","ENSMUSG00000121504","Ppp4r1l-ps","chr2","-",173431580,173431741,161,"Regular (>50bp)",-0.125,0.00064382463247612
"chr2:173431580:173432589:173431467:173433909:SE","SE","ENSMUSG00000121504","Ppp4r1l-ps","chr2","-",173431580,173432589,1009,"Regular (>50bp)",-0.127,0.000578400887225834
"chr2:173437890:173438337:173437890:173438192:173438832:173438980:A3SS","A3SS","ENSMUSG00000121504","Ppp4r1l-ps","chr2","-",173437890,173438337,447,"Regular (>50bp)",-0.108,0.0179097726862462
"chr2:173437890:173438345:173437890:173438192:173438832:173438980:A3SS","A3SS","ENSMUSG00000121504","Ppp4r1l-ps","chr2","-",173437890,173438345,455,"Regular (>50bp)",-0.11,0.0164180911662896
"chr2:173442558:173442835:173441480:173447957:SE","SE","ENSMUSG00000121504","Ppp4r1l-ps","chr2","-",173442558,173442835,277,"Regular (>50bp)",-0.106,0.0478460550034406
"chr2:173446298:173446390:173441480:173447957:SE","SE","ENSMUSG00000121504","Ppp4r1l-ps","chr2","-",173446298,173446390,92,"Regular (>50bp)",-0.14,0.0142432199143336
"chr2:173446298:173446390:173447957:173448027:173441480:173450525:MXE","MXE","ENSMUSG00000121504","Ppp4r1l-ps","chr2","-",173446298,173446390,92,"Regular (>50bp)",0.355,0.0357119380743404
"chr2:173446298:173446390:173448934:173449122:173441480:173450525:MXE","MXE","ENSMUSG00000121504","Ppp4r1l-ps","chr2","-",173446298,173446390,92,"Regular (>50bp)",0.232,0.00744703347969837
"chr2:173448934:173449122:173446390:173450525:SE","SE","ENSMUSG00000121504","Ppp4r1l-ps","chr2","-",173448934,173449122,188,"Regular (>50bp)",0.3,0.00709252141893229
"chr2:173456906:173457369:173457275:173457369:173456582:173456711:A5SS","A5SS","ENSMUSG00000121504","Ppp4r1l-ps","chr2","-",173456906,173457369,463,"Regular (>50bp)",-0.364,0.0298496766946293
"chr2:173457275:173458216:173457275:173457369:173501115:173501160:A3SS","A3SS","ENSMUSG00000121504","Ppp4r1l-ps","chr2","-",173457275,173458216,941,"Regular (>50bp)",-0.187,0.00142861743935979
"chr2:173490962:173491160:173438980:173501115:SE","SE","ENSMUSG00000121504","Ppp4r1l-ps","chr2","-",173490962,173491160,198,"Regular (>50bp)",-0.244,0.00201368032987911
"chr2:173490962:173491160:173457369:173501115:SE","SE","ENSMUSG00000121504","Ppp4r1l-ps","chr2","-",173490962,173491160,198,"Regular (>50bp)",-0.188,3.21565627657686e-05
"chr19:3509746:3509764:3509480:3514544:SE","SE","ENSMUSG00000024908","Ppp6r3","chr19","-",3509746,3509764,18,"Microexon (0-30bp)",0.211,0
"chr19:3523768:3523866:3523768:3523815:3534830:3534916:A3SS","A3SS","ENSMUSG00000024908","Ppp6r3","chr19","-",3523768,3523866,98,"Regular (>50bp)",-0.151,2.30405914066531e-06
"chr12:17042278:17043574:17042278:17042320:17045614:17045672:A3SS","A3SS","ENSMUSG00000045679","Pqlc3","chr12","-",17042278,17043574,1296,"Regular (>50bp)",-0.139,0.000960151636750563
"chr12:17043453:17043574:17042320:17045614:SE","SE","ENSMUSG00000045679","Pqlc3","chr12","-",17043453,17043574,121,"Regular (>50bp)",-0.136,0.000946648483951806
"chr12:17047496:17047704:17045645:17047774:SE","SE","ENSMUSG00000045679","Pqlc3","chr12","-",17047496,17047704,208,"Regular (>50bp)",-0.234,0.000894816080795114
"chr8:47045627:47046738:47045790:47046504:RI","RI","ENSMUSG00000038225","Primpol","chr8","-",47045627,47046738,1111,"Regular (>50bp)",-0.209,1.6443475387925e-10
"chr12:65090316:65090385:65090131:65090541:SE","SE","ENSMUSG00000035597","Prpf39","chr12","+",65090316,65090385,69,"Regular (>50bp)",-0.126,0.000428683462664967
"chr2:53078459:53078552:53078459:53078539:53079980:53080112:A3SS","A3SS","ENSMUSG00000061136","Prpf40a","chr2","-",53078459,53078552,93,"Regular (>50bp)",0.101,0.00876737971145494
"chr13:35083297:35083438:35083206:35083813:SE","SE","ENSMUSG00000021413","Prpf4b","chr13","+",35083297,35083438,141,"Regular (>50bp)",-0.234,2.53480687567769e-10
"chr2:32102898:32104959:32102303:32106057:SE","SE","ENSMUSG00000039262","Prrc2b","chr2","+",32102898,32104959,2061,"Regular (>50bp)",0.157,0
"chr1:162501667:162501720:162501225:162504259:SE","SE","ENSMUSG00000040225","Prrc2c","chr1","-",162501667,162501720,53,"Regular (>50bp)",-0.185,0.000651537906469661
"chr1:162501671:162501720:162501225:162503173:SE","SE","ENSMUSG00000040225","Prrc2c","chr1","-",162501671,162501720,49,"Small (30-50bp)",-0.121,3.14841122952943e-07
"chr19:17189655:17189694:17185693:17193689:SE","SE","ENSMUSG00000039126","Prune2","chr19","+",17189655,17189694,39,"Small (30-50bp)",0.113,0.0330137103152969
"chr19:17189655:17189694:17189077:17193689:SE","SE","ENSMUSG00000039126","Prune2","chr19","+",17189655,17189694,39,"Small (30-50bp)",0.116,0.00583089718009933
"chr19:17193689:17193737:17185693:17198147:SE","SE","ENSMUSG00000039126","Prune2","chr19","+",17193689,17193737,48,"Small (30-50bp)",0.118,0.0452451347637844
"chr13:64445068:64445200:64423670:64456635:SE","SE","ENSMUSG00000021482","Prxl2c","chr13","-",64445068,64445200,132,"Regular (>50bp)",0.127,0.00371690750469796
"chr19:46315336:46315446:46314661:46315522:SE","SE","ENSMUSG00000037126","Psd","chr19","-",46315336,46315446,110,"Regular (>50bp)",-0.107,0.0379609693782597
"chr18:36121232:36121294:36121232:36121291:36135976:36136066:A5SS","A5SS","ENSMUSG00000024347","Psd2","chr18","+",36121232,36121294,62,"Regular (>50bp)",0.264,0.0398493703690796
"chr14:45567822:45567978:45567560:45568286:SE","SE","ENSMUSG00000021832","Psmc6","chr14","+",45567822,45567978,156,"Regular (>50bp)",-0.2,0.0355883330525339
"chr7:140466300:140466758:140466335:140466714:RI","RI","ENSMUSG00000025487","Psmd13","chr7","+",140466300,140466758,458,"Regular (>50bp)",-0.206,0.00167648337328198
"chr8:95317800:95317916:95316035:95318196:SE","SE","ENSMUSG00000031774","Psme3ip1","chr8","-",95317800,95317916,116,"Regular (>50bp)",0.36,0.000184545359371775
"chr7:130975264:130975559:130973118:130975793:SE","SE","ENSMUSG00000063179","Pstk","chr7","+",130975264,130975559,295,"Regular (>50bp)",-0.194,9.64503146274737e-06
"chr6:71866577:71866670:71866353:71870365:SE","SE","ENSMUSG00000063884","Ptcd3","chr6","-",71866577,71866670,93,"Regular (>50bp)",-0.241,0.0012739179402556
"chr15:73236889:73237044:73202864:73263607:SE","SE","ENSMUSG00000022607","Ptk2","chr15","-",73236889,73237044,155,"Regular (>50bp)",-0.277,1.82144288951477e-05
"chr15:73236889:73237044:73202864:73266496:SE","SE","ENSMUSG00000022607","Ptk2","chr15","-",73236889,73237044,155,"Regular (>50bp)",-0.161,0.0209261309066298
"chr10:116013622:116013733:115998515:116024104:SE","SE","ENSMUSG00000020151","Ptprr","chr10","+",116013622,116013733,111,"Regular (>50bp)",0.427,0.00195157682816876
"chr15:75946455:75946506:75944417:75947390:SE","SE","ENSMUSG00000002524","Puf60","chr15","-",75946455,75946506,51,"Regular (>50bp)",0.103,1.15926029246631e-07
"chr5:23968331:23968349:23967472:23973765:SE","SE","ENSMUSG00000057541","Pus7","chr5","-",23968331,23968349,18,"Microexon (0-30bp)",0.11,0.00249790685408837
"chr15:61978972:61979314:61910050:62114022:SE","SE","ENSMUSG00000097039","Pvt1","chr15","+",61978972,61979314,342,"Regular (>50bp)",-0.211,0.000722167580853768
"chr15:62021087:62021201:61910050:62047315:SE","SE","ENSMUSG00000097039","Pvt1","chr15","+",62021087,62021201,114,"Regular (>50bp)",0.143,0.0249316195848359
"chr15:62021087:62021201:61910050:62114022:SE","SE","ENSMUSG00000097039","Pvt1","chr15","+",62021087,62021201,114,"Regular (>50bp)",-0.103,0.0018368691764503
"chr15:62031845:62031977:61910050:62114022:SE","SE","ENSMUSG00000097039","Pvt1","chr15","+",62031845,62031977,132,"Regular (>50bp)",-0.211,0.000992881216836525
"chr15:62047680:62047775:62085660:62085748:62047397:62114022:MXE","MXE","ENSMUSG00000097039","Pvt1","chr15","+",62047680,62047775,95,"Regular (>50bp)",-0.109,0.000453410528513037
"chr15:62085660:62085748:62094585:62094752:62047397:62114022:MXE","MXE","ENSMUSG00000097039","Pvt1","chr15","+",62085660,62085748,88,"Regular (>50bp)",0.106,0.000862753659003248
"chr15:62116567:62116706:62116567:62116690:62130269:62132064:A5SS","A5SS","ENSMUSG00000097039","Pvt1","chr15","+",62116567,62116706,139,"Regular (>50bp)",-0.124,0.00124098472227882
"chr5:115686340:115687171:115685007:115688179:SE","SE","ENSMUSG00000029528","Pxn","chr5","+",115686340,115687171,831,"Regular (>50bp)",0.501,0.000449868046760911
"chr10:128586151:128586206:128584435:128601015:SE","SE","ENSMUSG00000064030","Pym1","chr10","+",128586151,128586206,55,"Regular (>50bp)",0.113,5.65454028343824e-05
"chr11:101997792:101997882:101997798:101997882:101997501:101997692:A5SS","A5SS","ENSMUSG00000017311","Pyy","chr11","-",101997792,101997882,90,"Regular (>50bp)",-0.145,0.0419741594246992
"chr10:127317561:127317624:127312567:127319844:SE","SE","ENSMUSG00000025404","R3hdm2","chr10","+",127317561,127317624,63,"Regular (>50bp)",0.107,0
"chr10:127317561:127317663:127307869:127319844:SE","SE","ENSMUSG00000025404","R3hdm2","chr10","+",127317561,127317663,102,"Regular (>50bp)",0.148,0.0118247305038172
"chr10:127317561:127317663:127312567:127319844:SE","SE","ENSMUSG00000025404","R3hdm2","chr10","+",127317561,127317663,102,"Regular (>50bp)",0.177,0
"chr12:3285510:3287412:3285929:3287346:RI","RI","ENSMUSG00000079179","Rab10os","chr12","+",3285510,3287412,1902,"Regular (>50bp)",-0.191,0.0100048404638857
"chr9:64633905:64634099:64624270:64644865:SE","SE","ENSMUSG00000004771","Rab11a","chr9","-",64633905,64634099,194,"Regular (>50bp)",-0.167,0.000721898378352942
"chr8:27641624:27643187:27640831:27644173:SE","SE","ENSMUSG00000031488","Rab11fip1","chr8","-",27641624,27643187,1563,"Regular (>50bp)",0.102,1.94409167542602e-06
"chr6:85317324:85319343:85314652:85324761:SE","SE","ENSMUSG00000051343","Rab11fip5","chr6","-",85317324,85319343,2019,"Regular (>50bp)",0.117,0.0409838238074037
"chr10:74874189:74874352:74874271:74874352:74873153:74873315:A3SS","A3SS","ENSMUSG00000020175","Rab36","chr10","+",74874189,74874352,163,"Regular (>50bp)",-0.209,0.0013576336450658
"chr11:115051263:115051340:115051181:115051460:SE","SE","ENSMUSG00000020732","Rab37","chr11","+",115051263,115051340,77,"Regular (>50bp)",-0.178,0.000132455907333545
"chr1:127869330:127869351:127866885:127870110:SE","SE","ENSMUSG00000036104","Rab3gap1","chr1","+",127869330,127869351,21,"Microexon (0-30bp)",0.191,7.9279837253698e-07
"chr1:184999097:184999476:184999211:184999369:RI","RI","ENSMUSG00000039318","Rab3gap2","chr1","+",184999097,184999476,379,"Regular (>50bp)",-0.128,0.0264892947809603
"chr19:10005648:10005867:10005001:10007513:SE","SE","ENSMUSG00000024663","Rab3il1","chr19","+",10005648,10005867,219,"Regular (>50bp)",0.181,0.0223369181215424
"chr7:126043694:126044108:126043750:126043991:RI","RI","ENSMUSG00000030727","Rabep2","chr7","+",126043694,126044108,414,"Regular (>50bp)",-0.146,0.00856730665994191
"chr1:160568321:160568501:160568369:160568453:RI","RI","ENSMUSG00000026721","Rabgap1l","chr1","-",160568321,160568501,180,"Regular (>50bp)",-0.14,0.00041926708729702
"chr14:55959300:55959633:55959357:55959509:RI","RI","ENSMUSG00000040472","Rabggta","chr14","-",55959300,55959633,333,"Regular (>50bp)",-0.229,0.00524398113228743
"chr15:99541273:99541404:99540852:99549387:SE","SE","ENSMUSG00000023015","Racgap1","chr15","-",99541273,99541404,131,"Regular (>50bp)",-0.147,1.11848013901345e-10
"chr6:112605422:112605485:112597865:112621548:SE","SE","ENSMUSG00000030254","Rad18","chr6","-",112605422,112605485,63,"Regular (>50bp)",0.107,0.0423353806275362
"chr8:85564635:85564763:85564222:85565097:SE","SE","ENSMUSG00000003813","Rad23a","chr8","-",85564635,85564763,128,"Regular (>50bp)",-0.209,0.000948284233830729
"chr6:126904500:126904653:126904500:126904650:126905103:126905190:A3SS","A3SS","ENSMUSG00000030346","Rad51ap1","chr6","-",126904500,126904653,153,"Regular (>50bp)",0.108,0.0240451169030378
"chr6:119899432:119899784:119899435:119899784:119897767:119897989:A3SS","A3SS","ENSMUSG00000030166","Rad52","chr6","+",119899432,119899784,352,"Regular (>50bp)",-0.104,0.000990952536673053
"chr4:11601550:11601758:11601632:11601758:11599675:11599901:A3SS","A3SS","ENSMUSG00000078773","Rad54b","chr4","+",11601550,11601758,208,"Regular (>50bp)",-0.164,0.00376152466403976
"chr5:122490606:122490677:122490608:122490677:122489623:122489773:A5SS","A5SS","ENSMUSG00000038569","Rad9b","chr5","-",122490606,122490677,71,"Regular (>50bp)",0.22,0.000793885072414638
"chr2:33036581:33036665:33036581:33036662:33047783:33048182:A3SS","A3SS","ENSMUSG00000038831","Ralgps1","chr2","-",33036581,33036665,84,"Regular (>50bp)",0.122,0.0461843032140912
"chr2:33036581:33036665:33036581:33036662:33048921:33049048:A3SS","A3SS","ENSMUSG00000038831","Ralgps1","chr2","-",33036581,33036665,84,"Regular (>50bp)",-0.118,0.0207020878784165
"chr2:33045299:33045351:33036662:33047783:SE","SE","ENSMUSG00000038831","Ralgps1","chr2","-",33045299,33045351,52,"Regular (>50bp)",0.167,0.00819283384841814
"chr2:33047783:33047941:33036665:33048921:SE","SE","ENSMUSG00000038831","Ralgps1","chr2","-",33047783,33047941,158,"Regular (>50bp)",0.157,0.0316311016764184
"chr17:57008022:57009890:57008088:57009762:RI","RI","ENSMUSG00000002372","Ranbp3","chr17","+",57008022,57009890,1868,"Regular (>50bp)",-0.203,0.0137483619244102
"chr11:74458041:74458077:74375797:74487707:SE","SE","ENSMUSG00000038807","Rap1gap2","chr11","-",74458041,74458077,36,"Small (30-50bp)",0.148,0.0299974855054127
"chr2:29600164:29600320:29600167:29600320:29597209:29597412:A3SS","A3SS","ENSMUSG00000039844","Rapgef1","chr2","+",29600164,29600320,156,"Regular (>50bp)",0.176,0.0133723395286898
"chr2:29609604:29609862:29600320:29610654:SE","SE","ENSMUSG00000039844","Rapgef1","chr2","+",29609604,29609862,258,"Regular (>50bp)",0.162,0.000387121321798303
"chr2:29609604:29609862:29600320:29612235:SE","SE","ENSMUSG00000039844","Rapgef1","chr2","+",29609604,29609862,258,"Regular (>50bp)",0.128,0.0424017922163595
"chr2:29609604:29609862:29610654:29610750:29597412:29612235:MXE","MXE","ENSMUSG00000039844","Rapgef1","chr2","+",29609604,29609862,258,"Regular (>50bp)",0.133,0.00287056278657236
"chr2:29609604:29609862:29610654:29610750:29600320:29612235:MXE","MXE","ENSMUSG00000039844","Rapgef1","chr2","+",29609604,29609862,258,"Regular (>50bp)",0.161,1.26096191121668e-05
"chr15:97655563:97655695:97655563:97655642:97655897:97655986:A3SS","A3SS","ENSMUSG00000022469","Rapgef3","chr15","-",97655563,97655695,132,"Regular (>50bp)",-0.14,0.0369135900595939
"chr11:54452150:54452220:54437255:54459178:SE","SE","ENSMUSG00000037533","Rapgef6","chr11","+",54452150,54452220,70,"Regular (>50bp)",-0.183,0.000368485976317547
"chr11:54542574:54542589:54540165:54548071:SE","SE","ENSMUSG00000037533","Rapgef6","chr11","+",54542574,54542589,15,"Microexon (0-30bp)",0.211,0.000564883834454027
"chr9:96448068:96448175:96442834:96451072:SE","SE","ENSMUSG00000032413","Rasa2","chr9","-",96448068,96448175,107,"Regular (>50bp)",-0.198,4.69237267447185e-08
"chr9:96450416:96450540:96442834:96451072:SE","SE","ENSMUSG00000032413","Rasa2","chr9","-",96450416,96450540,124,"Regular (>50bp)",-0.137,8.3645898467828e-08
"chr5:136130097:136130543:136130248:136130478:RI","RI","ENSMUSG00000004952","Rasa4","chr5","+",136130097,136130543,446,"Regular (>50bp)",-0.157,0.000121357781834491
"chr7:140796941:140797625:140796764:140797798:SE","SE","ENSMUSG00000038618","Rassf7","chr7","+",140796941,140797625,684,"Regular (>50bp)",-0.112,0.000938360937500695
"chr7:140797500:140797625:140796764:140797798:SE","SE","ENSMUSG00000038618","Rassf7","chr7","+",140797500,140797625,125,"Regular (>50bp)",-0.12,0.00115252307102536
"chr3:14671348:14672353:14671468:14672236:RI","RI","ENSMUSG00000078784","Rbis","chr3","-",14671348,14672353,1005,"Regular (>50bp)",-0.157,0.000400751415923821
"chr9:65558828:65558986:65558942:65558986:65558214:65558365:A3SS","A3SS","ENSMUSG00000032387","Rbpms2","chr9","+",65558828,65558986,158,"Regular (>50bp)",-0.13,8.81211816908548e-05
"chr14:59444252:59444379:59443171:59447376:SE","SE","ENSMUSG00000035469","Rcbtb1","chr14","+",59444252,59444379,127,"Regular (>50bp)",-0.509,0.0068701276387848
"chr7:79970049:79970929:79970446:79970609:RI","RI","ENSMUSG00000038930","Rccd1","chr7","-",79970049,79970929,880,"Regular (>50bp)",-0.149,0.0480644844803339
"chr19:4674687:4674791:4674712:4674791:4674041:4674179:A5SS","A5SS","ENSMUSG00000024889","Rce1","chr19","-",4674687,4674791,104,"Regular (>50bp)",-0.296,0.0328746213208809
"chr15:76589186:76589643:76589316:76589390:RI","RI","ENSMUSG00000033762","Recql4","chr15","-",76589186,76589643,457,"Regular (>50bp)",-0.13,0.00205642632424372
"chr1:38147484:38147548:38138102:38168542:SE","SE","ENSMUSG00000026082","Rev1","chr1","-",38147484,38147548,64,"Regular (>50bp)",-0.111,6.57950000471446e-05
"chr7:119398787:119398900:119400452:119400579:119393725:119401963:MXE","MXE","ENSMUSG00000030924","Rexo5","chr7","+",119398787,119398900,113,"Regular (>50bp)",0.15,0.0237817359495658
"chr7:119423267:119423362:119423117:119426525:SE","SE","ENSMUSG00000030924","Rexo5","chr7","+",119423267,119423362,95,"Regular (>50bp)",0.105,0.00213734272654972
"chr7:119426525:119426602:119426525:119426599:119427314:119427429:A5SS","A5SS","ENSMUSG00000030924","Rexo5","chr7","+",119426525,119426602,77,"Regular (>50bp)",-0.252,1.38617606886038e-07
"chr19:27814806:27814881:27808192:27827110:SE","SE","ENSMUSG00000040929","Rfx3","chr19","-",27814806,27814881,75,"Regular (>50bp)",0.122,0.00107656566006517
"chr8:70588185:70588281:70588215:70588281:70587940:70588041:A5SS","A5SS","ENSMUSG00000036120","Rfxank","chr8","-",70588185,70588281,96,"Regular (>50bp)",-0.196,0.0125676556664415
"chr1:174903582:174903663:174894260:174904389:SE","SE","ENSMUSG00000026527","Rgs7","chr1","-",174903582,174903663,81,"Regular (>50bp)",-0.187,0.00596161908602796
"chr1:174904389:174904443:174887360:174905754:SE","SE","ENSMUSG00000026527","Rgs7","chr1","-",174904389,174904443,54,"Regular (>50bp)",0.194,0.000686295973082051
"chr1:174904389:174904443:174894260:174905754:SE","SE","ENSMUSG00000026527","Rgs7","chr1","-",174904389,174904443,54,"Regular (>50bp)",0.247,0.0436764758913934
"chr11:5050384:5050587:5050396:5050587:5050169:5050226:A3SS","A3SS","ENSMUSG00000034175","Rhbdd3","chr11","+",5050384,5050587,203,"Regular (>50bp)",0.149,0.0170704788867907
"chr12:109593481:109593587:109593481:109593566:109601827:109601891:A5SS","A5SS","ENSMUSG00000097451","Rian","chr12","+",109593481,109593587,106,"Regular (>50bp)",-0.204,0.0443497477272943
"chr12:109596454:109596625:109601827:109601891:109593587:109604272:MXE","MXE","ENSMUSG00000097451","Rian","chr12","+",109596454,109596625,171,"Regular (>50bp)",0.147,0.0374559460822644
"chr12:109609847:109609895:109606762:109611695:SE","SE","ENSMUSG00000097451","Rian","chr12","+",109609847,109609895,48,"Small (30-50bp)",0.123,0.0423969470140858
"chr7:140437894:140438185:140437467:140438279:SE","SE","ENSMUSG00000025485","Ric8a","chr7","+",140437894,140438185,291,"Regular (>50bp)",-0.42,0.00127786254016389
"chr4:119338188:119338249:119335218:119349493:SE","SE","ENSMUSG00000048899","Rimkla","chr4","-",119338188,119338249,61,"Regular (>50bp)",0.227,1.48762805021752e-05
"chr9:70336833:70336961:70336833:70336937:70338212:70338308:A3SS","A3SS","ENSMUSG00000032217","Rnf111","chr9","-",70336833,70336961,128,"Regular (>50bp)",-0.112,0.00113188630079665
"chr11:61344253:61344322:61343739:61344444:SE","SE","ENSMUSG00000010086","Rnf112","chr11","-",61344253,61344322,69,"Regular (>50bp)",-0.188,0.000491642700895875
"chr11:61344253:61344322:61343773:61344444:SE","SE","ENSMUSG00000010086","Rnf112","chr11","-",61344253,61344322,69,"Regular (>50bp)",-0.368,0.000243901099516242
"chr3:57709138:57709958:57709867:57709958:57703618:57703716:A3SS","A3SS","ENSMUSG00000036503","Rnf13","chr3","+",57709138,57709958,820,"Regular (>50bp)",-0.182,0.0334761828115718
"chr18:38433481:38433643:38429851:38446264:SE","SE","ENSMUSG00000060450","Rnf14","chr18","+",38433481,38433643,162,"Regular (>50bp)",-0.266,2.3563718668974e-05
"chr18:38440917:38441448:38429851:38446264:SE","SE","ENSMUSG00000060450","Rnf14","chr18","+",38440917,38441448,531,"Regular (>50bp)",-0.262,4.81587800938116e-06
"chr10:29237280:29237341:29230443:29237959:SE","SE","ENSMUSG00000038876","Rnf146","chr10","-",29237280,29237341,61,"Regular (>50bp)",0.111,0.010811363765485
"chr11:116231163:116231204:116229656:116235020:SE","SE","ENSMUSG00000052949","Rnf157","chr11","-",116231163,116231204,41,"Small (30-50bp)",0.238,4.1730234038217e-08
"chr6:72337857:72337996:72337857:72337932:72338104:72338209:A3SS","A3SS","ENSMUSG00000055850","Rnf181","chr6","-",72337857,72337996,139,"Regular (>50bp)",-0.178,0.0132103808303417
"chr13:43819233:43819298:43769543:43821235:SE","SE","ENSMUSG00000044164","Rnf182","chr13","+",43819233,43819298,65,"Regular (>50bp)",0.115,0.00379761135967753
"chr2:119617701:119617778:119614451:119617895:SE","SE","ENSMUSG00000034032","Rpap1","chr2","-",119617701,119617778,77,"Regular (>50bp)",-0.138,0.00302989543199504
"chr1:66740775:66740807:66740775:66740795:66745604:66745684:A5SS","A5SS","ENSMUSG00000026005","Rpe","chr1","+",66740775,66740807,32,"Small (30-50bp)",0.126,0.0400190104513177
"chr17:28547940:28548496:28548254:28548347:RI","RI","ENSMUSG00000037805","Rpl10a","chr17","+",28547940,28548496,556,"Regular (>50bp)",0.127,1.0811549529383e-08
"chr4:135775122:135775164:135756016:135778481:SE","SE","ENSMUSG00000059291","Rpl11","chr4","-",135775122,135775164,42,"Small (30-50bp)",0.139,0.00346619934067699
"chr3:95693631:95693763:95692418:95694595:SE","SE","ENSMUSG00000028106","Rprd2","chr3","-",95693631,95693763,132,"Regular (>50bp)",0.27,2.07777865641766e-07
"chr19:4208608:4208918:4208716:4208827:RI","RI","ENSMUSG00000024830","Rps6kb2","chr19","-",4208608,4208918,310,"Regular (>50bp)",-0.195,8.95719802979681e-07
"chr5:123884834:123884933:123883652:123887351:SE","SE","ENSMUSG00000029422","Rsrc2","chr5","-",123884834,123884933,99,"Regular (>50bp)",-0.133,8.59740106300302e-05
"chr4:134652603:134654129:134652743:134654045:RI","RI","ENSMUSG00000037266","Rsrp1","chr4","+",134652603,134654129,1526,"Regular (>50bp)",-0.151,2.9281417903449e-10
"chr4:134653336:134654129:134654045:134654129:134652603:134652743:A3SS","A3SS","ENSMUSG00000037266","Rsrp1","chr4","+",134653336,134654129,793,"Regular (>50bp)",-0.21,0.000157654484657988
"chr4:134653336:134654129:134654045:134654129:134653087:134653132:A3SS","A3SS","ENSMUSG00000037266","Rsrp1","chr4","+",134653336,134654129,793,"Regular (>50bp)",-0.104,0.000937637439928988
"chr11:29656409:29658770:29655591:29683632:SE","SE","ENSMUSG00000020458","Rtn4","chr11","+",29656409,29658770,2361,"Regular (>50bp)",-0.197,1.92788115568587e-11
"chr11:29656409:29658770:29683632:29683840:29655591:29691694:MXE","MXE","ENSMUSG00000020458","Rtn4","chr11","+",29656409,29658770,2361,"Regular (>50bp)",-0.19,0.000200584694027704
"chr16:32661906:32661951:32658723:32663367:SE","SE","ENSMUSG00000035629","Rubcn","chr16","-",32661906,32661951,45,"Small (30-50bp)",0.329,0
"chr10:62838724:62840555:62840435:62840555:62837961:62838059:A3SS","A3SS","ENSMUSG00000020070","Rufy2","chr10","+",62838724,62840555,1831,"Regular (>50bp)",-0.102,0.000140729301193923
"chr11:102291462:102291624:102291486:102291624:102290440:102290606:A3SS","A3SS","ENSMUSG00000006575","Rundc3a","chr11","+",102291462,102291624,162,"Regular (>50bp)",-0.42,2.10490825695218e-09
"chr3:146390687:146390884:146368537:146391190:SE","SE","ENSMUSG00000048652","Samd13","chr3","-",146390687,146390884,197,"Regular (>50bp)",0.377,0.0163937500737733
"chr3:146390687:146390895:146386602:146391190:SE","SE","ENSMUSG00000048652","Samd13","chr3","-",146390687,146390895,208,"Regular (>50bp)",-0.103,0.0333825528160974
"chr14:47290306:47290570:47254252:47301676:SE","SE","ENSMUSG00000021838","Samd4","chr14","+",47290306,47290570,264,"Regular (>50bp)",-0.15,0.0145516858827349
"chr10:8626416:8627249:8626902:8627249:8621879:8621954:A5SS","A5SS","ENSMUSG00000015305","Sash1","chr10","-",8626416,8627249,833,"Regular (>50bp)",-0.123,1.0897282890926e-05
"chr5:130282779:130282850:130282779:130282845:130284050:130284151:A3SS","A3SS","ENSMUSG00000025337","Sbds","chr5","-",130282779,130282850,71,"Regular (>50bp)",-0.168,0.000140729301193923
"chr15:89191374:89191398:89191138:89191695:SE","SE","ENSMUSG00000036529","Sbf1","chr15","-",89191374,89191398,24,"Microexon (0-30bp)",0.134,0
"chr7:109940496:109940571:109939281:109948061:SE","SE","ENSMUSG00000038371","Sbf2","chr7","-",109940496,109940571,75,"Regular (>50bp)",0.239,2.67972427983008e-05
"chr16:90039414:90039846:90039540:90039759:RI","RI","ENSMUSG00000022983","Scaf4","chr16","-",90039414,90039846,432,"Regular (>50bp)",-0.108,0.00316482145610635
"chr16:90039414:90039846:90039606:90039759:RI","RI","ENSMUSG00000022983","Scaf4","chr16","-",90039414,90039846,432,"Regular (>50bp)",-0.171,0.000131936472472832
"chr15:75921305:75921389:75921150:75921898:SE","SE","ENSMUSG00000022568","Scrib","chr15","-",75921305,75921389,84,"Regular (>50bp)",-0.132,2.11757429750358e-07
"chr10:89481323:89481419:89481323:89481416:89481538:89481605:A3SS","A3SS","ENSMUSG00000069539","Scyl2","chr10","-",89481323,89481419,96,"Regular (>50bp)",0.109,0.0231831529907761
"chr16:35167968:35168163:35149983:35181930:SE","SE","ENSMUSG00000034473","Sec22a","chr16","-",35167968,35168163,195,"Regular (>50bp)",-0.144,1.3670622159289e-07
"chr14:20735279:20735348:20734089:20736576:SE","SE","ENSMUSG00000039367","Sec24c","chr14","+",20735279,20735348,69,"Regular (>50bp)",0.143,0.00375217365350685
"chr19:44531704:44531828:44524692:44532139:SE","SE","ENSMUSG00000051984","Sec31b","chr19","-",44531704,44531828,124,"Regular (>50bp)",0.165,0.00362022944500785
"chr2:5881651:5881812:5879229:5887391:SE","SE","ENSMUSG00000025816","Sec61a2","chr2","-",5881651,5881812,161,"Regular (>50bp)",0.101,0.03498916745618
"chr2:5887391:5887501:5881812:5891309:SE","SE","ENSMUSG00000025816","Sec61a2","chr2","-",5887391,5887501,110,"Regular (>50bp)",-0.139,0.0273040553546727
"chr11:120959860:120959914:120959672:120960413:SE","SE","ENSMUSG00000025165","Sectm1a","chr11","-",120959860,120959914,54,"Regular (>50bp)",0.276,3.3470602441056e-05
"chr15:88976906:88977110:88976906:88977052:88978339:88978526:A5SS","A5SS","ENSMUSG00000035757","Selenoo","chr15","+",88976906,88977110,204,"Regular (>50bp)",-0.115,5.43690670668787e-05
"chr3:88358651:88359093:88358804:88358994:RI","RI","ENSMUSG00000028064","Sema4a","chr3","-",88358651,88359093,442,"Regular (>50bp)",-0.251,0.000291015272638129
"chr9:59647222:59647334:59647222:59647315:59657544:59657654:A3SS","A3SS","ENSMUSG00000051705","Senp8","chr9","-",59647222,59647334,112,"Regular (>50bp)",-0.272,0.00104239855709609
"chr1:93407185:93407321:93406902:93416845:SE","SE","ENSMUSG00000026276","Septin2","chr1","+",93407185,93407321,136,"Regular (>50bp)",-0.169,0.0418270079576347
"chr17:6119573:6119663:6117935:6122108:SE","SE","ENSMUSG00000015659","Serac1","chr17","-",6119573,6119663,90,"Regular (>50bp)",0.163,0.0054059057236589
"chr16:93387143:93388191:93386973:93393185:SE","SE","ENSMUSG00000022948","Setd4","chr16","-",93387143,93388191,1048,"Regular (>50bp)",-0.186,0.0173250062120832
"chr16:93387143:93388191:93387761:93388191:93386798:93386973:A5SS","A5SS","ENSMUSG00000022948","Setd4","chr16","-",93387143,93388191,1048,"Regular (>50bp)",-0.217,0.00328867228726392
"chr16:93387761:93388191:93384788:93393185:SE","SE","ENSMUSG00000022948","Setd4","chr16","-",93387761,93388191,430,"Regular (>50bp)",0.209,0.000896301480330683
"chr16:93390134:93390220:93388191:93393185:SE","SE","ENSMUSG00000022948","Setd4","chr16","-",93390134,93390220,86,"Regular (>50bp)",0.142,0.000212681288948456
"chr8:96442980:96443122:96442591:96444820:SE","SE","ENSMUSG00000031671","Setd6","chr8","+",96442980,96443122,142,"Regular (>50bp)",-0.278,0.0369735612330791
"chr8:96443548:96443669:96443429:96444820:SE","SE","ENSMUSG00000031671","Setd6","chr8","+",96443548,96443669,121,"Regular (>50bp)",-0.106,0.00028535479141325
"chr1:55053641:55055649:55053721:55055534:RI","RI","ENSMUSG00000025982","Sf3b1","chr1","-",55053641,55055649,2008,"Regular (>50bp)",-0.129,1.67354590081309e-05
"chr11:3083071:3085542:3083207:3084625:RI","RI","ENSMUSG00000023764","Sfi1","chr11","-",3083071,3085542,2471,"Regular (>50bp)",-0.143,0.00032334952964401
"chr6:4711307:4711380:4694184:4746979:SE","SE","ENSMUSG00000004631","Sgce","chr6","-",4711307,4711380,73,"Regular (>50bp)",-0.315,0.00242929849777765
"chr4:102757722:102757734:102727921:102766004:SE","SE","ENSMUSG00000028524","Sgip1","chr4","+",102757722,102757734,12,"Microexon (0-30bp)",0.461,0.00482199685480026
"chr4:102762761:102762773:102727921:102766004:SE","SE","ENSMUSG00000028524","Sgip1","chr4","+",102762761,102762773,12,"Microexon (0-30bp)",0.167,0.012020875500013
"chr4:102791742:102791802:102786109:102813295:SE","SE","ENSMUSG00000028524","Sgip1","chr4","+",102791742,102791802,60,"Regular (>50bp)",0.135,0.00938056998262256
"chr19:32237375:32237497:32137763:32266940:SE","SE","ENSMUSG00000040451","Sgms1","chr19","-",32237375,32237497,122,"Regular (>50bp)",0.14,0.00324301571806219
"chr4:137980922:137981000:137977819:137981583:SE","SE","ENSMUSG00000045349","Sh2d5","chr4","+",137980922,137981000,78,"Regular (>50bp)",0.258,0.0165568200991455
"chr4:137981141:137981269:137977819:137981583:SE","SE","ENSMUSG00000045349","Sh2d5","chr4","+",137981141,137981269,128,"Regular (>50bp)",0.142,6.17558934727634e-05
"chr2:30239237:30239249:30238629:30240299:SE","SE","ENSMUSG00000026860","Sh3glb2","chr2","-",30239237,30239249,12,"Microexon (0-30bp)",0.228,1.00380021755475e-13
"chrX:158600237:158600294:158599702:158607470:SE","SE","ENSMUSG00000040990","Sh3kbp1","chrX","+",158600237,158600294,57,"Regular (>50bp)",-0.529,0.000846972086302339
"chrX:158600237:158600294:158607470:158607545:158599702:158611369:MXE","MXE","ENSMUSG00000040990","Sh3kbp1","chrX","+",158600237,158600294,57,"Regular (>50bp)",-0.412,0.0224781346466555
"chr19:47271459:47271543:47266869:47275043:SE","SE","ENSMUSG00000053617","Sh3pxd2a","chr19","-",47271459,47271543,84,"Regular (>50bp)",0.109,0.000899116199034486
"chr19:47308714:47308759:47302605:47331878:SE","SE","ENSMUSG00000053617","Sh3pxd2a","chr19","-",47308714,47308759,45,"Small (30-50bp)",0.181,0.0101520790751036
"chr11:32358967:32359051:32357666:32361456:SE","SE","ENSMUSG00000040711","Sh3pxd2b","chr11","+",32358967,32359051,84,"Regular (>50bp)",0.172,6.17558934727634e-05
"chr7:143961792:143961813:143960969:143963198:SE","SE","ENSMUSG00000037541","Shank2","chr7","+",143961792,143961813,21,"Microexon (0-30bp)",0.216,0.00367211715503187
"chr15:89422217:89422241:89417657:89427302:SE","SE","ENSMUSG00000022623","Shank3","chr15","+",89422217,89422241,24,"Microexon (0-30bp)",0.129,0.00370443296087122
"chr15:76231863:76232007:76231863:76231989:76232095:76232204:A3SS","A3SS","ENSMUSG00000022552","Sharpin","chr15","-",76231863,76232007,144,"Regular (>50bp)",0.154,0.0321576930219742
"chr2:122185955:122186096:122184678:122187563:SE","SE","ENSMUSG00000033256","Shf","chr2","-",122185955,122186096,141,"Regular (>50bp)",0.133,0.0225009965177799
"chr9:45858838:45858850:45858353:45859133:SE","SE","ENSMUSG00000034908","Sidt2","chr9","-",45858838,45858850,12,"Microexon (0-30bp)",0.156,5.41086159805272e-06
"chr9:45858926:45858995:45858353:45859133:SE","SE","ENSMUSG00000034908","Sidt2","chr9","-",45858926,45858995,69,"Regular (>50bp)",0.116,0.0271632014999059
"chr7:140671087:140671905:140671414:140671715:RI","RI","ENSMUSG00000025494","Sigirr","chr7","-",140671087,140671905,818,"Regular (>50bp)",-0.282,0.000579247121560944
"chr18:35626197:35626286:35626019:35631843:SE","SE","ENSMUSG00000024357","Sil1","chr18","-",35626197,35626286,89,"Regular (>50bp)",-0.151,0.00834411818933639
"chr19:5711623:5711651:5711139:5712615:SE","SE","ENSMUSG00000056917","Sipa1","chr19","-",5711623,5711651,28,"Microexon (0-30bp)",0.295,6.66291490053471e-05
"chr19:5711623:5711686:5711139:5712615:SE","SE","ENSMUSG00000056917","Sipa1","chr19","-",5711623,5711686,63,"Regular (>50bp)",0.266,0.000136639824794856
"chr8:126149931:126149985:126149441:126166002:SE","SE","ENSMUSG00000001995","Sipa1l2","chr8","-",126149931,126149985,54,"Regular (>50bp)",0.123,0.000471744621888916
"chr7:28467056:28467103:28466292:28471235:SE","SE","ENSMUSG00000015149","Sirt2","chr7","+",28467056,28467103,47,"Small (30-50bp)",0.106,2.07061881689525e-08
"chr11:120509197:120511095:120509875:120510988:RI","RI","ENSMUSG00000025138","Sirt7","chr11","-",120509197,120511095,1898,"Regular (>50bp)",-0.248,1.1759707130795e-08
"chr11:120509974:120510116:120509875:120510508:SE","SE","ENSMUSG00000025138","Sirt7","chr11","-",120509974,120510116,142,"Regular (>50bp)",-0.221,7.33897502342802e-06
"chr11:120509974:120510116:120509875:120510988:SE","SE","ENSMUSG00000025138","Sirt7","chr11","-",120509974,120510116,142,"Regular (>50bp)",-0.197,5.80152882256624e-11
"chr11:120511249:120511709:120511330:120511472:RI","RI","ENSMUSG00000025138","Sirt7","chr11","-",120511249,120511709,460,"Regular (>50bp)",-0.129,3.44666575063568e-07
"chr17:85923021:85925062:85923171:85924709:RI","RI","ENSMUSG00000093460","Six3os1","chr17","-",85923021,85925062,2041,"Regular (>50bp)",0.122,0.0333837196332725
"chr17:35065842:35066300:35065971:35066118:RI","RI","ENSMUSG00000040356","Skic2","chr17","-",35065842,35066300,458,"Regular (>50bp)",-0.141,3.79263820348647e-11
"chr3:31167556:31167789:31167556:31167651:31170964:31171188:A5SS","A5SS","ENSMUSG00000027660","Skil","chr3","+",31167556,31167789,233,"Regular (>50bp)",-0.133,6.01431442684028e-06
"chr11:52129077:52129177:52133231:52133301:52127760:52133413:MXE","MXE","ENSMUSG00000036309","Skp1","chr11","+",52129077,52129177,100,"Regular (>50bp)",0.226,0.0113879534396255
"chr1:74422783:74423332:74422903:74423182:RI","RI","ENSMUSG00000026177","Slc11a1","chr1","+",74422783,74423332,549,"Regular (>50bp)",-0.102,0.0227374019069446
"chr2:112146585:112146630:112097437:112163727:SE","SE","ENSMUSG00000027130","Slc12a6","chr2","+",112146585,112146630,45,"Small (30-50bp)",0.131,0.00283734158946604
"chr11:120844999:120845094:120839976:120846051:SE","SE","ENSMUSG00000025161","Slc16a3","chr11","+",120844999,120845094,95,"Regular (>50bp)",0.118,2.28682319126952e-06
"chr2:180373672:180374365:180373800:180374225:RI","RI","ENSMUSG00000023393","Slc17a9","chr2","+",180373672,180374365,693,"Regular (>50bp)",-0.269,0.0450248823019151
"chr2:180373672:180374365:180373870:180374225:RI","RI","ENSMUSG00000023393","Slc17a9","chr2","+",180373672,180374365,693,"Regular (>50bp)",-0.154,0.027300807172204
"chr11:120387839:120388287:120387932:120388209:RI","RI","ENSMUSG00000025792","Slc25a10","chr11","+",120387839,120388287,448,"Regular (>50bp)",-0.123,3.25231926847681e-08
"chrX:47717012:47717060:47713074:47718128:SE","SE","ENSMUSG00000031105","Slc25a14","chrX","+",47717012,47717060,48,"Small (30-50bp)",0.299,0.0103892994683788
"chr10:127010152:127010770:127010259:127010674:RI","RI","ENSMUSG00000040441","Slc26a10","chr10","-",127010152,127010770,618,"Regular (>50bp)",-0.105,0.00493589086652944
"chr5:67491848:67492011:67487294:67501872:SE","SE","ENSMUSG00000029221","Slc30a9","chr5","+",67491848,67492011,163,"Regular (>50bp)",0.167,0.0153099151197837
"chr13:39128475:39128630:39127142:39139624:SE","SE","ENSMUSG00000021432","Slc35b3","chr13","-",39128475,39128630,155,"Regular (>50bp)",-0.124,0.00343920122050433
"chr6:34149562:34149690:34147509:34153712:SE","SE","ENSMUSG00000018999","Slc35b4","chr6","-",34149562,34149690,128,"Regular (>50bp)",-0.138,0.00102158121601864
"chr6:39349012:39349071:39344700:39354552:SE","SE","ENSMUSG00000029924","Slc37a3","chr6","-",39349012,39349071,59,"Regular (>50bp)",0.136,0.00666265136344891
"chr11:119999292:119999316:119997436:120000257:SE","SE","ENSMUSG00000061306","Slc38a10","chr11","-",119999292,119999316,24,"Microexon (0-30bp)",0.174,0
"chr11:119999292:119999379:119997436:120000257:SE","SE","ENSMUSG00000061306","Slc38a10","chr11","-",119999292,119999379,87,"Regular (>50bp)",0.327,0
"chr11:119999292:119999316:120000257:120000362:119997436:120000891:MXE","MXE","ENSMUSG00000061306","Slc38a10","chr11","-",119999292,119999316,24,"Microexon (0-30bp)",-0.108,1.79724354088349e-05
"chr9:107532454:107532884:107532579:107532783:RI","RI","ENSMUSG00000010064","Slc38a3","chr9","-",107532454,107532884,430,"Regular (>50bp)",-0.14,0.000225691229839935
"chr12:73390442:73390522:73388534:73391566:SE","SE","ENSMUSG00000044712","Slc38a6","chr12","+",73390442,73390522,80,"Regular (>50bp)",0.319,0.0025309142595526
"chr11:113452831:113452950:113414450:113540767:SE","SE","ENSMUSG00000041654","Slc39a11","chr11","-",113452831,113452950,119,"Regular (>50bp)",0.224,0.0131015827208678
"chr10:80870751:80870843:80869767:80873037:SE","SE","ENSMUSG00000046822","Slc39a3","chr10","-",80870751,80870843,92,"Regular (>50bp)",0.104,1.39934540556634e-05
"chr10:80870751:80870843:80870751:80870839:80872821:80873084:A3SS","A3SS","ENSMUSG00000046822","Slc39a3","chr10","-",80870751,80870843,92,"Regular (>50bp)",0.195,0.0415685118354407
"chr6:90610592:90610737:90603433:90613838:SE","SE","ENSMUSG00000030089","Slc41a3","chr6","+",90610592,90610737,145,"Regular (>50bp)",0.122,0.0221691937209846
"chr6:90610592:90610737:90612231:90612378:90603433:90613838:MXE","MXE","ENSMUSG00000030089","Slc41a3","chr6","+",90610592,90610737,145,"Regular (>50bp)",-0.274,0.0209440224683263
"chr6:90612231:90612378:90603433:90613838:SE","SE","ENSMUSG00000030089","Slc41a3","chr6","+",90612231,90612378,147,"Regular (>50bp)",0.27,0.00296515827413826
"chr5:31705954:31706025:31705957:31706025:31697729:31697841:A3SS","A3SS","ENSMUSG00000029141","Slc4a1ap","chr5","+",31705954,31706025,71,"Regular (>50bp)",-0.235,0.0374205730114607
"chr1:75527398:75528026:75527579:75527890:RI","RI","ENSMUSG00000006576","Slc4a3","chr1","+",75527398,75528026,628,"Regular (>50bp)",-0.114,0.00318433761068787
"chr18:36662739:36662789:36662382:36662925:SE","SE","ENSMUSG00000024485","Slc4a9","chr18","+",36662739,36662789,50,"Small (30-50bp)",0.264,0.000194381456300803
"chr18:36664152:36664579:36664269:36664486:RI","RI","ENSMUSG00000024485","Slc4a9","chr18","+",36664152,36664579,427,"Regular (>50bp)",-0.403,0.00208347090961646
"chr4:139023084:139023244:139021903:139033753:SE","SE","ENSMUSG00000028744","Slc66a1","chr4","-",139023084,139023244,160,"Regular (>50bp)",-0.155,0.0162967028752829
"chr18:80315676:80315730:80306768:80334790:SE","SE","ENSMUSG00000034006","Slc66a2","chr18","+",80315676,80315730,54,"Regular (>50bp)",-0.121,0.0273691314620483
"chr17:81752297:81752401:81749652:81752915:SE","SE","ENSMUSG00000054640","Slc8a1","chr17","-",81752297,81752401,104,"Regular (>50bp)",-0.193,0.020952190180818
"chr3:135021641:135021711:135013542:135022814:SE","SE","ENSMUSG00000037994","Slc9b2","chr3","+",135021641,135021711,70,"Regular (>50bp)",0.121,0.00112495884205944
"chr3:135024040:135024221:135013542:135027646:SE","SE","ENSMUSG00000037994","Slc9b2","chr3","+",135024040,135024221,181,"Regular (>50bp)",0.13,0.00216689489824584
"chr11:83084868:83085035:83082234:83103369:SE","SE","ENSMUSG00000018986","Slfn3","chr11","+",83084868,83085035,167,"Regular (>50bp)",-0.152,0.0274917979431201
"chr19:47610674:47611133:47610805:47611009:RI","RI","ENSMUSG00000025060","Slk","chr19","+",47610674,47611133,459,"Regular (>50bp)",-0.103,0.000457927108723037
"chr9:70470095:70470143:70466383:70479430:SE","SE","ENSMUSG00000032212","Sltm","chr9","+",70470095,70470143,48,"Small (30-50bp)",-0.132,1.40492843640743e-09
"chr11:43327180:43327259:43324646:43328171:SE","SE","ENSMUSG00000020409","Slu7","chr11","+",43327180,43327259,79,"Regular (>50bp)",0.139,2.58850074362996e-06
"chr7:126291924:126291976:126291831:126294596:SE","SE","ENSMUSG00000059772","Slx1b","chr7","-",126291924,126291976,52,"Regular (>50bp)",-0.111,1.56988893225461e-05
"chr2:136846853:136846974:136842193:136885919:SE","SE","ENSMUSG00000027281","Slx4ip","chr2","+",136846853,136846974,121,"Regular (>50bp)",-0.22,0.00405321759899933
"chr19:26727251:26727347:26725944:26729223:SE","SE","ENSMUSG00000024921","Smarca2","chr19","+",26727251,26727347,96,"Regular (>50bp)",-0.161,0.0188214138995908
"chr19:26727251:26727347:26725903:26729223:SE","SE","ENSMUSG00000024921","Smarca2","chr19","+",26727251,26727347,96,"Regular (>50bp)",0.155,0.000475827687232523
"chr19:26737277:26737331:26729441:26748337:SE","SE","ENSMUSG00000024921","Smarca2","chr19","+",26737277,26737331,54,"Regular (>50bp)",-0.104,0.00063517275812959
"chr4:52440200:52440423:52439334:52447712:SE","SE","ENSMUSG00000028312","Smc2","chr4","+",52440200,52440423,223,"Regular (>50bp)",0.107,0.0106229348014032
"chr11:74872677:74872739:74837045:74880895:SE","SE","ENSMUSG00000038290","Smg6","chr11","+",74872677,74872739,62,"Regular (>50bp)",0.119,0.0106177511211038
"chr5:65608054:65608160:65607780:65617866:SE","SE","ENSMUSG00000037822","Smim14","chr5","-",65608054,65608160,106,"Regular (>50bp)",-0.122,0.011583997547782
"chr16:17443583:17444402:17443726:17444293:RI","RI","ENSMUSG00000005899","Smpd4","chr16","+",17443583,17444402,819,"Regular (>50bp)",-0.121,0.00423359691457605
"chr16:17453345:17453432:17449921:17456359:SE","SE","ENSMUSG00000005899","Smpd4","chr16","+",17453345,17453432,87,"Regular (>50bp)",0.13,0.00226307760004798
"chr5:144830889:144830967:144830117:144831283:SE","SE","ENSMUSG00000038780","Smurf1","chr5","-",144830889,144830967,78,"Regular (>50bp)",0.11,4.43877997109333e-08
"chr2:136611662:136611780:136605541:136611976:SE","SE","ENSMUSG00000027273","Snap25","chr2","+",136611662,136611780,118,"Regular (>50bp)",-0.111,0.000239161961537944
"chr9:86672108:86672192:86665487:86686507:SE","SE","ENSMUSG00000033419","Snap91","chr9","-",86672108,86672192,84,"Regular (>50bp)",0.209,1.80701390240478e-07
"chr9:86680590:86680752:86680882:86680897:86665487:86686507:MXE","MXE","ENSMUSG00000033419","Snap91","chr9","-",86680590,86680752,162,"Regular (>50bp)",0.172,0.0141406390881447
"chr9:86680882:86680897:86665487:86686507:SE","SE","ENSMUSG00000033419","Snap91","chr9","-",86680882,86680897,15,"Microexon (0-30bp)",0.195,0.000122089744963173
"chr2:26263330:26264197:26263478:26264032:RI","RI","ENSMUSG00000036281","Snapc4","chr2","-",26263330,26264197,867,"Regular (>50bp)",-0.143,0.00680141162367228
"chr2:26268172:26268291:26268079:26268505:SE","SE","ENSMUSG00000036281","Snapc4","chr2","-",26268172,26268291,119,"Regular (>50bp)",-0.164,7.76640955183628e-05
"chr11:6477996:6478374:6478305:6478374:6476354:6476437:A5SS","A5SS","ENSMUSG00000085156","Snhg15","chr11","-",6477996,6478374,378,"Regular (>50bp)",-0.112,2.76708655988589e-11
"chr11:116562488:116563181:116562488:116562582:116564763:116564897:A5SS","A5SS","ENSMUSG00000020812","Snhg16","chr11","+",116562488,116563181,693,"Regular (>50bp)",-0.184,0.0453332482981097
"chr2:158199117:158201251:158199183:158201101:RI","RI","ENSMUSG00000085385","Snhg17","chr2","-",158199117,158201251,2134,"Regular (>50bp)",-0.113,5.87915123489566e-05
"chr1:10012547:10012942:10012547:10012616:10014244:10014343:A3SS","A3SS","ENSMUSG00000098234","Snhg6","chr1","-",10012547,10012942,395,"Regular (>50bp)",-0.233,0.0382520656831627
"chr7:65719171:65720413:65719274:65720337:RI","RI","ENSMUSG00000030512","Snrpa1","chr7","+",65719171,65720413,1242,"Regular (>50bp)",-0.315,0
"chr19:5548207:5548534:5548329:5548423:RI","RI","ENSMUSG00000056185","Snx32","chr19","-",5548207,5548534,327,"Regular (>50bp)",-0.133,0.0326657820625489
"chr11:97267262:97267367:97263956:97268761:SE","SE","ENSMUSG00000038485","Socs7","chr11","+",97267262,97267367,105,"Regular (>50bp)",0.109,0.000297304927191256
"chr11:97267822:97267924:97263956:97268761:SE","SE","ENSMUSG00000038485","Socs7","chr11","+",97267822,97267924,102,"Regular (>50bp)",0.183,0.000425332355884638
"chr19:40287906:40288097:40287906:40287965:40288686:40288746:A3SS","A3SS","ENSMUSG00000025006","Sorbs1","chr19","-",40287906,40288097,191,"Regular (>50bp)",-0.122,5.52689372155272e-05
"chr19:40288686:40288746:40287965:40300112:SE","SE","ENSMUSG00000025006","Sorbs1","chr19","-",40288686,40288746,60,"Regular (>50bp)",0.28,3.82068214758142e-08
"chr19:40329128:40329194:40328590:40332799:SE","SE","ENSMUSG00000025006","Sorbs1","chr19","-",40329128,40329194,66,"Regular (>50bp)",0.184,0.00212376547718423
"chr19:40329128:40329194:40332799:40332883:40325479:40338342:MXE","MXE","ENSMUSG00000025006","Sorbs1","chr19","-",40329128,40329194,66,"Regular (>50bp)",-0.147,0.036465184818851
"chr19:40332799:40332883:40329194:40338342:SE","SE","ENSMUSG00000025006","Sorbs1","chr19","-",40332799,40332883,84,"Regular (>50bp)",-0.201,0.0250455332194039
"chr19:40365088:40365247:40362061:40365427:SE","SE","ENSMUSG00000025006","Sorbs1","chr19","-",40365088,40365247,159,"Regular (>50bp)",0.126,0.000149434302068747
"chr19:40371199:40371226:40371077:40381831:SE","SE","ENSMUSG00000025006","Sorbs1","chr19","-",40371199,40371226,27,"Microexon (0-30bp)",0.149,0.0343502534780225
"chr1:85570923:85571067:85570368:85572304:SE","SE","ENSMUSG00000070031","Sp140","chr1","+",85570923,85571067,144,"Regular (>50bp)",-0.183,0.0326254926426773
"chr2:72800498:72801858:72809241:72809373:72771083:72809830:MXE","MXE","ENSMUSG00000027109","Sp3","chr2","-",72800498,72801858,1360,"Regular (>50bp)",0.137,0.000796796555908582
"chr11:93970024:93970036:93962512:93971565:SE","SE","ENSMUSG00000020859","Spag9","chr11","+",93970024,93970036,12,"Microexon (0-30bp)",0.196,0.00595332956613346
"chr2:167331088:167331288:167328412:167334678:SE","SE","ENSMUSG00000047030","Spata2","chr2","-",167331088,167331288,200,"Regular (>50bp)",-0.36,0.00626746644326413
"chr3:37484194:37484253:37485781:37486426:37480395:37487286:MXE","MXE","ENSMUSG00000027722","Spata5","chr3","+",37484194,37484253,59,"Regular (>50bp)",0.103,0.0179975902670082
"chr4:111603337:111603475:111577454:111631995:SE","SE","ENSMUSG00000034401","Spata6","chr4","+",111603337,111603475,138,"Regular (>50bp)",0.11,0.0214906933101873
"chr14:30722634:30722860:30722717:30722800:RI","RI","ENSMUSG00000021917","Spcs1","chr14","-",30722634,30722860,226,"Regular (>50bp)",-0.149,0.027075756776012
"chr7:99498363:99498459:99498266:99505619:SE","SE","ENSMUSG00000035227","Spcs2","chr7","-",99498363,99498459,96,"Regular (>50bp)",0.272,0.0107292740115184
"chr7:99498363:99498459:99498266:99512434:SE","SE","ENSMUSG00000035227","Spcs2","chr7","-",99498363,99498459,96,"Regular (>50bp)",-0.291,0.0278011855647572
"chr11:116424795:116425144:116424795:116424999:116425674:116425827:A5SS","A5SS","ENSMUSG00000061878","Sphk1","chr11","+",116424795,116425144,349,"Regular (>50bp)",0.166,0.0120974083148605
"chr11:116425674:116426000:116425827:116425905:RI","RI","ENSMUSG00000061878","Sphk1","chr11","+",116425674,116426000,326,"Regular (>50bp)",0.101,0.00561547302695645
"chr7:125972941:125974375:125973008:125974238:RI","RI","ENSMUSG00000030741","Spns1","chr7","-",125972941,125974375,1434,"Regular (>50bp)",-0.183,0.000448951937001195
"chr3:37694668:37694957:37694213:37696703:SE","SE","ENSMUSG00000037211","Spry1","chr3","+",37694668,37694957,289,"Regular (>50bp)",-0.151,0.040402602286648
"chr2:29891111:29891171:29890074:29892242:SE","SE","ENSMUSG00000057738","Sptan1","chr2","+",29891111,29891171,60,"Regular (>50bp)",0.114,5.25885650815677e-12
"chr2:157300762:157300780:157300553:157304629:SE","SE","ENSMUSG00000027646","Src","chr2","+",157300762,157300780,18,"Microexon (0-30bp)",0.119,0.042033003448259
"chr13:103900803:103900927:103900514:103905824:SE","SE","ENSMUSG00000032621","Srek1","chr13","-",103900803,103900927,124,"Regular (>50bp)",0.134,5.42052117477125e-11
"chr5:23745372:23745501:23745372:23745479:23746106:23747116:A3SS","A3SS","ENSMUSG00000062604","Srpk2","chr5","-",23745372,23745501,129,"Regular (>50bp)",0.343,0.000277246123778562
"chr5:23829050:23829124:23821388:23834329:SE","SE","ENSMUSG00000062604","Srpk2","chr5","-",23829050,23829124,74,"Regular (>50bp)",0.122,0.000564037152780279
"chr5:23834329:23834475:23753561:23880717:SE","SE","ENSMUSG00000062604","Srpk2","chr5","-",23834329,23834475,146,"Regular (>50bp)",-0.221,0.0395638626112205
"chr4:135071809:135074168:135071980:135074045:RI","RI","ENSMUSG00000028809","Srrm1","chr4","-",135071809,135074168,2359,"Regular (>50bp)",-0.186,0
"chr5:135895980:135896000:135886069:135897026:SE","SE","ENSMUSG00000039860","Srrm3","chr5","+",135895980,135896000,20,"Microexon (0-30bp)",0.114,0.00026876094254613
"chr5:116592731:116592747:116591772:116605490:SE","SE","ENSMUSG00000063919","Srrm4","chr5","-",116592731,116592747,16,"Microexon (0-30bp)",0.128,0.00306135752008045
"chr2:162773913:162775470:162774062:162775345:RI","RI","ENSMUSG00000016921","Srsf6","chr2","+",162773913,162775470,1557,"Regular (>50bp)",-0.118,3.49662058711641e-05
"chr5:115466405:115466763:115465757:115468556:SE","SE","ENSMUSG00000029538","Srsf9","chr5","+",115466405,115466763,358,"Regular (>50bp)",0.109,0.0321221891972023
"chr4:106884413:106884494:106866965:106885389:SE","SE","ENSMUSG00000061887","Ssbp3","chr4","+",106884413,106884494,81,"Regular (>50bp)",0.101,1.90927258199199e-05
"chr19:4314341:4315177:4314488:4315130:RI","RI","ENSMUSG00000034616","Ssh3","chr19","-",4314341,4315177,836,"Regular (>50bp)",-0.277,0.000863807578414487
"chr19:4316402:4316665:4316474:4316549:RI","RI","ENSMUSG00000034616","Ssh3","chr19","-",4316402,4316665,263,"Regular (>50bp)",-0.109,3.20985041451668e-07
"chr13:38167070:38167085:38163782:38167368:SE","SE","ENSMUSG00000021427","Ssr1","chr13","-",38167070,38167085,15,"Microexon (0-30bp)",0.156,2.10734500767394e-08
"chr6:17850355:17850424:17848078:17852256:SE","SE","ENSMUSG00000029534","St7","chr6","+",17850355,17850424,69,"Regular (>50bp)",0.107,0.00997582977773716
"chr17:56307479:56308001:56307614:56307900:RI","RI","ENSMUSG00000038781","Stap2","chr17","-",56307479,56308001,522,"Regular (>50bp)",-0.227,0.019853568511796
"chr7:100992390:100992494:100971240:100994841:SE","SE","ENSMUSG00000030688","Stard10","chr7","+",100992390,100992494,104,"Regular (>50bp)",0.239,4.97860633454228e-05
"chr1:16301226:16301315:16300090:16415927:SE","SE","ENSMUSG00000025920","Stau2","chr1","-",16301226,16301315,89,"Regular (>50bp)",-0.106,0.00747971435750785
"chr7:102082403:102082440:102080158:102084590:SE","SE","ENSMUSG00000030987","Stim1","chr7","+",102082403,102082440,37,"Small (30-50bp)",0.188,1.77318356076807e-11
"chr1:93553772:93554855:93553930:93554746:RI","RI","ENSMUSG00000026277","Stk25","chr1","-",93553772,93554855,1083,"Regular (>50bp)",-0.153,0
"chr15:35115083:35115104:35114803:35115710:SE","SE","ENSMUSG00000022329","Stk3","chr15","-",35115083,35115104,21,"Microexon (0-30bp)",0.135,2.32344502416303e-10
"chr8:47644667:47644721:47639607:47644873:SE","SE","ENSMUSG00000038143","Stox2","chr8","-",47644667,47644721,54,"Regular (>50bp)",0.109,3.06426728887984e-06
"chr11:106071780:106071809:106064607:106077950:SE","SE","ENSMUSG00000069631","Strada","chr11","-",106071780,106071809,29,"Microexon (0-30bp)",0.157,0.000900127417551208
"chr11:106075387:106075445:106064607:106077950:SE","SE","ENSMUSG00000069631","Strada","chr11","-",106075387,106075445,58,"Regular (>50bp)",0.103,0.000602301753398828
"chr11:106077926:106078006:106077950:106078006:106064504:106064607:A5SS","A5SS","ENSMUSG00000069631","Strada","chr11","-",106077926,106078006,80,"Regular (>50bp)",0.145,0.000707989276866362
"chr15:83962969:83963098:83961783:83964387:SE","SE","ENSMUSG00000018865","Sult4a1","chr15","-",83962969,83963098,129,"Regular (>50bp)",0.201,0
"chr5:139215507:139215699:139212640:139219225:SE","SE","ENSMUSG00000036817","Sun1","chr5","+",139215507,139215699,192,"Regular (>50bp)",0.156,5.07816002564625e-05
"chr5:139216527:139216593:139212640:139219225:SE","SE","ENSMUSG00000036817","Sun1","chr5","+",139216527,139216593,66,"Regular (>50bp)",0.152,0.00473141441470963
"chr5:139216881:139216992:139212640:139219225:SE","SE","ENSMUSG00000036817","Sun1","chr5","+",139216881,139216992,111,"Regular (>50bp)",0.119,6.63382162493851e-06
"chr2:26805607:26806018:26805761:26805966:RI","RI","ENSMUSG00000015790","Surf1","chr2","-",26805607,26806018,411,"Regular (>50bp)",-0.159,0.0307795168678448
"chr2:26805607:26806018:26805796:26805966:RI","RI","ENSMUSG00000015790","Surf1","chr2","-",26805607,26806018,411,"Regular (>50bp)",-0.143,0.0268324631261363
"chr2:26807439:26809067:26807543:26808876:RI","RI","ENSMUSG00000014873","Surf2","chr2","+",26807439,26809067,1628,"Regular (>50bp)",-0.121,0.031735244833452
"chr2:26807439:26809067:26807543:26808940:RI","RI","ENSMUSG00000014873","Surf2","chr2","+",26807439,26809067,1628,"Regular (>50bp)",-0.106,0.00060563470719815
"chr9:88362658:88362818:88361965:88364108:SE","SE","ENSMUSG00000032423","Syncrip","chr9","-",88362658,88362818,160,"Regular (>50bp)",-0.109,0.00252005345171679
"chr16:90743902:90743941:90743750:90747238:SE","SE","ENSMUSG00000022973","Synj1","chr16","-",90743902,90743941,39,"Small (30-50bp)",0.204,3.69833523303806e-07
"chr16:90744953:90745001:90743941:90747238:SE","SE","ENSMUSG00000022973","Synj1","chr16","-",90744953,90745001,48,"Small (30-50bp)",0.254,1.25703508435077e-06
"chr16:90746586:90746625:90743941:90747238:SE","SE","ENSMUSG00000022973","Synj1","chr16","-",90746586,90746625,39,"Small (30-50bp)",0.218,0.00997582977773716
"chr1:192581158:192581215:192579928:192584059:SE","SE","ENSMUSG00000016200","Syt14","chr1","-",192581158,192581215,57,"Regular (>50bp)",0.138,4.68941849784433e-05
"chr1:192669025:192669190:192709277:192709325:192584249:192717930:MXE","MXE","ENSMUSG00000016200","Syt14","chr1","-",192669025,192669190,165,"Regular (>50bp)",0.121,0.000505389250150862
"chr19:6099179:6099927:6099283:6099800:RI","RI","ENSMUSG00000024807","Syvn1","chr19","+",6099179,6099927,748,"Regular (>50bp)",-0.145,1.22449235936184e-09
"chr19:6100551:6101099:6100715:6100970:RI","RI","ENSMUSG00000024807","Syvn1","chr19","+",6100551,6101099,548,"Regular (>50bp)",-0.107,9.35291371232926e-10
"chrX:84619155:84619216:84617771:84637257:SE","SE","ENSMUSG00000035476","Tab3","chrX","+",84619155,84619216,61,"Regular (>50bp)",-0.105,0.00789784768877363
"chrX:84657576:84659035:84665159:84665253:84653190:84667947:MXE","MXE","ENSMUSG00000035476","Tab3","chrX","+",84657576,84659035,1459,"Regular (>50bp)",0.181,0.0123782803092309
"chr8:25669286:25669322:25668010:25671838:SE","SE","ENSMUSG00000065954","Tacc1","chr8","-",25669286,25669322,36,"Small (30-50bp)",0.109,2.91585154059633e-05
"chr7:130346256:130346346:130345414:130352919:SE","SE","ENSMUSG00000030852","Tacc2","chr7","+",130346256,130346346,90,"Regular (>50bp)",0.125,0.0278695748695838
"chrX:100634339:100634345:100634195:100637545:SE","SE","ENSMUSG00000031314","Taf1","chrX","+",100634339,100634345,6,"Microexon (0-30bp)",0.201,5.80152882256624e-11
"chr11:83379750:83379871:83364032:83388719:SE","SE","ENSMUSG00000020680","Taf15","chr11","+",83379750,83379871,121,"Regular (>50bp)",-0.286,0.0183158647410083
"chrX:73331783:73332119:73331825:73332053:RI","RI","ENSMUSG00000009995","Tafazzin","chrX","+",73331783,73332119,336,"Regular (>50bp)",-0.113,0
"chrX:73331783:73332119:73331825:73332056:RI","RI","ENSMUSG00000009995","Tafazzin","chrX","+",73331783,73332119,336,"Regular (>50bp)",-0.209,4.67734414358237e-09
"chrX:73332056:73332625:73332056:73332119:73332710:73332788:A5SS","A5SS","ENSMUSG00000009995","Tafazzin","chrX","+",73332056,73332625,569,"Regular (>50bp)",-0.23,8.00582751685832e-07
"chrX:73332267:73332320:73332589:73332625:73332119:73332710:MXE","MXE","ENSMUSG00000009995","Tafazzin","chrX","+",73332267,73332320,53,"Regular (>50bp)",0.254,2.66259236880691e-12
"chrX:73332267:73332320:73332534:73332625:73332119:73332710:MXE","MXE","ENSMUSG00000009995","Tafazzin","chrX","+",73332267,73332320,53,"Regular (>50bp)",0.284,0
"chrX:73332534:73332625:73332119:73332710:SE","SE","ENSMUSG00000009995","Tafazzin","chrX","+",73332534,73332625,91,"Regular (>50bp)",-0.351,0.00016329618048729
"chrX:73332534:73332625:73332320:73332710:SE","SE","ENSMUSG00000009995","Tafazzin","chrX","+",73332534,73332625,91,"Regular (>50bp)",-0.346,1.28203538694441e-10
"chrX:73332589:73332625:73332119:73332710:SE","SE","ENSMUSG00000009995","Tafazzin","chrX","+",73332589,73332625,36,"Small (30-50bp)",-0.365,0.000452701285271854
"chrX:73332589:73332625:73332320:73332710:SE","SE","ENSMUSG00000009995","Tafazzin","chrX","+",73332589,73332625,36,"Small (30-50bp)",-0.314,3.98683260318424e-10
"chr8:127189921:127189974:127188174:127193772:SE","SE","ENSMUSG00000090290","Tarbp1","chr8","-",127189921,127189974,53,"Regular (>50bp)",0.107,5.95577614460032e-07
"chr15:102428909:102429012:102427037:102429572:SE","SE","ENSMUSG00000023051","Tarbp2","chr15","+",102428909,102429012,103,"Regular (>50bp)",-0.142,0.0347496144419432
"chr11:50054988:50055039:50054723:50059522:SE","SE","ENSMUSG00000036644","Tbc1d9b","chr11","+",50054988,50055039,51,"Regular (>50bp)",0.261,1.62944918111763e-07
"chr11:50058995:50059052:50054723:50059522:SE","SE","ENSMUSG00000036644","Tbc1d9b","chr11","+",50058995,50059052,57,"Regular (>50bp)",0.132,2.08276753500005e-06
"chr3:22143576:22143686:22131591:22203105:SE","SE","ENSMUSG00000027630","Tbl1xr1","chr3","+",22143576,22143686,110,"Regular (>50bp)",-0.127,0.000766952299439338
"chr17:15721415:15721619:15721464:15721573:RI","RI","ENSMUSG00000014767","Tbp","chr17","+",15721415,15721619,204,"Regular (>50bp)",-0.142,4.91901334480113e-12
"chr19:55905770:55905911:55905785:55905911:55900990:55901077:A3SS","A3SS","ENSMUSG00000024985","Tcf7l2","chr19","+",55905770,55905911,141,"Regular (>50bp)",0.123,0.0103281024486097
"chr17:28554458:28555547:28554470:28555484:RI","RI","ENSMUSG00000002249","Tead3","chr17","-",28554458,28555547,1089,"Regular (>50bp)",-0.163,0.0413207006968057
"chr12:113121090:113121347:113121197:113121347:113120780:113120983:A3SS","A3SS","ENSMUSG00000037466","Tedc1","chr12","+",113121090,113121347,257,"Regular (>50bp)",-0.153,0.00032009852642027
"chr17:24439225:24439589:24439284:24439495:RI","RI","ENSMUSG00000024118","Tedc2","chr17","-",24439225,24439589,364,"Regular (>50bp)",-0.145,0.0305090331078632
"chr8:48740167:48740188:48732225:48740825:SE","SE","ENSMUSG00000031561","Tenm3","chr8","-",48740167,48740188,21,"Microexon (0-30bp)",0.191,3.21771505736489e-10
"chr8:48766272:48766299:48763804:48820345:SE","SE","ENSMUSG00000031561","Tenm3","chr8","-",48766272,48766299,27,"Microexon (0-30bp)",0.204,0.0346103153099895
"chr7:96378555:96378732:96353368:96384891:SE","SE","ENSMUSG00000048078","Tenm4","chr7","+",96378555,96378732,177,"Regular (>50bp)",0.193,0.0109442627828499
"chr7:96454311:96454338:96446712:96461039:SE","SE","ENSMUSG00000048078","Tenm4","chr7","+",96454311,96454338,27,"Microexon (0-30bp)",0.102,6.02621193284705e-06
"chr14:51070337:51070488:51069296:51070910:SE","SE","ENSMUSG00000006281","Tep1","chr14","-",51070337,51070488,151,"Regular (>50bp)",-0.126,4.46019730764414e-05
"chr5:118194441:118194709:118194508:118194601:RI","RI","ENSMUSG00000029359","Tesc","chr5","+",118194441,118194709,268,"Regular (>50bp)",0.127,6.36766601400259e-06
"chr11:106404412:106404538:106404412:106404532:106410707:106410840:A3SS","A3SS","ENSMUSG00000040548","Tex2","chr11","-",106404412,106404538,126,"Regular (>50bp)",-0.101,1.24102950139055e-11
"chr5:137577140:137577304:137576067:137578428:SE","SE","ENSMUSG00000029716","Tfr2","chr5","+",137577140,137577304,164,"Regular (>50bp)",0.13,0.0109212511159536
"chr8:4300466:4300921:4300625:4300848:RI","RI","ENSMUSG00000089736","Tgfbr3l","chr8","+",4300466,4300921,455,"Regular (>50bp)",-0.16,0.0356460749822249
"chr3:89130309:89130830:89130469:89130711:RI","RI","ENSMUSG00000028047","Thbs3","chr3","+",89130309,89130830,521,"Regular (>50bp)",-0.115,0.00457159489428158
"chr18:9959097:9959315:9959097:9959171:9960485:9960552:A5SS","A5SS","ENSMUSG00000024287","Thoc1","chr18","+",9959097,9959315,218,"Regular (>50bp)",-0.102,1.82899828776282e-07
"chr18:9986288:9986603:9986355:9986552:RI","RI","ENSMUSG00000024287","Thoc1","chr18","+",9986288,9986603,315,"Regular (>50bp)",-0.157,0.00275968416911588
"chr11:4861434:4861470:4860759:4862780:SE","SE","ENSMUSG00000034274","Thoc5","chr11","+",4861434,4861470,36,"Small (30-50bp)",0.174,0
"chr6:86401943:86402185:86401943:86402052:86402431:86402527:A5SS","A5SS","ENSMUSG00000071337","Tia1","chr6","+",86401943,86402185,242,"Regular (>50bp)",-0.122,1.72326449070029e-09
"chr7:128045530:128046128:128045670:128046004:RI","RI","ENSMUSG00000030846","Tial1","chr7","-",128045530,128046128,598,"Regular (>50bp)",-0.158,0
"chr7:128048454:128048522:128047994:128049844:SE","SE","ENSMUSG00000030846","Tial1","chr7","-",128048454,128048522,68,"Regular (>50bp)",-0.105,0.000424432847698657
"chr18:84965958:84967416:84966064:84967318:RI","RI","ENSMUSG00000024645","Timm21","chr18","-",84965958,84967416,1458,"Regular (>50bp)",-0.128,0.00148640756890595
"chr7:126417465:126417565:126416483:126418995:SE","SE","ENSMUSG00000058966","Tlcd3b","chr7","+",126417465,126417565,100,"Regular (>50bp)",-0.153,0.00957196931605333
"chr9:61309134:61309339:61309137:61309339:61301889:61301994:A3SS","A3SS","ENSMUSG00000032280","Tle3","chr9","+",61309134,61309339,205,"Regular (>50bp)",0.105,0.0415685118354407
"chr8:66935157:66935251:66935157:66935195:66936709:66936822:A3SS","A3SS","ENSMUSG00000025591","Tma16","chr8","-",66935157,66935251,94,"Regular (>50bp)",0.129,3.39356383240859e-08
"chr1:74330853:74332047:74330893:74331993:RI","RI","ENSMUSG00000006301","Tmbim1","chr1","-",74330853,74332047,1194,"Regular (>50bp)",-0.154,0.0190393455686343
"chr11:117674935:117675021:117674938:117675021:117674596:117674746:A3SS","A3SS","ENSMUSG00000050106","Tmc8","chr11","+",117674935,117675021,86,"Regular (>50bp)",0.102,0.00112538108907413
"chr7:30428081:30428166:30427714:30428626:SE","SE","ENSMUSG00000006315","Tmem147","chr7","-",30428081,30428166,85,"Regular (>50bp)",0.195,0.0289405473261721
"chrX:141465286:141465945:141464552:141535035:SE","SE","ENSMUSG00000047045","Tmem164","chrX","+",141465286,141465945,659,"Regular (>50bp)",0.137,9.66763557410396e-07
"chr6:48817294:48817387:48815296:48818281:SE","SE","ENSMUSG00000029810","Tmem176b","chr6","-",48817294,48817387,93,"Regular (>50bp)",0.225,0.00013436132024623
"chr16:17094825:17095114:17094903:17095057:RI","RI","ENSMUSG00000055692","Tmem191","chr16","+",17094825,17095114,289,"Regular (>50bp)",-0.14,0.000709746373298683
"chr16:17095205:17095456:17095265:17095391:RI","RI","ENSMUSG00000055692","Tmem191","chr16","+",17095205,17095456,251,"Regular (>50bp)",0.146,1.7376908758604e-05
"chr8:106054953:106055324:106055116:106055239:RI","RI","ENSMUSG00000014856","Tmem208","chr8","+",106054953,106055324,371,"Regular (>50bp)",-0.145,6.72179682503101e-05
"chr11:66916734:66916764:66920791:66920852:66916097:66921887:MXE","MXE","ENSMUSG00000050270","Tmem220","chr11","+",66916734,66916764,30,"Microexon (0-30bp)",-0.111,0.00439939489296578
"chr18:12126620:12126685:12176270:12176364:12116699:12180621:MXE","MXE","ENSMUSG00000049411","Tmem241","chr18","-",12126620,12126685,65,"Regular (>50bp)",0.234,0.00122679757021273
"chr16:38405980:38406042:38405880:38406582:SE","SE","ENSMUSG00000002845","Tmem39a","chr16","+",38405980,38406042,62,"Regular (>50bp)",0.13,0.0333520637181057
"chr16:30359556:30362306:30359727:30362219:RI","RI","ENSMUSG00000022537","Tmem44","chr16","-",30359556,30362306,2750,"Regular (>50bp)",-0.196,0.0398052900054686
"chr4:155553759:155553960:155553803:155553918:RI","RI","ENSMUSG00000023153","Tmem52","chr4","+",155553759,155553960,201,"Regular (>50bp)",0.361,0.00519728138924144
"chr4:3554353:3554414:3551891:3560498:SE","SE","ENSMUSG00000028232","Tmem68","chr4","-",3554353,3554414,61,"Regular (>50bp)",0.133,4.37655541718684e-05
"chr4:43681045:43681314:43680792:43681958:SE","SE","ENSMUSG00000078716","Tmem8b","chr4","+",43681045,43681314,269,"Regular (>50bp)",0.15,0.00215412087797802
"chr11:102176489:102176544:102175914:102178133:SE","SE","ENSMUSG00000034757","Tmub2","chr11","+",102176489,102176544,55,"Regular (>50bp)",0.101,0.00667402540408593
"chr12:111414680:111415073:111414803:111414972:RI","RI","ENSMUSG00000021281","Tnfaip2","chr12","+",111414680,111415073,393,"Regular (>50bp)",-0.184,5.51753155598114e-07
"chr3:28679347:28679371:28677257:28684579:SE","SE","ENSMUSG00000027692","Tnik","chr3","+",28679347,28679371,24,"Microexon (0-30bp)",0.176,3.79978041575934e-08
"chr11:54831536:54831708:54830561:54846846:SE","SE","ENSMUSG00000020400","Tnip1","chr11","-",54831536,54831708,172,"Regular (>50bp)",-0.105,9.86385485281311e-05
"chr16:32499723:32499813:32499625:32499969:SE","SE","ENSMUSG00000022791","Tnk2","chr16","+",32499723,32499813,90,"Regular (>50bp)",-0.106,4.2247188603458e-07
"chr7:4516579:4516612:4515282:4516809:SE","SE","ENSMUSG00000064179","Tnnt1","chr7","-",4516579,4516612,33,"Small (30-50bp)",0.147,0.0172471027025576
"chr5:142750523:142750652:142748916:142750805:SE","SE","ENSMUSG00000039477","Tnrc18","chr5","-",142750523,142750652,129,"Regular (>50bp)",-0.125,5.6780257952858e-05
"chr7:122779471:122779618:122779082:122779762:SE","SE","ENSMUSG00000052707","Tnrc6a","chr7","+",122779471,122779618,147,"Regular (>50bp)",-0.101,0.003340632583046
"chr11:117640402:117643970:117640402:117640643:117646788:117646932:A5SS","A5SS","ENSMUSG00000025571","Tnrc6c","chr11","+",117640402,117643970,3568,"Regular (>50bp)",-0.141,0.0443497477272943
"chr17:72002691:72002738:71998631:72004827:SE","SE","ENSMUSG00000045761","Togaram2","chr17","+",72002691,72002738,47,"Small (30-50bp)",0.161,0.000722167580853768
"chr8:75774620:75774705:75760455:75781204:SE","SE","ENSMUSG00000042870","Tom1","chr8","+",75774620,75774705,85,"Regular (>50bp)",0.196,0.0147157502727144
"chr8:75774620:75774705:75778777:75778924:75760455:75781204:MXE","MXE","ENSMUSG00000042870","Tom1","chr8","+",75774620,75774705,85,"Regular (>50bp)",0.146,0.0213783466555872
"chr8:75776817:75776896:75774705:75778550:SE","SE","ENSMUSG00000042870","Tom1","chr8","+",75776817,75776896,79,"Regular (>50bp)",0.213,0.000581633249307326
"chr11:60129835:60129898:60123783:60132643:SE","SE","ENSMUSG00000000538","Tom1l2","chr11","-",60129835,60129898,63,"Regular (>50bp)",-0.151,6.10806624409645e-06
"chr1:155916820:155916880:155911666:155927039:SE","SE","ENSMUSG00000050565","Tor1aip2","chr1","+",155916820,155916880,60,"Regular (>50bp)",0.159,0.00488188199476449
"chr1:155916820:155916880:155911837:155927039:SE","SE","ENSMUSG00000050565","Tor1aip2","chr1","+",155916820,155916880,60,"Regular (>50bp)",0.23,3.69639618774493e-08
"chr1:155916820:155916880:155911837:155935156:SE","SE","ENSMUSG00000050565","Tor1aip2","chr1","+",155916820,155916880,60,"Regular (>50bp)",0.165,0.0340293557953583
"chr1:155916820:155916880:155916748:155927039:SE","SE","ENSMUSG00000050565","Tor1aip2","chr1","+",155916820,155916880,60,"Regular (>50bp)",0.132,0
"chr1:155916820:155916880:155916748:155935156:SE","SE","ENSMUSG00000050565","Tor1aip2","chr1","+",155916820,155916880,60,"Regular (>50bp)",0.298,0
"chr2:30845779:30845965:30845789:30845965:30843763:30844020:A3SS","A3SS","ENSMUSG00000026848","Tor1b","chr2","+",30845779,30845965,186,"Regular (>50bp)",-0.109,0.0141484195638019
"chr7:144809616:144809698:144750520:144810250:SE","SE","ENSMUSG00000048677","Tpcn2","chr7","-",144809616,144809698,82,"Regular (>50bp)",0.122,0.0368168755188428
"chr7:144815297:144815416:144814737:144815669:SE","SE","ENSMUSG00000048677","Tpcn2","chr7","-",144815297,144815416,119,"Regular (>50bp)",-0.124,0.031784210700594
"chr3:9008610:9008637:9000100:9009670:SE","SE","ENSMUSG00000027506","Tpd52","chr3","-",9008610,9008637,27,"Microexon (0-30bp)",0.314,4.42357879944787e-07
"chr2:181152296:181152323:181150060:181153366:SE","SE","ENSMUSG00000000827","Tpd52l2","chr2","+",181152296,181152323,27,"Microexon (0-30bp)",0.106,0.000429899112835956
"chr9:66929874:66931847:66929874:66930723:66938310:66938380:A3SS","A3SS","ENSMUSG00000032366","Tpm1","chr9","-",66929874,66931847,1973,"Regular (>50bp)",0.12,4.82920817990878e-06
"chr9:66936945:66937024:66931847:66938310:SE","SE","ENSMUSG00000032366","Tpm1","chr9","-",66936945,66937024,79,"Regular (>50bp)",-0.11,2.10576700045027e-07
"chr2:152696840:152696935:152696840:152696922:152709106:152709277:A5SS","A5SS","ENSMUSG00000027469","Tpx2","chr2","+",152696840,152696935,95,"Regular (>50bp)",0.137,0.010970030806289
"chr1:192877132:192877730:192877444:192877582:RI","RI","ENSMUSG00000037318","Traf3ip3","chr1","-",192877132,192877730,598,"Regular (>50bp)",-0.158,0.036013142268828
"chr9:107833592:107833628:107828371:107836014:SE","SE","ENSMUSG00000032586","Traip","chr9","+",107833592,107833628,36,"Small (30-50bp)",-0.128,0.00974138989966312
"chr9:107838740:107838854:107839452:107839540:107838271:107840029:MXE","MXE","ENSMUSG00000032586","Traip","chr9","+",107838740,107838854,114,"Regular (>50bp)",-0.138,0.0107258294217284
"chr18:20988877:20988895:20988133:20993489:SE","SE","ENSMUSG00000033382","Trappc8","chr18","-",20988877,20988895,18,"Microexon (0-30bp)",0.11,7.28534664518961e-06
"chr3:103260882:103260933:103259471:103261012:SE","SE","ENSMUSG00000033014","Trim33","chr3","+",103260882,103260933,51,"Regular (>50bp)",-0.121,0.00335937572756558
"chr3:89150890:89151234:89151456:89151718:89149825:89152426:MXE","MXE","ENSMUSG00000042766","Trim46","chr3","-",89150890,89151234,344,"Regular (>50bp)",-0.101,0.00460415925178283
"chr11:116018263:116018757:116018441:116018523:RI","RI","ENSMUSG00000054517","Trim65","chr11","-",116018263,116018757,494,"Regular (>50bp)",-0.14,0.0078899116968365
"chr12:70301811:70302000:70299258:70314835:SE","SE","ENSMUSG00000021071","Trim9","chr12","-",70301811,70302000,189,"Regular (>50bp)",0.124,0.0198005613735602
"chr12:70314007:70314040:70299258:70314835:SE","SE","ENSMUSG00000021071","Trim9","chr12","-",70314007,70314040,33,"Small (30-50bp)",0.201,5.72525237947919e-05
"chr15:85778378:85778484:85778221:85779126:SE","SE","ENSMUSG00000022386","Trmu","chr15","+",85778378,85778484,106,"Regular (>50bp)",-0.163,0.0119748671403484
"chr15:85780560:85781118:85780705:85781035:RI","RI","ENSMUSG00000022386","Trmu","chr15","+",85780560,85781118,558,"Regular (>50bp)",-0.129,1.08488507542471e-05
"chr5:144746960:144747014:144744201:144748704:SE","SE","ENSMUSG00000045482","Trrap","chr5","+",144746960,144747014,54,"Regular (>50bp)",0.283,0
"chr5:144747141:144747162:144744201:144748704:SE","SE","ENSMUSG00000045482","Trrap","chr5","+",144747141,144747162,21,"Microexon (0-30bp)",0.291,2.55299855330539e-11
"chr9:49383161:49383843:49383183:49383682:RI","RI","ENSMUSG00000040219","Ttc12","chr9","-",49383161,49383843,682,"Regular (>50bp)",-0.118,0.0140610320603552
"chr3:33857598:33857754:33857353:33858148:SE","SE","ENSMUSG00000027677","Ttc14","chr3","+",33857598,33857754,156,"Regular (>50bp)",-0.105,0.0225209941139902
"chr12:85890719:85890772:85890634:85892020:SE","SE","ENSMUSG00000012609","Ttll5","chr12","+",85890719,85890772,53,"Regular (>50bp)",-0.119,0.0001263137649096
"chr3:146647573:146647648:146645932:146649760:SE","SE","ENSMUSG00000036745","Ttll7","chr3","+",146647573,146647648,75,"Regular (>50bp)",0.158,7.11283720357769e-06
"chr10:39020370:39020568:39020370:39020558:39021568:39021709:A5SS","A5SS","ENSMUSG00000019845","Tube1","chr10","+",39020370,39020568,198,"Regular (>50bp)",-0.414,0.0132305913619172
"chr2:121019842:121020446:121019950:121020304:RI","RI","ENSMUSG00000027263","Tubgcp4","chr2","+",121019842,121020446,604,"Regular (>50bp)",-0.173,0.000147351464131598
"chr2:121019842:121020446:121019950:121020307:RI","RI","ENSMUSG00000027263","Tubgcp4","chr2","+",121019842,121020446,604,"Regular (>50bp)",-0.133,0.00587482012474934
"chr17:6168570:6168641:6157271:6227103:SE","SE","ENSMUSG00000034377","Tulp4","chr17","+",6168570,6168641,71,"Regular (>50bp)",0.184,0.0204387930651285
"chr4:129525072:129525503:129525147:129525383:RI","RI","ENSMUSG00000053841","Txlna","chr4","-",129525072,129525503,431,"Regular (>50bp)",-0.123,3.52027971989896e-11
"chr16:10911679:10911792:10909650:10922429:SE","SE","ENSMUSG00000022498","Txndc11","chr16","-",10911679,10911792,113,"Regular (>50bp)",0.108,0.0371320194437014
"chr10:82708771:82709109:82669865:82710446:SE","SE","ENSMUSG00000020250","Txnrd1","chr10","+",82708771,82709109,338,"Regular (>50bp)",-0.218,0.0166968571772713
"chr2:119642540:119643780:119642662:119643643:RI","RI","ENSMUSG00000027298","Tyro3","chr2","+",119642540,119643780,1240,"Regular (>50bp)",-0.211,0.00867085183605997
"chr17:31870619:31870686:31867868:31871475:SE","SE","ENSMUSG00000061613","U2af1","chr17","-",31870619,31870686,67,"Regular (>50bp)",0.111,6.54932274710704e-06
"chr17:31871475:31871542:31870686:31877626:SE","SE","ENSMUSG00000061613","U2af1","chr17","-",31871475,31871542,67,"Regular (>50bp)",0.188,0.0491627460477475
"chr4:41245455:41245492:41235594:41251534:SE","SE","ENSMUSG00000028433","Ubap2","chr4","-",41245455,41245492,37,"Small (30-50bp)",0.109,0
"chr1:91181481:91181549:91178159:91181936:SE","SE","ENSMUSG00000034343","Ube2f","chr1","+",91181481,91181549,68,"Regular (>50bp)",0.159,0.00125459239049319
"chr1:91181936:91182115:91189988:91190018:91178159:91192939:MXE","MXE","ENSMUSG00000034343","Ube2f","chr1","+",91181936,91182115,179,"Regular (>50bp)",-0.135,0.000170361482754721
"chr6:30242536:30242576:30221795:30260927:SE","SE","ENSMUSG00000039159","Ube2h","chr6","-",30242536,30242576,40,"Small (30-50bp)",0.13,0.000683516245056237
"chr2:167470988:167471208:167471089:167471208:167459748:167459897:A5SS","A5SS","ENSMUSG00000078923","Ube2v1","chr2","-",167470988,167471208,220,"Regular (>50bp)",0.119,0.000489555796845367
"chr16:15411554:15411622:15399071:15412323:SE","SE","ENSMUSG00000022674","Ube2v2","chr16","-",15411554,15411622,68,"Regular (>50bp)",0.129,0.000152305644525748
"chr5:114530158:114530244:114531137:114531220:114528547:114536468:MXE","MXE","ENSMUSG00000029577","Ube3b","chr5","+",114530158,114530244,86,"Regular (>50bp)",0.123,0.00145196307246551
"chr9:44871276:44871425:44874634:44874730:44864413:44876782:MXE","MXE","ENSMUSG00000059890","Ube4a","chr9","-",44871276,44871425,149,"Regular (>50bp)",-0.191,0.000729007131640944
"chr9:57818992:57819108:57818999:57819108:57818333:57818454:A3SS","A3SS","ENSMUSG00000055720","Ubl7","chr9","+",57818992,57819108,116,"Regular (>50bp)",0.462,0.000887228215938786
"chr6:38464042:38468866:38464085:38467318:RI","RI","ENSMUSG00000038538","Ubn2","chr6","+",38464042,38468866,4824,"Regular (>50bp)",-0.13,0.00535226183118554
"chr9:113785030:113785881:113785136:113785774:RI","RI","ENSMUSG00000009741","Ubp1","chr9","+",113785030,113785881,851,"Regular (>50bp)",-0.218,1.78181472998122e-08
"chr9:113788443:113788551:113788007:113793619:SE","SE","ENSMUSG00000009741","Ubp1","chr9","+",113788443,113788551,108,"Regular (>50bp)",-0.151,3.11368414230453e-08
"chr9:113799209:113799328:113801818:113801961:113798484:113802586:MXE","MXE","ENSMUSG00000009741","Ubp1","chr9","+",113799209,113799328,119,"Regular (>50bp)",0.103,0.00167940137324598
"chr17:47291245:47291344:47287016:47291414:SE","SE","ENSMUSG00000023977","Ubr2","chr17","-",47291245,47291344,99,"Regular (>50bp)",-0.15,1.30441165076963e-05
"chr4:139159792:139159825:139159072:139160930:SE","SE","ENSMUSG00000066036","Ubr4","chr4","+",139159792,139159825,33,"Small (30-50bp)",0.263,0
"chr8:46433351:46433676:46433504:46433609:RI","RI","ENSMUSG00000031634","Ufsp2","chr8","+",46433351,46433676,325,"Regular (>50bp)",-0.129,0.000176348592407567
"chr6:8401076:8401154:8270581:8426970:SE","SE","ENSMUSG00000089862","Umad1","chr6","+",8401076,8401154,78,"Regular (>50bp)",0.173,0.00871396253698632
"chr8:72115124:72115572:72115179:72115483:RI","RI","ENSMUSG00000034799","Unc13a","chr8","-",72115124,72115572,448,"Regular (>50bp)",-0.255,2.49896399869214e-11
"chr12:103016153:103016182:103013957:103025577:SE","SE","ENSMUSG00000021198","Unc79","chr12","+",103016153,103016182,29,"Microexon (0-30bp)",0.285,5.84596770543621e-05
"chrX:103539341:103539384:103526955:103543009:SE","SE","ENSMUSG00000073016","Uprt","chrX","+",103539341,103539384,43,"Small (30-50bp)",-0.101,0.0384734592046101
"chrX:103541880:103541950:103526955:103543009:SE","SE","ENSMUSG00000073016","Uprt","chrX","+",103541880,103541950,70,"Regular (>50bp)",-0.206,0.00221702495990371
"chr7:133292236:133292895:133292322:133292814:RI","RI","ENSMUSG00000030979","Uros","chr7","-",133292236,133292895,659,"Regular (>50bp)",-0.139,2.44705415395007e-07
"chr8:71843284:71843425:71843284:71843373:71843564:71843698:A3SS","A3SS","ENSMUSG00000034911","Ushbp1","chr8","-",71843284,71843425,141,"Regular (>50bp)",-0.303,0.000990952536673053
"chr7:6740563:6740633:6734301:6741854:SE","SE","ENSMUSG00000051527","Usp29","chr7","+",6740563,6740633,70,"Regular (>50bp)",-0.2,0.0308499708084042
"chr1:87895231:87895320:87894992:87903529:SE","SE","ENSMUSG00000005501","Usp40","chr1","-",87895231,87895320,89,"Regular (>50bp)",-0.197,7.82608919974478e-06
"chr1:87896117:87896171:87895320:87903529:SE","SE","ENSMUSG00000005501","Usp40","chr1","-",87896117,87896171,54,"Regular (>50bp)",0.264,0.00276681893539065
"chr4:21817500:21817644:21816938:21824416:SE","SE","ENSMUSG00000040455","Usp45","chr4","+",21817500,21817644,144,"Regular (>50bp)",-0.102,0.00213734272654972
"chr4:137365075:137365201:137362319:137371653:SE","SE","ENSMUSG00000043411","Usp48","chr4","+",137365075,137365201,126,"Regular (>50bp)",-0.126,2.87392006700783e-06
"chr5:149124517:149124644:149121616:149125154:SE","SE","ENSMUSG00000041264","Uspl1","chr5","+",149124517,149124644,127,"Regular (>50bp)",-0.159,5.78925058828962e-05
"chr5:149124517:149124686:149121616:149125154:SE","SE","ENSMUSG00000041264","Uspl1","chr5","+",149124517,149124686,169,"Regular (>50bp)",-0.165,0.000908714728491691
"chr2:27158162:27158249:27157396:27158910:SE","SE","ENSMUSG00000009621","Vav2","chr2","-",27158162,27158249,87,"Regular (>50bp)",0.112,6.20574366329859e-07
"chr8:23077568:23077618:23078741:23078810:23073752:23083699:MXE","MXE","ENSMUSG00000008892","Vdac3","chr8","-",23077568,23077618,50,"Small (30-50bp)",0.118,2.13007389505238e-12
"chr9:118898950:118899136:118897524:118899345:SE","SE","ENSMUSG00000038775","Vill","chr9","+",118898950,118899136,186,"Regular (>50bp)",0.141,0.0392330035078151
"chr9:44266995:44267726:44267147:44267591:RI","RI","ENSMUSG00000032127","Vps11","chr9","-",44266995,44267726,731,"Regular (>50bp)",-0.143,0.00019987150027412
"chr9:67773461:67773524:67768167:67778457:SE","SE","ENSMUSG00000035284","Vps13c","chr9","+",67773461,67773524,63,"Regular (>50bp)",0.127,0.0227523019080206
"chr9:67778134:67778200:67768167:67778457:SE","SE","ENSMUSG00000035284","Vps13c","chr9","+",67778134,67778200,66,"Regular (>50bp)",0.263,1.1670452762237e-05
"chr4:144830183:144830258:144826640:144832368:SE","SE","ENSMUSG00000020220","Vps13d","chr4","-",144830183,144830258,75,"Regular (>50bp)",0.21,0.0119748671403484
"chr10:62305679:62305836:62300517:62316336:SE","SE","ENSMUSG00000020078","Vps26a","chr10","-",62305679,62305836,157,"Regular (>50bp)",-0.216,3.14349710969308e-05
"chr5:122494856:122494868:122492539:122498075:SE","SE","ENSMUSG00000029462","Vps29","chr5","+",122494856,122494868,12,"Microexon (0-30bp)",0.112,1.87816700589279e-05
"chr5:122494856:122494868:122492539:122498091:SE","SE","ENSMUSG00000029462","Vps29","chr5","+",122494856,122494868,12,"Microexon (0-30bp)",0.163,0.00350628173276468
"chr8:123971852:123972451:123971949:123972245:RI","RI","ENSMUSG00000001062","Vps9d1","chr8","-",123971852,123972451,599,"Regular (>50bp)",-0.126,0.00432973958456993
"chr19:55375620:55375641:55369451:55380215:SE","SE","ENSMUSG00000024983","Vti1a","chr19","+",55375620,55375641,21,"Microexon (0-30bp)",0.135,0.0167201831173847
"chr19:55375620:55375641:55369451:55486942:SE","SE","ENSMUSG00000024983","Vti1a","chr19","+",55375620,55375641,21,"Microexon (0-30bp)",0.293,0.0119092933064956
"chr16:20409219:20409281:20409031:20409422:SE","SE","ENSMUSG00000046613","Vwa5b2","chr16","+",20409219,20409281,62,"Regular (>50bp)",-0.117,0.00430703572166353
"chr4:62388948:62389124:62389055:62389124:62387073:62387170:A5SS","A5SS","ENSMUSG00000028391","Wdr31","chr4","-",62388948,62389124,176,"Regular (>50bp)",0.168,2.13701300763794e-06
"chr8:112199261:112199318:112193554:112202675:SE","SE","ENSMUSG00000031959","Wdr59","chr8","-",112199261,112199318,57,"Regular (>50bp)",0.118,0.00142949937623206
"chr6:34886611:34886762:34886475:34887444:SE","SE","ENSMUSG00000058486","Wdr91","chr6","-",34886611,34886762,151,"Regular (>50bp)",-0.261,0.0082031896890259
"chr15:58015992:58016141:58014052:58016975:SE","SE","ENSMUSG00000022359","Wdyhv1","chr15","+",58015992,58016141,149,"Regular (>50bp)",0.11,1.94679704461023e-06
"chr17:32581766:32581937:32578468:32586797:SE","SE","ENSMUSG00000024050","Wiz","chr17","-",32581766,32581937,171,"Regular (>50bp)",-0.17,0.00333909935749162
"chr11:79134225:79134401:79132982:79135288:SE","SE","ENSMUSG00000017677","Wsb1","chr11","-",79134225,79134401,176,"Regular (>50bp)",-0.281,8.00498907670246e-13
"chrX:72134464:72136910:72134564:72136875:RI","RI","ENSMUSG00000057836","Xlr3a","chrX","-",72134464,72136910,2446,"Regular (>50bp)",-0.218,1.64477289242048e-08
"chr7:101715666:101715836:101715149:101719103:SE","SE","ENSMUSG00000099481","Xndc1","chr7","+",101715666,101715836,170,"Regular (>50bp)",-0.157,0.000794349425605419
"chr7:125750395:125752451:125751997:125752451:125748675:125748709:A5SS","A5SS","ENSMUSG00000000131","Xpo6","chr7","-",125750395,125752451,2056,"Regular (>50bp)",0.145,0.0418041446649541
"chr9:95921752:95921909:95921752:95921897:95927538:95927714:A5SS","A5SS","ENSMUSG00000032410","Xrn1","chr9","+",95921752,95921909,157,"Regular (>50bp)",0.119,0.0397507060612154
"chr9:21503823:21503884:21503514:21504032:SE","SE","ENSMUSG00000032182","Yipf2","chr9","-",21503823,21503884,61,"Regular (>50bp)",0.216,0.000448380033732881
"chr7:126376677:126376789:126376375:126376942:SE","SE","ENSMUSG00000042675","Ypel3","chr7","+",126376677,126376789,112,"Regular (>50bp)",-0.36,0.049899539693813
"chr5:86975813:86977338:86975813:86975980:86978412:86978495:A5SS","A5SS","ENSMUSG00000035851","Ythdc1","chr5","+",86975813,86977338,1525,"Regular (>50bp)",-0.13,1.09477559240405e-09
"chr1:177272304:177272388:177270907:177274654:SE","SE","ENSMUSG00000063659","Zbtb18","chr1","+",177272304,177272388,84,"Regular (>50bp)",-0.164,0.0245228580546791
"chr1:177272304:177272388:177271658:177274654:SE","SE","ENSMUSG00000063659","Zbtb18","chr1","+",177272304,177272388,84,"Regular (>50bp)",-0.198,0.000214420445889129
"chr16:42967259:42967306:43122931:43122978:42892832:43283309:MXE","MXE","ENSMUSG00000022708","Zbtb20","chr16","+",42967259,42967306,47,"Small (30-50bp)",0.234,0.0213783466555872
"chr16:43013827:43013901:42967306:43053121:SE","SE","ENSMUSG00000022708","Zbtb20","chr16","+",43013827,43013901,74,"Regular (>50bp)",0.351,0.0249316195848359
"chr16:43053121:43053183:43122931:43122978:42967306:43283309:MXE","MXE","ENSMUSG00000022708","Zbtb20","chr16","+",43053121,43053183,62,"Regular (>50bp)",-0.107,0.0371331699046361
"chr16:43397392:43397556:43392154:43397923:SE","SE","ENSMUSG00000022708","Zbtb20","chr16","+",43397392,43397556,164,"Regular (>50bp)",0.153,0.046650471185008
"chr5:38363232:38363306:38367961:38368008:38361171:38369189:MXE","MXE","ENSMUSG00000029127","Zbtb49","chr5","-",38363232,38363306,74,"Regular (>50bp)",0.104,0.0184201484295281
"chr5:38367961:38368008:38363306:38370651:SE","SE","ENSMUSG00000029127","Zbtb49","chr5","-",38367961,38368008,47,"Small (30-50bp)",0.149,0.030335738888993
"chr1:133583082:133583136:133582176:133588993:SE","SE","ENSMUSG00000102976","Zc3h11a","chr1","-",133583082,133583136,54,"Regular (>50bp)",-0.11,0.00107132927014679
"chr12:98745366:98745526:98740578:98749840:SE","SE","ENSMUSG00000021012","Zc3h14","chr12","+",98745366,98745526,160,"Regular (>50bp)",-0.101,0.00304385698648381
"chr8:123114431:123114503:123113685:123124556:SE","SE","ENSMUSG00000017478","Zc3h18","chr8","+",123114431,123114503,72,"Regular (>50bp)",0.143,5.86757446753883e-12
"chr15:93293467:93293496:93285740:93296043:SE","SE","ENSMUSG00000022635","Zcrb1","chr15","-",93293467,93293496,29,"Microexon (0-30bp)",-0.163,0.000759170680914049
"chr8:40900091:40900186:40877210:40907557:SE","SE","ENSMUSG00000039470","Zdhhc2","chr8","+",40900091,40900186,95,"Regular (>50bp)",0.185,0.000347227357812573
"chr14:58087601:58087637:58084519:58094066:SE","SE","ENSMUSG00000021969","Zdhhc20","chr14","-",58087601,58087637,36,"Small (30-50bp)",0.196,6.6172500227135e-08
"chr16:43791761:43791920:43791761:43791818:43793830:43794529:A3SS","A3SS","ENSMUSG00000036304","Zdhhc23","chr16","-",43791761,43791920,159,"Regular (>50bp)",0.212,0.000273569282640619
"chr16:43791761:43791929:43791761:43791818:43793830:43794529:A3SS","A3SS","ENSMUSG00000036304","Zdhhc23","chr16","-",43791761,43791929,168,"Regular (>50bp)",0.16,0.000227449815566266
"chr18:5633203:5633357:5593919:5641381:SE","SE","ENSMUSG00000024238","Zeb1","chr18","+",5633203,5633357,154,"Regular (>50bp)",0.273,0.000989570895247771
"chr13:22129281:22129588:22129281:22129369:22129725:22129969:A5SS","A5SS","ENSMUSG00000006720","Zfp184","chr13","+",22129281,22129588,307,"Regular (>50bp)",0.133,0.0056367518302154
"chr13:22134372:22134499:22134403:22134499:22133829:22133956:A3SS","A3SS","ENSMUSG00000006720","Zfp184","chr13","+",22134372,22134499,127,"Regular (>50bp)",0.166,0.0076856214579313
"chr11:80283909:80284002:80282818:80285111:SE","SE","ENSMUSG00000017421","Zfp207","chr11","+",80283909,80284002,93,"Regular (>50bp)",-0.118,0.000179183588215677
"chr18:82628729:82628811:82627600:82635834:SE","SE","ENSMUSG00000041258","Zfp236","chr18","-",82628729,82628811,82,"Regular (>50bp)",0.124,6.98160478013703e-05
"chr9:20419314:20419481:20417361:20432650:SE","SE","ENSMUSG00000060510","Zfp266","chr9","-",20419314,20419481,167,"Regular (>50bp)",0.254,0.0215538923295442
"chr5:106034182:106036705:106034294:106036299:RI","RI","ENSMUSG00000029290","Zfp326","chr5","+",106034182,106036705,2523,"Regular (>50bp)",-0.127,6.76631137863942e-06
"chr8:83491483:83493402:83491601:83493297:RI","RI","ENSMUSG00000031711","Zfp330","chr8","-",83491483,83493402,1919,"Regular (>50bp)",0.412,7.14985882623362e-07
"chr5:104728722:104728783:104728480:104730017:SE","SE","ENSMUSG00000120166","Zfp33b","chr5","+",104728722,104728783,61,"Regular (>50bp)",0.213,0.0122654131218897
"chr6:125000995:125002045:125001233:125001708:RI","RI","ENSMUSG00000038346","Zfp384","chr6","+",125000995,125002045,1050,"Regular (>50bp)",0.393,0.000504050831118012
"chr9:20389428:20389575:20386329:20397625:SE","SE","ENSMUSG00000059475","Zfp426","chr9","-",20389428,20389575,147,"Regular (>50bp)",0.126,0.0233576763524912
"chr9:122686131:122686226:122686167:122686226:122685763:122685890:A5SS","A5SS","ENSMUSG00000047036","Zfp445","chr9","-",122686131,122686226,95,"Regular (>50bp)",-0.102,0.0036663287159265
"chr4:55016813:55017100:55016996:55017100:55014682:55014847:A3SS","A3SS","ENSMUSG00000060206","Zfp462","chr4","+",55016813,55017100,287,"Regular (>50bp)",0.114,2.05697629589022e-06
"chr7:139619238:139620515:139619358:139620155:RI","RI","ENSMUSG00000025470","Zfp511","chr7","+",139619238,139620515,1277,"Regular (>50bp)",-0.106,0.000531414879838601
"chr17:28420234:28421322:28420414:28421088:RI","RI","ENSMUSG00000024220","Zfp523","chr17","+",28420234,28421322,1088,"Regular (>50bp)",-0.113,0.0017449681589796
"chr18:65715797:65715880:65715469:65715967:SE","SE","ENSMUSG00000042439","Zfp532","chr18","+",65715797,65715880,83,"Regular (>50bp)",0.249,0.000121807983286524
"chr7:12152469:12152593:12151145:12155734:SE","SE","ENSMUSG00000034071","Zfp551","chr7","-",12152469,12152593,124,"Regular (>50bp)",-0.184,0.0141996762987254
"chr17:33321204:33321331:33311566:33321516:SE","SE","ENSMUSG00000067424","Zfp563","chr17","+",33321204,33321331,127,"Regular (>50bp)",0.102,0.00523025096303828
"chr7:24775447:24775538:24772136:24776231:SE","SE","ENSMUSG00000045252","Zfp574","chr7","+",24775447,24775538,91,"Regular (>50bp)",-0.227,0.00473327235118602
"chr13:67644303:67644330:67642848:67648529:SE","SE","ENSMUSG00000071291","Zfp58","chr13","-",67644303,67644330,27,"Microexon (0-30bp)",-0.104,0.0175637429423673
"chr7:6326645:6326744:6326645:6326741:6328451:6328578:A3SS","A3SS","ENSMUSG00000030443","Zfp583","chr7","-",6326645,6326744,99,"Regular (>50bp)",0.118,0.0437015647088973
"chr17:24896808:24897687:24897026:24897569:RI","RI","ENSMUSG00000041130","Zfp598","chr17","+",24896808,24897687,879,"Regular (>50bp)",-0.111,1.1519918096756e-07
"chr11:49094822:49094995:49094365:49095277:SE","SE","ENSMUSG00000046311","Zfp62","chr11","+",49094822,49094995,173,"Regular (>50bp)",0.285,0.0122772876275872
"chr6:83934490:83934574:83931743:83935165:SE","SE","ENSMUSG00000030016","Zfp638","chr6","+",83934490,83934574,84,"Regular (>50bp)",0.133,0.00746068119617837
"chr5:106783475:106786501:106784189:106784282:RI","RI","ENSMUSG00000049606","Zfp644","chr5","-",106783475,106786501,3026,"Regular (>50bp)",-0.149,0.00216620824758303
"chr7:127019181:127019277:127018813:127020794:SE","SE","ENSMUSG00000045251","Zfp688","chr7","-",127019181,127019277,96,"Regular (>50bp)",-0.101,0.000156625548282831
"chr7:24010889:24010928:24008622:24011806:SE","SE","ENSMUSG00000074282","Zfp94","chr7","-",24010889,24010928,39,"Small (30-50bp)",0.178,0.000206670021526904
"chr17:21789310:21789389:21794118:21794218:21787507:21803291:MXE","MXE","ENSMUSG00000067931","Zfp948","chr17","+",21789310,21789389,79,"Regular (>50bp)",0.106,0.0365896395497824
"chr9:88434714:88434914:88430561:88436428:SE","SE","ENSMUSG00000032425","Zfp949","chr9","+",88434714,88434914,200,"Regular (>50bp)",-0.105,7.9664955433762e-05
"chr8:72719637:72719760:72705004:72719943:SE","SE","ENSMUSG00000052446","Zfp961","chr8","+",72719637,72719760,123,"Regular (>50bp)",0.115,0.031141844002088
"chr7:42232329:42232456:42232131:42241860:SE","SE","ENSMUSG00000092335","Zfp977","chr7","-",42232329,42232456,127,"Regular (>50bp)",0.123,0.0247128369656847
"chr4:147845677:147845782:147845677:147845735:147860154:147860290:A3SS","A3SS","ENSMUSG00000078495","Zfp984","chr4","-",147845677,147845782,105,"Regular (>50bp)",-0.144,0.0140527721358244
"chr4:147413438:147413565:147409334:147415724:SE","SE","ENSMUSG00000078498","Zfp988","chr4","+",147413438,147413565,127,"Regular (>50bp)",0.29,0.000135770989700572
"chr19:42174058:42174079:42172628:42174243:SE","SE","ENSMUSG00000018820","Zfyve27","chr19","+",42174058,42174079,21,"Microexon (0-30bp)",0.131,0.0409838238074037
"chr13:21706393:21706485:21706079:21709307:SE","SE","ENSMUSG00000063894","Zkscan8","chr13","-",21706393,21706485,92,"Regular (>50bp)",-0.165,8.21525010499406e-07
"chr14:57048196:57048316:57042320:57049048:SE","SE","ENSMUSG00000040123","Zmym5","chr14","-",57048196,57048316,120,"Regular (>50bp)",0.114,0.000377227763422474
"chr13:9740313:9740550:9740481:9740550:9739487:9739760:A5SS","A5SS","ENSMUSG00000021156","Zmynd11","chr13","-",9740313,9740550,237,"Regular (>50bp)",-0.158,6.6677676343313e-09
"chr2:165694787:165694799:165694068:165717624:SE","SE","ENSMUSG00000039671","Zmynd8","chr2","-",165694787,165694799,12,"Microexon (0-30bp)",0.206,2.98823603224726e-12
"chr2:166892233:166892365:166897073:166898861:166890501:166901951:MXE","MXE","ENSMUSG00000039501","Znfx1","chr2","-",166892233,166892365,132,"Regular (>50bp)",0.125,0.0256360104386419
"chr5:138115198:138115269:138115198:138115250:138123239:138123952:A5SS","A5SS","ENSMUSG00000037017","Zscan21","chr5","+",138115198,138115269,71,"Regular (>50bp)",0.12,0.00539636299205165
"chr13:21633443:21633503:21632064:21633610:SE","SE","ENSMUSG00000022228","Zscan26","chr13","-",21633443,21633503,60,"Regular (>50bp)",-0.195,0.00098798154981665
"chr14:20769447:20770104:20769740:20769880:RI","RI","ENSMUSG00000021819","Zswim8","chr14","+",20769447,20770104,657,"Regular (>50bp)",-0.218,1.78952900863536e-09
"chr14:20772527:20773074:20772647:20772895:RI","RI","ENSMUSG00000021819","Zswim8","chr14","+",20772527,20773074,547,"Regular (>50bp)",-0.12,6.90782309095181e-08
