"VastDB.ID","gene","length","chrom","start","end","strand","neural.trend","ASD.trend","Ptbp1.dPSI","Ptbp1.signif","Srrm4.dPSI","Srrm4.signif","Srrm3.Srrm4.dPSI","Srrm3.Srrm4.signif","Srsf11.dPSI","Srsf11.signif","Rbfox2.dPSI","Rbfox2.signif","Srrm3.dPSI","Srrm3.signif","Rnps1.dPSI","Rnps1.signif","srrm3_srrm4_dPSI","srrm3_dPSI","srrm4_dPSI","srrm3_srrm4_signif","srrm3_signif","srrm4_signif","match_type","n_rmats_candidates","rmats_id","rmats_gene","rmats_chr","rmats_start","rmats_end","rmats_exon_size","rmats_dPSI","rmats_FDR","rmats_PValue"
"MmuEX0000084","1110007C09Rik",15,"chr13",49305573,49311305,"-",NA,NA,NA,"n.s.",1.6,"n.s.",-1,"n.s.",0,"n.s.",0,"n.s.",0,"n.s.",NA,"n.s.",-0.01,0,0.016,"n.s.","n.s.","n.s.","unmatched",0,NA,NA,NA,NA,NA,NA,NA,NA,NA
"MmuEX0000148","1110034B05Rik",25,"chr1",57450332,57450890,"-",NA,NA,8,"n.s.",-2.9,"n.s.",4,"n.s.",2,"n.s.",2,"n.s.",-3,"n.s.",19,"higher",0.04,-0.03,-0.029,"n.s.","n.s.","n.s.","unmatched",0,NA,NA,NA,NA,NA,NA,NA,NA,NA
"MmuEX0000269","1500009L16Rik",25,"chr10",83185780,83220189,"+",NA,NA,-1,"n.s.",0.5,"n.s.",0,"n.s.",-3,"n.s.",-1,"n.s.",0,"n.s.",-8,"n.s.",0,0,0.005,"n.s.","n.s.","n.s.","gene_size",3,24445,"1500009L16Rik","chr10",83573773,83573797,25,0.011,0.0688346842703509,0.00601465863837
"MmuEX0000509","1700029F09Rik",30,"chr1",44145373,44148205,"-",NA,NA,2,"n.s.",-0.4,"n.s.",-2,"n.s.",-2,"n.s.",-1,"n.s.",-2,"n.s.",-1,"n.s.",-0.02,-0.02,-0.004,"n.s.","n.s.","n.s.","unmatched",0,NA,NA,NA,NA,NA,NA,NA,NA,NA
"MmuEX0000612","1700106N22Rik",3,"chr17",85794006,85801765,"+",NA,NA,0,"n.s.",1.6,"n.s.",2,"n.s.",-2,"n.s.",-2,"n.s.",0,"n.s.",0,"n.s.",0.02,0,0.016,"n.s.","n.s.","n.s.","unmatched",0,NA,NA,NA,NA,NA,NA,NA,NA,NA
"MmuEX0000678","1810043G02Rik",19,"chr10",77441527,77443245,"+",NA,NA,0,"n.s.",-0.2,"n.s.",2,"n.s.",3,"n.s.",0,"n.s.",0,"n.s.",-6,"n.s.",0.02,0,-0.002,"n.s.","n.s.","n.s.","unmatched",0,NA,NA,NA,NA,NA,NA,NA,NA,NA
"MmuEX0000738","2010111I01Rik",13,"chr13",63383567,63398165,"+",NA,NA,0,"n.s.",0,"n.s.",0,"n.s.",0,"n.s.",0,"n.s.",0,"n.s.",0,"n.s.",0,0,0,"n.s.","n.s.","n.s.","unmatched",0,NA,NA,NA,NA,NA,NA,NA,NA,NA
"MmuEX0000772","2210016L21Rik",9,"chr5",115396374,115397171,"+",NA,NA,3,"n.s.",-2.5,"n.s.",0,"n.s.",3,"n.s.",5,"n.s.",-2,"n.s.",-2,"n.s.",0,-0.02,-0.025,"n.s.","n.s.","n.s.","unmatched",0,NA,NA,NA,NA,NA,NA,NA,NA,NA
"MmuEX0000800","2210408F21Rik",29,"chr6",31235121,31285990,"+",NA,NA,3,"n.s.",9.6,"n.s.",4,"n.s.",5,"n.s.",5,"n.s.",-6,"n.s.",-7,"n.s.",0.04,-0.06,0.096,"n.s.","n.s.","n.s.","gene_size",2,47479,"2210408F21Rik","chr6",31305267,31305295,29,0.139,1,0.248263089453
"MmuEX0000885","2310021P13Rik",7,"chr14",21537215,21537648,"+",NA,NA,1,"n.s.",0.3,"n.s.",0,"n.s.",0,"n.s.",0,"n.s.",0,"n.s.",3,"n.s.",0,0,0.003,"n.s.","n.s.","n.s.","unmatched",0,NA,NA,NA,NA,NA,NA,NA,NA,NA
"MmuEX0000992","2410002O22Rik",18,"chr13",104940264,104944375,"-","Neural-low","inconsistent",2,"n.s.",3.8,"n.s.",3,"n.s.",-6,"n.s.",-3,"n.s.",-4,"n.s.",-43,"lower",0.03,-0.04,0.038,"n.s.","n.s.","n.s.","unmatched",0,NA,NA,NA,NA,NA,NA,NA,NA,NA
"MmuEX0001025","2410089E03Rik",4,"chr15",8214442,8219618,"+",NA,NA,1,"n.s.",-0.2,"n.s.",-1,"n.s.",-2,"n.s.",0,"n.s.",-1,"n.s.",0,"n.s.",-0.01,-0.01,-0.002,"n.s.","n.s.","n.s.","unmatched",0,NA,NA,NA,NA,NA,NA,NA,NA,NA
"MmuEX0001195","2700062C07Rik",23,"chr18",24629482,24631450,"+",NA,NA,NA,"n.s.",NA,"n.s.",0,"n.s.",-3,"n.s.",-6,"n.s.",NA,"n.s.",NA,"n.s.",0,NA,NA,"n.s.","n.s.","n.s.","gene_size",2,2841,"2700062C07Rik","chr18",24604119,24604141,23,-0.097,0.0135345334226067,0.000814479198285
"MmuEX0001668","4930534B04Rik",24,"chr12",92260918,92322113,"-",NA,NA,0,"n.s.",0.1,"n.s.",0,"n.s.",0,"n.s.",0,"n.s.",0,"n.s.",-1,"n.s.",0,0,0.001,"n.s.","n.s.","n.s.","unmatched",0,NA,NA,NA,NA,NA,NA,NA,NA,NA
"MmuEX0001861","4933424B01Rik",24,"chr6",146508733,146510250,"-","Neural-high",NA,NA,"n.s.",-0.5,"n.s.",0,"n.s.",1,"n.s.",NA,"n.s.",NA,"n.s.",NA,"n.s.",0,NA,-0.005,"n.s.","n.s.","n.s.","unmatched",0,NA,NA,NA,NA,NA,NA,NA,NA,NA
"MmuEX0001871","4933427D14Rik",3,"chr11",71973023,71979018,"-",NA,NA,1,"n.s.",0,"n.s.",0,"n.s.",0,"n.s.",0,"n.s.",-1,"n.s.",-2,"n.s.",0,-0.01,0,"n.s.","n.s.","n.s.","unmatched",0,NA,NA,NA,NA,NA,NA,NA,NA,NA
"MmuEX0002065","5830417I10Rik",24,"chr3",88593321,88603536,"+",NA,NA,5,"n.s.",5.6,"n.s.",8,"n.s.",-5,"n.s.",-2,"n.s.",-2,"n.s.",-8,"n.s.",0.08,-0.02,0.056,"n.s.","n.s.","n.s.","unmatched",0,NA,NA,NA,NA,NA,NA,NA,NA,NA
"MmuEX0002176","6430548M08Rik",30,"chr8",122680275,122683858,"+","Neural-high","n.s.",17,"higher",-13.2,"lower",-27,"lower",-16,"n.s.",-7,"n.s.",-9,"n.s.",-13,"n.s.",-0.27,-0.09,-0.132,"lower","n.s.","lower","gene_size",1,61409,"6430548M08Rik","chr8",120884207,120884236,30,-0.061,0.539266164492651,0.0828145128818
"MmuEX0002361","9430015G10Rik",7,"chr4",155488111,155491118,"+",NA,NA,-1,"n.s.",-0.6,"n.s.",-2,"n.s.",1,"n.s.",2,"n.s.",-3,"n.s.",-2,"n.s.",-0.02,-0.03,-0.006,"n.s.","n.s.","n.s.","unmatched",0,NA,NA,NA,NA,NA,NA,NA,NA,NA
"MmuEX0002364","9430015G10Rik",26,"chr4",155497779,155498200,"+",NA,NA,-2,"n.s.",-0.3,"n.s.",NA,"n.s.",NA,"n.s.",NA,"n.s.",NA,"n.s.",-6,"n.s.",NA,NA,-0.003,"n.s.","n.s.","n.s.","gene_size_contained",4,18783,"9430015G10Rik","chr4",156208433,156208458,26,0.025,1,1
"MmuEX0002493","A430033K04Rik",14,"chr5",139077519,139080643,"+",NA,NA,0,"n.s.",-1,"n.s.",0,"n.s.",0,"n.s.",3,"n.s.",-2,"n.s.",-2,"n.s.",0,-0.02,-0.01,"n.s.","n.s.","n.s.","unmatched",0,NA,NA,NA,NA,NA,NA,NA,NA,NA
"MmuEX0002512","A430110N23Rik",27,"chr7",4877582,4878575,"+",NA,NA,0,"n.s.",-3.4,"n.s.",0,"n.s.",0,"n.s.",5,"n.s.",-3,"n.s.",NA,"n.s.",0,-0.03,-0.034,"n.s.","n.s.","n.s.","unmatched",0,NA,NA,NA,NA,NA,NA,NA,NA,NA
"MmuEX0002733","AI413582",26,"chr17",27701285,27701506,"-",NA,"n.s.",NA,"n.s.",0.1,"n.s.",-2,"n.s.",1,"n.s.",-2,"n.s.",2,"n.s.",-4,"n.s.",-0.02,0.02,0.001,"n.s.","n.s.","n.s.","unmatched",0,NA,NA,NA,NA,NA,NA,NA,NA,NA
"MmuEX0002765","AI848100",21,"chr1",163775490,163777335,"-","Neural-high",NA,0,"n.s.",-2.6,"n.s.",-18,"lower",-1,"n.s.",-1,"n.s.",0,"n.s.",-4,"n.s.",-0.18,0,-0.026,"lower","n.s.","n.s.","unmatched",0,NA,NA,NA,NA,NA,NA,NA,NA,NA
"MmuEX0002786","AL732311.1",29,"chr2",26493616,26495577,"-",NA,NA,-1,"n.s.",-1.1,"n.s.",0,"n.s.",-1,"n.s.",-1,"n.s.",1,"n.s.",1,"n.s.",0,0.01,-0.011,"n.s.","n.s.","n.s.","unmatched",0,NA,NA,NA,NA,NA,NA,NA,NA,NA
"MmuEX0002972","Abca2",3,"chr2",25287610,25288617,"+",NA,NA,3,"n.s.",2.7,"n.s.",-2,"n.s.",-3,"n.s.",20,"higher",0,"n.s.",-6,"n.s.",-0.02,0,0.027,"n.s.","n.s.","n.s.","unmatched",0,NA,NA,NA,NA,NA,NA,NA,NA,NA
"MmuEX0003242","Abi1",15,"chr2",22818022,22826602,"-","Neural-high","n.s.",2,"n.s.",-20,"lower",-39,"lower",-4,"n.s.",-2,"n.s.",-6,"n.s.",-29,"lower",-0.39,-0.06,-0.2,"lower","n.s.","lower","gene_size",2,25099,"Abi1","chr2",22853226,22853240,15,-0.066,0,0
"MmuEX0003251","Abi2",7,"chr1",60494077,60500828,"+",NA,"n.s.",1,"n.s.",-0.1,"n.s.",0,"n.s.",0,"n.s.",0,"n.s.",0,"n.s.",0,"n.s.",0,0,-0.001,"n.s.","n.s.","n.s.","unmatched",0,NA,NA,NA,NA,NA,NA,NA,NA,NA
"MmuEX0003401","Acap2",12,"chr16",31127520,31131345,"-","Neural-high","ASD-low",1,"n.s.",-15.3,"lower",-38,"lower",0,"n.s.",0,"n.s.",-1,"n.s.",-13,"lower",-0.38,-0.01,-0.153,"lower","n.s.","lower","unmatched",0,NA,NA,NA,NA,NA,NA,NA,NA,NA
"MmuEX0003403","Acap2",21,"chr16",31119534,31127406,"-",NA,NA,NA,"n.s.",-2.3,"n.s.",NA,"n.s.",NA,"n.s.",-4,"n.s.",NA,"n.s.",NA,"n.s.",NA,NA,-0.023,"n.s.","n.s.","n.s.","gene_size",1,5615,"Acap2","chr16",30941439,30941459,21,-0.007,1,1
"MmuEX0003412","Acat1",9,"chr9",53403506,53406189,"-",NA,NA,0,"n.s.",0,"n.s.",0,"n.s.",0,"n.s.",0,"n.s.",0,"n.s.",0,"n.s.",0,0,0,"n.s.","n.s.","n.s.","unmatched",0,NA,NA,NA,NA,NA,NA,NA,NA,NA
"MmuEX0003484","Acly",30,"chr11",100360077,100365516,"-",NA,"n.s.",9,"n.s.",-1.5,"n.s.",-3,"n.s.",-19,"lower",-16,"lower",5,"n.s.",-20,"lower",-0.03,0.05,-0.015,"n.s.","n.s.","n.s.","gene_size",1,14347,"Acly","chr11",100393986,100394015,30,-0.042,0.0588399842366783,0.00494809245282
"MmuEX0003675","Acvr2a",24,"chr2",48728994,48745817,"+","Neural-high",NA,NA,"n.s.",NA,NA,-9,"n.s.",-6,"n.s.",NA,"n.s.",NA,"n.s.",NA,"n.s.",-0.09,NA,NA,"n.s.","n.s.",NA,"unmatched",0,NA,NA,NA,NA,NA,NA,NA,NA,NA
"MmuEX0003686","Acyp2",17,"chr11",30532318,30549300,"-",NA,NA,1,"n.s.",0.4,"n.s.",0,"n.s.",0,"n.s.",0,"n.s.",0,"n.s.",0,"n.s.",0,0,0.004,"n.s.","n.s.","n.s.","gene_size",1,26407,"Acyp2","chr11",30583686,30583702,17,-0.018,1,0.775071290729
"MmuEX0004027","Adcyap1r1",21,"chr6",55422322,55425460,"+",NA,NA,7,"n.s.",-2.3,"n.s.",-4,"n.s.",-8,"n.s.",-7,"n.s.",1,"n.s.",-1,"n.s.",-0.04,0.01,-0.023,"n.s.","n.s.","n.s.","gene_size",1,48891,"Adcyap1r1","chr6",55451545,55451565,21,-0.009,1,0.982605777333
"MmuEX0004041","Add3",14,"chr19",53217580,53277903,"+",NA,NA,-1,"n.s.",3.2,"n.s.",NA,"n.s.",NA,"n.s.",NA,"n.s.",-2,"n.s.",-3,"n.s.",NA,-0.02,0.032,"n.s.","n.s.","n.s.","unmatched",0,NA,NA,NA,NA,NA,NA,NA,NA,NA
"MmuEX0004187","Agap1",12,"chr1",91506159,91524335,"+","Neural-high",NA,50,"higher",-3.4,"n.s.",-6,"n.s.",-4,"n.s.",6,"n.s.",-5,"n.s.",-8,"n.s.",-0.06,-0.05,-0.034,"n.s.","n.s.","n.s.","gene_size",1,59377,"Agap1","chr1",89538006,89538017,12,-0.06,0.380305861503681,0.0524592912925
"MmuEX0004297","Agrn",12,"chr4",155543446,155543878,"-","Neural-high",NA,18,"higher",-10.4,"n.s.",-7,"n.s.",-18,"lower",-1,"n.s.",-16,"n.s.",-12,"n.s.",-0.07,-0.16,-0.104,"n.s.","n.s.","n.s.","gene_size",2,29015,"Agrn","chr4",156254003,156254014,12,-0.097,1.98614129469539e-08,1.8331347551e-10
"MmuEX0004311","Agrn",24,"chr4",155541616,155542841,"-","Neural-high","ASD-low",4,"n.s.",-5.7,"n.s.",-5,"n.s.",-2,"n.s.",-3,"n.s.",-2,"n.s.",NA,"n.s.",-0.05,-0.02,-0.057,"n.s.","n.s.","n.s.","gene_size",2,29010,"Agrn","chr4",156253003,156253026,24,0.029,5.42898844939e-07,7.1503839516e-09
"MmuEX0004381","Ahi1",27,"chr10",20720512,20737718,"+",NA,NA,-2,"n.s.",1.1,"n.s.",2,"n.s.",-4,"n.s.",5,"n.s.",0,"n.s.",1,"n.s.",0.02,0,0.011,"n.s.","n.s.","n.s.","gene_size",1,20814,"Ahi1","chr10",20883651,20883677,27,-0.035,0.00695884741648992,0.00036286239097
"MmuEX0004470","Akap1",13,"chr11",88702617,88705572,"-",NA,NA,2,"n.s.",0,"n.s.",0,"n.s.",0,"n.s.",0,"n.s.",-1,"n.s.",-1,"n.s.",0,-0.01,0,"n.s.","n.s.","n.s.","gene_size",2,31356,"Akap1","chr11",88734638,88734650,13,-0.445,0.477586324369771,0.0707121194047
"MmuEX0004898","Ank2",12,"chr3",126679866,126684717,"-","Neural-high","ASD-low",20,"higher",-17.9,"n.s.",-25,"lower",10,"n.s.",-17,"lower",-21,"lower",-24,"lower",-0.25,-0.21,-0.179,"lower","lower","n.s.","gene_size",2,24693,"Ank2","chr3",126772905,126772916,12,-0.038,0.000700039680362132,2.33736789743e-05
"MmuEX0004901","Ank2",24,"chr3",126751199,126755605,"-","Neural-high",NA,0,"n.s.",-18.3,"lower",-43,"lower",-1,"n.s.",0,"n.s.",-2,"n.s.",-4,"n.s.",-0.43,-0.02,-0.183,"lower","n.s.","lower","gene_size",1,24698,"Ank2","chr3",126845875,126845898,24,-0.042,5.18662777882472e-05,1.13736473339e-06
"MmuEX0004910","Ank3",12,"chr10",69390567,69395141,"+","Neural-high",NA,-4,"n.s.",-7.1,"n.s.",-12,"lower",-5,"n.s.",-8,"n.s.",-7,"n.s.",-12,"n.s.",-0.12,-0.07,-0.071,"lower","n.s.","n.s.","gene_size",2,59804,"Ank3","chr10",69765277,69765288,12,0.019,1,0.771312164476
"MmuEX0004911","Ank3",3,"chr10",69478402,69486579,"+",NA,NA,-1,"n.s.",0.6,"n.s.",-1,"n.s.",-2,"n.s.",-2,"n.s.",0,"n.s.",0,"n.s.",-0.01,0,0.006,"n.s.","n.s.","n.s.","unmatched",0,NA,NA,NA,NA,NA,NA,NA,NA,NA
"MmuEX0004931","Ank3",27,"chr10",69443143,69444863,"+","Neural-high","n.s.",44,"higher",-15.1,"lower",-18,"lower",-12,"lower",NA,"n.s.",-8,"n.s.",-4,"n.s.",-0.18,-0.08,-0.151,"lower","n.s.","lower","gene_size_contained",2,59807,"Ank3","chr10",69816654,69816680,27,-0.016,1,0.700421149765
"MmuEX0004989","Ankrd10",3,"chr8",11612948,11615814,"-",NA,NA,0,"n.s.",2.2,"n.s.",-2,"n.s.",2,"n.s.",3,"n.s.",0,"n.s.",-1,"n.s.",-0.02,0,0.022,"n.s.","n.s.","n.s.","unmatched",0,NA,NA,NA,NA,NA,NA,NA,NA,NA
"MmuEX0005012","Ankrd13a",3,"chr5",115236819,115239316,"+",NA,NA,0,"n.s.",0.3,"n.s.",0,"n.s.",0,"n.s.",0,"n.s.",0,"n.s.",0,"n.s.",0,0,0.003,"n.s.","n.s.","n.s.","unmatched",0,NA,NA,NA,NA,NA,NA,NA,NA,NA
"MmuEX0005300","Anp32a",3,"chr9",62222559,62225106,"+",NA,NA,0,"n.s.",0,"n.s.",0,"n.s.",0,"n.s.",0,"n.s.",0,"n.s.",0,"n.s.",0,0,0,"n.s.","n.s.","n.s.","unmatched",0,NA,NA,NA,NA,NA,NA,NA,NA,NA
"MmuEX0005343","Anxa6",18,"chr11",54799718,54804892,"-",NA,"n.s.",7,"n.s.",-1.6,"n.s.",-2,"n.s.",-14,"lower",-9,"n.s.",-1,"n.s.",-12,"lower",-0.02,-0.01,-0.016,"n.s.","n.s.","n.s.","gene_size",1,33821,"Anxa6","chr11",54877877,54877894,18,-0.049,0.0234218079836076,0.00157400475396
"MmuEX0005371","Aox1",8,"chr1",58106334,58110507,"+",NA,NA,0,"n.s.",-2.1,"n.s.",-1,"n.s.",-2,"n.s.",-2,"n.s.",-1,"n.s.",-3,"n.s.",-0.01,-0.01,-0.021,"n.s.","n.s.","n.s.","unmatched",0,NA,NA,NA,NA,NA,NA,NA,NA,NA
"MmuEX0005383","Ap1ar",26,"chr3",127519925,127525501,"-",NA,NA,-3,"n.s.",-1,"n.s.",-5,"n.s.",3,"n.s.",-6,"n.s.",2,"n.s.",7,"n.s.",-0.05,0.02,-0.01,"n.s.","n.s.","n.s.","gene_size",2,41605,"Ap1ar","chr3",127614409,127614434,26,0.08,5.83337387088028e-10,4.01834121533e-12
"MmuEX0005388","Ap1b1",9,"chr11",4940425,4941720,"+","Neural-high","n.s.",7,"n.s.",-7.2,"n.s.",-26,"lower",4,"n.s.",-43,"lower",-21,"lower",-32,"lower",-0.26,-0.21,-0.072,"lower","lower","n.s.","unmatched",0,NA,NA,NA,NA,NA,NA,NA,NA,NA
"MmuEX0005395","Ap1g1",9,"chr8",112353576,112356616,"+","Neural-high","n.s.",1,"n.s.",-4.8,"n.s.",-6,"n.s.",-12,"lower",-23,"lower",-3,"n.s.",-6,"n.s.",-0.06,-0.03,-0.048,"n.s.","n.s.","n.s.","gene_size",1,39737,"Ap1g1","chr8",110557245,110557253,9,-0.093,0,0
"MmuEX0005412","Ap1s2",9,"chrX",160355776,160370064,"+","Neural-high","ASD-low",-1,"n.s.",-13.6,"lower",-36,"lower",-2,"n.s.",1,"n.s.",-2,"n.s.",-20,"lower",-0.36,-0.02,-0.136,"lower","n.s.","lower","gene_size",1,37632,"Ap1s2","chrX",162714359,162714367,9,-0.037,4.21781276494438e-08,4.29069779706e-10
"MmuEX0005425","Ap2b1",18,"chr11",83116340,83121716,"+",NA,NA,NA,"n.s.",NA,"n.s.",-1,"n.s.",NA,"n.s.",NA,"n.s.",NA,"n.s.",NA,"n.s.",-0.01,NA,NA,"n.s.","n.s.","n.s.","unmatched",0,NA,NA,NA,NA,NA,NA,NA,NA,NA
"MmuEX0005432","Ap3b1",9,"chr13",95312832,95317709,"+",NA,NA,2,"n.s.",-1,"n.s.",-1,"n.s.",-1,"n.s.",0,"n.s.",0,"n.s.",0,"n.s.",-0.01,0,-0.01,"n.s.","n.s.","n.s.","unmatched",0,NA,NA,NA,NA,NA,NA,NA,NA,NA
"MmuEX0005519","Apbb1",6,"chr7",112714162,112714564,"-","Neural-high","ASD-low",3,"n.s.",-16.4,"lower",-47,"lower",0,"n.s.",-6,"n.s.",-10,"n.s.",-20,"lower",-0.47,-0.1,-0.164,"lower","n.s.","lower","gene_size",1,56573,"Apbb1","chr7",105215153,105215158,6,-0.102,0,0
"MmuEX0005537","Apbb3",6,"chr18",36836132,36836518,"-",NA,"n.s.",0,"n.s.",-1.2,"n.s.",-2,"n.s.",NA,"n.s.",NA,"n.s.",0,"n.s.",NA,"n.s.",-0.02,0,-0.012,"n.s.","n.s.","n.s.","gene_size",1,19097,"Apbb3","chr18",36809670,36809675,6,-0.007,1,1
"MmuEX0005704","Arfgap1",30,"chr2",180712058,180713875,"+","Neural-high",NA,7,"n.s.",-26.6,"lower",-56,"lower",-26,"lower",-65,"lower",-32,"lower",-31,"lower",-0.56,-0.32,-0.266,"lower","lower","lower","gene_size",1,40489,"Arfgap1","chr2",180620205,180620234,30,-0.169,0,0
"MmuEX0005816","Arhgap21",25,"chr2",20813805,20836258,"-",NA,NA,-1,"n.s.",1.1,"n.s.",1,"n.s.",0,"n.s.",-1,"n.s.",0,"n.s.",1,"n.s.",0.01,0,0.011,"n.s.","n.s.","n.s.","gene_size",2,26606,"Arhgap21","chr2",20888011,20888040,30,0.037,1,0.260937622534
"MmuEX0005822","Arhgap21",30,"chr2",20803479,20808732,"-","Neural-high",NA,5,"n.s.",-26.5,"lower",-24,"lower",-22,"lower",-12,"lower",-11,"lower",-22,"lower",-0.24,-0.11,-0.265,"lower","lower","lower","gene_size",1,26606,"Arhgap21","chr2",20888011,20888040,30,0.037,1,0.260937622534
"MmuEX0005833","Arhgap23",23,"chr11",97352545,97354364,"+","Neural-high","n.s.",50,"higher",0.7,"n.s.",NA,"n.s.",NA,"n.s.",NA,"n.s.",-13,"lower",NA,"n.s.",NA,-0.13,0.007,"n.s.","lower","n.s.","gene_size",1,14527,"Arhgap23","chr11",97382470,97382492,23,0.109,0.00137006976834466,5.10193730894e-05
"MmuEX0005849","Arhgap26",30,"chr18",39517318,39522770,"+",NA,NA,6,"n.s.",NA,"n.s.",NA,"n.s.",NA,"n.s.",NA,"n.s.",0,"n.s.",11,"n.s.",NA,0,NA,"n.s.","n.s.","n.s.","gene_size",1,15800,"Arhgap26","chr18",39490852,39490881,30,0.084,0.0050075915299337,0.000241464859201
"MmuEX0005947","Arhgef10l",15,"chr4",140124436,140126171,"-",NA,"ASD-low",5,"n.s.",-4.5,"n.s.",4,"n.s.",-2,"n.s.",-3,"n.s.",-4,"n.s.",-5,"n.s.",0.04,-0.04,-0.045,"n.s.","n.s.","n.s.","gene_size",1,56371,"Arhgef10l","chr4",140296067,140296081,15,-0.018,0.784773457094616,0.135609883995
"MmuEX0005959","Arhgef11",15,"chr3",87422715,87487407,"+",NA,NA,5,"n.s.",-1,"n.s.",-3,"n.s.",-1,"n.s.",-2,"n.s.",-1,"n.s.",3,"n.s.",-0.03,-0.01,-0.01,"n.s.","n.s.","n.s.","unmatched",0,NA,NA,NA,NA,NA,NA,NA,NA,NA
"MmuEX0005960","Arhgef11",13,"chr3",87422715,87487407,"+",NA,NA,0,"n.s.",0,"n.s.",0,"n.s.",0,"n.s.",0,"n.s.",0,"n.s.",1,"n.s.",0,0,0,"n.s.","n.s.","n.s.","unmatched",0,NA,NA,NA,NA,NA,NA,NA,NA,NA
"MmuEX0005966","Arhgef11",30,"chr3",87521443,87526278,"+","Neural-low",NA,-19,"lower",8.7,"n.s.",-9,"n.s.",-25,"lower",-2,"n.s.",7,"n.s.",-9,"n.s.",-0.09,0.07,0.087,"n.s.","n.s.","n.s.","gene_size_contained",2,56443,"Arhgef11","chr3",87625536,87625565,30,0.041,0.586506747957349,0.0921930049969
"MmuEX0005968","Arhgef12",24,"chr9",42850760,42913261,"-",NA,NA,1,"n.s.",0.4,"n.s.",7,"n.s.",1,"n.s.",7,"n.s.",3,"n.s.",-1,"n.s.",0.07,0.03,0.004,"n.s.","n.s.","n.s.","gene_size",1,62640,"Arhgef12","chr9",42955560,42955583,24,-0.016,1,0.188843319307
"MmuEX0006037","Arhgef40",21,"chr14",52624418,52624663,"+",NA,NA,9,"n.s.",-5.4,"n.s.",-11,"n.s.",6,"n.s.",NA,"n.s.",-10,"n.s.",-10,"n.s.",-0.11,-0.1,-0.054,"n.s.","n.s.","n.s.","gene_size",1,8915,"Arhgef40","chr14",52242336,52242356,21,-0.167,0.0190484496052214,0.00122810430641
"MmuEX0006149","Arl6",13,"chr16",59613671,59618620,"-","Neural-high",NA,4,"n.s.",-8.2,"n.s.",-10,"n.s.",-9,"n.s.",-8,"n.s.",-6,"n.s.",-6,"n.s.",-0.1,-0.06,-0.082,"n.s.","n.s.","n.s.","gene_size",1,5179,"Arl6","chr16",59439029,59439041,13,-0.035,0.771251637117628,0.132625041516
"MmuEX0006230","Arntl",21,"chr7",120424317,120426770,"+",NA,"inconsistent",12,"higher",1.3,"n.s.",2,"n.s.",2,"n.s.",10,"higher",-9,"n.s.",NA,NA,0.02,-0.09,0.013,"n.s.","n.s.","n.s.","gene_size",1,56883,"Arntl","chr7",112880609,112880629,21,-0.09,0.00345944472572664,0.000153906399497
"MmuEX0006261","Arrb1",24,"chr7",106744617,106747000,"+","Neural-high","n.s.",3,"n.s.",-17.7,"lower",-22,"lower",-27,"lower",1,"n.s.",-5,"n.s.",-6,"n.s.",-0.22,-0.05,-0.177,"lower","n.s.","lower","gene_size",2,56059,"Arrb1","chr7",99246243,99246266,24,-0.043,3.77519430079682e-09,3.02020630727e-11
"MmuEX0006307","Arvcf",18,"chr16",18400347,18401659,"+","Neural-high","ASD-low",21,"higher",-31.8,"lower",-42,"lower",-15,"lower",10,"n.s.",-22,"lower",-23,"lower",-0.42,-0.22,-0.318,"lower","lower","lower","gene_size",1,65841,"Arvcf","chr16",18219531,18219548,18,0.072,0.044401227577591,0.00349167184285
"MmuEX0006334","Asap1",9,"chr15",63984493,63990443,"-","Neural-high","ASD-low",3,"n.s.",-29.9,"lower",-62,"lower",-18,"lower",-5,"n.s.",-16,"lower",-22,"lower",-0.62,-0.16,-0.299,"lower","lower","lower","gene_size",2,7649,"Asap1","chr15",64025693,64025701,9,-0.223,1.06657471876529e-08,9.28721544113e-11
"MmuEX0006337","Asap2",4,"chr12",21219087,21223835,"+","Neural-high",NA,0,"n.s.",-39.6,"lower",-68,"lower",-9,"n.s.",-14,"lower",-13,"lower",-60,"lower",-0.68,-0.13,-0.396,"lower","lower","lower","gene_size",1,12804,"Asap2","chr12",21264363,21264371,9,-0.196,0,0
"MmuEX0006404","Asf1a",13,"chr10",53326092,53327470,"+",NA,NA,0,"n.s.",0.1,"n.s.",0,"n.s.",0,"n.s.",0,"n.s.",0,"n.s.",1,"n.s.",0,0,0.001,"n.s.","n.s.","n.s.","unmatched",0,NA,NA,NA,NA,NA,NA,NA,NA,NA
"MmuEX0006430","Ash2l",18,"chr8",26939332,26941744,"-","Neural-high",NA,0,"n.s.",-0.1,"n.s.",0,"n.s.",0,"n.s.",0,"n.s.",1,"n.s.",3,"n.s.",0,0.01,-0.001,"n.s.","n.s.","n.s.","unmatched",0,NA,NA,NA,NA,NA,NA,NA,NA,NA
"MmuEX0006501","Asxl1",3,"chr2",153178008,153182805,"+",NA,NA,0,"n.s.",0.8,"n.s.",-1,"n.s.",0,"n.s.",0,"n.s.",-1,"n.s.",-1,"n.s.",-0.01,-0.01,0.008,"n.s.","n.s.","n.s.","gene_size",1,37748,"Asxl1","chr2",153196570,153196572,3,0.009,1,1
"MmuEX0006507","Asxl2",3,"chr12",3442557,3451661,"+",NA,NA,1,"n.s.",-2.2,"n.s.",-2,"n.s.",1,"n.s.",-2,"n.s.",-3,"n.s.",-4,"n.s.",-0.02,-0.03,-0.022,"n.s.","n.s.","n.s.","unmatched",0,NA,NA,NA,NA,NA,NA,NA,NA,NA
"MmuEX0006695","Atl1",15,"chr12",71060460,71064214,"+","Neural-high","n.s.",2,"n.s.",-12.4,"n.s.",NA,NA,NA,NA,NA,NA,-4,"n.s.",-6,"n.s.",NA,-0.04,-0.124,NA,"n.s.","n.s.","gene_size",1,12362,"Atl1","chr12",70007322,70007336,15,-0.013,1,1
"MmuEX0006714","Atm",9,"chr9",53269116,53270585,"-",NA,NA,12,"higher",2.2,"n.s.",-1,"n.s.",-2,"n.s.",-1,"n.s.",-10,"n.s.",-5,"n.s.",-0.01,-0.1,0.022,"n.s.","n.s.","n.s.","gene_size",1,57236,"Atm","chr9",53372412,53372420,9,0.031,0.00622562266614413,0.000315821327019
"MmuEX0006778","Atp13a2",8,"chr4",140552715,140555042,"+",NA,NA,0,"n.s.",-0.7,"n.s.",0,"n.s.",0,"n.s.",0,"n.s.",0,"n.s.",0,"n.s.",0,0,-0.007,"n.s.","n.s.","n.s.","unmatched",0,NA,NA,NA,NA,NA,NA,NA,NA,NA
"MmuEX0006842","Atp2c1",12,"chr9",105372478,105396744,"-","Neural-high",NA,14,"higher",-24.8,"lower",-26,"lower",-14,"lower",-14,"n.s.",-15,"n.s.",NA,NA,-0.26,-0.15,-0.248,"lower","n.s.","lower","gene_size",1,64094,"Atp2c1","chr9",105370742,105370753,12,0.009,1,0.769249960971
"MmuEX0006887","Atp6v0a1",18,"chr11",100909840,100916339,"+","Neural-high","ASD-low",0,"n.s.",-14.1,"lower",-45,"lower",-1,"n.s.",-11,"lower",-18,"lower",-47,"lower",-0.45,-0.18,-0.141,"lower","lower","lower","gene_size",2,14275,"Atp6v0a1","chr11",100940285,100940302,18,-0.134,0,0
"MmuEX0006958","Atp8b2",7,"chr3",89753940,89756596,"-",NA,"inconsistent",1,"n.s.",-0.1,"n.s.",0,"n.s.",0,"n.s.",0,"n.s.",0,"n.s.",0,"n.s.",0,0,-0.001,"n.s.","n.s.","n.s.","unmatched",0,NA,NA,NA,NA,NA,NA,NA,NA,NA
"MmuEX0007138","Auts2",30,"chr5",131933781,131937147,"-",NA,NA,3,"n.s.",-0.4,"n.s.",-1,"n.s.",-1,"n.s.",-4,"n.s.",1,"n.s.",-1,"n.s.",-0.01,0.01,-0.004,"n.s.","n.s.","n.s.","gene_size",1,24000,"Auts2","chr5",131488965,131488994,30,-0.002,1,1
"MmuEX0007325","BC016423",20,"chr13",3598998,3599184,"-",NA,NA,0,"n.s.",0.9,"n.s.",0,"n.s.",-1,"n.s.",-1,"n.s.",2,"n.s.",3,"n.s.",0,0.02,0.009,"n.s.","n.s.","n.s.","unmatched",0,NA,NA,NA,NA,NA,NA,NA,NA,NA
"MmuEX0007658","Bak1",15,"chr17",27158293,27159383,"-",NA,NA,NA,NA,-1,"n.s.",-3,"n.s.",-3,"n.s.",0,"n.s.",-3,"n.s.",-2,"n.s.",-0.03,-0.03,-0.01,"n.s.","n.s.","n.s.","gene_size",1,4342,"Bak1","chr17",27240637,27240656,20,-0.298,0,0
"MmuEX0007666","Banp",3,"chr8",124529583,124530990,"+",NA,NA,-1,"n.s.",0,"n.s.",-1,"n.s.",4,"n.s.",2,"n.s.",1,"n.s.",0,"n.s.",-0.01,0.01,0,"n.s.","n.s.","n.s.","unmatched",0,NA,NA,NA,NA,NA,NA,NA,NA,NA
"MmuEX0007673","Bap1",30,"chr14",32064841,32065085,"+",NA,NA,0,"n.s.",-0.1,"n.s.",0,"n.s.",0,"n.s.",0,"n.s.",0,"n.s.",0,"n.s.",0,0,-0.001,"n.s.","n.s.","n.s.","unmatched",0,NA,NA,NA,NA,NA,NA,NA,NA,NA
"MmuEX0007703","Baz1b",30,"chr5",135707653,135712144,"+",NA,NA,NA,"n.s.",0.3,"n.s.",NA,"n.s.",0,"n.s.",1,"n.s.",0,"n.s.",0,"n.s.",NA,0,0.003,"n.s.","n.s.","n.s.","unmatched",0,NA,NA,NA,NA,NA,NA,NA,NA,NA
"MmuEX0007715","Baz2b",27,"chr2",59770228,59771727,"-","Neural-high",NA,3,"n.s.",-3.4,"n.s.",0,"n.s.",-1,"n.s.",-41,"lower",-3,"n.s.",-13,"lower",0,-0.03,-0.034,"n.s.","n.s.","n.s.","gene_size",1,53301,"Baz2b","chr2",59763756,59763782,27,-0.046,0.00154220838896027,5.86243866656e-05
"MmuEX0007764","Bbs9",15,"chr9",22448292,22458515,"+","Neural-high","inconsistent",7,"n.s.",-47.5,"lower",-75,"lower",-13,"n.s.",2,"n.s.",-1,"n.s.",-46,"lower",-0.75,-0.01,-0.475,"lower","n.s.","lower","gene_size",1,55411,"Bbs9","chr9",22559316,22559330,15,-0.039,0.164155219798219,0.0178161524637
"MmuEX0007942","Bet1l",9,"chr7",148040721,148040972,"-",NA,NA,4,"n.s.",-0.6,"n.s.",0,"n.s.",0,"n.s.",0,"n.s.",1,"n.s.",0,"n.s.",0,0.01,-0.006,"n.s.","n.s.","n.s.","unmatched",0,NA,NA,NA,NA,NA,NA,NA,NA,NA
"MmuEX0007967","Bicd1",9,"chr6",149467636,149498871,"+",NA,NA,0,"n.s.",-0.2,"n.s.",-2,"n.s.",NA,"n.s.",NA,NA,0,"n.s.",1,"n.s.",-0.02,0,-0.002,"n.s.","n.s.","n.s.","unmatched",0,NA,NA,NA,NA,NA,NA,NA,NA,NA
"MmuEX0007973","Bin1",12,"chr18",32581615,32584473,"+",NA,"n.s.",0,"n.s.",0,"n.s.",0,"n.s.",0,"n.s.",0,"n.s.",0,"n.s.",0,"n.s.",0,0,0,"n.s.","n.s.","n.s.","unmatched",0,NA,NA,NA,NA,NA,NA,NA,NA,NA
"MmuEX0008045","Blzf1",21,"chr1",166232852,166236569,"-",NA,NA,-4,"n.s.",8.6,"n.s.",2,"n.s.",-7,"n.s.",2,"n.s.",1,"n.s.",-5,"n.s.",0.02,0.01,0.086,"n.s.","n.s.","n.s.","gene_size",1,15051,"Blzf1","chr1",164131473,164131493,21,-0.047,0.0275063921568898,0.00192351096836
"MmuEX0008193","Brcc3",17,"chrX",72662181,72663749,"+",NA,NA,-1,"n.s.",-0.7,"n.s.",0,"n.s.",1,"n.s.",-1,"n.s.",0,"n.s.",0,"n.s.",0,0,-0.007,"n.s.","n.s.","n.s.","gene_size",1,608,"Brcc3","chrX",74461183,74461199,17,-0.001,1,1
"MmuEX0008283","Brp44l",4,"chr17",8481604,8489399,"+",NA,NA,NA,NA,NA,"n.s.",1,"n.s.",0,"n.s.",2,"n.s.",NA,NA,NA,NA,0.01,NA,NA,"n.s.",NA,"n.s.","unmatched",0,NA,NA,NA,NA,NA,NA,NA,NA,NA
"MmuEX0008514","C230096C10Rik",9,"chr4",138919695,138920837,"+","Neural-high","ASD-low",0,"n.s.",-0.8,"n.s.",-7,"n.s.",0,"n.s.",-5,"n.s.",0,"n.s.",-2,"n.s.",-0.07,0,-0.008,"n.s.","n.s.","n.s.","unmatched",0,NA,NA,NA,NA,NA,NA,NA,NA,NA
"MmuEX0008535","C2cd3",3,"chr7",107604001,107608285,"+",NA,NA,1,"n.s.",0,"n.s.",0,"n.s.",0,"n.s.",0,"n.s.",0,"n.s.",1,"n.s.",0,0,0,"n.s.","n.s.","n.s.","unmatched",0,NA,NA,NA,NA,NA,NA,NA,NA,NA
"MmuEX0008576","C430049B03Rik",23,"chrX",50408668,50409834,"-",NA,NA,0,"n.s.",NA,"n.s.",NA,"n.s.",NA,"n.s.",NA,"n.s.",-3,"n.s.",1,"n.s.",NA,-0.03,NA,"n.s.","n.s.","n.s.","gene_size",1,792,"C430049B03Rik","chrX",52145019,52145041,23,-0.021,1,1
"MmuEX0008731","Cacna1b",12,"chr2",24510001,24512810,"-",NA,"n.s.",2,"n.s.",-2.4,"n.s.",0,"n.s.",2,"n.s.",2,"n.s.",0,"n.s.",1,"n.s.",0,0,-0.024,"n.s.","n.s.","n.s.","gene_size",1,30806,"Cacna1b","chr2",24546723,24546734,12,0.018,0.944726227463235,0.173697106468
"MmuEX0008732","Cacna1b",6,"chr2",24494731,24503998,"-",NA,NA,-2,"n.s.",7.9,"n.s.",0,"n.s.",1,"n.s.",-8,"n.s.",2,"n.s.",6,"n.s.",0,0.02,0.079,"n.s.","n.s.","n.s.","gene_size",1,30800,"Cacna1b","chr2",24532865,24532870,6,-0.03,0.218054501989623,0.0256014069015
"MmuEX0008835","Cacnb1",20,"chr11",97871691,97873179,"-","Neural-high","n.s.",7,"n.s.",-21.1,"n.s.",NA,"n.s.",NA,"n.s.",NA,NA,-16,"lower",NA,"n.s.",NA,-0.16,-0.211,"n.s.","lower","n.s.","gene_size",4,14474,"Cacnb1","chr11",97901453,97901472,20,-0.032,0.0230991621732141,0.00154995557143
"MmuEX0008842","Cacnb3",20,"chr15",98471182,98471607,"+","Neural-high","n.s.",0,"n.s.",-8.4,"n.s.",-8,"n.s.",1,"n.s.",-1,"n.s.",1,"n.s.",-1,"n.s.",-0.08,0.01,-0.084,"n.s.","n.s.","n.s.","gene_size",2,36027,"Cacnb3","chr15",98538840,98538859,20,-0.117,0.0004518079449838,1.40624024376e-05
"MmuEX0009028","Camta2",21,"chr11",70484239,70484509,"-","Neural-high","n.s.",2,"n.s.",-50.6,"lower",NA,NA,NA,"n.s.",NA,"n.s.",-5,"n.s.",-35,"lower",NA,-0.05,-0.506,NA,"n.s.","lower","gene_size",1,44855,"Camta2","chr11",70561717,70561737,21,-0.09,2.78528374073598e-12,1.33226762955e-14
"MmuEX0009120","Car12",21,"chr9",66561741,66594276,"+",NA,NA,0,"n.s.",-0.2,"n.s.",-1,"n.s.",0,"n.s.",0,"n.s.",0,"n.s.",-1,"n.s.",-0.01,0,-0.002,"n.s.","n.s.","n.s.","gene_size",1,63371,"Car12","chr9",66624842,66624862,21,0.003,1,1
"MmuEX0009244","Cask",9,"chrX",13164092,13177482,"-",NA,"ASD-low",0,"n.s.",-0.5,"n.s.",-1,"n.s.",0,"n.s.",0,"n.s.",0,"n.s.",-1,"n.s.",-0.01,0,-0.005,"n.s.","n.s.","n.s.","unmatched",0,NA,NA,NA,NA,NA,NA,NA,NA,NA
"MmuEX0009318","Catsper2",24,"chr2",121223625,121225472,"-",NA,NA,-6,"n.s.",10.4,"n.s.",NA,"n.s.",NA,"n.s.",NA,"n.s.",NA,"n.s.",NA,"n.s.",NA,NA,0.104,"n.s.","n.s.","n.s.","gene_size",1,47066,"Catsper2","chr2",121229927,121229950,24,0.083,0.363000920540189,0.0494178670921
"MmuEX0009425","Cc2d2a",15,"chr5",44107085,44109791,"+","Neural-high",NA,0,"n.s.",0.1,"n.s.",0,"n.s.",-1,"n.s.",-1,"n.s.",0,"n.s.",0,"n.s.",0,0,0.001,"n.s.","n.s.","n.s.","unmatched",0,NA,NA,NA,NA,NA,NA,NA,NA,NA
"MmuEX0009436","Ccar1",13,"chr10",62248343,62253668,"-",NA,NA,0,"n.s.",0,"n.s.",0,"n.s.",0,"n.s.",0,"n.s.",-1,"n.s.",-1,"n.s.",0,-0.01,0,"n.s.","n.s.","n.s.","unmatched",0,NA,NA,NA,NA,NA,NA,NA,NA,NA
"MmuEX0009860","Ccdc64",12,"chr5",116120310,116123088,"-","Neural-high",NA,8,"n.s.",-1.5,"n.s.",-4,"n.s.",-7,"n.s.",-7,"n.s.",-3,"n.s.",-3,"n.s.",-0.04,-0.03,-0.015,"n.s.","n.s.","n.s.","unmatched",0,NA,NA,NA,NA,NA,NA,NA,NA,NA
"MmuEX0009873","Ccdc66",26,"chr14",28313869,28319836,"-",NA,NA,-11,"n.s.",NA,"n.s.",-3,"n.s.",NA,"n.s.",16,"n.s.",NA,"n.s.",NA,"n.s.",-0.03,NA,NA,"n.s.","n.s.","n.s.","gene_size",2,31379,"Ccdc66","chr14",27227595,27227620,26,0.094,1,0.240069071055
"MmuEX0009920","Ccdc77",28,"chr6",120300463,120304018,"-",NA,NA,NA,"n.s.",1.8,"n.s.",2,"n.s.",2,"n.s.",9,"n.s.",1,"n.s.",3,"n.s.",0.02,0.01,0.018,"n.s.","n.s.","n.s.","unmatched",0,NA,NA,NA,NA,NA,NA,NA,NA,NA
"MmuEX0009921","Ccdc77",3,"chr6",120292088,120298405,"-",NA,NA,1,"n.s.",-2,"n.s.",-1,"n.s.",-1,"n.s.",2,"n.s.",0,"n.s.",1,"n.s.",-0.01,0,-0.02,"n.s.","n.s.","n.s.","unmatched",0,NA,NA,NA,NA,NA,NA,NA,NA,NA
"MmuEX0010075","Ccnl1",14,"chr3",65752713,65754401,"-",NA,NA,4,"n.s.",3.6,"n.s.",-10,"n.s.",-11,"n.s.",0,"n.s.",1,"n.s.",-6,"n.s.",-0.1,0.01,0.036,"n.s.","n.s.","n.s.","gene_size",1,47991,"Ccnl1","chr3",65857634,65857647,14,-0.04,0.972582701003798,0.181005808032
"MmuEX0010414","Cdc42bpg",12,"chr19",6318575,6320078,"+",NA,NA,0,"n.s.",-1.9,"n.s.",-1,"n.s.",-1,"n.s.",2,"n.s.",0,"n.s.",2,"n.s.",-0.01,0,-0.019,"n.s.","n.s.","n.s.","unmatched",0,NA,NA,NA,NA,NA,NA,NA,NA,NA
"MmuEX0010546","Cdk13",6,"chr13",17831027,17842090,"-",NA,NA,0,"n.s.",0,"n.s.",0,"n.s.",0,"n.s.",0,"n.s.",0,"n.s.",2,"n.s.",0,0,0,"n.s.","n.s.","n.s.","unmatched",0,NA,NA,NA,NA,NA,NA,NA,NA,NA
"MmuEX0010598","Cdk5rap2",27,"chr4",69906532,69911386,"-",NA,NA,-4,"n.s.",7.4,"n.s.",NA,"n.s.",6,"n.s.",5,"n.s.",-10,"n.s.",NA,NA,NA,-0.1,0.074,"n.s.","n.s.","n.s.","gene_size",1,29326,"Cdk5rap2","chr4",70165185,70165211,27,-0.2,9.75081230277943e-05,2.32709620929e-06
"MmuEX0010772","Celsr3",15,"chr9",108740897,108742330,"+",NA,NA,2,"n.s.",0,"n.s.",-14,"n.s.",-4,"n.s.",-78,"lower",-10,"n.s.",-39,"lower",-0.14,-0.1,0,"n.s.","n.s.","n.s.","gene_size",1,64325,"Celsr3","chr9",108715959,108715973,15,-0.062,0,0
"MmuEX0010780","Cenpc1",29,"chr5",86487272,86491028,"-",NA,NA,NA,NA,-2.6,"n.s.",NA,"n.s.",NA,"n.s.",NA,"n.s.",NA,"n.s.",NA,"n.s.",NA,NA,-0.026,"n.s.","n.s.","n.s.","unmatched",0,NA,NA,NA,NA,NA,NA,NA,NA,NA
"MmuEX0011125","Chchd3",15,"chr6",32842376,32918200,"-","Neural-high",NA,0,"n.s.",-18.8,"lower",-39,"lower",0,"n.s.",0,"n.s.",-1,"n.s.",-11,"lower",-0.39,-0.01,-0.188,"lower","n.s.","lower","gene_size",1,15329,"Chchd3","chr6",32870327,32870341,15,-0.063,0,0
"MmuEX0011317","Chmp2a",30,"chr7",13617915,13619177,"-",NA,NA,-2,"n.s.",3,"n.s.",2,"n.s.",-3,"n.s.",10,"n.s.",-4,"n.s.",-1,"n.s.",0.02,-0.04,0.03,"n.s.","n.s.","n.s.","gene_size",1,45890,"Chmp2a","chr7",12766719,12766748,30,-0.083,3.08415326278728e-07,3.84389364783e-09
"MmuEX0011484","Ckap5",24,"chr2",91439536,91440797,"+","Neural-high","n.s.",32,"higher",-35.2,"lower",-47,"lower",-21,"lower",9,"n.s.",-36,"lower",-37,"lower",-0.47,-0.36,-0.352,"lower","lower","lower","gene_size",1,53688,"Ckap5","chr2",91429949,91429972,24,-0.062,0.0902599614308466,0.00841602159693
"MmuEX0011499","Clasp1",24,"chr1",120406954,120418403,"+","Neural-high","n.s.",6,"n.s.",-4.6,"n.s.",NA,"n.s.",NA,"n.s.",NA,"n.s.",NA,"n.s.",NA,"n.s.",NA,NA,-0.046,"n.s.","n.s.","n.s.","gene_size_contained",5,33252,"Clasp1","chr1",118440435,118440458,24,0.178,0.372571342107372,0.0510345054293
"MmuEX0011502","Clasp1",3,"chr1",120368417,120394210,"+",NA,NA,-1,"n.s.",0,"n.s.",0,"n.s.",0,"n.s.",0,"n.s.",2,"n.s.",1,"n.s.",0,0.02,0,"n.s.","n.s.","n.s.","gene_size",1,33261,"Clasp1","chr1",118475386,118475388,3,0.008,1,0.918460795819
"MmuEX0011503","Clasp1",3,"chr1",120443527,120444441,"+",NA,NA,-1,"n.s.",-0.5,"n.s.",0,"n.s.",1,"n.s.",0,"n.s.",1,"n.s.",1,"n.s.",0,0.01,-0.005,"n.s.","n.s.","n.s.","gene_size",1,33261,"Clasp1","chr1",118475386,118475388,3,0.008,1,0.918460795819
"MmuEX0011506","Clasp1",27,"chr1",120418512,120421873,"+","Neural-high","ASD-low",43,"higher",-23.1,"lower",-31,"lower",-17,"lower",27,"higher",-2,"n.s.",-6,"n.s.",-0.31,-0.02,-0.231,"lower","n.s.","lower","gene_size_contained",5,33253,"Clasp1","chr1",118451051,118451077,27,0.01,1,0.837233608087
"MmuEX0011507","Clasp1",24,"chr1",120435947,120439678,"+","Neural-high","n.s.",13,"higher",-27.1,"lower",-37,"lower",-21,"lower",4,"n.s.",-11,"lower",-8,"n.s.",-0.37,-0.11,-0.271,"lower","lower","lower","gene_size_contained",5,33259,"Clasp1","chr1",118469405,118469428,24,0.047,0.550577070320934,0.0850429870299
"MmuEX0011514","Clasp2",24,"chr9",113763465,113771303,"+","Neural-high",NA,45,"higher",-42.3,"lower",-46,"lower",-22,"lower",NA,"n.s.",-26,"lower",-39,"lower",-0.46,-0.26,-0.423,"lower","lower","lower","gene_size_contained",3,24864,"Clasp2","chr9",113687649,113687672,24,0.09,0.196552367539305,0.0224349929772
"MmuEX0011521","Clasp2",3,"chr9",113790870,113799075,"+",NA,NA,0,"n.s.",-3.9,"n.s.",-10,"lower",0,"n.s.",-16,"lower",-6,"n.s.",-12,"lower",-0.1,-0.06,-0.039,"lower","n.s.","n.s.","gene_size",1,24871,"Clasp2","chr9",113716113,113716115,3,-0.058,4.3445004708822e-10,2.91955348786e-12
"MmuEX0011524","Clasp2",17,"chr9",113744373,113750676,"+",NA,NA,1,"n.s.",-3.1,"n.s.",0,"n.s.",2,"n.s.",1,"n.s.",-1,"n.s.",NA,"n.s.",0,-0.01,-0.031,"n.s.","n.s.","n.s.","gene_size_contained",2,24862,"Clasp2","chr9",113670227,113670243,17,-0.035,0.000130682588467579,3.27950040113e-06
"MmuEX0011526","Clasp2",27,"chr9",113771406,113777665,"+",NA,NA,NA,"n.s.",-0.8,"n.s.",NA,"n.s.",NA,"n.s.",NA,"n.s.",NA,"n.s.",NA,"n.s.",NA,NA,-0.008,"n.s.","n.s.","n.s.","gene_size_contained",3,24866,"Clasp2","chr9",113691504,113691530,27,0.011,1,0.818708575716
"MmuEX0011532","Clasp2",24,"chr9",113785469,113789059,"+","Neural-high","inconsistent",18,"higher",-67.9,"lower",-75,"lower",-37,"lower",-2,"n.s.",-26,"lower",-42,"lower",-0.75,-0.26,-0.679,"lower","lower","lower","gene_size_contained",3,24869,"Clasp2","chr9",113707818,113707841,24,-0.131,5.85942704572475e-07,7.80180720028e-09
"MmuEX0011621","Cldnd1",8,"chr16",58728198,58729550,"+",NA,"n.s.",-1,"n.s.",-0.4,"n.s.",1,"n.s.",0,"n.s.",1,"n.s.",-1,"n.s.",-2,"n.s.",0.01,-0.01,-0.004,"n.s.","n.s.","n.s.","unmatched",0,NA,NA,NA,NA,NA,NA,NA,NA,NA
"MmuEX0011633","Clec16a",6,"chr16",10571693,10573392,"+","Neural-high","ASD-low",79,"higher",-2.5,"n.s.",-2,"n.s.",-2,"n.s.",2,"n.s.",0,"n.s.",-2,"n.s.",-0.02,0,-0.025,"n.s.","n.s.","n.s.","gene_size",1,6260,"Clec16a","chr16",10390782,10390787,6,-0.094,0.0171948641295775,0.0010860097094
"MmuEX0011693","Clip1",6,"chr5",124030134,124032728,"-","Neural-high","ASD-low",8,"n.s.",-32.1,"lower",-62,"lower",-27,"lower",-5,"n.s.",-16,"lower",-17,"lower",-0.62,-0.16,-0.321,"lower","lower","lower","gene_size",1,38898,"Clip1","chr5",123719655,123719660,6,-0.078,0.0974120647691879,0.00928146008417
"MmuEX0011698","Clip1",21,"chr5",124033648,124040801,"-",NA,NA,NA,"n.s.",-6.6,"n.s.",NA,"n.s.",NA,"n.s.",NA,"n.s.",NA,"n.s.",NA,"n.s.",NA,NA,-0.066,"n.s.","n.s.","n.s.","gene_size",1,38899,"Clip1","chr5",123724397,123724417,21,-0.005,1,1
"MmuEX0011790","Clstn1",30,"chr4",148988282,149001320,"+",NA,"n.s.",5,"n.s.",0.9,"n.s.",3,"n.s.",-3,"n.s.",-11,"lower",0,"n.s.",-3,"n.s.",0.03,0,0.009,"n.s.","n.s.","n.s.","gene_size",1,59101,"Clstn1","chr4",149710544,149710573,30,-0.012,1,0.444261806525
"MmuEX0011803","Cltc",18,"chr11",86544334,86546006,"-",NA,NA,NA,"n.s.",2.9,"n.s.",NA,"n.s.",NA,"n.s.",NA,"n.s.",NA,"n.s.",NA,NA,NA,NA,0.029,"n.s.","n.s.","n.s.","gene_size",1,14873,"Cltc","chr11",86591887,86591907,21,-0.055,4.08425151131294e-05,8.60544790759e-07
"MmuEX0011805","Cltc",3,"chr11",86547347,86550572,"-","Neural-high",NA,0,"n.s.",-0.2,"n.s.",0,"n.s.",0,"n.s.",0,"n.s.",0,"n.s.",0,"n.s.",0,0,-0.002,"n.s.","n.s.","n.s.","unmatched",0,NA,NA,NA,NA,NA,NA,NA,NA,NA
"MmuEX0011806","Cltc",12,"chr11",86526209,86531399,"-",NA,NA,0,"n.s.",0,"n.s.",-1,"n.s.",-1,"n.s.",0,"n.s.",0,"n.s.",0,"n.s.",-0.01,0,0,"n.s.","n.s.","n.s.","unmatched",0,NA,NA,NA,NA,NA,NA,NA,NA,NA
"MmuEX0011807","Cltc",21,"chr11",86510843,86515710,"-",NA,"n.s.",7,"n.s.",-1.4,"n.s.",-3,"n.s.",1,"n.s.",-6,"n.s.",1,"n.s.",-1,"n.s.",-0.03,0.01,-0.014,"n.s.","n.s.","n.s.","gene_size",1,14873,"Cltc","chr11",86591887,86591907,21,-0.055,4.08425151131294e-05,8.60544790759e-07
"MmuEX0011836","Cmc1",26,"chr9",118024548,118059134,"-",NA,NA,-1,"n.s.",NA,"n.s.",NA,"n.s.",NA,"n.s.",NA,"n.s.",2,"n.s.",NA,"n.s.",NA,0.02,NA,"n.s.","n.s.","n.s.","unmatched",0,NA,NA,NA,NA,NA,NA,NA,NA,NA
"MmuEX0012082","Cog5",27,"chr12",32518252,32522059,"+",NA,NA,2,"n.s.",-1.1,"n.s.",-3,"n.s.",1,"n.s.",0,"n.s.",-5,"n.s.",NA,"n.s.",-0.03,-0.05,-0.011,"n.s.","n.s.","n.s.","unmatched",0,NA,NA,NA,NA,NA,NA,NA,NA,NA
"MmuEX0012279","Col4a1",17,"chr8",11203009,11206225,"-","Neural-high",NA,10,"n.s.",-23.1,"lower",-24,"lower",-11,"lower",15,"higher",-17,"lower",-21,"lower",-0.24,-0.17,-0.231,"lower","lower","lower","gene_size",1,58435,"Col4a1","chr8",11254536,11254552,17,-0.264,6.10355387630414e-14,2.22044604925e-16
"MmuEX0012341","Col6a5",12,"chr9",105791706,105794456,"-",NA,NA,0,"n.s.",-0.9,"n.s.",0,"n.s.",-7,"n.s.",1,"n.s.",-1,"n.s.",0,"n.s.",0,-0.01,-0.009,"n.s.","n.s.","n.s.","unmatched",0,NA,NA,NA,NA,NA,NA,NA,NA,NA
"MmuEX0012381","Commd6",12,"chr14",102036324,102039605,"-",NA,NA,-4,"n.s.",1,"n.s.",2,"n.s.",2,"n.s.",3,"n.s.",1,"n.s.",1,"n.s.",0.02,0.01,0.01,"n.s.","n.s.","n.s.","gene_size",1,8273,"Commd6","chr14",101877724,101877735,12,0.039,0.00181747751075173,7.13840663434e-05
"MmuEX0012537","Cpeb2",24,"chr5",43653024,43668669,"+","Neural-high","n.s.",0,"n.s.",-13.6,"lower",-33,"lower",-4,"n.s.",-1,"n.s.",-5,"n.s.",-24,"lower",-0.33,-0.05,-0.136,"lower","n.s.","lower","gene_size",1,17887,"Cpeb2","chr5",43426212,43426235,24,-0.045,0.000221804670894746,6.10043162952e-06
"MmuEX0012543","Cpeb4",24,"chr11",31789940,31820408,"+","Neural-high","ASD-low",1,"n.s.",-24.7,"lower",-30,"lower",-20,"lower",-1,"n.s.",-11,"n.s.",-19,"lower",-0.3,-0.11,-0.247,"lower","n.s.","lower","gene_size",2,39167,"Cpeb4","chr11",31868801,31868824,24,0.086,7.34854896321887e-05,1.69313419707e-06
"MmuEX0012793","Crtc2",30,"chr3",90063415,90063684,"+",NA,NA,-1,"n.s.",-3.6,"n.s.",-1,"n.s.",1,"n.s.",1,"n.s.",0,"n.s.",-1,"n.s.",-0.01,0,-0.036,"n.s.","n.s.","n.s.","gene_size",1,48670,"Crtc2","chr3",90166890,90166919,30,-0.003,1,1
"MmuEX0012941","Csnk1g3",24,"chr18",54107809,54112898,"+","Neural-high","inconsistent",-1,"n.s.",-3.9,"n.s.",-2,"n.s.",0,"n.s.",-57,"lower",-6,"n.s.",-29,"lower",-0.02,-0.06,-0.039,"n.s.","n.s.","n.s.","gene_size",1,2368,"Csnk1g3","chr18",54081717,54081740,24,-0.099,0,0
"MmuEX0012960","Cspp1",10,"chr1",10076034,10078131,"+",NA,NA,5,"n.s.",0.1,"n.s.",NA,"n.s.",NA,NA,NA,"n.s.",-2,"n.s.",NA,NA,NA,-0.02,0.001,"n.s.","n.s.","n.s.","unmatched",0,NA,NA,NA,NA,NA,NA,NA,NA,NA
"MmuEX0012961","Cspp1",24,"chr1",10048905,10054413,"+","Neural-high",NA,28,"higher",-12,"n.s.",-5,"n.s.",0,"n.s.",-4,"n.s.",-8,"n.s.",-19,"n.s.",-0.05,-0.08,-0.12,"n.s.","n.s.","n.s.","gene_size",1,33290,"Cspp1","chr1",10130049,10130072,24,0.023,1,0.65805127417
"MmuEX0013003","Ctage5",27,"chr12",60245758,60247833,"+",NA,"inconsistent",-1,"n.s.",0.5,"n.s.",1,"n.s.",2,"n.s.",1,"n.s.",0,"n.s.",0,"n.s.",0.01,0,0.005,"n.s.","n.s.","n.s.","unmatched",0,NA,NA,NA,NA,NA,NA,NA,NA,NA
"MmuEX0013079","Ctnnd1",18,"chr2",84452250,84453092,"-","Neural-high","ASD-low",1,"n.s.",-0.3,"n.s.",-4,"n.s.",-1,"n.s.",-5,"n.s.",-1,"n.s.",-5,"n.s.",-0.04,-0.01,-0.003,"n.s.","n.s.","n.s.","gene_size",1,41312,"Ctnnd1","chr2",84442876,84442893,18,-0.028,0.00426933681429041,0.000199394869573
"MmuEX0013258","Cxxc1",27,"chr18",74377932,74378385,"+",NA,"inconsistent",0,"n.s.",0,"n.s.",0,"n.s.",0,"n.s.",0,"n.s.",0,"n.s.",0,"n.s.",0,0,0,"n.s.","n.s.","n.s.","unmatched",0,NA,NA,NA,NA,NA,NA,NA,NA,NA
"MmuEX0013303","Cyld",9,"chr8",91233896,91243196,"+","Neural-high","inconsistent",0,"n.s.",0.2,"n.s.",0,"n.s.",1,"n.s.",1,"n.s.",0,"n.s.",0,"n.s.",0,0,0.002,"n.s.","n.s.","n.s.","gene_size",1,60566,"Cyld","chr8",89444918,89444926,9,0.004,1,1
"MmuEX0013313","Cyp20a1",15,"chr1",60409015,60409752,"+",NA,NA,0,"n.s.",0.3,"n.s.",0,"n.s.",0,"n.s.",0,"n.s.",2,"n.s.",0,"n.s.",0,0.02,0.003,"n.s.","n.s.","n.s.","unmatched",0,NA,NA,NA,NA,NA,NA,NA,NA,NA
"MmuEX0013417","Cyth1",3,"chr11",118038611,118043533,"-",NA,NA,0,"n.s.",5.7,"n.s.",0,"n.s.",-20,"lower",-3,"n.s.",-10,"n.s.",-13,"n.s.",0,-0.1,0.057,"n.s.","n.s.","n.s.","unmatched",0,NA,NA,NA,NA,NA,NA,NA,NA,NA
"MmuEX0013421","Cyth2",3,"chr7",53063820,53065496,"-",NA,NA,10,"higher",-3.1,"n.s.",-6,"n.s.",-14,"lower",6,"n.s.",-2,"n.s.",-5,"n.s.",-0.06,-0.02,-0.031,"n.s.","n.s.","n.s.","gene_size",1,25893,"Cyth2","chr7",45458154,45458156,3,0.042,0.155592802707626,0.0165907305208
"MmuEX0013424","Cyth3",3,"chr5",144463795,144467952,"+",NA,NA,6,"n.s.",-0.6,"n.s.",-1,"n.s.",0,"n.s.",0,"n.s.",0,"n.s.",1,"n.s.",-0.01,0,-0.006,"n.s.","n.s.","n.s.","unmatched",0,NA,NA,NA,NA,NA,NA,NA,NA,NA
"MmuEX0013683","Daam1",27,"chr12",73053547,73060792,"+","Neural-high","n.s.",36,"higher",-55,"lower",-58,"lower",-38,"lower",21,"higher",-20,"lower",-23,"lower",-0.58,-0.2,-0.55,"lower","lower","lower","gene_size",1,12302,"Daam1","chr12",72005521,72005547,27,-0.117,0.027536144667863,0.00192653356333
"MmuEX0013762","Dapk3",27,"chr10",80653392,80654503,"+",NA,NA,2,"n.s.",3.6,"n.s.",3,"n.s.",12,"higher",2,"n.s.",1,"n.s.",1,"n.s.",0.03,0.01,0.036,"n.s.","n.s.","n.s.","gene_size",1,49509,"Dapk3","chr10",81026876,81026902,27,0.017,0.683597885642664,0.113142392667
"MmuEX0013906","Dclk2",13,"chr3",86591335,86595916,"-",NA,NA,-2,"n.s.",-2.9,"n.s.",-21,"lower",NA,"n.s.",NA,"n.s.",NA,"n.s.",NA,"n.s.",-0.21,NA,-0.029,"lower","n.s.","n.s.","gene_size",2,42650,"Dclk2","chr3",86695929,86695941,13,0.072,1,0.759896866849
"MmuEX0013911","Dclre1b",27,"chr3",103611500,103612822,"-",NA,NA,-15,"lower",12.8,"n.s.",14,"n.s.",13,"higher",20,"higher",-1,"n.s.",-7,"n.s.",0.14,-0.01,0.128,"n.s.","n.s.","n.s.","gene_size",1,24780,"Dclre1b","chr3",103715388,103715414,27,-0.018,1,0.818560781453
"MmuEX0013951","Dctn1",15,"chr6",83146102,83147484,"+","Neural-high","ASD-low",28,"higher",-33,"lower",-48,"lower",-2,"n.s.",-5,"n.s.",-26,"lower",-47,"lower",-0.48,-0.26,-0.33,"lower","lower","lower","gene_size_contained",3,49333,"Dctn1","chr6",83174301,83174315,15,-0.117,2.54634701482315e-07,3.07496683671e-09
"MmuEX0013953","Dctn2",3,"chr10",126704539,126711769,"+","Neural-high",NA,4,"n.s.",-6,"n.s.",-14,"lower",-28,"lower",-7,"n.s.",-4,"n.s.",-7,"n.s.",-0.14,-0.04,-0.06,"lower","n.s.","n.s.","unmatched",0,NA,NA,NA,NA,NA,NA,NA,NA,NA
"MmuEX0013957","Dctn4",21,"chr18",60703801,60705401,"+","Neural-high","ASD-low",30,"higher",-22.6,"lower",-41,"lower",-21,"lower",18,"higher",-15,"lower",10,"n.s.",-0.41,-0.15,-0.226,"lower","lower","lower","gene_size",1,21395,"Dctn4","chr18",60678429,60678449,21,0.048,0.412670479566211,0.0584177481853
"MmuEX0013978","Dcun1d5",9,"chr9",7205401,7206719,"+",NA,NA,-1,"n.s.",3.8,"n.s.",3,"n.s.",3,"n.s.",1,"n.s.",2,"n.s.",41,"higher",0.03,0.02,0.038,"n.s.","n.s.","n.s.","unmatched",0,NA,NA,NA,NA,NA,NA,NA,NA,NA
"MmuEX0014010","Ddhd1",21,"chr14",46240516,46249254,"-","Neural-high","ASD-low",8,"n.s.",-35.8,"lower",-45,"lower",-9,"n.s.",-9,"n.s.",-33,"lower",-23,"n.s.",-0.45,-0.33,-0.358,"lower","lower","lower","gene_size",2,9081,"Ddhd1","chr14",45866311,45866331,21,0.11,0.137302806234321,0.0141687320005
"MmuEX0014122","Ddx46",3,"chr13",55775476,55777256,"+",NA,NA,-1,"n.s.",-1.9,"n.s.",-1,"n.s.",1,"n.s.",5,"n.s.",0,"n.s.",-2,"n.s.",-0.01,0,-0.019,"n.s.","n.s.","n.s.","unmatched",0,NA,NA,NA,NA,NA,NA,NA,NA,NA
"MmuEX0014209","Dennd1a",12,"chr2",37707973,37709512,"-",NA,NA,-6,"n.s.",0.6,"n.s.",-1,"n.s.",-1,"n.s.",-1,"n.s.",0,"n.s.",2,"n.s.",-0.01,0,0.006,"n.s.","n.s.","n.s.","unmatched",0,NA,NA,NA,NA,NA,NA,NA,NA,NA
"MmuEX0014210","Dennd1a",15,"chr2",37792265,37817160,"-",NA,NA,0,"n.s.",0.5,"n.s.",0,"n.s.",1,"n.s.",1,"n.s.",0,"n.s.",0,"n.s.",0,0,0.005,"n.s.","n.s.","n.s.","unmatched",0,NA,NA,NA,NA,NA,NA,NA,NA,NA
"MmuEX0014308","Denr",20,"chr5",124358224,124367208,"+",NA,NA,0,"n.s.",0.5,"n.s.",-1,"n.s.",-5,"n.s.",0,"n.s.",0,"n.s.",-2,"n.s.",-0.01,0,0.005,"n.s.","n.s.","n.s.","gene_size",2,16470,"Denr","chr5",124053254,124053273,20,0.001,1,1
"MmuEX0014428","Dgki",26,"chr6",36815829,36863632,"-",NA,NA,1,"n.s.",-0.1,"n.s.",-1,"n.s.",0,"n.s.",0,"n.s.",0,"n.s.",0,"n.s.",-0.01,0,-0.001,"n.s.","n.s.","n.s.","gene_size",1,16425,"Dgki","chr6",36871711,36871736,26,-0.002,1,1
"MmuEX0014448","Dgkq",15,"chr5",109082239,109083092,"-",NA,NA,0,"n.s.",NA,"n.s.",0,"n.s.",NA,"n.s.",NA,"n.s.",-2,"n.s.",NA,"n.s.",0,-0.02,NA,"n.s.","n.s.","n.s.","unmatched",0,NA,NA,NA,NA,NA,NA,NA,NA,NA
"MmuEX0014546","Dhx30",29,"chr9",110001364,110011529,"-",NA,"n.s.",0,"n.s.",-0.5,"n.s.",0,"n.s.",-3,"n.s.",0,"n.s.",0,"n.s.",10,"n.s.",0,0,-0.005,"n.s.","n.s.","n.s.","gene_size",2,65095,"Dhx30","chr9",109937009,109937037,29,0.021,0.55141086772789,0.0852646474317
"MmuEX0014634","Diap1",9,"chr18",38020168,38049351,"-",NA,NA,1,"n.s.",-0.2,"n.s.",0,"n.s.",1,"n.s.",0,"n.s.",0,"n.s.",-1,"n.s.",0,0,-0.002,"n.s.","n.s.","n.s.","unmatched",0,NA,NA,NA,NA,NA,NA,NA,NA,NA
"MmuEX0014636","Diap1",27,"chr18",38064814,38094855,"-",NA,"n.s.",0,"n.s.",1.8,"n.s.",-2,"n.s.",-9,"n.s.",-75,"lower",-4,"n.s.",-4,"n.s.",-0.02,-0.04,0.018,"n.s.","n.s.","n.s.","unmatched",0,NA,NA,NA,NA,NA,NA,NA,NA,NA
"MmuEX0014698","Dip2a",30,"chr10",75733203,75735277,"-","Neural-high","ASD-high",58,"higher",-6.9,"n.s.",NA,"n.s.",NA,"n.s.",NA,"n.s.",-1,"n.s.",0,"n.s.",NA,-0.01,-0.069,"n.s.","n.s.","n.s.","gene_size",1,30976,"Dip2a","chr10",76107210,76107239,30,-0.01,1,0.793708223402
"MmuEX0014792","Dlg1",21,"chr16",31853971,31856526,"+","Neural-high","ASD-low",14,"higher",-9.5,"n.s.",-11,"lower",-5,"n.s.",-13,"lower",-7,"n.s.",-11,"lower",-0.11,-0.07,-0.095,"lower","n.s.","n.s.","gene_size",1,27096,"Dlg1","chr16",31673486,31673506,21,-0.011,1,0.511400565755
"MmuEX0015182","Dnajc13",15,"chr9",104111718,104115090,"-","Neural-high","ASD-low",0,"n.s.",-0.8,"n.s.",-1,"n.s.",-1,"n.s.",-1,"n.s.",-1,"n.s.",-1,"n.s.",-0.01,-0.01,-0.008,"n.s.","n.s.","n.s.","gene_size",1,64047,"Dnajc13","chr9",104087068,104087082,15,0.032,0.00237842847557813,9.89042325968e-05
"MmuEX0015285","Dnm1",12,"chr2",32176138,32178941,"-","Neural-high",NA,2,"n.s.",-6.6,"n.s.",-17,"lower",-14,"lower",-12,"lower",-9,"n.s.",-36,"lower",-0.17,-0.09,-0.066,"lower","n.s.","n.s.","gene_size",1,25774,"Dnm1","chr2",32213191,32213202,12,-0.03,9.09684050571548e-09,7.78319630967e-11
"MmuEX0015304","Dnm2",12,"chr9",21294239,21295689,"+",NA,"ASD-high",-11,"lower",4.8,"n.s.",-2,"n.s.",-4,"n.s.",13,"higher",-1,"n.s.",0,"n.s.",-0.02,-0.01,0.048,"n.s.","n.s.","n.s.","gene_size",1,54491,"Dnm2","chr9",21401954,21401965,12,-0.016,1,0.651566912621
"MmuEX0015390","Dock11",3,"chrX",33549446,33551626,"+",NA,NA,0,"n.s.",-2,"n.s.",-2,"n.s.",2,"n.s.",-3,"n.s.",1,"n.s.",1,"n.s.",-0.02,0.01,-0.02,"n.s.","n.s.","n.s.","unmatched",0,NA,NA,NA,NA,NA,NA,NA,NA,NA
"MmuEX0015392","Dock11",18,"chrX",33609982,33616093,"+","Neural-high",NA,0,"n.s.",-10.1,"lower",-53,"lower",-2,"n.s.",-1,"n.s.",-1,"n.s.",-2,"n.s.",-0.53,-0.01,-0.101,"lower","n.s.","lower","gene_size",1,852,"Dock11","chrX",35339570,35339587,18,-0.047,0.000368865375392349,1.10220959066e-05
"MmuEX0015418","Dock4",27,"chr12",41516749,41521354,"+","Neural-high","inconsistent",12,"higher",-51.8,"lower",-69,"lower",-14,"lower",-16,"lower",-33,"lower",-55,"lower",-0.69,-0.33,-0.518,"lower","lower","lower","gene_size",1,12607,"Dock4","chr12",40844596,40844622,27,-0.065,0.0520002283717343,0.00426080626248
"MmuEX0015456","Dock7",15,"chr4",98613455,98622006,"-","Neural-high","ASD-low",13,"higher",-24.8,"lower",-43,"lower",-13,"n.s.",-55,"lower",-17,"lower",-50,"lower",-0.43,-0.17,-0.248,"lower","lower","lower","gene_size",1,32348,"Dock7","chr4",98842103,98842117,15,-0.01,1,1
"MmuEX0015479","Dock9",8,"chr14",121942848,121945187,"-","Neural-high","inconsistent",0,"n.s.",-17.5,"lower",-46,"lower",2,"n.s.",1,"n.s.",-2,"n.s.",-3,"n.s.",-0.46,-0.02,-0.175,"lower","n.s.","lower","gene_size_contained",3,33796,"Dock9","chr14",121781988,121781995,8,-0.057,0.000692911291838832,2.31188275867e-05
"MmuEX0015480","Dock9",6,"chr14",121959183,121959811,"-","Neural-high","ASD-low",16,"higher",-0.3,"n.s.",-1,"n.s.",NA,"n.s.",1,"n.s.",2,"n.s.",2,"n.s.",-0.01,0.02,-0.003,"n.s.","n.s.","n.s.","gene_size_contained",3,33800,"Dock9","chr14",121797807,121797812,6,-0.064,0.0609220095679151,0.00516627342228
"MmuEX0015583","Dpm1",26,"chr2",168043277,168045536,"-",NA,NA,0,"n.s.",0,"n.s.",2,"n.s.",4,"n.s.",3,"n.s.",-1,"n.s.",-1,"n.s.",0.02,-0.01,0,"n.s.","n.s.","n.s.","gene_size",1,45793,"Dpm1","chr2",168061140,168061165,26,-0.006,1,0.761513330187
"MmuEX0015633","Dpy19l1",25,"chr9",24229290,24234874,"-",NA,NA,-1,"n.s.",-0.5,"n.s.",0,"n.s.",0,"n.s.",0,"n.s.",0,"n.s.",0,"n.s.",0,0,-0.005,"n.s.","n.s.","n.s.","gene_size",1,48632,"Dpy19l1","chr9",24397001,24397025,25,-0.118,1,0.362207679511
"MmuEX0015669","Dpyd",13,"chr3",119017850,119115051,"+",NA,NA,-12,"n.s.",-8.3,"n.s.",-5,"n.s.",-6,"n.s.",7,"n.s.",NA,"n.s.",NA,"n.s.",-0.05,NA,-0.083,"n.s.","n.s.","n.s.","unmatched",0,NA,NA,NA,NA,NA,NA,NA,NA,NA
"MmuEX0015734","Dsn1",26,"chr2",156831228,156832710,"-",NA,NA,1,"n.s.",-0.1,"n.s.",0,"n.s.",0,"n.s.",0,"n.s.",0,"n.s.",-2,"n.s.",0,0,-0.001,"n.s.","n.s.","n.s.","gene_size",1,45579,"Dsn1","chr2",156847768,156847793,26,-0.003,1,1
"MmuEX0015771","Dst",18,"chr1",34352382,34356565,"+",NA,"n.s.",4,"n.s.",-0.1,"n.s.",-25,"lower",3,"n.s.",-30,"lower",-10,"n.s.",-33,"lower",-0.25,-0.1,-0.001,"lower","n.s.","n.s.","gene_size",1,32248,"Dst","chr1",34335823,34335840,18,-0.162,0,0
"MmuEX0015826","Dtnb",21,"chr12",3751908,3772586,"+","Neural-high","n.s.",7,"n.s.",-2.1,"n.s.",-3,"n.s.",-13,"n.s.",-68,"lower",-9,"n.s.",-38,"lower",-0.03,-0.09,-0.021,"n.s.","n.s.","n.s.","gene_size",1,13029,"Dtnb","chr12",3804096,3804116,21,-0.064,0.00266729939819597,0.000113701869115
"MmuEX0015840","Dtnbp1",23,"chr13",45026521,45065414,"-",NA,NA,1,"n.s.",-0.7,"n.s.",-1,"n.s.",-4,"n.s.",-2,"n.s.",1,"n.s.",-5,"n.s.",-0.01,0.01,-0.007,"n.s.","n.s.","n.s.","gene_size",1,45338,"Dtnbp1","chr13",45106648,45106670,23,0.014,0.306671060422763,0.0397245785312
"MmuEX0016119","E2f7",24,"chr10",110202831,110204172,"+",NA,NA,13,"higher",-13.8,"lower",-12,"n.s.",-6,"n.s.",16,"n.s.",-11,"n.s.",NA,"n.s.",-0.12,-0.11,-0.138,"n.s.","n.s.","lower","gene_size",1,29570,"E2f7","chr10",110602000,110602023,24,-0.086,0.634260338495565,0.102271416427
"MmuEX0016244","Edem3",15,"chr1",153658835,153665439,"+","Neural-high","ASD-low",11,"higher",-11.8,"lower",-3,"n.s.",0,"n.s.",6,"n.s.",-11,"n.s.",-11,"n.s.",-0.03,-0.11,-0.118,"n.s.","n.s.","lower","gene_size",1,66194,"Edem3","chr1",151688505,151688519,15,-0.016,1,0.647329527928
"MmuEX0016251","Eea1",15,"chr10",95459727,95465520,"+","Neural-high",NA,16,"higher",-43.3,"lower",-36,"lower",-12,"lower",0,"n.s.",-20,"lower",-33,"lower",-0.36,-0.2,-0.433,"lower","lower","lower","unmatched",0,NA,NA,NA,NA,NA,NA,NA,NA,NA
"MmuEX0016263","Eef1b2",10,"chr1",63223866,63225012,"+",NA,NA,NA,NA,0,"n.s.",NA,NA,NA,NA,NA,NA,NA,NA,NA,NA,NA,NA,0,NA,NA,"n.s.","gene_size",1,24675,"Eef1b2","chr1",63217026,63217035,10,-0.015,0.274663347068319,0.0343757087625
"MmuEX0016264","Eef1b2",5,"chr1",63223866,63225012,"+",NA,NA,NA,NA,-0.2,"n.s.",NA,NA,NA,NA,NA,NA,NA,NA,NA,NA,NA,NA,-0.002,NA,NA,"n.s.","gene_size",1,24675,"Eef1b2","chr1",63217026,63217035,10,-0.015,0.274663347068319,0.0343757087625
"MmuEX0016267","Eef1d",15,"chr15",75734239,75739674,"-",NA,NA,0,"n.s.",-1.5,"n.s.",-3,"n.s.",0,"n.s.",0,"n.s.",0,"n.s.",-1,"n.s.",-0.03,0,-0.015,"n.s.","n.s.","n.s.","gene_size",6,35310,"Eef1d","chr15",75777735,75777749,15,-0.154,1,0.487526455767
"MmuEX0016341","Efha1",23,"chr14",58551141,58562424,"-",NA,NA,-1,"n.s.",NA,"n.s.",NA,"n.s.",NA,"n.s.",NA,"n.s.",0,"n.s.",NA,"n.s.",NA,0,NA,"n.s.","n.s.","n.s.","unmatched",0,NA,NA,NA,NA,NA,NA,NA,NA,NA
"MmuEX0016445","Ehbp1",15,"chr11",21959265,21962782,"-",NA,NA,-2,"n.s.",1.6,"n.s.",-1,"n.s.",0,"n.s.",0,"n.s.",0,"n.s.",0,"n.s.",-0.01,0,0.016,"n.s.","n.s.","n.s.","unmatched",0,NA,NA,NA,NA,NA,NA,NA,NA,NA
"MmuEX0016458","Ehd2",4,"chr7",16549716,16552768,"-",NA,NA,-6,"n.s.",-3.3,"n.s.",-3,"n.s.",-3,"n.s.",2,"n.s.",3,"n.s.",2,"n.s.",-0.03,0.03,-0.033,"n.s.","n.s.","n.s.","unmatched",0,NA,NA,NA,NA,NA,NA,NA,NA,NA
"MmuEX0016617","Eif4g1",21,"chr16",20674388,20675416,"+","Neural-high",NA,26,"higher",-36.4,"lower",-50,"lower",-15,"lower",-33,"lower",-30,"lower",-42,"lower",-0.5,-0.3,-0.364,"lower","lower","lower","gene_size",1,5794,"Eif4g1","chr16",20493536,20493556,21,-0.007,1,0.736533681505
"MmuEX0016639","Eif4g3",21,"chr4",137638904,137652666,"+","Neural-high","inconsistent",NA,NA,-2.3,"n.s.",NA,NA,NA,"n.s.",NA,"n.s.",NA,"n.s.",NA,"n.s.",NA,NA,-0.023,NA,"n.s.","n.s.","gene_size",4,49685,"Eif4g3","chr4",137823220,137823240,21,-0.165,0.0791536114278795,0.00714827474107
"MmuEX0016651","Eif5a",30,"chr11",69732839,69733842,"-",NA,NA,0,"n.s.",-0.1,"n.s.",0,"n.s.",0,"n.s.",0,"n.s.",0,"n.s.",0,"n.s.",0,0,-0.001,"n.s.","n.s.","n.s.","gene_size",5,69012,"Eif5a","chr11",69810275,69810304,30,0.042,0.00193171855155562,7.68145568805e-05
"MmuEX0016816","Eml5",9,"chr12",100056109,100059809,"-",NA,NA,3,"n.s.",-9.3,"n.s.",-44,"lower",0,"n.s.",0,"n.s.",-5,"n.s.",-38,"lower",-0.44,-0.05,-0.093,"lower","n.s.","n.s.","gene_size",1,11796,"Eml5","chr12",98786120,98786128,9,-0.096,8.69073407190258e-09,7.42109707019e-11
"MmuEX0016830","Eml6",9,"chr11",29664127,29677002,"-","Neural-high",NA,-2,"n.s.",-8,"n.s.",-6,"n.s.",-4,"n.s.",3,"n.s.",NA,NA,NA,NA,-0.06,NA,-0.08,"n.s.",NA,"n.s.","unmatched",0,NA,NA,NA,NA,NA,NA,NA,NA,NA
"MmuEX0016849","Enah",12,"chr1",183860894,183886524,"-","Neural-high","ASD-low",0,"n.s.",0,"n.s.",0,"n.s.",0,"n.s.",0,"n.s.",0,"n.s.",0,"n.s.",0,0,0,"n.s.","n.s.","n.s.","gene_size",2,26236,"Enah","chr1",181758739,181758750,12,-0.019,1,1
"MmuEX0016995","Epb4.1l2",3,"chr10",25079788,25161378,"+",NA,NA,0,"n.s.",-0.1,"n.s.",0,"n.s.",0,"n.s.",0,"n.s.",0,"n.s.",0,"n.s.",0,0,-0.001,"n.s.","n.s.","n.s.","unmatched",0,NA,NA,NA,NA,NA,NA,NA,NA,NA
"MmuEX0017129","Eprs",21,"chr1",187210998,187218241,"+","Neural-high","ASD-low",19,"higher",-16.6,"lower",-20,"lower",-1,"n.s.",-10,"n.s.",-16,"lower",-19,"lower",-0.2,-0.16,-0.166,"lower","lower","lower","unmatched",0,NA,NA,NA,NA,NA,NA,NA,NA,NA
"MmuEX0017219","Erc1",12,"chr6",119672327,119693305,"-","Neural-high","n.s.",20,"higher",-20.9,"lower",-29,"lower",-17,"lower",-1,"n.s.",-29,"lower",-15,"lower",-0.29,-0.29,-0.209,"lower","lower","lower","gene_size",1,16282,"Erc1","chr6",119711042,119711053,12,0.05,1,0.204522496744
"MmuEX0017234","Erc2",12,"chr14",28853723,28893317,"+",NA,"n.s.",28,"higher",NA,"n.s.",NA,NA,NA,NA,NA,NA,2,"n.s.",5,"n.s.",NA,0.02,NA,NA,"n.s.","n.s.","gene_size",1,9352,"Erc2","chr14",27768432,27768443,12,0.005,1,0.449314808767
"MmuEX0017296","Ergic3",15,"chr2",155837143,155841724,"+","Neural-high","ASD-low",25,"higher",-36.6,"lower",-38,"lower",-18,"lower",0,"n.s.",-24,"lower",-33,"lower",-0.38,-0.24,-0.366,"lower","lower","lower","gene_size",1,50423,"Ergic3","chr2",155857297,155857311,15,-0.059,0.110967419981408,0.0109034919017
"MmuEX0017353","Ero1lb",12,"chr13",12683299,12687964,"+",NA,NA,0,"n.s.",NA,"n.s.",0,"n.s.",2,"n.s.",1,"n.s.",0,"n.s.",0,"n.s.",0,0,NA,"n.s.","n.s.","n.s.","unmatched",0,NA,NA,NA,NA,NA,NA,NA,NA,NA
"MmuEX0017461","Etv3",16,"chr3",87329901,87331791,"+",NA,NA,0,"n.s.",-3.1,"n.s.",0,"n.s.",-1,"n.s.",0,"n.s.",2,"n.s.",2,"n.s.",0,0.02,-0.031,"n.s.","n.s.","n.s.","unmatched",0,NA,NA,NA,NA,NA,NA,NA,NA,NA
"MmuEX0017513","Ewsr1",15,"chr11",4988150,4991861,"-",NA,NA,0,"n.s.",-0.9,"n.s.",-1,"n.s.",0,"n.s.",-1,"n.s.",0,"n.s.",0,"n.s.",-0.01,0,-0.009,"n.s.","n.s.","n.s.","gene_size",1,67458,"Ewsr1","chr11",5041460,5041477,18,0.058,0.000463048679943167,1.44456127944e-05
"MmuEX0017543","Exoc1",21,"chr5",76966883,76971075,"+","Neural-high","ASD-low",55,"higher",-8.1,"n.s.",-8,"n.s.",-11,"lower",3,"n.s.",-2,"n.s.",0,"n.s.",-0.08,-0.02,-0.081,"n.s.","n.s.","n.s.","gene_size",1,45534,"Exoc1","chr5",76688594,76688614,21,0.186,0.00143974915000025,5.40021113122e-05
"MmuEX0017594","Exoc6b",12,"chr6",84571506,84575118,"-",NA,NA,0,"n.s.",-0.5,"n.s.",0,"n.s.",1,"n.s.",0,"n.s.",0,"n.s.",0,"n.s.",0,0,-0.005,"n.s.","n.s.","n.s.","unmatched",0,NA,NA,NA,NA,NA,NA,NA,NA,NA
"MmuEX0017703","Ezh1",15,"chr11",101062242,101064568,"-",NA,NA,-1,"n.s.",-0.6,"n.s.",-1,"n.s.",1,"n.s.",0,"n.s.",2,"n.s.",2,"n.s.",-0.01,0.02,-0.006,"n.s.","n.s.","n.s.","unmatched",0,NA,NA,NA,NA,NA,NA,NA,NA,NA
"MmuEX0018055","Fam168a",27,"chr7",107961515,107972645,"+","Neural-high","n.s.",14,"higher",-4.1,"n.s.",-3,"n.s.",-1,"n.s.",9,"n.s.",-4,"n.s.",-8,"n.s.",-0.03,-0.04,-0.041,"n.s.","n.s.","n.s.","gene_size",2,56132,"Fam168a","chr7",100467943,100467969,27,-0.253,3.86870988106723e-10,2.58026933153e-12
"MmuEX0018111","Fam178a",19,"chr19",45016917,45017938,"+","Neural-high",NA,NA,NA,-10.5,"lower",NA,NA,NA,"n.s.",NA,"n.s.",NA,NA,NA,NA,NA,NA,-0.105,NA,NA,"lower","unmatched",0,NA,NA,NA,NA,NA,NA,NA,NA,NA
"MmuEX0018305","Fam3c",30,"chr6",22278679,22289272,"-",NA,NA,-1,"n.s.",-0.2,"n.s.",-1,"n.s.",-6,"n.s.",1,"n.s.",0,"n.s.",-2,"n.s.",-0.01,0,-0.002,"n.s.","n.s.","n.s.","gene_size",3,23188,"Fam3c","chr6",22329578,22329607,30,-0.011,0.00334672435213597,0.000147906570216
"MmuEX0018329","Fam48a",27,"chr3",54516172,54517654,"+",NA,NA,0,"n.s.",1.3,"n.s.",-1,"n.s.",-1,"n.s.",0,"n.s.",0,"n.s.",0,"n.s.",-0.01,0,0.013,"n.s.","n.s.","n.s.","unmatched",0,NA,NA,NA,NA,NA,NA,NA,NA,NA
"MmuEX0018335","Fam48a",24,"chr3",54497025,54499044,"+",NA,NA,-1,"n.s.",NA,"n.s.",NA,"n.s.",NA,"n.s.",NA,"n.s.",-7,"n.s.",-7,"n.s.",NA,-0.07,NA,"n.s.","n.s.","n.s.","unmatched",0,NA,NA,NA,NA,NA,NA,NA,NA,NA
"MmuEX0018348","Fam49b",14,"chr15",63788238,63802484,"-",NA,"n.s.",0,"n.s.",0,"n.s.",0,"n.s.",0,"n.s.",0,"n.s.",0,"n.s.",0,"n.s.",0,0,0,"n.s.","n.s.","n.s.","unmatched",0,NA,NA,NA,NA,NA,NA,NA,NA,NA
"MmuEX0018497","Fam92a",21,"chr4",12096181,12098130,"-","Neural-high",NA,2,"n.s.",-4.3,"n.s.",-7,"n.s.",-3,"n.s.",4,"n.s.",-4,"n.s.",-6,"n.s.",-0.07,-0.04,-0.043,"n.s.","n.s.","n.s.","unmatched",0,NA,NA,NA,NA,NA,NA,NA,NA,NA
"MmuEX0018555","Fancd2",15,"chr6",113528486,113531377,"+",NA,NA,0,"n.s.",0.7,"n.s.",0,"n.s.",0,"n.s.",-1,"n.s.",0,"n.s.",-1,"n.s.",0,0,0.007,"n.s.","n.s.","n.s.","unmatched",0,NA,NA,NA,NA,NA,NA,NA,NA,NA
"MmuEX0018656","Fastk",21,"chr5",23950124,23950834,"-",NA,NA,NA,"n.s.",NA,"n.s.",2,"n.s.",2,"n.s.",3,"n.s.",0,"n.s.",2,"n.s.",0.02,0,NA,"n.s.","n.s.","n.s.","gene_size",2,34374,"Fastk","chr5",24649373,24649393,21,0.026,1,1
"MmuEX0018702","Fbf1",28,"chr11",116024674,116027145,"-",NA,NA,1,"n.s.",-0.8,"n.s.",0,"n.s.",-1,"n.s.",-3,"n.s.",-1,"n.s.",0,"n.s.",0,-0.01,-0.008,"n.s.","n.s.","n.s.","gene_size",2,13503,"Fbf1","chr11",116055489,116055516,28,0.013,1,1
"MmuEX0018746","Fbrs",30,"chr7",134624417,134626296,"+",NA,NA,0,"n.s.",0.6,"n.s.",2,"n.s.",-9,"n.s.",-5,"n.s.",2,"n.s.",1,"n.s.",0.02,0.02,0.006,"n.s.","n.s.","n.s.","gene_size_contained",3,57358,"Fbrs","chr7",127080161,127080190,30,-0.024,1,0.477060212639
"MmuEX0018753","Fbrs",30,"chr7",134629511,134630778,"+",NA,NA,1,"n.s.",-0.4,"n.s.",1,"n.s.",-2,"n.s.",-2,"n.s.",0,"n.s.",-8,"n.s.",0.01,0,-0.004,"n.s.","n.s.","n.s.","gene_size_contained",3,57361,"Fbrs","chr7",127086032,127086061,30,-0.045,0.726542498051809,0.122660794295
"MmuEX0018766","Fbxl12",14,"chr9",20443643,20446467,"-",NA,NA,0,"n.s.",-0.5,"n.s.",0,"n.s.",0,"n.s.",0,"n.s.",0,"n.s.",0,"n.s.",0,0,-0.005,"n.s.","n.s.","n.s.","unmatched",0,NA,NA,NA,NA,NA,NA,NA,NA,NA
"MmuEX0018852","Fbxo25",27,"chr8",13935290,13939562,"+","Neural-high","ASD-low",29,"higher",-29.6,"lower",-26,"lower",-22,"lower",10,"n.s.",-20,"lower",-7,"n.s.",-0.26,-0.2,-0.296,"lower","lower","lower","gene_size",1,25535,"Fbxo25","chr8",13988922,13988948,27,-0.077,0.000295482946567301,8.47023907868e-06
"MmuEX0018991","Fcho1",25,"chr8",74237934,74238598,"-",NA,NA,3,"n.s.",-2.1,"n.s.",-2,"n.s.",NA,"n.s.",NA,"n.s.",-2,"n.s.",NA,"n.s.",-0.02,-0.02,-0.021,"n.s.","n.s.","n.s.","gene_size",2,31239,"Fcho1","chr8",72166916,72166940,25,-0.009,1,1
"MmuEX0018995","Fcho2",25,"chr13",99525581,99533644,"-",NA,NA,1,"n.s.",-0.4,"n.s.",0,"n.s.",0,"n.s.",1,"n.s.",0,"n.s.",0,"n.s.",0,0,-0.004,"n.s.","n.s.","n.s.","unmatched",0,NA,NA,NA,NA,NA,NA,NA,NA,NA
"MmuEX0019004","Fcho2",12,"chr13",99521887,99525034,"-",NA,NA,0,"n.s.",-0.1,"n.s.",0,"n.s.",0,"n.s.",0,"n.s.",0,"n.s.",0,"n.s.",0,0,-0.001,"n.s.","n.s.","n.s.","unmatched",0,NA,NA,NA,NA,NA,NA,NA,NA,NA
"MmuEX0019077","Fermt2",21,"chr14",46081916,46084398,"-",NA,"n.s.",35,"higher",-7.2,"n.s.",-9,"n.s.",-8,"n.s.",3,"n.s.",-1,"n.s.",-3,"n.s.",-0.09,-0.01,-0.072,"n.s.","n.s.","n.s.","unmatched",0,NA,NA,NA,NA,NA,NA,NA,NA,NA
"MmuEX0019217","Fhit",30,"chr14",10596323,10702543,"-",NA,NA,0,"n.s.",1.1,"n.s.",NA,"n.s.",NA,"n.s.",NA,"n.s.",-2,"n.s.",0,"n.s.",NA,-0.02,0.011,"n.s.","n.s.","n.s.","unmatched",0,NA,NA,NA,NA,NA,NA,NA,NA,NA
"MmuEX0019231","Fhod1",24,"chr8",107858703,107860281,"-",NA,NA,56,"higher",NA,"n.s.",NA,NA,NA,NA,NA,NA,-4,"n.s.",NA,NA,NA,-0.04,NA,NA,"n.s.","n.s.","gene_size",1,37396,"Fhod1","chr8",106062869,106062892,24,-0.051,1,0.259519693113
"MmuEX0019261","Fip1l1",27,"chr5",74968611,74983027,"+","Neural-high","n.s.",3,"n.s.",-10.4,"lower",-5,"n.s.",-4,"n.s.",7,"n.s.",-7,"n.s.",-11,"lower",-0.05,-0.07,-0.104,"n.s.","n.s.","lower","gene_size",1,37627,"Fip1l1","chr5",74745707,74745733,27,-0.082,2.09850261529779e-11,1.15574216863e-13
"MmuEX0019329","Flna",8,"chrX",71485890,71486441,"-","Neural-high",NA,34,"higher",-0.8,"n.s.",-1,"n.s.",-1,"n.s.",0,"n.s.",0,"n.s.",0,"n.s.",-0.01,0,-0.008,"n.s.","n.s.","n.s.","unmatched",0,NA,NA,NA,NA,NA,NA,NA,NA,NA
"MmuEX0019330","Flna",24,"chrX",71476093,71478487,"-","Neural-high","n.s.",0,"n.s.",-3.6,"n.s.",-7,"n.s.",-1,"n.s.",-30,"lower",-7,"n.s.",-14,"lower",-0.07,-0.07,-0.036,"n.s.","n.s.","n.s.","gene_size",1,49006,"Flna","chrX",73276573,73276596,24,-0.068,3.10069043610773e-12,1.49880108324e-14
"MmuEX0019388","Fmnl1",18,"chr11",103044082,103046934,"+","Neural-high",NA,4,"n.s.",-5.4,"n.s.",0,"n.s.",4,"n.s.",NA,NA,-8,"n.s.",NA,NA,0,-0.08,-0.054,"n.s.","n.s.","n.s.","gene_size",1,51905,"Fmnl1","chr11",103073842,103073859,18,-0.026,0.277892552768789,0.0348781504233
"MmuEX0019395","Fmnl2",21,"chr2",52967493,52973145,"+","Neural-high","inconsistent",NA,NA,-1.5,"n.s.",NA,"n.s.",NA,"n.s.",NA,"n.s.",NA,"n.s.",NA,"n.s.",NA,NA,-0.015,"n.s.","n.s.","n.s.","unmatched",0,NA,NA,NA,NA,NA,NA,NA,NA,NA
"MmuEX0019436","Fnbp1",15,"chr2",30896035,30903724,"-","Neural-high","inconsistent",58,"higher",-10.4,"n.s.",-6,"n.s.",-17,"lower",-14,"lower",4,"n.s.",-16,"lower",-0.06,0.04,-0.104,"n.s.","n.s.","n.s.","gene_size",2,60993,"Fnbp1","chr2",30934894,30934908,15,-0.077,1,0.248160166242
"MmuEX0019489","Fndc3b",11,"chr3",27387213,27389946,"-","Neural-high",NA,-1,"n.s.",-0.6,"n.s.",-1,"n.s.",4,"n.s.",4,"n.s.",-2,"n.s.",-3,"n.s.",-0.01,-0.02,-0.006,"n.s.","n.s.","n.s.","unmatched",0,NA,NA,NA,NA,NA,NA,NA,NA,NA
"MmuEX0019666","Fry",9,"chr5",151260491,151268818,"+","Neural-high",NA,0,"n.s.",-11.3,"lower",-39,"lower",-1,"n.s.",0,"n.s.",-2,"n.s.",-2,"n.s.",-0.39,-0.02,-0.113,"lower","n.s.","lower","gene_size",1,15717,"Fry","chr5",150384854,150384862,9,-0.09,0.000123252539866031,3.06605587264e-06
"MmuEX0019668","Fry",18,"chr5",151284152,151293652,"+","Neural-high",NA,NA,NA,-15.5,"lower",NA,NA,NA,"n.s.",NA,NA,-13,"n.s.",-7,"n.s.",NA,-0.13,-0.155,NA,"n.s.","lower","gene_size",1,15718,"Fry","chr5",150412426,150412443,18,0.056,1,0.301826157536
"MmuEX0019673","Fryl",9,"chr5",73441745,73445291,"-","Neural-high",NA,NA,"n.s.",-39.6,"lower",-62,"lower",-1,"n.s.",7,"n.s.",-9,"n.s.",-34,"lower",-0.62,-0.09,-0.396,"lower","n.s.","lower","unmatched",0,NA,NA,NA,NA,NA,NA,NA,NA,NA
"MmuEX0019677","Fryl",18,"chr5",73415238,73418554,"-","Neural-high","inconsistent",NA,"n.s.",-35.8,"lower",-57,"lower",-17,"n.s.",NA,"n.s.",NA,"n.s.",NA,NA,-0.57,NA,-0.358,"lower","n.s.","lower","gene_size",1,17549,"Fryl","chr5",73182114,73182131,18,-0.103,1.1914221436475e-06,1.67755063174e-08
"MmuEX0019694","Fsd1",23,"chr17",56128199,56129841,"+",NA,NA,-1,"n.s.",-0.6,"n.s.",0,"n.s.",-2,"n.s.",0,"n.s.",0,"n.s.",0,"n.s.",0,0,-0.006,"n.s.","n.s.","n.s.","gene_size",1,3502,"Fsd1","chr17",56297212,56297234,23,0,1,1
"MmuEX0019700","Fsd1l",23,"chr4",53662766,53672384,"+",NA,"n.s.",3,"n.s.",-1.7,"n.s.",0,"n.s.",0,"n.s.",2,"n.s.",-1,"n.s.",-2,"n.s.",0,-0.01,-0.017,"n.s.","n.s.","n.s.","unmatched",0,NA,NA,NA,NA,NA,NA,NA,NA,NA
"MmuEX0019741","Fuca1",15,"chr4",135489015,135492837,"+",NA,NA,0,"n.s.",0,"n.s.",0,"n.s.",0,"n.s.",0,"n.s.",0,"n.s.",0,"n.s.",0,0,0,"n.s.","n.s.","n.s.","unmatched",0,NA,NA,NA,NA,NA,NA,NA,NA,NA
"MmuEX0019868","Gabbr1",21,"chr17",37185552,37187943,"+","Neural-high",NA,NA,NA,NA,"n.s.",-39,"lower",-1,"n.s.",NA,"n.s.",NA,"n.s.",NA,NA,-0.39,NA,NA,"lower","n.s.","n.s.","gene_size",1,59710,"Gabbr1","chr17",37360669,37360689,21,0.039,8.48561556128658e-06,1.47491414748e-07
"MmuEX0020191","Gcdh",27,"chr8",87417064,87417453,"-",NA,"inconsistent",4,"n.s.",1.9,"n.s.",1,"n.s.",0,"n.s.",-3,"n.s.",3,"n.s.",NA,"n.s.",0.01,0.03,0.019,"n.s.","n.s.","n.s.","gene_size",1,60420,"Gcdh","chr8",85620077,85620103,27,0.003,1,0.748763740932
"MmuEX0020267","Gdpd5",15,"chr7",106605045,106607283,"+","Neural-high",NA,NA,NA,-0.7,"n.s.",-4,"n.s.",-4,"n.s.",-4,"n.s.",-1,"n.s.",6,"n.s.",-0.04,-0.01,-0.007,"n.s.","n.s.","n.s.","gene_size",1,56672,"Gdpd5","chr7",99106204,99106218,15,0.01,1,0.324586433532
"MmuEX0020318","Gfra1",15,"chr19",58375069,58526458,"-",NA,NA,1,"n.s.",NA,"n.s.",-3,"n.s.",1,"n.s.",1,"n.s.",NA,NA,NA,NA,-0.03,NA,NA,"n.s.",NA,"n.s.","gene_size",1,58562,"Gfra1","chr19",58381005,58381019,15,-0.001,1,1
"MmuEX0020446","Git1",27,"chr11",77314617,77316519,"+","Neural-high","n.s.",1,"n.s.",-26,"lower",-53,"lower",-1,"n.s.",-7,"n.s.",-9,"n.s.",-27,"lower",-0.53,-0.09,-0.26,"lower","n.s.","lower","gene_size",2,56736,"Git1","chr11",77393655,77393681,27,-0.091,0,0
"MmuEX0020453","Git2",6,"chr5",115202340,115203287,"-","Neural-high","ASD-low",2,"n.s.",-52.5,"lower",-74,"lower",-45,"lower",-9,"n.s.",-26,"lower",-59,"lower",-0.74,-0.26,-0.525,"lower","lower","lower","gene_size",2,25047,"Git2","chr5",114891209,114891214,6,-0.165,1.10335478096785e-08,9.68181090855e-11
"MmuEX0020631","Glyr1",3,"chr16",5021542,5026600,"-",NA,NA,0,"n.s.",-0.1,"n.s.",-1,"n.s.",-1,"n.s.",0,"n.s.",0,"n.s.",0,"n.s.",-0.01,0,-0.001,"n.s.","n.s.","n.s.","unmatched",0,NA,NA,NA,NA,NA,NA,NA,NA,NA
"MmuEX0021285","Gmppa",15,"chr1",75437118,75438049,"+",NA,"ASD-low",0,"n.s.",-0.4,"n.s.",0,"n.s.",0,"n.s.",0,"n.s.",0,"n.s.",0,"n.s.",0,0,-0.004,"n.s.","n.s.","n.s.","unmatched",0,NA,NA,NA,NA,NA,NA,NA,NA,NA
"MmuEX0021305","Gmps",3,"chr3",63791685,63794076,"+",NA,NA,0,"n.s.",0,"n.s.",0,"n.s.",1,"n.s.",0,"n.s.",0,"n.s.",0,"n.s.",0,0,0,"n.s.","n.s.","n.s.","unmatched",0,NA,NA,NA,NA,NA,NA,NA,NA,NA
"MmuEX0021319","Gnas",24,"chr2",174153443,174159712,"+","Neural-high",NA,16,"higher",-8.3,"n.s.",-25,"lower",-17,"lower",5,"n.s.",-11,"n.s.",-1,"n.s.",-0.25,-0.11,-0.083,"lower","n.s.","n.s.","gene_size",3,31597,"Gnas","chr2",174169901,174169924,24,0.025,0.00232971188137893,9.64860295131e-05
"MmuEX0021320","Gnas",3,"chr2",174162293,174167153,"+",NA,NA,0,"n.s.",-0.5,"n.s.",0,"n.s.",2,"n.s.",3,"n.s.",0,"n.s.",-2,"n.s.",0,0,-0.005,"n.s.","n.s.","n.s.","unmatched",0,NA,NA,NA,NA,NA,NA,NA,NA,NA
"MmuEX0021475","Gon4l",24,"chr3",88673766,88683992,"+",NA,NA,4,"n.s.",4.8,"n.s.",4,"n.s.",-5,"n.s.",-5,"n.s.",-2,"n.s.",-9,"n.s.",0.04,-0.02,0.048,"n.s.","n.s.","n.s.","gene_size",2,26306,"Gon4l","chr3",88783214,88783237,24,-0.075,1,0.34902241573
"MmuEX0021486","Gopc",24,"chr10",52074554,52078578,"-","Neural-high","ASD-low",2,"n.s.",-31.4,"lower",-58,"lower",-9,"n.s.",-1,"n.s.",-22,"lower",-28,"lower",-0.58,-0.22,-0.314,"lower","lower","lower","gene_size",2,62645,"Gopc","chr10",52233438,52233461,24,-0.081,2.69772737166447e-12,1.27675647832e-14
"MmuEX0021546","Gpatch8",18,"chr11",102389481,102399595,"-",NA,"n.s.",10,"n.s.",0.6,"n.s.",0,"n.s.",-5,"n.s.",-17,"lower",-4,"n.s.",-28,"lower",0,-0.04,0.006,"n.s.","n.s.","n.s.","gene_size",2,34120,"Gpatch8","chr11",102422139,102422156,18,-0.107,0.00110545444193773,3.99366688779e-05
"MmuEX0021564","Gpc6",30,"chr14",118287888,118350359,"+","Neural-high",NA,20,"higher",-33.8,"lower",-7,"n.s.",-5,"n.s.",18,"higher",-10,"n.s.",-23,"lower",-0.07,-0.1,-0.338,"n.s.","n.s.","lower","gene_size",1,11582,"Gpc6","chr14",118129754,118129783,30,-0.163,0.728944278483013,0.123176776805
"MmuEX0021779","Gramd1a",12,"chr7",31917885,31919009,"-","Neural-high",NA,0,"n.s.",-11.1,"lower",-14,"lower",9,"n.s.",-6,"n.s.",-9,"n.s.",-13,"lower",-0.14,-0.09,-0.111,"lower","n.s.","lower","gene_size",1,38565,"Gramd1a","chr7",30832645,30832656,12,0.033,0.333778803419423,0.0442534904254
"MmuEX0021782","Gramd1b",21,"chr9",40125179,40141029,"-",NA,NA,0,"n.s.",0.2,"n.s.",0,"n.s.",1,"n.s.",-1,"n.s.",NA,"n.s.",NA,"n.s.",0,NA,0.002,"n.s.","n.s.","n.s.","unmatched",0,NA,NA,NA,NA,NA,NA,NA,NA,NA
"MmuEX0021786","Gramd1b",12,"chr9",40107682,40111082,"-","Neural-high","n.s.",43,"higher",-1.5,"n.s.",-8,"n.s.",-8,"n.s.",-6,"n.s.",-3,"n.s.",-4,"n.s.",-0.08,-0.03,-0.015,"n.s.","n.s.","n.s.","gene_size",1,41215,"Gramd1b","chr9",40211736,40211747,12,0.009,1,0.517739395714
"MmuEX0022122","Gtf2ird1",26,"chr5",134866801,134871486,"-",NA,NA,-1,"n.s.",0.1,"n.s.",NA,"n.s.",NA,"n.s.",NA,"n.s.",0,"n.s.",1,"n.s.",NA,0,0.001,"n.s.","n.s.","n.s.","gene_size_contained",2,29154,"Gtf2ird1","chr5",134421249,134421274,26,0.006,1,0.812746720586
"MmuEX0022165","Gtpbp2",27,"chr17",46298276,46301142,"+",NA,NA,0,"n.s.",0.2,"n.s.",-1,"n.s.",-2,"n.s.",-2,"n.s.",0,"n.s.",-1,"n.s.",-0.01,0,0.002,"n.s.","n.s.","n.s.","gene_size",3,3688,"Gtpbp2","chr17",46474409,46474435,27,0.003,1,1
"MmuEX0022304","H2afv",15,"chr11",6333841,6339378,"-",NA,NA,0,"n.s.",0,"n.s.",0,"n.s.",0,"n.s.",0,"n.s.",0,"n.s.",0,"n.s.",0,0,0,"n.s.","n.s.","n.s.","unmatched",0,NA,NA,NA,NA,NA,NA,NA,NA,NA
"MmuEX0022398","Haus7",3,"chrX",70692477,70693298,"-",NA,NA,-1,"n.s.",1.6,"n.s.",0,"n.s.",2,"n.s.",1,"n.s.",0,"n.s.",2,"n.s.",0,0,0.016,"n.s.","n.s.","n.s.","unmatched",0,NA,NA,NA,NA,NA,NA,NA,NA,NA
"MmuEX0022550","Hdhd2",15,"chr18",77183267,77189851,"+",NA,NA,NA,NA,NA,NA,0,"n.s.",-1,"n.s.",-2,"n.s.",NA,NA,NA,NA,0,NA,NA,"n.s.",NA,NA,"gene_size",1,35324,"Hdhd2","chr18",77033039,77033053,15,0.012,1,1
"MmuEX0022603","Heatr5a",27,"chr12",53011081,53015960,"-",NA,"inconsistent",NA,NA,-9.1,"n.s.",-12,"n.s.",NA,"n.s.",NA,NA,-7,"n.s.",NA,NA,-0.12,-0.07,-0.091,"n.s.","n.s.","n.s.","gene_size",1,51879,"Heatr5a","chr12",51958988,51959014,27,0.22,0.0266003257680887,0.00184267760104
"MmuEX0022639","Heatr7a",27,"chr15",76262726,76263703,"+","Neural-low",NA,-23,"lower",4.7,"n.s.",6,"n.s.",-2,"n.s.",-17,"n.s.",-2,"n.s.",-6,"n.s.",0.06,-0.02,0.047,"n.s.","n.s.","n.s.","unmatched",0,NA,NA,NA,NA,NA,NA,NA,NA,NA
"MmuEX0022724","Hemk1",10,"chr9",107238995,107239331,"-",NA,NA,-4,"n.s.",-1.1,"n.s.",-3,"n.s.",-4,"n.s.",-1,"n.s.",2,"n.s.",12,"n.s.",-0.03,0.02,-0.011,"n.s.","n.s.","n.s.","unmatched",0,NA,NA,NA,NA,NA,NA,NA,NA,NA
"MmuEX0022805","Herc4",24,"chr10",62761988,62769095,"+","Neural-high","ASD-low",-4,"n.s.",-41.5,"lower",-56,"lower",-4,"n.s.",-6,"n.s.",-10,"n.s.",-16,"lower",-0.56,-0.1,-0.415,"lower","n.s.","lower","gene_size",1,65953,"Herc4","chr10",63139624,63139647,24,-0.024,1,0.215389013277
"MmuEX0022888","Hif1an",8,"chr19",44642971,44643893,"+",NA,NA,0,"n.s.",-0.2,"n.s.",0,"n.s.",0,"n.s.",0,"n.s.",0,"n.s.",0,"n.s.",0,0,-0.002,"n.s.","n.s.","n.s.","unmatched",0,NA,NA,NA,NA,NA,NA,NA,NA,NA
"MmuEX0022940","Hira",25,"chr16",18894930,18896546,"+",NA,NA,-8,"n.s.",-0.7,"n.s.",1,"n.s.",15,"higher",14,"higher",-1,"n.s.",-5,"n.s.",0.01,-0.01,-0.007,"n.s.","n.s.","n.s.","gene_size",1,5915,"Hira","chr16",18714653,18714677,25,-0.06,0.0525503679883349,0.00431571367281
"MmuEX0022998","Hmbox1",12,"chr14",65442536,65444437,"-",NA,NA,0,"n.s.",-0.3,"n.s.",0,"n.s.",0,"n.s.",0,"n.s.",0,"n.s.",0,"n.s.",0,0,-0.003,"n.s.","n.s.","n.s.","unmatched",0,NA,NA,NA,NA,NA,NA,NA,NA,NA
"MmuEX0023122","Hnrnpm",15,"chr17",33795411,33797157,"-",NA,"n.s.",-6,"n.s.",-1.9,"n.s.",0,"n.s.",0,"n.s.",-3,"n.s.",0,"n.s.",-13,"n.s.",0,0,-0.019,"n.s.","n.s.","n.s.","gene_size",1,3992,"Hnrnpm","chr17",33877874,33877888,15,-0.006,1,1
"MmuEX0023175","Hook2",6,"chr8",87522191,87522388,"+","Neural-high","ASD-low",3,"n.s.",-44.9,"lower",-66,"lower",NA,"n.s.",-7,"n.s.",-10,"n.s.",-42,"lower",-0.66,-0.1,-0.449,"lower","n.s.","lower","unmatched",0,NA,NA,NA,NA,NA,NA,NA,NA,NA
"MmuEX0023183","Hook3",6,"chr8",27154747,27158723,"-","Neural-high",NA,8,"n.s.",-31.7,"lower",-50,"lower",-20,"lower",16,"higher",-21,"lower",-16,"lower",-0.5,-0.21,-0.317,"lower","lower","lower","unmatched",0,NA,NA,NA,NA,NA,NA,NA,NA,NA
"MmuEX0023299","Hsd17b4",22,"chr18",50300054,50302246,"+",NA,NA,0,"n.s.",0.1,"n.s.",-1,"n.s.",-1,"n.s.",0,"n.s.",0,"n.s.",0,"n.s.",-0.01,0,0.001,"n.s.","n.s.","n.s.","gene_size",1,57119,"Hsd17b4","chr18",50275537,50275558,22,-0.007,1,0.870314105206
"MmuEX0023312","Hsd3b7",13,"chr7",134944761,134944974,"+",NA,NA,-6,"n.s.",NA,NA,0,"n.s.",3,"n.s.",2,"n.s.",-1,"n.s.",NA,"n.s.",0,-0.01,NA,"n.s.","n.s.",NA,"unmatched",0,NA,NA,NA,NA,NA,NA,NA,NA,NA
"MmuEX0023411","Hspg2",9,"chr4",137064380,137066456,"+",NA,NA,0,"n.s.",0.6,"n.s.",-1,"n.s.",1,"n.s.",1,"n.s.",0,"n.s.",4,"n.s.",-0.01,0,0.006,"n.s.","n.s.","n.s.","unmatched",0,NA,NA,NA,NA,NA,NA,NA,NA,NA
"MmuEX0023592","Idh3g",12,"chrX",71027443,71028013,"-","Neural-high",NA,3,"n.s.",-4.5,"n.s.",-6,"n.s.",-19,"lower",-8,"n.s.",-7,"n.s.",-15,"lower",-0.06,-0.07,-0.045,"n.s.","n.s.","n.s.","gene_size",2,69147,"Idh3g","chrX",72825904,72825915,12,-0.045,0,0
"MmuEX0023608","Iffo1",9,"chr6",125101544,125102631,"+",NA,"n.s.",-8,"n.s.",12.8,"n.s.",22,"higher",13,"n.s.",24,"higher",-10,"n.s.",10,"n.s.",0.22,-0.1,0.128,"higher","n.s.","n.s.","gene_size",2,53085,"Iffo1","chr6",125128758,125128766,9,-0.018,1,0.438717951227
"MmuEX0023729","Ift80",3,"chr3",68698104,68702406,"-",NA,NA,0,"n.s.",-0.3,"n.s.",0,"n.s.",0,"n.s.",0,"n.s.",0,"n.s.",1,"n.s.",0,0,-0.003,"n.s.","n.s.","n.s.","unmatched",0,NA,NA,NA,NA,NA,NA,NA,NA,NA
"MmuEX0023931","Il17ra",25,"chr6",120413485,120422943,"+",NA,NA,NA,"n.s.",NA,"n.s.",0,"n.s.",0,"n.s.",0,"n.s.",NA,"n.s.",NA,"n.s.",0,NA,NA,"n.s.","n.s.","n.s.","unmatched",0,NA,NA,NA,NA,NA,NA,NA,NA,NA
"MmuEX0023934","Il17ra",12,"chr6",120427499,120428392,"+",NA,NA,0,"n.s.",-0.4,"n.s.",-2,"n.s.",0,"n.s.",1,"n.s.",0,"n.s.",-1,"n.s.",-0.02,0,-0.004,"n.s.","n.s.","n.s.","unmatched",0,NA,NA,NA,NA,NA,NA,NA,NA,NA
"MmuEX0024084","Immt",15,"chr6",71813265,71818573,"+",NA,NA,0,"n.s.",-2.1,"n.s.",-5,"n.s.",-2,"n.s.",2,"n.s.",0,"n.s.",-1,"n.s.",-0.05,0,-0.021,"n.s.","n.s.","n.s.","gene_size",1,49657,"Immt","chr6",71843710,71843724,15,-0.005,1,0.69494123112
"MmuEX0024098","Impdh1",17,"chr6",29151220,29152446,"-","Neural-high","inconsistent",3,"n.s.",-1.3,"n.s.",NA,"n.s.",NA,"n.s.",NA,"n.s.",NA,"n.s.",NA,NA,NA,NA,-0.013,"n.s.","n.s.","n.s.","gene_size",1,35609,"Impdh1","chr6",29201887,29201903,17,0.001,1,0.810080998197
"MmuEX0024133","Incenp",12,"chr19",9952919,9958188,"-",NA,"ASD-high",21,"higher",4.7,"n.s.",0,"n.s.",-15,"lower",16,"higher",-9,"n.s.",-27,"lower",0,-0.09,0.047,"n.s.","n.s.","n.s.","gene_size",2,1682,"Incenp","chr19",9860556,9860567,12,0.149,1,0.807676984422
"MmuEX0024182","Inpp4a",15,"chr1",37429265,37434422,"+","Neural-high","n.s.",1,"n.s.",-1.8,"n.s.",7,"n.s.",-1,"n.s.",-2,"n.s.",-1,"n.s.",4,"n.s.",0.07,-0.01,-0.018,"n.s.","n.s.","n.s.","gene_size",2,41536,"Inpp4a","chr1",37413353,37413370,18,-0.09,0.276144168842407,0.0346075514595
"MmuEX0024216","Inpp5e",23,"chr2",26256013,26257120,"-",NA,NA,-3,"n.s.",1,"n.s.",3,"n.s.",1,"n.s.",1,"n.s.",0,"n.s.",-3,"n.s.",0.03,0,0.01,"n.s.","n.s.","n.s.","unmatched",0,NA,NA,NA,NA,NA,NA,NA,NA,NA
"MmuEX0024354","Ipo11",27,"chr13",107647389,107650940,"-","Neural-high",NA,13,"higher",-4.6,"n.s.",0,"n.s.",NA,"n.s.",-4,"n.s.",-6,"n.s.",-9,"n.s.",0,-0.06,-0.046,"n.s.","n.s.","n.s.","gene_size",1,9757,"Ipo11","chr13",106994007,106994033,27,-0.032,0.615508508634912,0.0983689870724
"MmuEX0024454","Iqgap2",7,"chr13",96416859,96418132,"-",NA,NA,0,"n.s.",-0.1,"n.s.",0,"n.s.",0,"n.s.",0,"n.s.",0,"n.s.",0,"n.s.",0,0,-0.001,"n.s.","n.s.","n.s.","unmatched",0,NA,NA,NA,NA,NA,NA,NA,NA,NA
"MmuEX0024756","Itsn1",15,"chr16",91841856,91848966,"+","Neural-high","n.s.",1,"n.s.",-0.2,"n.s.",0,"n.s.",0,"n.s.",0,"n.s.",-1,"n.s.",-1,"n.s.",0,-0.01,-0.002,"n.s.","n.s.","n.s.","gene_size",1,5036,"Itsn1","chr16",91639516,91639530,15,0.014,0.0367442010696692,0.00276073501822
"MmuEX0024760","Itsn2",19,"chr12",4600039,4620048,"+",NA,NA,NA,"n.s.",1.4,"n.s.",NA,"n.s.",NA,"n.s.",NA,"n.s.",NA,"n.s.",NA,"n.s.",NA,NA,0.014,"n.s.","n.s.","n.s.","unmatched",0,NA,NA,NA,NA,NA,NA,NA,NA,NA
"MmuEX0024829","Jag2",28,"chr12",114150826,114151355,"-",NA,NA,0,"n.s.",-0.8,"n.s.",0,"n.s.",0,"n.s.",-2,"n.s.",0,"n.s.",-1,"n.s.",0,0,-0.008,"n.s.","n.s.","n.s.","gene_size",2,11415,"Jag2","chr12",112876313,112876340,28,-0.021,1,0.474047509426
"MmuEX0025087","Kcnma1",12,"chr14",24261305,24270820,"-",NA,"n.s.",NA,"n.s.",-0.7,"n.s.",NA,"n.s.",NA,NA,0,"n.s.",0,"n.s.",NA,NA,NA,0,-0.007,"n.s.","n.s.","n.s.","gene_size_contained",3,38554,"Kcnma1","chr14",23499268,23499279,12,-0.017,1,1
"MmuEX0025108","Kcnn2",9,"chr18",45836719,45842724,"+","Neural-high",NA,0,"n.s.",0.2,"n.s.",2,"n.s.",0,"n.s.",-1,"n.s.",0,"n.s.",0,"n.s.",0.02,0,0.002,"n.s.","n.s.","n.s.","unmatched",0,NA,NA,NA,NA,NA,NA,NA,NA,NA
"MmuEX0025132","Kcnq2",30,"chr2",180835324,180839591,"-",NA,"n.s.",30,"higher",-0.4,"n.s.",NA,"n.s.",NA,"n.s.",NA,"n.s.",NA,"n.s.",NA,"n.s.",NA,NA,-0.004,"n.s.","n.s.","n.s.","gene_size",1,40722,"Kcnq2","chr2",180745435,180745464,30,0.126,1.44977024033862e-06,2.07305375088e-08
"MmuEX0025239","Kctd9",14,"chr14",68346804,68347407,"+",NA,NA,3,"n.s.",0,"n.s.",1,"n.s.",0,"n.s.",0,"n.s.",-1,"n.s.",1,"n.s.",0.01,-0.01,0,"n.s.","n.s.","n.s.","gene_size",1,8445,"Kctd9","chr14",67966673,67966686,14,-0.03,0.0101676435208775,0.000574363801816
"MmuEX0025260","Kdm1a",12,"chr4",136117076,136124487,"-","Neural-high","n.s.",4,"n.s.",-3.1,"n.s.",-1,"n.s.",0,"n.s.",2,"n.s.",-1,"n.s.",-1,"n.s.",-0.01,-0.01,-0.031,"n.s.","n.s.","n.s.","gene_size",1,19626,"Kdm1a","chr4",136290749,136290760,12,0.001,1,0.731330869171
"MmuEX0025263","Kdm1b",21,"chr13",47149105,47154144,"+","Neural-high",NA,-3,"n.s.",-3.6,"n.s.",-17,"lower",-15,"n.s.",-17,"n.s.",-5,"n.s.",-6,"n.s.",-0.17,-0.05,-0.036,"lower","n.s.","n.s.","unmatched",0,NA,NA,NA,NA,NA,NA,NA,NA,NA
"MmuEX0025411","Kif13a",13,"chr13",46943756,47024584,"-",NA,NA,-8,"n.s.",-0.4,"n.s.",6,"n.s.",-2,"n.s.",2,"n.s.",1,"n.s.",-6,"n.s.",0.06,0.01,-0.004,"n.s.","n.s.","n.s.","gene_size",1,17461,"Kif13a","chr13",47018295,47018307,13,0.138,0.0103601446742514,0.000588378883713
"MmuEX0025502","Kif1b",18,"chr4",148637800,148640360,"-","Neural-high","ASD-low",0,"n.s.",-36.4,"lower",-69,"lower",-4,"n.s.",-1,"n.s.",-7,"n.s.",-9,"n.s.",-0.69,-0.07,-0.364,"lower","n.s.","lower","gene_size",1,45468,"Kif1b","chr4",149349802,149349819,18,-0.122,0,0
"MmuEX0025504","Kif1c",22,"chr11",70532596,70537549,"+","Neural-high",NA,NA,NA,NA,NA,-23,"lower",-12,"n.s.",-20,"n.s.",NA,"n.s.",NA,"n.s.",-0.23,NA,NA,"lower","n.s.",NA,"unmatched",0,NA,NA,NA,NA,NA,NA,NA,NA,NA
"MmuEX0025563","Kif26a",21,"chr12",113417560,113418005,"+",NA,NA,-2,"n.s.",-1.5,"n.s.",-3,"n.s.",0,"n.s.",0,"n.s.",0,"n.s.",-3,"n.s.",-0.03,0,-0.015,"n.s.","n.s.","n.s.","gene_size",1,42217,"Kif26a","chr12",112145914,112145934,21,-0.005,1,1
"MmuEX0025589","Kif3a",9,"chr11",53402263,53406875,"+",NA,"inconsistent",4,"n.s.",-11.4,"lower",-31,"lower",3,"n.s.",8,"n.s.",-6,"n.s.",3,"n.s.",-0.31,-0.06,-0.114,"lower","n.s.","lower","gene_size",3,68343,"Kif3a","chr11",53481544,53481552,9,0.041,0.229136103812079,0.0273076947919
"MmuEX0025622","Kifap3",3,"chr1",165724235,165726115,"+",NA,NA,0,"n.s.",-0.2,"n.s.",0,"n.s.",1,"n.s.",0,"n.s.",0,"n.s.",1,"n.s.",0,0,-0.002,"n.s.","n.s.","n.s.","unmatched",0,NA,NA,NA,NA,NA,NA,NA,NA,NA
"MmuEX0025635","Kifc3",27,"chr8",97624353,97625308,"-",NA,"n.s.",-1,"n.s.",0,"n.s.",1,"n.s.",4,"n.s.",-8,"n.s.",0,"n.s.",-15,"n.s.",0.01,0,0,"n.s.","n.s.","n.s.","gene_size",1,60721,"Kifc3","chr8",95827275,95827301,27,-0.024,0.109974443375709,0.0107938415081
"MmuEX0025877","Kpna3",30,"chr14",62010289,62010592,"-",NA,NA,0,"n.s.",0.3,"n.s.",0,"n.s.",0,"n.s.",0,"n.s.",0,"n.s.",0,"n.s.",0,0,0.003,"n.s.","n.s.","n.s.","gene_size",2,8586,"Kpna3","chr14",61628997,61629026,30,-0.002,1,1
"MmuEX0025977","L1cam",15,"chrX",71111500,71115067,"-","Neural-high","n.s.",18,"higher",-20.7,"lower",-59,"lower",-12,"lower",-1,"n.s.",-14,"lower",-33,"lower",-0.59,-0.14,-0.207,"lower","lower","lower","gene_size_contained",2,53352,"L1cam","chrX",72910628,72910642,15,-0.025,0.0868801912539865,0.00802603579055
"MmuEX0025978","L1cam",12,"chrX",71100606,71101097,"-","Neural-high","n.s.",17,"higher",-28.4,"lower",-42,"lower",-10,"lower",2,"n.s.",-18,"lower",-33,"lower",-0.42,-0.18,-0.284,"lower","lower","lower","gene_size_contained",2,53339,"L1cam","chrX",72899258,72899269,12,-0.179,0,0
"MmuEX0026173","Lass6",24,"chr2",68943217,68946498,"+","Neural-high","n.s.",19,"higher",-27.9,"lower",-41,"lower",-4,"n.s.",10,"n.s.",-26,"lower",-31,"lower",-0.41,-0.26,-0.279,"lower","lower","lower","unmatched",0,NA,NA,NA,NA,NA,NA,NA,NA,NA
"MmuEX0026196","Layn",24,"chr9",50882251,50884990,"-",NA,NA,NA,NA,NA,"n.s.",-27,"lower",-6,"n.s.",-15,"n.s.",NA,"n.s.",NA,NA,-0.27,NA,NA,"lower","n.s.","n.s.","gene_size",1,62970,"Layn","chr9",50987622,50987645,24,-0.07,0.33540211591306,0.0445590980955
"MmuEX0026251","Ldb1",12,"chr19",46108671,46108878,"-",NA,NA,3,"n.s.",-0.2,"n.s.",0,"n.s.",0,"n.s.",0,"n.s.",0,"n.s.",-1,"n.s.",0,0,-0.002,"n.s.","n.s.","n.s.","unmatched",0,NA,NA,NA,NA,NA,NA,NA,NA,NA
"MmuEX0026300","Leng1",8,"chr7",3615464,3616917,"-",NA,NA,0,"n.s.",0.3,"n.s.",0,"n.s.",0,"n.s.",0,"n.s.",0,"n.s.",0,"n.s.",0,0,0.003,"n.s.","n.s.","n.s.","unmatched",0,NA,NA,NA,NA,NA,NA,NA,NA,NA
"MmuEX0026346","Lgals8",27,"chr13",12540775,12544988,"-",NA,NA,0,"n.s.",6.5,"n.s.",-1,"n.s.",-4,"n.s.",-2,"n.s.",0,"n.s.",4,"n.s.",-0.01,0,0.065,"n.s.","n.s.","n.s.","gene_size",1,15229,"Lgals8","chr13",12466282,12466308,27,0.04,0.00738927196670455,0.000389786771983
"MmuEX0026461","Limk2",12,"chr11",3260590,3292919,"-",NA,NA,0,"n.s.",1.2,"n.s.",1,"n.s.",1,"n.s.",0,"n.s.",0,"n.s.",1,"n.s.",0.01,0,0.012,"n.s.","n.s.","n.s.","unmatched",0,NA,NA,NA,NA,NA,NA,NA,NA,NA
"MmuEX0026604","Lmf1",11,"chr17",25722798,25733246,"+",NA,NA,1,"n.s.",0.1,"n.s.",0,"n.s.",-1,"n.s.",-1,"n.s.",0,"n.s.",0,"n.s.",0,0,0.001,"n.s.","n.s.","n.s.","gene_size",2,11700,"Lmf1","chr17",25807650,25807660,11,0.021,2.5264878856716e-07,3.04672975737e-09
"MmuEX0026609","Lmf2",29,"chr15",89184729,89184994,"-",NA,NA,0,"n.s.",2,"n.s.",3,"n.s.",2,"n.s.",-7,"n.s.",0,"n.s.",-23,"lower",0.03,0,0.02,"n.s.","n.s.","n.s.","gene_size",2,6839,"Lmf2","chr15",89238630,89238658,29,-0.01,1,1
"MmuEX0026702","Lphn1",15,"chr8",86448255,86453362,"+","Neural-high","n.s.",28,"higher",-6.6,"n.s.",-28,"lower",-36,"lower",-10,"lower",-7,"n.s.",-5,"n.s.",-0.28,-0.07,-0.066,"lower","n.s.","n.s.","unmatched",0,NA,NA,NA,NA,NA,NA,NA,NA,NA
"MmuEX0026704","Lphn1",18,"chr8",86461677,86462248,"+",NA,"inconsistent",0,"n.s.",-1.3,"n.s.",-1,"n.s.",-2,"n.s.",-1,"n.s.",0,"n.s.",0,"n.s.",-0.01,0,-0.013,"n.s.","n.s.","n.s.","unmatched",0,NA,NA,NA,NA,NA,NA,NA,NA,NA
"MmuEX0026711","Lphn2",12,"chr3",148522498,148528563,"-","Neural-high","ASD-low",30,"higher",-21,"lower",-30,"lower",-21,"lower",-15,"lower",-28,"lower",-32,"lower",-0.3,-0.28,-0.21,"lower","lower","lower","unmatched",0,NA,NA,NA,NA,NA,NA,NA,NA,NA
"MmuEX0026793","Lrch3",3,"chr16",32979631,32981913,"+",NA,NA,0,"n.s.",-0.2,"n.s.",-2,"n.s.",0,"n.s.",3,"n.s.",0,"n.s.",-1,"n.s.",-0.02,0,-0.002,"n.s.","n.s.","n.s.","unmatched",0,NA,NA,NA,NA,NA,NA,NA,NA,NA
"MmuEX0026829","Lrmp",28,"chr6",145108958,145109396,"+",NA,NA,NA,"n.s.",-0.4,"n.s.",NA,"n.s.",NA,"n.s.",NA,"n.s.",NA,"n.s.",NA,"n.s.",NA,NA,-0.004,"n.s.","n.s.","n.s.","unmatched",0,NA,NA,NA,NA,NA,NA,NA,NA,NA
"MmuEX0027055","Lrrc57",7,"chr2",120434760,120435016,"-",NA,NA,9,"n.s.",-8.4,"n.s.",-7,"n.s.",1,"n.s.",-1,"n.s.",1,"n.s.",-1,"n.s.",-0.07,0.01,-0.084,"n.s.","n.s.","n.s.","unmatched",0,NA,NA,NA,NA,NA,NA,NA,NA,NA
"MmuEX0027170","Lrrn3",29,"chr12",42181259,42212157,"-",NA,NA,NA,"n.s.",0.9,"n.s.",0,"n.s.",0,"n.s.",0,"n.s.",-1,"n.s.",1,"n.s.",0,-0.01,0.009,"n.s.","n.s.","n.s.","unmatched",0,NA,NA,NA,NA,NA,NA,NA,NA,NA
"MmuEX0027173","Lrsam1",30,"chr2",32801494,32803310,"-",NA,NA,0,"n.s.",0.3,"n.s.",0,"n.s.",0,"n.s.",0,"n.s.",1,"n.s.",0,"n.s.",0,0.01,0.003,"n.s.","n.s.","n.s.","gene_size",1,41707,"Lrsam1","chr2",32836104,32836133,30,-0.005,1,1
"MmuEX0027467","Macf1",12,"chr4",123045281,123047047,"-","Neural-high","n.s.",0,"n.s.",-0.3,"n.s.",-3,"n.s.",-3,"n.s.",-3,"n.s.",0,"n.s.",0,"n.s.",-0.03,0,-0.003,"n.s.","n.s.","n.s.","gene_size_contained",3,45707,"Macf1","chr4",123262614,123262625,12,-0.007,1,0.435762899918
"MmuEX0027468","Macf1",6,"chr4",123177269,123179406,"-","Neural-high","n.s.",-1,"n.s.",-2.6,"n.s.",-2,"n.s.",0,"n.s.",-2,"n.s.",-2,"n.s.",-2,"n.s.",-0.02,-0.02,-0.026,"n.s.","n.s.","n.s.","gene_size",1,45709,"Macf1","chr4",123280342,123280350,9,-0.025,0.462669578044302,0.067895712492
"MmuEX0027469","Macf1",9,"chr4",123062115,123064470,"-","Neural-low","ASD-high",-2,"n.s.",-1.4,"n.s.",0,"n.s.",-4,"n.s.",-1,"n.s.",-1,"n.s.",0,"n.s.",0,-0.01,-0.014,"n.s.","n.s.","n.s.","gene_size_contained",2,45709,"Macf1","chr4",123280342,123280350,9,-0.025,0.462669578044302,0.067895712492
"MmuEX0027471","Macf1",18,"chr4",123038271,123042515,"-",NA,"n.s.",-4,"n.s.",-10.7,"lower",NA,NA,NA,"n.s.",NA,NA,-8,"n.s.",-23,"lower",NA,-0.08,-0.107,NA,"n.s.","lower","gene_size_contained",2,45706,"Macf1","chr4",123257850,123257867,18,-0.137,0,0
"MmuEX0027504","Mad2l2",29,"chr4",147517167,147518372,"+",NA,NA,1,"n.s.",-0.3,"n.s.",-1,"n.s.",-14,"lower",-6,"n.s.",-3,"n.s.",-18,"lower",-0.01,-0.03,-0.003,"n.s.","n.s.","n.s.","unmatched",0,NA,NA,NA,NA,NA,NA,NA,NA,NA
"MmuEX0027511","Madd",9,"chr2",91010905,91013269,"-","Neural-high",NA,1,"n.s.",0,"n.s.",0,"n.s.",0,"n.s.",0,"n.s.",0,"n.s.",0,"n.s.",0,0,0,"n.s.","n.s.","n.s.","gene_size",1,42195,"Madd","chr2",90971154,90971162,9,-0.03,1,0.332738814433
"MmuEX0027690","Map2k5",30,"chr9",63065173,63104783,"-",NA,NA,NA,"n.s.",-5.5,"n.s.",-4,"n.s.",NA,"n.s.",0,"n.s.",0,"n.s.",NA,"n.s.",-0.04,0,-0.055,"n.s.","n.s.","n.s.","gene_size_contained",5,47747,"Map2k5","chr9",63142571,63142600,30,-0.061,1,0.199575470429
"MmuEX0027691","Map2k5",27,"chr9",63064833,63083095,"-",NA,NA,NA,"n.s.",-3.6,"n.s.",NA,"n.s.",NA,"n.s.",NA,"n.s.",0,"n.s.",NA,"n.s.",NA,0,-0.036,"n.s.","n.s.","n.s.","gene_size_contained",3,47746,"Map2k5","chr9",63124621,63124647,27,-0.016,1,0.821053850956
"MmuEX0027736","Map3k5",24,"chr10",19720512,19743413,"+","Neural-low",NA,-1,"n.s.",0.3,"n.s.",2,"n.s.",4,"n.s.",NA,"n.s.",0,"n.s.",0,"n.s.",0.02,0,0.003,"n.s.","n.s.","n.s.","gene_size_contained",2,63183,"Map3k5","chr10",19895304,19895327,24,0.002,1,1
"MmuEX0027744","Map3k6",24,"chr4",132798873,132799225,"+",NA,NA,0,"n.s.",NA,"n.s.",NA,"n.s.",NA,"n.s.",NA,"n.s.",0,"n.s.",-1,"n.s.",NA,0,NA,"n.s.","n.s.","n.s.","gene_size",1,33611,"Map3k6","chr4",132970364,132970387,24,-0.031,0.599365685472908,0.0947695128376
"MmuEX0027767","Map4k1",24,"chr7",29779307,29781107,"+",NA,NA,-4,"n.s.",1.3,"n.s.",-1,"n.s.",1,"n.s.",-2,"n.s.",4,"n.s.",-6,"n.s.",-0.01,0.04,0.013,"n.s.","n.s.","n.s.","gene_size",1,62182,"Map4k1","chr7",28694890,28694913,24,-0.023,0.0041171129882091,0.000190482523977
"MmuEX0027794","Map4k4",9,"chr1",40064376,40066532,"+",NA,NA,NA,NA,0,"n.s.",-1,"n.s.",-1,"n.s.",0,"n.s.",NA,"n.s.",NA,"n.s.",-0.01,NA,0,"n.s.","n.s.","n.s.","gene_size",1,32563,"Map4k4","chr1",40047491,40047499,9,-0.01,1,0.810537045364
"MmuEX0027804","Map4k5",3,"chr12",70919486,70923789,"-",NA,NA,0,"n.s.",0.9,"n.s.",-1,"n.s.",-2,"n.s.",-1,"n.s.",-1,"n.s.",0,"n.s.",-0.01,-0.01,0.009,"n.s.","n.s.","n.s.","unmatched",0,NA,NA,NA,NA,NA,NA,NA,NA,NA
"MmuEX0027827","Mapk14",16,"chr17",28865921,28878732,"+","Neural-high",NA,8,"n.s.",-6.5,"n.s.",-8,"n.s.",-2,"n.s.",5,"n.s.",-1,"n.s.",18,"higher",-0.08,-0.01,-0.065,"n.s.","n.s.","n.s.","unmatched",0,NA,NA,NA,NA,NA,NA,NA,NA,NA
"MmuEX0027855","Mapk8ip3",12,"chr17",25045374,25049692,"-",NA,NA,0,"n.s.",-0.6,"n.s.",-1,"n.s.",0,"n.s.",0,"n.s.",0,"n.s.",0,"n.s.",-0.01,0,-0.006,"n.s.","n.s.","n.s.","gene_size",2,4511,"Mapk8ip3","chr17",25128124,25128135,12,-0.002,1,1
"MmuEX0027856","Mapk8ip3",24,"chr17",25055085,25060760,"-",NA,NA,-10,"n.s.",-8.5,"n.s.",-18,"lower",-1,"n.s.",4,"n.s.",2,"n.s.",-1,"n.s.",-0.18,0.02,-0.085,"lower","n.s.","n.s.","gene_size",2,4517,"Mapk8ip3","chr17",25139446,25139469,24,-0.09,5.19225305857089e-11,3.05200309469e-13
"MmuEX0027928","March6",15,"chr15",31416191,31418546,"-",NA,NA,1,"n.s.",-0.3,"n.s.",0,"n.s.",0,"n.s.",0,"n.s.",0,"n.s.",1,"n.s.",0,0,-0.003,"n.s.","n.s.","n.s.","unmatched",0,NA,NA,NA,NA,NA,NA,NA,NA,NA
"MmuEX0027932","March7",25,"chr2",60083318,60085946,"+","Neural-high",NA,4,"n.s.",-6.3,"n.s.",-4,"n.s.",-10,"n.s.",6,"n.s.",-8,"n.s.",-8,"n.s.",-0.04,-0.08,-0.063,"n.s.","n.s.","n.s.","unmatched",0,NA,NA,NA,NA,NA,NA,NA,NA,NA
"MmuEX0027951","Mark2",27,"chr19",7352577,7355487,"-",NA,"n.s.",3,"n.s.",6.2,"n.s.",3,"n.s.",NA,"n.s.",-5,"n.s.",0,"n.s.",-4,"n.s.",0.03,0,0.062,"n.s.","n.s.","n.s.","gene_size",3,1771,"Mark2","chr19",7257351,7257377,27,-0.062,0.000169761050823123,4.5003519048e-06
"MmuEX0027962","Mark3",27,"chr12",112885940,112891600,"+",NA,"n.s.",-4,"n.s.",2.9,"n.s.",4,"n.s.",15,"higher",-19,"lower",0,"n.s.",-8,"n.s.",0.04,0,0.029,"n.s.","n.s.","n.s.","gene_size",1,63859,"Mark3","chr12",111618392,111618418,27,0.035,0.548491727512436,0.0846203482396
"MmuEX0027974","Mars",24,"chr10",126733690,126733928,"-","Neural-high","n.s.",51,"higher",-0.7,"n.s.",-2,"n.s.",-1,"n.s.",0,"n.s.",-3,"n.s.",-11,"lower",-0.02,-0.03,-0.007,"n.s.","n.s.","n.s.","unmatched",0,NA,NA,NA,NA,NA,NA,NA,NA,NA
"MmuEX0028003","Mast2",21,"chr4",116003075,116010026,"-","Neural-high",NA,18,"higher",-38.1,"lower",-33,"lower",-2,"n.s.",-32,"lower",-26,"lower",-37,"lower",-0.33,-0.26,-0.381,"lower","lower","lower","gene_size",2,20805,"Mast2","chr4",116190610,116190630,21,-0.043,1,0.191416022431
"MmuEX0028009","Mast3",21,"chr8",73313184,73313746,"-",NA,NA,-7,"n.s.",NA,"n.s.",-4,"n.s.",8,"n.s.",-4,"n.s.",NA,"n.s.",-2,"n.s.",-0.04,NA,NA,"n.s.","n.s.","n.s.","gene_size",1,21914,"Mast3","chr8",71242327,71242347,21,-0.029,1,0.255823665711
"MmuEX0028014","Mast4",9,"chr13",103594801,103600580,"-","Neural-high","ASD-low",0,"n.s.",NA,NA,-1,"n.s.",-3,"n.s.",-1,"n.s.",NA,NA,NA,NA,-0.01,NA,NA,"n.s.",NA,NA,"gene_size",1,61689,"Mast4","chr13",102942659,102942667,9,0.053,1,1
"MmuEX0028056","Max",27,"chr12",78054264,78062976,"-",NA,"n.s.",4,"n.s.",-3.8,"n.s.",0,"n.s.",-16,"lower",-1,"n.s.",7,"n.s.",19,"higher",0,0.07,-0.038,"n.s.","n.s.","n.s.","gene_size",1,22087,"Max","chr12",77008037,77008063,27,0.18,6.74755089948493e-13,2.88657986403e-15
"MmuEX0028230","Mcm3ap",15,"chr10",75940656,75943745,"+",NA,NA,0,"n.s.",-0.3,"n.s.",0,"n.s.",0,"n.s.",0,"n.s.",1,"n.s.",1,"n.s.",0,0.01,-0.003,"n.s.","n.s.","n.s.","unmatched",0,NA,NA,NA,NA,NA,NA,NA,NA,NA
"MmuEX0028322","Mdm1",30,"chr10",117589331,117594250,"+",NA,"n.s.",13,"higher",-3.4,"n.s.",1,"n.s.",-22,"lower",-11,"lower",5,"n.s.",-44,"lower",0.01,0.05,-0.034,"n.s.","n.s.","n.s.","gene_size",1,54577,"Mdm1","chr10",117992739,117992768,30,-0.124,0,0
"MmuEX0028432","Meaf6",30,"chr4",124780276,124785566,"+","Neural-high","ASD-low",20,"higher",-40.9,"lower",NA,NA,NA,NA,NA,"n.s.",NA,NA,NA,NA,NA,NA,-0.409,NA,NA,"lower","gene_size_contained",3,36588,"Meaf6","chr4",125001310,125001339,30,-0.057,0.0856393093459826,0.00788543982542
"MmuEX0028501","Med15",30,"chr16",17680855,17685545,"-",NA,NA,-4,"n.s.",4.8,"n.s.",6,"n.s.",-7,"n.s.",1,"n.s.",-1,"n.s.",-3,"n.s.",0.06,-0.01,0.048,"n.s.","n.s.","n.s.","gene_size",3,23392,"Med15","chr16",17501023,17501052,30,0.047,0.244340396510165,0.0297452148411
"MmuEX0028529","Med23",18,"chr10",24602456,24608205,"+","Neural-high",NA,24,"higher",-16.1,"lower",0,"n.s.",-30,"lower",-6,"n.s.",-6,"n.s.",-28,"lower",0,-0.06,-0.161,"n.s.","n.s.","lower","gene_size",1,48938,"Med23","chr10",24759102,24759119,18,-0.056,0.588359809528868,0.0925932910068
"MmuEX0028551","Med6",28,"chr12",82674948,82680556,"-",NA,NA,0,"n.s.",0,"n.s.",-4,"n.s.",0,"n.s.",1,"n.s.",0,"n.s.",0,"n.s.",-0.04,0,0,"n.s.","n.s.","n.s.","gene_size",1,39879,"Med6","chr12",81621299,81621326,28,-0.003,1,1
"MmuEX0028558","Mef2a",20,"chr7",74461869,74494734,"-",NA,NA,NA,"n.s.",NA,"n.s.",-2,"n.s.",-2,"n.s.",0,"n.s.",NA,"n.s.",NA,"n.s.",-0.02,NA,NA,"n.s.","n.s.","n.s.","gene_size",1,48301,"Mef2a","chr7",66894269,66894292,24,-0.188,3.82827506342898e-06,6.07376142714e-08
"MmuEX0028559","Mef2a",24,"chr7",74385327,74396542,"-","Neural-high","ASD-low",7,"n.s.",-15.2,"lower",-13,"lower",-3,"n.s.",-5,"n.s.",-6,"n.s.",-14,"lower",-0.13,-0.06,-0.152,"lower","n.s.","lower","gene_size",1,48301,"Mef2a","chr7",66894269,66894292,24,-0.188,3.82827506342898e-06,6.07376142714e-08
"MmuEX0028570","Mef2d",21,"chr3",87965304,87966879,"+","Neural-high","ASD-low",18,"higher",-15.3,"lower",-48,"lower",-25,"lower",-19,"lower",-15,"lower",-45,"lower",-0.48,-0.15,-0.153,"lower","lower","lower","gene_size",1,39273,"Mef2d","chr3",88069088,88069108,21,-0.097,9.37526080268328e-10,6.86872780875e-12
"MmuEX0028828","Mfsd6",25,"chr1",52715390,52717650,"-","Neural-high","inconsistent",22,"higher",-44.4,"lower",-43,"lower",-19,"lower",13,"higher",-34,"lower",-43,"lower",-0.43,-0.34,-0.444,"lower","lower","lower","gene_size",1,42952,"Mfsd6","chr1",52697858,52697882,25,-0.091,0.452631944531882,0.0659729317206
"MmuEX0028957","Mib2",19,"chr4",155029280,155029630,"-",NA,"inconsistent",1,"n.s.",-3.5,"n.s.",2,"n.s.",2,"n.s.",-2,"n.s.",-2,"n.s.",-2,"n.s.",0.02,-0.02,-0.035,"n.s.","n.s.","n.s.","gene_size",1,68253,"Mib2","chr4",155739709,155739727,19,-0.157,1,1
"MmuEX0029001","Micu1",6,"chr10",59213296,59230885,"+","Neural-high","ASD-low",3,"n.s.",-4.1,"n.s.",-2,"n.s.",0,"n.s.",-2,"n.s.",-1,"n.s.",-1,"n.s.",-0.02,-0.01,-0.041,"n.s.","n.s.","n.s.","gene_size",1,65660,"Micu1","chr10",59602906,59602911,6,0.138,0.59092085319362,0.0931058136832
"MmuEX0029002","Micu1",12,"chr10",59213296,59230885,"+",NA,NA,1,"n.s.",-0.7,"n.s.",0,"n.s.",1,"n.s.",0,"n.s.",-2,"n.s.",-3,"n.s.",0,-0.02,-0.007,"n.s.","n.s.","n.s.","gene_size",1,65659,"Micu1","chr10",59592528,59592539,12,-0.005,1,0.302990743236
"MmuEX0029044","Mink1",24,"chr11",70422757,70423055,"+","Neural-high","ASD-low",5,"n.s.",-22.9,"lower",-33,"lower",-6,"n.s.",-10,"n.s.",-6,"n.s.",-7,"n.s.",-0.33,-0.06,-0.229,"lower","n.s.","lower","gene_size",1,58457,"Mink1","chr11",70500234,70500257,24,-0.036,0.00272089887763768,0.000116399150288
"MmuEX0029211","Mllt10",3,"chr2",18047857,18068403,"+",NA,NA,1,"n.s.",1.2,"n.s.",0,"n.s.",0,"n.s.",0,"n.s.",-1,"n.s.",-1,"n.s.",0,-0.01,0.012,"n.s.","n.s.","n.s.","unmatched",0,NA,NA,NA,NA,NA,NA,NA,NA,NA
"MmuEX0029239","Mllt4",21,"chr17",13983647,13986114,"+",NA,"inconsistent",-20,"lower",-5,"n.s.",3,"n.s.",-10,"lower",-34,"lower",-2,"n.s.",-9,"n.s.",0.03,-0.02,-0.05,"n.s.","n.s.","n.s.","unmatched",0,NA,NA,NA,NA,NA,NA,NA,NA,NA
"MmuEX0029281","Mmd",9,"chr11",90111050,90118833,"+",NA,NA,0,"n.s.",-0.3,"n.s.",0,"n.s.",0,"n.s.",0,"n.s.",0,"n.s.",0,"n.s.",0,0,-0.003,"n.s.","n.s.","n.s.","unmatched",0,NA,NA,NA,NA,NA,NA,NA,NA,NA
"MmuEX0029412","Mon2",3,"chr10",122460001,122460965,"-","Neural-high","ASD-low",40,"higher",-33.6,"lower",-36,"lower",-23,"lower",10,"n.s.",-25,"lower",-24,"lower",-0.36,-0.25,-0.336,"lower","lower","lower","gene_size",1,67002,"Mon2","chr10",122858991,122858993,3,-0.106,0.0142090723300144,0.000863926148
"MmuEX0029413","Mon2",18,"chr10",122446688,122447549,"-","Neural-high","n.s.",0,"n.s.",-6.5,"n.s.",-32,"lower",-2,"n.s.",-3,"n.s.",-2,"n.s.",-2,"n.s.",-0.32,-0.02,-0.065,"lower","n.s.","n.s.","gene_size",1,66999,"Mon2","chr10",122845818,122845835,18,-0.009,1,1
"MmuEX0029537","Mpp3",21,"chr11",101870999,101873033,"-",NA,NA,1,"n.s.",-11.6,"lower",NA,NA,NA,"n.s.",NA,"n.s.",-5,"n.s.",NA,NA,NA,-0.05,-0.116,NA,"n.s.","lower","gene_size",1,14119,"Mpp3","chr11",101901033,101901053,21,-0.028,0.000564704654403061,1.82896057267e-05
"MmuEX0029740","Mrps27",3,"chr13",100175059,100179763,"+",NA,NA,0,"n.s.",-0.3,"n.s.",0,"n.s.",1,"n.s.",1,"n.s.",0,"n.s.",0,"n.s.",0,0,-0.003,"n.s.","n.s.","n.s.","unmatched",0,NA,NA,NA,NA,NA,NA,NA,NA,NA
"MmuEX0029871","Mta1",12,"chr12",114371788,114374007,"+","Neural-high","ASD-high",17,"higher",-27,"lower",-59,"lower",-23,"lower",4,"n.s.",-42,"lower",-50,"lower",-0.59,-0.42,-0.27,"lower","lower","lower","unmatched",0,NA,NA,NA,NA,NA,NA,NA,NA,NA
"MmuEX0029907","Mtap4",3,"chr9",109834445,109881353,"+",NA,NA,0,"n.s.",0,"n.s.",0,"n.s.",0,"n.s.",0,"n.s.",0,"n.s.",0,"n.s.",0,0,0,"n.s.","n.s.","n.s.","unmatched",0,NA,NA,NA,NA,NA,NA,NA,NA,NA
"MmuEX0030091","Mtmr3",27,"chr11",4382943,4385365,"-",NA,"n.s.",NA,"n.s.",0.7,"n.s.",NA,"n.s.",NA,"n.s.",NA,"n.s.",NA,"n.s.",NA,"n.s.",NA,NA,0.007,"n.s.","n.s.","n.s.","gene_size",1,54038,"Mtmr3","chr11",4434671,4434697,27,0.002,1,1
"MmuEX0030164","Mtss1",12,"chr15",58788146,58800393,"-",NA,"inconsistent",-3,"n.s.",1.6,"n.s.",4,"n.s.",-11,"n.s.",-4,"n.s.",1,"n.s.",-4,"n.s.",0.04,0.01,0.016,"n.s.","n.s.","n.s.","gene_size",1,11675,"Mtss1","chr15",58836346,58836357,12,0.046,0.00959877875633464,0.00053533163031
"MmuEX0030172","Mtss1l",9,"chr8",113251452,113252627,"+",NA,"n.s.",22,"higher",-5.4,"n.s.",-12,"n.s.",-40,"lower",-17,"lower",-15,"n.s.",-33,"lower",-0.12,-0.15,-0.054,"n.s.","n.s.","n.s.","unmatched",0,NA,NA,NA,NA,NA,NA,NA,NA,NA
"MmuEX0030191","Mtx2",3,"chr2",74664101,74685294,"+",NA,NA,0,"n.s.",0.6,"n.s.",0,"n.s.",1,"n.s.",1,"n.s.",1,"n.s.",1,"n.s.",0,0.01,0.006,"n.s.","n.s.","n.s.","unmatched",0,NA,NA,NA,NA,NA,NA,NA,NA,NA
"MmuEX0030251","Mxd3",30,"chr13",55429846,55430629,"-",NA,NA,0,"n.s.",0.1,"n.s.",0,"n.s.",-1,"n.s.",0,"n.s.",0,"n.s.",0,"n.s.",0,0,0.001,"n.s.","n.s.","n.s.","unmatched",0,NA,NA,NA,NA,NA,NA,NA,NA,NA
"MmuEX0030253","Mxd4",30,"chr5",34521574,34529977,"-",NA,NA,0,"n.s.",3.5,"n.s.",0,"n.s.",-6,"n.s.",0,"n.s.",2,"n.s.",2,"n.s.",0,0.02,0.035,"n.s.","n.s.","n.s.","gene_size",1,57973,"Mxd4","chr5",34341658,34341687,30,-0.013,0.0416730984314207,0.00322513184474
"MmuEX0030255","Mxi1",30,"chr19",53405974,53444031,"+",NA,"n.s.",2,"n.s.",-0.8,"n.s.",-1,"n.s.",-1,"n.s.",-1,"n.s.",0,"n.s.",-1,"n.s.",-0.01,0,-0.008,"n.s.","n.s.","n.s.","gene_size",1,54466,"Mxi1","chr19",53334882,53334911,30,0.006,1,0.837663899576
"MmuEX0030346","Myh10",30,"chr11",68558922,68565443,"+","Neural-high","n.s.",2,"n.s.",-3.9,"n.s.",-4,"n.s.",10,"n.s.",-3,"n.s.",-2,"n.s.",NA,NA,-0.04,-0.02,-0.039,"n.s.","n.s.","n.s.","gene_size_contained",2,68896,"Myh10","chr11",68636761,68636790,30,-0.015,0.942414529736232,0.173121488797
"MmuEX0030386","Myh9",6,"chr15",77611946,77613818,"-","Neural-high","ASD-low",1,"n.s.",0,"n.s.",0,"n.s.",0,"n.s.",0,"n.s.",0,"n.s.",0,"n.s.",0,0,0,"n.s.","n.s.","n.s.","unmatched",0,NA,NA,NA,NA,NA,NA,NA,NA,NA
"MmuEX0030387","Myh9",12,"chr15",77622777,77626390,"-",NA,NA,0,"n.s.",0,"n.s.",0,"n.s.",1,"n.s.",0,"n.s.",0,"n.s.",0,"n.s.",0,0,0,"n.s.","n.s.","n.s.","unmatched",0,NA,NA,NA,NA,NA,NA,NA,NA,NA
"MmuEX0030452","Myo18a",12,"chr11",77634689,77636777,"+",NA,NA,3,"n.s.",-1,"n.s.",-31,"lower",0,"n.s.",NA,"n.s.",-4,"n.s.",NA,"n.s.",-0.31,-0.04,-0.01,"lower","n.s.","n.s.","gene_size",1,69392,"Myo18a","chr11",77713489,77713500,12,-0.053,1.72324372925086e-06,2.51634101334e-08
"MmuEX0030465","Myo19",3,"chr11",84712953,84713697,"+",NA,NA,0,"n.s.",0.2,"n.s.",-1,"n.s.",2,"n.s.",-1,"n.s.",-1,"n.s.",-1,"n.s.",-0.01,-0.01,0.002,"n.s.","n.s.","n.s.","unmatched",0,NA,NA,NA,NA,NA,NA,NA,NA,NA
"MmuEX0030480","Myo1b",6,"chr1",51841386,51850483,"-","Neural-high","ASD-low",5,"n.s.",-6.4,"n.s.",-4,"n.s.",-2,"n.s.",-4,"n.s.",0,"n.s.",0,"n.s.",-0.04,0,-0.064,"n.s.","n.s.","n.s.","unmatched",0,NA,NA,NA,NA,NA,NA,NA,NA,NA
"MmuEX0030525","Myo5a",9,"chr9",75033930,75037706,"+","Neural-high","n.s.",1,"n.s.",-40,"lower",-72,"lower",-3,"n.s.",-1,"n.s.",-5,"n.s.",-9,"n.s.",-0.72,-0.05,-0.4,"lower","n.s.","lower","gene_size",1,63531,"Myo5a","chr9",75094804,75094812,9,-0.061,0,0
"MmuEX0030590","Myo9b",15,"chr8",73860865,73862805,"+","Neural-high",NA,8,"n.s.",NA,NA,NA,NA,NA,"n.s.",NA,"n.s.",-32,"lower",NA,"n.s.",NA,-0.32,NA,NA,"lower",NA,"unmatched",0,NA,NA,NA,NA,NA,NA,NA,NA,NA
"MmuEX0030693","N4bp2",11,"chr5",66189407,66194659,"+","Neural-high",NA,0,"n.s.",-0.1,"n.s.",0,"n.s.",0,"n.s.",0,"n.s.",0,"n.s.",0,"n.s.",0,0,-0.001,"n.s.","n.s.","n.s.","unmatched",0,NA,NA,NA,NA,NA,NA,NA,NA,NA
"MmuEX0030715","Naa15",28,"chr3",51267295,51269515,"+",NA,NA,0,"n.s.",-0.1,"n.s.",1,"n.s.",0,"n.s.",1,"n.s.",NA,"n.s.",0,"n.s.",0.01,NA,-0.001,"n.s.","n.s.","n.s.","unmatched",0,NA,NA,NA,NA,NA,NA,NA,NA,NA
"MmuEX0030759","Naaa",29,"chr5",92688658,92691534,"-",NA,NA,3,"n.s.",-2.3,"n.s.",-1,"n.s.",1,"n.s.",0,"n.s.",2,"n.s.",1,"n.s.",-0.01,0.02,-0.023,"n.s.","n.s.","n.s.","gene_size",1,17247,"Naaa","chr5",92409211,92409239,29,-0.009,0.211706329551112,0.0246421403902
"MmuEX0030862","Nap1l4",30,"chr7",150706346,150710065,"-",NA,NA,0,"n.s.",0.2,"n.s.",0,"n.s.",1,"n.s.",0,"n.s.",0,"n.s.",-1,"n.s.",0,0,0.002,"n.s.","n.s.","n.s.","gene_size_contained",6,55148,"Nap1l4","chr7",143075138,143075167,30,-0.005,1,0.918038985852
"MmuEX0030944","Nav1",9,"chr1",137351908,137355232,"-","Neural-high","n.s.",14,"higher",-1.7,"n.s.",-2,"n.s.",1,"n.s.",0,"n.s.",1,"n.s.",2,"n.s.",-0.02,0.01,-0.017,"n.s.","n.s.","n.s.","gene_size",1,30199,"Nav1","chr1",135385599,135385607,9,0.002,1,0.712796221588
"MmuEX0030948","Nav1",24,"chr1",137360377,137361282,"-","Neural-high",NA,2,"n.s.",-20.6,"lower",-22,"n.s.",-37,"lower",8,"n.s.",-14,"lower",-23,"lower",-0.22,-0.14,-0.206,"n.s.","lower","lower","gene_size",1,30200,"Nav1","chr1",135391653,135391676,24,-0.063,0,0
"MmuEX0030987","Nbea",9,"chr3",55796437,55804408,"-","Neural-high","n.s.",-2,"n.s.",-22.2,"lower",-51,"lower",-73,"lower",-6,"n.s.",-1,"n.s.",-21,"lower",-0.51,-0.01,-0.222,"lower","n.s.","lower","gene_size",1,40686,"Nbea","chr3",55901469,55901477,9,0.082,0.0415558753304993,0.00321344067403
"MmuEX0031041","Ncam1",30,"chr9",49354414,49365200,"-","Neural-high","ASD-low",NA,"n.s.",-0.5,"n.s.",0,"n.s.",-1,"n.s.",-1,"n.s.",-1,"n.s.",NA,"n.s.",0,-0.01,-0.005,"n.s.","n.s.","n.s.","gene_size",1,38082,"Ncam1","chr9",49461840,49461869,30,0.008,0.0604118633852059,0.00511268007619
"MmuEX0031042","Ncam1",15,"chr9",49331752,49351115,"-","Neural-high",NA,7,"n.s.",-0.8,"n.s.",1,"n.s.",0,"n.s.",0,"n.s.",0,"n.s.",4,"n.s.",0.01,0,-0.008,"n.s.","n.s.","n.s.","gene_size",3,38080,"Ncam1","chr9",49453188,49453202,15,-0.232,0.00238916533905825,9.93909520577e-05
"MmuEX0031043","Ncam1",3,"chr9",49331752,49351115,"-",NA,NA,-4,"n.s.",0.8,"n.s.",4,"n.s.",-22,"lower",-19,"lower",2,"n.s.",-6,"n.s.",0.04,0.02,0.008,"n.s.","n.s.","n.s.","gene_size",2,38074,"Ncam1","chr9",49443274,49443276,3,0.071,0.0237793543175305,0.00160600954649
"MmuEX0031113","Nckap1",14,"chr2",80410387,80421014,"-",NA,"ASD-low",0,"n.s.",-0.9,"n.s.",-1,"n.s.",0,"n.s.",2,"n.s.",0,"n.s.",0,"n.s.",-0.01,0,-0.009,"n.s.","n.s.","n.s.","gene_size",1,42585,"Nckap1","chr2",80401557,80401574,18,-0.142,0,0
"MmuEX0031126","Nckap5l",15,"chr15",99266519,99288062,"-",NA,NA,0,"n.s.",1.6,"n.s.",1,"n.s.",-1,"n.s.",0,"n.s.",0,"n.s.",-1,"n.s.",0.01,0,0.016,"n.s.","n.s.","n.s.","unmatched",0,NA,NA,NA,NA,NA,NA,NA,NA,NA
"MmuEX0031190","Ncor1",27,"chr11",62214770,62217300,"-",NA,"n.s.",NA,"n.s.",0.7,"n.s.",-1,"n.s.",-40,"lower",-15,"lower",NA,"n.s.",NA,NA,-0.01,NA,0.007,"n.s.","n.s.","n.s.","gene_size",1,62465,"Ncor1","chr11",62294262,62294288,27,0.088,0.138050624356607,0.0142784532653
"MmuEX0031211","Ncs1",25,"chr2",31101763,31136185,"+",NA,NA,-2,"n.s.",-0.3,"n.s.",0,"n.s.",0,"n.s.",0,"n.s.",0,"n.s.",0,"n.s.",0,0,-0.003,"n.s.","n.s.","n.s.","unmatched",0,NA,NA,NA,NA,NA,NA,NA,NA,NA
"MmuEX0031485","Nelf",6,"chr2",24912697,24913772,"+","Neural-high","n.s.",1,"n.s.",-18.2,"lower",-34,"lower",1,"n.s.",0,"n.s.",-6,"n.s.",1,"n.s.",-0.34,-0.06,-0.182,"lower","n.s.","lower","unmatched",0,NA,NA,NA,NA,NA,NA,NA,NA,NA
"MmuEX0031764","Nipsnap3b",6,"chr4",53030080,53033053,"+",NA,NA,0,"n.s.",0.2,"n.s.",2,"n.s.",-1,"n.s.",0,"n.s.",0,"n.s.",0,"n.s.",0.02,0,0.002,"n.s.","n.s.","n.s.","unmatched",0,NA,NA,NA,NA,NA,NA,NA,NA,NA
"MmuEX0031809","Nktr",28,"chr9",121638799,121640595,"+",NA,NA,1,"n.s.",-4.7,"n.s.",0,"n.s.",-8,"n.s.",-17,"lower",-9,"n.s.",-16,"n.s.",0,-0.09,-0.047,"n.s.","n.s.","n.s.","gene_size_contained",3,64803,"Nktr","chr9",121559063,121559090,28,-0.2,2.01290237575617e-09,1.53012047477e-11
"MmuEX0031815","Nktr",28,"chr9",121640684,121650239,"+",NA,NA,-4,"n.s.",-2.1,"n.s.",-2,"n.s.",1,"n.s.",7,"n.s.",NA,"n.s.",NA,"n.s.",-0.02,NA,-0.021,"n.s.","n.s.","n.s.","gene_size_contained",3,64805,"Nktr","chr9",121567454,121567481,28,0.002,1,0.698171087392
"MmuEX0031816","Nktr",30,"chr9",121640684,121650715,"+",NA,NA,0,"n.s.",0.2,"n.s.",0,"n.s.",0,"n.s.",0,"n.s.",0,"n.s.",0,"n.s.",0,0,0.002,"n.s.","n.s.","n.s.","gene_size_contained",3,64805,"Nktr","chr9",121567454,121567481,28,0.002,1,0.698171087392
"MmuEX0031965","Nol7",29,"chr13",43494939,43496221,"+",NA,NA,0,"n.s.",0.3,"n.s.",-1,"n.s.",-1,"n.s.",0,"n.s.",0,"n.s.",0,"n.s.",-0.01,0,0.003,"n.s.","n.s.","n.s.","gene_size",1,66062,"Nol7","chr13",43554069,43554097,29,-0.002,1,1
"MmuEX0032196","Npm1",3,"chr11",33057049,33059933,"-",NA,NA,0,"n.s.",0,"n.s.",0,"n.s.",0,"n.s.",0,"n.s.",0,"n.s.",0,"n.s.",0,0,0,"n.s.","n.s.","n.s.","unmatched",0,NA,NA,NA,NA,NA,NA,NA,NA,NA
"MmuEX0032302","Nrbp1",24,"chr5",31548219,31549714,"+","Neural-high","n.s.",16,"higher",-9.1,"n.s.",-17,"lower",-5,"n.s.",-7,"n.s.",-8,"n.s.",-11,"lower",-0.17,-0.08,-0.091,"lower","n.s.","n.s.","gene_size",1,46685,"Nrbp1","chr5",31403666,31403689,24,0.001,1,0.923572096402
"MmuEX0032308","Nrcam",12,"chr12",45692047,45699336,"+","Neural-high",NA,0,"n.s.",1.4,"n.s.",-4,"n.s.",NA,"n.s.",-2,"n.s.",-2,"n.s.",-1,"n.s.",-0.04,-0.02,0.014,"n.s.","n.s.","n.s.","gene_size",1,12594,"Nrcam","chr12",44644565,44644576,12,0.04,0.841350763311225,0.148944620089
"MmuEX0032309","Nrcam",6,"chr12",45489043,45557611,"+",NA,NA,0,"n.s.",NA,"n.s.",1,"n.s.",2,"n.s.",1,"n.s.",NA,NA,NA,NA,0.01,NA,NA,"n.s.",NA,"n.s.","unmatched",0,NA,NA,NA,NA,NA,NA,NA,NA,NA
"MmuEX0032313","Nrcam",30,"chr12",45667400,45669530,"+","Neural-high","ASD-low",-5,"n.s.",NA,"n.s.",-12,"lower",-6,"n.s.",-32,"lower",NA,"n.s.",-13,"lower",-0.12,NA,NA,"lower","n.s.","n.s.","gene_size",1,12584,"Nrcam","chr12",44613623,44613652,30,-0.075,3.81037137779472e-06,6.03893870466e-08
"MmuEX0032539","Ntng2",27,"chr2",29052670,29062911,"-",NA,NA,0,"n.s.",-0.6,"n.s.",0,"n.s.",0,"n.s.",-1,"n.s.",1,"n.s.",0,"n.s.",0,0.01,-0.006,"n.s.","n.s.","n.s.","gene_size",3,33661,"Ntng2","chr2",29094910,29094936,27,0.124,1,1
"MmuEX0032549","Ntrk1",18,"chr3",87587052,87587591,"-",NA,NA,8,"n.s.",-13.7,"lower",-31,"lower",-6,"n.s.",-12,"n.s.",-8,"n.s.",-3,"n.s.",-0.31,-0.08,-0.137,"lower","n.s.","lower","gene_size",1,15927,"Ntrk1","chr3",87690594,87690611,18,-0.014,0.179402113495911,0.0200027283212
"MmuEX0032555","Ntrk3",24,"chr7",85596842,85605166,"-",NA,"n.s.",0,"n.s.",NA,"n.s.",-2,"n.s.",0,"n.s.",NA,"n.s.",NA,"n.s.",NA,"n.s.",-0.02,NA,NA,"n.s.","n.s.","n.s.","unmatched",0,NA,NA,NA,NA,NA,NA,NA,NA,NA
"MmuEX0032624","Nudt5",9,"chr2",5785495,5787399,"+",NA,NA,-1,"n.s.",-0.4,"n.s.",0,"n.s.",0,"n.s.",0,"n.s.",0,"n.s.",-1,"n.s.",0,0,-0.004,"n.s.","n.s.","n.s.","gene_size",1,27617,"Nudt5","chr2",5871044,5871052,9,0.003,1,0.554860717188
"MmuEX0032857","Nxf7",30,"chrX",132124010,132128351,"-",NA,NA,-2,"n.s.",2.4,"n.s.",-1,"n.s.",-3,"n.s.",7,"n.s.",6,"n.s.",2,"n.s.",-0.01,0.06,0.024,"n.s.","n.s.","n.s.","gene_size",1,449,"Nxf7","chrX",134493015,134493044,30,0.018,1,0.24490839577
"MmuEX0032860","Nxt1",10,"chr2",148498572,148500199,"+",NA,NA,0,"n.s.",0.8,"n.s.",0,"n.s.",0,"n.s.",0,"n.s.",-1,"n.s.",0,"n.s.",0,-0.01,0.008,"n.s.","n.s.","n.s.","unmatched",0,NA,NA,NA,NA,NA,NA,NA,NA,NA
"MmuEX0032950","Ocrl",3,"chrX",45265869,45266145,"+",NA,NA,2,"n.s.",0.5,"n.s.",-2,"n.s.",-4,"n.s.",-3,"n.s.",1,"n.s.",0,"n.s.",-0.02,0.01,0.005,"n.s.","n.s.","n.s.","unmatched",0,NA,NA,NA,NA,NA,NA,NA,NA,NA
"MmuEX0032953","Ocrl",24,"chrX",45301538,45313629,"+","Neural-high","n.s.",-2,"n.s.",-21.5,"lower",-16,"n.s.",-20,"n.s.",-19,"n.s.",-4,"n.s.",-3,"n.s.",-0.16,-0.04,-0.215,"n.s.","n.s.","lower","gene_size",1,822,"Ocrl","chrX",47045087,47045110,24,0.03,0.105035754700546,0.0101985907274
"MmuEX0032958","Odf2",3,"chr2",29759628,29768088,"+",NA,NA,0,"n.s.",0,"n.s.",0,"n.s.",0,"n.s.",0,"n.s.",0,"n.s.",0,"n.s.",0,0,0,"n.s.","n.s.","n.s.","unmatched",0,NA,NA,NA,NA,NA,NA,NA,NA,NA
"MmuEX0032996","Odz3",21,"chr8",49364545,49373144,"-","Neural-high","n.s.",41,"higher",-16.4,"lower",-20,"lower",-13,"lower",4,"n.s.",-8,"n.s.",-9,"n.s.",-0.2,-0.08,-0.164,"lower","n.s.","lower","unmatched",0,NA,NA,NA,NA,NA,NA,NA,NA,NA
"MmuEX0033003","Odz3",27,"chr8",49396124,49420942,"-","Neural-high",NA,36,"higher",-14.8,"lower",-25,"lower",-18,"lower",5,"n.s.",-12,"lower",-18,"lower",-0.25,-0.12,-0.148,"lower","lower","lower","unmatched",0,NA,NA,NA,NA,NA,NA,NA,NA,NA
"MmuEX0033034","Ogdhl",3,"chr14",33135303,33137064,"+",NA,NA,-1,"n.s.",-1,"n.s.",-1,"n.s.",-1,"n.s.",-2,"n.s.",-1,"n.s.",3,"n.s.",-0.01,-0.01,-0.01,"n.s.","n.s.","n.s.","unmatched",0,NA,NA,NA,NA,NA,NA,NA,NA,NA
"MmuEX0033035","Ogdhl",12,"chr14",33148612,33150627,"+",NA,NA,0,"n.s.",0.4,"n.s.",0,"n.s.",-1,"n.s.",0,"n.s.",0,"n.s.",0,"n.s.",0,0,0.004,"n.s.","n.s.","n.s.","unmatched",0,NA,NA,NA,NA,NA,NA,NA,NA,NA
"MmuEX0033236","Osbpl6",24,"chr2",76406300,76415052,"+","Neural-high",NA,NA,"n.s.",-2.7,"n.s.",NA,"n.s.",NA,"n.s.",NA,"n.s.",NA,"n.s.",NA,"n.s.",NA,NA,-0.027,"n.s.","n.s.","n.s.","gene_size",1,40952,"Osbpl6","chr2",76399364,76399387,24,0.016,0.195603675336618,0.0222934292957
"MmuEX0033334","Otud7b",24,"chr3",95908743,95940396,"+",NA,NA,6,"n.s.",NA,"n.s.",4,"n.s.",-8,"n.s.",-7,"n.s.",5,"n.s.",-2,"n.s.",0.04,0.05,NA,"n.s.","n.s.","n.s.","unmatched",0,NA,NA,NA,NA,NA,NA,NA,NA,NA
"MmuEX0033366","Oxr1",28,"chr15",41657599,41682004,"+",NA,NA,0,"n.s.",7.3,"n.s.",NA,"n.s.",NA,"n.s.",NA,NA,NA,"n.s.",NA,"n.s.",NA,NA,0.073,"n.s.","n.s.","n.s.","gene_size",8,22617,"Oxr1","chr15",41701648,41701675,28,0.5,1,1
"MmuEX0033441","Pacsin2",6,"chr15",83212314,83215416,"-","Neural-high","ASD-low",11,"higher",-40.8,"lower",-40,"lower",-7,"n.s.",-3,"n.s.",-20,"lower",-38,"lower",-0.4,-0.2,-0.408,"lower","lower","lower","gene_size",1,31534,"Pacsin2","chr15",83267824,83267829,6,-0.13,4.78678250710644e-06,7.85247105117e-08
"MmuEX0033457","Paf1",30,"chr7",29178274,29180061,"+",NA,"inconsistent",1,"n.s.",0,"n.s.",0,"n.s.",-4,"n.s.",0,"n.s.",0,"n.s.",-1,"n.s.",0,0,0,"n.s.","n.s.","n.s.","unmatched",0,NA,NA,NA,NA,NA,NA,NA,NA,NA
"MmuEX0033596","Papola",30,"chr12",107051493,107056565,"+",NA,NA,NA,"n.s.",NA,"n.s.",NA,"n.s.",NA,"n.s.",NA,"n.s.",0,"n.s.",1,"n.s.",NA,0,NA,"n.s.","n.s.","n.s.","unmatched",0,NA,NA,NA,NA,NA,NA,NA,NA,NA
"MmuEX0033814","Paxip1",11,"chr5",28102220,28107961,"-","Neural-high",NA,5,"n.s.",-7.4,"n.s.",-6,"n.s.",-13,"n.s.",0,"n.s.",-9,"n.s.",-17,"lower",-0.06,-0.09,-0.074,"n.s.","n.s.","n.s.","unmatched",0,NA,NA,NA,NA,NA,NA,NA,NA,NA
"MmuEX0033888","Pcca",15,"chr14",123113348,123137123,"+","Neural-high",NA,1,"n.s.",-1.1,"n.s.",2,"n.s.",7,"n.s.",2,"n.s.",0,"n.s.",2,"n.s.",0.02,0,-0.011,"n.s.","n.s.","n.s.","unmatched",0,NA,NA,NA,NA,NA,NA,NA,NA,NA
"MmuEX0033949","Pcgf2",8,"chr11",97552356,97552997,"-",NA,NA,-2,"n.s.",0.6,"n.s.",0,"n.s.",-1,"n.s.",-1,"n.s.",-1,"n.s.",0,"n.s.",0,-0.01,0.006,"n.s.","n.s.","n.s.","unmatched",0,NA,NA,NA,NA,NA,NA,NA,NA,NA
"MmuEX0033979","Pck2",30,"chr14",56159351,56161242,"+",NA,NA,NA,"n.s.",NA,"n.s.",0,"n.s.",0,"n.s.",0,"n.s.",NA,"n.s.",NA,"n.s.",0,NA,NA,"n.s.","n.s.","n.s.","unmatched",0,NA,NA,NA,NA,NA,NA,NA,NA,NA
"MmuEX0034016","Pcnt",21,"chr10",75864281,75866502,"-",NA,NA,0,"n.s.",1.8,"n.s.",3,"n.s.",-8,"n.s.",-35,"lower",4,"n.s.",-15,"n.s.",0.03,0.04,0.018,"n.s.","n.s.","n.s.","gene_size",1,61661,"Pcnt","chr10",76239458,76239478,21,-0.015,1,0.59663211499
"MmuEX0034088","Pctp",3,"chr11",89848682,89850008,"-",NA,NA,0,"n.s.",0.8,"n.s.",1,"n.s.",0,"n.s.",0,"n.s.",0,"n.s.",0,"n.s.",0.01,0,0.008,"n.s.","n.s.","n.s.","unmatched",0,NA,NA,NA,NA,NA,NA,NA,NA,NA
"MmuEX0034294","Pdlim7",6,"chr13",55607729,55608690,"-",NA,NA,NA,NA,-0.1,"n.s.",0,"n.s.",-1,"n.s.",0,"n.s.",-2,"n.s.",-2,"n.s.",0,-0.02,-0.001,"n.s.","n.s.","n.s.","unmatched",0,NA,NA,NA,NA,NA,NA,NA,NA,NA
"MmuEX0034298","Pdlim7",17,"chr13",55609003,55609550,"-","Neural-high",NA,34,"higher",1.7,"n.s.",NA,"n.s.",NA,"n.s.",NA,"n.s.",1,"n.s.",0,"n.s.",NA,0.01,0.017,"n.s.","n.s.","n.s.","gene_size",3,10586,"Pdlim7","chr13",55655677,55655693,17,-0.072,0.376014781416877,0.051673503193
"MmuEX0034460","Per3",3,"chr4",150380069,150382336,"-",NA,NA,0,"n.s.",2.5,"n.s.",NA,"n.s.",NA,NA,NA,"n.s.",1,"n.s.",2,"n.s.",NA,0.01,0.025,"n.s.","n.s.","n.s.","unmatched",0,NA,NA,NA,NA,NA,NA,NA,NA,NA
"MmuEX0034466","Pes1",3,"chr11",3864064,3868265,"+",NA,NA,0,"n.s.",0.2,"n.s.",0,"n.s.",0,"n.s.",0,"n.s.",0,"n.s.",0,"n.s.",0,0,0.002,"n.s.","n.s.","n.s.","unmatched",0,NA,NA,NA,NA,NA,NA,NA,NA,NA
"MmuEX0034574","Pfkfb3",23,"chr2",11396171,11401824,"-","Neural-high","ASD-low",65,"higher",-3.6,"n.s.",NA,"n.s.",NA,"n.s.",-6,"n.s.",-3,"n.s.",NA,"n.s.",NA,-0.03,-0.036,"n.s.","n.s.","n.s.","gene_size",2,26865,"Pfkfb3","chr2",11482847,11482869,23,-0.202,0.633271240258697,0.102029047804
"MmuEX0034604","Pgap2",20,"chr7",109359106,109371892,"+",NA,NA,NA,"n.s.",NA,"n.s.",4,"n.s.",5,"n.s.",-5,"n.s.",NA,"n.s.",NA,"n.s.",0.04,NA,NA,"n.s.","n.s.","n.s.","gene_size",2,49366,"Pgap2","chr7",101871989,101872008,20,0.149,1,0.456720577744
"MmuEX0034605","Pgap2",24,"chr7",109372005,109384607,"+",NA,"n.s.",3,"n.s.",0.5,"n.s.",3,"n.s.",NA,"n.s.",-7,"n.s.",3,"n.s.",-2,"n.s.",0.03,0.03,0.005,"n.s.","n.s.","n.s.","gene_size",2,49366,"Pgap2","chr7",101871989,101872008,20,0.149,1,0.456720577744
"MmuEX0034621","Pgf",30,"chr12",86510368,86512324,"-",NA,NA,1,"n.s.",-2.3,"n.s.",-1,"n.s.",-2,"n.s.",2,"n.s.",0,"n.s.",-8,"n.s.",-0.01,0,-0.023,"n.s.","n.s.","n.s.","gene_size",1,12817,"Pgf","chr12",85216285,85216314,30,-0.046,0,0
"MmuEX0034681","Phc1",9,"chr6",122287034,122289615,"-","Neural-high",NA,11,"higher",-7.4,"n.s.",-15,"lower",3,"n.s.",-4,"n.s.",-5,"n.s.",-4,"n.s.",-0.15,-0.05,-0.074,"lower","n.s.","n.s.","unmatched",0,NA,NA,NA,NA,NA,NA,NA,NA,NA
"MmuEX0034764","Phf21a",23,"chr2",92189606,92197020,"+","Neural-high","ASD-low",8,"n.s.",-9.3,"n.s.",-45,"lower",-11,"n.s.",NA,"n.s.",-25,"lower",-10,"n.s.",-0.45,-0.25,-0.093,"lower","lower","n.s.","gene_size",1,47380,"Phf21a","chr2",92181954,92181976,23,-0.004,1,1
"MmuEX0034767","Phf21b",23,"chr15",84622372,84625509,"-","Neural-high",NA,0,"n.s.",-1.9,"n.s.",-7,"n.s.",0,"n.s.",0,"n.s.",0,"n.s.",0,"n.s.",-0.07,0,-0.019,"n.s.","n.s.","n.s.","gene_size",2,6977,"Phf21b","chr15",84678097,84678119,23,-0.019,0.130072435725668,0.0132758271381
"MmuEX0034804","Phip",30,"chr9",82868341,82868694,"-",NA,NA,2,"n.s.",-2.6,"n.s.",-2,"n.s.",-4,"n.s.",-1,"n.s.",-1,"n.s.",-2,"n.s.",-0.02,-0.01,-0.026,"n.s.","n.s.","n.s.","gene_size",2,28462,"Phip","chr9",82856980,82857009,30,-0.022,1,1
"MmuEX0034919","Phtf2",12,"chr5",20313292,20319057,"-",NA,"inconsistent",0,"n.s.",0,"n.s.",0,"n.s.",0,"n.s.",0,"n.s.",0,"n.s.",0,"n.s.",0,0,0,"n.s.","n.s.","n.s.","unmatched",0,NA,NA,NA,NA,NA,NA,NA,NA,NA
"MmuEX0035018","Picalm",24,"chr7",97340264,97344164,"+",NA,"n.s.",-8,"n.s.",-19.9,"lower",-24,"lower",-11,"lower",-34,"lower",-21,"lower",-30,"lower",-0.24,-0.21,-0.199,"lower","lower","lower","gene_size",1,55840,"Picalm","chr7",89843481,89843504,24,-0.188,1.78979631253235e-11,9.73665592596e-14
"MmuEX0035069","Pign",12,"chr1",107418705,107443240,"-",NA,NA,0,"n.s.",-0.1,"n.s.",-1,"n.s.",-1,"n.s.",0,"n.s.",0,"n.s.",0,"n.s.",-0.01,0,-0.001,"n.s.","n.s.","n.s.","unmatched",0,NA,NA,NA,NA,NA,NA,NA,NA,NA
"MmuEX0035524","Pla2g6",29,"chr15",79133128,79134734,"-",NA,NA,6,"n.s.",-0.4,"n.s.",1,"n.s.",-4,"n.s.",-3,"n.s.",-1,"n.s.",NA,NA,0.01,-0.01,-0.004,"n.s.","n.s.","n.s.","gene_size",1,25083,"Pla2g6","chr15",79187774,79187802,29,-0.205,9.75537972425887e-08,1.0794766192e-09
"MmuEX0035673","Plec",15,"chr15",76024861,76025180,"-","Neural-high","ASD-low",47,"higher",-4.9,"n.s.",-8,"n.s.",-3,"n.s.",-2,"n.s.",-11,"n.s.",-18,"lower",-0.08,-0.11,-0.049,"n.s.","n.s.","n.s.","gene_size",1,33368,"Plec","chr15",76078759,76078773,15,-0.145,2.63934084002508e-08,2.53825516161e-10
"MmuEX0035710","Plekha5",18,"chr6",140485285,140492240,"+","Neural-high","n.s.",22,"higher",3.5,"n.s.",2,"n.s.",16,"higher",4,"n.s.",-5,"n.s.",-6,"n.s.",0.02,-0.05,0.035,"n.s.","n.s.","n.s.","gene_size",1,51977,"Plekha5","chr6",140482732,140482749,18,0.016,1,0.324402319387
"MmuEX0036121","Pofut1",3,"chr2",153074368,153075416,"+",NA,NA,0,"n.s.",0,"n.s.",0,"n.s.",0,"n.s.",0,"n.s.",0,"n.s.",2,"n.s.",0,0,0,"n.s.","n.s.","n.s.","unmatched",0,NA,NA,NA,NA,NA,NA,NA,NA,NA
"MmuEX0036167","Pola2",4,"chr19",5951787,5953064,"-",NA,NA,0,"n.s.",0,"n.s.",0,"n.s.",0,"n.s.",0,"n.s.",0,"n.s.",0,"n.s.",0,0,0,"n.s.","n.s.","n.s.","unmatched",0,NA,NA,NA,NA,NA,NA,NA,NA,NA
"MmuEX0036499","Ppfia1",27,"chr7",151671117,151677356,"-","Neural-high","ASD-low",NA,NA,-16.5,"lower",NA,NA,NA,"n.s.",NA,NA,NA,NA,NA,"n.s.",NA,NA,-0.165,NA,NA,"lower","gene_size_contained",5,58182,"Ppfia1","chr7",144042428,144042454,27,-0.245,3.10346821548892e-05,6.35600995391e-07
"MmuEX0036502","Ppfia1",30,"chr7",151686309,151690807,"-","Neural-high","ASD-low",43,"higher",-29,"lower",-30,"lower",-20,"lower",-2,"n.s.",-20,"lower",-20,"lower",-0.3,-0.2,-0.29,"lower","lower","lower","gene_size_contained",5,58185,"Ppfia1","chr7",144056604,144056633,30,0.171,8.62476499492149e-05,2.01332641947e-06
"MmuEX0036509","Ppfia2",30,"chr10",106340762,106343421,"+",NA,"n.s.",5,"n.s.",NA,NA,NA,NA,NA,"n.s.",NA,"n.s.",-13,"n.s.",-17,"lower",NA,-0.13,NA,NA,"n.s.",NA,"gene_size",2,66757,"Ppfia2","chr10",106740682,106740707,26,0.107,1,1
"MmuEX0036510","Ppfia2",9,"chr10",106307029,106330487,"+",NA,"n.s.",-3,"n.s.",-34.7,"lower",-36,"lower",-10,"n.s.",-5,"n.s.",-10,"n.s.",-34,"lower",-0.36,-0.1,-0.347,"lower","n.s.","lower","unmatched",0,NA,NA,NA,NA,NA,NA,NA,NA,NA
"MmuEX0036514","Ppfia3",27,"chr7",52597872,52599110,"-","Neural-high","n.s.",18,"higher",-16.2,"lower",-24,"lower",NA,NA,-39,"lower",-22,"lower",-33,"lower",-0.24,-0.22,-0.162,"lower","lower","lower","gene_size",1,54801,"Ppfia3","chr7",44992977,44993003,27,0.08,0.873760131925769,0.156802097562
"MmuEX0036532","Ppfibp1",30,"chr6",146961041,146964743,"+",NA,"n.s.",-3,"n.s.",-2.2,"n.s.",-2,"n.s.",-7,"n.s.",7,"n.s.",-3,"n.s.",0,"n.s.",-0.02,-0.03,-0.022,"n.s.","n.s.","n.s.","gene_size_contained",3,38915,"Ppfibp1","chr6",146914416,146914445,30,0.008,1,0.424839657213
"MmuEX0036561","Ppie",27,"chr4",122812921,122814768,"-",NA,NA,0,"n.s.",-0.1,"n.s.",-1,"n.s.",-2,"n.s.",-2,"n.s.",1,"n.s.",1,"n.s.",-0.01,0.01,-0.001,"n.s.","n.s.","n.s.","gene_size",1,20472,"Ppie","chr4",123030665,123030691,27,-0.008,1,1
"MmuEX0036568","Ppig",30,"chr2",69572436,69574045,"+",NA,NA,-1,"n.s.",-0.5,"n.s.",-1,"n.s.",-2,"n.s.",0,"n.s.",1,"n.s.",0,"n.s.",-0.01,0.01,-0.005,"n.s.","n.s.","n.s.","gene_size",1,24150,"Ppig","chr2",69566212,69566241,30,0.005,1,0.426277260571
"MmuEX0036728","Ppp1r9a",24,"chr6",5106241,5108088,"+","Neural-high","n.s.",1,"n.s.",-3.5,"n.s.",-23,"lower",1,"n.s.",1,"n.s.",-1,"n.s.",-7,"n.s.",-0.23,-0.01,-0.035,"lower","n.s.","n.s.","gene_size",1,30519,"Ppp1r9a","chr6",5157004,5157027,24,-0.019,1,0.559827217221
"MmuEX0036748","Ppp2r2b",4,"chr18",42848121,42861123,"-",NA,NA,1,"n.s.",0.4,"n.s.",1,"n.s.",1,"n.s.",1,"n.s.",-1,"n.s.",2,"n.s.",0.01,-0.01,0.004,"n.s.","n.s.","n.s.","unmatched",0,NA,NA,NA,NA,NA,NA,NA,NA,NA
"MmuEX0036788","Ppp3ca",30,"chr3",136591584,136597992,"+","Neural-high","n.s.",12,"higher",-2.3,"n.s.",-3,"n.s.",-3,"n.s.",-3,"n.s.",0,"n.s.",-2,"n.s.",-0.03,0,-0.023,"n.s.","n.s.","n.s.","gene_size",1,52382,"Ppp3ca","chr3",136637772,136637801,30,0,1,0.949278094871
"MmuEX0036790","Ppp3cb",30,"chr14",21320885,21327845,"-","Neural-high","n.s.",5,"n.s.",-8.8,"n.s.",-22,"lower",-10,"n.s.",1,"n.s.",-3,"n.s.",-13,"lower",-0.22,-0.03,-0.088,"lower","n.s.","n.s.","gene_size",1,44285,"Ppp3cb","chr14",20553315,20553344,30,-0.007,1,0.19601849226
"MmuEX0036813","Ppp4r1",6,"chr17",66165391,66173599,"+",NA,NA,0,"n.s.",-0.1,"n.s.",0,"n.s.",0,"n.s.",0,"n.s.",0,"n.s.",0,"n.s.",0,0,-0.001,"n.s.","n.s.","n.s.","unmatched",0,NA,NA,NA,NA,NA,NA,NA,NA,NA
"MmuEX0036873","Ppp6r3",18,"chr19",3459481,3464544,"-","Neural-high","ASD-low",12,"higher",-3.4,"n.s.",-6,"n.s.",NA,NA,NA,NA,NA,NA,NA,NA,-0.06,NA,-0.034,"n.s.",NA,"n.s.","gene_size",1,33534,"Ppp6r3","chr19",3509747,3509764,18,0.017,1,0.270136226087
"MmuEX0036881","Pppde2",22,"chr15",81833041,81846307,"-",NA,NA,0,"n.s.",0.2,"n.s.",0,"n.s.",0,"n.s.",0,"n.s.",0,"n.s.",0,"n.s.",0,0,0.002,"n.s.","n.s.","n.s.","unmatched",0,NA,NA,NA,NA,NA,NA,NA,NA,NA
"MmuEX0036941","Prdm10",12,"chr9",31149070,31154377,"+","Neural-high",NA,8,"n.s.",-17.6,"n.s.",NA,"n.s.",NA,"n.s.",NA,"n.s.",-14,"n.s.",NA,"n.s.",NA,-0.14,-0.176,"n.s.","n.s.","n.s.","unmatched",0,NA,NA,NA,NA,NA,NA,NA,NA,NA
"MmuEX0037208","Prkx",10,"chrX",75027641,75031466,"-",NA,NA,0,"n.s.",-0.2,"n.s.",0,"n.s.",-1,"n.s.",1,"n.s.",0,"n.s.",0,"n.s.",0,0,-0.002,"n.s.","n.s.","n.s.","unmatched",0,NA,NA,NA,NA,NA,NA,NA,NA,NA
"MmuEX0037236","Prmt3",3,"chr7",57082266,57084313,"+",NA,NA,0,"n.s.",0,"n.s.",0,"n.s.",0,"n.s.",0,"n.s.",0,"n.s.",0,"n.s.",0,0,0,"n.s.","n.s.","n.s.","unmatched",0,NA,NA,NA,NA,NA,NA,NA,NA,NA
"MmuEX0037290","Prom1",13,"chr5",44421009,44424182,"-",NA,NA,0,"n.s.",NA,"n.s.",-1,"n.s.",0,"n.s.",-1,"n.s.",-1,"n.s.",2,"n.s.",-0.01,-0.01,NA,"n.s.","n.s.","n.s.","unmatched",0,NA,NA,NA,NA,NA,NA,NA,NA,NA
"MmuEX0037295","Prom1",27,"chr5",44447323,44454364,"-","Neural-high",NA,NA,NA,NA,"n.s.",-27,"lower",NA,"n.s.",43,"higher",NA,"n.s.",NA,NA,-0.27,NA,NA,"lower","n.s.","n.s.","unmatched",0,NA,NA,NA,NA,NA,NA,NA,NA,NA
"MmuEX0037314","Prpf18",27,"chr2",4566720,4569286,"-","Neural-high","ASD-low",NA,"n.s.",NA,"n.s.",0,"n.s.",NA,"n.s.",-1,"n.s.",NA,"n.s.",NA,"n.s.",0,NA,NA,"n.s.","n.s.","n.s.","gene_size",1,26975,"Prpf18","chr2",4652908,4652934,27,0.008,0.205101898094793,0.0236764982912
"MmuEX0037342","Prpf40b",25,"chr15",99136503,99136826,"+",NA,NA,0,"n.s.",-0.1,"n.s.",0,"n.s.",0,"n.s.",0,"n.s.",0,"n.s.",0,"n.s.",0,0,-0.001,"n.s.","n.s.","n.s.","gene_size",2,10346,"Prpf40b","chr15",99203047,99203074,28,-0.047,0.0191259195530578,0.00123599813597
"MmuEX0037345","Prpf40b",28,"chr15",99134922,99135838,"+",NA,NA,9,"n.s.",NA,"n.s.",-15,"lower",-6,"n.s.",-33,"lower",NA,"n.s.",NA,NA,-0.15,NA,NA,"lower","n.s.","n.s.","gene_size_contained",2,10346,"Prpf40b","chr15",99203047,99203074,28,-0.047,0.0191259195530578,0.00123599813597
"MmuEX0037401","Prrc2b",3,"chr2",32062101,32064159,"+",NA,NA,0,"n.s.",0.1,"n.s.",0,"n.s.",0,"n.s.",0,"n.s.",0,"n.s.",0,"n.s.",0,0,0.001,"n.s.","n.s.","n.s.","unmatched",0,NA,NA,NA,NA,NA,NA,NA,NA,NA
"MmuEX0037450","Prss41",27,"chr17",23980839,23981043,"-",NA,NA,-1,"n.s.",-7.3,"n.s.",-5,"n.s.",1,"n.s.",-5,"n.s.",NA,"n.s.",-25,"lower",-0.05,NA,-0.073,"n.s.","n.s.","n.s.","gene_size",2,4642,"Prss41","chr17",24062931,24062957,27,0.492,0.049765335490866,0.00403828925784
"MmuEX0037468","Prune2",9,"chr19",17267920,17273602,"+",NA,"ASD-high",39,"higher",-1.8,"n.s.",-2,"n.s.",-8,"n.s.",-7,"n.s.",1,"n.s.",-2,"n.s.",-0.02,0.01,-0.018,"n.s.","n.s.","n.s.","unmatched",0,NA,NA,NA,NA,NA,NA,NA,NA,NA
"MmuEX0037479","Psap",9,"chr10",59758751,59761845,"+","Neural-high","ASD-low",25,"higher",-24.4,"lower",-40,"lower",-32,"lower",-29,"lower",-22,"lower",-26,"lower",-0.4,-0.22,-0.244,"lower","lower","lower","gene_size_contained",2,57882,"Psap","chr10",60133317,60133325,9,-0.129,6.82779603057641e-11,4.04787314778e-13
"MmuEX0037688","Ptges2",29,"chr2",32252071,32253057,"+",NA,NA,NA,"n.s.",0.4,"n.s.",NA,"n.s.",NA,"n.s.",NA,"n.s.",1,"n.s.",4,"n.s.",NA,0.01,0.004,"n.s.","n.s.","n.s.","unmatched",0,NA,NA,NA,NA,NA,NA,NA,NA,NA
"MmuEX0037733","Ptk2",9,"chr15",73041328,73046408,"-","Neural-high","n.s.",3,"n.s.",-0.5,"n.s.",-9,"n.s.",-33,"lower",-3,"n.s.",-3,"n.s.",1,"n.s.",-0.09,-0.03,-0.005,"n.s.","n.s.","n.s.","gene_size",1,7554,"Ptk2","chr15",73083836,73083844,9,-0.058,2.28936843039565e-09,1.76597625412e-11
"MmuEX0037737","Ptk2",21,"chr15",73105015,73107286,"-","Neural-high","ASD-low",0,"n.s.",-11.7,"lower",-21,"lower",-1,"n.s.",1,"n.s.",-2,"n.s.",-12,"lower",-0.21,-0.02,-0.117,"lower","n.s.","lower","gene_size_contained",2,7561,"Ptk2","chr15",73147470,73147490,21,-0.079,0,0
"MmuEX0037746","Ptk2",18,"chr15",73107344,73122464,"-","Neural-high","ASD-low",34,"higher",-24.3,"lower",-43,"lower",-23,"lower",19,"higher",-3,"n.s.",-11,"lower",-0.43,-0.03,-0.243,"lower","n.s.","lower","gene_size_contained",2,7562,"Ptk2","chr15",73154067,73154084,18,-0.012,1,0.710494909032
"MmuEX0037873","Ptpra",27,"chr2",130330072,130343466,"+","Neural-high","n.s.",11,"higher",NA,"n.s.",1,"n.s.",-2,"n.s.",3,"n.s.",-3,"n.s.",-9,"n.s.",0.01,-0.03,NA,"n.s.","n.s.","n.s.","gene_size",1,44172,"Ptpra","chr2",130351750,130351776,27,-0.036,0.0611881958575016,0.00520107221472
"MmuEX0037906","Ptprf",12,"chr4",117893214,117895830,"-","Neural-high",NA,8,"n.s.",-0.4,"n.s.",0,"n.s.",0,"n.s.",1,"n.s.",0,"n.s.",0,"n.s.",0,0,-0.004,"n.s.","n.s.","n.s.","unmatched",0,NA,NA,NA,NA,NA,NA,NA,NA,NA
"MmuEX0037907","Ptprf",12,"chr4",117910614,117918375,"-","Neural-high",NA,11,"higher",1.9,"n.s.",-3,"n.s.",-2,"n.s.",-3,"n.s.",0,"n.s.",1,"n.s.",-0.03,0,0.019,"n.s.","n.s.","n.s.","unmatched",0,NA,NA,NA,NA,NA,NA,NA,NA,NA
"MmuEX0037910","Ptprf",27,"chr4",117899177,117903299,"-","Neural-high","ASD-low",2,"n.s.",-5.3,"n.s.",-38,"lower",-2,"n.s.",-9,"n.s.",-3,"n.s.",-23,"lower",-0.38,-0.03,-0.053,"lower","n.s.","n.s.","gene_size",1,33967,"Ptprf","chr4",118085016,118085042,27,-0.109,0,0
"MmuEX0037928","Ptprj",9,"chr2",90290021,90290971,"-",NA,NA,0,"n.s.",0.3,"n.s.",0,"n.s.",-1,"n.s.",0,"n.s.",0,"n.s.",-4,"n.s.",0,0,0.003,"n.s.","n.s.","n.s.","gene_size",1,33392,"Ptprj","chr2",90280317,90280325,9,-0.006,1,1
"MmuEX0037978","Ptprs",9,"chr17",56586894,56591074,"-",NA,"ASD-high",11,"higher",-15.2,"lower",-8,"n.s.",2,"n.s.",-6,"n.s.",-4,"n.s.",-4,"n.s.",-0.08,-0.04,-0.152,"n.s.","n.s.","lower","gene_size",1,3420,"Ptprs","chr17",56728833,56728844,12,-0.001,1,1
"MmuEX0037979","Ptprs",12,"chr17",56560776,56561551,"-",NA,NA,0,"n.s.",-0.5,"n.s.",0,"n.s.",0,"n.s.",0,"n.s.",1,"n.s.",0,"n.s.",0,0.01,-0.005,"n.s.","n.s.","n.s.","gene_size",1,3420,"Ptprs","chr17",56728833,56728844,12,-0.001,1,1
"MmuEX0037980","Ptprs",12,"chr17",56577479,56586782,"-","Neural-high","n.s.",0,"n.s.",-0.4,"n.s.",0,"n.s.",0,"n.s.",0,"n.s.",-1,"n.s.",0,"n.s.",0,-0.01,-0.004,"n.s.","n.s.","n.s.","gene_size",1,3420,"Ptprs","chr17",56728833,56728844,12,-0.001,1,1
"MmuEX0037997","Ptpru",30,"chr4",131349591,131353767,"-","Neural-high","ASD-low",4,"n.s.",NA,"n.s.",-43,"lower",1,"n.s.",NA,"n.s.",-13,"n.s.",-12,"n.s.",-0.43,-0.13,NA,"lower","n.s.","n.s.","gene_size",1,50295,"Ptpru","chr4",131522272,131522301,30,-0.075,0.00299215020012216,0.000129463527616
"MmuEX0038017","Pts",23,"chr9",50332885,50334974,"-",NA,"n.s.",3,"n.s.",-0.4,"n.s.",2,"n.s.",-23,"lower",-12,"lower",3,"n.s.",2,"n.s.",0.02,0.03,-0.004,"n.s.","n.s.","n.s.","gene_size",1,30886,"Pts","chr9",50436562,50436584,23,0.016,1,1
"MmuEX0038057","Pus7",18,"chr5",23268293,23274585,"-","Neural-high",NA,16,"higher",-18.8,"lower",-18,"lower",-5,"n.s.",2,"n.s.",-31,"lower",-33,"lower",-0.18,-0.31,-0.188,"lower","lower","lower","gene_size",1,15939,"Pus7","chr5",23968332,23968349,18,-0.086,0.0434900961398755,0.00340308866955
"MmuEX0038188","Qtrtd1",13,"chr16",43881327,43889679,"-",NA,NA,0,"n.s.",-3.3,"n.s.",-1,"n.s.",1,"n.s.",0,"n.s.",2,"n.s.",2,"n.s.",-0.01,0.02,-0.033,"n.s.","n.s.","n.s.","unmatched",0,NA,NA,NA,NA,NA,NA,NA,NA,NA
"MmuEX0038291","Rab22a",3,"chr2",173521501,173526522,"+",NA,NA,0,"n.s.",0.1,"n.s.",-2,"n.s.",-2,"n.s.",-3,"n.s.",0,"n.s.",1,"n.s.",-0.02,0,0.001,"n.s.","n.s.","n.s.","unmatched",0,NA,NA,NA,NA,NA,NA,NA,NA,NA
"MmuEX0038343","Rab3gap1",21,"chr1",129835726,129838950,"+","Neural-high","ASD-low",20,"higher",-8,"n.s.",-19,"lower",-12,"n.s.",NA,"n.s.",NA,"n.s.",NA,"n.s.",-0.19,NA,-0.08,"lower","n.s.","n.s.","gene_size",1,35000,"Rab3gap1","chr1",127869331,127869351,21,0.035,1,0.225898883043
"MmuEX0038384","Rab5c",14,"chr11",100581483,100599391,"-",NA,NA,0,"n.s.",0,"n.s.",0,"n.s.",0,"n.s.",0,"n.s.",0,"n.s.",0,"n.s.",0,0,0,"n.s.","n.s.","n.s.","unmatched",0,NA,NA,NA,NA,NA,NA,NA,NA,NA
"MmuEX0038414","Rabep2",12,"chr7",133587822,133588036,"+",NA,NA,0,"n.s.",0.8,"n.s.",1,"n.s.",1,"n.s.",0,"n.s.",1,"n.s.",0,"n.s.",0.01,0.01,0.008,"n.s.","n.s.","n.s.","unmatched",0,NA,NA,NA,NA,NA,NA,NA,NA,NA
"MmuEX0038419","Rabepk",8,"chr2",34652954,34655270,"-",NA,NA,2,"n.s.",-1.4,"n.s.",-1,"n.s.",2,"n.s.",0,"n.s.",1,"n.s.",-1,"n.s.",-0.01,0.01,-0.014,"n.s.","n.s.","n.s.","unmatched",0,NA,NA,NA,NA,NA,NA,NA,NA,NA
"MmuEX0038647","Ralgapb",9,"chr2",158274186,158275912,"+","Neural-high","ASD-low",7,"n.s.",-4.7,"n.s.",-5,"n.s.",-2,"n.s.",2,"n.s.",-4,"n.s.",-5,"n.s.",-0.05,-0.04,-0.047,"n.s.","n.s.","n.s.","unmatched",0,NA,NA,NA,NA,NA,NA,NA,NA,NA
"MmuEX0038735","Ranbp9",23,"chr13",43520584,43530182,"-",NA,NA,-1,"n.s.",0,"n.s.",0,"n.s.",0,"n.s.",0,"n.s.",0,"n.s.",-2,"n.s.",0,0,0,"n.s.","n.s.","n.s.","gene_size",1,10817,"Ranbp9","chr13",43583924,43583946,23,-0.003,1,1
"MmuEX0038777","Rapgef2",24,"chr3",78885208,78887120,"-","Neural-high","n.s.",1,"n.s.",-3.9,"n.s.",-14,"lower",-1,"n.s.",0,"n.s.",-5,"n.s.",-1,"n.s.",-0.14,-0.05,-0.039,"lower","n.s.","n.s.","gene_size_contained",2,48134,"Rapgef2","chr3",78989931,78989954,24,-0.012,1,0.844448097457
"MmuEX0038815","Rapgef6",12,"chr11",54456454,54462683,"+",NA,NA,0,"n.s.",-0.5,"n.s.",0,"n.s.",2,"n.s.",0,"n.s.",0,"n.s.",0,"n.s.",0,0,-0.005,"n.s.","n.s.","n.s.","gene_size",1,68393,"Rapgef6","chr11",54542575,54542589,15,-0.038,1,0.360739621193
"MmuEX0038816","Rapgef6",15,"chr11",54462842,54470747,"+","Neural-high","n.s.",4,"n.s.",-32.8,"lower",-11,"n.s.",-3,"n.s.",14,"n.s.",-11,"n.s.",-22,"lower",-0.11,-0.11,-0.328,"n.s.","n.s.","lower","gene_size",1,68393,"Rapgef6","chr11",54542575,54542589,15,-0.038,1,0.360739621193
"MmuEX0038818","Rapgef6",24,"chr11",54482240,54489696,"+",NA,"inconsistent",5,"n.s.",-0.8,"n.s.",NA,"n.s.",NA,"n.s.",NA,"n.s.",NA,"n.s.",NA,"n.s.",NA,NA,-0.008,"n.s.","n.s.","n.s.","gene_size",1,68394,"Rapgef6","chr11",54562481,54562504,24,-0.003,1,0.786873819737
"MmuEX0038871","Rasa2",13,"chr9",96476807,96477891,"-",NA,NA,1,"n.s.",-0.5,"n.s.",1,"n.s.",-1,"n.s.",0,"n.s.",0,"n.s.",0,"n.s.",0.01,0,-0.005,"n.s.","n.s.","n.s.","unmatched",0,NA,NA,NA,NA,NA,NA,NA,NA,NA
"MmuEX0038919","Rasgrp2",23,"chr19",6401864,6402991,"+",NA,NA,2,"n.s.",11.6,"n.s.",NA,"n.s.",NA,"n.s.",NA,"n.s.",-5,"n.s.",-6,"n.s.",NA,-0.05,0.116,"n.s.","n.s.","n.s.","unmatched",0,NA,NA,NA,NA,NA,NA,NA,NA,NA
"MmuEX0039128","Rbm28",7,"chr6",29108923,29109655,"-",NA,NA,0,"n.s.",0.2,"n.s.",1,"n.s.",1,"n.s.",0,"n.s.",0,"n.s.",0,"n.s.",0.01,0,0.002,"n.s.","n.s.","n.s.","unmatched",0,NA,NA,NA,NA,NA,NA,NA,NA,NA
"MmuEX0039394","Relb",9,"chr7",20206505,20213271,"-",NA,NA,0,"n.s.",-2.5,"n.s.",9,"n.s.",10,"n.s.",10,"n.s.",-1,"n.s.",-11,"n.s.",0.09,-0.01,-0.025,"n.s.","n.s.","n.s.","gene_size",1,53296,"Relb","chr7",19356851,19356859,9,-0.004,1,0.639709305871
"MmuEX0039453","Rev1",10,"chr1",38165313,38186306,"-",NA,NA,0,"n.s.",0.3,"n.s.",NA,"n.s.",-7,"n.s.",0,"n.s.",3,"n.s.",14,"n.s.",NA,0.03,0.003,"n.s.","n.s.","n.s.","unmatched",0,NA,NA,NA,NA,NA,NA,NA,NA,NA
"MmuEX0039561","Rfx5",27,"chr3",94758174,94758936,"+",NA,"inconsistent",NA,"n.s.",NA,"n.s.",0,"n.s.",1,"n.s.",NA,"n.s.",NA,"n.s.",NA,"n.s.",0,NA,NA,"n.s.","n.s.","n.s.","gene_size",1,25457,"Rfx5","chr3",94862074,94862100,27,0.014,1,0.199907943236
"MmuEX0039620","Rgs12",22,"chr5",35317983,35361991,"+",NA,"inconsistent",0,"n.s.",NA,"n.s.",NA,NA,NA,NA,NA,NA,-1,"n.s.",NA,"n.s.",NA,-0.01,NA,NA,"n.s.","n.s.","unmatched",0,NA,NA,NA,NA,NA,NA,NA,NA,NA
"MmuEX0039837","Rimbp2",21,"chr5",129312437,129319436,"-",NA,NA,NA,"n.s.",0.2,"n.s.",NA,"n.s.",NA,"n.s.",NA,"n.s.",NA,"n.s.",NA,"n.s.",NA,NA,0.002,"n.s.","n.s.","n.s.","gene_size",1,19065,"Rimbp2","chr5",128889047,128889067,21,0.038,2.36008221056875e-06,3.54167354333e-08
"MmuEX0039865","Rims2",12,"chr15",39123859,39176855,"+",NA,NA,2,"n.s.",-4.5,"n.s.",-9,"n.s.",-3,"n.s.",-1,"n.s.",-6,"n.s.",-6,"n.s.",-0.09,-0.06,-0.045,"n.s.","n.s.","n.s.","unmatched",0,NA,NA,NA,NA,NA,NA,NA,NA,NA
"MmuEX0039866","Rims2",7,"chr15",39294157,39303879,"+",NA,"n.s.",0,"n.s.",-0.4,"n.s.",0,"n.s.",0,"n.s.",0,"n.s.",0,"n.s.",0,"n.s.",0,0,-0.004,"n.s.","n.s.","n.s.","unmatched",0,NA,NA,NA,NA,NA,NA,NA,NA,NA
"MmuEX0039927","Rit1",8,"chr3",88529991,88530201,"+",NA,"ASD-low",2,"n.s.",-3.6,"n.s.",-2,"n.s.",-2,"n.s.",0,"n.s.",-3,"n.s.",-4,"n.s.",-0.02,-0.03,-0.036,"n.s.","n.s.","n.s.","unmatched",0,NA,NA,NA,NA,NA,NA,NA,NA,NA
"MmuEX0040049","Rnf145",9,"chr11",44375324,44377421,"+",NA,NA,2,"n.s.",-0.3,"n.s.",0,"n.s.",0,"n.s.",0,"n.s.",0,"n.s.",0,"n.s.",0,0,-0.003,"n.s.","n.s.","n.s.","unmatched",0,NA,NA,NA,NA,NA,NA,NA,NA,NA
"MmuEX0040104","Rnf185",19,"chr11",3326682,3332402,"-",NA,NA,1,"n.s.",-2.2,"n.s.",-4,"n.s.",-1,"n.s.",0,"n.s.",-1,"n.s.",-1,"n.s.",-0.04,-0.01,-0.022,"n.s.","n.s.","n.s.","gene_size",2,64212,"Rnf185","chr11",3378884,3378902,19,0.024,1,1
"MmuEX0040280","Rock2",12,"chr12",16961774,16964031,"+",NA,NA,-3,"n.s.",-0.2,"n.s.",0,"n.s.",0,"n.s.",0,"n.s.",-1,"n.s.",-1,"n.s.",0,-0.01,-0.002,"n.s.","n.s.","n.s.","gene_size",1,12846,"Rock2","chr12",17005671,17005682,12,0.004,1,0.819408742233
"MmuEX0040436","Rprd1b",12,"chr2",157861862,157869141,"+",NA,NA,0,"n.s.",0.2,"n.s.",0,"n.s.",0,"n.s.",0,"n.s.",0,"n.s.",3,"n.s.",0,0,0.002,"n.s.","n.s.","n.s.","unmatched",0,NA,NA,NA,NA,NA,NA,NA,NA,NA
"MmuEX0040495","Rps6ka6",15,"chrX",108559900,108563900,"-",NA,NA,NA,NA,NA,"n.s.",-1,"n.s.",0,"n.s.",NA,"n.s.",NA,"n.s.",NA,"n.s.",-0.01,NA,NA,"n.s.","n.s.","n.s.","unmatched",0,NA,NA,NA,NA,NA,NA,NA,NA,NA
"MmuEX0040597","Rrp1b",20,"chr17",32190900,32192855,"+",NA,NA,0,"n.s.",0.1,"n.s.",0,"n.s.",0,"n.s.",0,"n.s.",0,"n.s.",1,"n.s.",0,0,0.001,"n.s.","n.s.","n.s.","gene_size",1,4085,"Rrp1b","chr17",32274079,32274098,20,0,1,1
"MmuEX0040601","Rrp1b",3,"chr17",32192070,32192855,"+",NA,NA,0,"n.s.",-0.1,"n.s.",0,"n.s.",0,"n.s.",1,"n.s.",-1,"n.s.",-1,"n.s.",0,-0.01,-0.001,"n.s.","n.s.","n.s.","unmatched",0,NA,NA,NA,NA,NA,NA,NA,NA,NA
"MmuEX0040762","Rundc1",6,"chr11",101286925,101290765,"+","Neural-high",NA,0,"n.s.",-27.9,"lower",-50,"lower",-32,"lower",1,"n.s.",-4,"n.s.",-9,"n.s.",-0.5,-0.04,-0.279,"lower","n.s.","lower","unmatched",0,NA,NA,NA,NA,NA,NA,NA,NA,NA
"MmuEX0040805","Ruvbl2",3,"chr7",52684966,52685278,"-",NA,NA,0,"n.s.",-0.4,"n.s.",0,"n.s.",0,"n.s.",0,"n.s.",0,"n.s.",3,"n.s.",0,0,-0.004,"n.s.","n.s.","n.s.","unmatched",0,NA,NA,NA,NA,NA,NA,NA,NA,NA
"MmuEX0040989","Sardh",30,"chr2",27080603,27082596,"-",NA,NA,2,"n.s.",0.3,"n.s.",0,"n.s.",1,"n.s.",NA,"n.s.",NA,"n.s.",NA,"n.s.",0,NA,0.003,"n.s.","n.s.","n.s.","unmatched",0,NA,NA,NA,NA,NA,NA,NA,NA,NA
"MmuEX0041042","Satb2",15,"chr1",56955962,57004922,"-",NA,NA,0,"n.s.",-0.2,"n.s.",0,"n.s.",-1,"n.s.",-1,"n.s.",-1,"n.s.",-2,"n.s.",0,-0.01,-0.002,"n.s.","n.s.","n.s.","unmatched",0,NA,NA,NA,NA,NA,NA,NA,NA,NA
"MmuEX0041056","Sbf1",24,"chr15",89137367,89137923,"-","Neural-high",NA,-1,"n.s.",-10.1,"lower",-11,"lower",-2,"n.s.",17,"higher",-6,"n.s.",-6,"n.s.",-0.11,-0.06,-0.101,"lower","n.s.","lower","gene_size",1,6856,"Sbf1","chr15",89191375,89191398,24,0.06,0.000226511019656802,6.26039315621e-06
"MmuEX0041350","Scyl2",12,"chr10",89116972,89119452,"-","Neural-high",NA,1,"n.s.",-49.8,"lower",-68,"lower",-16,"lower",1,"n.s.",-16,"lower",-47,"lower",-0.68,-0.16,-0.498,"lower","lower","lower","unmatched",0,NA,NA,NA,NA,NA,NA,NA,NA,NA
"MmuEX0041389","Sdf2",21,"chr11",78064715,78068491,"+",NA,NA,NA,"n.s.",2.3,"n.s.",NA,"n.s.",NA,"n.s.",NA,"n.s.",NA,"n.s.",NA,"n.s.",NA,NA,0.023,"n.s.","n.s.","n.s.","unmatched",0,NA,NA,NA,NA,NA,NA,NA,NA,NA
"MmuEX0041602","Sema4b",7,"chr7",87343657,87357681,"+",NA,NA,0,"n.s.",-0.7,"n.s.",0,"n.s.",-1,"n.s.",0,"n.s.",-1,"n.s.",-1,"n.s.",0,-0.01,-0.007,"n.s.","n.s.","n.s.","unmatched",0,NA,NA,NA,NA,NA,NA,NA,NA,NA
"MmuEX0041679","Senp6",21,"chr9",79941449,79951500,"+","Neural-high",NA,0,"n.s.",-19,"lower",-32,"lower",-8,"n.s.",1,"n.s.",-7,"n.s.",-47,"lower",-0.32,-0.07,-0.19,"lower","n.s.","lower","gene_size",3,63600,"Senp6","chr9",80006168,80006188,21,-0.058,0,0
"MmuEX0041756","Serhl",20,"chr15",82932771,82933363,"+",NA,NA,3,"n.s.",1.2,"n.s.",NA,"n.s.",NA,"n.s.",NA,"n.s.",NA,"n.s.",NA,NA,NA,NA,0.012,"n.s.","n.s.","n.s.","gene_size",2,7051,"Serhl","chr15",82986826,82986845,20,0.01,1,1
"MmuEX0041817","Setd2",16,"chr9",110435257,110449712,"+",NA,NA,1,"n.s.",0.6,"n.s.",0,"n.s.",0,"n.s.",0,"n.s.",NA,"n.s.",NA,"n.s.",0,NA,0.006,"n.s.","n.s.","n.s.","unmatched",0,NA,NA,NA,NA,NA,NA,NA,NA,NA
"MmuEX0041818","Setd2",15,"chr9",110447820,110449712,"+",NA,NA,NA,"n.s.",NA,"n.s.",-4,"n.s.",-3,"n.s.",NA,"n.s.",-5,"n.s.",NA,"n.s.",-0.04,-0.05,NA,"n.s.","n.s.","n.s.","unmatched",0,NA,NA,NA,NA,NA,NA,NA,NA,NA
"MmuEX0041909","Sf3b3",29,"chr8",113350147,113355383,"-",NA,"n.s.",1,"n.s.",-0.5,"n.s.",3,"n.s.",-3,"n.s.",0,"n.s.",-1,"n.s.",-5,"n.s.",0.03,-0.01,-0.005,"n.s.","n.s.","n.s.","unmatched",0,NA,NA,NA,NA,NA,NA,NA,NA,NA
"MmuEX0041914","Sfi1",9,"chr11",3079511,3086067,"-",NA,NA,0,"n.s.",-0.1,"n.s.",0,"n.s.",0,"n.s.",0,"n.s.",-1,"n.s.",0,"n.s.",0,-0.01,-0.001,"n.s.","n.s.","n.s.","unmatched",0,NA,NA,NA,NA,NA,NA,NA,NA,NA
"MmuEX0041998","Sfxn3",20,"chr19",45126951,45128791,"+",NA,NA,3,"n.s.",1.1,"n.s.",2,"n.s.",-5,"n.s.",-1,"n.s.",-3,"n.s.",NA,"n.s.",0.02,-0.03,0.011,"n.s.","n.s.","n.s.","unmatched",0,NA,NA,NA,NA,NA,NA,NA,NA,NA
"MmuEX0042005","Sfxn4",26,"chr19",60929964,60933112,"-",NA,NA,-1,"n.s.",NA,"n.s.",NA,"n.s.",NA,"n.s.",NA,"n.s.",-4,"n.s.",-1,"n.s.",NA,-0.04,NA,"n.s.","n.s.","n.s.","gene_size_contained",5,5280,"Sfxn4","chr19",60844265,60844290,26,0.036,1,0.556818686271
"MmuEX0042013","Sfxn5",26,"chr6",85219958,85239170,"-",NA,NA,NA,"n.s.",NA,"n.s.",-2,"n.s.",-6,"n.s.",-2,"n.s.",NA,"n.s.",NA,"n.s.",-0.02,NA,NA,"n.s.","n.s.","n.s.","unmatched",0,NA,NA,NA,NA,NA,NA,NA,NA,NA
"MmuEX0042031","Sgce",27,"chr6",4639768,4641428,"-","Neural-low","ASD-high",-1,"n.s.",6.8,"n.s.",7,"n.s.",-2,"n.s.",3,"n.s.",-1,"n.s.",8,"n.s.",0.07,-0.01,0.068,"n.s.","n.s.","n.s.","gene_size",1,15653,"Sgce","chr6",4690469,4690495,27,-0.025,0.621407291579274,0.0996463424688
"MmuEX0042195","Sh3glb1",24,"chr3",144360432,144368476,"-","Neural-high","ASD-low",NA,NA,-51.9,"lower",-54,"lower",-21,"lower",-4,"n.s.",-33,"lower",-60,"lower",-0.54,-0.33,-0.519,"lower","lower","lower","gene_size",3,28508,"Sh3glb1","chr3",144405615,144405638,24,-0.208,0,0
"MmuEX0042199","Sh3glb2",15,"chr2",30201460,30201872,"-","Neural-high","ASD-low",1,"n.s.",-13.4,"lower",-45,"lower",-10,"lower",-5,"n.s.",-4,"n.s.",-12,"lower",-0.45,-0.04,-0.134,"lower","n.s.","lower","gene_size_contained",4,68187,"Sh3glb2","chr2",30236071,30236085,15,-0.128,0,0
"MmuEX0042200","Sh3glb2",12,"chr2",30204138,30205807,"-","Neural-high","ASD-low",35,"higher",-8.7,"n.s.",-16,"lower",-10,"n.s.",7,"n.s.",-20,"lower",-22,"lower",-0.16,-0.2,-0.087,"lower","lower","n.s.","gene_size_contained",4,68197,"Sh3glb2","chr2",30239238,30239249,12,-0.031,0.767139486955718,0.131749946921
"MmuEX0042206","Sh3kbp1",22,"chrX",156303333,156339607,"+",NA,NA,1,"n.s.",0,"n.s.",0,"n.s.",-1,"n.s.",0,"n.s.",0,"n.s.",0,"n.s.",0,0,0,"n.s.","n.s.","n.s.","unmatched",0,NA,NA,NA,NA,NA,NA,NA,NA,NA
"MmuEX0042251","Shank2",9,"chr7",151582337,151584145,"+","Neural-high","inconsistent",NA,"n.s.",-12.6,"n.s.",NA,NA,NA,NA,NA,NA,NA,"n.s.",NA,"n.s.",NA,NA,-0.126,NA,"n.s.","n.s.","gene_size",2,34380,"Shank2","chr7",143950375,143950383,9,-0.215,0.0939883859501854,0.00885998915625
"MmuEX0042355","Sidt2",12,"chr9",45755139,45755918,"-","Neural-high",NA,29,"higher",-13.9,"n.s.",-32,"lower",NA,NA,-26,"n.s.",-12,"n.s.",-26,"n.s.",-0.32,-0.12,-0.139,"lower","n.s.","n.s.","gene_size",1,62761,"Sidt2","chr9",45858839,45858850,12,0.063,0.657317199076762,0.107220619683
"MmuEX0042470","Sirt6",9,"chr10",81089363,81090216,"-",NA,NA,0,"n.s.",0,"n.s.",0,"n.s.",0,"n.s.",0,"n.s.",0,"n.s.",1,"n.s.",0,0,0,"n.s.","n.s.","n.s.","unmatched",0,NA,NA,NA,NA,NA,NA,NA,NA,NA
"MmuEX0042899","Slc25a32",3,"chr15",38937529,38943893,"-",NA,NA,0,"n.s.",0.1,"n.s.",0,"n.s.",0,"n.s.",0,"n.s.",0,"n.s.",0,"n.s.",0,0,0.001,"n.s.","n.s.","n.s.","unmatched",0,NA,NA,NA,NA,NA,NA,NA,NA,NA
"MmuEX0043051","Slc2a9",9,"chr5",38742577,38754081,"-",NA,NA,0,"n.s.",0.4,"n.s.",NA,NA,NA,NA,NA,NA,NA,"n.s.",NA,NA,NA,NA,0.004,NA,"n.s.","n.s.","unmatched",0,NA,NA,NA,NA,NA,NA,NA,NA,NA
"MmuEX0043222","Slc38a10",24,"chr11",119967925,119970745,"-","Neural-high","ASD-low",15,"higher",-19.1,"lower",-42,"lower",-32,"lower",-9,"n.s.",-20,"lower",17,"higher",-0.42,-0.2,-0.191,"lower","lower","lower","gene_size",1,21917,"Slc38a10","chr11",119999293,119999316,24,0.079,2.59130584834108e-05,5.18488117329e-07
"MmuEX0043333","Slc43a2",12,"chr11",75377211,75380480,"+","Neural-high","ASD-low",68,"higher",-5.2,"n.s.",-4,"n.s.",-5,"n.s.",-1,"n.s.",-4,"n.s.",NA,"n.s.",-0.04,-0.04,-0.052,"n.s.","n.s.","n.s.","unmatched",0,NA,NA,NA,NA,NA,NA,NA,NA,NA
"MmuEX0043597","Slc8a2",18,"chr7",16735794,16738167,"+",NA,NA,NA,"n.s.",NA,"n.s.",NA,"n.s.",-6,"n.s.",NA,"n.s.",4,"n.s.",NA,"n.s.",NA,0.04,NA,"n.s.","n.s.","n.s.","gene_size",1,25590,"Slc8a2","chr7",15884499,15884516,18,-0.022,0.286480835392592,0.0362648627145
"MmuEX0043688","Slit2",12,"chr5",48580832,48583431,"+","Neural-high","inconsistent",0,"n.s.",-22.7,"lower",-40,"lower",-4,"n.s.",0,"n.s.",-3,"n.s.",-3,"n.s.",-0.4,-0.03,-0.227,"lower","n.s.","lower","gene_size",1,34150,"Slit2","chr5",48348345,48348356,12,-0.008,1,1
"MmuEX0043691","Slit2",24,"chr5",48611320,48615891,"+",NA,"n.s.",5,"n.s.",-17.2,"lower",-10,"n.s.",-6,"n.s.",-21,"lower",-7,"n.s.",-20,"lower",-0.1,-0.07,-0.172,"n.s.","n.s.","lower","gene_size_contained",2,34151,"Slit2","chr5",48378309,48378332,24,0.013,1,0.648584369684
"MmuEX0043693","Slit2",27,"chr5",48650923,48666820,"+","Neural-high","inconsistent",4,"n.s.",-3.8,"n.s.",NA,"n.s.",0,"n.s.",NA,NA,NA,"n.s.",-2,"n.s.",NA,NA,-0.038,"n.s.","n.s.","n.s.","gene_size_contained",2,34155,"Slit2","chr5",48420983,48421009,27,0.014,1,0.262659266301
"MmuEX0044068","Snap91",6,"chr9",86704384,86710264,"-",NA,NA,3,"n.s.",-53.6,"lower",-66,"lower",-24,"lower",3,"n.s.",-25,"lower",-55,"lower",-0.66,-0.25,-0.536,"lower","lower","lower","gene_size",1,56338,"Snap91","chr9",86691704,86691709,6,-0.004,1,1
"MmuEX0044094","Snapc4",28,"chr2",26221558,26222710,"-",NA,NA,-1,"n.s.",-0.8,"n.s.",2,"n.s.",2,"n.s.",0,"n.s.",-3,"n.s.",0,"n.s.",0.02,-0.03,-0.008,"n.s.","n.s.","n.s.","unmatched",0,NA,NA,NA,NA,NA,NA,NA,NA,NA
"MmuEX0044128","Snip1",3,"chr4",124744197,124745333,"+",NA,NA,-2,"n.s.",-0.1,"n.s.",0,"n.s.",0,"n.s.",0,"n.s.",0,"n.s.",0,"n.s.",0,0,-0.001,"n.s.","n.s.","n.s.","unmatched",0,NA,NA,NA,NA,NA,NA,NA,NA,NA
"MmuEX0044171","Snrpn",20,"chr7",67133634,67140291,"-",NA,NA,5,"n.s.",-7.1,"n.s.",-2,"n.s.",1,"n.s.",0,"n.s.",-3,"n.s.",0,"n.s.",-0.02,-0.03,-0.071,"n.s.","n.s.","n.s.","unmatched",0,NA,NA,NA,NA,NA,NA,NA,NA,NA
"MmuEX0044238","Snx14",27,"chr9",88293210,88296757,"-","Neural-high","n.s.",2,"n.s.",-51.6,"lower",-52,"lower",-39,"lower",-5,"n.s.",-19,"lower",-7,"n.s.",-0.52,-0.19,-0.516,"lower","lower","lower","gene_size",1,31837,"Snx14","chr9",88282776,88282802,27,-0.115,2.53532237938914e-13,9.99200722163e-16
"MmuEX0044258","Snx21",11,"chr2",164612356,164617212,"+","Neural-high","ASD-low",3,"n.s.",-19.9,"lower",-41,"lower",-1,"n.s.",NA,"n.s.",-5,"n.s.",-7,"n.s.",-0.41,-0.05,-0.199,"lower","n.s.","lower","gene_size",2,40380,"Snx21","chr2",164633478,164633488,11,-0.234,1,1
"MmuEX0044273","Snx27",28,"chr3",94328213,94332833,"-",NA,NA,NA,"n.s.",NA,"n.s.",0,"n.s.",1,"n.s.",NA,"n.s.",NA,"n.s.",NA,"n.s.",0,NA,NA,"n.s.","n.s.","n.s.","gene_size",1,61766,"Snx27","chr3",94433747,94433774,28,0.004,1,0.258579982274
"MmuEX0044367","Sorbs1",30,"chr19",40439657,40447965,"-",NA,"n.s.",-20,"lower",15.2,"higher",-1,"n.s.",-2,"n.s.",-10,"n.s.",-4,"n.s.",13,"n.s.",-0.01,-0.04,0.152,"n.s.","n.s.","higher","gene_size_contained",5,20414,"Sorbs1","chr19",40358134,40358163,30,0.109,0.0968644013683427,0.00921267346864
"MmuEX0044374","Sorbs1",27,"chr19",40457124,40467877,"-","Neural-high","n.s.",33,"higher",-10.2,"n.s.",-22,"lower",-9,"n.s.",NA,NA,-19,"n.s.",NA,NA,-0.22,-0.19,-0.102,"lower","n.s.","n.s.","gene_size_contained",2,20422,"Sorbs1","chr19",40371200,40371226,27,0.054,0.628015455186658,0.100991874661
"MmuEX0044507","Spag9",15,"chr11",93933001,93942653,"+",NA,NA,4,"n.s.",-13.7,"lower",-15,"lower",-8,"n.s.",10,"n.s.",-3,"n.s.",-7,"n.s.",-0.15,-0.03,-0.137,"lower","n.s.","lower","gene_size",4,67414,"Spag9","chr11",93971566,93971580,15,0.168,0.0320554566746996,0.00233286778867
"MmuEX0044508","Spag9",12,"chr11",93933001,93942653,"+","Neural-high","ASD-low",3,"n.s.",-5.4,"n.s.",-6,"n.s.",-1,"n.s.",-5,"n.s.",-2,"n.s.",-3,"n.s.",-0.06,-0.02,-0.054,"n.s.","n.s.","n.s.","gene_size",4,67414,"Spag9","chr11",93971566,93971580,15,0.168,0.0320554566746996,0.00233286778867
"MmuEX0044509","Spag9",12,"chr11",93950970,93951871,"+",NA,"inconsistent",2,"n.s.",-0.2,"n.s.",0,"n.s.",1,"n.s.",0,"n.s.",0,"n.s.",0,"n.s.",0,0,-0.002,"n.s.","n.s.","n.s.","gene_size",4,67414,"Spag9","chr11",93971566,93971580,15,0.168,0.0320554566746996,0.00233286778867
"MmuEX0044624","Speg",30,"chr1",75379755,75381230,"+","Neural-high",NA,NA,"n.s.",NA,"n.s.",-21,"lower",-17,"lower",NA,NA,NA,NA,NA,"n.s.",-0.21,NA,NA,"lower",NA,"n.s.","gene_size",2,36995,"Speg","chr1",75360683,75360712,30,-0.024,0.686337511383856,0.113722983747
"MmuEX0044625","Speg",27,"chr1",75414581,75415545,"+",NA,NA,2,"n.s.",-5.2,"n.s.",NA,"n.s.",NA,NA,NA,NA,NA,"n.s.",NA,"n.s.",NA,NA,-0.052,"n.s.","n.s.","n.s.","gene_size",1,36995,"Speg","chr1",75360683,75360712,30,-0.024,0.686337511383856,0.113722983747
"MmuEX0044664","Spg7",15,"chr8",125590476,125594275,"+",NA,NA,-1,"n.s.",-0.2,"n.s.",0,"n.s.",1,"n.s.",1,"n.s.",0,"n.s.",0,"n.s.",0,0,-0.002,"n.s.","n.s.","n.s.","unmatched",0,NA,NA,NA,NA,NA,NA,NA,NA,NA
"MmuEX0044708","Spire1",28,"chr18",67654931,67656215,"-",NA,NA,0,"n.s.",0.5,"n.s.",-1,"n.s.",1,"n.s.",0,"n.s.",0,"n.s.",-1,"n.s.",-0.01,0,0.005,"n.s.","n.s.","n.s.","gene_size",1,50698,"Spire1","chr18",67628433,67628460,28,0.002,1,1
"MmuEX0044723","Spna2",15,"chr2",29869359,29871108,"+","Neural-high","n.s.",2,"n.s.",-30.5,"lower",-43,"lower",-1,"n.s.",14,"higher",-22,"lower",-37,"lower",-0.43,-0.22,-0.305,"lower","lower","lower","unmatched",0,NA,NA,NA,NA,NA,NA,NA,NA,NA
"MmuEX0044842","Src",18,"chr2",157284370,157288445,"+","Neural-high","n.s.",51,"higher",-11.4,"n.s.",-27,"lower",-20,"lower",-18,"n.s.",-22,"lower",NA,NA,-0.27,-0.22,-0.114,"lower","lower","n.s.","gene_size",1,29097,"Src","chr2",157300763,157300780,18,-0.01,1,0.869366630124
"MmuEX0044934","Srpk1",26,"chr17",28737402,28739632,"-",NA,NA,1,"n.s.",0.1,"n.s.",-1,"n.s.",-1,"n.s.",-1,"n.s.",-1,"n.s.",0,"n.s.",-0.01,-0.01,0.001,"n.s.","n.s.","n.s.","gene_size",2,4259,"Srpk1","chr17",28819843,28819868,26,-0.001,1,1
"MmuEX0044939","Srpk2",26,"chr5",23031564,23033714,"-",NA,NA,0,"n.s.",-0.7,"n.s.",1,"n.s.",-1,"n.s.",0,"n.s.",0,"n.s.",0,"n.s.",0.01,0,-0.007,"n.s.","n.s.","n.s.","gene_size",1,18479,"Srpk2","chr5",23731788,23731813,26,-0.004,1,0.957709945133
"MmuEX0044974","Srrm4",16,"chr5",116903723,116917440,"-",NA,NA,0,"n.s.",3.1,"n.s.",NA,"n.s.",NA,"n.s.",NA,"n.s.",NA,"n.s.",NA,"n.s.",NA,NA,0.031,"n.s.","n.s.","n.s.","gene_size",1,40103,"Srrm4","chr5",116592732,116592747,16,0.094,0.0263305918283457,0.00181911421969
"MmuEX0045072","Ssr1",15,"chr13",38071676,38075261,"-","Neural-high","ASD-low",24,"higher",-13.5,"lower",-12,"lower",-3,"n.s.",-5,"n.s.",-14,"lower",-21,"lower",-0.12,-0.14,-0.135,"lower","lower","lower","gene_size",1,10882,"Ssr1","chr13",38167071,38167085,15,-0.058,0.12841036212358,0.0130694212671
"MmuEX0045076","Ssrp1",9,"chr2",84882473,84882849,"+",NA,NA,5,"n.s.",-0.2,"n.s.",0,"n.s.",0,"n.s.",-1,"n.s.",0,"n.s.",-1,"n.s.",0,0,-0.002,"n.s.","n.s.","n.s.","unmatched",0,NA,NA,NA,NA,NA,NA,NA,NA,NA
"MmuEX0045090","St18",3,"chr1",6785658,6792400,"+",NA,NA,2,"n.s.",-1.4,"n.s.",4,"n.s.",-1,"n.s.",-1,"n.s.",0,"n.s.",3,"n.s.",0.04,0,-0.014,"n.s.","n.s.","n.s.","unmatched",0,NA,NA,NA,NA,NA,NA,NA,NA,NA
"MmuEX0045375","Stim2",24,"chr5",54501110,54501775,"+",NA,"n.s.",-3,"n.s.",1.3,"n.s.",0,"n.s.",NA,"n.s.",1,"n.s.",1,"n.s.",-2,"n.s.",0,0.01,0.013,"n.s.","n.s.","n.s.","gene_size",1,19992,"Stim2","chr5",54267458,54267481,24,-0.041,0.0631465812022013,0.00541128785591
"MmuEX0045422","Stk3",21,"chr15",35044413,35045319,"-","Neural-high",NA,30,"higher",NA,"n.s.",-3,"n.s.",-2,"n.s.",NA,"n.s.",NA,"n.s.",NA,"n.s.",-0.03,NA,NA,"n.s.","n.s.","n.s.","gene_size",1,40013,"Stk3","chr15",35115084,35115104,21,0.043,0.122722313068145,0.0123540820091
"MmuEX0045510","Ston2",3,"chr12",92878246,92880160,"-",NA,NA,0,"n.s.",-0.8,"n.s.",-1,"n.s.",0,"n.s.",1,"n.s.",0,"n.s.",1,"n.s.",-0.01,0,-0.008,"n.s.","n.s.","n.s.","unmatched",0,NA,NA,NA,NA,NA,NA,NA,NA,NA
"MmuEX0045519","Stra6",24,"chr9",57988361,57988862,"+",NA,NA,1,"n.s.",NA,"n.s.",NA,NA,NA,NA,NA,"n.s.",0,"n.s.",0,"n.s.",NA,0,NA,NA,"n.s.","n.s.","gene_size",1,63119,"Stra6","chr9",58048142,58048165,24,-0.005,1,0.688102766124
"MmuEX0045567","Stx16",12,"chr2",173902075,173916121,"+",NA,"n.s.",3,"n.s.",-1.1,"n.s.",-8,"n.s.",-13,"lower",-3,"n.s.",-4,"n.s.",-3,"n.s.",-0.08,-0.04,-0.011,"n.s.","n.s.","n.s.","gene_size",1,46439,"Stx16","chr2",173926439,173926450,12,0.024,0.00040817742965951,1.25050484143e-05
"MmuEX0045568","Stx16",15,"chr2",173902075,173916121,"+",NA,NA,0,"n.s.",-0.3,"n.s.",0,"n.s.",0,"n.s.",0,"n.s.",0,"n.s.",0,"n.s.",0,0,-0.003,"n.s.","n.s.","n.s.","gene_size",1,46439,"Stx16","chr2",173926439,173926450,12,0.024,0.00040817742965951,1.25050484143e-05
"MmuEX0045681","Suds3",22,"chr5",117548386,117549485,"-",NA,NA,1,"n.s.",-0.1,"n.s.",-1,"n.s.",-1,"n.s.",0,"n.s.",0,"n.s.",0,"n.s.",-0.01,0,-0.001,"n.s.","n.s.","n.s.","gene_size",1,18248,"Suds3","chr5",117237366,117237387,22,-0.002,1,1
"MmuEX0045731","Sun1",27,"chr5",139701402,139702659,"+",NA,NA,0,"n.s.",0.1,"n.s.",0,"n.s.",0,"n.s.",0,"n.s.",0,"n.s.",-1,"n.s.",0,0,0.001,"n.s.","n.s.","n.s.","gene_size",1,25157,"Sun1","chr5",139212333,139212359,27,-0.001,1,1
"MmuEX0045761","Supt5h",12,"chr7",29114672,29115598,"-",NA,"ASD-high",0,"n.s.",-1.9,"n.s.",-1,"n.s.",-6,"n.s.",-3,"n.s.",0,"n.s.",-1,"n.s.",-0.01,0,-0.019,"n.s.","n.s.","n.s.","unmatched",0,NA,NA,NA,NA,NA,NA,NA,NA,NA
"MmuEX0045823","Suv420h1",20,"chr19",3804562,3804916,"+",NA,NA,0,"n.s.",0,"n.s.",0,"n.s.",0,"n.s.",0,"n.s.",0,"n.s.",0,"n.s.",0,0,0,"n.s.","n.s.","n.s.","unmatched",0,NA,NA,NA,NA,NA,NA,NA,NA,NA
"MmuEX0045827","Suv420h2",20,"chr7",4694713,4697403,"+",NA,NA,0,"n.s.",0,"n.s.",-2,"n.s.",0,"n.s.",0,"n.s.",0,"n.s.",0,"n.s.",-0.02,0,0,"n.s.","n.s.","n.s.","unmatched",0,NA,NA,NA,NA,NA,NA,NA,NA,NA
"MmuEX0045982","Synj1",24,"chr16",90969620,90974154,"-","Neural-high","n.s.",11,"higher",-41.7,"lower",-66,"lower",-16,"n.s.",-20,"lower",-27,"lower",-34,"lower",-0.66,-0.27,-0.417,"lower","lower","lower","gene_size_contained",3,35203,"Synj1","chr16",90768452,90768475,24,-0.1,2.93604005525419e-05,5.98838634236e-07
"MmuEX0046015","Sypl",10,"chr12",33652609,33658992,"+","Neural-high",NA,5,"n.s.",-43.7,"lower",-64,"lower",-16,"n.s.",9,"n.s.",-27,"lower",-8,"n.s.",-0.64,-0.27,-0.437,"lower","lower","lower","unmatched",0,NA,NA,NA,NA,NA,NA,NA,NA,NA
"MmuEX0046126","Tacc2",9,"chr7",137897176,137902689,"+","Neural-high",NA,8,"n.s.",-8.3,"n.s.",-9,"n.s.",-5,"n.s.",9,"n.s.",-8,"n.s.",-4,"n.s.",-0.09,-0.08,-0.083,"n.s.","n.s.","n.s.","unmatched",0,NA,NA,NA,NA,NA,NA,NA,NA,NA
"MmuEX0046160","Taf1",15,"chrX",98734527,98736161,"+",NA,NA,-5,"n.s.",-2.1,"n.s.",NA,"n.s.",NA,"n.s.",NA,"n.s.",-2,"n.s.",NA,NA,NA,-0.02,-0.021,"n.s.","n.s.","n.s.","unmatched",0,NA,NA,NA,NA,NA,NA,NA,NA,NA
"MmuEX0046161","Taf1",6,"chrX",98785929,98789278,"+","Neural-high","inconsistent",38,"higher",-10.7,"lower",-12,"lower",-10,"n.s.",2,"n.s.",-9,"n.s.",-14,"lower",-0.12,-0.09,-0.107,"lower","n.s.","lower","gene_size",1,556,"Taf1","chrX",100634340,100634345,6,0.078,0.0191059182691326,0.00123309662154
"MmuEX0046262","Tanc2",30,"chr11",105774804,105776205,"+",NA,"n.s.",5,"n.s.",2.2,"n.s.",0,"n.s.",-2,"n.s.",-2,"n.s.",3,"n.s.",2,"n.s.",0,0.03,0.022,"n.s.","n.s.","n.s.","gene_size",1,63275,"Tanc2","chr11",105804867,105804896,30,-0.03,0.911811959830074,0.165764447307
"MmuEX0046481","Tbc1d4",3,"chr14",101858111,101862091,"-","Neural-high",NA,19,"higher",-27.6,"lower",-29,"lower",-8,"n.s.",-3,"n.s.",-19,"lower",-21,"lower",-0.29,-0.19,-0.276,"lower","lower","lower","gene_size",1,8274,"Tbc1d4","chr14",101698135,101698137,3,-0.105,0.714133192276854,0.11983206445
"MmuEX0046538","Tbcd",23,"chr11",121440090,121444066,"+",NA,NA,0,"n.s.",0,"n.s.",0,"n.s.",0,"n.s.",1,"n.s.",0,"n.s.",0,"n.s.",0,0,0,"n.s.","n.s.","n.s.","unmatched",0,NA,NA,NA,NA,NA,NA,NA,NA,NA
"MmuEX0046546","Tbcd",30,"chr11",121411596,121421988,"+",NA,NA,1,"n.s.",2.2,"n.s.",-2,"n.s.",-1,"n.s.",-1,"n.s.",0,"n.s.",-1,"n.s.",-0.02,0,0.022,"n.s.","n.s.","n.s.","gene_size",1,13077,"Tbcd","chr11",121447782,121447811,30,0.001,1,1
"MmuEX0046693","Tcf7l2",25,"chr19",56000540,56005923,"+","Neural-high",NA,NA,NA,-16.2,"lower",NA,NA,NA,"n.s.",NA,"n.s.",NA,NA,NA,NA,NA,NA,-0.162,NA,NA,"lower","gene_size",3,9931,"Tcf7l2","chr19",55916162,55916186,25,-0.197,0.00635973075347412,0.000323684040281
"MmuEX0046857","Tead1",12,"chr7",119985617,120000311,"+",NA,NA,3,"n.s.",-2.8,"n.s.",0,"n.s.",2,"n.s.",-87,"lower",1,"n.s.",-4,"n.s.",0,0.01,-0.028,"n.s.","n.s.","n.s.","gene_size",2,21126,"Tead1","chr7",112455260,112455271,12,-0.017,0.154657485761331,0.0164519264336
"MmuEX0047050","Tfdp1",6,"chr8",13369581,13370480,"+",NA,NA,0,"n.s.",-0.2,"n.s.",0,"n.s.",0,"n.s.",0,"n.s.",0,"n.s.",2,"n.s.",0,0,-0.002,"n.s.","n.s.","n.s.","unmatched",0,NA,NA,NA,NA,NA,NA,NA,NA,NA
"MmuEX0047106","Tgfbr1",3,"chr4",47396867,47406118,"+",NA,NA,0,"n.s.",1.4,"n.s.",1,"n.s.",1,"n.s.",0,"n.s.",1,"n.s.",0,"n.s.",0.01,0.01,0.014,"n.s.","n.s.","n.s.","unmatched",0,NA,NA,NA,NA,NA,NA,NA,NA,NA
"MmuEX0047178","Thbs3",27,"chr3",89022053,89022968,"+",NA,NA,-2,"n.s.",-0.5,"n.s.",1,"n.s.",2,"n.s.",-1,"n.s.",0,"n.s.",NA,NA,0.01,0,-0.005,"n.s.","n.s.","n.s.","unmatched",0,NA,NA,NA,NA,NA,NA,NA,NA,NA
"MmuEX0047379","Tjap1",30,"chr17",46397152,46398084,"-","Neural-high",NA,16,"higher",-32,"lower",-43,"lower",-24,"lower",4,"n.s.",-19,"lower",-16,"lower",-0.43,-0.19,-0.32,"lower","lower","lower","gene_size_contained",2,3645,"Tjap1","chr17",46571806,46571835,30,-0.059,0.00221946751872242,9.07679087617e-05
"MmuEX0047441","Tle3",17,"chr9",61249865,61255160,"+",NA,NA,0,"n.s.",-0.4,"n.s.",0,"n.s.",0,"n.s.",0,"n.s.",0,"n.s.",0,"n.s.",0,0,-0.004,"n.s.","n.s.","n.s.","unmatched",0,NA,NA,NA,NA,NA,NA,NA,NA,NA
"MmuEX0047442","Tle4",17,"chr19",14542762,14592261,"-",NA,NA,1,"n.s.",0.1,"n.s.",0,"n.s.",0,"n.s.",0,"n.s.",1,"n.s.",0,"n.s.",0,0.01,0.001,"n.s.","n.s.","n.s.","unmatched",0,NA,NA,NA,NA,NA,NA,NA,NA,NA
"MmuEX0047495","Tln1",3,"chr4",43546841,43547261,"-",NA,NA,28,"higher",0.3,"n.s.",-2,"n.s.",-1,"n.s.",-1,"n.s.",0,"n.s.",-1,"n.s.",-0.02,0,0.003,"n.s.","n.s.","n.s.","unmatched",0,NA,NA,NA,NA,NA,NA,NA,NA,NA
"MmuEX0047507","Tln2",3,"chr9",67210625,67213711,"-",NA,NA,3,"n.s.",-0.7,"n.s.",0,"n.s.",0,"n.s.",-1,"n.s.",3,"n.s.",-1,"n.s.",0,0.03,-0.007,"n.s.","n.s.","n.s.","unmatched",0,NA,NA,NA,NA,NA,NA,NA,NA,NA
"MmuEX0047613","Tmco4",14,"chr4",138566517,138575487,"+",NA,NA,16,"n.s.",-45.3,"lower",-54,"lower",-43,"lower",-14,"n.s.",-19,"n.s.",-32,"lower",-0.54,-0.19,-0.453,"lower","n.s.","lower","unmatched",0,NA,NA,NA,NA,NA,NA,NA,NA,NA
"MmuEX0047648","Tmeff2",27,"chr1",50995187,51128311,"+",NA,NA,0,"n.s.",-0.6,"n.s.",-4,"n.s.",-6,"n.s.",0,"n.s.",-1,"n.s.",-2,"n.s.",-0.04,-0.01,-0.006,"n.s.","n.s.","n.s.","gene_size",1,30026,"Tmeff2","chr1",50982356,50982382,27,0.009,1,1
"MmuEX0047828","Tmem176b",16,"chr6",48788091,48790359,"-",NA,NA,NA,"n.s.",-1.3,"n.s.",-2,"n.s.",NA,"n.s.",-1,"n.s.",NA,"n.s.",NA,"n.s.",-0.02,NA,-0.013,"n.s.","n.s.","n.s.","unmatched",0,NA,NA,NA,NA,NA,NA,NA,NA,NA
"MmuEX0047851","Tmem184b",21,"chr15",79193316,79195714,"-","Neural-high",NA,36,"higher",-16.6,"lower",-17,"lower",-20,"lower",-20,"lower",-20,"lower",-14,"lower",-0.17,-0.2,-0.166,"lower","lower","lower","gene_size",1,7272,"Tmem184b","chr15",79247858,79247878,21,-0.09,0.00580651743448036,0.000289670641037
"MmuEX0047898","Tmem209",12,"chr6",30458513,30459684,"-",NA,NA,0,"n.s.",10.5,"higher",4,"n.s.",-17,"lower",-15,"lower",-6,"n.s.",-23,"lower",0.04,-0.06,0.105,"n.s.","n.s.","higher","gene_size",1,61996,"Tmem209","chr6",30508790,30508801,12,0.004,1,1
"MmuEX0048152","Tmod3",12,"chr9",75364403,75377175,"-",NA,NA,3,"n.s.",-0.2,"n.s.",0,"n.s.",0,"n.s.",0,"n.s.",0,"n.s.",0,"n.s.",0,0,-0.002,"n.s.","n.s.","n.s.","unmatched",0,NA,NA,NA,NA,NA,NA,NA,NA,NA
"MmuEX0048289","Tnik",9,"chr3",28524145,28529352,"+",NA,NA,0,"n.s.",0.5,"n.s.",0,"n.s.",1,"n.s.",0,"n.s.",0,"n.s.",0,"n.s.",0,0,0.005,"n.s.","n.s.","n.s.","unmatched",0,NA,NA,NA,NA,NA,NA,NA,NA,NA
"MmuEX0048292","Tnik",24,"chr3",28522031,28529352,"+","Neural-high","n.s.",34,"higher",-19.5,"lower",-24,"lower",-21,"lower",13,"n.s.",-6,"n.s.",1,"n.s.",-0.24,-0.06,-0.195,"lower","n.s.","lower","gene_size",1,46974,"Tnik","chr3",28679348,28679371,24,0.111,0.00674559213125424,0.000349470161952
"MmuEX0048341","Tnnt2",9,"chr1",137746038,137747287,"+",NA,NA,NA,NA,2.1,"n.s.",NA,NA,NA,NA,NA,NA,NA,NA,NA,"n.s.",NA,NA,0.021,NA,NA,"n.s.","gene_size",1,26076,"Tnnt2","chr1",135769753,135769764,12,-0.5,1,1
"MmuEX0048384","Tnrc6a",22,"chr7",130287352,130306007,"+",NA,NA,-2,"n.s.",0.8,"n.s.",0,"n.s.",-3,"n.s.",-1,"n.s.",-2,"n.s.",-1,"n.s.",0,-0.02,0.008,"n.s.","n.s.","n.s.","gene_size",3,30446,"Tnrc6a","chr7",122751387,122751408,22,0.019,0.000804327172103365,2.7554173006e-05
"MmuEX0048399","Tnrc6c",22,"chr11",117562139,117575439,"+",NA,NA,1,"n.s.",0,"n.s.",0,"n.s.",2,"n.s.",3,"n.s.",-2,"n.s.",-2,"n.s.",0,-0.02,0,"n.s.","n.s.","n.s.","gene_size",2,13402,"Tnrc6c","chr11",117593205,117593226,22,-0.026,1,1
"MmuEX0048413","Tns1",6,"chr1",74000525,74027487,"-",NA,NA,-1,"n.s.",6.5,"n.s.",-4,"n.s.",-5,"n.s.",-1,"n.s.",0,"n.s.",4,"n.s.",-0.04,0,0.065,"n.s.","n.s.","n.s.","unmatched",0,NA,NA,NA,NA,NA,NA,NA,NA,NA
"MmuEX0048523","Topbp1",27,"chr9",103248210,103249013,"+",NA,NA,NA,"n.s.",NA,"n.s.",1,"n.s.",NA,"n.s.",0,"n.s.",NA,"n.s.",0,"n.s.",0.01,NA,NA,"n.s.","n.s.","n.s.","unmatched",0,NA,NA,NA,NA,NA,NA,NA,NA,NA
"MmuEX0048571","Tpd52",27,"chr3",8936481,8944610,"-",NA,"n.s.",11,"higher",2.1,"n.s.",8,"n.s.",-11,"lower",NA,NA,3,"n.s.",-1,"n.s.",0.08,0.03,0.021,"n.s.","n.s.","n.s.","gene_size",2,34269,"Tpd52","chr3",9008611,9008637,27,0.115,0,0
"MmuEX0048676","Trabd",15,"chr15",88906572,88911409,"+",NA,NA,1,"n.s.",0.8,"n.s.",0,"n.s.",0,"n.s.",0,"n.s.",0,"n.s.",1,"n.s.",0,0,0.008,"n.s.","n.s.","n.s.","unmatched",0,NA,NA,NA,NA,NA,NA,NA,NA,NA
"MmuEX0048704","Traf3ip1",21,"chr1",93404146,93416154,"+",NA,NA,0,"n.s.",0.2,"n.s.",0,"n.s.",-8,"n.s.",2,"n.s.",0,"n.s.",0,"n.s.",0,0,0.002,"n.s.","n.s.","n.s.","gene_size",2,37054,"Traf3ip1","chr1",91446016,91446036,21,-0.038,1,0.616030432766
"MmuEX0048743","Trak1",14,"chr9",121369696,121378102,"+",NA,NA,0,"n.s.",0.2,"n.s.",0,"n.s.",0,"n.s.",0,"n.s.",0,"n.s.",0,"n.s.",0,0,0.002,"n.s.","n.s.","n.s.","unmatched",0,NA,NA,NA,NA,NA,NA,NA,NA,NA
"MmuEX0048789","Trappc8",18,"chr18",21013578,21018933,"-","Neural-high",NA,NA,"n.s.",-16.5,"lower",NA,NA,-2,"n.s.",NA,NA,NA,"n.s.",-6,"n.s.",NA,NA,-0.165,NA,"n.s.","lower","gene_size",1,2871,"Trappc8","chr18",20988878,20988895,18,0.002,1,0.90333282801
"MmuEX0048796","Trappc9",27,"chr15",72862074,72881024,"-","Neural-high","ASD-low",-5,"n.s.",3.3,"n.s.",3,"n.s.",-10,"lower",-3,"n.s.",-7,"n.s.",-3,"n.s.",0.03,-0.07,0.033,"n.s.","n.s.","n.s.","gene_size",1,45098,"Trappc9","chr15",72914026,72914052,27,0.037,0.946103804493323,0.174143193574
"MmuEX0048859","Trim21",23,"chr7",109708583,109710301,"-",NA,NA,0,"n.s.",0,"n.s.",0,"n.s.",2,"n.s.",1,"n.s.",0,"n.s.",1,"n.s.",0,0,0,"n.s.","n.s.","n.s.","unmatched",0,NA,NA,NA,NA,NA,NA,NA,NA,NA
"MmuEX0048920","Trim41",23,"chr11",48621860,48622551,"-",NA,"n.s.",0,"n.s.",-0.4,"n.s.",-1,"n.s.",-2,"n.s.",-2,"n.s.",0,"n.s.",-3,"n.s.",-0.01,0,-0.004,"n.s.","n.s.","n.s.","gene_size",1,68159,"Trim41","chr11",48699292,48699314,23,-0.006,1,0.722136498096
"MmuEX0048944","Trim68",23,"chr7",109827651,109828650,"-",NA,NA,2,"n.s.",-1,"n.s.",-5,"n.s.",-8,"n.s.",0,"n.s.",-1,"n.s.",2,"n.s.",-0.05,-0.01,-0.01,"n.s.","n.s.","n.s.","gene_size",1,18159,"Trim68","chr7",102328881,102328903,23,0.018,1,0.261778546433
"MmuEX0049145","Trpm2",7,"chr10",77377544,77380451,"-",NA,NA,1,"n.s.",-2.3,"n.s.",NA,"n.s.",NA,"n.s.",NA,"n.s.",-4,"n.s.",19,"n.s.",NA,-0.04,-0.023,"n.s.","n.s.","n.s.","unmatched",0,NA,NA,NA,NA,NA,NA,NA,NA,NA
"MmuEX0049146","Trpm2",3,"chr10",77393400,77394879,"-",NA,NA,6,"n.s.",NA,"n.s.",-2,"n.s.",-2,"n.s.",0,"n.s.",8,"n.s.",15,"n.s.",-0.02,0.08,NA,"n.s.","n.s.","n.s.","unmatched",0,NA,NA,NA,NA,NA,NA,NA,NA,NA
"MmuEX0049240","Trrap",21,"chr5",145568261,145572763,"+","Neural-high",NA,NA,NA,-16.3,"lower",NA,NA,NA,NA,NA,NA,-12,"n.s.",NA,NA,NA,-0.12,-0.163,NA,"n.s.","lower","gene_size",2,30826,"Trrap","chr5",144747142,144747162,21,0.023,1,0.261404742867
"MmuEX0049275","Tsc22d3",9,"chrX",137076696,137132666,"-",NA,NA,0,"n.s.",1,"n.s.",0,"n.s.",-1,"n.s.",0,"n.s.",0,"n.s.",0,"n.s.",0,0,0.01,"n.s.","n.s.","n.s.","unmatched",0,NA,NA,NA,NA,NA,NA,NA,NA,NA
"MmuEX0049447","Ttc17",3,"chr2",94226339,94246663,"-",NA,NA,-2,"n.s.",-0.7,"n.s.",1,"n.s.",0,"n.s.",0,"n.s.",1,"n.s.",1,"n.s.",0.01,0.01,-0.007,"n.s.","n.s.","n.s.","unmatched",0,NA,NA,NA,NA,NA,NA,NA,NA,NA
"MmuEX0049593","Ttc7b",3,"chr12",101570930,101586145,"-",NA,NA,0,"n.s.",-0.1,"n.s.",0,"n.s.",0,"n.s.",0,"n.s.",0,"n.s.",0,"n.s.",0,0,-0.001,"n.s.","n.s.","n.s.","unmatched",0,NA,NA,NA,NA,NA,NA,NA,NA,NA
"MmuEX0050127","Ube2b",26,"chr11",51804986,51811319,"-",NA,NA,0,"n.s.",-0.1,"n.s.",0,"n.s.",0,"n.s.",0,"n.s.",0,"n.s.",0,"n.s.",0,0,-0.001,"n.s.","n.s.","n.s.","gene_size",3,68288,"Ube2b","chr11",51886201,51886226,26,-0.003,1,1
"MmuEX0050296","Ubp1",6,"chr9",113882025,113884463,"+",NA,NA,0,"n.s.",1.1,"n.s.",-1,"n.s.",-2,"n.s.",0,"n.s.",1,"n.s.",3,"n.s.",-0.01,0.01,0.011,"n.s.","n.s.","n.s.","unmatched",0,NA,NA,NA,NA,NA,NA,NA,NA,NA
"MmuEX0050344","Ubr3",3,"chr2",69792419,69794021,"+",NA,NA,1,"n.s.",0.2,"n.s.",0,"n.s.",-1,"n.s.",0,"n.s.",0,"n.s.",0,"n.s.",0,0,0.002,"n.s.","n.s.","n.s.","unmatched",0,NA,NA,NA,NA,NA,NA,NA,NA,NA
"MmuEX0050439","Uckl1",17,"chr2",181305304,181307778,"-",NA,NA,2,"n.s.",-0.5,"n.s.",-2,"n.s.",-5,"n.s.",-1,"n.s.",0,"n.s.",-4,"n.s.",-0.02,0,-0.005,"n.s.","n.s.","n.s.","gene_size",1,46727,"Uckl1","chr2",181214263,181214279,17,-0.013,0.640381315672525,0.103553249238
"MmuEX0050467","Uggt1",24,"chr1",36233173,36234362,"-","Neural-high","inconsistent",1,"n.s.",-6.4,"n.s.",-8,"n.s.",-3,"n.s.",-78,"lower",-1,"n.s.",-17,"lower",-0.08,-0.01,-0.064,"n.s.","n.s.","n.s.","gene_size",1,57090,"Uggt1","chr1",36215857,36215880,24,-0.087,0,0
"MmuEX0050589","Unc13a",6,"chr8",74161827,74163598,"-",NA,NA,1,"n.s.",-19.7,"lower",-46,"lower",-12,"lower",0,"n.s.",-18,"lower",-31,"lower",-0.46,-0.18,-0.197,"lower","lower","lower","gene_size_contained",3,58411,"Unc13a","chr8",72091861,72091866,6,-0.019,0.00592300659230289,0.000297078075115
"MmuEX0050593","Unc13a",30,"chr8",74189978,74195498,"-",NA,NA,41,"higher",1.7,"n.s.",0,"n.s.",-27,"lower",18,"higher",-4,"n.s.",-7,"n.s.",0,-0.04,0.017,"n.s.","n.s.","n.s.","gene_size_contained",2,58423,"Unc13a","chr8",72119285,72119314,30,0.025,1,0.297013827177
"MmuEX0050646","Unc79",29,"chr12",104285909,104297528,"+",NA,NA,17,"higher",1.2,"n.s.",-18,"n.s.",-23,"lower",NA,NA,NA,"n.s.",NA,"n.s.",-0.18,NA,0.012,"n.s.","n.s.","n.s.","gene_size",1,33984,"Unc79","chr12",103016154,103016182,29,0.211,0.0177010912773212,0.0011245413194
"MmuEX0050725","Uqcc",20,"chr2",155677209,155712844,"-",NA,"inconsistent",1,"n.s.",0.5,"n.s.",-1,"n.s.",0,"n.s.",0,"n.s.",0,"n.s.",0,"n.s.",-0.01,0,0.005,"n.s.","n.s.","n.s.","unmatched",0,NA,NA,NA,NA,NA,NA,NA,NA,NA
"MmuEX0050746","Urgcp",4,"chr11",5618267,5622804,"-",NA,NA,0,"n.s.",-0.7,"n.s.",-2,"n.s.",-2,"n.s.",1,"n.s.",-5,"n.s.",-5,"n.s.",-0.02,-0.05,-0.007,"n.s.","n.s.","n.s.","unmatched",0,NA,NA,NA,NA,NA,NA,NA,NA,NA
"MmuEX0050799","Uso1",21,"chr5",92611136,92616260,"+",NA,"n.s.",NA,"n.s.",1,"n.s.",0,"n.s.",1,"n.s.",2,"n.s.",2,"n.s.",2,"n.s.",0,0.02,0.01,"n.s.","n.s.","n.s.","unmatched",0,NA,NA,NA,NA,NA,NA,NA,NA,NA
"MmuEX0050992","Usp36",27,"chr11",118147314,118148980,"-",NA,NA,14,"higher",0.6,"n.s.",-1,"n.s.",-6,"n.s.",-7,"n.s.",0,"n.s.",-3,"n.s.",-0.01,0,0.006,"n.s.","n.s.","n.s.","unmatched",0,NA,NA,NA,NA,NA,NA,NA,NA,NA
"MmuEX0051054","Usp48",15,"chr4",137172423,137176976,"+",NA,NA,1,"n.s.",0.1,"n.s.",0,"n.s.",0,"n.s.",0,"n.s.",0,"n.s.",8,"n.s.",0,0,0.001,"n.s.","n.s.","n.s.","unmatched",0,NA,NA,NA,NA,NA,NA,NA,NA,NA
"MmuEX0051075","Usp53",25,"chr3",122672168,122687199,"-",NA,NA,NA,"n.s.",NA,"n.s.",-4,"n.s.",-4,"n.s.",NA,"n.s.",NA,"n.s.",NA,"n.s.",-0.04,NA,NA,"n.s.","n.s.","n.s.","gene_size",2,36127,"Usp53","chr3",122776334,122776358,25,0.024,0.0021457994225225,8.72067572767e-05
"MmuEX0051211","Uxs1",28,"chr1",43862520,43884459,"-",NA,NA,1,"n.s.",2.6,"n.s.",0,"n.s.",-1,"n.s.",-1,"n.s.",0,"n.s.",-4,"n.s.",0,0,0.026,"n.s.","n.s.","n.s.","gene_size",1,28701,"Uxs1","chr1",43846510,43846537,28,-0.002,1,1
"MmuEX0051266","Vash2",5,"chr1",192790865,192794282,"-",NA,NA,-1,"n.s.",-0.2,"n.s.",0,"n.s.",0,"n.s.",0,"n.s.",0,"n.s.",1,"n.s.",0,0,-0.002,"n.s.","n.s.","n.s.","unmatched",0,NA,NA,NA,NA,NA,NA,NA,NA,NA
"MmuEX0051281","Vav2",15,"chr2",27154993,27157527,"-","Neural-high",NA,-1,"n.s.",-59.7,"lower",-75,"lower",-20,"lower",-1,"n.s.",-14,"lower",-35,"lower",-0.75,-0.14,-0.597,"lower","lower","lower","gene_size_contained",2,36240,"Vav2","chr2",27190442,27190456,15,-0.197,0,0
"MmuEX0051282","Vav2",15,"chr2",27138939,27141152,"-","Neural-high","ASD-low",16,"higher",-63,"lower",-73,"lower",-10,"n.s.",-7,"n.s.",-17,"lower",-38,"lower",-0.73,-0.17,-0.63,"lower","lower","lower","gene_size_contained",2,36237,"Vav2","chr2",27174851,27174865,15,-0.111,3.07864615168397e-05,6.29998833546e-07
"MmuEX0051310","Vcl",3,"chr14",21806341,21814233,"+",NA,NA,0,"n.s.",0,"n.s.",0,"n.s.",0,"n.s.",0,"n.s.",0,"n.s.",0,"n.s.",0,0,0,"n.s.","n.s.","n.s.","unmatched",0,NA,NA,NA,NA,NA,NA,NA,NA,NA
"MmuEX0051509","Vps28",29,"chr15",76454916,76455563,"-",NA,NA,0,"n.s.",-0.2,"n.s.",-1,"n.s.",0,"n.s.",0,"n.s.",0,"n.s.",-1,"n.s.",-0.01,0,-0.002,"n.s.","n.s.","n.s.","gene_size",1,7396,"Vps28","chr15",76508792,76508820,29,-0.001,1,1
"MmuEX0051510","Vps29",12,"chr5",122804475,122810021,"+",NA,"n.s.",-10,"lower",7.1,"n.s.",-6,"n.s.",-21,"lower",-15,"lower",-1,"n.s.",2,"n.s.",-0.06,-0.01,0.071,"n.s.","n.s.","n.s.","gene_size",2,55370,"Vps29","chr5",122494857,122494868,12,0.062,0.0468902718751602,0.00374733620857
"MmuEX0051565","Vps53",15,"chr11",75977367,75979700,"-",NA,NA,2,"n.s.",-1.5,"n.s.",0,"n.s.",0,"n.s.",2,"n.s.",-1,"n.s.",0,"n.s.",0,-0.01,-0.015,"n.s.","n.s.","n.s.","unmatched",0,NA,NA,NA,NA,NA,NA,NA,NA,NA
"MmuEX0051588","Vps8",6,"chr16",21448477,21456301,"+","Neural-high","ASD-low",47,"higher",-0.6,"n.s.",0,"n.s.",-1,"n.s.",0,"n.s.",0,"n.s.",1,"n.s.",0,0,-0.006,"n.s.","n.s.","n.s.","gene_size",1,5743,"Vps8","chr16",21270106,21270111,6,0.024,0.0268469730666827,0.0018645152421
"MmuEX0051652","Vti1a",21,"chr19",55455510,55466273,"+","Neural-high","ASD-low",46,"higher",-10.9,"n.s.",-26,"lower",-21,"lower",14,"n.s.",-17,"lower",NA,NA,-0.26,-0.17,-0.109,"lower","lower","n.s.","gene_size",3,15640,"Vti1a","chr19",55375621,55375641,21,0.171,0.000231369095081125,6.41414643621e-06
"MmuEX0052215","Wnk1",27,"chr6",119877253,119884273,"-",NA,"ASD-low",11,"higher",-0.8,"n.s.",-1,"n.s.",NA,"n.s.",NA,"n.s.",NA,"n.s.",NA,"n.s.",-0.01,NA,-0.008,"n.s.","n.s.","n.s.","gene_size",4,46786,"Wnk1","chr6",119905084,119905110,27,-0.028,0.0313983465220249,0.00227446842711
"MmuEX0052395","Xpo6",25,"chr7",133314657,133317671,"-",NA,NA,3,"n.s.",-1.1,"n.s.",NA,"n.s.",NA,"n.s.",NA,"n.s.",2,"n.s.",1,"n.s.",NA,0.02,-0.011,"n.s.","n.s.","n.s.","unmatched",0,NA,NA,NA,NA,NA,NA,NA,NA,NA
"MmuEX0052557","Ykt6",15,"chr11",5859383,5861190,"+",NA,NA,1,"n.s.",-0.4,"n.s.",0,"n.s.",0,"n.s.",0,"n.s.",0,"n.s.",0,"n.s.",0,0,-0.004,"n.s.","n.s.","n.s.","unmatched",0,NA,NA,NA,NA,NA,NA,NA,NA,NA
"MmuEX0052595","Ythdf3",25,"chr3",16083521,16089477,"+",NA,NA,1,"n.s.",-0.7,"n.s.",0,"n.s.",0,"n.s.",1,"n.s.",-2,"n.s.",1,"n.s.",0,-0.02,-0.007,"n.s.","n.s.","n.s.","gene_size",3,47086,"Ythdf3","chr3",16238086,16238110,25,0.22,1,1
"MmuEX0052629","Zbed3",4,"chr13",96095300,96106010,"+",NA,NA,0,"n.s.",-0.2,"n.s.",0,"n.s.",0,"n.s.",0,"n.s.",0,"n.s.",0,"n.s.",0,0,-0.002,"n.s.","n.s.","n.s.","unmatched",0,NA,NA,NA,NA,NA,NA,NA,NA,NA
"MmuEX0052795","Zcchc11",14,"chr4",108186172,108189987,"+",NA,NA,0,"n.s.",-1.3,"n.s.",0,"n.s.",-1,"n.s.",-1,"n.s.",0,"n.s.",0,"n.s.",0,0,-0.013,"n.s.","n.s.","n.s.","unmatched",0,NA,NA,NA,NA,NA,NA,NA,NA,NA
"MmuEX0052796","Zcchc11",6,"chr4",108203555,108214615,"+",NA,NA,0,"n.s.",0.3,"n.s.",0,"n.s.",0,"n.s.",0,"n.s.",0,"n.s.",-1,"n.s.",0,0,0.003,"n.s.","n.s.","n.s.","unmatched",0,NA,NA,NA,NA,NA,NA,NA,NA,NA
"MmuEX0052830","Zcchc6",6,"chr13",59880177,59883378,"-",NA,NA,0,"n.s.",-0.4,"n.s.",NA,"n.s.",NA,"n.s.",NA,"n.s.",0,"n.s.",-2,"n.s.",NA,0,-0.004,"n.s.","n.s.","n.s.","unmatched",0,NA,NA,NA,NA,NA,NA,NA,NA,NA
"MmuEX0052888","Zdhhc15",27,"chrX",101793526,101866002,"-",NA,NA,-1,"n.s.",1,"n.s.",0,"n.s.",-4,"n.s.",0,"n.s.",1,"n.s.",0,"n.s.",0,0.01,0.01,"n.s.","n.s.","n.s.","gene_size",3,522,"Zdhhc15","chrX",103676190,103676216,27,0.052,0.725918003623298,0.122479326021
"MmuEX0052911","Zdhhc2",27,"chr8",41509524,41532404,"+",NA,NA,2,"n.s.",-0.9,"n.s.",-1,"n.s.",-4,"n.s.",-1,"n.s.",-1,"n.s.",-1,"n.s.",-0.01,-0.01,-0.009,"n.s.","n.s.","n.s.","gene_size",2,59169,"Zdhhc2","chr8",40898819,40898845,27,-0.001,1,0.87648556801
"MmuEX0053389","Zfp511",17,"chr7",147222793,147223118,"+",NA,NA,-2,"n.s.",0.8,"n.s.",1,"n.s.",-1,"n.s.",5,"n.s.",1,"n.s.",2,"n.s.",0.01,0.01,0.008,"n.s.","n.s.","n.s.","unmatched",0,NA,NA,NA,NA,NA,NA,NA,NA,NA
"MmuEX0053422","Zfp524",3,"chr7",4967163,4969038,"+",NA,NA,0,"n.s.",-2.1,"n.s.",-1,"n.s.",-2,"n.s.",-2,"n.s.",1,"n.s.",2,"n.s.",-0.01,0.01,-0.021,"n.s.","n.s.","n.s.","unmatched",0,NA,NA,NA,NA,NA,NA,NA,NA,NA
"MmuEX0053465","Zfp57",30,"chr17",37139723,37141741,"+",NA,NA,1,"n.s.",-5.5,"n.s.",NA,"n.s.",NA,"n.s.",NA,"n.s.",2,"n.s.",2,"n.s.",NA,0.02,-0.055,"n.s.","n.s.","n.s.","gene_size",1,3765,"Zfp57","chr17",37314178,37314207,30,-0.003,1,1
"MmuEX0053758","Zfr",24,"chr15",12048094,12066150,"+",NA,NA,-1,"n.s.",NA,"n.s.",0,"n.s.",-2,"n.s.",-2,"n.s.",NA,"n.s.",-1,"n.s.",0,NA,NA,"n.s.","n.s.","n.s.","gene_size",2,55688,"Zfr","chr15",12135353,12135376,24,0.038,0.925879776171375,0.169297517366
"MmuEX0053823","Zfyve27",21,"chr19",42258680,42260294,"+","Neural-high","ASD-low",11,"higher",-51.2,"lower",-47,"lower",NA,"n.s.",NA,"n.s.",-13,"lower",-37,"lower",-0.47,-0.13,-0.512,"lower","lower","lower","gene_size",1,1255,"Zfyve27","chr19",42174059,42174079,21,-0.04,1,0.408372537861
"MmuEX0053985","Zmynd8",12,"chr2",165677649,165701204,"-","Neural-high",NA,12,"higher",-7.7,"n.s.",-20,"lower",-18,"lower",8,"n.s.",-10,"n.s.",-6,"n.s.",-0.2,-0.1,-0.077,"lower","n.s.","n.s.","gene_size",2,24797,"Zmynd8","chr2",165694788,165694799,12,0.134,1.42618348871355e-05,2.63633289976e-07
"MmuEX0054077","Zswim7",22,"chr11",62087317,62094758,"-",NA,NA,0,"n.s.",1.1,"n.s.",-7,"n.s.",-3,"n.s.",-4,"n.s.",NA,"n.s.",-13,"n.s.",-0.07,NA,0.011,"n.s.","n.s.","n.s.","gene_size",1,54429,"Zswim7","chr11",62167444,62167465,22,-0.005,1,0.844284809983
