"ID","Description","GeneRatio","BgRatio","RichFactor","FoldEnrichment","zScore","pvalue","p.adjust","qvalue","geneID","Count"
"GO:0051056","regulation of small GTPase mediated signal transduction","27/694","244/28928",0.110655737704918,4.61246279586148,8.88430924686566,4.97294881198655e-11,1.89417295258954e-07,1.50705572641418e-07,"Rasa4/Picalm/Auts2/Arhgap12/Rasa2/Dock9/Agrn/Psd2/Rapgef1/Ralgps1/Nrg1/Chn1/Cyrib/Rab3gap1/Abca1/Cdc42bpa/Rtn4/Spry1/Sipa1l2/Map4k4/Arfgap1/Src/Dab2ip/Sh3bp1/Mapkap1/Iqsec1/Dnm2",27
"GO:1902903","regulation of supramolecular fiber organization","35/694","406/28928",0.0862068965517241,3.59336182053066,8.25052091801912,8.68488286377599e-11,1.89417295258954e-07,1.50705572641418e-07,"Mapt/Map2/Camsap1/Mtss1/Cttn/Ppfia1/Gmfb/Clasp2/Pecam1/Nckap1l/Carmil3/Fchsd2/Ssh3/Cyrib/Bin1/Inpp5j/Eml4/Limch1/Tmod2/Alms1/Kank3/Dctn1/Mapk8/Carmil2/Vill/Dlg1/Fes/Pxn/Arfip1/Map1b/Nf2/Gba2/Sh3bp1/Camsap2/Pick1",35
"GO:0051258","protein polymerization","29/694","297/28928",0.0976430976430976,4.07005695766503,8.33780294580622,1.99373310017301e-10,2.89888792765156e-07,2.30643439693699e-07,"Mapt/Map2/Camsap1/Mtss1/Cttn/Zfp207/Clasp2/Pecam1/Nckap1l/Fchsd2/Ssh3/Cyrib/Septin2/Bin1/Inpp5j/Tmod2/Kank3/Dctn1/Mapk8/Carmil2/Vill/Dlg1/Fes/Map1b/Catip/Gba2/Camsap2/Tubgcp4/Dnm2",29
"GO:0043254","regulation of protein-containing complex assembly","36/694","463/28928",0.0777537796976242,3.24101057506178,7.6212118698983,8.05152774203799e-10,8.78019100269243e-07,6.98575972776296e-07,"Mapt/Map2/Camsap1/Hsf1/Cttn/Tmc8/Unc13a/Clasp2/Pecam1/Nrg1/Nckap1l/Fchsd2/Psmc6/Ssh3/Cyrib/Bin1/Inpp5j/Rab3gap1/Trim65/Tmod2/Abca1/Kank3/Dctn1/Aida/Fblim1/Mapk8/Carmil2/Vill/Dlg1/Fes/Map1b/Src/Dab2ip/Gba2/Trim9/Camsap2",36
"GO:0022604","regulation of cell morphogenesis","27/694","284/28928",0.0950704225352113,3.96282014855705,7.86670482273677,1.51470688850803e-09,9.81878523197635e-07,7.81209365810614e-07,"Picalm/Spag9/Afdn/Mov10/Camsap1/Sema4a/Tnik/Cask/Unc13a/Smurf1/Camk2b/Prpf40a/Rnf157/Fmnl2/Rims2/Epb41l3/Cfap410/Mark2/Xlr3b/Fblim1/Dlg1/Fes/Pxn/Fmnl3/Nf2/Src/Ntng2",27
"GO:0007015","actin filament organization","36/694","476/28928",0.0756302521008403,3.15249558036471,7.42394203959148,1.6930677943384e-09,9.81878523197635e-07,7.81209365810614e-07,"Arhgap12/Mtss1/Cttn/Ppfia1/Gmfb/Clasp2/Pecam1/Sorbs1/Nckap1l/Carmil3/Fchsd2/Ssh3/Myo1h/Cyrib/Bin1/Limch1/Cald1/Nlrp4f/Tmod2/Alms1/Kank3/Carmil2/Vill/Dlg1/Myo19/Pxn/Arfip1/Mical3/Nf2/Mical1/Catip/Src/Gba2/Sh3bp1/Dnm2/Pick1",36
"GO:0000245","spliceosomal complex assembly","12/694","50/28928",0.24,10.0039193083573,9.99029398079254,1.74429227429067e-09,9.81878523197635e-07,7.81209365810614e-07,"Sf3b1/Ddx46/Mbnl1/Srpk2/Luc7l2/Puf60/Prpf39/Srsf6/Rsrp1/Celf6/Celf5/Luc7l3",12
"GO:0032271","regulation of protein polymerization","23/694","211/28928",0.109004739336493,4.54364423562834,8.09966460520996,1.80078592058255e-09,9.81878523197635e-07,7.81209365810614e-07,"Mapt/Map2/Camsap1/Cttn/Clasp2/Pecam1/Nckap1l/Fchsd2/Ssh3/Cyrib/Bin1/Inpp5j/Tmod2/Kank3/Dctn1/Mapk8/Carmil2/Vill/Dlg1/Fes/Map1b/Gba2/Camsap2",23
"GO:1901888","regulation of cell junction assembly","28/694","309/28928",0.0906148867313916,3.77710006248659,7.69464819652672,2.22481978231006e-09,1.00586131012886e-06,8.00290726005658e-07,"Dock4/Afdn/Agrn/Sema4a/Rapgef1/Slk/Snap25/Clasp2/Nrg1/Peak1/Carmil3/Limch1/Elavl2/Grin1/Rtn4/Xlr3b/Mycbp2/Ntrk3/Adgrl1/Map1b/Map4k4/Ube2v2/Ube3b/Src/Adgre5/Adgrl2/Iqsec1/Ntng2",28
"GO:0010639","negative regulation of organelle organization","32/694","393/28928",0.0814249363867685,3.39403538875567,7.49174748040917,2.30596357205149e-09,1.00586131012886e-06,8.00290726005658e-07,"Recql4/Mapt/Map2/Camsap1/Cep97/Marchf7/Zfp207/Ppfia1/Gmfb/Clasp2/Pecam1/Odf2l/Tmem39a/Ssh3/Cyrib/Inpp5j/Eml4/Tmod2/Smg6/Kank3/Huwe1/Prpf4b/Tom1l2/Becn1/Carmil2/Vill/Map1b/Src/Trim9/Camsap2/Dnm2/Pick1",32
"GO:0050803","regulation of synapse structure or activity","32/694","398/28928",0.0804020100502513,3.35139675321854,7.40562628598753,3.14001636437764e-09,1.2451592164923e-06,9.90682674962018e-07,"Dock4/Picalm/Afdn/Agrn/Sema4a/Cask/Snap25/Nrg1/Dip2a/Carmil3/Camk2b/Elavl2/Grin1/Mark2/Rtn4/Dctn1/Xlr3b/Dmpk/Mycbp2/Ntrk3/Adgrl1/Nfatc4/Map1b/Ube2v2/Ube3b/Dab2ip/Adgre5/Adgrl2/Zmynd8/Iqsec1/Pick1/Ntng2",32
"GO:0051656","establishment of organelle localization","36/694","500/28928",0.072,3.0011757925072,7.07688791713643,6.19464869970806e-09,2.25175480234388e-06,1.79155761078399e-06,"Mapt/Picalm/Snhg15/Abraxas1/Ap3d1/Map2/Rab11a/Kifc5b/Racgap1/Zfp207/Unc13a/Snap25/Clasp2/Exoc1/Synj1/Rab3gap1/Ap3s1/Eml4/Nlrp4f/Trim46/Cdc42bpa/Mlh1/Crocc/Dctn1/Spry1/Becn1/Mapk8/Stk25/Dlg1/Myo19/Fes/Map1b/Scrib/Hdac3/Ap3b1/Dnm2",36
"GO:0032535","regulation of cellular component size","32/694","411/28928",0.0778588807785888,3.24539150311674,7.18797066182356,6.8321836189143e-09,2.25828002400449e-06,1.79674925532537e-06,"Slc12a6/Mapt/Picalm/Ttc3/Map2/Rab11a/Cttn/Clasp2/Pecam1/Nckap1l/Smurf1/Fchsd2/Ssh3/Kdm6a/Cyrib/Bin1/Kcnma1/Trim46/Tmod2/Rtn4/Kank3/Ntrk3/Carmil2/Vill/Dlg1/Ist1/Arhgap4/Map1b/Gba2/Sh3bp1/Dnm2/Arhgap5",32
"GO:0050807","regulation of synapse organization","31/694","390/28928",0.0794871794871795,3.31326387349442,7.2109243602611,7.24803308942292e-09,2.25828002400449e-06,1.79674925532537e-06,"Dock4/Picalm/Afdn/Agrn/Sema4a/Cask/Snap25/Nrg1/Dip2a/Carmil3/Camk2b/Elavl2/Grin1/Mark2/Rtn4/Dctn1/Xlr3b/Dmpk/Mycbp2/Ntrk3/Adgrl1/Nfatc4/Map1b/Ube2v2/Ube3b/Dab2ip/Adgre5/Adgrl2/Zmynd8/Iqsec1/Ntng2",31
"GO:0008380","RNA splicing","34/694","464/28928",0.0732758620689655,3.05435754745106,6.99410720238898,1.06135506107835e-08,2.99562875527082e-06,2.38340404115155e-06,"Arvcf/Mettl16/Mbnl2/Sf3b1/Ddx46/Mbnl1/Srpk2/Srrm1/Elavl4/Tia1/Yju2b/Srek1/U2af1/Luc7l2/Clasrp/Puf60/Prpf40a/Wdr83/Prpf39/Srsf6/Rsrp1/Trrap/Celf6/Srrm4/Syncrip/Prpf4b/Celf5/Clk4/Arglu1/Zfp638/Luc7l3/Zcrb1/Thoc5/Hnrnpa2b1",34
"GO:0048638","regulation of developmental growth","31/694","397/28928",0.0780856423173804,3.2548436036847,7.09248472042889,1.09880926373987e-08,2.99562875527082e-06,2.38340404115155e-06,"Mapt/Picalm/Spag9/Ttc3/Afdn/Map2/Ncor1/Stk3/Hsf1/Agrn/Cttn/Unc13a/Clasp2/Nrg1/Smurf1/Gnas/Rnf157/Tcf7l2/Rims2/Trim46/Rtn4/Alms1/Mycbp2/Ntrk3/Dlg1/Ist1/Arhgap4/Map1b/Htra2/Hdac3/Dnm2",31
"GO:0007264","small GTPase-mediated signal transduction","33/694","444/28928",0.0743243243243243,3.09806059661967,6.98480444781708,1.23951557771555e-08,3.18045114705602e-06,2.53045378311342e-06,"Dock4/Rasa4/Picalm/Arhgef11/Auts2/Arhgap12/Rasa2/Dock9/Racgap1/Agrn/Psd2/Rapgef1/Ralgps1/Pecam1/Nrg1/Chn1/Cyrib/Rab3gap1/Abca1/Cdc42bpa/Rtn4/Spry1/Sipa1l2/Rapgef6/Map4k4/Arfgap1/Src/Dab2ip/Sh3bp1/Mapkap1/Iqsec1/Dnm2/Arhgap5",33
"GO:0110053","regulation of actin filament organization","25/694","284/28928",0.0880281690140845,3.6692779153306,7.08730884660097,2.85525069369192e-08,6.91922418104676e-06,5.50512370590776e-06,"Mtss1/Cttn/Ppfia1/Gmfb/Clasp2/Pecam1/Nckap1l/Carmil3/Fchsd2/Ssh3/Cyrib/Bin1/Limch1/Tmod2/Alms1/Kank3/Carmil2/Vill/Dlg1/Pxn/Arfip1/Nf2/Gba2/Sh3bp1/Pick1",25
"GO:0051963","regulation of synapse assembly","21/694","208/28928",0.100961538461538,4.20837951673687,7.28065433634283,3.52346790179611e-08,8.08914051980769e-06,6.43594109264364e-06,"Dock4/Afdn/Agrn/Sema4a/Snap25/Nrg1/Carmil3/Elavl2/Grin1/Rtn4/Xlr3b/Mycbp2/Ntrk3/Adgrl1/Map1b/Ube2v2/Ube3b/Adgre5/Adgrl2/Iqsec1/Ntng2",21
"GO:0022411","cellular component disassembly","31/694","433/28928",0.0715935334872979,2.98423305002962,6.52225124684269,7.98261888578681e-08,1.7410091789901e-05,1.38519444560206e-05,"Zfp598/Gigyf2/Map2/Camsap1/Ufsp2/Hsf1/Asph/Clasp2/Nrg1/Synj1/Tmem39a/Exog/Cdk5rap3/Nes/Eml4/Pym1/Tmod2/Dctn1/Klc1/Arhgef1/Becn1/Carmil2/Vill/Map1b/Map4k4/Mical3/Mical1/Rubcn/Sh3bp1/Camsap2/Iqsec1",31
"GO:0099072","regulation of postsynaptic membrane neurotransmitter receptor levels","18/694","166/28928",0.108433734939759,4.51984306100483,7.13038583783811,1.12488399570569e-07,2.26911557749594e-05,1.80537031757623e-05,"Adam22/Rab11a/Inpp4a/Tnik/Ppfia1/Erbin/Nbea/Nrg1/Synj1/Dlg3/Epb41l1/Zdhhc2/Hpca/Sh3glb2/Dlg1/Scrib/Iqsec1/Pick1",18
"GO:0031113","regulation of microtubule polymerization","11/694","58/28928",0.189655172413793,7.90539600516744,8.2532390027674,1.14444160258851e-07,2.26911557749594e-05,1.80537031757623e-05,"Mapt/Map2/Camsap1/Clasp2/Inpp5j/Dctn1/Mapk8/Fes/Map1b/Gba2/Camsap2",11
"GO:0006376","mRNA splice site recognition","8/694","27/28928",0.296296296296296,12.3505176646387,9.25095021649803,1.56342050415272e-07,2.8960718485797e-05,2.30419384752704e-05,"Mbnl1/Luc7l2/Puf60/Prpf39/Srsf6/Celf6/Celf5/Luc7l3",8
"GO:0031346","positive regulation of cell projection organization","32/694","471/28928",0.0679405520169851,2.83196583392989,6.28461234678718,1.62871188127224e-07,2.8960718485797e-05,2.30419384752704e-05,"Mapt/Picalm/Dixdc1/Auts2/Afdn/Agrn/Dzip1/Elavl4/Rapgef1/Tnik/Cask/Nrg1/Smurf1/Kidins220/Camk2b/Kctd17/Grin1/Hdac4/Mark2/Crocc/Xlr3b/Ntrk3/Stk25/Carmil2/Fes/Ist1/Map1b/Ube2v2/Src/Dab2ip/Zmynd8/Dnm2",32
"GO:0051261","protein depolymerization","16/694","135/28928",0.118518518518519,4.94020706585548,7.19428600447853,1.65983026626531e-07,2.8960718485797e-05,2.30419384752704e-05,"Map2/Camsap1/Asph/Clasp2/Synj1/Nes/Eml4/Tmod2/Arhgef1/Carmil2/Vill/Map1b/Mical3/Mical1/Sh3bp1/Camsap2",16
"GO:0000375","RNA splicing, via transesterification reactions","25/694","315/28928",0.0793650793650794,3.3081743744568,6.45784210771883,2.1186954777344e-07,3.30062488352766e-05,2.62606728950764e-05,"Mettl16/Mbnl2/Sf3b1/Ddx46/Mbnl1/Srpk2/Srrm1/Tia1/Yju2b/U2af1/Luc7l2/Puf60/Prpf40a/Wdr83/Prpf39/Srsf6/Rsrp1/Celf6/Srrm4/Prpf4b/Celf5/Arglu1/Luc7l3/Zcrb1/Hnrnpa2b1",25
"GO:0000377","RNA splicing, via transesterification reactions with bulged adenosine as nucleophile","25/694","315/28928",0.0793650793650794,3.3081743744568,6.45784210771883,2.1186954777344e-07,3.30062488352766e-05,2.62606728950764e-05,"Mettl16/Mbnl2/Sf3b1/Ddx46/Mbnl1/Srpk2/Srrm1/Tia1/Yju2b/U2af1/Luc7l2/Puf60/Prpf40a/Wdr83/Prpf39/Srsf6/Rsrp1/Celf6/Srrm4/Prpf4b/Celf5/Arglu1/Luc7l3/Zcrb1/Hnrnpa2b1",25
"GO:0000398","mRNA splicing, via spliceosome","25/694","315/28928",0.0793650793650794,3.3081743744568,6.45784210771883,2.1186954777344e-07,3.30062488352766e-05,2.62606728950764e-05,"Mettl16/Mbnl2/Sf3b1/Ddx46/Mbnl1/Srpk2/Srrm1/Tia1/Yju2b/U2af1/Luc7l2/Puf60/Prpf40a/Wdr83/Prpf39/Srsf6/Rsrp1/Celf6/Srrm4/Prpf4b/Celf5/Arglu1/Luc7l3/Zcrb1/Hnrnpa2b1",25
"GO:0001558","regulation of cell growth","31/694","456/28928",0.0679824561403509,2.83371252338339,6.18799440981277,2.50511935666025e-07,3.76804504612139e-05,2.99795953499414e-05,"Mapt/Picalm/Cep43/Spag9/Ttc3/Afdn/Map2/Smarca2/Cttn/St7l/Unc13a/Clasp2/Nrg1/Smurf1/Rnf157/Bap1/Cyp27b1/Ppt1/Hdgfl2/Rims2/Trim46/Rtn4/Ntrk3/Ist1/Arhgap4/Map1b/Bltp1/Nf2/Dab2ip/Mapkap1/Dnm2",31
"GO:1903311","regulation of mRNA metabolic process","25/694","320/28928",0.078125,3.25648414985591,6.36368619581147,2.85203656698703e-07,4.14686116839914e-05,3.29935598644079e-05,"Arid5a/Mettl16/Gigyf2/Mbnl2/Mov10/Mbnl1/Srpk2/Srrm1/Elavl4/Tia1/Cnot2/Tnrc6a/Puf60/Srsf6/Celf6/Srrm4/Mlh1/Syncrip/Samd4/Celf5/Arglu1/Fastkd3/Eif4enif1/Tnrc6c/Hnrnpa2b1",25
"GO:0060155","platelet dense granule organization","7/694","21/28928",0.333333333333333,13.8943323727185,9.2672787139815,3.85015914746785e-07,5.4175465165338e-05,4.31034794879508e-05,"Ap3d1/Hps1/Hps5/Ap3s1/Abca1/Hps3/Ap3b1",7
"GO:0007416","synapse assembly","24/694","304/28928",0.0789473684210526,3.29076293038071,6.29501841178195,4.06657767336697e-07,5.54325369100835e-05,4.41036400956937e-05,"Dock4/Mapt/Afdn/Agrn/Sema4a/Cadm1/Snap25/Nrg1/Carmil3/Zdhhc2/Elavl2/Grin1/Rtn4/Xlr3b/Mycbp2/Ntrk3/Adgrl1/Map1b/Ube2v2/Ube3b/Adgre5/Adgrl2/Iqsec1/Ntng2",24
"GO:0046785","microtubule polymerization","13/694","95/28928",0.136842105263158,5.70398907932656,7.19993240737213,4.47584720536775e-07,5.91625621509519e-05,4.70713500353986e-05,"Mapt/Map2/Camsap1/Zfp207/Clasp2/Inpp5j/Dctn1/Mapk8/Fes/Map1b/Gba2/Camsap2/Tubgcp4",13
"GO:1990138","neuron projection extension","19/694","202/28928",0.0940594059405941,3.92067794675721,6.53080935113537,4.73227843695587e-07,6.07123486529457e-05,4.83044024973484e-05,"Mapt/Picalm/Spag9/Ttc3/Auts2/Afdn/Map2/Cttn/Unc13a/Clasp2/Smurf1/Rnf157/Rims2/Trim46/Rtn4/Ntrk3/Arhgap4/Map1b/Dnm2",19
"GO:0032984","protein-containing complex disassembly","22/694","265/28928",0.0830188679245283,3.46047523245065,6.30850338860309,5.26710426018057e-07,6.51284758004605e-05,5.18179938497836e-05,"Map2/Camsap1/Asph/Clasp2/Nrg1/Synj1/Tmem39a/Nes/Eml4/Pym1/Tmod2/Klc1/Arhgef1/Becn1/Carmil2/Vill/Map1b/Mical3/Mical1/Rubcn/Sh3bp1/Camsap2",22
"GO:1902414","protein localization to cell junction","16/694","147/28928",0.108843537414966,4.53692485639789,6.7402621600549,5.37511492163361e-07,6.51284758004605e-05,5.18179938497836e-05,"Adam22/Mapt/Afdn/Rab11a/Tnik/Nbea/Pecam1/Dlg3/Epb41l1/Zdhhc2/Grin1/Klc1/Mapk8/Dlg1/Mapk8ip3/Scrib",16
"GO:0051648","vesicle localization","20/694","225/28928",0.0888888888888889,3.70515529939161,6.38653128314855,5.88402547975446e-07,6.9367889574835e-05,5.51909872169287e-05,"Picalm/Ap3d1/Map2/Rab11a/Ctbp1/Unc13a/Snap25/Clasp2/Exoc1/Synj1/Rab3gap1/Ap3s1/Tcf7l2/Trim46/Dctn1/Mapk8/Myo19/Scrib/Ap3b1/Dnm2",20
"GO:0070507","regulation of microtubule cytoskeleton organization","17/694","167/28928",0.101796407185629,4.24317934735716,6.58980309749869,6.22739653087066e-07,7.14839570201521e-05,5.6874588261165e-05,"Mapt/Dixdc1/Map2/Camsap1/Cep97/Agrn/Clasp2/Phldb1/Inpp5j/Eml4/Mark2/Dctn1/Mapk8/Fes/Map1b/Gba2/Camsap2",17
"GO:1990778","protein localization to cell periphery","28/694","409/28928",0.0684596577017115,2.85360371469036,5.91911293633347,8.26870679741985e-07,9.24823052572958e-05,7.35814475333151e-05,"Adam22/Picalm/Atp2c1/Afdn/Rab11a/Ank3/Tnik/Ppfia1/Cask/Clasp2/Nbea/Sorbs1/Smurf1/C2cd5/Wdr59/Camk2b/Epb41l1/Zdhhc2/Epb41l3/Grin1/Camk2g/Tesc/Dlg1/Bbip1/Atp1b3/Rapgef6/Scrib/Hycc2",28
"GO:0099003","vesicle-mediated transport in synapse","24/694","317/28928",0.0757097791798107,3.15581050736825,6.05088535620489,8.63402289886148e-07,9.41540197120844e-05,7.49115092040692e-05,"Picalm/Ap3d1/Rab11a/Ctbp1/Cask/Unc13a/Snap25/Nrg1/Synj1/Hpca/Bin1/Rab3gap1/Ap3s1/Mff/Syt7/Rims2/Sh3glb2/Aak1/Bltp1/Scrib/Trim9/Iqsec1/Dnm2/Pick1",24
"GO:0032956","regulation of actin cytoskeleton organization","26/694","366/28928",0.0710382513661202,2.9610872269728,5.9195456510604,1.02172927750277e-06,0.000108702027035783,8.64863011020961e-05,"Dixdc1/Mtss1/Cttn/Ppfia1/Gmfb/Clasp2/Pecam1/Nckap1l/Carmil3/Fchsd2/Ssh3/Cyrib/Bin1/Limch1/Tmod2/Alms1/Kank3/Carmil2/Vill/Dlg1/Pxn/Arfip1/Nf2/Gba2/Sh3bp1/Pick1",26
"GO:0032970","regulation of actin filament-based process","28/694","416/28928",0.0673076923076923,2.80558634449124,5.81562391137981,1.15499995538954e-06,0.000119954995366885,9.54394699979775e-05,"Dixdc1/Mtss1/Cttn/Ppfia1/Gmfb/Clasp2/Pecam1/Nckap1l/Carmil3/Fchsd2/Ssh3/Cyrib/Bin1/Limch1/Scn5a/Tmod2/Alms1/Kank3/Myh7b/Carmil2/Vill/Dlg1/Pxn/Arfip1/Nf2/Gba2/Sh3bp1/Pick1",28
"GO:0051962","positive regulation of nervous system development","27/694","397/28928",0.0680100755667506,2.83486378385441,5.77146163476246,1.46836588128907e-06,0.000148953766841463,0.000118511684470259,"Mapt/Picalm/Dixdc1/Afdn/Agrn/Sema4a/Tnik/Rnf112/Cask/Nrg1/Smurf1/Synj1/Tenm4/Camk2b/Bin1/Rtn4/Xlr3b/Ntrk3/Mapk8/Stk25/Adgrl1/Ist1/Map1b/Ube2v2/Adgre5/Adgrl2/Iqsec1",27
"GO:0050770","regulation of axonogenesis","17/694","178/28928",0.0955056179775281,3.98096039892497,6.25449876480739,1.52284272773897e-06,0.000150969090418123,0.000120115130941516,"Mapt/Picalm/Dixdc1/Ttc3/Map2/Brsk2/Chn1/Smurf1/Grin1/Trim46/Mark2/Rtn4/Ntrk3/Stk25/Ist1/Arhgap4/Map1b",17
"GO:0006887","exocytosis","27/694","399/28928",0.0676691729323308,2.82065394032632,5.74137358095244,1.61539230064595e-06,0.000156585360342614,0.000124583588660344,"Rab11a/Pla2g6/Cask/Unc13a/Snap25/Clasp2/Brsk2/Cacna1g/Nckap1l/Exoc1/Synj1/Epb41l1/Cbarp/Vps11/Pik3c2a/Septin2/Rab3gap1/Syt7/Rims2/Tnfaip2/Tpcn2/Fes/Scrib/Mical3/Kcnq2/Mical1/Trim9",27
"GO:0051494","negative regulation of cytoskeleton organization","17/694","180/28928",0.0944444444444444,3.93672750560359,6.19642665081938,1.77753955150081e-06,0.000168557120079273,0.000134108647626961,"Map2/Camsap1/Ppfia1/Gmfb/Clasp2/Pecam1/Ssh3/Cyrib/Inpp5j/Eml4/Tmod2/Kank3/Carmil2/Vill/Map1b/Camsap2/Pick1",17
"GO:0060560","developmental growth involved in morphogenesis","22/694","286/28928",0.0769230769230769,3.20638439370428,5.87905808683312,1.88648869349744e-06,0.000170995323588269,0.000136048548920225,"Mapt/Picalm/Spag9/Ttc3/Auts2/Afdn/Map2/Cttn/Cadm1/Unc13a/Clasp2/Smurf1/Rnf157/Rims2/Trim46/Rtn4/Spry1/Ntrk3/Ist1/Arhgap4/Map1b/Dnm2",22
"GO:1902904","negative regulation of supramolecular fiber organization","17/694","181/28928",0.0939226519337017,3.91497762988202,6.16770334831693,1.91878224281127e-06,0.000170995323588269,0.000136048548920225,"Map2/Camsap1/Ppfia1/Gmfb/Clasp2/Pecam1/Ssh3/Cyrib/Inpp5j/Eml4/Tmod2/Kank3/Carmil2/Vill/Map1b/Camsap2/Pick1",17
"GO:0030100","regulation of endocytosis","25/694","355/28928",0.0704225352112676,2.93542233226448,5.7525080051869,1.92085530853397e-06,0.000170995323588269,0.000136048548920225,"Picalm/Ank3/Rapgef1/Il15/Nrg1/Nckap1l/Synj1/Hpca/Bin1/Mff/Ppt1/Syt7/Pacsin2/Tfr2/Alms1/Aak1/Lyar/Scrib/Rubcn/Arfgap1/Tnk2/Src/Iqsec1/Dnm2/Pick1",25
"GO:0140238","presynaptic endocytosis","12/694","92/28928",0.130434782608696,5.43691266758552,6.68270843850498,2.08102199138639e-06,0.000180846352820483,0.000143886296785427,"Picalm/Ap3d1/Ctbp1/Synj1/Bin1/Ap3s1/Mff/Syt7/Aak1/Bltp1/Scrib/Dnm2",12
"GO:0031109","microtubule polymerization or depolymerization","15/694","144/28928",0.104166666666667,4.34197886647454,6.30310584549953,2.11443466158748e-06,0.000180846352820483,0.000143886296785427,"Mapt/Map2/Camsap1/Zfp207/Clasp2/Inpp5j/Eml4/Dctn1/Arhgef1/Mapk8/Fes/Map1b/Gba2/Camsap2/Tubgcp4",15
"GO:0051650","establishment of vesicle localization","18/694","203/28928",0.0886699507389163,3.69602930111725,6.04349039228984,2.2117948553211e-06,0.000185535560748281,0.000147617158663839,"Picalm/Ap3d1/Map2/Rab11a/Unc13a/Snap25/Clasp2/Exoc1/Synj1/Rab3gap1/Ap3s1/Trim46/Dctn1/Mapk8/Myo19/Scrib/Ap3b1/Dnm2",18
"GO:0008154","actin polymerization or depolymerization","18/694","204/28928",0.0882352941176471,3.6779115104255,6.01774907089019,2.37255308476343e-06,0.000195265595391285,0.000155358639929792,"Mtss1/Cttn/Pecam1/Nckap1l/Fchsd2/Ssh3/Cyrib/Bin1/Tmod2/Kank3/Carmil2/Vill/Dlg1/Mical3/Mical1/Catip/Gba2/Sh3bp1",18
"GO:1902115","regulation of organelle assembly","20/694","247/28928",0.0809716599190283,3.37514146705713,5.87741073263875,2.52068243851526e-06,0.000201917018309714,0.000160650693638149,"Rab11a/Cep97/Marchf7/Hsf1/Dzip1/Cnot2/Odf2l/Tmem39a/Vps11/Rab3gap1/Rabep2/Kctd17/Alms1/Crocc/Becn1/Mapk8/Nf2/Src/Dnm2/Rab3gap2",20
"GO:0099173","postsynapse organization","23/694","314/28928",0.0732484076433121,3.05321316470567,5.73528238188419,2.54595048304316e-06,0.000201917018309714,0.000160650693638149,"Dock4/Afdn/Arhgap39/Agrn/Cttn/Cadm1/Cask/Sorbs1/Dip2a/Carmil3/Camk2b/Zdhhc2/Grin1/Mark2/Rtn4/Xlr3b/Ntrk3/Dlg1/Map1b/Ube3b/Zmynd8/Pick1/Ntng2",23
"GO:0072659","protein localization to plasma membrane","23/694","315/28928",0.073015873015873,3.04352042450025,5.71738963544593,2.68574111248734e-06,0.000209200048797674,0.000166445271576518,"Picalm/Atp2c1/Afdn/Rab11a/Ank3/Tnik/Ppfia1/Cask/Clasp2/Sorbs1/Smurf1/C2cd5/Wdr59/Camk2b/Zdhhc2/Epb41l3/Camk2g/Tesc/Dlg1/Atp1b3/Rapgef6/Scrib/Hycc2",23
"GO:0140694","non-membrane-bounded organelle assembly","28/694","435/28928",0.064367816091954,2.68304349266289,5.54518584916392,2.7440103177333e-06,0.000209808092616983,0.000166929047843383,"Snhg15/Abraxas1/Ncor1/Rab11a/Kifc5b/Prrc2c/Racgap1/Cep97/Hsf1/Tia1/Cnot2/Zfp207/Tnrc6a/Clasp2/Flnc/Tmod2/Mettl17/Alms1/Mlh1/Becn1/Mapk8/Cenpt/Kif2a/Eif4enif1/Src/Hdac3/Kif15/Tubgcp4",28
"GO:0019228","neuronal action potential","10/694","64/28928",0.15625,6.51296829971182,6.92217304915473,2.78974538555365e-06,0.000209808092616983,0.000166929047843383,"Scn9a/Ank3/Scn8a/Cacna1g/Pmp22/Kcnma1/P2rx4/Scn5a/P2rx3/Kcnq2",10
"GO:0035418","protein localization to synapse","13/694","112/28928",0.116071428571429,4.83820502264306,6.3806593746222,3.00233114467008e-06,0.000220633355358477,0.000175541922492555,"Adam22/Mapt/Rab11a/Tnik/Nbea/Dlg3/Epb41l1/Zdhhc2/Grin1/Klc1/Dlg1/Mapk8ip3/Scrib",13
"GO:0031503","protein-containing complex localization","21/694","272/28928",0.0772058823529412,3.21817257162231,5.76258343395514,3.03484670369294e-06,0.000220633355358477,0.000175541922492555,"Adam22/Ap3d1/Rab11a/Dzip1/Tnik/Nbea/Nrg1/Synj1/Dlg3/Epb41l1/Zdhhc2/Hpca/Tnfaip2/Sh3glb2/Lca5/Dlg1/Dnmt3b/Scrib/Ift172/Iqsec1/Pick1",21
"GO:1905475","regulation of protein localization to membrane","19/694","230/28928",0.0826086956521739,3.44337802280416,5.83275847625251,3.33443233196392e-06,0.000238439243147978,0.000189708773054099,"Picalm/Atp2c1/Rab11a/Ank3/Agrn/Tnik/Ppfia1/Clasp2/Nbea/Sorbs1/C2cd5/Camk2b/Epb41l1/Zdhhc2/Hpca/Mff/Camk2g/Dlg1/Zmynd8",19
"GO:0048489","synaptic vesicle transport","9/694","52/28928",0.173076923076923,7.21436488583463,7.0319396201475,3.65860563874441e-06,0.000257400609616179,0.000204794954005778,"Picalm/Ap3d1/Map2/Synj1/Rab3gap1/Ap3s1/Trim46/Ap3b1/Dnm2",9
"GO:1903232","melanosome assembly","6/694","19/28928",0.315789473684211,13.1630517215228,8.31472801094718,3.87724731788047e-06,0.000268453219057057,0.000213588711897275,"Ap3d1/Hps1/Hps5/Ap3s1/Hps3/Ap3b1",6
"GO:0097479","synaptic vesicle localization","10/694","67/28928",0.149253731343284,6.22134285345606,6.70824867232151,4.2816884113672e-06,0.000291823825787246,0.000232183004807199,"Picalm/Ap3d1/Map2/Ctbp1/Synj1/Rab3gap1/Ap3s1/Trim46/Ap3b1/Dnm2",10
"GO:0031110","regulation of microtubule polymerization or depolymerization","12/694","99/28928",0.121212121212121,5.05248449917038,6.33241542911694,4.55162135536513e-06,0.000305448805416965,0.000243023410666216,"Mapt/Map2/Camsap1/Clasp2/Inpp5j/Eml4/Dctn1/Mapk8/Fes/Map1b/Gba2/Camsap2",12
"GO:0051225","spindle assembly","14/694","135/28928",0.103703703703704,4.32268118262355,6.06676713430611,4.84343741678268e-06,0.000320107182000092,0.000254686015360965,"Snhg15/Abraxas1/Ncor1/Rab11a/Kifc5b/Racgap1/Cep97/Zfp207/Clasp2/Mlh1/Kif2a/Hdac3/Kif15/Tubgcp4",14
"GO:1901879","regulation of protein depolymerization","12/694","100/28928",0.12,5.00195965417867,6.28507807691727,5.06085144563107e-06,0.000329484089639444,0.000262146539139759,"Map2/Camsap1/Asph/Clasp2/Nes/Eml4/Tmod2/Carmil2/Vill/Map1b/Sh3bp1/Camsap2",12
"GO:0044782","cilium organization","28/694","450/28928",0.0622222222222222,2.59360870957413,5.34168699862738,5.21829067229391e-06,0.000334737998713912,0.000266326692671099,"Cfap65/Rab11a/Rfx3/Cntrl/Cep97/Marchf7/Dzip1/Iqcb1/Cep128/Odf2l/Fam161a/Vdac3/Septin2/Rabep2/Kctd17/Cfap410/Alms1/Crocc/Dctn1/Lca5/Cep89/Bbip1/Ttc12/Cfap221/Catip/Ift172/Dnm2/Cdc14b",28
"GO:0061387","regulation of extent of cell growth","13/694","119/28928",0.109243697478992,4.55360472719347,6.09009034965297,5.92104104326676e-06,0.000370785711119898,0.00029500723703813,"Mapt/Ttc3/Map2/Cttn/Clasp2/Smurf1/Trim46/Rtn4/Ntrk3/Ist1/Arhgap4/Map1b/Dnm2",13
"GO:0016197","endosomal transport","21/694","284/28928",0.073943661971831,3.0821934488777,5.52851689432938,5.95025212709603e-06,0.000370785711119898,0.00029500723703813,"Picalm/Spag9/Ap3d1/Rab11a/Vps26a/Vti1a/Snap25/Zdhhc2/Vps11/Dennd1b/Abca1/Alms1/Dctn1/Becn1/Snx32/Arfip1/Bltp1/Scrib/Nf2/Src/Slc66a2",21
"GO:0030516","regulation of axon extension","12/694","102/28928",0.117647058823529,4.90388201390066,6.19226888300197,6.23156214536955e-06,0.000382846113776084,0.000304602822732149,"Mapt/Ttc3/Map2/Cttn/Clasp2/Smurf1/Trim46/Rtn4/Ntrk3/Arhgap4/Map1b/Dnm2",12
"GO:0048488","synaptic vesicle endocytosis","11/694","86/28928",0.127906976744186,5.3315461430199,6.30702732266588,6.69661853058002e-06,0.000405703472644306,0.000322788761627519,"Picalm/Ap3d1/Ctbp1/Synj1/Bin1/Ap3s1/Mff/Syt7/Bltp1/Scrib/Dnm2",11
"GO:0043244","regulation of protein-containing complex disassembly","14/694","139/28928",0.100719424460432,4.19828747952647,5.92593435212026,6.81656179510807e-06,0.000407312911647416,0.000324069275248324,"Map2/Camsap1/Asph/Clasp2/Tmem39a/Nes/Eml4/Tmod2/Carmil2/Vill/Map1b/Rubcn/Sh3bp1/Camsap2",14
"GO:0097484","dendrite extension","8/694","44/28928",0.181818181818182,7.57872674875557,6.8467543440133,8.709575071769e-06,0.000513394141392653,0.000408470398458355,"Picalm/Spag9/Auts2/Afdn/Unc13a/Smurf1/Rnf157/Rims2",8
"GO:0046578","regulation of Ras protein signal transduction","9/694","58/28928",0.155172413793103,6.46805127695518,6.53534337992022,9.31670408050755e-06,0.000541859509322319,0.000431118222504328,"Rasa4/Picalm/Rasa2/Rapgef1/Nrg1/Spry1/Src/Dab2ip/Mapkap1",9
"GO:0060271","cilium assembly","26/694","415/28928",0.0626506024096386,2.61146487969168,5.18404382200208,9.96771019795884e-06,0.000572094103730216,0.000455173691449727,"Cfap65/Rab11a/Rfx3/Cntrl/Cep97/Marchf7/Dzip1/Iqcb1/Cep128/Odf2l/Fam161a/Vdac3/Septin2/Rabep2/Kctd17/Cfap410/Alms1/Crocc/Dctn1/Cep89/Bbip1/Ttc12/Cfap221/Ift172/Dnm2/Cdc14b",26
"GO:1903859","regulation of dendrite extension","7/694","33/28928",0.212121212121212,8.84184787354816,7.06657969865706,1.10111758528846e-05,0.000623775961951723,0.000496293189158722,"Picalm/Spag9/Afdn/Unc13a/Smurf1/Rnf157/Rims2",7
"GO:0043242","negative regulation of protein-containing complex disassembly","11/694","93/28928",0.118279569892473,4.93024697096464,5.95177583671703,1.43414476735811e-05,0.00080201788143796,0.000638107327662577,"Map2/Camsap1/Clasp2/Tmem39a/Eml4/Tmod2/Carmil2/Vill/Map1b/Rubcn/Camsap2",11
"GO:0090307","mitotic spindle assembly","10/694","77/28928",0.12987012987013,5.41337624911112,6.07968542411848,1.52747545268944e-05,0.000843398471472324,0.000671030855098881,"Snhg15/Abraxas1/Rab11a/Kifc5b/Racgap1/Cep97/Zfp207/Clasp2/Kif2a/Kif15",10
"GO:0008088","axo-dendritic transport","11/694","94/28928",0.117021276595745,4.87779753510332,5.90393867581822,1.58946123341511e-05,0.000866653737519587,0.000689533379811791,"Mapt/Ap3d1/Map2/Ank3/Ap3s1/Atg16l1/Trim46/Klc1/Kif2a/Mapk8ip3/Ap3b1",11
"GO:0016482","cytosolic transport","13/694","131/28928",0.099236641221374,4.13648063004598,5.64091898307389,1.69380937477429e-05,0.000912147715156227,0.000725729630751244,"Spag9/Map2/Vps26a/Vti1a/Dop1a/Syt7/Trim46/Tpcn2/Dctn1/Mapk8/Snx32/Arfip1/Slc66a2",13
"GO:0048675","axon extension","13/694","132/28928",0.0984848484848485,4.10514365557593,5.60593177535962,1.83825979668539e-05,0.000977864540627035,0.000778015731665179,"Mapt/Ttc3/Auts2/Map2/Cttn/Clasp2/Smurf1/Trim46/Rtn4/Ntrk3/Arhgap4/Map1b/Dnm2",13
"GO:0000381","regulation of alternative mRNA splicing, via spliceosome","9/694","63/28928",0.142857142857143,5.95471387402223,6.17231812047725,1.86133732631077e-05,0.000978211255104528,0.000778291587171416,"Mbnl2/Mbnl1/Tia1/Puf60/Srsf6/Celf6/Srrm4/Celf5/Arglu1",9
"GO:0010632","regulation of epithelial cell migration","10/694","79/28928",0.126582278481013,5.27632874913362,5.96711594405535,1.92167337446687e-05,0.000978898928071041,0.000778838718562277,"Rab11a/Clasp2/Rtn4/Map4k4/Scrib/Src/Dab2ip/Iqsec1/Arhgap5/Sash1",10
"GO:0006814","sodium ion transport","19/694","260/28928",0.0730769230769231,3.04606517401906,5.19580289119437,1.92487717340493e-05,0.000978898928071041,0.000778838718562277,"Slc8a1/Scn9a/Ank3/Slc9b2/Agrn/Scn8a/Cacna1g/Gnas/Slc38a3/P2rx4/Slc41a3/Scn5a/Grin1/Tpcn2/Tesc/Dmpk/Fxyd7/Atp1b3/Kcnq2",19
"GO:0016358","dendrite development","22/694","331/28928",0.0664652567975831,2.77047110755113,5.07911248298581,1.92997037629779e-05,0.000978898928071041,0.000778838718562277,"Picalm/Afdn/Map2/Sult4a1/Elavl4/Tnik/Cask/D16Ertd472e/Dip2a/Kidins220/Camk2b/Grin1/Xlr3b/Mapk8/Nfatc4/Map1b/Dab2ip/Zmynd8/Camsap2/Iqsec1/Actl6b/Nsmf",22
"GO:0048588","developmental cell growth","20/694","285/28928",0.0701754385964912,2.92512260478285,5.12055222449791,2.10843621428937e-05,0.00105638701600549,0.000840490357337315,"Mapt/Picalm/Spag9/Ttc3/Auts2/Afdn/Map2/Cttn/Unc13a/Clasp2/Smurf1/Rnf157/Rims2/Trim46/Rtn4/Ntrk3/Ist1/Arhgap4/Map1b/Dnm2",20
"GO:0032273","positive regulation of protein polymerization","11/694","97/28928",0.11340206185567,4.7269378175228,5.76439043271059,2.14610566003718e-05,0.00105638701600549,0.000840490357337315,"Mapt/Cttn/Nckap1l/Fchsd2/Bin1/Dctn1/Mapk8/Carmil2/Dlg1/Fes/Map1b",11
"GO:0008361","regulation of cell size","17/694","217/28928",0.0783410138248848,3.26548825349606,5.25185527651123,2.15539762550409e-05,0.00105638701600549,0.000840490357337315,"Slc12a6/Mapt/Ttc3/Map2/Cttn/Clasp2/Smurf1/Kdm6a/Kcnma1/Trim46/Rtn4/Ntrk3/Ist1/Arhgap4/Map1b/Dnm2/Arhgap5",17
"GO:0031334","positive regulation of protein-containing complex assembly","17/694","219/28928",0.0776255707762557,3.23566644296185,5.20673243701549,2.42482213833934e-05,0.0011674801775877,0.000928879110380718,"Mapt/Cttn/Nrg1/Nckap1l/Fchsd2/Psmc6/Bin1/Trim65/Abca1/Dctn1/Mapk8/Carmil2/Dlg1/Fes/Map1b/Src/Dab2ip",17
"GO:0030041","actin filament polymerization","15/694","176/28928",0.0852272727272727,3.55252816347917,5.3252263765711,2.4421401188825e-05,0.0011674801775877,0.000928879110380718,"Mtss1/Cttn/Pecam1/Nckap1l/Fchsd2/Ssh3/Cyrib/Bin1/Tmod2/Kank3/Carmil2/Vill/Dlg1/Catip/Gba2",15
"GO:0006302","double-strand break repair","21/694","312/28928",0.0673076923076923,2.80558634449124,5.02731760276765,2.46236075969896e-05,0.0011674801775877,0.000928879110380718,"Recql4/Mcm7/Abraxas1/Rad51ap1/Smarca2/Hsf1/Actr5/Mbtd1/Iffo1/Hdgfl2/Trrap/Mlh1/Helq/Paxx/Rad54b/Kmt5b/Ube2v2/Dclre1c/Hmces/Zmynd8/Actl6b",21
"GO:0007163","establishment or maintenance of cell polarity","18/694","243/28928",0.0740740740740741,3.08762941615968,5.12358971592177,2.64424364614109e-05,0.00124023556822231,0.000986765285945352,"Map2/Ank3/Clasp2/Brsk2/Nckap1l/Dlg3/Cyrib/Mark2/Dctn1/Spry1/Stk25/Carmil2/Dlg1/Map1b/Scrib/Kcnq2/Hdac3/Sh3bp1",18
"GO:0036465","synaptic vesicle recycling","11/694","100/28928",0.11,4.58512968299712,5.6304465613447,2.86395609075647e-05,0.00132899749658295,0.00105738670002509,"Picalm/Ap3d1/Ctbp1/Synj1/Bin1/Ap3s1/Mff/Syt7/Bltp1/Scrib/Dnm2",11
"GO:0051495","positive regulation of cytoskeleton organization","16/694","201/28928",0.0796019900497512,3.31804952184323,5.17036054896871,3.07461107967957e-05,0.00140315614327998,0.00111638934443256,"Mapt/Mtss1/Cttn/Nckap1l/Fchsd2/Bin1/Nes/Limch1/Dctn1/Mapk8/Carmil2/Dlg1/Fes/Pxn/Map1b/Nf2",16
"GO:0007528","neuromuscular junction development","9/694","67/28928",0.134328358208955,5.59920856811046,5.90894634516004,3.08810155329843e-05,0.00140315614327998,0.00111638934443256,"Ank3/Agrn/Unc13a/Sorbs1/Pmp22/Col4a1/Dctn1/Mycbp2/Ppfibp2",9
"GO:0043954","cellular component maintenance","11/694","102/28928",0.107843137254902,4.49522517940894,5.54406461068055,3.45018863157066e-05,0.00155083507472084,0.00123388673504539,"Afdn/Mtss1/Cttn/Cadm1/Rims2/Epb41l3/Grin1/Dlg1/Zmynd8/Pick1/Plekha7",11
"GO:0051058","negative regulation of small GTPase mediated signal transduction","9/694","68/28928",0.132352941176471,5.51686726563824,5.84640435549287,3.48422368919399e-05,0.00155083507472084,0.00123388673504539,"Rasa4/Arhgap12/Rasa2/Rapgef1/Cyrib/Spry1/Dab2ip/Sh3bp1/Mapkap1",9
"GO:0000289","nuclear-transcribed mRNA poly(A) tail shortening","6/694","27/28928",0.222222222222222,9.26288824847903,6.73445653226066,3.59147194634247e-05,0.00156660006299458,0.00124642979022012,"Cnot2/Tnrc6a/Mlh1/Samd4/Eif4enif1/Tnrc6c",6
"GO:0046580","negative regulation of Ras protein signal transduction","6/694","27/28928",0.222222222222222,9.26288824847903,6.73445653226066,3.59147194634247e-05,0.00156660006299458,0.00124642979022012,"Rasa4/Rasa2/Rapgef1/Spry1/Dab2ip/Mapkap1",6
"GO:0007051","spindle organization","16/694","204/28928",0.0784313725490196,3.26925467593377,5.09942362342806,3.68165438920097e-05,0.00159003727185095,0.00126507707360037,"Snhg15/Abraxas1/Ncor1/Rab11a/Kifc5b/Racgap1/Cep97/Zfp207/Clasp2/Mlh1/Dctn1/Dlg1/Kif2a/Hdac3/Kif15/Tubgcp4",16
"GO:0035725","sodium ion transmembrane transport","15/694","184/28928",0.0815217391304348,3.39807041724095,5.11614057369935,4.10114403599791e-05,0.00175200986478621,0.00139394689162387,"Slc8a1/Scn9a/Ank3/Slc9b2/Agrn/Scn8a/Cacna1g/Slc41a3/Scn5a/Grin1/Tpcn2/Tesc/Fxyd7/Atp1b3/Kcnq2",15
"GO:0050779","RNA destabilization","11/694","104/28928",0.105769230769231,4.40877854134338,5.45988581481458,4.13702466925675e-05,0.00175200986478621,0.00139394689162387,"Mettl16/Gigyf2/Mov10/Zc3h18/Cnot2/Tnrc6a/Mlh1/Syncrip/Samd4/Eif4enif1/Tnrc6c",11
"GO:0048024","regulation of mRNA splicing, via spliceosome","12/694","123/28928",0.0975609756097561,4.06663386518591,5.34349947554244,4.20273038395743e-05,0.00176272210911753,0.00140246984573964,"Mettl16/Mbnl2/Mbnl1/Srrm1/Tia1/Puf60/Srsf6/Celf6/Srrm4/Celf5/Arglu1/Hnrnpa2b1",12
"GO:0035459","vesicle cargo loading","6/694","28/28928",0.214285714285714,8.93207081103335,6.58357677813427,4.4785876142145e-05,0.00185739843718124,0.00147779691773126,"Picalm/Ap3d1/Ap3s1/Sec24c/Ap3b1/Sec31b",6
"GO:0000819","sister chromatid segregation","17/694","230/28928",0.0739130434782609,3.08091717829846,4.96750285744574,4.51362297893653e-05,0.00185739843718124,0.00147779691773126,"Snhg15/Abraxas1/Smarca2/Rab11a/Kifc5b/Racgap1/Cep97/Zfp207/Clasp2/Eml4/Smc2/Prpf4b/Becn1/Kif2a/Anapc5/Kif15/Actl6b",17
"GO:0032886","regulation of microtubule-based process","19/694","280/28928",0.0678571428571429,2.82848909016056,4.82024888595649,5.30385392249993e-05,0.00216218792616306,0.00172029575823731,"Mapt/Dixdc1/Map2/Camsap1/Cep97/Agrn/Clasp2/Phldb1/Inpp5j/Eml4/Trim46/Mark2/Alms1/Dctn1/Mapk8/Fes/Map1b/Gba2/Camsap2",19
"GO:0050767","regulation of neurogenesis","27/694","485/28928",0.0556701030927835,2.32049674678392,4.59796575191894,5.3743427867535e-05,0.00216919112589508,0.00172586769518475,"Mapt/Picalm/Dixdc1/Ttc3/Hltf/Afdn/Map2/Tnik/Rnf112/Cask/Nrg1/Smurf1/Synj1/Tenm4/Camk2b/Bin1/Trim46/Rtn4/Xlr3b/Ntrk3/Mapk8/Stk25/Nfatc4/Ist1/Arhgap4/Map1b/Nf2",27
"GO:0010634","positive regulation of epithelial cell migration","8/694","56/28928",0.142857142857143,5.95471387402223,5.81861184365213,5.4204913508153e-05,0.00216919112589508,0.00172586769518475,"Rab11a/Clasp2/Rtn4/Map4k4/Scrib/Src/Iqsec1/Arhgap5",8
"GO:0034315","regulation of Arp2/3 complex-mediated actin nucleation","6/694","29/28928",0.206896551724138,8.62406836927358,6.44005537232717,5.53284457557473e-05,0.00217401612185474,0.00172970659372935,"Gmfb/Carmil3/Fchsd2/Carmil2/Arfip1/Pick1",6
"GO:1903861","positive regulation of dendrite extension","6/694","29/28928",0.206896551724138,8.62406836927358,6.44005537232717,5.53284457557473e-05,0.00217401612185474,0.00172970659372935,"Picalm/Afdn/Unc13a/Smurf1/Rnf157/Rims2",6
"GO:1902905","positive regulation of supramolecular fiber organization","15/694","189/28928",0.0793650793650794,3.3081743744568,4.99124535312697,5.58206798825609e-05,0.00217401612185474,0.00172970659372935,"Mapt/Mtss1/Cttn/Nckap1l/Fchsd2/Bin1/Limch1/Dctn1/Mapk8/Carmil2/Dlg1/Fes/Pxn/Map1b/Nf2",15
"GO:0008064","regulation of actin polymerization or depolymerization","14/694","168/28928",0.0833333333333333,3.47358309317963,5.04117683232281,5.77892275384968e-05,0.00221042705134954,0.00175867612353084,"Cttn/Pecam1/Nckap1l/Fchsd2/Ssh3/Cyrib/Bin1/Tmod2/Kank3/Carmil2/Vill/Dlg1/Gba2/Sh3bp1",14
"GO:0140014","mitotic nuclear division","19/694","282/28928",0.0673758865248227,2.80842888384736,4.7845293503894,5.83490979556578e-05,0.00221042705134954,0.00175867612353084,"Snhg15/Abraxas1/Rab11a/Kifc5b/Racgap1/Cep97/Zfp207/Clasp2/Ppp2r2d/Nfia/Eml4/Smc2/Prpf4b/Tom1l2/Becn1/Kif2a/Anapc5/Kif15/Cdc14b",19
"GO:0030705","cytoskeleton-dependent intracellular transport","16/694","212/28928",0.0754716981132075,3.14588657495514,4.91652156838747,5.84730999837179e-05,0.00221042705134954,0.00175867612353084,"Dync1i2/Mapt/Ap3d1/Map2/Ank3/Ap3s1/Atg16l1/Trim46/Klc1/Lca5/Myo19/Kif2a/Mapk8ip3/Map1b/Ift172/Ap3b1",16
"GO:0000070","mitotic sister chromatid segregation","15/694","190/28928",0.0789473684210526,3.29076293038071,4.96676834725391,5.92893088051114e-05,0.00221042705134954,0.00175867612353084,"Snhg15/Abraxas1/Rab11a/Kifc5b/Racgap1/Cep97/Zfp207/Clasp2/Eml4/Smc2/Prpf4b/Becn1/Kif2a/Anapc5/Kif15",15
"GO:0010970","transport along microtubule","15/694","190/28928",0.0789473684210526,3.29076293038071,4.96676834725391,5.92893088051114e-05,0.00221042705134954,0.00175867612353084,"Dync1i2/Mapt/Ap3d1/Map2/Ank3/Ap3s1/Atg16l1/Trim46/Klc1/Lca5/Kif2a/Mapk8ip3/Map1b/Ift172/Ap3b1",15
"GO:0002028","regulation of sodium ion transport","10/694","90/28928",0.111111111111111,4.63144412423951,5.40957666481621,6.02659162088008e-05,0.00222779598731177,0.0017724953232865,"Slc8a1/Ank3/Agrn/Gnas/P2rx4/Scn5a/Tesc/Dmpk/Fxyd7/Atp1b3",10
"GO:0030833","regulation of actin filament polymerization","13/694","148/28928",0.0878378378378378,3.66134434145961,5.08899191228096,6.14167467479341e-05,0.00225125923793688,0.0017911633262091,"Cttn/Pecam1/Nckap1l/Fchsd2/Ssh3/Cyrib/Bin1/Tmod2/Kank3/Carmil2/Vill/Dlg1/Gba2",13
"GO:0031333","negative regulation of protein-containing complex assembly","14/694","170/28928",0.0823529411764706,3.43271740973046,4.98748970236471,6.57240862031746e-05,0.00236710028454089,0.00188332962622923,"Map2/Hsf1/Tmc8/Pecam1/Ssh3/Cyrib/Inpp5j/Tmod2/Kank3/Aida/Carmil2/Vill/Src/Trim9",14
"GO:0050684","regulation of mRNA processing","13/694","149/28928",0.087248322147651,3.63677156064445,5.05909713916939,6.58371952676393e-05,0.00236710028454089,0.00188332962622923,"Mettl16/Mbnl2/Mbnl1/Srpk2/Srrm1/Tia1/Puf60/Srsf6/Celf6/Srrm4/Celf5/Arglu1/Hnrnpa2b1",13
"GO:0016050","vesicle organization","23/694","385/28928",0.0597402597402597,2.49015307459111,4.61484019899618,6.6205005665747e-05,0.00236710028454089,0.00188332962622923,"Picalm/Ap3d1/Rab11a/Vti1a/Unc13a/Snap25/Ubr4/C2cd5/Synj1/Hps1/Vps11/Hps5/Zdhhc20/Ap3s1/Syt7/Sec24c/Rims2/Abca1/Hps3/Trim9/Ap3b1/Sec31b/Dnm2",23
"GO:0030866","cortical actin cytoskeleton organization","7/694","43/28928",0.162790697674419,6.78560418202533,5.95239835601109,6.74645090283261e-05,0.00239252185676064,0.00190355572328961,"Racgap1/Nckap1l/Epb41l1/Fmnl2/Epb41l3/Dlg1/Fmnl3",7
"GO:0030832","regulation of actin filament length","14/694","171/28928",0.0818713450292398,3.41264303891333,4.96094674771319,7.00360988505821e-05,0.00246368921924386,0.00196017842029176,"Cttn/Pecam1/Nckap1l/Fchsd2/Ssh3/Cyrib/Bin1/Tmod2/Kank3/Carmil2/Vill/Dlg1/Gba2/Sh3bp1",14
"GO:0071826","protein-RNA complex organization","15/694","193/28928",0.077720207253886,3.23961117498619,4.8943036194835,7.08542314061704e-05,0.00247252925914972,0.00196721179744121,"Sf3b1/Ddx46/Mbnl1/Srpk2/Luc7l2/Puf60/Prpf39/Srsf6/Rsrp1/Celf6/Mettl17/Prpf4b/Klc1/Celf5/Luc7l3",15
"GO:0043484","regulation of RNA splicing","15/694","194/28928",0.077319587628866,3.222912148311,4.87046412075057,7.51249876019422e-05,0.002600755523172,0.00206923211464999,"Mettl16/Mbnl2/Mbnl1/Srrm1/Tia1/Puf60/Srsf6/Trrap/Celf6/Srrm4/Celf5/Clk4/Arglu1/Zfp638/Hnrnpa2b1",15
"GO:0000280","nuclear division","26/694","468/28928",0.0555555555555556,2.31572206211976,4.49898829773241,7.59594767939989e-05,0.00260893888012144,0.00207574301690687,"Snhg15/Abraxas1/Rad51ap1/Ubr2/Rab11a/Kifc5b/Racgap1/Cep97/Hsf1/Zfp207/Clasp2/Ppp2r2d/Camk2b/Nfia/Eml4/Smc2/Msh5/Mlh1/Prpf4b/Tom1l2/Becn1/Rad54b/Kif2a/Anapc5/Kif15/Cdc14b",26
"GO:0033059","cellular pigmentation","8/694","59/28928",0.135593220338983,5.65193181263127,5.60775077002371,7.94426242453541e-05,0.00270725567936121,0.00215396654717872,"Ap3d1/Rab11a/Hps1/Hps5/Ap3s1/Dctn1/Hps3/Ap3b1",8
"GO:1903539","protein localization to postsynaptic membrane","9/694","76/28928",0.118421052631579,4.93614439557106,5.38685250085897,8.49747486788752e-05,0.00287333219951359,0.0022861015617646,"Adam22/Rab11a/Tnik/Nbea/Epb41l1/Zdhhc2/Grin1/Dlg1/Scrib",9
"GO:0060491","regulation of cell projection assembly","16/694","219/28928",0.0730593607305936,3.04533312278762,4.76345760274142,8.59079337109794e-05,0.00288254159113302,0.00229342880522347,"Auts2/Rab11a/Cep97/Marchf7/Agrn/Dzip1/Cttn/Odf2l/Rabep2/Kctd17/Hdac4/Crocc/Carmil2/Src/Zmynd8/Dnm2",16
"GO:1902117","positive regulation of organelle assembly","10/694","94/28928",0.106382978723404,4.43436139554847,5.22880807632867,8.74271764843192e-05,0.00291112476201985,0.00231617035651909,"Hsf1/Dzip1/Cnot2/Rab3gap1/Kctd17/Crocc/Becn1/Mapk8/Src/Rab3gap2",10
"GO:0099111","microtubule-based transport","17/694","243/28928",0.0699588477366255,2.91609444859525,4.70259794940852,8.91797264508624e-05,0.00294698459680804,0.00234470142032291,"Dync1i2/Mapt/Ap3d1/Map2/Rfx3/Ank3/Ap3s1/Atg16l1/Trim46/Klc1/Lca5/Kif2a/Mapk8ip3/Map1b/Cfap221/Ift172/Ap3b1",17
"GO:0048791","calcium ion-regulated exocytosis of neurotransmitter","5/694","20/28928",0.25,10.4207492795389,6.60749203726093,9.00373157112325e-05,0.00295295316640899,0.00234945017728479,"Unc13a/Snap25/Rab3gap1/Syt7/Rims2",5
"GO:0032365","intracellular lipid transport","7/694","45/28928",0.155555555555556,6.48402177393532,5.77204229902099,9.11450994213104e-05,0.00296697704235639,0.00236060795594706,"Gramd1a/Serac1/Gramd1b/Syt7/Abca1/Tpcn2/Abcd4",7
"GO:0016185","synaptic vesicle budding from presynaptic endocytic zone membrane","4/694","11/28928",0.363636363636364,15.1574534975111,7.36292025302687,9.47475966474436e-05,0.00306140012278629,0.00243573353720563,"Picalm/Ap3d1/Ap3s1/Dnm2",4
"GO:0019226","transmission of nerve impulse","11/694","114/28928",0.0964912280701754,4.02204358157642,5.06870015402051,9.61941424934229e-05,0.00308528565850229,0.00245473752167814,"Scn9a/Ank3/Scn8a/Cacna1g/Pmp22/Kcnma1/P2rx4/Scn5a/P2rx3/Ntrk3/Kcnq2",11
"GO:0045911","positive regulation of DNA recombination","9/694","78/28928",0.115384615384615,4.80957659055642,5.28197485992533,0.000104249891732986,0.00331925567692908,0.00264089045750022,"Rad51ap1/Mbtd1/Hdgfl2/Trrap/Mlh1/Helq/Kmt5b/Cd40/Hmces",9
"GO:0000209","protein polyubiquitination","18/694","271/28928",0.0664206642066421,2.76861235471144,4.58613849729788,0.000108491395256281,0.00342927149353551,0.00272842204546118,"Ttc3/Zfp598/Ubr2/Cbfb/Marchf7/Skp1/Ubr4/Smurf1/Wsb1/Trim65/Huwe1/Mycbp2/Anapc5/Ube2v2/Ube3b/Syvn1/Nmi/Sash1",18
"GO:0062237","protein localization to postsynapse","9/694","79/28928",0.113924050632911,4.74869587422026,5.23086606122276,0.000115182726331484,0.00358876465898523,0.00285531916326994,"Adam22/Rab11a/Tnik/Nbea/Epb41l1/Zdhhc2/Grin1/Dlg1/Scrib",9
"GO:1902017","regulation of cilium assembly","9/694","79/28928",0.113924050632911,4.74869587422026,5.23086606122276,0.000115182726331484,0.00358876465898523,0.00285531916326994,"Rab11a/Cep97/Marchf7/Dzip1/Odf2l/Rabep2/Kctd17/Crocc/Dnm2",9
"GO:0031032","actomyosin structure organization","16/694","225/28928",0.0711111111111111,2.96412423951329,4.63705019170733,0.000117812343484943,0.00364340282418825,0.0028987907795431,"Racgap1/Ppfia1/Clasp2/Sorbs1/Epb41l1/Flnc/Limch1/Epb41l3/Tmod2/Cdc42bpa/Alms1/Kank3/Pxn/Nf2/Src/Dnm2",16
"GO:0034405","response to fluid shear stress","6/694","33/28928",0.181818181818182,7.57872674875557,5.92833444813226,0.000118903908720986,0.00364340282418825,0.0028987907795431,"Mtss1/Hdac5/P2rx4/Abca1/Src/Hdac3",6
"GO:0045739","positive regulation of DNA repair","12/694","137/28928",0.0875912408759124,3.65106544100633,4.87638048958781,0.00011989743129607,0.00364340282418825,0.0028987907795431,"Abraxas1/Rad51ap1/Smarca2/Actr5/Mbtd1/Hdgfl2/Trrap/Tmem161a/Helq/Kmt5b/Ube2v2/Actl6b",12
"GO:0016236","macroautophagy","20/694","323/28928",0.0619195046439628,2.58099053363193,4.47976035999355,0.00012027739722217,0.00364340282418825,0.0028987907795431,"Arhgap26/Cttn/Vti1a/Acbd5/Smurf1/Vps13c/Tmem39a/Pik3c2a/Cdk5rap3/Rab3gap1/Atg16l2/Tafazzin/Atg16l1/Huwe1/Becn1/Atg4c/Pafah1b2/Htra2/Rubcn/Rab3gap2",20
"GO:0007265","Ras protein signal transduction","11/694","118/28928",0.0932203389830508,3.885703121184,4.92454660101093,0.000131232028289325,0.00392078155752078,0.00311948087433239,"Rasa4/Picalm/Rasa2/Rapgef1/Ralgps1/Nrg1/Spry1/Rapgef6/Src/Dab2ip/Mapkap1",11
"GO:0043473","pigmentation","11/694","118/28928",0.0932203389830508,3.885703121184,4.92454660101093,0.000131232028289325,0.00392078155752078,0.00311948087433239,"Recql4/Ap3d1/Rab11a/Hps1/Hps5/Ap3s1/Tpcn2/Dctn1/Or51e2/Hps3/Ap3b1",11
"GO:0061157","mRNA destabilization","10/694","99/28928",0.101010101010101,4.21040374930865,5.01657939468462,0.000135362522250654,0.00401667566025411,0.00319577684110567,"Mettl16/Gigyf2/Mov10/Cnot2/Tnrc6a/Mlh1/Syncrip/Samd4/Eif4enif1/Tnrc6c",10
"GO:0007059","chromosome segregation","24/694","433/28928",0.0554272517321016,2.31037397421648,4.30725024312848,0.00014660922882997,0.00424563470285466,0.00337794290772263,"Snhg15/Abraxas1/Smarca2/Ncor1/Rab11a/Kifc5b/Racgap1/Cep97/Zfp207/Clasp2/Eml4/Smc2/Msh5/Mlh1/Prpf4b/Becn1/Cenpt/Kif2a/Anapc5/Rad18/Hdac3/Kif15/Tubgcp4/Actl6b",24
"GO:0048490","anterograde synaptic vesicle transport","5/694","22/28928",0.227272727272727,9.47340843594446,6.23333847259925,0.000146971765275345,0.00424563470285466,0.00337794290772263,"Ap3d1/Map2/Ap3s1/Trim46/Ap3b1",5
"GO:0099514","synaptic vesicle cytoskeletal transport","5/694","22/28928",0.227272727272727,9.47340843594446,6.23333847259925,0.000146971765275345,0.00424563470285466,0.00337794290772263,"Ap3d1/Map2/Ap3s1/Trim46/Ap3b1",5
"GO:0099517","synaptic vesicle transport along microtubule","5/694","22/28928",0.227272727272727,9.47340843594446,6.23333847259925,0.000146971765275345,0.00424563470285466,0.00337794290772263,"Ap3d1/Map2/Ap3s1/Trim46/Ap3b1",5
"GO:0001508","action potential","14/694","184/28928",0.0760869565217391,3.17153238942488,4.63283516812704,0.000152987306250324,0.00436163810368571,0.0034702383811993,"Scn9a/Ank3/Scn8a/Cacna1g/Pmp22/Bin1/Kcnma1/P2rx4/Scn5a/Kcnab2/P2rx3/Ntrk3/Dlg1/Kcnq2",14
"GO:0022618","protein-RNA complex assembly","14/694","184/28928",0.0760869565217391,3.17153238942488,4.63283516812704,0.000152987306250324,0.00436163810368571,0.0034702383811993,"Sf3b1/Ddx46/Mbnl1/Srpk2/Luc7l2/Puf60/Prpf39/Srsf6/Rsrp1/Celf6/Mettl17/Prpf4b/Celf5/Luc7l3",14
"GO:0072583","clathrin-dependent endocytosis","7/694","49/28928",0.142857142857143,5.95471387402223,5.44215331288566,0.000158805064274076,0.00448623635704062,0.00356937215404882,"Picalm/Slc9b2/Fchsd2/Scyl2/Aak1/Tnk2/Dnm2",7
"GO:0010171","body morphogenesis","8/694","65/28928",0.123076923076923,5.13021502992685,5.22641430938223,0.000159414634420288,0.00448623635704062,0.00356937215404882,"Asph/Clasp2/Gnas/Ssbp3/Phldb1/Rab3gap1/Tcf7l2/Gatad2a",8
"GO:0032366","intracellular sterol transport","6/694","35/28928",0.171428571428571,7.14565664882668,5.70362841879436,0.000167303880172105,0.00467807388019695,0.00372200332609603,"Gramd1a/Serac1/Gramd1b/Syt7/Abca1/Tpcn2",6
"GO:1901880","negative regulation of protein depolymerization","9/694","83/28928",0.108433734939759,4.51984306100483,5.03468498547824,0.000168990822968224,0.0046951463043783,0.00373558661298179,"Map2/Camsap1/Clasp2/Eml4/Tmod2/Carmil2/Vill/Map1b/Camsap2",9
"GO:0050769","positive regulation of neurogenesis","20/694","332/28928",0.0602409638554217,2.51102392278046,4.34143162674982,0.000173554730725107,0.00476982264757965,0.00379500115086515,"Mapt/Picalm/Dixdc1/Afdn/Tnik/Rnf112/Cask/Nrg1/Smurf1/Synj1/Tenm4/Camk2b/Bin1/Rtn4/Xlr3b/Ntrk3/Mapk8/Stk25/Ist1/Map1b",20
"GO:1902850","microtubule cytoskeleton organization involved in mitosis","13/694","164/28928",0.0792682926829268,3.30414001546356,4.63928847430773,0.000173865612325806,0.00476982264757965,0.00379500115086515,"Snhg15/Abraxas1/Rab11a/Kifc5b/Racgap1/Cep97/Zfp207/Clasp2/Dctn1/Spry1/Kif2a/Hdac3/Kif15",13
"GO:0031122","cytoplasmic microtubule organization","8/694","66/28928",0.121212121212121,5.05248449917038,5.16743885898777,0.000177636243086359,0.00484280807714185,0.0038530703516824,"Rab11a/Camsap1/Slk/Dctn1/Dlg1/Ift172/Camsap2/Tubgcp4",8
"GO:0000380","alternative mRNA splicing, via spliceosome","9/694","84/28928",0.107142857142857,4.46603540551667,4.98758284086515,0.000185300085709365,0.00495876671082362,0.00394533020719262,"Mbnl2/Mbnl1/Tia1/Puf60/Srsf6/Celf6/Srrm4/Celf5/Arglu1",9
"GO:0032272","negative regulation of protein polymerization","9/694","84/28928",0.107142857142857,4.46603540551667,4.98758284086515,0.000185300085709365,0.00495876671082362,0.00394533020719262,"Map2/Pecam1/Ssh3/Cyrib/Inpp5j/Tmod2/Kank3/Carmil2/Vill",9
"GO:0051965","positive regulation of synapse assembly","9/694","84/28928",0.107142857142857,4.46603540551667,4.98758284086515,0.000185300085709365,0.00495876671082362,0.00394533020719262,"Agrn/Sema4a/Xlr3b/Ntrk3/Adgrl1/Ube2v2/Adgre5/Adgrl2/Iqsec1",9
"GO:1905477","positive regulation of protein localization to membrane","11/694","123/28928",0.0894308943089431,3.72774770975375,4.75300250934835,0.000189801171210407,0.00504824822451094,0.00401652414300841,"Atp2c1/Rab11a/Ank3/Agrn/Clasp2/Sorbs1/C2cd5/Zdhhc2/Hpca/Mff/Dlg1",11
"GO:0032252","secretory granule localization","6/694","36/28928",0.166666666666667,6.94716618635927,5.59780479269163,0.00019672198023519,0.00519160479869317,0.00413058254815304,"Map2/Unc13a/Snap25/Tcf7l2/Trim46/Mapk8",6
"GO:0035332","positive regulation of hippo signaling","4/694","13/28928",0.307692307692308,12.8255375748171,6.68615127039096,0.000197571388487636,0.00519160479869317,0.00413058254815304,"Stk3/Tial1/Prpf4b/Map4k4",4
"GO:0031111","negative regulation of microtubule polymerization or depolymerization","7/694","51/28928",0.137254901960784,5.72119568288411,5.2906164846061,0.000205353111668469,0.00530029747395185,0.0042170614087259,"Map2/Camsap1/Clasp2/Inpp5j/Eml4/Map1b/Camsap2",7
"GO:0098884","postsynaptic neurotransmitter receptor internalization","7/694","51/28928",0.137254901960784,5.72119568288411,5.2906164846061,0.000205353111668469,0.00530029747395185,0.0042170614087259,"Nrg1/Synj1/Hpca/Sh3glb2/Scrib/Iqsec1/Pick1",7
"GO:0140239","postsynaptic endocytosis","7/694","51/28928",0.137254901960784,5.72119568288411,5.2906164846061,0.000205353111668469,0.00530029747395185,0.0042170614087259,"Nrg1/Synj1/Hpca/Sh3glb2/Scrib/Iqsec1/Pick1",7
"GO:0031647","regulation of protein stability","21/694","363/28928",0.0578512396694215,2.41141305642223,4.24263388987213,0.000210157634505489,0.0053676627417323,0.0042706590553564,"Rad23a/Ncor1/Stk3/Usp48/Marchf7/Asph/Zfp207/Tmc8/Usp40/Ubr4/Fbxl3/Rab3gap1/Rtn4/Tesc/Aak1/Mapk8ip3/Atp1b3/Nf2/Src/Hdac3/Syvn1",21
"GO:0099504","synaptic vesicle cycle","17/694","261/28928",0.0651340996168582,2.71498448662316,4.36349571831496,0.000210424192763921,0.0053676627417323,0.0042706590553564,"Picalm/Ap3d1/Ctbp1/Cask/Unc13a/Snap25/Synj1/Bin1/Rab3gap1/Ap3s1/Mff/Syt7/Rims2/Bltp1/Scrib/Trim9/Dnm2",17
"GO:0006898","receptor-mediated endocytosis","18/694","286/28928",0.0629370629370629,2.62340541303077,4.32567178634895,0.000211877100988609,0.00537330182855996,0.00427514566682647,"Picalm/Slc9b2/Cttn/Nrg1/Synj1/Fchsd2/Hpca/Ppt1/Tfr2/Scyl2/Tpcn2/Sh3glb2/Aak1/Scrib/Tnk2/Iqsec1/Dnm2/Pick1",18
"GO:0043487","regulation of RNA stability","14/694","190/28928",0.0736842105263158,3.07137873502199,4.49110564861999,0.000213801250634899,0.00539075754491,0.00428903391142843,"Arid5a/Mettl16/Gigyf2/Mov10/Elavl4/Zc3h18/Cnot2/Tnrc6a/Mlh1/Syncrip/Samd4/Fastkd3/Eif4enif1/Tnrc6c",14
"GO:0051054","positive regulation of DNA metabolic process","19/694","312/28928",0.0608974358974359,2.53838764501589,4.28335277970205,0.000217858976478168,0.00543366957387591,0.00432317589349861,"Abraxas1/Rad51ap1/Smarca2/Hsf1/Actr5/Mbtd1/Hdgfl2/Trrap/Tmem161a/Mlh1/Helq/Mapk8/Kmt5b/Baz1a/Ube2v2/Cd40/Hmces/Actl6b/Hnrnpa2b1",19
"GO:0008360","regulation of cell shape","12/694","146/28928",0.0821917808219178,3.42599976313608,4.60735764358073,0.000218499461211632,0.00543366957387591,0.00432317589349861,"Sema4a/Prpf40a/Fmnl2/Epb41l3/Cfap410/Mark2/Fblim1/Dlg1/Fes/Pxn/Fmnl3/Nf2",12
"GO:0061014","positive regulation of mRNA catabolic process","10/694","105/28928",0.0952380952380952,3.96980924934815,4.77968022533991,0.000220485904304456,0.00543366957387591,0.00432317589349861,"Mettl16/Gigyf2/Mov10/Cnot2/Tnrc6a/Mlh1/Syncrip/Samd4/Eif4enif1/Tnrc6c",10
"GO:0150115","cell-substrate junction organization","10/694","105/28928",0.0952380952380952,3.96980924934815,4.77968022533991,0.000220485904304456,0.00543366957387591,0.00432317589349861,"Cttn/Slk/Clasp2/Sorbs1/Peak1/Limch1/Pxn/Map4k4/Src/Iqsec1",10
"GO:0000288","nuclear-transcribed mRNA catabolic process, deadenylation-dependent decay","7/694","52/28928",0.134615384615385,5.61117268898249,5.21782813251126,0.000232437456401853,0.0056043786298303,0.00445899668007204,"Cnot2/Tnrc6a/Mlh1/Syncrip/Samd4/Eif4enif1/Tnrc6c",7
"GO:0008089","anterograde axonal transport","7/694","52/28928",0.134615384615385,5.61117268898249,5.21782813251126,0.000232437456401853,0.0056043786298303,0.00445899668007204,"Ap3d1/Map2/Ank3/Ap3s1/Trim46/Mapk8ip3/Ap3b1",7
"GO:0006937","regulation of muscle contraction","13/694","169/28928",0.0769230769230769,3.20638439370428,4.51006568169719,0.000233891685539094,0.0056043786298303,0.00445899668007204,"Dock4/Slc8a1/Agrn/Cttn/Bin1/Kcnma1/Cald1/P2rx4/Scn5a/Hdac4/Dmpk/Myh7b/Dlg1",13
"GO:0007034","vacuolar transport","13/694","169/28928",0.0769230769230769,3.20638439370428,4.51006568169719,0.000233891685539094,0.0056043786298303,0.00445899668007204,"Gprasp1/Ap3d1/Vti1a/Smurf1/Vps13c/Vps11/Bin1/Slc17a9/Ap3s1/Scyl2/Tpcn2/Becn1/Ap3b1",13
"GO:0007033","vacuole organization","16/694","239/28928",0.0669456066945607,2.79049353092255,4.35771907241665,0.000235096886302033,0.0056043786298303,0.00445899668007204,"Smurf1/Hps1/Tmem39a/Vps11/Pik3c2a/Rab3gap1/Ppt1/Syt7/Atg16l2/Atg16l1/Abca1/Tpcn2/Becn1/Atg4c/Ap3b1/Rab3gap2",16
"GO:0010959","regulation of metal ion transport","24/694","447/28928",0.0536912751677852,2.23801326808889,4.1356775620074,0.000235121799463307,0.0056043786298303,0.00445899668007204,"Slc8a1/Ank3/Agrn/Asph/Cask/Cacna1g/Gnas/Cbarp/Pik3c2a/Plcb4/Hpca/Plp1/Bin1/P2rx4/Scn5a/Grin1/Kcnab2/Tesc/Dmpk/Homer2/Dlg1/Tspan13/Fxyd7/Atp1b3",24
"GO:0048041","focal adhesion assembly","9/694","87/28928",0.103448275862069,4.31203418463679,4.85058933457589,0.000242276397046202,0.00574353067345398,0.0045697098458886,"Cttn/Slk/Clasp2/Sorbs1/Peak1/Limch1/Pxn/Map4k4/Src",9
"GO:0141188","nucleic acid catabolic process","20/694","341/28928",0.0586510263929619,2.4447505641147,4.20756660214405,0.000246587751405609,0.00581413930611496,0.00462588800218659,"Arid5a/Mettl16/Xrn1/Gigyf2/Mov10/Hsf1/Elavl4/Zc3h18/Cnot2/Tnrc6a/Exog/Pym1/Smg6/Mlh1/Syncrip/Samd4/Dnase1l1/Fastkd3/Eif4enif1/Tnrc6c",20
"GO:1903322","positive regulation of protein modification by small protein conjugation or removal","12/694","148/28928",0.0810810810810811,3.37970246903965,4.55043957668999,0.000247957081641066,0.00581499349525985,0.00462656761839613,"Marchf7/Skp1/Cdk5rap3/Dcun1d1/Hdac4/Huwe1/Mycbp2/Mapk8/Ube2v2/Hdac3/Nmi/Cdc14b",12
"GO:1901875","positive regulation of post-translational protein modification","12/694","149/28928",0.0805369127516778,3.35701990213334,4.52234574349462,0.000263909188476696,0.0060679768534545,0.00482784808654637,"Marchf7/Skp1/Cdk5rap3/Dcun1d1/Hdac4/Huwe1/Mycbp2/Mapk8/Ube2v2/Hdac3/Nmi/Cdc14b",12
"GO:0048813","dendrite morphogenesis","14/694","194/28928",0.0721649484536082,3.0080513384236,4.39969793851205,0.000265029535183989,0.0060679768534545,0.00482784808654637,"Picalm/Afdn/Sult4a1/Elavl4/Tnik/Cask/Dip2a/Kidins220/Camk2b/Grin1/Xlr3b/Mapk8/Nfatc4/Nsmf",14
"GO:0007026","negative regulation of microtubule depolymerization","6/694","38/28928",0.157894736842105,6.58152586076141,5.39779263622441,0.000267713446243993,0.0060679768534545,0.00482784808654637,"Map2/Camsap1/Clasp2/Eml4/Map1b/Camsap2",6
"GO:0035330","regulation of hippo signaling","6/694","38/28928",0.157894736842105,6.58152586076141,5.39779263622441,0.000267713446243993,0.0060679768534545,0.00482784808654637,"Stk3/Tial1/Prpf4b/Map4k4/Nf2/Src",6
"GO:0051125","regulation of actin nucleation","6/694","38/28928",0.157894736842105,6.58152586076141,5.39779263622441,0.000267713446243993,0.0060679768534545,0.00482784808654637,"Gmfb/Carmil3/Fchsd2/Carmil2/Arfip1/Pick1",6
"GO:0006303","double-strand break repair via nonhomologous end joining","8/694","70/28928",0.114285714285714,4.76377109921779,4.9429285915105,0.000268482240421073,0.0060679768534545,0.00482784808654637,"Hsf1/Iffo1/Mlh1/Helq/Paxx/Kmt5b/Dclre1c/Hmces",8
"GO:0098930","axonal transport","8/694","70/28928",0.114285714285714,4.76377109921779,4.9429285915105,0.000268482240421073,0.0060679768534545,0.00482784808654637,"Ap3d1/Map2/Ank3/Ap3s1/Atg16l1/Trim46/Mapk8ip3/Ap3b1",8
"GO:0070142","synaptic vesicle budding","4/694","14/28928",0.285714285714286,11.9094277480445,6.40113707991419,0.000271358988530697,0.00608173173597879,0.00483879184669564,"Picalm/Ap3d1/Ap3s1/Dnm2",4
"GO:0031345","negative regulation of cell projection organization","15/694","218/28928",0.0688073394495413,2.86809613198319,4.34066330146712,0.000271879341704691,0.00608173173597879,0.00483879184669564,"Dync1i2/Ttc3/Map2/Cep97/Marchf7/Pmp22/Odf2l/Inpp5j/Trim46/Rtn4/Dguok/Nfatc4/Arhgap4/Map4k4/Dnm2",15
"GO:0051402","neuron apoptotic process","22/694","398/28928",0.0552763819095477,2.30408526783775,4.10716231765194,0.000283232639525725,0.00630337129393475,0.00501513433145174,"Cpeb4/Casp7/Srpk2/Agrn/Casp8/Oxr1/Nes/Gmppa/Ppt1/Kcnma1/Grin1/Gfral/Hdac4/Mapk8/Nfatc4/Tmtc4/Kcnq2/Htra2/Ube2v2/Hdac3/Tyro3/Nsmf",22
"GO:0000423","mitophagy","9/694","89/28928",0.101123595505618,4.21513454003821,4.76265676263958,0.000287791043781558,0.00637230727398556,0.00506998167965694,"Arhgap26/Cttn/Smurf1/Vps13c/Tafazzin/Huwe1/Becn1/Atg4c/Htra2",9
"GO:0035329","hippo signaling","7/694","54/28928",0.12962962962963,5.40335147827943,5.07775782594374,0.000295228457185139,0.00650397237495747,0.00517473802944926,"Stk3/Tial1/Prpf4b/Tead3/Map4k4/Nf2/Src",7
"GO:0043087","regulation of GTPase activity","15/694","220/28928",0.0681818181818182,2.84202253078334,4.29981764384288,0.000299816436528243,0.00657185575947837,0.00522874790390699,"Dock9/Agrn/Rapgef1/Chn1/Rab3gap1/Dennd1b/Spry1/Ntrk3/Rapgef6/Map4k4/Scrib/Cd40/Dab2ip/Sh3bp1/Rab3gap2",15
"GO:0032438","melanosome organization","6/694","39/28928",0.153846153846154,6.41276878740856,5.30311143379456,0.000310026564292608,0.00671216148698714,0.00534037897212689,"Ap3d1/Hps1/Hps5/Ap3s1/Hps3/Ap3b1",6
"GO:0099149","regulation of postsynaptic neurotransmitter receptor internalization","6/694","39/28928",0.153846153846154,6.41276878740856,5.30311143379456,0.000310026564292608,0.00671216148698714,0.00534037897212689,"Nrg1/Synj1/Hpca/Scrib/Iqsec1/Pick1",6
"GO:0043488","regulation of mRNA stability","13/694","174/28928",0.0747126436781609,3.11424691112657,4.38557378860537,0.000310833704807749,0.00671216148698714,0.00534037897212689,"Arid5a/Mettl16/Gigyf2/Mov10/Elavl4/Cnot2/Tnrc6a/Mlh1/Syncrip/Samd4/Fastkd3/Eif4enif1/Tnrc6c",13
"GO:0050890","cognition","22/694","401/28928",0.0548628428927681,2.28684772219308,4.06833326030071,0.000313981290946851,0.00674673099069046,0.00536788341328373,"Paip2/Mapt/Picalm/Deaf1/Pla2g6/Ric8a/Elavl4/Gmfb/Snap25/Nrg1/Synj1/Gnas/Vdac3/Gmppa/Ppt1/Itga8/Grin1/Tmod2/Nsun5/Nfatc4/Kcnq2/Src",22
"GO:0010631","epithelial cell migration","10/694","110/28928",0.0909090909090909,3.78936337437778,4.5953092780224,0.000322147972667103,0.00688828165085246,0.00548050498391867,"Rab11a/Clasp2/Rtn4/Map4k4/Scrib/Src/Dab2ip/Iqsec1/Arhgap5/Sash1",10
"GO:0007254","JNK cascade","14/694","198/28928",0.0707070707070707,2.94728262451605,4.31061264585243,0.000326457944143007,0.00694638806025266,0.00552673602998456,"Dixdc1/Ncor1/Rnf13/Stk3/Rapgef1/Tnik/Aida/Becn1/Mapk8/Mapk8ip3/Map4k4/Dusp19/Dab2ip/Hdac3",14
"GO:0007052","mitotic spindle organization","11/694","131/28928",0.083969465648855,3.50009899465429,4.49639501784604,0.000329003787100993,0.0069665753365754,0.00554279757829318,"Snhg15/Abraxas1/Rab11a/Kifc5b/Racgap1/Cep97/Zfp207/Clasp2/Dctn1/Kif2a/Kif15",11
"GO:0045664","regulation of neuron differentiation","16/694","247/28928",0.0647773279352227,2.70011317364571,4.20701821431567,0.000339750675332242,0.00710930874183102,0.00565636017322253,"Spag9/Dixdc1/Ttc3/Brinp2/Six3os1/Rnf112/Tcf12/Zeb1/Bin1/Zfhx3/Rtn4/Mapk8/Dnmt3b/Mapk8ip3/Map1b/Eif4enif1",16
"GO:0006942","regulation of striated muscle contraction","9/694","91/28928",0.0989010989010989,4.12249422047693,4.67727094524425,0.000340159496016807,0.00710930874183102,0.00565636017322253,"Slc8a1/Agrn/Bin1/P2rx4/Scn5a/Hdac4/Dmpk/Myh7b/Dlg1",9
"GO:0090257","regulation of muscle system process","17/694","272/28928",0.0625,2.60518731988473,4.17011100772803,0.000340634004365585,0.00710930874183102,0.00565636017322253,"Dock4/Slc8a1/Gtf2ird2/Agrn/Cttn/Bin1/Kcnma1/Cald1/P2rx4/Scn5a/Hdac4/Camk2g/Dmpk/Akap1/Myh7b/Becn1/Dlg1",17
"GO:0048753","pigment granule organization","6/694","40/28928",0.15,6.25244956772334,5.21168762015357,0.000357406309322234,0.00742383962506469,0.00590660953300955,"Ap3d1/Hps1/Hps5/Ap3s1/Hps3/Ap3b1",6
"GO:0017157","regulation of exocytosis","15/694","225/28928",0.0666666666666667,2.77886647454371,4.19967991884703,0.00038069855614908,0.00787017583849426,0.00626172681278881,"Pla2g6/Cask/Clasp2/Cacna1g/Nckap1l/Epb41l1/Cbarp/Septin2/Rab3gap1/Syt7/Rims2/Tpcn2/Fes/Mical1/Trim9",15
"GO:0055117","regulation of cardiac muscle contraction","8/694","74/28928",0.108108108108108,4.50626995871953,4.73481946900359,0.000394190939000888,0.00811066450906543,0.00645306616626577,"Slc8a1/Agrn/Bin1/P2rx4/Scn5a/Hdac4/Myh7b/Dlg1",8
"GO:0090132","epithelium migration","10/694","113/28928",0.0884955752212389,3.68876080691643,4.48980321481259,0.000400063670767882,0.00815638998092449,0.00648944660033013,"Rab11a/Clasp2/Rtn4/Map4k4/Scrib/Src/Dab2ip/Iqsec1/Arhgap5/Sash1",10
"GO:2000781","positive regulation of double-strand break repair","9/694","93/28928",0.0967741935483871,4.03383843078925,4.59429811873709,0.000400153016028849,0.00815638998092449,0.00648944660033013,"Rad51ap1/Smarca2/Mbtd1/Hdgfl2/Trrap/Helq/Kmt5b/Ube2v2/Actl6b",9
"GO:0098813","nuclear chromosome segregation","19/694","328/28928",0.0579268292682927,2.41456385745414,4.03944491986442,0.000406761029121798,0.00825251911176411,0.00656592956188283,"Snhg15/Abraxas1/Smarca2/Rab11a/Kifc5b/Racgap1/Cep97/Zfp207/Clasp2/Eml4/Smc2/Msh5/Mlh1/Prpf4b/Becn1/Kif2a/Anapc5/Kif15/Actl6b",19
"GO:0030865","cortical cytoskeleton organization","7/694","57/28928",0.12280701754386,5.11896455836999,4.88022446093268,0.00041424697544665,0.0083269368981488,0.00662513838490229,"Racgap1/Nckap1l/Epb41l1/Fmnl2/Epb41l3/Dlg1/Fmnl3",7
"GO:0099590","neurotransmitter receptor internalization","7/694","57/28928",0.12280701754386,5.11896455836999,4.88022446093268,0.00041424697544665,0.0083269368981488,0.00662513838490229,"Nrg1/Synj1/Hpca/Sh3glb2/Scrib/Iqsec1/Pick1",7
"GO:0006936","muscle contraction","19/694","329/28928",0.0577507598784195,2.40722475758346,4.02467874441141,0.000422261591299133,0.00844910578553587,0.00672233928784762,"Dock4/Slc8a1/Pla2g6/Agrn/Cttn/Cacna1g/Bin1/Tafazzin/Kcnma1/Cald1/P2rx4/Scn5a/Tmod2/P2rx3/Hdac4/Tpcn2/Dmpk/Myh7b/Dlg1",19
"GO:0097581","lamellipodium organization","9/694","94/28928",0.0957446808510638,3.99092525599362,4.55367747683913,0.00043326516374533,0.00862969243953026,0.00686601896115526,"Auts2/Cttn/Pmp22/Ablim2/Hdac4/Carmil2/Pxn/Src/Dnm2",9
"GO:0045926","negative regulation of growth","16/694","253/28928",0.0632411067193676,2.63607886913237,4.09786843221353,0.000442604372126569,0.00876459061459704,0.00697334763298497,"Spag9/Ttc3/Map2/Smarca2/Stk3/St7l/Gnas/Cyp27b1/Tcf7l2/Ppt1/Trim46/Rtn4/Alms1/Arhgap4/Nf2/Dab2ip",16
"GO:0010038","response to metal ion","21/694","384/28928",0.0546875,2.27953890489914,3.95737238595137,0.00044405651669554,0.00876459061459704,0.00697334763298497,"Rasa4/Mapt/Uros/Ank3/Hsf1/Asph/Gipr/Cacna1g/Nudt1/Camk2b/Hpca/Cyp27b1/Kcnma1/Tfr2/P2rx4/Scn5a/Becn1/Mapk8/Nfatc4/Abcc6/Kcnq2",21
"GO:0043547","positive regulation of GTPase activity","12/694","158/28928",0.0759493670886076,3.16579724948017,4.27978190495793,0.000451052056116601,0.00886256337288564,0.00705129743488114,"Dock9/Agrn/Rapgef1/Chn1/Rab3gap1/Dennd1b/Ntrk3/Rapgef6/Map4k4/Scrib/Cd40/Sh3bp1",12
"GO:0008344","adult locomotory behavior","10/694","116/28928",0.0862068965517241,3.59336182053066,4.38783847812318,0.00049305296301644,0.00958156214117518,0.00762335248906938,"Adam22/Mapt/Gigyf2/Scn8a/Pmp22/Oxr1/Ppt1/Kcnma1/Grin1/Htra2",10
"GO:0048640","negative regulation of developmental growth","10/694","116/28928",0.0862068965517241,3.59336182053066,4.38783847812318,0.00049305296301644,0.00958156214117518,0.00762335248906938,"Spag9/Ttc3/Map2/Stk3/Gnas/Tcf7l2/Trim46/Rtn4/Alms1/Arhgap4",10
"GO:0090150","establishment of protein localization to membrane","17/694","281/28928",0.0604982206405694,2.5217471566144,4.01884551992398,0.000494234635892805,0.00958156214117518,0.00762335248906938,"Atp2c1/Emc8/Afdn/Rab11a/Tmem147/Ank3/C2cd5/Epb41l1/Zdhhc2/Hpca/Rab3gap1/Zdhhc20/Mff/Mtch1/Scrib/Ap3b1/Rab3gap2",17
"GO:0017156","calcium-ion regulated exocytosis","8/694","77/28928",0.103896103896104,4.3307009992889,4.58823657320219,0.000516877152547566,0.00997618645757736,0.00793732637144539,"Unc13a/Snap25/Cacna1g/Cbarp/Rab3gap1/Syt7/Rims2/Trim9",8
"GO:0042063","gliogenesis","22/694","417/28928",0.052757793764988,2.19910296546624,3.86690504093194,0.000532593610594704,0.0102342437419123,0.00814264379378966,"Adam22/Afdn/Rnf112/Nrg1/Pmp22/Synj1/Socs7/Tenm4/Pfkfb3/Plp1/Bin1/Nfia/Tcf7l2/P2rx4/Grin1/Rtn4/Nsun5/Ntrk3/Scrib/Nf2/Dab2ip/Pick1",22
"GO:0021700","developmental maturation","22/694","418/28928",0.0526315789473684,2.19384195358714,3.85462023320254,0.000549845133639302,0.0105194055830466,0.00836952634168411,"Picalm/Ap3d1/Cbfb/Rfx3/Ank3/Il15/Unc13a/Pmp22/Camk2b/Zdhhc20/Nfia/Bap1/Kcnma1/Grin1/Srrm4/Thbs3/Adgrl1/Nfatc4/Map1b/Kcnq2/Dab2ip/Actl6b",22
"GO:0006939","smooth muscle contraction","10/694","118/28928",0.0847457627118644,3.53245738289454,4.32172121435051,0.000564485635213644,0.0106157479218845,0.00844617893734238,"Dock4/Slc8a1/Pla2g6/Cttn/Cacna1g/Kcnma1/Cald1/P2rx3/Tpcn2/Dlg1",10
"GO:0030038","contractile actin filament bundle assembly","10/694","118/28928",0.0847457627118644,3.53245738289454,4.32172121435051,0.000564485635213644,0.0106157479218845,0.00844617893734238,"Ppfia1/Clasp2/Sorbs1/Limch1/Alms1/Kank3/Pxn/Nf2/Src/Dnm2",10
"GO:0043149","stress fiber assembly","10/694","118/28928",0.0847457627118644,3.53245738289454,4.32172121435051,0.000564485635213644,0.0106157479218845,0.00844617893734238,"Ppfia1/Clasp2/Sorbs1/Limch1/Alms1/Kank3/Pxn/Nf2/Src/Dnm2",10
"GO:0098876","vesicle-mediated transport to the plasma membrane","12/694","162/28928",0.0740740740740741,3.08762941615968,4.17749948269889,0.000564615662053461,0.0106157479218845,0.00844617893734238,"Atp2c1/Rab11a/Ank3/Vps26a/Vti1a/Exoc1/Epb41l1/Zdhhc2/Dennd1b/Bltp1/Scrib/Dnm2",12
"GO:0007044","cell-substrate junction assembly","9/694","98/28928",0.0918367346938776,3.82803034758572,4.39663092227925,0.000589055105390067,0.0110277183249419,0.0087739538399415,"Cttn/Slk/Clasp2/Sorbs1/Peak1/Limch1/Pxn/Map4k4/Src",9
"GO:0090130","tissue migration","10/694","119/28928",0.0840336134453782,3.5027728670719,4.28919760503742,0.000603289984329024,0.0111664089135998,0.00888429985958599,"Rab11a/Clasp2/Rtn4/Map4k4/Scrib/Src/Dab2ip/Iqsec1/Arhgap5/Sash1",10
"GO:0031114","regulation of microtubule depolymerization","6/694","44/28928",0.136363636363636,5.68404506156667,4.87488036783138,0.000606082421223173,0.0111664089135998,0.00888429985958599,"Map2/Camsap1/Clasp2/Eml4/Map1b/Camsap2",6
"GO:0034314","Arp2/3 complex-mediated actin nucleation","6/694","44/28928",0.136363636363636,5.68404506156667,4.87488036783138,0.000606082421223173,0.0111664089135998,0.00888429985958599,"Gmfb/Carmil3/Fchsd2/Carmil2/Arfip1/Pick1",6
"GO:0061734","type 2 mitophagy","4/694","17/28928",0.235294117647059,9.80776402780132,5.69513210445972,0.000609263026464177,0.0111664089135998,0.00888429985958599,"Smurf1/Vps13c/Huwe1/Htra2",4
"GO:0097050","type B pancreatic cell apoptotic process","4/694","17/28928",0.235294117647059,9.80776402780132,5.69513210445972,0.000609263026464177,0.0111664089135998,0.00888429985958599,"Tcf7l2/Srsf6/Mapk8/Hdac3",4
"GO:0048168","regulation of neuronal synaptic plasticity","8/694","79/28928",0.10126582278481,4.2210629993069,4.49461617839016,0.000614609407580932,0.0112170388738702,0.00892458243856034,"Rab11a/Unc13a/Camk2b/Zdhhc2/Rab3gap1/Grin1/Camk2g/Nsmf",8
"GO:0030307","positive regulation of cell growth","14/694","211/28928",0.0663507109004739,2.76569649125203,4.03583103234448,0.000617168576278968,0.0112170388738702,0.00892458243856034,"Mapt/Picalm/Cep43/Afdn/Unc13a/Nrg1/Smurf1/Rnf157/Hdgfl2/Rims2/Ntrk3/Ist1/Map1b/Mapkap1",14
"GO:0009895","negative regulation of catabolic process","20/694","367/28928",0.0544959128065395,2.27155297646625,3.8434922895186,0.000628226878560845,0.011370645826898,0.00904679632502777,"Arid5a/Mettl16/Ncor1/Marchf7/Elavl4/Nrg1/Vps13c/Tmem39a/Cbfa2t3/Cdk5rap3/Psme3ip1/Hdac4/Syncrip/Becn1/Mycbp2/Dedd/Htra2/Rubcn/Eif4enif1/Dab2ip",20
"GO:0007029","endoplasmic reticulum organization","9/694","99/28928",0.0909090909090909,3.78936337437778,4.35866137746847,0.000634424363704009,0.0114353680763508,0.00909829111410229,"Emc8/Tmem147/Rnf112/Rab3gap1/Smpd4/Rtn4/Tor1b/Sec31b/Rab3gap2",9
"GO:0030900","forebrain development","24/694","480/28928",0.05,2.08414985590778,3.75516732478042,0.000651216350931305,0.0116600071489985,0.00927702009465672,"Dixdc1/Afdn/Ncor1/Elavl4/D16Ertd472e/Nrg1/Dmxl2/Socs7/Zeb1/Rab3gap1/Gmppa/Tcf7l2/Atg16l1/Scyl2/Grin1/Rtn4/Nsun5/Mapk8ip3/Kcnq2/Nf2/Htra2/Src/Dab2ip/Tyro3",24
"GO:0006310","DNA recombination","19/694","341/28928",0.0557184750733138,2.32251303590896,3.85157259599375,0.000652233320576714,0.0116600071489985,0.00927702009465672,"Recql4/Mcm7/Rad51ap1/Ubr2/Actr5/Mbtd1/Hdgfl2/Msh5/Trrap/Mlh1/Helq/Rad54b/Tep1/Kmt5b/Rad18/Dclre1c/Cd40/Hmces/Zmynd8",19
"GO:0032253","dense core granule localization","5/694","30/28928",0.166666666666667,6.94716618635927,5.10954274076268,0.000678753977397547,0.0120845912220739,0.00961483077757127,"Map2/Unc13a/Snap25/Trim46/Mapk8",5
"GO:0031398","positive regulation of protein ubiquitination","10/694","121/28928",0.0826446280991736,3.44487579488889,4.22518469126133,0.000687526040951065,0.0121910105310103,0.00969950088581797,"Marchf7/Skp1/Cdk5rap3/Huwe1/Mycbp2/Mapk8/Ube2v2/Hdac3/Nmi/Cdc14b",10
"GO:2001222","regulation of neuron migration","7/694","62/28928",0.112903225806452,4.7061448359208,4.5800493384843,0.000695046266741024,0.0122744607915965,0.00976589619196742,"Nrg1/Camk2b/Mapk8/Mapk8ip3/Dab2ip/Ntng2/Nsmf",7
"GO:0046328","regulation of JNK cascade","12/694","166/28928",0.072289156626506,3.01322870733655,4.07833452069412,0.000701286731373458,0.0122851916556266,0.00977443396042398,"Dixdc1/Ncor1/Rnf13/Stk3/Rapgef1/Tnik/Aida/Mapk8ip3/Map4k4/Dusp19/Dab2ip/Hdac3",12
"GO:1904375","regulation of protein localization to cell periphery","12/694","166/28928",0.072289156626506,3.01322870733655,4.07833452069412,0.000701286731373458,0.0122851916556266,0.00977443396042398,"Picalm/Atp2c1/Rab11a/Tnik/Ppfia1/Nbea/Sorbs1/Camk2b/Epb41l1/Zdhhc2/Camk2g/Dlg1",12
"GO:0006402","mRNA catabolic process","16/694","265/28928",0.060377358490566,2.51670925996411,3.88874692978694,0.000730419658119524,0.0127443621948695,0.010139762580295,"Arid5a/Mettl16/Xrn1/Gigyf2/Mov10/Elavl4/Cnot2/Tnrc6a/Pym1/Smg6/Mlh1/Syncrip/Samd4/Fastkd3/Eif4enif1/Tnrc6c",16
"GO:0048259","regulation of receptor-mediated endocytosis","11/694","144/28928",0.0763888888888889,3.18411783541467,4.11933361810408,0.000733585103076231,0.0127485984845359,0.0101431330880366,"Picalm/Nrg1/Synj1/Hpca/Ppt1/Aak1/Scrib/Tnk2/Iqsec1/Dnm2/Pick1",11
"GO:0031329","regulation of cellular catabolic process","22/694","428/28928",0.0514018691588785,2.14258396401734,3.73364314801839,0.00075093153056626,0.0129982672076588,0.010341776342009,"Mapt/Idh1/Prxl2c/Cttn/Zbtb20/Ubr4/Vps13c/Tmem39a/Pik3c2a/Cdk5rap3/Rab3gap1/Trim65/Atg16l1/Tpcn2/Huwe1/Becn1/Pafah1b2/Htra2/Rubcn/Src/Phkg2/Rab3gap2",22
"GO:0010765","positive regulation of sodium ion transport","6/694","46/28928",0.130434782608696,5.43691266758552,4.72162392050032,0.000772304365338993,0.013315381982643,0.0105940815166327,"Ank3/Gnas/Scn5a/Tesc/Fxyd7/Atp1b3",6
"GO:0120032","regulation of plasma membrane bounded cell projection assembly","14/694","216/28928",0.0648148148148148,2.70167573913972,3.93565651133804,0.000776441103731446,0.013334000371955,0.0106088948155929,"Auts2/Rab11a/Cep97/Marchf7/Agrn/Dzip1/Odf2l/Rabep2/Kctd17/Hdac4/Crocc/Carmil2/Zmynd8/Dnm2",14
"GO:0051310","metaphase chromosome alignment","9/694","102/28928",0.0882352941176471,3.6779115104255,4.2476560660377,0.000787949106430442,0.0134259140712874,0.0106820238647252,"Snhg15/Abraxas1/Rab11a/Kifc5b/Racgap1/Zfp207/Eml4/Mlh1/Becn1",9
"GO:0097120","receptor localization to synapse","9/694","102/28928",0.0882352941176471,3.6779115104255,4.2476560660377,0.000787949106430442,0.0134259140712874,0.0106820238647252,"Adam22/Rab11a/Tnik/Nbea/Dlg3/Epb41l1/Zdhhc2/Dlg1/Scrib",9
"GO:0086010","membrane depolarization during action potential","5/694","31/28928",0.161290322580645,6.72306405131542,4.99836886051887,0.000793450584301153,0.0134670484386056,0.0107147514906447,"Scn9a/Ank3/Scn8a/Cacna1g/Scn5a",5
"GO:0050773","regulation of dendrite development","11/694","146/28928",0.0753424657534247,3.14049978287474,4.06514797963632,0.000822488610739481,0.0139028646019213,0.011061498731276,"Afdn/Elavl4/Tnik/Cask/Camk2b/Grin1/Xlr3b/Nfatc4/Dab2ip/Camsap2/Nsmf",11
"GO:0000956","nuclear-transcribed mRNA catabolic process","10/694","124/28928",0.0806451612903226,3.36153202565771,4.13164985152806,0.000831877042893502,0.0139028646019213,0.011061498731276,"Xrn1/Cnot2/Tnrc6a/Pym1/Smg6/Mlh1/Syncrip/Samd4/Eif4enif1/Tnrc6c",10
"GO:0050000","chromosome localization","10/694","124/28928",0.0806451612903226,3.36153202565771,4.13164985152806,0.000831877042893502,0.0139028646019213,0.011061498731276,"Snhg15/Abraxas1/Rab11a/Kifc5b/Racgap1/Zfp207/Iffo1/Eml4/Mlh1/Becn1",10
"GO:0106027","neuron projection organization","10/694","124/28928",0.0806451612903226,3.36153202565771,4.13164985152806,0.000831877042893502,0.0139028646019213,0.011061498731276,"Afdn/Cttn/Cask/Dip2a/Camk2b/Grin1/Dctn1/Xlr3b/Zmynd8/Pick1",10
"GO:0003012","muscle system process","23/694","460/28928",0.05,2.08414985590778,3.67481077847386,0.000836062439339712,0.0139194822916024,0.0110747202189756,"Dock4/Slc8a1/Pla2g6/Gtf2ird2/Agrn/Cttn/Cacna1g/Bin1/Tafazzin/Kcnma1/Cald1/P2rx4/Scn5a/Tmod2/P2rx3/Hdac4/Tpcn2/Camk2g/Dmpk/Akap1/Myh7b/Becn1/Dlg1",23
"GO:0007019","microtubule depolymerization","7/694","64/28928",0.109375,4.55907780979827,4.4688362340335,0.000842517464425225,0.0139736166533188,0.0111177909954371,"Map2/Camsap1/Clasp2/Eml4/Arhgef1/Map1b/Camsap2",7
"GO:0061013","regulation of mRNA catabolic process","13/694","194/28928",0.0670103092783505,2.7931905285362,3.92893175627353,0.000870136994073126,0.0143235143708166,0.0113961791743484,"Arid5a/Mettl16/Gigyf2/Mov10/Elavl4/Cnot2/Tnrc6a/Mlh1/Syncrip/Samd4/Fastkd3/Eif4enif1/Tnrc6c",13
"GO:0016241","regulation of macroautophagy","11/694","147/28928",0.0748299319727891,3.11913583877355,4.03840389208843,0.000870181409506279,0.0143235143708166,0.0113961791743484,"Cttn/Vps13c/Tmem39a/Cdk5rap3/Rab3gap1/Huwe1/Becn1/Pafah1b2/Htra2/Rubcn/Rab3gap2",11
"GO:0043525","positive regulation of neuron apoptotic process","9/694","104/28928",0.0865384615384615,3.60718244291731,4.17595870898318,0.000906155370879546,0.0148595854427691,0.0118226919580129,"Casp7/Srpk2/Agrn/Casp8/Kcnma1/Hdac4/Mapk8/Nfatc4/Hdac3",9
"GO:0060402","calcium ion transport into cytosol","5/694","32/28928",0.15625,6.51296829971182,4.89200450062479,0.00092199938728294,0.0150627765068471,0.0119843563172555,"Slc8a1/Asph/Cacna1g/P2rx4/Grin1",5
"GO:0048639","positive regulation of developmental growth","14/694","220/28928",0.0636363636363636,2.65255436206445,3.85754369703202,0.000927667607160399,0.0150988287404241,0.0120130404587896,"Mapt/Picalm/Afdn/Hsf1/Agrn/Unc13a/Nrg1/Smurf1/Rnf157/Rims2/Ntrk3/Dlg1/Ist1/Map1b",14
"GO:1902107","positive regulation of leukocyte differentiation","14/694","221/28928",0.0633484162895928,2.64055185363882,3.83828679506112,0.000969125151110626,0.015640083593957,0.0124436776006362,"Ap3d1/Smarca2/Cbfb/Slc9b2/Hsf1/Il15/Casp8/Nckap1l/Gnas/Tesc/Carmil2/Fes/Ap3b1/Actl6b",14
"GO:1903708","positive regulation of hemopoiesis","14/694","221/28928",0.0633484162895928,2.64055185363882,3.83828679506112,0.000969125151110626,0.015640083593957,0.0124436776006362,"Ap3d1/Smarca2/Cbfb/Slc9b2/Hsf1/Il15/Casp8/Nckap1l/Gnas/Tesc/Carmil2/Fes/Ap3b1/Actl6b",14
"GO:1902116","negative regulation of organelle assembly","6/694","48/28928",0.125,5.21037463976945,4.5770746245628,0.000971678737726353,0.015640083593957,0.0124436776006362,"Cep97/Marchf7/Odf2l/Tmem39a/Becn1/Dnm2",6
"GO:0000422","autophagy of mitochondrion","9/694","106/28928",0.0849056603773585,3.53912239682453,4.10600751424341,0.00103836627031916,0.0165910390883962,0.0132002837603326,"Arhgap26/Cttn/Smurf1/Vps13c/Tafazzin/Huwe1/Becn1/Atg4c/Htra2",9
"GO:0006892","post-Golgi vesicle-mediated transport","9/694","106/28928",0.0849056603773585,3.53912239682453,4.10600751424341,0.00103836627031916,0.0165910390883962,0.0132002837603326,"Atp2c1/Ap3d1/Ank3/Vti1a/Nbea/Exoc1/Dop1a/Ap3s1/Dnm2",9
"GO:0032386","regulation of intracellular transport","17/694","301/28928",0.0564784053156146,2.35418920600879,3.70271175140748,0.00106023051220765,0.0168785601979918,0.0134290434066409,"Mapt/Map2/Rab11a/Asph/Zdhhc2/Vps11/Trim46/Dctn1/Prpf4b/Akap1/Mapk8/Arfip1/Map1b/Nf2/Src/Hdac3/Thoc5",17
"GO:0031116","positive regulation of microtubule polymerization","5/694","33/28928",0.151515151515152,6.31560562396297,4.79008919760746,0.001065409294169,0.016899328513328,0.0134455672454553,"Mapt/Dctn1/Mapk8/Fes/Map1b",5
"GO:0007611","learning or memory","19/694","356/28928",0.0533707865168539,2.22465434057572,3.64513344620194,0.00108520313742252,0.0171509278457864,0.0136457465449354,"Paip2/Mapt/Picalm/Deaf1/Pla2g6/Ric8a/Elavl4/Gmfb/Snap25/Nrg1/Synj1/Vdac3/Ppt1/Itga8/Grin1/Tmod2/Nfatc4/Kcnq2/Src",19
"GO:0006650","glycerophospholipid metabolic process","16/694","276/28928",0.0579710144927536,2.41640563003801,3.70689207597196,0.00112156761945993,0.0176616532710622,0.0140520936399749,"Pcyt2/Pla2g6/Inpp4a/Serac1/Pla2g2e/Synj1/Ip6k1/Pik3c2a/Plcb4/Inpp5j/Tafazzin/Smpd4/Ddhd1/Becn1/Chkb/Hycc2",16
"GO:0046486","glycerolipid metabolic process","20/694","385/28928",0.051948051948052,2.16535049964445,3.60896234311709,0.00112773926111785,0.0176949591978276,0.0140785927448147,"Tbl1xr1/Pcyt2/Pla2g6/Inpp4a/Serac1/Pla2g2e/Synj1/Ip6k1/Pik3c2a/Plcb4/Inpp5j/Tcf7l2/Tafazzin/Smpd4/Cdk8/Ddhd1/Becn1/Chkb/Tmem68/Hycc2",20
"GO:0045947","negative regulation of translational initiation","4/694","20/28928",0.2,8.33659942363112,5.14571833235206,0.00117139145039521,0.0182486053807996,0.0145190887667406,"Paip2/Zfp598/Gigyf2/Scrib",4
"GO:0071498","cellular response to fluid shear stress","4/694","20/28928",0.2,8.33659942363112,5.14571833235206,0.00117139145039521,0.0182486053807996,0.0145190887667406,"Mtss1/Hdac5/Src/Hdac3",4
"GO:0043523","regulation of neuron apoptotic process","18/694","331/28928",0.054380664652568,2.26674908799638,3.63403902961884,0.00117704269147811,0.0182713886840837,0.014537215784991,"Cpeb4/Casp7/Srpk2/Agrn/Casp8/Oxr1/Nes/Ppt1/Kcnma1/Grin1/Gfral/Hdac4/Mapk8/Nfatc4/Ube2v2/Hdac3/Tyro3/Nsmf",18
"GO:0046777","protein autophosphorylation","13/694","201/28928",0.0646766169154229,2.69591523649763,3.78270315217851,0.00120315188112827,0.0184687009675672,0.0146942028258571,"Tnik/Slk/Nrg1/Peak1/Camk2b/Mark2/Camk2g/Stk25/Obscn/Clk4/Fes/Src/Tyro3",13
"GO:0017148","negative regulation of translation","11/694","153/28928",0.0718954248366013,2.99681678627263,3.88258968151119,0.00120687271550048,0.0184687009675672,0.0146942028258571,"Cpeb4/Xrn1/Paip2/Zfp598/Gigyf2/Tia1/Tnrc6a/Syncrip/Samd4/Scrib/Eif4enif1",11
"GO:0007628","adult walking behavior","6/694","50/28928",0.12,5.00195965417867,4.44037225071598,0.00120840709106218,0.0184687009675672,0.0146942028258571,"Mapt/Scn8a/Pmp22/Oxr1/Kcnma1/Htra2",6
"GO:0030837","negative regulation of actin filament polymerization","7/694","68/28928",0.102941176470588,4.29089676216308,4.25957019152498,0.00121092353890973,0.0184687009675672,0.0146942028258571,"Pecam1/Ssh3/Cyrib/Tmod2/Kank3/Carmil2/Vill",7
"GO:0034331","cell junction maintenance","7/694","68/28928",0.102941176470588,4.29089676216308,4.25957019152498,0.00121092353890973,0.0184687009675672,0.0146942028258571,"Afdn/Mtss1/Cadm1/Rims2/Epb41l3/Dlg1/Plekha7",7
"GO:0016082","synaptic vesicle priming","5/694","34/28928",0.147058823529412,6.12985251737583,4.69229957606766,0.00122470860559949,0.0185124062938846,0.0147289759769631,"Unc13a/Snap25/Synj1/Rab3gap1/Rims2",5
"GO:0035020","regulation of Rac protein signal transduction","5/694","34/28928",0.147058823529412,6.12985251737583,4.69229957606766,0.00122470860559949,0.0185124062938846,0.0147289759769631,"Auts2/Agrn/Rtn4/Sh3bp1/Dnm2",5
"GO:0051017","actin filament bundle assembly","12/694","177/28928",0.0677966101694915,2.82596590631564,3.82030509781515,0.00122652118728396,0.0185124062938846,0.0147289759769631,"Mtss1/Ppfia1/Clasp2/Sorbs1/Limch1/Cald1/Alms1/Kank3/Pxn/Nf2/Src/Dnm2",12
"GO:0010563","negative regulation of phosphorus metabolic process","20/694","388/28928",0.0515463917525773,2.148608098874,3.57113263378349,0.00123762127792578,0.01855156018664,0.0147601278832385,"Mapt/Cep43/Spag9/Slc8a1/Ncor1/Cadm1/Pecam1/Cbfa2t3/Cdk5rap3/Inpp5j/Gmppa/Hdac4/Aida/Spry1/Ntrk3/Nf2/Mical1/Dusp19/Fbln1/Dab2ip",20
"GO:0045936","negative regulation of phosphate metabolic process","20/694","388/28928",0.0515463917525773,2.148608098874,3.57113263378349,0.00123762127792578,0.01855156018664,0.0147601278832385,"Mapt/Cep43/Spag9/Slc8a1/Ncor1/Cadm1/Pecam1/Cbfa2t3/Cdk5rap3/Inpp5j/Gmppa/Hdac4/Aida/Spry1/Ntrk3/Nf2/Mical1/Dusp19/Fbln1/Dab2ip",20
"GO:0045807","positive regulation of endocytosis","13/694","203/28928",0.0640394088669951,2.66935449525135,3.7420690677199,0.00131577841650403,0.0196546644565497,0.0156377877635185,"Picalm/Rapgef1/Il15/Nckap1l/Synj1/Bin1/Mff/Ppt1/Tfr2/Alms1/Lyar/Dnm2/Pick1",13
"GO:0150116","regulation of cell-substrate junction organization","7/694","69/28928",0.101449275362319,4.22870985256651,4.20976790820082,0.0013202239077875,0.0196546644565497,0.0156377877635185,"Slk/Clasp2/Peak1/Limch1/Map4k4/Src/Iqsec1",7
"GO:0000266","mitochondrial fission","6/694","51/28928",0.117647058823529,4.90388201390066,4.37472706576799,0.00134214762164801,0.0198455861885715,0.015789690307131,"Mapt/Cyrib/Mff/Ddhd1/Myo19/Ap3b1",6
"GO:0008608","attachment of spindle microtubules to kinetochore","6/694","51/28928",0.117647058823529,4.90388201390066,4.37472706576799,0.00134214762164801,0.0198455861885715,0.015789690307131,"Snhg15/Abraxas1/Racgap1/Zfp207/Eml4/Becn1",6
"GO:0016242","negative regulation of macroautophagy","5/694","35/28928",0.142857142857143,5.95471387402223,4.59834456652622,0.00140094272650405,0.0206449735574685,0.016425704727183,"Vps13c/Tmem39a/Becn1/Htra2/Rubcn",5
"GO:0061572","actin filament bundle organization","12/694","180/28928",0.0666666666666667,2.77886647454371,3.75336683777417,0.00141604420866177,0.0207286442760417,0.0164922754357271,"Mtss1/Ppfia1/Clasp2/Sorbs1/Limch1/Cald1/Alms1/Kank3/Pxn/Nf2/Src/Dnm2",12
"GO:1902018","negative regulation of cilium assembly","4/694","21/28928",0.19047619047619,7.93961849869631,4.98756949465555,0.00141975462258864,0.0207286442760417,0.0164922754357271,"Cep97/Marchf7/Odf2l/Dnm2",4
"GO:1901890","positive regulation of cell junction assembly","10/694","133/28928",0.075187969924812,3.13405993369591,3.86740023270595,0.00142087680846778,0.0207286442760417,0.0164922754357271,"Agrn/Sema4a/Xlr3b/Ntrk3/Adgrl1/Map4k4/Ube2v2/Adgre5/Adgrl2/Iqsec1",10
"GO:0090129","positive regulation of synapse maturation","3/694","10/28928",0.3,12.5048991354467,5.70484588638648,0.0014544751887732,0.0211480692447623,0.0168259813943342,"Camk2b/Adgrl1/Dab2ip",3
"GO:0030010","establishment of cell polarity","12/694","181/28928",0.0662983425414365,2.76351362109319,3.73135929213262,0.00148434768995046,0.021510713035096,0.0171145106968584,"Map2/Clasp2/Brsk2/Cyrib/Mark2/Dctn1/Spry1/Map1b/Scrib/Kcnq2/Hdac3/Sh3bp1",12
"GO:0022613","ribonucleoprotein complex biogenesis","22/694","452/28928",0.0486725663716814,2.02881844380403,3.45631801063103,0.00150953026230236,0.0218032152455725,0.0173472334430495,"Mettl16/Sf3b1/Ddx46/Mbnl1/Srpk2/Afg2a/Luc7l2/Nop58/Puf60/Tma16/Prpf39/Srsf6/Rsrp1/Celf6/Mettl17/Nsun5/Prpf4b/Cinp/Lyar/Celf5/Rexo5/Luc7l3",22
"GO:0097061","dendritic spine organization","9/694","112/28928",0.0803571428571429,3.34952655413751,3.90586968260956,0.00153125680522025,0.0219715203433247,0.0174811415748309,"Afdn/Cttn/Cask/Dip2a/Camk2b/Grin1/Xlr3b/Zmynd8/Pick1",9
"GO:0140029","exocytic process","9/694","112/28928",0.0803571428571429,3.34952655413751,3.90586968260956,0.00153125680522025,0.0219715203433247,0.0174811415748309,"Unc13a/Snap25/Exoc1/Synj1/Vps11/Rab3gap1/Syt7/Rims2/Scrib",9
"GO:0006401","RNA catabolic process","17/694","312/28928",0.0544871794871795,2.27118894554053,3.53938795663646,0.00155913997486235,0.0222982576077035,0.017741102664784,"Arid5a/Mettl16/Xrn1/Gigyf2/Mov10/Elavl4/Zc3h18/Cnot2/Tnrc6a/Pym1/Smg6/Mlh1/Syncrip/Samd4/Fastkd3/Eif4enif1/Tnrc6c",17
"GO:1904062","regulation of monoatomic cation transmembrane transport","18/694","340/28928",0.0529411764705882,2.2067469062553,3.50920705439385,0.00158546660333094,0.0226006709925803,0.0179817110119784,"Slc8a1/Ank3/Agrn/Asph/Cbarp/Pik3c2a/Hpca/Plp1/Bin1/P2rx4/Scn5a/Grin1/Kcnab2/Tesc/Dlg1/Tspan13/Fxyd7/Atp1b3",18
"GO:0032607","interferon-alpha production","5/694","36/28928",0.138888888888889,5.78930515529939,4.50796135703918,0.00159517187912807,0.0226649502825949,0.0180328533704277,"Ap3d1/Traf3ip3/Trim65/Nmi/Ap3b1",5
"GO:0036376","sodium ion export across plasma membrane","4/694","22/28928",0.181818181818182,7.57872674875557,4.83954371534613,0.00170259525754715,0.0241127289396775,0.0191847456053758,"Slc8a1/Agrn/Fxyd7/Atp1b3",4
"GO:1904951","positive regulation of establishment of protein localization","19/694","372/28928",0.0510752688172043,2.12897028291655,3.4359791640341,0.0017971823568749,0.0252837853180057,0.0201164700387231,"Atp2c1/Pla2g6/Ank3/Asph/Gipr/Cask/Snap25/C2cd5/Gnas/Zdhhc2/Hpca/Tcf7l2/Mff/Dctn1/Prpf4b/Or51e2/Src/Hdac3/Zfp384",19
"GO:0030517","negative regulation of axon extension","5/694","37/28928",0.135135135135135,5.63283744839941,4.42091194902598,0.00180846882604717,0.0252837853180057,0.0201164700387231,"Ttc3/Map2/Trim46/Rtn4/Arhgap4",5
"GO:0061744","motor behavior","5/694","37/28928",0.135135135135135,5.63283744839941,4.42091194902598,0.00180846882604717,0.0252837853180057,0.0201164700387231,"Pmp22/Pfkfb3/Gmppa/Dctn1/Kcnq2",5
"GO:1902745","positive regulation of lamellipodium organization","5/694","37/28928",0.135135135135135,5.63283744839941,4.42091194902598,0.00180846882604717,0.0252837853180057,0.0201164700387231,"Auts2/Hdac4/Carmil2/Src/Dnm2",5
"GO:0098900","regulation of action potential","7/694","73/28928",0.0958904109589041,3.99699972365876,4.01959985117052,0.00183658838779348,0.0255948835385149,0.0203639882783087,"Scn9a/Ank3/Bin1/Scn5a/Kcnab2/Dlg1/Kcnq2",7
"GO:0099612","protein localization to axon","3/694","11/28928",0.272727272727273,11.3680901231333,5.39217174658188,0.00196437303582035,0.0271068389548411,0.0215669412954249,"Ank3/Epb41l3/Trim46",3
"GO:1903276","regulation of sodium ion export across plasma membrane","3/694","11/28928",0.272727272727273,11.3680901231333,5.39217174658188,0.00196437303582035,0.0271068389548411,0.0215669412954249,"Agrn/Fxyd7/Atp1b3",3
"GO:0034765","regulation of monoatomic ion transmembrane transport","19/694","375/28928",0.0506666666666667,2.11193852065322,3.39794045975699,0.0019672819111305,0.0271068389548411,0.0215669412954249,"Slc8a1/Ank3/Gopc/Agrn/Asph/Cbarp/Pik3c2a/Hpca/Plp1/Bin1/P2rx4/Scn5a/Grin1/Kcnab2/Tesc/Dlg1/Tspan13/Fxyd7/Atp1b3",19
"GO:0010506","regulation of autophagy","17/694","319/28928",0.0532915360501567,2.22135094360077,3.43898041700008,0.00196993763151871,0.0271068389548411,0.0215669412954249,"Mapt/Cttn/Ubr4/Vps13c/Tmem39a/Pik3c2a/Cdk5rap3/Rab3gap1/Trim65/Atg16l1/Tpcn2/Huwe1/Becn1/Pafah1b2/Htra2/Rubcn/Rab3gap2",17
"GO:0008347","glial cell migration","7/694","74/28928",0.0945945945945946,3.94298621387959,3.97416872817603,0.00198728662871211,0.0271374230778259,0.0215912748588508,"Pmp22/Socs7/P2rx4/Grin1/Rtn4/Scrib/Dab2ip",7
"GO:0030032","lamellipodium assembly","7/694","74/28928",0.0945945945945946,3.94298621387959,3.97416872817603,0.00198728662871211,0.0271374230778259,0.0215912748588508,"Auts2/Pmp22/Ablim2/Hdac4/Carmil2/Pxn/Dnm2",7
"GO:0150052","regulation of postsynapse assembly","6/694","55/28928",0.109090909090909,4.54723604925334,4.12829483789738,0.00199298708132378,0.0271374230778259,0.0215912748588508,"Dock4/Afdn/Carmil3/Rtn4/Map1b/Ube3b",6
"GO:0007626","locomotory behavior","16/694","292/28928",0.0547945205479452,2.28399984209072,3.45736671816119,0.00199704557725403,0.0271374230778259,0.0215912748588508,"Adam22/Mapt/Gigyf2/Ncor1/Elavl4/Scn8a/Gmfb/Snap25/Nrg1/Pmp22/Oxr1/Ppt1/Kcnma1/Grin1/Zfhx3/Htra2",16
"GO:0032011","ARF protein signal transduction","4/694","23/28928",0.173913043478261,7.24921689011402,4.70054545651065,0.00202227736658254,0.0273101358298236,0.0217286898407125,"Psd2/Map4k4/Arfgap1/Iqsec1",4
"GO:0032012","regulation of ARF protein signal transduction","4/694","23/28928",0.173913043478261,7.24921689011402,4.70054545651065,0.00202227736658254,0.0273101358298236,0.0217286898407125,"Psd2/Map4k4/Arfgap1/Iqsec1",4
"GO:0090140","regulation of mitochondrial fission","5/694","38/28928",0.131578947368421,5.48460488396784,4.3369802134636,0.00204191661086584,0.0274902477055456,0.0218719917674616,"Mapt/Cyrib/Mff/Ddhd1/Myo19",5
"GO:0048193","Golgi vesicle transport","16/694","293/28928",0.0546075085324232,2.27620462078666,3.44231617091446,0.00206681415190307,0.0277248714864794,0.0220586648545869,"Atp2c1/Ap3d1/Ank3/Vti1a/Nbea/Exoc1/Dop1a/Ergic1/Ap3s1/Sec24c/Nrbp1/Rabggta/Lman2l/Ergic2/Sec31b/Dnm2",16
"GO:0051303","establishment of chromosome localization","9/694","117/28928",0.0769230769230769,3.20638439370428,3.74921347674748,0.00207205596162134,0.0277248714864794,0.0220586648545869,"Snhg15/Abraxas1/Rab11a/Kifc5b/Racgap1/Zfp207/Eml4/Mlh1/Becn1",9
"GO:0010976","positive regulation of neuron projection development","14/694","241/28928",0.0580912863070539,2.42141891972688,3.47402767810954,0.00218870736234549,0.0290952378350227,0.0231489657429161,"Mapt/Afdn/Elavl4/Rapgef1/Cask/Nrg1/Kidins220/Camk2b/Mark2/Xlr3b/Ntrk3/Fes/Ube2v2/Dab2ip",14
"GO:0019722","calcium-mediated signaling","14/694","241/28928",0.0580912863070539,2.42141891972688,3.47402767810954,0.00218870736234549,0.0290952378350227,0.0231489657429161,"Mapt/Slc8a1/Nfat5/Nrg1/Hpca/P2rx4/Grin1/Hdac4/Tpcn2/Alms1/Dmpk/Myh7b/Homer2/Nfatc4",14
"GO:0000018","regulation of DNA recombination","10/694","141/28928",0.0709219858156028,2.95624093036565,3.65072333386444,0.00219448263359066,0.0290952378350227,0.0231489657429161,"Rad51ap1/Mbtd1/Hdgfl2/Trrap/Mlh1/Helq/Kmt5b/Rad18/Cd40/Hmces",10
"GO:0001764","neuron migration","13/694","216/28928",0.0601851851851852,2.50869890062974,3.48933731341424,0.00228165974231493,0.0301593933211446,0.0239956369072163,"Mapt/Auts2/Nrg1/Camk2b/Trim46/Mark2/Ntrk3/Mapk8/Mapk8ip3/Dab2ip/Tyro3/Ntng2/Nsmf",13
"GO:0031112","positive regulation of microtubule polymerization or depolymerization","5/694","39/28928",0.128205128205128,5.34397398950713,4.25596936367395,0.0022966063235972,0.0302384700663827,0.0240585525251245,"Mapt/Dctn1/Mapk8/Fes/Map1b",5
"GO:0045927","positive regulation of growth","17/694","324/28928",0.0524691358024691,2.18707083644644,3.3688446443117,0.00231596911757786,0.0302384700663827,0.0240585525251245,"Mapt/Picalm/Cep43/Afdn/Hsf1/Agrn/Unc13a/Nrg1/Smurf1/Rnf157/Hdgfl2/Rims2/Ntrk3/Dlg1/Ist1/Map1b/Mapkap1",17
"GO:0033363","secretory granule organization","7/694","76/28928",0.0921052631578947,3.83922341877749,3.88564956894066,0.00231724526563272,0.0302384700663827,0.0240585525251245,"Ap3d1/Hps1/Hps5/Ap3s1/Abca1/Hps3/Ap3b1",7
"GO:0019362","pyridine nucleotide metabolic process","12/694","191/28928",0.06282722513089,2.6188270440726,3.51918135923033,0.0023292356584834,0.0302384700663827,0.0240585525251245,"Ncor1/Idh1/Prxl2c/Zbtb20/Nudt13/Cbfa2t3/Pfkfb3/Gale/Kcnab2/Hdac4/Src/Naprt",12
"GO:0046496","nicotinamide nucleotide metabolic process","12/694","191/28928",0.06282722513089,2.6188270440726,3.51918135923033,0.0023292356584834,0.0302384700663827,0.0240585525251245,"Ncor1/Idh1/Prxl2c/Zbtb20/Nudt13/Cbfa2t3/Pfkfb3/Gale/Kcnab2/Hdac4/Src/Naprt",12
"GO:0099175","regulation of postsynapse organization","12/694","191/28928",0.06282722513089,2.6188270440726,3.51918135923033,0.0023292356584834,0.0302384700663827,0.0240585525251245,"Dock4/Afdn/Cask/Carmil3/Camk2b/Grin1/Mark2/Rtn4/Xlr3b/Map1b/Ube3b/Zmynd8",12
"GO:0045217","cell-cell junction maintenance","4/694","24/28928",0.166666666666667,6.94716618635927,4.56963959565464,0.00238113587937959,0.0307293334492715,0.0244490968368562,"Afdn/Mtss1/Epb41l3/Plekha7",4
"GO:2001224","positive regulation of neuron migration","4/694","24/28928",0.166666666666667,6.94716618635927,4.56963959565464,0.00238113587937959,0.0307293334492715,0.0244490968368562,"Mapk8/Mapk8ip3/Dab2ip/Nsmf",4
"GO:0043393","regulation of protein binding","12/694","192/28928",0.0625,2.60518731988473,3.49871369587193,0.00243180882459921,0.0312140792976133,0.0248347738710468,"Agrn/Dzip1/Traf3ip3/Tmc8/Hdac5/Nes/Tcf7l2/Psme3ip1/Hdac4/Mapk8/Nfatc4/Src",12
"GO:2000779","regulation of double-strand break repair","10/694","143/28928",0.0699300699300699,2.91489490336753,3.5989438664503,0.00243300939046046,0.0312140792976133,0.0248347738710468,"Rad51ap1/Smarca2/Hsf1/Mbtd1/Hdgfl2/Trrap/Helq/Kmt5b/Ube2v2/Actl6b",10
"GO:0010624","regulation of Schwann cell proliferation","3/694","12/28928",0.25,10.4207492795389,5.11743327383583,0.00257268933933379,0.0327174078663965,0.0260308631326792,"Nrg1/Pmp22/Nf2",3
"GO:0014832","urinary bladder smooth muscle contraction","3/694","12/28928",0.25,10.4207492795389,5.11743327383583,0.00257268933933379,0.0327174078663965,0.0260308631326792,"Pla2g6/Kcnma1/P2rx3",3
"GO:0048742","regulation of skeletal muscle fiber development","3/694","12/28928",0.25,10.4207492795389,5.11743327383583,0.00257268933933379,0.0327174078663965,0.0260308631326792,"Hdac5/Hdac9/Hdac4",3
"GO:0019364","pyridine nucleotide catabolic process","9/694","121/28928",0.0743801652892562,3.1003882154,3.62984825321857,0.00260601674037226,0.033044898318325,0.0262914234792146,"Ncor1/Prxl2c/Zbtb20/Nudt13/Cbfa2t3/Pfkfb3/Gale/Hdac4/Src",9
"GO:0035264","multicellular organism growth","14/694","246/28928",0.0569105691056911,2.37220308802512,3.38864799751221,0.00263936315162666,0.0333707306301319,0.0265506645641895,"Tbl1xr1/Gigyf2/Brinp2/Meg3/Ncor1/Hsf1/Pmp22/Gnas/Kdm6a/Tcf7l2/Alms1/Dlg1/Htra2/Hdac3",14
"GO:0006282","regulation of DNA repair","13/694","220/28928",0.0590909090909091,2.46308619334556,3.41526975022116,0.00267533746284785,0.0336306109883064,0.0267574324738643,"Abraxas1/Rad51ap1/Smarca2/Hsf1/Actr5/Mbtd1/Hdgfl2/Trrap/Tmem161a/Helq/Kmt5b/Ube2v2/Actl6b",13
"GO:0050821","protein stabilization","13/694","220/28928",0.0590909090909091,2.46308619334556,3.41526975022116,0.00267533746284785,0.0336306109883064,0.0267574324738643,"Ncor1/Stk3/Marchf7/Zfp207/Tmc8/Ubr4/Rab3gap1/Rtn4/Tesc/Aak1/Mapk8ip3/Atp1b3/Syvn1",13
"GO:0051057","positive regulation of small GTPase mediated signal transduction","7/694","78/28928",0.0897435897435897,3.74078179265499,3.80009173755194,0.00268788394542157,0.0336912349710601,0.0268056665700391,"Picalm/Auts2/Agrn/Nrg1/Rtn4/Map4k4/Src",7
"GO:0120034","positive regulation of plasma membrane bounded cell projection assembly","9/694","122/28928",0.0737704918032787,3.07497519724099,3.60077989319393,0.00275518345871295,0.0344201554908394,0.0273856156406519,"Auts2/Agrn/Dzip1/Kctd17/Hdac4/Crocc/Carmil2/Zmynd8/Dnm2",9
"GO:0030308","negative regulation of cell growth","12/694","195/28928",0.0615384615384615,2.56510751496342,3.43808194623294,0.00276181898711458,0.0344201554908394,0.0273856156406519,"Spag9/Ttc3/Map2/Smarca2/St7l/Cyp27b1/Ppt1/Trim46/Rtn4/Arhgap4/Nf2/Dab2ip",12
"GO:0060216","definitive hemopoiesis","4/694","25/28928",0.16,6.6692795389049,4.44602235754605,0.00278146936085742,0.0345662944503136,0.0275018877875151,"Ncor1/Cbfb/Sp3/Cdk5rap3",4
"GO:0048814","regulation of dendrite morphogenesis","8/694","100/28928",0.08,3.33463976945245,3.666552014627,0.00283128159090722,0.0350853701691401,0.0279148786041301,"Afdn/Tnik/Cask/Camk2b/Grin1/Xlr3b/Nfatc4/Nsmf",8
"GO:0030838","positive regulation of actin filament polymerization","6/694","59/28928",0.101694915254237,4.23894885947345,3.90444630152608,0.0028579917831823,0.0352162716334497,0.0280190273837409,"Cttn/Nckap1l/Fchsd2/Bin1/Carmil2/Dlg1",6
"GO:1902305","regulation of sodium ion transmembrane transport","6/694","59/28928",0.101694915254237,4.23894885947345,3.90444630152608,0.0028579917831823,0.0352162716334497,0.0280190273837409,"Ank3/Agrn/Scn5a/Tesc/Fxyd7/Atp1b3",6
"GO:0006605","protein targeting","16/694","303/28928",0.0528052805280528,2.20108235607422,3.29508469271404,0.00288342898693141,0.0354296260309712,0.0281887779686074,"Ap3d1/Ank3/Erbin/Nbea/Smurf1/C2cd5/Vps13c/Zdhhc2/Hpca/Zdhhc20/Mff/Spcs1/Mtch1/Becn1/Ap3b1/Pick1",16
"GO:2001233","regulation of apoptotic signaling pathway","21/694","447/28928",0.0469798657718121,1.95826160957778,3.20114585151552,0.00290166181492884,0.0355535079683135,0.0282873418208763,"Asah2/Stk3/Marchf7/Cttn/Tmc8/Casp8/Nrg1/Pmp22/Camk2b/Kdm6a/Birc6/Tcf7l2/Gfral/Tmem161a/Becn1/Mapk8/Nfatc4/Htra2/Src/Dab2ip/Syvn1",21
"GO:1903076","regulation of protein localization to plasma membrane","9/694","123/28928",0.0731707317073171,3.04997539888944,3.57200857696017,0.00291102194416124,0.0355682849311802,0.0282990987760566,"Picalm/Atp2c1/Rab11a/Ppfia1/Sorbs1/Camk2b/Zdhhc2/Camk2g/Dlg1",9
"GO:0090276","regulation of peptide hormone secretion","15/694","276/28928",0.0543478260869565,2.26538027816063,3.31164182542749,0.00293675103975825,0.0357824246799594,0.0284694742078299,"Gabbr1/Rfx3/Pla2g6/Slc9b2/Gipr/Cask/Snap25/Brsk2/Gnas/Tcf7l2/Syt7/Tfr2/Hmgn3/Map4k4/Pick1",15
"GO:0050772","positive regulation of axonogenesis","8/694","101/28928",0.0792079207920792,3.30162353411134,3.63279156281347,0.0030117152918559,0.0365935991729121,0.0291148667856587,"Mapt/Picalm/Dixdc1/Smurf1/Ntrk3/Stk25/Ist1/Map1b",8
"GO:0001825","blastocyst formation","6/694","60/28928",0.1,4.16829971181556,3.85157857802721,0.00311234706580948,0.0373996085428676,0.0297561498505839,"Matr3/Sf3b1/Cnot2/Sp3/Rtn4/Uspl1",6
"GO:0006497","protein lipidation","6/694","60/28928",0.1,4.16829971181556,3.85157857802721,0.00311234706580948,0.0373996085428676,0.0297561498505839,"Zdhhc2/Rab3gap1/Zdhhc20/Atg16l1/Abca1/Rab3gap2",6
"GO:0030042","actin filament depolymerization","6/694","60/28928",0.1,4.16829971181556,3.85157857802721,0.00311234706580948,0.0373996085428676,0.0297561498505839,"Tmod2/Carmil2/Vill/Mical3/Mical1/Sh3bp1",6
"GO:0090659","walking behavior","6/694","60/28928",0.1,4.16829971181556,3.85157857802721,0.00311234706580948,0.0373996085428676,0.0297561498505839,"Mapt/Scn8a/Pmp22/Oxr1/Kcnma1/Htra2",6
"GO:0001667","ameboidal-type cell migration","15/694","278/28928",0.0539568345323741,2.24908257831775,3.28092621552289,0.00314253932716551,0.0376586718271867,0.029962267673987,"Slc8a1/Rab11a/Ric8a/Sema4a/Clasp2/Pmp22/Rtn4/Arhgap4/Map4k4/Scrib/Src/Dab2ip/Iqsec1/Arhgap5/Sash1",15
"GO:0071711","basement membrane organization","5/694","42/28928",0.119047619047619,4.96226156168519,4.02874065285073,0.00319911261233649,0.0381121017251365,0.0303230288828821,"Ric8a/Clasp2/Pmp22/Phldb1/Col4a1",5
"GO:1902307","positive regulation of sodium ion transmembrane transport","4/694","26/28928",0.153846153846154,6.41276878740856,4.32899844262092,0.00322553338193003,0.0381121017251365,0.0303230288828821,"Ank3/Tesc/Fxyd7/Atp1b3",4
"GO:0016079","synaptic vesicle exocytosis","9/694","125/28928",0.072,3.0011757925072,3.51533414760715,0.00324353861194556,0.0381121017251365,0.0303230288828821,"Cask/Unc13a/Snap25/Synj1/Rab3gap1/Syt7/Rims2/Scrib/Trim9",9
"GO:0072526","pyridine-containing compound catabolic process","9/694","125/28928",0.072,3.0011757925072,3.51533414760715,0.00324353861194556,0.0381121017251365,0.0303230288828821,"Ncor1/Prxl2c/Zbtb20/Nudt13/Cbfa2t3/Pfkfb3/Gale/Hdac4/Src",9
"GO:1903313","positive regulation of mRNA metabolic process","10/694","149/28928",0.0671140939597315,2.79751658511112,3.44884295214507,0.00327564461507747,0.0381121017251365,0.0303230288828821,"Mettl16/Gigyf2/Mov10/Cnot2/Tnrc6a/Mlh1/Syncrip/Samd4/Eif4enif1/Tnrc6c",10
"GO:0014010","Schwann cell proliferation","3/694","13/28928",0.230769230769231,9.61915318111284,4.87326361503554,0.00328522472458765,0.0381121017251365,0.0303230288828821,"Nrg1/Pmp22/Nf2",3
"GO:0018342","protein prenylation","3/694","13/28928",0.230769230769231,9.61915318111284,4.87326361503554,0.00328522472458765,0.0381121017251365,0.0303230288828821,"Agrn/Rce1/Rabggta",3
"GO:0060213","positive regulation of nuclear-transcribed mRNA poly(A) tail shortening","3/694","13/28928",0.230769230769231,9.61915318111284,4.87326361503554,0.00328522472458765,0.0381121017251365,0.0303230288828821,"Tnrc6a/Eif4enif1/Tnrc6c",3
"GO:0097354","prenylation","3/694","13/28928",0.230769230769231,9.61915318111284,4.87326361503554,0.00328522472458765,0.0381121017251365,0.0303230288828821,"Agrn/Rce1/Rabggta",3
"GO:0098870","action potential propagation","3/694","13/28928",0.230769230769231,9.61915318111284,4.87326361503554,0.00328522472458765,0.0381121017251365,0.0303230288828821,"Scn9a/Pmp22/Ntrk3",3
"GO:1904396","regulation of neuromuscular junction development","3/694","13/28928",0.230769230769231,9.61915318111284,4.87326361503554,0.00328522472458765,0.0381121017251365,0.0303230288828821,"Agrn/Dctn1/Mycbp2",3
"GO:1905089","regulation of type 2 mitophagy","3/694","13/28928",0.230769230769231,9.61915318111284,4.87326361503554,0.00328522472458765,0.0381121017251365,0.0303230288828821,"Vps13c/Huwe1/Htra2",3
"GO:0043113","receptor clustering","7/694","81/28928",0.0864197530864197,3.60223431885295,3.67691686123496,0.0033271175732301,0.0383938805672744,0.0305472198243934,"Agrn/Sorbs1/Dlg3/Zdhhc2/Dlg1/Scrib/Pick1",7
"GO:0043470","regulation of carbohydrate catabolic process","7/694","81/28928",0.0864197530864197,3.60223431885295,3.67691686123496,0.0033271175732301,0.0383938805672744,0.0305472198243934,"Ncor1/Prxl2c/Zbtb20/Cbfa2t3/Hdac4/Src/Phkg2",7
"GO:0045010","actin nucleation","6/694","61/28928",0.0983606557377049,4.09996692965465,3.79984936107449,0.0033832125172474,0.0387328706481096,0.0308169295897144,"Gmfb/Carmil3/Fchsd2/Carmil2/Arfip1/Pick1",6
"GO:0050435","amyloid-beta metabolic process","6/694","61/28928",0.0983606557377049,4.09996692965465,3.79984936107449,0.0033832125172474,0.0387328706481096,0.0308169295897144,"Picalm/Unc13a/Bin1/Rtn4/Becn1/Gsap",6
"GO:0120316","sperm flagellum assembly","6/694","61/28928",0.0983606557377049,4.09996692965465,3.79984936107449,0.0033832125172474,0.0387328706481096,0.0308169295897144,"Cfap65/Dzip1/Cep128/Vdac3/Ttc12/Cfap221",6
"GO:0072524","pyridine-containing compound metabolic process","12/694","200/28928",0.06,2.50097982708934,3.33950720694154,0.00339201205584087,0.0387328706481096,0.0308169295897144,"Ncor1/Idh1/Prxl2c/Zbtb20/Nudt13/Cbfa2t3/Pfkfb3/Gale/Kcnab2/Hdac4/Src/Naprt",12
"GO:0002791","regulation of peptide secretion","15/694","281/28928",0.0533807829181495,2.22507102054211,3.2353411413286,0.00347334306649469,0.0394550063959631,0.0313914805105071,"Gabbr1/Rfx3/Pla2g6/Slc9b2/Gipr/Cask/Snap25/Brsk2/Gnas/Tcf7l2/Syt7/Tfr2/Hmgn3/Map4k4/Pick1",15
"GO:0090087","regulation of peptide transport","15/694","281/28928",0.0533807829181495,2.22507102054211,3.2353411413286,0.00347334306649469,0.0394550063959631,0.0313914805105071,"Gabbr1/Rfx3/Pla2g6/Slc9b2/Gipr/Cask/Snap25/Brsk2/Gnas/Tcf7l2/Syt7/Tfr2/Hmgn3/Map4k4/Pick1",15
"GO:0007517","muscle organ development","19/694","395/28928",0.0481012658227848,2.00500492467078,3.1531036503289,0.00348471577314325,0.0394813771492231,0.0314124618019229,"Snhg15/Meg3/Mbnl1/Ccnt2/Mtss1/Scn8a/Hdac5/Chd2/Nrg1/Pmp22/Hdac9/Gmppa/Tcf7l2/Hdgfl2/Tafazzin/Zfhx3/Hdac4/Chkb/Kmt5b",19
"GO:1905168","positive regulation of double-strand break repair via homologous recombination","5/694","43/28928",0.116279069767442,4.8468601300181,3.95776191963905,0.00354976554622482,0.0401141899291002,0.031915944930197,"Rad51ap1/Mbtd1/Hdgfl2/Trrap/Helq",5
"GO:0070936","protein K48-linked ubiquitination","8/694","104/28928",0.0769230769230769,3.20638439370428,3.53399515606747,0.00360710335346343,0.0405520227520811,0.0322642966803281,"Ttc3/Skp1/Ubr4/Trim65/Mycbp2/Anapc5/Syvn1/Nmi",8
"GO:0099068","postsynapse assembly","8/694","104/28928",0.0769230769230769,3.20638439370428,3.53399515606747,0.00360710335346343,0.0405520227520811,0.0322642966803281,"Dock4/Afdn/Carmil3/Rtn4/Ntrk3/Map1b/Ube3b/Ntng2",8
"GO:0061339","establishment or maintenance of monopolar cell polarity","4/694","27/28928",0.148148148148148,6.17525883231935,4.21796284802328,0.00371553450751034,0.0416636542975838,0.0331487410939294,"Carmil2/Map1b/Scrib/Sh3bp1",4
"GO:0010821","regulation of mitochondrion organization","9/694","128/28928",0.0703125,2.93083573487032,3.43241109154944,0.00379757230680875,0.0424743856469225,0.0337937810945977,"Mapt/Pla2g6/Yme1l1/Cyrib/Mff/Ddhd1/Huwe1/Slc30a9/Myo19",9
"GO:0071248","cellular response to metal ion","12/694","203/28928",0.0591133004926108,2.46401953407816,3.28178480280592,0.00382271116826422,0.0426462049001753,0.0339304851844586,"Rasa4/Ank3/Hsf1/Asph/Hpca/Tfr2/P2rx4/Scn5a/Becn1/Mapk8/Nfatc4/Kcnq2",12
"GO:0002790","peptide secretion","17/694","341/28928",0.0498533724340176,2.07803797949749,3.13958458369316,0.00389408232206026,0.0431443545378603,0.0343268266394762,"Gabbr1/Rfx3/Pla2g6/Slc9b2/Gipr/Cask/Snap25/Brsk2/Gnas/Tcf7l2/Syt7/Tfr2/Rims2/Abca1/Hmgn3/Map4k4/Pick1",17
"GO:0050708","regulation of protein secretion","17/694","341/28928",0.0498533724340176,2.07803797949749,3.13958458369316,0.00389408232206026,0.0431443545378603,0.0343268266394762,"Rfx3/Pla2g6/Slc9b2/Gipr/Cask/Snap25/Brsk2/Gnas/Tcf7l2/Syt7/Rhbdd3/Hmgn3/Or51e2/Arfip1/Map4k4/Pick1/Zfp384",17
"GO:0033044","regulation of chromosome organization","14/694","257/28928",0.0544747081712062,2.27066910371276,3.20791490431503,0.00390242315703908,0.0431443545378603,0.0343268266394762,"Recql4/Smarca2/Actr5/Ino80e/Zfp207/Smc2/Smg6/Prpf4b/Becn1/Anapc5/Src/Pphln1/Actl6b/Hnrnpa2b1",14
"GO:0061351","neural precursor cell proliferation","13/694","230/28928",0.0565217391304348,2.35599548928706,3.2369916198322,0.00390692802440505,0.0431443545378603,0.0343268266394762,"Dixdc1/Afdn/Racgap1/Rapgef1/Hdac5/Nrg1/Nes/Nfia/Tead3/Ntrk3/Mapk8/Nf2/Hdac3",13
"GO:0045197","establishment or maintenance of epithelial cell apical/basal polarity","5/694","44/28928",0.113636363636364,4.73670421797223,3.88894337974042,0.00392716081866093,0.0432313450058313,0.0343960386312956,"Dlg3/Mark2/Dlg1/Scrib/Sh3bp1",5
"GO:0072594","establishment of protein localization to organelle","21/694","459/28928",0.0457516339869281,1.90706522762803,3.07117089199659,0.00393462722772009,0.0432313450058313,0.0343960386312956,"Mapt/Ap3d1/Rab11a/Stk3/Smurf1/Fam53c/Vps13c/Rab3gap1/Mff/Fam53a/Spcs1/Mtch1/Akap1/Becn1/Scrib/Kcnq2/Eif4enif1/Lrwd1/Hdac3/Ap3b1/Rab3gap2",21
"GO:0006110","regulation of glycolytic process","6/694","63/28928",0.0952380952380952,3.96980924934815,3.69962986969251,0.00397704600268916,0.0433696866593252,0.0345061070285951,"Ncor1/Prxl2c/Zbtb20/Cbfa2t3/Hdac4/Src",6
"GO:0030811","regulation of nucleotide catabolic process","6/694","63/28928",0.0952380952380952,3.96980924934815,3.69962986969251,0.00397704600268916,0.0433696866593252,0.0345061070285951,"Ncor1/Prxl2c/Zbtb20/Cbfa2t3/Hdac4/Src",6
"GO:0033121","regulation of purine nucleotide catabolic process","6/694","63/28928",0.0952380952380952,3.96980924934815,3.69962986969251,0.00397704600268916,0.0433696866593252,0.0345061070285951,"Ncor1/Prxl2c/Zbtb20/Cbfa2t3/Hdac4/Src",6
"GO:0031331","positive regulation of cellular catabolic process","14/694","258/28928",0.0542635658914729,2.26186806067511,3.19194340418245,0.00403817938617996,0.0439265298815885,0.0349491467022846,"Prxl2c/Zbtb20/Ubr4/Pik3c2a/Cdk5rap3/Rab3gap1/Trim65/Atg16l1/Huwe1/Becn1/Pafah1b2/Src/Phkg2/Rab3gap2",14
"GO:1901950","dense core granule transport","3/694","14/28928",0.214285714285714,8.93207081103335,4.65416461446495,0.00410718810714863,0.0444554702813457,0.035369986128429,"Map2/Trim46/Mapk8",3
"GO:2000674","regulation of type B pancreatic cell apoptotic process","3/694","14/28928",0.214285714285714,8.93207081103335,4.65416461446495,0.00410718810714863,0.0444554702813457,0.035369986128429,"Tcf7l2/Srsf6/Hdac3",3
"GO:0043491","phosphatidylinositol 3-kinase/protein kinase B signal transduction","17/694","343/28928",0.0495626822157434,2.0659211399669,3.11349566268037,0.00412736040209864,0.044498213861135,0.0354039940877343,"Ncor1/Stk3/Rapgef1/Nrg1/Pik3c2a/Tcf7l2/P2rx4/Gfral/Rtn4/Ntrk3/Obscn/Dlg1/Rubcn/Cd40/Src/Dab2ip/Tyro3",17
"GO:1902105","regulation of leukocyte differentiation","18/694","372/28928",0.0483870967741935,2.01691921539463,3.09495589784281,0.00413153980141212,0.044498213861135,0.0354039940877343,"Ctla2a/Ap3d1/Smarca2/Cbfb/Slc9b2/Hsf1/Il15/Casp8/Nckap1l/Gnas/Zeb1/Tmem176b/Tesc/Carmil2/Fes/Ap3b1/Thoc5/Actl6b",18
"GO:0050796","regulation of insulin secretion","13/694","232/28928",0.0560344827586207,2.33568518334493,3.20245213134977,0.00420110078970755,0.0451359646421289,0.0359114060245418,"Rfx3/Pla2g6/Slc9b2/Gipr/Cask/Snap25/Brsk2/Gnas/Tcf7l2/Syt7/Hmgn3/Map4k4/Pick1",13
"GO:0031579","membrane raft organization","4/694","28/28928",0.142857142857143,5.95471387402223,4.11238628353381,0.00425362486677004,0.0454762540903208,0.0361821496020145,"Pmp22/Ppt1/Pacsin2/Dlg1",4
"GO:0097062","dendritic spine maintenance","4/694","28/28928",0.142857142857143,5.95471387402223,4.11238628353381,0.00425362486677004,0.0454762540903208,0.0361821496020145,"Cttn/Grin1/Zmynd8/Pick1",4
"GO:0051893","regulation of focal adhesion assembly","6/694","64/28928",0.09375,3.90778097982709,3.65105729565976,0.004301307575613,0.0457617162068875,0.0364092710572428,"Slk/Clasp2/Peak1/Limch1/Map4k4/Src",6
"GO:0090109","regulation of cell-substrate junction assembly","6/694","64/28928",0.09375,3.90778097982709,3.65105729565976,0.004301307575613,0.0457617162068875,0.0364092710572428,"Slk/Clasp2/Peak1/Limch1/Map4k4/Src",6
"GO:0006997","nucleus organization","10/694","156/28928",0.0641025641025641,2.67198699475356,3.28288293366577,0.00453571796804055,0.0480460701890384,0.0382267654656868,"Srpk2/Gopc/Cdan1/Bin1/Rtn4/Dctn1/Dmpk/Tor1b/Uspl1/Irag2",10
"GO:1904019","epithelial cell apoptotic process","8/694","108/28928",0.0740740740740741,3.08762941615968,3.40771703337931,0.00453805156301784,0.0480460701890384,0.0382267654656868,"Stk3/Tia1/Casp8/Tcf7l2/Srsf6/Alms1/Mapk8/Hdac3",8
"GO:0042158","lipoprotein biosynthetic process","6/694","65/28928",0.0923076923076923,3.84766127244513,3.60345829811298,0.00464466486369984,0.048937266027678,0.0389358252113358,"Zdhhc2/Rab3gap1/Zdhhc20/Atg16l1/Abca1/Rab3gap2",6
"GO:0099518","vesicle cytoskeletal trafficking","6/694","65/28928",0.0923076923076923,3.84766127244513,3.60345829811298,0.00464466486369984,0.048937266027678,0.0389358252113358,"Ap3d1/Map2/Ap3s1/Trim46/Myo19/Ap3b1",6
"GO:0043409","negative regulation of MAPK cascade","11/694","182/28928",0.0604395604395604,2.51930202362479,3.22356422617911,0.00466025650979808,0.0489832262547934,0.0389723924230927,"Ncor1/Rapgef1/Cdk5rap3/Aida/Spry1/Dlg1/Nf2/Dusp19/Fbln1/Dab2ip/Hdac3",11
"GO:0046883","regulation of hormone secretion","17/694","348/28928",0.0488505747126437,2.03623836496737,3.04904198673569,0.00476120734605576,0.0496221757681276,0.0394807581040848,"Gabbr1/Rfx3/Pla2g6/Slc9b2/Gipr/Cask/Snap25/Brsk2/Nrg1/Gnas/Cyp27b1/Tcf7l2/Syt7/Tfr2/Hmgn3/Map4k4/Pick1",17
"GO:0006623","protein targeting to vacuole","5/694","46/28928",0.108695652173913,4.53076055632126,3.75732513783227,0.00476655012536577,0.0496221757681276,0.0394807581040848,"Ap3d1/Smurf1/Vps13c/Becn1/Ap3b1",5
"GO:0038179","neurotrophin signaling pathway","5/694","46/28928",0.108695652173913,4.53076055632126,3.75732513783227,0.00476655012536577,0.0496221757681276,0.0394807581040848,"Rapgef1/Kidins220/Spry1/Ntrk3/Src",5
"GO:1902991","regulation of amyloid precursor protein catabolic process","5/694","46/28928",0.108695652173913,4.53076055632126,3.75732513783227,0.00476655012536577,0.0496221757681276,0.0394807581040848,"Picalm/Unc13a/Bin1/Rtn4/Gsap",5
"GO:0000041","transition metal ion transport","8/694","109/28928",0.073394495412844,3.05930254078206,3.37706312473034,0.00479725797089178,0.0498229506405475,0.0396405000752637,"Atp2c1/Ap3d1/Pik3c2a/Tfr2/Mmgt2/Slc39a11/Slc30a9/Dnm2",8
