"ID","Description","GeneRatio","BgRatio","RichFactor","FoldEnrichment","zScore","pvalue","p.adjust","qvalue","geneID","Count"
"GO:0008380","RNA splicing","50/1007","464/28928",0.107758620689655,3.09557237270143,8.64200748029504,1.81432051864514e-12,9.10426036256133e-09,7.36805111677154e-09,"Arvcf/Hspa8/Srsf6/Mettl16/Lsm2/Lsm5/Ccnl2/Srpk2/Srrm1/Gemin8/Srsf7/U2af1/Puf60/Raly/Rbm25/Tra2b/Sf3b1/Lsm7/Dhx9/Taf15/Elavl4/Tia1/Ythdc1/Zfp326/Srek1/Clasrp/Clk4/Sf1/Snrpd1/Prpf40b/Luc7l2/Rbm41/Clk1/Ccnl1/Prdx6/Prpf39/Kat2a/Ddx46/Thoc2/Paxbp1/Yju2b/Acin1/Ppil2/Clk3/Arglu1/Prpf4b/Mbnl1/Rsrp1/Akap17b/Hnrnpa2b1",50
"GO:0022604","regulation of cell morphogenesis","37/1007","284/28928",0.130281690140845,3.74259059820692,8.82072472908937,5.79790253085026e-12,1.45469374499033e-08,1.17727936652738e-08,"Sh3glb1/Sema4a/Picalm/Mov10/Zmym3/Numbl/Ache/Spag9/Dlg4/Fblim1/Tnik/Actr2/Dnm1l/Unc13a/Cdc42se2/Macf1/Obsl1/Numb/Cask/Plxna4/Myo9a/Dmtn/Xlr3b/Plxna3/Caprin2/Epb41l2/Fgd4/Syt17/Ptprf/Lrp8/Fmnl3/Slc23a2/Epb41l3/Ago4/Nf2/Rims2/Ptk2",37
"GO:0031346","positive regulation of cell projection organization","48/1007","471/28928",0.101910828025478,2.92758334967331,8.00995380859673,3.65009382654655e-11,5.02150699253823e-08,4.06389083031874e-08,"L1cam/Mapt/Nf1/Agrn/Sh3glb1/Picalm/Nrg1/Auts2/Numbl/Ezh2/Ache/Dlg4/Ltk/Kidins220/Dzip1/Tnik/Stk25/Actr2/Rapgef1/Cpeb1/Elavl4/Dnm1l/Crocc/Macf1/Obsl1/Numb/Cask/Nrdc/Plxna4/Flna/Xlr3b/Nptn/Plxna3/Tenm3/Caprin2/Kat2a/Ptprf/Tsc2/Def8/Adnp/Lrp8/Ttbk2/Grin1/Ube2v2/Nckap1/Ndel1/Plce1/Acsl6",48
"GO:0010639","negative regulation of organelle organization","43/1007","393/28928",0.10941475826972,3.14314809059232,8.12382327330846,4.00279553012214e-11,5.02150699253823e-08,4.06389083031874e-08,"Eml2/Mapt/Map2/Higd1a/Rtel1/Ppfia1/Ssh3/Bak1/Kntc1/Tom1l2/Shank1/Dnm1l/Trim9/Kank3/Nme6/Becn1/Camsap3/Cyrib/Cdk5rap2/Dmtn/Pparg/Flcn/Terf2/Clasp2/Zfp207/Ctc1/Kat2a/Bbof1/Sec22b/Cib1/Ttbk2/Odf2l/Limk2/Usp44/Prpf4b/Ppargc1a/Eml4/Evl/Huwe1/Inpp5j/Mdm1/Gnl3l/Sptan1",43
"GO:0051056","regulation of small GTPase mediated signal transduction","31/1007","244/28928",0.127049180327869,3.64973057450307,7.89364738031288,5.64146893458196e-10,5.66177822274646e-07,4.58206045255099e-07,"Dgkz/Rasal3/Nf1/Rasgef1a/Agrn/Picalm/Camk2d/Dock9/Nrg1/Auts2/Arhgap12/Chn1/Syngap1/Rapgef1/Ralgps1/Psd/Cdc42se2/Ralgapa1/Cyrib/Abca1/Itgav/Flcn/Iqsec1/Arfgap1/Cdc42bpa/Sipa1l2/Map4k4/Tsc2/Madd/Mapkap1/Icmt",31
"GO:0030100","regulation of endocytosis","38/1007","355/28928",0.107042253521127,3.0749933563646,7.47057302307924,1.01739510859989e-09,8.50881442492375e-07,6.88615847189189e-07,"Hspa8/Cd47/Picalm/Ank3/Nrg1/Il15/Dlg4/Myo18a/Hpca/Rapgef1/Usp46/Dnm1l/Bin1/Synj1/Nckap1l/Numb/Mff/Sirt2/Rab4b/Pparg/Actn4/Scrib/Itgav/Iqsec1/Arfgap1/Dnajc6/Dysf/Syt17/Aak1/Tsc2/Scamp5/Pacsin2/Snph/Dgkq/Kcnc3/Sgip1/Atg7/Ptk2",38
"GO:0099072","regulation of postsynaptic membrane neurotransmitter receptor levels","24/1007","166/28928",0.144578313253012,4.15328842679556,7.73765120152996,3.74478453381275e-09,2.68447554152462e-06,2.1725381551052e-06,"Dlg3/Myo6/Nrg1/Inpp4a/Ppfia1/Cpt1c/Dlg4/Mapk10/Tnik/Epb41l1/Hpca/Usp46/Sh3glb2/Slc12a5/Synj1/Numb/Nrxn3/Sirt2/Snap23/Gripap1/Scrib/Iqsec1/Syt17/Erbin",24
"GO:0000375","RNA splicing, via transesterification reactions","34/1007","315/28928",0.107936507936508,3.10068252391986,7.11926158569523,6.20842245744722e-09,2.70936078263404e-06,2.19267770749557e-06,"Hspa8/Srsf6/Mettl16/Lsm2/Lsm5/Srpk2/Srrm1/Gemin8/Srsf7/U2af1/Puf60/Rbm25/Tra2b/Sf3b1/Lsm7/Dhx9/Tia1/Ythdc1/Sf1/Snrpd1/Prpf40b/Luc7l2/Rbm41/Prdx6/Prpf39/Ddx46/Paxbp1/Yju2b/Acin1/Arglu1/Prpf4b/Mbnl1/Rsrp1/Hnrnpa2b1",34
"GO:0000377","RNA splicing, via transesterification reactions with bulged adenosine as nucleophile","34/1007","315/28928",0.107936507936508,3.10068252391986,7.11926158569523,6.20842245744722e-09,2.70936078263404e-06,2.19267770749557e-06,"Hspa8/Srsf6/Mettl16/Lsm2/Lsm5/Srpk2/Srrm1/Gemin8/Srsf7/U2af1/Puf60/Rbm25/Tra2b/Sf3b1/Lsm7/Dhx9/Tia1/Ythdc1/Sf1/Snrpd1/Prpf40b/Luc7l2/Rbm41/Prdx6/Prpf39/Ddx46/Paxbp1/Yju2b/Acin1/Arglu1/Prpf4b/Mbnl1/Rsrp1/Hnrnpa2b1",34
"GO:0000398","mRNA splicing, via spliceosome","34/1007","315/28928",0.107936507936508,3.10068252391986,7.11926158569523,6.20842245744722e-09,2.70936078263404e-06,2.19267770749557e-06,"Hspa8/Srsf6/Mettl16/Lsm2/Lsm5/Srpk2/Srrm1/Gemin8/Srsf7/U2af1/Puf60/Rbm25/Tra2b/Sf3b1/Lsm7/Dhx9/Tia1/Ythdc1/Sf1/Snrpd1/Prpf40b/Luc7l2/Rbm41/Prdx6/Prpf39/Ddx46/Paxbp1/Yju2b/Acin1/Arglu1/Prpf4b/Mbnl1/Rsrp1/Hnrnpa2b1",34
"GO:0043254","regulation of protein-containing complex assembly","43/1007","463/28928",0.0928725701943845,2.66794211577274,6.87095058256729,6.50852892354579e-09,2.70936078263404e-06,2.19267770749557e-06,"Eml2/Hspa8/Mapt/Map2/Sh3glb1/Trim65/Nrg1/Traf2/Ssh3/Bak1/Fblim1/Bmf/Isl1/Stub1/Trim9/Wars1/Kank3/Unc13a/Tirap/Bin1/Camsap3/Nckap1l/Cyrib/Cdk5rap2/Abca1/Dmtn/Mpp7/Sirt2/Cttn/Dctn1/Clasp2/Dnajc6/Hsf1/Zdhhc1/Ncam1/Creb1/Tal1/Nckap1/Evl/Slf2/Inpp5j/Gnl3l/Sptan1",43
"GO:0051962","positive regulation of nervous system development","39/1007","397/28928",0.0982367758186398,2.8220391766451,6.942172741603,7.04889772891998e-09,2.70936078263404e-06,2.19267770749557e-06,"L1cam/Mapt/Agrn/Sh3glb1/Sema4a/Picalm/Nrg1/Numbl/Ache/Dlg4/Tnik/Stk25/Actr2/Adgrb2/Dnm1l/Rnf112/Bin1/Macf1/Synj1/Obsl1/Vcan/Numb/Cask/Nrdc/Plxna4/Xlr3b/Nptn/Pparg/Plxna3/Srrt/Iqsec1/Caprin2/Adgrl1/Ptprf/Adnp/Lrp8/Ube2v2/Ndel1/Ptk2",39
"GO:0099003","vesicle-mediated transport in synapse","34/1007","317/28928",0.107255520504732,3.08111985815381,7.0755654806386,7.29178756547217e-09,2.70936078263404e-06,2.19267770749557e-06,"Ap3d1/Rimbp2/Myo6/Picalm/Nrg1/Mapk10/Hpca/Usp46/Sh3glb2/Dnm1l/Trim9/Unc13a/Bin1/Synj1/Numb/Cask/Mff/Ap3s1/Sirt2/Snap23/Gripap1/Scrib/Clcn3/Iqsec1/Dnajc6/Syt17/Aak1/Scamp5/Dgkq/Bltp1/Kcnc3/Sgip1/Atg7/Rims2",34
"GO:0050803","regulation of synapse structure or activity","39/1007","398/28928",0.0979899497487437,2.81494862595001,6.92398208221041,7.55899779929785e-09,2.70936078263404e-06,2.19267770749557e-06,"Hspa8/L1cam/Cd47/Nf1/Agrn/Sema4a/Picalm/Pdlim5/Nrg1/Numbl/Dlg4/Setd5/Actr2/Ube3a/Adgrb2/Syngap1/Rps6ka5/Dnm1l/Psd/Slc12a5/Strn4/Numb/Cask/Ptprs/Nae1/Xlr3b/Gripap1/Iqsec1/Caprin2/Dctn1/Nrcam/Adgrl1/Ptprf/Tsc2/Adnp/Lrp8/Grin1/Ube2v2/Ptk2",39
"GO:0050767","regulation of neurogenesis","44/1007","485/28928",0.0907216494845361,2.60615280664216,6.77440221524254,8.8036178267563e-09,2.94510361697754e-06,2.3834636895176e-06,"L1cam/Mapt/Nf1/Map2/Sh3glb1/Picalm/Nrg1/Numbl/Ezh2/Ache/Dlg4/Sema6c/Tnik/Stk25/Actr2/Syngap1/Dnm1l/Rnf112/Bin1/Macf1/Synj1/Obsl1/Vcan/Numb/Cask/Nrdc/Plxna4/Ptprs/Sirt2/Xlr3b/Arhgap4/Nptn/Pparg/Plxna3/Srrt/Caprin2/Ptprf/Tsc2/Adnp/Lrp8/Trim46/Nf2/Ndel1/Ptk2",44
"GO:0050807","regulation of synapse organization","38/1007","390/28928",0.0974358974358974,2.79903241412675,6.79298215623318,1.36937388748896e-08,4.29469885463726e-06,3.47568714337659e-06,"Hspa8/L1cam/Cd47/Nf1/Agrn/Sema4a/Picalm/Pdlim5/Nrg1/Numbl/Dlg4/Setd5/Actr2/Ube3a/Adgrb2/Rps6ka5/Dnm1l/Psd/Slc12a5/Strn4/Numb/Cask/Ptprs/Nae1/Xlr3b/Gripap1/Iqsec1/Caprin2/Dctn1/Nrcam/Adgrl1/Ptprf/Tsc2/Adnp/Lrp8/Grin1/Ube2v2/Ptk2",38
"GO:0022411","cellular component disassembly","40/1007","433/28928",0.092378752886836,2.65375626962303,6.58464051625169,2.53349369250872e-08,7.47827726412281e-06,6.05214778061836e-06,"Hspa8/Cd47/Map2/Nrg1/Nes/Akap8l/Cdk5rap3/Ogfod1/Vps54/Wnk1/Snx14/Becn1/Ufsp2/Camsap3/Synj1/Chka/Dmtn/Arhgef1/Exog/Iqsec1/Dctn1/Clasp2/Chmp3/Dnajc6/Hsf1/Bbof1/Map4k4/Cib1/Acin1/Dedd2/Ttbk2/Asph/Stmn4/Sharpin/Eml4/Evl/Klc1/Ndel1/Tom1/Sptan1",40
"GO:0016050","vesicle organization","37/1007","385/28928",0.0961038961038961,2.7607681295864,6.60516503884733,3.03818974784394e-08,8.4697978637116e-06,6.85458248373212e-06,"Ap3d1/Rimbp2/Picalm/Hps1/Dlg4/Myo18a/Vps33b/Hps4/Snx19/Pikfyve/Vps11/Stam/Trim9/Unc13a/Synj1/Vti1a/Abca1/Hps3/Ccdc38/Ap3s1/Snap23/Rab4b/Clcn3/Plekhj1/Chmp3/Sec22b/Dysf/Sec31b/Nbeal2/Creb1/Slc9a8/Atp13a2/Sec24c/Snph/Ubr4/Rims2/Tom1",37
"GO:0050775","positive regulation of dendrite morphogenesis","14/1007","65/28928",0.215384615384615,6.18733481017493,7.9511724406089,4.09152718155822e-08,1.08059386300311e-05,8.74521433044411e-06,"Sh3glb1/Numbl/Ache/Dlg4/Tnik/Actr2/Dnm1l/Obsl1/Numb/Cask/Xlr3b/Caprin2/Ptprf/Lrp8",14
"GO:0007264","small GTPase-mediated signal transduction","40/1007","444/28928",0.0900900900900901,2.58801005573597,6.40390961202352,5.02642728833942e-08,1.26113060664436e-05,1.02062928833755e-05,"Dgkz/Arhgef11/Rasal3/Nf1/Rasgef1a/Agrn/Picalm/Camk2d/Dock9/Nrg1/Auts2/Arhgap12/Cdk2/Chn1/Rapgef3/Syngap1/Rapgef1/Racgap1/Ralgps1/Psd/Ralgps2/Cdc42se2/Ralgapa1/Cyrib/Abca1/Rab4b/Itgav/Flcn/Iqsec1/Arfgap1/Cdc42bpa/Sipa1l2/Map4k4/Tsc2/Madd/Mapkap1/Icmt/Nckap1/Plce1/Rhobtb1",40
"GO:0050684","regulation of mRNA processing","21/1007","149/28928",0.140939597315436,4.04875935565138,7.08564482989424,5.49033119695788e-08,1.31192771173022e-05,1.06173923598313e-05,"Hspa8/Srsf6/Mettl16/Srpk2/Srrm1/Srsf7/Puf60/Rbm25/Tra2b/Dhx9/Cpeb1/Tia1/Ythdc1/Sf1/Prdx6/Acin1/Arglu1/Hdac7/Mbnl1/Safb2/Hnrnpa2b1",21
"GO:0010770","positive regulation of cell morphogenesis","14/1007","67/28928",0.208955223880597,6.00263824867717,7.78541490077651,6.15348619223648e-08,1.40355425966558e-05,1.13589233156212e-05,"Sh3glb1/Numbl/Ache/Dlg4/Tnik/Actr2/Dnm1l/Obsl1/Numb/Cask/Xlr3b/Caprin2/Ptprf/Lrp8",14
"GO:0016358","dendrite development","33/1007","331/28928",0.0996978851963746,2.86401233660449,6.47744136375183,7.07892913599359e-08,1.54443766975721e-05,1.24990886071685e-05,"Map2/Myo6/Sh3glb1/Picalm/Pdlim5/Numbl/Ezh2/Ache/D16Ertd472e/Dlg4/Kidins220/Tnik/Actr2/Ube3a/Mink1/Syngap1/Shank1/Elavl4/Dnm1l/Slc12a5/Obsl1/Numb/Cask/Mef2a/Ptprs/Xlr3b/Iqsec1/Sult4a1/Caprin2/Ptprf/Tsc2/Lrp8/Grin1",33
"GO:0050769","positive regulation of neurogenesis","33/1007","332/28928",0.0993975903614458,2.85538579342195,6.45730906288263,7.60360676896154e-08,1.58978744861037e-05,1.28661030327428e-05,"L1cam/Mapt/Sh3glb1/Picalm/Nrg1/Numbl/Ache/Dlg4/Tnik/Stk25/Actr2/Dnm1l/Rnf112/Bin1/Macf1/Synj1/Obsl1/Vcan/Numb/Cask/Nrdc/Plxna4/Xlr3b/Nptn/Pparg/Plxna3/Srrt/Caprin2/Ptprf/Adnp/Lrp8/Ndel1/Ptk2",33
"GO:0048813","dendrite morphogenesis","24/1007","194/28928",0.123711340206186,3.55384473633022,6.77794843255089,8.14589337913557e-08,1.63504371906009e-05,1.323236069756e-05,"Sh3glb1/Picalm/Pdlim5/Numbl/Ache/Dlg4/Kidins220/Tnik/Actr2/Ube3a/Mink1/Shank1/Elavl4/Dnm1l/Obsl1/Numb/Cask/Mef2a/Xlr3b/Sult4a1/Caprin2/Ptprf/Lrp8/Grin1",24
"GO:0001558","regulation of cell growth","40/1007","456/28928",0.087719298245614,2.51990452795345,6.21284746866363,1.02932019296996e-07,1.92999778883231e-05,1.56194153034655e-05,"L1cam/Mapt/Map2/Sh3glb1/Picalm/Nrg1/Spag9/Sema6c/Ip6k2/Unc13a/Nme6/Macf1/Plxna4/Hsd3b7/Tro/Ptprs/Bap1/Arhgap4/Cttn/Pparg/Plxna3/Caprin2/Clasp2/Zfp639/Syt17/Cib1/Kazald1/Adnp/Mapkap1/Slc23a2/Bltp1/Trim46/Map2k5/Nf2/Ndel1/Rims2/Brat1/Ncoa3/Ptk2/Foxp1",40
"GO:1903311","regulation of mRNA metabolic process","32/1007","320/28928",0.1,2.87269116186693,6.39732405267442,1.03846034871407e-07,1.92999778883231e-05,1.56194153034655e-05,"Hspa8/Srsf6/Mettl16/Pan2/Srpk2/Mov10/Srrm1/Srsf7/Traf2/Puf60/Rbm25/Tra2b/Dhx9/Cpeb1/Taf15/Elavl4/Tia1/Ythdc1/Tirap/Sf1/Tnrc6a/Prdx6/Cnot2/Tut7/Ythdf3/Acin1/Arglu1/Hdac7/Mbnl1/Zc3h14/Safb2/Hnrnpa2b1",32
"GO:0051656","establishment of organelle localization","42/1007","500/28928",0.084,2.41306057596822,6.05304046755755,1.63797980195296e-07,2.93549380221428e-05,2.37568649471223e-05,"Abraxas1/Mapt/Ap3d1/Map2/Picalm/Myo19/Stk25/Racgap1/Dnm1l/Stam/Pkd1/Crocc/Unc13a/Becn1/Copg2/Synj1/Cdk5rap2/Ap1ar/Ap3s1/Sirt2/Snap23/Exoc7/Actn4/Scrib/Exoc1/Dctn1/Clasp2/Zfp207/Chmp3/Rab44/Cdc42bpa/Atp13a2/Madd/Kif1b/Limk2/Nlrp4f/Trim46/Eml4/Ndel1/Tacc2/Ptk2/Ikbkg",42
"GO:0099173","postsynapse organization","31/1007","314/28928",0.0987261146496815,2.83609636999602,6.21257948715453,2.17724093284994e-07,3.76737758656587e-05,3.04892759307989e-05,"Dgkz/Hspa8/Nf1/Agrn/Pdlim5/Numbl/Sorbs1/Dlg4/Actr2/Ube3a/Syngap1/Shank1/Rps6ka5/Dnm1l/Psd/Slc12a5/Arhgap39/Numb/Cask/Nrxn3/Myo9a/Ptprs/Nae1/Xlr3b/Cttn/Caprin2/Nrcam/Ptprf/Tsc2/Lrp8/Grin1",31
"GO:0050770","regulation of axonogenesis","22/1007","178/28928",0.123595505617978,3.55051716635239,6.48216790667065,2.84234496309104e-07,4.75429567493028e-05,3.84763749740535e-05,"L1cam/Mapt/Map2/Picalm/Ache/Sema6c/Stk25/Chn1/Syngap1/Macf1/Nrdc/Plxna4/Ptprs/Arhgap4/Plxna3/Brsk2/Tsc2/Adnp/Grin1/Trim46/Ndel1/Ptk2",22
"GO:0010506","regulation of autophagy","31/1007","319/28928",0.0971786833855799,2.7916434488362,6.11077843492271,3.08606257542009e-07,4.9954393559542e-05,4.04279436875066e-05,"Mapt/Sh3glb1/Trim65/Cdk5rap3/Atg16l1/Bmf/Elapor1/Wnk1/Dnm1l/Stub1/Xpa/Becn1/Depdc5/Sirt2/Cttn/Flcn/Tpcn2/Trim23/Sec22b/Tsc2/Tnfaip3/Zkscan3/Atp13a2/Pafah1b2/Gpr137/Huwe1/Ubr4/Atg7/Ptk2/Tom1/Ikbkg",31
"GO:0043484","regulation of RNA splicing","23/1007","194/28928",0.118556701030928,3.40576787231646,6.38494985512706,3.27280390971193e-07,5.13216563091702e-05,4.15344654068047e-05,"Hspa8/Srsf6/Mettl16/Ccnl2/Srrm1/Srsf7/Puf60/Rbm25/Tra2b/Tia1/Ythdc1/Zfp326/Clk4/Sf1/Clk1/Ccnl1/Prdx6/Kat2a/Acin1/Clk3/Arglu1/Mbnl1/Hnrnpa2b1",23
"GO:0032535","regulation of cellular component size","36/1007","411/28928",0.0875912408759124,2.51622583521191,5.87941118506412,4.59085791204029e-07,6.98088636442976e-05,5.64961078936251e-05,"L1cam/Mapt/Map2/Picalm/Ush1c/Sema6c/Ssh3/Rapgef3/Wnk1/Kank3/Cdk4/Slc12a5/Bin1/Macf1/Nckap1l/Cyrib/Plxna4/Dmtn/Ptprs/Arhgap4/Cttn/Plxna3/Clcn3/Kcnma1/Clasp2/Chmp3/Naa80/Tsc2/Creb1/Adnp/Atp13a2/Trim46/Nckap1/Evl/Ndel1/Sptan1",36
"GO:1901888","regulation of cell junction assembly","30/1007","309/28928",0.0970873786407767,2.78902054550188,6.00438165324454,4.86296587700193e-07,7.17716552082226e-05,5.80845893296392e-05,"L1cam/Agrn/Sema4a/Pdlim5/Nrg1/Numbl/Dlg4/Setd5/Adgrb2/Rapgef1/Nphp1/Psd/Slc12a5/Macf1/Camsap3/Slk/Numb/Peak1/Dmtn/Ptprs/Nae1/Xlr3b/Iqsec1/Clasp2/Adgrl1/Map4k4/Adnp/Grin1/Ube2v2/Ptk2",30
"GO:0140238","presynaptic endocytosis","15/1007","92/28928",0.16304347826087,4.68373559000043,6.72072002913131,6.44836313294475e-07,9.24511034317622e-05,7.48204059154913e-05,"Ap3d1/Picalm/Dnm1l/Bin1/Synj1/Mff/Ap3s1/Scrib/Dnajc6/Aak1/Scamp5/Dgkq/Bltp1/Kcnc3/Sgip1",15
"GO:1990138","neuron projection extension","23/1007","202/28928",0.113861386138614,3.27088597638314,6.15083934553785,6.7371660582892e-07,9.39086091124867e-05,7.59999609733326e-05,"L1cam/Mapt/Map2/Sh3glb1/Picalm/Auts2/Spag9/Sema6c/Unc13a/Macf1/Plxna4/Ptprs/Arhgap4/Cttn/Plxna3/Clasp2/Pak6/Syt17/Adnp/Slc23a2/Trim46/Ndel1/Rims2",23
"GO:0016482","cytosolic transport","18/1007","131/28928",0.137404580152672,3.94720923004617,6.42057527508186,7.07393528845622e-07,9.59378575066846e-05,7.76422257264981e-05,"Map2/Spag9/Actr2/Vps54/Pikfyve/Vti1a/Ap1ar/Rab4b/Tpcn2/Bltp3b/Vps26a/Dctn1/Plekhj1/Gcc2/Snx32/Sys1/Kif1b/Trim46",18
"GO:0048588","developmental cell growth","28/1007","285/28928",0.0982456140350877,2.82229307130786,5.87127403665655,9.14927171281123e-07,0.000120818540670755,9.77780893851129e-05,"L1cam/Mapt/Map2/Sh3glb1/Picalm/Camk2d/Pdlim5/Auts2/Spag9/Sema6c/Fubp1/Unc13a/Macf1/Plxna4/Ptprs/Arhgap4/Cttn/Plxna3/Clasp2/Shbg/Pak6/Syt17/Adnp/Slc23a2/Trim46/Ndel1/Rims2/Foxp1",28
"GO:0098884","postsynaptic neurotransmitter receptor internalization","11/1007","51/28928",0.215686274509804,6.19600054520319,7.05308614630626,1.14465735420093e-06,0.000142796536323761,0.000115564816583892,"Myo6/Nrg1/Hpca/Usp46/Sh3glb2/Synj1/Numb/Sirt2/Scrib/Iqsec1/Syt17",11
"GO:0140239","postsynaptic endocytosis","11/1007","51/28928",0.215686274509804,6.19600054520319,7.05308614630626,1.14465735420093e-06,0.000142796536323761,0.000115564816583892,"Myo6/Nrg1/Hpca/Usp46/Sh3glb2/Synj1/Numb/Sirt2/Scrib/Iqsec1/Syt17",11
"GO:0031503","protein-containing complex localization","27/1007","272/28928",0.0992647058823529,2.85156843273556,5.8266292465598,1.16673136494105e-06,0.000142796536323761,0.000115564816583892,"Dlg3/Ap3d1/Myo6/Nrg1/Dlg4/Mapk10/Dzip1/Tnik/Epb41l1/Hpca/Zdhhc3/Usp46/Sh3glb2/Slc12a5/Synj1/Numb/Nrxn3/Ccdc38/Rpgr/Sirt2/Snap23/Nptn/Gripap1/Scrib/Iqsec1/Syt17/Exoc3l4",27
"GO:0031329","regulation of cellular catabolic process","36/1007","428/28928",0.0841121495327103,2.41628228568247,5.6059629924276,1.19805363420978e-06,0.00014313888420154,0.000115841877713818,"Mapt/Sh3glb1/Trim65/Cdk5rap3/Atg16l1/Bmf/Elapor1/Wnk1/Dnm1l/Stub1/Prxl2c/Xpa/Becn1/Depdc5/Nrdc/Sirt2/Cttn/Flcn/Tpcn2/Zbtb20/Trim23/Sec22b/Tsc2/Tnfaip3/Zkscan3/Atp13a2/Pafah1b2/Gpld1/Pfkfb1/Gpr137/Huwe1/Ubr4/Atg7/Ptk2/Tom1/Ikbkg",36
"GO:0007163","establishment or maintenance of cell polarity","25/1007","243/28928",0.102880658436214,2.95544358216763,5.81328946740391,1.50016486572921e-06,0.000175065751075098,0.000141680197110974,"Dlg3/Map2/Ank3/Dlg4/Myo18a/Stk25/Actr2/Pkd1/Macf1/Camsap3/Kcnq2/Nckap1l/Cyrib/Cdk5rap2/Myo9a/Dst/Scrib/Dctn1/Clasp2/Brsk2/Tsc2/Amotl1/Nckap1/Ndel1/Rhobtb1",25
"GO:0048488","synaptic vesicle endocytosis","14/1007","86/28928",0.162790697674419,4.67647398443454,6.48438787852727,1.54473545307349e-06,0.000176170056898245,0.000142573908563577,"Ap3d1/Picalm/Dnm1l/Bin1/Synj1/Mff/Ap3s1/Scrib/Dnajc6/Scamp5/Dgkq/Bltp1/Kcnc3/Sgip1",14
"GO:0036465","synaptic vesicle recycling","15/1007","100/28928",0.15,4.3090367428004,6.29499343551138,1.92449516714189e-06,0.000209937320624304,0.000169901655717012,"Ap3d1/Picalm/Dnm1l/Bin1/Synj1/Mff/Ap3s1/Gripap1/Scrib/Dnajc6/Scamp5/Dgkq/Bltp1/Kcnc3/Sgip1",15
"GO:0048814","regulation of dendrite morphogenesis","15/1007","100/28928",0.15,4.3090367428004,6.29499343551138,1.92449516714189e-06,0.000209937320624304,0.000169901655717012,"Sh3glb1/Numbl/Ache/Dlg4/Tnik/Actr2/Dnm1l/Obsl1/Numb/Cask/Xlr3b/Caprin2/Ptprf/Lrp8/Grin1",15
"GO:0046486","glycerolipid metabolic process","33/1007","385/28928",0.0857142857142857,2.46230671017166,5.48554746976622,2.19534163824488e-06,0.00023438775193006,0.000189689317812962,"Dgkz/Pnpla3/Sh3glb1/Pla2g6/Inpp4a/Ip6k1/Smpd4/Pcyt2/Sel1l/Ip6k2/Pikfyve/Pnpla6/Becn1/Chkb/Synj1/Chka/Tafazzin/Ptdss1/Ddhd1/Pla2g4b/Lmf1/Prdx6/Gpld1/Plch1/Agk/Dgkq/Dgat1/Mboat1/Tmem68/Inpp5j/Plce1/Acsl6/Cdk8",33
"GO:0016197","endosomal transport","27/1007","284/28928",0.0950704225352113,2.73107962571856,5.56750135167147,2.6694735818103e-06,0.00027418766659023,0.000221899271612743,"Ap3d1/Sh3glb1/Picalm/Spag9/Vps54/Pikfyve/Vps11/Dnm1l/Stam/Becn1/Vti1a/Abca1/Flna/Washc3/Rab4b/Gripap1/Scrib/Bltp3b/Vps26a/Dctn1/Plekhj1/Chmp3/Gcc2/Snx32/Bltp1/Nf2/Tom1",27
"GO:0051650","establishment of vesicle localization","22/1007","203/28928",0.108374384236453,3.1132613576883,5.73815348704372,2.67740049081731e-06,0.00027418766659023,0.000221899271612743,"Ap3d1/Map2/Picalm/Myo19/Stam/Unc13a/Synj1/Ap1ar/Ap3s1/Exoc7/Actn4/Scrib/Exoc1/Dctn1/Clasp2/Atp13a2/Madd/Kif1b/Limk2/Trim46/Ndel1/Ikbkg",22
"GO:0031334","positive regulation of protein-containing complex assembly","23/1007","219/28928",0.105022831050228,3.01698158552235,5.6900476953813,2.74327937473493e-06,0.000275315518048397,0.000222812038478471,"Mapt/Sh3glb1/Trim65/Nrg1/Bak1/Bmf/Stub1/Wars1/Tirap/Bin1/Nckap1l/Cdk5rap2/Abca1/Mpp7/Cttn/Dctn1/Zdhhc1/Creb1/Tal1/Nckap1/Evl/Slf2/Gnl3l",23
"GO:0007416","synapse assembly","28/1007","304/28928",0.0921052631578947,2.64589975435112,5.47868030983605,3.2502911802504e-06,0.000319803159656794,0.000258815755901054,"L1cam/Mapt/Agrn/Myo6/Sema4a/Pdlim5/Nrg1/Numbl/Ache/Dlg4/Setd5/Adgrb2/Psd/Slc12a5/Numb/Plxna4/Nrxn3/Ptprs/Nae1/Xlr3b/Nptn/Plxna3/Iqsec1/Adgrl1/Adnp/Grin1/Ube2v2/Ptk2",28
"GO:0007265","Ras protein signal transduction","16/1007","118/28928",0.135593220338983,3.89517445676872,5.984736885648,3.45917624985607e-06,0.00033381050811111,0.000270151861780257,"Dgkz/Rasal3/Nf1/Rasgef1a/Picalm/Nrg1/Cdk2/Rapgef3/Syngap1/Rapgef1/Ralgps1/Ralgps2/Flcn/Mapkap1/Icmt/Plce1",16
"GO:0099175","regulation of postsynapse organization","21/1007","191/28928",0.109947643979058,3.15845625126731,5.68381807734294,3.56695811132306e-06,0.00033771690193621,0.000273313294806045,"Hspa8/Nf1/Pdlim5/Numbl/Actr2/Ube3a/Rps6ka5/Dnm1l/Psd/Slc12a5/Numb/Cask/Ptprs/Nae1/Xlr3b/Caprin2/Nrcam/Ptprf/Tsc2/Lrp8/Grin1",21
"GO:0099590","neurotransmitter receptor internalization","11/1007","57/28928",0.192982456140351,5.54378996149759,6.52117283805322,3.66470811837012e-06,0.000340546395147801,0.000275603195334735,"Myo6/Nrg1/Hpca/Usp46/Sh3glb2/Synj1/Numb/Sirt2/Scrib/Iqsec1/Syt17",11
"GO:0051648","vesicle localization","23/1007","225/28928",0.102222222222222,2.93652874324175,5.53799436832805,4.33482347834705e-06,0.000392574974521472,0.000317709771497103,"Ap3d1/Map2/Picalm/Myo19/Vps33b/Stam/Unc13a/Synj1/Ap1ar/Ap3s1/Exoc7/Actn4/Scrib/Exoc1/Dctn1/Clasp2/Atp13a2/Madd/Kif1b/Limk2/Trim46/Ndel1/Ikbkg",23
"GO:0046578","regulation of Ras protein signal transduction","11/1007","58/28928",0.189655172413793,5.44820737595452,6.43986227511378,4.38106787030738e-06,0.000392574974521472,0.000317709771497103,"Dgkz/Rasal3/Nf1/Rasgef1a/Picalm/Nrg1/Syngap1/Rapgef1/Flcn/Mapkap1/Icmt",11
"GO:0008088","axo-dendritic transport","14/1007","94/28928",0.148936170212766,4.27847619852522,6.04622721208637,4.58368009207818e-06,0.000397470288471238,0.000321671534669303,"Hspa8/Mapt/Ap3d1/Map2/Ank3/Atg16l1/Ap3s1/Dst/Terf2/Madd/Kif1b/Trim46/Klc1/Ndel1",14
"GO:0006887","exocytosis","33/1007","399/28928",0.0827067669172932,2.37590998349897,5.25574328335053,4.72136092316054e-06,0.000397470288471238,0.000321671534669303,"Rimbp2/Pla2g6/Cacna1g/Epb41l1/Snx19/Septin2/Vps11/Dnm1l/Stam/Trim9/Unc13a/Synj1/Kcnq2/Txlna/Nckap1l/Cask/Snap23/Washc3/Exoc7/Scrib/Exoc1/Tpcn2/Clasp2/Brsk2/Rab44/Syt17/Scamp5/Ncam1/Atp13a2/Cacna1c/Cbarp/Exoc3l4/Rims2",33
"GO:0090140","regulation of mitochondrial fission","9/1007","38/28928",0.236842105263158,6.80374222547431,6.79871899163339,4.7527605897462e-06,0.000397470288471238,0.000321671534669303,"Mapt/Mief2/Myo19/Dnm1l/Cyrib/Mff/Ddhd1/Pparg/Ppargc1a",9
"GO:0006650","glycerophospholipid metabolic process","26/1007","276/28928",0.0942028985507246,2.70615834088914,5.4087555291232,4.80037701344239e-06,0.000397470288471238,0.000321671534669303,"Dgkz/Pnpla3/Sh3glb1/Pla2g6/Inpp4a/Ip6k1/Smpd4/Pcyt2/Ip6k2/Pikfyve/Pnpla6/Becn1/Chkb/Synj1/Chka/Tafazzin/Ptdss1/Ddhd1/Pla2g4b/Prdx6/Gpld1/Plch1/Dgkq/Mboat1/Inpp5j/Plce1",26
"GO:0051261","protein depolymerization","17/1007","135/28928",0.125925925925926,3.61746294457317,5.78901822037533,4.83174324367188e-06,0.000397470288471238,0.000321671534669303,"Hspa8/Map2/Nes/Camsap3/Synj1/Dmtn/Arhgef1/Clasp2/Dnajc6/Bbof1/Cib1/Ttbk2/Asph/Stmn4/Eml4/Evl/Sptan1",17
"GO:0051494","negative regulation of cytoskeleton organization","20/1007","180/28928",0.111111111111111,3.19187906874103,5.60208859321846,5.14719467499518e-06,0.000416590691598803,0.000337145620647392,"Eml2/Map2/Ppfia1/Ssh3/Shank1/Kank3/Camsap3/Cyrib/Cdk5rap2/Dmtn/Clasp2/Kat2a/Bbof1/Cib1/Ttbk2/Eml4/Evl/Inpp5j/Mdm1/Sptan1",20
"GO:0048024","regulation of mRNA splicing, via spliceosome","16/1007","123/28928",0.130081300813008,3.73683403169682,5.77654320868931,5.97863945241888e-06,0.000469531481759957,0.000379990446315352,"Hspa8/Srsf6/Mettl16/Srrm1/Srsf7/Puf60/Rbm25/Tra2b/Tia1/Ythdc1/Sf1/Prdx6/Acin1/Arglu1/Mbnl1/Hnrnpa2b1",16
"GO:0099149","regulation of postsynaptic neurotransmitter receptor internalization","9/1007","39/28928",0.230769230769231,6.629287296616,6.68067602942474,5.98844456608953e-06,0.000469531481759957,0.000379990446315352,"Nrg1/Hpca/Usp46/Synj1/Numb/Sirt2/Scrib/Iqsec1/Syt17",9
"GO:0031023","microtubule organizing center organization","18/1007","153/28928",0.117647058823529,3.37963666101992,5.60466486973146,6.78060071299786e-06,0.000517709495032428,0.000418980770664578,"Ccnl2/Dzip1/Cdk2/Crocc/Cdk5rap2/Cntln/Dctn1/Ccnl1/Clasp2/Chmp3/Kat2a/Gcc2/Haus2/Slc16a1/Cep250/Uxt/Ndel1/Mdm1",18
"GO:1902903","regulation of supramolecular fiber organization","33/1007","406/28928",0.0812807881773399,2.33494601826623,5.1444349741128,6.80925202713039e-06,0.000517709495032428,0.000418980770664578,"Eml2/Hspa8/Mapt/Cd47/Map2/Ppfia1/Ssh3/Mtss1/Rapgef3/Shank1/Kank3/Bin1/Camsap3/Nckap1l/Cyrib/Cdk5rap2/Dmtn/Ap1ar/Flna/Washc3/Cttn/Dctn1/Clasp2/Bbof1/Naa80/Cib1/Ttbk2/Nckap1/Eml4/Evl/Nf2/Inpp5j/Sptan1",33
"GO:0032984","protein-containing complex disassembly","25/1007","265/28928",0.0943396226415094,2.71008600176126,5.31105765367648,7.07938298622968e-06,0.000530214086938814,0.000429100700092288,"Hspa8/Map2/Nrg1/Nes/Ogfod1/Wnk1/Snx14/Becn1/Camsap3/Synj1/Dmtn/Arhgef1/Clasp2/Chmp3/Dnajc6/Bbof1/Cib1/Ttbk2/Asph/Stmn4/Eml4/Evl/Klc1/Tom1/Sptan1",25
"GO:0000245","spliceosomal complex assembly","10/1007","50/28928",0.2,5.74538232373386,6.37783975244172,7.2374373430406e-06,0.000534080302755555,0.000432229617174158,"Srsf6/Srpk2/Puf60/Sf3b1/Ythdc1/Luc7l2/Prpf39/Ddx46/Mbnl1/Rsrp1",10
"GO:0008361","regulation of cell size","22/1007","217/28928",0.101382488479263,2.91240578622454,5.37015356700312,7.93704142519107e-06,0.000577218461907374,0.00046714120241628,"L1cam/Mapt/Map2/Sema6c/Rapgef3/Wnk1/Cdk4/Slc12a5/Macf1/Plxna4/Ptprs/Arhgap4/Cttn/Plxna3/Clcn3/Kcnma1/Clasp2/Tsc2/Creb1/Adnp/Trim46/Ndel1",22
"GO:0031345","negative regulation of cell projection organization","22/1007","218/28928",0.100917431192661,2.8990461266547,5.34500496445726,8.54314330296296e-06,0.000612421329918116,0.000495630779892197,"Map2/Neo1/Dync1i2/Sema6c/Ube3a/Syngap1/Dguok/Ptprs/Flna/Arhgap4/Plxna3/Thoc2/Ptprf/Map4k4/Tsc2/Cib1/Odf2l/Limk2/Trim46/Evl/Inpp5j/Ptk2",22
"GO:0000266","mitochondrial fission","10/1007","51/28928",0.196078431372549,5.63272776836653,6.28849588417366,8.72348124275757e-06,0.000616541251776866,0.000498965020527186,"Mapt/Mief2/Myo19/Dnm1l/Mtfr1/Cyrib/Mff/Ddhd1/Pparg/Ppargc1a",10
"GO:0060402","calcium ion transport into cytosol","8/1007","32/28928",0.25,7.18172790466733,6.64457118991291,1.04793019291327e-05,0.000730349126116498,0.000591069398283537,"Cacna1g/Slc8a1/Bak1/P2rx4/Cacna1c/Asph/Cacnb3/Grin1",8
"GO:0048638","regulation of developmental growth","32/1007","397/28928",0.0806045340050378,2.31551932442675,5.01227553839048,1.1058959339686e-05,0.000760189835158142,0.000615219396287074,"L1cam/Mapt/Map2/Agrn/Sh3glb1/Picalm/Nrg1/Spag9/Sema6c/Mbd5/Ncor1/Unc13a/Macf1/Plxna4/Ptprs/Arhgap4/Cttn/Plxna3/Clasp2/Hsf1/Syt17/Ncam1/Creb1/Adnp/Cacna1c/Slc23a2/Trim46/Sgip1/Ndel1/Rims2/Ptk2/Foxp1",32
"GO:0006644","phospholipid metabolic process","30/1007","361/28928",0.0831024930747922,2.38727797385064,5.0371597363683,1.14785454507031e-05,0.000768317653309365,0.000621797215595967,"Dgkz/Pnpla3/Sh3glb1/Pla2g6/Inpp4a/Ip6k1/Isyna1/Smpd4/Pcyt2/Ip6k2/Pikfyve/Pnpla6/Becn1/Chkb/Synj1/Chka/Tafazzin/Ptdss1/Ddhd1/Pla2g4b/Prdx6/Proca1/Samd8/Gpld1/Plch1/Dgkq/Mboat1/Inpp5j/Plce1/Acsl6",30
"GO:0031109","microtubule polymerization or depolymerization","17/1007","144/28928",0.118055555555556,3.39137151053735,5.46328268669998,1.15699984358414e-05,0.000768317653309365,0.000621797215595967,"Eml2/Mapt/Map2/Camsap3/Cdk5rap2/Arhgef1/Dctn1/Clasp2/Zfp207/Bbof1/Cib1/Haus2/Ttbk2/Stmn4/Eml4/Ndel1/Inpp5j",17
"GO:0007612","learning","21/1007","206/28928",0.101941747572816,2.92847157277697,5.2752186038522,1.16365367978302e-05,0.000768317653309365,0.000621797215595967,"Nf1/Deaf1/Fos/Ube3a/Rapgef3/Syngap1/Shank1/Elavl4/Slc12a5/Vdac3/Synj1/Kcnq2/Dbh/Nrxn3/Nptn/Pak6/Idua/Creb1/Cacna1c/Grin1/Chrd",21
"GO:0033363","secretory granule organization","12/1007","76/28928",0.157894736842105,4.53582815031621,5.86152919215889,1.18211076471475e-05,0.000770367768485533,0.000623456367774368,"Ap3d1/Hps1/Vps33b/Hps4/Snx19/Abca1/Hps3/Ccdc38/Ap3s1/Nbeal2/Creb1/Slc9a8",12
"GO:0030516","regulation of axon extension","14/1007","102/28928",0.137254901960784,3.94290943785657,5.65438975900131,1.20881900009016e-05,0.000777673556724667,0.000629368920694713,"L1cam/Mapt/Map2/Sema6c/Macf1/Plxna4/Ptprs/Arhgap4/Cttn/Plxna3/Clasp2/Adnp/Trim46/Ndel1",14
"GO:0010977","negative regulation of neuron projection development","18/1007","160/28928",0.1125,3.2317775571003,5.3759721602043,1.26638810027528e-05,0.000804396897111566,0.000650996041420659,"Map2/Neo1/Dync1i2/Sema6c/Ube3a/Syngap1/Dguok/Ptprs/Flna/Arhgap4/Plxna3/Thoc2/Map4k4/Tsc2/Cib1/Trim46/Inpp5j/Ptk2",18
"GO:0010976","positive regulation of neuron projection development","23/1007","241/28928",0.0954356846473029,2.74157247813027,5.15594714124433,1.34788931519507e-05,0.00082792773818864,0.000670039481850973,"Mapt/Nf1/Nrg1/Ezh2/Ltk/Kidins220/Actr2/Rapgef1/Cpeb1/Elavl4/Dnm1l/Cask/Flna/Xlr3b/Nptn/Tenm3/Caprin2/Tsc2/Adnp/Lrp8/Ube2v2/Ndel1/Acsl6",23
"GO:0051963","regulation of synapse assembly","21/1007","208/28928",0.100961538461538,2.9003131922695,5.22354790251634,1.34920354633859e-05,0.00082792773818864,0.000670039481850973,"L1cam/Agrn/Sema4a/Pdlim5/Nrg1/Numbl/Dlg4/Setd5/Adgrb2/Psd/Slc12a5/Numb/Ptprs/Nae1/Xlr3b/Iqsec1/Adgrl1/Adnp/Grin1/Ube2v2/Ptk2",21
"GO:0050890","cognition","32/1007","401/28928",0.0798004987531172,2.29242187480653,4.94936387408533,1.35293093924808e-05,0.00082792773818864,0.000670039481850973,"Mapt/Paip2/Nf1/Deaf1/Picalm/Pla2g6/Nrg1/Lins1/Setd5/Fos/Ube3a/Rapgef3/Syngap1/Shank1/Elavl4/Gmppa/Slc12a5/Vdac3/Synj1/Kcnq2/Dbh/Nrxn3/Nptn/Kat2a/Pak6/Idua/Ncam1/Creb1/Adnp/Cacna1c/Grin1/Chrd",32
"GO:0050773","regulation of dendrite development","17/1007","146/28928",0.116438356164384,3.34491436655739,5.39440910446203,1.39013956489733e-05,0.000840174180318667,0.000679950491424434,"Sh3glb1/Numbl/Ezh2/Ache/Dlg4/Tnik/Actr2/Elavl4/Dnm1l/Obsl1/Numb/Cask/Xlr3b/Caprin2/Ptprf/Lrp8/Grin1",17
"GO:0030866","cortical actin cytoskeleton organization","9/1007","43/28928",0.209302325581395,6.01260940855869,6.24687557164132,1.40642947681881e-05,0.000840174180318667,0.000679950491424434,"Epb41l1/Racgap1/Nckap1l/Epb41l2/Plec/Fmnl3/Epb41l3/Kcnc3/Nckap1",9
"GO:0010948","negative regulation of cell cycle process","28/1007","330/28928",0.0848484848484849,2.43743492522043,4.98744684878608,1.52160553001053e-05,0.000898284299952097,0.000726978840220509,"Dgkz/Timeless/Abraxas1/Pidd1/Susd2/Ezh2/Cdk5rap3/Kntc1/Tom1l2/Nme6/Nabp1/Cdk5rap2/Nek1/Nae1/Macroh2a1/Miip/Brsk2/Zfp207/Kat2a/Hsf1/Trp53bp1/Orc1/Bard1/Usp44/Prpf4b/Mbd4/Mdm1/Clock",28
"GO:0030900","forebrain development","36/1007","480/28928",0.075,2.1545183714002,4.84391535953916,1.5672630594146e-05,0.000914479771179354,0.000740085787420014,"Hspa8/Nf1/Nrg1/Numbl/Ezh2/D16Ertd472e/Atg16l1/Fos/Chd5/Tra2b/Zeb1/Isl1/Ncor1/Elavl4/Gmppa/Otx1/Kcnq2/Numb/Plxna4/Ptprs/Flna/Plxna3/Zbtb18/Scyl2/Kat2a/Zdhhc16/Ncam1/Creb1/Lrp8/Ttbk2/Grin1/Chrd/Nf2/Ndel1/Atg7/Tacc2",36
"GO:0009306","protein secretion","34/1007","443/28928",0.0767494356659142,2.20477425515746,4.85288923082943,1.66690977865299e-05,0.000961442904515024,0.000778092913011886,"Slc9b2/Neo1/Pla2g6/Hps1/Gipr/Myo18a/Sel1l/Abat/Isl1/Snx19/Dnm1l/Copg2/Cask/Abca1/Zfp384/Pparg/Rfx3/Lmf1/Brsk2/Aacs/Idua/Ppid/Map4k4/Hmgn3/Atp13a2/Gpld1/Madd/Cacna1c/Slc16a1/Dgat1/Atg7/Rims2/Gsdmd/Clock",34
"GO:0150115","cell-substrate junction organization","14/1007","105/28928",0.133333333333333,3.83025488248924,5.51761705883046,1.69376639090959e-05,0.000965831789725491,0.000781644824895837,"Sorbs1/Macf1/Camsap3/Slk/Peak1/Dmtn/Cttn/Dst/Itgav/Iqsec1/Clasp2/Map4k4/Plec/Ptk2",14
"GO:0051258","protein polymerization","26/1007","297/28928",0.0875420875420875,2.51481381173536,4.98333600985962,1.7673511406455e-05,0.000996468317276303,0.000806438876476679,"Eml2/Mapt/Map2/Ssh3/Mtss1/Septin2/Kank3/Bin1/Camsap3/Nckap1l/Cyrib/Cdk5rap2/Dmtn/Washc3/Cttn/Ube2k/Dctn1/Clasp2/Zfp207/Chmp3/Haus2/Nckap1/Evl/Ndel1/Inpp5j/Sptan1",26
"GO:0030705","cytoskeleton-dependent intracellular transport","21/1007","212/28928",0.0990566037735849,2.84559030184932,5.12203104335927,1.80227004313181e-05,0.00100486567515949,0.000813234833497372,"Hspa8/Mapt/Ap3d1/Map2/Dync1i2/Ank3/Atg16l1/Myo19/Copg2/Camsap3/Ccdc38/Rpgr/Ap3s1/Actn4/Dst/Terf2/Madd/Kif1b/Trim46/Klc1/Ndel1",21
"GO:0032886","regulation of microtubule-based process","25/1007","280/28928",0.0892857142857143,2.56490282309547,4.99712466929191,1.82596401798584e-05,0.00100688872991791,0.000814872085759325,"Eml2/Mapt/Ccnl2/Map2/Agrn/Pkd1/Macf1/Camsap3/Cep70/Cdk5rap2/Dctn1/Ccnl1/Clasp2/Chmp3/Kat2a/Bbof1/Ccdc40/Cib1/Ttbk2/Stmn4/Trim46/Eml4/Inpp5j/Mdm1/Tacc2",25
"GO:0035592","establishment of protein localization to extracellular region","34/1007","446/28928",0.0762331838565022,2.18994393505551,4.80960750825412,1.91568508909831e-05,0.00104488128011905,0.000845619344821655,"Slc9b2/Neo1/Pla2g6/Hps1/Gipr/Myo18a/Sel1l/Abat/Isl1/Snx19/Dnm1l/Copg2/Cask/Abca1/Zfp384/Pparg/Rfx3/Lmf1/Brsk2/Aacs/Idua/Ppid/Map4k4/Hmgn3/Atp13a2/Gpld1/Madd/Cacna1c/Slc16a1/Dgat1/Atg7/Rims2/Gsdmd/Clock",34
"GO:1905475","regulation of protein localization to membrane","22/1007","230/28928",0.0956521739130435,2.74779154613359,5.05392375247993,1.98816395686008e-05,0.00105868712117158,0.000856792371353645,"Stac/Agrn/Picalm/Camk2d/Ank3/Mief2/Sorbs1/Ppfia1/Dlg4/Tcaf1/Tnik/Epb41l1/Hpca/Wnk1/Numb/Mff/Dmtn/Gripap1/Clasp2/Camk2g/Cib1/Cacnb3",22
"GO:1902115","regulation of organelle assembly","23/1007","247/28928",0.0931174089068826,2.67497557582751,5.02065939178155,2.00263807852629e-05,0.00105868712117158,0.000856792371353645,"Pan2/Sh3glb1/Dzip1/Elapor1/Pikfyve/Vps11/Stam/Rabep2/Crocc/Becn1/Cdk5rap2/Ptprs/Cnot2/Chmp3/Kat2a/Hsf1/Sec22b/Ttbk2/Odf2l/Limk2/Ubap2l/Nf2/Mdm1",23
"GO:1990778","protein localization to cell periphery","32/1007","409/28928",0.078239608801956,2.24758232713305,4.82574834280402,2.0042900859167e-05,0.00105868712117158,0.000856792371353645,"L1cam/Stac/Picalm/Camk2d/Ank3/Sorbs1/Ppfia1/Dlg4/Mapk10/Tnik/Epb41l1/Zdhhc3/Wnk1/Macf1/Numb/Cask/Nrxn3/Flna/Snap23/Gripap1/Scrib/Epb41l2/Clasp2/Camk2g/Tsc2/Cib1/Sys1/Ppil2/Kif1b/Cacnb3/Grin1/Epb41l3",32
"GO:0034331","cell junction maintenance","11/1007","68/28928",0.161764705882353,4.64700040890239,5.71798555296679,2.14828059082871e-05,0.00112292416716442,0.000908779223620301,"Dgkz/Hspa8/L1cam/Rimbp2/Mtss1/Syngap1/Shank1/Camsap3/Plxna4/Epb41l3/Rims2",11
"GO:0007611","learning or memory","29/1007","356/28928",0.0814606741573034,2.34011358691407,4.83166969730517,2.31365035287416e-05,0.00119689664646624,0.000968644933411668,"Mapt/Paip2/Nf1/Deaf1/Picalm/Pla2g6/Nrg1/Fos/Ube3a/Rapgef3/Syngap1/Shank1/Elavl4/Slc12a5/Vdac3/Synj1/Kcnq2/Dbh/Nrxn3/Nptn/Kat2a/Pak6/Idua/Ncam1/Creb1/Adnp/Cacna1c/Grin1/Chrd",29
"GO:0071692","protein localization to extracellular region","34/1007","452/28928",0.0752212389380531,2.16087388282026,4.7240633689176,2.51772221180107e-05,0.00128917653661406,0.00104332677692036,"Slc9b2/Neo1/Pla2g6/Hps1/Gipr/Myo18a/Sel1l/Abat/Isl1/Snx19/Dnm1l/Copg2/Cask/Abca1/Zfp384/Pparg/Rfx3/Lmf1/Brsk2/Aacs/Idua/Ppid/Map4k4/Hmgn3/Atp13a2/Gpld1/Madd/Cacna1c/Slc16a1/Dgat1/Atg7/Rims2/Gsdmd/Clock",34
"GO:0006898","receptor-mediated endocytosis","25/1007","286/28928",0.0874125874125874,2.5110936729606,4.87723500628142,2.60844841391045e-05,0.0013221408223235,0.00107000467632818,"Myo6/Slc9b2/Picalm/Nrg1/Ache/Dlg4/Hpca/Usp46/Pikfyve/Sh3glb2/Gria2/Synj1/Numb/Sirt2/Cttn/Scrib/Itgav/Tpcn2/Iqsec1/Calcrl/Scyl2/Dnajc6/Syt17/Aak1/Sgip1",25
"GO:0098930","axonal transport","11/1007","70/28928",0.157142857142857,4.51422896864803,5.59045181595812,2.84617793674603e-05,0.00142821208865916,0.00115584783999644,"Ap3d1/Map2/Ank3/Atg16l1/Ap3s1/Dst/Terf2/Madd/Kif1b/Trim46/Ndel1",11
"GO:0007044","cell-substrate junction assembly","13/1007","98/28928",0.13265306122449,3.81071276574185,5.29307602152709,3.55127364096295e-05,0.00174832834138675,0.00141491698119823,"Sorbs1/Macf1/Camsap3/Slk/Peak1/Dmtn/Cttn/Dst/Itgav/Clasp2/Map4k4/Plec/Ptk2",13
"GO:0007033","vacuole organization","22/1007","239/28928",0.0920502092050209,2.64431822431266,4.84761436968789,3.58685386541126e-05,0.00174832834138675,0.00141491698119823,"Hspa8/Sh3glb1/Hps1/Arsg/Atg16l1/Vps54/Elapor1/Hps4/Pikfyve/Vps11/Atg4c/Becn1/Abca1/Flcn/Tpcn2/Chmp3/Idua/Sec22b/Zkscan3/Atp13a2/Atg7/Tom1",22
"GO:0003012","muscle system process","34/1007","460/28928",0.0739130434782609,2.12329346746686,4.61205650300606,3.58863728901624e-05,0.00174832834138675,0.00141491698119823,"Stac/Agrn/Camk2d/Pla2g6/Cacna1g/Pdlim5/Myl6/Ezh2/Slc8a1/Scn1a/Abat/Vps54/Ryr1/Akap1/P2rx4/Becn1/Bin1/Tafazzin/Fkbp1a/Pde9a/Mef2a/Flna/Cttn/Pparg/Rnf207/Tpcn2/Kcnma1/Calcrl/Cald1/Camk2g/Cacna1c/Shc1/Ptk2/Foxp1",34
"GO:0010970","transport along microtubule","19/1007","190/28928",0.1,2.87269116186693,4.91830706807431,3.90148261559926e-05,0.00188246536202664,0.00152347367722489,"Hspa8/Mapt/Ap3d1/Map2/Dync1i2/Ank3/Atg16l1/Copg2/Camsap3/Ccdc38/Rpgr/Ap3s1/Dst/Terf2/Madd/Kif1b/Trim46/Klc1/Ndel1",19
"GO:0031110","regulation of microtubule polymerization or depolymerization","13/1007","99/28928",0.131313131313131,3.77222071760304,5.2472476508277,3.95947615968784e-05,0.0018922525113632,0.00153139438837852,"Eml2/Mapt/Map2/Camsap3/Cdk5rap2/Dctn1/Clasp2/Bbof1/Cib1/Ttbk2/Stmn4/Eml4/Inpp5j",13
"GO:0010821","regulation of mitochondrion organization","15/1007","128/28928",0.1171875,3.36643495531281,5.09570480718504,4.06575202256308e-05,0.0019247116650209,0.00155766348590351,"Mapt/Pla2g6/Higd1a/Mief2/Bak1/Myo19/Bmf/Dnm1l/Cyrib/Mff/Ddhd1/Pparg/Atp13a2/Ppargc1a/Huwe1",15
"GO:0045806","negative regulation of endocytosis","11/1007","73/28928",0.150684931506849,4.3287127096625,5.40789379212545,4.25683598117493e-05,0.00197785212532739,0.00160066990403245,"Cd47/Picalm/Ank3/Dlg4/Itgav/Dysf/Tsc2/Scamp5/Pacsin2/Snph/Atg7",11
"GO:0098900","regulation of action potential","11/1007","73/28928",0.150684931506849,4.3287127096625,5.40789379212545,4.25683598117493e-05,0.00197785212532739,0.00160066990403245,"Camk2d/Ank3/Scn9a/Bin1/Kcnq2/Flna/Rnf207/Cacna1c/Cacnb3/Tmem161b/Foxp1",11
"GO:0099504","synaptic vesicle cycle","23/1007","261/28928",0.0881226053639847,2.53149029589806,4.72002532159536,4.7681429875473e-05,0.00219509555151489,0.00177648436947924,"Ap3d1/Rimbp2/Picalm/Dnm1l/Trim9/Unc13a/Bin1/Synj1/Cask/Mff/Ap3s1/Snap23/Gripap1/Scrib/Clcn3/Dnajc6/Scamp5/Dgkq/Bltp1/Kcnc3/Sgip1/Atg7/Rims2",23
"GO:0071826","protein-RNA complex organization","19/1007","193/28928",0.0984455958549223,2.82803793137159,4.83903992737228,4.83716669894498e-05,0.00220662749957326,0.00178581714110332,"Srsf6/Lsm2/Srpk2/Gemin8/Puf60/Sf3b1/Dhx9/Ythdc1/Eif3h/Snrpd1/Luc7l2/Mettl17/Prpf39/Ddx46/Prpf4b/Ago4/Mbnl1/Klc1/Rsrp1",19
"GO:0044839","cell cycle G2/M phase transition","17/1007","161/28928",0.105590062111801,3.03327638209552,4.91318385598578,4.94892997296259e-05,0.00223727302741678,0.00181061847659456,"Abraxas1/Camk2d/Ush1c/Nes/Akap8l/Cdk5rap3/Cdk2/Cdk4/Nabp1/Nae1/Macroh2a1/Miip/Brsk2/Ctc1/Orc1/Bard1/Mbd4",17
"GO:1904951","positive regulation of establishment of protein localization","29/1007","372/28928",0.0779569892473118,2.23946354016508,4.5693822278633,5.14364166826971e-05,0.00230453516887298,0.00186505352971659,"Sh3glb1/Pla2g6/Ank3/Mief2/Gipr/Tcaf1/Myo18a/Abat/Hpca/Isl1/Rapgef3/Dnm1l/Cask/Mff/Flna/Zfp384/Pparg/Dctn1/Aacs/Ppid/Cib1/Atp13a2/Gpld1/Xpo4/Cacna1c/Asph/Cacnb3/Prpf4b/Atg7",29
"GO:0090150","establishment of protein localization to membrane","24/1007","281/28928",0.0854092526690391,2.45354405284008,4.64989057918473,5.43136634660268e-05,0.00239420645665568,0.00193762423900854,"Emc8/Ank3/Mief2/Mapk10/Tcaf1/Epb41l1/Hpca/Zdhhc3/Wnk1/Pikfyve/Macf1/Mff/Emc10/Dmtn/Snap23/Gripap1/Scrib/Sec61a2/Zdhhc1/Tsc2/Cib1/Sys1/Agk/Cacnb3",24
"GO:0043954","cellular component maintenance","13/1007","102/28928",0.127450980392157,3.66127304943825,5.11326474511214,5.4392095667347e-05,0.00239420645665568,0.00193762423900854,"Dgkz/Hspa8/L1cam/Rimbp2/Mtss1/Syngap1/Shank1/Camsap3/Plxna4/Cttn/Grin1/Epb41l3/Rims2",13
"GO:1902414","protein localization to cell junction","16/1007","147/28928",0.108843537414966,3.12673867958305,4.90931395111621,5.6626384100835e-05,0.00247087996015643,0.00199967587973475,"Mapt/Dlg3/Dlg4/Mapk10/Tnik/Epb41l1/Shank1/Nrxn3/Mpp7/Flna/Snap23/Gripap1/Actn4/Scrib/Grin1/Klc1",16
"GO:0048675","axon extension","15/1007","132/28928",0.113636363636364,3.26442177484879,4.95198310556309,5.82553247579036e-05,0.00251466674899907,0.00203511239907668,"L1cam/Mapt/Map2/Auts2/Sema6c/Macf1/Plxna4/Ptprs/Arhgap4/Cttn/Plxna3/Clasp2/Adnp/Trim46/Ndel1",15
"GO:0045786","negative regulation of cell cycle","31/1007","413/28928",0.0750605326876513,2.1562572885684,4.49462817617087,5.86838181531193e-05,0.00251466674899907,0.00203511239907668,"Dgkz/Timeless/Abraxas1/Pidd1/Susd2/Ezh2/Cdk5rap3/Kntc1/Tom1l2/Nme6/Nabp1/Ythdc2/Cdk5rap2/Nek1/Nae1/Macroh2a1/Scrib/Miip/Brsk2/Zfp207/Kat2a/Hsf1/Trp53bp1/Tnfaip3/Orc1/Bard1/Usp44/Prpf4b/Mbd4/Mdm1/Clock",31
"GO:0031111","negative regulation of microtubule polymerization or depolymerization","9/1007","51/28928",0.176470588235294,5.06945499152988,5.52390562204106,5.91332555563752e-05,0.00251466674899907,0.00203511239907668,"Eml2/Map2/Camsap3/Clasp2/Bbof1/Cib1/Ttbk2/Eml4/Inpp5j",9
"GO:0032386","regulation of intracellular transport","25/1007","301/28928",0.0830564784053156,2.38595611450742,4.59034953439819,6.04534195366995e-05,0.00253839482148365,0.00205431545830461,"Mapt/Nf1/Map2/Sh3glb1/Akap8l/Pkig/Rapgef3/Wnk1/Dhx9/Vps11/Akap1/Flna/Gripap1/Dctn1/Chmp3/Thoc2/Gcc2/Atp13a2/Xpo4/Asph/Bard1/Prpf4b/Trim46/Nf2/Ndel1",25
"GO:0060155","platelet dense granule organization","6/1007","21/28928",0.285714285714286,8.20768903390552,6.27487568535337,6.07029451132001e-05,0.00253839482148365,0.00205431545830461,"Ap3d1/Hps1/Hps4/Abca1/Hps3/Ap3s1",6
"GO:0009314","response to radiation","34/1007","474/28928",0.0717299578059072,2.06058015830117,4.42142185818303,6.49984477137034e-05,0.00269555545973028,0.00218150510029985,"Rad51ap1/Abraxas1/Nf1/Deaf1/Usp1/Mapk10/Bak1/Fos/Bmf/Syngap1/Primpol/Rev1/Xpa/Nabp1/Dbh/Nek1/Rpgr/Nptn/Pparg/Hsf1/Idua/Ppid/Trp53bp1/Creb1/Dclre1c/Cacna1c/Bard1/Cep250/Grin1/Mbd4/Chrd/Ercc8/Brat1/Clock",34
"GO:1902904","negative regulation of supramolecular fiber organization","18/1007","181/28928",0.0994475138121547,2.85681993997816,4.75897872145633,6.63766618019555e-05,0.0027301482698542,0.00220950095972342,"Eml2/Hspa8/Map2/Ppfia1/Ssh3/Shank1/Kank3/Camsap3/Cyrib/Dmtn/Clasp2/Bbof1/Cib1/Ttbk2/Eml4/Evl/Inpp5j/Sptan1",18
"GO:0031623","receptor internalization","17/1007","165/28928",0.103030303030303,2.95974240919623,4.79429574921971,6.74512581592448e-05,0.00275179197921212,0.00222701715000741,"Myo6/Picalm/Nrg1/Ache/Dlg4/Hpca/Usp46/Sh3glb2/Gria2/Synj1/Numb/Sirt2/Scrib/Iqsec1/Calcrl/Scyl2/Syt17",17
"GO:0061387","regulation of extent of cell growth","14/1007","119/28928",0.117647058823529,3.37963666101992,4.93993220505401,6.96433446109174e-05,0.00279576242606067,0.00226260230323301,"L1cam/Mapt/Map2/Sema6c/Macf1/Plxna4/Ptprs/Arhgap4/Cttn/Plxna3/Clasp2/Adnp/Trim46/Ndel1",14
"GO:0070646","protein modification by small protein removal","14/1007","119/28928",0.117647058823529,3.37963666101992,4.93993220505401,6.96433446109174e-05,0.00279576242606067,0.00226260230323301,"Usp1/Senp7/Usp48/Usp46/Usp37/Usp34/Bap1/Usp40/Usp42/Josd2/Tnfaip3/Usp44/Otud7b/Senp8",14
"GO:0007015","actin filament organization","34/1007","476/28928",0.0714285714285714,2.05192225847638,4.39472465215198,7.05692112025328e-05,0.00280556065360859,0.00227053197995048,"Cd47/Myo6/Ush1c/Sorbs1/Arhgap12/Ppfia1/Ssh3/Myo19/Mtss1/Actr2/Rapgef3/Shank1/Kank3/Zyx/Bin1/Nckap1l/Cyrib/Dmtn/Ap1ar/Flna/Washc3/Cttn/Actn4/Clasp2/Cald1/Naa80/Plec/Nlrp4f/Nckap1/Evl/Nf2/Shroom1/Rhobtb1/Sptan1",34
"GO:0060560","developmental growth involved in morphogenesis","24/1007","286/28928",0.0839160839160839,2.41064992604218,4.55304083658921,7.16848836844928e-05,0.00280556065360859,0.00227053197995048,"L1cam/Mapt/Map2/Sh3glb1/Picalm/Auts2/Spag9/Sema6c/Unc13a/Macf1/Plxna4/Lzts2/Ptprs/Arhgap4/Cttn/Plxna3/Clasp2/Pak6/Syt17/Adnp/Slc23a2/Trim46/Ndel1/Rims2",24
"GO:1901988","negative regulation of cell cycle phase transition","24/1007","286/28928",0.0839160839160839,2.41064992604218,4.55304083658921,7.16848836844928e-05,0.00280556065360859,0.00227053197995048,"Dgkz/Timeless/Abraxas1/Pidd1/Susd2/Ezh2/Cdk5rap3/Kntc1/Nabp1/Cdk5rap2/Nek1/Nae1/Macroh2a1/Miip/Brsk2/Zfp207/Hsf1/Trp53bp1/Orc1/Bard1/Usp44/Prpf4b/Mbd4/Clock",24
"GO:0090313","regulation of protein targeting to membrane","8/1007","41/28928",0.195121951219512,5.60525104754523,5.60395922196152,7.21238191142902e-05,0.00280556065360859,0.00227053197995048,"Ank3/Mief2/Tcaf1/Hpca/Mff/Dmtn/Cib1/Cacnb3",8
"GO:0070507","regulation of microtubule cytoskeleton organization","17/1007","167/28928",0.101796407185629,2.92429639231963,4.73619046269891,7.84193930899972e-05,0.00302698857327389,0.00244973294365351,"Eml2/Mapt/Map2/Agrn/Pkd1/Camsap3/Cep70/Cdk5rap2/Dctn1/Clasp2/Chmp3/Bbof1/Cib1/Ttbk2/Stmn4/Eml4/Inpp5j",17
"GO:0048490","anterograde synaptic vesicle transport","6/1007","22/28928",0.272727272727273,7.83461225963709,6.09020864271947,8.10139510367226e-05,0.00305381542701107,0.00247144383742919,"Ap3d1/Map2/Ap3s1/Madd/Kif1b/Trim46",6
"GO:0099514","synaptic vesicle cytoskeletal transport","6/1007","22/28928",0.272727272727273,7.83461225963709,6.09020864271947,8.10139510367226e-05,0.00305381542701107,0.00247144383742919,"Ap3d1/Map2/Ap3s1/Madd/Kif1b/Trim46",6
"GO:0099517","synaptic vesicle transport along microtubule","6/1007","22/28928",0.272727272727273,7.83461225963709,6.09020864271947,8.10139510367226e-05,0.00305381542701107,0.00247144383742919,"Ap3d1/Map2/Ap3s1/Madd/Kif1b/Trim46",6
"GO:0001508","action potential","18/1007","184/28928",0.0978260869565217,2.81024135400026,4.6781348889077,8.21572504277589e-05,0.00305381542701107,0.00247144383742919,"Camk2d/Cacna1g/Ank3/Scn9a/Scn1a/P2rx4/Bin1/Kcnq2/Flna/Rnf207/Kcnma1/Nrcam/Kcnh6/Cacna1c/Cacnb3/Kcnc3/Tmem161b/Foxp1",18
"GO:0022618","protein-RNA complex assembly","18/1007","184/28928",0.0978260869565217,2.81024135400026,4.6781348889077,8.21572504277589e-05,0.00305381542701107,0.00247144383742919,"Srsf6/Lsm2/Srpk2/Gemin8/Puf60/Sf3b1/Dhx9/Ythdc1/Eif3h/Snrpd1/Luc7l2/Mettl17/Prpf39/Ddx46/Prpf4b/Ago4/Mbnl1/Rsrp1",18
"GO:0000075","cell cycle checkpoint signaling","20/1007","218/28928",0.0917431192660551,2.635496478777,4.60322510112727,8.35880463189514e-05,0.00308415306197425,0.00249599599611853,"Dgkz/Timeless/Abraxas1/Pidd1/Cdk5rap3/Kntc1/Nabp1/Cdk5rap2/Nek1/Nae1/Brsk2/Zfp207/Hsf1/Trp53bp1/Orc1/Bard1/Usp44/Prpf4b/Mbd4/Clock",20
"GO:0099558","maintenance of synapse structure","8/1007","42/28928",0.19047619047619,5.47179268927035,5.50761472151036,8.63945536038295e-05,0.003141506304232,0.00254241180628203,"Dgkz/Hspa8/L1cam/Rimbp2/Syngap1/Shank1/Plxna4/Rims2",8
"GO:1903421","regulation of synaptic vesicle recycling","8/1007","42/28928",0.19047619047619,5.47179268927035,5.50761472151036,8.63945536038295e-05,0.003141506304232,0.00254241180628203,"Picalm/Dnm1l/Synj1/Mff/Gripap1/Scamp5/Dgkq/Kcnc3",8
"GO:0007034","vacuolar transport","17/1007","169/28928",0.100591715976331,2.88968933442236,4.67894373253874,9.0927154174693e-05,0.00328253568092525,0.00265654646577785,"Hspa8/Ap3d1/Gprasp1/Slc17a9/Vps54/Vps11/Stam/Becn1/Bin1/Vti1a/Ap3s1/Tpcn2/Chmp3/Scyl2/Gcc2/Atp13a2/Ap1g2",17
"GO:0006913","nucleocytoplasmic transport","28/1007","366/28928",0.0765027322404372,2.19768722765776,4.37915787310434,9.50298979246153e-05,0.00337793000013381,0.00273374880755937,"Hspa8/Nf1/Fam53c/Akap8l/Pkig/Nup188/Cdan1/Rapgef3/Wnk1/Kpna2/Dhx9/Akap1/Pkd1/Ythdc1/Kcnq2/Strada/Lzts2/Flna/Zfp384/Zc3h11a/Thoc2/Tsc2/Nup43/Xpo4/Chtop/Bard1/Prpf4b/Hnrnpa2b1",28
"GO:0051169","nuclear transport","28/1007","366/28928",0.0765027322404372,2.19768722765776,4.37915787310434,9.50298979246153e-05,0.00337793000013381,0.00273374880755937,"Hspa8/Nf1/Fam53c/Akap8l/Pkig/Nup188/Cdan1/Rapgef3/Wnk1/Kpna2/Dhx9/Akap1/Pkd1/Ythdc1/Kcnq2/Strada/Lzts2/Flna/Zfp384/Zc3h11a/Thoc2/Tsc2/Nup43/Xpo4/Chtop/Bard1/Prpf4b/Hnrnpa2b1",28
"GO:0071248","cellular response to metal ion","19/1007","203/28928",0.0935960591133005,2.68872571800353,4.58540886680598,9.55890912752096e-05,0.00337793000013381,0.00273374880755937,"Hspa8/Ank3/Dlg4/Fos/Hpca/Ryr1/Wnk1/P2rx4/Becn1/Kcnq2/Carf/Mef2a/Pparg/Micu3/Hsf1/Creb1/Atp13a2/Gpld1/Asph",19
"GO:0060996","dendritic spine development","15/1007","138/28928",0.108695652173913,3.12249039333362,4.74641155671415,9.71118490730655e-05,0.00340774306747303,0.00275787643521448,"Pdlim5/D16Ertd472e/Dlg4/Actr2/Ube3a/Shank1/Dnm1l/Slc12a5/Cask/Ptprs/Xlr3b/Iqsec1/Caprin2/Tsc2/Lrp8",15
"GO:0009895","negative regulation of catabolic process","28/1007","367/28928",0.0762942779291553,2.19169897908104,4.36328763730351,9.95478185754383e-05,0.00346896495563576,0.00280742312912311,"Mettl16/Nrg1/Cdk5rap3/Traf2/Bmf/Wnk1/Dhx9/Taf15/Ncor1/Elavl4/Tirap/Becn1/Psme3ip1/Eif3h/Banp/Sirt2/Flna/Flcn/Sec22b/Dysf/Tsc2/Tnfaip3/Zkscan3/Gpld1/Pfkfb1/Ppargc1a/Dedd/Ptk2",28
"GO:0007098","centrosome cycle","15/1007","139/28928",0.107913669064748,3.10002643366935,4.71324288276201,0.000105414939971959,0.0036230970464335,0.00293216177658124,"Ccnl2/Cdk2/Crocc/Cdk5rap2/Cntln/Dctn1/Ccnl1/Chmp3/Kat2a/Haus2/Slc16a1/Cep250/Uxt/Ndel1/Mdm1",15
"GO:0043244","regulation of protein-containing complex disassembly","15/1007","139/28928",0.107913669064748,3.10002643366935,4.71324288276201,0.000105414939971959,0.0036230970464335,0.00293216177658124,"Map2/Nes/Ogfod1/Wnk1/Camsap3/Dmtn/Clasp2/Bbof1/Cib1/Ttbk2/Asph/Eml4/Evl/Tom1/Sptan1",15
"GO:0048284","organelle fusion","18/1007","188/28928",0.0957446808510638,2.75044898476621,4.57283940643372,0.00010830040793252,0.00367196923652288,0.00297171389618537,"Rimbp2/Bak1/Pikfyve/Vps11/Dnm1l/Trim9/Vti1a/Mff/Snap23/Rab4b/Chmp3/Sec22b/Dysf/Atp13a2/Snph/Huwe1/Rims2/Tom1",18
"GO:0061025","membrane fusion","18/1007","188/28928",0.0957446808510638,2.75044898476621,4.57283940643372,0.00010830040793252,0.00367196923652288,0.00297171389618537,"Rimbp2/Vps33b/Pikfyve/Vps11/Dnm1l/Trim9/Spaca6/Vti1a/Snap23/Rab4b/Chmp3/Sec22b/Dysf/Atp13a2/Snph/Huwe1/Rims2/Tom1",18
"GO:0031331","positive regulation of cellular catabolic process","22/1007","258/28928",0.0852713178294574,2.44958161089428,4.44160185949441,0.000111835485197121,0.00376637895784668,0.0030481194057965,"Sh3glb1/Trim65/Cdk5rap3/Atg16l1/Elapor1/Stub1/Prxl2c/Becn1/Depdc5/Nrdc/Flcn/Zbtb20/Trim23/Tsc2/Pafah1b2/Gpld1/Pfkfb1/Huwe1/Ubr4/Atg7/Tom1/Ikbkg",22
"GO:0030262","apoptotic nuclear changes","7/1007","33/28928",0.212121212121212,6.09358731305107,5.55994281006302,0.000117245260781962,0.0038706363066045,0.00313249457130754,"Cdk5rap3/Vps54/Exog/Hsf1/Acin1/Dedd2/Sharpin",7
"GO:0090314","positive regulation of protein targeting to membrane","7/1007","33/28928",0.212121212121212,6.09358731305107,5.55994281006302,0.000117245260781962,0.0038706363066045,0.00313249457130754,"Ank3/Mief2/Tcaf1/Hpca/Mff/Cib1/Cacnb3",7
"GO:1903859","regulation of dendrite extension","7/1007","33/28928",0.212121212121212,6.09358731305107,5.55994281006302,0.000117245260781962,0.0038706363066045,0.00313249457130754,"Sh3glb1/Picalm/Spag9/Unc13a/Syt17/Slc23a2/Rims2",7
"GO:0015931","nucleobase-containing compound transport","20/1007","224/28928",0.0892857142857143,2.56490282309547,4.46520210968631,0.000121310060653629,0.00397502251223911,0.00321697402030972,"Mapt/Cd47/Slc17a9/Akap8l/Srsf7/Nup188/Slc35b4/Wnk1/Dhx9/Cpeb1/Ythdc1/Slc29a1/Zc3h11a/Thoc2/Hsf1/Nup43/Chtop/Slc35a2/Slc35c2/Hnrnpa2b1",20
"GO:0097484","dendrite extension","8/1007","44/28928",0.181818181818182,5.22307483975806,5.32386944282228,0.000121991523890957,0.00397502251223911,0.00321697402030972,"Sh3glb1/Picalm/Auts2/Spag9/Unc13a/Syt17/Slc23a2/Rims2",8
"GO:0016579","protein deubiquitination","12/1007","96/28928",0.125,3.59086395233366,4.82885082480807,0.000126006708689133,0.00407936557549723,0.00330141855431359,"Usp1/Usp48/Usp46/Usp37/Usp34/Bap1/Usp40/Usp42/Josd2/Tnfaip3/Usp44/Otud7b",12
"GO:0051028","mRNA transport","14/1007","126/28928",0.111111111111111,3.19187906874103,4.6826477314239,0.000129700720588827,0.00417203984560728,0.00337641956836502,"Mapt/Akap8l/Srsf7/Nup188/Wnk1/Dhx9/Cpeb1/Ythdc1/Zc3h11a/Thoc2/Hsf1/Nup43/Chtop/Hnrnpa2b1",14
"GO:0099111","microtubule-based transport","21/1007","243/28928",0.0864197530864197,2.48257260902081,4.40750314214045,0.000131590937761222,0.00420588105532364,0.00340380715979077,"Hspa8/Mapt/Ap3d1/Map2/Dync1i2/Ank3/Atg16l1/Copg2/Camsap3/Ccdc38/Rpgr/Ap3s1/Rfx3/Dst/Terf2/Ccdc40/Madd/Kif1b/Trim46/Klc1/Ndel1",21
"GO:0007059","chromosome segregation","31/1007","433/28928",0.0715935334872979,2.05666110895785,4.20723033846897,0.000138772130529212,0.00440733260123789,0.00356684130300933,"Abraxas1/Kifc2/Akap8l/Cenpt/Espl1/Msh5/Actr2/Cenpx/Kntc1/Racgap1/Cpeb1/Ncor1/Becn1/Cdk5rap2/Lzts2/Sirt2/Flna/Atf6b/Ncapg2/Clasp2/Zfp207/Chmp3/Ntmt1/Haus2/Nup43/Usp44/Setdb2/Prpf4b/Ago4/Eml4/Ndel1",31
"GO:0006921","cellular component disassembly involved in execution phase of apoptosis","7/1007","34/28928",0.205882352941176,5.91436415678486,5.44507552348576,0.000143233377184621,0.00446781622380266,0.00361579052074231,"Cdk5rap3/Vps54/Exog/Hsf1/Acin1/Dedd2/Sharpin",7
"GO:0006835","dicarboxylic acid transport","13/1007","112/28928",0.116071428571429,3.33437367002412,4.70071031656447,0.000143610221846897,0.00446781622380266,0.00361579052074231,"Gabbr1/Arhgef11/Nf1/Slc25a10/Myo6/Abat/Vps54/Septin2/Ttyh1/Slc38a6/Slc26a8/Slc16a1/Slc26a11",13
"GO:0035418","protein localization to synapse","13/1007","112/28928",0.116071428571429,3.33437367002412,4.70071031656447,0.000143610221846897,0.00446781622380266,0.00361579052074231,"Mapt/Dlg3/Dlg4/Mapk10/Tnik/Epb41l1/Shank1/Nrxn3/Snap23/Gripap1/Scrib/Grin1/Klc1",13
"GO:0030865","cortical cytoskeleton organization","9/1007","57/28928",0.157894736842105,4.53582815031621,5.07456257645026,0.000145113991762375,0.00446781622380266,0.00361579052074231,"Epb41l1/Racgap1/Nckap1l/Epb41l2/Plec/Fmnl3/Epb41l3/Kcnc3/Nckap1",9
"GO:0000086","G2/M transition of mitotic cell cycle","15/1007","143/28928",0.104895104895105,3.01331240755273,4.58349772987459,0.000145128346847317,0.00446781622380266,0.00361579052074231,"Abraxas1/Camk2d/Ush1c/Nes/Cdk5rap3/Cdk2/Cdk4/Nabp1/Nae1/Miip/Brsk2/Ctc1/Orc1/Bard1/Mbd4",15
"GO:0010508","positive regulation of autophagy","17/1007","176/28928",0.0965909090909091,2.77475850862147,4.48500074731253,0.00014958516010302,0.0045769410572985,0.00370410492732639,"Sh3glb1/Trim65/Cdk5rap3/Atg16l1/Elapor1/Stub1/Becn1/Depdc5/Flcn/Trim23/Tsc2/Pafah1b2/Huwe1/Ubr4/Atg7/Tom1/Ikbkg",17
"GO:0140694","non-membrane-bounded organelle assembly","31/1007","435/28928",0.071264367816092,2.04720519581322,4.17934551400637,0.000150643212336985,0.00458137963337569,0.00370769705388253,"Abraxas1/Kifc2/Pan2/Cenpt/Ogfod1/Cenpx/Cdk2/Prrc2c/Kntc1/Racgap1/Wnk1/Ncor1/Tia1/Becn1/Cdk5rap2/Lzts2/Mef2a/Flna/Tnrc6a/Clasp2/Mettl17/Cnot2/Zfp207/Chmp3/Kat2a/Hsf1/Ythdf3/Haus2/Plec/Ubap2l/Mdm1",31
"GO:0048259","regulation of receptor-mediated endocytosis","15/1007","144/28928",0.104166666666667,2.99238662694472,4.55176927392339,0.000156882558769017,0.00474238963796943,0.00383800197673346,"Picalm/Nrg1/Dlg4/Hpca/Usp46/Synj1/Numb/Sirt2/Scrib/Itgav/Iqsec1/Dnajc6/Syt17/Aak1/Sgip1",15
"GO:0030307","positive regulation of cell growth","19/1007","211/28928",0.0900473933649289,2.58678351068586,4.39329454424131,0.000158941915552952,0.00477587145056713,0.00386509870912882,"L1cam/Mapt/Sh3glb1/Picalm/Nrg1/Unc13a/Macf1/Zfp639/Syt17/Cib1/Adnp/Mapkap1/Slc23a2/Map2k5/Ndel1/Rims2/Brat1/Ncoa3/Ptk2",19
"GO:0051017","actin filament bundle assembly","17/1007","177/28928",0.096045197740113,2.75908190687784,4.45807290348851,0.000160216470056865,0.00478551337348422,0.00387290188896858,"Cd47/Ush1c/Sorbs1/Ppfia1/Mtss1/Rapgef3/Shank1/Kank3/Zyx/Dmtn/Flna/Actn4/Clasp2/Cald1/Evl/Nf2/Shroom1",17
"GO:0035855","megakaryocyte development","6/1007","25/28928",0.24,6.89445878848063,5.59942493957025,0.000175856751134503,0.00522159276445525,0.00422581965666093,"Sh2b3/Rabgap1l/Vps33b/Flna/Nbeal2/Tal1",6
"GO:0008306","associative learning","14/1007","130/28928",0.107692307692308,3.09366740508746,4.54359018880059,0.000181032450424346,0.0053436519778198,0.00432460181880573,"Nf1/Deaf1/Fos/Rapgef3/Syngap1/Shank1/Elavl4/Dbh/Nptn/Idua/Creb1/Cacna1c/Grin1/Chrd",14
"GO:0045930","negative regulation of mitotic cell cycle","21/1007","249/28928",0.0843373493975904,2.42275158229741,4.28201020120034,0.000184638083480039,0.00541820995849612,0.00438494137313629,"Dgkz/Abraxas1/Pidd1/Ezh2/Cdk5rap3/Kntc1/Tom1l2/Nme6/Nabp1/Ythdc2/Cdk5rap2/Nae1/Scrib/Miip/Brsk2/Zfp207/Orc1/Bard1/Usp44/Prpf4b/Mbd4",21
"GO:1901879","regulation of protein depolymerization","12/1007","100/28928",0.12,3.44722939424032,4.6555218842617,0.000186648022141573,0.00544534752968846,0.00440690372963397,"Map2/Nes/Camsap3/Dmtn/Clasp2/Bbof1/Cib1/Ttbk2/Asph/Eml4/Evl/Sptan1",12
"GO:0050771","negative regulation of axonogenesis","9/1007","59/28928",0.152542372881356,4.38207126386481,4.93848613410313,0.000190488204704103,0.00552525902430746,0.00447157586704248,"Map2/Sema6c/Syngap1/Ptprs/Arhgap4/Plxna3/Tsc2/Trim46/Ptk2",9
"GO:0061572","actin filament bundle organization","17/1007","180/28928",0.0944444444444444,2.71309720842988,4.3783995509988,0.000196170340594119,0.00565737223621429,0.00457849470061772,"Cd47/Ush1c/Sorbs1/Ppfia1/Mtss1/Rapgef3/Shank1/Kank3/Zyx/Dmtn/Flna/Actn4/Clasp2/Cald1/Evl/Nf2/Shroom1",17
"GO:0031647","regulation of protein stability","27/1007","363/28928",0.0743801652892562,2.13671243444648,4.13892691604461,0.000198665092459756,0.00569657962264604,0.00461022512306611,"Hspa8/Usp1/Usp48/Hps4/Usp46/Btrc/Ip6k2/Usp35/Ncor1/Usp37/Stub1/Pex2/Rad23a/Usp34/Flna/Usp40/Usp42/Zfp207/Kat2a/Bbof1/Aak1/Creb1/Asph/Nckap1/Nf2/Ubr4/Gnl3l",27
"GO:0045017","glycerolipid biosynthetic process","19/1007","215/28928",0.0883720930232558,2.53865730583589,4.30053806970098,0.000202658969850562,0.00577808358358023,0.00467618603877673,"Dgkz/Pnpla3/Sh3glb1/Pla2g6/Inpp4a/Ip6k1/Pcyt2/Ip6k2/Becn1/Chkb/Chka/Tafazzin/Ptdss1/Gpld1/Dgkq/Dgat1/Tmem68/Plce1/Acsl6",19
"GO:0010038","response to metal ion","28/1007","384/28928",0.0729166666666667,2.0946706388613,4.1010268646183,0.000212136767851702,0.00601413729423639,0.00486722361208366,"Hspa8/Mapt/Uros/Cacna1g/Ank3/Gipr/Dlg4/Abat/Fos/Vps54/Hpca/Ryr1/Wnk1/Cdk4/P2rx4/Becn1/Kcnq2/Carf/Mef2a/Pparg/Kcnma1/Micu3/Hsf1/Ncam1/Creb1/Atp13a2/Gpld1/Asph",28
"GO:0048041","focal adhesion assembly","11/1007","87/28928",0.126436781609195,3.63213825063635,4.66943263448504,0.000215366546084816,0.00607140072052589,0.00491356673444838,"Sorbs1/Macf1/Camsap3/Slk/Peak1/Dmtn/Cttn/Itgav/Clasp2/Map4k4/Ptk2",11
"GO:0097120","receptor localization to synapse","12/1007","102/28928",0.117647058823529,3.37963666101992,4.57213973122297,0.000225315936344183,0.00629400535136917,0.00509372000704459,"Dlg3/Dlg4/Mapk10/Tnik/Epb41l1/Zdhhc3/Slc12a5/Nrxn3/Snap23/Nptn/Gripap1/Scrib",12
"GO:0000209","protein polyubiquitination","22/1007","271/28928",0.0811808118081181,2.33207400594363,4.18406657218967,0.000225771415553298,0.00629400535136917,0.00509372000704459,"Trim65/Traf2/Ube3a/Cbfb/Ubr2/Btrc/Wsb1/Stub1/Birc3/Ube2h/Ube2k/Dysf/Xiap/Tnfaip3/Marchf8/Ppil2/Bard1/Sharpin/Ube2v2/Ercc8/Huwe1/Ubr4",22
"GO:0090257","regulation of muscle system process","22/1007","272/28928",0.0808823529411765,2.32350020445119,4.16487171780627,0.000237754538925521,0.00657587469778165,0.00532183603952961,"Agrn/Camk2d/Slc8a1/Abat/Ryr1/Akap1/P2rx4/Becn1/Bin1/Pde9a/Mef2a/Cttn/Pparg/Rnf207/Kcnma1/Calcrl/Cald1/Camk2g/Cacna1c/Shc1/Ptk2/Foxp1",22
"GO:0060998","regulation of dendritic spine development","11/1007","88/28928",0.125,3.59086395233366,4.62263140390114,0.000238503227380682,0.00657587469778165,0.00532183603952961,"D16Ertd472e/Actr2/Ube3a/Shank1/Dnm1l/Cask/Ptprs/Xlr3b/Caprin2/Tsc2/Lrp8",11
"GO:1903828","negative regulation of protein localization","21/1007","254/28928",0.0826771653543307,2.37505962201597,4.18018204986812,0.000242399473063215,0.00664677899361319,0.00537921867746841,"Mapt/Nf1/Picalm/Neo1/Ppfia1/Pkig/Wnk1/Akap1/Numb/Lzts2/Dmtn/Macroh2a1/Gopc/Gripap1/Idua/Maged1/Map4k4/Madd/Ttbk2/Bard1/Otud7b",21
"GO:0000280","nuclear division","32/1007","468/28928",0.0683760683760684,1.96423327307141,3.99382049350269,0.000250138130194134,0.00678959041645917,0.00549479554167092,"Rad51ap1/Abraxas1/Kifc2/Akap8l/Espl1/Msh5/Actr2/Cenpx/Kntc1/Tom1l2/Racgap1/Ppp2r2d/Ubr2/Cpeb1/Nme6/Becn1/Obsl1/Cdk5rap2/Sirt2/Flna/Atf6b/Psmd13/Ncapg2/Clasp2/Zfp207/Chmp3/Hsf1/Usp44/Prpf4b/Ago4/Eml4/Ndel1",32
"GO:0034063","stress granule assembly","7/1007","37/28928",0.189189189189189,5.43482111704555,5.12621279714988,0.000250313716031277,0.00678959041645917,0.00549479554167092,"Ogfod1/Prrc2c/Tia1/Becn1/Hsf1/Ythdf3/Ubap2l",7
"GO:0007040","lysosome organization","12/1007","104/28928",0.115384615384615,3.314643648308,4.49080949699609,0.000270599664266289,0.00726133216731679,0.005876574752262,"Hspa8/Hps1/Arsg/Hps4/Pikfyve/Becn1/Abca1/Flcn/Tpcn2/Chmp3/Idua/Zkscan3",12
"GO:0080171","lytic vacuole organization","12/1007","104/28928",0.115384615384615,3.314643648308,4.49080949699609,0.000270599664266289,0.00726133216731679,0.005876574752262,"Hspa8/Hps1/Arsg/Hps4/Pikfyve/Becn1/Abca1/Flcn/Tpcn2/Chmp3/Idua/Zkscan3",12
"GO:0006376","mRNA splice site recognition","6/1007","27/28928",0.222222222222222,6.38375813748207,5.31510608437363,0.00027696301423593,0.00735344129860262,0.00595111840112624,"Srsf6/Puf60/Ythdc1/Luc7l2/Prpf39/Mbnl1",6
"GO:0046580","negative regulation of Ras protein signal transduction","6/1007","27/28928",0.222222222222222,6.38375813748207,5.31510608437363,0.00027696301423593,0.00735344129860262,0.00595111840112624,"Dgkz/Rasal3/Nf1/Syngap1/Rapgef1/Mapkap1",6
"GO:0086001","cardiac muscle cell action potential","9/1007","62/28928",0.145161290322581,4.17003555754877,4.74534315492658,0.000280219705532447,0.00740074990716746,0.00598940511880432,"Camk2d/Ank3/Scn1a/Bin1/Flna/Rnf207/Kcnh6/Cacna1c/Tmem161b",9
"GO:0061577","calcium ion transmembrane transport via high voltage-gated calcium channel","5/1007","18/28928",0.277777777777778,7.97969767185259,5.62535282590368,0.000296973530715053,0.00778035282741145,0.00629661664495256,"Camk2d/Ubr3/Bin1/Cacna1c/Cacnb3",5
"GO:0007026","negative regulation of microtubule depolymerization","7/1007","38/28928",0.184210526315789,5.29179950870224,5.0275731923487,0.000297693850710043,0.00778035282741145,0.00629661664495256,"Map2/Camsap3/Clasp2/Bbof1/Cib1/Ttbk2/Eml4",7
"GO:0006816","calcium ion transport","32/1007","473/28928",0.0676532769556025,1.94346970781695,3.92898331835506,0.000301552968208055,0.00784037717340942,0.00634519417151173,"Stac/Camk2d/Cacna1g/Ubr3/Slc8a1/Bak1/Hpca/Ryr1/Isl1/Rapgef3/Homer3/Dnm1l/Pkd1/P2rx4/Homer2/Bin1/Cask/Fkbp1a/Flna/Itgav/Tpcn2/Calcrl/Micu3/Dysf/Camk2g/Cacna1c/Asph/Plch1/Cbarp/Cacnb3/Grin1/Plce1",32
"GO:0006906","vesicle fusion","14/1007","137/28928",0.102189781021898,2.93559680774723,4.31268516355713,0.000313420957654994,0.0081069400284163,0.00656092270555056,"Rimbp2/Pikfyve/Vps11/Trim9/Vti1a/Snap23/Rab4b/Chmp3/Sec22b/Dysf/Atp13a2/Snph/Rims2/Tom1",14
"GO:0001667","ameboidal-type cell migration","22/1007","278/28928",0.079136690647482,2.27335271802419,4.05144318705035,0.00032211986401625,0.00827932359611649,0.00670043221955013,"Sema4a/Sema6c/Slc8a1/Radil/Isl1/Macf1/Dmtn/Arhgap4/Actn4/Scrib/Iqsec1/Clasp2/Map4k4/Tsc2/Ythdf3/Plec/Amotl1/Macir/Nckap1/Capn7/Evl/Ptk2",22
"GO:0061515","myeloid cell development","12/1007","106/28928",0.113207547169811,3.25210320211351,4.41143731617497,0.000323385297895343,0.00827932359611649,0.00670043221955013,"Slc9b2/Sh2b3/Rabgap1l/Vps33b/Nckap1l/Dmtn/Flna/Bap1/Tspan2/Nbeal2/Tal1/Foxp1",12
"GO:0044772","mitotic cell cycle phase transition","31/1007","455/28928",0.0681318681318681,1.95721815423901,3.90841759480035,0.000329803679026215,0.00840078609824136,0.00679873146504482,"Dgkz/Abraxas1/Hspa8/Pidd1/Camk2d/Ush1c/Ezh2/Nes/Cdk5rap3/Cdk2/Kntc1/Ppp2r2d/Usp37/Pkd1/Cdk4/Nabp1/Cdk5rap2/Nae1/Clasp2/Miip/Brsk2/Zfp207/Ctc1/Camk2g/Klhl18/Orc1/Bard1/Usp44/Prpf4b/Mbd4/Cdk8",31
"GO:0060271","cilium assembly","29/1007","415/28928",0.0698795180722892,2.00742273961786,3.92568356361002,0.000335456915338869,0.00850163030894164,0.00688034438797106,"Ablim1/Dzip1/Actr2/Fam161a/Septin2/Rabep2/Crocc/Vdac3/Cep70/Tbc1d31/Nek1/Pierce2/Ccdc38/Rpgr/Flna/Ablim3/Rfx3/Cep89/Cfap65/Dctn1/Bbof1/Ccdc40/Ttbk2/Odf2l/Ttll5/Limk2/Macir/Cep250/Zmynd12",29
"GO:0048311","mitochondrion distribution","6/1007","28/28928",0.214285714285714,6.15576677542914,5.18351436672588,0.000342182804715318,0.00862850911588677,0.00698302703301612,"Mapt/Myo19/Dnm1l/Pkd1/Mef2a/Kat2a",6
"GO:0007019","microtubule depolymerization","9/1007","64/28928",0.140625,4.03972194637537,4.62324104213908,0.000357570050405586,0.00897143256467615,0.00726055397086711,"Map2/Camsap3/Arhgef1/Clasp2/Bbof1/Cib1/Ttbk2/Stmn4/Eml4",9
"GO:0090174","organelle membrane fusion","14/1007","139/28928",0.100719424460432,2.89335800475806,4.24940181579232,0.000363874891332295,0.00908420002341024,0.00735181634333593,"Rimbp2/Pikfyve/Vps11/Trim9/Vti1a/Snap23/Rab4b/Chmp3/Sec22b/Dysf/Atp13a2/Snph/Rims2/Tom1",14
"GO:0008542","visual learning","10/1007","78/28928",0.128205128205128,3.68293738700889,4.50594492143658,0.000368353277638303,0.00915047894648022,0.00740545568071169,"Nf1/Deaf1/Syngap1/Dbh/Nptn/Idua/Creb1/Cacna1c/Grin1/Chrd",10
"GO:0000070","mitotic sister chromatid segregation","17/1007","190/28928",0.0894736842105263,2.57030261851252,4.12413462770136,0.000371557000228625,0.00918459619284356,0.00743306666778344,"Abraxas1/Kifc2/Akap8l/Espl1/Kntc1/Racgap1/Becn1/Cdk5rap2/Flna/Atf6b/Ncapg2/Clasp2/Zfp207/Chmp3/Usp44/Prpf4b/Eml4",17
"GO:1903232","melanosome assembly","5/1007","19/28928",0.263157894736842,7.55971358386035,5.4318290311307,0.000391528740241674,0.00959538018122956,0.00776551294061036,"Ap3d1/Hps1/Hps4/Hps3/Ap3s1",5
"GO:0140014","mitotic nuclear division","22/1007","282/28928",0.0780141843971631,2.24110658017988,3.97743038656148,0.000391999389627752,0.00959538018122956,0.00776551294061036,"Abraxas1/Kifc2/Akap8l/Espl1/Kntc1/Tom1l2/Racgap1/Ppp2r2d/Nme6/Becn1/Obsl1/Cdk5rap2/Flna/Atf6b/Ncapg2/Clasp2/Zfp207/Chmp3/Usp44/Prpf4b/Eml4/Ndel1",22
"GO:0106027","neuron projection organization","13/1007","124/28928",0.104838709677419,3.01169234711856,4.26331040387502,0.000395810241793374,0.00964163006465606,0.0078029428351499,"Pdlim5/Dlg4/Actr2/Ube3a/Shank1/Dnm1l/Cask/Xlr3b/Cttn/Caprin2/Dctn1/Lrp8/Grin1",13
"GO:0099518","vesicle cytoskeletal trafficking","9/1007","65/28928",0.138461538461538,3.9775723779696,4.56403766057117,0.000402386891982818,0.00975448030903275,0.00789427220579563,"Ap3d1/Map2/Myo19/Ap3s1/Actn4/Madd/Kif1b/Trim46/Ndel1",9
"GO:0048489","synaptic vesicle transport","8/1007","52/28928",0.153846153846154,4.41952486441066,4.68705305970089,0.00040525872311647,0.00976779953388031,0.0079050514152651,"Ap3d1/Map2/Picalm/Synj1/Ap3s1/Madd/Kif1b/Trim46",8
"GO:0048168","regulation of neuronal synaptic plasticity","10/1007","79/28928",0.126582278481013,3.63631792641384,4.45601757753683,0.00040877598687024,0.00976779953388031,0.0079050514152651,"Nf1/Camk2d/Dlg4/Syngap1/Cpeb1/Unc13a/Nptn/Camk2g/Grin1/Chrd",10
"GO:0060997","dendritic spine morphogenesis","10/1007","79/28928",0.126582278481013,3.63631792641384,4.45601757753683,0.00040877598687024,0.00976779953388031,0.0079050514152651,"Pdlim5/Dlg4/Actr2/Ube3a/Shank1/Dnm1l/Cask/Xlr3b/Caprin2/Lrp8",10
"GO:0050708","regulation of protein secretion","25/1007","341/28928",0.0733137829912024,2.10607856441857,3.9019331385699,0.000417023290917109,0.00991364429146296,0.00802308314834262,"Slc9b2/Neo1/Pla2g6/Gipr/Myo18a/Abat/Isl1/Dnm1l/Cask/Zfp384/Pparg/Rfx3/Brsk2/Aacs/Idua/Ppid/Map4k4/Hmgn3/Atp13a2/Gpld1/Madd/Cacna1c/Slc16a1/Atg7/Clock",25
"GO:1903861","positive regulation of dendrite extension","6/1007","29/28928",0.206896551724138,5.94349895558676,5.05816493929024,0.000418830727339607,0.00991364429146296,0.00802308314834262,"Sh3glb1/Picalm/Unc13a/Syt17/Slc23a2/Rims2",6
"GO:0042147","retrograde transport, endosome to Golgi","11/1007","94/28928",0.117021276595745,3.36165987026981,4.3554173672943,0.000425999741968104,0.0100344824199994,0.00812087709012974,"Spag9/Vps54/Pikfyve/Vti1a/Rab4b/Bltp3b/Vps26a/Dctn1/Plekhj1/Gcc2/Snx32",11
"GO:1902749","regulation of cell cycle G2/M phase transition","13/1007","125/28928",0.104,2.98759880834161,4.22927398301139,0.000427935280565935,0.0100344824199994,0.00812087709012974,"Abraxas1/Camk2d/Cdk5rap3/Cdk2/Cdk4/Nabp1/Nae1/Macroh2a1/Miip/Ctc1/Orc1/Bard1/Mbd4",13
"GO:0006605","protein targeting","23/1007","303/28928",0.0759075907590759,2.18059065092209,3.92327594139762,0.000430535059185007,0.0100484880325133,0.00813221179111753,"Hspa8/Ap3d1/Myo6/Ank3/Mief2/Tcaf1/Vps54/Hpca/Zdhhc3/Hps4/Pikfyve/Becn1/Macf1/Zfand6/Mff/Dmtn/Sec61a2/Zdhhc1/Gcc2/Cib1/Agk/Cacnb3/Erbin",23
"GO:0016236","macroautophagy","24/1007","323/28928",0.0743034055727554,2.13450736485469,3.89393370592603,0.000444781687831114,0.0103329375441506,0.00836241594372533,"Sh3glb1/Cdk5rap3/Atg16l1/Elapor1/Snx14/Pikfyve/Dnm1l/Stub1/Pex2/Atg4c/Becn1/Vti1a/Tafazzin/Cttn/Chmp3/Sec22b/Tsc2/Atp13a2/Pafah1b2/Hdac10/Huwe1/Atg7/Tom1/Ikbkg",24
"GO:0032271","regulation of protein polymerization","18/1007","211/28928",0.0853080568720379,2.45063701012345,4.01634855626601,0.000451329996828757,0.0104367461939479,0.00844642797848822,"Eml2/Mapt/Map2/Ssh3/Kank3/Bin1/Camsap3/Nckap1l/Cyrib/Cdk5rap2/Dmtn/Cttn/Dctn1/Clasp2/Nckap1/Evl/Inpp5j/Sptan1",18
"GO:0045927","positive regulation of growth","24/1007","324/28928",0.0740740740740741,2.12791937916069,3.87737787357498,0.000464921559443262,0.0106977732205142,0.0086576763828625,"L1cam/Mapt/Agrn/Sh3glb1/Picalm/Nrg1/Unc13a/Macf1/Zfp639/Hsf1/Syt17/Ncam1/Cib1/Creb1/Adnp/Mapkap1/Slc23a2/Map2k5/Sgip1/Ndel1/Rims2/Brat1/Ncoa3/Ptk2",24
"GO:0046785","microtubule polymerization","11/1007","95/28928",0.115789473684211,3.32627397689855,4.31299244945614,0.000466881692963853,0.0106977732205142,0.0086576763828625,"Eml2/Mapt/Map2/Camsap3/Cdk5rap2/Dctn1/Clasp2/Zfp207/Haus2/Ndel1/Inpp5j",11
"GO:0008654","phospholipid biosynthetic process","18/1007","212/28928",0.0849056603773585,2.43907740158513,3.99384365930507,0.000477524485045815,0.0108918993907268,0.00881478212108495,"Dgkz/Pnpla3/Sh3glb1/Pla2g6/Inpp4a/Ip6k1/Isyna1/Pcyt2/Ip6k2/Becn1/Chkb/Chka/Tafazzin/Ptdss1/Samd8/Dgkq/Mboat1/Acsl6",18
"GO:0046683","response to organophosphorus","14/1007","143/28928",0.0979020979020979,2.81242491371588,4.12615818907247,0.000485858447719568,0.0110318447541031,0.00892803949179373,"Tyms/Slc8a1/Fos/Cdk2/Ryr1/Rapgef3/Rapgef1/P2rx4/Pygm/Dmtn/Mat2a/Asph/Pfkfb1/Dgkq",14
"GO:0007093","mitotic cell cycle checkpoint signaling","15/1007","160/28928",0.09375,2.69314796425025,4.07850517626961,0.000493102014648726,0.0111328063251479,0.00900974739410138,"Dgkz/Abraxas1/Pidd1/Cdk5rap3/Kntc1/Nabp1/Cdk5rap2/Nae1/Brsk2/Zfp207/Orc1/Bard1/Usp44/Prpf4b/Mbd4",15
"GO:0010389","regulation of G2/M transition of mitotic cell cycle","12/1007","111/28928",0.108108108108108,3.10561206688317,4.22101033682015,0.000494742090575526,0.0111328063251479,0.00900974739410138,"Abraxas1/Camk2d/Cdk5rap3/Cdk2/Cdk4/Nabp1/Nae1/Miip/Ctc1/Orc1/Bard1/Mbd4",12
"GO:0051168","nuclear export","16/1007","178/28928",0.0898876404494382,2.58219430280174,4.02116451794214,0.000518851704593881,0.011623204703804,0.00940662535866162,"Akap8l/Nup188/Rapgef3/Wnk1/Dhx9/Pkd1/Ythdc1/Strada/Lzts2/Zc3h11a/Thoc2/Xpo4/Chtop/Bard1/Prpf4b/Hnrnpa2b1",16
"GO:0035329","hippo signaling","8/1007","54/28928",0.148148148148148,4.25583875832138,4.54786161670064,0.000527046918690834,0.0117543175021805,0.00951273456051105,"Tead3/Strn4/Frmd6/Map4k4/Tial1/Amotl1/Prpf4b/Nf2",8
"GO:0097061","dendritic spine organization","12/1007","112/28928",0.107142857142857,3.07788338771457,4.18421780654633,0.000536877914822961,0.0119205901618656,0.00964729853463896,"Pdlim5/Dlg4/Actr2/Ube3a/Shank1/Dnm1l/Cask/Xlr3b/Cttn/Caprin2/Lrp8/Grin1",12
"GO:0010563","negative regulation of phosphorus metabolic process","27/1007","388/28928",0.0695876288659794,1.99903766418575,3.76245824401468,0.000563919132120902,0.0122811881548234,0.00993912942906772,"Mapt/Nf1/Spag9/Cdk5rap3/Pkig/Slc8a1/Bak1/Ncor1/Birc3/Wars1/Gmppa/Ppp1r26/Dmtn/Sirt2/Macroh2a1/Pparg/Flcn/Qars1/Tsc2/Tnfaip3/Cib1/Plec/Pfkfb1/Dgkq/Ppargc1a/Nf2/Inpp5j",27
"GO:0045936","negative regulation of phosphate metabolic process","27/1007","388/28928",0.0695876288659794,1.99903766418575,3.76245824401468,0.000563919132120902,0.0122811881548234,0.00993912942906772,"Mapt/Nf1/Spag9/Cdk5rap3/Pkig/Slc8a1/Bak1/Ncor1/Birc3/Wars1/Gmppa/Ppp1r26/Dmtn/Sirt2/Macroh2a1/Pparg/Flcn/Qars1/Tsc2/Tnfaip3/Cib1/Plec/Pfkfb1/Dgkq/Ppargc1a/Nf2/Inpp5j",27
"GO:0070570","regulation of neuron projection regeneration","7/1007","42/28928",0.166666666666667,4.78781860311155,4.66520855292869,0.000563956120855563,0.0122811881548234,0.00993912942906772,"Neo1/Nrg1/Ptprs/Flna/Ptprf/Map4k4/Ndel1",7
"GO:0051058","negative regulation of small GTPase mediated signal transduction","9/1007","68/28928",0.132352941176471,3.80209124364741,4.39328638685092,0.00056535561254767,0.0122811881548234,0.00993912942906772,"Dgkz/Rasal3/Nf1/Arhgap12/Syngap1/Rapgef1/Cyrib/Flcn/Mapkap1",9
"GO:0060999","positive regulation of dendritic spine development","9/1007","68/28928",0.132352941176471,3.80209124364741,4.39328638685092,0.00056535561254767,0.0122811881548234,0.00993912942906772,"D16Ertd472e/Actr2/Shank1/Dnm1l/Cask/Xlr3b/Caprin2/Tsc2/Lrp8",9
"GO:0006936","muscle contraction","24/1007","329/28928",0.0729483282674772,2.09558017886949,3.79548815400477,0.000578062779973921,0.0125030992668497,0.0101187214389264,"Stac/Agrn/Camk2d/Pla2g6/Cacna1g/Myl6/Slc8a1/Scn1a/Abat/Vps54/Ryr1/P2rx4/Bin1/Tafazzin/Fkbp1a/Flna/Cttn/Rnf207/Tpcn2/Kcnma1/Calcrl/Cald1/Cacna1c/Shc1",24
"GO:0014074","response to purine-containing compound","15/1007","163/28928",0.0920245398773006,2.64358082380392,3.99625899983601,0.000599554121126183,0.0129122857502626,0.0104498748556802,"Slc8a1/Fos/Cdk2/Ryr1/Rapgef3/Rapgef1/P2rx4/Pygm/Fkbp1a/Dmtn/Mat2a/Creb1/Asph/Pfkfb1/Dgkq",15
"GO:1901880","negative regulation of protein depolymerization","10/1007","83/28928",0.120481927710843,3.4610736889963,4.26411924140899,0.000609200127343141,0.0130639582863585,0.0105726229927568,"Map2/Camsap3/Dmtn/Clasp2/Bbof1/Cib1/Ttbk2/Eml4/Evl/Sptan1",10
"GO:0030010","establishment of cell polarity","16/1007","181/28928",0.0883977900552486,2.53939550220281,3.94542856911312,0.000623007091464484,0.0132628060489604,0.0107335499018039,"Map2/Myo18a/Pkd1/Camsap3/Kcnq2/Cyrib/Cdk5rap2/Myo9a/Scrib/Dctn1/Clasp2/Brsk2/Tsc2/Amotl1/Ndel1/Rhobtb1",16
"GO:0006612","protein targeting to membrane","13/1007","130/28928",0.1,2.87269116186693,4.06403670852234,0.000623758913422609,0.0132628060489604,0.0107335499018039,"Ank3/Mief2/Tcaf1/Hpca/Zdhhc3/Pikfyve/Macf1/Mff/Dmtn/Sec61a2/Zdhhc1/Cib1/Cacnb3",13
"GO:0150116","regulation of cell-substrate junction organization","9/1007","69/28928",0.130434782608696,3.74698847200035,4.33852087979598,0.000630375052074156,0.0133469283177558,0.0108016298063606,"Macf1/Camsap3/Slk/Peak1/Dmtn/Iqsec1/Clasp2/Map4k4/Ptk2",9
"GO:0016241","regulation of macroautophagy","14/1007","147/28928",0.0952380952380952,2.73589634463517,4.00710262347785,0.000641031782273598,0.0135155356447433,0.0109380832198653,"Sh3glb1/Cdk5rap3/Elapor1/Dnm1l/Stub1/Becn1/Cttn/Sec22b/Tsc2/Atp13a2/Pafah1b2/Huwe1/Tom1/Ikbkg",14
"GO:0006896","Golgi to vacuole transport","5/1007","21/28928",0.238095238095238,6.83974086158793,5.08396627112631,0.000646661276681335,0.0135771811145897,0.0109879727171838,"Ap3d1/Vps54/Vti1a/Ap3s1/Ap1g2",5
"GO:0007632","visual behavior","10/1007","84/28928",0.119047619047619,3.41987043079397,4.21798432182976,0.000670308218701139,0.0140150276726763,0.0113423206480219,"Nf1/Deaf1/Syngap1/Dbh/Nptn/Idua/Creb1/Cacna1c/Grin1/Chrd",10
"GO:0034605","cellular response to heat","8/1007","56/28928",0.142857142857143,4.10384451695276,4.41526205995359,0.000676868576689247,0.0140934710283263,0.0114058046248837,"Hspa8/Mapt/Nf1/Stac/Dhx9/Stub1/Hsf1/Arpp21",8
"GO:0006979","response to oxidative stress","29/1007","434/28928",0.0668202764976959,1.91954017728436,3.66555561424443,0.00068830787614366,0.0142724335640037,0.0115506384783047,"Hspa8/Ezh2/Pxdn/Slc8a1/Bak1/Stk25/Fos/Ube3a/Pex2/Rnf112/Xpa/Becn1/Sirt2/Macroh2a1/Prdx6/Hsf1/Camk2g/Tnfaip3/Atp13a2/Mapkap1/Slc23a2/Ppargc1a/Ercc8/Rad52/Ubr4/Atg7/Ccs/Foxp1/Neil1",29
"GO:0061003","positive regulation of dendritic spine morphogenesis","6/1007","32/28928",0.1875,5.3862959285005,4.71471019210367,0.000731025990151997,0.0150958371135091,0.0122170165475694,"Actr2/Dnm1l/Cask/Xlr3b/Caprin2/Lrp8",6
"GO:0071277","cellular response to calcium ion","10/1007","85/28928",0.117647058823529,3.37963666101992,4.17254325707744,0.00073638359876118,0.015128416706169,0.0122433831160245,"Fos/Hpca/Ryr1/Wnk1/Kcnq2/Carf/Mef2a/Micu3/Gpld1/Asph",10
"GO:0006282","regulation of DNA repair","18/1007","220/28928",0.0818181818181818,2.35038367789113,3.81828200198358,0.000738633338583383,0.015128416706169,0.0122433831160245,"Rad51ap1/Timeless/Abraxas1/Usp1/Rtel1/Actr2/Dhx9/Helq/Mrgbp/Kat2a/Hsf1/Trp53bp1/Bard1/Ube2v2/Hdac10/Ercc8/Slf2/Rad52",18
"GO:0031114","regulation of microtubule depolymerization","7/1007","44/28928",0.159090909090909,4.5701904847883,4.50080302818129,0.000754175333262911,0.0153839504972085,0.012450185861054,"Map2/Camsap3/Clasp2/Bbof1/Cib1/Ttbk2/Eml4",7
"GO:0007041","lysosomal transport","13/1007","133/28928",0.0977443609022556,2.80789361686241,3.96863446115783,0.000774056438118706,0.0157255676375695,0.0127266556073385,"Hspa8/Ap3d1/Gprasp1/Slc17a9/Vps54/Vps11/Becn1/Bin1/Tpcn2/Chmp3/Scyl2/Gcc2/Atp13a2",13
"GO:0050772","positive regulation of axonogenesis","11/1007","101/28928",0.108910891089109,3.12867354262735,4.06978038149238,0.000787208377860485,0.0159282727423545,0.0128907042520618,"L1cam/Mapt/Picalm/Ache/Stk25/Macf1/Nrdc/Plxna4/Plxna3/Adnp/Ndel1",11
"GO:0010457","centriole-centriole cohesion","4/1007","13/28928",0.307692307692308,8.83904972882133,5.36876563693255,0.000811353366761505,0.016254084431451,0.0131543826931547,"Crocc/Cntln/Dctn1/Cep250",4
"GO:0035332","positive regulation of hippo signaling","4/1007","13/28928",0.307692307692308,8.83904972882133,5.36876563693255,0.000811353366761505,0.016254084431451,0.0131543826931547,"Frmd6/Map4k4/Tial1/Prpf4b",4
"GO:0098969","neurotransmitter receptor transport to postsynaptic membrane","5/1007","22/28928",0.227272727272727,6.52884354969757,4.92665999056981,0.000813028137165044,0.016254084431451,0.0131543826931547,"Mapk10/Epb41l1/Snap23/Gripap1/Scrib",5
"GO:0006909","phagocytosis","19/1007","241/28928",0.0788381742738589,2.26477726454239,3.7443889377657,0.000836359640826694,0.0166541772923347,0.013478176667959,"Hspa8/Cd47/Arhgap12/Il15/Myo18a/Rapgef1/Pikfyve/Becn1/Cdc42se2/Nckap1l/Abca1/Pparg/Itgav/Clcn3/Dysf/Pear1/Bltp1/Atg7/Ptk2",19
"GO:0031113","regulation of microtubule polymerization","8/1007","58/28928",0.137931034482759,3.96233263705784,4.28869712748799,0.000859232487333325,0.0170420103614175,0.0137920488293404,"Eml2/Mapt/Map2/Camsap3/Cdk5rap2/Dctn1/Clasp2/Inpp5j",8
"GO:0034405","response to fluid shear stress","6/1007","33/28928",0.181818181818182,5.22307483975806,4.60972849753827,0.000867421707789784,0.0170694985478005,0.01381429493768,"Mtss1/Hdac5/Pkd1/P2rx4/Abca1/Plec",6
"GO:1900242","regulation of synaptic vesicle endocytosis","6/1007","33/28928",0.181818181818182,5.22307483975806,4.60972849753827,0.000867421707789784,0.0170694985478005,0.01381429493768,"Picalm/Dnm1l/Mff/Scamp5/Dgkq/Kcnc3",6
"GO:0070588","calcium ion transmembrane transport","25/1007","361/28928",0.0692520775623269,1.9893983115422,3.59247204386719,0.000948870077946437,0.0185204298726941,0.0149885293886962,"Stac/Camk2d/Cacna1g/Ubr3/Slc8a1/Bak1/Hpca/Ryr1/Rapgef3/Pkd1/P2rx4/Bin1/Fkbp1a/Flna/Itgav/Tpcn2/Micu3/Dysf/Cacna1c/Asph/Plch1/Cbarp/Cacnb3/Grin1/Plce1",25
"GO:0022037","metencephalon development","14/1007","153/28928",0.0915032679738562,2.62860629190438,3.83579250579704,0.000951365292402567,0.0185204298726941,0.0149885293886962,"Hspa8/L1cam/Ezh2/Abat/Otx1/Pdss2/Ptprs/Scrib/Zbtb18/Kat2a/Ttbk2/Grin1/Atg7/Sez6l",14
"GO:0141188","nucleic acid catabolic process","24/1007","341/28928",0.0703812316715543,2.02183542184183,3.60474709745875,0.000952226167228989,0.0185204298726941,0.0149885293886962,"Mettl16/Lsm2/Lsm5/Pan2/Mov10/Zc3h18/Traf2/Zc3h4/Vps54/Lsm7/Dhx9/Taf15/Elavl4/Tirap/Smg7/Dnase1l2/Tnrc6a/Exog/Cnot2/Hsf1/Tut7/Ythdf3/Ago4/Zc3h14",24
"GO:0033059","cellular pigmentation","8/1007","59/28928",0.135593220338983,3.89517445676872,4.22752147872347,0.000964133551275162,0.0186077775396106,0.0150592195984598,"Ap3d1/Hps1/Vps33b/Hps4/Pikfyve/Hps3/Ap3s1/Dctn1",8
"GO:0051646","mitochondrion localization","8/1007","59/28928",0.135593220338983,3.89517445676872,4.22752147872347,0.000964133551275162,0.0186077775396106,0.0150592195984598,"Mapt/Myo19/Dnm1l/Pkd1/Mef2a/Kat2a/Kif1b/Brat1",8
"GO:0021537","telencephalon development","23/1007","322/28928",0.0714285714285714,2.05192225847638,3.6048231403836,0.000988560502549749,0.0190061172482553,0.0153815947523167,"Nf1/Nrg1/Numbl/Ezh2/Atg16l1/Fos/Tra2b/Gmppa/Kcnq2/Numb/Plxna4/Ptprs/Flna/Plxna3/Zbtb18/Kat2a/Zdhhc16/Lrp8/Grin1/Nf2/Ndel1/Atg7/Tacc2",23
"GO:0071625","vocalization behavior","5/1007","23/28928",0.217391304347826,6.24498078666724,4.77883770417957,0.00100931691083107,0.0191957048684246,0.0155350274553464,"Auts2/Dlg4/Shank1/Nrxn3/Foxp1",5
"GO:1903540","establishment of protein localization to postsynaptic membrane","5/1007","23/28928",0.217391304347826,6.24498078666724,4.77883770417957,0.00100931691083107,0.0191957048684246,0.0155350274553464,"Mapk10/Epb41l1/Snap23/Gripap1/Scrib",5
"GO:0050657","nucleic acid transport","14/1007","154/28928",0.0909090909090909,2.61153741987903,3.80804072086527,0.00101372295538711,0.0191957048684246,0.0155350274553464,"Mapt/Akap8l/Srsf7/Nup188/Wnk1/Dhx9/Cpeb1/Ythdc1/Zc3h11a/Thoc2/Hsf1/Nup43/Chtop/Hnrnpa2b1",14
"GO:0050658","RNA transport","14/1007","154/28928",0.0909090909090909,2.61153741987903,3.80804072086527,0.00101372295538711,0.0191957048684246,0.0155350274553464,"Mapt/Akap8l/Srsf7/Nup188/Wnk1/Dhx9/Cpeb1/Ythdc1/Zc3h11a/Thoc2/Hsf1/Nup43/Chtop/Hnrnpa2b1",14
"GO:0018208","peptidyl-proline modification","6/1007","34/28928",0.176470588235294,5.06945499152988,4.50892303894775,0.00102260492149089,0.0192910958497793,0.0156122270958127,"Ogfod1/P4ha1/Nktr/Ppid/Ntmt1/Ppil2",6
"GO:0110053","regulation of actin filament organization","21/1007","284/28928",0.073943661971831,2.12417304222555,3.61556732522073,0.00104506462899601,0.0196409524655504,0.015895365025297,"Cd47/Ppfia1/Ssh3/Mtss1/Rapgef3/Shank1/Kank3/Bin1/Nckap1l/Cyrib/Dmtn/Ap1ar/Flna/Washc3/Cttn/Clasp2/Naa80/Nckap1/Evl/Nf2/Sptan1",21
"GO:0006497","protein lipidation","8/1007","60/28928",0.133333333333333,3.83025488248924,4.1676743193064,0.00107903719190611,0.0202037635409882,0.0163508463722457,"Atg16l1/Hhatl/Zdhhc3/Abca1/Ppm1b/Zdhhc16/Zdhhc1/Atg7",8
"GO:1901991","negative regulation of mitotic cell cycle phase transition","16/1007","191/28928",0.0837696335078534,2.40644285810842,3.70355680684887,0.00110878403837466,0.0206835624704983,0.0167391462338072,"Dgkz/Abraxas1/Pidd1/Ezh2/Cdk5rap3/Kntc1/Nabp1/Cdk5rap2/Nae1/Miip/Zfp207/Orc1/Bard1/Usp44/Prpf4b/Mbd4",16
"GO:0006261","DNA-templated DNA replication","14/1007","156/28928",0.0897435897435897,2.57805617090622,3.75319111877621,0.00114877892145169,0.021350268992017,0.0172787098594956,"Timeless/Rtel1/Polg2/Cenpx/Cdk2/Mms22l/Primpol/Wdhd1/Ilkap/Dscc1/Poln/Orc1/Bard1/Atg7",14
"GO:1902750","negative regulation of cell cycle G2/M phase transition","9/1007","75/28928",0.12,3.44722939424032,4.03005314224075,0.00116091369190743,0.0214961804649132,0.0173967955850801,"Abraxas1/Cdk5rap3/Nabp1/Nae1/Macroh2a1/Miip/Orc1/Bard1/Mbd4",9
"GO:0048679","regulation of axon regeneration","6/1007","35/28928",0.171428571428571,4.92461342034331,4.41200033499423,0.00119824079257259,0.0221057805041518,0.0178901431027286,"Neo1/Nrg1/Ptprs/Flna/Ptprf/Ndel1",6
"GO:0044782","cilium organization","29/1007","450/28928",0.0644444444444444,1.8512898598698,3.45644716861496,0.00120452432968824,0.0221403043456982,0.0179180831460854,"Ablim1/Dzip1/Actr2/Fam161a/Septin2/Rabep2/Crocc/Vdac3/Cep70/Tbc1d31/Nek1/Pierce2/Ccdc38/Rpgr/Flna/Ablim3/Rfx3/Cep89/Cfap65/Dctn1/Bbof1/Ccdc40/Ttbk2/Odf2l/Ttll5/Limk2/Macir/Cep250/Zmynd12",29
"GO:0051236","establishment of RNA localization","14/1007","157/28928",0.089171974522293,2.56163543096414,3.72608665119511,0.00122176913602961,0.0223588492501135,0.0180949508940315,"Mapt/Akap8l/Srsf7/Nup188/Wnk1/Dhx9/Cpeb1/Ythdc1/Zc3h11a/Thoc2/Hsf1/Nup43/Chtop/Hnrnpa2b1",14
"GO:0034502","protein localization to chromosome","12/1007","123/28928",0.0975609756097561,2.80262552377262,3.80474084528347,0.00123579173864977,0.0223588492501135,0.0180949508940315,"Rpa1/Ezh2/Iffo1/Brd3/Mms22l/Kntc1/Macroh2a1/Terf2/Trp53bp1/Scml2/Slf2/Gnl3l",12
"GO:1905477","positive regulation of protein localization to membrane","12/1007","123/28928",0.0975609756097561,2.80262552377262,3.80474084528347,0.00123579173864977,0.0223588492501135,0.0180949508940315,"Stac/Agrn/Ank3/Mief2/Sorbs1/Dlg4/Tcaf1/Hpca/Mff/Clasp2/Cib1/Cacnb3",12
"GO:1903169","regulation of calcium ion transmembrane transport","16/1007","193/28928",0.0829015544041451,2.38150562641818,3.65701431649785,0.00123706809429416,0.0223588492501135,0.0180949508940315,"Stac/Camk2d/Ubr3/Slc8a1/Bak1/Hpca/Rapgef3/P2rx4/Bin1/Fkbp1a/Dysf/Cacna1c/Asph/Cbarp/Cacnb3/Grin1",16
"GO:0018126","protein hydroxylation","5/1007","24/28928",0.208333333333333,5.98477325388944,4.63951948866348,0.00123869272449812,0.0223588492501135,0.0180949508940315,"Ogfod1/Vps33b/P4ha1/Plod2/Asph",5
"GO:1903539","protein localization to postsynaptic membrane","9/1007","76/28928",0.118421052631579,3.40187111273716,3.98170868169963,0.0012769034200346,0.0229659547015542,0.0185862795491171,"Dlg4/Mapk10/Tnik/Epb41l1/Nrxn3/Snap23/Gripap1/Scrib/Grin1",9
"GO:1902116","negative regulation of organelle assembly","7/1007","48/28928",0.145833333333333,4.18934127772261,4.19975510539436,0.00128470467930897,0.0230237431456157,0.0186330475668195,"Becn1/Cdk5rap2/Kat2a/Sec22b/Odf2l/Limk2/Mdm1",7
"GO:0043547","positive regulation of GTPase activity","14/1007","158/28928",0.0886075949367089,2.54542254848969,3.69919142617964,0.00129860214070098,0.0231204531399634,0.018711314680619,"Nf1/Agrn/Dock9/Ezh2/Snx13/Chn1/Rapgef3/Rapgef1/Ralgapa1/Myo9a/Scrib/Map4k4/Tsc2/Ndel1",14
"GO:0051924","regulation of calcium ion transport","21/1007","289/28928",0.0726643598615917,2.08742264357113,3.52833097656756,0.00129931601942401,0.0231204531399634,0.018711314680619,"Stac/Camk2d/Cacna1g/Ubr3/Slc8a1/Bak1/Hpca/Isl1/Rapgef3/Homer3/P2rx4/Homer2/Bin1/Cask/Fkbp1a/Dysf/Cacna1c/Asph/Cbarp/Cacnb3/Grin1",21
"GO:0061001","regulation of dendritic spine morphogenesis","8/1007","62/28928",0.129032258064516,3.70669827337669,4.05175648375106,0.00134156276992372,0.0237040914770325,0.0191836514691094,"Pdlim5/Actr2/Ube3a/Dnm1l/Cask/Xlr3b/Caprin2/Lrp8",8
"GO:0098732","macromolecule deacylation","8/1007","62/28928",0.129032258064516,3.70669827337669,4.05175648375106,0.00134156276992372,0.0237040914770325,0.0191836514691094,"Mapt/Cpt1c/Sirt2/Flna/Kat2a/Hdac9/Hdac10/Hdac7",8
"GO:1901987","regulation of cell cycle phase transition","30/1007","475/28928",0.0631578947368421,1.81433126012648,3.39848085897122,0.00136943721853971,0.024111705132043,0.0195135320004661,"Dgkz/Timeless/Abraxas1/Pidd1/Camk2d/Susd2/Ezh2/Cdk5rap3/Cdk2/Kntc1/Pkd1/Cdk4/Nabp1/Cdk5rap2/Nek1/Nae1/Macroh2a1/Miip/Brsk2/Zfp207/Ctc1/Hsf1/Trp53bp1/Klhl18/Orc1/Bard1/Usp44/Prpf4b/Mbd4/Clock",30
"GO:0099532","synaptic vesicle endosomal processing","4/1007","15/28928",0.266666666666667,7.66050976497848,4.90012850569976,0.00146514496310417,0.025617064198107,0.0207318146622259,"Ap3d1/Dnm1l/Vti1a/Gripap1",4
"GO:0150011","regulation of neuron projection arborization","4/1007","15/28928",0.266666666666667,7.66050976497848,4.90012850569976,0.00146514496310417,0.025617064198107,0.0207318146622259,"Mov10/Dlg4/Macf1/Myo9a",4
"GO:0007626","locomotory behavior","21/1007","292/28928",0.0719178082191781,2.06597652052074,3.47683304372253,0.00147592969838665,0.0257160250920285,0.0208119034224258,"Mapt/Myo6/Nrg1/Dlg4/Mapk10/Scn1a/Abat/Ube3a/Ncor1/Elavl4/Dbh/Clcn3/Kcnma1/Pak6/Idua/Cacna1c/Tal1/Grin1/Atg7/Fign/Sez6l",21
"GO:0043242","negative regulation of protein-containing complex disassembly","10/1007","93/28928",0.10752688172043,3.0889152278139,3.83180377543489,0.00148255637677636,0.0257421034555839,0.0208330085653002,"Map2/Camsap3/Dmtn/Clasp2/Bbof1/Cib1/Ttbk2/Eml4/Evl/Sptan1",10
"GO:0000381","regulation of alternative mRNA splicing, via spliceosome","8/1007","63/28928",0.126984126984127,3.6478617928469,3.99558851022495,0.00149059722845822,0.0257924720427701,0.0208737717146708,"Srsf6/Puf60/Rbm25/Tra2b/Tia1/Ythdc1/Arglu1/Mbnl1",8
"GO:0034453","microtubule anchoring","5/1007","25/28928",0.2,5.74538232373386,4.50786290731881,0.00150440171783902,0.0259418825433547,0.0209946891930654,"Camsap3/Dctn1/Clasp2/Gcc2/Ninl",5
"GO:0042060","wound healing","26/1007","394/28928",0.065989847715736,1.8956845230594,3.3995607086697,0.00151335703540588,0.0260069369988585,0.0210473375724437,"Srsf6/Nf1/Nrg1/Hps1/Sh2b3/Vps33b/Hps4/Macf1/Cask/Evpl/Dmtn/Flna/Pparg/Dst/Scrib/Itgav/Clasp2/Chmp3/Dysf/Nbeal2/Plec/Pear1/Evl/Prrg2/BC004004/Ptk2",26
"GO:0006260","DNA replication","20/1007","273/28928",0.0732600732600733,2.10453564971936,3.4822648852667,0.00151854937057424,0.0260071015069676,0.0210474707083722,"Timeless/Rpa1/Rtel1/Polg2/Rbms1/Cenpx/Cdk2/Mms22l/Primpol/Cinp/Dhx9/Wdhd1/Usp37/Ilkap/Dscc1/Poln/Ctc1/Orc1/Bard1/Atg7",20
"GO:0048193","Golgi vesicle transport","21/1007","293/28928",0.0716723549488055,2.05892540611623,3.45980429430746,0.00153917862907988,0.0262707427235471,0.0212608347690304,"Ap3d1/Ank3/Myo18a/Vps54/Copg2/Macf1/Vti1a/Ap1ar/Ap3s1/Rab4b/Ergic1/Exoc1/Bltp3b/Lmf1/Sec22b/Sec31b/Gcc2/Lman2l/Sec24c/Sys1/Ap1g2",21
"GO:0141193","nuclear receptor-mediated signaling pathway","15/1007","179/28928",0.0837988826815642,2.40728309653653,3.58672073952617,0.0015572005245423,0.0264882448547568,0.0214368586036903,"Ezh2/Trerf1/Ube3a/Isl1/Ncor1/Vps11/Ufsp2/Pparg/Actn4/Stard10/Cnot2/Safb2/Clock/Ncoa3/Foxp1",15
"GO:1902117","positive regulation of organelle assembly","10/1007","94/28928",0.106382978723404,3.05605442751801,3.79181408569694,0.00160833692853924,0.0271509999257307,0.0219732243320822,"Pan2/Sh3glb1/Dzip1/Elapor1/Crocc/Becn1/Cnot2/Hsf1/Ttbk2/Ubap2l",10
"GO:0032412","regulation of monoatomic ion transmembrane transporter activity","16/1007","198/28928",0.0808080808080808,2.32136659544803,3.54314604916162,0.00161363585874356,0.0271509999257307,0.0219732243320822,"Klhl24/Stac/Agrn/Camk2d/Ank3/Tcaf1/Mink1/Hpca/Shank1/Fkbp1a/Gopc/Rnf207/Dysf/Asph/Cbarp/Cacnb3",16
"GO:0030517","negative regulation of axon extension","6/1007","37/28928",0.162162162162162,4.65841810032475,4.22876801301587,0.00161780569505649,0.0271509999257307,0.0219732243320822,"Map2/Sema6c/Ptprs/Arhgap4/Plxna3/Trim46",6
"GO:0140058","neuron projection arborization","6/1007","37/28928",0.162162162162162,4.65841810032475,4.22876801301587,0.00161780569505649,0.0271509999257307,0.0219732243320822,"Mov10/Dlg4/Macf1/Myo9a/Sult4a1/Pak6",6
"GO:0046474","glycerophospholipid biosynthetic process","14/1007","162/28928",0.0864197530864197,2.48257260902081,3.59364100506884,0.00164754365525932,0.0273664538549229,0.0221475905628773,"Dgkz/Pnpla3/Sh3glb1/Pla2g6/Inpp4a/Ip6k1/Pcyt2/Ip6k2/Becn1/Chkb/Chka/Tafazzin/Ptdss1/Dgkq",14
"GO:0051893","regulation of focal adhesion assembly","8/1007","64/28928",0.125,3.59086395233366,3.94055402774938,0.00165245825389431,0.0273664538549229,0.0221475905628773,"Macf1/Camsap3/Slk/Peak1/Dmtn/Clasp2/Map4k4/Ptk2",8
"GO:0090109","regulation of cell-substrate junction assembly","8/1007","64/28928",0.125,3.59086395233366,3.94055402774938,0.00165245825389431,0.0273664538549229,0.0221475905628773,"Macf1/Camsap3/Slk/Peak1/Dmtn/Clasp2/Map4k4/Ptk2",8
"GO:1903533","regulation of protein targeting","8/1007","64/28928",0.125,3.59086395233366,3.94055402774938,0.00165245825389431,0.0273664538549229,0.0221475905628773,"Ank3/Mief2/Tcaf1/Hpca/Mff/Dmtn/Cib1/Cacnb3",8
"GO:0072659","protein localization to plasma membrane","22/1007","315/28928",0.0698412698412698,2.00632398606579,3.41045522832902,0.00167365644369479,0.0275814231522968,0.0223215645825682,"Stac/Picalm/Camk2d/Ank3/Sorbs1/Ppfia1/Tnik/Zdhhc3/Wnk1/Macf1/Numb/Cask/Flna/Gripap1/Scrib/Clasp2/Camk2g/Cib1/Sys1/Ppil2/Cacnb3/Epb41l3",22
"GO:0010632","regulation of epithelial cell migration","9/1007","79/28928",0.113924050632911,3.27268613377245,3.84139153280733,0.00168192815556054,0.0275814231522968,0.0223215645825682,"Macf1/Scrib/Iqsec1/Clasp2/Map4k4/Macir/Capn7/Evl/Ptk2",9
"GO:0062237","protein localization to postsynapse","9/1007","79/28928",0.113924050632911,3.27268613377245,3.84139153280733,0.00168192815556054,0.0275814231522968,0.0223215645825682,"Dlg4/Mapk10/Tnik/Epb41l1/Nrxn3/Snap23/Gripap1/Scrib/Grin1",9
"GO:0002090","regulation of receptor internalization","10/1007","95/28928",0.105263157894737,3.02388543354414,3.75235362649668,0.0017426257797834,0.0284837008565248,0.0230517752731163,"Nrg1/Dlg4/Hpca/Usp46/Synj1/Numb/Sirt2/Scrib/Iqsec1/Syt17",10
"GO:0007623","circadian rhythm","19/1007","257/28928",0.0739299610894942,2.12377945818956,3.43658570560151,0.00177250880467508,0.0288780817592842,0.0233709465770214,"Tyms/Timeless/Agrn/Scn9a/Ezh2/Mapk10/Ube3a/Dhx9/Btrc/Ncor1/Mat2a/Pparg/Kcnma1/Maged1/Creb1/Ppargc1a/Huwe1/Atg7/Clock",19
"GO:0031400","negative regulation of protein modification process","27/1007","420/28928",0.0642857142857143,1.84673003262874,3.31961090746841,0.00180656609040853,0.02929469322726,0.0237081090119295,"Mapt/Nf1/Spag9/Cdk5rap3/Pkig/Slc8a1/Bak1/Hhatl/Wnk1/Wars1/Dmtn/Sirt2/Macroh2a1/Pparg/Flcn/Dysf/Qars1/Tsc2/Tnfaip3/Cib1/Plec/Usp44/Dgkq/Ppargc1a/Nf2/Inpp5j/Gnl3l",27
"GO:0098877","neurotransmitter receptor transport to plasma membrane","5/1007","26/28928",0.192307692307692,5.52440608051333,4.3831390844161,0.00180975585899773,0.02929469322726,0.0237081090119295,"Mapk10/Epb41l1/Snap23/Gripap1/Scrib",5
"GO:0042158","lipoprotein biosynthetic process","8/1007","65/28928",0.123076923076923,3.53561989152853,3.88661070456362,0.00182790686609241,0.0294933654471117,0.0238688938547454,"Atg16l1/Hhatl/Zdhhc3/Abca1/Ppm1b/Zdhhc16/Zdhhc1/Atg7",8
"GO:0072665","protein localization to vacuole","9/1007","80/28928",0.1125,3.2317775571003,3.7961117921777,0.00183773068512402,0.0295011183420151,0.0238751682497733,"Hspa8/Ap3d1/Sh3glb1/Vps54/Stam/Becn1/Gcc2/Tnfaip3/Atp13a2",9
"GO:0140029","exocytic process","11/1007","112/28928",0.0982142857142857,2.82139310540502,3.66772529652819,0.00184203125924466,0.0295011183420151,0.0238751682497733,"Rimbp2/Vps11/Unc13a/Synj1/Snap23/Exoc7/Scrib/Exoc1/Rab44/Ncam1/Rims2",11
"GO:0047496","vesicle transport along microtubule","7/1007","51/28928",0.137254901960784,3.94290943785657,3.99472509777585,0.00184602454352187,0.0295011183420151,0.0238751682497733,"Ap3d1/Map2/Ap3s1/Madd/Kif1b/Trim46/Ndel1",7
"GO:0030048","actin filament-based movement","12/1007","129/28928",0.0930232558139535,2.67227084824831,3.6150450937216,0.00186090128299082,0.0296209152194397,0.0239721195101001,"Myo6/Camk2d/Myl6/Myo19/Scn1a/Bin1/Flna/Rnf207/Actn4/Frmd6/Cacna1c/Evl",12
"GO:0035330","regulation of hippo signaling","6/1007","38/28928",0.157894736842105,4.53582815031621,4.14200029270635,0.00186532666587145,0.0296209152194397,0.0239721195101001,"Strn4/Frmd6/Map4k4/Tial1/Prpf4b/Nf2",6
"GO:0046777","protein autophosphorylation","16/1007","201/28928",0.0796019900497512,2.2867193328294,3.47646343994338,0.00188264298960057,0.0297022830779657,0.0240379702785324,"Camk2d/Nrg1/Ltk/Tnik/Stk25/Mink1/Pikfyve/Slk/Peak1/Clk4/Clk1/Camk2g/Atp13a2/Clk3/Ptk2/Obscn",16
"GO:0048639","positive regulation of developmental growth","17/1007","220/28928",0.0772727272727273,2.21980680689717,3.44906892235708,0.00189747609954962,0.0297022830779657,0.0240379702785324,"L1cam/Mapt/Agrn/Sh3glb1/Picalm/Nrg1/Unc13a/Macf1/Hsf1/Syt17/Ncam1/Creb1/Adnp/Slc23a2/Sgip1/Ndel1/Rims2",17
"GO:0046831","regulation of RNA export from nucleus","4/1007","16/28928",0.25,7.18172790466733,4.69712110530287,0.00190004640654185,0.0297022830779657,0.0240379702785324,"Akap8l/Wnk1/Dhx9/Thoc2",4
"GO:0170043","non-proteinogenic amino acid biosynthetic process","4/1007","16/28928",0.25,7.18172790466733,4.69712110530287,0.00190004640654185,0.0297022830779657,0.0240379702785324,"Aldh18a1/Abat/Upb1/Plod2",4
"GO:1902358","sulfate transmembrane transport","4/1007","16/28928",0.25,7.18172790466733,4.69712110530287,0.00190004640654185,0.0297022830779657,0.0240379702785324,"Slc25a10/Racgap1/Slc26a8/Slc26a11",4
"GO:0097553","calcium ion transmembrane import into cytosol","16/1007","202/28928",0.0792079207920792,2.27539894009262,3.45449928510871,0.00198025030559783,0.0308599255698445,0.0249748469401649,"Camk2d/Cacna1g/Slc8a1/Bak1/Ryr1/P2rx4/Fkbp1a/Flna/Itgav/Tpcn2/Cacna1c/Asph/Plch1/Cacnb3/Grin1/Plce1",16
"GO:0035725","sodium ion transmembrane transport","15/1007","184/28928",0.0815217391304348,2.34186779500022,3.46773568851485,0.00204135853171963,0.0317137371893781,0.0256658341710097,"Klhl24/Agrn/Slc9b2/Camk2d/Cacna1g/Ank3/Scn9a/Slc8a1/Scn1a/Slc9a5/Wnk1/Kcnq2/Tpcn2/Slc9a8/Grin1",15
"GO:0007160","cell-matrix adhesion","18/1007","241/28928",0.0746887966804979,2.14557846114543,3.39149938689605,0.00206575603628994,0.0319630182824091,0.0258675766259433,"L1cam/Itga2b/Nf1/Sorbs1/Mink1/Zyx/Macf1/Camsap3/Slk/Cask/Peak1/Dmtn/Cttn/Itgav/Clasp2/Map4k4/Cib1/Ptk2",18
"GO:0008089","anterograde axonal transport","7/1007","52/28928",0.134615384615385,3.86708425635933,3.92983720517711,0.00207014367114048,0.0319630182824091,0.0258675766259433,"Ap3d1/Map2/Ank3/Ap3s1/Madd/Kif1b/Trim46",7
"GO:0002790","peptide secretion","23/1007","341/28928",0.0674486803519062,1.93759227926509,3.30756105634759,0.00208535549670539,0.0320991223388578,0.0259777252382609,"Gabbr1/Slc9b2/Pla2g6/Gipr/Abat/Isl1/Snx19/Cask/Abca1/Pparg/Rfx3/Brsk2/Aacs/Map4k4/Hmgn3/Gpld1/Madd/Cacna1c/Slc16a1/Dgat1/Atg7/Rims2/Clock",23
"GO:0032438","melanosome organization","6/1007","39/28928",0.153846153846154,4.41952486441066,4.05819362025156,0.00214047510718198,0.0327466588043878,0.0265017745940568,"Ap3d1/Hps1/Hps4/Pikfyve/Hps3/Ap3s1",6
"GO:0099637","neurotransmitter receptor transport","6/1007","39/28928",0.153846153846154,4.41952486441066,4.05819362025156,0.00214047510718198,0.0327466588043878,0.0265017745940568,"Ap3d1/Mapk10/Epb41l1/Snap23/Gripap1/Scrib",6
"GO:0071108","protein K48-linked deubiquitination","5/1007","27/28928",0.185185185185185,5.31979844790172,4.26471368649715,0.00215811786917087,0.032916217226442,0.0266389977259997,"Usp37/Usp34/Bap1/Tnfaip3/Otud7b",5
"GO:0033143","regulation of intracellular steroid hormone receptor signaling pathway","9/1007","82/28928",0.109756097560976,3.15295371424419,3.70765886369144,0.00218388026166465,0.0330731409428163,0.026765995627821,"Isl1/Ncor1/Vps11/Ufsp2/Cnot2/Safb2/Clock/Ncoa3/Foxp1",9
"GO:0051592","response to calcium ion","13/1007","149/28928",0.087248322147651,2.50637483921276,3.50097723244877,0.00218436702967137,0.0330731409428163,0.026765995627821,"Gipr/Fos/Vps54/Hpca/Ryr1/Wnk1/Kcnq2/Carf/Mef2a/Kcnma1/Micu3/Gpld1/Asph",13
"GO:0007051","spindle organization","16/1007","204/28928",0.0784313725490196,2.25309110734661,3.41095681854357,0.00218817911379335,0.0330731409428163,0.026765995627821,"Abraxas1/Kifc2/Espl1/Racgap1/Ncor1/Pkd1/Lzts2/Flna/Dctn1/Clasp2/Zfp207/Chmp3/Ntmt1/Haus2/Limk2/Tacc2",16
"GO:0010665","regulation of cardiac muscle cell apoptotic process","8/1007","67/28928",0.119402985074627,3.4300789992441,3.78183916372162,0.00222271387498751,0.033393946780501,0.0270256228480991,"Hspa8/Camk2d/Nrg1/Ltk/Rapgef3/Mff/Hsf1/Atg7",8
"GO:0097479","synaptic vesicle localization","8/1007","67/28928",0.119402985074627,3.4300789992441,3.78183916372162,0.00222271387498751,0.033393946780501,0.0270256228480991,"Ap3d1/Map2/Picalm/Synj1/Ap3s1/Madd/Kif1b/Trim46",8
"GO:0001952","regulation of cell-matrix adhesion","12/1007","132/28928",0.0909090909090909,2.61153741987903,3.52421362745312,0.00225925466835082,0.0338416117187595,0.0273879167651138,"Nf1/Mink1/Macf1/Camsap3/Slk/Cask/Peak1/Dmtn/Clasp2/Map4k4/Cib1/Ptk2",12
"GO:0051302","regulation of cell division","15/1007","186/28928",0.0806451612903226,2.31668642086043,3.42122222784829,0.00226723193325285,0.0338600292888774,0.0274028220504057,"Sh3glb1/Susd2/Myo19/Racgap1/Wnk1/Becn1/Sirt2/Exoc7/Zbtb18/Chmp3/Kat2a/Cib1/Tal1/Birc6/Ncoa3",15
"GO:0018209","peptidyl-serine modification","17/1007","224/28928",0.0758928571428571,2.18016739963115,3.36742057388091,0.00229378368720414,0.0341549155560546,0.0276414726385556,"Srpk2/Camk2d/Bak1/Cdk2/Isl1/Wnk1/Ip6k2/Pikfyve/Pkd1/Dmtn/Clk1/Brsk2/Ntmt1/Ttbk2/Mapkap1/Dgkq/Inpp5j",17
"GO:0042594","response to starvation","18/1007","244/28928",0.0737704918032787,2.11919839809856,3.33413426565374,0.00236302936216427,0.0347484371428796,0.0281218079119862,"Hspa8/Sh3glb1/Higd1a/Tbl2/Fos/Bmf/Elapor1/Pex2/Becn1/Depdc5/Chka/Max/Tnrc6a/Flcn/Pak6/Tsc2/Pfkfb1/Atg7",18
"GO:0016239","positive regulation of macroautophagy","10/1007","99/28928",0.101010101010101,2.90170824431003,3.59954532269113,0.00237333990250322,0.0347484371428796,0.0281218079119862,"Sh3glb1/Cdk5rap3/Elapor1/Stub1/Becn1/Tsc2/Pafah1b2/Huwe1/Tom1/Ikbkg",10
"GO:0043543","protein acylation","10/1007","99/28928",0.101010101010101,2.90170824431003,3.59954532269113,0.00237333990250322,0.0347484371428796,0.0281218079119862,"Hhatl/Zdhhc3/Fam161a/Ppm1b/Dscc1/Kat2a/Zdhhc16/Zdhhc1/Naa80/Clock",10
"GO:0010611","regulation of cardiac muscle hypertrophy","9/1007","83/28928",0.108433734939759,3.11496632009667,3.66444475871593,0.00237539541313618,0.0347484371428796,0.0281218079119862,"Camk2d/Akap1/P2rx4/Becn1/Pde9a/Mef2a/Pparg/Ptk2/Foxp1",9
"GO:0043112","receptor metabolic process","9/1007","83/28928",0.108433734939759,3.11496632009667,3.66444475871593,0.00237539541313618,0.0347484371428796,0.0281218079119862,"Sh3glb1/Gprasp1/Ache/Gria2/Pex2/Becn1/Ap1ar/Scrib/Plekhj1",9
"GO:0017157","regulation of exocytosis","17/1007","225/28928",0.0755555555555556,2.1704777667439,3.34727759817801,0.00240299710397339,0.0347484371428796,0.0281218079119862,"Pla2g6/Cacna1g/Epb41l1/Septin2/Dnm1l/Stam/Trim9/Nckap1l/Cask/Snap23/Tpcn2/Clasp2/Syt17/Scamp5/Atp13a2/Cbarp/Rims2",17
"GO:0031032","actomyosin structure organization","17/1007","225/28928",0.0755555555555556,2.1704777667439,3.34727759817801,0.00240299710397339,0.0347484371428796,0.0281218079119862,"Cd47/Sorbs1/Ppfia1/Myo18a/Epb41l1/Rapgef3/Racgap1/Kank3/Zyx/Mef2a/Epb41l2/Clasp2/Cdc42bpa/Plec/Epb41l3/Evl/Nf2",17
"GO:0010524","positive regulation of calcium ion transport into cytosol","4/1007","17/28928",0.235294117647059,6.75927332203984,4.51088278616801,0.00241674064624651,0.0347484371428796,0.0281218079119862,"Bak1/P2rx4/Asph/Grin1",4
"GO:0045843","negative regulation of striated muscle tissue development","4/1007","17/28928",0.235294117647059,6.75927332203984,4.51088278616801,0.00241674064624651,0.0347484371428796,0.0281218079119862,"Hdac5/Sirt2/Hdac9/Hdac7",4
"GO:1902514","regulation of calcium ion transmembrane transport via high voltage-gated calcium channel","4/1007","17/28928",0.235294117647059,6.75927332203984,4.51088278616801,0.00241674064624651,0.0347484371428796,0.0281218079119862,"Camk2d/Ubr3/Bin1/Cacna1c",4
"GO:1903423","positive regulation of synaptic vesicle recycling","4/1007","17/28928",0.235294117647059,6.75927332203984,4.51088278616801,0.00241674064624651,0.0347484371428796,0.0281218079119862,"Picalm/Dnm1l/Synj1/Mff",4
"GO:1990166","protein localization to site of double-strand break","4/1007","17/28928",0.235294117647059,6.75927332203984,4.51088278616801,0.00241674064624651,0.0347484371428796,0.0281218079119862,"Rpa1/Iffo1/Trp53bp1/Slf2",4
"GO:0006904","vesicle docking involved in exocytosis","6/1007","40/28928",0.15,4.3090367428004,3.97716671562255,0.00244515065997681,0.034956598324113,0.0282902721433215,"Vps11/Unc13a/Exoc7/Exoc1/Ncam1/Rims2",6
"GO:0048753","pigment granule organization","6/1007","40/28928",0.15,4.3090367428004,3.97716671562255,0.00244515065997681,0.034956598324113,0.0282902721433215,"Ap3d1/Hps1/Hps4/Pikfyve/Hps3/Ap3s1",6
"GO:0009416","response to light stimulus","23/1007","346/28928",0.0664739884393064,1.9095923908364,3.23250726280697,0.00250564428121928,0.0357196676226089,0.0289078218808133,"Nf1/Deaf1/Usp1/Mapk10/Bak1/Fos/Bmf/Syngap1/Primpol/Rev1/Xpa/Dbh/Rpgr/Nptn/Pparg/Idua/Ppid/Creb1/Cacna1c/Cep250/Grin1/Chrd/Ercc8",23
"GO:0035459","vesicle cargo loading","5/1007","28/28928",0.178571428571429,5.12980564619095,4.1520316630371,0.00255288636144381,0.0357804491120298,0.0289570121613163,"Ap3d1/Picalm/Ap3s1/Sec31b/Sec24c",5
"GO:0090200","positive regulation of release of cytochrome c from mitochondria","5/1007","28/28928",0.178571428571429,5.12980564619095,4.1520316630371,0.00255288636144381,0.0357804491120298,0.0289570121613163,"Pla2g6/Bak1/Bmf/Dnm1l/Mff",5
"GO:1901385","regulation of voltage-gated calcium channel activity","5/1007","28/28928",0.178571428571429,5.12980564619095,4.1520316630371,0.00255288636144381,0.0357804491120298,0.0289570121613163,"Stac/Hpca/Dysf/Cbarp/Cacnb3",5
"GO:0022613","ribonucleoprotein complex biogenesis","28/1007","452/28928",0.0619469026548673,1.77954319761668,3.17227523062474,0.00255975304650645,0.0357804491120298,0.0289570121613163,"Nop56/Srsf6/Mettl16/Lsm2/Srpk2/Gemin8/Afg2a/Puf60/Sf3b1/Cinp/Dhx9/Ythdc1/Eif3h/Snrpd1/Tma16/Luc7l2/Mettl17/Prpf39/Rpusd1/Ddx46/Rexo5/Prpf4b/Afg2b/Ago4/Mbnl1/Rsrp1/Rps24/Gnl3l",28
"GO:0000380","alternative mRNA splicing, via spliceosome","9/1007","84/28928",0.107142857142857,3.07788338771457,3.62187968431637,0.0025800058764684,0.0357804491120298,0.0289570121613163,"Srsf6/Puf60/Rbm25/Tra2b/Dhx9/Tia1/Ythdc1/Arglu1/Mbnl1",9
"GO:0032272","negative regulation of protein polymerization","9/1007","84/28928",0.107142857142857,3.07788338771457,3.62187968431637,0.0025800058764684,0.0357804491120298,0.0289570121613163,"Eml2/Map2/Ssh3/Kank3/Cyrib/Dmtn/Evl/Inpp5j/Sptan1",9
"GO:0051965","positive regulation of synapse assembly","9/1007","84/28928",0.107142857142857,3.07788338771457,3.62187968431637,0.0025800058764684,0.0357804491120298,0.0289570121613163,"Agrn/Sema4a/Dlg4/Adgrb2/Xlr3b/Iqsec1/Adgrl1/Adnp/Ube2v2",9
"GO:0030219","megakaryocyte differentiation","7/1007","54/28928",0.12962962962963,3.72385891353121,3.80477484350093,0.00258097140560607,0.0357804491120298,0.0289570121613163,"Sh2b3/Rabgap1l/Vps33b/Flna/Nbeal2/Cib1/Tal1",7
"GO:0045124","regulation of bone resorption","7/1007","54/28928",0.12962962962963,3.72385891353121,3.80477484350093,0.00258097140560607,0.0357804491120298,0.0289570121613163,"Nf1/Ltbp3/Itgav/Idua/Def8/Dlk1/Gpr137",7
"GO:0031333","negative regulation of protein-containing complex assembly","14/1007","170/28928",0.0823529411764706,2.36574566271394,3.39168803811032,0.00258121215196389,0.0357804491120298,0.0289570121613163,"Eml2/Hspa8/Map2/Ssh3/Isl1/Trim9/Kank3/Cyrib/Dmtn/Sirt2/Hsf1/Evl/Inpp5j/Sptan1",14
"GO:0010662","regulation of striated muscle cell apoptotic process","8/1007","69/28928",0.115942028985507,3.33065641955586,3.68097705648922,0.00268150742577035,0.037068331301696,0.0299992914270611,"Hspa8/Camk2d/Nrg1/Ltk/Rapgef3/Mff/Hsf1/Atg7",8
"GO:0098813","nuclear chromosome segregation","22/1007","328/28928",0.0670731707317073,1.92680504759367,3.20585034215348,0.00275534251367198,0.0379843646527637,0.0307406345221125,"Abraxas1/Kifc2/Akap8l/Espl1/Msh5/Actr2/Kntc1/Racgap1/Cpeb1/Becn1/Cdk5rap2/Sirt2/Flna/Atf6b/Ncapg2/Clasp2/Zfp207/Chmp3/Usp44/Prpf4b/Ago4/Eml4",22
"GO:1905476","negative regulation of protein localization to membrane","6/1007","41/28928",0.146341463414634,4.20393828565892,3.89875368729018,0.00278128576860479,0.038027745700661,0.0307757426765015,"Picalm/Ppfia1/Wnk1/Numb/Dmtn/Gripap1",6
"GO:0006939","smooth muscle contraction","11/1007","118/28928",0.0932203389830508,2.6779324390285,3.46852471567013,0.00278498512470817,0.038027745700661,0.0307757426765015,"Pla2g6/Cacna1g/Slc8a1/Abat/Cttn/Tpcn2/Kcnma1/Calcrl/Cald1/Cacna1c/Shc1",11
"GO:0043473","pigmentation","11/1007","118/28928",0.0932203389830508,2.6779324390285,3.46852471567013,0.00278498512470817,0.038027745700661,0.0307757426765015,"Ap3d1/Nf1/Hps1/Vps33b/Hps4/Mitf/Pikfyve/Hps3/Ap3s1/Tpcn2/Dctn1",11
"GO:0022898","regulation of transmembrane transporter activity","16/1007","209/28928",0.076555023923445,2.19918940621392,3.30428286482781,0.00278880239494684,0.038027745700661,0.0307757426765015,"Klhl24/Stac/Agrn/Camk2d/Ank3/Tcaf1/Mink1/Hpca/Shank1/Fkbp1a/Gopc/Rnf207/Dysf/Asph/Cbarp/Cacnb3",16
"GO:0010507","negative regulation of autophagy","9/1007","85/28928",0.105882352941176,3.04167299491793,3.57994521922126,0.00279832956724952,0.0380542486950084,0.0307971914718261,"Bmf/Wnk1/Becn1/Sirt2/Sec22b/Tsc2/Tnfaip3/Zkscan3/Ptk2",9
"GO:0015711","organic anion transport","29/1007","477/28928",0.0607966457023061,1.7464998678017,3.1220589970973,0.00284255886669988,0.0385512443056757,0.0311994085568369,"Gabbr1/Arhgef11/Cd47/Nf1/Slc25a10/Myo6/Pla2g6/Slc17a9/Abat/Vps54/Slc16a3/Slc35b4/Septin2/Ttyh1/Mfsd10/Slc38a6/Abcd4/Slc39a14/Pparg/Stard10/Proca1/Slc26a8/Slc7a7/Slc16a1/Slc23a2/Slc35a2/Slc35c2/Acsl6/Slc26a11",29
"GO:0051591","response to cAMP","10/1007","102/28928",0.0980392156862745,2.81636388418327,3.48988970344464,0.00295713991443669,0.0397826490365773,0.0321959807814216,"Slc8a1/Fos/Cdk2/Rapgef3/Rapgef1/Pygm/Dmtn/Mat2a/Pfkfb1/Dgkq",10
"GO:1903312","negative regulation of mRNA metabolic process","10/1007","102/28928",0.0980392156862745,2.81636388418327,3.48988970344464,0.00295713991443669,0.0397826490365773,0.0321959807814216,"Srsf6/Mettl16/Srsf7/Traf2/Dhx9/Taf15/Elavl4/Tirap/Acin1/Hnrnpa2b1",10
"GO:2001257","regulation of cation channel activity","10/1007","102/28928",0.0980392156862745,2.81636388418327,3.48988970344464,0.00295713991443669,0.0397826490365773,0.0321959807814216,"Klhl24/Stac/Ank3/Hpca/Fkbp1a/Rnf207/Dysf/Asph/Cbarp/Cacnb3",10
"GO:0010660","regulation of muscle cell apoptotic process","11/1007","119/28928",0.092436974789916,2.65542880508708,3.43653558603302,0.00297445512873497,0.0398155592761186,0.0322226149414247,"Hspa8/Camk2d/Nrg1/Ltk/Rapgef3/Stub1/Mff/Pparg/Hsf1/Map2k5/Atg7",11
"GO:0015833","peptide transport","23/1007","351/28928",0.0655270655270655,1.88239022002676,3.15868905482827,0.00299554381499778,0.0398155592761186,0.0322226149414247,"Gabbr1/Slc9b2/Pla2g6/Gipr/Abat/Isl1/Snx19/Cask/Abca1/Pparg/Rfx3/Brsk2/Aacs/Map4k4/Hmgn3/Gpld1/Madd/Cacna1c/Slc16a1/Dgat1/Atg7/Rims2/Clock",23
"GO:0046473","phosphatidic acid metabolic process","5/1007","29/28928",0.172413793103448,4.9529157963223,4.04460489797975,0.00299748128521551,0.0398155592761186,0.0322226149414247,"Dgkz/Pnpla3/Sh3glb1/Pla2g6/Dgkq",5
"GO:0000819","sister chromatid segregation","17/1007","230/28928",0.0739130434782609,2.12329346746686,3.24812163601254,0.00301627589028333,0.0398155592761186,0.0322226149414247,"Abraxas1/Kifc2/Akap8l/Espl1/Kntc1/Racgap1/Becn1/Cdk5rap2/Flna/Atf6b/Ncapg2/Clasp2/Zfp207/Chmp3/Usp44/Prpf4b/Eml4",17
"GO:0098880","maintenance of postsynaptic specialization structure","4/1007","18/28928",0.222222222222222,6.38375813748207,4.33909038421548,0.00302238839354121,0.0398155592761186,0.0322226149414247,"Dgkz/Hspa8/Syngap1/Shank1",4
"GO:1901862","negative regulation of muscle tissue development","4/1007","18/28928",0.222222222222222,6.38375813748207,4.33909038421548,0.00302238839354121,0.0398155592761186,0.0322226149414247,"Hdac5/Sirt2/Hdac9/Hdac7",4
"GO:0014743","regulation of muscle hypertrophy","9/1007","86/28928",0.104651162790698,3.00630470427935,3.53862368131572,0.00303099713899508,0.0398155592761186,0.0322226149414247,"Camk2d/Akap1/P2rx4/Becn1/Pde9a/Mef2a/Pparg/Ptk2/Foxp1",9
"GO:0015800","acidic amino acid transport","9/1007","86/28928",0.104651162790698,3.00630470427935,3.53862368131572,0.00303099713899508,0.0398155592761186,0.0322226149414247,"Gabbr1/Arhgef11/Nf1/Myo6/Abat/Vps54/Septin2/Ttyh1/Slc38a6",9
"GO:0097194","execution phase of apoptosis","9/1007","86/28928",0.104651162790698,3.00630470427935,3.53862368131572,0.00303099713899508,0.0398155592761186,0.0322226149414247,"Cdk5rap3/Vps54/Sirt2/Exog/Hsf1/Acin1/Dedd2/Madd/Sharpin",9
"GO:0046879","hormone secretion","26/1007","415/28928",0.0626506024096386,1.79975831827808,3.11646537392592,0.00307350910963337,0.040268586715771,0.0325892487150352,"Gabbr1/Slc9b2/Pla2g6/Nrg1/Gipr/Abat/Isl1/Snx19/Cask/Snap23/Pparg/Rfx3/Brsk2/Rab44/Aacs/Map4k4/Creb1/Hmgn3/Gpld1/Madd/Cacna1c/Slc16a1/Dgat1/Atg7/Rims2/Clock",26
"GO:0033144","negative regulation of intracellular steroid hormone receptor signaling pathway","6/1007","42/28928",0.142857142857143,4.10384451695276,3.82280238434701,0.00315084070989632,0.0411742674017181,0.0333222134286733,"Isl1/Ncor1/Vps11/Cnot2/Clock/Foxp1",6
"GO:0006520","amino acid metabolic process","20/1007","291/28928",0.0687285223367698,1.97435818685012,3.17250504995197,0.00318529325745639,0.0414156269674175,0.0335175450148511,"Ggt5/Got1l1/Adss1/Aldh18a1/Abat/Aasdhppt/Carns1/Wars1/P4ha1/Acad8/Upb1/Csad/Plod2/Dalrd3/Qars1/Slc7a7/Ears2/Icmt/Accs/Gcdh",20
"GO:0030072","peptide hormone secretion","22/1007","332/28928",0.0662650602409639,1.90359052894797,3.14477093249128,0.00318837339595437,0.0414156269674175,0.0335175450148511,"Gabbr1/Slc9b2/Pla2g6/Gipr/Abat/Isl1/Snx19/Cask/Pparg/Rfx3/Brsk2/Aacs/Map4k4/Hmgn3/Gpld1/Madd/Cacna1c/Slc16a1/Dgat1/Atg7/Rims2/Clock",22
"GO:0007517","muscle organ development","25/1007","395/28928",0.0632911392405063,1.81815896320692,3.10930604333907,0.00320256375281511,0.0414156269674175,0.0335175450148511,"Hspa8/Nf1/Nrg1/Myl6/Meg3/Mtss1/Fos/Vps54/Ryr1/Isl1/Hdac5/Gmppa/Chkb/Ccnt2/Tafazzin/Fkbp1a/Sirt2/Zbtb18/Paxbp1/Creb1/Plec/Hdac9/Hdac7/Mbnl1/Foxp1",25
"GO:0018105","peptidyl-serine phosphorylation","16/1007","212/28928",0.0754716981132075,2.168068801409,3.24171873660227,0.00321057769835102,0.0414156269674175,0.0335175450148511,"Srpk2/Camk2d/Bak1/Cdk2/Isl1/Wnk1/Ip6k2/Pikfyve/Pkd1/Dmtn/Clk1/Brsk2/Ttbk2/Mapkap1/Dgkq/Inpp5j",16
"GO:0030258","lipid modification","16/1007","212/28928",0.0754716981132075,2.168068801409,3.24171873660227,0.00321057769835102,0.0414156269674175,0.0335175450148511,"Dgkz/B3galt1/Pex2/Synj1/Abcd4/Acad8/Acaa1a/Pparg/Agk/Dgkq/Dgat1/Eci1/Ppargc1a/Mboat1/Inpp5j/Gcdh",16
"GO:0050714","positive regulation of protein secretion","15/1007","193/28928",0.077720207253886,2.23266152476705,3.26300577953971,0.00322712030143496,0.0415222812117964,0.033603859980934,"Pla2g6/Gipr/Myo18a/Abat/Isl1/Dnm1l/Cask/Zfp384/Pparg/Aacs/Ppid/Atp13a2/Gpld1/Cacna1c/Atg7",15
"GO:0051054","positive regulation of DNA metabolic process","21/1007","312/28928",0.0673076923076923,1.93354212817967,3.14852904090329,0.00325927014595467,0.0417509105690899,0.0337888890469151,"Rad51ap1/Timeless/Abraxas1/Camk2d/Rtel1/Polg2/Actr2/Cdk2/Dhx9/Helq/Mrgbp/Dscc1/Terf2/Ctc1/Hsf1/Trp53bp1/Ube2v2/Hdac10/Ercc8/Slf2/Hnrnpa2b1",21
"GO:0006997","nucleus organization","13/1007","156/28928",0.0833333333333333,2.39390930155578,3.31522293529917,0.00326152988104489,0.0417509105690899,0.0337888890469151,"Srpk2/Akap8l/Cdan1/Chd5/Bin1/Sf1/Sirt2/Gopc/Dctn1/Chmp3/Irag2/Plec/Ndel1",13
"GO:0034765","regulation of monoatomic ion transmembrane transport","24/1007","375/28928",0.064,1.83852234359484,3.10388305106689,0.00332675222156629,0.0424774622081925,0.0343768851501346,"Klhl24/Stac/Agrn/Camk2d/Ubr3/Ank3/Tcaf1/Slc8a1/Bak1/Hpca/Rapgef3/Wnk1/P2rx4/Bin1/Fkbp1a/Flna/Gopc/Rnf207/Dysf/Cacna1c/Asph/Cbarp/Cacnb3/Grin1",24
"GO:0021543","pallium development","16/1007","213/28928",0.0751173708920188,2.15789007464183,3.22109602115498,0.00336234794369405,0.0428229999529358,0.034656527830007,"Nf1/Ezh2/Atg16l1/Fos/Tra2b/Kcnq2/Ptprs/Flna/Plxna3/Zbtb18/Lrp8/Grin1/Nf2/Ndel1/Atg7/Tacc2",16
"GO:0021700","developmental maturation","26/1007","418/28928",0.062200956937799,1.78684139254881,3.07735557031036,0.0033810776570096,0.0428871733921497,0.0347084632054947,"Tyms/Ap3d1/Nf1/Picalm/Ank3/Il15/Dlg4/Cbfb/Ryr1/Snx19/Shank1/Unc13a/Kcnq2/Catsperd/Sirt2/Bap1/Pparg/Rfx3/Clcn3/Kcnma1/Nrcam/Adgrl1/Tut7/Tal1/Grin1/Sez6l",26
"GO:0043279","response to alkaloid","11/1007","121/28928",0.0909090909090909,2.61153741987903,3.37353338131197,0.00338448000464155,0.0428871733921497,0.0347084632054947,"Dlg4/Slc8a1/Abat/Ube3a/Ryr1/Hdac5/Elavl4/Homer2/Fkbp1a/Ncam1/Grin1",11
"GO:0046822","regulation of nucleocytoplasmic transport","12/1007","139/28928",0.0863309352517986,2.48002114693548,3.32171968185294,0.00346323915569151,0.043774645045995,0.0354266914030435,"Nf1/Akap8l/Pkig/Rapgef3/Wnk1/Dhx9/Akap1/Flna/Thoc2/Xpo4/Bard1/Prpf4b",12
"GO:0007613","memory","14/1007","176/28928",0.0795454545454545,2.28509524239415,3.24757035647764,0.00353632906438321,0.0445861790077259,0.0360834634498556,"Mapt/Paip2/Pla2g6/Nrg1/Fos/Shank1/Kcnq2/Dbh/Kat2a/Pak6/Idua/Creb1/Adnp/Grin1",14
"GO:0090329","regulation of DNA-templated DNA replication","6/1007","43/28928",0.13953488372093,4.00840627237246,3.74917295976983,0.00355579855966589,0.0447192911589058,0.0361911907220446,"Timeless/Polg2/Cdk2/Ilkap/Dscc1/Atg7",6
"GO:0003300","cardiac muscle hypertrophy","11/1007","122/28928",0.0901639344262295,2.59013137545379,3.34250751836411,0.00360582475039906,0.0451222658291833,0.0365173169367098,"Camk2d/Pdlim5/Ezh2/Akap1/P2rx4/Becn1/Pde9a/Mef2a/Pparg/Ptk2/Foxp1",11
"GO:0030518","nuclear receptor-mediated steroid hormone signaling pathway","11/1007","122/28928",0.0901639344262295,2.59013137545379,3.34250751836411,0.00360582475039906,0.0451222658291833,0.0365173169367098,"Trerf1/Ube3a/Isl1/Ncor1/Vps11/Ufsp2/Cnot2/Safb2/Clock/Ncoa3/Foxp1",11
"GO:0051222","positive regulation of protein transport","21/1007","315/28928",0.0666666666666667,1.91512744124462,3.10138803188184,0.00364089865060992,0.045447834399902,0.0367807986228151,"Pla2g6/Gipr/Myo18a/Abat/Isl1/Rapgef3/Dnm1l/Cask/Flna/Zfp384/Pparg/Dctn1/Aacs/Ppid/Atp13a2/Gpld1/Xpo4/Cacna1c/Asph/Prpf4b/Atg7",21
"GO:0031570","DNA integrity checkpoint signaling","12/1007","140/28928",0.0857142857142857,2.46230671017166,3.29380354371773,0.00367107748671235,0.0457108358022893,0.0369936448837306,"Dgkz/Timeless/Abraxas1/Pidd1/Cdk5rap3/Nek1/Nae1/Trp53bp1/Orc1/Bard1/Mbd4/Clock",12
"GO:0009266","response to temperature stimulus","14/1007","177/28928",0.0790960451977401,2.27218509978175,3.2241215712491,0.00372045771572846,0.0459134790078418,0.0371576434335873,"Hspa8/Mapt/Nf1/Stac/Nrg1/Scn9a/Aldh18a1/Dhx9/Stub1/Slc12a5/Kcnq2/Hsf1/Arpp21/Bltp1",14
"GO:0021859","pyramidal neuron differentiation","4/1007","19/28928",0.210526315789474,6.04777086708828,4.17985145049736,0.00372395096775441,0.0459134790078418,0.0371576434335873,"Kcnq2/Plxna3/Scyl2/Atg7",4
"GO:0032239","regulation of nucleobase-containing compound transport","4/1007","19/28928",0.210526315789474,6.04777086708828,4.17985145049736,0.00372395096775441,0.0459134790078418,0.0371576434335873,"Akap8l/Wnk1/Dhx9/Thoc2",4
"GO:0048635","negative regulation of muscle organ development","4/1007","19/28928",0.210526315789474,6.04777086708828,4.17985145049736,0.00372395096775441,0.0459134790078418,0.0371576434335873,"Hdac5/Sirt2/Hdac9/Hdac7",4
"GO:0030073","insulin secretion","19/1007","275/28928",0.0690909090909091,1.98476843910806,3.11613573829573,0.00376064232225739,0.0462522136595283,0.0374317803902709,"Slc9b2/Pla2g6/Gipr/Abat/Isl1/Snx19/Cask/Rfx3/Brsk2/Aacs/Map4k4/Hmgn3/Gpld1/Cacna1c/Slc16a1/Dgat1/Atg7/Rims2/Clock",19
"GO:0034764","positive regulation of transmembrane transport","18/1007","255/28928",0.0705882352941176,2.02778199661195,3.13065692370633,0.00377684618271177,0.0463379318944931,0.0375011519055514,"Arhgef11/Stac/Ank3/Sorbs1/Tcaf1/Bak1/Rapgef3/Wnk1/P2rx4/Mef2a/Flna/Rnf207/Ak1/Cacna1c/Asph/Cacnb3/Grin1/Acsl6",18
"GO:0042326","negative regulation of phosphorylation","22/1007","337/28928",0.0652818991097923,1.87534734602589,3.06959900750666,0.00380870573551801,0.0466148423922668,0.0377252547564274,"Mapt/Nf1/Spag9/Cdk5rap3/Pkig/Slc8a1/Bak1/Birc3/Wars1/Dmtn/Sirt2/Macroh2a1/Pparg/Qars1/Tsc2/Tnfaip3/Cib1/Plec/Dgkq/Ppargc1a/Nf2/Inpp5j",22
"GO:0010972","negative regulation of G2/M transition of mitotic cell cycle","8/1007","73/28928",0.10958904109589,3.14815469793636,3.48993544013987,0.00381844688693518,0.0466203563957196,0.0377297172231936,"Abraxas1/Cdk5rap3/Nabp1/Nae1/Miip/Orc1/Bard1/Mbd4",8
"GO:0050764","regulation of phagocytosis","11/1007","123/28928",0.0894308943089431,2.56907339679156,3.311790254432,0.00383859584976728,0.0467526067333306,0.0378367470321976,"Hspa8/Cd47/Il15/Myo18a/Rapgef1/Nckap1l/Pparg/Itgav/Dysf/Atg7/Ptk2",11
"GO:0006892","post-Golgi vesicle-mediated transport","10/1007","106/28928",0.0943396226415094,2.71008600176126,3.3497297969997,0.0039077228569586,0.0474028428405489,0.0383629812000667,"Ap3d1/Ank3/Vps54/Macf1/Vti1a/Ap1ar/Ap3s1/Exoc1/Sys1/Ap1g2",10
"GO:0090276","regulation of peptide hormone secretion","19/1007","276/28928",0.0688405797101449,1.97757724911129,3.09905371884785,0.00391087623275952,0.0474028428405489,0.0383629812000667,"Gabbr1/Slc9b2/Pla2g6/Gipr/Abat/Isl1/Cask/Pparg/Rfx3/Brsk2/Aacs/Map4k4/Hmgn3/Gpld1/Madd/Cacna1c/Slc16a1/Atg7/Clock",19
"GO:0032570","response to progesterone","6/1007","44/28928",0.136363636363636,3.91730612981854,3.67773661354031,0.00399816012172951,0.0481121522562078,0.0389370232225986,"Tyms/Hspa8/Trerf1/Fos/Vps54/Ube3a",6
"GO:0045022","early endosome to late endosome transport","6/1007","44/28928",0.136363636363636,3.91730612981854,3.67773661354031,0.00399816012172951,0.0481121522562078,0.0389370232225986,"Sh3glb1/Vps11/Becn1/Flna/Chmp3/Nf2",6
"GO:0051647","nucleus localization","6/1007","44/28928",0.136363636363636,3.91730612981854,3.67773661354031,0.00399816012172951,0.0481121522562078,0.0389370232225986,"Bin1/Dctn1/Cdc42bpa/Bltp1/Tacc2/Ptk2",6
"GO:0043276","anoikis","5/1007","31/28928",0.161290322580645,4.63337284172086,3.84384071257661,0.00404985232920075,0.0485015727635546,0.0392521800930951,"Bmf/Ankrd13c/Tsc2/Ptk2/Ikbkg",5
"GO:0086010","membrane depolarization during action potential","5/1007","31/28928",0.161290322580645,4.63337284172086,3.84384071257661,0.00404985232920075,0.0485015727635546,0.0392521800930951,"Cacna1g/Ank3/Scn9a/Scn1a/Cacna1c",5
"GO:0006874","intracellular calcium ion homeostasis","22/1007","339/28928",0.0648967551622419,1.86428334988414,3.03988715365306,0.00408359577861609,0.0487464556649109,0.0394503631044506,"Rimbp2/Camk2d/Slc8a1/Bak1/Grina/Vps54/Immt/Ryr1/Pygm/Fkbp1a/Dmtn/Flna/Nptn/Itgav/Tpcn2/Micu3/Atp13a2/Cacna1c/Asph/Plch1/Grin1/Plce1",22
"GO:0033044","regulation of chromosome organization","18/1007","257/28928",0.0700389105058366,2.01200159196906,3.09476221482969,0.00409708662662817,0.0487464556649109,0.0394503631044506,"Rtel1/Cdk2/Kntc1/Wdhd1/Becn1/Cdk5rap2/Macroh2a1/Terf2/Ncapg2/Zfp207/Ctc1/Tal1/Usp44/Setdb2/Prpf4b/Slf2/Gnl3l/Hnrnpa2b1",18
"GO:0030534","adult behavior","15/1007","198/28928",0.0757575757575758,2.17628118323252,3.1541103289813,0.00409944286380877,0.0487464556649109,0.0394503631044506,"Mapt/Scn1a/Abat/Usp46/Shank1/Homer2/Dbh/Nrxn3/Clcn3/Kcnma1/Idua/Cacna1c/Grin1/Atg7/Sez6l",15
"GO:0033157","regulation of intracellular protein transport","14/1007","179/28928",0.0782122905027933,2.24679755676743,3.17769371767069,0.00411214659209729,0.0487819186740998,0.0394790632134163,"Nf1/Pkig/Rapgef3/Akap1/Flna/Gripap1/Dctn1/Gcc2/Atp13a2/Xpo4/Asph/Bard1/Prpf4b/Ndel1",14
"GO:0007032","endosome organization","8/1007","74/28928",0.108108108108108,3.10561206688317,3.44423008309367,0.00415358181227799,0.0489126886406793,0.0395848949625015,"Vps33b/Vps11/Synj1/Vti1a/Plekhj1/Chmp3/Ubr4/Tom1",8
"GO:0030032","lamellipodium assembly","8/1007","74/28928",0.108108108108108,3.10561206688317,3.44423008309367,0.00415358181227799,0.0489126886406793,0.0395848949625015,"Auts2/Ablim1/Actr2/Dmtn/Ablim3/Fgd4/Nckap1/Plce1",8
"GO:0006646","phosphatidylethanolamine biosynthetic process","3/1007","10/28928",0.3,8.61807348560079,4.57574674775914,0.0042005556383761,0.0489126886406793,0.0395848949625015,"Pcyt2/Chkb/Chka",3
"GO:0016479","negative regulation of transcription by RNA polymerase I","3/1007","10/28928",0.3,8.61807348560079,4.57574674775914,0.0042005556383761,0.0489126886406793,0.0395848949625015,"Flna/Macroh2a1/Dedd",3
"GO:0036466","synaptic vesicle recycling via endosome","3/1007","10/28928",0.3,8.61807348560079,4.57574674775914,0.0042005556383761,0.0489126886406793,0.0395848949625015,"Ap3d1/Dnm1l/Gripap1",3
"GO:0046834","lipid phosphorylation","3/1007","10/28928",0.3,8.61807348560079,4.57574674775914,0.0042005556383761,0.0489126886406793,0.0395848949625015,"Dgkz/Agk/Dgkq",3
"GO:2001187","positive regulation of CD8-positive, alpha-beta T cell activation","3/1007","10/28928",0.3,8.61807348560079,4.57574674775914,0.0042005556383761,0.0489126886406793,0.0395848949625015,"Cbfb/Nckap1l/H2-T23",3
"GO:0009914","hormone transport","26/1007","425/28928",0.0611764705882353,1.75741106373036,2.9873201761257,0.00420114962218669,0.0489126886406793,0.0395848949625015,"Gabbr1/Slc9b2/Pla2g6/Nrg1/Gipr/Abat/Isl1/Snx19/Cask/Snap23/Pparg/Rfx3/Brsk2/Rab44/Aacs/Map4k4/Creb1/Hmgn3/Gpld1/Madd/Cacna1c/Slc16a1/Dgat1/Atg7/Rims2/Clock",26
"GO:0034504","protein localization to nucleus","22/1007","340/28928",0.0647058823529412,1.85880016356096,3.02510629300238,0.00422712629407754,0.0489878054126585,0.0396456867449889,"Hspa8/Nf1/Fam53c/Cdk5rap3/Pkig/Nup188/Kpna2/Pikfyve/Akap1/Xpa/Banp/Kcnq2/Lzts2/Flna/Maged1/Tsc2/Tor1aip2/Atp13a2/Limk2/Bard1/Otud7b/Nf2",22
"GO:1904062","regulation of monoatomic cation transmembrane transport","22/1007","340/28928",0.0647058823529412,1.85880016356096,3.02510629300238,0.00422712629407754,0.0489878054126585,0.0396456867449889,"Klhl24/Stac/Agrn/Camk2d/Ubr3/Ank3/Slc8a1/Bak1/Hpca/Rapgef3/Wnk1/P2rx4/Bin1/Fkbp1a/Flna/Rnf207/Dysf/Cacna1c/Asph/Cbarp/Cacnb3/Grin1",22
"GO:0010959","regulation of metal ion transport","27/1007","447/28928",0.0604026845637584,1.73518258099345,2.97489952258686,0.00424134877936672,0.0490393736747977,0.0396874207877681,"Klhl24/Stac/Agrn/Camk2d/Cacna1g/Ubr3/Ank3/Slc8a1/Bak1/Hpca/Isl1/Rapgef3/Homer3/Wnk1/P2rx4/Homer2/Bin1/Cask/Fkbp1a/Flna/Rnf207/Dysf/Cacna1c/Asph/Cbarp/Cacnb3/Grin1",27
"GO:0072666","establishment of protein localization to vacuole","7/1007","59/28928",0.11864406779661,3.40827764967263,3.5165568233438,0.00428128675264984,0.0493873492524067,0.039969036398604,"Hspa8/Ap3d1/Vps54/Stam/Becn1/Gcc2/Tnfaip3",7
