"event_key","event_type","GeneID","geneSymbol","exon_length","size_category","dPSI","FDR","significant"
"chrX:100584365:100584607:100582793:100586069:SE","SE","ENSMUSG00000031314","Taf1",242,"Regular (>50bp)",-0.006,1,FALSE
"chrX:100584428:100584607:100582793:100586069:SE","SE","ENSMUSG00000031314","Taf1",179,"Regular (>50bp)",-0.012,1,FALSE
"chrX:100586069:100586288:100584607:100586656:SE","SE","ENSMUSG00000031314","Taf1",219,"Regular (>50bp)",-0.003,1,FALSE
"chrX:100587553:100587761:100586875:100590564:SE","SE","ENSMUSG00000031314","Taf1",208,"Regular (>50bp)",-0.001,1,FALSE
"chrX:100605679:100605893:100603550:100606419:SE","SE","ENSMUSG00000031314","Taf1",214,"Regular (>50bp)",0,1,FALSE
"chrX:100634339:100634345:100634195:100637545:SE","SE","ENSMUSG00000031314","Taf1",6,"Microexon (0-30bp)",0.078,0.0191059182691326,FALSE
"chrX:73326323:73326471:73325646:73326877:SE","SE","ENSMUSG00000009995","Tafazzin",148,"Regular (>50bp)",-0.143,0.0949010613471865,FALSE
"chrX:73326877:73327006:73325646:73327253:SE","SE","ENSMUSG00000009995","Tafazzin",129,"Regular (>50bp)",-0.003,1,FALSE
"chrX:73327537:73327623:73327299:73331624:SE","SE","ENSMUSG00000009995","Tafazzin",86,"Regular (>50bp)",0.002,1,FALSE
"chrX:73327537:73327623:73327299:73331783:SE","SE","ENSMUSG00000009995","Tafazzin",86,"Regular (>50bp)",-0.003,1,FALSE
"chrX:73331624:73331705:73327299:73331783:SE","SE","ENSMUSG00000009995","Tafazzin",81,"Regular (>50bp)",-0.003,1,FALSE
"chrX:73331624:73331705:73327623:73331783:SE","SE","ENSMUSG00000009995","Tafazzin",81,"Regular (>50bp)",-0.011,1,FALSE
"chrX:73331627:73331705:73327623:73331783:SE","SE","ENSMUSG00000009995","Tafazzin",78,"Regular (>50bp)",-0.025,0.0778088447265277,FALSE
"chrX:73331783:73331825:73331705:73332056:SE","SE","ENSMUSG00000009995","Tafazzin",42,"Small (30-50bp)",0.002,1,FALSE
"chrX:73331783:73331945:73331705:73332056:SE","SE","ENSMUSG00000009995","Tafazzin",162,"Regular (>50bp)",0.001,1,FALSE
"chrX:73332053:73332119:73331825:73332710:SE","SE","ENSMUSG00000009995","Tafazzin",66,"Regular (>50bp)",-0.018,1,FALSE
"chrX:73332056:73332119:73331825:73332710:SE","SE","ENSMUSG00000009995","Tafazzin",63,"Regular (>50bp)",-0.009,1,FALSE
"chrX:73332267:73332320:73332119:73332534:SE","SE","ENSMUSG00000009995","Tafazzin",53,"Regular (>50bp)",0.064,0.00421143970968787,FALSE
"chrX:73332267:73332320:73332119:73332589:SE","SE","ENSMUSG00000009995","Tafazzin",53,"Regular (>50bp)",0.031,0.143705343436499,FALSE
"chrX:73332267:73332320:73332119:73332710:SE","SE","ENSMUSG00000009995","Tafazzin",53,"Regular (>50bp)",-0.184,2.0346835167399e-08,TRUE
"chrX:73332267:73332320:73332119:73332904:SE","SE","ENSMUSG00000009995","Tafazzin",53,"Regular (>50bp)",-0.033,0.54626392033948,FALSE
"chrX:73332534:73332625:73332119:73332710:SE","SE","ENSMUSG00000009995","Tafazzin",91,"Regular (>50bp)",-0.583,0,TRUE
"chrX:73332534:73332625:73332320:73332710:SE","SE","ENSMUSG00000009995","Tafazzin",91,"Regular (>50bp)",-0.409,0,TRUE
"chrX:73332589:73332625:73332119:73332710:SE","SE","ENSMUSG00000009995","Tafazzin",36,"Small (30-50bp)",-0.575,0,TRUE
"chrX:73332589:73332625:73332320:73332710:SE","SE","ENSMUSG00000009995","Tafazzin",36,"Small (30-50bp)",-0.385,0,TRUE
"chrX:73332710:73332788:73332119:73332904:SE","SE","ENSMUSG00000009995","Tafazzin",78,"Regular (>50bp)",-0.011,1,FALSE
"chrX:73332710:73332788:73332320:73332904:SE","SE","ENSMUSG00000009995","Tafazzin",78,"Regular (>50bp)",-0.002,1,FALSE
"chrX:13391063:13391090:13388586:13392236:SE","SE","ENSMUSG00000031012","Cask",27,"Microexon (0-30bp)",0.007,1,FALSE
"chrX:13410752:13410868:13404080:13415403:SE","SE","ENSMUSG00000031012","Cask",116,"Regular (>50bp)",0.007,1,FALSE
"chrX:13417185:13417221:13415600:13418611:SE","SE","ENSMUSG00000031012","Cask",36,"Small (30-50bp)",-0.059,0.190390018666952,FALSE
"chrX:13417185:13417221:13415600:13421116:SE","SE","ENSMUSG00000031012","Cask",36,"Small (30-50bp)",-0.009,1,FALSE
"chrX:13418611:13418680:13415600:13421116:SE","SE","ENSMUSG00000031012","Cask",69,"Regular (>50bp)",0.04,0.391623865822395,FALSE
"chrX:13418611:13418680:13417221:13421116:SE","SE","ENSMUSG00000031012","Cask",69,"Regular (>50bp)",0.134,0.000352031808409297,TRUE
"chrX:13453082:13453204:13437350:13466595:SE","SE","ENSMUSG00000031012","Cask",122,"Regular (>50bp)",0.001,1,FALSE
"chrX:13462924:13462942:13453204:13466595:SE","SE","ENSMUSG00000031012","Cask",18,"Microexon (0-30bp)",0.022,1,FALSE
"chrX:13466595:13466695:13453204:13474972:SE","SE","ENSMUSG00000031012","Cask",100,"Regular (>50bp)",0.001,1,FALSE
"chrX:13549209:13549287:13543896:13580904:SE","SE","ENSMUSG00000031012","Cask",78,"Regular (>50bp)",0,1,FALSE
"chr19:45394983:45395025:45352325:45411571:SE","SE","ENSMUSG00000025217","Btrc",42,"Small (30-50bp)",0.05,0.691035515302597,FALSE
"chr19:45394983:45395025:45352325:45425775:SE","SE","ENSMUSG00000025217","Btrc",42,"Small (30-50bp)",0.152,0.000417580588114848,TRUE
"chr19:45394983:45395025:45352325:45439055:SE","SE","ENSMUSG00000025217","Btrc",42,"Small (30-50bp)",0.028,1,FALSE
"chr19:45394983:45395025:45352325:45444971:SE","SE","ENSMUSG00000025217","Btrc",42,"Small (30-50bp)",0.061,0.586579536130149,FALSE
"chr19:45394983:45395025:45352325:45459453:SE","SE","ENSMUSG00000025217","Btrc",42,"Small (30-50bp)",0.136,0.718265074821492,FALSE
"chr19:45394983:45395025:45352325:45491370:SE","SE","ENSMUSG00000025217","Btrc",42,"Small (30-50bp)",0.1,0.624670628647683,FALSE
"chr19:45394983:45395025:45352581:45411571:SE","SE","ENSMUSG00000025217","Btrc",42,"Small (30-50bp)",-0.072,0.161469532146869,FALSE
"chr19:45394983:45395025:45352581:45444971:SE","SE","ENSMUSG00000025217","Btrc",42,"Small (30-50bp)",-0.048,1,FALSE
"chr19:45394983:45395025:45352713:45411571:SE","SE","ENSMUSG00000025217","Btrc",42,"Small (30-50bp)",-0.032,1,FALSE
"chr19:45394983:45395025:45352713:45444971:SE","SE","ENSMUSG00000025217","Btrc",42,"Small (30-50bp)",-0.432,2.04205695922085e-08,TRUE
"chr19:45411571:45411679:45352325:45425775:SE","SE","ENSMUSG00000025217","Btrc",108,"Regular (>50bp)",0.022,0.869404343511381,FALSE
"chr19:45411571:45411679:45352325:45444971:SE","SE","ENSMUSG00000025217","Btrc",108,"Regular (>50bp)",0.014,1,FALSE
"chr19:45411571:45411679:45352325:45459453:SE","SE","ENSMUSG00000025217","Btrc",108,"Regular (>50bp)",0.022,1,FALSE
"chr19:45411571:45411679:45352325:45491370:SE","SE","ENSMUSG00000025217","Btrc",108,"Regular (>50bp)",0.005,1,FALSE
"chr19:45411571:45411679:45352581:45444971:SE","SE","ENSMUSG00000025217","Btrc",108,"Regular (>50bp)",-0.01,1,FALSE
"chr19:45411571:45411679:45352713:45444971:SE","SE","ENSMUSG00000025217","Btrc",108,"Regular (>50bp)",-0.135,1.08455768614005e-10,TRUE
"chr19:45411571:45411679:45352713:45491370:SE","SE","ENSMUSG00000025217","Btrc",108,"Regular (>50bp)",0.131,1,FALSE
"chr19:45411571:45411679:45395025:45425775:SE","SE","ENSMUSG00000025217","Btrc",108,"Regular (>50bp)",-0.004,1,FALSE
"chr19:45411571:45411679:45395025:45444971:SE","SE","ENSMUSG00000025217","Btrc",108,"Regular (>50bp)",-0.004,1,FALSE
"chr19:45411571:45411679:45395025:45459453:SE","SE","ENSMUSG00000025217","Btrc",108,"Regular (>50bp)",0.035,0.305835424157354,FALSE
"chr19:45411571:45411679:45395025:45491370:SE","SE","ENSMUSG00000025217","Btrc",108,"Regular (>50bp)",-0.022,0.692185704785107,FALSE
"chr19:45444971:45445049:45352325:45459453:SE","SE","ENSMUSG00000025217","Btrc",78,"Regular (>50bp)",0.028,1,FALSE
"chr19:45444971:45445049:45352325:45491370:SE","SE","ENSMUSG00000025217","Btrc",78,"Regular (>50bp)",0.034,0.795220468563218,FALSE
"chr19:45444971:45445049:45352581:45491370:SE","SE","ENSMUSG00000025217","Btrc",78,"Regular (>50bp)",-0.055,1,FALSE
"chr19:45444971:45445049:45395025:45459453:SE","SE","ENSMUSG00000025217","Btrc",78,"Regular (>50bp)",0.025,0.475804540246031,FALSE
"chr19:45444971:45445049:45395025:45491370:SE","SE","ENSMUSG00000025217","Btrc",78,"Regular (>50bp)",-0.038,0.712054338635238,FALSE
"chr19:45444971:45445049:45411679:45459453:SE","SE","ENSMUSG00000025217","Btrc",78,"Regular (>50bp)",0.014,1,FALSE
"chr19:45444971:45445049:45411679:45491370:SE","SE","ENSMUSG00000025217","Btrc",78,"Regular (>50bp)",-0.002,1,FALSE
"chr19:45459453:45459543:45352325:45491370:SE","SE","ENSMUSG00000025217","Btrc",90,"Regular (>50bp)",0.009,0.761471534952125,FALSE
"chr19:45459453:45459543:45395025:45491370:SE","SE","ENSMUSG00000025217","Btrc",90,"Regular (>50bp)",-0.019,0.671245387198443,FALSE
"chr19:45459453:45459543:45411679:45491370:SE","SE","ENSMUSG00000025217","Btrc",90,"Regular (>50bp)",0.009,1,FALSE
"chr19:45459453:45459543:45445049:45491370:SE","SE","ENSMUSG00000025217","Btrc",90,"Regular (>50bp)",0.004,1,FALSE
"chr19:45459453:45459543:45445049:45496122:SE","SE","ENSMUSG00000025217","Btrc",90,"Regular (>50bp)",-0.012,1,FALSE
"chr19:45491370:45491602:45445049:45496122:SE","SE","ENSMUSG00000025217","Btrc",232,"Regular (>50bp)",-0.01,1,FALSE
"chr19:45491370:45491602:45459543:45496122:SE","SE","ENSMUSG00000025217","Btrc",232,"Regular (>50bp)",-0.002,1,FALSE
"chr19:42159984:42160182:42159107:42165827:SE","SE","ENSMUSG00000018820","Zfyve27",198,"Regular (>50bp)",-0.001,1,FALSE
"chr19:42165827:42165898:42160182:42167727:SE","SE","ENSMUSG00000018820","Zfyve27",71,"Regular (>50bp)",0.01,0.877091112164708,FALSE
"chr19:42167727:42167929:42160182:42169940:SE","SE","ENSMUSG00000018820","Zfyve27",202,"Regular (>50bp)",-0.001,1,FALSE
"chr19:42169940:42170036:42167929:42171097:SE","SE","ENSMUSG00000018820","Zfyve27",96,"Regular (>50bp)",0.002,1,FALSE
"chr19:42174058:42174079:42172628:42174243:SE","SE","ENSMUSG00000018820","Zfyve27",21,"Microexon (0-30bp)",-0.04,1,FALSE
"chr19:42174243:42174388:42172628:42177635:SE","SE","ENSMUSG00000018820","Zfyve27",145,"Regular (>50bp)",-0.001,1,FALSE
"chr19:42177635:42177682:42174388:42177960:SE","SE","ENSMUSG00000018820","Zfyve27",47,"Small (30-50bp)",0,1,FALSE
"chr19:16977302:16977407:16933656:16980985:SE","SE","ENSMUSG00000039126","Prune2",105,"Regular (>50bp)",-0.007,1,FALSE
"chr19:16980985:16981188:16977407:16983985:SE","SE","ENSMUSG00000039126","Prune2",203,"Regular (>50bp)",-0.001,1,FALSE
"chr19:16983985:16984149:16981188:16993571:SE","SE","ENSMUSG00000039126","Prune2",164,"Regular (>50bp)",-0.001,1,FALSE
"chr19:17095406:17101956:17091106:17102301:SE","SE","ENSMUSG00000039126","Prune2",6550,"Regular (>50bp)",-0.003,1,FALSE
"chr19:17170619:17170793:17156354:17176476:SE","SE","ENSMUSG00000039126","Prune2",174,"Regular (>50bp)",0.004,1,FALSE
"chr19:17170619:17170793:17156354:17177144:SE","SE","ENSMUSG00000039126","Prune2",174,"Regular (>50bp)",0.006,1,FALSE
"chr19:17176476:17176579:17156354:17177144:SE","SE","ENSMUSG00000039126","Prune2",103,"Regular (>50bp)",0.007,1,FALSE
"chr19:17176476:17176579:17170793:17177144:SE","SE","ENSMUSG00000039126","Prune2",103,"Regular (>50bp)",-0.005,1,FALSE
"chr19:17179005:17179092:17177276:17185594:SE","SE","ENSMUSG00000039126","Prune2",87,"Regular (>50bp)",0,1,FALSE
"chr19:17185594:17185693:17179092:17198147:SE","SE","ENSMUSG00000039126","Prune2",99,"Regular (>50bp)",-0.001,1,FALSE
"chr19:17189041:17189077:17185693:17189655:SE","SE","ENSMUSG00000039126","Prune2",36,"Small (30-50bp)",-0.042,0.633453710493209,FALSE
"chr19:17189041:17189077:17185693:17193689:SE","SE","ENSMUSG00000039126","Prune2",36,"Small (30-50bp)",0.009,1,FALSE
"chr19:17189041:17189077:17185693:17198147:SE","SE","ENSMUSG00000039126","Prune2",36,"Small (30-50bp)",-0.003,1,FALSE
"chr19:17189655:17189694:17185693:17193689:SE","SE","ENSMUSG00000039126","Prune2",39,"Small (30-50bp)",0.08,0.22067576921248,FALSE
"chr19:17189655:17189694:17185693:17198147:SE","SE","ENSMUSG00000039126","Prune2",39,"Small (30-50bp)",0.052,0.0826677763172718,FALSE
"chr19:17189655:17189694:17189077:17193689:SE","SE","ENSMUSG00000039126","Prune2",39,"Small (30-50bp)",0.09,0.0611881958575016,FALSE
"chr19:17189655:17189694:17189077:17198147:SE","SE","ENSMUSG00000039126","Prune2",39,"Small (30-50bp)",-0.056,0.925643118395375,FALSE
"chr19:17193689:17193737:17185693:17198147:SE","SE","ENSMUSG00000039126","Prune2",48,"Small (30-50bp)",-0.047,0.972582701003798,FALSE
"chr19:17193689:17193737:17189077:17198147:SE","SE","ENSMUSG00000039126","Prune2",48,"Small (30-50bp)",-0.022,0.20554789388068,FALSE
"chr19:17193689:17193737:17189694:17198147:SE","SE","ENSMUSG00000039126","Prune2",48,"Small (30-50bp)",-0.008,0.837651311198081,FALSE
"chr19:5701663:5701742:5701590:5701933:SE","SE","ENSMUSG00000056917","Sipa1",79,"Regular (>50bp)",0.003,1,FALSE
"chr19:5705715:5705819:5705443:5706181:SE","SE","ENSMUSG00000056917","Sipa1",104,"Regular (>50bp)",0.002,1,FALSE
"chr19:5706181:5706356:5705443:5709361:SE","SE","ENSMUSG00000056917","Sipa1",175,"Regular (>50bp)",-0.02,1,FALSE
"chr19:5709623:5709751:5709538:5713631:SE","SE","ENSMUSG00000056917","Sipa1",128,"Regular (>50bp)",-0.005,1,FALSE
"chr19:5710341:5710426:5709751:5713631:SE","SE","ENSMUSG00000056917","Sipa1",85,"Regular (>50bp)",-0.053,0.205044684348747,FALSE
"chr19:5710341:5711109:5709751:5713631:SE","SE","ENSMUSG00000056917","Sipa1",768,"Regular (>50bp)",-0.038,0.676373907303295,FALSE
"chr19:5710341:5711139:5709751:5713631:SE","SE","ENSMUSG00000056917","Sipa1",798,"Regular (>50bp)",-0.013,1,FALSE
"chr19:5711623:5711651:5711139:5712615:SE","SE","ENSMUSG00000056917","Sipa1",28,"Microexon (0-30bp)",0.056,1,FALSE
"chr19:5711623:5711651:5711139:5713631:SE","SE","ENSMUSG00000056917","Sipa1",28,"Microexon (0-30bp)",-0.005,1,FALSE
"chr19:5711623:5711654:5711139:5712615:SE","SE","ENSMUSG00000056917","Sipa1",31,"Small (30-50bp)",0.074,1,FALSE
"chr19:5711623:5711654:5711139:5713631:SE","SE","ENSMUSG00000056917","Sipa1",31,"Small (30-50bp)",-0.017,1,FALSE
"chr19:5711623:5711686:5711139:5712615:SE","SE","ENSMUSG00000056917","Sipa1",63,"Regular (>50bp)",0.084,1,FALSE
"chr19:5711623:5711686:5711139:5713631:SE","SE","ENSMUSG00000056917","Sipa1",63,"Regular (>50bp)",-0.066,0.00402576770239887,FALSE
"chr19:5712615:5712869:5711139:5713631:SE","SE","ENSMUSG00000056917","Sipa1",254,"Regular (>50bp)",-0.022,0.668029279555007,FALSE
"chr19:5712615:5712869:5711651:5713631:SE","SE","ENSMUSG00000056917","Sipa1",254,"Regular (>50bp)",-0.144,0.357676014032983,FALSE
"chr19:5712615:5712869:5711654:5713631:SE","SE","ENSMUSG00000056917","Sipa1",254,"Regular (>50bp)",-0.023,1,FALSE
"chr19:5712615:5712869:5711686:5713631:SE","SE","ENSMUSG00000056917","Sipa1",254,"Regular (>50bp)",0.093,0.826074676667736,FALSE
"chr18:46887437:46887529:46875148:46912254:SE","SE","ENSMUSG00000024480","Ap3s1",92,"Regular (>50bp)",0.003,1,FALSE
"chr18:46890448:46890502:46887529:46891069:SE","SE","ENSMUSG00000024480","Ap3s1",54,"Regular (>50bp)",-0.009,0.811959635463763,FALSE
"chr18:46891069:46891181:46887529:46912254:SE","SE","ENSMUSG00000024480","Ap3s1",112,"Regular (>50bp)",-0.003,1,FALSE
"chr18:46891069:46891181:46887529:46913727:SE","SE","ENSMUSG00000024480","Ap3s1",112,"Regular (>50bp)",-0.001,1,FALSE
"chr18:46912254:46912326:46887529:46913727:SE","SE","ENSMUSG00000024480","Ap3s1",72,"Regular (>50bp)",-0.001,1,FALSE
"chr18:46912254:46912326:46891181:46913727:SE","SE","ENSMUSG00000024480","Ap3s1",72,"Regular (>50bp)",0.001,1,FALSE
"chr18:46913727:46913835:46891181:46922963:SE","SE","ENSMUSG00000024480","Ap3s1",108,"Regular (>50bp)",0.006,1,FALSE
"chr18:46916825:46916866:46913835:46922963:SE","SE","ENSMUSG00000024480","Ap3s1",41,"Small (30-50bp)",0,1,FALSE
"chr18:46921723:46921771:46913835:46922963:SE","SE","ENSMUSG00000024480","Ap3s1",48,"Small (30-50bp)",0.008,1,FALSE
"chr18:32547997:32548090:32547343:32552895:SE","SE","ENSMUSG00000024381","Bin1",93,"Regular (>50bp)",-0.01,1,FALSE
"chr18:32552895:32552981:32547343:32553121:SE","SE","ENSMUSG00000024381","Bin1",86,"Regular (>50bp)",0,1,FALSE
"chr18:32559276:32559405:32558020:32564723:SE","SE","ENSMUSG00000024381","Bin1",129,"Regular (>50bp)",-0.026,0.00178226110588308,FALSE
"chr18:32559276:32559405:32558020:32565035:SE","SE","ENSMUSG00000024381","Bin1",129,"Regular (>50bp)",-0.02,0.0322791458371147,FALSE
"chr18:32562248:32562356:32559405:32562752:SE","SE","ENSMUSG00000024381","Bin1",108,"Regular (>50bp)",-0.006,1,FALSE
"chr18:32562752:32562776:32559405:32564723:SE","SE","ENSMUSG00000024381","Bin1",24,"Microexon (0-30bp)",-0.087,0.647162943357799,FALSE
"chr18:32562752:32562776:32559405:32565035:SE","SE","ENSMUSG00000024381","Bin1",24,"Microexon (0-30bp)",-0.025,1,FALSE
"chr18:32563802:32563910:32562776:32564723:SE","SE","ENSMUSG00000024381","Bin1",108,"Regular (>50bp)",-0.093,0.000426019272605119,FALSE
"chr18:32563802:32563910:32562776:32565035:SE","SE","ENSMUSG00000024381","Bin1",108,"Regular (>50bp)",-0.168,5.60443015233383e-05,TRUE
"chr18:32564723:32564795:32558020:32565035:SE","SE","ENSMUSG00000024381","Bin1",72,"Regular (>50bp)",-0.012,0.643649172439473,FALSE
"chr18:32564723:32564795:32559405:32565035:SE","SE","ENSMUSG00000024381","Bin1",72,"Regular (>50bp)",-0.002,1,FALSE
"chr18:32564723:32564795:32562776:32565035:SE","SE","ENSMUSG00000024381","Bin1",72,"Regular (>50bp)",-0.017,0.0379207975781325,FALSE
"chr18:32564723:32564795:32563910:32565035:SE","SE","ENSMUSG00000024381","Bin1",72,"Regular (>50bp)",0.001,1,FALSE
"chr18:32565035:32565146:32558020:32565376:SE","SE","ENSMUSG00000024381","Bin1",111,"Regular (>50bp)",-0.004,1,FALSE
"chr18:24604118:24604141:24604037:24606006:SE","SE","ENSMUSG00000024273","2700062C07Rik",23,"Microexon (0-30bp)",-0.05,1.36249541240055e-05,FALSE
"chr18:24604118:24604141:24604037:24608581:SE","SE","ENSMUSG00000024273","2700062C07Rik",23,"Microexon (0-30bp)",-0.097,0.0135345334226067,FALSE
"chr18:24604118:24604203:24604037:24606006:SE","SE","ENSMUSG00000024273","2700062C07Rik",85,"Regular (>50bp)",-0.208,0.0533639586542,FALSE
"chr18:24606006:24606206:24604037:24608581:SE","SE","ENSMUSG00000024273","2700062C07Rik",200,"Regular (>50bp)",-0.011,1,FALSE
"chr18:24606006:24606206:24604141:24608581:SE","SE","ENSMUSG00000024273","2700062C07Rik",200,"Regular (>50bp)",0.001,1,FALSE
"chr18:20958023:20958125:20954080:20961525:SE","SE","ENSMUSG00000033382","Trappc8",102,"Regular (>50bp)",-0.001,1,FALSE
"chr18:20964506:20964565:20961705:20964666:SE","SE","ENSMUSG00000033382","Trappc8",59,"Regular (>50bp)",-0.002,1,FALSE
"chr18:20974584:20974739:20970246:20978634:SE","SE","ENSMUSG00000033382","Trappc8",155,"Regular (>50bp)",-0.014,1,FALSE
"chr18:20977180:20977307:20974739:20978634:SE","SE","ENSMUSG00000033382","Trappc8",127,"Regular (>50bp)",-0.005,1,FALSE
"chr18:20988001:20988133:20985911:20993489:SE","SE","ENSMUSG00000033382","Trappc8",132,"Regular (>50bp)",-0.005,1,FALSE
"chr18:20988877:20988895:20988133:20993489:SE","SE","ENSMUSG00000033382","Trappc8",18,"Microexon (0-30bp)",0.002,1,FALSE
"chr18:20993489:20993595:20988133:20995951:SE","SE","ENSMUSG00000033382","Trappc8",106,"Regular (>50bp)",0,1,FALSE
"chr18:21018119:21018314:21007761:21028967:SE","SE","ENSMUSG00000033382","Trappc8",195,"Regular (>50bp)",0,1,FALSE
"chr17:25118809:25118923:25118687:25119135:SE","SE","ENSMUSG00000024163","Mapk8ip3",114,"Regular (>50bp)",-0.001,1,FALSE
"chr17:25120578:25120761:25120503:25121251:SE","SE","ENSMUSG00000024163","Mapk8ip3",183,"Regular (>50bp)",0,1,FALSE
"chr17:25121251:25121417:25120761:25121977:SE","SE","ENSMUSG00000024163","Mapk8ip3",166,"Regular (>50bp)",-0.001,1,FALSE
"chr17:25122898:25123025:25122358:25123622:SE","SE","ENSMUSG00000024163","Mapk8ip3",127,"Regular (>50bp)",-0.003,1,FALSE
"chr17:25122898:25123025:25122358:25123880:SE","SE","ENSMUSG00000024163","Mapk8ip3",127,"Regular (>50bp)",-0.001,1,FALSE
"chr17:25123622:25123793:25122358:25123880:SE","SE","ENSMUSG00000024163","Mapk8ip3",171,"Regular (>50bp)",0,1,FALSE
"chr17:25123622:25123793:25123025:25123880:SE","SE","ENSMUSG00000024163","Mapk8ip3",171,"Regular (>50bp)",-0.003,1,FALSE
"chr17:25125120:25125202:25124272:25125782:SE","SE","ENSMUSG00000024163","Mapk8ip3",82,"Regular (>50bp)",-0.002,1,FALSE
"chr17:25125147:25125202:25124272:25125782:SE","SE","ENSMUSG00000024163","Mapk8ip3",55,"Regular (>50bp)",-0.01,1,FALSE
"chr17:25127384:25127402:25126360:25128123:SE","SE","ENSMUSG00000024163","Mapk8ip3",18,"Microexon (0-30bp)",-0.051,0.129076312124603,FALSE
"chr17:25127384:25127402:25126360:25131721:SE","SE","ENSMUSG00000024163","Mapk8ip3",18,"Microexon (0-30bp)",-0.005,1,FALSE
"chr17:25128123:25128135:25126360:25131721:SE","SE","ENSMUSG00000024163","Mapk8ip3",12,"Microexon (0-30bp)",-0.002,1,FALSE
"chr17:25128123:25128135:25127402:25131721:SE","SE","ENSMUSG00000024163","Mapk8ip3",12,"Microexon (0-30bp)",-0.001,1,FALSE
"chr17:25136968:25137110:25133679:25142789:SE","SE","ENSMUSG00000024163","Mapk8ip3",142,"Regular (>50bp)",-0.017,1,FALSE
"chr17:25136968:25137113:25133679:25142789:SE","SE","ENSMUSG00000024163","Mapk8ip3",145,"Regular (>50bp)",-0.008,1,FALSE
"chr17:25137061:25137110:25133679:25142789:SE","SE","ENSMUSG00000024163","Mapk8ip3",49,"Small (30-50bp)",-0.007,1,FALSE
"chr17:25137061:25137113:25133679:25142789:SE","SE","ENSMUSG00000024163","Mapk8ip3",52,"Regular (>50bp)",-0.005,1,FALSE
"chr17:25139445:25139469:25137113:25142789:SE","SE","ENSMUSG00000024163","Mapk8ip3",24,"Microexon (0-30bp)",-0.09,5.19225305857089e-11,FALSE
"chr17:25139445:25139469:25137110:25142789:SE","SE","ENSMUSG00000024163","Mapk8ip3",24,"Microexon (0-30bp)",-0.071,0.000151555081315538,FALSE
"chr17:25142789:25142881:25137113:25143120:SE","SE","ENSMUSG00000024163","Mapk8ip3",92,"Regular (>50bp)",0.002,1,FALSE
"chr17:25146802:25146923:25143191:25155510:SE","SE","ENSMUSG00000024163","Mapk8ip3",121,"Regular (>50bp)",0,1,FALSE
"chr16:43712515:43712554:43710401:43718452:SE","SE","ENSMUSG00000022701","Ccdc191",39,"Small (30-50bp)",0.087,0.141688604290095,FALSE
"chr16:43712515:43712554:43710401:43725708:SE","SE","ENSMUSG00000022701","Ccdc191",39,"Small (30-50bp)",-0.001,1,FALSE
"chr16:43712515:43712554:43710401:43725713:SE","SE","ENSMUSG00000022701","Ccdc191",39,"Small (30-50bp)",-0.081,0.138063976837414,FALSE
"chr16:43718452:43718594:43710401:43725708:SE","SE","ENSMUSG00000022701","Ccdc191",142,"Regular (>50bp)",-0.009,1,FALSE
"chr16:43718452:43718594:43710401:43725713:SE","SE","ENSMUSG00000022701","Ccdc191",142,"Regular (>50bp)",-0.035,1,FALSE
"chr16:43718452:43718594:43712554:43725708:SE","SE","ENSMUSG00000022701","Ccdc191",142,"Regular (>50bp)",0.007,1,FALSE
"chr16:43718452:43718594:43712554:43725713:SE","SE","ENSMUSG00000022701","Ccdc191",142,"Regular (>50bp)",0.024,1,FALSE
"chr16:43751556:43751747:43735966:43759276:SE","SE","ENSMUSG00000022701","Ccdc191",191,"Regular (>50bp)",-0.019,0.700142782554135,FALSE
"chr16:43762150:43762192:43759526:43763866:SE","SE","ENSMUSG00000022701","Ccdc191",42,"Small (30-50bp)",0.003,1,FALSE
"chr16:43779578:43779731:43777324:43780380:SE","SE","ENSMUSG00000022701","Ccdc191",153,"Regular (>50bp)",-0.003,1,FALSE
"chr16:32658607:32658723:32656990:32663367:SE","SE","ENSMUSG00000035629","Rubcn",116,"Regular (>50bp)",0.009,1,FALSE
"chr16:32661906:32661951:32658723:32663367:SE","SE","ENSMUSG00000035629","Rubcn",45,"Small (30-50bp)",0.138,0.00314166215695235,TRUE
"chr16:32677261:32677415:32670131:32697632:SE","SE","ENSMUSG00000035629","Rubcn",154,"Regular (>50bp)",0.009,1,FALSE
"chr16:20492348:20492405:20491626:20492617:SE","SE","ENSMUSG00000045983","Eif4g1",57,"Regular (>50bp)",-0.022,0.551043159538035,FALSE
"chr16:20492348:20492405:20491626:20492977:SE","SE","ENSMUSG00000045983","Eif4g1",57,"Regular (>50bp)",-0.041,0.0140258239304646,FALSE
"chr16:20492348:20492405:20491626:20494479:SE","SE","ENSMUSG00000045983","Eif4g1",57,"Regular (>50bp)",-0.007,1,FALSE
"chr16:20492617:20492711:20491626:20492977:SE","SE","ENSMUSG00000045983","Eif4g1",94,"Regular (>50bp)",-0.009,0.0139501186005628,FALSE
"chr16:20492617:20492711:20491626:20494093:SE","SE","ENSMUSG00000045983","Eif4g1",94,"Regular (>50bp)",0.004,1,FALSE
"chr16:20492617:20492711:20492405:20492977:SE","SE","ENSMUSG00000045983","Eif4g1",94,"Regular (>50bp)",-0.008,0.0307457201949878,FALSE
"chr16:20492617:20492711:20492405:20494093:SE","SE","ENSMUSG00000045983","Eif4g1",94,"Regular (>50bp)",-0.002,1,FALSE
"chr16:20492917:20493064:20492711:20494093:SE","SE","ENSMUSG00000045983","Eif4g1",147,"Regular (>50bp)",-0.002,1,FALSE
"chr16:20492977:20493064:20491626:20494093:SE","SE","ENSMUSG00000045983","Eif4g1",87,"Regular (>50bp)",-0.005,1,FALSE
"chr16:20492977:20493064:20491626:20494479:SE","SE","ENSMUSG00000045983","Eif4g1",87,"Regular (>50bp)",-0.108,0.0641062398269998,FALSE
"chr16:20492977:20493064:20491626:20496435:SE","SE","ENSMUSG00000045983","Eif4g1",87,"Regular (>50bp)",0.095,1,FALSE
"chr16:20492977:20493064:20492405:20494093:SE","SE","ENSMUSG00000045983","Eif4g1",87,"Regular (>50bp)",-0.008,1,FALSE
"chr16:20492977:20493064:20492405:20494479:SE","SE","ENSMUSG00000045983","Eif4g1",87,"Regular (>50bp)",-0.061,0.0159858341509273,FALSE
"chr16:20492977:20493064:20492711:20494093:SE","SE","ENSMUSG00000045983","Eif4g1",87,"Regular (>50bp)",0,1,FALSE
"chr16:20493535:20493556:20493064:20494093:SE","SE","ENSMUSG00000045983","Eif4g1",21,"Microexon (0-30bp)",-0.007,1,FALSE
"chr16:20494093:20494270:20491626:20494479:SE","SE","ENSMUSG00000045983","Eif4g1",177,"Regular (>50bp)",-0.002,1,FALSE
"chr16:20494093:20494270:20492405:20494479:SE","SE","ENSMUSG00000045983","Eif4g1",177,"Regular (>50bp)",-0.003,1,FALSE
"chr16:20494093:20494270:20493064:20494479:SE","SE","ENSMUSG00000045983","Eif4g1",177,"Regular (>50bp)",-0.001,1,FALSE
"chr16:20494479:20494579:20491626:20496435:SE","SE","ENSMUSG00000045983","Eif4g1",100,"Regular (>50bp)",0.001,1,FALSE
"chr16:20500169:20500328:20500066:20500483:SE","SE","ENSMUSG00000045983","Eif4g1",159,"Regular (>50bp)",-0.002,1,FALSE
"chr16:20500169:20500328:20500066:20500486:SE","SE","ENSMUSG00000045983","Eif4g1",159,"Regular (>50bp)",0.001,1,FALSE
"chr16:20502167:20502404:20501555:20502561:SE","SE","ENSMUSG00000045983","Eif4g1",237,"Regular (>50bp)",0,1,FALSE
"chr16:20502771:20502931:20502666:20503157:SE","SE","ENSMUSG00000045983","Eif4g1",160,"Regular (>50bp)",0,1,FALSE
"chr16:20505509:20505682:20505381:20505899:SE","SE","ENSMUSG00000045983","Eif4g1",173,"Regular (>50bp)",0,1,FALSE
"chr16:20505899:20506025:20505682:20506130:SE","SE","ENSMUSG00000045983","Eif4g1",126,"Regular (>50bp)",-0.001,1,FALSE
"chr16:20506130:20506212:20506025:20507288:SE","SE","ENSMUSG00000045983","Eif4g1",82,"Regular (>50bp)",-0.001,1,FALSE
"chr16:20507720:20507802:20507615:20507941:SE","SE","ENSMUSG00000045983","Eif4g1",82,"Regular (>50bp)",0,1,FALSE
"chr16:20507720:20507802:20507615:20510996:SE","SE","ENSMUSG00000045983","Eif4g1",82,"Regular (>50bp)",-0.002,1,FALSE
"chr16:20507941:20508082:20507615:20510996:SE","SE","ENSMUSG00000045983","Eif4g1",141,"Regular (>50bp)",-0.004,1,FALSE
"chr16:20507941:20508082:20507802:20510996:SE","SE","ENSMUSG00000045983","Eif4g1",141,"Regular (>50bp)",0,1,FALSE
"chr15:89173014:89173146:89172928:89173224:SE","SE","ENSMUSG00000036529","Sbf1",132,"Regular (>50bp)",-0.001,1,FALSE
"chr15:89173224:89173312:89173146:89173807:SE","SE","ENSMUSG00000036529","Sbf1",88,"Regular (>50bp)",-0.001,1,FALSE
"chr15:89180154:89180232:89179779:89183685:SE","SE","ENSMUSG00000036529","Sbf1",78,"Regular (>50bp)",0.071,0.0758896159855725,FALSE
"chr15:89183685:89183823:89179779:89183907:SE","SE","ENSMUSG00000036529","Sbf1",138,"Regular (>50bp)",-0.003,1,FALSE
"chr15:89184423:89184631:89184104:89184730:SE","SE","ENSMUSG00000036529","Sbf1",208,"Regular (>50bp)",-0.002,1,FALSE
"chr15:89186045:89186173:89185154:89186384:SE","SE","ENSMUSG00000036529","Sbf1",128,"Regular (>50bp)",-0.007,1,FALSE
"chr15:89189365:89189464:89189288:89189546:SE","SE","ENSMUSG00000036529","Sbf1",99,"Regular (>50bp)",-0.002,1,FALSE
"chr15:89189546:89189675:89189288:89189746:SE","SE","ENSMUSG00000036529","Sbf1",129,"Regular (>50bp)",-0.004,1,FALSE
"chr15:89191374:89191398:89191138:89191695:SE","SE","ENSMUSG00000036529","Sbf1",24,"Microexon (0-30bp)",0.06,0.000226511019656802,FALSE
"chr15:89192687:89192773:89192362:89199264:SE","SE","ENSMUSG00000036529","Sbf1",86,"Regular (>50bp)",0,1,FALSE
"chr14:120562205:120562824:120513317:120579752:SE","SE","ENSMUSG00000022139","Mbnl2",619,"Regular (>50bp)",0.001,1,FALSE
"chr14:120562205:120562824:120513317:120616561:SE","SE","ENSMUSG00000022139","Mbnl2",619,"Regular (>50bp)",0.01,1,FALSE
"chr14:120579752:120579894:120562824:120616561:SE","SE","ENSMUSG00000022139","Mbnl2",142,"Regular (>50bp)",-0.001,1,FALSE
"chr14:120622802:120623003:120616726:120626311:SE","SE","ENSMUSG00000022139","Mbnl2",201,"Regular (>50bp)",-0.002,1,FALSE
"chr14:120626311:120626575:120616726:120633862:SE","SE","ENSMUSG00000022139","Mbnl2",264,"Regular (>50bp)",0.036,0.0767614227853487,FALSE
"chr14:120633123:120633177:120626575:120633862:SE","SE","ENSMUSG00000022139","Mbnl2",54,"Regular (>50bp)",-0.083,0.181536274956109,FALSE
"chr14:120640747:120640783:120634016:120642049:SE","SE","ENSMUSG00000022139","Mbnl2",36,"Small (30-50bp)",-0.033,1,FALSE
"chr14:120640747:120640783:120634016:120666346:SE","SE","ENSMUSG00000022139","Mbnl2",36,"Small (30-50bp)",0.033,1,FALSE
"chr14:120642049:120642144:120634016:120666346:SE","SE","ENSMUSG00000022139","Mbnl2",95,"Regular (>50bp)",0.05,0.300397508009937,FALSE
"chr14:120642049:120642144:120640783:120666346:SE","SE","ENSMUSG00000022139","Mbnl2",95,"Regular (>50bp)",-0.008,1,FALSE
"chr14:61851614:61851720:61841255:61869885:SE","SE","ENSMUSG00000097589","Dleu2",106,"Regular (>50bp)",0.355,0.14289376368603,FALSE
"chr14:61861881:61861931:61841255:61862668:SE","SE","ENSMUSG00000097589","Dleu2",50,"Small (30-50bp)",-0.206,0.0181912535502611,TRUE
"chr14:61861881:61861931:61841255:61869885:SE","SE","ENSMUSG00000097589","Dleu2",50,"Small (30-50bp)",0.251,1,FALSE
"chr14:61862668:61862811:61841255:61869885:SE","SE","ENSMUSG00000097589","Dleu2",143,"Regular (>50bp)",0.237,0.563875286369971,FALSE
"chr14:61862668:61862811:61861931:61869885:SE","SE","ENSMUSG00000097589","Dleu2",143,"Regular (>50bp)",0.058,1,FALSE
"chr14:61869885:61869932:61841255:61872973:SE","SE","ENSMUSG00000097589","Dleu2",47,"Small (30-50bp)",-0.037,1,FALSE
"chr14:61872973:61873040:61841255:61880808:SE","SE","ENSMUSG00000097589","Dleu2",67,"Regular (>50bp)",-0.053,1,FALSE
"chr14:61880808:61880904:61873040:61886066:SE","SE","ENSMUSG00000097589","Dleu2",96,"Regular (>50bp)",0.053,1,FALSE
"chr14:61880808:61880904:61873040:61919558:SE","SE","ENSMUSG00000097589","Dleu2",96,"Regular (>50bp)",-0.079,0.0115057864267803,FALSE
"chr14:61881412:61881508:61880904:61886066:SE","SE","ENSMUSG00000097589","Dleu2",96,"Regular (>50bp)",0.03,1,FALSE
"chr14:61881412:61881508:61880904:61919558:SE","SE","ENSMUSG00000097589","Dleu2",96,"Regular (>50bp)",-0.085,1,FALSE
"chr14:58077007:58077052:58076662:58078285:SE","SE","ENSMUSG00000021969","Zdhhc20",45,"Small (30-50bp)",-0.078,0.00016368923492866,FALSE
"chr14:58084377:58084519:58080771:58127519:SE","SE","ENSMUSG00000021969","Zdhhc20",142,"Regular (>50bp)",-0.005,1,FALSE
"chr14:58087601:58087637:58084519:58094066:SE","SE","ENSMUSG00000021969","Zdhhc20",36,"Small (30-50bp)",0.012,1,FALSE
"chr14:58094066:58094187:58084519:58111349:SE","SE","ENSMUSG00000021969","Zdhhc20",121,"Regular (>50bp)",-0.019,1,FALSE
"chr14:58102977:58103098:58084519:58111349:SE","SE","ENSMUSG00000021969","Zdhhc20",121,"Regular (>50bp)",-0.004,1,FALSE
"chr14:58102977:58103098:58096066:58115889:SE","SE","ENSMUSG00000021969","Zdhhc20",121,"Regular (>50bp)",0.009,1,FALSE
"chr14:58111349:58111453:58103098:58115889:SE","SE","ENSMUSG00000021969","Zdhhc20",104,"Regular (>50bp)",-0.004,1,FALSE
"chr14:58115889:58115916:58080771:58127519:SE","SE","ENSMUSG00000021969","Zdhhc20",27,"Microexon (0-30bp)",-0.005,1,FALSE
"chr14:58115889:58115916:58103098:58127519:SE","SE","ENSMUSG00000021969","Zdhhc20",27,"Microexon (0-30bp)",-0.019,0.829064159549524,FALSE
"chr14:52222761:52222883:52222448:52224388:SE","SE","ENSMUSG00000004562","Arhgef40",122,"Regular (>50bp)",-0.003,1,FALSE
"chr14:52222761:52222883:52222448:52224859:SE","SE","ENSMUSG00000004562","Arhgef40",122,"Regular (>50bp)",-0.016,0.435522392248904,FALSE
"chr14:52224388:52224679:52222448:52224859:SE","SE","ENSMUSG00000004562","Arhgef40",291,"Regular (>50bp)",-0.057,0.0568329959046787,FALSE
"chr14:52224388:52224679:52222883:52224859:SE","SE","ENSMUSG00000004562","Arhgef40",291,"Regular (>50bp)",0.038,1,FALSE
"chr14:52224572:52224679:52222448:52224859:SE","SE","ENSMUSG00000004562","Arhgef40",107,"Regular (>50bp)",-0.082,0.0462318730955656,FALSE
"chr14:52224859:52225057:52222448:52226158:SE","SE","ENSMUSG00000004562","Arhgef40",198,"Regular (>50bp)",-0.003,1,FALSE
"chr14:52224859:52225057:52222448:52242068:SE","SE","ENSMUSG00000004562","Arhgef40",198,"Regular (>50bp)",-0.006,1,FALSE
"chr14:52228338:52228487:52227672:52229057:SE","SE","ENSMUSG00000004562","Arhgef40",149,"Regular (>50bp)",-0.003,1,FALSE
"chr14:52228360:52228487:52227672:52229057:SE","SE","ENSMUSG00000004562","Arhgef40",127,"Regular (>50bp)",-0.002,1,FALSE
"chr14:52231739:52231855:52231646:52232336:SE","SE","ENSMUSG00000004562","Arhgef40",116,"Regular (>50bp)",-0.002,1,FALSE
"chr14:52231739:52231864:52231646:52232336:SE","SE","ENSMUSG00000004562","Arhgef40",125,"Regular (>50bp)",-0.005,1,FALSE
"chr14:52234332:52234943:52233864:52235069:SE","SE","ENSMUSG00000004562","Arhgef40",611,"Regular (>50bp)",-0.003,1,FALSE
"chr14:52235600:52235687:52235304:52237279:SE","SE","ENSMUSG00000004562","Arhgef40",87,"Regular (>50bp)",0,1,FALSE
"chr14:52241110:52241215:52222448:52242068:SE","SE","ENSMUSG00000004562","Arhgef40",105,"Regular (>50bp)",-0.021,1,FALSE
"chr14:52241110:52241215:52239919:52241429:SE","SE","ENSMUSG00000004562","Arhgef40",105,"Regular (>50bp)",0.001,1,FALSE
"chr14:52241110:52241215:52239919:52242068:SE","SE","ENSMUSG00000004562","Arhgef40",105,"Regular (>50bp)",0.003,1,FALSE
"chr14:52241429:52241573:52239919:52242068:SE","SE","ENSMUSG00000004562","Arhgef40",144,"Regular (>50bp)",0.005,1,FALSE
"chr14:52241429:52241573:52241215:52242056:SE","SE","ENSMUSG00000004562","Arhgef40",144,"Regular (>50bp)",0.002,1,FALSE
"chr14:52241429:52241573:52241215:52242068:SE","SE","ENSMUSG00000004562","Arhgef40",144,"Regular (>50bp)",-0.065,0.187078287595532,FALSE
"chr14:52242335:52242356:52242199:52242445:SE","SE","ENSMUSG00000004562","Arhgef40",21,"Microexon (0-30bp)",-0.167,0.0190484496052214,TRUE
"chr14:45836558:45836642:45833121:45839021:SE","SE","ENSMUSG00000037697","Ddhd1",84,"Regular (>50bp)",0.048,0.73969695095438,FALSE
"chr14:45842509:45842659:45840348:45846394:SE","SE","ENSMUSG00000037697","Ddhd1",150,"Regular (>50bp)",0.007,1,FALSE
"chr14:45853986:45854093:45851726:45856725:SE","SE","ENSMUSG00000037697","Ddhd1",107,"Regular (>50bp)",-0.004,1,FALSE
"chr14:45860297:45860350:45858297:45866310:SE","SE","ENSMUSG00000037697","Ddhd1",53,"Regular (>50bp)",0.091,0.0132037331818872,FALSE
"chr14:45860297:45860399:45858297:45866310:SE","SE","ENSMUSG00000037697","Ddhd1",102,"Regular (>50bp)",0.202,9.08505595997864e-08,TRUE
"chr14:45860297:45860399:45858297:45867036:SE","SE","ENSMUSG00000037697","Ddhd1",102,"Regular (>50bp)",0.229,1.00094948310059e-07,TRUE
"chr14:45866310:45866331:45858297:45867036:SE","SE","ENSMUSG00000037697","Ddhd1",21,"Microexon (0-30bp)",0.11,0.137302806234321,FALSE
"chr14:45866310:45866331:45860399:45867036:SE","SE","ENSMUSG00000037697","Ddhd1",21,"Microexon (0-30bp)",0.003,1,FALSE
"chr14:45867036:45867210:45858297:45894678:SE","SE","ENSMUSG00000037697","Ddhd1",174,"Regular (>50bp)",-0.016,0.710394971843372,FALSE
"chr13:94527299:94527375:94495739:94531226:SE","SE","ENSMUSG00000021686","Ap3b1",76,"Regular (>50bp)",-0.005,1,FALSE
"chr13:94527299:94527375:94495739:94539845:SE","SE","ENSMUSG00000021686","Ap3b1",76,"Regular (>50bp)",0.006,1,FALSE
"chr13:94527299:94527375:94495739:94554468:SE","SE","ENSMUSG00000021686","Ap3b1",76,"Regular (>50bp)",-0.003,1,FALSE
"chr13:94531226:94531301:94495739:94539845:SE","SE","ENSMUSG00000021686","Ap3b1",75,"Regular (>50bp)",0.002,1,FALSE
"chr13:94531226:94531301:94527375:94539845:SE","SE","ENSMUSG00000021686","Ap3b1",75,"Regular (>50bp)",0.001,1,FALSE
"chr13:94545284:94545351:94495739:94554468:SE","SE","ENSMUSG00000021686","Ap3b1",67,"Regular (>50bp)",-0.002,1,FALSE
"chr13:94576762:94576921:94554651:94598903:SE","SE","ENSMUSG00000021686","Ap3b1",159,"Regular (>50bp)",-0.006,1,FALSE
"chr13:94580426:94580524:94576921:94582573:SE","SE","ENSMUSG00000021686","Ap3b1",98,"Regular (>50bp)",0.007,1,FALSE
"chr13:94582429:94582484:94580524:94582573:SE","SE","ENSMUSG00000021686","Ap3b1",55,"Regular (>50bp)",0.001,1,FALSE
"chr13:94587460:94587593:94585023:94591903:SE","SE","ENSMUSG00000021686","Ap3b1",133,"Regular (>50bp)",0.001,1,FALSE
"chr13:94591903:94592013:94585023:94598903:SE","SE","ENSMUSG00000021686","Ap3b1",110,"Regular (>50bp)",-0.001,1,FALSE
"chr13:94598903:94599080:94576921:94608183:SE","SE","ENSMUSG00000021686","Ap3b1",177,"Regular (>50bp)",-0.002,1,FALSE
"chr13:94598903:94599080:94592013:94608183:SE","SE","ENSMUSG00000021686","Ap3b1",177,"Regular (>50bp)",0,1,FALSE
"chr13:94609306:94609437:94608370:94616234:SE","SE","ENSMUSG00000021686","Ap3b1",131,"Regular (>50bp)",-0.006,1,FALSE
"chr13:94613473:94613636:94609437:94616234:SE","SE","ENSMUSG00000021686","Ap3b1",163,"Regular (>50bp)",-0.002,1,FALSE
"chr13:94630176:94630249:94619868:94664672:SE","SE","ENSMUSG00000021686","Ap3b1",73,"Regular (>50bp)",0.004,1,FALSE
"chr13:94638425:94638532:94630249:94664672:SE","SE","ENSMUSG00000021686","Ap3b1",107,"Regular (>50bp)",0.001,1,FALSE
"chr13:94638425:94638532:94630249:94668489:SE","SE","ENSMUSG00000021686","Ap3b1",107,"Regular (>50bp)",0.002,1,FALSE
"chr13:94664672:94664904:94630249:94668489:SE","SE","ENSMUSG00000021686","Ap3b1",232,"Regular (>50bp)",0.005,1,FALSE
"chr13:94664672:94664904:94638532:94668489:SE","SE","ENSMUSG00000021686","Ap3b1",232,"Regular (>50bp)",0,1,FALSE
"chr13:94664672:94664904:94638532:94679286:SE","SE","ENSMUSG00000021686","Ap3b1",232,"Regular (>50bp)",-0.002,1,FALSE
"chr13:94668489:94668574:94638532:94679286:SE","SE","ENSMUSG00000021686","Ap3b1",85,"Regular (>50bp)",-0.003,1,FALSE
"chr13:94668489:94668574:94664904:94679286:SE","SE","ENSMUSG00000021686","Ap3b1",85,"Regular (>50bp)",0.001,1,FALSE
"chr13:94679286:94679384:94668574:94684262:SE","SE","ENSMUSG00000021686","Ap3b1",98,"Regular (>50bp)",0.001,1,FALSE
"chr13:94680491:94680530:94679384:94684262:SE","SE","ENSMUSG00000021686","Ap3b1",39,"Small (30-50bp)",0.015,1,FALSE
"chr13:94684262:94684401:94679384:94702112:SE","SE","ENSMUSG00000021686","Ap3b1",139,"Regular (>50bp)",-0.002,1,FALSE
"chr13:94701672:94701708:94684401:94702112:SE","SE","ENSMUSG00000021686","Ap3b1",36,"Small (30-50bp)",-0.003,1,FALSE
"chr13:67644303:67644330:67642848:67648489:SE","SE","ENSMUSG00000071291","Zfp58",27,"Microexon (0-30bp)",0.009,1,FALSE
"chr13:67644303:67644330:67642848:67648529:SE","SE","ENSMUSG00000071291","Zfp58",27,"Microexon (0-30bp)",-0.095,0.0412082050748139,FALSE
"chr13:67648020:67648036:67642848:67648489:SE","SE","ENSMUSG00000071291","Zfp58",16,"Microexon (0-30bp)",0.011,1,FALSE
"chr13:67648020:67648036:67642848:67648529:SE","SE","ENSMUSG00000071291","Zfp58",16,"Microexon (0-30bp)",0.007,1,FALSE
"chr13:38167070:38167085:38163782:38167368:SE","SE","ENSMUSG00000021427","Ssr1",15,"Microexon (0-30bp)",-0.058,0.12841036212358,FALSE
"chr12:40681520:40681617:40676391:40686081:SE","SE","ENSMUSG00000035954","Dock4",97,"Regular (>50bp)",-0.001,1,FALSE
"chr12:40699336:40699488:40690444:40718404:SE","SE","ENSMUSG00000035954","Dock4",152,"Regular (>50bp)",-0.007,1,FALSE
"chr12:40780286:40780387:40780126:40783176:SE","SE","ENSMUSG00000035954","Dock4",101,"Regular (>50bp)",0.008,1,FALSE
"chr12:40781823:40781905:40780387:40783176:SE","SE","ENSMUSG00000035954","Dock4",82,"Regular (>50bp)",-0.002,1,FALSE
"chr12:40797978:40798113:40795785:40805765:SE","SE","ENSMUSG00000035954","Dock4",135,"Regular (>50bp)",-0.005,1,FALSE
"chr12:40816237:40816332:40805864:40827188:SE","SE","ENSMUSG00000035954","Dock4",95,"Regular (>50bp)",0.001,1,FALSE
"chr12:40844595:40844622:40840160:40844766:SE","SE","ENSMUSG00000035954","Dock4",27,"Microexon (0-30bp)",-0.065,0.0520002283717343,FALSE
"chr12:40849655:40849749:40845696:40856847:SE","SE","ENSMUSG00000035954","Dock4",94,"Regular (>50bp)",-0.002,1,FALSE
"chr12:40870590:40870677:40867754:40878778:SE","SE","ENSMUSG00000035954","Dock4",87,"Regular (>50bp)",0.001,1,FALSE
"chr12:40879610:40879694:40878955:40882212:SE","SE","ENSMUSG00000035954","Dock4",84,"Regular (>50bp)",-0.002,1,FALSE
"chr12:40888439:40888553:40886701:40891235:SE","SE","ENSMUSG00000035954","Dock4",114,"Regular (>50bp)",-0.017,0.388114794645418,FALSE
"chr12:3641905:3641986:3639238:3646648:SE","SE","ENSMUSG00000071454","Dtnb",81,"Regular (>50bp)",-0.005,1,FALSE
"chr12:3646648:3646862:3641986:3667605:SE","SE","ENSMUSG00000071454","Dtnb",214,"Regular (>50bp)",0.001,1,FALSE
"chr12:3646648:3646862:3641986:3682809:SE","SE","ENSMUSG00000071454","Dtnb",214,"Regular (>50bp)",0.002,1,FALSE
"chr12:3646648:3646862:3641986:3693916:SE","SE","ENSMUSG00000071454","Dtnb",214,"Regular (>50bp)",0.001,1,FALSE
"chr12:3667605:3667691:3641986:3682809:SE","SE","ENSMUSG00000071454","Dtnb",86,"Regular (>50bp)",0.006,1,FALSE
"chr12:3667605:3667691:3646862:3682809:SE","SE","ENSMUSG00000071454","Dtnb",86,"Regular (>50bp)",0.031,1.9941290730729e-06,FALSE
"chr12:3682809:3682964:3641986:3693916:SE","SE","ENSMUSG00000071454","Dtnb",155,"Regular (>50bp)",0.002,1,FALSE
"chr12:3693916:3694022:3682964:3698222:SE","SE","ENSMUSG00000071454","Dtnb",106,"Regular (>50bp)",0.022,0.00497569468828565,FALSE
"chr12:3736737:3736862:3698389:3768411:SE","SE","ENSMUSG00000071454","Dtnb",125,"Regular (>50bp)",0.01,0.391277288164623,FALSE
"chr12:3782617:3782707:3768489:3784938:SE","SE","ENSMUSG00000071454","Dtnb",90,"Regular (>50bp)",-0.021,0.872064159581546,FALSE
"chr12:3784938:3785026:3768489:3798424:SE","SE","ENSMUSG00000071454","Dtnb",88,"Regular (>50bp)",0.037,0.00398179595282085,FALSE
"chr12:3784938:3785026:3768489:3799469:SE","SE","ENSMUSG00000071454","Dtnb",88,"Regular (>50bp)",-0.07,1,FALSE
"chr12:3798424:3798510:3768489:3799469:SE","SE","ENSMUSG00000071454","Dtnb",86,"Regular (>50bp)",-0.007,1,FALSE
"chr12:3798424:3798510:3785026:3799469:SE","SE","ENSMUSG00000071454","Dtnb",86,"Regular (>50bp)",-0.001,1,FALSE
"chr12:3804095:3804116:3801907:3822586:SE","SE","ENSMUSG00000071454","Dtnb",21,"Microexon (0-30bp)",-0.064,0.00266729939819597,FALSE
"chr12:3823550:3823640:3822746:3824569:SE","SE","ENSMUSG00000071454","Dtnb",90,"Regular (>50bp)",0.019,0.479975477474818,FALSE
"chr12:3823550:3823640:3822746:3829618:SE","SE","ENSMUSG00000071454","Dtnb",90,"Regular (>50bp)",0.002,1,FALSE
"chr12:3824569:3824610:3822746:3829618:SE","SE","ENSMUSG00000071454","Dtnb",41,"Small (30-50bp)",0.011,1,FALSE
"chr12:3824569:3824610:3823640:3826058:SE","SE","ENSMUSG00000071454","Dtnb",41,"Small (30-50bp)",-0.004,1,FALSE
"chr12:3824569:3824610:3823640:3829618:SE","SE","ENSMUSG00000071454","Dtnb",41,"Small (30-50bp)",-0.202,4.03815502687876e-06,TRUE
"chr12:3826058:3826109:3823640:3829618:SE","SE","ENSMUSG00000071454","Dtnb",51,"Regular (>50bp)",-0.028,0.271523937024048,FALSE
"chr12:3826058:3826109:3824610:3829618:SE","SE","ENSMUSG00000071454","Dtnb",51,"Regular (>50bp)",0,1,FALSE
"chr12:3829618:3829654:3824610:3831105:SE","SE","ENSMUSG00000071454","Dtnb",36,"Small (30-50bp)",0.004,1,FALSE
"chr11:106059134:106059306:106058742:106061981:SE","SE","ENSMUSG00000069631","Strada",172,"Regular (>50bp)",-0.003,1,FALSE
"chr11:106061779:106061903:106059306:106061981:SE","SE","ENSMUSG00000069631","Strada",124,"Regular (>50bp)",0.03,0.08654629555657,FALSE
"chr11:106071780:106071809:106064607:106075387:SE","SE","ENSMUSG00000069631","Strada",29,"Microexon (0-30bp)",-0.143,0,TRUE
"chr11:106071780:106071809:106064607:106077926:SE","SE","ENSMUSG00000069631","Strada",29,"Microexon (0-30bp)",-0.172,3.707656846415e-07,TRUE
"chr11:106071780:106071809:106064607:106077950:SE","SE","ENSMUSG00000069631","Strada",29,"Microexon (0-30bp)",-0.063,0.49105205635934,FALSE
"chr11:106075387:106075445:106064607:106077926:SE","SE","ENSMUSG00000069631","Strada",58,"Regular (>50bp)",-0.051,0.014850395629758,FALSE
"chr11:106075387:106075445:106064607:106077950:SE","SE","ENSMUSG00000069631","Strada",58,"Regular (>50bp)",0.01,1,FALSE
"chr11:106075387:106075445:106071809:106077926:SE","SE","ENSMUSG00000069631","Strada",58,"Regular (>50bp)",0.005,1,FALSE
"chr11:106075387:106075445:106071809:106077950:SE","SE","ENSMUSG00000069631","Strada",58,"Regular (>50bp)",0.002,1,FALSE
"chr11:106077926:106078006:106064607:106084291:SE","SE","ENSMUSG00000069631","Strada",80,"Regular (>50bp)",0.008,1,FALSE
"chr11:106077950:106078006:106064607:106084291:SE","SE","ENSMUSG00000069631","Strada",56,"Regular (>50bp)",0.015,1,FALSE
"chr11:106078633:106078747:106078006:106084291:SE","SE","ENSMUSG00000069631","Strada",114,"Regular (>50bp)",-0.007,0.934000406670886,FALSE
"chr11:106078633:106078747:106078006:106092836:SE","SE","ENSMUSG00000069631","Strada",114,"Regular (>50bp)",0.037,1,FALSE
"chr11:97337334:97337377:97335171:97338995:SE","SE","ENSMUSG00000049807","Arhgap23",43,"Small (30-50bp)",-0.001,1,FALSE
"chr11:97344690:97344846:97343370:97345039:SE","SE","ENSMUSG00000049807","Arhgap23",156,"Regular (>50bp)",-0.002,1,FALSE
"chr11:97355884:97356015:97355682:97356835:SE","SE","ENSMUSG00000049807","Arhgap23",131,"Regular (>50bp)",-0.009,1,FALSE
"chr11:97361193:97361272:97357413:97365840:SE","SE","ENSMUSG00000049807","Arhgap23",79,"Regular (>50bp)",0.001,1,FALSE
"chr11:97366149:97366239:97365914:97366873:SE","SE","ENSMUSG00000049807","Arhgap23",90,"Regular (>50bp)",-0.003,1,FALSE
"chr11:97382469:97382492:97382056:97383876:SE","SE","ENSMUSG00000049807","Arhgap23",23,"Microexon (0-30bp)",0.109,0.00137006976834466,TRUE
"chr11:97383876:97383908:97382056:97390934:SE","SE","ENSMUSG00000049807","Arhgap23",32,"Small (30-50bp)",-0.003,1,FALSE
"chr11:85245419:85245487:85244059:85245713:SE","SE","ENSMUSG00000059439","Bcas3",68,"Regular (>50bp)",-0.03,1,FALSE
"chr11:85245419:85245505:85244059:85245713:SE","SE","ENSMUSG00000059439","Bcas3",86,"Regular (>50bp)",-0.007,1,FALSE
"chr11:85251849:85251888:85250505:85256377:SE","SE","ENSMUSG00000059439","Bcas3",39,"Small (30-50bp)",0.031,1,FALSE
"chr11:85261882:85261989:85256453:85286164:SE","SE","ENSMUSG00000059439","Bcas3",107,"Regular (>50bp)",0.018,1,FALSE
"chr11:85286164:85286246:85261989:85306477:SE","SE","ENSMUSG00000059439","Bcas3",82,"Regular (>50bp)",-0.017,1,FALSE
"chr11:85348693:85348770:85342594:85356984:SE","SE","ENSMUSG00000059439","Bcas3",77,"Regular (>50bp)",-0.019,1,FALSE
"chr11:85434753:85434798:85422769:85445015:SE","SE","ENSMUSG00000059439","Bcas3",45,"Small (30-50bp)",-0.007,1,FALSE
"chr11:85692610:85692778:85531602:85716027:SE","SE","ENSMUSG00000059439","Bcas3",168,"Regular (>50bp)",0.038,1,FALSE
"chr11:85704825:85704891:85692778:85712847:SE","SE","ENSMUSG00000059439","Bcas3",66,"Regular (>50bp)",-0.057,1,FALSE
"chr11:85704825:85704891:85692778:85716027:SE","SE","ENSMUSG00000059439","Bcas3",66,"Regular (>50bp)",0.078,0.360790146408237,FALSE
"chr11:85712847:85712938:85692778:85716027:SE","SE","ENSMUSG00000059439","Bcas3",91,"Regular (>50bp)",0.231,0.000365430890238214,TRUE
"chr11:85712847:85712938:85704891:85716027:SE","SE","ENSMUSG00000059439","Bcas3",91,"Regular (>50bp)",-0.005,1,FALSE
"chr6:30221666:30221795:30215082:30260927:SE","SE","ENSMUSG00000039159","Ube2h",129,"Regular (>50bp)",0,1,FALSE
"chr6:30241370:30241423:30221795:30242536:SE","SE","ENSMUSG00000039159","Ube2h",53,"Regular (>50bp)",0,1,FALSE
"chr6:30241370:30241423:30221795:30260927:SE","SE","ENSMUSG00000039159","Ube2h",53,"Regular (>50bp)",0.079,0.00104494874527654,FALSE
"chr6:30242536:30242576:30221795:30260927:SE","SE","ENSMUSG00000039159","Ube2h",40,"Small (30-50bp)",0.147,0.000615747366875657,TRUE
"chr6:30242536:30242576:30241423:30260927:SE","SE","ENSMUSG00000039159","Ube2h",40,"Small (30-50bp)",-0.01,0.634707221327532,FALSE
"chr6:25748289:25748381:25745995:25750048:SE","SE","ENSMUSG00000029676","Pot1a",92,"Regular (>50bp)",-0.057,2.3011507850735e-12,FALSE
"chr6:25752358:25752494:25750137:25753147:SE","SE","ENSMUSG00000029676","Pot1a",136,"Regular (>50bp)",-0.001,1,FALSE
"chr6:25764250:25764423:25758902:25771517:SE","SE","ENSMUSG00000029676","Pot1a",173,"Regular (>50bp)",-0.002,1,FALSE
"chr6:25794558:25794673:25778968:25798007:SE","SE","ENSMUSG00000029676","Pot1a",115,"Regular (>50bp)",0.018,0.398776921820891,FALSE
"chr6:25794558:25794673:25778968:25800282:SE","SE","ENSMUSG00000029676","Pot1a",115,"Regular (>50bp)",0,1,FALSE
"chr6:25794558:25794673:25778968:25805873:SE","SE","ENSMUSG00000029676","Pot1a",115,"Regular (>50bp)",-0.01,1,FALSE
"chr6:25798007:25798054:25778968:25800282:SE","SE","ENSMUSG00000029676","Pot1a",47,"Small (30-50bp)",0.008,1,FALSE
"chr6:25798007:25798054:25794673:25800282:SE","SE","ENSMUSG00000029676","Pot1a",47,"Small (30-50bp)",0.027,0.212800868337958,FALSE
"chr6:25798007:25798054:25794673:25805873:SE","SE","ENSMUSG00000029676","Pot1a",47,"Small (30-50bp)",-0.194,0.000954664579666743,TRUE
"chr6:25800282:25800509:25778968:25805873:SE","SE","ENSMUSG00000029676","Pot1a",227,"Regular (>50bp)",-0.005,1,FALSE
"chr6:25800282:25800509:25794673:25805873:SE","SE","ENSMUSG00000029676","Pot1a",227,"Regular (>50bp)",-0.042,0.00101440890682962,FALSE
"chr6:25800282:25800509:25798054:25805873:SE","SE","ENSMUSG00000029676","Pot1a",227,"Regular (>50bp)",-0.004,1,FALSE
"chr1:162501667:162501720:162501225:162504259:SE","SE","ENSMUSG00000040225","Prrc2c",53,"Regular (>50bp)",-0.214,2.48775309361347e-07,TRUE
"chr1:162501671:162501720:162501225:162503173:SE","SE","ENSMUSG00000040225","Prrc2c",49,"Small (30-50bp)",-0.144,8.16031415359964e-12,TRUE
"chr1:162503173:162503410:162501225:162504259:SE","SE","ENSMUSG00000040225","Prrc2c",237,"Regular (>50bp)",-0.062,1.14536184778891e-09,FALSE
"chr1:162503173:162503410:162501720:162504259:SE","SE","ENSMUSG00000040225","Prrc2c",237,"Regular (>50bp)",-0.019,0.0268045500613717,FALSE
"chr1:162507053:162507176:162505797:162507394:SE","SE","ENSMUSG00000040225","Prrc2c",123,"Regular (>50bp)",-0.002,1,FALSE
"chr1:162507068:162507176:162505797:162507394:SE","SE","ENSMUSG00000040225","Prrc2c",108,"Regular (>50bp)",-0.001,1,FALSE
"chr1:162507394:162507626:162505797:162508328:SE","SE","ENSMUSG00000040225","Prrc2c",232,"Regular (>50bp)",0.001,1,FALSE
"chr1:162508789:162508902:162508465:162509886:SE","SE","ENSMUSG00000040225","Prrc2c",113,"Regular (>50bp)",0,1,FALSE
"chr1:162515684:162515786:162511825:162518709:SE","SE","ENSMUSG00000040225","Prrc2c",102,"Regular (>50bp)",-0.001,1,FALSE
"chr1:162515684:162515786:162511825:162519941:SE","SE","ENSMUSG00000040225","Prrc2c",102,"Regular (>50bp)",0,1,FALSE
"chr1:162518709:162518802:162511825:162519941:SE","SE","ENSMUSG00000040225","Prrc2c",93,"Regular (>50bp)",0,1,FALSE
"chr1:162518709:162518802:162515786:162519941:SE","SE","ENSMUSG00000040225","Prrc2c",93,"Regular (>50bp)",0.001,1,FALSE
"chr1:162525001:162525842:162523932:162526447:SE","SE","ENSMUSG00000040225","Prrc2c",841,"Regular (>50bp)",0,1,FALSE
"chr1:162540872:162540926:162538398:162541811:SE","SE","ENSMUSG00000040225","Prrc2c",54,"Regular (>50bp)",-0.001,1,FALSE
"chr1:162552272:162552438:162550856:162567893:SE","SE","ENSMUSG00000040225","Prrc2c",166,"Regular (>50bp)",0.001,1,FALSE
"chr1:162558788:162558931:162552438:162567893:SE","SE","ENSMUSG00000040225","Prrc2c",143,"Regular (>50bp)",-0.001,1,FALSE
"chr19:55310370:55310429:55304976:55316777:SE","SE","ENSMUSG00000024983","Vti1a",59,"Regular (>50bp)",-0.001,1,FALSE
"chr19:55316777:55316888:55310429:55369373:SE","SE","ENSMUSG00000024983","Vti1a",111,"Regular (>50bp)",-0.006,1,FALSE
"chr19:55375620:55375641:55369451:55380215:SE","SE","ENSMUSG00000024983","Vti1a",21,"Microexon (0-30bp)",0.171,0.000231369095081125,TRUE
"chr19:55375620:55375641:55369451:55434609:SE","SE","ENSMUSG00000024983","Vti1a",21,"Microexon (0-30bp)",0.022,1,FALSE
"chr19:55375620:55375641:55369451:55486942:SE","SE","ENSMUSG00000024983","Vti1a",21,"Microexon (0-30bp)",0.133,0.672448327197515,FALSE
"chr19:55380215:55380300:55369451:55434609:SE","SE","ENSMUSG00000024983","Vti1a",85,"Regular (>50bp)",0.012,1,FALSE
"chr19:55380215:55380300:55369451:55486942:SE","SE","ENSMUSG00000024983","Vti1a",85,"Regular (>50bp)",0.046,0.0117247970100292,FALSE
"chr19:55380215:55380300:55375641:55434609:SE","SE","ENSMUSG00000024983","Vti1a",85,"Regular (>50bp)",0.032,1,FALSE
"chr19:55380215:55380300:55375641:55486942:SE","SE","ENSMUSG00000024983","Vti1a",85,"Regular (>50bp)",0.007,1,FALSE
"chr5:23968331:23968349:23967472:23973765:SE","SE","ENSMUSG00000057541","Pus7",18,"Microexon (0-30bp)",-0.086,0.0434900961398755,FALSE
"chr5:23973765:23973910:23967472:23980666:SE","SE","ENSMUSG00000057541","Pus7",145,"Regular (>50bp)",-0.001,1,FALSE
"chr5:23983070:23983497:23980966:23988509:SE","SE","ENSMUSG00000057541","Pus7",427,"Regular (>50bp)",-0.002,1,FALSE
"chr2:51850582:51850672:51849004:51862599:SE","SE","ENSMUSG00000026946","Nmi",90,"Regular (>50bp)",0.015,1,FALSE
"chr2:51850582:51850672:51849004:51862920:SE","SE","ENSMUSG00000026946","Nmi",90,"Regular (>50bp)",-0.025,1,FALSE
"chr2:51862599:51862639:51850672:51862920:SE","SE","ENSMUSG00000026946","Nmi",40,"Small (30-50bp)",0.104,0.38164806724018,FALSE
"chr2:51862599:51862639:51850672:51862985:SE","SE","ENSMUSG00000026946","Nmi",40,"Small (30-50bp)",0,1,FALSE
"chr5:135863893:135864136:135835894:135881036:SE","SE","ENSMUSG00000039860","Srrm3",243,"Regular (>50bp)",0.003,1,FALSE
"chr5:135869206:135869308:135864136:135881036:SE","SE","ENSMUSG00000039860","Srrm3",102,"Regular (>50bp)",0.002,1,FALSE
"chr5:135881244:135881325:135881165:135883221:SE","SE","ENSMUSG00000039860","Srrm3",81,"Regular (>50bp)",-0.003,1,FALSE
"chr5:135881745:135881775:135881325:135883221:SE","SE","ENSMUSG00000039860","Srrm3",30,"Microexon (0-30bp)",-0.002,1,FALSE
"chr5:135883221:135883284:135881775:135883416:SE","SE","ENSMUSG00000039860","Srrm3",63,"Regular (>50bp)",-0.002,1,FALSE
"chr5:135885891:135886069:135885403:135897026:SE","SE","ENSMUSG00000039860","Srrm3",178,"Regular (>50bp)",-0.002,1,FALSE
"chr5:135895980:135896000:135886069:135897026:SE","SE","ENSMUSG00000039860","Srrm3",20,"Microexon (0-30bp)",-0.02,1,FALSE
"chr6:119571745:119571934:119552723:119595806:SE","SE","ENSMUSG00000030172","Erc1",189,"Regular (>50bp)",-0.003,1,FALSE
"chr6:119595806:119595873:119571934:119597271:SE","SE","ENSMUSG00000030172","Erc1",67,"Regular (>50bp)",0.049,0.588871949494046,FALSE
"chr6:119671531:119671692:119607708:119690640:SE","SE","ENSMUSG00000030172","Erc1",161,"Regular (>50bp)",0.004,1,FALSE
"chr6:119690640:119690772:119671692:119699133:SE","SE","ENSMUSG00000030172","Erc1",132,"Regular (>50bp)",0.007,1,FALSE
"chr6:119699133:119699269:119671692:119720248:SE","SE","ENSMUSG00000030172","Erc1",136,"Regular (>50bp)",-0.096,0.0084240667727097,FALSE
"chr6:119699133:119699269:119690772:119711041:SE","SE","ENSMUSG00000030172","Erc1",136,"Regular (>50bp)",0.002,1,FALSE
"chr6:119711041:119711053:119699269:119720248:SE","SE","ENSMUSG00000030172","Erc1",12,"Microexon (0-30bp)",0.05,1,FALSE
"chr6:119730219:119730357:119728301:119738104:SE","SE","ENSMUSG00000030172","Erc1",138,"Regular (>50bp)",-0.001,1,FALSE
"chr6:119754939:119755032:119750862:119756437:SE","SE","ENSMUSG00000030172","Erc1",93,"Regular (>50bp)",0.011,0.620960626345486,FALSE
"chr6:119754948:119755032:119750862:119756437:SE","SE","ENSMUSG00000030172","Erc1",84,"Regular (>50bp)",0.033,0.117133876069102,FALSE
"chr6:119756437:119756593:119750862:119760349:SE","SE","ENSMUSG00000030172","Erc1",156,"Regular (>50bp)",-0.002,1,FALSE
"chr6:119760349:119760424:119756593:119773867:SE","SE","ENSMUSG00000030172","Erc1",75,"Regular (>50bp)",-0.002,1,FALSE
"chr6:119773867:119774284:119760424:119824837:SE","SE","ENSMUSG00000030172","Erc1",417,"Regular (>50bp)",0.011,1,FALSE
"chr6:119801346:119801580:119774284:119824837:SE","SE","ENSMUSG00000030172","Erc1",234,"Regular (>50bp)",-0.094,0.00420360995311163,FALSE
"chr6:119801346:119802170:119738272:119824837:SE","SE","ENSMUSG00000030172","Erc1",824,"Regular (>50bp)",0.007,1,FALSE
"chr6:119801346:119802170:119774284:119824837:SE","SE","ENSMUSG00000030172","Erc1",824,"Regular (>50bp)",-0.033,0.0107354445615011,FALSE
"chr6:119802641:119802780:119802170:119824837:SE","SE","ENSMUSG00000030172","Erc1",139,"Regular (>50bp)",-0.041,0.468993775551427,FALSE
"chr9:121813165:121813222:121812889:121823910:SE","SE","ENSMUSG00000066235","Pomgnt2",57,"Regular (>50bp)",-0.16,0.85834304143841,FALSE
"chr9:121813165:121813222:121812889:121824941:SE","SE","ENSMUSG00000066235","Pomgnt2",57,"Regular (>50bp)",0.069,0.0297074777694695,FALSE
"chr9:121823910:121824016:121812889:121824132:SE","SE","ENSMUSG00000066235","Pomgnt2",106,"Regular (>50bp)",-0.007,1,FALSE
"chr9:121823910:121824016:121812889:121824941:SE","SE","ENSMUSG00000066235","Pomgnt2",106,"Regular (>50bp)",0.062,7.06466060457012e-07,FALSE
"chr9:121823910:121824016:121813222:121824941:SE","SE","ENSMUSG00000066235","Pomgnt2",106,"Regular (>50bp)",0.026,1,FALSE
"chr9:121823910:121824016:121814222:121824941:SE","SE","ENSMUSG00000066235","Pomgnt2",106,"Regular (>50bp)",0.126,1,FALSE
"chr9:121824132:121824179:121812889:121824941:SE","SE","ENSMUSG00000066235","Pomgnt2",47,"Small (30-50bp)",0.052,5.50019723045884e-10,FALSE
"chr9:121824132:121824179:121824016:121824941:SE","SE","ENSMUSG00000066235","Pomgnt2",47,"Small (30-50bp)",0.313,0.0164503412197845,TRUE
"chr9:121824132:121824183:121812889:121824941:SE","SE","ENSMUSG00000066235","Pomgnt2",51,"Regular (>50bp)",0.004,1,FALSE
"chr9:121824132:121824183:121824016:121824941:SE","SE","ENSMUSG00000066235","Pomgnt2",51,"Regular (>50bp)",0.152,0.00426637764968789,TRUE
"chr13:46904177:46904249:46904102:46905556:SE","SE","ENSMUSG00000021375","Kif13a",72,"Regular (>50bp)",0.017,1,FALSE
"chr13:46914138:46914243:46906348:46914748:SE","SE","ENSMUSG00000021375","Kif13a",105,"Regular (>50bp)",0.033,1,FALSE
"chr13:46914748:46914900:46906348:46916823:SE","SE","ENSMUSG00000021375","Kif13a",152,"Regular (>50bp)",0,1,FALSE
"chr13:46934101:46934140:46932469:46938721:SE","SE","ENSMUSG00000021375","Kif13a",39,"Small (30-50bp)",-0.212,1.86174173624504e-07,TRUE
"chr13:46984269:46984450:46980256:46986199:SE","SE","ENSMUSG00000021375","Kif13a",181,"Regular (>50bp)",-0.009,1,FALSE
"chr13:47018294:47018307:47001862:47082691:SE","SE","ENSMUSG00000021375","Kif13a",13,"Microexon (0-30bp)",0.138,0.0103601446742514,TRUE
"chr13:47036140:47036241:47018307:47082691:SE","SE","ENSMUSG00000021375","Kif13a",101,"Regular (>50bp)",0.007,1,FALSE
"chr13:47082691:47082782:47018307:47083042:SE","SE","ENSMUSG00000021375","Kif13a",91,"Regular (>50bp)",-0.017,1,FALSE
"chr11:3297573:3297748:3297107:3298593:SE","SE","ENSMUSG00000020451","Limk2",175,"Regular (>50bp)",-0.004,1,FALSE
"chr11:3300391:3300448:3298659:3300641:SE","SE","ENSMUSG00000020451","Limk2",57,"Regular (>50bp)",-0.002,1,FALSE
"chr11:3302899:3302917:3302377:3303276:SE","SE","ENSMUSG00000020451","Limk2",18,"Microexon (0-30bp)",0.005,1,FALSE
"chr11:3305272:3305469:3303463:3305810:SE","SE","ENSMUSG00000020451","Limk2",197,"Regular (>50bp)",-0.001,1,FALSE
"chr11:3310450:3310586:3305916:3320968:SE","SE","ENSMUSG00000020451","Limk2",136,"Regular (>50bp)",0.034,0.0221566753955556,FALSE
"chr11:3310450:3310586:3305916:3342916:SE","SE","ENSMUSG00000020451","Limk2",136,"Regular (>50bp)",0.01,1,FALSE
"chr11:3310450:3310586:3305916:3359045:SE","SE","ENSMUSG00000020451","Limk2",136,"Regular (>50bp)",0.07,0.796578663703917,FALSE
"chr11:3311020:3311108:3310586:3311782:SE","SE","ENSMUSG00000020451","Limk2",88,"Regular (>50bp)",-0.166,0.0136183589898682,TRUE
"chr11:3311020:3311108:3310586:3320968:SE","SE","ENSMUSG00000020451","Limk2",88,"Regular (>50bp)",-0.019,0.0138495358455512,FALSE
"chr11:3311020:3311108:3310586:3342916:SE","SE","ENSMUSG00000020451","Limk2",88,"Regular (>50bp)",-0.001,1,FALSE
"chr11:3311782:3311825:3310586:3320968:SE","SE","ENSMUSG00000020451","Limk2",43,"Small (30-50bp)",0.027,0.0534805461901949,FALSE
"chr11:3311782:3311825:3310586:3342916:SE","SE","ENSMUSG00000020451","Limk2",43,"Small (30-50bp)",0.063,2.07112425128093e-10,FALSE
"chr11:3311782:3311825:3310586:3359045:SE","SE","ENSMUSG00000020451","Limk2",43,"Small (30-50bp)",0.334,0.000270364223648166,TRUE
"chr11:3311782:3311825:3311108:3342916:SE","SE","ENSMUSG00000020451","Limk2",43,"Small (30-50bp)",-0.056,0.0565146092508212,FALSE
"chr11:3342916:3343016:3305916:3359045:SE","SE","ENSMUSG00000020451","Limk2",100,"Regular (>50bp)",0.004,1,FALSE
"chr11:3342916:3343016:3310586:3359045:SE","SE","ENSMUSG00000020451","Limk2",100,"Regular (>50bp)",0.022,0.00457183343929406,FALSE
"chr11:3342916:3343016:3311825:3359045:SE","SE","ENSMUSG00000020451","Limk2",100,"Regular (>50bp)",-0.004,1,FALSE
"chr7:96004562:96004618:95820700:96085966:SE","SE","ENSMUSG00000048078","Tenm4",56,"Regular (>50bp)",-0.065,0.121992660276231,FALSE
"chr7:96085966:96086065:96004618:96145450:SE","SE","ENSMUSG00000048078","Tenm4",99,"Regular (>50bp)",0.066,1,FALSE
"chr7:96085966:96086065:96004618:96199218:SE","SE","ENSMUSG00000048078","Tenm4",99,"Regular (>50bp)",-0.072,0.675939984756971,FALSE
"chr7:96145450:96145547:96004618:96199218:SE","SE","ENSMUSG00000048078","Tenm4",97,"Regular (>50bp)",-0.193,0.722883993389814,FALSE
"chr7:96145450:96145547:96086065:96199218:SE","SE","ENSMUSG00000048078","Tenm4",97,"Regular (>50bp)",0.111,1,FALSE
"chr7:96293205:96293415:96202954:96343976:SE","SE","ENSMUSG00000048078","Tenm4",210,"Regular (>50bp)",0.079,1,FALSE
"chr7:96351848:96351947:96344232:96353132:SE","SE","ENSMUSG00000048078","Tenm4",99,"Regular (>50bp)",-0.057,0.0111988539520704,FALSE
"chr7:96353132:96353368:96344232:96384891:SE","SE","ENSMUSG00000048078","Tenm4",236,"Regular (>50bp)",-0.083,1,FALSE
"chr7:96378555:96378732:96353368:96384891:SE","SE","ENSMUSG00000048078","Tenm4",177,"Regular (>50bp)",0.101,0.676571936495205,FALSE
"chr7:96427025:96427226:96423376:96446526:SE","SE","ENSMUSG00000048078","Tenm4",201,"Regular (>50bp)",0.016,1,FALSE
"chr7:96454311:96454338:96446712:96461039:SE","SE","ENSMUSG00000048078","Tenm4",27,"Microexon (0-30bp)",0.055,0.00745415881501544,FALSE
"chr7:96503923:96503944:96501789:96512656:SE","SE","ENSMUSG00000048078","Tenm4",21,"Microexon (0-30bp)",-0.077,0.25784873643438,FALSE
"chr7:96522860:96523738:96517311:96534523:SE","SE","ENSMUSG00000048078","Tenm4",878,"Regular (>50bp)",0.033,0.169540614351764,FALSE
"chr6:113449738:113449848:113449650:113451121:SE","SE","ENSMUSG00000030281","Il17rc",110,"Regular (>50bp)",-0.003,1,FALSE
"chr6:113451121:113451233:113449848:113453359:SE","SE","ENSMUSG00000030281","Il17rc",112,"Regular (>50bp)",0.006,1,FALSE
"chr6:113451513:113451558:113451233:113453359:SE","SE","ENSMUSG00000030281","Il17rc",45,"Small (30-50bp)",0.068,0.0733482751579378,FALSE
"chr6:113451513:113451558:113451233:113453386:SE","SE","ENSMUSG00000030281","Il17rc",45,"Small (30-50bp)",0.005,1,FALSE
"chr6:113451513:113451558:113451233:113453695:SE","SE","ENSMUSG00000030281","Il17rc",45,"Small (30-50bp)",-0.02,1,FALSE
"chr6:113453359:113453499:113451558:113453695:SE","SE","ENSMUSG00000030281","Il17rc",140,"Regular (>50bp)",-0.005,1,FALSE
"chr6:113453386:113453499:113451233:113453695:SE","SE","ENSMUSG00000030281","Il17rc",113,"Regular (>50bp)",-0.014,1,FALSE
"chr6:113453386:113453499:113451558:113453695:SE","SE","ENSMUSG00000030281","Il17rc",113,"Regular (>50bp)",-0.011,1,FALSE
"chr6:113455824:113455879:113453755:113455949:SE","SE","ENSMUSG00000030281","Il17rc",55,"Regular (>50bp)",-0.001,1,FALSE
"chr6:113455949:113456131:113455879:113456211:SE","SE","ENSMUSG00000030281","Il17rc",182,"Regular (>50bp)",-0.005,1,FALSE
"chr6:113457090:113457136:113456262:113457266:SE","SE","ENSMUSG00000030281","Il17rc",46,"Small (30-50bp)",-0.014,1,FALSE
"chr5:38360839:38361001:38358657:38361088:SE","SE","ENSMUSG00000029127","Zbtb49",162,"Regular (>50bp)",0.008,1,FALSE
"chr5:38363232:38363306:38361171:38373790:SE","SE","ENSMUSG00000029127","Zbtb49",74,"Regular (>50bp)",-0.02,1,FALSE
"chr5:38367961:38368008:38363306:38369189:SE","SE","ENSMUSG00000029127","Zbtb49",47,"Small (30-50bp)",-0.048,1,FALSE
"chr5:38367961:38368008:38363306:38370651:SE","SE","ENSMUSG00000029127","Zbtb49",47,"Small (30-50bp)",0.177,0.00435737120175889,TRUE
"chr5:38367961:38368008:38363306:38373790:SE","SE","ENSMUSG00000029127","Zbtb49",47,"Small (30-50bp)",0.079,0.666180350437228,FALSE
"chr5:38369189:38369432:38363306:38370651:SE","SE","ENSMUSG00000029127","Zbtb49",243,"Regular (>50bp)",0.309,0.0728506112393759,FALSE
"chr5:38369189:38369432:38368008:38370651:SE","SE","ENSMUSG00000029127","Zbtb49",243,"Regular (>50bp)",0.043,0.953425737586876,FALSE
"chr5:38370651:38371408:38363306:38373790:SE","SE","ENSMUSG00000029127","Zbtb49",757,"Regular (>50bp)",0.072,1,FALSE
"chr5:38370651:38371727:38361171:38373790:SE","SE","ENSMUSG00000029127","Zbtb49",1076,"Regular (>50bp)",-0.009,1,FALSE
"chr5:38370651:38371727:38363306:38373790:SE","SE","ENSMUSG00000029127","Zbtb49",1076,"Regular (>50bp)",0.026,0.585650664734744,FALSE
"chr5:38370651:38371727:38368008:38373790:SE","SE","ENSMUSG00000029127","Zbtb49",1076,"Regular (>50bp)",-0.025,1,FALSE
"chr5:38373790:38373957:38371727:38377666:SE","SE","ENSMUSG00000029127","Zbtb49",167,"Regular (>50bp)",-0.008,1,FALSE
"chr4:135775122:135775164:135756016:135778481:SE","SE","ENSMUSG00000059291","Rpl11",42,"Small (30-50bp)",0.037,1,FALSE
"chr4:135775122:135775164:135756016:135778924:SE","SE","ENSMUSG00000059291","Rpl11",42,"Small (30-50bp)",0.169,0.04888873059737,TRUE
"chr4:135777590:135777701:135777327:135778481:SE","SE","ENSMUSG00000059291","Rpl11",111,"Regular (>50bp)",0,1,FALSE
"chr4:135777590:135777701:135777327:135778924:SE","SE","ENSMUSG00000059291","Rpl11",111,"Regular (>50bp)",0,1,FALSE
"chr4:135778481:135778613:135756016:135778924:SE","SE","ENSMUSG00000059291","Rpl11",132,"Regular (>50bp)",0,1,FALSE
"chr4:135778481:135778613:135775164:135778924:SE","SE","ENSMUSG00000059291","Rpl11",132,"Regular (>50bp)",0,1,FALSE
"chr4:135778481:135778613:135777327:135778924:SE","SE","ENSMUSG00000059291","Rpl11",132,"Regular (>50bp)",0,1,FALSE
"chr4:135778481:135778613:135777701:135778924:SE","SE","ENSMUSG00000059291","Rpl11",132,"Regular (>50bp)",0,1,FALSE
"chr4:132384003:132384099:132366466:132389205:SE","SE","ENSMUSG00000028886","Eya3",96,"Regular (>50bp)",-0.001,1,FALSE
"chr4:132384888:132384927:132384099:132389205:SE","SE","ENSMUSG00000028886","Eya3",39,"Small (30-50bp)",0.01,1,FALSE
"chr4:132389205:132389249:132384099:132417015:SE","SE","ENSMUSG00000028886","Eya3",44,"Small (30-50bp)",0.01,1,FALSE
"chr4:132394465:132394545:132389249:132397499:SE","SE","ENSMUSG00000028886","Eya3",80,"Regular (>50bp)",0.003,1,FALSE
"chr4:132397499:132397566:132394545:132400206:SE","SE","ENSMUSG00000028886","Eya3",67,"Regular (>50bp)",0.001,1,FALSE
"chr4:132408066:132408204:132400343:132417015:SE","SE","ENSMUSG00000028886","Eya3",138,"Regular (>50bp)",0.051,0.0833163197324179,FALSE
"chr4:132430742:132430808:132428421:132431662:SE","SE","ENSMUSG00000028886","Eya3",66,"Regular (>50bp)",0.003,1,FALSE
"chr4:132431662:132431721:132428421:132434273:SE","SE","ENSMUSG00000028886","Eya3",59,"Regular (>50bp)",-0.002,1,FALSE
"chr4:132437255:132437370:132434434:132439152:SE","SE","ENSMUSG00000028886","Eya3",115,"Regular (>50bp)",0.001,1,FALSE
"chr4:132439152:132439274:132434434:132446522:SE","SE","ENSMUSG00000028886","Eya3",122,"Regular (>50bp)",-0.008,1,FALSE
"chr4:132446522:132446623:132439274:132448589:SE","SE","ENSMUSG00000028886","Eya3",101,"Regular (>50bp)",0.005,1,FALSE
"chr19:40288686:40288746:40287965:40300112:SE","SE","ENSMUSG00000025006","Sorbs1",60,"Regular (>50bp)",0.274,6.43740968170826e-08,TRUE
"chr19:40310236:40310404:40306512:40313190:SE","SE","ENSMUSG00000025006","Sorbs1",168,"Regular (>50bp)",0,1,FALSE
"chr19:40313914:40315381:40313276:40315893:SE","SE","ENSMUSG00000025006","Sorbs1",1467,"Regular (>50bp)",0.025,0.00307108689168379,FALSE
"chr19:40328488:40328590:40325479:40329128:SE","SE","ENSMUSG00000025006","Sorbs1",102,"Regular (>50bp)",-0.006,1,FALSE
"chr19:40328488:40328590:40325479:40332799:SE","SE","ENSMUSG00000025006","Sorbs1",102,"Regular (>50bp)",0.003,1,FALSE
"chr19:40328488:40328590:40325479:40338342:SE","SE","ENSMUSG00000025006","Sorbs1",102,"Regular (>50bp)",0.065,0.427389255138495,FALSE
"chr19:40329128:40329194:40325479:40332799:SE","SE","ENSMUSG00000025006","Sorbs1",66,"Regular (>50bp)",0.015,1,FALSE
"chr19:40329128:40329194:40325479:40338342:SE","SE","ENSMUSG00000025006","Sorbs1",66,"Regular (>50bp)",0.003,1,FALSE
"chr19:40329128:40329194:40328590:40332799:SE","SE","ENSMUSG00000025006","Sorbs1",66,"Regular (>50bp)",0.028,1,FALSE
"chr19:40329128:40329194:40328590:40338342:SE","SE","ENSMUSG00000025006","Sorbs1",66,"Regular (>50bp)",0.105,0.367850920140245,FALSE
"chr19:40332799:40332883:40325479:40338342:SE","SE","ENSMUSG00000025006","Sorbs1",84,"Regular (>50bp)",0.132,0.00316715543302736,TRUE
"chr19:40332799:40332883:40328590:40338342:SE","SE","ENSMUSG00000025006","Sorbs1",84,"Regular (>50bp)",0.126,0.366544018479006,FALSE
"chr19:40332799:40332883:40329194:40338342:SE","SE","ENSMUSG00000025006","Sorbs1",84,"Regular (>50bp)",0.029,1,FALSE
"chr19:40351645:40351709:40341009:40353437:SE","SE","ENSMUSG00000025006","Sorbs1",64,"Regular (>50bp)",-0.007,1,FALSE
"chr19:40353437:40353610:40341009:40361919:SE","SE","ENSMUSG00000025006","Sorbs1",173,"Regular (>50bp)",0.017,1,FALSE
"chr19:40353437:40353610:40351709:40358133:SE","SE","ENSMUSG00000025006","Sorbs1",173,"Regular (>50bp)",-0.002,1,FALSE
"chr19:40358133:40358163:40353610:40361919:SE","SE","ENSMUSG00000025006","Sorbs1",30,"Microexon (0-30bp)",0.109,0.0968644013683427,FALSE
"chr19:40365088:40365247:40362061:40365427:SE","SE","ENSMUSG00000025006","Sorbs1",159,"Regular (>50bp)",0.017,1,FALSE
"chr19:40365088:40365460:40362061:40370964:SE","SE","ENSMUSG00000025006","Sorbs1",372,"Regular (>50bp)",-0.134,0.0214939684031398,TRUE
"chr19:40365427:40365460:40362061:40370964:SE","SE","ENSMUSG00000025006","Sorbs1",33,"Small (30-50bp)",-0.121,0.124153196115458,FALSE
"chr19:40365427:40365460:40365247:40370964:SE","SE","ENSMUSG00000025006","Sorbs1",33,"Small (30-50bp)",-0.09,1,FALSE
"chr19:40366097:40366823:40362061:40370964:SE","SE","ENSMUSG00000025006","Sorbs1",726,"Regular (>50bp)",0,1,FALSE
"chr19:40370964:40371077:40362061:40381831:SE","SE","ENSMUSG00000025006","Sorbs1",113,"Regular (>50bp)",-0.005,1,FALSE
"chr19:40371199:40371226:40371077:40381831:SE","SE","ENSMUSG00000025006","Sorbs1",27,"Microexon (0-30bp)",0.054,0.628015455186658,FALSE
"chr19:40384122:40384212:40381960:40386985:SE","SE","ENSMUSG00000025006","Sorbs1",90,"Regular (>50bp)",-0.005,1,FALSE
"chr19:40390701:40390754:40387054:40439757:SE","SE","ENSMUSG00000025006","Sorbs1",53,"Regular (>50bp)",-0.006,1,FALSE
"chr19:40439757:40439842:40390754:40502114:SE","SE","ENSMUSG00000025006","Sorbs1",85,"Regular (>50bp)",0.018,0.12345092429291,FALSE
"chr19:40489892:40490029:40439842:40501814:SE","SE","ENSMUSG00000025006","Sorbs1",137,"Regular (>50bp)",-0.384,0.0987067715486253,FALSE
"chr19:40489892:40490029:40439842:40502114:SE","SE","ENSMUSG00000025006","Sorbs1",137,"Regular (>50bp)",-0.008,0.598792790506387,FALSE
"chr4:116166700:116166823:116166258:116167012:SE","SE","ENSMUSG00000003810","Mast2",123,"Regular (>50bp)",-0.006,1,FALSE
"chr4:116166700:116166823:116166258:116167653:SE","SE","ENSMUSG00000003810","Mast2",123,"Regular (>50bp)",0.002,1,FALSE
"chr4:116167012:116167151:116166823:116167653:SE","SE","ENSMUSG00000003810","Mast2",139,"Regular (>50bp)",0.003,1,FALSE
"chr4:116167012:116167239:116166258:116167653:SE","SE","ENSMUSG00000003810","Mast2",227,"Regular (>50bp)",0.001,1,FALSE
"chr4:116167012:116167239:116166823:116167653:SE","SE","ENSMUSG00000003810","Mast2",227,"Regular (>50bp)",0.001,1,FALSE
"chr4:116168875:116168985:116168565:116169124:SE","SE","ENSMUSG00000003810","Mast2",110,"Regular (>50bp)",0.001,1,FALSE
"chr4:116170049:116170215:116169589:116170889:SE","SE","ENSMUSG00000003810","Mast2",166,"Regular (>50bp)",-0.008,1,FALSE
"chr4:116174173:116174235:116173745:116174905:SE","SE","ENSMUSG00000003810","Mast2",62,"Regular (>50bp)",-0.002,1,FALSE
"chr4:116176955:116177057:116175038:116179460:SE","SE","ENSMUSG00000003810","Mast2",102,"Regular (>50bp)",-0.003,1,FALSE
"chr4:116190609:116190630:116187666:116194618:SE","SE","ENSMUSG00000003810","Mast2",21,"Microexon (0-30bp)",0.04,1,FALSE
"chr4:116190609:116190630:116187666:116210169:SE","SE","ENSMUSG00000003810","Mast2",21,"Microexon (0-30bp)",-0.043,1,FALSE
"chr4:116194618:116194694:116187666:116210169:SE","SE","ENSMUSG00000003810","Mast2",76,"Regular (>50bp)",0.002,1,FALSE
"chr4:116194618:116194694:116190630:116210169:SE","SE","ENSMUSG00000003810","Mast2",76,"Regular (>50bp)",-0.002,1,FALSE
"chr4:116210169:116210261:116194694:116248799:SE","SE","ENSMUSG00000003810","Mast2",92,"Regular (>50bp)",-0.009,1,FALSE
"chr4:116225932:116225981:116210261:116248799:SE","SE","ENSMUSG00000003810","Mast2",49,"Small (30-50bp)",0.012,0.192461577351841,FALSE
"chr4:116225932:116226127:116210261:116248799:SE","SE","ENSMUSG00000003810","Mast2",195,"Regular (>50bp)",0.001,1,FALSE
"chr4:102719052:102719136:102717991:102720858:SE","SE","ENSMUSG00000028524","Sgip1",84,"Regular (>50bp)",0.001,1,FALSE
"chr4:102720858:102720930:102717991:102724836:SE","SE","ENSMUSG00000028524","Sgip1",72,"Regular (>50bp)",-0.004,1,FALSE
"chr4:102720861:102720930:102717991:102724836:SE","SE","ENSMUSG00000028524","Sgip1",69,"Regular (>50bp)",-0.014,1,FALSE
"chr4:102757722:102757734:102727921:102762761:SE","SE","ENSMUSG00000028524","Sgip1",12,"Microexon (0-30bp)",-0.015,0.0389435294436238,FALSE
"chr4:102757722:102757734:102727921:102766004:SE","SE","ENSMUSG00000028524","Sgip1",12,"Microexon (0-30bp)",0.084,1,FALSE
"chr4:102762761:102762773:102727921:102766004:SE","SE","ENSMUSG00000028524","Sgip1",12,"Microexon (0-30bp)",-0.045,1,FALSE
"chr4:102762761:102762773:102757734:102766004:SE","SE","ENSMUSG00000028524","Sgip1",12,"Microexon (0-30bp)",-0.002,1,FALSE
"chr4:102766004:102766029:102727921:102766934:SE","SE","ENSMUSG00000028524","Sgip1",25,"Microexon (0-30bp)",-0.046,0.00993140503569092,FALSE
"chr4:102768655:102768741:102766986:102772255:SE","SE","ENSMUSG00000028524","Sgip1",86,"Regular (>50bp)",-0.001,1,FALSE
"chr4:102775977:102776052:102772348:102784657:SE","SE","ENSMUSG00000028524","Sgip1",75,"Regular (>50bp)",-0.003,1,FALSE
"chr4:102778218:102778716:102776052:102784657:SE","SE","ENSMUSG00000028524","Sgip1",498,"Regular (>50bp)",-0.083,4.56529490998065e-05,FALSE
"chr4:102790761:102790827:102786109:102791742:SE","SE","ENSMUSG00000028524","Sgip1",66,"Regular (>50bp)",0.01,1,FALSE
"chr4:102791742:102791802:102786109:102813295:SE","SE","ENSMUSG00000028524","Sgip1",60,"Regular (>50bp)",0.128,0.00202226264674503,TRUE
"chr18:60667664:60667735:60659437:60671335:SE","SE","ENSMUSG00000024603","Dctn4",71,"Regular (>50bp)",0,1,FALSE
"chr18:60671335:60671514:60667735:60674643:SE","SE","ENSMUSG00000024603","Dctn4",179,"Regular (>50bp)",-0.001,1,FALSE
"chr18:60671335:60671514:60667735:60677110:SE","SE","ENSMUSG00000024603","Dctn4",179,"Regular (>50bp)",-0.001,1,FALSE
"chr18:60674643:60674687:60667735:60677110:SE","SE","ENSMUSG00000024603","Dctn4",44,"Small (30-50bp)",-0.002,1,FALSE
"chr18:60674643:60674687:60671514:60677110:SE","SE","ENSMUSG00000024603","Dctn4",44,"Small (30-50bp)",-0.001,1,FALSE
"chr18:60678428:60678449:60677218:60678819:SE","SE","ENSMUSG00000024603","Dctn4",21,"Microexon (0-30bp)",0.048,0.412670479566211,FALSE
"chr18:60678819:60678893:60677218:60679292:SE","SE","ENSMUSG00000024603","Dctn4",74,"Regular (>50bp)",-0.003,1,FALSE
"chr7:107296773:107296905:107285180:107307986:SE","SE","ENSMUSG00000036528","Ppfibp2",132,"Regular (>50bp)",0.002,1,FALSE
"chr7:107307986:107308079:107285180:107313792:SE","SE","ENSMUSG00000036528","Ppfibp2",93,"Regular (>50bp)",-0.001,1,FALSE
"chr7:107322143:107322185:107321368:107326850:SE","SE","ENSMUSG00000036528","Ppfibp2",42,"Small (30-50bp)",-0.008,1,FALSE
"chr7:107327922:107327955:107326992:107328345:SE","SE","ENSMUSG00000036528","Ppfibp2",33,"Small (30-50bp)",-0.019,1,FALSE
"chr7:107338393:107338516:107337896:107339714:SE","SE","ENSMUSG00000036528","Ppfibp2",123,"Regular (>50bp)",0,1,FALSE
"chr7:107339714:107339840:107338516:107342112:SE","SE","ENSMUSG00000036528","Ppfibp2",126,"Regular (>50bp)",0,1,FALSE
"chr11:120520811:120520842:120520707:120521313:SE","SE","ENSMUSG00000051510","Mafg",31,"Small (30-50bp)",0.103,0.0154402121604477,TRUE
"chr11:120520811:120520842:120520707:120524187:SE","SE","ENSMUSG00000051510","Mafg",31,"Small (30-50bp)",0.089,0.11687611268465,FALSE
"chr11:119999292:119999316:119997436:120000257:SE","SE","ENSMUSG00000061306","Slc38a10",24,"Microexon (0-30bp)",0.079,2.59130584834108e-05,FALSE
"chr11:119999292:119999379:119997436:120000257:SE","SE","ENSMUSG00000061306","Slc38a10",87,"Regular (>50bp)",0.094,0.00339432236001563,FALSE
"chr11:120000257:120000362:119997436:120000891:SE","SE","ENSMUSG00000061306","Slc38a10",105,"Regular (>50bp)",-0.003,1,FALSE
"chr11:120007690:120007847:120001831:120019248:SE","SE","ENSMUSG00000061306","Slc38a10",157,"Regular (>50bp)",-0.001,1,FALSE
"chr11:120019248:120019355:120007847:120041805:SE","SE","ENSMUSG00000061306","Slc38a10",107,"Regular (>50bp)",-0.018,0.964727070933259,FALSE
"chr11:120023502:120023685:120007847:120025605:SE","SE","ENSMUSG00000061306","Slc38a10",183,"Regular (>50bp)",-0.002,1,FALSE
"chr11:120023502:120023685:120007847:120041805:SE","SE","ENSMUSG00000061306","Slc38a10",183,"Regular (>50bp)",-0.072,1,FALSE
"chr11:120023502:120023685:120020138:120025605:SE","SE","ENSMUSG00000061306","Slc38a10",183,"Regular (>50bp)",-0.001,1,FALSE
"chr11:120025605:120025708:120007847:120041805:SE","SE","ENSMUSG00000061306","Slc38a10",103,"Regular (>50bp)",0.003,1,FALSE
"chr11:120025605:120025708:120023685:120041805:SE","SE","ENSMUSG00000061306","Slc38a10",103,"Regular (>50bp)",-0.005,1,FALSE
"chr11:120028682:120028807:120025708:120031418:SE","SE","ENSMUSG00000061306","Slc38a10",125,"Regular (>50bp)",-0.001,1,FALSE
"chr11:120029811:120029918:120028807:120031418:SE","SE","ENSMUSG00000061306","Slc38a10",107,"Regular (>50bp)",-0.001,1,FALSE
"chr11:120029811:120029955:120028807:120031418:SE","SE","ENSMUSG00000061306","Slc38a10",144,"Regular (>50bp)",-0.001,1,FALSE
"chr11:120031418:120031512:120007847:120038546:SE","SE","ENSMUSG00000061306","Slc38a10",94,"Regular (>50bp)",0.045,1,FALSE
"chr11:120031418:120031512:120007847:120041805:SE","SE","ENSMUSG00000061306","Slc38a10",94,"Regular (>50bp)",0.035,1,FALSE
"chr11:120031418:120031512:120025708:120038546:SE","SE","ENSMUSG00000061306","Slc38a10",94,"Regular (>50bp)",-0.081,1,FALSE
"chr11:120031418:120031512:120025708:120041805:SE","SE","ENSMUSG00000061306","Slc38a10",94,"Regular (>50bp)",0.075,1,FALSE
"chr11:120031418:120031512:120029955:120032425:SE","SE","ENSMUSG00000061306","Slc38a10",94,"Regular (>50bp)",0,1,FALSE
"chr11:120031418:120031512:120029955:120038546:SE","SE","ENSMUSG00000061306","Slc38a10",94,"Regular (>50bp)",-0.001,1,FALSE
"chr11:120031418:120031512:120029955:120041805:SE","SE","ENSMUSG00000061306","Slc38a10",94,"Regular (>50bp)",-0.004,1,FALSE
"chr11:120032425:120032471:120029955:120038546:SE","SE","ENSMUSG00000061306","Slc38a10",46,"Small (30-50bp)",-0.002,1,FALSE
"chr11:120032425:120032471:120029955:120041805:SE","SE","ENSMUSG00000061306","Slc38a10",46,"Small (30-50bp)",-0.042,1,FALSE
"chr11:120032425:120032471:120031512:120038546:SE","SE","ENSMUSG00000061306","Slc38a10",46,"Small (30-50bp)",0.016,0.000485505350401944,FALSE
"chr11:120032425:120032471:120031512:120041805:SE","SE","ENSMUSG00000061306","Slc38a10",46,"Small (30-50bp)",-0.033,0.0377955074302212,FALSE
"chr11:120038546:120038664:120007847:120041805:SE","SE","ENSMUSG00000061306","Slc38a10",118,"Regular (>50bp)",-0.016,0.817785997972713,FALSE
"chr11:120038546:120038664:120025708:120041805:SE","SE","ENSMUSG00000061306","Slc38a10",118,"Regular (>50bp)",0.003,1,FALSE
"chr11:120038546:120038664:120029955:120041805:SE","SE","ENSMUSG00000061306","Slc38a10",118,"Regular (>50bp)",-0.004,1,FALSE
"chr11:120038546:120038664:120031512:120041805:SE","SE","ENSMUSG00000061306","Slc38a10",118,"Regular (>50bp)",-0.051,0.00386650369013117,FALSE
"chr11:120038546:120038664:120032471:120041805:SE","SE","ENSMUSG00000061306","Slc38a10",118,"Regular (>50bp)",-0.052,0.000982994999689326,FALSE
"chr12:76986203:76986288:76985529:76986740:SE","SE","ENSMUSG00000059436","Max",85,"Regular (>50bp)",-0.111,4.27001663896905e-13,TRUE
"chr12:76986740:76986864:76985529:76999942:SE","SE","ENSMUSG00000059436","Max",124,"Regular (>50bp)",-0.002,1,FALSE
"chr12:76999942:77000050:76986864:77008036:SE","SE","ENSMUSG00000059436","Max",108,"Regular (>50bp)",-0.001,1,FALSE
"chr12:77008036:77008063:77000050:77008763:SE","SE","ENSMUSG00000059436","Max",27,"Microexon (0-30bp)",0.18,6.74755089948493e-13,TRUE
"chr4:41196729:41196808:41196533:41199217:SE","SE","ENSMUSG00000028433","Ubap2",79,"Regular (>50bp)",-0.003,1,FALSE
"chr4:41209352:41209569:41207104:41211704:SE","SE","ENSMUSG00000028433","Ubap2",217,"Regular (>50bp)",0.004,1,FALSE
"chr4:41211704:41211894:41209569:41216565:SE","SE","ENSMUSG00000028433","Ubap2",190,"Regular (>50bp)",-0.005,1,FALSE
"chr4:41211704:41211894:41209569:41218310:SE","SE","ENSMUSG00000028433","Ubap2",190,"Regular (>50bp)",0.001,1,FALSE
"chr4:41216565:41216633:41209569:41218310:SE","SE","ENSMUSG00000028433","Ubap2",68,"Regular (>50bp)",0.001,1,FALSE
"chr4:41216565:41216633:41211894:41218310:SE","SE","ENSMUSG00000028433","Ubap2",68,"Regular (>50bp)",-0.003,1,FALSE
"chr4:41229694:41229848:41227276:41233603:SE","SE","ENSMUSG00000028433","Ubap2",154,"Regular (>50bp)",0.001,1,FALSE
"chr4:41235516:41235594:41233714:41251534:SE","SE","ENSMUSG00000028433","Ubap2",78,"Regular (>50bp)",-0.001,1,FALSE
"chr4:41245455:41245492:41235594:41251534:SE","SE","ENSMUSG00000028433","Ubap2",37,"Small (30-50bp)",0.073,5.47730737028101e-09,FALSE
"chr4:41251534:41251671:41235594:41275039:SE","SE","ENSMUSG00000028433","Ubap2",137,"Regular (>50bp)",0,1,FALSE
"chr11:4730577:4730622:4718273:4732186:SE","SE","ENSMUSG00000009073","Nf2",45,"Small (30-50bp)",0.1,0.000764669507850134,FALSE
"chr11:4730577:4730622:4722638:4732186:SE","SE","ENSMUSG00000009073","Nf2",45,"Small (30-50bp)",0,1,FALSE
"chr11:4749860:4749995:4744917:4753677:SE","SE","ENSMUSG00000009073","Nf2",135,"Regular (>50bp)",-0.013,1,FALSE
"chr11:4749860:4749995:4744917:4758256:SE","SE","ENSMUSG00000009073","Nf2",135,"Regular (>50bp)",-0.003,1,FALSE
"chr11:4753677:4753753:4744917:4758256:SE","SE","ENSMUSG00000009073","Nf2",76,"Regular (>50bp)",-0.025,1,FALSE
"chr11:4753677:4753753:4749995:4758256:SE","SE","ENSMUSG00000009073","Nf2",76,"Regular (>50bp)",0.006,1,FALSE
"chr11:4756253:4756336:4753753:4758256:SE","SE","ENSMUSG00000009073","Nf2",83,"Regular (>50bp)",0.004,1,FALSE
"chr11:4758695:4758834:4758325:4766081:SE","SE","ENSMUSG00000009073","Nf2",139,"Regular (>50bp)",-0.062,3.97767279258836e-08,FALSE
"chr11:4766081:4766165:4758325:4770367:SE","SE","ENSMUSG00000009073","Nf2",84,"Regular (>50bp)",0.011,1,FALSE
"chr11:4766081:4766165:4758325:4798871:SE","SE","ENSMUSG00000009073","Nf2",84,"Regular (>50bp)",0.008,1,FALSE
"chr11:4768504:4768627:4766165:4770367:SE","SE","ENSMUSG00000009073","Nf2",123,"Regular (>50bp)",-0.029,1.15908335078201e-05,FALSE
"chr11:4770367:4770493:4758325:4798871:SE","SE","ENSMUSG00000009073","Nf2",126,"Regular (>50bp)",0.005,1,FALSE
"chr11:4770367:4770493:4766165:4798871:SE","SE","ENSMUSG00000009073","Nf2",126,"Regular (>50bp)",-0.008,1,FALSE
"chr5:8136593:8136623:8132269:8161894:SE","SE","ENSMUSG00000040537","Adam22",30,"Microexon (0-30bp)",0.007,1,FALSE
"chr5:8137981:8138068:8132269:8161894:SE","SE","ENSMUSG00000040537","Adam22",87,"Regular (>50bp)",0.035,0.787794605151122,FALSE
"chr5:8217326:8217409:8210799:8282609:SE","SE","ENSMUSG00000040537","Adam22",83,"Regular (>50bp)",0.038,1,FALSE
"chr4:9517635:9517734:9514678:9529885:SE","SE","ENSMUSG00000028207","Asph",99,"Regular (>50bp)",-0.013,1,FALSE
"chr4:9583811:9583856:9542310:9594662:SE","SE","ENSMUSG00000028207","Asph",45,"Small (30-50bp)",-0.014,1,FALSE
"chr4:9583811:9583856:9576973:9594662:SE","SE","ENSMUSG00000028207","Asph",45,"Small (30-50bp)",-0.003,1,FALSE
"chr4:9598268:9598301:9583856:9601306:SE","SE","ENSMUSG00000028207","Asph",33,"Small (30-50bp)",0.118,0.00100790716349227,TRUE
"chr4:9598268:9598301:9595415:9601306:SE","SE","ENSMUSG00000028207","Asph",33,"Small (30-50bp)",-0.003,1,FALSE
"chr4:9598732:9598780:9598301:9601306:SE","SE","ENSMUSG00000028207","Asph",48,"Small (30-50bp)",-0.124,0.0453075295863651,TRUE
"chr4:9601306:9601363:9598780:9602468:SE","SE","ENSMUSG00000028207","Asph",57,"Regular (>50bp)",0.002,1,FALSE
"chr4:9602468:9602501:9601363:9604515:SE","SE","ENSMUSG00000028207","Asph",33,"Small (30-50bp)",0.001,1,FALSE
"chr4:9604515:9604629:9602501:9607796:SE","SE","ENSMUSG00000028207","Asph",114,"Regular (>50bp)",-0.002,1,FALSE
"chr4:9607796:9607871:9604629:9610842:SE","SE","ENSMUSG00000028207","Asph",75,"Regular (>50bp)",0.025,0.381680756529949,FALSE
"chr4:9610412:9610552:9607871:9610842:SE","SE","ENSMUSG00000028207","Asph",140,"Regular (>50bp)",0.003,1,FALSE
"chr4:9610842:9610938:9604629:9635900:SE","SE","ENSMUSG00000028207","Asph",96,"Regular (>50bp)",0.029,0.696044203301144,FALSE
"chr4:9610842:9610938:9604629:9639197:SE","SE","ENSMUSG00000028207","Asph",96,"Regular (>50bp)",0.11,1,FALSE
"chr4:9635900:9635969:9604629:9639197:SE","SE","ENSMUSG00000028207","Asph",69,"Regular (>50bp)",0.021,1,FALSE
"chr4:9635900:9635969:9610938:9639197:SE","SE","ENSMUSG00000028207","Asph",69,"Regular (>50bp)",0.002,1,FALSE
"chr4:9637658:9637703:9635969:9639197:SE","SE","ENSMUSG00000028207","Asph",45,"Small (30-50bp)",-0.017,1,FALSE
"chr3:127681603:127681634:127664649:127689682:SE","SE","ENSMUSG00000050549","Fam241a",31,"Small (30-50bp)",0.092,0.00324554404970927,FALSE
"chr5:67015225:67015296:66903348:67039241:SE","SE","ENSMUSG00000037736","Limch1",71,"Regular (>50bp)",-0.013,1,FALSE
"chr5:67150485:67150521:67132005:67154462:SE","SE","ENSMUSG00000037736","Limch1",36,"Small (30-50bp)",-0.095,0.0130524433156883,FALSE
"chr5:67182647:67182716:67179340:67183414:SE","SE","ENSMUSG00000037736","Limch1",69,"Regular (>50bp)",0.001,1,FALSE
"chr5:67183414:67183455:67179340:67187044:SE","SE","ENSMUSG00000037736","Limch1",41,"Small (30-50bp)",-0.032,1,FALSE
"chr5:67184830:67184911:67183455:67186100:SE","SE","ENSMUSG00000037736","Limch1",81,"Regular (>50bp)",0.004,1,FALSE
"chr5:67184830:67184911:67183455:67187044:SE","SE","ENSMUSG00000037736","Limch1",81,"Regular (>50bp)",0.025,1,FALSE
"chr5:67186100:67186193:67183455:67187044:SE","SE","ENSMUSG00000037736","Limch1",93,"Regular (>50bp)",0.011,1,FALSE
"chr5:67186100:67186193:67184911:67187044:SE","SE","ENSMUSG00000037736","Limch1",93,"Regular (>50bp)",0.006,1,FALSE
"chr5:67193368:67193446:67191632:67201688:SE","SE","ENSMUSG00000037736","Limch1",78,"Regular (>50bp)",0.01,0.420144051208377,FALSE
"chr3:148524269:148524322:148523564:148526608:SE","SE","ENSMUSG00000028184","Adgrl2",53,"Regular (>50bp)",-0.002,1,FALSE
"chr3:148524269:148524322:148523564:148528590:SE","SE","ENSMUSG00000028184","Adgrl2",53,"Regular (>50bp)",-0.004,1,FALSE
"chr3:148524283:148524322:148523564:148528623:SE","SE","ENSMUSG00000028184","Adgrl2",39,"Small (30-50bp)",0.117,1,FALSE
"chr3:148526086:148526104:148523564:148526608:SE","SE","ENSMUSG00000028184","Adgrl2",18,"Microexon (0-30bp)",0.022,1,FALSE
"chr3:148526086:148526104:148523564:148526915:SE","SE","ENSMUSG00000028184","Adgrl2",18,"Microexon (0-30bp)",0.014,1,FALSE
"chr3:148526086:148526104:148523564:148528590:SE","SE","ENSMUSG00000028184","Adgrl2",18,"Microexon (0-30bp)",0.011,1,FALSE
"chr3:148526608:148526661:148523564:148526915:SE","SE","ENSMUSG00000028184","Adgrl2",53,"Regular (>50bp)",0.096,0.404045868621353,FALSE
"chr3:148526608:148526661:148523564:148528590:SE","SE","ENSMUSG00000028184","Adgrl2",53,"Regular (>50bp)",0.057,0.0356148605621504,FALSE
"chr3:148526608:148526661:148523564:148528623:SE","SE","ENSMUSG00000028184","Adgrl2",53,"Regular (>50bp)",0.213,0.272596812300087,FALSE
"chr3:148526608:148526661:148524322:148528590:SE","SE","ENSMUSG00000028184","Adgrl2",53,"Regular (>50bp)",0.135,1,FALSE
"chr3:148526608:148526690:148523564:148526915:SE","SE","ENSMUSG00000028184","Adgrl2",82,"Regular (>50bp)",0.062,1,FALSE
"chr3:148526608:148526690:148523564:148528590:SE","SE","ENSMUSG00000028184","Adgrl2",82,"Regular (>50bp)",-0.002,1,FALSE
"chr3:148526608:148526690:148523564:148528623:SE","SE","ENSMUSG00000028184","Adgrl2",82,"Regular (>50bp)",0.198,0.243003075209931,FALSE
"chr3:148526608:148526690:148526104:148528590:SE","SE","ENSMUSG00000028184","Adgrl2",82,"Regular (>50bp)",-0.093,0.21098182247677,FALSE
"chr3:148526915:148527044:148523564:148528590:SE","SE","ENSMUSG00000028184","Adgrl2",129,"Regular (>50bp)",0.018,1,FALSE
"chr3:148526915:148527044:148523564:148528623:SE","SE","ENSMUSG00000028184","Adgrl2",129,"Regular (>50bp)",0.134,0.718973054972083,FALSE
"chr3:148526915:148527044:148526104:148528590:SE","SE","ENSMUSG00000028184","Adgrl2",129,"Regular (>50bp)",-0.103,0.117662571369033,FALSE
"chr3:148526915:148527044:148526661:148528590:SE","SE","ENSMUSG00000028184","Adgrl2",129,"Regular (>50bp)",0.017,1,FALSE
"chr3:148526915:148527044:148526661:148528623:SE","SE","ENSMUSG00000028184","Adgrl2",129,"Regular (>50bp)",0.047,1,FALSE
"chr3:148526915:148527044:148526690:148528590:SE","SE","ENSMUSG00000028184","Adgrl2",129,"Regular (>50bp)",0.112,0.00585728829704227,TRUE
"chr3:148528590:148528687:148523564:148529331:SE","SE","ENSMUSG00000028184","Adgrl2",97,"Regular (>50bp)",-0.005,1,FALSE
"chr3:148528623:148528687:148523564:148529331:SE","SE","ENSMUSG00000028184","Adgrl2",64,"Regular (>50bp)",-0.012,1,FALSE
"chr3:148529331:148529460:148528687:148532000:SE","SE","ENSMUSG00000028184","Adgrl2",129,"Regular (>50bp)",-0.001,1,FALSE
"chr3:148532847:148532874:148532169:148533176:SE","SE","ENSMUSG00000028184","Adgrl2",27,"Microexon (0-30bp)",0.07,0.0222433828768461,FALSE
"chr3:148533176:148533221:148532169:148534112:SE","SE","ENSMUSG00000028184","Adgrl2",45,"Small (30-50bp)",0.053,1.37223721842769e-05,FALSE
"chr3:148540939:148541160:148539564:148541987:SE","SE","ENSMUSG00000028184","Adgrl2",221,"Regular (>50bp)",0.002,1,FALSE
"chr3:148555401:148555440:148552668:148556471:SE","SE","ENSMUSG00000028184","Adgrl2",39,"Small (30-50bp)",-0.09,5.96970888346205e-07,FALSE
"chr3:148566062:148566074:148565169:148571235:SE","SE","ENSMUSG00000028184","Adgrl2",12,"Microexon (0-30bp)",-0.116,0.00343523606591965,TRUE
"chr3:148566062:148566074:148565169:148596047:SE","SE","ENSMUSG00000028184","Adgrl2",12,"Microexon (0-30bp)",-0.017,1,FALSE
"chr3:148571231:148571345:148565169:148596047:SE","SE","ENSMUSG00000028184","Adgrl2",114,"Regular (>50bp)",-0.001,1,FALSE
"chr3:148571235:148571345:148565169:148596047:SE","SE","ENSMUSG00000028184","Adgrl2",110,"Regular (>50bp)",-0.001,1,FALSE
"chr3:148571235:148571345:148566074:148596047:SE","SE","ENSMUSG00000028184","Adgrl2",110,"Regular (>50bp)",-0.002,1,FALSE
"chr3:148596047:148596261:148571345:148660198:SE","SE","ENSMUSG00000028184","Adgrl2",214,"Regular (>50bp)",0.001,1,FALSE
"chr4:135182183:135182215:135179883:135191096:SE","SE","ENSMUSG00000028803","Nipal3",32,"Small (30-50bp)",0.153,2.03845803510113e-05,TRUE
"chr13:59608282:59608443:59598128:59609810:SE","SE","ENSMUSG00000021557","Agtpbp1",161,"Regular (>50bp)",0.024,0.412712097356793,FALSE
"chr13:59608282:59608443:59598128:59613798:SE","SE","ENSMUSG00000021557","Agtpbp1",161,"Regular (>50bp)",0.02,1,FALSE
"chr13:59608282:59608443:59602494:59609810:SE","SE","ENSMUSG00000021557","Agtpbp1",161,"Regular (>50bp)",0,1,FALSE
"chr13:59609810:59609987:59598128:59613798:SE","SE","ENSMUSG00000021557","Agtpbp1",177,"Regular (>50bp)",0.02,1,FALSE
"chr13:59609810:59609987:59608443:59613798:SE","SE","ENSMUSG00000021557","Agtpbp1",177,"Regular (>50bp)",-0.001,1,FALSE
"chr13:59622345:59622526:59621631:59623473:SE","SE","ENSMUSG00000021557","Agtpbp1",181,"Regular (>50bp)",-0.003,1,FALSE
"chr13:59630330:59630418:59624952:59643146:SE","SE","ENSMUSG00000021557","Agtpbp1",88,"Regular (>50bp)",0.021,1,FALSE
"chr13:59665466:59665504:59662109:59672959:SE","SE","ENSMUSG00000021557","Agtpbp1",38,"Small (30-50bp)",0.124,4.38670691185662e-07,TRUE
"chr13:59678870:59679017:59676332:59679826:SE","SE","ENSMUSG00000021557","Agtpbp1",147,"Regular (>50bp)",0.007,1,FALSE
"chr13:59681758:59681908:59681053:59684062:SE","SE","ENSMUSG00000021557","Agtpbp1",150,"Regular (>50bp)",0,1,FALSE
"chr13:59684062:59684187:59681053:59692200:SE","SE","ENSMUSG00000021557","Agtpbp1",125,"Regular (>50bp)",-0.009,1,FALSE
"chr13:59692200:59692265:59684187:59704911:SE","SE","ENSMUSG00000021557","Agtpbp1",65,"Regular (>50bp)",0.007,1,FALSE
"chr13:59703493:59703624:59692265:59704586:SE","SE","ENSMUSG00000021557","Agtpbp1",131,"Regular (>50bp)",0.11,0.0553464067783491,FALSE
"chr13:59703493:59703624:59692265:59705036:SE","SE","ENSMUSG00000021557","Agtpbp1",131,"Regular (>50bp)",0.031,0.0260497467542589,FALSE
"chr11:61412484:61412700:61410533:61423343:SE","SE","ENSMUSG00000001036","Epn2",216,"Regular (>50bp)",-0.002,1,FALSE
"chr11:61413231:61413318:61412700:61413854:SE","SE","ENSMUSG00000001036","Epn2",87,"Regular (>50bp)",0.011,1,FALSE
"chr11:61413854:61414019:61412700:61423343:SE","SE","ENSMUSG00000001036","Epn2",165,"Regular (>50bp)",-0.009,1,FALSE
"chr11:61423343:61423518:61414019:61424396:SE","SE","ENSMUSG00000001036","Epn2",175,"Regular (>50bp)",-0.001,1,FALSE
"chr11:61424396:61424507:61423518:61426096:SE","SE","ENSMUSG00000001036","Epn2",111,"Regular (>50bp)",-0.005,1,FALSE
"chr11:61424414:61424507:61423518:61426096:SE","SE","ENSMUSG00000001036","Epn2",93,"Regular (>50bp)",-0.018,1,FALSE
"chr11:61425403:61425439:61424507:61426096:SE","SE","ENSMUSG00000001036","Epn2",36,"Small (30-50bp)",0.077,0.0550720388381234,FALSE
"chr11:61434983:61435154:61426209:61436975:SE","SE","ENSMUSG00000001036","Epn2",171,"Regular (>50bp)",0.055,0.000135144862827584,FALSE
"chr11:61434983:61435154:61426209:61444335:SE","SE","ENSMUSG00000001036","Epn2",171,"Regular (>50bp)",-0.079,0.0320241947737187,FALSE
"chr11:61436975:61437737:61414019:61470392:SE","SE","ENSMUSG00000001036","Epn2",762,"Regular (>50bp)",-0.002,1,FALSE
"chr11:61436975:61437737:61426209:61456647:SE","SE","ENSMUSG00000001036","Epn2",762,"Regular (>50bp)",-0.002,1,FALSE
"chr11:61436975:61437737:61426209:61470392:SE","SE","ENSMUSG00000001036","Epn2",762,"Regular (>50bp)",-0.043,0.000178913144993683,FALSE
"chr11:61438695:61438809:61437737:61470392:SE","SE","ENSMUSG00000001036","Epn2",114,"Regular (>50bp)",0.002,1,FALSE
"chr11:61438833:61438868:61437737:61444335:SE","SE","ENSMUSG00000001036","Epn2",35,"Small (30-50bp)",-0.047,1,FALSE
"chr11:61438833:61438868:61437737:61456647:SE","SE","ENSMUSG00000001036","Epn2",35,"Small (30-50bp)",0.134,0.345099709884282,FALSE
"chr11:61438833:61438868:61437737:61470392:SE","SE","ENSMUSG00000001036","Epn2",35,"Small (30-50bp)",0.038,0.00106168715780344,FALSE
"chr11:61444335:61444405:61426209:61456647:SE","SE","ENSMUSG00000001036","Epn2",70,"Regular (>50bp)",0.096,1,FALSE
"chr11:61444335:61444405:61426209:61470392:SE","SE","ENSMUSG00000001036","Epn2",70,"Regular (>50bp)",-0.077,1,FALSE
"chr11:61444335:61444405:61437737:61446294:SE","SE","ENSMUSG00000001036","Epn2",70,"Regular (>50bp)",0.02,1,FALSE
"chr11:61444335:61444405:61437737:61456647:SE","SE","ENSMUSG00000001036","Epn2",70,"Regular (>50bp)",0.099,0.839033165191695,FALSE
"chr11:61444335:61444405:61437737:61470392:SE","SE","ENSMUSG00000001036","Epn2",70,"Regular (>50bp)",0.057,0.00120898734101011,FALSE
"chr11:61444335:61444405:61438868:61456647:SE","SE","ENSMUSG00000001036","Epn2",70,"Regular (>50bp)",-0.11,0.00419423930225094,TRUE
"chr11:61444335:61444405:61438868:61470392:SE","SE","ENSMUSG00000001036","Epn2",70,"Regular (>50bp)",0.002,1,FALSE
"chr11:61446294:61446429:61437737:61456647:SE","SE","ENSMUSG00000001036","Epn2",135,"Regular (>50bp)",0.04,1,FALSE
"chr11:61446294:61446429:61437737:61470392:SE","SE","ENSMUSG00000001036","Epn2",135,"Regular (>50bp)",-0.007,1,FALSE
"chr11:61446294:61446429:61444405:61456647:SE","SE","ENSMUSG00000001036","Epn2",135,"Regular (>50bp)",-0.007,1,FALSE
"chr11:61446294:61446429:61444405:61470392:SE","SE","ENSMUSG00000001036","Epn2",135,"Regular (>50bp)",-0.111,1,FALSE
"chr11:61456647:61456720:61426209:61470392:SE","SE","ENSMUSG00000001036","Epn2",73,"Regular (>50bp)",-0.102,0.792057333922585,FALSE
"chr11:61456647:61456720:61437737:61470392:SE","SE","ENSMUSG00000001036","Epn2",73,"Regular (>50bp)",0.058,0.00662653487200896,FALSE
"chr11:61456647:61456720:61438868:61470392:SE","SE","ENSMUSG00000001036","Epn2",73,"Regular (>50bp)",-0.023,1,FALSE
"chr11:61456647:61456720:61444405:61470392:SE","SE","ENSMUSG00000001036","Epn2",73,"Regular (>50bp)",-0.029,1,FALSE
"chr11:61456647:61456720:61446429:61470392:SE","SE","ENSMUSG00000001036","Epn2",73,"Regular (>50bp)",0.147,0.125324185262607,FALSE
"chr11:61467948:61468149:61446429:61470392:SE","SE","ENSMUSG00000001036","Epn2",201,"Regular (>50bp)",0.041,1,FALSE
"chr11:116184100:116184139:116183410:116184797:SE","SE","ENSMUSG00000020792","Exoc7",39,"Small (30-50bp)",0.024,1,FALSE
"chr11:116185567:116185666:116185295:116185999:SE","SE","ENSMUSG00000020792","Exoc7",99,"Regular (>50bp)",0,1,FALSE
"chr11:116187555:116187624:116186515:116188396:SE","SE","ENSMUSG00000020792","Exoc7",69,"Regular (>50bp)",0.085,9.92814298947947e-05,FALSE
"chr11:116187555:116187624:116186515:116191091:SE","SE","ENSMUSG00000020792","Exoc7",69,"Regular (>50bp)",0.183,0,TRUE
"chr11:116187555:116187706:116186515:116188396:SE","SE","ENSMUSG00000020792","Exoc7",151,"Regular (>50bp)",-0.002,1,FALSE
"chr11:116188396:116188489:116186515:116191091:SE","SE","ENSMUSG00000020792","Exoc7",93,"Regular (>50bp)",0.286,0,TRUE
"chr11:116191091:116191259:116186515:116191929:SE","SE","ENSMUSG00000020792","Exoc7",168,"Regular (>50bp)",0.001,1,FALSE
"chr11:116191929:116192152:116191259:116195402:SE","SE","ENSMUSG00000020792","Exoc7",223,"Regular (>50bp)",0,1,FALSE
"chr11:116197213:116197279:116195874:116197439:SE","SE","ENSMUSG00000020792","Exoc7",66,"Regular (>50bp)",-0.008,0.446027367375605,FALSE
"chr3:126720451:126720543:126717620:126722313:SE","SE","ENSMUSG00000032826","Ank2",92,"Regular (>50bp)",-0.003,1,FALSE
"chr3:126722313:126722496:126717620:126723370:SE","SE","ENSMUSG00000032826","Ank2",183,"Regular (>50bp)",0.01,1,FALSE
"chr3:126724209:126724302:126723730:126726586:SE","SE","ENSMUSG00000032826","Ank2",93,"Regular (>50bp)",-0.081,0.00941621572626209,FALSE
"chr3:126735258:126741456:126733795:126744383:SE","SE","ENSMUSG00000032826","Ank2",6198,"Regular (>50bp)",0.012,1,FALSE
"chr3:126748632:126748758:126746948:126749518:SE","SE","ENSMUSG00000032826","Ank2",126,"Regular (>50bp)",-0.006,1,FALSE
"chr3:126757031:126757130:126756054:126758586:SE","SE","ENSMUSG00000032826","Ank2",99,"Regular (>50bp)",0.024,1,FALSE
"chr3:126764651:126764687:126758811:126769699:SE","SE","ENSMUSG00000032826","Ank2",36,"Small (30-50bp)",0.005,1,FALSE
"chr3:126772904:126772916:126770581:126775448:SE","SE","ENSMUSG00000032826","Ank2",12,"Microexon (0-30bp)",-0.038,0.000700039680362132,FALSE
"chr3:126772904:126772916:126770596:126775448:SE","SE","ENSMUSG00000032826","Ank2",12,"Microexon (0-30bp)",-0.141,0.104918297515448,FALSE
"chr3:126796326:126796425:126792624:126797593:SE","SE","ENSMUSG00000032826","Ank2",99,"Regular (>50bp)",0.003,1,FALSE
"chr3:126806321:126806420:126804700:126806887:SE","SE","ENSMUSG00000032826","Ank2",99,"Regular (>50bp)",0.015,0.903544426801392,FALSE
"chr3:126823123:126823222:126822966:126825764:SE","SE","ENSMUSG00000032826","Ank2",99,"Regular (>50bp)",0.001,1,FALSE
"chr3:126845874:126845898:126841929:126846336:SE","SE","ENSMUSG00000032826","Ank2",24,"Microexon (0-30bp)",-0.042,5.18662777882472e-05,FALSE
"chr3:126873546:126873645:126871249:126898409:SE","SE","ENSMUSG00000032826","Ank2",99,"Regular (>50bp)",0.002,1,FALSE
"chr3:127041782:127041881:126898511:127132780:SE","SE","ENSMUSG00000032826","Ank2",99,"Regular (>50bp)",0.027,1,FALSE
"chr3:127041782:127041881:126898511:127202493:SE","SE","ENSMUSG00000032826","Ank2",99,"Regular (>50bp)",0.017,1,FALSE
"chr3:127041782:127041881:126898511:127292316:SE","SE","ENSMUSG00000032826","Ank2",99,"Regular (>50bp)",0.058,0.672996491559888,FALSE
"chr3:127132780:127132841:126898511:127202493:SE","SE","ENSMUSG00000032826","Ank2",61,"Regular (>50bp)",-0.041,1,FALSE
"chr3:127132780:127132841:127041881:127202493:SE","SE","ENSMUSG00000032826","Ank2",61,"Regular (>50bp)",-0.064,0.308335959945837,FALSE
"chr2:165629083:165629167:165627658:165633824:SE","SE","ENSMUSG00000039671","Zmynd8",84,"Regular (>50bp)",-0.011,0.0700758835870729,FALSE
"chr2:165633824:165633891:165627658:165634723:SE","SE","ENSMUSG00000039671","Zmynd8",67,"Regular (>50bp)",-0.002,1,FALSE
"chr2:165657236:165657389:165654778:165662461:SE","SE","ENSMUSG00000039671","Zmynd8",153,"Regular (>50bp)",-0.002,1,FALSE
"chr2:165662461:165662608:165657389:165670127:SE","SE","ENSMUSG00000039671","Zmynd8",147,"Regular (>50bp)",0.004,1,FALSE
"chr2:165670127:165670609:165662608:165675228:SE","SE","ENSMUSG00000039671","Zmynd8",482,"Regular (>50bp)",-0.002,1,FALSE
"chr2:165681917:165682010:165680819:165684683:SE","SE","ENSMUSG00000039671","Zmynd8",93,"Regular (>50bp)",0.001,1,FALSE
"chr2:165684683:165684797:165682010:165687940:SE","SE","ENSMUSG00000039671","Zmynd8",114,"Regular (>50bp)",0.002,1,FALSE
"chr2:165687663:165687841:165684797:165687940:SE","SE","ENSMUSG00000039671","Zmynd8",178,"Regular (>50bp)",0.006,0.919689557306292,FALSE
"chr2:165687940:165688084:165684797:165693919:SE","SE","ENSMUSG00000039671","Zmynd8",144,"Regular (>50bp)",-0.006,1,FALSE
"chr2:165687940:165688084:165684797:165717624:SE","SE","ENSMUSG00000039671","Zmynd8",144,"Regular (>50bp)",0.002,1,FALSE
"chr2:165687940:165688159:165684797:165693919:SE","SE","ENSMUSG00000039671","Zmynd8",219,"Regular (>50bp)",-0.005,1,FALSE
"chr2:165693919:165694068:165684797:165717624:SE","SE","ENSMUSG00000039671","Zmynd8",149,"Regular (>50bp)",0.003,1,FALSE
"chr2:165693919:165694068:165688084:165717624:SE","SE","ENSMUSG00000039671","Zmynd8",149,"Regular (>50bp)",-0.015,1,FALSE
"chr2:165694787:165694799:165694068:165699974:SE","SE","ENSMUSG00000039671","Zmynd8",12,"Microexon (0-30bp)",0.004,1,FALSE
"chr2:165694787:165694799:165694068:165717624:SE","SE","ENSMUSG00000039671","Zmynd8",12,"Microexon (0-30bp)",0.134,1.42618348871355e-05,TRUE
"chr2:165717624:165717695:165694068:165726527:SE","SE","ENSMUSG00000039671","Zmynd8",71,"Regular (>50bp)",-0.002,1,FALSE
"chr2:165725247:165725318:165717695:165726098:SE","SE","ENSMUSG00000039671","Zmynd8",71,"Regular (>50bp)",0.02,1,FALSE
"chr2:165725247:165725318:165717695:165726527:SE","SE","ENSMUSG00000039671","Zmynd8",71,"Regular (>50bp)",0.002,1,FALSE
"chr2:165726098:165726159:165717695:165726527:SE","SE","ENSMUSG00000039671","Zmynd8",61,"Regular (>50bp)",0.031,0.0643466879944024,FALSE
"chr2:165726098:165726159:165725318:165726527:SE","SE","ENSMUSG00000039671","Zmynd8",61,"Regular (>50bp)",0.082,1,FALSE
"chr9:113590657:113590736:113570943:113595635:SE","SE","ENSMUSG00000033392","Clasp2",79,"Regular (>50bp)",-0.005,1,FALSE
"chr9:113595635:113595739:113590736:113599264:SE","SE","ENSMUSG00000033392","Clasp2",104,"Regular (>50bp)",-0.012,1,FALSE
"chr9:113600850:113600926:113599356:113602747:SE","SE","ENSMUSG00000033392","Clasp2",76,"Regular (>50bp)",0,1,FALSE
"chr9:113602747:113602845:113600926:113615631:SE","SE","ENSMUSG00000033392","Clasp2",98,"Regular (>50bp)",-0.009,1,FALSE
"chr9:113602747:113602845:113600926:113642209:SE","SE","ENSMUSG00000033392","Clasp2",98,"Regular (>50bp)",-0.018,1,FALSE
"chr9:113615631:113615702:113600926:113642209:SE","SE","ENSMUSG00000033392","Clasp2",71,"Regular (>50bp)",-0.022,1,FALSE
"chr9:113615631:113615702:113602845:113642209:SE","SE","ENSMUSG00000033392","Clasp2",71,"Regular (>50bp)",0.006,1,FALSE
"chr9:113664242:113664322:113642356:113670626:SE","SE","ENSMUSG00000033392","Clasp2",80,"Regular (>50bp)",0.002,1,FALSE
"chr9:113670226:113670243:113664322:113670626:SE","SE","ENSMUSG00000033392","Clasp2",17,"Microexon (0-30bp)",-0.035,0.000130682588467579,FALSE
"chr9:113677548:113677619:113676906:113679190:SE","SE","ENSMUSG00000033392","Clasp2",71,"Regular (>50bp)",0.001,1,FALSE
"chr9:113687648:113687672:113683414:113691253:SE","SE","ENSMUSG00000033392","Clasp2",24,"Microexon (0-30bp)",0.09,0.196552367539305,FALSE
"chr9:113689187:113689205:113687672:113691253:SE","SE","ENSMUSG00000033392","Clasp2",18,"Microexon (0-30bp)",-0.1,0.0857609642682593,FALSE
"chr9:113691503:113691530:113691355:113697615:SE","SE","ENSMUSG00000033392","Clasp2",27,"Microexon (0-30bp)",0.011,1,FALSE
"chr9:113704332:113704395:113699798:113705311:SE","SE","ENSMUSG00000033392","Clasp2",63,"Regular (>50bp)",-0.031,0.000879705699673087,FALSE
"chr9:113707817:113707841:113705418:113709009:SE","SE","ENSMUSG00000033392","Clasp2",24,"Microexon (0-30bp)",-0.131,5.85942704572475e-07,TRUE
"chr9:113709009:113709254:113705418:113710755:SE","SE","ENSMUSG00000033392","Clasp2",245,"Regular (>50bp)",-0.012,1,FALSE
"chr9:113716112:113716115:113710819:113719025:SE","SE","ENSMUSG00000033392","Clasp2",3,"Microexon (0-30bp)",-0.058,4.3445004708822e-10,FALSE
"chr9:113725709:113725853:113721543:113728523:SE","SE","ENSMUSG00000033392","Clasp2",144,"Regular (>50bp)",-0.002,1,FALSE
"chr9:113728523:113728667:113725853:113730558:SE","SE","ENSMUSG00000033392","Clasp2",144,"Regular (>50bp)",-0.004,1,FALSE
"chr2:32199904:32200039:32199076:32202138:SE","SE","ENSMUSG00000026825","Dnm1",135,"Regular (>50bp)",0.02,1,FALSE
"chr2:32199904:32200039:32199649:32202138:SE","SE","ENSMUSG00000026825","Dnm1",135,"Regular (>50bp)",0.002,1,FALSE
"chr2:32199904:32200039:32199646:32202138:SE","SE","ENSMUSG00000026825","Dnm1",135,"Regular (>50bp)",0.003,1,FALSE
"chr2:32200462:32200499:32199076:32202138:SE","SE","ENSMUSG00000026825","Dnm1",37,"Small (30-50bp)",0.048,1,FALSE
"chr2:32200462:32200499:32199649:32202138:SE","SE","ENSMUSG00000026825","Dnm1",37,"Small (30-50bp)",0.045,0.551006578467953,FALSE
"chr2:32200462:32200499:32199646:32202138:SE","SE","ENSMUSG00000026825","Dnm1",37,"Small (30-50bp)",0.054,0.280137388150649,FALSE
"chr2:32200462:32200499:32200039:32202138:SE","SE","ENSMUSG00000026825","Dnm1",37,"Small (30-50bp)",-0.042,1,FALSE
"chr2:32204901:32205072:32202937:32205347:SE","SE","ENSMUSG00000026825","Dnm1",171,"Regular (>50bp)",-0.001,1,FALSE
"chr2:32213190:32213202:32210629:32213433:SE","SE","ENSMUSG00000026825","Dnm1",12,"Microexon (0-30bp)",-0.03,9.09684050571548e-09,FALSE
"chr2:32228012:32228111:32227906:32229932:SE","SE","ENSMUSG00000026825","Dnm1",99,"Regular (>50bp)",-0.004,1,FALSE
"chr2:32228012:32228111:32227906:32230427:SE","SE","ENSMUSG00000026825","Dnm1",99,"Regular (>50bp)",-0.005,1,FALSE
"chr2:32229932:32230136:32227906:32230427:SE","SE","ENSMUSG00000026825","Dnm1",204,"Regular (>50bp)",-0.003,1,FALSE
"chr2:32229932:32230136:32228111:32230427:SE","SE","ENSMUSG00000026825","Dnm1",204,"Regular (>50bp)",0.003,1,FALSE
"chr2:32234019:32234102:32230918:32243060:SE","SE","ENSMUSG00000026825","Dnm1",83,"Regular (>50bp)",0.002,1,FALSE
"chr4:139115678:139115776:139108173:139118150:SE","SE","ENSMUSG00000066036","Ubr4",98,"Regular (>50bp)",0.001,1,FALSE
"chr4:139124604:139124795:139124523:139126872:SE","SE","ENSMUSG00000066036","Ubr4",191,"Regular (>50bp)",-0.004,1,FALSE
"chr4:139143863:139143965:139142520:139144166:SE","SE","ENSMUSG00000066036","Ubr4",102,"Regular (>50bp)",-0.003,1,FALSE
"chr4:139144166:139144267:139143965:139144501:SE","SE","ENSMUSG00000066036","Ubr4",101,"Regular (>50bp)",0,1,FALSE
"chr4:139152070:139152229:139151320:139152523:SE","SE","ENSMUSG00000066036","Ubr4",159,"Regular (>50bp)",-0.001,1,FALSE
"chr4:139155345:139155517:139154246:139155800:SE","SE","ENSMUSG00000066036","Ubr4",172,"Regular (>50bp)",-0.007,1,FALSE
"chr4:139159792:139159825:139159072:139160930:SE","SE","ENSMUSG00000066036","Ubr4",33,"Small (30-50bp)",0.108,0.000722902349978473,TRUE
"chr4:139163259:139163343:139162495:139163432:SE","SE","ENSMUSG00000066036","Ubr4",84,"Regular (>50bp)",-0.186,3.12276035875552e-11,TRUE
"chr4:139167955:139168133:139167852:139169996:SE","SE","ENSMUSG00000066036","Ubr4",178,"Regular (>50bp)",-0.002,1,FALSE
"chr4:139168502:139168607:139168133:139169996:SE","SE","ENSMUSG00000066036","Ubr4",105,"Regular (>50bp)",-0.024,1,FALSE
"chr4:139179038:139179284:139178635:139179881:SE","SE","ENSMUSG00000066036","Ubr4",246,"Regular (>50bp)",-0.002,1,FALSE
"chr4:139182477:139182565:139181368:139182758:SE","SE","ENSMUSG00000066036","Ubr4",88,"Regular (>50bp)",-0.001,1,FALSE
"chr4:139191295:139191405:139190966:139191852:SE","SE","ENSMUSG00000066036","Ubr4",110,"Regular (>50bp)",-0.001,1,FALSE
"chr4:139194523:139194645:139192778:139195316:SE","SE","ENSMUSG00000066036","Ubr4",122,"Regular (>50bp)",-0.002,1,FALSE
"chr4:139199042:139199162:139198723:139199782:SE","SE","ENSMUSG00000066036","Ubr4",120,"Regular (>50bp)",0,1,FALSE
"chr4:139203441:139203660:139200947:139204438:SE","SE","ENSMUSG00000066036","Ubr4",219,"Regular (>50bp)",0,1,FALSE
"chr4:139204438:139204552:139203660:139206228:SE","SE","ENSMUSG00000066036","Ubr4",114,"Regular (>50bp)",-0.001,1,FALSE
"chr4:139213295:139213458:139212686:139216477:SE","SE","ENSMUSG00000066036","Ubr4",163,"Regular (>50bp)",0,1,FALSE
"chr2:22958891:22959077:22958298:22959462:SE","SE","ENSMUSG00000026781","Acbd5",186,"Regular (>50bp)",0.014,0.214080821293916,FALSE
"chr2:22965501:22965622:22959631:22968155:SE","SE","ENSMUSG00000026781","Acbd5",121,"Regular (>50bp)",0,1,FALSE
"chr2:22965557:22965622:22959631:22968155:SE","SE","ENSMUSG00000026781","Acbd5",65,"Regular (>50bp)",0.006,1,FALSE
"chr2:22968155:22968228:22965622:22970350:SE","SE","ENSMUSG00000026781","Acbd5",73,"Regular (>50bp)",-0.001,1,FALSE
"chr2:22970679:22970712:22970465:22977496:SE","SE","ENSMUSG00000026781","Acbd5",33,"Small (30-50bp)",0.066,0.111295489059683,FALSE
"chr2:22984300:22984529:22977631:22989573:SE","SE","ENSMUSG00000026781","Acbd5",229,"Regular (>50bp)",0.005,1,FALSE
"chr2:22984300:22984529:22980594:22989573:SE","SE","ENSMUSG00000026781","Acbd5",229,"Regular (>50bp)",-0.004,1,FALSE
"chr2:22984300:22984529:22980594:22989576:SE","SE","ENSMUSG00000026781","Acbd5",229,"Regular (>50bp)",0.001,1,FALSE
"chr2:22989573:22989776:22980594:23000256:SE","SE","ENSMUSG00000026781","Acbd5",203,"Regular (>50bp)",-0.005,1,FALSE
"chr2:22989576:22989776:22980594:23000256:SE","SE","ENSMUSG00000026781","Acbd5",200,"Regular (>50bp)",-0.005,1,FALSE
"chr2:20858768:20858789:20857880:20859745:SE","SE","ENSMUSG00000036591","Arhgap21",21,"Microexon (0-30bp)",0.003,1,FALSE
"chr2:20858768:20859043:20857880:20859745:SE","SE","ENSMUSG00000036591","Arhgap21",275,"Regular (>50bp)",0.014,0.00481183242128247,FALSE
"chr2:20859745:20859851:20857880:20860164:SE","SE","ENSMUSG00000036591","Arhgap21",106,"Regular (>50bp)",-0.001,1,FALSE
"chr2:20860164:20860206:20859851:20860391:SE","SE","ENSMUSG00000036591","Arhgap21",42,"Small (30-50bp)",0.003,1,FALSE
"chr2:20864691:20864847:20864607:20865114:SE","SE","ENSMUSG00000036591","Arhgap21",156,"Regular (>50bp)",-0.001,1,FALSE
"chr2:20872612:20872649:20870201:20876202:SE","SE","ENSMUSG00000036591","Arhgap21",37,"Small (30-50bp)",0.004,1,FALSE
"chr2:20884771:20886662:20876579:20891916:SE","SE","ENSMUSG00000036591","Arhgap21",1891,"Regular (>50bp)",-0.008,1,FALSE
"chr2:20888010:20888040:20886662:20891916:SE","SE","ENSMUSG00000036591","Arhgap21",30,"Microexon (0-30bp)",0.037,1,FALSE
"chr2:20891916:20891971:20886662:20894685:SE","SE","ENSMUSG00000036591","Arhgap21",55,"Regular (>50bp)",-0.008,1,FALSE
"chr16:31561923:31562088:31503112:31600599:SE","SE","ENSMUSG00000022770","Dlg1",165,"Regular (>50bp)",0.006,1,FALSE
"chr16:31590574:31590673:31562088:31600599:SE","SE","ENSMUSG00000022770","Dlg1",99,"Regular (>50bp)",0.016,1,FALSE
"chr16:31600599:31600653:31562088:31606899:SE","SE","ENSMUSG00000022770","Dlg1",54,"Regular (>50bp)",-0.002,1,FALSE
"chr16:31606899:31606950:31600653:31608994:SE","SE","ENSMUSG00000022770","Dlg1",51,"Regular (>50bp)",0.001,1,FALSE
"chr16:31612321:31612458:31610702:31615683:SE","SE","ENSMUSG00000022770","Dlg1",137,"Regular (>50bp)",-0.001,1,FALSE
"chr16:31648283:31648386:31631642:31655007:SE","SE","ENSMUSG00000022770","Dlg1",103,"Regular (>50bp)",-0.002,1,FALSE
"chr16:31665651:31665751:31661657:31672660:SE","SE","ENSMUSG00000022770","Dlg1",100,"Regular (>50bp)",-0.058,1,FALSE
"chr16:31665651:31665751:31661657:31675258:SE","SE","ENSMUSG00000022770","Dlg1",100,"Regular (>50bp)",-0.055,1,FALSE
"chr16:31665654:31665751:31661657:31666453:SE","SE","ENSMUSG00000022770","Dlg1",97,"Regular (>50bp)",0.002,1,FALSE
"chr16:31665654:31665751:31661657:31675258:SE","SE","ENSMUSG00000022770","Dlg1",97,"Regular (>50bp)",-0.097,1,FALSE
"chr16:31666453:31666487:31661657:31672660:SE","SE","ENSMUSG00000022770","Dlg1",34,"Small (30-50bp)",-0.001,1,FALSE
"chr16:31666453:31666487:31661657:31675258:SE","SE","ENSMUSG00000022770","Dlg1",34,"Small (30-50bp)",-0.01,1,FALSE
"chr16:31666453:31666487:31665751:31672660:SE","SE","ENSMUSG00000022770","Dlg1",34,"Small (30-50bp)",-0.085,5.89714017369547e-07,FALSE
"chr16:31672660:31672702:31661657:31675258:SE","SE","ENSMUSG00000022770","Dlg1",42,"Small (30-50bp)",-0.004,1,FALSE
"chr16:31672660:31672702:31665751:31675258:SE","SE","ENSMUSG00000022770","Dlg1",42,"Small (30-50bp)",-0.002,1,FALSE
"chr16:31672660:31672702:31666487:31675258:SE","SE","ENSMUSG00000022770","Dlg1",42,"Small (30-50bp)",-0.004,1,FALSE
"chr16:31672660:31672702:31666487:31676364:SE","SE","ENSMUSG00000022770","Dlg1",42,"Small (30-50bp)",0.002,1,FALSE
"chr16:31673470:31673506:31672702:31675258:SE","SE","ENSMUSG00000022770","Dlg1",36,"Small (30-50bp)",-0.051,0.109702300117419,FALSE
"chr16:31673485:31673506:31672702:31675258:SE","SE","ENSMUSG00000022770","Dlg1",21,"Microexon (0-30bp)",-0.011,1,FALSE
"chr16:31675258:31675309:31666487:31676364:SE","SE","ENSMUSG00000022770","Dlg1",51,"Regular (>50bp)",0.003,1,FALSE
"chr16:31675258:31675309:31672702:31676364:SE","SE","ENSMUSG00000022770","Dlg1",51,"Regular (>50bp)",0.002,1,FALSE
"chr16:31676364:31676466:31675309:31676709:SE","SE","ENSMUSG00000022770","Dlg1",102,"Regular (>50bp)",0.001,1,FALSE
"chr16:31676709:31676882:31675309:31681990:SE","SE","ENSMUSG00000022770","Dlg1",173,"Regular (>50bp)",-0.006,1,FALSE
"chr16:31686648:31686740:31682100:31690492:SE","SE","ENSMUSG00000022770","Dlg1",92,"Regular (>50bp)",-0.001,1,FALSE
"chr4:155069822:155069849:155069422:155070671:SE","SE","ENSMUSG00000029055","Plch2",27,"Microexon (0-30bp)",0.154,0.0981917118527819,FALSE
"chr1:179826926:179827018:179788852:179852209:SE","SE","ENSMUSG00000026490","Cdc42bpa",92,"Regular (>50bp)",-0.008,1,FALSE
"chr1:179826926:179827018:179788852:179859069:SE","SE","ENSMUSG00000026490","Cdc42bpa",92,"Regular (>50bp)",0.001,1,FALSE
"chr1:179852209:179852367:179788852:179859069:SE","SE","ENSMUSG00000026490","Cdc42bpa",158,"Regular (>50bp)",0.02,1,FALSE
"chr1:179852209:179852367:179827018:179859069:SE","SE","ENSMUSG00000026490","Cdc42bpa",158,"Regular (>50bp)",-0.034,0.0391138162699741,FALSE
"chr1:179859069:179859153:179827018:179864393:SE","SE","ENSMUSG00000026490","Cdc42bpa",84,"Regular (>50bp)",0.002,1,FALSE
"chr1:179899909:179900076:179896941:179902134:SE","SE","ENSMUSG00000026490","Cdc42bpa",167,"Regular (>50bp)",-0.002,1,FALSE
"chr1:179921508:179921751:179912070:179921945:SE","SE","ENSMUSG00000026490","Cdc42bpa",243,"Regular (>50bp)",-0.227,0,TRUE
"chr1:179921945:179922056:179912070:179928589:SE","SE","ENSMUSG00000026490","Cdc42bpa",111,"Regular (>50bp)",-0.001,1,FALSE
"chr1:179928589:179928837:179922056:179936718:SE","SE","ENSMUSG00000026490","Cdc42bpa",248,"Regular (>50bp)",0.001,1,FALSE
"chr1:179933611:179933717:179928837:179936718:SE","SE","ENSMUSG00000026490","Cdc42bpa",106,"Regular (>50bp)",0,1,FALSE
"chr1:179938828:179938934:179936843:179939309:SE","SE","ENSMUSG00000026490","Cdc42bpa",106,"Regular (>50bp)",-0.001,1,FALSE
"chr1:179941587:179941679:179939458:179945231:SE","SE","ENSMUSG00000026490","Cdc42bpa",92,"Regular (>50bp)",0,1,FALSE
"chr1:179946300:179946348:179945308:179951488:SE","SE","ENSMUSG00000026490","Cdc42bpa",48,"Small (30-50bp)",0.045,1,FALSE
"chr1:179946300:179946348:179945308:179961861:SE","SE","ENSMUSG00000026490","Cdc42bpa",48,"Small (30-50bp)",0.003,1,FALSE
"chr1:179951488:179951527:179945308:179961861:SE","SE","ENSMUSG00000026490","Cdc42bpa",39,"Small (30-50bp)",-0.099,0.000343529721451074,FALSE
"chr1:179951488:179951527:179946348:179961861:SE","SE","ENSMUSG00000026490","Cdc42bpa",39,"Small (30-50bp)",-0.033,1,FALSE
"chr1:179958360:179958465:179945308:179961861:SE","SE","ENSMUSG00000026490","Cdc42bpa",105,"Regular (>50bp)",0.003,1,FALSE
"chr1:179961861:179961945:179945308:179964216:SE","SE","ENSMUSG00000026490","Cdc42bpa",84,"Regular (>50bp)",-0.001,1,FALSE
"chr1:179978724:179978842:179977823:179987170:SE","SE","ENSMUSG00000026490","Cdc42bpa",118,"Regular (>50bp)",-0.015,0.00936104007976407,FALSE
"chr1:179983359:179983545:179978842:179987170:SE","SE","ENSMUSG00000026490","Cdc42bpa",186,"Regular (>50bp)",0.007,1,FALSE
"chr1:179987170:179987288:179978842:179989104:SE","SE","ENSMUSG00000026490","Cdc42bpa",118,"Regular (>50bp)",-0.002,1,FALSE
"chr5:148986536:148986711:148985723:148987104:SE","SE","ENSMUSG00000066551","Hmgb1",175,"Regular (>50bp)",-0.001,1,FALSE
"chr9:86374033:86374223:86371801:86376448:SE","SE","ENSMUSG00000034973","Dop1a",190,"Regular (>50bp)",-0.004,1,FALSE
"chr9:86382848:86382948:86376547:86383953:SE","SE","ENSMUSG00000034973","Dop1a",100,"Regular (>50bp)",-0.011,1,FALSE
"chr9:86388923:86388953:86388572:86389556:SE","SE","ENSMUSG00000034973","Dop1a",30,"Microexon (0-30bp)",-0.043,1,FALSE
"chr9:86400206:86400466:86399117:86401925:SE","SE","ENSMUSG00000034973","Dop1a",260,"Regular (>50bp)",0.002,1,FALSE
"chr9:86433698:86433828:86432220:86436068:SE","SE","ENSMUSG00000034973","Dop1a",130,"Regular (>50bp)",-0.01,1,FALSE
"chr4:156251367:156251471:156251110:156251738:SE","SE","ENSMUSG00000041936","Agrn",104,"Regular (>50bp)",0,1,FALSE
"chr4:156252233:156252266:156251963:156253002:SE","SE","ENSMUSG00000041936","Agrn",33,"Small (30-50bp)",0.037,0.22067576921248,FALSE
"chr4:156252233:156252266:156251963:156253189:SE","SE","ENSMUSG00000041936","Agrn",33,"Small (30-50bp)",0.009,0.0587797324482021,FALSE
"chr4:156252233:156253026:156251963:156253189:SE","SE","ENSMUSG00000041936","Agrn",793,"Regular (>50bp)",0.003,1,FALSE
"chr4:156253002:156253026:156251963:156253189:SE","SE","ENSMUSG00000041936","Agrn",24,"Microexon (0-30bp)",0.029,5.42898844939e-07,FALSE
"chr4:156253002:156253026:156252266:156253189:SE","SE","ENSMUSG00000041936","Agrn",24,"Microexon (0-30bp)",0.042,1,FALSE
"chr4:156253189:156253277:156251963:156253359:SE","SE","ENSMUSG00000041936","Agrn",88,"Regular (>50bp)",0,1,FALSE
"chr4:156253189:156253277:156252266:156253359:SE","SE","ENSMUSG00000041936","Agrn",88,"Regular (>50bp)",-0.001,1,FALSE
"chr4:156254002:156254014:156253277:156254226:SE","SE","ENSMUSG00000041936","Agrn",12,"Microexon (0-30bp)",-0.011,1,FALSE
"chr4:156254002:156254014:156253793:156254226:SE","SE","ENSMUSG00000041936","Agrn",12,"Microexon (0-30bp)",-0.097,1.98614129469539e-08,FALSE
"chr4:156254226:156254338:156253277:156254522:SE","SE","ENSMUSG00000041936","Agrn",112,"Regular (>50bp)",-0.009,1,FALSE
"chr4:156254771:156254868:156254687:156255035:SE","SE","ENSMUSG00000041936","Agrn",97,"Regular (>50bp)",-0.001,1,FALSE
"chr4:156255858:156256074:156255487:156256244:SE","SE","ENSMUSG00000041936","Agrn",216,"Regular (>50bp)",0,1,FALSE
"chr4:156257459:156257587:156257339:156257999:SE","SE","ENSMUSG00000041936","Agrn",128,"Regular (>50bp)",-0.007,1,FALSE
"chr4:156257752:156257839:156257587:156257999:SE","SE","ENSMUSG00000041936","Agrn",87,"Regular (>50bp)",0.004,1,FALSE
"chr4:156257999:156258137:156257587:156258241:SE","SE","ENSMUSG00000041936","Agrn",138,"Regular (>50bp)",-0.002,1,FALSE
"chr4:156259556:156259673:156259477:156260675:SE","SE","ENSMUSG00000041936","Agrn",117,"Regular (>50bp)",-0.001,1,FALSE
"chr4:156261679:156261898:156261607:156262885:SE","SE","ENSMUSG00000041936","Agrn",219,"Regular (>50bp)",0,1,FALSE
"chr4:156263554:156263779:156263464:156263849:SE","SE","ENSMUSG00000041936","Agrn",225,"Regular (>50bp)",0,1,FALSE
"chr4:156263849:156264065:156263779:156269544:SE","SE","ENSMUSG00000041936","Agrn",216,"Regular (>50bp)",-0.001,1,FALSE
"chr4:156269544:156269592:156264065:156279700:SE","SE","ENSMUSG00000041936","Agrn",48,"Small (30-50bp)",0.001,1,FALSE
"chr4:156279700:156279962:156269592:156281670:SE","SE","ENSMUSG00000041936","Agrn",262,"Regular (>50bp)",0,1,FALSE
"chr19:60188401:60188508:60187919:60201104:SE","SE","ENSMUSG00000057858","Fam204a",107,"Regular (>50bp)",0.001,1,FALSE
"chr19:60201104:60201194:60188508:60214663:SE","SE","ENSMUSG00000057858","Fam204a",90,"Regular (>50bp)",0.002,1,FALSE
"chr19:60208471:60208571:60201194:60214663:SE","SE","ENSMUSG00000057858","Fam204a",100,"Regular (>50bp)",-0.033,0.00368950822254222,FALSE
"chr19:60208471:60208571:60201194:60214741:SE","SE","ENSMUSG00000057858","Fam204a",100,"Regular (>50bp)",-0.023,0.623456496411639,FALSE
"chr19:60208471:60208571:60201194:60215075:SE","SE","ENSMUSG00000057858","Fam204a",100,"Regular (>50bp)",0.005,1,FALSE
"chr19:60208761:60208792:60208571:60209485:SE","SE","ENSMUSG00000057858","Fam204a",31,"Small (30-50bp)",0.015,1,FALSE
"chr19:60208761:60208792:60208571:60214663:SE","SE","ENSMUSG00000057858","Fam204a",31,"Small (30-50bp)",-0.222,3.13897056497055e-14,TRUE
"chr19:60208761:60208792:60208571:60214741:SE","SE","ENSMUSG00000057858","Fam204a",31,"Small (30-50bp)",-0.075,0.379824607066961,FALSE
"chr19:60208761:60208792:60208571:60215075:SE","SE","ENSMUSG00000057858","Fam204a",31,"Small (30-50bp)",-0.037,0.510521370520627,FALSE
"chr19:60208921:60209009:60208792:60209485:SE","SE","ENSMUSG00000057858","Fam204a",88,"Regular (>50bp)",0.008,1,FALSE
"chr19:60208921:60209009:60208792:60214663:SE","SE","ENSMUSG00000057858","Fam204a",88,"Regular (>50bp)",-0.07,0.0125549935628076,FALSE
"chr19:60208921:60209009:60208792:60214741:SE","SE","ENSMUSG00000057858","Fam204a",88,"Regular (>50bp)",-0.216,2.47614173090926e-06,TRUE
"chr19:60209485:60209736:60208571:60214663:SE","SE","ENSMUSG00000057858","Fam204a",251,"Regular (>50bp)",-0.202,0,TRUE
"chr19:60209485:60209736:60208571:60214741:SE","SE","ENSMUSG00000057858","Fam204a",251,"Regular (>50bp)",-0.105,5.4355347062181e-06,TRUE
"chr19:60209485:60209736:60208571:60215075:SE","SE","ENSMUSG00000057858","Fam204a",251,"Regular (>50bp)",-0.091,0.026332538390002,FALSE
"chr19:60209485:60209736:60208792:60214663:SE","SE","ENSMUSG00000057858","Fam204a",251,"Regular (>50bp)",-0.091,0.00196246829314413,FALSE
"chr19:60209485:60209736:60208792:60214741:SE","SE","ENSMUSG00000057858","Fam204a",251,"Regular (>50bp)",-0.178,2.17768155001628e-08,TRUE
"chr19:60209485:60209736:60208792:60215075:SE","SE","ENSMUSG00000057858","Fam204a",251,"Regular (>50bp)",-0.036,1,FALSE
"chr19:60209485:60209736:60209009:60214663:SE","SE","ENSMUSG00000057858","Fam204a",251,"Regular (>50bp)",-0.026,0.00162286665052272,FALSE
"chr19:60209485:60209736:60209009:60214741:SE","SE","ENSMUSG00000057858","Fam204a",251,"Regular (>50bp)",-0.005,1,FALSE
"chr19:60213296:60213331:60209736:60214663:SE","SE","ENSMUSG00000057858","Fam204a",35,"Small (30-50bp)",0.007,1,FALSE
"chr19:60213296:60213331:60209736:60214741:SE","SE","ENSMUSG00000057858","Fam204a",35,"Small (30-50bp)",0.001,1,FALSE
"chr19:60213296:60213331:60209736:60215075:SE","SE","ENSMUSG00000057858","Fam204a",35,"Small (30-50bp)",0.013,1,FALSE
"chr2:157266747:157266855:157266334:157281120:SE","SE","ENSMUSG00000027646","Src",108,"Regular (>50bp)",0.029,0.849557671444926,FALSE
"chr2:157281120:157281197:157266334:157297510:SE","SE","ENSMUSG00000027646","Src",77,"Regular (>50bp)",-0.016,0.855059253847759,FALSE
"chr2:157281120:157281197:157266855:157297510:SE","SE","ENSMUSG00000027646","Src",77,"Regular (>50bp)",-0.017,1,FALSE
"chr2:157300762:157300780:157300553:157304629:SE","SE","ENSMUSG00000027646","Src",18,"Microexon (0-30bp)",-0.01,1,FALSE
"chr2:157311044:157311198:157310479:157311309:SE","SE","ENSMUSG00000027646","Src",154,"Regular (>50bp)",0.001,1,FALSE
"chr5:92551453:92551486:92549887:92552695:SE","SE","ENSMUSG00000034842","Art3",33,"Small (30-50bp)",-0.016,1,FALSE
"chr5:92551453:92551515:92549887:92552695:SE","SE","ENSMUSG00000034842","Art3",62,"Regular (>50bp)",-0.043,0.607771504329792,FALSE
"chr5:92553801:92553838:92552725:92557128:SE","SE","ENSMUSG00000034842","Art3",37,"Small (30-50bp)",-0.038,1,FALSE
"chr5:92553802:92553838:92552725:92557128:SE","SE","ENSMUSG00000034842","Art3",36,"Small (30-50bp)",-0.068,0.91316704451788,FALSE
"chr5:92560023:92560053:92559054:92562100:SE","SE","ENSMUSG00000034842","Art3",30,"Microexon (0-30bp)",0.023,1,FALSE
"chr5:92560023:92560130:92559054:92562100:SE","SE","ENSMUSG00000034842","Art3",107,"Regular (>50bp)",-0.016,1,FALSE
"chr5:144708417:144708467:144708059:144713912:SE","SE","ENSMUSG00000045482","Trrap",50,"Small (30-50bp)",0,1,FALSE
"chr5:144713912:144714023:144708467:144714690:SE","SE","ENSMUSG00000045482","Trrap",111,"Regular (>50bp)",0,1,FALSE
"chr5:144720797:144720875:144719131:144721067:SE","SE","ENSMUSG00000045482","Trrap",78,"Regular (>50bp)",-0.007,1,FALSE
"chr5:144722278:144722375:144721156:144723441:SE","SE","ENSMUSG00000045482","Trrap",97,"Regular (>50bp)",0.001,1,FALSE
"chr5:144739972:144740170:144739895:144740848:SE","SE","ENSMUSG00000045482","Trrap",198,"Regular (>50bp)",-0.001,1,FALSE
"chr5:144744132:144744201:144743034:144748704:SE","SE","ENSMUSG00000045482","Trrap",69,"Regular (>50bp)",0.002,1,FALSE
"chr5:144746960:144747014:144744201:144747141:SE","SE","ENSMUSG00000045482","Trrap",54,"Regular (>50bp)",-0.007,1,FALSE
"chr5:144746960:144747014:144744201:144748704:SE","SE","ENSMUSG00000045482","Trrap",54,"Regular (>50bp)",0.033,0.211251432356431,FALSE
"chr5:144747141:144747162:144744201:144748704:SE","SE","ENSMUSG00000045482","Trrap",21,"Microexon (0-30bp)",0.023,1,FALSE
"chr5:144747141:144747162:144747014:144748704:SE","SE","ENSMUSG00000045482","Trrap",21,"Microexon (0-30bp)",-0.009,1,FALSE
"chr5:144750243:144750363:144748824:144751218:SE","SE","ENSMUSG00000045482","Trrap",120,"Regular (>50bp)",0,1,FALSE
"chr5:144754744:144754903:144754613:144755001:SE","SE","ENSMUSG00000045482","Trrap",159,"Regular (>50bp)",0.001,1,FALSE
"chr5:144757057:144757204:144756622:144758582:SE","SE","ENSMUSG00000045482","Trrap",147,"Regular (>50bp)",-0.001,1,FALSE
"chr5:144759500:144759626:144758796:144761266:SE","SE","ENSMUSG00000045482","Trrap",126,"Regular (>50bp)",-0.002,1,FALSE
"chr5:144761266:144761413:144759626:144762028:SE","SE","ENSMUSG00000045482","Trrap",147,"Regular (>50bp)",0,1,FALSE
"chr5:144767715:144767862:144765456:144769257:SE","SE","ENSMUSG00000045482","Trrap",147,"Regular (>50bp)",0.003,1,FALSE
"chr5:144776210:144776406:144774133:144777147:SE","SE","ENSMUSG00000045482","Trrap",196,"Regular (>50bp)",-0.001,1,FALSE
"chr5:144776210:144776439:144774133:144777147:SE","SE","ENSMUSG00000045482","Trrap",229,"Regular (>50bp)",-0.001,1,FALSE
"chr5:144790249:144790434:144788147:144794194:SE","SE","ENSMUSG00000045482","Trrap",185,"Regular (>50bp)",0.003,1,FALSE
"chr5:144793696:144793900:144790434:144794194:SE","SE","ENSMUSG00000045482","Trrap",204,"Regular (>50bp)",0.005,1,FALSE
"chr10:76101331:76101455:76100707:76102150:SE","SE","ENSMUSG00000020231","Dip2a",124,"Regular (>50bp)",0.012,1,FALSE
"chr10:76104325:76104400:76102325:76105937:SE","SE","ENSMUSG00000020231","Dip2a",75,"Regular (>50bp)",-0.004,1,FALSE
"chr10:76107209:76107239:76106291:76108366:SE","SE","ENSMUSG00000020231","Dip2a",30,"Microexon (0-30bp)",-0.01,1,FALSE
"chr10:76114321:76114445:76112539:76115539:SE","SE","ENSMUSG00000020231","Dip2a",124,"Regular (>50bp)",0,1,FALSE
"chr10:76126841:76126981:76123283:76128145:SE","SE","ENSMUSG00000020231","Dip2a",140,"Regular (>50bp)",0.004,1,FALSE
"chr10:76133588:76133691:76132251:76134086:SE","SE","ENSMUSG00000020231","Dip2a",103,"Regular (>50bp)",-0.003,1,FALSE
"chr10:76153700:76153928:76149138:76155300:SE","SE","ENSMUSG00000020231","Dip2a",228,"Regular (>50bp)",-0.004,1,FALSE
"chr10:76157323:76157440:76155420:76163535:SE","SE","ENSMUSG00000020231","Dip2a",117,"Regular (>50bp)",0.002,1,FALSE
"chr10:76163535:76163607:76157440:76180940:SE","SE","ENSMUSG00000020231","Dip2a",72,"Regular (>50bp)",0.013,1,FALSE
"chr1:9634047:9634096:9632003:9689774:SE","SE","ENSMUSG00000079671","2610203C22Rik",49,"Small (30-50bp)",0.11,0.000241444484792389,TRUE
"chr1:9689774:9689864:9634096:9701285:SE","SE","ENSMUSG00000079671","2610203C22Rik",90,"Regular (>50bp)",-0.015,1,FALSE
"chr1:9691179:9691307:9689864:9701285:SE","SE","ENSMUSG00000079671","2610203C22Rik",128,"Regular (>50bp)",0.004,1,FALSE
"chr15:83263884:83264007:83263396:83265962:SE","SE","ENSMUSG00000016664","Pacsin2",123,"Regular (>50bp)",-0.017,3.01406183187385e-05,FALSE
"chr15:83267823:83267829:83266084:83269187:SE","SE","ENSMUSG00000016664","Pacsin2",6,"Microexon (0-30bp)",-0.13,4.78678250710644e-06,TRUE
"chr15:83270862:83271038:83269308:83272715:SE","SE","ENSMUSG00000016664","Pacsin2",176,"Regular (>50bp)",0,1,FALSE
"chr15:83286067:83286200:83276858:83316864:SE","SE","ENSMUSG00000016664","Pacsin2",133,"Regular (>50bp)",0,1,FALSE
"chr15:83286067:83286200:83276858:83316952:SE","SE","ENSMUSG00000016664","Pacsin2",133,"Regular (>50bp)",0,1,FALSE
"chr15:83286067:83286200:83276858:83348659:SE","SE","ENSMUSG00000016664","Pacsin2",133,"Regular (>50bp)",-0.001,1,FALSE
"chr15:83337067:83337166:83286200:83348659:SE","SE","ENSMUSG00000016664","Pacsin2",99,"Regular (>50bp)",0.018,0.000181169759699735,FALSE
"chr2:174130283:174130379:174127270:174137788:SE","SE","ENSMUSG00000027523","Gnas",96,"Regular (>50bp)",0.009,1,FALSE
"chr2:174130283:174130379:174127270:174169900:SE","SE","ENSMUSG00000027523","Gnas",96,"Regular (>50bp)",-0.034,1,FALSE
"chr2:174130283:174130379:174127270:174176004:SE","SE","ENSMUSG00000027523","Gnas",96,"Regular (>50bp)",0.049,0.000142668227176478,FALSE
"chr2:174142223:174142318:174142010:174176004:SE","SE","ENSMUSG00000027523","Gnas",95,"Regular (>50bp)",-0.193,1,FALSE
"chr2:174169900:174169924:174169734:174170159:SE","SE","ENSMUSG00000027523","Gnas",24,"Microexon (0-30bp)",-0.006,1,FALSE
"chr2:174169900:174169924:174169734:174176004:SE","SE","ENSMUSG00000027523","Gnas",24,"Microexon (0-30bp)",0.055,0.0968330291727473,FALSE
"chr2:174169900:174169924:174169734:174183445:SE","SE","ENSMUSG00000027523","Gnas",24,"Microexon (0-30bp)",0.025,0.00232971188137893,FALSE
"chr2:174169900:174172227:174127270:174176004:SE","SE","ENSMUSG00000027523","Gnas",2327,"Regular (>50bp)",0.007,1,FALSE
"chr2:174169900:174172227:174130379:174176004:SE","SE","ENSMUSG00000027523","Gnas",2327,"Regular (>50bp)",-0.001,1,FALSE
"chr2:174169900:174172227:174169734:174176004:SE","SE","ENSMUSG00000027523","Gnas",2327,"Regular (>50bp)",-0.029,0.0300658298708591,FALSE
"chr2:174169900:174172227:174169734:174178539:SE","SE","ENSMUSG00000027523","Gnas",2327,"Regular (>50bp)",0.033,0.00258975400195249,FALSE
"chr2:174169900:174172227:174169734:174183445:SE","SE","ENSMUSG00000027523","Gnas",2327,"Regular (>50bp)",0.034,0.000309498359978703,FALSE
"chr2:174169900:174172227:174169734:174183602:SE","SE","ENSMUSG00000027523","Gnas",2327,"Regular (>50bp)",-0.001,1,FALSE
"chr2:174176004:174176077:174130379:174183445:SE","SE","ENSMUSG00000027523","Gnas",73,"Regular (>50bp)",-0.005,1,FALSE
"chr2:174176004:174176077:174169734:174178539:SE","SE","ENSMUSG00000027523","Gnas",73,"Regular (>50bp)",0.001,1,FALSE
"chr2:174176004:174176077:174169734:174183445:SE","SE","ENSMUSG00000027523","Gnas",73,"Regular (>50bp)",0.028,0.0020686880166262,FALSE
"chr2:174176004:174176077:174169734:174183602:SE","SE","ENSMUSG00000027523","Gnas",73,"Regular (>50bp)",-0.001,1,FALSE
"chr2:174176004:174176077:174169924:174183445:SE","SE","ENSMUSG00000027523","Gnas",73,"Regular (>50bp)",0.002,1,FALSE
"chr2:174176004:174176077:174172227:174178539:SE","SE","ENSMUSG00000027523","Gnas",73,"Regular (>50bp)",0,1,FALSE
"chr2:174176004:174176077:174172227:174183445:SE","SE","ENSMUSG00000027523","Gnas",73,"Regular (>50bp)",0,1,FALSE
"chr2:174176004:174176077:174172227:174183602:SE","SE","ENSMUSG00000027523","Gnas",73,"Regular (>50bp)",0,1,FALSE
"chr2:174176004:174176077:174172227:174186867:SE","SE","ENSMUSG00000027523","Gnas",73,"Regular (>50bp)",0,1,FALSE
"chr2:174178539:174178584:174169734:174183445:SE","SE","ENSMUSG00000027523","Gnas",45,"Small (30-50bp)",0.001,1,FALSE
"chr2:174178539:174178584:174172227:174183445:SE","SE","ENSMUSG00000027523","Gnas",45,"Small (30-50bp)",0,1,FALSE
"chr2:174178539:174178584:174176077:174183445:SE","SE","ENSMUSG00000027523","Gnas",45,"Small (30-50bp)",-0.007,0.00392622774572071,FALSE
"chr2:174178539:174178584:174176077:174186867:SE","SE","ENSMUSG00000027523","Gnas",45,"Small (30-50bp)",0,1,FALSE
"chr2:174183442:174183500:174176077:174183602:SE","SE","ENSMUSG00000027523","Gnas",58,"Regular (>50bp)",0,1,FALSE
"chr2:174183445:174183500:174169734:174183602:SE","SE","ENSMUSG00000027523","Gnas",55,"Regular (>50bp)",0,1,FALSE
"chr2:174183445:174183500:174172227:174183602:SE","SE","ENSMUSG00000027523","Gnas",55,"Regular (>50bp)",0,1,FALSE
"chr2:174183445:174183500:174176077:174183602:SE","SE","ENSMUSG00000027523","Gnas",55,"Regular (>50bp)",0,1,FALSE
"chr2:174183602:174183722:174183500:174184992:SE","SE","ENSMUSG00000027523","Gnas",120,"Regular (>50bp)",0,1,FALSE
"chr2:174184992:174185090:174183722:174186867:SE","SE","ENSMUSG00000027523","Gnas",98,"Regular (>50bp)",0,1,FALSE
"chr2:174187441:174187572:174187355:174187782:SE","SE","ENSMUSG00000027523","Gnas",131,"Regular (>50bp)",0,1,FALSE
"chr2:174187782:174187850:174187572:174188034:SE","SE","ENSMUSG00000027523","Gnas",68,"Regular (>50bp)",0,1,FALSE
"chr17:14038382:14038540:14030832:14042527:SE","SE","ENSMUSG00000068036","Afdn",158,"Regular (>50bp)",-0.001,1,FALSE
"chr17:14046204:14046249:14043720:14049190:SE","SE","ENSMUSG00000068036","Afdn",45,"Small (30-50bp)",0.052,0.00116121605815722,FALSE
"chr17:14049190:14049285:14043720:14050131:SE","SE","ENSMUSG00000068036","Afdn",95,"Regular (>50bp)",0,1,FALSE
"chr17:14050131:14050394:14049285:14052629:SE","SE","ENSMUSG00000068036","Afdn",263,"Regular (>50bp)",0.001,1,FALSE
"chr17:14055499:14055618:14052699:14066533:SE","SE","ENSMUSG00000068036","Afdn",119,"Regular (>50bp)",-0.001,1,FALSE
"chr17:14068616:14068637:14066901:14069369:SE","SE","ENSMUSG00000068036","Afdn",21,"Microexon (0-30bp)",-0.095,0.0191253160226382,FALSE
"chr17:14104002:14104197:14102763:14104830:SE","SE","ENSMUSG00000068036","Afdn",195,"Regular (>50bp)",0,1,FALSE
"chr17:14111224:14111260:14109239:14116349:SE","SE","ENSMUSG00000068036","Afdn",36,"Small (30-50bp)",0.085,7.6396434631456e-08,FALSE
"chr1:136201487:136201603:136199387:136202538:SE","SE","ENSMUSG00000041570","Camsap2",116,"Regular (>50bp)",0.001,1,FALSE
"chr1:136225021:136225054:136221159:136225479:SE","SE","ENSMUSG00000041570","Camsap2",33,"Small (30-50bp)",0.169,0.00188173296420614,TRUE
"chr1:136225479:136225563:136221159:136232032:SE","SE","ENSMUSG00000041570","Camsap2",84,"Regular (>50bp)",0.014,0.53840103600356,FALSE
"chr1:136252474:136252734:136232194:136273036:SE","SE","ENSMUSG00000041570","Camsap2",260,"Regular (>50bp)",-0.005,1,FALSE
"chr15:76062718:76066099:76062585:76067109:SE","SE","ENSMUSG00000022565","Plec",3381,"Regular (>50bp)",0.039,0.259140799936036,FALSE
"chr15:76070810:76070963:76070714:76071836:SE","SE","ENSMUSG00000022565","Plec",153,"Regular (>50bp)",-0.001,1,FALSE
"chr15:76078165:76078201:76077687:76078540:SE","SE","ENSMUSG00000022565","Plec",36,"Small (30-50bp)",0.008,0.974108191033047,FALSE
"chr15:76078758:76078773:76078630:76078950:SE","SE","ENSMUSG00000022565","Plec",15,"Microexon (0-30bp)",-0.145,2.63934084002508e-08,TRUE
"chr19:3509746:3509764:3509480:3514544:SE","SE","ENSMUSG00000024908","Ppp6r3",18,"Microexon (0-30bp)",0.017,1,FALSE
"chr19:3528277:3528364:3523815:3534830:SE","SE","ENSMUSG00000024908","Ppp6r3",87,"Regular (>50bp)",-0.006,1,FALSE
"chr19:3528277:3528364:3523866:3534830:SE","SE","ENSMUSG00000024908","Ppp6r3",87,"Regular (>50bp)",0.028,0.561435913779531,FALSE
"chr19:3557241:3557355:3546651:3561928:SE","SE","ENSMUSG00000024908","Ppp6r3",114,"Regular (>50bp)",-0.004,1,FALSE
"chr19:3557241:3557355:3546651:3564653:SE","SE","ENSMUSG00000024908","Ppp6r3",114,"Regular (>50bp)",0.004,1,FALSE
"chr19:3561928:3562041:3546651:3564653:SE","SE","ENSMUSG00000024908","Ppp6r3",113,"Regular (>50bp)",0.003,1,FALSE
"chr19:3561928:3562041:3557355:3564653:SE","SE","ENSMUSG00000024908","Ppp6r3",113,"Regular (>50bp)",-0.004,1,FALSE
"chr19:3568244:3568382:3564719:3571733:SE","SE","ENSMUSG00000024908","Ppp6r3",138,"Regular (>50bp)",-0.009,1,FALSE
"chr19:3568244:3568382:3564719:3576701:SE","SE","ENSMUSG00000024908","Ppp6r3",138,"Regular (>50bp)",-0.008,1,FALSE
"chr19:3571733:3571920:3564719:3576701:SE","SE","ENSMUSG00000024908","Ppp6r3",187,"Regular (>50bp)",-0.003,1,FALSE
"chr19:3571733:3571920:3568382:3576701:SE","SE","ENSMUSG00000024908","Ppp6r3",187,"Regular (>50bp)",-0.006,1,FALSE
"chr19:3571733:3571920:3568382:3594107:SE","SE","ENSMUSG00000024908","Ppp6r3",187,"Regular (>50bp)",-0.005,1,FALSE
"chr19:3576701:3576929:3557355:3594107:SE","SE","ENSMUSG00000024908","Ppp6r3",228,"Regular (>50bp)",-0.077,1,FALSE
"chr19:3576701:3576929:3568382:3594107:SE","SE","ENSMUSG00000024908","Ppp6r3",228,"Regular (>50bp)",-0.048,1,FALSE
"chr19:3576701:3576929:3571920:3594107:SE","SE","ENSMUSG00000024908","Ppp6r3",228,"Regular (>50bp)",-0.009,1,FALSE
"chr19:3576701:3576934:3557355:3594107:SE","SE","ENSMUSG00000024908","Ppp6r3",233,"Regular (>50bp)",-0.005,1,FALSE
"chr19:3576701:3576934:3568382:3594107:SE","SE","ENSMUSG00000024908","Ppp6r3",233,"Regular (>50bp)",-0.004,1,FALSE
"chr19:3576701:3576934:3571920:3594107:SE","SE","ENSMUSG00000024908","Ppp6r3",233,"Regular (>50bp)",-0.005,1,FALSE
"chr19:3577570:3577675:3576934:3594107:SE","SE","ENSMUSG00000024908","Ppp6r3",105,"Regular (>50bp)",0.003,1,FALSE
"chr19:3577570:3577675:3576934:3625640:SE","SE","ENSMUSG00000024908","Ppp6r3",105,"Regular (>50bp)",-0.004,1,FALSE
"chr19:3594107:3594255:3576929:3625640:SE","SE","ENSMUSG00000024908","Ppp6r3",148,"Regular (>50bp)",0.019,0.029359528748647,FALSE
"chr19:3594107:3594255:3576934:3625640:SE","SE","ENSMUSG00000024908","Ppp6r3",148,"Regular (>50bp)",0.036,0.468993876771838,FALSE
"chr19:3594107:3594255:3577675:3625640:SE","SE","ENSMUSG00000024908","Ppp6r3",148,"Regular (>50bp)",0.003,1,FALSE
"chr14:121781987:121781995:121781037:121783377:SE","SE","ENSMUSG00000025558","Dock9",8,"Microexon (0-30bp)",-0.057,0.000692911291838832,FALSE
"chr14:121797336:121797372:121796545:121798001:SE","SE","ENSMUSG00000025558","Dock9",36,"Small (30-50bp)",0.128,0.0236630531751169,TRUE
"chr14:121797806:121797812:121796545:121798001:SE","SE","ENSMUSG00000025558","Dock9",6,"Microexon (0-30bp)",-0.008,1,FALSE
"chr14:121797806:121797812:121797372:121798001:SE","SE","ENSMUSG00000025558","Dock9",6,"Microexon (0-30bp)",-0.064,0.0609220095679151,FALSE
"chr14:121814758:121814836:121813431:121815566:SE","SE","ENSMUSG00000025558","Dock9",78,"Regular (>50bp)",-0.029,1,FALSE
"chr14:121828722:121828766:121823754:121829223:SE","SE","ENSMUSG00000025558","Dock9",44,"Small (30-50bp)",0.042,0.00857167454122373,FALSE
"chr14:121836118:121836271:121835165:121837099:SE","SE","ENSMUSG00000025558","Dock9",153,"Regular (>50bp)",-0.018,1,FALSE
"chr14:121847434:121847581:121847257:121856874:SE","SE","ENSMUSG00000025558","Dock9",147,"Regular (>50bp)",-0.014,1,FALSE
"chr14:121905821:121905911:121900005:121918758:SE","SE","ENSMUSG00000025558","Dock9",90,"Regular (>50bp)",-0.005,1,FALSE
"chr17:72002691:72002738:71998631:72004827:SE","SE","ENSMUSG00000045761","Togaram2",47,"Small (30-50bp)",0.188,1.42790946565984e-06,TRUE
"chr17:72011682:72011836:72008039:72014073:SE","SE","ENSMUSG00000045761","Togaram2",154,"Regular (>50bp)",0.087,1,FALSE
"chr17:72012773:72012879:72011836:72014073:SE","SE","ENSMUSG00000045761","Togaram2",106,"Regular (>50bp)",0.028,1,FALSE
"chr12:102957608:102957729:102915834:103008373:SE","SE","ENSMUSG00000021198","Unc79",121,"Regular (>50bp)",0.017,1,FALSE
"chr12:102977458:102977551:102915834:102987265:SE","SE","ENSMUSG00000021198","Unc79",93,"Regular (>50bp)",-0.013,1,FALSE
"chr12:102977458:102977551:102968235:103008373:SE","SE","ENSMUSG00000021198","Unc79",93,"Regular (>50bp)",-0.027,1,FALSE
"chr12:103008373:103008438:102915834:103013214:SE","SE","ENSMUSG00000021198","Unc79",65,"Regular (>50bp)",-0.03,1,FALSE
"chr12:103008373:103008438:102988135:103013214:SE","SE","ENSMUSG00000021198","Unc79",65,"Regular (>50bp)",0.013,1,FALSE
"chr12:103016153:103016182:103013957:103025577:SE","SE","ENSMUSG00000021198","Unc79",29,"Microexon (0-30bp)",0.211,0.0177010912773212,TRUE
"chr12:103025577:103025807:103016182:103027603:SE","SE","ENSMUSG00000021198","Unc79",230,"Regular (>50bp)",-0.004,1,FALSE
"chr12:103041020:103041242:103039059:103045099:SE","SE","ENSMUSG00000021198","Unc79",222,"Regular (>50bp)",-0.03,0.101487995652012,FALSE
"chr12:103062809:103062875:103061396:103070867:SE","SE","ENSMUSG00000021198","Unc79",66,"Regular (>50bp)",0.058,0.883818429599185,FALSE
"chr12:103077482:103077632:103075037:103078280:SE","SE","ENSMUSG00000021198","Unc79",150,"Regular (>50bp)",0.002,1,FALSE
"chr12:103088594:103088702:103079501:103094487:SE","SE","ENSMUSG00000021198","Unc79",108,"Regular (>50bp)",-0.002,1,FALSE
"chr12:103091867:103091984:103088702:103094487:SE","SE","ENSMUSG00000021198","Unc79",117,"Regular (>50bp)",-0.026,1,FALSE
"chr12:103094487:103094571:103088702:103097814:SE","SE","ENSMUSG00000021198","Unc79",84,"Regular (>50bp)",-0.015,1,FALSE
"chr12:103112560:103112629:103109019:103115229:SE","SE","ENSMUSG00000021198","Unc79",69,"Regular (>50bp)",-0.001,1,FALSE
"chr12:103128071:103128149:103122819:103131888:SE","SE","ENSMUSG00000021198","Unc79",78,"Regular (>50bp)",-0.002,1,FALSE
"chr3:9000051:9000100:8996234:9001498:SE","SE","ENSMUSG00000027506","Tpd52",49,"Small (30-50bp)",0,1,FALSE
"chr3:9000051:9000100:8996234:9009670:SE","SE","ENSMUSG00000027506","Tpd52",49,"Small (30-50bp)",-0.002,1,FALSE
"chr3:9001498:9001540:8996234:9009670:SE","SE","ENSMUSG00000027506","Tpd52",42,"Small (30-50bp)",-0.004,1,FALSE
"chr3:9001498:9001540:9000100:9008610:SE","SE","ENSMUSG00000027506","Tpd52",42,"Small (30-50bp)",-0.001,1,FALSE
"chr3:9001498:9001540:9000100:9009670:SE","SE","ENSMUSG00000027506","Tpd52",42,"Small (30-50bp)",-0.065,0,FALSE
"chr3:9008610:9008637:9000100:9009670:SE","SE","ENSMUSG00000027506","Tpd52",27,"Microexon (0-30bp)",-0.007,1,FALSE
"chr3:9008610:9008637:9001540:9009670:SE","SE","ENSMUSG00000027506","Tpd52",27,"Microexon (0-30bp)",0.115,0,TRUE
"chr3:9009670:9009772:9001540:9012540:SE","SE","ENSMUSG00000027506","Tpd52",102,"Regular (>50bp)",0,1,FALSE
"chr3:9018743:9018859:9012689:9069464:SE","SE","ENSMUSG00000027506","Tpd52",116,"Regular (>50bp)",-0.002,1,FALSE
"chr3:9023250:9023394:9018859:9069464:SE","SE","ENSMUSG00000027506","Tpd52",144,"Regular (>50bp)",0,1,FALSE
"chr3:9068339:9068494:9018859:9069464:SE","SE","ENSMUSG00000027506","Tpd52",155,"Regular (>50bp)",0.001,1,FALSE
"chr3:9068347:9068494:9018859:9069464:SE","SE","ENSMUSG00000027506","Tpd52",147,"Regular (>50bp)",0.003,1,FALSE
"chr7:143950374:143950383:143950168:143959066:SE","SE","ENSMUSG00000037541","Shank2",9,"Microexon (0-30bp)",-0.018,1,FALSE
"chr7:143951977:143951998:143950168:143959066:SE","SE","ENSMUSG00000037541","Shank2",21,"Microexon (0-30bp)",0.037,1,FALSE
"chr7:143951977:143951998:143950383:143959066:SE","SE","ENSMUSG00000037541","Shank2",21,"Microexon (0-30bp)",-0.085,0.948164439179778,FALSE
"chr7:143961792:143961813:143960969:143963198:SE","SE","ENSMUSG00000037541","Shank2",21,"Microexon (0-30bp)",0.023,1,FALSE
"chr7:143963198:143965605:143960969:143974295:SE","SE","ENSMUSG00000037541","Shank2",2407,"Regular (>50bp)",0.018,1,FALSE
"chr1:36467182:36467297:36464038:36467380:SE","SE","ENSMUSG00000001143","Lman2l",115,"Regular (>50bp)",0,1,FALSE
"chr1:36467182:36467297:36464038:36477830:SE","SE","ENSMUSG00000001143","Lman2l",115,"Regular (>50bp)",0.004,1,FALSE
"chr1:36467380:36467542:36464038:36477830:SE","SE","ENSMUSG00000001143","Lman2l",162,"Regular (>50bp)",0.002,1,FALSE
"chr1:36467380:36467542:36464038:36478689:SE","SE","ENSMUSG00000001143","Lman2l",162,"Regular (>50bp)",0.014,1,FALSE
"chr1:36467380:36467542:36467297:36477830:SE","SE","ENSMUSG00000001143","Lman2l",162,"Regular (>50bp)",0.001,1,FALSE
"chr1:36468503:36468536:36467542:36477830:SE","SE","ENSMUSG00000001143","Lman2l",33,"Small (30-50bp)",0.081,0.000491263698587284,FALSE
"chr1:36468503:36468536:36467542:36478689:SE","SE","ENSMUSG00000001143","Lman2l",33,"Small (30-50bp)",0.157,0.0317585911897278,TRUE
"chr1:36477830:36477913:36464038:36478689:SE","SE","ENSMUSG00000001143","Lman2l",83,"Regular (>50bp)",0.001,1,FALSE
"chr1:36477830:36477913:36467542:36478689:SE","SE","ENSMUSG00000001143","Lman2l",83,"Regular (>50bp)",0.019,0.0100645815431519,FALSE
"chr1:36477830:36477913:36468536:36478689:SE","SE","ENSMUSG00000001143","Lman2l",83,"Regular (>50bp)",0,1,FALSE
"chr1:36478689:36478807:36467542:36482571:SE","SE","ENSMUSG00000001143","Lman2l",118,"Regular (>50bp)",-0.002,1,FALSE
"chr1:36478689:36478807:36467542:36484130:SE","SE","ENSMUSG00000001143","Lman2l",118,"Regular (>50bp)",0.026,1,FALSE
"chr1:36482571:36482690:36467542:36484130:SE","SE","ENSMUSG00000001143","Lman2l",119,"Regular (>50bp)",0.001,1,FALSE
"chr1:36482571:36482690:36478807:36484130:SE","SE","ENSMUSG00000001143","Lman2l",119,"Regular (>50bp)",-0.002,1,FALSE
"chr1:36483117:36483223:36482690:36484130:SE","SE","ENSMUSG00000001143","Lman2l",106,"Regular (>50bp)",0,1,FALSE
"chr1:127801816:127801892:127796717:127816892:SE","SE","ENSMUSG00000036104","Rab3gap1",76,"Regular (>50bp)",-0.002,1,FALSE
"chr1:127829315:127829435:127818833:127831408:SE","SE","ENSMUSG00000036104","Rab3gap1",120,"Regular (>50bp)",0.006,1,FALSE
"chr1:127831408:127831574:127818833:127837587:SE","SE","ENSMUSG00000036104","Rab3gap1",166,"Regular (>50bp)",-0.008,1,FALSE
"chr1:127845957:127846026:127843457:127847304:SE","SE","ENSMUSG00000036104","Rab3gap1",69,"Regular (>50bp)",-0.003,1,FALSE
"chr1:127852464:127852557:127847378:127853011:SE","SE","ENSMUSG00000036104","Rab3gap1",93,"Regular (>50bp)",-0.007,1,FALSE
"chr1:127869330:127869351:127866885:127870110:SE","SE","ENSMUSG00000036104","Rab3gap1",21,"Microexon (0-30bp)",0.035,1,FALSE
"chr16:90737360:90737381:90735922:90741242:SE","SE","ENSMUSG00000022973","Synj1",21,"Microexon (0-30bp)",-0.013,1,FALSE
"chr16:90737360:90737384:90735922:90741242:SE","SE","ENSMUSG00000022973","Synj1",24,"Microexon (0-30bp)",-0.003,1,FALSE
"chr16:90743902:90743941:90743750:90744953:SE","SE","ENSMUSG00000022973","Synj1",39,"Small (30-50bp)",-0.051,1,FALSE
"chr16:90743902:90743941:90743750:90746586:SE","SE","ENSMUSG00000022973","Synj1",39,"Small (30-50bp)",0.112,0.893735735857951,FALSE
"chr16:90743902:90743941:90743750:90747238:SE","SE","ENSMUSG00000022973","Synj1",39,"Small (30-50bp)",0.083,0.0161948539331105,FALSE
"chr16:90744953:90745001:90743750:90746586:SE","SE","ENSMUSG00000022973","Synj1",48,"Small (30-50bp)",0.422,0.000220853498945123,TRUE
"chr16:90744953:90745001:90743750:90747238:SE","SE","ENSMUSG00000022973","Synj1",48,"Small (30-50bp)",0.006,1,FALSE
"chr16:90744953:90745001:90743941:90746586:SE","SE","ENSMUSG00000022973","Synj1",48,"Small (30-50bp)",-0.1,1,FALSE
"chr16:90744953:90745001:90743941:90747238:SE","SE","ENSMUSG00000022973","Synj1",48,"Small (30-50bp)",0.141,0.00293456769525269,TRUE
"chr16:90746586:90746625:90743750:90747238:SE","SE","ENSMUSG00000022973","Synj1",39,"Small (30-50bp)",0.022,0.510521370520627,FALSE
"chr16:90746586:90746625:90743941:90747238:SE","SE","ENSMUSG00000022973","Synj1",39,"Small (30-50bp)",0.182,0.0658926313269879,FALSE
"chr16:90746586:90746625:90745001:90747238:SE","SE","ENSMUSG00000022973","Synj1",39,"Small (30-50bp)",-0.014,1,FALSE
"chr16:90768451:90768475:90766262:90770797:SE","SE","ENSMUSG00000022973","Synj1",24,"Microexon (0-30bp)",-0.1,2.93604005525419e-05,FALSE
"chr7:66872723:66872786:66872377:66873356:SE","SE","ENSMUSG00000043831","Lysmd4",63,"Regular (>50bp)",-0.035,1,FALSE
"chr7:66874123:66874149:66873639:66874773:SE","SE","ENSMUSG00000043831","Lysmd4",26,"Microexon (0-30bp)",-0.241,0.00738641869172005,TRUE
"chr7:66874123:66874149:66873639:66875611:SE","SE","ENSMUSG00000043831","Lysmd4",26,"Microexon (0-30bp)",0.024,1,FALSE
"chr7:66874773:66874907:66873639:66875611:SE","SE","ENSMUSG00000043831","Lysmd4",134,"Regular (>50bp)",0.023,0.0600928232665234,FALSE
"chr1:21536606:21536633:21527848:21539693:SE","SE","ENSMUSG00000028033","Kcnq5",27,"Microexon (0-30bp)",0.277,0.302225323445601,FALSE
"chr1:21605284:21605411:21576083:21663747:SE","SE","ENSMUSG00000028033","Kcnq5",127,"Regular (>50bp)",0.025,1,FALSE
"chr6:51438899:51439035:51438413:51440390:SE","SE","ENSMUSG00000004980","Hnrnpa2b1",136,"Regular (>50bp)",-0.165,2.02694668392243e-09,TRUE
"chr6:51441068:51441191:51440473:51443282:SE","SE","ENSMUSG00000004980","Hnrnpa2b1",123,"Regular (>50bp)",0.001,1,FALSE
"chr6:51441407:51441431:51441191:51442158:SE","SE","ENSMUSG00000004980","Hnrnpa2b1",24,"Microexon (0-30bp)",-0.115,9.85658267333971e-06,TRUE
"chr6:51441407:51441431:51441191:51443282:SE","SE","ENSMUSG00000004980","Hnrnpa2b1",24,"Microexon (0-30bp)",0.013,0.0779001498559011,FALSE
"chr6:51441407:51441431:51441191:51443885:SE","SE","ENSMUSG00000004980","Hnrnpa2b1",24,"Microexon (0-30bp)",0,1,FALSE
"chr6:51441407:51441527:51441191:51442158:SE","SE","ENSMUSG00000004980","Hnrnpa2b1",120,"Regular (>50bp)",-0.043,0.00128465435263429,FALSE
"chr6:51441407:51441527:51441191:51443282:SE","SE","ENSMUSG00000004980","Hnrnpa2b1",120,"Regular (>50bp)",0.005,1,FALSE
"chr6:51442158:51442221:51441191:51443121:SE","SE","ENSMUSG00000004980","Hnrnpa2b1",63,"Regular (>50bp)",0.001,1,FALSE
"chr6:51442158:51442221:51441191:51443282:SE","SE","ENSMUSG00000004980","Hnrnpa2b1",63,"Regular (>50bp)",0.069,1.1331208655719e-06,FALSE
"chr6:51442158:51442221:51441527:51443282:SE","SE","ENSMUSG00000004980","Hnrnpa2b1",63,"Regular (>50bp)",-0.001,1,FALSE
"chr6:51443121:51443202:51441191:51443282:SE","SE","ENSMUSG00000004980","Hnrnpa2b1",81,"Regular (>50bp)",0.003,1,FALSE
"chr6:51443121:51443202:51442221:51443282:SE","SE","ENSMUSG00000004980","Hnrnpa2b1",81,"Regular (>50bp)",-0.001,1,FALSE
"chr6:51443121:51443202:51442221:51443294:SE","SE","ENSMUSG00000004980","Hnrnpa2b1",81,"Regular (>50bp)",0,1,FALSE
"chr6:51443121:51443217:51442221:51443282:SE","SE","ENSMUSG00000004980","Hnrnpa2b1",96,"Regular (>50bp)",-0.002,1,FALSE
"chr6:51443282:51443384:51443202:51443474:SE","SE","ENSMUSG00000004980","Hnrnpa2b1",102,"Regular (>50bp)",0,1,FALSE
"chr6:51443294:51443384:51443202:51443474:SE","SE","ENSMUSG00000004980","Hnrnpa2b1",90,"Regular (>50bp)",0,1,FALSE
"chr6:51443474:51443685:51443202:51443885:SE","SE","ENSMUSG00000004980","Hnrnpa2b1",211,"Regular (>50bp)",0,1,FALSE
"chr6:51444164:51444275:51444032:51446650:SE","SE","ENSMUSG00000004980","Hnrnpa2b1",111,"Regular (>50bp)",0,1,FALSE
"chr6:51444370:51444406:51444275:51446650:SE","SE","ENSMUSG00000004980","Hnrnpa2b1",36,"Small (30-50bp)",0.051,1.48639255105567e-09,FALSE
"chr2:135583749:135583807:135501650:135647468:SE","SE","ENSMUSG00000039943","Plcb4",58,"Regular (>50bp)",0.009,1,FALSE
"chr2:135647468:135647525:135583807:135719302:SE","SE","ENSMUSG00000039943","Plcb4",57,"Regular (>50bp)",0.013,0.164155398431915,FALSE
"chr2:135719302:135719401:135647525:135749418:SE","SE","ENSMUSG00000039943","Plcb4",99,"Regular (>50bp)",0.002,1,FALSE
"chr2:135752020:135752164:135719401:135771874:SE","SE","ENSMUSG00000039943","Plcb4",144,"Regular (>50bp)",0.022,0.606820709318709,FALSE
"chr2:135781866:135781924:135781230:135788965:SE","SE","ENSMUSG00000039943","Plcb4",58,"Regular (>50bp)",0.005,1,FALSE
"chr2:135785240:135785323:135781924:135788965:SE","SE","ENSMUSG00000039943","Plcb4",83,"Regular (>50bp)",-0.002,1,FALSE
"chr2:135806971:135807007:135803739:135808944:SE","SE","ENSMUSG00000039943","Plcb4",36,"Small (30-50bp)",0.039,0.03269515350652,FALSE
"chr2:135814831:135814996:135813780:135818018:SE","SE","ENSMUSG00000039943","Plcb4",165,"Regular (>50bp)",-0.001,1,FALSE
"chr2:135836213:135836329:135829822:135840596:SE","SE","ENSMUSG00000039943","Plcb4",116,"Regular (>50bp)",-0.003,1,FALSE
"chr2:135842053:135842229:135840672:135844478:SE","SE","ENSMUSG00000039943","Plcb4",176,"Regular (>50bp)",0.003,1,FALSE
"chr2:135852855:135852892:135849829:135854885:SE","SE","ENSMUSG00000039943","Plcb4",37,"Small (30-50bp)",-0.011,1,FALSE
"chr2:156771851:156771890:156770801:156773135:SE","SE","ENSMUSG00000027634","Ndrg3",39,"Small (30-50bp)",0,1,FALSE
"chr2:156771851:156771890:156770801:156773349:SE","SE","ENSMUSG00000027634","Ndrg3",39,"Small (30-50bp)",-0.01,1,FALSE
"chr2:156773135:156773187:156770801:156773349:SE","SE","ENSMUSG00000027634","Ndrg3",52,"Regular (>50bp)",-0.001,1,FALSE
"chr2:156773135:156773187:156771890:156773349:SE","SE","ENSMUSG00000027634","Ndrg3",52,"Regular (>50bp)",-0.004,1,FALSE
"chr2:156773349:156773385:156770801:156776861:SE","SE","ENSMUSG00000027634","Ndrg3",36,"Small (30-50bp)",-0.007,1,FALSE
"chr2:156776861:156776909:156770801:156779246:SE","SE","ENSMUSG00000027634","Ndrg3",48,"Small (30-50bp)",0.001,1,FALSE
"chr2:156782276:156782333:156780574:156785906:SE","SE","ENSMUSG00000027634","Ndrg3",57,"Regular (>50bp)",0.004,1,FALSE
"chr2:156782276:156782333:156780574:156786304:SE","SE","ENSMUSG00000027634","Ndrg3",57,"Regular (>50bp)",-0.005,1,FALSE
"chr2:156785906:156785993:156780574:156786304:SE","SE","ENSMUSG00000027634","Ndrg3",87,"Regular (>50bp)",-0.017,1,FALSE
"chr2:156785906:156785993:156782333:156786304:SE","SE","ENSMUSG00000027634","Ndrg3",87,"Regular (>50bp)",-0.023,0.0109504906858008,FALSE
"chr2:156800386:156800422:156792059:156811956:SE","SE","ENSMUSG00000027634","Ndrg3",36,"Small (30-50bp)",-0.004,1,FALSE
"chr2:156800386:156800422:156792059:156833918:SE","SE","ENSMUSG00000027634","Ndrg3",36,"Small (30-50bp)",-0.049,0.227366597586784,FALSE
"chr2:156811956:156812058:156792059:156833918:SE","SE","ENSMUSG00000027634","Ndrg3",102,"Regular (>50bp)",-0.021,1,FALSE
"chr2:156811956:156812058:156800422:156833918:SE","SE","ENSMUSG00000027634","Ndrg3",102,"Regular (>50bp)",0.006,1,FALSE
"chr2:156829595:156829718:156812058:156833918:SE","SE","ENSMUSG00000027634","Ndrg3",123,"Regular (>50bp)",-0.001,1,FALSE
"chr7:30832182:30832290:30832086:30833415:SE","SE","ENSMUSG00000001248","Gramd1a",108,"Regular (>50bp)",0,1,FALSE
"chr7:30832644:30832656:30832290:30833415:SE","SE","ENSMUSG00000001248","Gramd1a",12,"Microexon (0-30bp)",0.033,0.333778803419423,FALSE
"chr7:30834950:30835164:30833942:30835247:SE","SE","ENSMUSG00000001248","Gramd1a",214,"Regular (>50bp)",0,1,FALSE
"chr7:30834950:30835164:30833942:30837538:SE","SE","ENSMUSG00000001248","Gramd1a",214,"Regular (>50bp)",0.015,1,FALSE
"chr7:30835021:30835164:30833942:30835247:SE","SE","ENSMUSG00000001248","Gramd1a",143,"Regular (>50bp)",0,1,FALSE
"chr7:30835021:30835164:30833942:30837538:SE","SE","ENSMUSG00000001248","Gramd1a",143,"Regular (>50bp)",0,1,FALSE
"chr7:30835132:30835164:30833942:30835247:SE","SE","ENSMUSG00000001248","Gramd1a",32,"Small (30-50bp)",0.001,1,FALSE
"chr7:30835132:30835164:30833942:30837538:SE","SE","ENSMUSG00000001248","Gramd1a",32,"Small (30-50bp)",0.033,1,FALSE
"chr7:30835247:30835366:30833942:30837538:SE","SE","ENSMUSG00000001248","Gramd1a",119,"Regular (>50bp)",0,1,FALSE
"chr7:30835247:30835366:30835164:30837538:SE","SE","ENSMUSG00000001248","Gramd1a",119,"Regular (>50bp)",0,1,FALSE
"chr7:30838176:30838375:30837682:30838821:SE","SE","ENSMUSG00000001248","Gramd1a",199,"Regular (>50bp)",-0.003,1,FALSE
"chr7:30839181:30839294:30838972:30840554:SE","SE","ENSMUSG00000001248","Gramd1a",113,"Regular (>50bp)",-0.005,1,FALSE
"chr7:30842971:30842992:30842313:30843081:SE","SE","ENSMUSG00000001248","Gramd1a",21,"Microexon (0-30bp)",0,1,FALSE
"chr7:30845174:30845262:30843298:30850320:SE","SE","ENSMUSG00000001248","Gramd1a",88,"Regular (>50bp)",0.002,1,FALSE
"chr11:31839857:31839939:31823412:31870408:SE","SE","ENSMUSG00000020300","Cpeb4",82,"Regular (>50bp)",-0.002,1,FALSE
"chr11:31858824:31858875:31839939:31868800:SE","SE","ENSMUSG00000020300","Cpeb4",51,"Regular (>50bp)",-0.04,0.765683419315298,FALSE
"chr11:31858824:31858875:31839939:31870408:SE","SE","ENSMUSG00000020300","Cpeb4",51,"Regular (>50bp)",0.078,0.0491983039355,FALSE
"chr11:31868800:31868824:31839939:31870408:SE","SE","ENSMUSG00000020300","Cpeb4",24,"Microexon (0-30bp)",0.086,7.34854896321887e-05,FALSE
"chr11:31868800:31868824:31858875:31870408:SE","SE","ENSMUSG00000020300","Cpeb4",24,"Microexon (0-30bp)",0.065,0.277101503401644,FALSE
"chr11:31870408:31870582:31839939:31874625:SE","SE","ENSMUSG00000020300","Cpeb4",174,"Regular (>50bp)",-0.001,1,FALSE
"chr11:31874625:31874715:31839939:31875348:SE","SE","ENSMUSG00000020300","Cpeb4",90,"Regular (>50bp)",-0.003,1,FALSE
"chr11:31877640:31877755:31875467:31880037:SE","SE","ENSMUSG00000020300","Cpeb4",115,"Regular (>50bp)",0,1,FALSE
"chr2:73490023:73490101:73462174:73509958:SE","SE","ENSMUSG00000056486","Chn1",78,"Regular (>50bp)",0.013,0.586799264706879,FALSE
"chr2:73490023:73490101:73462174:73537262:SE","SE","ENSMUSG00000056486","Chn1",78,"Regular (>50bp)",0.012,1,FALSE
"chr2:73490023:73490101:73462174:73546707:SE","SE","ENSMUSG00000056486","Chn1",78,"Regular (>50bp)",0.006,1,FALSE
"chr2:73490023:73490101:73462174:73605366:SE","SE","ENSMUSG00000056486","Chn1",78,"Regular (>50bp)",-0.015,1,FALSE
"chr2:73509958:73510247:73462174:73537262:SE","SE","ENSMUSG00000056486","Chn1",289,"Regular (>50bp)",0.003,1,FALSE
"chr2:73509958:73510247:73462174:73605366:SE","SE","ENSMUSG00000056486","Chn1",289,"Regular (>50bp)",-0.2,0.00106075590979512,TRUE
"chr2:73509958:73510247:73490101:73537262:SE","SE","ENSMUSG00000056486","Chn1",289,"Regular (>50bp)",-0.063,0.000330424867935669,FALSE
"chr2:73509958:73510247:73490101:73540798:SE","SE","ENSMUSG00000056486","Chn1",289,"Regular (>50bp)",0,1,FALSE
"chr2:73509958:73510247:73490101:73551746:SE","SE","ENSMUSG00000056486","Chn1",289,"Regular (>50bp)",-0.004,1,FALSE
"chr2:73509958:73510247:73490101:73605366:SE","SE","ENSMUSG00000056486","Chn1",289,"Regular (>50bp)",-0.007,1,FALSE
"chr2:73537262:73537376:73462174:73546707:SE","SE","ENSMUSG00000056486","Chn1",114,"Regular (>50bp)",0.076,1,FALSE
"chr2:73537262:73537376:73490101:73540798:SE","SE","ENSMUSG00000056486","Chn1",114,"Regular (>50bp)",0.003,1,FALSE
"chr2:73537262:73537376:73490101:73546707:SE","SE","ENSMUSG00000056486","Chn1",114,"Regular (>50bp)",-0.115,0.000230654801698775,TRUE
"chr2:73537262:73537376:73490101:73551746:SE","SE","ENSMUSG00000056486","Chn1",114,"Regular (>50bp)",-0.028,1,FALSE
"chr2:73537262:73537376:73510247:73540798:SE","SE","ENSMUSG00000056486","Chn1",114,"Regular (>50bp)",-0.004,1,FALSE
"chr2:73537262:73537376:73510247:73551746:SE","SE","ENSMUSG00000056486","Chn1",114,"Regular (>50bp)",0.004,1,FALSE
"chr2:73540798:73540826:73537376:73546707:SE","SE","ENSMUSG00000056486","Chn1",28,"Microexon (0-30bp)",-0.014,1,FALSE
"chr2:73540798:73540830:73490101:73546707:SE","SE","ENSMUSG00000056486","Chn1",32,"Small (30-50bp)",-0.023,0.465711193739734,FALSE
"chr2:73540798:73540830:73537376:73546707:SE","SE","ENSMUSG00000056486","Chn1",32,"Small (30-50bp)",-0.003,1,FALSE
"chr2:73540798:73540830:73537376:73551746:SE","SE","ENSMUSG00000056486","Chn1",32,"Small (30-50bp)",-0.003,1,FALSE
"chr2:73546707:73546763:73490101:73551746:SE","SE","ENSMUSG00000056486","Chn1",56,"Regular (>50bp)",-0.009,1,FALSE
"chr2:73546707:73546763:73537376:73551746:SE","SE","ENSMUSG00000056486","Chn1",56,"Regular (>50bp)",-0.002,1,FALSE
"chr2:73546707:73546763:73540830:73551746:SE","SE","ENSMUSG00000056486","Chn1",56,"Regular (>50bp)",-0.001,1,FALSE
"chr2:73551746:73551785:73490101:73605366:SE","SE","ENSMUSG00000056486","Chn1",39,"Small (30-50bp)",-0.124,1,FALSE
"chr2:73551746:73551785:73510247:73605366:SE","SE","ENSMUSG00000056486","Chn1",39,"Small (30-50bp)",0.08,1,FALSE
"chr15:34945151:34945327:34876966:34959011:SE","SE","ENSMUSG00000022329","Stk3",176,"Regular (>50bp)",0.006,1,FALSE
"chr15:35099579:35099694:35073367:35114674:SE","SE","ENSMUSG00000022329","Stk3",115,"Regular (>50bp)",-0.001,1,FALSE
"chr15:35099579:35099694:35073367:35155672:SE","SE","ENSMUSG00000022329","Stk3",115,"Regular (>50bp)",-0.01,1,FALSE
"chr15:35115083:35115104:35114803:35115710:SE","SE","ENSMUSG00000022329","Stk3",21,"Microexon (0-30bp)",0.043,0.122722313068145,FALSE
"chr5:116592731:116592747:116591772:116605490:SE","SE","ENSMUSG00000063919","Srrm4",16,"Microexon (0-30bp)",0.094,0.0263305918283457,FALSE
"chr5:116610565:116610592:116609351:116613234:SE","SE","ENSMUSG00000063919","Srrm4",27,"Microexon (0-30bp)",-0.003,1,FALSE
"chr3:55557098:55557188:55554969:55572994:SE","SE","ENSMUSG00000027799","Nbea",90,"Regular (>50bp)",0.001,1,FALSE
"chr3:55557511:55557574:55557188:55572994:SE","SE","ENSMUSG00000027799","Nbea",63,"Regular (>50bp)",0,1,FALSE
"chr3:55572994:55573162:55557188:55588318:SE","SE","ENSMUSG00000027799","Nbea",168,"Regular (>50bp)",0.003,1,FALSE
"chr3:55841933:55842061:55799095:55860456:SE","SE","ENSMUSG00000027799","Nbea",128,"Regular (>50bp)",-0.04,0.000489656780221298,FALSE
"chr3:55899754:55899935:55898589:55907907:SE","SE","ENSMUSG00000027799","Nbea",181,"Regular (>50bp)",-0.004,1,FALSE
"chr3:55901468:55901477:55899935:55907907:SE","SE","ENSMUSG00000027799","Nbea",9,"Microexon (0-30bp)",0.082,0.0415558753304993,FALSE
"chr3:55907907:55908061:55899935:55910144:SE","SE","ENSMUSG00000027799","Nbea",154,"Regular (>50bp)",-0.003,1,FALSE
"chr3:55910144:55910362:55899935:55911954:SE","SE","ENSMUSG00000027799","Nbea",218,"Regular (>50bp)",0.003,1,FALSE
"chr3:55926786:55926895:55917064:55937303:SE","SE","ENSMUSG00000027799","Nbea",109,"Regular (>50bp)",0.003,1,FALSE
"chr3:55939062:55939125:55938971:55939911:SE","SE","ENSMUSG00000027799","Nbea",63,"Regular (>50bp)",-0.004,1,FALSE
"chr3:55944559:55944712:55943470:55948274:SE","SE","ENSMUSG00000027799","Nbea",153,"Regular (>50bp)",0.003,1,FALSE
"chr3:55987279:55987426:55966251:55992662:SE","SE","ENSMUSG00000027799","Nbea",147,"Regular (>50bp)",0.005,1,FALSE
"chr3:55989792:55989912:55987426:55992662:SE","SE","ENSMUSG00000027799","Nbea",120,"Regular (>50bp)",0.005,1,FALSE
"chr3:55994817:55994918:55994491:55998309:SE","SE","ENSMUSG00000027799","Nbea",101,"Regular (>50bp)",-0.002,1,FALSE
"chr2:180727035:180727143:180724249:180728668:SE","SE","ENSMUSG00000016346","Kcnq2",108,"Regular (>50bp)",-0.186,0.195655937649328,FALSE
"chr2:180727035:180727143:180724249:180728761:SE","SE","ENSMUSG00000016346","Kcnq2",108,"Regular (>50bp)",0.035,0.511341914200045,FALSE
"chr2:180734031:180734085:180730327:180738742:SE","SE","ENSMUSG00000016346","Kcnq2",54,"Regular (>50bp)",-0.113,0.858268979544974,FALSE
"chr2:180734031:180734085:180730363:180738742:SE","SE","ENSMUSG00000016346","Kcnq2",54,"Regular (>50bp)",-0.013,1,FALSE
"chr2:180745434:180745464:180742411:180746679:SE","SE","ENSMUSG00000016346","Kcnq2",30,"Microexon (0-30bp)",0.126,1.44977024033862e-06,TRUE
"chr2:180746679:180746774:180742411:180750814:SE","SE","ENSMUSG00000016346","Kcnq2",95,"Regular (>50bp)",-0.037,0.0883944210586135,FALSE
"chr2:180750814:180750910:180742411:180751467:SE","SE","ENSMUSG00000016346","Kcnq2",96,"Regular (>50bp)",0.002,1,FALSE
"chr2:180750814:180750910:180742411:180754855:SE","SE","ENSMUSG00000016346","Kcnq2",96,"Regular (>50bp)",0.063,1,FALSE
"chr2:180751467:180751578:180742411:180753792:SE","SE","ENSMUSG00000016346","Kcnq2",111,"Regular (>50bp)",0.003,1,FALSE
"chr2:180751467:180751578:180742411:180776589:SE","SE","ENSMUSG00000016346","Kcnq2",111,"Regular (>50bp)",0.312,1,FALSE
"chr2:180751467:180751578:180750910:180754855:SE","SE","ENSMUSG00000016346","Kcnq2",111,"Regular (>50bp)",-0.008,1,FALSE
"chr2:180753792:180753918:180730363:180754855:SE","SE","ENSMUSG00000016346","Kcnq2",126,"Regular (>50bp)",-0.002,1,FALSE
"chr2:180753792:180753918:180742411:180754855:SE","SE","ENSMUSG00000016346","Kcnq2",126,"Regular (>50bp)",-0.001,1,FALSE
"chr2:180753792:180753918:180751578:180754855:SE","SE","ENSMUSG00000016346","Kcnq2",126,"Regular (>50bp)",-0.013,0.800935777601797,FALSE
"chr2:180754855:180755031:180742411:180776589:SE","SE","ENSMUSG00000016346","Kcnq2",176,"Regular (>50bp)",0.371,1,FALSE
"chr2:180755364:180755491:180755031:180756431:SE","SE","ENSMUSG00000016346","Kcnq2",127,"Regular (>50bp)",-0.002,1,FALSE
"chr2:180756431:180756522:180742411:180776589:SE","SE","ENSMUSG00000016346","Kcnq2",91,"Regular (>50bp)",0.071,0.00144946627799879,FALSE
"chr2:180756431:180756522:180755031:180776589:SE","SE","ENSMUSG00000016346","Kcnq2",91,"Regular (>50bp)",-0.004,1,FALSE
"chr7:30746797:30746827:30744452:30750780:SE","SE","ENSMUSG00000036578","Fxyd7",30,"Microexon (0-30bp)",0.083,1,FALSE
"chr9:40211735:40211747:40211392:40214793:SE","SE","ENSMUSG00000040111","Gramd1b",12,"Microexon (0-30bp)",0.009,1,FALSE
"chr9:40219151:40219295:40218154:40219588:SE","SE","ENSMUSG00000040111","Gramd1b",144,"Regular (>50bp)",-0.002,1,FALSE
"chr9:40274318:40274384:40244951:40302975:SE","SE","ENSMUSG00000040111","Gramd1b",66,"Regular (>50bp)",0.004,1,FALSE
"chr1:37396895:37397105:37396485:37397588:SE","SE","ENSMUSG00000026113","Inpp4a",210,"Regular (>50bp)",0.001,1,FALSE
"chr1:37411391:37411500:37410887:37416658:SE","SE","ENSMUSG00000026113","Inpp4a",109,"Regular (>50bp)",-0.006,1,FALSE
"chr1:37413352:37413370:37411500:37416658:SE","SE","ENSMUSG00000026113","Inpp4a",18,"Microexon (0-30bp)",-0.09,0.276144168842407,FALSE
"chr1:37413355:37413370:37411500:37416658:SE","SE","ENSMUSG00000026113","Inpp4a",15,"Microexon (0-30bp)",-0.008,1,FALSE
"chr1:37422419:37422452:37419141:37426778:SE","SE","ENSMUSG00000026113","Inpp4a",33,"Small (30-50bp)",0.17,0.000369519441417414,TRUE
"chr1:37422419:37422452:37419258:37426778:SE","SE","ENSMUSG00000026113","Inpp4a",33,"Small (30-50bp)",0.191,0.000597907691344336,TRUE
"chr1:37429129:37429270:37428857:37432023:SE","SE","ENSMUSG00000026113","Inpp4a",141,"Regular (>50bp)",0.004,1,FALSE
"chr1:37432023:37432121:37428857:37435150:SE","SE","ENSMUSG00000026113","Inpp4a",98,"Regular (>50bp)",0.003,1,FALSE
"chr2:90970901:90970971:90969100:90973100:SE","SE","ENSMUSG00000040687","Madd",70,"Regular (>50bp)",0.046,0.822881820785641,FALSE
"chr2:90971153:90971162:90970971:90973100:SE","SE","ENSMUSG00000040687","Madd",9,"Microexon (0-30bp)",-0.03,1,FALSE
"chr2:90985357:90985420:90985110:90985890:SE","SE","ENSMUSG00000040687","Madd",63,"Regular (>50bp)",-0.03,0.0386332695491033,FALSE
"chr2:90989549:90989650:90988833:90990661:SE","SE","ENSMUSG00000040687","Madd",101,"Regular (>50bp)",0.002,1,FALSE
"chr2:90990661:90990715:90989650:90992372:SE","SE","ENSMUSG00000040687","Madd",54,"Regular (>50bp)",-0.011,1,FALSE
"chr2:90994307:90994367:90993946:90995710:SE","SE","ENSMUSG00000040687","Madd",60,"Regular (>50bp)",0.009,1,FALSE
"chr2:91003457:91003538:91001092:91005987:SE","SE","ENSMUSG00000040687","Madd",81,"Regular (>50bp)",-0.001,1,FALSE
"chr2:91008244:91008841:91007454:91009523:SE","SE","ENSMUSG00000040687","Madd",597,"Regular (>50bp)",0.001,1,FALSE
"chr3:86695928:86695941:86694719:86696618:SE","SE","ENSMUSG00000028078","Dclk2",13,"Microexon (0-30bp)",0.072,1,FALSE
"chr3:86695928:86695941:86694719:86699301:SE","SE","ENSMUSG00000028078","Dclk2",13,"Microexon (0-30bp)",0.034,0.260120648527177,FALSE
"chr3:86696715:86696797:86694719:86699301:SE","SE","ENSMUSG00000028078","Dclk2",82,"Regular (>50bp)",0.019,1,FALSE
"chr3:86696715:86696797:86694719:86699375:SE","SE","ENSMUSG00000028078","Dclk2",82,"Regular (>50bp)",0.002,1,FALSE
"chr3:86696894:86696937:86696797:86699301:SE","SE","ENSMUSG00000028078","Dclk2",43,"Small (30-50bp)",0.002,1,FALSE
"chr3:86700525:86700606:86699418:86701123:SE","SE","ENSMUSG00000028078","Dclk2",81,"Regular (>50bp)",-0.028,0.000109920254721906,FALSE
"chr3:86701123:86701220:86699418:86706317:SE","SE","ENSMUSG00000028078","Dclk2",97,"Regular (>50bp)",-0.007,1,FALSE
"chr3:86706317:86706395:86701220:86706767:SE","SE","ENSMUSG00000028078","Dclk2",78,"Regular (>50bp)",0.003,1,FALSE
"chr3:86720983:86721041:86713548:86722396:SE","SE","ENSMUSG00000028078","Dclk2",58,"Regular (>50bp)",-0.001,1,FALSE
"chr3:86738130:86738178:86732037:86739039:SE","SE","ENSMUSG00000028078","Dclk2",48,"Small (30-50bp)",-0.063,0.509920152396936,FALSE
"chr3:86813191:86813523:86743714:86827056:SE","SE","ENSMUSG00000028078","Dclk2",332,"Regular (>50bp)",0.002,1,FALSE
"chr7:44247013:44247043:44245692:44247804:SE","SE","ENSMUSG00000062785","Kcnc3",30,"Microexon (0-30bp)",0.178,1.82748512603246e-06,TRUE
"chr7:44247013:44247043:44245692:44247807:SE","SE","ENSMUSG00000062785","Kcnc3",30,"Microexon (0-30bp)",0.236,0.00103894471213766,TRUE
"chr7:44248229:44248357:44247999:44250097:SE","SE","ENSMUSG00000062785","Kcnc3",128,"Regular (>50bp)",-0.053,0.0434919395286373,FALSE
"chr7:44248229:44248357:44247999:44250292:SE","SE","ENSMUSG00000062785","Kcnc3",128,"Regular (>50bp)",-0.055,0.0303778112749953,FALSE
"chr7:44248229:44248357:44247999:44251292:SE","SE","ENSMUSG00000062785","Kcnc3",128,"Regular (>50bp)",-0.002,1,FALSE
"chr7:44250292:44250352:44247999:44251292:SE","SE","ENSMUSG00000062785","Kcnc3",60,"Regular (>50bp)",0.021,1,FALSE
"chr7:44250292:44250352:44248357:44251292:SE","SE","ENSMUSG00000062785","Kcnc3",60,"Regular (>50bp)",0.011,1,FALSE
"chr2:112146585:112146630:112097437:112163727:SE","SE","ENSMUSG00000027130","Slc12a6",45,"Small (30-50bp)",0.062,0.134761795060436,FALSE
"chr2:112146585:112146630:112115150:112163727:SE","SE","ENSMUSG00000027130","Slc12a6",45,"Small (30-50bp)",-0.156,0.804552345116259,FALSE
"chr10:79971208:79971380:79971080:79972707:SE","SE","ENSMUSG00000035640","Cbarp",172,"Regular (>50bp)",0.002,1,FALSE
"chr10:79972183:79972328:79971080:79972707:SE","SE","ENSMUSG00000035640","Cbarp",145,"Regular (>50bp)",0.055,1,FALSE
"chr10:79972183:79972328:79971380:79972707:SE","SE","ENSMUSG00000035640","Cbarp",145,"Regular (>50bp)",0.002,1,FALSE
"chr10:79972496:79972577:79972328:79972707:SE","SE","ENSMUSG00000035640","Cbarp",81,"Regular (>50bp)",-0.195,8.94819663314711e-14,TRUE
"chr10:79972523:79972577:79972328:79972707:SE","SE","ENSMUSG00000035640","Cbarp",54,"Regular (>50bp)",-0.154,0,TRUE
"chr10:79972538:79972577:79972328:79972707:SE","SE","ENSMUSG00000035640","Cbarp",39,"Small (30-50bp)",-0.34,0,TRUE
"chr10:79972876:79973016:79972772:79973121:SE","SE","ENSMUSG00000035640","Cbarp",140,"Regular (>50bp)",-0.032,8.35794430256588e-07,FALSE
"chr10:79973121:79973221:79972772:79974919:SE","SE","ENSMUSG00000035640","Cbarp",100,"Regular (>50bp)",-0.012,1,FALSE
"chr9:44684984:44685081:44684470:44685479:SE","SE","ENSMUSG00000002031","Ift46",97,"Regular (>50bp)",-0.001,1,FALSE
"chr9:44684984:44685081:44684470:44689858:SE","SE","ENSMUSG00000002031","Ift46",97,"Regular (>50bp)",0,1,FALSE
"chr9:44685479:44685528:44685081:44687653:SE","SE","ENSMUSG00000002031","Ift46",49,"Small (30-50bp)",0.809,6.10355387630414e-14,TRUE
"chr9:44685479:44685528:44685081:44687656:SE","SE","ENSMUSG00000002031","Ift46",49,"Small (30-50bp)",0.499,0.00420438101659756,TRUE
"chr9:44685479:44685528:44685081:44689858:SE","SE","ENSMUSG00000002031","Ift46",49,"Small (30-50bp)",0.028,1.08400615630976e-08,FALSE
"chr9:44687653:44687758:44685081:44689858:SE","SE","ENSMUSG00000002031","Ift46",105,"Regular (>50bp)",-0.005,1,FALSE
"chr9:44687653:44687758:44685081:44689890:SE","SE","ENSMUSG00000002031","Ift46",105,"Regular (>50bp)",-0.27,3.68914802048504e-05,TRUE
"chr9:44687653:44687758:44685528:44689858:SE","SE","ENSMUSG00000002031","Ift46",105,"Regular (>50bp)",-0.03,1,FALSE
"chr9:44687656:44687734:44685081:44689858:SE","SE","ENSMUSG00000002031","Ift46",78,"Regular (>50bp)",0.005,1,FALSE
"chr9:44687656:44687734:44685528:44689858:SE","SE","ENSMUSG00000002031","Ift46",78,"Regular (>50bp)",-0.074,1,FALSE
"chr9:44689858:44689935:44685081:44693396:SE","SE","ENSMUSG00000002031","Ift46",77,"Regular (>50bp)",-0.004,1,FALSE
"chr9:44689858:44689935:44685528:44693396:SE","SE","ENSMUSG00000002031","Ift46",77,"Regular (>50bp)",-0.001,1,FALSE
"chr9:44689890:44689935:44685081:44693396:SE","SE","ENSMUSG00000002031","Ift46",45,"Small (30-50bp)",-0.014,1,FALSE
"chr9:44695256:44695350:44695102:44695628:SE","SE","ENSMUSG00000002031","Ift46",94,"Regular (>50bp)",0.002,1,FALSE
"chr9:44695628:44695757:44695102:44697590:SE","SE","ENSMUSG00000002031","Ift46",129,"Regular (>50bp)",0.001,1,FALSE
"chr9:44700863:44700924:44698201:44701187:SE","SE","ENSMUSG00000002031","Ift46",61,"Regular (>50bp)",-0.004,1,FALSE
"chr9:44700863:44700924:44698201:44701781:SE","SE","ENSMUSG00000002031","Ift46",61,"Regular (>50bp)",-0.007,1,FALSE
"chr9:44701187:44701273:44698201:44701781:SE","SE","ENSMUSG00000002031","Ift46",86,"Regular (>50bp)",-0.015,1,FALSE
"chr9:44701187:44701273:44700924:44701781:SE","SE","ENSMUSG00000002031","Ift46",86,"Regular (>50bp)",0.001,1,FALSE
"chr2:119843781:119843799:119843575:119844099:SE","SE","ENSMUSG00000033902","Mapkbp1",18,"Microexon (0-30bp)",-0.048,0.00923825472355375,FALSE
"chr2:119845103:119845293:119844260:119845823:SE","SE","ENSMUSG00000033902","Mapkbp1",190,"Regular (>50bp)",-0.013,1,FALSE
"chr2:119849402:119849466:119849080:119849706:SE","SE","ENSMUSG00000033902","Mapkbp1",64,"Regular (>50bp)",-0.011,1,FALSE
"chr2:120553419:120553498:120553239:120553672:SE","SE","ENSMUSG00000027284","Cdan1",79,"Regular (>50bp)",-0.005,1,FALSE
"chr2:120555152:120555207:120554947:120555372:SE","SE","ENSMUSG00000027284","Cdan1",55,"Regular (>50bp)",-0.022,1,FALSE
"chr2:120560779:120560983:120560580:120561182:SE","SE","ENSMUSG00000027284","Cdan1",204,"Regular (>50bp)",-0.11,0.00194657457092043,TRUE
"chr2:120560779:120560986:120560580:120561182:SE","SE","ENSMUSG00000027284","Cdan1",207,"Regular (>50bp)",-0.103,0.00270940237807841,TRUE
"chr2:120560949:120560983:120560580:120561182:SE","SE","ENSMUSG00000027284","Cdan1",34,"Small (30-50bp)",-0.234,0.000164315004129418,TRUE
"chr2:120561182:120561673:120560986:120561892:SE","SE","ENSMUSG00000027284","Cdan1",491,"Regular (>50bp)",-0.018,1,FALSE
"chr1:138950842:138950886:138893968:138967737:SE","SE","ENSMUSG00000056268","Dennd1b",44,"Small (30-50bp)",0.189,0.00243685758259785,TRUE
"chr1:138950842:138950886:138893968:138981083:SE","SE","ENSMUSG00000056268","Dennd1b",44,"Small (30-50bp)",-0.057,1,FALSE
"chr1:138967737:138967787:138893968:138969661:SE","SE","ENSMUSG00000056268","Dennd1b",50,"Small (30-50bp)",0.033,1,FALSE
"chr1:138969661:138969781:138893968:138981083:SE","SE","ENSMUSG00000056268","Dennd1b",120,"Regular (>50bp)",-0.029,1,FALSE
"chr1:138981083:138981153:138969781:138982278:SE","SE","ENSMUSG00000056268","Dennd1b",70,"Regular (>50bp)",-0.023,1,FALSE
"chr1:138986804:138986864:138982359:138988012:SE","SE","ENSMUSG00000056268","Dennd1b",60,"Regular (>50bp)",0.028,0.710785501370321,FALSE
"chr1:138990598:138990709:138988066:139029705:SE","SE","ENSMUSG00000056268","Dennd1b",111,"Regular (>50bp)",-0.017,1,FALSE
"chr1:139008910:139009011:138990709:139018191:SE","SE","ENSMUSG00000056268","Dennd1b",101,"Regular (>50bp)",-0.012,1,FALSE
"chr1:139008910:139009011:138990709:139029705:SE","SE","ENSMUSG00000056268","Dennd1b",101,"Regular (>50bp)",0.026,0.532578031993262,FALSE
"chr1:139013620:139013666:139009011:139018191:SE","SE","ENSMUSG00000056268","Dennd1b",46,"Small (30-50bp)",0.041,1,FALSE
"chr1:139018191:139018293:138990709:139029705:SE","SE","ENSMUSG00000056268","Dennd1b",102,"Regular (>50bp)",0.097,0.265093278084687,FALSE
"chr1:139018191:139018293:139009011:139029705:SE","SE","ENSMUSG00000056268","Dennd1b",102,"Regular (>50bp)",0.094,0.335882544922882,FALSE
"chr1:139020292:139021718:139018293:139029705:SE","SE","ENSMUSG00000056268","Dennd1b",1426,"Regular (>50bp)",-0.058,0.291498535838801,FALSE
"chr8:25659212:25659338:25657607:25661287:SE","SE","ENSMUSG00000065954","Tacc1",126,"Regular (>50bp)",-0.001,1,FALSE
"chr8:25669286:25669322:25668010:25671838:SE","SE","ENSMUSG00000065954","Tacc1",36,"Small (30-50bp)",0.11,3.22019355951387e-05,TRUE
"chr8:25671838:25672946:25668010:25690106:SE","SE","ENSMUSG00000065954","Tacc1",1108,"Regular (>50bp)",0.021,1,FALSE
"chr8:25672152:25672946:25668010:25690106:SE","SE","ENSMUSG00000065954","Tacc1",794,"Regular (>50bp)",0.032,1,FALSE
"chr8:25690106:25690222:25668010:25691137:SE","SE","ENSMUSG00000065954","Tacc1",116,"Regular (>50bp)",0.144,7.79253957751958e-06,TRUE
"chr8:25690106:25690222:25668010:25730809:SE","SE","ENSMUSG00000065954","Tacc1",116,"Regular (>50bp)",-0.016,1,FALSE
"chr8:25690106:25690222:25672946:25691137:SE","SE","ENSMUSG00000065954","Tacc1",116,"Regular (>50bp)",0.006,1,FALSE
"chr6:90641003:90641053:90638007:90644881:SE","SE","ENSMUSG00000034312","Iqsec1",50,"Small (30-50bp)",-0.022,1,FALSE
"chr6:90641003:90641053:90639937:90644881:SE","SE","ENSMUSG00000034312","Iqsec1",50,"Small (30-50bp)",-0.002,1,FALSE
"chr6:90641003:90641053:90639937:90645622:SE","SE","ENSMUSG00000034312","Iqsec1",50,"Small (30-50bp)",0.012,1,FALSE
"chr6:90644881:90645058:90641053:90645622:SE","SE","ENSMUSG00000034312","Iqsec1",177,"Regular (>50bp)",-0.005,1,FALSE
"chr6:90671540:90671832:90667808:90786749:SE","SE","ENSMUSG00000034312","Iqsec1",292,"Regular (>50bp)",0.011,1,FALSE
"chr6:90764099:90764144:90671832:90786749:SE","SE","ENSMUSG00000034312","Iqsec1",45,"Small (30-50bp)",0.226,0.0273180913932062,TRUE
"chr5:76688593:76688614:76685704:76689897:SE","SE","ENSMUSG00000036435","Exoc1",21,"Microexon (0-30bp)",0.186,0.00143974915000025,TRUE
"chr5:76705665:76705710:76702052:76706850:SE","SE","ENSMUSG00000036435","Exoc1",45,"Small (30-50bp)",0.068,0.0553464067783491,FALSE
"chr7:24607735:24607849:24607359:24611481:SE","SE","ENSMUSG00000040940","Arhgef1",114,"Regular (>50bp)",-0.014,0.128424903185934,FALSE
"chr7:24611481:24611580:24607849:24611734:SE","SE","ENSMUSG00000040940","Arhgef1",99,"Regular (>50bp)",-0.012,0.227268490820057,FALSE
"chr7:24611979:24612226:24611777:24612564:SE","SE","ENSMUSG00000040940","Arhgef1",247,"Regular (>50bp)",-0.001,1,FALSE
"chr7:24617319:24617425:24616366:24618608:SE","SE","ENSMUSG00000040940","Arhgef1",106,"Regular (>50bp)",0.001,1,FALSE
"chr7:24617319:24617425:24616366:24619055:SE","SE","ENSMUSG00000040940","Arhgef1",106,"Regular (>50bp)",0.013,1,FALSE
"chr7:24617944:24617956:24617425:24618608:SE","SE","ENSMUSG00000040940","Arhgef1",12,"Microexon (0-30bp)",-0.011,1,FALSE
"chr7:24617944:24618776:24617425:24619055:SE","SE","ENSMUSG00000040940","Arhgef1",832,"Regular (>50bp)",0.046,0.000716326387201204,FALSE
"chr7:24618608:24618776:24616366:24619055:SE","SE","ENSMUSG00000040940","Arhgef1",168,"Regular (>50bp)",0.222,0.00136666181722495,TRUE
"chr7:24618608:24618776:24617425:24619055:SE","SE","ENSMUSG00000040940","Arhgef1",168,"Regular (>50bp)",0.061,0.000782791654793256,FALSE
"chr7:24624220:24624308:24623395:24624400:SE","SE","ENSMUSG00000040940","Arhgef1",88,"Regular (>50bp)",0,1,FALSE
"chr2:164898625:164898739:164897678:164904205:SE","SE","ENSMUSG00000017652","Cd40",114,"Regular (>50bp)",-0.001,1,FALSE
"chr2:164904131:164904284:164897678:164904580:SE","SE","ENSMUSG00000017652","Cd40",153,"Regular (>50bp)",0.013,1,FALSE
"chr2:164904205:164904284:164897678:164904580:SE","SE","ENSMUSG00000017652","Cd40",79,"Regular (>50bp)",0.002,1,FALSE
"chr2:164905387:164905481:164905088:164911548:SE","SE","ENSMUSG00000017652","Cd40",94,"Regular (>50bp)",0.001,1,FALSE
"chr2:164908422:164908484:164905481:164911548:SE","SE","ENSMUSG00000017652","Cd40",62,"Regular (>50bp)",0.026,0.66398169920829,FALSE
"chr2:164908422:164908484:164905481:164911736:SE","SE","ENSMUSG00000017652","Cd40",62,"Regular (>50bp)",-0.003,1,FALSE
"chr2:164908422:164908484:164905481:164912641:SE","SE","ENSMUSG00000017652","Cd40",62,"Regular (>50bp)",-0.005,1,FALSE
"chr2:164911548:164911635:164905481:164911736:SE","SE","ENSMUSG00000017652","Cd40",87,"Regular (>50bp)",-0.002,1,FALSE
"chr2:164911548:164911635:164905481:164912641:SE","SE","ENSMUSG00000017652","Cd40",87,"Regular (>50bp)",-0.016,1,FALSE
"chr2:164911548:164911635:164908484:164911736:SE","SE","ENSMUSG00000017652","Cd40",87,"Regular (>50bp)",-0.014,1,FALSE
"chr2:164911548:164911635:164908484:164912641:SE","SE","ENSMUSG00000017652","Cd40",87,"Regular (>50bp)",-0.041,0.0261669924785002,FALSE
"chr2:164911548:164911768:164908484:164912641:SE","SE","ENSMUSG00000017652","Cd40",220,"Regular (>50bp)",-0.034,0.0602068561064802,FALSE
"chr2:164911736:164911768:164905481:164912641:SE","SE","ENSMUSG00000017652","Cd40",32,"Small (30-50bp)",-0.015,1,FALSE
"chr2:164911736:164911768:164908484:164912641:SE","SE","ENSMUSG00000017652","Cd40",32,"Small (30-50bp)",-0.108,0.000206461651473083,TRUE
"chr2:164911736:164911768:164911635:164912641:SE","SE","ENSMUSG00000017652","Cd40",32,"Small (30-50bp)",-0.005,1,FALSE
"chr5:73451308:73451353:73450319:73451627:SE","SE","ENSMUSG00000029152","Ociad1",45,"Small (30-50bp)",0.036,2.6006861594863e-10,FALSE
"chr5:73451308:73451353:73450825:73451627:SE","SE","ENSMUSG00000029152","Ociad1",45,"Small (30-50bp)",0.003,1,FALSE
"chr5:73451627:73451690:73450319:73452268:SE","SE","ENSMUSG00000029152","Ociad1",63,"Regular (>50bp)",-0.001,1,FALSE
"chr5:73452268:73452349:73451690:73458006:SE","SE","ENSMUSG00000029152","Ociad1",81,"Regular (>50bp)",0,1,FALSE
"chr5:73460934:73460982:73458060:73461891:SE","SE","ENSMUSG00000029152","Ociad1",48,"Small (30-50bp)",0,1,FALSE
"chr5:73463920:73464096:73462027:73467616:SE","SE","ENSMUSG00000029152","Ociad1",176,"Regular (>50bp)",-0.001,1,FALSE
"chr5:73463920:73464141:73462027:73467616:SE","SE","ENSMUSG00000029152","Ociad1",221,"Regular (>50bp)",-0.001,1,FALSE
"chr5:73467616:73467769:73464096:73470785:SE","SE","ENSMUSG00000029152","Ociad1",153,"Regular (>50bp)",0.001,1,FALSE
"chr5:73467616:73467769:73464141:73470785:SE","SE","ENSMUSG00000029152","Ociad1",153,"Regular (>50bp)",0.005,1,FALSE
"chr5:31401106:31401176:31398346:31401261:SE","SE","ENSMUSG00000029148","Nrbp1",70,"Regular (>50bp)",-0.011,1,FALSE
"chr5:31401801:31401903:31401632:31402220:SE","SE","ENSMUSG00000029148","Nrbp1",102,"Regular (>50bp)",-0.004,1,FALSE
"chr5:31402220:31402310:31401903:31402706:SE","SE","ENSMUSG00000029148","Nrbp1",90,"Regular (>50bp)",0.001,1,FALSE
"chr5:31403094:31403189:31402747:31404685:SE","SE","ENSMUSG00000029148","Nrbp1",95,"Regular (>50bp)",-0.013,1,FALSE
"chr5:31403665:31403689:31403189:31404685:SE","SE","ENSMUSG00000029148","Nrbp1",24,"Microexon (0-30bp)",0.001,1,FALSE
"chr5:31404685:31404769:31402747:31405027:SE","SE","ENSMUSG00000029148","Nrbp1",84,"Regular (>50bp)",-0.001,1,FALSE
"chr5:31407887:31407941:31407709:31408024:SE","SE","ENSMUSG00000029148","Nrbp1",54,"Regular (>50bp)",0.001,1,FALSE
"chr5:31408235:31408291:31408088:31408368:SE","SE","ENSMUSG00000029148","Nrbp1",56,"Regular (>50bp)",-0.002,1,FALSE
"chr2:181141095:181141246:181139125:181141637:SE","SE","ENSMUSG00000000827","Tpd52l2",151,"Regular (>50bp)",0.009,1,FALSE
"chr2:181141637:181141783:181139125:181143697:SE","SE","ENSMUSG00000000827","Tpd52l2",146,"Regular (>50bp)",-0.001,1,FALSE
"chr2:181143697:181143846:181141783:181149958:SE","SE","ENSMUSG00000000827","Tpd52l2",149,"Regular (>50bp)",-0.009,0.552687056875266,FALSE
"chr2:181144668:181144728:181143846:181149958:SE","SE","ENSMUSG00000000827","Tpd52l2",60,"Regular (>50bp)",-0.02,1,FALSE
"chr2:181152296:181152323:181150060:181153366:SE","SE","ENSMUSG00000000827","Tpd52l2",27,"Microexon (0-30bp)",0.027,1,FALSE
"chr2:181153366:181153408:181150060:181154831:SE","SE","ENSMUSG00000000827","Tpd52l2",42,"Small (30-50bp)",-0.092,0,FALSE
"chr2:181154831:181154880:181150060:181156872:SE","SE","ENSMUSG00000000827","Tpd52l2",49,"Small (30-50bp)",0.008,1,FALSE
"chr3:28413139:28413205:28317848:28548115:SE","SE","ENSMUSG00000027692","Tnik",66,"Regular (>50bp)",-0.008,1,FALSE
"chr3:28603689:28603793:28596247:28609076:SE","SE","ENSMUSG00000027692","Tnik",104,"Regular (>50bp)",-0.001,1,FALSE
"chr3:28609076:28609131:28596247:28618223:SE","SE","ENSMUSG00000027692","Tnik",55,"Regular (>50bp)",-0.011,1,FALSE
"chr3:28611187:28611266:28609131:28618223:SE","SE","ENSMUSG00000027692","Tnik",79,"Regular (>50bp)",-0.002,1,FALSE
"chr3:28649055:28649142:28648281:28650220:SE","SE","ENSMUSG00000027692","Tnik",87,"Regular (>50bp)",-0.06,0.0934150956166137,FALSE
"chr3:28661286:28661526:28658489:28666011:SE","SE","ENSMUSG00000027692","Tnik",240,"Regular (>50bp)",-0.001,1,FALSE
"chr3:28679347:28679371:28677257:28684579:SE","SE","ENSMUSG00000027692","Tnik",24,"Microexon (0-30bp)",0.111,0.00674559213125424,TRUE
"chr3:28720237:28720377:28719988:28722047:SE","SE","ENSMUSG00000027692","Tnik",140,"Regular (>50bp)",0.003,1,FALSE
"chr1:171158801:171158853:171157094:171165819:SE","SE","ENSMUSG00000013973","Dedd",52,"Regular (>50bp)",0.182,1.08672095467285e-06,TRUE
"chr1:171158820:171158853:171157094:171165819:SE","SE","ENSMUSG00000013973","Dedd",33,"Small (30-50bp)",0.15,7.9739978061321e-12,TRUE
"chr1:171158820:171158853:171157260:171165819:SE","SE","ENSMUSG00000013973","Dedd",33,"Small (30-50bp)",0.064,0.00650465602051536,FALSE
"chr1:171158820:171158853:171158175:171165819:SE","SE","ENSMUSG00000013973","Dedd",33,"Small (30-50bp)",0.007,1,FALSE
"chr1:171166390:171166498:171166208:171167760:SE","SE","ENSMUSG00000013973","Dedd",108,"Regular (>50bp)",-0.002,1,FALSE
"chr1:82704948:82705057:82702805:82706936:SE","SE","ENSMUSG00000026150","Mff",109,"Regular (>50bp)",0,1,FALSE
"chr1:82705787:82705959:82705057:82706936:SE","SE","ENSMUSG00000026150","Mff",172,"Regular (>50bp)",0.003,1,FALSE
"chr1:82706936:82707157:82705057:82708833:SE","SE","ENSMUSG00000026150","Mff",221,"Regular (>50bp)",-0.001,1,FALSE
"chr1:82719538:82719697:82713228:82724803:SE","SE","ENSMUSG00000026150","Mff",159,"Regular (>50bp)",-0.021,0.483049646101401,FALSE
"chr1:82719538:82719697:82713228:82728240:SE","SE","ENSMUSG00000026150","Mff",159,"Regular (>50bp)",-0.052,0.536222616389747,FALSE
"chr1:82723244:82723277:82713228:82724803:SE","SE","ENSMUSG00000026150","Mff",33,"Small (30-50bp)",0.128,0.00516888395528102,TRUE
"chr1:82723244:82723277:82719697:82724803:SE","SE","ENSMUSG00000026150","Mff",33,"Small (30-50bp)",0.05,0.000537009609814754,FALSE
"chr1:82724803:82724863:82713228:82728240:SE","SE","ENSMUSG00000026150","Mff",60,"Regular (>50bp)",-0.059,0.766297464857282,FALSE
"chr1:82724803:82724863:82719697:82728240:SE","SE","ENSMUSG00000026150","Mff",60,"Regular (>50bp)",-0.009,0.681092270332232,FALSE
"chr12:88799322:88799340:88762663:88817048:SE","SE","ENSMUSG00000066392","Nrxn3",18,"Microexon (0-30bp)",-0.107,0.00452207672631305,TRUE
"chr12:90165920:90166010:90135865:90171284:SE","SE","ENSMUSG00000066392","Nrxn3",90,"Regular (>50bp)",-0.029,1,FALSE
"chr6:56861693:56861856:56860860:56863648:SE","SE","ENSMUSG00000029780","Nt5c3",163,"Regular (>50bp)",-0.003,1,FALSE
"chr6:56868476:56868546:56866494:56900656:SE","SE","ENSMUSG00000029780","Nt5c3",70,"Regular (>50bp)",0.003,1,FALSE
"chr6:56874759:56874814:56869873:56890790:SE","SE","ENSMUSG00000029780","Nt5c3",55,"Regular (>50bp)",0.003,1,FALSE
"chr6:56874759:56874814:56869873:56900051:SE","SE","ENSMUSG00000029780","Nt5c3",55,"Regular (>50bp)",-0.041,1,FALSE
"chr6:56874759:56874814:56869873:56900656:SE","SE","ENSMUSG00000029780","Nt5c3",55,"Regular (>50bp)",0.043,0.28631201824181,FALSE
"chr6:56890790:56890879:56869873:56900051:SE","SE","ENSMUSG00000029780","Nt5c3",89,"Regular (>50bp)",-0.09,1,FALSE
"chr6:56890790:56890879:56869873:56900656:SE","SE","ENSMUSG00000029780","Nt5c3",89,"Regular (>50bp)",0.006,0.910110448075509,FALSE
"chr6:56890790:56890879:56874814:56900051:SE","SE","ENSMUSG00000029780","Nt5c3",89,"Regular (>50bp)",-0.237,0.375495328417966,FALSE
"chr6:56890790:56890879:56874814:56900656:SE","SE","ENSMUSG00000029780","Nt5c3",89,"Regular (>50bp)",-0.009,1,FALSE
"chr6:56900051:56900097:56869873:56900656:SE","SE","ENSMUSG00000029780","Nt5c3",46,"Small (30-50bp)",0.017,0.0016743340286164,FALSE
"chr6:56900051:56900097:56874814:56900656:SE","SE","ENSMUSG00000029780","Nt5c3",46,"Small (30-50bp)",0.023,0.18714760277182,FALSE
"chr6:56900051:56900097:56890879:56900656:SE","SE","ENSMUSG00000029780","Nt5c3",46,"Small (30-50bp)",0.097,0.0113277590696237,FALSE
"chr15:93285457:93285533:93284164:93285627:SE","SE","ENSMUSG00000022635","Zcrb1",76,"Regular (>50bp)",-0.001,1,FALSE
"chr15:93285627:93285740:93285533:93293467:SE","SE","ENSMUSG00000022635","Zcrb1",113,"Regular (>50bp)",0,1,FALSE
"chr15:93288931:93289039:93285740:93289334:SE","SE","ENSMUSG00000022635","Zcrb1",108,"Regular (>50bp)",-0.001,1,FALSE
"chr15:93288931:93289039:93285740:93293467:SE","SE","ENSMUSG00000022635","Zcrb1",108,"Regular (>50bp)",-0.003,1,FALSE
"chr15:93289334:93289446:93285740:93293467:SE","SE","ENSMUSG00000022635","Zcrb1",112,"Regular (>50bp)",0,1,FALSE
"chr15:93289334:93289446:93289039:93293467:SE","SE","ENSMUSG00000022635","Zcrb1",112,"Regular (>50bp)",-0.008,0.2310524855949,FALSE
"chr15:93291587:93291645:93289446:93293467:SE","SE","ENSMUSG00000022635","Zcrb1",58,"Regular (>50bp)",-0.062,2.24860784215142e-08,FALSE
"chr15:93293467:93293496:93285740:93295050:SE","SE","ENSMUSG00000022635","Zcrb1",29,"Microexon (0-30bp)",0.001,1,FALSE
"chr15:93293467:93293496:93285740:93296043:SE","SE","ENSMUSG00000022635","Zcrb1",29,"Microexon (0-30bp)",-0.057,1,FALSE
"chr15:93293467:93293496:93289446:93295050:SE","SE","ENSMUSG00000022635","Zcrb1",29,"Microexon (0-30bp)",0,1,FALSE
"chr15:93295050:93295136:93285740:93296043:SE","SE","ENSMUSG00000022635","Zcrb1",86,"Regular (>50bp)",-0.001,1,FALSE
"chr15:93295050:93295136:93293496:93296043:SE","SE","ENSMUSG00000022635","Zcrb1",86,"Regular (>50bp)",-0.007,1,FALSE
"chr6:83159505:83159751:83142976:83166058:SE","SE","ENSMUSG00000031865","Dctn1",246,"Regular (>50bp)",-0.001,1,FALSE
"chr6:83160040:83160119:83159751:83166058:SE","SE","ENSMUSG00000031865","Dctn1",79,"Regular (>50bp)",-0.001,1,FALSE
"chr6:83160280:83160315:83160119:83166058:SE","SE","ENSMUSG00000031865","Dctn1",35,"Small (30-50bp)",-0.003,1,FALSE
"chr6:83160280:83160315:83160119:83166529:SE","SE","ENSMUSG00000031865","Dctn1",35,"Small (30-50bp)",0.003,1,FALSE
"chr6:83160917:83160938:83160315:83163409:SE","SE","ENSMUSG00000031865","Dctn1",21,"Microexon (0-30bp)",-0.073,0.277299795708928,FALSE
"chr6:83160917:83160938:83160315:83164745:SE","SE","ENSMUSG00000031865","Dctn1",21,"Microexon (0-30bp)",-0.163,0.0606013880222103,FALSE
"chr6:83160917:83160938:83160315:83166058:SE","SE","ENSMUSG00000031865","Dctn1",21,"Microexon (0-30bp)",0.083,1.75685983868305e-06,FALSE
"chr6:83163409:83163427:83160315:83164745:SE","SE","ENSMUSG00000031865","Dctn1",18,"Microexon (0-30bp)",-0.057,1,FALSE
"chr6:83163409:83163427:83160938:83164745:SE","SE","ENSMUSG00000031865","Dctn1",18,"Microexon (0-30bp)",0.092,0.244340396510165,FALSE
"chr6:83164745:83164766:83160315:83166058:SE","SE","ENSMUSG00000031865","Dctn1",21,"Microexon (0-30bp)",0.024,0.0210747470826183,FALSE
"chr6:83164745:83164766:83160938:83166058:SE","SE","ENSMUSG00000031865","Dctn1",21,"Microexon (0-30bp)",-0.092,0.0185904115246792,FALSE
"chr6:83166058:83166250:83160119:83166529:SE","SE","ENSMUSG00000031865","Dctn1",192,"Regular (>50bp)",0.004,1,FALSE
"chr6:83166058:83166250:83160315:83166529:SE","SE","ENSMUSG00000031865","Dctn1",192,"Regular (>50bp)",0,1,FALSE
"chr6:83167184:83167263:83167087:83167402:SE","SE","ENSMUSG00000031865","Dctn1",79,"Regular (>50bp)",0,1,FALSE
"chr6:83170940:83171003:83170757:83171101:SE","SE","ENSMUSG00000031865","Dctn1",63,"Regular (>50bp)",0.002,1,FALSE
"chr6:83171411:83171573:83171251:83171655:SE","SE","ENSMUSG00000031865","Dctn1",162,"Regular (>50bp)",-0.001,1,FALSE
"chr6:83174300:83174315:83173089:83174472:SE","SE","ENSMUSG00000031865","Dctn1",15,"Microexon (0-30bp)",-0.117,2.54634701482315e-07,TRUE
"chr6:83176169:83176259:83175643:83176655:SE","SE","ENSMUSG00000031865","Dctn1",90,"Regular (>50bp)",0,1,FALSE
"chr11:77579112:77579157:77577333:77582367:SE","SE","ENSMUSG00000037857","Nufip2",45,"Small (30-50bp)",0.012,0.00167088445634079,FALSE
"chr11:77579112:77579157:77578637:77582367:SE","SE","ENSMUSG00000037857","Nufip2",45,"Small (30-50bp)",0.443,1,FALSE
"chr11:77582367:77584080:77577333:77596334:SE","SE","ENSMUSG00000037857","Nufip2",1713,"Regular (>50bp)",-0.002,1,FALSE
"chr11:77596334:77596367:77584080:77600508:SE","SE","ENSMUSG00000037857","Nufip2",33,"Small (30-50bp)",0.001,1,FALSE
"chr17:35249176:35249251:35248997:35249584:SE","SE","ENSMUSG00000007035","Msh5",75,"Regular (>50bp)",-0.009,1,FALSE
"chr17:35249584:35249730:35248997:35250123:SE","SE","ENSMUSG00000007035","Msh5",146,"Regular (>50bp)",-0.19,0.599256026732765,FALSE
"chr17:35249584:35249734:35248997:35250123:SE","SE","ENSMUSG00000007035","Msh5",150,"Regular (>50bp)",-0.051,1,FALSE
"chr17:35250123:35250250:35248997:35250329:SE","SE","ENSMUSG00000007035","Msh5",127,"Regular (>50bp)",-0.021,1,FALSE
"chr17:35252198:35252271:35251845:35252565:SE","SE","ENSMUSG00000007035","Msh5",73,"Regular (>50bp)",-0.047,0.644464753465541,FALSE
"chr17:35257381:35257444:35252694:35258176:SE","SE","ENSMUSG00000007035","Msh5",63,"Regular (>50bp)",0.037,1,FALSE
"chr17:35258176:35258315:35252694:35260445:SE","SE","ENSMUSG00000007035","Msh5",139,"Regular (>50bp)",0.045,0.746312656933695,FALSE
"chr17:35258176:35258315:35257444:35260445:SE","SE","ENSMUSG00000007035","Msh5",139,"Regular (>50bp)",0.009,1,FALSE
"chr17:35258176:35258394:35257444:35260445:SE","SE","ENSMUSG00000007035","Msh5",218,"Regular (>50bp)",0.017,1,FALSE
"chr17:35261073:35261156:35260491:35262704:SE","SE","ENSMUSG00000007035","Msh5",83,"Regular (>50bp)",-0.082,0.468248082832503,FALSE
"chr17:35261073:35261156:35260491:35263000:SE","SE","ENSMUSG00000007035","Msh5",83,"Regular (>50bp)",-0.322,9.86006679279446e-05,TRUE
"chr17:35262704:35262740:35260491:35263000:SE","SE","ENSMUSG00000007035","Msh5",36,"Small (30-50bp)",-0.211,0.00117725420666822,TRUE
"chr17:35262704:35262740:35261156:35263000:SE","SE","ENSMUSG00000007035","Msh5",36,"Small (30-50bp)",0,1,FALSE
"chr17:35263292:35263414:35263110:35264269:SE","SE","ENSMUSG00000007035","Msh5",122,"Regular (>50bp)",-0.034,1,FALSE
"chr17:35263292:35263414:35263110:35264905:SE","SE","ENSMUSG00000007035","Msh5",122,"Regular (>50bp)",-0.011,1,FALSE
"chr17:35263292:35263414:35263110:35265206:SE","SE","ENSMUSG00000007035","Msh5",122,"Regular (>50bp)",0.015,1,FALSE
"chr17:35263292:35263414:35263110:35265675:SE","SE","ENSMUSG00000007035","Msh5",122,"Regular (>50bp)",-0.015,1,FALSE
"chr17:35264089:35264152:35263414:35264269:SE","SE","ENSMUSG00000007035","Msh5",63,"Regular (>50bp)",-0.09,0.903468250034632,FALSE
"chr17:35264269:35264350:35263110:35264905:SE","SE","ENSMUSG00000007035","Msh5",81,"Regular (>50bp)",-0.014,1,FALSE
"chr17:35264269:35264350:35263414:35264905:SE","SE","ENSMUSG00000007035","Msh5",81,"Regular (>50bp)",0.069,1,FALSE
"chr17:35264269:35264350:35263414:35265206:SE","SE","ENSMUSG00000007035","Msh5",81,"Regular (>50bp)",-0.011,1,FALSE
"chr17:35264269:35264350:35263414:35265675:SE","SE","ENSMUSG00000007035","Msh5",81,"Regular (>50bp)",0.014,1,FALSE
"chr17:35264905:35265029:35263110:35265206:SE","SE","ENSMUSG00000007035","Msh5",124,"Regular (>50bp)",0.042,1,FALSE
"chr17:35264905:35265029:35263110:35265675:SE","SE","ENSMUSG00000007035","Msh5",124,"Regular (>50bp)",0.002,1,FALSE
"chr17:35264905:35265029:35263414:35265206:SE","SE","ENSMUSG00000007035","Msh5",124,"Regular (>50bp)",0.005,1,FALSE
"chr17:35264905:35265029:35263414:35265675:SE","SE","ENSMUSG00000007035","Msh5",124,"Regular (>50bp)",-0.027,1,FALSE
"chr17:35264905:35265029:35264350:35265206:SE","SE","ENSMUSG00000007035","Msh5",124,"Regular (>50bp)",-0.046,1,FALSE
"chr17:35264905:35265029:35264350:35265241:SE","SE","ENSMUSG00000007035","Msh5",124,"Regular (>50bp)",0,1,FALSE
"chr17:35264905:35265029:35264350:35265675:SE","SE","ENSMUSG00000007035","Msh5",124,"Regular (>50bp)",-0.006,1,FALSE
"chr17:35265206:35265363:35263110:35265675:SE","SE","ENSMUSG00000007035","Msh5",157,"Regular (>50bp)",-0.027,1,FALSE
"chr17:35265206:35265363:35263414:35265675:SE","SE","ENSMUSG00000007035","Msh5",157,"Regular (>50bp)",-0.009,1,FALSE
"chr17:35265206:35265363:35265029:35265675:SE","SE","ENSMUSG00000007035","Msh5",157,"Regular (>50bp)",-0.055,0.679221212755168,FALSE
"chr17:35265241:35265363:35264350:35265675:SE","SE","ENSMUSG00000007035","Msh5",122,"Regular (>50bp)",-0.011,1,FALSE
"chr17:35265241:35265363:35265029:35265675:SE","SE","ENSMUSG00000007035","Msh5",122,"Regular (>50bp)",-0.076,1,FALSE
"chr2:155850284:155850355:155850148:155850779:SE","SE","ENSMUSG00000005881","Ergic3",71,"Regular (>50bp)",-0.017,0.00295756015512623,FALSE
"chr2:155850483:155850571:155850355:155850779:SE","SE","ENSMUSG00000005881","Ergic3",88,"Regular (>50bp)",-0.002,1,FALSE
"chr2:155852359:155852453:155850899:155853019:SE","SE","ENSMUSG00000005881","Ergic3",94,"Regular (>50bp)",0,1,FALSE
"chr2:155853268:155853326:155853185:155857908:SE","SE","ENSMUSG00000005881","Ergic3",58,"Regular (>50bp)",-0.002,1,FALSE
"chr2:155857296:155857311:155853326:155857908:SE","SE","ENSMUSG00000005881","Ergic3",15,"Microexon (0-30bp)",-0.059,0.110967419981408,FALSE
"chr2:155857908:155857940:155853326:155858607:SE","SE","ENSMUSG00000005881","Ergic3",32,"Small (30-50bp)",0.007,1,FALSE
"chr2:155857908:155857940:155853326:155858625:SE","SE","ENSMUSG00000005881","Ergic3",32,"Small (30-50bp)",-0.002,1,FALSE
"chr2:155858808:155858873:155858722:155859499:SE","SE","ENSMUSG00000005881","Ergic3",65,"Regular (>50bp)",0,1,FALSE
"chr6:142965053:142965155:142963799:142966049:SE","SE","ENSMUSG00000030279","C2cd5",102,"Regular (>50bp)",-0.017,1,FALSE
"chr6:142966049:142966100:142963799:142974885:SE","SE","ENSMUSG00000030279","C2cd5",51,"Regular (>50bp)",-0.083,0.79529640418496,FALSE
"chr6:142976503:142976602:142975937:142976970:SE","SE","ENSMUSG00000030279","C2cd5",99,"Regular (>50bp)",-0.001,1,FALSE
"chr6:142976970:142977032:142976602:142977287:SE","SE","ENSMUSG00000030279","C2cd5",62,"Regular (>50bp)",-0.006,1,FALSE
"chr6:142995850:142995965:142992864:143007478:SE","SE","ENSMUSG00000030279","C2cd5",115,"Regular (>50bp)",0.002,1,FALSE
"chr6:143004871:143004937:142995965:143007478:SE","SE","ENSMUSG00000030279","C2cd5",66,"Regular (>50bp)",0.004,1,FALSE
"chr6:143011911:143011944:143007587:143012781:SE","SE","ENSMUSG00000030279","C2cd5",33,"Small (30-50bp)",0.059,4.84711110148521e-08,FALSE
"chr6:143012781:143012867:143007587:143023988:SE","SE","ENSMUSG00000030279","C2cd5",86,"Regular (>50bp)",0.006,1,FALSE
"chr6:143018268:143018420:143012867:143023988:SE","SE","ENSMUSG00000030279","C2cd5",152,"Regular (>50bp)",-0.002,1,FALSE
"chr6:143019313:143019513:143018420:143023988:SE","SE","ENSMUSG00000030279","C2cd5",200,"Regular (>50bp)",-0.008,1,FALSE
"chr6:143019388:143019513:143012867:143023988:SE","SE","ENSMUSG00000030279","C2cd5",125,"Regular (>50bp)",-0.088,1,FALSE
"chr6:143019388:143019513:143018420:143023988:SE","SE","ENSMUSG00000030279","C2cd5",125,"Regular (>50bp)",-0.016,0.41657735038128,FALSE
"chr6:143023988:143024187:143018420:143025594:SE","SE","ENSMUSG00000030279","C2cd5",199,"Regular (>50bp)",-0.006,1,FALSE
"chr6:143023988:143024187:143019513:143025594:SE","SE","ENSMUSG00000030279","C2cd5",199,"Regular (>50bp)",-0.005,1,FALSE
"chr6:143028888:143029060:143027154:143036324:SE","SE","ENSMUSG00000030279","C2cd5",172,"Regular (>50bp)",0.001,1,FALSE
"chr6:143036324:143036411:143029060:143045403:SE","SE","ENSMUSG00000030279","C2cd5",87,"Regular (>50bp)",-0.002,1,FALSE
"chr6:145083771:145083812:145083333:145083907:SE","SE","ENSMUSG00000030263","Irag2",41,"Small (30-50bp)",0.141,0.220373919054157,FALSE
"chr6:145090674:145090734:145083989:145093361:SE","SE","ENSMUSG00000030263","Irag2",60,"Regular (>50bp)",-0.006,1,FALSE
"chr6:145093704:145093803:145093570:145095012:SE","SE","ENSMUSG00000030263","Irag2",99,"Regular (>50bp)",-0.018,1,FALSE
"chr6:145117380:145117430:145117292:145117709:SE","SE","ENSMUSG00000030263","Irag2",50,"Small (30-50bp)",0.009,1,FALSE
"chr7:4511472:4511582:4510611:4512009:SE","SE","ENSMUSG00000064179","Tnnt1",110,"Regular (>50bp)",-0.101,0.0159130478191829,TRUE
"chr7:4511472:4511624:4510611:4512009:SE","SE","ENSMUSG00000064179","Tnnt1",152,"Regular (>50bp)",-0.213,0.000747977373366288,TRUE
"chr12:109572647:109572777:109570500:109573847:SE","SE","ENSMUSG00000097451","Rian",130,"Regular (>50bp)",-0.508,1.02092732003227e-07,TRUE
"chr12:109583607:109583783:109572775:109586746:SE","SE","ENSMUSG00000097451","Rian",176,"Regular (>50bp)",-0.092,1,FALSE
"chr12:109583607:109583783:109573930:109586746:SE","SE","ENSMUSG00000097451","Rian",176,"Regular (>50bp)",0.344,0.0108037624816995,TRUE
"chr12:109583644:109583783:109572775:109586746:SE","SE","ENSMUSG00000097451","Rian",139,"Regular (>50bp)",-0.076,1,FALSE
"chr12:109596454:109596625:109593587:109601827:SE","SE","ENSMUSG00000097451","Rian",171,"Regular (>50bp)",-0.01,1,FALSE
"chr12:109600627:109600788:109593587:109601827:SE","SE","ENSMUSG00000097451","Rian",161,"Regular (>50bp)",0.011,1,FALSE
"chr12:109600692:109600788:109593587:109601827:SE","SE","ENSMUSG00000097451","Rian",96,"Regular (>50bp)",0.024,1,FALSE
"chr12:109600709:109600788:109593587:109601827:SE","SE","ENSMUSG00000097451","Rian",79,"Regular (>50bp)",0.145,0.0889257363858088,FALSE
"chr12:109601827:109601891:109593566:109604272:SE","SE","ENSMUSG00000097451","Rian",64,"Regular (>50bp)",0.237,0.400708204602285,FALSE
"chr12:109601827:109601891:109593587:109604272:SE","SE","ENSMUSG00000097451","Rian",64,"Regular (>50bp)",0.011,1,FALSE
"chr12:109604272:109604360:109593587:109606700:SE","SE","ENSMUSG00000097451","Rian",88,"Regular (>50bp)",-0.044,1,FALSE
"chr12:109608998:109609086:109606762:109609847:SE","SE","ENSMUSG00000097451","Rian",88,"Regular (>50bp)",-0.014,1,FALSE
"chr12:109609847:109609895:109606762:109611695:SE","SE","ENSMUSG00000097451","Rian",48,"Small (30-50bp)",0.04,0.0735868728325521,FALSE
"chr12:109611237:109611336:109609895:109611695:SE","SE","ENSMUSG00000097451","Rian",99,"Regular (>50bp)",0.076,1,FALSE
"chr12:109619134:109619149:109618372:109620719:SE","SE","ENSMUSG00000097451","Rian",15,"Microexon (0-30bp)",-0.003,1,FALSE
"chr12:109619134:109619149:109618372:109622282:SE","SE","ENSMUSG00000097451","Rian",15,"Microexon (0-30bp)",-0.005,1,FALSE
"chr12:109620719:109620866:109618372:109622282:SE","SE","ENSMUSG00000097451","Rian",147,"Regular (>50bp)",-0.027,0.730719543634254,FALSE
"chr12:109620719:109620866:109619149:109622282:SE","SE","ENSMUSG00000097451","Rian",147,"Regular (>50bp)",-0.021,1,FALSE
"chr12:109620735:109620866:109619149:109622282:SE","SE","ENSMUSG00000097451","Rian",131,"Regular (>50bp)",-0.015,1,FALSE
"chr12:109622282:109622368:109620866:109623221:SE","SE","ENSMUSG00000097451","Rian",86,"Regular (>50bp)",0.001,1,FALSE
"chr12:109623221:109623265:109622368:109624486:SE","SE","ENSMUSG00000097451","Rian",44,"Small (30-50bp)",0.022,1,FALSE
"chr12:109623221:109623265:109622368:109624491:SE","SE","ENSMUSG00000097451","Rian",44,"Small (30-50bp)",0.072,0.849010974032635,FALSE
"chr12:109623221:109623274:109622368:109624486:SE","SE","ENSMUSG00000097451","Rian",53,"Regular (>50bp)",0.01,1,FALSE
"chr12:109623221:109623274:109622368:109624491:SE","SE","ENSMUSG00000097451","Rian",53,"Regular (>50bp)",0.073,0.574699325113858,FALSE
"chr12:70298793:70298817:70298034:70314835:SE","SE","ENSMUSG00000021071","Trim9",24,"Microexon (0-30bp)",0.3,0.0126767727515466,TRUE
"chr12:70299216:70299258:70298817:70314835:SE","SE","ENSMUSG00000021071","Trim9",42,"Small (30-50bp)",-0.006,1,FALSE
"chr12:70301811:70302000:70299258:70314007:SE","SE","ENSMUSG00000021071","Trim9",189,"Regular (>50bp)",-0.098,1,FALSE
"chr12:70301811:70302000:70299258:70314835:SE","SE","ENSMUSG00000021071","Trim9",189,"Regular (>50bp)",0.068,1,FALSE
"chr12:70314007:70314037:70298034:70314835:SE","SE","ENSMUSG00000021071","Trim9",30,"Microexon (0-30bp)",-0.075,0.0454766880599624,FALSE
"chr12:70314007:70314037:70299258:70314835:SE","SE","ENSMUSG00000021071","Trim9",30,"Microexon (0-30bp)",-0.04,1,FALSE
"chr12:70314007:70314037:70302000:70314835:SE","SE","ENSMUSG00000021071","Trim9",30,"Microexon (0-30bp)",-0.113,0.805585329538246,FALSE
"chr12:70314007:70314040:70298034:70314835:SE","SE","ENSMUSG00000021071","Trim9",33,"Small (30-50bp)",0.281,0.011806652062461,TRUE
"chr12:70314007:70314040:70299258:70314835:SE","SE","ENSMUSG00000021071","Trim9",33,"Small (30-50bp)",0.155,0.0506301685710962,FALSE
"chr12:70314007:70314040:70302000:70314835:SE","SE","ENSMUSG00000021071","Trim9",33,"Small (30-50bp)",0.1,1,FALSE
"chr7:102003707:102003838:101917760:102035293:SE","SE","ENSMUSG00000030987","Stim1",131,"Regular (>50bp)",-0.002,1,FALSE
"chr7:102035293:102035408:102003838:102057573:SE","SE","ENSMUSG00000030987","Stim1",115,"Regular (>50bp)",0.004,1,FALSE
"chr7:102060455:102060571:102057685:102064544:SE","SE","ENSMUSG00000030987","Stim1",116,"Regular (>50bp)",-0.001,1,FALSE
"chr7:102077980:102078073:102076524:102080091:SE","SE","ENSMUSG00000030987","Stim1",93,"Regular (>50bp)",-0.081,0.00180500359869244,FALSE
"chr7:102082403:102082440:102080158:102084590:SE","SE","ENSMUSG00000030987","Stim1",37,"Small (30-50bp)",0.027,0.999636753158122,FALSE
"chr7:24010889:24010928:24008622:24011806:SE","SE","ENSMUSG00000074282","Zfp94",39,"Small (30-50bp)",0.062,0.934230327895217,FALSE
"chr7:28467056:28467103:28466292:28471235:SE","SE","ENSMUSG00000015149","Sirt2",47,"Small (30-50bp)",0.119,1.55769933639511e-10,TRUE
"chr7:28467056:28467103:28466292:28476282:SE","SE","ENSMUSG00000015149","Sirt2",47,"Small (30-50bp)",0.055,1,FALSE
"chr7:28471235:28471284:28466292:28471519:SE","SE","ENSMUSG00000015149","Sirt2",49,"Small (30-50bp)",0.003,1,FALSE
"chr7:28471235:28471284:28466292:28476282:SE","SE","ENSMUSG00000015149","Sirt2",49,"Small (30-50bp)",-0.198,0.218882763335278,FALSE
"chr7:28471235:28471284:28467103:28476282:SE","SE","ENSMUSG00000015149","Sirt2",49,"Small (30-50bp)",0.011,1,FALSE
"chr7:28471519:28471633:28466292:28476282:SE","SE","ENSMUSG00000015149","Sirt2",114,"Regular (>50bp)",-0.004,1,FALSE
"chr7:28471519:28471633:28471284:28476282:SE","SE","ENSMUSG00000015149","Sirt2",114,"Regular (>50bp)",0,1,FALSE
"chr7:28476420:28476527:28476324:28476615:SE","SE","ENSMUSG00000015149","Sirt2",107,"Regular (>50bp)",0,1,FALSE
"chr7:28478346:28478415:28466292:28482193:SE","SE","ENSMUSG00000015149","Sirt2",69,"Regular (>50bp)",-0.002,1,FALSE
"chr7:28478346:28478415:28476672:28482193:SE","SE","ENSMUSG00000015149","Sirt2",69,"Regular (>50bp)",0.001,1,FALSE
"chr7:28485088:28485144:28484864:28485230:SE","SE","ENSMUSG00000015149","Sirt2",56,"Regular (>50bp)",0.002,1,FALSE
"chr7:28485088:28485307:28484864:28485389:SE","SE","ENSMUSG00000015149","Sirt2",219,"Regular (>50bp)",0.001,1,FALSE
"chr7:28485230:28485307:28484864:28485389:SE","SE","ENSMUSG00000015149","Sirt2",77,"Regular (>50bp)",0.003,1,FALSE
"chr7:28487007:28487078:28485441:28487186:SE","SE","ENSMUSG00000015149","Sirt2",71,"Regular (>50bp)",-0.002,1,FALSE
"chr7:28487186:28487253:28487078:28487341:SE","SE","ENSMUSG00000015149","Sirt2",67,"Regular (>50bp)",-0.005,1,FALSE
"chr9:21368798:21368872:21336552:21376877:SE","SE","ENSMUSG00000033335","Dnm2",74,"Regular (>50bp)",-0.005,1,FALSE
"chr9:21376877:21377027:21368872:21378827:SE","SE","ENSMUSG00000033335","Dnm2",150,"Regular (>50bp)",0.002,1,FALSE
"chr9:21390194:21390333:21389644:21391702:SE","SE","ENSMUSG00000033335","Dnm2",139,"Regular (>50bp)",0.001,1,FALSE
"chr9:21391702:21391841:21390333:21392628:SE","SE","ENSMUSG00000033335","Dnm2",139,"Regular (>50bp)",0.019,1,FALSE
"chr9:21396946:21397017:21392715:21401038:SE","SE","ENSMUSG00000033335","Dnm2",71,"Regular (>50bp)",-0.001,1,FALSE
"chr9:21398342:21398372:21397017:21401038:SE","SE","ENSMUSG00000033335","Dnm2",30,"Microexon (0-30bp)",0.001,1,FALSE
"chr9:21401953:21401965:21401090:21405799:SE","SE","ENSMUSG00000033335","Dnm2",12,"Microexon (0-30bp)",-0.016,1,FALSE
"chr9:21411553:21411665:21410663:21414837:SE","SE","ENSMUSG00000033335","Dnm2",112,"Regular (>50bp)",0,1,FALSE
"chr15:89409362:89409476:89405576:89415545:SE","SE","ENSMUSG00000022623","Shank3",114,"Regular (>50bp)",-0.081,1,FALSE
"chr7:44992976:44993003:44991925:44993164:SE","SE","ENSMUSG00000003863","Ppfia3",27,"Microexon (0-30bp)",0.08,0.873760131925769,FALSE
"chr7:44996847:44996929:44996356:44997151:SE","SE","ENSMUSG00000003863","Ppfia3",82,"Regular (>50bp)",-0.009,1,FALSE
"chr5:122494856:122494868:122492539:122498075:SE","SE","ENSMUSG00000029462","Vps29",12,"Microexon (0-30bp)",0.062,0.0468902718751602,FALSE
"chr5:122494856:122494868:122492539:122498091:SE","SE","ENSMUSG00000029462","Vps29",12,"Microexon (0-30bp)",0.169,0.0526568580765769,FALSE
"chr5:122497714:122497760:122492539:122498075:SE","SE","ENSMUSG00000029462","Vps29",46,"Small (30-50bp)",0,1,FALSE
"chr5:122497714:122497760:122494868:122498075:SE","SE","ENSMUSG00000029462","Vps29",46,"Small (30-50bp)",0,1,FALSE
"chr5:122498008:122498267:122492539:122500098:SE","SE","ENSMUSG00000029462","Vps29",259,"Regular (>50bp)",0.002,1,FALSE
"chr5:122498075:122498267:122492539:122500098:SE","SE","ENSMUSG00000029462","Vps29",192,"Regular (>50bp)",0.001,1,FALSE
"chr5:122498091:122498267:122492539:122500098:SE","SE","ENSMUSG00000029462","Vps29",176,"Regular (>50bp)",0.002,1,FALSE
"chr5:122500098:122500334:122498267:122500867:SE","SE","ENSMUSG00000029462","Vps29",236,"Regular (>50bp)",-0.003,1,FALSE
"chr7:89809655:89809798:89779910:89814721:SE","SE","ENSMUSG00000039361","Picalm",143,"Regular (>50bp)",-0.001,1,FALSE
"chr7:89810467:89810543:89809798:89814721:SE","SE","ENSMUSG00000039361","Picalm",76,"Regular (>50bp)",0.003,1,FALSE
"chr7:89814721:89814824:89779910:89818389:SE","SE","ENSMUSG00000039361","Picalm",103,"Regular (>50bp)",0.008,1,FALSE
"chr7:89831426:89831576:89826811:89838357:SE","SE","ENSMUSG00000039361","Picalm",150,"Regular (>50bp)",-0.01,1,FALSE
"chr7:89843480:89843504:89840961:89844862:SE","SE","ENSMUSG00000039361","Picalm",24,"Microexon (0-30bp)",-0.188,1.78979631253235e-11,TRUE
"chr7:89846123:89846228:89844922:89856790:SE","SE","ENSMUSG00000039361","Picalm",105,"Regular (>50bp)",-0.003,1,FALSE
"chr7:89855367:89855469:89846228:89856790:SE","SE","ENSMUSG00000039361","Picalm",102,"Regular (>50bp)",-0.005,1,FALSE
"chr7:100363321:100363361:100356100:100436010:SE","SE","ENSMUSG00000029461","Fam168a",40,"Small (30-50bp)",0.004,1,FALSE
"chr7:100467942:100467969:100462207:100473338:SE","SE","ENSMUSG00000029461","Fam168a",27,"Microexon (0-30bp)",-0.253,3.86870988106723e-10,TRUE
"chr7:100467942:100467969:100462207:100480534:SE","SE","ENSMUSG00000029461","Fam168a",27,"Microexon (0-30bp)",-0.172,0.379824607066961,FALSE
"chr7:100473338:100473464:100462207:100480534:SE","SE","ENSMUSG00000029461","Fam168a",126,"Regular (>50bp)",-0.012,0.844534681291875,FALSE
"chr7:100473338:100473464:100467969:100480534:SE","SE","ENSMUSG00000029461","Fam168a",126,"Regular (>50bp)",0.003,1,FALSE
"chr7:100480534:100480677:100473464:100483215:SE","SE","ENSMUSG00000029461","Fam168a",143,"Regular (>50bp)",0.001,1,FALSE
"chr7:100483215:100483390:100436098:100484533:SE","SE","ENSMUSG00000029461","Fam168a",175,"Regular (>50bp)",-0.003,1,FALSE
"chr9:86651511:86651614:86649389:86655571:SE","SE","ENSMUSG00000033419","Snap91",103,"Regular (>50bp)",-0.051,0.0151563230273504,FALSE
"chr9:86651511:86651614:86649389:86657644:SE","SE","ENSMUSG00000033419","Snap91",103,"Regular (>50bp)",-0.002,1,FALSE
"chr9:86655571:86655676:86649389:86657644:SE","SE","ENSMUSG00000033419","Snap91",105,"Regular (>50bp)",-0.004,1,FALSE
"chr9:86655571:86655676:86651614:86657644:SE","SE","ENSMUSG00000033419","Snap91",105,"Regular (>50bp)",0,1,FALSE
"chr9:86656249:86656333:86655676:86657644:SE","SE","ENSMUSG00000033419","Snap91",84,"Regular (>50bp)",-0.035,0.0132533969455045,FALSE
"chr9:86663622:86663757:86659117:86665352:SE","SE","ENSMUSG00000033419","Snap91",135,"Regular (>50bp)",0.002,1,FALSE
"chr9:86663622:86663772:86659117:86665352:SE","SE","ENSMUSG00000033419","Snap91",150,"Regular (>50bp)",0.001,1,FALSE
"chr9:86672108:86672192:86665487:86673537:SE","SE","ENSMUSG00000033419","Snap91",84,"Regular (>50bp)",-0.001,1,FALSE
"chr9:86672108:86672192:86665487:86674006:SE","SE","ENSMUSG00000033419","Snap91",84,"Regular (>50bp)",-0.018,1,FALSE
"chr9:86672108:86672192:86665487:86686507:SE","SE","ENSMUSG00000033419","Snap91",84,"Regular (>50bp)",0.045,1,FALSE
"chr9:86673537:86673621:86665487:86674006:SE","SE","ENSMUSG00000033419","Snap91",84,"Regular (>50bp)",-0.025,1,FALSE
"chr9:86673537:86673621:86672192:86674006:SE","SE","ENSMUSG00000033419","Snap91",84,"Regular (>50bp)",-0.01,1,FALSE
"chr9:86674216:86674294:86674078:86674519:SE","SE","ENSMUSG00000033419","Snap91",78,"Regular (>50bp)",-0.001,1,FALSE
"chr9:86674216:86674294:86674078:86680590:SE","SE","ENSMUSG00000033419","Snap91",78,"Regular (>50bp)",-0.017,1,FALSE
"chr9:86674519:86674789:86674294:86675409:SE","SE","ENSMUSG00000033419","Snap91",270,"Regular (>50bp)",-0.004,0.798821724768438,FALSE
"chr9:86675409:86675517:86665487:86680590:SE","SE","ENSMUSG00000033419","Snap91",108,"Regular (>50bp)",0.023,0.334092737423902,FALSE
"chr9:86675409:86675517:86665487:86680882:SE","SE","ENSMUSG00000033419","Snap91",108,"Regular (>50bp)",0.149,1,FALSE
"chr9:86675409:86675517:86665487:86686507:SE","SE","ENSMUSG00000033419","Snap91",108,"Regular (>50bp)",0.048,0.000362304878143219,FALSE
"chr9:86675409:86675517:86674294:86680590:SE","SE","ENSMUSG00000033419","Snap91",108,"Regular (>50bp)",-0.001,1,FALSE
"chr9:86675409:86675517:86674294:86680882:SE","SE","ENSMUSG00000033419","Snap91",108,"Regular (>50bp)",-0.133,0.499190357105482,FALSE
"chr9:86675409:86675517:86674789:86680590:SE","SE","ENSMUSG00000033419","Snap91",108,"Regular (>50bp)",-0.001,1,FALSE
"chr9:86680590:86680752:86665487:86680882:SE","SE","ENSMUSG00000033419","Snap91",162,"Regular (>50bp)",0.001,1,FALSE
"chr9:86680590:86680752:86665487:86686507:SE","SE","ENSMUSG00000033419","Snap91",162,"Regular (>50bp)",0.068,0.000918910969114462,FALSE
"chr9:86680590:86680752:86674294:86680882:SE","SE","ENSMUSG00000033419","Snap91",162,"Regular (>50bp)",-0.005,1,FALSE
"chr9:86680590:86680752:86675517:86680882:SE","SE","ENSMUSG00000033419","Snap91",162,"Regular (>50bp)",-0.045,7.80189800079187e-11,FALSE
"chr9:86680590:86680752:86675517:86686507:SE","SE","ENSMUSG00000033419","Snap91",162,"Regular (>50bp)",-0.027,0.00344117656802833,FALSE
"chr9:86680882:86680897:86665487:86686507:SE","SE","ENSMUSG00000033419","Snap91",15,"Microexon (0-30bp)",0.07,0.137165684940095,FALSE
"chr9:86680882:86680897:86675517:86686507:SE","SE","ENSMUSG00000033419","Snap91",15,"Microexon (0-30bp)",-0.041,0.560515441181142,FALSE
"chr9:86680882:86680897:86680752:86686507:SE","SE","ENSMUSG00000033419","Snap91",15,"Microexon (0-30bp)",-0.02,0.000233978219224129,FALSE
"chr9:86691573:86691601:86688631:86697482:SE","SE","ENSMUSG00000033419","Snap91",28,"Microexon (0-30bp)",-0.001,1,FALSE
"chr9:86691573:86691601:86688631:86703784:SE","SE","ENSMUSG00000033419","Snap91",28,"Microexon (0-30bp)",-0.002,1,FALSE
"chr9:86691703:86691709:86691601:86697482:SE","SE","ENSMUSG00000033419","Snap91",6,"Microexon (0-30bp)",-0.004,1,FALSE
"chr9:86697482:86697553:86688631:86703784:SE","SE","ENSMUSG00000033419","Snap91",71,"Regular (>50bp)",-0.002,1,FALSE
"chr9:86697482:86697553:86691601:86703784:SE","SE","ENSMUSG00000033419","Snap91",71,"Regular (>50bp)",-0.002,1,FALSE
"chr9:86717161:86717273:86707130:86718680:SE","SE","ENSMUSG00000033419","Snap91",112,"Regular (>50bp)",-0.001,1,FALSE
"chr9:86718680:86718774:86707130:86761474:SE","SE","ENSMUSG00000033419","Snap91",94,"Regular (>50bp)",0.095,1,FALSE
"chr9:86720083:86720186:86718774:86761474:SE","SE","ENSMUSG00000033419","Snap91",103,"Regular (>50bp)",-0.008,1,FALSE
"chr9:86720844:86720920:86720186:86761474:SE","SE","ENSMUSG00000033419","Snap91",76,"Regular (>50bp)",-0.003,1,FALSE
"chr9:86721564:86721707:86720920:86761474:SE","SE","ENSMUSG00000033419","Snap91",143,"Regular (>50bp)",-0.003,1,FALSE
"chr9:86761474:86761634:86721707:86762313:SE","SE","ENSMUSG00000033419","Snap91",160,"Regular (>50bp)",0,1,FALSE
"chr9:86761474:86761634:86721707:86762524:SE","SE","ENSMUSG00000033419","Snap91",160,"Regular (>50bp)",0,1,FALSE
"chr3:87589166:87589199:87526099:87590792:SE","SE","ENSMUSG00000041977","Arhgef11",33,"Small (30-50bp)",0.067,0.00024910576506058,FALSE
"chr3:87595120:87595299:87594279:87596085:SE","SE","ENSMUSG00000041977","Arhgef11",179,"Regular (>50bp)",0.005,1,FALSE
"chr3:87602704:87602824:87596157:87604651:SE","SE","ENSMUSG00000041977","Arhgef11",120,"Regular (>50bp)",-0.106,0.00114814519812022,TRUE
"chr3:87606071:87606209:87605371:87609464:SE","SE","ENSMUSG00000041977","Arhgef11",138,"Regular (>50bp)",-0.049,2.78608904932752e-05,FALSE
"chr3:87625535:87625565:87624827:87629663:SE","SE","ENSMUSG00000041977","Arhgef11",30,"Microexon (0-30bp)",0.041,0.586506747957349,FALSE
"chr3:87629663:87629790:87624827:87632785:SE","SE","ENSMUSG00000041977","Arhgef11",127,"Regular (>50bp)",-0.027,1,FALSE
"chr3:87635269:87635387:87634802:87635822:SE","SE","ENSMUSG00000041977","Arhgef11",118,"Regular (>50bp)",-0.013,1,FALSE
"chr3:87635822:87636001:87635387:87636511:SE","SE","ENSMUSG00000041977","Arhgef11",179,"Regular (>50bp)",-0.001,1,FALSE
"chr3:87636791:87636959:87636587:87637715:SE","SE","ENSMUSG00000041977","Arhgef11",168,"Regular (>50bp)",0.001,1,FALSE
"chr3:87637715:87637806:87636959:87638482:SE","SE","ENSMUSG00000041977","Arhgef11",91,"Regular (>50bp)",-0.006,1,FALSE
"chr3:87641730:87641859:87640811:87642651:SE","SE","ENSMUSG00000041977","Arhgef11",129,"Regular (>50bp)",0.015,0.204687356054004,FALSE
"chr3:87643112:87643302:87642878:87644350:SE","SE","ENSMUSG00000041977","Arhgef11",190,"Regular (>50bp)",-0.001,1,FALSE
"chr11:78909125:78909206:78907089:78910387:SE","SE","ENSMUSG00000018334","Ksr1",81,"Regular (>50bp)",0.003,1,FALSE
"chr11:78909125:78909206:78908162:78910387:SE","SE","ENSMUSG00000018334","Ksr1",81,"Regular (>50bp)",-0.013,1,FALSE
"chr11:78921906:78921948:78919909:78924043:SE","SE","ENSMUSG00000018334","Ksr1",42,"Small (30-50bp)",0.18,0.0781083084364228,FALSE
"chr11:78965171:78965312:78938270:79036880:SE","SE","ENSMUSG00000018334","Ksr1",141,"Regular (>50bp)",0.04,1,FALSE
"chr11:116231163:116231204:116229656:116235020:SE","SE","ENSMUSG00000052949","Rnf157",41,"Small (30-50bp)",0.231,1.79336774189163e-12,TRUE
"chr11:116245190:116245303:116241024:116245461:SE","SE","ENSMUSG00000052949","Rnf157",113,"Regular (>50bp)",-0.001,1,FALSE
"chr11:116245461:116245621:116241024:116246270:SE","SE","ENSMUSG00000052949","Rnf157",160,"Regular (>50bp)",-0.002,1,FALSE
"chr11:116246270:116246342:116241024:116249494:SE","SE","ENSMUSG00000052949","Rnf157",72,"Regular (>50bp)",-0.016,1,FALSE
"chr2:80454669:80454704:80451584:80472968:SE","SE","ENSMUSG00000026999","Nup35",35,"Small (30-50bp)",-0.167,0.232361331550775,FALSE
"chr2:80474495:80474623:80473139:80476752:SE","SE","ENSMUSG00000026999","Nup35",128,"Regular (>50bp)",-0.055,1,FALSE
"chr2:80485136:80485206:80483339:80486292:SE","SE","ENSMUSG00000026999","Nup35",70,"Regular (>50bp)",-0.006,1,FALSE
"chr2:80485136:80485206:80483339:80487532:SE","SE","ENSMUSG00000026999","Nup35",70,"Regular (>50bp)",0.076,1,FALSE
"chr2:80486292:80486421:80485206:80487532:SE","SE","ENSMUSG00000026999","Nup35",129,"Regular (>50bp)",-0.004,1,FALSE
"chr2:80486292:80487697:80485206:80488664:SE","SE","ENSMUSG00000026999","Nup35",1405,"Regular (>50bp)",-0.008,1,FALSE
"chr2:80487532:80487697:80485206:80488664:SE","SE","ENSMUSG00000026999","Nup35",165,"Regular (>50bp)",-0.014,1,FALSE
"chr7:141538585:141538702:141538271:141539170:SE","SE","ENSMUSG00000053046","Brsk2",117,"Regular (>50bp)",-0.002,1,FALSE
"chr7:141539622:141539670:141539515:141541158:SE","SE","ENSMUSG00000053046","Brsk2",48,"Small (30-50bp)",-0.005,1,FALSE
"chr7:141539622:141539769:141539515:141541158:SE","SE","ENSMUSG00000053046","Brsk2",147,"Regular (>50bp)",-0.001,1,FALSE
"chr7:141541158:141541190:141539769:141541487:SE","SE","ENSMUSG00000053046","Brsk2",32,"Small (30-50bp)",0.012,1,FALSE
"chr7:141542022:141542173:141541948:141545976:SE","SE","ENSMUSG00000053046","Brsk2",151,"Regular (>50bp)",0.002,1,FALSE
"chr7:141544084:141544150:141542173:141545976:SE","SE","ENSMUSG00000053046","Brsk2",66,"Regular (>50bp)",-0.046,0.725813987439091,FALSE
"chr7:141552656:141552751:141552459:141554578:SE","SE","ENSMUSG00000053046","Brsk2",95,"Regular (>50bp)",-0.145,0.00100616872555047,TRUE
"chr7:141552656:141552751:141552459:141555799:SE","SE","ENSMUSG00000053046","Brsk2",95,"Regular (>50bp)",0,1,FALSE
"chr7:141552656:141552751:141552459:141556211:SE","SE","ENSMUSG00000053046","Brsk2",95,"Regular (>50bp)",-0.061,1,FALSE
"chr7:141554578:141554623:141552459:141556211:SE","SE","ENSMUSG00000053046","Brsk2",45,"Small (30-50bp)",0.107,0.00219104248196706,TRUE
"chr7:141554578:141554626:141552459:141555799:SE","SE","ENSMUSG00000053046","Brsk2",48,"Small (30-50bp)",0.052,1,FALSE
"chr7:141554578:141554626:141552459:141556211:SE","SE","ENSMUSG00000053046","Brsk2",48,"Small (30-50bp)",0.112,0.142940615683337,FALSE
"chr7:141554578:141554626:141552751:141555799:SE","SE","ENSMUSG00000053046","Brsk2",48,"Small (30-50bp)",-0.146,0.000964330749843827,TRUE
"chr7:141554578:141554626:141552751:141556211:SE","SE","ENSMUSG00000053046","Brsk2",48,"Small (30-50bp)",0.118,0.191517597946653,FALSE
"chr7:141554578:141554626:141552751:141557729:SE","SE","ENSMUSG00000053046","Brsk2",48,"Small (30-50bp)",0.026,1,FALSE
"chr7:144032763:144032834:144031726:144034821:SE","SE","ENSMUSG00000037519","Ppfia1",71,"Regular (>50bp)",-0.006,1,FALSE
"chr7:144034821:144034987:144032834:144035447:SE","SE","ENSMUSG00000037519","Ppfia1",166,"Regular (>50bp)",-0.005,1,FALSE
"chr7:144042427:144042454:144038945:144042933:SE","SE","ENSMUSG00000037519","Ppfia1",27,"Microexon (0-30bp)",0.079,0.426270117597822,FALSE
"chr7:144042427:144042454:144038945:144045188:SE","SE","ENSMUSG00000037519","Ppfia1",27,"Microexon (0-30bp)",-0.002,1,FALSE
"chr7:144042427:144042454:144038948:144042933:SE","SE","ENSMUSG00000037519","Ppfia1",27,"Microexon (0-30bp)",-0.245,3.10346821548892e-05,TRUE
"chr7:144042427:144042454:144038948:144045188:SE","SE","ENSMUSG00000037519","Ppfia1",27,"Microexon (0-30bp)",-0.113,0.749545948739057,FALSE
"chr7:144042933:144042996:144042454:144045188:SE","SE","ENSMUSG00000037519","Ppfia1",63,"Regular (>50bp)",0.011,1,FALSE
"chr7:144056603:144056633:144054140:144058639:SE","SE","ENSMUSG00000037519","Ppfia1",30,"Microexon (0-30bp)",0.171,8.62476499492149e-05,TRUE
"chr7:144064610:144064673:144064098:144066982:SE","SE","ENSMUSG00000037519","Ppfia1",63,"Regular (>50bp)",-0.002,1,FALSE
"chr7:144068608:144068683:144068261:144069722:SE","SE","ENSMUSG00000037519","Ppfia1",75,"Regular (>50bp)",0.019,1,FALSE
"chr7:144074361:144074526:144073787:144106006:SE","SE","ENSMUSG00000037519","Ppfia1",165,"Regular (>50bp)",-0.003,1,FALSE
"chr7:144074696:144074798:144074526:144106006:SE","SE","ENSMUSG00000037519","Ppfia1",102,"Regular (>50bp)",0,1,FALSE
"chr8:11254535:11254552:11253008:11256225:SE","SE","ENSMUSG00000031502","Col4a1",17,"Microexon (0-30bp)",-0.264,6.10355387630414e-14,TRUE
"chr8:11257193:11257406:11256403:11259521:SE","SE","ENSMUSG00000031502","Col4a1",213,"Regular (>50bp)",0.006,1,FALSE
"chr8:11258232:11258331:11257406:11259521:SE","SE","ENSMUSG00000031502","Col4a1",99,"Regular (>50bp)",0.002,1,FALSE
"chr8:11296862:11296907:11295937:11317596:SE","SE","ENSMUSG00000031502","Col4a1",45,"Small (30-50bp)",-0.004,1,FALSE
"chr8:11297005:11297095:11296907:11317596:SE","SE","ENSMUSG00000031502","Col4a1",90,"Regular (>50bp)",0.001,1,FALSE
"chr8:48688324:48689936:48685173:48693279:SE","SE","ENSMUSG00000031561","Tenm3",1612,"Regular (>50bp)",0.022,0.000446945057221693,FALSE
"chr8:48693279:48693576:48685173:48707444:SE","SE","ENSMUSG00000031561","Tenm3",297,"Regular (>50bp)",0.004,1,FALSE
"chr8:48740167:48740188:48732225:48740825:SE","SE","ENSMUSG00000031561","Tenm3",21,"Microexon (0-30bp)",0.053,0.316080272937809,FALSE
"chr8:48766272:48766299:48763804:48788623:SE","SE","ENSMUSG00000031561","Tenm3",27,"Microexon (0-30bp)",-0.107,0.000820526485570748,TRUE
"chr8:48766272:48766299:48763804:48820345:SE","SE","ENSMUSG00000031561","Tenm3",27,"Microexon (0-30bp)",0.16,0.179013379737461,FALSE
"chr8:48788623:48788809:48763804:48820345:SE","SE","ENSMUSG00000031561","Tenm3",186,"Regular (>50bp)",0.048,0.0135965552355609,FALSE
"chr8:48788623:48788809:48766299:48820345:SE","SE","ENSMUSG00000031561","Tenm3",186,"Regular (>50bp)",0.007,1,FALSE
"chr8:48795291:48795486:48794189:48795649:SE","SE","ENSMUSG00000031561","Tenm3",195,"Regular (>50bp)",0.003,1,FALSE
"chr8:48848470:48848709:48820468:48870042:SE","SE","ENSMUSG00000031561","Tenm3",239,"Regular (>50bp)",0.001,1,FALSE
"chr8:48870042:48870280:48848709:49008187:SE","SE","ENSMUSG00000031561","Tenm3",238,"Regular (>50bp)",0.008,1,FALSE
"chr8:49099292:49099571:48870280:49127444:SE","SE","ENSMUSG00000031561","Tenm3",279,"Regular (>50bp)",-0.07,0.384701739948195,FALSE
"chr8:57758289:57758331:57757467:57760113:SE","SE","ENSMUSG00000100510","Hand2os1",42,"Small (30-50bp)",0.029,1,FALSE
"chr8:57758289:57758450:57746227:57760113:SE","SE","ENSMUSG00000100510","Hand2os1",161,"Regular (>50bp)",0.001,1,FALSE
"chr8:57758289:57758450:57757467:57760113:SE","SE","ENSMUSG00000100510","Hand2os1",161,"Regular (>50bp)",0.006,1,FALSE
"chr8:57758289:57758484:57757467:57760113:SE","SE","ENSMUSG00000100510","Hand2os1",195,"Regular (>50bp)",0.049,1,FALSE
"chr8:57760113:57760183:57758450:57766673:SE","SE","ENSMUSG00000100510","Hand2os1",70,"Regular (>50bp)",0.001,1,FALSE
"chr8:57760113:57760183:57758450:57767549:SE","SE","ENSMUSG00000100510","Hand2os1",70,"Regular (>50bp)",-0.001,1,FALSE
"chr8:57760113:57760206:57758450:57766673:SE","SE","ENSMUSG00000100510","Hand2os1",93,"Regular (>50bp)",0.001,1,FALSE
"chr8:57760113:57760206:57758450:57767549:SE","SE","ENSMUSG00000100510","Hand2os1",93,"Regular (>50bp)",-0.001,1,FALSE
"chr8:57760113:57760210:57746227:57766673:SE","SE","ENSMUSG00000100510","Hand2os1",97,"Regular (>50bp)",0.009,1,FALSE
"chr8:57760113:57760210:57746227:57767549:SE","SE","ENSMUSG00000100510","Hand2os1",97,"Regular (>50bp)",0.002,1,FALSE
"chr8:57760113:57760210:57746227:57773218:SE","SE","ENSMUSG00000100510","Hand2os1",97,"Regular (>50bp)",0.009,1,FALSE
"chr8:57760113:57760210:57758450:57766673:SE","SE","ENSMUSG00000100510","Hand2os1",97,"Regular (>50bp)",0.001,1,FALSE
"chr8:57760113:57760210:57758450:57767549:SE","SE","ENSMUSG00000100510","Hand2os1",97,"Regular (>50bp)",0,1,FALSE
"chr8:57760113:57760210:57758331:57767549:SE","SE","ENSMUSG00000100510","Hand2os1",97,"Regular (>50bp)",0.001,1,FALSE
"chr8:57766673:57766872:57746227:57767549:SE","SE","ENSMUSG00000100510","Hand2os1",199,"Regular (>50bp)",0.008,1,FALSE
"chr8:57766673:57766872:57758450:57767549:SE","SE","ENSMUSG00000100510","Hand2os1",199,"Regular (>50bp)",-0.005,1,FALSE
"chr8:57766673:57766872:57760206:57767549:SE","SE","ENSMUSG00000100510","Hand2os1",199,"Regular (>50bp)",0.044,0.749621813003531,FALSE
"chr8:57766673:57766872:57760210:57767549:SE","SE","ENSMUSG00000100510","Hand2os1",199,"Regular (>50bp)",0.013,1,FALSE
"chr8:57766673:57766872:57760183:57767549:SE","SE","ENSMUSG00000100510","Hand2os1",199,"Regular (>50bp)",-0.02,0.561644256988704,FALSE
"chr8:57767549:57767646:57760210:57771440:SE","SE","ENSMUSG00000100510","Hand2os1",97,"Regular (>50bp)",-0.011,1,FALSE
"chr8:57767549:57767646:57760210:57773218:SE","SE","ENSMUSG00000100510","Hand2os1",97,"Regular (>50bp)",-0.084,0.0180123043990263,FALSE
"chr8:57767549:57767649:57760210:57771440:SE","SE","ENSMUSG00000100510","Hand2os1",100,"Regular (>50bp)",-0.009,1,FALSE
"chr8:57767549:57767649:57760210:57772519:SE","SE","ENSMUSG00000100510","Hand2os1",100,"Regular (>50bp)",-0.003,1,FALSE
"chr8:57767549:57767649:57760210:57773218:SE","SE","ENSMUSG00000100510","Hand2os1",100,"Regular (>50bp)",-0.042,0.145883755477817,FALSE
"chr8:57767549:57767649:57760210:57773723:SE","SE","ENSMUSG00000100510","Hand2os1",100,"Regular (>50bp)",0.018,0.550706318007945,FALSE
"chr8:57767549:57767649:57760206:57773218:SE","SE","ENSMUSG00000100510","Hand2os1",100,"Regular (>50bp)",0.001,1,FALSE
"chr8:57767549:57767649:57760183:57773218:SE","SE","ENSMUSG00000100510","Hand2os1",100,"Regular (>50bp)",-0.002,1,FALSE
"chr8:57768389:57768421:57767649:57771440:SE","SE","ENSMUSG00000100510","Hand2os1",32,"Small (30-50bp)",-0.005,1,FALSE
"chr8:57771440:57771482:57760210:57773218:SE","SE","ENSMUSG00000100510","Hand2os1",42,"Small (30-50bp)",0.048,0.0015220788282774,FALSE
"chr8:57771440:57771482:57767646:57773218:SE","SE","ENSMUSG00000100510","Hand2os1",42,"Small (30-50bp)",0.061,1,FALSE
"chr8:57771440:57771482:57767649:57772519:SE","SE","ENSMUSG00000100510","Hand2os1",42,"Small (30-50bp)",0.023,1,FALSE
"chr8:57771440:57771482:57767649:57773218:SE","SE","ENSMUSG00000100510","Hand2os1",42,"Small (30-50bp)",0.049,1.37402492972536e-08,FALSE
"chr8:57771440:57771482:57767649:57773723:SE","SE","ENSMUSG00000100510","Hand2os1",42,"Small (30-50bp)",0.252,0.00192175018177571,TRUE
"chr8:57772519:57772623:57760210:57773218:SE","SE","ENSMUSG00000100510","Hand2os1",104,"Regular (>50bp)",0,1,FALSE
"chr8:57772519:57772623:57771482:57773218:SE","SE","ENSMUSG00000100510","Hand2os1",104,"Regular (>50bp)",-0.026,0.239675794978434,FALSE
"chr8:57772967:57773115:57760210:57773218:SE","SE","ENSMUSG00000100510","Hand2os1",148,"Regular (>50bp)",0.001,1,FALSE
"chr8:57772967:57773115:57767649:57773218:SE","SE","ENSMUSG00000100510","Hand2os1",148,"Regular (>50bp)",0,1,FALSE
"chr8:57773218:57773311:57767649:57773723:SE","SE","ENSMUSG00000100510","Hand2os1",93,"Regular (>50bp)",0.012,0.582562827211801,FALSE
"chr8:57773218:57773311:57771482:57773723:SE","SE","ENSMUSG00000100510","Hand2os1",93,"Regular (>50bp)",0.006,1,FALSE
"chr8:57773218:57773323:57760210:57773723:SE","SE","ENSMUSG00000100510","Hand2os1",105,"Regular (>50bp)",0.009,1,FALSE
"chr8:57773218:57773323:57767649:57773723:SE","SE","ENSMUSG00000100510","Hand2os1",105,"Regular (>50bp)",0.004,0.992469133923624,FALSE
"chr8:57773218:57773323:57771482:57773723:SE","SE","ENSMUSG00000100510","Hand2os1",105,"Regular (>50bp)",0,1,FALSE
"chr8:57773218:57773409:57767649:57773723:SE","SE","ENSMUSG00000100510","Hand2os1",191,"Regular (>50bp)",0.013,0.519850386996664,FALSE
"chr8:57773218:57773475:57760210:57773723:SE","SE","ENSMUSG00000100510","Hand2os1",257,"Regular (>50bp)",0.047,0.000138368747953419,FALSE
"chr8:57773218:57773475:57767649:57773723:SE","SE","ENSMUSG00000100510","Hand2os1",257,"Regular (>50bp)",0.012,0.559394303988047,FALSE
"chr8:57773218:57773475:57771482:57773723:SE","SE","ENSMUSG00000100510","Hand2os1",257,"Regular (>50bp)",0.005,1,FALSE
"chr10:69658907:69658931:69658223:69660147:SE","SE","ENSMUSG00000069601","Ank3",24,"Microexon (0-30bp)",0.009,1,FALSE
"chr10:69740027:69740100:69734919:69763524:SE","SE","ENSMUSG00000069601","Ank3",73,"Regular (>50bp)",0.002,1,FALSE
"chr10:69740277:69740340:69740100:69756267:SE","SE","ENSMUSG00000069601","Ank3",63,"Regular (>50bp)",0.019,1,FALSE
"chr10:69740277:69740340:69740100:69763524:SE","SE","ENSMUSG00000069601","Ank3",63,"Regular (>50bp)",0.034,0.371356181738406,FALSE
"chr10:69756267:69756321:69740100:69763524:SE","SE","ENSMUSG00000069601","Ank3",54,"Regular (>50bp)",-0.004,1,FALSE
"chr10:69756267:69756321:69740340:69763524:SE","SE","ENSMUSG00000069601","Ank3",54,"Regular (>50bp)",0.039,1,FALSE
"chr10:69765276:69765288:69763648:69768223:SE","SE","ENSMUSG00000069601","Ank3",12,"Microexon (0-30bp)",0.019,1,FALSE
"chr10:69765276:69765288:69763648:69768238:SE","SE","ENSMUSG00000069601","Ank3",12,"Microexon (0-30bp)",-0.011,1,FALSE
"chr10:69789269:69789302:69786888:69791755:SE","SE","ENSMUSG00000069601","Ank3",33,"Small (30-50bp)",-0.013,1,FALSE
"chr10:69816653:69816680:69816224:69817945:SE","SE","ENSMUSG00000069601","Ank3",27,"Microexon (0-30bp)",-0.016,1,FALSE
"chr10:69817945:69817991:69816224:69821912:SE","SE","ENSMUSG00000069601","Ank3",46,"Small (30-50bp)",-0.124,0.0266382038889151,TRUE
"chr10:69817945:69817991:69816224:69830201:SE","SE","ENSMUSG00000069601","Ank3",46,"Small (30-50bp)",0.037,1,FALSE
"chr10:69817945:69818027:69816224:69821912:SE","SE","ENSMUSG00000069601","Ank3",82,"Regular (>50bp)",-0.02,1,FALSE
"chr10:69817945:69818027:69816224:69830201:SE","SE","ENSMUSG00000069601","Ank3",82,"Regular (>50bp)",0.016,1,FALSE
"chr10:69821912:69824462:69818027:69830201:SE","SE","ENSMUSG00000069601","Ank3",2550,"Regular (>50bp)",0.021,1,FALSE
"chr10:69821918:69829592:69817991:69830201:SE","SE","ENSMUSG00000069601","Ank3",7674,"Regular (>50bp)",0.01,1,FALSE
"chr10:69821918:69829592:69818027:69830201:SE","SE","ENSMUSG00000069601","Ank3",7674,"Regular (>50bp)",-0.016,1,FALSE
"chr10:69829374:69829592:69828305:69830201:SE","SE","ENSMUSG00000069601","Ank3",218,"Regular (>50bp)",-0.095,0.0796570556352142,FALSE
"chr10:69837752:69838061:69835328:69838340:SE","SE","ENSMUSG00000069601","Ank3",309,"Regular (>50bp)",-0.283,0,TRUE
"chr10:69842629:69842683:69840821:69851397:SE","SE","ENSMUSG00000069601","Ank3",54,"Regular (>50bp)",0.005,1,FALSE
"chr10:69842632:69842683:69840821:69851397:SE","SE","ENSMUSG00000069601","Ank3",51,"Regular (>50bp)",0.005,1,FALSE
"chr10:69849801:69849885:69840821:69851397:SE","SE","ENSMUSG00000069601","Ank3",84,"Regular (>50bp)",-0.002,1,FALSE
"chr16:4725228:4725350:4704337:4728583:SE","SE","ENSMUSG00000022517","Mgrn1",122,"Regular (>50bp)",-0.003,1,FALSE
"chr16:4725231:4725350:4704337:4728583:SE","SE","ENSMUSG00000022517","Mgrn1",119,"Regular (>50bp)",-0.002,1,FALSE
"chr16:4731553:4731671:4729332:4733616:SE","SE","ENSMUSG00000022517","Mgrn1",118,"Regular (>50bp)",-0.003,1,FALSE
"chr16:4733968:4734018:4733683:4736729:SE","SE","ENSMUSG00000022517","Mgrn1",50,"Small (30-50bp)",0.003,1,FALSE
"chr16:4736729:4736777:4734018:4738176:SE","SE","ENSMUSG00000022517","Mgrn1",48,"Small (30-50bp)",-0.002,1,FALSE
"chr16:4742286:4742396:4740617:4745538:SE","SE","ENSMUSG00000022517","Mgrn1",110,"Regular (>50bp)",-0.007,1,FALSE
"chr16:4744172:4744238:4742396:4745538:SE","SE","ENSMUSG00000022517","Mgrn1",66,"Regular (>50bp)",-0.002,1,FALSE
"chr16:4745538:4745765:4734018:4748554:SE","SE","ENSMUSG00000022517","Mgrn1",227,"Regular (>50bp)",-0.009,1,FALSE
"chr16:4745538:4745765:4742396:4748976:SE","SE","ENSMUSG00000022517","Mgrn1",227,"Regular (>50bp)",0.006,1,FALSE
"chr16:4747950:4748167:4745765:4748554:SE","SE","ENSMUSG00000022517","Mgrn1",217,"Regular (>50bp)",-0.004,1,FALSE
"chr16:4748554:4748678:4745765:4748976:SE","SE","ENSMUSG00000022517","Mgrn1",124,"Regular (>50bp)",0.015,1,FALSE
"chr16:4752058:4752103:4750162:4754759:SE","SE","ENSMUSG00000022517","Mgrn1",45,"Small (30-50bp)",0.055,1,FALSE
"chr19:47258276:47258396:47257375:47260446:SE","SE","ENSMUSG00000053617","Sh3pxd2a",120,"Regular (>50bp)",0,1,FALSE
"chr19:47271459:47271543:47266869:47275043:SE","SE","ENSMUSG00000053617","Sh3pxd2a",84,"Regular (>50bp)",0.031,1,FALSE
"chr19:47302473:47302605:47275157:47308714:SE","SE","ENSMUSG00000053617","Sh3pxd2a",132,"Regular (>50bp)",0.005,1,FALSE
"chr19:47302473:47302605:47275157:47331878:SE","SE","ENSMUSG00000053617","Sh3pxd2a",132,"Regular (>50bp)",-0.011,1,FALSE
"chr19:47308714:47308759:47275157:47331878:SE","SE","ENSMUSG00000053617","Sh3pxd2a",45,"Small (30-50bp)",-0.104,1,FALSE
"chr19:47308714:47308759:47302605:47331878:SE","SE","ENSMUSG00000053617","Sh3pxd2a",45,"Small (30-50bp)",0.077,0.990509877053067,FALSE
"chr19:47331878:47331907:47308759:47353061:SE","SE","ENSMUSG00000053617","Sh3pxd2a",29,"Microexon (0-30bp)",-0.007,1,FALSE
"chr19:47386254:47386330:47361899:47412928:SE","SE","ENSMUSG00000053617","Sh3pxd2a",76,"Regular (>50bp)",-0.003,1,FALSE
"chr19:47412928:47413009:47386330:47452502:SE","SE","ENSMUSG00000053617","Sh3pxd2a",81,"Regular (>50bp)",0.005,1,FALSE
"chr9:44599720:44599753:44598995:44599913:SE","SE","ENSMUSG00000048537","Phldb1",33,"Small (30-50bp)",0,1,FALSE
"chr9:44599913:44599999:44598995:44605325:SE","SE","ENSMUSG00000048537","Phldb1",86,"Regular (>50bp)",-0.001,1,FALSE
"chr9:44605325:44605428:44599999:44607333:SE","SE","ENSMUSG00000048537","Phldb1",103,"Regular (>50bp)",-0.001,1,FALSE
"chr9:44605670:44605787:44605428:44607333:SE","SE","ENSMUSG00000048537","Phldb1",117,"Regular (>50bp)",-0.003,1,FALSE
"chr9:44610123:44610168:44609517:44610643:SE","SE","ENSMUSG00000048537","Phldb1",45,"Small (30-50bp)",-0.002,1,FALSE
"chr9:44610852:44610993:44610746:44615099:SE","SE","ENSMUSG00000048537","Phldb1",141,"Regular (>50bp)",-0.005,1,FALSE
"chr9:44612242:44612383:44610993:44612799:SE","SE","ENSMUSG00000048537","Phldb1",141,"Regular (>50bp)",-0.035,0.0312678889368811,FALSE
"chr9:44612242:44612383:44610993:44615099:SE","SE","ENSMUSG00000048537","Phldb1",141,"Regular (>50bp)",-0.021,1,FALSE
"chr9:44612799:44612967:44610993:44615099:SE","SE","ENSMUSG00000048537","Phldb1",168,"Regular (>50bp)",-0.001,1,FALSE
"chr9:44612799:44612967:44612383:44615099:SE","SE","ENSMUSG00000048537","Phldb1",168,"Regular (>50bp)",-0.056,0.102995088767627,FALSE
"chr9:44615099:44615189:44610993:44619181:SE","SE","ENSMUSG00000048537","Phldb1",90,"Regular (>50bp)",0.013,1,FALSE
"chr9:44615357:44615468:44615189:44619181:SE","SE","ENSMUSG00000048537","Phldb1",111,"Regular (>50bp)",-0.001,1,FALSE
"chr9:44619181:44619337:44610993:44622219:SE","SE","ENSMUSG00000048537","Phldb1",156,"Regular (>50bp)",0,1,FALSE
"chr9:44619181:44619337:44615468:44622219:SE","SE","ENSMUSG00000048537","Phldb1",156,"Regular (>50bp)",0.001,1,FALSE
"chr9:44619690:44619819:44619337:44622219:SE","SE","ENSMUSG00000048537","Phldb1",129,"Regular (>50bp)",0.033,0.723273308392295,FALSE
"chr9:44622444:44622585:44622357:44622937:SE","SE","ENSMUSG00000048537","Phldb1",141,"Regular (>50bp)",-0.001,1,FALSE
"chr9:44626610:44627962:44623219:44637306:SE","SE","ENSMUSG00000048537","Phldb1",1352,"Regular (>50bp)",-0.001,1,FALSE
"chr9:44629570:44629696:44627962:44632550:SE","SE","ENSMUSG00000048537","Phldb1",126,"Regular (>50bp)",0.002,1,FALSE
"chr9:44629570:44629696:44627962:44632566:SE","SE","ENSMUSG00000048537","Phldb1",126,"Regular (>50bp)",-0.002,1,FALSE
"chr9:44629570:44629696:44627962:44637306:SE","SE","ENSMUSG00000048537","Phldb1",126,"Regular (>50bp)",0.001,1,FALSE
"chr9:44639316:44639397:44638471:44646421:SE","SE","ENSMUSG00000048537","Phldb1",81,"Regular (>50bp)",0.003,1,FALSE
"chr9:45850704:45850805:45850614:45852598:SE","SE","ENSMUSG00000034908","Sidt2",101,"Regular (>50bp)",-0.007,1,FALSE
"chr9:45850704:45850818:45850614:45852598:SE","SE","ENSMUSG00000034908","Sidt2",114,"Regular (>50bp)",-0.003,1,FALSE
"chr9:45852598:45852709:45850818:45853174:SE","SE","ENSMUSG00000034908","Sidt2",111,"Regular (>50bp)",-0.005,1,FALSE
"chr9:45853174:45853280:45852709:45853493:SE","SE","ENSMUSG00000034908","Sidt2",106,"Regular (>50bp)",0.003,1,FALSE
"chr9:45853493:45853540:45853280:45853690:SE","SE","ENSMUSG00000034908","Sidt2",47,"Small (30-50bp)",-0.002,1,FALSE
"chr9:45855913:45855987:45855784:45856441:SE","SE","ENSMUSG00000034908","Sidt2",74,"Regular (>50bp)",-0.013,1,FALSE
"chr9:45856441:45856657:45855784:45856963:SE","SE","ENSMUSG00000034908","Sidt2",216,"Regular (>50bp)",-0.006,1,FALSE
"chr9:45857803:45857866:45857082:45858042:SE","SE","ENSMUSG00000034908","Sidt2",63,"Regular (>50bp)",-0.033,0.333004101841908,FALSE
"chr9:45857803:45857866:45857064:45858042:SE","SE","ENSMUSG00000034908","Sidt2",63,"Regular (>50bp)",-0.321,0.144130665443162,FALSE
"chr9:45858042:45858114:45857082:45858281:SE","SE","ENSMUSG00000034908","Sidt2",72,"Regular (>50bp)",0.003,1,FALSE
"chr9:45858838:45858850:45858353:45859133:SE","SE","ENSMUSG00000034908","Sidt2",12,"Microexon (0-30bp)",0.063,0.657317199076762,FALSE
"chr9:45858926:45858995:45858353:45859133:SE","SE","ENSMUSG00000034908","Sidt2",69,"Regular (>50bp)",0.086,0.00662660948443531,FALSE
"chr9:45859133:45859186:45858353:45859512:SE","SE","ENSMUSG00000034908","Sidt2",53,"Regular (>50bp)",-0.022,0.971810059268907,FALSE
"chr9:45859512:45859606:45858353:45861073:SE","SE","ENSMUSG00000034908","Sidt2",94,"Regular (>50bp)",0.033,1,FALSE
"chr9:45863057:45863141:45861430:45863248:SE","SE","ENSMUSG00000034908","Sidt2",84,"Regular (>50bp)",0.014,1,FALSE
"chr9:45863911:45863957:45863350:45864046:SE","SE","ENSMUSG00000034908","Sidt2",46,"Small (30-50bp)",-0.002,1,FALSE
"chr9:45864422:45864544:45864211:45866021:SE","SE","ENSMUSG00000034908","Sidt2",122,"Regular (>50bp)",-0.003,1,FALSE
"chr9:47730031:47730115:47725243:47740674:SE","SE","ENSMUSG00000032076","Cadm1",84,"Regular (>50bp)",0.021,0.173154619082274,FALSE
"chr9:47730031:47730115:47725243:47759464:SE","SE","ENSMUSG00000032076","Cadm1",84,"Regular (>50bp)",0.011,1,FALSE
"chr9:47740674:47740707:47725243:47759464:SE","SE","ENSMUSG00000032076","Cadm1",33,"Small (30-50bp)",0.016,1,FALSE
"chr9:47740674:47740707:47730115:47759464:SE","SE","ENSMUSG00000032076","Cadm1",33,"Small (30-50bp)",0.059,0.0908807899989237,FALSE
"chr9:47748014:47748068:47740707:47759464:SE","SE","ENSMUSG00000032076","Cadm1",54,"Regular (>50bp)",-0.012,1,FALSE
"chr9:47759464:47759596:47730115:47761569:SE","SE","ENSMUSG00000032076","Cadm1",132,"Regular (>50bp)",0.001,1,FALSE
"chr9:70451251:70451339:70450363:70466318:SE","SE","ENSMUSG00000032212","Sltm",88,"Regular (>50bp)",-0.003,1,FALSE
"chr9:70451251:70451339:70450363:70469057:SE","SE","ENSMUSG00000032212","Sltm",88,"Regular (>50bp)",0.003,1,FALSE
"chr9:70451251:70451339:70450363:70470095:SE","SE","ENSMUSG00000032212","Sltm",88,"Regular (>50bp)",-0.005,1,FALSE
"chr9:70451251:70451339:70450363:70479430:SE","SE","ENSMUSG00000032212","Sltm",88,"Regular (>50bp)",-0.023,1,FALSE
"chr9:70466318:70466383:70450363:70469057:SE","SE","ENSMUSG00000032212","Sltm",65,"Regular (>50bp)",0.002,1,FALSE
"chr9:70466318:70466383:70451339:70469057:SE","SE","ENSMUSG00000032212","Sltm",65,"Regular (>50bp)",-0.004,1,FALSE
"chr9:70466318:70466383:70451339:70470095:SE","SE","ENSMUSG00000032212","Sltm",65,"Regular (>50bp)",0,1,FALSE
"chr9:70466318:70466383:70451339:70479430:SE","SE","ENSMUSG00000032212","Sltm",65,"Regular (>50bp)",-0.026,0.088306644623325,FALSE
"chr9:70469057:70469255:70450363:70470095:SE","SE","ENSMUSG00000032212","Sltm",198,"Regular (>50bp)",-0.004,1,FALSE
"chr9:70469057:70469255:70451339:70470095:SE","SE","ENSMUSG00000032212","Sltm",198,"Regular (>50bp)",-0.001,1,FALSE
"chr9:70469057:70469255:70466383:70470095:SE","SE","ENSMUSG00000032212","Sltm",198,"Regular (>50bp)",-0.064,0,FALSE
"chr9:70470095:70470143:70450363:70479430:SE","SE","ENSMUSG00000032212","Sltm",48,"Small (30-50bp)",-0.029,0.729181287651211,FALSE
"chr9:70470095:70470143:70451339:70479430:SE","SE","ENSMUSG00000032212","Sltm",48,"Small (30-50bp)",-0.065,0.172109159631319,FALSE
"chr9:70470095:70470143:70466383:70479430:SE","SE","ENSMUSG00000032212","Sltm",48,"Small (30-50bp)",-0.102,8.2819968448554e-08,TRUE
"chr9:70479430:70479458:70450363:70480738:SE","SE","ENSMUSG00000032212","Sltm",28,"Microexon (0-30bp)",0.007,1,FALSE
"chr9:70480738:70481207:70479458:70481857:SE","SE","ENSMUSG00000032212","Sltm",469,"Regular (>50bp)",0.06,0.0315558921594272,FALSE
"chr9:70480792:70481207:70479458:70481857:SE","SE","ENSMUSG00000032212","Sltm",415,"Regular (>50bp)",0.069,0.0852120068457122,FALSE
"chr9:70491213:70491394:70488746:70492034:SE","SE","ENSMUSG00000032212","Sltm",181,"Regular (>50bp)",-0.024,0.0289396633237798,FALSE
"chr9:70492034:70492159:70488746:70493205:SE","SE","ENSMUSG00000032212","Sltm",125,"Regular (>50bp)",-0.002,1,FALSE
"chr9:70493205:70493370:70492159:70493916:SE","SE","ENSMUSG00000032212","Sltm",165,"Regular (>50bp)",0,1,FALSE
"chr2:170198167:170198233:170191383:170208283:SE","SE","ENSMUSG00000013523","Bcas1",66,"Regular (>50bp)",0.023,0.784425438922356,FALSE
"chr2:170198167:170198233:170191383:170212369:SE","SE","ENSMUSG00000013523","Bcas1",66,"Regular (>50bp)",-0.017,1,FALSE
"chr2:170198167:170198233:170191383:170220642:SE","SE","ENSMUSG00000013523","Bcas1",66,"Regular (>50bp)",0.05,1,FALSE
"chr2:170208283:170208448:170191383:170212369:SE","SE","ENSMUSG00000013523","Bcas1",165,"Regular (>50bp)",-0.004,1,FALSE
"chr2:170208283:170208448:170198233:170212369:SE","SE","ENSMUSG00000013523","Bcas1",165,"Regular (>50bp)",0.018,0.180545103617266,FALSE
"chr2:170212369:170212411:170191383:170220642:SE","SE","ENSMUSG00000013523","Bcas1",42,"Small (30-50bp)",0.039,1,FALSE
"chr2:170212369:170212411:170198233:170220642:SE","SE","ENSMUSG00000013523","Bcas1",42,"Small (30-50bp)",-0.08,0.0678436168440555,FALSE
"chr2:170220642:170220849:170191383:170229082:SE","SE","ENSMUSG00000013523","Bcas1",207,"Regular (>50bp)",-0.005,1,FALSE
"chr2:170226108:170226246:170220849:170229082:SE","SE","ENSMUSG00000013523","Bcas1",138,"Regular (>50bp)",0,1,FALSE
"chr9:102465906:102466186:102464211:102471706:SE","SE","ENSMUSG00000032534","Cep63",280,"Regular (>50bp)",-0.103,0.0418883540552921,TRUE
"chr9:102467526:102467732:102466186:102471706:SE","SE","ENSMUSG00000032534","Cep63",206,"Regular (>50bp)",0.087,1,FALSE
"chr9:102471706:102471793:102466186:102473320:SE","SE","ENSMUSG00000032534","Cep63",87,"Regular (>50bp)",-0.006,1,FALSE
"chr9:102490493:102490616:102484638:102492473:SE","SE","ENSMUSG00000032534","Cep63",123,"Regular (>50bp)",-0.007,1,FALSE
"chr9:102492473:102492569:102484638:102496009:SE","SE","ENSMUSG00000032534","Cep63",96,"Regular (>50bp)",0.023,1,FALSE
"chr9:102498471:102498493:102496959:102498894:SE","SE","ENSMUSG00000032534","Cep63",22,"Microexon (0-30bp)",-0.012,1,FALSE
"chr9:102498894:102498927:102496959:102500754:SE","SE","ENSMUSG00000032534","Cep63",33,"Small (30-50bp)",-0.306,0.00254057639001563,TRUE
"chr9:102498894:102498927:102496959:102503102:SE","SE","ENSMUSG00000032534","Cep63",33,"Small (30-50bp)",-0.197,0.484276423523101,FALSE
"chr9:102498894:102498927:102496959:102503461:SE","SE","ENSMUSG00000032534","Cep63",33,"Small (30-50bp)",-0.057,0.230974218085098,FALSE
"chr9:102500754:102500792:102496959:102503461:SE","SE","ENSMUSG00000032534","Cep63",38,"Small (30-50bp)",0.025,1,FALSE
"chr9:102500754:102500792:102498927:102503102:SE","SE","ENSMUSG00000032534","Cep63",38,"Small (30-50bp)",0.299,0.150265143830022,FALSE
"chr9:105291832:105291974:105290388:105295248:SE","SE","ENSMUSG00000032570","Atp2c1",142,"Regular (>50bp)",-0.003,1,FALSE
"chr9:105295248:105295344:105291974:105295742:SE","SE","ENSMUSG00000032570","Atp2c1",96,"Regular (>50bp)",-0.001,1,FALSE
"chr9:105295742:105295890:105291974:105297380:SE","SE","ENSMUSG00000032570","Atp2c1",148,"Regular (>50bp)",-0.004,1,FALSE
"chr9:105298772:105298841:105297497:105300141:SE","SE","ENSMUSG00000032570","Atp2c1",69,"Regular (>50bp)",0.002,1,FALSE
"chr9:105309852:105310023:105308791:105312250:SE","SE","ENSMUSG00000032570","Atp2c1",171,"Regular (>50bp)",0.005,1,FALSE
"chr9:105322416:105322514:105320240:105323250:SE","SE","ENSMUSG00000032570","Atp2c1",98,"Regular (>50bp)",0,1,FALSE
"chr9:105341824:105341860:105338277:105343781:SE","SE","ENSMUSG00000032570","Atp2c1",36,"Small (30-50bp)",-0.006,1,FALSE
"chr9:105343781:105343871:105341860:105347235:SE","SE","ENSMUSG00000032570","Atp2c1",90,"Regular (>50bp)",-0.001,1,FALSE
"chr9:105344899:105345016:105343871:105347235:SE","SE","ENSMUSG00000032570","Atp2c1",117,"Regular (>50bp)",-0.001,1,FALSE
"chr9:105370741:105370753:105347346:105371613:SE","SE","ENSMUSG00000032570","Atp2c1",12,"Microexon (0-30bp)",0.009,1,FALSE
"chr9:105371613:105371681:105347346:105372091:SE","SE","ENSMUSG00000032570","Atp2c1",68,"Regular (>50bp)",0.016,1,FALSE
"chr9:105371613:105371796:105347346:105372091:SE","SE","ENSMUSG00000032570","Atp2c1",183,"Regular (>50bp)",0.009,1,FALSE
"chr9:107833063:107833121:107828371:107833544:SE","SE","ENSMUSG00000032586","Traip",58,"Regular (>50bp)",-0.004,1,FALSE
"chr9:107833063:107833121:107828371:107833592:SE","SE","ENSMUSG00000032586","Traip",58,"Regular (>50bp)",-0.016,1,FALSE
"chr9:107833544:107833628:107828371:107836014:SE","SE","ENSMUSG00000032586","Traip",84,"Regular (>50bp)",-0.021,1,FALSE
"chr9:107833592:107833628:107828371:107836014:SE","SE","ENSMUSG00000032586","Traip",36,"Small (30-50bp)",-0.043,1,FALSE
"chr9:107838740:107840616:107838271:107845792:SE","SE","ENSMUSG00000032586","Traip",1876,"Regular (>50bp)",-0.019,1,FALSE
"chr9:107839452:107839540:107838854:107840029:SE","SE","ENSMUSG00000032586","Traip",88,"Regular (>50bp)",0.007,1,FALSE
"chr9:107840527:107840616:107840119:107845792:SE","SE","ENSMUSG00000032586","Traip",89,"Regular (>50bp)",-0.005,1,FALSE
"chr9:107846906:107846973:107845948:107847202:SE","SE","ENSMUSG00000032586","Traip",67,"Regular (>50bp)",-0.009,1,FALSE
"chr9:108673739:108673771:108673595:108673853:SE","SE","ENSMUSG00000032599","Ip6k2",32,"Small (30-50bp)",0.1,7.8385830964635e-06,FALSE
"chr9:108673739:108673771:108673595:108673869:SE","SE","ENSMUSG00000032599","Ip6k2",32,"Small (30-50bp)",0.067,0.563915043845929,FALSE
"chr9:108673739:108673771:108673595:108674405:SE","SE","ENSMUSG00000032599","Ip6k2",32,"Small (30-50bp)",0.005,1,FALSE
"chr9:108673739:108673771:108673595:108674482:SE","SE","ENSMUSG00000032599","Ip6k2",32,"Small (30-50bp)",0.131,0.044401227577591,TRUE
"chr9:108673853:108673982:108673595:108674405:SE","SE","ENSMUSG00000032599","Ip6k2",129,"Regular (>50bp)",-0.092,0.229689992813967,FALSE
"chr9:108673853:108673982:108673771:108674405:SE","SE","ENSMUSG00000032599","Ip6k2",129,"Regular (>50bp)",0.012,1,FALSE
"chr9:108673869:108673982:108673595:108674405:SE","SE","ENSMUSG00000032599","Ip6k2",113,"Regular (>50bp)",-0.073,0.369401041620406,FALSE
"chr9:108673869:108673982:108673595:108674482:SE","SE","ENSMUSG00000032599","Ip6k2",113,"Regular (>50bp)",-0.014,1,FALSE
"chr9:108673869:108673982:108673595:108675308:SE","SE","ENSMUSG00000032599","Ip6k2",113,"Regular (>50bp)",-0.007,1,FALSE
"chr9:108673869:108673982:108673595:108675469:SE","SE","ENSMUSG00000032599","Ip6k2",113,"Regular (>50bp)",-0.001,1,FALSE
"chr9:108673869:108673982:108673771:108674405:SE","SE","ENSMUSG00000032599","Ip6k2",113,"Regular (>50bp)",0.012,1,FALSE
"chr9:108675308:108675377:108673595:108675469:SE","SE","ENSMUSG00000032599","Ip6k2",69,"Regular (>50bp)",0.042,4.46960971996287e-05,FALSE
"chr9:108675308:108675377:108673982:108675469:SE","SE","ENSMUSG00000032599","Ip6k2",69,"Regular (>50bp)",-0.016,1,FALSE
"chr9:119274352:119274387:119274216:119274753:SE","SE","ENSMUSG00000042787","Exog",35,"Small (30-50bp)",0.009,1,FALSE
"chr9:119274352:119274387:119274216:119276014:SE","SE","ENSMUSG00000042787","Exog",35,"Small (30-50bp)",-0.211,1.14977331671125e-05,TRUE
"chr9:119274753:119274867:119274216:119276014:SE","SE","ENSMUSG00000042787","Exog",114,"Regular (>50bp)",-0.196,0.000177637201726518,TRUE
"chr9:119274753:119274867:119274387:119276014:SE","SE","ENSMUSG00000042787","Exog",114,"Regular (>50bp)",-0.001,1,FALSE
"chr9:119281293:119281408:119278920:119291441:SE","SE","ENSMUSG00000042787","Exog",115,"Regular (>50bp)",0.017,0.491580286571027,FALSE
"chr5:110519411:110519489:110519235:110522255:SE","SE","ENSMUSG00000043323","Fbrsl1",78,"Regular (>50bp)",-0.014,1,FALSE
"chr5:110522255:110522385:110519489:110523872:SE","SE","ENSMUSG00000043323","Fbrsl1",130,"Regular (>50bp)",-0.002,1,FALSE
"chr5:110522255:110522385:110519489:110524118:SE","SE","ENSMUSG00000043323","Fbrsl1",130,"Regular (>50bp)",-0.01,1,FALSE
"chr5:110523872:110523944:110519489:110524118:SE","SE","ENSMUSG00000043323","Fbrsl1",72,"Regular (>50bp)",-0.012,1,FALSE
"chr5:110523872:110523944:110522385:110524118:SE","SE","ENSMUSG00000043323","Fbrsl1",72,"Regular (>50bp)",-0.041,0.300832424291186,FALSE
"chr5:110524267:110524336:110524148:110525222:SE","SE","ENSMUSG00000043323","Fbrsl1",69,"Regular (>50bp)",-0.046,0.000160575437491721,FALSE
"chr5:110526294:110526363:110526121:110526759:SE","SE","ENSMUSG00000043323","Fbrsl1",69,"Regular (>50bp)",0.019,1,FALSE
"chr5:110529466:110529512:110527459:110543910:SE","SE","ENSMUSG00000043323","Fbrsl1",46,"Small (30-50bp)",-0.017,1,FALSE
"chr5:110529466:110529512:110527459:110563895:SE","SE","ENSMUSG00000043323","Fbrsl1",46,"Small (30-50bp)",0.025,1,FALSE
"chr5:110529466:110529512:110527459:110580766:SE","SE","ENSMUSG00000043323","Fbrsl1",46,"Small (30-50bp)",0.056,0.0827497249147824,FALSE
"chr5:110543910:110543940:110527459:110563895:SE","SE","ENSMUSG00000043323","Fbrsl1",30,"Microexon (0-30bp)",0.028,1,FALSE
"chr5:110543910:110543940:110527459:110580766:SE","SE","ENSMUSG00000043323","Fbrsl1",30,"Microexon (0-30bp)",0.24,0.00120904652686324,TRUE
"chr5:110543910:110543940:110529512:110563895:SE","SE","ENSMUSG00000043323","Fbrsl1",30,"Microexon (0-30bp)",0.02,1,FALSE
"chr5:110543910:110543940:110529512:110565708:SE","SE","ENSMUSG00000043323","Fbrsl1",30,"Microexon (0-30bp)",0.004,1,FALSE
"chr5:110543910:110543940:110529512:110580766:SE","SE","ENSMUSG00000043323","Fbrsl1",30,"Microexon (0-30bp)",0.011,1,FALSE
"chr5:110563895:110563931:110529512:110565708:SE","SE","ENSMUSG00000043323","Fbrsl1",36,"Small (30-50bp)",-0.001,1,FALSE
"chr5:110563895:110563931:110543940:110565708:SE","SE","ENSMUSG00000043323","Fbrsl1",36,"Small (30-50bp)",-0.003,1,FALSE
"chr5:110563895:110563931:110543940:110580766:SE","SE","ENSMUSG00000043323","Fbrsl1",36,"Small (30-50bp)",-0.079,0.30837928789579,FALSE
"chr5:110565708:110565813:110529512:110580766:SE","SE","ENSMUSG00000043323","Fbrsl1",105,"Regular (>50bp)",0.013,1,FALSE
"chr5:110565708:110565813:110543940:110580766:SE","SE","ENSMUSG00000043323","Fbrsl1",105,"Regular (>50bp)",-0.08,0.505936435138259,FALSE
"chr5:110565708:110565813:110563931:110580766:SE","SE","ENSMUSG00000043323","Fbrsl1",105,"Regular (>50bp)",-0.003,1,FALSE
"chr16:18170649:18170701:18166320:18207024:SE","SE","ENSMUSG00000118669","Arvcf",52,"Regular (>50bp)",-0.005,1,FALSE
"chr16:18207024:18207255:18170701:18214823:SE","SE","ENSMUSG00000118669","Arvcf",231,"Regular (>50bp)",-0.044,0.0601370510437284,FALSE
"chr16:18217711:18217895:18217076:18218834:SE","SE","ENSMUSG00000118669","Arvcf",184,"Regular (>50bp)",-0.001,1,FALSE
"chr16:18218405:18218523:18217895:18218834:SE","SE","ENSMUSG00000118669","Arvcf",118,"Regular (>50bp)",0,1,FALSE
"chr16:18218834:18219003:18218523:18220316:SE","SE","ENSMUSG00000118669","Arvcf",169,"Regular (>50bp)",-0.001,1,FALSE
"chr16:18219530:18219548:18219003:18220316:SE","SE","ENSMUSG00000118669","Arvcf",18,"Microexon (0-30bp)",0.072,0.044401227577591,FALSE
"chr16:18222884:18222938:18222671:18223209:SE","SE","ENSMUSG00000118669","Arvcf",54,"Regular (>50bp)",-0.004,1,FALSE
"chr16:18223851:18223971:18223295:18224356:SE","SE","ENSMUSG00000118669","Arvcf",120,"Regular (>50bp)",-0.034,1.35777876862076e-05,FALSE
"chr1:151670426:151670552:151668176:151670730:SE","SE","ENSMUSG00000043019","Edem3",126,"Regular (>50bp)",-0.002,1,FALSE
"chr1:151680415:151680570:151680194:151681597:SE","SE","ENSMUSG00000043019","Edem3",155,"Regular (>50bp)",-0.013,1,FALSE
"chr1:151688504:151688519:151687455:151694060:SE","SE","ENSMUSG00000043019","Edem3",15,"Microexon (0-30bp)",-0.016,1,FALSE
"chr1:151688504:151688552:151687455:151694060:SE","SE","ENSMUSG00000043019","Edem3",48,"Small (30-50bp)",0.014,1,FALSE
"chr2:60055113:60055214:60040428:60059261:SE","SE","ENSMUSG00000026977","Marchf7",101,"Regular (>50bp)",0.032,2.20418926093981e-09,FALSE
"chr2:60062543:60062711:60060223:60064242:SE","SE","ENSMUSG00000026977","Marchf7",168,"Regular (>50bp)",-0.006,1,FALSE
"chr2:60062543:60062711:60060223:60064277:SE","SE","ENSMUSG00000026977","Marchf7",168,"Regular (>50bp)",-0.001,1,FALSE
"chr2:60062543:60062711:60060223:60067097:SE","SE","ENSMUSG00000026977","Marchf7",168,"Regular (>50bp)",-0.003,1,FALSE
"chr2:60064242:60065341:60060223:60067097:SE","SE","ENSMUSG00000026977","Marchf7",1099,"Regular (>50bp)",-0.007,1,FALSE
"chr2:60064242:60065341:60062711:60067097:SE","SE","ENSMUSG00000026977","Marchf7",1099,"Regular (>50bp)",0,1,FALSE
"chr2:60064277:60065341:60060223:60067097:SE","SE","ENSMUSG00000026977","Marchf7",1064,"Regular (>50bp)",-0.007,1,FALSE
"chr2:60064277:60065341:60062711:60067097:SE","SE","ENSMUSG00000026977","Marchf7",1064,"Regular (>50bp)",0,1,FALSE
"chr2:60075555:60075604:60074014:60078233:SE","SE","ENSMUSG00000026977","Marchf7",49,"Small (30-50bp)",-0.014,0.792741838291883,FALSE
"chr2:60077831:60077856:60075604:60078233:SE","SE","ENSMUSG00000026977","Marchf7",25,"Microexon (0-30bp)",0.033,1,FALSE
"chr10:122838600:122838808:122835646:122841916:SE","SE","ENSMUSG00000034602","Mon2",208,"Regular (>50bp)",-0.002,1,FALSE
"chr10:122842876:122842937:122842040:122844040:SE","SE","ENSMUSG00000034602","Mon2",61,"Regular (>50bp)",-0.003,1,FALSE
"chr10:122845817:122845835:122845536:122846398:SE","SE","ENSMUSG00000034602","Mon2",18,"Microexon (0-30bp)",-0.009,1,FALSE
"chr10:122846398:122846542:122845536:122849272:SE","SE","ENSMUSG00000034602","Mon2",144,"Regular (>50bp)",-0.003,1,FALSE
"chr10:122852167:122852461:122851044:122853979:SE","SE","ENSMUSG00000034602","Mon2",294,"Regular (>50bp)",0,1,FALSE
"chr10:122858990:122858993:122858849:122859814:SE","SE","ENSMUSG00000034602","Mon2",3,"Microexon (0-30bp)",-0.106,0.0142090723300144,TRUE
"chr10:122865037:122865150:122862918:122866014:SE","SE","ENSMUSG00000034602","Mon2",113,"Regular (>50bp)",-0.001,1,FALSE
"chr10:122882202:122882332:122878974:122887541:SE","SE","ENSMUSG00000034602","Mon2",130,"Regular (>50bp)",-0.001,1,FALSE
"chr10:122882202:122882332:122878974:122895092:SE","SE","ENSMUSG00000034602","Mon2",130,"Regular (>50bp)",-0.01,1,FALSE
"chr10:127132585:127132609:127132502:127132741:SE","SE","ENSMUSG00000040354","Mars1",24,"Microexon (0-30bp)",-0.22,0,TRUE
"chr10:127138680:127138755:127136449:127140053:SE","SE","ENSMUSG00000040354","Mars1",75,"Regular (>50bp)",0,1,FALSE
"chr10:127140053:127140255:127138755:127141290:SE","SE","ENSMUSG00000040354","Mars1",202,"Regular (>50bp)",-0.002,1,FALSE
"chr10:127141290:127141494:127140255:127141609:SE","SE","ENSMUSG00000040354","Mars1",204,"Regular (>50bp)",-0.002,1,FALSE
"chr10:127141609:127141726:127141494:127144126:SE","SE","ENSMUSG00000040354","Mars1",117,"Regular (>50bp)",-0.002,1,FALSE
"chr10:127144126:127144233:127141726:127144369:SE","SE","ENSMUSG00000040354","Mars1",107,"Regular (>50bp)",0.002,1,FALSE
"chr10:127144369:127144548:127141726:127144776:SE","SE","ENSMUSG00000040354","Mars1",179,"Regular (>50bp)",0.001,1,FALSE
"chr10:127144776:127144852:127141726:127145872:SE","SE","ENSMUSG00000040354","Mars1",76,"Regular (>50bp)",0.001,1,FALSE
"chr10:127144776:127144852:127144548:127145872:SE","SE","ENSMUSG00000040354","Mars1",76,"Regular (>50bp)",-0.001,1,FALSE
"chr10:127144776:127144852:127144548:127147389:SE","SE","ENSMUSG00000040354","Mars1",76,"Regular (>50bp)",0,1,FALSE
"chr10:127146312:127146403:127146167:127147389:SE","SE","ENSMUSG00000040354","Mars1",91,"Regular (>50bp)",0,1,FALSE
"chr11:93904448:93904569:93887399:93927425:SE","SE","ENSMUSG00000020859","Spag9",121,"Regular (>50bp)",-0.004,1,FALSE
"chr11:93927425:93927496:93904569:93934397:SE","SE","ENSMUSG00000020859","Spag9",71,"Regular (>50bp)",-0.001,1,FALSE
"chr11:93934397:93934492:93927496:93939233:SE","SE","ENSMUSG00000020859","Spag9",95,"Regular (>50bp)",0.008,1,FALSE
"chr11:93951083:93951125:93939384:93958718:SE","SE","ENSMUSG00000020859","Spag9",42,"Small (30-50bp)",-0.016,0.528336516843084,FALSE
"chr11:93962390:93962512:93959861:93972165:SE","SE","ENSMUSG00000020859","Spag9",122,"Regular (>50bp)",0.001,1,FALSE
"chr11:93970024:93970036:93962512:93971565:SE","SE","ENSMUSG00000020859","Spag9",12,"Microexon (0-30bp)",0.05,1,FALSE
"chr11:93970024:93970036:93962512:93972165:SE","SE","ENSMUSG00000020859","Spag9",12,"Microexon (0-30bp)",-0.055,0.00508493134084774,FALSE
"chr11:93971565:93971580:93962512:93972165:SE","SE","ENSMUSG00000020859","Spag9",15,"Microexon (0-30bp)",-0.002,1,FALSE
"chr11:93971565:93971580:93970036:93972165:SE","SE","ENSMUSG00000020859","Spag9",15,"Microexon (0-30bp)",0.168,0.0320554566746996,TRUE
"chr11:93997459:93997608:93992984:93999280:SE","SE","ENSMUSG00000020859","Spag9",149,"Regular (>50bp)",0.001,1,FALSE
"chr11:94004088:94004127:94002972:94004998:SE","SE","ENSMUSG00000020859","Spag9",39,"Small (30-50bp)",-0.079,0.0354511604998336,FALSE
"chr11:94004998:94005175:94002972:94007555:SE","SE","ENSMUSG00000020859","Spag9",177,"Regular (>50bp)",-0.007,1,FALSE
"chr11:4860626:4860759:4855755:4862780:SE","SE","ENSMUSG00000034274","Thoc5",133,"Regular (>50bp)",0.003,1,FALSE
"chr11:4861434:4861470:4860759:4862780:SE","SE","ENSMUSG00000034274","Thoc5",36,"Small (30-50bp)",0.162,0,TRUE
"chr11:4861434:4861470:4860759:4864269:SE","SE","ENSMUSG00000034274","Thoc5",36,"Small (30-50bp)",-0.011,1,FALSE
"chr11:4861528:4861563:4860759:4862780:SE","SE","ENSMUSG00000034274","Thoc5",35,"Small (30-50bp)",0.001,1,FALSE
"chr11:4862780:4862858:4860759:4864269:SE","SE","ENSMUSG00000034274","Thoc5",78,"Regular (>50bp)",-0.001,1,FALSE
"chr11:4862780:4862858:4861470:4864269:SE","SE","ENSMUSG00000034274","Thoc5",78,"Regular (>50bp)",0.002,1,FALSE
"chr11:4874747:4874863:4872226:4876045:SE","SE","ENSMUSG00000034274","Thoc5",116,"Regular (>50bp)",0,1,FALSE
"chr11:5020625:5020723:5020480:5020995:SE","SE","ENSMUSG00000009079","Ewsr1",98,"Regular (>50bp)",0,1,FALSE
"chr11:5028472:5028579:5022941:5032252:SE","SE","ENSMUSG00000009079","Ewsr1",107,"Regular (>50bp)",0.001,1,FALSE
"chr11:5028472:5028591:5022941:5032252:SE","SE","ENSMUSG00000009079","Ewsr1",119,"Regular (>50bp)",0.001,1,FALSE
"chr11:5028919:5028952:5028591:5032252:SE","SE","ENSMUSG00000009079","Ewsr1",33,"Small (30-50bp)",0.001,1,FALSE
"chr11:5029484:5029519:5028952:5032252:SE","SE","ENSMUSG00000009079","Ewsr1",35,"Small (30-50bp)",0.02,0.000385729549511172,FALSE
"chr11:5029484:5029519:5028952:5033359:SE","SE","ENSMUSG00000009079","Ewsr1",35,"Small (30-50bp)",-0.001,1,FALSE
"chr11:5032252:5032433:5028579:5033359:SE","SE","ENSMUSG00000009079","Ewsr1",181,"Regular (>50bp)",0,1,FALSE
"chr11:5032252:5032433:5029519:5033359:SE","SE","ENSMUSG00000009079","Ewsr1",181,"Regular (>50bp)",0,1,FALSE
"chr11:5032283:5032433:5028579:5033359:SE","SE","ENSMUSG00000009079","Ewsr1",150,"Regular (>50bp)",0,1,FALSE
"chr11:5032283:5032433:5028952:5033359:SE","SE","ENSMUSG00000009079","Ewsr1",150,"Regular (>50bp)",0,1,FALSE
"chr11:5033359:5033571:5028952:5035895:SE","SE","ENSMUSG00000009079","Ewsr1",212,"Regular (>50bp)",-0.001,1,FALSE
"chr11:5035895:5036063:5028952:5037959:SE","SE","ENSMUSG00000009079","Ewsr1",168,"Regular (>50bp)",-0.002,1,FALSE
"chr11:5037959:5038146:5028952:5041858:SE","SE","ENSMUSG00000009079","Ewsr1",187,"Regular (>50bp)",-0.001,1,FALSE
"chr11:5037959:5038146:5036063:5049008:SE","SE","ENSMUSG00000009079","Ewsr1",187,"Regular (>50bp)",0,1,FALSE
"chr11:5041459:5041477:5038146:5041858:SE","SE","ENSMUSG00000009079","Ewsr1",18,"Microexon (0-30bp)",0.058,0.000463048679943167,FALSE
"chr11:5041858:5041982:5028952:5043680:SE","SE","ENSMUSG00000009079","Ewsr1",124,"Regular (>50bp)",0,1,FALSE
"chr11:5041858:5041982:5038146:5043680:SE","SE","ENSMUSG00000009079","Ewsr1",124,"Regular (>50bp)",0,1,FALSE
"chr2:18852244:18852488:18850789:18857623:SE","SE","ENSMUSG00000026737","Pip4k2a",244,"Regular (>50bp)",-0.03,0.0218936695917223,FALSE
"chr2:18870922:18870961:18857737:18877094:SE","SE","ENSMUSG00000026737","Pip4k2a",39,"Small (30-50bp)",0.007,1,FALSE
"chr2:18870922:18870961:18857737:18893862:SE","SE","ENSMUSG00000026737","Pip4k2a",39,"Small (30-50bp)",0.012,1,FALSE
"chr2:18877094:18877241:18857737:18893862:SE","SE","ENSMUSG00000026737","Pip4k2a",147,"Regular (>50bp)",0.009,1,FALSE
"chr2:18877094:18877241:18870961:18893862:SE","SE","ENSMUSG00000026737","Pip4k2a",147,"Regular (>50bp)",0.01,1,FALSE
"chr2:18893862:18894015:18877241:18911039:SE","SE","ENSMUSG00000026737","Pip4k2a",153,"Regular (>50bp)",-0.016,1,FALSE
"chr2:18911039:18911136:18894015:18912865:SE","SE","ENSMUSG00000026737","Pip4k2a",97,"Regular (>50bp)",0.002,1,FALSE
"chr4:152484677:152484722:152481298:152485404:SE","SE","ENSMUSG00000028931","Kcnab2",45,"Small (30-50bp)",0.002,1,FALSE
"chr4:152486381:152486425:152485491:152489056:SE","SE","ENSMUSG00000028931","Kcnab2",44,"Small (30-50bp)",-0.01,1,FALSE
"chr4:152487492:152487537:152486425:152489056:SE","SE","ENSMUSG00000028931","Kcnab2",45,"Small (30-50bp)",0.002,1,FALSE
"chr4:152489056:152489101:152486425:152491583:SE","SE","ENSMUSG00000028931","Kcnab2",45,"Small (30-50bp)",-0.004,1,FALSE
"chr4:152491583:152491663:152489101:152519238:SE","SE","ENSMUSG00000028931","Kcnab2",80,"Regular (>50bp)",-0.005,1,FALSE
"chr4:152496441:152496479:152491663:152497273:SE","SE","ENSMUSG00000028931","Kcnab2",38,"Small (30-50bp)",-0.001,1,FALSE
"chr4:152497273:152497317:152491663:152519238:SE","SE","ENSMUSG00000028931","Kcnab2",44,"Small (30-50bp)",0.021,1,FALSE
"chr4:152497273:152497317:152491663:152520261:SE","SE","ENSMUSG00000028931","Kcnab2",44,"Small (30-50bp)",-0.009,1,FALSE
"chr4:152519238:152519280:152491663:152520261:SE","SE","ENSMUSG00000028931","Kcnab2",42,"Small (30-50bp)",0.005,1,FALSE
"chr4:152519238:152519280:152497317:152520261:SE","SE","ENSMUSG00000028931","Kcnab2",42,"Small (30-50bp)",0.092,0.000495637464530824,FALSE
"chr4:152519238:152519280:152503131:152520261:SE","SE","ENSMUSG00000028931","Kcnab2",42,"Small (30-50bp)",-0.005,1,FALSE
"chr4:152558179:152558318:152520394:152561857:SE","SE","ENSMUSG00000028931","Kcnab2",139,"Regular (>50bp)",0.021,0.0910371907944833,FALSE
"chr2:30235710:30235951:30235439:30236364:SE","SE","ENSMUSG00000026860","Sh3glb2",241,"Regular (>50bp)",-0.003,1,FALSE
"chr2:30235710:30235951:30235439:30236622:SE","SE","ENSMUSG00000026860","Sh3glb2",241,"Regular (>50bp)",-0.011,1,FALSE
"chr2:30235710:30236465:30235439:30236622:SE","SE","ENSMUSG00000026860","Sh3glb2",755,"Regular (>50bp)",-0.004,1,FALSE
"chr2:30236070:30236085:30235951:30236364:SE","SE","ENSMUSG00000026860","Sh3glb2",15,"Microexon (0-30bp)",-0.128,0,TRUE
"chr2:30236070:30236085:30235951:30236622:SE","SE","ENSMUSG00000026860","Sh3glb2",15,"Microexon (0-30bp)",-0.028,1,FALSE
"chr2:30236364:30236465:30235439:30236622:SE","SE","ENSMUSG00000026860","Sh3glb2",101,"Regular (>50bp)",-0.007,1,FALSE
"chr2:30236364:30236465:30235951:30236622:SE","SE","ENSMUSG00000026860","Sh3glb2",101,"Regular (>50bp)",0,1,FALSE
"chr2:30236364:30236465:30236085:30236622:SE","SE","ENSMUSG00000026860","Sh3glb2",101,"Regular (>50bp)",0,1,FALSE
"chr2:30236622:30236712:30235439:30237092:SE","SE","ENSMUSG00000026860","Sh3glb2",90,"Regular (>50bp)",-0.002,1,FALSE
"chr2:30237092:30237116:30236712:30240299:SE","SE","ENSMUSG00000026860","Sh3glb2",24,"Microexon (0-30bp)",0,1,FALSE
"chr2:30238566:30238629:30237116:30239237:SE","SE","ENSMUSG00000026860","Sh3glb2",63,"Regular (>50bp)",0.009,0.63752789799724,FALSE
"chr2:30238566:30238629:30237116:30240299:SE","SE","ENSMUSG00000026860","Sh3glb2",63,"Regular (>50bp)",0.109,6.62958453222306e-05,TRUE
"chr2:30239237:30239249:30237116:30240299:SE","SE","ENSMUSG00000026860","Sh3glb2",12,"Microexon (0-30bp)",-0.005,1,FALSE
"chr2:30239237:30239249:30238629:30240299:SE","SE","ENSMUSG00000026860","Sh3glb2",12,"Microexon (0-30bp)",-0.031,0.767139486955718,FALSE
"chr2:30245247:30245414:30244993:30249154:SE","SE","ENSMUSG00000026860","Sh3glb2",167,"Regular (>50bp)",-0.005,1,FALSE
"chr2:30245272:30245414:30244993:30249154:SE","SE","ENSMUSG00000026860","Sh3glb2",142,"Regular (>50bp)",-0.003,1,FALSE
"chr11:54434404:54434475:54413944:54437198:SE","SE","ENSMUSG00000037533","Rapgef6",71,"Regular (>50bp)",0.066,0.00100778554410303,FALSE
"chr11:54443615:54443699:54437255:54452150:SE","SE","ENSMUSG00000037533","Rapgef6",84,"Regular (>50bp)",-0.011,1,FALSE
"chr11:54443615:54443699:54437255:54459178:SE","SE","ENSMUSG00000037533","Rapgef6",84,"Regular (>50bp)",0.006,1,FALSE
"chr11:54452150:54452220:54437255:54459178:SE","SE","ENSMUSG00000037533","Rapgef6",70,"Regular (>50bp)",0.014,1,FALSE
"chr11:54452150:54452220:54443699:54459178:SE","SE","ENSMUSG00000037533","Rapgef6",70,"Regular (>50bp)",-0.007,1,FALSE
"chr11:54459178:54459322:54413944:54501613:SE","SE","ENSMUSG00000037533","Rapgef6",144,"Regular (>50bp)",-0.004,1,FALSE
"chr11:54501613:54501745:54459322:54510711:SE","SE","ENSMUSG00000037533","Rapgef6",132,"Regular (>50bp)",0.01,1,FALSE
"chr11:54510711:54510889:54501745:54513141:SE","SE","ENSMUSG00000037533","Rapgef6",178,"Regular (>50bp)",0.001,1,FALSE
"chr11:54533536:54533777:54530684:54540007:SE","SE","ENSMUSG00000037533","Rapgef6",241,"Regular (>50bp)",0.011,1,FALSE
"chr11:54542574:54542589:54540165:54548071:SE","SE","ENSMUSG00000037533","Rapgef6",15,"Microexon (0-30bp)",-0.038,1,FALSE
"chr11:54562480:54562504:54559563:54567020:SE","SE","ENSMUSG00000037533","Rapgef6",24,"Microexon (0-30bp)",-0.003,1,FALSE
"chr11:54585095:54585398:54582566:54586905:SE","SE","ENSMUSG00000037533","Rapgef6",303,"Regular (>50bp)",0.01,1,FALSE
"chr5:115789214:115789323:115787628:115789877:SE","SE","ENSMUSG00000041609","Bicdl1",109,"Regular (>50bp)",0.102,0.00129288026233258,TRUE
"chr5:115799433:115799577:115794090:115800758:SE","SE","ENSMUSG00000041609","Bicdl1",144,"Regular (>50bp)",-0.109,0.00612145755105127,TRUE
"chr5:115800758:115800977:115794090:115808212:SE","SE","ENSMUSG00000041609","Bicdl1",219,"Regular (>50bp)",0.003,1,FALSE
"chr5:115801765:115801945:115800977:115808212:SE","SE","ENSMUSG00000041609","Bicdl1",180,"Regular (>50bp)",-0.006,1,FALSE
"chr5:115810202:115810214:115808359:115811138:SE","SE","ENSMUSG00000041609","Bicdl1",12,"Microexon (0-30bp)",0.018,1,FALSE
"chrX:47712838:47713074:47712705:47714472:SE","SE","ENSMUSG00000031105","Slc25a14",236,"Regular (>50bp)",-0.149,0.128166669577486,FALSE
"chrX:47712838:47713074:47712705:47717012:SE","SE","ENSMUSG00000031105","Slc25a14",236,"Regular (>50bp)",-0.05,1,FALSE
"chrX:47712838:47713074:47712705:47718128:SE","SE","ENSMUSG00000031105","Slc25a14",236,"Regular (>50bp)",-0.017,1,FALSE
"chrX:47712838:47713083:47712705:47714472:SE","SE","ENSMUSG00000031105","Slc25a14",245,"Regular (>50bp)",-0.167,0.0244373112585981,TRUE
"chrX:47712838:47713083:47712705:47717012:SE","SE","ENSMUSG00000031105","Slc25a14",245,"Regular (>50bp)",-0.047,1,FALSE
"chrX:47712838:47713083:47712705:47718128:SE","SE","ENSMUSG00000031105","Slc25a14",245,"Regular (>50bp)",-0.022,1,FALSE
"chrX:47714472:47714517:47712705:47717012:SE","SE","ENSMUSG00000031105","Slc25a14",45,"Small (30-50bp)",0.024,1,FALSE
"chrX:47714472:47714517:47712705:47718128:SE","SE","ENSMUSG00000031105","Slc25a14",45,"Small (30-50bp)",-0.007,1,FALSE
"chrX:47714472:47714517:47713074:47717012:SE","SE","ENSMUSG00000031105","Slc25a14",45,"Small (30-50bp)",0.032,1,FALSE
"chrX:47714472:47714517:47713074:47718128:SE","SE","ENSMUSG00000031105","Slc25a14",45,"Small (30-50bp)",0.224,0.444157819780003,FALSE
"chrX:47714472:47714517:47713083:47717012:SE","SE","ENSMUSG00000031105","Slc25a14",45,"Small (30-50bp)",-0.021,1,FALSE
"chrX:47714472:47714517:47713083:47718128:SE","SE","ENSMUSG00000031105","Slc25a14",45,"Small (30-50bp)",0.023,1,FALSE
"chrX:47717012:47717060:47712705:47718128:SE","SE","ENSMUSG00000031105","Slc25a14",48,"Small (30-50bp)",0.079,0.599918842566081,FALSE
"chrX:47717012:47717060:47713074:47718128:SE","SE","ENSMUSG00000031105","Slc25a14",48,"Small (30-50bp)",0.216,0.369918727922903,FALSE
"chrX:47717012:47717060:47713083:47718128:SE","SE","ENSMUSG00000031105","Slc25a14",48,"Small (30-50bp)",0.267,0.00541359089233251,TRUE
"chrX:47717012:47717060:47714517:47718128:SE","SE","ENSMUSG00000031105","Slc25a14",48,"Small (30-50bp)",0.014,1,FALSE
"chrX:47718128:47718222:47712705:47719765:SE","SE","ENSMUSG00000031105","Slc25a14",94,"Regular (>50bp)",-0.011,1,FALSE
"chrX:47719765:47719913:47718222:47723633:SE","SE","ENSMUSG00000031105","Slc25a14",148,"Regular (>50bp)",0.002,1,FALSE
"chr11:74286604:74286723:74284308:74288182:SE","SE","ENSMUSG00000038807","Rap1gap2",119,"Regular (>50bp)",-0.007,1,FALSE
"chr11:74296548:74296683:74288320:74298136:SE","SE","ENSMUSG00000038807","Rap1gap2",135,"Regular (>50bp)",0.005,1,FALSE
"chr11:74329089:74329134:74328289:74332575:SE","SE","ENSMUSG00000038807","Rap1gap2",45,"Small (30-50bp)",-0.004,1,FALSE
"chr11:74375712:74375797:74332611:74413225:SE","SE","ENSMUSG00000038807","Rap1gap2",85,"Regular (>50bp)",0.009,1,FALSE
"chr11:74458041:74458077:74375797:74487707:SE","SE","ENSMUSG00000038807","Rap1gap2",36,"Small (30-50bp)",0.148,0.0236630531751169,TRUE
"chrX:103539341:103539384:103526955:103541880:SE","SE","ENSMUSG00000073016","Uprt",43,"Small (30-50bp)",0.009,1,FALSE
"chrX:103539341:103539384:103526955:103543009:SE","SE","ENSMUSG00000073016","Uprt",43,"Small (30-50bp)",-0.11,0.002143238424795,TRUE
"chrX:103541880:103541950:103526955:103543009:SE","SE","ENSMUSG00000073016","Uprt",70,"Regular (>50bp)",-0.181,0.00043168820308956,TRUE
"chrX:103541880:103541950:103539384:103543009:SE","SE","ENSMUSG00000073016","Uprt",70,"Regular (>50bp)",-0.003,1,FALSE
"chrX:103543009:103543072:103526955:103545350:SE","SE","ENSMUSG00000073016","Uprt",63,"Regular (>50bp)",0.007,1,FALSE
"chrX:103545350:103545512:103526955:103547934:SE","SE","ENSMUSG00000073016","Uprt",162,"Regular (>50bp)",0.018,1,FALSE
"chrX:103545350:103545512:103543072:103547934:SE","SE","ENSMUSG00000073016","Uprt",162,"Regular (>50bp)",0.003,1,FALSE
"chr11:77668060:77669140:77654205:77708444:SE","SE","ENSMUSG00000000631","Myo18a",1080,"Regular (>50bp)",-0.002,1,FALSE
"chr11:77702834:77703545:77669140:77705459:SE","SE","ENSMUSG00000000631","Myo18a",711,"Regular (>50bp)",0.001,1,FALSE
"chr11:77702834:77703545:77669140:77706681:SE","SE","ENSMUSG00000000631","Myo18a",711,"Regular (>50bp)",0.002,1,FALSE
"chr11:77702834:77703545:77700684:77705459:SE","SE","ENSMUSG00000000631","Myo18a",711,"Regular (>50bp)",0.003,1,FALSE
"chr11:77702834:77703545:77700684:77706681:SE","SE","ENSMUSG00000000631","Myo18a",711,"Regular (>50bp)",-0.444,0.0158665579843822,TRUE
"chr11:77705459:77705537:77669140:77706681:SE","SE","ENSMUSG00000000631","Myo18a",78,"Regular (>50bp)",-0.012,1,FALSE
"chr11:77705459:77705537:77700684:77706681:SE","SE","ENSMUSG00000000631","Myo18a",78,"Regular (>50bp)",-0.263,0.229462326510898,FALSE
"chr11:77705459:77705537:77703545:77706681:SE","SE","ENSMUSG00000000631","Myo18a",78,"Regular (>50bp)",0.019,1,FALSE
"chr11:77706681:77706717:77669140:77708444:SE","SE","ENSMUSG00000000631","Myo18a",36,"Small (30-50bp)",0.024,1,FALSE
"chr11:77706681:77706717:77692206:77708444:SE","SE","ENSMUSG00000000631","Myo18a",36,"Small (30-50bp)",-0.113,0.16448200605518,FALSE
"chr11:77706681:77706825:77654205:77708444:SE","SE","ENSMUSG00000000631","Myo18a",144,"Regular (>50bp)",-0.02,1,FALSE
"chr11:77706681:77706825:77669140:77708444:SE","SE","ENSMUSG00000000631","Myo18a",144,"Regular (>50bp)",0.046,1,FALSE
"chr11:77708724:77708831:77708532:77708927:SE","SE","ENSMUSG00000000631","Myo18a",107,"Regular (>50bp)",-0.002,1,FALSE
"chr11:77712355:77712376:77712012:77713488:SE","SE","ENSMUSG00000000631","Myo18a",21,"Microexon (0-30bp)",-0.014,1,FALSE
"chr11:77713488:77713500:77712012:77714101:SE","SE","ENSMUSG00000000631","Myo18a",12,"Microexon (0-30bp)",-0.053,1.72324372925086e-06,FALSE
"chr11:77714101:77714272:77712012:77714587:SE","SE","ENSMUSG00000000631","Myo18a",171,"Regular (>50bp)",-0.002,1,FALSE
"chr11:77714587:77714678:77714272:77714918:SE","SE","ENSMUSG00000000631","Myo18a",91,"Regular (>50bp)",0.002,1,FALSE
"chr11:77745503:77745548:77744717:77748548:SE","SE","ENSMUSG00000000631","Myo18a",45,"Small (30-50bp)",-0.12,0.000131915200960212,TRUE
"chr11:77748548:77748671:77744717:77755516:SE","SE","ENSMUSG00000000631","Myo18a",123,"Regular (>50bp)",0.001,1,FALSE
"chr11:77749844:77751157:77748671:77755516:SE","SE","ENSMUSG00000000631","Myo18a",1313,"Regular (>50bp)",0.008,0.331798657242725,FALSE
"chrX:100584365:100584607:100584428:100584607:100582673:100582793:A3SS","A3SS","ENSMUSG00000031314","Taf1",242,"Regular (>50bp)",0.066,0.216446360322357,FALSE
"chrX:73331783:73332119:73332056:73332119:73331624:73331705:A3SS","A3SS","ENSMUSG00000009995","Tafazzin",336,"Regular (>50bp)",0,1,FALSE
"chrX:73332053:73332119:73332056:73332119:73331783:73331825:A3SS","A3SS","ENSMUSG00000009995","Tafazzin",66,"Regular (>50bp)",0.028,0.652863317189888,FALSE
"chrX:73332534:73332625:73332589:73332625:73332267:73332320:A3SS","A3SS","ENSMUSG00000009995","Tafazzin",91,"Regular (>50bp)",0.062,0.00123713806567211,FALSE
"chr19:5702682:5702901:5702682:5702767:5704026:5704301:A3SS","A3SS","ENSMUSG00000056917","Sipa1",219,"Regular (>50bp)",-0.008,1,FALSE
"chr19:5711623:5711654:5711623:5711651:5712615:5712869:A3SS","A3SS","ENSMUSG00000056917","Sipa1",31,"Small (30-50bp)",0.113,0.624746704589661,FALSE
"chr19:5711623:5711686:5711623:5711654:5712615:5712869:A3SS","A3SS","ENSMUSG00000056917","Sipa1",63,"Regular (>50bp)",0.059,0.989540281476769,FALSE
"chr17:25137061:25137113:25137061:25137110:25139445:25139469:A3SS","A3SS","ENSMUSG00000024163","Mapk8ip3",52,"Regular (>50bp)",-0.001,1,FALSE
"chr17:25136968:25137113:25136968:25137110:25142789:25142881:A3SS","A3SS","ENSMUSG00000024163","Mapk8ip3",145,"Regular (>50bp)",0.025,1,FALSE
"chr16:43725708:43725846:43725713:43725846:43718452:43718594:A3SS","A3SS","ENSMUSG00000022701","Ccdc191",138,"Regular (>50bp)",0.009,1,FALSE
"chr16:20492917:20493064:20492977:20493064:20492617:20492711:A3SS","A3SS","ENSMUSG00000045983","Eif4g1",147,"Regular (>50bp)",-0.001,1,FALSE
"chr16:20494479:20494579:20494509:20494579:20494093:20494270:A3SS","A3SS","ENSMUSG00000045983","Eif4g1",100,"Regular (>50bp)",-0.001,1,FALSE
"chr16:20497551:20497700:20497633:20497700:20497331:20497424:A3SS","A3SS","ENSMUSG00000045983","Eif4g1",149,"Regular (>50bp)",0.001,1,FALSE
"chr16:20500483:20500672:20500486:20500672:20500169:20500328:A3SS","A3SS","ENSMUSG00000045983","Eif4g1",189,"Regular (>50bp)",0.034,0.25889535151127,FALSE
"chr16:20503157:20503258:20503178:20503258:20502771:20502931:A3SS","A3SS","ENSMUSG00000045983","Eif4g1",101,"Regular (>50bp)",0.008,0.0825461348977291,FALSE
"chr15:89177638:89177869:89177638:89177833:89177941:89178072:A3SS","A3SS","ENSMUSG00000036529","Sbf1",231,"Regular (>50bp)",-0.003,1,FALSE
"chr15:89189546:89189675:89189546:89189671:89189746:89189860:A3SS","A3SS","ENSMUSG00000036529","Sbf1",129,"Regular (>50bp)",0.007,0.831055607018344,FALSE
"chr14:61840812:61841255:61840812:61841232:61869885:61869932:A3SS","A3SS","ENSMUSG00000097589","Dleu2",443,"Regular (>50bp)",-0.179,0.790273569712462,FALSE
"chr14:52228338:52228487:52228360:52228487:52227504:52227672:A3SS","A3SS","ENSMUSG00000004562","Arhgef40",149,"Regular (>50bp)",0.014,0.527990468184151,FALSE
"chr14:52229241:52229349:52229268:52229349:52229057:52229154:A3SS","A3SS","ENSMUSG00000004562","Arhgef40",108,"Regular (>50bp)",-0.002,1,FALSE
"chr14:52242056:52242199:52242068:52242199:52241110:52241215:A3SS","A3SS","ENSMUSG00000004562","Arhgef40",143,"Regular (>50bp)",0.053,0.098991544260968,FALSE
"chr14:52242056:52242199:52242068:52242199:52241429:52241573:A3SS","A3SS","ENSMUSG00000004562","Arhgef40",143,"Regular (>50bp)",0.03,0.00363094090245076,FALSE
"chr14:52242335:52242492:52242445:52242492:52242068:52242199:A3SS","A3SS","ENSMUSG00000004562","Arhgef40",157,"Regular (>50bp)",-0.213,2.60164284683539e-08,TRUE
"chr14:52242615:52243080:52242797:52243080:52242445:52242492:A3SS","A3SS","ENSMUSG00000004562","Arhgef40",465,"Regular (>50bp)",-0.111,0.0115927271369302,TRUE
"chr14:45847948:45848211:45847948:45848147:45851619:45851726:A3SS","A3SS","ENSMUSG00000037697","Ddhd1",263,"Regular (>50bp)",-0.014,0.224274267398653,FALSE
"chr14:45860297:45860399:45860297:45860350:45866310:45866331:A3SS","A3SS","ENSMUSG00000037697","Ddhd1",102,"Regular (>50bp)",0.003,1,FALSE
"chr1:162550678:162550856:162550678:162550850:162552272:162552438:A3SS","A3SS","ENSMUSG00000040225","Prrc2c",178,"Regular (>50bp)",-0.034,0.215335077919524,FALSE
"chr5:23953753:23953920:23953753:23953841:23954802:23954864:A3SS","A3SS","ENSMUSG00000057541","Pus7",167,"Regular (>50bp)",-0.026,0.0504828602570703,FALSE
"chr9:121824132:121824183:121824132:121824179:121824941:121825075:A3SS","A3SS","ENSMUSG00000066235","Pomgnt2",51,"Regular (>50bp)",0.016,0.355920588940843,FALSE
"chr7:96145450:96145547:96145454:96145547:96085966:96086065:A3SS","A3SS","ENSMUSG00000048078","Tenm4",97,"Regular (>50bp)",0.031,1,FALSE
"chr6:113453359:113453499:113453386:113453499:113451513:113451558:A3SS","A3SS","ENSMUSG00000030281","Il17rc",140,"Regular (>50bp)",-0.002,1,FALSE
"chr4:135778924:135779031:135778924:135779027:135779877:135780028:A3SS","A3SS","ENSMUSG00000059291","Rpl11",107,"Regular (>50bp)",0,1,FALSE
"chr19:40287906:40288097:40287906:40287965:40288686:40288746:A3SS","A3SS","ENSMUSG00000025006","Sorbs1",191,"Regular (>50bp)",-0.133,3.51131047581848e-07,TRUE
"chr4:116163958:116165534:116163958:116165531:116165843:116166037:A3SS","A3SS","ENSMUSG00000003810","Mast2",1576,"Regular (>50bp)",-0.042,0.370553957395258,FALSE
"chr4:116173019:116173228:116173019:116173203:116173659:116173745:A3SS","A3SS","ENSMUSG00000003810","Mast2",209,"Regular (>50bp)",0.002,1,FALSE
"chr4:116225932:116226127:116225932:116225981:116248799:116248831:A3SS","A3SS","ENSMUSG00000003810","Mast2",195,"Regular (>50bp)",-0.271,0.125881386641264,FALSE
"chr4:116248799:116248831:116248799:116248828:116287602:116287745:A3SS","A3SS","ENSMUSG00000003810","Mast2",32,"Small (30-50bp)",0.006,0.659914595293193,FALSE
"chr4:102720858:102720930:102720861:102720930:102717966:102717991:A3SS","A3SS","ENSMUSG00000028524","Sgip1",72,"Regular (>50bp)",0.021,0.551841059002006,FALSE
"chr11:119999292:119999379:119999292:119999316:120000257:120000362:A3SS","A3SS","ENSMUSG00000061306","Slc38a10",87,"Regular (>50bp)",-0.019,0.0118599297385633,FALSE
"chr11:120029811:120029955:120029811:120029918:120031418:120031512:A3SS","A3SS","ENSMUSG00000061306","Slc38a10",144,"Regular (>50bp)",0,1,FALSE
"chr3:148526608:148526690:148526608:148526661:148526915:148527044:A3SS","A3SS","ENSMUSG00000028184","Adgrl2",82,"Regular (>50bp)",-0.139,0.990199994676598,FALSE
"chr3:148526608:148526690:148526608:148526661:148528590:148528687:A3SS","A3SS","ENSMUSG00000028184","Adgrl2",82,"Regular (>50bp)",-0.177,0.0012567052559445,TRUE
"chr3:148526608:148526690:148526608:148526661:148528623:148528687:A3SS","A3SS","ENSMUSG00000028184","Adgrl2",82,"Regular (>50bp)",0.003,1,FALSE
"chr3:148558202:148558496:148558202:148558298:148564368:148565169:A3SS","A3SS","ENSMUSG00000028184","Adgrl2",294,"Regular (>50bp)",-0.001,1,FALSE
"chr13:59621501:59622526:59621501:59621631:59623473:59623627:A3SS","A3SS","ENSMUSG00000021557","Agtpbp1",1025,"Regular (>50bp)",-0.006,1,FALSE
"chr3:126770493:126770596:126770493:126770581:126772904:126772916:A3SS","A3SS","ENSMUSG00000032826","Ank2",103,"Regular (>50bp)",-0.011,1,FALSE
"chr3:126770493:126770596:126770493:126770581:126775448:126775593:A3SS","A3SS","ENSMUSG00000032826","Ank2",103,"Regular (>50bp)",-0.118,0.0236707118722263,TRUE
"chr2:165687940:165688159:165687940:165688084:165693919:165694068:A3SS","A3SS","ENSMUSG00000039671","Zmynd8",219,"Regular (>50bp)",-0.063,0.0678161717974409,FALSE
"chr2:32198482:32199649:32198482:32199076:32202138:32202354:A3SS","A3SS","ENSMUSG00000026825","Dnm1",1167,"Regular (>50bp)",0.028,0.104764013550042,FALSE
"chr2:32198482:32200499:32198482:32199076:32202138:32202354:A3SS","A3SS","ENSMUSG00000026825","Dnm1",2017,"Regular (>50bp)",0.026,0.131518703738629,FALSE
"chr2:32198482:32200499:32198482:32199649:32202138:32202354:A3SS","A3SS","ENSMUSG00000026825","Dnm1",2017,"Regular (>50bp)",-0.076,0.0628832987222483,FALSE
"chr2:22965501:22965622:22965557:22965622:22959462:22959631:A3SS","A3SS","ENSMUSG00000026781","Acbd5",121,"Regular (>50bp)",-0.001,1,FALSE
"chr2:22989573:22989776:22989576:22989776:22984300:22984529:A3SS","A3SS","ENSMUSG00000026781","Acbd5",203,"Regular (>50bp)",0.068,0.267763938062743,FALSE
"chr2:20858768:20859043:20858768:20858789:20859745:20859851:A3SS","A3SS","ENSMUSG00000036591","Arhgap21",275,"Regular (>50bp)",-0.02,1,FALSE
"chr2:20865781:20865921:20865781:20865918:20865996:20866061:A3SS","A3SS","ENSMUSG00000036591","Arhgap21",140,"Regular (>50bp)",-0.005,1,FALSE
"chr16:31656862:31657044:31656867:31657044:31655007:31655122:A3SS","A3SS","ENSMUSG00000022770","Dlg1",182,"Regular (>50bp)",0.001,1,FALSE
"chr16:31665651:31665751:31665654:31665751:31661587:31661657:A3SS","A3SS","ENSMUSG00000022770","Dlg1",100,"Regular (>50bp)",-0.143,0.228641929635756,FALSE
"chr16:31673470:31673506:31673485:31673506:31672660:31672702:A3SS","A3SS","ENSMUSG00000022770","Dlg1",36,"Small (30-50bp)",-0.057,0.32051423866894,FALSE
"chr9:86383926:86384036:86383953:86384036:86382848:86382948:A3SS","A3SS","ENSMUSG00000034973","Dop1a",110,"Regular (>50bp)",0.008,1,FALSE
"chr9:86388436:86388572:86388457:86388572:86388247:86388367:A3SS","A3SS","ENSMUSG00000034973","Dop1a",136,"Regular (>50bp)",0.009,1,FALSE
"chr9:86394610:86395232:86394613:86395232:86389556:86389790:A3SS","A3SS","ENSMUSG00000034973","Dop1a",622,"Regular (>50bp)",-0.065,0.64876657231636,FALSE
"chr4:156252233:156253026:156252233:156252266:156253189:156253277:A3SS","A3SS","ENSMUSG00000041936","Agrn",793,"Regular (>50bp)",-0.074,0.2170373125457,FALSE
"chr4:156257459:156258137:156257459:156257587:156258241:156258547:A3SS","A3SS","ENSMUSG00000041936","Agrn",678,"Regular (>50bp)",-0.003,1,FALSE
"chr5:144728080:144728178:144728083:144728178:144727630:144727997:A3SS","A3SS","ENSMUSG00000045482","Trrap",98,"Regular (>50bp)",-0.023,0.729532981774592,FALSE
"chr5:144782224:144782424:144782278:144782424:144781008:144781099:A3SS","A3SS","ENSMUSG00000045482","Trrap",200,"Regular (>50bp)",-0.022,0.0808746956865201,FALSE
"chr10:76115539:76115650:76115539:76115620:76115690:76115800:A3SS","A3SS","ENSMUSG00000020231","Dip2a",111,"Regular (>50bp)",-0.002,1,FALSE
"chr10:76122195:76122322:76122195:76122276:76123146:76123283:A3SS","A3SS","ENSMUSG00000020231","Dip2a",127,"Regular (>50bp)",0.011,0.523675541703641,FALSE
"chr2:174183442:174183500:174183445:174183500:174176004:174176077:A3SS","A3SS","ENSMUSG00000027523","Gnas",58,"Regular (>50bp)",-0.024,0.813474494218743,FALSE
"chr17:14027538:14027654:14027541:14027654:14024200:14024396:A3SS","A3SS","ENSMUSG00000068036","Afdn",116,"Regular (>50bp)",-0.017,1,FALSE
"chr17:14029193:14029357:14029196:14029357:14027538:14027654:A3SS","A3SS","ENSMUSG00000068036","Afdn",164,"Regular (>50bp)",0.083,0.0133512808998906,FALSE
"chr1:136202538:136202638:136202538:136202611:136204275:136204496:A3SS","A3SS","ENSMUSG00000041570","Camsap2",100,"Regular (>50bp)",0.014,0.621291720228337,FALSE
"chr19:3523768:3523866:3523768:3523815:3528277:3528364:A3SS","A3SS","ENSMUSG00000024908","Ppp6r3",98,"Regular (>50bp)",-0.036,0.420619868106141,FALSE
"chr19:3523768:3523866:3523768:3523815:3534830:3534916:A3SS","A3SS","ENSMUSG00000024908","Ppp6r3",98,"Regular (>50bp)",-0.029,0.629429044801601,FALSE
"chr19:3576701:3576934:3576701:3576929:3594107:3594255:A3SS","A3SS","ENSMUSG00000024908","Ppp6r3",233,"Regular (>50bp)",0.013,0.758531063004147,FALSE
"chr14:121829223:121829360:121829223:121829291:121831747:121831795:A3SS","A3SS","ENSMUSG00000025558","Dock9",137,"Regular (>50bp)",-0.038,0.0317115603133031,FALSE
"chr14:121835053:121835168:121835053:121835165:121837099:121837233:A3SS","A3SS","ENSMUSG00000025558","Dock9",115,"Regular (>50bp)",-0.083,0.529825688123083,FALSE
"chr17:72023316:72023512:72023373:72023512:72021672:72021767:A3SS","A3SS","ENSMUSG00000045761","Togaram2",196,"Regular (>50bp)",-0.024,1,FALSE
"chr12:102964696:102965001:102964855:102965001:102957608:102957729:A3SS","A3SS","ENSMUSG00000021198","Unc79",305,"Regular (>50bp)",-0.123,0.0499852048428306,TRUE
"chr12:103074374:103074557:103074476:103074557:103070867:103071154:A3SS","A3SS","ENSMUSG00000021198","Unc79",183,"Regular (>50bp)",-0.072,0.0457500240671327,FALSE
"chr12:103108845:103109019:103108873:103109019:103108237:103108323:A3SS","A3SS","ENSMUSG00000021198","Unc79",174,"Regular (>50bp)",-0.013,0.510297698586569,FALSE
"chr16:90737360:90737384:90737360:90737381:90741242:90741463:A3SS","A3SS","ENSMUSG00000022973","Synj1",24,"Microexon (0-30bp)",0.045,0.973194565926269,FALSE
"chr16:90770797:90770963:90770797:90770954:90773486:90773639:A3SS","A3SS","ENSMUSG00000022973","Synj1",166,"Regular (>50bp)",0.002,1,FALSE
"chr6:51441407:51441527:51441407:51441431:51442158:51442221:A3SS","A3SS","ENSMUSG00000004980","Hnrnpa2b1",120,"Regular (>50bp)",0,1,FALSE
"chr6:51441407:51441527:51441407:51441431:51443282:51443384:A3SS","A3SS","ENSMUSG00000004980","Hnrnpa2b1",120,"Regular (>50bp)",0,1,FALSE
"chr6:51443121:51443217:51443121:51443202:51443282:51443384:A3SS","A3SS","ENSMUSG00000004980","Hnrnpa2b1",96,"Regular (>50bp)",0.001,1,FALSE
"chr7:30833838:30835164:30833838:30833942:30835247:30835366:A3SS","A3SS","ENSMUSG00000001248","Gramd1a",1326,"Regular (>50bp)",0,1,FALSE
"chr7:30833838:30835164:30833838:30833942:30837538:30837682:A3SS","A3SS","ENSMUSG00000001248","Gramd1a",1326,"Regular (>50bp)",0.001,1,FALSE
"chr7:30841975:30842079:30841975:30842000:30842228:30842313:A3SS","A3SS","ENSMUSG00000001248","Gramd1a",104,"Regular (>50bp)",0.001,1,FALSE
"chr2:180729367:180729476:180729367:180729473:180730139:180730327:A3SS","A3SS","ENSMUSG00000016346","Kcnq2",109,"Regular (>50bp)",-0.004,1,FALSE
"chr2:180730139:180730363:180730139:180730327:180734031:180734085:A3SS","A3SS","ENSMUSG00000016346","Kcnq2",224,"Regular (>50bp)",-0.009,1,FALSE
"chr2:180730139:180730363:180730139:180730327:180737134:180737214:A3SS","A3SS","ENSMUSG00000016346","Kcnq2",224,"Regular (>50bp)",0.002,1,FALSE
"chr2:180730139:180730363:180730139:180730327:180738742:180738772:A3SS","A3SS","ENSMUSG00000016346","Kcnq2",224,"Regular (>50bp)",-0.003,1,FALSE
"chr2:180730139:180730363:180730139:180730327:180776589:180776970:A3SS","A3SS","ENSMUSG00000016346","Kcnq2",224,"Regular (>50bp)",0.004,1,FALSE
"chr1:37413352:37413370:37413355:37413370:37411391:37411500:A3SS","A3SS","ENSMUSG00000026113","Inpp4a",18,"Microexon (0-30bp)",-0.013,0.966580564386563,FALSE
"chr3:86723664:86723740:86723664:86723737:86731942:86732037:A3SS","A3SS","ENSMUSG00000028078","Dclk2",76,"Regular (>50bp)",0.011,1,FALSE
"chr7:44247804:44247999:44247807:44247999:44244584:44245692:A3SS","A3SS","ENSMUSG00000062785","Kcnc3",195,"Regular (>50bp)",0.061,0.320334916511781,FALSE
"chr7:44247804:44247999:44247807:44247999:44247013:44247043:A3SS","A3SS","ENSMUSG00000062785","Kcnc3",195,"Regular (>50bp)",-0.094,0.0215787942617577,FALSE
"chr9:44689858:44689935:44689890:44689935:44684984:44685081:A3SS","A3SS","ENSMUSG00000002031","Ift46",77,"Regular (>50bp)",0.003,0.820498966964571,FALSE
"chr9:44689858:44689935:44689890:44689935:44687653:44687758:A3SS","A3SS","ENSMUSG00000002031","Ift46",77,"Regular (>50bp)",0.004,1,FALSE
"chr9:44689858:44689935:44689890:44689935:44687673:44687734:A3SS","A3SS","ENSMUSG00000002031","Ift46",77,"Regular (>50bp)",-0.006,1,FALSE
"chr2:120551362:120551491:120551362:120551470:120553090:120553239:A3SS","A3SS","ENSMUSG00000027284","Cdan1",129,"Regular (>50bp)",0.002,0.880885102833696,FALSE
"chr7:24611481:24611777:24611734:24611777:24607735:24607849:A3SS","A3SS","ENSMUSG00000040940","Arhgef1",296,"Regular (>50bp)",-0.021,2.142720006416e-05,FALSE
"chr7:24616225:24616366:24616228:24616366:24615442:24615478:A3SS","A3SS","ENSMUSG00000040940","Arhgef1",141,"Regular (>50bp)",0.037,0.0247051732217389,FALSE
"chr7:24617944:24618776:24618608:24618776:24617319:24617425:A3SS","A3SS","ENSMUSG00000040940","Arhgef1",832,"Regular (>50bp)",-0.247,0.00019458006140348,TRUE
"chr2:164904131:164904284:164904205:164904284:164897546:164897678:A3SS","A3SS","ENSMUSG00000017652","Cd40",153,"Regular (>50bp)",-0.005,0.232156771306593,FALSE
"chr2:164911548:164911768:164911736:164911768:164908422:164908484:A3SS","A3SS","ENSMUSG00000017652","Cd40",220,"Regular (>50bp)",-0.025,0.0422056707864712,FALSE
"chr1:82713136:82713228:82713139:82713228:82708833:82709003:A3SS","A3SS","ENSMUSG00000026150","Mff",92,"Regular (>50bp)",0.037,0.325150234655033,FALSE
"chr17:35249584:35249730:35249584:35249636:35250123:35250250:A3SS","A3SS","ENSMUSG00000007035","Msh5",146,"Regular (>50bp)",-0.023,1,FALSE
"chr17:35249584:35249734:35249584:35249636:35250123:35250250:A3SS","A3SS","ENSMUSG00000007035","Msh5",150,"Regular (>50bp)",-0.009,1,FALSE
"chr17:35249584:35249734:35249584:35249730:35250123:35250250:A3SS","A3SS","ENSMUSG00000007035","Msh5",150,"Regular (>50bp)",0.037,0.966580564386563,FALSE
"chr17:35250654:35250742:35250654:35250732:35251316:35251397:A3SS","A3SS","ENSMUSG00000007035","Msh5",88,"Regular (>50bp)",-0.102,0.240676304447163,FALSE
"chr17:35250654:35250878:35250654:35250732:35251316:35251397:A3SS","A3SS","ENSMUSG00000007035","Msh5",224,"Regular (>50bp)",-0.125,0.377531994719772,FALSE
"chr17:35250654:35250878:35250654:35250742:35251316:35251397:A3SS","A3SS","ENSMUSG00000007035","Msh5",224,"Regular (>50bp)",0.09,0.937476111150461,FALSE
"chr17:35258176:35258394:35258176:35258315:35260445:35260491:A3SS","A3SS","ENSMUSG00000007035","Msh5",218,"Regular (>50bp)",0.049,1,FALSE
"chr2:155858607:155858722:155858625:155858722:155857908:155857940:A3SS","A3SS","ENSMUSG00000005881","Ergic3",115,"Regular (>50bp)",0.006,1,FALSE
"chr7:4511472:4511624:4511472:4511582:4512009:4512123:A3SS","A3SS","ENSMUSG00000064179","Tnnt1",152,"Regular (>50bp)",0.03,1,FALSE
"chr7:4515263:4515285:4515263:4515282:4516579:4516612:A3SS","A3SS","ENSMUSG00000064179","Tnnt1",22,"Microexon (0-30bp)",0.201,0.27522174982078,FALSE
"chr12:109617274:109617533:109617446:109617533:109616505:109616591:A3SS","A3SS","ENSMUSG00000097451","Rian",259,"Regular (>50bp)",-0.125,0.0473870294987939,TRUE
"chr12:109620719:109620866:109620735:109620866:109619134:109619149:A3SS","A3SS","ENSMUSG00000097451","Rian",147,"Regular (>50bp)",0.003,1,FALSE
"chr12:109624486:109624555:109624491:109624555:109623221:109623265:A3SS","A3SS","ENSMUSG00000097451","Rian",69,"Regular (>50bp)",0.083,0.00256836916573884,FALSE
"chr12:109624486:109624555:109624491:109624555:109623221:109623274:A3SS","A3SS","ENSMUSG00000097451","Rian",69,"Regular (>50bp)",0.001,0.981726978228449,FALSE
"chr12:109627141:109627416:109627179:109627416:109626156:109626241:A3SS","A3SS","ENSMUSG00000097451","Rian",275,"Regular (>50bp)",0.004,1,FALSE
"chr12:70314007:70314040:70314007:70314037:70314835:70314974:A3SS","A3SS","ENSMUSG00000021071","Trim9",33,"Small (30-50bp)",0.267,0.0424746116292359,TRUE
"chr7:28487341:28488085:28487344:28488085:28487186:28487253:A3SS","A3SS","ENSMUSG00000015149","Sirt2",744,"Regular (>50bp)",-0.005,1,FALSE
"chr5:122498075:122498267:122498091:122498267:122492484:122492539:A3SS","A3SS","ENSMUSG00000029462","Vps29",192,"Regular (>50bp)",-0.011,0.0879807504533303,FALSE
"chr5:122498008:122498267:122498075:122498267:122494856:122494868:A3SS","A3SS","ENSMUSG00000029462","Vps29",259,"Regular (>50bp)",0.003,0.749338465514331,FALSE
"chr5:122498008:122498267:122498091:122498267:122494856:122494868:A3SS","A3SS","ENSMUSG00000029462","Vps29",259,"Regular (>50bp)",-0.091,0.000498507573678806,FALSE
"chr5:122498075:122498267:122498091:122498267:122494856:122494868:A3SS","A3SS","ENSMUSG00000029462","Vps29",192,"Regular (>50bp)",-0.013,9.09565718216699e-05,FALSE
"chr7:89840348:89840480:89840363:89840480:89838357:89838465:A3SS","A3SS","ENSMUSG00000039361","Picalm",132,"Regular (>50bp)",-0.018,0.912052140310842,FALSE
"chr3:87617957:87618849:87618806:87618849:87616870:87616969:A3SS","A3SS","ENSMUSG00000041977","Arhgef11",892,"Regular (>50bp)",-0.005,1,FALSE
"chr3:87624727:87624827:87624730:87624827:87624336:87624481:A3SS","A3SS","ENSMUSG00000041977","Arhgef11",100,"Regular (>50bp)",0.003,1,FALSE
"chr11:116238681:116238793:116238681:116238744:116240159:116240268:A3SS","A3SS","ENSMUSG00000052949","Rnf157",112,"Regular (>50bp)",-0.019,0.420619868106141,FALSE
"chr2:80486292:80487697:80487532:80487697:80485136:80485206:A3SS","A3SS","ENSMUSG00000026999","Nup35",1405,"Regular (>50bp)",-0.007,1,FALSE
"chr7:144038769:144038948:144038769:144038945:144042427:144042454:A3SS","A3SS","ENSMUSG00000037519","Ppfia1",179,"Regular (>50bp)",0.04,0.151284436525252,FALSE
"chr7:144074361:144074575:144074361:144074526:144074696:144074798:A3SS","A3SS","ENSMUSG00000037519","Ppfia1",214,"Regular (>50bp)",0.002,1,FALSE
"chr8:57758289:57758450:57758289:57758331:57760113:57760210:A3SS","A3SS","ENSMUSG00000100510","Hand2os1",161,"Regular (>50bp)",-0.001,1,FALSE
"chr8:57758289:57758484:57758289:57758331:57760113:57760210:A3SS","A3SS","ENSMUSG00000100510","Hand2os1",195,"Regular (>50bp)",-0.014,1,FALSE
"chr8:57758289:57758484:57758289:57758450:57760113:57760210:A3SS","A3SS","ENSMUSG00000100510","Hand2os1",195,"Regular (>50bp)",-0.002,1,FALSE
"chr8:57759906:57760210:57759906:57760206:57766673:57766872:A3SS","A3SS","ENSMUSG00000100510","Hand2os1",304,"Regular (>50bp)",0.016,0.973986313349541,FALSE
"chr8:57760113:57760206:57760113:57760183:57766673:57766872:A3SS","A3SS","ENSMUSG00000100510","Hand2os1",93,"Regular (>50bp)",0.003,1,FALSE
"chr8:57760113:57760210:57760113:57760183:57766673:57766872:A3SS","A3SS","ENSMUSG00000100510","Hand2os1",97,"Regular (>50bp)",0.002,1,FALSE
"chr8:57758289:57758450:57758289:57758331:57767549:57767649:A3SS","A3SS","ENSMUSG00000100510","Hand2os1",161,"Regular (>50bp)",0.002,1,FALSE
"chr8:57759906:57760210:57759906:57760206:57767549:57767649:A3SS","A3SS","ENSMUSG00000100510","Hand2os1",304,"Regular (>50bp)",0.007,0.595974185568127,FALSE
"chr8:57760113:57760206:57760113:57760183:57767549:57767649:A3SS","A3SS","ENSMUSG00000100510","Hand2os1",93,"Regular (>50bp)",-0.007,1,FALSE
"chr8:57760113:57760210:57760113:57760183:57767549:57767649:A3SS","A3SS","ENSMUSG00000100510","Hand2os1",97,"Regular (>50bp)",-0.002,1,FALSE
"chr8:57767549:57767649:57767549:57767646:57771440:57771482:A3SS","A3SS","ENSMUSG00000100510","Hand2os1",100,"Regular (>50bp)",-0.014,1,FALSE
"chr8:57760113:57760206:57760113:57760183:57773218:57773323:A3SS","A3SS","ENSMUSG00000100510","Hand2os1",93,"Regular (>50bp)",-0.004,1,FALSE
"chr8:57760113:57760210:57760113:57760183:57773218:57773323:A3SS","A3SS","ENSMUSG00000100510","Hand2os1",97,"Regular (>50bp)",-0.002,1,FALSE
"chr8:57760113:57760210:57760113:57760206:57773218:57773323:A3SS","A3SS","ENSMUSG00000100510","Hand2os1",97,"Regular (>50bp)",0.01,0.737704464575128,FALSE
"chr8:57767549:57767649:57767549:57767646:57773218:57773323:A3SS","A3SS","ENSMUSG00000100510","Hand2os1",100,"Regular (>50bp)",-0.001,1,FALSE
"chr8:57773218:57773475:57773218:57773323:57773637:57773706:A3SS","A3SS","ENSMUSG00000100510","Hand2os1",257,"Regular (>50bp)",-0.017,0.208129039269763,FALSE
"chr8:57773218:57773409:57773218:57773323:57773723:57773779:A3SS","A3SS","ENSMUSG00000100510","Hand2os1",191,"Regular (>50bp)",0.029,0.0255705325980724,FALSE
"chr8:57773218:57773323:57773218:57773311:57773723:57773894:A3SS","A3SS","ENSMUSG00000100510","Hand2os1",105,"Regular (>50bp)",-0.004,0.781319198812917,FALSE
"chr8:57773218:57773475:57773218:57773311:57773723:57773894:A3SS","A3SS","ENSMUSG00000100510","Hand2os1",257,"Regular (>50bp)",-0.009,0.994131677387488,FALSE
"chr8:57773218:57773475:57773218:57773323:57773723:57773894:A3SS","A3SS","ENSMUSG00000100510","Hand2os1",257,"Regular (>50bp)",0.022,0.0580457179163508,FALSE
"chr10:69768223:69768326:69768238:69768326:69763524:69763648:A3SS","A3SS","ENSMUSG00000069601","Ank3",103,"Regular (>50bp)",-0.013,1,FALSE
"chr10:69768223:69768326:69768238:69768326:69765276:69765288:A3SS","A3SS","ENSMUSG00000069601","Ank3",103,"Regular (>50bp)",0.065,0.0747217610235362,FALSE
"chr10:69837752:69838431:69838340:69838431:69835184:69835328:A3SS","A3SS","ENSMUSG00000069601","Ank3",679,"Regular (>50bp)",-0.261,0,TRUE
"chr10:69851397:69851483:69851400:69851483:69840439:69840821:A3SS","A3SS","ENSMUSG00000069601","Ank3",86,"Regular (>50bp)",0.07,0.00600900282303691,FALSE
"chr9:70480738:70481207:70480792:70481207:70479430:70479458:A3SS","A3SS","ENSMUSG00000032212","Sltm",469,"Regular (>50bp)",0.042,0.519602524595231,FALSE
"chr9:107833544:107833628:107833592:107833628:107833063:107833121:A3SS","A3SS","ENSMUSG00000032586","Traip",84,"Regular (>50bp)",-0.018,0.523991883853374,FALSE
"chr9:108673853:108673982:108673869:108673982:108673739:108673771:A3SS","A3SS","ENSMUSG00000032599","Ip6k2",129,"Regular (>50bp)",-0.028,0.993048430212619,FALSE
"chr1:151681597:151681697:151681600:151681697:151680415:151680570:A3SS","A3SS","ENSMUSG00000043019","Edem3",100,"Regular (>50bp)",0.002,1,FALSE
"chr2:60064242:60065341:60064277:60065341:60060027:60060223:A3SS","A3SS","ENSMUSG00000026977","Marchf7",1099,"Regular (>50bp)",-0.007,1,FALSE
"chr2:60064242:60065341:60064277:60065341:60062543:60062711:A3SS","A3SS","ENSMUSG00000026977","Marchf7",1099,"Regular (>50bp)",-0.025,0.0184820049393064,FALSE
"chr10:122866944:122867029:122866944:122867026:122868427:122868654:A3SS","A3SS","ENSMUSG00000034602","Mon2",85,"Regular (>50bp)",-0.009,1,FALSE
"chr11:93983637:93983808:93983640:93983808:93983163:93983253:A3SS","A3SS","ENSMUSG00000020859","Spag9",171,"Regular (>50bp)",0.003,1,FALSE
"chr11:5028472:5028591:5028472:5028579:5028919:5029528:A3SS","A3SS","ENSMUSG00000009079","Ewsr1",119,"Regular (>50bp)",0.001,1,FALSE
"chr11:5028472:5028591:5028472:5028579:5032252:5032433:A3SS","A3SS","ENSMUSG00000009079","Ewsr1",119,"Regular (>50bp)",-0.011,1,FALSE
"chr2:30235710:30236465:30235710:30235951:30236622:30236712:A3SS","A3SS","ENSMUSG00000026860","Sh3glb2",755,"Regular (>50bp)",0,1,FALSE
"chr11:74283045:74283172:74283045:74283167:74283870:74283988:A3SS","A3SS","ENSMUSG00000038807","Rap1gap2",127,"Regular (>50bp)",0.007,1,FALSE
"chrX:73331783:73331945:73331783:73331825:73332053:73332119:A5SS","A5SS","ENSMUSG00000009995","Tafazzin",162,"Regular (>50bp)",-0.197,1.40154554629291e-14,TRUE
"chrX:73332056:73332625:73332056:73332119:73332710:73332788:A5SS","A5SS","ENSMUSG00000009995","Tafazzin",569,"Regular (>50bp)",-0.442,0,TRUE
"chrX:13652157:13652288:13652175:13652288:13580904:13581010:A5SS","A5SS","ENSMUSG00000031012","Cask",131,"Regular (>50bp)",0.007,1,FALSE
"chr19:45352525:45352713:45352525:45352581:45394983:45395025:A5SS","A5SS","ENSMUSG00000025217","Btrc",188,"Regular (>50bp)",-0.001,1,FALSE
"chr19:45352525:45352713:45352525:45352581:45411571:45411679:A5SS","A5SS","ENSMUSG00000025217","Btrc",188,"Regular (>50bp)",-0.123,0.232639851871774,FALSE
"chr18:24604118:24604203:24604118:24604141:24606006:24606206:A5SS","A5SS","ENSMUSG00000024273","2700062C07Rik",85,"Regular (>50bp)",0.011,0.103416520397341,FALSE
"chr17:25125120:25125202:25125147:25125202:25124141:25124272:A5SS","A5SS","ENSMUSG00000024163","Mapk8ip3",82,"Regular (>50bp)",0.034,0.00482565205877946,FALSE
"chr17:25136968:25137110:25137061:25137110:25133432:25133679:A5SS","A5SS","ENSMUSG00000024163","Mapk8ip3",142,"Regular (>50bp)",0.004,1,FALSE
"chr15:89186045:89186580:89186384:89186580:89184975:89185154:A5SS","A5SS","ENSMUSG00000036529","Sbf1",535,"Regular (>50bp)",-0.013,0.0959534574147691,FALSE
"chr14:61885930:61886236:61886066:61886236:61880808:61880904:A5SS","A5SS","ENSMUSG00000097589","Dleu2",306,"Regular (>50bp)",0.016,1,FALSE
"chr14:52231739:52231864:52231739:52231855:52232336:52232463:A5SS","A5SS","ENSMUSG00000004562","Arhgef40",125,"Regular (>50bp)",-0.003,1,FALSE
"chr14:52235069:52235496:52235069:52235304:52235600:52235687:A5SS","A5SS","ENSMUSG00000004562","Arhgef40",427,"Regular (>50bp)",0.001,1,FALSE
"chr13:94679286:94679391:94679286:94679384:94680491:94680829:A5SS","A5SS","ENSMUSG00000021686","Ap3b1",105,"Regular (>50bp)",-0.036,0.000425102194283463,FALSE
"chr11:106077926:106078006:106077950:106078006:106064504:106064607:A5SS","A5SS","ENSMUSG00000069631","Strada",80,"Regular (>50bp)",0.041,0.68557359082151,FALSE
"chr11:106077926:106078006:106077950:106078006:106071780:106071809:A5SS","A5SS","ENSMUSG00000069631","Strada",80,"Regular (>50bp)",0.011,1,FALSE
"chr11:106077926:106078006:106077950:106078006:106075387:106075445:A5SS","A5SS","ENSMUSG00000069631","Strada",80,"Regular (>50bp)",0.089,0.00779427780163651,FALSE
"chr1:162507053:162507176:162507068:162507176:162505578:162505797:A5SS","A5SS","ENSMUSG00000040225","Prrc2c",123,"Regular (>50bp)",0.072,7.09392294178898e-06,FALSE
"chr1:162548998:162549108:162549013:162549108:162548049:162548175:A5SS","A5SS","ENSMUSG00000040225","Prrc2c",110,"Regular (>50bp)",0.045,0.0522502948965715,FALSE
"chr5:23953680:23953841:23953753:23953841:23952791:23952918:A5SS","A5SS","ENSMUSG00000057541","Pus7",161,"Regular (>50bp)",0.011,0.91391605837828,FALSE
"chr6:119754939:119755032:119754948:119755032:119750694:119750862:A5SS","A5SS","ENSMUSG00000030172","Erc1",93,"Regular (>50bp)",0.062,0.0882466863679531,FALSE
"chr11:3307971:3308298:3308109:3308298:3305810:3305916:A5SS","A5SS","ENSMUSG00000020451","Limk2",327,"Regular (>50bp)",-0.015,0.0133814804054976,FALSE
"chr4:132397499:132397566:132397499:132397526:132417015:132417101:A5SS","A5SS","ENSMUSG00000028886","Eya3",67,"Regular (>50bp)",-0.002,1,FALSE
"chr19:40365088:40365460:40365427:40365460:40361919:40362061:A5SS","A5SS","ENSMUSG00000025006","Sorbs1",372,"Regular (>50bp)",0.013,0.900738549813661,FALSE
"chr3:148528590:148528687:148528623:148528687:148526608:148526661:A5SS","A5SS","ENSMUSG00000028184","Adgrl2",97,"Regular (>50bp)",0.006,1,FALSE
"chr3:148528590:148528687:148528623:148528687:148526608:148526690:A5SS","A5SS","ENSMUSG00000028184","Adgrl2",97,"Regular (>50bp)",-0.041,0.00668666933699491,FALSE
"chr3:148528590:148528687:148528623:148528687:148526915:148527044:A5SS","A5SS","ENSMUSG00000028184","Adgrl2",97,"Regular (>50bp)",-0.002,1,FALSE
"chr3:148571231:148571345:148571235:148571345:148564368:148565169:A5SS","A5SS","ENSMUSG00000028184","Adgrl2",114,"Regular (>50bp)",-0.006,0.798271034938982,FALSE
"chr13:59704911:59705100:59705036:59705100:59692200:59692265:A5SS","A5SS","ENSMUSG00000021557","Agtpbp1",189,"Regular (>50bp)",0.044,0.665485981080704,FALSE
"chr2:165649438:165649849:165649594:165649849:165647106:165647297:A5SS","A5SS","ENSMUSG00000039671","Zmynd8",411,"Regular (>50bp)",-0.158,0,TRUE
"chr2:165687940:165688159:165688026:165688159:165687663:165687841:A5SS","A5SS","ENSMUSG00000039671","Zmynd8",219,"Regular (>50bp)",-0.059,0.0156900087464403,FALSE
"chr2:32202695:32202937:32202721:32202937:32202138:32202354:A5SS","A5SS","ENSMUSG00000026825","Dnm1",242,"Regular (>50bp)",-0.016,0.536034057932565,FALSE
"chr2:32223077:32223216:32223164:32223216:32217972:32218059:A5SS","A5SS","ENSMUSG00000026825","Dnm1",139,"Regular (>50bp)",-0.003,1,FALSE
"chr2:20860164:20860517:20860391:20860517:20859745:20859851:A5SS","A5SS","ENSMUSG00000036591","Arhgap21",353,"Regular (>50bp)",0.005,1,FALSE
"chr2:20972140:20972531:20972158:20972531:20919442:20919622:A5SS","A5SS","ENSMUSG00000036591","Arhgap21",391,"Regular (>50bp)",-0.002,1,FALSE
"chr16:31615683:31615828:31615683:31615783:31624431:31624552:A5SS","A5SS","ENSMUSG00000022770","Dlg1",145,"Regular (>50bp)",0.153,1.82865756724972e-10,TRUE
"chr4:155070671:155071473:155071175:155071473:155069822:155069849:A5SS","A5SS","ENSMUSG00000029055","Plch2",802,"Regular (>50bp)",-0.138,0.0341534467438212,TRUE
"chr4:156252233:156253026:156253002:156253026:156251738:156251963:A5SS","A5SS","ENSMUSG00000041936","Agrn",793,"Regular (>50bp)",-0.087,0.0992455648135372,FALSE
"chr4:156257459:156258137:156257999:156258137:156257224:156257339:A5SS","A5SS","ENSMUSG00000041936","Agrn",678,"Regular (>50bp)",-0.009,1,FALSE
"chr19:60214663:60215129:60215075:60215129:60201104:60201194:A5SS","A5SS","ENSMUSG00000057858","Fam204a",466,"Regular (>50bp)",0.002,1,FALSE
"chr19:60214663:60215129:60215075:60215129:60208471:60208571:A5SS","A5SS","ENSMUSG00000057858","Fam204a",466,"Regular (>50bp)",-0.011,1,FALSE
"chr19:60214663:60215129:60215075:60215129:60208761:60208792:A5SS","A5SS","ENSMUSG00000057858","Fam204a",466,"Regular (>50bp)",-0.005,1,FALSE
"chr19:60214663:60215129:60215075:60215129:60209485:60209736:A5SS","A5SS","ENSMUSG00000057858","Fam204a",466,"Regular (>50bp)",0.027,0.355011481547065,FALSE
"chr5:92551453:92551515:92551453:92551486:92552695:92552725:A5SS","A5SS","ENSMUSG00000034842","Art3",62,"Regular (>50bp)",0.059,0.00287959013451431,FALSE
"chr5:144721067:144722375:144721067:144721156:144723441:144723580:A5SS","A5SS","ENSMUSG00000045482","Trrap",1308,"Regular (>50bp)",0.002,1,FALSE
"chr5:144776210:144776439:144776210:144776406:144777147:144777413:A5SS","A5SS","ENSMUSG00000045482","Trrap",229,"Regular (>50bp)",-0.003,1,FALSE
"chr2:174169900:174172227:174169900:174169924:174176004:174176077:A5SS","A5SS","ENSMUSG00000027523","Gnas",2327,"Regular (>50bp)",-0.068,5.54410968958971e-07,FALSE
"chr2:174169900:174172227:174169900:174169924:174183445:174183500:A5SS","A5SS","ENSMUSG00000027523","Gnas",2327,"Regular (>50bp)",-0.004,1,FALSE
"chr15:76069804:76069966:76069808:76069966:76069510:76069689:A5SS","A5SS","ENSMUSG00000022565","Plec",162,"Regular (>50bp)",0,1,FALSE
"chr3:9068339:9068494:9068347:9068494:9018743:9018859:A5SS","A5SS","ENSMUSG00000027506","Tpd52",155,"Regular (>50bp)",0.085,0.00417811421077412,FALSE
"chr1:36482571:36482690:36482600:36482690:36478689:36478807:A5SS","A5SS","ENSMUSG00000001143","Lman2l",119,"Regular (>50bp)",-0.007,0.789821360637901,FALSE
"chr6:51443282:51443384:51443294:51443384:51441407:51441431:A5SS","A5SS","ENSMUSG00000004980","Hnrnpa2b1",102,"Regular (>50bp)",0,1,FALSE
"chr6:51443282:51443384:51443294:51443384:51442158:51442221:A5SS","A5SS","ENSMUSG00000004980","Hnrnpa2b1",102,"Regular (>50bp)",0,1,FALSE
"chr6:51443282:51443384:51443294:51443384:51443121:51443202:A5SS","A5SS","ENSMUSG00000004980","Hnrnpa2b1",102,"Regular (>50bp)",0,1,FALSE
"chr7:30834950:30835164:30835021:30835164:30833838:30833942:A5SS","A5SS","ENSMUSG00000001248","Gramd1a",214,"Regular (>50bp)",0.091,8.36906727409786e-07,FALSE
"chr7:30834950:30835164:30835132:30835164:30833838:30833942:A5SS","A5SS","ENSMUSG00000001248","Gramd1a",214,"Regular (>50bp)",-0.057,0,FALSE
"chr7:30835021:30835164:30835132:30835164:30833838:30833942:A5SS","A5SS","ENSMUSG00000001248","Gramd1a",143,"Regular (>50bp)",-0.037,0,FALSE
"chr2:180728668:180728893:180728761:180728893:180724125:180724249:A5SS","A5SS","ENSMUSG00000016346","Kcnq2",225,"Regular (>50bp)",0.014,1,FALSE
"chr2:180728668:180728893:180728761:180728893:180727035:180727143:A5SS","A5SS","ENSMUSG00000016346","Kcnq2",225,"Regular (>50bp)",-0.097,0.253612520509067,FALSE
"chr7:30744132:30744175:30744141:30744175:30743995:30744036:A5SS","A5SS","ENSMUSG00000036578","Fxyd7",43,"Small (30-50bp)",0.015,1,FALSE
"chr1:37419002:37419258:37419002:37419141:37422419:37422452:A5SS","A5SS","ENSMUSG00000026113","Inpp4a",256,"Regular (>50bp)",-0.137,0.00488567103936146,TRUE
"chr1:37419002:37419258:37419002:37419141:37426778:37426951:A5SS","A5SS","ENSMUSG00000026113","Inpp4a",256,"Regular (>50bp)",-0.016,1,FALSE
"chr2:90988749:90988833:90988752:90988833:90988329:90988488:A5SS","A5SS","ENSMUSG00000040687","Madd",84,"Regular (>50bp)",0.047,0.222773852139116,FALSE
"chr2:90988749:90988833:90988761:90988833:90988329:90988488:A5SS","A5SS","ENSMUSG00000040687","Madd",84,"Regular (>50bp)",0.181,1.99055966154638e-09,TRUE
"chr2:90988752:90988833:90988761:90988833:90988329:90988488:A5SS","A5SS","ENSMUSG00000040687","Madd",81,"Regular (>50bp)",0.149,0.00122673365236356,TRUE
"chr2:90997258:90997508:90997387:90997508:90996890:90997030:A5SS","A5SS","ENSMUSG00000040687","Madd",250,"Regular (>50bp)",-0.003,1,FALSE
"chr2:90997852:90998063:90997872:90998063:90997258:90997512:A5SS","A5SS","ENSMUSG00000040687","Madd",211,"Regular (>50bp)",0.007,0.919892688006769,FALSE
"chr3:86699375:86701220:86701123:86701220:86693459:86694719:A5SS","A5SS","ENSMUSG00000028078","Dclk2",1845,"Regular (>50bp)",-0.042,1,FALSE
"chr10:79972496:79972577:79972523:79972577:79972183:79972328:A5SS","A5SS","ENSMUSG00000035640","Cbarp",81,"Regular (>50bp)",0.066,0.100077636199994,FALSE
"chr2:120553090:120553239:120553137:120553239:120551362:120551470:A5SS","A5SS","ENSMUSG00000027284","Cdan1",149,"Regular (>50bp)",0.173,0.000660721237848338,TRUE
"chr8:25671838:25672946:25672152:25672946:25667949:25668010:A5SS","A5SS","ENSMUSG00000065954","Tacc1",1108,"Regular (>50bp)",0.007,1,FALSE
"chr5:73463920:73464141:73463920:73464096:73467616:73467769:A5SS","A5SS","ENSMUSG00000029152","Ociad1",221,"Regular (>50bp)",0.002,1,FALSE
"chr5:31401509:31401903:31401509:31401632:31402220:31402310:A5SS","A5SS","ENSMUSG00000029148","Nrbp1",394,"Regular (>50bp)",-0.008,1,FALSE
"chr17:35251614:35251845:35251735:35251845:35251316:35251397:A5SS","A5SS","ENSMUSG00000007035","Msh5",231,"Regular (>50bp)",-0.054,0.0026409970347915,FALSE
"chr17:35265206:35265363:35265241:35265363:35264905:35265029:A5SS","A5SS","ENSMUSG00000007035","Msh5",157,"Regular (>50bp)",0.044,0.21680479262837,FALSE
"chr6:145083185:145083812:145083185:145083333:145083907:145083989:A5SS","A5SS","ENSMUSG00000030263","Irag2",627,"Regular (>50bp)",0.066,0.690126945179462,FALSE
"chr6:145117229:145117430:145117229:145117292:145117709:145117811:A5SS","A5SS","ENSMUSG00000030263","Irag2",201,"Regular (>50bp)",0.014,1,FALSE
"chr12:109593481:109593587:109593481:109593566:109601827:109601891:A5SS","A5SS","ENSMUSG00000097451","Rian",106,"Regular (>50bp)",-0.127,0.0955075861515028,FALSE
"chr12:109593481:109593587:109593481:109593566:109604272:109604360:A5SS","A5SS","ENSMUSG00000097451","Rian",106,"Regular (>50bp)",-0.019,0.899380757287395,FALSE
"chr12:109616505:109616591:109616505:109616589:109617446:109617533:A5SS","A5SS","ENSMUSG00000097451","Rian",86,"Regular (>50bp)",0.037,0.341906401028228,FALSE
"chr12:109623221:109623274:109623221:109623265:109624486:109624555:A5SS","A5SS","ENSMUSG00000097451","Rian",53,"Regular (>50bp)",0.047,0.167530506621875,FALSE
"chr12:109623221:109623274:109623221:109623265:109624491:109624555:A5SS","A5SS","ENSMUSG00000097451","Rian",53,"Regular (>50bp)",0.287,0.000144959439795492,TRUE
"chr12:70297730:70298034:70297784:70298034:70295038:70295201:A5SS","A5SS","ENSMUSG00000021071","Trim9",304,"Regular (>50bp)",0.029,0.891768501157452,FALSE
"chr7:24013774:24013836:24013806:24013836:24011806:24011920:A5SS","A5SS","ENSMUSG00000074282","Zfp94",62,"Regular (>50bp)",-0.012,0.335137533180741,FALSE
"chr7:45002753:45003087:45002942:45003087:45001510:45001698:A5SS","A5SS","ENSMUSG00000003863","Ppfia3",334,"Regular (>50bp)",0.005,1,FALSE
"chr7:141536717:141536807:141536717:141536803:141538130:141538271:A5SS","A5SS","ENSMUSG00000053046","Brsk2",90,"Regular (>50bp)",-0.039,0.029414368326841,FALSE
"chr10:69817945:69818027:69817945:69817991:69821912:69824462:A5SS","A5SS","ENSMUSG00000069601","Ank3",82,"Regular (>50bp)",0.001,1,FALSE
"chr10:69817945:69818027:69817945:69817991:69821918:69829592:A5SS","A5SS","ENSMUSG00000069601","Ank3",82,"Regular (>50bp)",0.01,1,FALSE
"chr10:69817945:69818027:69817945:69817991:69830201:69830276:A5SS","A5SS","ENSMUSG00000069601","Ank3",82,"Regular (>50bp)",0.016,0.747369690772381,FALSE
"chr9:44609015:44609139:44609048:44609139:44607333:44607480:A5SS","A5SS","ENSMUSG00000048537","Phldb1",124,"Regular (>50bp)",-0.09,2.48066642514654e-05,FALSE
"chr9:105328991:105329078:105329002:105329078:105326020:105326087:A5SS","A5SS","ENSMUSG00000032570","Atp2c1",87,"Regular (>50bp)",0.004,1,FALSE
"chr1:151681600:151681754:151681600:151681697:151683116:151683308:A5SS","A5SS","ENSMUSG00000043019","Edem3",154,"Regular (>50bp)",-0.04,0.341906401028228,FALSE
"chr2:60071286:60071419:60071286:60071396:60073900:60074014:A5SS","A5SS","ENSMUSG00000026977","Marchf7",133,"Regular (>50bp)",0.027,0.0014317655476632,FALSE
"chr11:5032252:5032433:5032283:5032433:5028472:5028579:A5SS","A5SS","ENSMUSG00000009079","Ewsr1",181,"Regular (>50bp)",0.048,0.417583934054051,FALSE
"chr2:30245247:30245414:30245272:30245414:30244864:30244993:A5SS","A5SS","ENSMUSG00000026860","Sh3glb2",167,"Regular (>50bp)",0.002,1,FALSE
"chr5:115790685:115791045:115790983:115791045:115789877:115789998:A5SS","A5SS","ENSMUSG00000041609","Bicdl1",360,"Regular (>50bp)",-0.11,0.121540033585785,FALSE
"chrX:47712838:47713083:47712838:47713074:47714472:47714517:A5SS","A5SS","ENSMUSG00000031105","Slc25a14",245,"Regular (>50bp)",-0.057,0.95297498084109,FALSE
"chrX:47712838:47713083:47712838:47713074:47718128:47718222:A5SS","A5SS","ENSMUSG00000031105","Slc25a14",245,"Regular (>50bp)",0.013,1,FALSE
"chr11:77706681:77706825:77706681:77706717:77708444:77708532:A5SS","A5SS","ENSMUSG00000000631","Myo18a",144,"Regular (>50bp)",0.025,0.984603588463052,FALSE
"chrX:100584365:100584607:100586069:100586288:100582793:100586656:MXE","MXE","ENSMUSG00000031314","Taf1",242,"Regular (>50bp)",0.016,0.843926197435452,FALSE
"chrX:100584428:100584607:100586069:100586288:100582793:100586656:MXE","MXE","ENSMUSG00000031314","Taf1",179,"Regular (>50bp)",-0.033,0.395566357538525,FALSE
"chrX:73327537:73327623:73331624:73331705:73327299:73331783:MXE","MXE","ENSMUSG00000009995","Tafazzin",86,"Regular (>50bp)",0.03,0.556517908056242,FALSE
"chrX:73331624:73331705:73331783:73331825:73327299:73332056:MXE","MXE","ENSMUSG00000009995","Tafazzin",81,"Regular (>50bp)",-0.008,1,FALSE
"chrX:73332053:73332119:73332710:73332788:73331825:73332904:MXE","MXE","ENSMUSG00000009995","Tafazzin",66,"Regular (>50bp)",0.053,6.60901007920223e-06,FALSE
"chrX:73332056:73332119:73332710:73332788:73331825:73332904:MXE","MXE","ENSMUSG00000009995","Tafazzin",63,"Regular (>50bp)",0.125,4.22059541881834e-07,TRUE
"chrX:73332267:73332320:73332589:73332625:73332119:73332710:MXE","MXE","ENSMUSG00000009995","Tafazzin",53,"Regular (>50bp)",0.291,0,TRUE
"chrX:73332267:73332320:73332534:73332625:73332119:73332710:MXE","MXE","ENSMUSG00000009995","Tafazzin",53,"Regular (>50bp)",0.325,0,TRUE
"chrX:13417185:13417221:13418611:13418680:13415600:13421116:MXE","MXE","ENSMUSG00000031012","Cask",36,"Small (30-50bp)",0.136,1.23089842693126e-05,TRUE
"chrX:13453082:13453204:13466595:13466695:13437350:13474972:MXE","MXE","ENSMUSG00000031012","Cask",122,"Regular (>50bp)",-0.01,0.949086687533481,FALSE
"chr19:45394983:45395025:45459453:45459543:45352325:45491370:MXE","MXE","ENSMUSG00000025217","Btrc",42,"Small (30-50bp)",0.048,0.579370049015524,FALSE
"chr19:45411571:45411679:45459453:45459543:45352325:45491370:MXE","MXE","ENSMUSG00000025217","Btrc",108,"Regular (>50bp)",-0.052,0.249469967214309,FALSE
"chr19:45411571:45411679:45444971:45445049:45395025:45459453:MXE","MXE","ENSMUSG00000025217","Btrc",108,"Regular (>50bp)",0.027,0.784772683317524,FALSE
"chr19:45411571:45411679:45459453:45459543:45395025:45491370:MXE","MXE","ENSMUSG00000025217","Btrc",108,"Regular (>50bp)",0.015,0.989435674296077,FALSE
"chr19:45444971:45445049:45459453:45459543:45352325:45491370:MXE","MXE","ENSMUSG00000025217","Btrc",78,"Regular (>50bp)",0.033,0.832529032712151,FALSE
"chr19:45444971:45445049:45459453:45459543:45411679:45491370:MXE","MXE","ENSMUSG00000025217","Btrc",78,"Regular (>50bp)",-0.017,0.866023328554995,FALSE
"chr19:45444971:45445049:45491370:45491602:45411679:45496122:MXE","MXE","ENSMUSG00000025217","Btrc",78,"Regular (>50bp)",0.025,0.770039980994802,FALSE
"chr19:45459453:45459543:45491370:45491602:45445049:45496122:MXE","MXE","ENSMUSG00000025217","Btrc",90,"Regular (>50bp)",0.03,0.636601351469392,FALSE
"chr19:42159984:42160182:42165827:42165898:42159107:42167727:MXE","MXE","ENSMUSG00000018820","Zfyve27",198,"Regular (>50bp)",0.041,0.335725339663487,FALSE
"chr19:42174243:42174388:42177635:42177682:42172628:42177960:MXE","MXE","ENSMUSG00000018820","Zfyve27",145,"Regular (>50bp)",0.092,0.0337100226959384,FALSE
"chr19:16977302:16977407:16980985:16981188:16933656:16983985:MXE","MXE","ENSMUSG00000039126","Prune2",105,"Regular (>50bp)",-0.002,1,FALSE
"chr19:16980985:16981188:16983985:16984149:16977407:16993571:MXE","MXE","ENSMUSG00000039126","Prune2",203,"Regular (>50bp)",0.025,0.637111784248149,FALSE
"chr19:17170619:17170793:17176476:17176579:17156354:17177144:MXE","MXE","ENSMUSG00000039126","Prune2",174,"Regular (>50bp)",0,1,FALSE
"chr19:17179005:17179092:17185594:17185693:17177276:17198147:MXE","MXE","ENSMUSG00000039126","Prune2",87,"Regular (>50bp)",-0.049,0.0385609156843623,FALSE
"chr19:17189041:17189077:17189655:17189694:17185693:17193689:MXE","MXE","ENSMUSG00000039126","Prune2",36,"Small (30-50bp)",-0.078,0.0174134037420878,FALSE
"chr19:17189041:17189077:17193689:17193737:17185693:17198147:MXE","MXE","ENSMUSG00000039126","Prune2",36,"Small (30-50bp)",0.046,0.636601351469392,FALSE
"chr19:17189655:17189694:17193689:17193737:17185693:17198147:MXE","MXE","ENSMUSG00000039126","Prune2",39,"Small (30-50bp)",0.104,0.00876492001807575,TRUE
"chr19:17189655:17189694:17193689:17193737:17189077:17198147:MXE","MXE","ENSMUSG00000039126","Prune2",39,"Small (30-50bp)",0.029,0.359875941086878,FALSE
"chr18:46887437:46887529:46912254:46912326:46875148:46913727:MXE","MXE","ENSMUSG00000024480","Ap3s1",92,"Regular (>50bp)",0.068,0.0374153066903985,FALSE
"chr18:46891069:46891181:46912254:46912326:46887529:46913727:MXE","MXE","ENSMUSG00000024480","Ap3s1",112,"Regular (>50bp)",0.045,0.232789537108615,FALSE
"chr18:46891069:46891181:46913727:46913835:46887529:46922963:MXE","MXE","ENSMUSG00000024480","Ap3s1",112,"Regular (>50bp)",0.037,0.361119728621497,FALSE
"chr18:32559276:32559405:32564723:32564795:32558020:32565035:MXE","MXE","ENSMUSG00000024381","Bin1",129,"Regular (>50bp)",-0.001,1,FALSE
"chr18:32563802:32563910:32564723:32564795:32562776:32565035:MXE","MXE","ENSMUSG00000024381","Bin1",108,"Regular (>50bp)",-0.06,1.09226361953238e-05,FALSE
"chr18:24604118:24604141:24606006:24606206:24604037:24608581:MXE","MXE","ENSMUSG00000024273","2700062C07Rik",23,"Microexon (0-30bp)",-0.022,0.497499885456991,FALSE
"chr18:20988001:20988133:20993489:20993595:20985911:20995951:MXE","MXE","ENSMUSG00000033382","Trappc8",132,"Regular (>50bp)",0.031,0.636601351469392,FALSE
"chr17:25120578:25120761:25121251:25121417:25120503:25121977:MXE","MXE","ENSMUSG00000024163","Mapk8ip3",183,"Regular (>50bp)",-0.016,0.76063270296372,FALSE
"chr17:25122898:25123025:25123622:25123793:25122358:25123880:MXE","MXE","ENSMUSG00000024163","Mapk8ip3",127,"Regular (>50bp)",0.009,0.926588349438446,FALSE
"chr17:25127384:25127402:25128123:25128135:25126360:25131721:MXE","MXE","ENSMUSG00000024163","Mapk8ip3",18,"Microexon (0-30bp)",0.095,0.00373522976398007,FALSE
"chr17:25136968:25137113:25142789:25142881:25133679:25143120:MXE","MXE","ENSMUSG00000024163","Mapk8ip3",145,"Regular (>50bp)",-0.012,0.472982300408932,FALSE
"chr17:25137061:25137113:25142789:25142881:25133679:25143120:MXE","MXE","ENSMUSG00000024163","Mapk8ip3",52,"Regular (>50bp)",0.035,0.362514402916017,FALSE
"chr16:20492348:20492405:20492617:20492711:20491626:20492977:MXE","MXE","ENSMUSG00000045983","Eif4g1",57,"Regular (>50bp)",0,1,FALSE
"chr16:20492348:20492405:20494093:20494270:20491626:20494479:MXE","MXE","ENSMUSG00000045983","Eif4g1",57,"Regular (>50bp)",0.011,0.801090254024481,FALSE
"chr16:20492617:20492711:20492977:20493064:20492405:20494093:MXE","MXE","ENSMUSG00000045983","Eif4g1",94,"Regular (>50bp)",0,1,FALSE
"chr16:20492977:20493064:20494479:20494579:20492405:20496435:MXE","MXE","ENSMUSG00000045983","Eif4g1",87,"Regular (>50bp)",0.022,0.00137821273418295,FALSE
"chr16:20492977:20493064:20494093:20494270:20492711:20494479:MXE","MXE","ENSMUSG00000045983","Eif4g1",87,"Regular (>50bp)",0.028,0.519725786085491,FALSE
"chr16:20505509:20505682:20505899:20506025:20505381:20506130:MXE","MXE","ENSMUSG00000045983","Eif4g1",173,"Regular (>50bp)",-0.01,0.865659075705089,FALSE
"chr16:20505899:20506025:20506130:20506212:20505682:20507288:MXE","MXE","ENSMUSG00000045983","Eif4g1",126,"Regular (>50bp)",0.009,0.889327903671425,FALSE
"chr16:20507720:20507802:20507941:20508082:20507615:20510996:MXE","MXE","ENSMUSG00000045983","Eif4g1",82,"Regular (>50bp)",-0.007,0.964536036736364,FALSE
"chr15:89173014:89173146:89173224:89173312:89172928:89173807:MXE","MXE","ENSMUSG00000036529","Sbf1",132,"Regular (>50bp)",0.03,0.477809360606097,FALSE
"chr14:61861881:61861931:61862668:61862811:61841255:61869885:MXE","MXE","ENSMUSG00000097589","Dleu2",50,"Small (30-50bp)",0.051,1,FALSE
"chr14:61861881:61861931:61869885:61869932:61841255:61872973:MXE","MXE","ENSMUSG00000097589","Dleu2",50,"Small (30-50bp)",-0.222,0.668186866124321,FALSE
"chr14:61861881:61861931:61862668:61862811:61851720:61869885:MXE","MXE","ENSMUSG00000097589","Dleu2",50,"Small (30-50bp)",-0.02,1,FALSE
"chr14:58084377:58084519:58115889:58115916:58080771:58127519:MXE","MXE","ENSMUSG00000021969","Zdhhc20",142,"Regular (>50bp)",0.019,0.888710776628939,FALSE
"chr14:58094066:58094187:58102977:58103098:58084519:58111349:MXE","MXE","ENSMUSG00000021969","Zdhhc20",121,"Regular (>50bp)",-0.006,0.883020373672111,FALSE
"chr14:58102977:58103098:58115889:58115916:58096066:58127519:MXE","MXE","ENSMUSG00000021969","Zdhhc20",121,"Regular (>50bp)",-0.018,0.847138636831612,FALSE
"chr14:52224859:52225057:52241110:52241215:52222448:52242068:MXE","MXE","ENSMUSG00000004562","Arhgef40",198,"Regular (>50bp)",0.003,1,FALSE
"chr14:52241110:52241215:52241429:52241573:52239919:52242068:MXE","MXE","ENSMUSG00000004562","Arhgef40",105,"Regular (>50bp)",0.005,0.989495818572086,FALSE
"chr14:45860297:45860399:45866310:45866331:45858297:45867036:MXE","MXE","ENSMUSG00000037697","Ddhd1",102,"Regular (>50bp)",-0.127,6.36088685010611e-05,TRUE
"chr13:94527299:94527375:94531226:94531301:94495739:94539845:MXE","MXE","ENSMUSG00000021686","Ap3b1",76,"Regular (>50bp)",0.053,0.0765463246386138,FALSE
"chr13:94527299:94527375:94545284:94545351:94495739:94554468:MXE","MXE","ENSMUSG00000021686","Ap3b1",76,"Regular (>50bp)",0.017,0.842683354120943,FALSE
"chr13:94576762:94576921:94598903:94599080:94554651:94608183:MXE","MXE","ENSMUSG00000021686","Ap3b1",159,"Regular (>50bp)",-0.016,0.740405830689433,FALSE
"chr13:94608183:94608370:94613473:94613636:94599080:94616234:MXE","MXE","ENSMUSG00000021686","Ap3b1",187,"Regular (>50bp)",0.025,0.519725786085491,FALSE
"chr13:94630176:94630249:94664672:94664904:94619868:94668489:MXE","MXE","ENSMUSG00000021686","Ap3b1",73,"Regular (>50bp)",-0.023,0.500020225425565,FALSE
"chr13:94638425:94638532:94664672:94664904:94630249:94668489:MXE","MXE","ENSMUSG00000021686","Ap3b1",107,"Regular (>50bp)",-0.046,0.152890596969927,FALSE
"chr13:94638425:94638532:94668489:94668574:94630249:94679286:MXE","MXE","ENSMUSG00000021686","Ap3b1",107,"Regular (>50bp)",-0.005,0.992956642831289,FALSE
"chr13:94664672:94664904:94668489:94668574:94638532:94679286:MXE","MXE","ENSMUSG00000021686","Ap3b1",232,"Regular (>50bp)",-0.007,0.970422177051064,FALSE
"chr13:94668489:94668574:94679286:94679384:94664904:94684262:MXE","MXE","ENSMUSG00000021686","Ap3b1",85,"Regular (>50bp)",0.013,0.847138636831612,FALSE
"chr13:94679286:94679384:94684262:94684401:94668574:94702112:MXE","MXE","ENSMUSG00000021686","Ap3b1",98,"Regular (>50bp)",0.021,0.717805020217983,FALSE
"chr12:3646648:3646862:3667605:3667691:3641986:3682809:MXE","MXE","ENSMUSG00000071454","Dtnb",214,"Regular (>50bp)",0.026,0.500020225425565,FALSE
"chr12:3646648:3646862:3667605:3667691:3641986:3693916:MXE","MXE","ENSMUSG00000071454","Dtnb",214,"Regular (>50bp)",0.001,1,FALSE
"chr12:3646648:3646862:3682809:3682964:3641986:3693916:MXE","MXE","ENSMUSG00000071454","Dtnb",214,"Regular (>50bp)",0.026,0.4735880711477,FALSE
"chr12:3667605:3667691:3682809:3682964:3641986:3693916:MXE","MXE","ENSMUSG00000071454","Dtnb",86,"Regular (>50bp)",-0.002,1,FALSE
"chr12:3667605:3667691:3682809:3682964:3646862:3693916:MXE","MXE","ENSMUSG00000071454","Dtnb",86,"Regular (>50bp)",0.04,0.423185942188056,FALSE
"chr12:3682809:3682964:3693916:3694022:3646862:3698222:MXE","MXE","ENSMUSG00000071454","Dtnb",155,"Regular (>50bp)",-0.067,1.42975156692943e-06,FALSE
"chr12:3682809:3682964:3693916:3694022:3667691:3698222:MXE","MXE","ENSMUSG00000071454","Dtnb",155,"Regular (>50bp)",0.001,1,FALSE
"chr12:3784938:3785026:3798424:3798510:3768489:3799469:MXE","MXE","ENSMUSG00000071454","Dtnb",88,"Regular (>50bp)",0.033,0.337249094788009,FALSE
"chr12:3823550:3823640:3824569:3824610:3822746:3829618:MXE","MXE","ENSMUSG00000071454","Dtnb",90,"Regular (>50bp)",0.08,0.000705121932714985,FALSE
"chr12:3823550:3823640:3826058:3826109:3822746:3829618:MXE","MXE","ENSMUSG00000071454","Dtnb",90,"Regular (>50bp)",0.005,1,FALSE
"chr12:3823550:3823640:3829618:3829654:3822746:3831105:MXE","MXE","ENSMUSG00000071454","Dtnb",90,"Regular (>50bp)",0.005,1,FALSE
"chr12:3824569:3824610:3826058:3826109:3822746:3829618:MXE","MXE","ENSMUSG00000071454","Dtnb",41,"Small (30-50bp)",-0.011,0.976537667899553,FALSE
"chr12:3824569:3824610:3826058:3826109:3823640:3829618:MXE","MXE","ENSMUSG00000071454","Dtnb",41,"Small (30-50bp)",0,1,FALSE
"chr11:106071780:106071809:106075387:106075445:106064607:106077926:MXE","MXE","ENSMUSG00000069631","Strada",29,"Microexon (0-30bp)",0.173,1.11932780992581e-06,TRUE
"chr11:85261882:85261989:85286164:85286246:85256453:85306477:MXE","MXE","ENSMUSG00000059439","Bcas3",107,"Regular (>50bp)",-0.09,0.436839615957564,FALSE
"chr6:25794558:25794673:25798007:25798054:25778968:25800282:MXE","MXE","ENSMUSG00000029676","Pot1a",115,"Regular (>50bp)",0.034,0.564741933774695,FALSE
"chr6:25794558:25794673:25800282:25800509:25778968:25805873:MXE","MXE","ENSMUSG00000029676","Pot1a",115,"Regular (>50bp)",-0.017,0.783608402374488,FALSE
"chr6:25798007:25798054:25800282:25800509:25794673:25805873:MXE","MXE","ENSMUSG00000029676","Pot1a",47,"Small (30-50bp)",0.019,0.476164379992968,FALSE
"chr1:162515684:162515786:162518709:162518802:162511825:162519941:MXE","MXE","ENSMUSG00000040225","Prrc2c",102,"Regular (>50bp)",0.012,0.841564938081254,FALSE
"chr19:55310370:55310429:55316777:55316888:55304976:55369373:MXE","MXE","ENSMUSG00000024983","Vti1a",59,"Regular (>50bp)",0.092,0.100413398045647,FALSE
"chr19:55375620:55375641:55380215:55380300:55369451:55486942:MXE","MXE","ENSMUSG00000024983","Vti1a",21,"Microexon (0-30bp)",-0.015,0.909438441090227,FALSE
"chr5:135881745:135881775:135883221:135883284:135881325:135883416:MXE","MXE","ENSMUSG00000039860","Srrm3",30,"Microexon (0-30bp)",-0.044,0.497178757019391,FALSE
"chr6:119671531:119671692:119690640:119690772:119607708:119699133:MXE","MXE","ENSMUSG00000030172","Erc1",161,"Regular (>50bp)",0.017,0.852113762086229,FALSE
"chr6:119690640:119690772:119699133:119699269:119671692:119711041:MXE","MXE","ENSMUSG00000030172","Erc1",132,"Regular (>50bp)",-0.001,1,FALSE
"chr6:119699133:119699269:119711041:119711053:119690772:119720248:MXE","MXE","ENSMUSG00000030172","Erc1",136,"Regular (>50bp)",0.039,0.367420549150866,FALSE
"chr6:119756437:119756593:119760349:119760424:119750862:119773867:MXE","MXE","ENSMUSG00000030172","Erc1",156,"Regular (>50bp)",-0.034,0.56195533598269,FALSE
"chr9:121823910:121824016:121824132:121824183:121812889:121824941:MXE","MXE","ENSMUSG00000066235","Pomgnt2",106,"Regular (>50bp)",0.029,0.893494866271084,FALSE
"chr9:121823910:121824016:121824132:121824179:121812889:121824941:MXE","MXE","ENSMUSG00000066235","Pomgnt2",106,"Regular (>50bp)",0.181,0.0380442548415803,TRUE
"chr13:47018294:47018307:47082691:47082782:47001862:47083042:MXE","MXE","ENSMUSG00000021375","Kif13a",13,"Microexon (0-30bp)",-0.199,1,FALSE
"chr11:3311020:3311108:3311782:3311825:3310586:3320968:MXE","MXE","ENSMUSG00000020451","Limk2",88,"Regular (>50bp)",0.318,0.0118407241389166,TRUE
"chr7:96004562:96004618:96085966:96086065:95820700:96145450:MXE","MXE","ENSMUSG00000048078","Tenm4",56,"Regular (>50bp)",-0.111,0.499442637005766,FALSE
"chr7:96085966:96086065:96145450:96145547:96004618:96199218:MXE","MXE","ENSMUSG00000048078","Tenm4",99,"Regular (>50bp)",-0.016,0.905578540544665,FALSE
"chr6:113449738:113449848:113451121:113451233:113449650:113453359:MXE","MXE","ENSMUSG00000030281","Il17rc",110,"Regular (>50bp)",0.016,0.81149341069471,FALSE
"chr6:113451121:113451233:113453359:113453499:113449848:113453695:MXE","MXE","ENSMUSG00000030281","Il17rc",112,"Regular (>50bp)",-0.02,0.7482025307163,FALSE
"chr6:113451513:113451558:113453386:113453499:113451233:113453695:MXE","MXE","ENSMUSG00000030281","Il17rc",45,"Small (30-50bp)",0.039,0.458572106873547,FALSE
"chr6:113455824:113455879:113455949:113456131:113453755:113456211:MXE","MXE","ENSMUSG00000030281","Il17rc",55,"Regular (>50bp)",0.046,0.362356657265868,FALSE
"chr5:38363232:38363306:38370651:38371727:38361171:38373790:MXE","MXE","ENSMUSG00000029127","Zbtb49",74,"Regular (>50bp)",0.009,1,FALSE
"chr5:38367961:38368008:38370651:38371408:38363306:38373790:MXE","MXE","ENSMUSG00000029127","Zbtb49",47,"Small (30-50bp)",-0.164,0.0115608654634606,TRUE
"chr5:38367961:38368008:38370651:38371727:38363306:38373790:MXE","MXE","ENSMUSG00000029127","Zbtb49",47,"Small (30-50bp)",-0.014,1,FALSE
"chr5:38370651:38371727:38373790:38373957:38361171:38377666:MXE","MXE","ENSMUSG00000029127","Zbtb49",1076,"Regular (>50bp)",-0.007,1,FALSE
"chr4:135777590:135777701:135778481:135778613:135777327:135778924:MXE","MXE","ENSMUSG00000059291","Rpl11",111,"Regular (>50bp)",0.008,0.39240205788633,FALSE
"chr4:132384003:132384099:132389205:132389249:132366466:132394465:MXE","MXE","ENSMUSG00000028886","Eya3",96,"Regular (>50bp)",-0.007,1,FALSE
"chr4:132389205:132389249:132394465:132394545:132384099:132397499:MXE","MXE","ENSMUSG00000028886","Eya3",44,"Small (30-50bp)",0.088,0.493861729652129,FALSE
"chr4:132394465:132394545:132397499:132397566:132389249:132400206:MXE","MXE","ENSMUSG00000028886","Eya3",80,"Regular (>50bp)",-0.054,0.612612557115983,FALSE
"chr4:132397499:132397526:132400206:132400343:132394545:132417015:MXE","MXE","ENSMUSG00000028886","Eya3",27,"Microexon (0-30bp)",0.016,0.881921440179167,FALSE
"chr4:132397499:132397566:132400206:132400343:132394545:132417015:MXE","MXE","ENSMUSG00000028886","Eya3",67,"Regular (>50bp)",0.026,0.784353821401579,FALSE
"chr4:132439152:132439274:132446522:132446623:132434434:132448589:MXE","MXE","ENSMUSG00000028886","Eya3",122,"Regular (>50bp)",0.001,0.960667876910167,FALSE
"chr19:40328488:40328590:40329128:40329194:40325479:40332799:MXE","MXE","ENSMUSG00000025006","Sorbs1",102,"Regular (>50bp)",0.008,0.984474663401423,FALSE
"chr19:40328488:40328590:40329128:40329194:40325479:40338342:MXE","MXE","ENSMUSG00000025006","Sorbs1",102,"Regular (>50bp)",-0.016,0.754680797829426,FALSE
"chr19:40328488:40328590:40332799:40332883:40325479:40338342:MXE","MXE","ENSMUSG00000025006","Sorbs1",102,"Regular (>50bp)",0.082,0.406491539360445,FALSE
"chr19:40329128:40329194:40332799:40332883:40325479:40338342:MXE","MXE","ENSMUSG00000025006","Sorbs1",66,"Regular (>50bp)",0.033,0.576049945820905,FALSE
"chr19:40329128:40329194:40332799:40332883:40328590:40338342:MXE","MXE","ENSMUSG00000025006","Sorbs1",66,"Regular (>50bp)",0.01,1,FALSE
"chr19:40351645:40351709:40353437:40353610:40341009:40358133:MXE","MXE","ENSMUSG00000025006","Sorbs1",64,"Regular (>50bp)",-0.052,0.549609934197498,FALSE
"chr19:40353437:40353610:40358133:40358163:40351709:40361919:MXE","MXE","ENSMUSG00000025006","Sorbs1",173,"Regular (>50bp)",-0.004,1,FALSE
"chr19:40365088:40365460:40366097:40366823:40362061:40370964:MXE","MXE","ENSMUSG00000025006","Sorbs1",372,"Regular (>50bp)",0.008,1,FALSE
"chr19:40365427:40365460:40366097:40366823:40362061:40370964:MXE","MXE","ENSMUSG00000025006","Sorbs1",33,"Small (30-50bp)",0.024,0.843102878961291,FALSE
"chr4:116166700:116166823:116167012:116167239:116166258:116167653:MXE","MXE","ENSMUSG00000003810","Mast2",123,"Regular (>50bp)",-0.026,0.614979974547556,FALSE
"chr4:116190609:116190630:116194618:116194694:116187666:116210169:MXE","MXE","ENSMUSG00000003810","Mast2",21,"Microexon (0-30bp)",0.009,0.799627943421412,FALSE
"chr4:116194618:116194694:116210169:116210261:116187666:116248799:MXE","MXE","ENSMUSG00000003810","Mast2",76,"Regular (>50bp)",0.013,0.801085671356412,FALSE
"chr4:116194618:116194694:116210169:116210261:116190630:116248799:MXE","MXE","ENSMUSG00000003810","Mast2",76,"Regular (>50bp)",-0.005,1,FALSE
"chr4:102757722:102757734:102762761:102762773:102727921:102766004:MXE","MXE","ENSMUSG00000028524","Sgip1",12,"Microexon (0-30bp)",0.085,0.143959808375187,FALSE
"chr18:60667664:60667735:60671335:60671514:60659437:60674643:MXE","MXE","ENSMUSG00000024603","Dctn4",71,"Regular (>50bp)",0.003,1,FALSE
"chr18:60671335:60671514:60674643:60674687:60667735:60677110:MXE","MXE","ENSMUSG00000024603","Dctn4",179,"Regular (>50bp)",0.033,0.486240931760944,FALSE
"chr7:107338393:107338516:107339714:107339840:107337896:107342112:MXE","MXE","ENSMUSG00000036528","Ppfibp2",123,"Regular (>50bp)",0.012,0.86891551572785,FALSE
"chr11:120019248:120019355:120038546:120038664:120007847:120041805:MXE","MXE","ENSMUSG00000061306","Slc38a10",107,"Regular (>50bp)",-0.005,0.998103222969375,FALSE
"chr11:120029811:120029955:120031418:120031512:120028807:120032425:MXE","MXE","ENSMUSG00000061306","Slc38a10",144,"Regular (>50bp)",-0.013,0.869314357356203,FALSE
"chr11:120029811:120029955:120031418:120031512:120028807:120038546:MXE","MXE","ENSMUSG00000061306","Slc38a10",144,"Regular (>50bp)",-0.015,0.0085830519170399,FALSE
"chr11:120031418:120031512:120032425:120032471:120029955:120038546:MXE","MXE","ENSMUSG00000061306","Slc38a10",94,"Regular (>50bp)",-0.008,0.964536036736364,FALSE
"chr4:41209352:41209569:41211704:41211894:41207104:41216565:MXE","MXE","ENSMUSG00000028433","Ubap2",217,"Regular (>50bp)",0.007,0.967262723401093,FALSE
"chr4:41211704:41211894:41216565:41216633:41209569:41218310:MXE","MXE","ENSMUSG00000028433","Ubap2",190,"Regular (>50bp)",0.04,0.488320499488986,FALSE
"chr11:4737443:4737549:4741090:4741213:4734563:4744411:MXE","MXE","ENSMUSG00000009073","Nf2",106,"Regular (>50bp)",0,1,FALSE
"chr11:4749860:4749995:4753677:4753753:4744917:4758256:MXE","MXE","ENSMUSG00000009073","Nf2",135,"Regular (>50bp)",0.014,0.588242886308909,FALSE
"chr11:4749860:4749995:4758256:4758325:4744917:4766081:MXE","MXE","ENSMUSG00000009073","Nf2",135,"Regular (>50bp)",0.064,0.0389236754448343,FALSE
"chr11:4766081:4766165:4770367:4770493:4758325:4798871:MXE","MXE","ENSMUSG00000009073","Nf2",84,"Regular (>50bp)",-0.001,1,FALSE
"chr4:9598732:9598780:9601306:9601363:9598301:9602468:MXE","MXE","ENSMUSG00000028207","Asph",48,"Small (30-50bp)",0.008,0.789767663026188,FALSE
"chr4:9601306:9601363:9602468:9602501:9598780:9604515:MXE","MXE","ENSMUSG00000028207","Asph",57,"Regular (>50bp)",0.062,0.564045277377459,FALSE
"chr4:9602468:9602501:9604515:9604629:9601363:9607796:MXE","MXE","ENSMUSG00000028207","Asph",33,"Small (30-50bp)",0.035,0.499420978422345,FALSE
"chr4:9604515:9604629:9607796:9607871:9602501:9610842:MXE","MXE","ENSMUSG00000028207","Asph",114,"Regular (>50bp)",0.042,0.586086082715964,FALSE
"chr4:9610842:9610938:9635900:9635969:9604629:9639197:MXE","MXE","ENSMUSG00000028207","Asph",96,"Regular (>50bp)",0.068,0.248470084242163,FALSE
"chr5:67184830:67184911:67186100:67186193:67183455:67187044:MXE","MXE","ENSMUSG00000037736","Limch1",81,"Regular (>50bp)",-0.059,0.113220413560531,FALSE
"chr3:148528590:148528687:148529331:148529460:148523564:148532000:MXE","MXE","ENSMUSG00000028184","Adgrl2",97,"Regular (>50bp)",0.025,0.570009218085038,FALSE
"chr3:148566062:148566074:148571235:148571345:148565169:148596047:MXE","MXE","ENSMUSG00000028184","Adgrl2",12,"Microexon (0-30bp)",0.003,1,FALSE
"chr3:148571235:148571345:148596047:148596261:148565169:148660198:MXE","MXE","ENSMUSG00000028184","Adgrl2",110,"Regular (>50bp)",-0.067,0.00315995869162029,FALSE
"chr3:148571235:148571345:148596047:148596261:148566074:148660198:MXE","MXE","ENSMUSG00000028184","Adgrl2",110,"Regular (>50bp)",0.018,0.699359417699244,FALSE
"chr13:59608282:59608443:59609810:59609987:59598128:59613798:MXE","MXE","ENSMUSG00000021557","Agtpbp1",161,"Regular (>50bp)",-0.031,0.72587211903794,FALSE
"chr13:59608282:59608443:59609810:59609987:59602494:59613798:MXE","MXE","ENSMUSG00000021557","Agtpbp1",161,"Regular (>50bp)",0.056,0.310545565427527,FALSE
"chr13:59676200:59676332:59678870:59679017:59673053:59679826:MXE","MXE","ENSMUSG00000021557","Agtpbp1",132,"Regular (>50bp)",-0.006,0.978530747240527,FALSE
"chr11:61423343:61423518:61424396:61424507:61414019:61426096:MXE","MXE","ENSMUSG00000001036","Epn2",175,"Regular (>50bp)",-0.033,0.427798871340601,FALSE
"chr11:61444335:61444405:61456647:61456720:61438868:61470392:MXE","MXE","ENSMUSG00000001036","Epn2",70,"Regular (>50bp)",-0.023,0.982781274524872,FALSE
"chr11:116191091:116191259:116191929:116192152:116186515:116195402:MXE","MXE","ENSMUSG00000020792","Exoc7",168,"Regular (>50bp)",0.126,0,TRUE
"chr2:165657236:165657389:165662461:165662608:165654778:165670127:MXE","MXE","ENSMUSG00000039671","Zmynd8",153,"Regular (>50bp)",-0.044,0.31201231653567,FALSE
"chr2:165662461:165662608:165670127:165670609:165657389:165675228:MXE","MXE","ENSMUSG00000039671","Zmynd8",147,"Regular (>50bp)",0.026,0.63704416738992,FALSE
"chr2:165680731:165680819:165687940:165688084:165679256:165693919:MXE","MXE","ENSMUSG00000039671","Zmynd8",88,"Regular (>50bp)",0.071,0.0988090725050386,FALSE
"chr2:165680731:165680819:165687940:165688159:165679256:165693919:MXE","MXE","ENSMUSG00000039671","Zmynd8",88,"Regular (>50bp)",0.024,0.738850054297257,FALSE
"chr2:165681917:165682010:165684683:165684797:165680819:165687940:MXE","MXE","ENSMUSG00000039671","Zmynd8",93,"Regular (>50bp)",-0.021,0.718127351167127,FALSE
"chr2:165684683:165684797:165687940:165688084:165682010:165693919:MXE","MXE","ENSMUSG00000039671","Zmynd8",114,"Regular (>50bp)",0.039,0.288168786600643,FALSE
"chr2:165684683:165684797:165687940:165688159:165682010:165693919:MXE","MXE","ENSMUSG00000039671","Zmynd8",114,"Regular (>50bp)",-0.011,0.917332407561473,FALSE
"chr2:165687940:165688084:165693919:165694068:165684797:165717624:MXE","MXE","ENSMUSG00000039671","Zmynd8",144,"Regular (>50bp)",-0.042,0.199512625466829,FALSE
"chr2:165693919:165694068:165717624:165717695:165688084:165726527:MXE","MXE","ENSMUSG00000039671","Zmynd8",149,"Regular (>50bp)",0.048,0.468462125524166,FALSE
"chr9:113590657:113590736:113595635:113595739:113570943:113599264:MXE","MXE","ENSMUSG00000033392","Clasp2",79,"Regular (>50bp)",-0.013,0.897568885782642,FALSE
"chr9:113590657:113590736:113615631:113615702:113570943:113642209:MXE","MXE","ENSMUSG00000033392","Clasp2",79,"Regular (>50bp)",-0.007,1,FALSE
"chr9:113600850:113600926:113602747:113602845:113599356:113615631:MXE","MXE","ENSMUSG00000033392","Clasp2",76,"Regular (>50bp)",0.089,0.0617102311232253,FALSE
"chr9:113602747:113602845:113615631:113615702:113600926:113642209:MXE","MXE","ENSMUSG00000033392","Clasp2",98,"Regular (>50bp)",0.021,0.823540906806793,FALSE
"chr9:113725709:113725853:113728523:113728667:113721543:113730558:MXE","MXE","ENSMUSG00000033392","Clasp2",144,"Regular (>50bp)",-0.021,0.750146784046287,FALSE
"chr2:32199904:32200039:32200462:32200499:32199076:32202138:MXE","MXE","ENSMUSG00000026825","Dnm1",135,"Regular (>50bp)",-0.02,0.956996450462118,FALSE
"chr2:32223077:32223216:32224693:32224832:32218059:32225787:MXE","MXE","ENSMUSG00000026825","Dnm1",139,"Regular (>50bp)",-0.039,1.79823419916754e-05,FALSE
"chr2:32223164:32223216:32224693:32224832:32218059:32225787:MXE","MXE","ENSMUSG00000026825","Dnm1",52,"Regular (>50bp)",-0.013,0.0121617672314336,FALSE
"chr2:32228012:32228111:32229932:32230136:32227906:32230427:MXE","MXE","ENSMUSG00000026825","Dnm1",99,"Regular (>50bp)",0.012,0.861073957527996,FALSE
"chr4:139143863:139143965:139144166:139144267:139142520:139144501:MXE","MXE","ENSMUSG00000066036","Ubr4",102,"Regular (>50bp)",-0.012,0.853682328060286,FALSE
"chr4:139167721:139167852:139168502:139168607:139165472:139169996:MXE","MXE","ENSMUSG00000066036","Ubr4",131,"Regular (>50bp)",0.004,1,FALSE
"chr4:139203441:139203660:139204438:139204552:139200947:139206228:MXE","MXE","ENSMUSG00000066036","Ubr4",219,"Regular (>50bp)",0.001,1,FALSE
"chr2:22965501:22965622:22968155:22968228:22959631:22970350:MXE","MXE","ENSMUSG00000026781","Acbd5",121,"Regular (>50bp)",0.005,1,FALSE
"chr2:22965557:22965622:22968155:22968228:22959631:22970350:MXE","MXE","ENSMUSG00000026781","Acbd5",65,"Regular (>50bp)",0.004,1,FALSE
"chr2:20859745:20859851:20860164:20860206:20857880:20860391:MXE","MXE","ENSMUSG00000036591","Arhgap21",106,"Regular (>50bp)",0.044,0.556664829624476,FALSE
"chr2:20884771:20886662:20891916:20891971:20876579:20894685:MXE","MXE","ENSMUSG00000036591","Arhgap21",1891,"Regular (>50bp)",0.01,0.982042648884476,FALSE
"chr16:31561923:31562088:31600599:31600653:31503112:31606899:MXE","MXE","ENSMUSG00000022770","Dlg1",165,"Regular (>50bp)",0.02,0.780668382438872,FALSE
"chr16:31600599:31600653:31606899:31606950:31562088:31608994:MXE","MXE","ENSMUSG00000022770","Dlg1",54,"Regular (>50bp)",0.042,0.770930432888507,FALSE
"chr16:31665651:31665751:31666453:31666487:31661657:31672660:MXE","MXE","ENSMUSG00000022770","Dlg1",100,"Regular (>50bp)",0.009,0.343373005272077,FALSE
"chr16:31665651:31665751:31666453:31666487:31661657:31675258:MXE","MXE","ENSMUSG00000022770","Dlg1",100,"Regular (>50bp)",-0.013,0.921406512684694,FALSE
"chr16:31665651:31665751:31672660:31672702:31661657:31675258:MXE","MXE","ENSMUSG00000022770","Dlg1",100,"Regular (>50bp)",-0.01,0.669774830360537,FALSE
"chr16:31665654:31665751:31666453:31666487:31661657:31675258:MXE","MXE","ENSMUSG00000022770","Dlg1",97,"Regular (>50bp)",0.029,0.533138911476259,FALSE
"chr16:31665654:31665751:31672660:31672702:31661657:31675258:MXE","MXE","ENSMUSG00000022770","Dlg1",97,"Regular (>50bp)",0.007,0.736683947470631,FALSE
"chr16:31666453:31666487:31672660:31672702:31661657:31675258:MXE","MXE","ENSMUSG00000022770","Dlg1",34,"Small (30-50bp)",-0.022,0.736216958120139,FALSE
"chr16:31666453:31666487:31675258:31675309:31661657:31676364:MXE","MXE","ENSMUSG00000022770","Dlg1",34,"Small (30-50bp)",-0.024,0.76988933583422,FALSE
"chr16:31666453:31666487:31675258:31675309:31665751:31676364:MXE","MXE","ENSMUSG00000022770","Dlg1",34,"Small (30-50bp)",-0.001,1,FALSE
"chr16:31672660:31672702:31675258:31675309:31665751:31676364:MXE","MXE","ENSMUSG00000022770","Dlg1",42,"Small (30-50bp)",0.009,1,FALSE
"chr16:31672660:31672702:31675258:31675309:31666487:31676364:MXE","MXE","ENSMUSG00000022770","Dlg1",42,"Small (30-50bp)",-0.069,0.239957869007605,FALSE
"chr16:31675258:31675309:31676364:31676466:31672702:31676709:MXE","MXE","ENSMUSG00000022770","Dlg1",51,"Regular (>50bp)",0.031,0.34860912280506,FALSE
"chr1:179826926:179827018:179859069:179859153:179788852:179864393:MXE","MXE","ENSMUSG00000026490","Cdc42bpa",92,"Regular (>50bp)",-0.009,0.972291573331005,FALSE
"chr1:179946300:179946348:179951488:179951527:179945308:179961861:MXE","MXE","ENSMUSG00000026490","Cdc42bpa",48,"Small (30-50bp)",0.067,0.0740909009321195,FALSE
"chr1:179946300:179946348:179958360:179958465:179945308:179961861:MXE","MXE","ENSMUSG00000026490","Cdc42bpa",48,"Small (30-50bp)",-0.054,0.255790937692731,FALSE
"chr1:179951488:179951527:179958360:179958465:179945308:179961861:MXE","MXE","ENSMUSG00000026490","Cdc42bpa",39,"Small (30-50bp)",-0.009,1,FALSE
"chr1:179951488:179951527:179958360:179958465:179946348:179961861:MXE","MXE","ENSMUSG00000026490","Cdc42bpa",39,"Small (30-50bp)",-0.025,0.686227380764325,FALSE
"chr1:179978724:179978842:179987170:179987288:179977823:179989104:MXE","MXE","ENSMUSG00000026490","Cdc42bpa",118,"Regular (>50bp)",-0.032,0.539530105890455,FALSE
"chr4:156252233:156252266:156253189:156253277:156251963:156253359:MXE","MXE","ENSMUSG00000041936","Agrn",33,"Small (30-50bp)",-0.003,1,FALSE
"chr4:156257459:156257587:156257999:156258137:156257339:156258241:MXE","MXE","ENSMUSG00000041936","Agrn",128,"Regular (>50bp)",-0.016,0.784916693500521,FALSE
"chr4:156263554:156263779:156263849:156264065:156263464:156269544:MXE","MXE","ENSMUSG00000041936","Agrn",225,"Regular (>50bp)",0.017,0.786874441747166,FALSE
"chr4:156263849:156264065:156269544:156269592:156263779:156279700:MXE","MXE","ENSMUSG00000041936","Agrn",216,"Regular (>50bp)",-0.008,0.952208534641145,FALSE
"chr4:156269544:156269592:156279700:156279962:156264065:156281670:MXE","MXE","ENSMUSG00000041936","Agrn",48,"Small (30-50bp)",0.076,0.0261191850027765,FALSE
"chr19:60208761:60208792:60209485:60209736:60208571:60214663:MXE","MXE","ENSMUSG00000057858","Fam204a",31,"Small (30-50bp)",-0.12,0.0121548928235532,TRUE
"chr19:60208761:60208792:60209485:60209736:60208571:60215075:MXE","MXE","ENSMUSG00000057858","Fam204a",31,"Small (30-50bp)",-0.112,0.115991373167158,FALSE
"chr5:144708417:144708467:144713912:144714023:144708059:144714690:MXE","MXE","ENSMUSG00000045482","Trrap",50,"Small (30-50bp)",0.002,1,FALSE
"chr5:144746960:144747014:144747141:144747162:144744201:144748704:MXE","MXE","ENSMUSG00000045482","Trrap",54,"Regular (>50bp)",0.037,0.741098893362866,FALSE
"chr5:144759500:144759626:144761266:144761413:144758796:144762028:MXE","MXE","ENSMUSG00000045482","Trrap",126,"Regular (>50bp)",-0.024,0.647713541166664,FALSE
"chr10:76157323:76157440:76163535:76163607:76155420:76180940:MXE","MXE","ENSMUSG00000020231","Dip2a",117,"Regular (>50bp)",0.037,0.674577942666736,FALSE
"chr2:174169900:174169924:174178539:174178584:174169734:174183445:MXE","MXE","ENSMUSG00000027523","Gnas",24,"Microexon (0-30bp)",0.027,1.97644911248167e-09,FALSE
"chr2:174169900:174172227:174178539:174178584:174169734:174183445:MXE","MXE","ENSMUSG00000027523","Gnas",2327,"Regular (>50bp)",0.018,1.64522480566716e-08,FALSE
"chr2:174169900:174172227:174183445:174183500:174169734:174183602:MXE","MXE","ENSMUSG00000027523","Gnas",2327,"Regular (>50bp)",0.011,1.05404821769982e-08,FALSE
"chr2:174176004:174176077:174183445:174183500:174130379:174183602:MXE","MXE","ENSMUSG00000027523","Gnas",73,"Regular (>50bp)",0.001,1,FALSE
"chr2:174176004:174176077:174183445:174183500:174169734:174183602:MXE","MXE","ENSMUSG00000027523","Gnas",73,"Regular (>50bp)",0.004,0.0615445697541866,FALSE
"chr2:174176004:174176077:174183445:174183500:174169924:174183602:MXE","MXE","ENSMUSG00000027523","Gnas",73,"Regular (>50bp)",0.009,1.06690549204397e-05,FALSE
"chr2:174176004:174176077:174183445:174183500:174172227:174183602:MXE","MXE","ENSMUSG00000027523","Gnas",73,"Regular (>50bp)",0.022,0.271343971274839,FALSE
"chr2:174183442:174183500:174183602:174183722:174176077:174184992:MXE","MXE","ENSMUSG00000027523","Gnas",58,"Regular (>50bp)",0.003,1,FALSE
"chr2:174183445:174183500:174183602:174183722:174176077:174184992:MXE","MXE","ENSMUSG00000027523","Gnas",55,"Regular (>50bp)",0.003,1,FALSE
"chr2:174183602:174183722:174184992:174185090:174183500:174186867:MXE","MXE","ENSMUSG00000027523","Gnas",120,"Regular (>50bp)",0,1,FALSE
"chr2:174187441:174187572:174187782:174187850:174187355:174188034:MXE","MXE","ENSMUSG00000027523","Gnas",131,"Regular (>50bp)",0.025,0.57063473986937,FALSE
"chr17:14049190:14049285:14050131:14050394:14043720:14052629:MXE","MXE","ENSMUSG00000068036","Afdn",95,"Regular (>50bp)",-0.024,0.634550607185422,FALSE
"chr19:3557241:3557355:3561928:3562041:3546651:3564653:MXE","MXE","ENSMUSG00000024908","Ppp6r3",114,"Regular (>50bp)",0.014,0.862567116323902,FALSE
"chr19:3568244:3568382:3571733:3571920:3564719:3576701:MXE","MXE","ENSMUSG00000024908","Ppp6r3",138,"Regular (>50bp)",-0.027,0.568037618609865,FALSE
"chr19:3568244:3568382:3576701:3576929:3564719:3594107:MXE","MXE","ENSMUSG00000024908","Ppp6r3",138,"Regular (>50bp)",-0.007,0.847138636831612,FALSE
"chr19:3568244:3568382:3576701:3576934:3564719:3594107:MXE","MXE","ENSMUSG00000024908","Ppp6r3",138,"Regular (>50bp)",0.011,0.972291573331005,FALSE
"chr19:3571733:3571920:3576701:3576929:3568382:3594107:MXE","MXE","ENSMUSG00000024908","Ppp6r3",187,"Regular (>50bp)",0,1,FALSE
"chr19:3571733:3571920:3576701:3576934:3568382:3594107:MXE","MXE","ENSMUSG00000024908","Ppp6r3",187,"Regular (>50bp)",0.02,0.826398814047719,FALSE
"chr19:3576701:3576929:3594107:3594255:3571920:3625640:MXE","MXE","ENSMUSG00000024908","Ppp6r3",228,"Regular (>50bp)",0.047,0.228926809045949,FALSE
"chr14:121797336:121797372:121797806:121797812:121796545:121798001:MXE","MXE","ENSMUSG00000025558","Dock9",36,"Small (30-50bp)",-0.006,1,FALSE
"chr14:121828722:121828766:121829223:121829291:121823754:121831747:MXE","MXE","ENSMUSG00000025558","Dock9",44,"Small (30-50bp)",0.011,1,FALSE
"chr14:121828722:121828766:121829223:121829360:121823754:121831747:MXE","MXE","ENSMUSG00000025558","Dock9",44,"Small (30-50bp)",0.035,0.662143884648838,FALSE
"chr12:103016153:103016182:103025577:103025807:103013957:103027603:MXE","MXE","ENSMUSG00000021198","Unc79",29,"Microexon (0-30bp)",0.075,0.0289356298309452,FALSE
"chr12:103088594:103088702:103094487:103094571:103079501:103097814:MXE","MXE","ENSMUSG00000021198","Unc79",108,"Regular (>50bp)",-0.006,1,FALSE
"chr3:9001498:9001540:9008610:9008637:9000100:9009670:MXE","MXE","ENSMUSG00000027506","Tpd52",42,"Small (30-50bp)",0.02,2.13232015377914e-10,FALSE
"chr3:9001498:9001540:9009670:9009772:9000100:9012540:MXE","MXE","ENSMUSG00000027506","Tpd52",42,"Small (30-50bp)",0.069,0.0153391058815582,FALSE
"chr7:143950374:143950383:143951977:143951998:143950168:143959066:MXE","MXE","ENSMUSG00000037541","Shank2",9,"Microexon (0-30bp)",-0.074,0.570009218085038,FALSE
"chr1:36467182:36467297:36467380:36467542:36464038:36477830:MXE","MXE","ENSMUSG00000001143","Lman2l",115,"Regular (>50bp)",-0.026,0.570330344795938,FALSE
"chr1:36467380:36467542:36477830:36477913:36464038:36478689:MXE","MXE","ENSMUSG00000001143","Lman2l",162,"Regular (>50bp)",0.022,0.00229936969829767,FALSE
"chr1:36467380:36467542:36477830:36477913:36467297:36478689:MXE","MXE","ENSMUSG00000001143","Lman2l",162,"Regular (>50bp)",0.04,0.307044506872873,FALSE
"chr1:36468503:36468536:36477830:36477913:36467542:36478689:MXE","MXE","ENSMUSG00000001143","Lman2l",33,"Small (30-50bp)",-0.006,0.49620323724407,FALSE
"chr1:36478689:36478807:36482571:36482690:36467542:36484130:MXE","MXE","ENSMUSG00000001143","Lman2l",118,"Regular (>50bp)",0.013,0.000813820820580922,FALSE
"chr16:90743902:90743941:90744953:90745001:90743750:90746586:MXE","MXE","ENSMUSG00000022973","Synj1",39,"Small (30-50bp)",0.174,0.00238027208711514,TRUE
"chr16:90743902:90743941:90746586:90746625:90743750:90747238:MXE","MXE","ENSMUSG00000022973","Synj1",39,"Small (30-50bp)",-0.006,1,FALSE
"chr6:51441407:51441527:51442158:51442221:51441191:51443282:MXE","MXE","ENSMUSG00000004980","Hnrnpa2b1",120,"Regular (>50bp)",0.034,0.000368621507340382,FALSE
"chr6:51441407:51441527:51443121:51443202:51441191:51443282:MXE","MXE","ENSMUSG00000004980","Hnrnpa2b1",120,"Regular (>50bp)",-0.045,0.167107115640349,FALSE
"chr6:51442158:51442221:51443121:51443202:51441191:51443282:MXE","MXE","ENSMUSG00000004980","Hnrnpa2b1",63,"Regular (>50bp)",-0.043,1.73451884770052e-08,FALSE
"chr6:51443121:51443202:51443282:51443384:51442221:51443474:MXE","MXE","ENSMUSG00000004980","Hnrnpa2b1",81,"Regular (>50bp)",-0.001,1,FALSE
"chr2:135647468:135647525:135719302:135719401:135583807:135749418:MXE","MXE","ENSMUSG00000039943","Plcb4",57,"Regular (>50bp)",0.043,0.429865330105603,FALSE
"chr2:156771851:156771890:156773135:156773187:156770801:156773349:MXE","MXE","ENSMUSG00000027634","Ndrg3",39,"Small (30-50bp)",-0.006,0.880960313974709,FALSE
"chr2:156782276:156782333:156785906:156785993:156780574:156786304:MXE","MXE","ENSMUSG00000027634","Ndrg3",57,"Regular (>50bp)",-0.069,0.282501203032573,FALSE
"chr2:156800386:156800422:156811956:156812058:156792059:156833918:MXE","MXE","ENSMUSG00000027634","Ndrg3",36,"Small (30-50bp)",0.036,0.665509410190922,FALSE
"chr7:30834950:30835164:30835247:30835366:30833942:30837538:MXE","MXE","ENSMUSG00000001248","Gramd1a",214,"Regular (>50bp)",-0.007,0.083113056329603,FALSE
"chr7:30835021:30835164:30835247:30835366:30833942:30837538:MXE","MXE","ENSMUSG00000001248","Gramd1a",143,"Regular (>50bp)",0.026,0.533138911476259,FALSE
"chr7:30835132:30835164:30835247:30835366:30833942:30837538:MXE","MXE","ENSMUSG00000001248","Gramd1a",32,"Small (30-50bp)",-0.012,0.016825310671827,FALSE
"chr11:31839857:31839939:31870408:31870582:31823412:31874625:MXE","MXE","ENSMUSG00000020300","Cpeb4",82,"Regular (>50bp)",0.036,0.285232783240357,FALSE
"chr11:31858824:31858875:31868800:31868824:31839939:31870408:MXE","MXE","ENSMUSG00000020300","Cpeb4",51,"Regular (>50bp)",-0.05,0.168331577879913,FALSE
"chr2:73490023:73490101:73509958:73510247:73462174:73537262:MXE","MXE","ENSMUSG00000056486","Chn1",78,"Regular (>50bp)",-0.034,0.475337883891265,FALSE
"chr2:73490023:73490101:73537262:73537376:73462174:73540798:MXE","MXE","ENSMUSG00000056486","Chn1",78,"Regular (>50bp)",0.021,0.752173415832027,FALSE
"chr2:73490023:73490101:73546707:73546763:73462174:73551746:MXE","MXE","ENSMUSG00000056486","Chn1",78,"Regular (>50bp)",-0.023,0.829303055581805,FALSE
"chr2:73509958:73510247:73537262:73537376:73490101:73540798:MXE","MXE","ENSMUSG00000056486","Chn1",289,"Regular (>50bp)",0.088,0.00519649725869666,FALSE
"chr2:73509958:73510247:73537262:73537376:73490101:73551746:MXE","MXE","ENSMUSG00000056486","Chn1",289,"Regular (>50bp)",0.058,0.000649002400342015,FALSE
"chr2:73509958:73510247:73546707:73546763:73490101:73551746:MXE","MXE","ENSMUSG00000056486","Chn1",289,"Regular (>50bp)",0.033,0.57063473986937,FALSE
"chr2:73509958:73510247:73551746:73551785:73490101:73605366:MXE","MXE","ENSMUSG00000056486","Chn1",289,"Regular (>50bp)",0.016,0.195474174707174,FALSE
"chr2:73537262:73537376:73540798:73540830:73490101:73546707:MXE","MXE","ENSMUSG00000056486","Chn1",114,"Regular (>50bp)",-0.044,0.103634726118868,FALSE
"chr2:73537262:73537376:73546707:73546763:73490101:73551746:MXE","MXE","ENSMUSG00000056486","Chn1",114,"Regular (>50bp)",-0.07,0.0808434744253605,FALSE
"chr2:73537262:73537376:73540798:73540830:73510247:73546707:MXE","MXE","ENSMUSG00000056486","Chn1",114,"Regular (>50bp)",0.024,0.696233896074752,FALSE
"chr2:73537262:73537376:73540798:73540826:73510247:73546707:MXE","MXE","ENSMUSG00000056486","Chn1",114,"Regular (>50bp)",0.004,0.953388716921371,FALSE
"chr2:73540798:73540830:73546707:73546763:73537376:73551746:MXE","MXE","ENSMUSG00000056486","Chn1",32,"Small (30-50bp)",-0.068,0.374574736124709,FALSE
"chr3:55557098:55557188:55572994:55573162:55554969:55588318:MXE","MXE","ENSMUSG00000027799","Nbea",90,"Regular (>50bp)",0.025,0.653435513725671,FALSE
"chr3:55899754:55899935:55907907:55908061:55898589:55910144:MXE","MXE","ENSMUSG00000027799","Nbea",181,"Regular (>50bp)",-0.016,0.846239386754442,FALSE
"chr1:37429129:37429270:37435150:37435263:37428857:37437846:MXE","MXE","ENSMUSG00000026113","Inpp4a",141,"Regular (>50bp)",-0.061,0.300698767253581,FALSE
"chr2:90989549:90989650:90990661:90990715:90988833:90992372:MXE","MXE","ENSMUSG00000040687","Madd",101,"Regular (>50bp)",-0.001,1,FALSE
"chr9:44684984:44685081:44685479:44685528:44684470:44687656:MXE","MXE","ENSMUSG00000002031","Ift46",97,"Regular (>50bp)",-0.001,1,FALSE
"chr9:44685479:44685528:44689858:44689935:44685081:44693396:MXE","MXE","ENSMUSG00000002031","Ift46",49,"Small (30-50bp)",0.01,1,FALSE
"chr9:44685479:44685528:44689890:44689935:44685081:44693396:MXE","MXE","ENSMUSG00000002031","Ift46",49,"Small (30-50bp)",0.034,8.40899858816463e-05,FALSE
"chr9:44700863:44700924:44701187:44701273:44698201:44701781:MXE","MXE","ENSMUSG00000002031","Ift46",61,"Regular (>50bp)",-0.019,0.768348404522564,FALSE
"chr2:120560779:120560986:120561182:120561673:120560580:120561892:MXE","MXE","ENSMUSG00000027284","Cdan1",207,"Regular (>50bp)",0.16,0.00126114712640572,TRUE
"chr1:138950842:138950886:138969661:138969781:138893968:138981083:MXE","MXE","ENSMUSG00000056268","Dennd1b",44,"Small (30-50bp)",0.173,0.0376809775740377,TRUE
"chr1:139008910:139009011:139018191:139018293:138990709:139029705:MXE","MXE","ENSMUSG00000056268","Dennd1b",101,"Regular (>50bp)",-0.124,0.34915444866494,FALSE
"chr1:139029705:139029831:139061408:139061499:139018293:139067118:MXE","MXE","ENSMUSG00000056268","Dennd1b",126,"Regular (>50bp)",0.017,0.996271775765922,FALSE
"chr6:90641003:90641053:90644881:90645058:90638007:90645622:MXE","MXE","ENSMUSG00000034312","Iqsec1",50,"Small (30-50bp)",0.025,0.942817263091597,FALSE
"chr7:24607735:24607849:24611481:24611580:24607359:24611734:MXE","MXE","ENSMUSG00000040940","Arhgef1",114,"Regular (>50bp)",0.007,0.973781886669936,FALSE
"chr7:24617319:24617425:24618608:24618776:24616366:24619055:MXE","MXE","ENSMUSG00000040940","Arhgef1",106,"Regular (>50bp)",-0.029,0.00342249097171494,FALSE
"chr2:164905387:164905481:164911548:164911635:164905088:164911736:MXE","MXE","ENSMUSG00000017652","Cd40",94,"Regular (>50bp)",0.009,0.917023020881083,FALSE
"chr2:164905387:164905481:164911548:164911768:164905088:164912641:MXE","MXE","ENSMUSG00000017652","Cd40",94,"Regular (>50bp)",-0.023,0.194834764600521,FALSE
"chr2:164908422:164908484:164911548:164911635:164905481:164911736:MXE","MXE","ENSMUSG00000017652","Cd40",62,"Regular (>50bp)",0.053,0.269471294278333,FALSE
"chr2:164908422:164908484:164911736:164911768:164905481:164912641:MXE","MXE","ENSMUSG00000017652","Cd40",62,"Regular (>50bp)",-0.006,1,FALSE
"chr2:164911548:164911635:164911736:164911768:164905481:164912641:MXE","MXE","ENSMUSG00000017652","Cd40",87,"Regular (>50bp)",-0.087,0.594360924492216,FALSE
"chr5:31401801:31401903:31402220:31402310:31401632:31402706:MXE","MXE","ENSMUSG00000029148","Nrbp1",102,"Regular (>50bp)",0.017,0.784054053700113,FALSE
"chr3:28658324:28658489:28661286:28661526:28650409:28666011:MXE","MXE","ENSMUSG00000027692","Tnik",165,"Regular (>50bp)",0.017,0.845736053788187,FALSE
"chr1:82704948:82705057:82706936:82707157:82702805:82708833:MXE","MXE","ENSMUSG00000026150","Mff",109,"Regular (>50bp)",0.08,0.000548733156129567,FALSE
"chr1:82706936:82707157:82708833:82709003:82705057:82713139:MXE","MXE","ENSMUSG00000026150","Mff",221,"Regular (>50bp)",0.035,0.332290375021624,FALSE
"chr1:82719538:82719697:82723244:82723277:82713228:82724803:MXE","MXE","ENSMUSG00000026150","Mff",159,"Regular (>50bp)",-0.027,1.31595097632031e-05,FALSE
"chr15:93285627:93285740:93293467:93293496:93285533:93295050:MXE","MXE","ENSMUSG00000022635","Zcrb1",113,"Regular (>50bp)",0.037,0.295818242180569,FALSE
"chr15:93288931:93289039:93289334:93289446:93285740:93293467:MXE","MXE","ENSMUSG00000022635","Zcrb1",108,"Regular (>50bp)",0.037,0.327836892535156,FALSE
"chr15:93289334:93289446:93293467:93293496:93289039:93295050:MXE","MXE","ENSMUSG00000022635","Zcrb1",112,"Regular (>50bp)",0.053,0.0451963936521442,FALSE
"chr15:93293467:93293496:93295050:93295136:93289446:93296043:MXE","MXE","ENSMUSG00000022635","Zcrb1",29,"Microexon (0-30bp)",-0.003,0.944355345982305,FALSE
"chr6:83160040:83160119:83166058:83166250:83159751:83166529:MXE","MXE","ENSMUSG00000031865","Dctn1",79,"Regular (>50bp)",0.06,0.0586694567192568,FALSE
"chr6:83160280:83160315:83166058:83166250:83160119:83166529:MXE","MXE","ENSMUSG00000031865","Dctn1",35,"Small (30-50bp)",0.008,0.969475989683142,FALSE
"chr6:83160917:83160938:83163409:83163427:83160315:83164745:MXE","MXE","ENSMUSG00000031865","Dctn1",21,"Microexon (0-30bp)",-0.14,0.181156784914422,FALSE
"chr6:83160917:83160938:83164745:83164766:83160315:83166058:MXE","MXE","ENSMUSG00000031865","Dctn1",21,"Microexon (0-30bp)",0.015,0.853682328060286,FALSE
"chr11:77582367:77584080:77596334:77596367:77577333:77600508:MXE","MXE","ENSMUSG00000037857","Nufip2",1713,"Regular (>50bp)",-0.046,0.143964479491601,FALSE
"chr17:35257381:35257444:35258176:35258315:35252694:35260445:MXE","MXE","ENSMUSG00000007035","Msh5",63,"Regular (>50bp)",-0.033,0.948749182973813,FALSE
"chr17:35261073:35261156:35262704:35262740:35260491:35263000:MXE","MXE","ENSMUSG00000007035","Msh5",83,"Regular (>50bp)",0.109,0.350389785810828,FALSE
"chr17:35263292:35263414:35264269:35264350:35263110:35264905:MXE","MXE","ENSMUSG00000007035","Msh5",122,"Regular (>50bp)",0.016,0.948630796463799,FALSE
"chr17:35263292:35263414:35264905:35265029:35263110:35265206:MXE","MXE","ENSMUSG00000007035","Msh5",122,"Regular (>50bp)",-0.004,1,FALSE
"chr17:35263292:35263414:35265206:35265363:35263110:35265675:MXE","MXE","ENSMUSG00000007035","Msh5",122,"Regular (>50bp)",-0.01,1,FALSE
"chr17:35263292:35263414:35264269:35264350:35263110:35265206:MXE","MXE","ENSMUSG00000007035","Msh5",122,"Regular (>50bp)",0.019,0.773660848455544,FALSE
"chr17:35264905:35265029:35265241:35265363:35264350:35265675:MXE","MXE","ENSMUSG00000007035","Msh5",124,"Regular (>50bp)",0.055,0.529017709784099,FALSE
"chr2:155853268:155853326:155857908:155857940:155853185:155858607:MXE","MXE","ENSMUSG00000005881","Ergic3",58,"Regular (>50bp)",-0.001,1,FALSE
"chr2:155853268:155853326:155857908:155857940:155853185:155858625:MXE","MXE","ENSMUSG00000005881","Ergic3",58,"Regular (>50bp)",-0.051,0.192721401344802,FALSE
"chr6:142976503:142976602:142976970:142977032:142975937:142977287:MXE","MXE","ENSMUSG00000030279","C2cd5",99,"Regular (>50bp)",-0.026,0.829303055581805,FALSE
"chr6:143018268:143018420:143019388:143019513:143012867:143023988:MXE","MXE","ENSMUSG00000030279","C2cd5",152,"Regular (>50bp)",-0.007,0.680161797908575,FALSE
"chr6:143018268:143018420:143019388:143019513:143012867:143025594:MXE","MXE","ENSMUSG00000030279","C2cd5",152,"Regular (>50bp)",0.001,1,FALSE
"chr6:143018268:143018420:143023988:143024187:143012867:143025594:MXE","MXE","ENSMUSG00000030279","C2cd5",152,"Regular (>50bp)",0.01,0.978873100352111,FALSE
"chr6:143019388:143019513:143023988:143024187:143012867:143025594:MXE","MXE","ENSMUSG00000030279","C2cd5",125,"Regular (>50bp)",-0.001,1,FALSE
"chr6:143028888:143029060:143036324:143036411:143027154:143045403:MXE","MXE","ENSMUSG00000030279","C2cd5",172,"Regular (>50bp)",-0.012,0.907320116678371,FALSE
"chr12:109573847:109573930:109583644:109583783:109572777:109586746:MXE","MXE","ENSMUSG00000097451","Rian",83,"Regular (>50bp)",-0.214,0.175453686868395,FALSE
"chr12:109604272:109604360:109606700:109606762:109593587:109608998:MXE","MXE","ENSMUSG00000097451","Rian",88,"Regular (>50bp)",-0.161,0.00139097448453324,TRUE
"chr12:109606700:109606762:109608998:109609086:109604360:109609847:MXE","MXE","ENSMUSG00000097451","Rian",62,"Regular (>50bp)",0.284,0.0590114082522264,FALSE
"chr12:109619134:109619149:109620719:109620866:109618372:109622282:MXE","MXE","ENSMUSG00000097451","Rian",15,"Microexon (0-30bp)",0.014,0.573200772016366,FALSE
"chr12:109620719:109620866:109622282:109622368:109618372:109623221:MXE","MXE","ENSMUSG00000097451","Rian",147,"Regular (>50bp)",-0.021,0.872396173520458,FALSE
"chr12:109620719:109620866:109622282:109622368:109619149:109623221:MXE","MXE","ENSMUSG00000097451","Rian",147,"Regular (>50bp)",-0.018,0.709651852296999,FALSE
"chr12:109620735:109620866:109622282:109622368:109619149:109623221:MXE","MXE","ENSMUSG00000097451","Rian",131,"Regular (>50bp)",-0.003,1,FALSE
"chr12:109622282:109622368:109623221:109623274:109620866:109624491:MXE","MXE","ENSMUSG00000097451","Rian",86,"Regular (>50bp)",0.019,0.0765336472800952,FALSE
"chr12:70298793:70298817:70314007:70314040:70298034:70314835:MXE","MXE","ENSMUSG00000021071","Trim9",24,"Microexon (0-30bp)",-0.251,0.319819794720615,FALSE
"chr12:70301811:70302000:70314007:70314037:70299258:70314835:MXE","MXE","ENSMUSG00000021071","Trim9",189,"Regular (>50bp)",-0.105,0.485653725321741,FALSE
"chr12:70301811:70302000:70314007:70314040:70299258:70314835:MXE","MXE","ENSMUSG00000021071","Trim9",189,"Regular (>50bp)",0.137,0.349626763844845,FALSE
"chr7:102003707:102003838:102035293:102035408:101917760:102057573:MXE","MXE","ENSMUSG00000030987","Stim1",131,"Regular (>50bp)",0.037,0.458443659404562,FALSE
"chr7:28467056:28467103:28471519:28471633:28466292:28476282:MXE","MXE","ENSMUSG00000015149","Sirt2",47,"Small (30-50bp)",0.005,1,FALSE
"chr7:28471235:28471284:28471519:28471633:28466292:28476282:MXE","MXE","ENSMUSG00000015149","Sirt2",49,"Small (30-50bp)",-0.014,0.0691753896243235,FALSE
"chr7:28487007:28487078:28487186:28487253:28485441:28487341:MXE","MXE","ENSMUSG00000015149","Sirt2",71,"Regular (>50bp)",0.033,0.546180866866316,FALSE
"chr9:21390194:21390333:21391702:21391841:21389644:21392628:MXE","MXE","ENSMUSG00000033335","Dnm2",139,"Regular (>50bp)",-0.007,0.966153400151812,FALSE
"chr7:89809655:89809798:89818389:89818483:89779910:89819786:MXE","MXE","ENSMUSG00000039361","Picalm",143,"Regular (>50bp)",0.028,0.555787849592671,FALSE
"chr7:100467942:100467969:100473338:100473464:100462207:100480534:MXE","MXE","ENSMUSG00000029461","Fam168a",27,"Microexon (0-30bp)",-0.039,0.104796860609446,FALSE
"chr7:100473338:100473464:100480534:100480677:100462207:100483215:MXE","MXE","ENSMUSG00000029461","Fam168a",126,"Regular (>50bp)",0.08,0.0562359646401076,FALSE
"chr7:100473338:100473464:100480534:100480677:100467969:100483215:MXE","MXE","ENSMUSG00000029461","Fam168a",126,"Regular (>50bp)",-0.136,3.11697573621229e-06,TRUE
"chr9:86672108:86672192:86673537:86673621:86665487:86674006:MXE","MXE","ENSMUSG00000033419","Snap91",84,"Regular (>50bp)",-0.024,0.823540906806793,FALSE
"chr9:86672108:86672192:86680590:86680752:86665487:86686507:MXE","MXE","ENSMUSG00000033419","Snap91",84,"Regular (>50bp)",0.049,0.00817092882742091,FALSE
"chr9:86672108:86672192:86680882:86680897:86665487:86686507:MXE","MXE","ENSMUSG00000033419","Snap91",84,"Regular (>50bp)",0.05,0.384690101393279,FALSE
"chr9:86674216:86674294:86674519:86674789:86674078:86675409:MXE","MXE","ENSMUSG00000033419","Snap91",78,"Regular (>50bp)",0.008,0.915559091882867,FALSE
"chr9:86674216:86674294:86680590:86680752:86674078:86680882:MXE","MXE","ENSMUSG00000033419","Snap91",78,"Regular (>50bp)",0.014,0.804862878583223,FALSE
"chr9:86680590:86680752:86680882:86680897:86665487:86686507:MXE","MXE","ENSMUSG00000033419","Snap91",162,"Regular (>50bp)",-0.072,0.512076479360017,FALSE
"chr9:86680590:86680752:86680882:86680897:86674294:86686507:MXE","MXE","ENSMUSG00000033419","Snap91",162,"Regular (>50bp)",-0.145,0.0336608213802321,TRUE
"chr9:86680590:86680752:86680882:86680897:86675517:86686507:MXE","MXE","ENSMUSG00000033419","Snap91",162,"Regular (>50bp)",0.083,0.00105171841055568,FALSE
"chr9:86691573:86691601:86697482:86697553:86688631:86703784:MXE","MXE","ENSMUSG00000033419","Snap91",28,"Microexon (0-30bp)",0.028,0.777394437203834,FALSE
"chr9:86721564:86721707:86761474:86761634:86720920:86762313:MXE","MXE","ENSMUSG00000033419","Snap91",143,"Regular (>50bp)",0.026,0.410994518188356,FALSE
"chr9:86721564:86721707:86761474:86761634:86720920:86762524:MXE","MXE","ENSMUSG00000033419","Snap91",143,"Regular (>50bp)",0.023,0.277956715157302,FALSE
"chr3:87635269:87635387:87635822:87636001:87634802:87636511:MXE","MXE","ENSMUSG00000041977","Arhgef11",118,"Regular (>50bp)",0.031,0.542724851733108,FALSE
"chr3:87636791:87636959:87637715:87637806:87636587:87638482:MXE","MXE","ENSMUSG00000041977","Arhgef11",168,"Regular (>50bp)",-0.028,0.662143884648838,FALSE
"chr2:80485136:80485206:80487532:80487697:80483339:80488664:MXE","MXE","ENSMUSG00000026999","Nup35",70,"Regular (>50bp)",0.084,0.123478622628076,FALSE
"chr7:141539622:141539769:141541158:141541190:141539515:141541487:MXE","MXE","ENSMUSG00000053046","Brsk2",147,"Regular (>50bp)",0.015,0.801522192260674,FALSE
"chr7:141552369:141552459:141552656:141552751:141552295:141554578:MXE","MXE","ENSMUSG00000053046","Brsk2",90,"Regular (>50bp)",0.044,0.351222367476935,FALSE
"chr8:48766272:48766299:48788623:48788809:48763804:48820345:MXE","MXE","ENSMUSG00000031561","Tenm3",27,"Microexon (0-30bp)",0.014,0.849048229478078,FALSE
"chr8:57758289:57758331:57760113:57760206:57757467:57767549:MXE","MXE","ENSMUSG00000100510","Hand2os1",42,"Small (30-50bp)",0.009,1,FALSE
"chr8:57758289:57758331:57760113:57760210:57757467:57767549:MXE","MXE","ENSMUSG00000100510","Hand2os1",42,"Small (30-50bp)",0,1,FALSE
"chr8:57758289:57758450:57760113:57760210:57746227:57767549:MXE","MXE","ENSMUSG00000100510","Hand2os1",161,"Regular (>50bp)",0,1,FALSE
"chr8:57758289:57758450:57760113:57760210:57757467:57767549:MXE","MXE","ENSMUSG00000100510","Hand2os1",161,"Regular (>50bp)",0.003,0.993987370888709,FALSE
"chr8:57758289:57758450:57760113:57760206:57757467:57766673:MXE","MXE","ENSMUSG00000100510","Hand2os1",161,"Regular (>50bp)",0.04,0.494003996491544,FALSE
"chr8:57758289:57758450:57760113:57760210:57757467:57766673:MXE","MXE","ENSMUSG00000100510","Hand2os1",161,"Regular (>50bp)",0.045,0.654253223034968,FALSE
"chr8:57758289:57758450:57760113:57760183:57757467:57767549:MXE","MXE","ENSMUSG00000100510","Hand2os1",161,"Regular (>50bp)",0.006,1,FALSE
"chr8:57758289:57758450:57760113:57760206:57757467:57767549:MXE","MXE","ENSMUSG00000100510","Hand2os1",161,"Regular (>50bp)",-0.001,1,FALSE
"chr8:57760113:57760183:57767549:57767646:57758450:57773218:MXE","MXE","ENSMUSG00000100510","Hand2os1",70,"Regular (>50bp)",0,1,FALSE
"chr8:57760113:57760183:57767549:57767649:57758450:57773218:MXE","MXE","ENSMUSG00000100510","Hand2os1",70,"Regular (>50bp)",0.015,0.801090254024481,FALSE
"chr8:57760113:57760206:57766673:57766872:57758450:57767549:MXE","MXE","ENSMUSG00000100510","Hand2os1",93,"Regular (>50bp)",0.003,0.976537667899553,FALSE
"chr8:57760113:57760206:57767549:57767646:57758450:57773218:MXE","MXE","ENSMUSG00000100510","Hand2os1",93,"Regular (>50bp)",0,1,FALSE
"chr8:57760113:57760206:57767549:57767649:57758450:57773218:MXE","MXE","ENSMUSG00000100510","Hand2os1",93,"Regular (>50bp)",0.01,0.905391199867957,FALSE
"chr8:57760113:57760210:57767549:57767649:57758331:57773218:MXE","MXE","ENSMUSG00000100510","Hand2os1",97,"Regular (>50bp)",-0.035,0.247264627079004,FALSE
"chr8:57760113:57760210:57766673:57766872:57758450:57767549:MXE","MXE","ENSMUSG00000100510","Hand2os1",97,"Regular (>50bp)",0.002,0.97110352959808,FALSE
"chr8:57760113:57760210:57767549:57767646:57758450:57771440:MXE","MXE","ENSMUSG00000100510","Hand2os1",97,"Regular (>50bp)",0.001,1,FALSE
"chr8:57760113:57760210:57767549:57767649:57758450:57771440:MXE","MXE","ENSMUSG00000100510","Hand2os1",97,"Regular (>50bp)",0.022,0.00105264399212736,FALSE
"chr8:57760113:57760210:57767549:57767649:57758450:57772519:MXE","MXE","ENSMUSG00000100510","Hand2os1",97,"Regular (>50bp)",0,1,FALSE
"chr8:57760113:57760210:57767549:57767646:57758450:57773218:MXE","MXE","ENSMUSG00000100510","Hand2os1",97,"Regular (>50bp)",0,1,FALSE
"chr8:57760113:57760210:57767549:57767649:57758450:57773218:MXE","MXE","ENSMUSG00000100510","Hand2os1",97,"Regular (>50bp)",-0.002,1,FALSE
"chr8:57760113:57760210:57767549:57767649:57758450:57773723:MXE","MXE","ENSMUSG00000100510","Hand2os1",97,"Regular (>50bp)",0,1,FALSE
"chr8:57767549:57767646:57771440:57771482:57760210:57773218:MXE","MXE","ENSMUSG00000100510","Hand2os1",97,"Regular (>50bp)",0.079,2.37112909791737e-08,FALSE
"chr8:57767549:57767646:57772519:57772623:57760210:57773218:MXE","MXE","ENSMUSG00000100510","Hand2os1",97,"Regular (>50bp)",0.002,1,FALSE
"chr8:57767549:57767649:57773218:57773323:57760210:57773723:MXE","MXE","ENSMUSG00000100510","Hand2os1",100,"Regular (>50bp)",0.017,0.7399045628289,FALSE
"chr8:57767549:57767649:57771440:57771482:57760210:57773218:MXE","MXE","ENSMUSG00000100510","Hand2os1",100,"Regular (>50bp)",0.025,1.44180680098482e-06,FALSE
"chr8:57767549:57767649:57772519:57772623:57760210:57773218:MXE","MXE","ENSMUSG00000100510","Hand2os1",100,"Regular (>50bp)",0,1,FALSE
"chr8:57767549:57767649:57773218:57773475:57760210:57773723:MXE","MXE","ENSMUSG00000100510","Hand2os1",100,"Regular (>50bp)",0.066,0.0217516818709443,FALSE
"chr8:57771440:57771482:57772519:57772623:57760210:57773218:MXE","MXE","ENSMUSG00000100510","Hand2os1",42,"Small (30-50bp)",-0.039,0.846315789117133,FALSE
"chr8:57771440:57771482:57773218:57773311:57767649:57773723:MXE","MXE","ENSMUSG00000100510","Hand2os1",42,"Small (30-50bp)",-0.05,4.24586193768205e-06,FALSE
"chr8:57771440:57771482:57773218:57773323:57767649:57773723:MXE","MXE","ENSMUSG00000100510","Hand2os1",42,"Small (30-50bp)",-0.022,2.49991570331341e-07,FALSE
"chr8:57771440:57771482:57773218:57773475:57767649:57773723:MXE","MXE","ENSMUSG00000100510","Hand2os1",42,"Small (30-50bp)",-0.047,4.21651818604025e-06,FALSE
"chr10:69740277:69740340:69756267:69756321:69740100:69763524:MXE","MXE","ENSMUSG00000069601","Ank3",63,"Regular (>50bp)",0.052,0.777391634166236,FALSE
"chr10:69817945:69817991:69821912:69824462:69816224:69830201:MXE","MXE","ENSMUSG00000069601","Ank3",46,"Small (30-50bp)",-0.09,0.1359268640305,FALSE
"chr10:69817945:69818027:69821912:69824462:69816224:69830201:MXE","MXE","ENSMUSG00000069601","Ank3",82,"Regular (>50bp)",-0.024,0.161697677732799,FALSE
"chr19:47302473:47302605:47308714:47308759:47275157:47331878:MXE","MXE","ENSMUSG00000053617","Sh3pxd2a",132,"Regular (>50bp)",0.028,0.054604618561517,FALSE
"chr19:47308714:47308759:47331878:47331907:47302605:47353061:MXE","MXE","ENSMUSG00000053617","Sh3pxd2a",45,"Small (30-50bp)",-0.036,0.749796251090224,FALSE
"chr19:47386254:47386330:47412928:47413009:47361899:47452502:MXE","MXE","ENSMUSG00000053617","Sh3pxd2a",76,"Regular (>50bp)",-0.016,0.876681665047101,FALSE
"chr9:44612242:44612383:44612799:44612967:44610993:44615099:MXE","MXE","ENSMUSG00000048537","Phldb1",141,"Regular (>50bp)",0.005,0.942390223316898,FALSE
"chr9:44615357:44615468:44619181:44619337:44615189:44622219:MXE","MXE","ENSMUSG00000048537","Phldb1",111,"Regular (>50bp)",-0.03,0.484797174445177,FALSE
"chr9:45850704:45850818:45852598:45852709:45850614:45853174:MXE","MXE","ENSMUSG00000034908","Sidt2",114,"Regular (>50bp)",-0.003,1,FALSE
"chr9:45852598:45852709:45853174:45853280:45850818:45853493:MXE","MXE","ENSMUSG00000034908","Sidt2",111,"Regular (>50bp)",0.068,0.238379190063619,FALSE
"chr9:45853174:45853280:45853493:45853540:45852709:45853690:MXE","MXE","ENSMUSG00000034908","Sidt2",106,"Regular (>50bp)",-0.004,1,FALSE
"chr9:45858838:45858850:45858926:45858995:45858353:45859133:MXE","MXE","ENSMUSG00000034908","Sidt2",12,"Microexon (0-30bp)",0.028,0.0352373463875021,FALSE
"chr9:47730031:47730115:47740674:47740707:47725243:47759464:MXE","MXE","ENSMUSG00000032076","Cadm1",84,"Regular (>50bp)",0.006,0.87062522097564,FALSE
"chr9:70451251:70451339:70469057:70469255:70450363:70470095:MXE","MXE","ENSMUSG00000032212","Sltm",88,"Regular (>50bp)",0.088,0.0141721606997833,FALSE
"chr9:70451251:70451339:70470095:70470143:70450363:70479430:MXE","MXE","ENSMUSG00000032212","Sltm",88,"Regular (>50bp)",0.026,0.848538253475269,FALSE
"chr9:70466318:70466383:70469057:70469255:70451339:70470095:MXE","MXE","ENSMUSG00000032212","Sltm",65,"Regular (>50bp)",0.071,0.0557066511246342,FALSE
"chr9:70492034:70492159:70493205:70493370:70488746:70493916:MXE","MXE","ENSMUSG00000032212","Sltm",125,"Regular (>50bp)",0.017,0.0642950884124483,FALSE
"chr2:170198167:170198233:170208283:170208448:170191383:170212369:MXE","MXE","ENSMUSG00000013523","Bcas1",66,"Regular (>50bp)",0.061,0.198144608671568,FALSE
"chr2:170198167:170198233:170212369:170212411:170191383:170220642:MXE","MXE","ENSMUSG00000013523","Bcas1",66,"Regular (>50bp)",-0.016,1,FALSE
"chr9:102492473:102492569:102496009:102496187:102484638:102496890:MXE","MXE","ENSMUSG00000032534","Cep63",96,"Regular (>50bp)",-0.002,1,FALSE
"chr9:102498471:102498493:102498894:102498927:102496959:102500754:MXE","MXE","ENSMUSG00000032534","Cep63",22,"Microexon (0-30bp)",0.1,1,FALSE
"chr9:102498894:102498927:102500754:102500792:102496959:102503102:MXE","MXE","ENSMUSG00000032534","Cep63",33,"Small (30-50bp)",0.288,1.2645536315877e-05,TRUE
"chr9:105291832:105291974:105295248:105295344:105290388:105295742:MXE","MXE","ENSMUSG00000032570","Atp2c1",142,"Regular (>50bp)",0.014,0.847049928912351,FALSE
"chr9:108673739:108673771:108673869:108673982:108673595:108674405:MXE","MXE","ENSMUSG00000032599","Ip6k2",32,"Small (30-50bp)",0.066,0.48997506845721,FALSE
"chr5:110519411:110519489:110522255:110522385:110519235:110523872:MXE","MXE","ENSMUSG00000043323","Fbrsl1",78,"Regular (>50bp)",0.037,0.687660150244057,FALSE
"chr5:110519411:110519489:110522255:110522385:110519235:110524118:MXE","MXE","ENSMUSG00000043323","Fbrsl1",78,"Regular (>50bp)",0.115,0.0250698247328581,TRUE
"chr5:110522255:110522385:110523872:110523944:110519489:110524118:MXE","MXE","ENSMUSG00000043323","Fbrsl1",130,"Regular (>50bp)",-0.007,1,FALSE
"chr5:110529466:110529512:110543910:110543940:110527459:110563895:MXE","MXE","ENSMUSG00000043323","Fbrsl1",46,"Small (30-50bp)",0.057,0.632395915994435,FALSE
"chr5:110529466:110529512:110563895:110563931:110527459:110565708:MXE","MXE","ENSMUSG00000043323","Fbrsl1",46,"Small (30-50bp)",0.087,0.625351915211335,FALSE
"chr5:110543910:110543940:110563895:110563931:110529512:110565708:MXE","MXE","ENSMUSG00000043323","Fbrsl1",30,"Microexon (0-30bp)",0.016,0.9367862556143,FALSE
"chr5:110543910:110543940:110565708:110565813:110529512:110580766:MXE","MXE","ENSMUSG00000043323","Fbrsl1",30,"Microexon (0-30bp)",-0.053,0.610002871862064,FALSE
"chr5:110563895:110563931:110565708:110565813:110543940:110580766:MXE","MXE","ENSMUSG00000043323","Fbrsl1",36,"Small (30-50bp)",0.034,0.771262287063708,FALSE
"chr16:18170649:18170701:18207024:18207255:18166320:18214823:MXE","MXE","ENSMUSG00000118669","Arvcf",52,"Regular (>50bp)",0.123,0.006616656726485,TRUE
"chr16:18218405:18218523:18218834:18219003:18217895:18220316:MXE","MXE","ENSMUSG00000118669","Arvcf",118,"Regular (>50bp)",0.02,0.707265978809262,FALSE
"chr2:60062543:60062711:60064242:60065341:60060223:60067097:MXE","MXE","ENSMUSG00000026977","Marchf7",168,"Regular (>50bp)",0.026,0.53293882533268,FALSE
"chr2:60062543:60062711:60064277:60065341:60060223:60067097:MXE","MXE","ENSMUSG00000026977","Marchf7",168,"Regular (>50bp)",0.029,0.473513153220524,FALSE
"chr10:127138680:127138755:127140053:127140255:127136449:127141290:MXE","MXE","ENSMUSG00000040354","Mars1",75,"Regular (>50bp)",-0.009,0.924485766583376,FALSE
"chr10:127140053:127140255:127141290:127141494:127138755:127141609:MXE","MXE","ENSMUSG00000040354","Mars1",202,"Regular (>50bp)",0.013,0.821680243011103,FALSE
"chr10:127141290:127141494:127141609:127141726:127140255:127144126:MXE","MXE","ENSMUSG00000040354","Mars1",204,"Regular (>50bp)",-0.001,1,FALSE
"chr10:127141609:127141726:127144126:127144233:127141494:127144369:MXE","MXE","ENSMUSG00000040354","Mars1",117,"Regular (>50bp)",-0.013,0.856550295474344,FALSE
"chr11:93927425:93927496:93934397:93934492:93904569:93939233:MXE","MXE","ENSMUSG00000020859","Spag9",71,"Regular (>50bp)",0.029,0.72426780648192,FALSE
"chr11:93970024:93970036:93971565:93971580:93962512:93972165:MXE","MXE","ENSMUSG00000020859","Spag9",12,"Microexon (0-30bp)",-0.117,0.31495898443989,FALSE
"chr11:4860626:4860759:4862780:4862858:4855755:4864269:MXE","MXE","ENSMUSG00000034274","Thoc5",133,"Regular (>50bp)",0.006,0.965992504173245,FALSE
"chr11:4861434:4861470:4861528:4861563:4860759:4862780:MXE","MXE","ENSMUSG00000034274","Thoc5",36,"Small (30-50bp)",-0.002,1,FALSE
"chr11:4861434:4861470:4862780:4862858:4860759:4864269:MXE","MXE","ENSMUSG00000034274","Thoc5",36,"Small (30-50bp)",0.019,0.00316458446237505,FALSE
"chr11:5028472:5028579:5032252:5032433:5022941:5033359:MXE","MXE","ENSMUSG00000009079","Ewsr1",107,"Regular (>50bp)",0.007,0.957970967038673,FALSE
"chr11:5028919:5028952:5032252:5032433:5028591:5033359:MXE","MXE","ENSMUSG00000009079","Ewsr1",33,"Small (30-50bp)",0.067,0.00860820102088393,FALSE
"chr2:18870922:18870961:18877094:18877241:18857737:18893862:MXE","MXE","ENSMUSG00000026737","Pip4k2a",39,"Small (30-50bp)",0.031,0.919489142273429,FALSE
"chr2:18877094:18877241:18893862:18894015:18857737:18911039:MXE","MXE","ENSMUSG00000026737","Pip4k2a",147,"Regular (>50bp)",-0.007,0.891305794305198,FALSE
"chr2:18877094:18877241:18893862:18894015:18870961:18911039:MXE","MXE","ENSMUSG00000026737","Pip4k2a",147,"Regular (>50bp)",-0.027,0.785701155420809,FALSE
"chr2:18893862:18894015:18911039:18911136:18877241:18912865:MXE","MXE","ENSMUSG00000026737","Pip4k2a",153,"Regular (>50bp)",-0.018,0.940574661041119,FALSE
"chr4:152486381:152486425:152489056:152489101:152485491:152491583:MXE","MXE","ENSMUSG00000028931","Kcnab2",44,"Small (30-50bp)",-0.035,0.736683947470631,FALSE
"chr4:152491583:152491663:152519238:152519280:152489101:152520261:MXE","MXE","ENSMUSG00000028931","Kcnab2",80,"Regular (>50bp)",0.07,0.0950610870074653,FALSE
"chr4:152497273:152497317:152519238:152519280:152491663:152520261:MXE","MXE","ENSMUSG00000028931","Kcnab2",44,"Small (30-50bp)",0.039,0.794428292804818,FALSE
"chr2:30235710:30235951:30236364:30236465:30235439:30236622:MXE","MXE","ENSMUSG00000026860","Sh3glb2",241,"Regular (>50bp)",-0.008,0.949604169933697,FALSE
"chr2:30236070:30236085:30236364:30236465:30235951:30236622:MXE","MXE","ENSMUSG00000026860","Sh3glb2",15,"Microexon (0-30bp)",0.015,0.0108732331862241,FALSE
"chr2:30238566:30238629:30239237:30239249:30237116:30240299:MXE","MXE","ENSMUSG00000026860","Sh3glb2",63,"Regular (>50bp)",-0.016,0.0253142640448164,FALSE
"chr11:54443615:54443699:54452150:54452220:54437255:54459178:MXE","MXE","ENSMUSG00000037533","Rapgef6",84,"Regular (>50bp)",-0.057,0.422673010762109,FALSE
"chr11:54501613:54501745:54510711:54510889:54459322:54513141:MXE","MXE","ENSMUSG00000037533","Rapgef6",132,"Regular (>50bp)",-0.03,0.793612620805884,FALSE
"chrX:47712838:47713074:47714472:47714517:47712705:47718128:MXE","MXE","ENSMUSG00000031105","Slc25a14",236,"Regular (>50bp)",0.013,0.516111654798979,FALSE
"chrX:47712838:47713074:47717012:47717060:47712705:47718128:MXE","MXE","ENSMUSG00000031105","Slc25a14",236,"Regular (>50bp)",-0.116,0.313360920035744,FALSE
"chrX:47712838:47713083:47714472:47714517:47712705:47717012:MXE","MXE","ENSMUSG00000031105","Slc25a14",245,"Regular (>50bp)",-0.092,0.293769917913423,FALSE
"chrX:47714472:47714517:47717012:47717060:47712705:47718128:MXE","MXE","ENSMUSG00000031105","Slc25a14",45,"Small (30-50bp)",-0.066,0.345865858195558,FALSE
"chrX:47718128:47718222:47719765:47719913:47712705:47723633:MXE","MXE","ENSMUSG00000031105","Slc25a14",94,"Regular (>50bp)",-0.003,1,FALSE
"chrX:103539341:103539384:103541880:103541950:103526955:103543009:MXE","MXE","ENSMUSG00000073016","Uprt",43,"Small (30-50bp)",0.09,0.522943599513476,FALSE
"chr11:77702834:77703545:77705459:77705537:77700684:77706681:MXE","MXE","ENSMUSG00000000631","Myo18a",711,"Regular (>50bp)",-0.186,0.363367762390718,FALSE
"chr11:77714101:77714272:77714587:77714678:77712012:77714918:MXE","MXE","ENSMUSG00000000631","Myo18a",171,"Regular (>50bp)",0.047,6.53137996431747e-06,FALSE
"chrX:73326355:73327006:73326722:73326877:RI","RI","ENSMUSG00000009995","Tafazzin",651,"Regular (>50bp)",-0.002,0.714162389193138,FALSE
"chrX:73331783:73332119:73331825:73332053:RI","RI","ENSMUSG00000009995","Tafazzin",336,"Regular (>50bp)",-0.107,0,TRUE
"chrX:73331783:73332119:73331945:73332053:RI","RI","ENSMUSG00000009995","Tafazzin",336,"Regular (>50bp)",-0.003,1,FALSE
"chrX:73331783:73332119:73331825:73332056:RI","RI","ENSMUSG00000009995","Tafazzin",336,"Regular (>50bp)",-0.282,0,TRUE
"chrX:73332056:73332625:73332119:73332534:RI","RI","ENSMUSG00000009995","Tafazzin",569,"Regular (>50bp)",0.009,0.209374848675513,FALSE
"chr18:36664152:36664579:36664269:36664486:RI","RI","ENSMUSG00000024485","Slc4a9",427,"Regular (>50bp)",-0.315,0.064129163739624,FALSE
"chr15:89186045:89186580:89186173:89186384:RI","RI","ENSMUSG00000036529","Sbf1",535,"Regular (>50bp)",0.008,0.737670179915732,FALSE
"chr14:52224859:52227395:52225057:52226158:RI","RI","ENSMUSG00000004562","Arhgef40",2536,"Regular (>50bp)",0,1,FALSE
"chr14:52242335:52242492:52242356:52242445:RI","RI","ENSMUSG00000004562","Arhgef40",157,"Regular (>50bp)",-0.009,1,FALSE
"chr6:113455824:113456262:113455879:113456211:RI","RI","ENSMUSG00000030281","Il17rc",438,"Regular (>50bp)",-0.095,0.109764014779494,FALSE
"chr19:40365088:40365460:40365247:40365427:RI","RI","ENSMUSG00000025006","Sorbs1",372,"Regular (>50bp)",0.068,0.130936081636629,FALSE
"chr5:67155989:67156731:67156147:67156322:RI","RI","ENSMUSG00000037736","Limch1",742,"Regular (>50bp)",-0.006,0.333845250813565,FALSE
"chr13:59621501:59622526:59621631:59622345:RI","RI","ENSMUSG00000021557","Agtpbp1",1025,"Regular (>50bp)",0.004,1,FALSE
"chr2:32198482:32200499:32199076:32200462:RI","RI","ENSMUSG00000026825","Dnm1",2017,"Regular (>50bp)",0,1,FALSE
"chr2:20860164:20860517:20860206:20860391:RI","RI","ENSMUSG00000036591","Arhgap21",353,"Regular (>50bp)",-0.027,0.00878565842050202,FALSE
"chr4:155067823:155069849:155069422:155069822:RI","RI","ENSMUSG00000029055","Plch2",2026,"Regular (>50bp)",-0.301,0.00253887186183368,TRUE
"chr4:155069822:155071473:155069849:155070671:RI","RI","ENSMUSG00000029055","Plch2",1651,"Regular (>50bp)",-0.241,0.013783735280543,TRUE
"chr4:155069822:155071473:155069849:155071175:RI","RI","ENSMUSG00000029055","Plch2",1651,"Regular (>50bp)",-0.205,0.00590078800165802,TRUE
"chr4:156252233:156253026:156252266:156253002:RI","RI","ENSMUSG00000041936","Agrn",793,"Regular (>50bp)",-0.154,0.000233047696470748,TRUE
"chr4:156257459:156258137:156257587:156257999:RI","RI","ENSMUSG00000041936","Agrn",678,"Regular (>50bp)",-0.099,0.000126274466251347,FALSE
"chr5:144721067:144722375:144721156:144722278:RI","RI","ENSMUSG00000045482","Trrap",1308,"Regular (>50bp)",-0.025,0.00041671002156767,FALSE
"chr10:76115539:76115800:76115620:76115690:RI","RI","ENSMUSG00000020231","Dip2a",261,"Regular (>50bp)",0.015,0.968274442889812,FALSE
"chr15:83286067:83286200:83286129:83286188:RI","RI","ENSMUSG00000016664","Pacsin2",133,"Regular (>50bp)",0,1,FALSE
"chr19:3533527:3537091:3534916:3536975:RI","RI","ENSMUSG00000024908","Ppp6r3",3564,"Regular (>50bp)",-0.001,1,FALSE
"chr14:121818743:121820952:121818857:121820769:RI","RI","ENSMUSG00000025558","Dock9",2209,"Regular (>50bp)",-0.005,1,FALSE
"chr7:30833838:30835164:30833942:30834950:RI","RI","ENSMUSG00000001248","Gramd1a",1326,"Regular (>50bp)",-0.011,0.379431594529304,FALSE
"chr7:30833838:30835164:30833942:30835021:RI","RI","ENSMUSG00000001248","Gramd1a",1326,"Regular (>50bp)",0.094,5.35258483912547e-05,FALSE
"chr7:30833838:30835164:30833942:30835132:RI","RI","ENSMUSG00000001248","Gramd1a",1326,"Regular (>50bp)",-0.039,0,FALSE
"chr2:180717371:180723568:180717995:180723247:RI","RI","ENSMUSG00000016346","Kcnq2",6197,"Regular (>50bp)",0.001,1,FALSE
"chr2:180750236:180750910:180750354:180750814:RI","RI","ENSMUSG00000016346","Kcnq2",674,"Regular (>50bp)",-0.1,0.44869003613168,FALSE
"chr2:180750236:180751578:180750910:180751467:RI","RI","ENSMUSG00000016346","Kcnq2",1342,"Regular (>50bp)",-0.003,1,FALSE
"chr2:180750236:180753918:180751578:180753792:RI","RI","ENSMUSG00000016346","Kcnq2",3682,"Regular (>50bp)",0.004,0.653174307371616,FALSE
"chr9:40204528:40209375:40205723:40209281:RI","RI","ENSMUSG00000040111","Gramd1b",4847,"Regular (>50bp)",0.003,1,FALSE
"chr2:90988329:90988833:90988488:90988749:RI","RI","ENSMUSG00000040687","Madd",504,"Regular (>50bp)",-0.016,0.0823256261371071,FALSE
"chr2:90988329:90988833:90988488:90988752:RI","RI","ENSMUSG00000040687","Madd",504,"Regular (>50bp)",-0.009,0.924864123272807,FALSE
"chr2:90988329:90988833:90988488:90988761:RI","RI","ENSMUSG00000040687","Madd",504,"Regular (>50bp)",0.095,0.00428659082270362,FALSE
"chr2:120556657:120557276:120556778:120557070:RI","RI","ENSMUSG00000027284","Cdan1",619,"Regular (>50bp)",-0.031,0.0903747041132414,FALSE
"chr2:120560169:120560580:120560283:120560410:RI","RI","ENSMUSG00000027284","Cdan1",411,"Regular (>50bp)",-0.051,0.485295896567186,FALSE
"chr7:24611481:24611777:24611580:24611734:RI","RI","ENSMUSG00000040940","Arhgef1",296,"Regular (>50bp)",-0.026,6.9076712738805e-08,FALSE
"chr7:24617944:24618776:24617956:24618608:RI","RI","ENSMUSG00000040940","Arhgef1",832,"Regular (>50bp)",-0.001,1,FALSE
"chr7:24623083:24623395:24623159:24623227:RI","RI","ENSMUSG00000040940","Arhgef1",312,"Regular (>50bp)",-0.002,1,FALSE
"chr7:24624220:24624487:24624308:24624400:RI","RI","ENSMUSG00000040940","Arhgef1",267,"Regular (>50bp)",0,1,FALSE
"chr2:164911548:164911768:164911635:164911736:RI","RI","ENSMUSG00000017652","Cd40",220,"Regular (>50bp)",0.034,0.106606314580791,FALSE
"chr5:31401106:31401335:31401176:31401261:RI","RI","ENSMUSG00000029148","Nrbp1",229,"Regular (>50bp)",0.019,0.203935055292016,FALSE
"chr5:31401509:31401903:31401632:31401801:RI","RI","ENSMUSG00000029148","Nrbp1",394,"Regular (>50bp)",-0.022,6.53021492784776e-05,FALSE
"chr5:31407433:31407709:31407484:31407573:RI","RI","ENSMUSG00000029148","Nrbp1",276,"Regular (>50bp)",0.026,0.035511345677042,FALSE
"chr2:155859716:155860199:155859772:155859990:RI","RI","ENSMUSG00000005881","Ergic3",483,"Regular (>50bp)",0.004,0.156387792976678,FALSE
"chr6:145083185:145083812:145083333:145083771:RI","RI","ENSMUSG00000030263","Irag2",627,"Regular (>50bp)",-0.189,0.0206889084582517,TRUE
"chr6:145093361:145093570:145093408:145093505:RI","RI","ENSMUSG00000030263","Irag2",209,"Regular (>50bp)",-0.013,1,FALSE
"chr6:145117229:145117430:145117292:145117380:RI","RI","ENSMUSG00000030263","Irag2",201,"Regular (>50bp)",-0.057,0.305141740138314,FALSE
"chr12:109608998:109610603:109609086:109609847:RI","RI","ENSMUSG00000097451","Rian",1605,"Regular (>50bp)",-0.028,0.0108544722962466,FALSE
"chr12:109611695:109612719:109611765:109612280:RI","RI","ENSMUSG00000097451","Rian",1024,"Regular (>50bp)",-0.024,0.0810961117150469,FALSE
"chr12:109616505:109617533:109616589:109617446:RI","RI","ENSMUSG00000097451","Rian",1028,"Regular (>50bp)",0.003,0.944050256136402,FALSE
"chr12:109616505:109617533:109616591:109617446:RI","RI","ENSMUSG00000097451","Rian",1028,"Regular (>50bp)",-0.104,0.0320006970984676,TRUE
"chr7:28485088:28485307:28485144:28485230:RI","RI","ENSMUSG00000015149","Sirt2",219,"Regular (>50bp)",-0.009,0.010829487512051,FALSE
"chr7:44989998:44990410:44990170:44990341:RI","RI","ENSMUSG00000003863","Ppfia3",412,"Regular (>50bp)",0.014,0.0266664708063677,FALSE
"chr2:80486292:80487697:80486421:80487532:RI","RI","ENSMUSG00000026999","Nup35",1405,"Regular (>50bp)",0.001,1,FALSE
"chr8:57759909:57760206:57760053:57760113:RI","RI","ENSMUSG00000100510","Hand2os1",297,"Regular (>50bp)",0.001,1,FALSE
"chr8:57757299:57760210:57757467:57760113:RI","RI","ENSMUSG00000100510","Hand2os1",2911,"Regular (>50bp)",0.021,1,FALSE
"chr9:45856441:45856657:45856508:45856583:RI","RI","ENSMUSG00000034908","Sidt2",216,"Regular (>50bp)",-0.001,1,FALSE
"chr9:107840029:107840616:107840119:107840527:RI","RI","ENSMUSG00000032586","Traip",587,"Regular (>50bp)",-0.028,0.211699351149923,FALSE
"chr10:127132409:127132813:127132502:127132741:RI","RI","ENSMUSG00000040354","Mars1",404,"Regular (>50bp)",-0.166,8.437694987188e-15,TRUE
"chr11:93983163:93983808:93983253:93983640:RI","RI","ENSMUSG00000020859","Spag9",645,"Regular (>50bp)",0.002,1,FALSE
"chr2:30235710:30236465:30235951:30236364:RI","RI","ENSMUSG00000026860","Sh3glb2",755,"Regular (>50bp)",-0.404,0,TRUE
