"VastDB.ID","gene","length","chrom","start","end","strand","neural.trend","ASD.trend","Ptbp1.dPSI","Ptbp1.signif","Srrm4.dPSI","Srrm4.signif","Srrm3.Srrm4.dPSI","Srrm3.Srrm4.signif","Srsf11.dPSI","Srsf11.signif","Rbfox2.dPSI","Rbfox2.signif","Srrm3.dPSI","Srrm3.signif","Rnps1.dPSI","Rnps1.signif","srrm3_srrm4_dPSI","srrm3_dPSI","srrm4_dPSI","srrm3_srrm4_signif","srrm3_signif","srrm4_signif","match_type","n_rmats_candidates","rmats_id","rmats_gene","rmats_chr","rmats_start","rmats_end","rmats_exon_size","rmats_dPSI","rmats_FDR","rmats_PValue"
"MmuEX0000269","1500009L16Rik",25,"chr10",83185780,83220189,"+",NA,NA,-1,"n.s.",0.5,"n.s.",0,"n.s.",-3,"n.s.",-1,"n.s.",0,"n.s.",-8,"n.s.",0,0,0.005,"n.s.","n.s.","n.s.","gene_size",2,23776,"1500009L16Rik","chr10",83573773,83573797,25,0.005,1,1
"MmuEX0000800","2210408F21Rik",29,"chr6",31235121,31285990,"+",NA,NA,3,"n.s.",9.6,"n.s.",4,"n.s.",5,"n.s.",5,"n.s.",-6,"n.s.",-7,"n.s.",0.04,-0.06,0.096,"n.s.","n.s.","n.s.","gene_size",2,46167,"2210408F21Rik","chr6",31305267,31305295,29,0.173,0.380694405482486,0.0420186746593
"MmuEX0001195","2700062C07Rik",23,"chr18",24629482,24631450,"+",NA,NA,NA,"n.s.",NA,"n.s.",0,"n.s.",-3,"n.s.",-6,"n.s.",NA,"n.s.",NA,"n.s.",0,NA,NA,"n.s.","n.s.","n.s.","gene_size",2,2741,"2700062C07Rik","chr18",24604119,24604141,23,-0.102,0.0216985677542389,0.00094623340343
"MmuEX0002176","6430548M08Rik",30,"chr8",122680275,122683858,"+","Neural-high","n.s.",17,"higher",-13.2,"lower",-27,"lower",-16,"n.s.",-7,"n.s.",-9,"n.s.",-13,"n.s.",-0.27,-0.09,-0.132,"lower","n.s.","lower","gene_size",1,59383,"6430548M08Rik","chr8",120884207,120884236,30,0.102,0.0638693963204221,0.00385971989989
"MmuEX0002364","9430015G10Rik",26,"chr4",155497779,155498200,"+",NA,NA,-2,"n.s.",-0.3,"n.s.",NA,"n.s.",NA,"n.s.",NA,"n.s.",NA,"n.s.",-6,"n.s.",NA,NA,-0.003,"n.s.","n.s.","n.s.","gene_size_contained",2,18269,"9430015G10Rik","chr4",156208433,156208458,26,0.006,1,1
"MmuEX0003242","Abi1",15,"chr2",22818022,22826602,"-","Neural-high","n.s.",2,"n.s.",-20,"lower",-39,"lower",-4,"n.s.",-2,"n.s.",-6,"n.s.",-29,"lower",-0.39,-0.06,-0.2,"lower","n.s.","lower","gene_size",2,24408,"Abi1","chr2",22853226,22853240,15,0.008,1,1
"MmuEX0003403","Acap2",21,"chr16",31119534,31127406,"-",NA,NA,NA,"n.s.",-2.3,"n.s.",NA,"n.s.",NA,"n.s.",-4,"n.s.",NA,"n.s.",NA,"n.s.",NA,NA,-0.023,"n.s.","n.s.","n.s.","gene_size",1,5397,"Acap2","chr16",30941439,30941459,21,0.013,0.730855649252844,0.105122809191
"MmuEX0003484","Acly",30,"chr11",100360077,100365516,"-",NA,"n.s.",9,"n.s.",-1.5,"n.s.",-3,"n.s.",-19,"lower",-16,"lower",5,"n.s.",-20,"lower",-0.03,0.05,-0.015,"n.s.","n.s.","n.s.","gene_size",2,13868,"Acly","chr11",100393986,100394015,30,0.011,1,0.412905095096
"MmuEX0003686","Acyp2",17,"chr11",30532318,30549300,"-",NA,NA,1,"n.s.",0.4,"n.s.",0,"n.s.",0,"n.s.",0,"n.s.",0,"n.s.",0,"n.s.",0,0,0.004,"n.s.","n.s.","n.s.","gene_size",1,25678,"Acyp2","chr11",30583686,30583702,17,-0.004,1,1
"MmuEX0004187","Agap1",12,"chr1",91506159,91524335,"+","Neural-high",NA,50,"higher",-3.4,"n.s.",-6,"n.s.",-4,"n.s.",6,"n.s.",-5,"n.s.",-8,"n.s.",-0.06,-0.05,-0.034,"n.s.","n.s.","n.s.","gene_size",1,57515,"Agap1","chr1",89538006,89538017,12,0.095,0.0137805505520126,0.000535148221082
"MmuEX0004297","Agrn",12,"chr4",155543446,155543878,"-","Neural-high",NA,18,"higher",-10.4,"n.s.",-7,"n.s.",-18,"lower",-1,"n.s.",-16,"n.s.",-12,"n.s.",-0.07,-0.16,-0.104,"n.s.","n.s.","n.s.","gene_size",1,28241,"Agrn","chr4",156254003,156254014,12,-0.045,0.0272165974734341,0.00126715500956
"MmuEX0004311","Agrn",24,"chr4",155541616,155542841,"-","Neural-high","ASD-low",4,"n.s.",-5.7,"n.s.",-5,"n.s.",-2,"n.s.",-3,"n.s.",-2,"n.s.",NA,"n.s.",-0.05,-0.02,-0.057,"n.s.","n.s.","n.s.","gene_size",3,28237,"Agrn","chr4",156253003,156253026,24,0.323,0.00409956888691432,0.000119616641036
"MmuEX0004381","Ahi1",27,"chr10",20720512,20737718,"+",NA,NA,-2,"n.s.",1.1,"n.s.",2,"n.s.",-4,"n.s.",5,"n.s.",0,"n.s.",1,"n.s.",0.02,0,0.011,"n.s.","n.s.","n.s.","gene_size",1,20179,"Ahi1","chr10",20883651,20883677,27,-0.013,1,0.197461033913
"MmuEX0004470","Akap1",13,"chr11",88702617,88705572,"-",NA,NA,2,"n.s.",0,"n.s.",0,"n.s.",0,"n.s.",0,"n.s.",-1,"n.s.",-1,"n.s.",0,-0.01,0,"n.s.","n.s.","n.s.","gene_size",2,30533,"Akap1","chr11",88734638,88734650,13,0.014,1,0.198081287939
"MmuEX0004898","Ank2",12,"chr3",126679866,126684717,"-","Neural-high","ASD-low",20,"higher",-17.9,"n.s.",-25,"lower",10,"n.s.",-17,"lower",-21,"lower",-24,"lower",-0.25,-0.21,-0.179,"lower","lower","n.s.","gene_size",2,24013,"Ank2","chr3",126772905,126772916,12,0.138,0.00303344410374097,8.01484063856e-05
"MmuEX0004901","Ank2",24,"chr3",126751199,126755605,"-","Neural-high",NA,0,"n.s.",-18.3,"lower",-43,"lower",-1,"n.s.",0,"n.s.",-2,"n.s.",-4,"n.s.",-0.43,-0.02,-0.183,"lower","n.s.","lower","gene_size",2,24019,"Ank2","chr3",126845875,126845898,24,0.041,1,0.847596599855
"MmuEX0004910","Ank3",12,"chr10",69390567,69395141,"+","Neural-high",NA,-4,"n.s.",-7.1,"n.s.",-12,"lower",-5,"n.s.",-8,"n.s.",-7,"n.s.",-12,"n.s.",-0.12,-0.07,-0.071,"lower","n.s.","n.s.","gene_size",2,57918,"Ank3","chr10",69765277,69765288,12,0.251,0.00548380560396285,0.000171363758675
"MmuEX0004931","Ank3",27,"chr10",69443143,69444863,"+","Neural-high","n.s.",44,"higher",-15.1,"lower",-18,"lower",-12,"lower",NA,"n.s.",-8,"n.s.",-4,"n.s.",-0.18,-0.08,-0.151,"lower","n.s.","lower","gene_size_contained",2,57921,"Ank3","chr10",69816654,69816680,27,0.187,0.000174189054449646,2.39444584249e-06
"MmuEX0005343","Anxa6",18,"chr11",54799718,54804892,"-",NA,"n.s.",7,"n.s.",-1.6,"n.s.",-2,"n.s.",-14,"lower",-9,"n.s.",-1,"n.s.",-12,"lower",-0.02,-0.01,-0.016,"n.s.","n.s.","n.s.","gene_size",1,32943,"Anxa6","chr11",54877877,54877894,18,0.034,0.142234970545609,0.0111149889681
"MmuEX0005383","Ap1ar",26,"chr3",127519925,127525501,"-",NA,NA,-3,"n.s.",-1,"n.s.",-5,"n.s.",3,"n.s.",-6,"n.s.",2,"n.s.",7,"n.s.",-0.05,0.02,-0.01,"n.s.","n.s.","n.s.","gene_size",2,40481,"Ap1ar","chr3",127614409,127614434,26,0.034,0.143114083859872,0.0112283288701
"MmuEX0005395","Ap1g1",9,"chr8",112353576,112356616,"+","Neural-high","n.s.",1,"n.s.",-4.8,"n.s.",-6,"n.s.",-12,"lower",-23,"lower",-3,"n.s.",-6,"n.s.",-0.06,-0.03,-0.048,"n.s.","n.s.","n.s.","gene_size",1,38659,"Ap1g1","chr8",110557245,110557253,9,-0.004,1,1
"MmuEX0005412","Ap1s2",9,"chrX",160355776,160370064,"+","Neural-high","ASD-low",-1,"n.s.",-13.6,"lower",-36,"lower",-2,"n.s.",1,"n.s.",-2,"n.s.",-20,"lower",-0.36,-0.02,-0.136,"lower","n.s.","lower","gene_size",1,36575,"Ap1s2","chrX",162714359,162714367,9,-0.001,1,1
"MmuEX0005519","Apbb1",6,"chr7",112714162,112714564,"-","Neural-high","ASD-low",3,"n.s.",-16.4,"lower",-47,"lower",0,"n.s.",-6,"n.s.",-10,"n.s.",-20,"lower",-0.47,-0.1,-0.164,"lower","n.s.","lower","gene_size",1,54799,"Apbb1","chr7",105215153,105215158,6,0.007,0.562895690343068,0.0722558499853
"MmuEX0005704","Arfgap1",30,"chr2",180712058,180713875,"+","Neural-high",NA,7,"n.s.",-26.6,"lower",-56,"lower",-26,"lower",-65,"lower",-32,"lower",-31,"lower",-0.56,-0.32,-0.266,"lower","lower","lower","gene_size",1,39391,"Arfgap1","chr2",180620205,180620234,30,0.1,0,0
"MmuEX0005816","Arhgap21",25,"chr2",20813805,20836258,"-",NA,NA,-1,"n.s.",1.1,"n.s.",1,"n.s.",0,"n.s.",-1,"n.s.",0,"n.s.",1,"n.s.",0.01,0,0.011,"n.s.","n.s.","n.s.","gene_size",2,25883,"Arhgap21","chr2",20888011,20888040,30,0.21,4.24107750950333e-05,4.35566500423e-07
"MmuEX0005822","Arhgap21",30,"chr2",20803479,20808732,"-","Neural-high",NA,5,"n.s.",-26.5,"lower",-24,"lower",-22,"lower",-12,"lower",-11,"lower",-22,"lower",-0.24,-0.11,-0.265,"lower","lower","lower","gene_size",1,25883,"Arhgap21","chr2",20888011,20888040,30,0.21,4.24107750950333e-05,4.35566500423e-07
"MmuEX0005833","Arhgap23",23,"chr11",97352545,97354364,"+","Neural-high","n.s.",50,"higher",0.7,"n.s.",NA,"n.s.",NA,"n.s.",NA,"n.s.",-13,"lower",NA,"n.s.",NA,-0.13,0.007,"n.s.","lower","n.s.","gene_size",1,14043,"Arhgap23","chr11",97382470,97382492,23,0.228,8.00498907670246e-13,1.11022302463e-15
"MmuEX0005849","Arhgap26",30,"chr18",39517318,39522770,"+",NA,NA,6,"n.s.",NA,"n.s.",NA,"n.s.",NA,"n.s.",NA,"n.s.",0,"n.s.",11,"n.s.",NA,0,NA,"n.s.","n.s.","n.s.","gene_size",1,15304,"Arhgap26","chr18",39490852,39490881,30,-0.029,0.216365452201103,0.0195394021545
"MmuEX0005947","Arhgef10l",15,"chr4",140124436,140126171,"-",NA,"ASD-low",5,"n.s.",-4.5,"n.s.",4,"n.s.",-2,"n.s.",-3,"n.s.",-4,"n.s.",-5,"n.s.",0.04,-0.04,-0.045,"n.s.","n.s.","n.s.","gene_size",1,54593,"Arhgef10l","chr4",140296067,140296081,15,-0.021,0.651793721749745,0.0890708086252
"MmuEX0005966","Arhgef11",30,"chr3",87521443,87526278,"+","Neural-low",NA,-19,"lower",8.7,"n.s.",-9,"n.s.",-25,"lower",-2,"n.s.",7,"n.s.",-9,"n.s.",-0.09,0.07,0.087,"n.s.","n.s.","n.s.","gene_size_contained",3,54658,"Arhgef11","chr3",87625536,87625565,30,0.146,2.78873270258153e-06,1.821261153e-08
"MmuEX0005968","Arhgef12",24,"chr9",42850760,42913261,"-",NA,NA,1,"n.s.",0.4,"n.s.",7,"n.s.",1,"n.s.",7,"n.s.",3,"n.s.",-1,"n.s.",0.07,0.03,0.004,"n.s.","n.s.","n.s.","gene_size",1,60574,"Arhgef12","chr9",42955560,42955583,24,-0.015,0.735696911247995,0.106167879961
"MmuEX0006037","Arhgef40",21,"chr14",52624418,52624663,"+",NA,NA,9,"n.s.",-5.4,"n.s.",-11,"n.s.",6,"n.s.",NA,"n.s.",-10,"n.s.",-10,"n.s.",-0.11,-0.1,-0.054,"n.s.","n.s.","n.s.","gene_size",1,8544,"Arhgef40","chr14",52242336,52242356,21,-0.176,0.00878694833148361,0.000302971621338
"MmuEX0006149","Arl6",13,"chr16",59613671,59618620,"-","Neural-high",NA,4,"n.s.",-8.2,"n.s.",-10,"n.s.",-9,"n.s.",-8,"n.s.",-6,"n.s.",-6,"n.s.",-0.1,-0.06,-0.082,"n.s.","n.s.","n.s.","gene_size",1,4972,"Arl6","chr16",59439029,59439041,13,0.079,0.111700360854889,0.00814990431546
"MmuEX0006230","Arntl",21,"chr7",120424317,120426770,"+",NA,"inconsistent",12,"higher",1.3,"n.s.",2,"n.s.",2,"n.s.",10,"higher",-9,"n.s.",NA,NA,0.02,-0.09,0.013,"n.s.","n.s.","n.s.","gene_size",1,55108,"Arntl","chr7",112880609,112880629,21,-0.089,0.0107292740115184,0.000392626400637
"MmuEX0006261","Arrb1",24,"chr7",106744617,106747000,"+","Neural-high","n.s.",3,"n.s.",-17.7,"lower",-22,"lower",-27,"lower",1,"n.s.",-5,"n.s.",-6,"n.s.",-0.22,-0.05,-0.177,"lower","n.s.","lower","gene_size",1,54300,"Arrb1","chr7",99246243,99246266,24,-0.002,1,1
"MmuEX0006307","Arvcf",18,"chr16",18400347,18401659,"+","Neural-high","ASD-low",21,"higher",-31.8,"lower",-42,"lower",-15,"lower",10,"n.s.",-22,"lower",-23,"lower",-0.42,-0.22,-0.318,"lower","lower","lower","gene_size",1,63614,"Arvcf","chr16",18219531,18219548,18,0.166,7.88857169241047e-11,1.60649271663e-13
"MmuEX0006334","Asap1",9,"chr15",63984493,63990443,"-","Neural-high","ASD-low",3,"n.s.",-29.9,"lower",-62,"lower",-18,"lower",-5,"n.s.",-16,"lower",-22,"lower",-0.62,-0.16,-0.299,"lower","lower","lower","gene_size",2,7291,"Asap1","chr15",64025693,64025701,9,0.067,0.0015000099963555,3.35551381114e-05
"MmuEX0006337","Asap2",4,"chr12",21219087,21223835,"+","Neural-high",NA,0,"n.s.",-39.6,"lower",-68,"lower",-9,"n.s.",-14,"lower",-13,"lower",-60,"lower",-0.68,-0.13,-0.396,"lower","lower","lower","gene_size",1,12429,"Asap2","chr12",21264363,21264371,9,0.012,0.620067336752337,0.0829057712968
"MmuEX0006501","Asxl1",3,"chr2",153178008,153182805,"+",NA,NA,0,"n.s.",0.8,"n.s.",-1,"n.s.",0,"n.s.",0,"n.s.",-1,"n.s.",-1,"n.s.",-0.01,-0.01,0.008,"n.s.","n.s.","n.s.","gene_size",1,36682,"Asxl1","chr2",153196570,153196572,3,-0.005,1,0.850741457791
"MmuEX0006714","Atm",9,"chr9",53269116,53270585,"-",NA,NA,12,"higher",2.2,"n.s.",-1,"n.s.",-2,"n.s.",-1,"n.s.",-10,"n.s.",-5,"n.s.",-0.01,-0.1,0.022,"n.s.","n.s.","n.s.","gene_size",1,55444,"Atm","chr9",53372412,53372420,9,0.03,0.0714722391048436,0.00449956021541
"MmuEX0006842","Atp2c1",12,"chr9",105372478,105396744,"-","Neural-high",NA,14,"higher",-24.8,"lower",-26,"lower",-14,"lower",-14,"n.s.",-15,"n.s.",NA,NA,-0.26,-0.15,-0.248,"lower","n.s.","lower","gene_size",1,61967,"Atp2c1","chr9",105370742,105370753,12,0.168,5.43819269842008e-06,3.99073848412e-08
"MmuEX0006887","Atp6v0a1",18,"chr11",100909840,100916339,"+","Neural-high","ASD-low",0,"n.s.",-14.1,"lower",-45,"lower",-1,"n.s.",-11,"lower",-18,"lower",-47,"lower",-0.45,-0.18,-0.141,"lower","lower","lower","gene_size",1,13804,"Atp6v0a1","chr11",100940285,100940302,18,0.04,2.17824647208559e-12,3.44169137634e-15
"MmuEX0007138","Auts2",30,"chr5",131933781,131937147,"-",NA,NA,3,"n.s.",-0.4,"n.s.",-1,"n.s.",-1,"n.s.",-4,"n.s.",1,"n.s.",-1,"n.s.",-0.01,0.01,-0.004,"n.s.","n.s.","n.s.","gene_size",1,23284,"Auts2","chr5",131488965,131488994,30,-0.026,1,0.746263034705
"MmuEX0007658","Bak1",15,"chr17",27158293,27159383,"-",NA,NA,NA,NA,-1,"n.s.",-3,"n.s.",-3,"n.s.",0,"n.s.",-3,"n.s.",-2,"n.s.",-0.03,-0.03,-0.01,"n.s.","n.s.","n.s.","gene_size",1,4155,"Bak1","chr17",27240637,27240656,20,0.021,1,0.246052559612
"MmuEX0007715","Baz2b",27,"chr2",59770228,59771727,"-","Neural-high",NA,3,"n.s.",-3.4,"n.s.",0,"n.s.",-1,"n.s.",-41,"lower",-3,"n.s.",-13,"lower",0,-0.03,-0.034,"n.s.","n.s.","n.s.","gene_size",1,51680,"Baz2b","chr2",59763756,59763782,27,0,1,1
"MmuEX0007764","Bbs9",15,"chr9",22448292,22458515,"+","Neural-high","inconsistent",7,"n.s.",-47.5,"lower",-75,"lower",-13,"n.s.",2,"n.s.",-1,"n.s.",-46,"lower",-0.75,-0.01,-0.475,"lower","n.s.","lower","gene_size",1,53675,"Bbs9","chr9",22559316,22559330,15,0.018,1,1
"MmuEX0008045","Blzf1",21,"chr1",166232852,166236569,"-",NA,NA,-4,"n.s.",8.6,"n.s.",2,"n.s.",-7,"n.s.",2,"n.s.",1,"n.s.",-5,"n.s.",0.02,0.01,0.086,"n.s.","n.s.","n.s.","gene_size",1,14554,"Blzf1","chr1",164131473,164131493,21,-0.012,1,0.43438126979
"MmuEX0008193","Brcc3",17,"chrX",72662181,72663749,"+",NA,NA,-1,"n.s.",-0.7,"n.s.",0,"n.s.",1,"n.s.",-1,"n.s.",0,"n.s.",0,"n.s.",0,0,-0.007,"n.s.","n.s.","n.s.","gene_size",1,606,"Brcc3","chrX",74461183,74461199,17,0,1,1
"MmuEX0008576","C430049B03Rik",23,"chrX",50408668,50409834,"-",NA,NA,0,"n.s.",NA,"n.s.",NA,"n.s.",NA,"n.s.",NA,"n.s.",-3,"n.s.",1,"n.s.",NA,-0.03,NA,"n.s.","n.s.","n.s.","gene_size",1,782,"C430049B03Rik","chrX",52145019,52145041,23,-0.121,0.471994068460538,0.0567609306184
"MmuEX0008731","Cacna1b",12,"chr2",24510001,24512810,"-",NA,"n.s.",2,"n.s.",-2.4,"n.s.",0,"n.s.",2,"n.s.",2,"n.s.",0,"n.s.",1,"n.s.",0,0,-0.024,"n.s.","n.s.","n.s.","gene_size",1,29993,"Cacna1b","chr2",24546723,24546734,12,0.094,0,0
"MmuEX0008732","Cacna1b",6,"chr2",24494731,24503998,"-",NA,NA,-2,"n.s.",7.9,"n.s.",0,"n.s.",1,"n.s.",-8,"n.s.",2,"n.s.",6,"n.s.",0,0.02,0.079,"n.s.","n.s.","n.s.","gene_size",1,29986,"Cacna1b","chr2",24532865,24532870,6,0.043,0.00132859643395726,2.91558354391e-05
"MmuEX0008835","Cacnb1",20,"chr11",97871691,97873179,"-","Neural-high","n.s.",7,"n.s.",-21.1,"n.s.",NA,"n.s.",NA,"n.s.",NA,NA,-16,"lower",NA,"n.s.",NA,-0.16,-0.211,"n.s.","lower","n.s.","gene_size",4,13993,"Cacnb1","chr11",97901453,97901472,20,-0.025,1,0.793040905104
"MmuEX0008842","Cacnb3",20,"chr15",98471182,98471607,"+","Neural-high","n.s.",0,"n.s.",-8.4,"n.s.",-8,"n.s.",1,"n.s.",-1,"n.s.",1,"n.s.",-1,"n.s.",-0.08,0.01,-0.084,"n.s.","n.s.","n.s.","gene_size",1,35044,"Cacnb3","chr15",98538840,98538859,20,0,1,1
"MmuEX0009028","Camta2",21,"chr11",70484239,70484509,"-","Neural-high","n.s.",2,"n.s.",-50.6,"lower",NA,NA,NA,"n.s.",NA,"n.s.",-5,"n.s.",-35,"lower",NA,-0.05,-0.506,NA,"n.s.","lower","gene_size",1,43589,"Camta2","chr11",70561717,70561737,21,-0.006,1,0.588319363678
"MmuEX0009120","Car12",21,"chr9",66561741,66594276,"+",NA,NA,0,"n.s.",-0.2,"n.s.",-1,"n.s.",0,"n.s.",0,"n.s.",0,"n.s.",-1,"n.s.",-0.01,0,-0.002,"n.s.","n.s.","n.s.","gene_size",1,61276,"Car12","chr9",66624842,66624862,21,0.003,1,1
"MmuEX0009318","Catsper2",24,"chr2",121223625,121225472,"-",NA,NA,-6,"n.s.",10.4,"n.s.",NA,"n.s.",NA,"n.s.",NA,"n.s.",NA,"n.s.",NA,"n.s.",NA,NA,0.104,"n.s.","n.s.","n.s.","gene_size",3,45740,"Catsper2","chr2",121229927,121229950,24,0.279,1,1
"MmuEX0009873","Ccdc66",26,"chr14",28313869,28319836,"-",NA,NA,-11,"n.s.",NA,"n.s.",-3,"n.s.",NA,"n.s.",16,"n.s.",NA,"n.s.",NA,"n.s.",-0.03,NA,NA,"n.s.","n.s.","n.s.","gene_size",2,30566,"Ccdc66","chr14",27227595,27227620,26,0.146,0.530453056550591,0.0666127826672
"MmuEX0010075","Ccnl1",14,"chr3",65752713,65754401,"-",NA,NA,4,"n.s.",3.6,"n.s.",-10,"n.s.",-11,"n.s.",0,"n.s.",1,"n.s.",-6,"n.s.",-0.1,0.01,0.036,"n.s.","n.s.","n.s.","gene_size",1,46634,"Ccnl1","chr3",65857634,65857647,14,-0.046,0.918046848258126,0.145924337075
"MmuEX0010598","Cdk5rap2",27,"chr4",69906532,69911386,"-",NA,NA,-4,"n.s.",7.4,"n.s.",NA,"n.s.",6,"n.s.",5,"n.s.",-10,"n.s.",NA,NA,NA,-0.1,0.074,"n.s.","n.s.","n.s.","gene_size",1,28551,"Cdk5rap2","chr4",70165185,70165211,27,-0.09,0.493794982564265,0.0603709249939
"MmuEX0010772","Celsr3",15,"chr9",108740897,108742330,"+",NA,NA,2,"n.s.",0,"n.s.",-14,"n.s.",-4,"n.s.",-78,"lower",-10,"n.s.",-39,"lower",-0.14,-0.1,0,"n.s.","n.s.","n.s.","gene_size",1,62172,"Celsr3","chr9",108715959,108715973,15,0.001,1,1
"MmuEX0011125","Chchd3",15,"chr6",32842376,32918200,"-","Neural-high",NA,0,"n.s.",-18.8,"lower",-39,"lower",0,"n.s.",0,"n.s.",-1,"n.s.",-11,"lower",-0.39,-0.01,-0.188,"lower","n.s.","lower","gene_size",2,14839,"Chchd3","chr6",32870327,32870341,15,-0.028,1,0.662401353439
"MmuEX0011317","Chmp2a",30,"chr7",13617915,13619177,"-",NA,NA,-2,"n.s.",3,"n.s.",2,"n.s.",-3,"n.s.",10,"n.s.",-4,"n.s.",-1,"n.s.",0.02,-0.04,0.03,"n.s.","n.s.","n.s.","gene_size",1,44595,"Chmp2a","chr7",12766719,12766748,30,-0.054,0.00250236166967168,6.2382218903e-05
"MmuEX0011484","Ckap5",24,"chr2",91439536,91440797,"+","Neural-high","n.s.",32,"higher",-35.2,"lower",-47,"lower",-21,"lower",9,"n.s.",-36,"lower",-37,"lower",-0.47,-0.36,-0.352,"lower","lower","lower","gene_size",1,52058,"Ckap5","chr2",91429949,91429972,24,0.098,0.000429899112835956,7.05668212464e-06
"MmuEX0011499","Clasp1",24,"chr1",120406954,120418403,"+","Neural-high","n.s.",6,"n.s.",-4.6,"n.s.",NA,"n.s.",NA,"n.s.",NA,"n.s.",NA,"n.s.",NA,"n.s.",NA,NA,-0.046,"n.s.","n.s.","n.s.","gene_size_contained",5,32391,"Clasp1","chr1",118440435,118440458,24,0.087,1.62398370258059e-06,9.86461545782e-09
"MmuEX0011502","Clasp1",3,"chr1",120368417,120394210,"+",NA,NA,-1,"n.s.",0,"n.s.",0,"n.s.",0,"n.s.",0,"n.s.",2,"n.s.",1,"n.s.",0,0.02,0,"n.s.","n.s.","n.s.","gene_size",1,32401,"Clasp1","chr1",118475386,118475388,3,0.011,1,0.917830987559
"MmuEX0011503","Clasp1",3,"chr1",120443527,120444441,"+",NA,NA,-1,"n.s.",-0.5,"n.s.",0,"n.s.",1,"n.s.",0,"n.s.",1,"n.s.",1,"n.s.",0,0.01,-0.005,"n.s.","n.s.","n.s.","gene_size",1,32401,"Clasp1","chr1",118475386,118475388,3,0.011,1,0.917830987559
"MmuEX0011506","Clasp1",27,"chr1",120418512,120421873,"+","Neural-high","ASD-low",43,"higher",-23.1,"lower",-31,"lower",-17,"lower",27,"higher",-2,"n.s.",-6,"n.s.",-0.31,-0.02,-0.231,"lower","n.s.","lower","gene_size_contained",5,32393,"Clasp1","chr1",118451051,118451077,27,0.117,0.219767330624062,0.0199816542073
"MmuEX0011507","Clasp1",24,"chr1",120435947,120439678,"+","Neural-high","n.s.",13,"higher",-27.1,"lower",-37,"lower",-21,"lower",4,"n.s.",-11,"lower",-8,"n.s.",-0.37,-0.11,-0.271,"lower","lower","lower","gene_size_contained",5,32398,"Clasp1","chr1",118469405,118469428,24,0.044,0.369346684890011,0.040370374512
"MmuEX0011514","Clasp2",24,"chr9",113763465,113771303,"+","Neural-high",NA,45,"higher",-42.3,"lower",-46,"lower",-22,"lower",NA,"n.s.",-26,"lower",-39,"lower",-0.46,-0.26,-0.423,"lower","lower","lower","gene_size_contained",3,24179,"Clasp2","chr9",113687649,113687672,24,0.252,1.26060491336164e-07,5.7098026307e-10
"MmuEX0011521","Clasp2",3,"chr9",113790870,113799075,"+",NA,NA,0,"n.s.",-3.9,"n.s.",-10,"lower",0,"n.s.",-16,"lower",-6,"n.s.",-12,"lower",-0.1,-0.06,-0.039,"lower","n.s.","n.s.","gene_size",1,24186,"Clasp2","chr9",113716113,113716115,3,-0.002,1,0.731249850813
"MmuEX0011524","Clasp2",17,"chr9",113744373,113750676,"+",NA,NA,1,"n.s.",-3.1,"n.s.",0,"n.s.",2,"n.s.",1,"n.s.",-1,"n.s.",NA,"n.s.",0,-0.01,-0.031,"n.s.","n.s.","n.s.","gene_size_contained",2,24176,"Clasp2","chr9",113670227,113670243,17,0.011,1,0.318114098096
"MmuEX0011526","Clasp2",27,"chr9",113771406,113777665,"+",NA,NA,NA,"n.s.",-0.8,"n.s.",NA,"n.s.",NA,"n.s.",NA,"n.s.",NA,"n.s.",NA,"n.s.",NA,NA,-0.008,"n.s.","n.s.","n.s.","gene_size_contained",3,24181,"Clasp2","chr9",113691504,113691530,27,0.009,1,0.802725792693
"MmuEX0011532","Clasp2",24,"chr9",113785469,113789059,"+","Neural-high","inconsistent",18,"higher",-67.9,"lower",-75,"lower",-37,"lower",-2,"n.s.",-26,"lower",-42,"lower",-0.75,-0.26,-0.679,"lower","lower","lower","gene_size_contained",3,24184,"Clasp2","chr9",113707818,113707841,24,0.058,0.00258686636886187,6.51700854851e-05
"MmuEX0011633","Clec16a",6,"chr16",10571693,10573392,"+","Neural-high","ASD-low",79,"higher",-2.5,"n.s.",-2,"n.s.",-2,"n.s.",2,"n.s.",0,"n.s.",-2,"n.s.",-0.02,0,-0.025,"n.s.","n.s.","n.s.","gene_size",1,6022,"Clec16a","chr16",10390782,10390787,6,0.108,0.0667158024334178,0.00410918487834
"MmuEX0011693","Clip1",6,"chr5",124030134,124032728,"-","Neural-high","ASD-low",8,"n.s.",-32.1,"lower",-62,"lower",-27,"lower",-5,"n.s.",-16,"lower",-17,"lower",-0.62,-0.16,-0.321,"lower","lower","lower","gene_size",1,37829,"Clip1","chr5",123719655,123719660,6,0.055,0.0297765634665853,0.00142293509166
"MmuEX0011698","Clip1",21,"chr5",124033648,124040801,"-",NA,NA,NA,"n.s.",-6.6,"n.s.",NA,"n.s.",NA,"n.s.",NA,"n.s.",NA,"n.s.",NA,"n.s.",NA,NA,-0.066,"n.s.","n.s.","n.s.","gene_size",1,37830,"Clip1","chr5",123724397,123724417,21,0.057,0.0375865551262406,0.0019221859708
"MmuEX0011790","Clstn1",30,"chr4",148988282,149001320,"+",NA,"n.s.",5,"n.s.",0.9,"n.s.",3,"n.s.",-3,"n.s.",-11,"lower",0,"n.s.",-3,"n.s.",0.03,0,0.009,"n.s.","n.s.","n.s.","gene_size",1,57258,"Clstn1","chr4",149710544,149710573,30,-0.006,1,0.660928246942
"MmuEX0011803","Cltc",18,"chr11",86544334,86546006,"-",NA,NA,NA,"n.s.",2.9,"n.s.",NA,"n.s.",NA,"n.s.",NA,"n.s.",NA,"n.s.",NA,NA,NA,NA,0.029,"n.s.","n.s.","n.s.","gene_size",1,14375,"Cltc","chr11",86591887,86591907,21,-0.041,0.0108227741354815,0.000397676765955
"MmuEX0011807","Cltc",21,"chr11",86510843,86515710,"-",NA,"n.s.",7,"n.s.",-1.4,"n.s.",-3,"n.s.",1,"n.s.",-6,"n.s.",1,"n.s.",-1,"n.s.",-0.03,0.01,-0.014,"n.s.","n.s.","n.s.","gene_size",1,14375,"Cltc","chr11",86591887,86591907,21,-0.041,0.0108227741354815,0.000397676765955
"MmuEX0012279","Col4a1",17,"chr8",11203009,11206225,"-","Neural-high",NA,10,"n.s.",-23.1,"lower",-24,"lower",-11,"lower",15,"higher",-17,"lower",-21,"lower",-0.24,-0.17,-0.231,"lower","lower","lower","gene_size",1,56618,"Col4a1","chr8",11254536,11254552,17,0.116,0.029292636882421,0.00139209578555
"MmuEX0012341","Col6a5",12,"chr9",105791706,105794456,"-",NA,NA,0,"n.s.",-0.9,"n.s.",0,"n.s.",-7,"n.s.",1,"n.s.",-1,"n.s.",0,"n.s.",0,-0.01,-0.009,"n.s.","n.s.","n.s.","gene_size",1,28049,"Col6a5","chr9",105767565,105767576,12,-0.003,1,1
"MmuEX0012381","Commd6",12,"chr14",102036324,102039605,"-",NA,NA,-4,"n.s.",1,"n.s.",2,"n.s.",2,"n.s.",3,"n.s.",1,"n.s.",1,"n.s.",0.02,0.01,0.01,"n.s.","n.s.","n.s.","gene_size",1,7904,"Commd6","chr14",101877724,101877735,12,0.024,0.193192752485102,0.0167819690542
"MmuEX0012537","Cpeb2",24,"chr5",43653024,43668669,"+","Neural-high","n.s.",0,"n.s.",-13.6,"lower",-33,"lower",-4,"n.s.",-1,"n.s.",-5,"n.s.",-24,"lower",-0.33,-0.05,-0.136,"lower","n.s.","lower","gene_size",1,17380,"Cpeb2","chr5",43426212,43426235,24,0.02,0.527921549398561,0.0661929338636
"MmuEX0012543","Cpeb4",24,"chr11",31789940,31820408,"+","Neural-high","ASD-low",1,"n.s.",-24.7,"lower",-30,"lower",-20,"lower",-1,"n.s.",-11,"n.s.",-19,"lower",-0.3,-0.11,-0.247,"lower","n.s.","lower","gene_size",2,38091,"Cpeb4","chr11",31868801,31868824,24,0.164,3.91008884983753e-05,3.95395301611e-07
"MmuEX0012941","Csnk1g3",24,"chr18",54107809,54112898,"+","Neural-high","inconsistent",-1,"n.s.",-3.9,"n.s.",-2,"n.s.",0,"n.s.",-57,"lower",-6,"n.s.",-29,"lower",-0.02,-0.06,-0.039,"n.s.","n.s.","n.s.","gene_size",1,2284,"Csnk1g3","chr18",54081717,54081740,24,-0.008,0.304016412992471,0.0311376512596
"MmuEX0012961","Cspp1",24,"chr1",10048905,10054413,"+","Neural-high",NA,28,"higher",-12,"n.s.",-5,"n.s.",0,"n.s.",-4,"n.s.",-8,"n.s.",-19,"n.s.",-0.05,-0.08,-0.12,"n.s.","n.s.","n.s.","gene_size",1,32437,"Cspp1","chr1",10130049,10130072,24,0.024,1,0.694246388123
"MmuEX0013303","Cyld",9,"chr8",91233896,91243196,"+","Neural-high","inconsistent",0,"n.s.",0.2,"n.s.",0,"n.s.",1,"n.s.",1,"n.s.",0,"n.s.",0,"n.s.",0,0,0.002,"n.s.","n.s.","n.s.","gene_size",1,58595,"Cyld","chr8",89444918,89444926,9,0.045,5.42052117477125e-11,1.06581410364e-13
"MmuEX0013421","Cyth2",3,"chr7",53063820,53065496,"-",NA,NA,10,"higher",-3.1,"n.s.",-6,"n.s.",-14,"lower",6,"n.s.",-2,"n.s.",-5,"n.s.",-0.06,-0.02,-0.031,"n.s.","n.s.","n.s.","gene_size",1,25171,"Cyth2","chr7",45458154,45458156,3,0.05,0.0690118764730445,0.00430601254301
"MmuEX0013683","Daam1",27,"chr12",73053547,73060792,"+","Neural-high","n.s.",36,"higher",-55,"lower",-58,"lower",-38,"lower",21,"higher",-20,"lower",-23,"lower",-0.58,-0.2,-0.55,"lower","lower","lower","gene_size",1,11919,"Daam1","chr12",72005521,72005547,27,0.031,1,0.347125153437
"MmuEX0013762","Dapk3",27,"chr10",80653392,80654503,"+",NA,NA,2,"n.s.",3.6,"n.s.",3,"n.s.",12,"higher",2,"n.s.",1,"n.s.",1,"n.s.",0.03,0.01,0.036,"n.s.","n.s.","n.s.","gene_size",1,48091,"Dapk3","chr10",81026876,81026902,27,0.028,0.0675975130834891,0.00418048451228
"MmuEX0013906","Dclk2",13,"chr3",86591335,86595916,"-",NA,NA,-2,"n.s.",-2.9,"n.s.",-21,"lower",NA,"n.s.",NA,"n.s.",NA,"n.s.",NA,"n.s.",-0.21,NA,-0.029,"lower","n.s.","n.s.","gene_size",3,41465,"Dclk2","chr3",86695929,86695941,13,0.13,0.0357757878867097,0.00181262484579
"MmuEX0013911","Dclre1b",27,"chr3",103611500,103612822,"-",NA,NA,-15,"lower",12.8,"n.s.",14,"n.s.",13,"higher",20,"higher",-1,"n.s.",-7,"n.s.",0.14,-0.01,0.128,"n.s.","n.s.","n.s.","gene_size",1,24099,"Dclre1b","chr3",103715388,103715414,27,0.078,0.871055623748343,0.135381321203
"MmuEX0013951","Dctn1",15,"chr6",83146102,83147484,"+","Neural-high","ASD-low",28,"higher",-33,"lower",-48,"lower",-2,"n.s.",-5,"n.s.",-26,"lower",-47,"lower",-0.48,-0.26,-0.33,"lower","lower","lower","gene_size_contained",5,47919,"Dctn1","chr6",83174301,83174315,15,0.062,0.00153352163020037,3.45692374883e-05
"MmuEX0013957","Dctn4",21,"chr18",60703801,60705401,"+","Neural-high","ASD-low",30,"higher",-22.6,"lower",-41,"lower",-21,"lower",18,"higher",-15,"lower",10,"n.s.",-0.41,-0.15,-0.226,"lower","lower","lower","gene_size",1,20758,"Dctn4","chr18",60678429,60678449,21,0.164,2.36488905850054e-07,1.15419174218e-09
"MmuEX0014010","Ddhd1",21,"chr14",46240516,46249254,"-","Neural-high","ASD-low",8,"n.s.",-35.8,"lower",-45,"lower",-9,"n.s.",-9,"n.s.",-33,"lower",-23,"n.s.",-0.45,-0.33,-0.358,"lower","lower","lower","gene_size",2,8710,"Ddhd1","chr14",45866311,45866331,21,0.202,1.72061376212635e-05,1.53148852267e-07
"MmuEX0014308","Denr",20,"chr5",124358224,124367208,"+",NA,NA,0,"n.s.",0.5,"n.s.",-1,"n.s.",-5,"n.s.",0,"n.s.",0,"n.s.",-2,"n.s.",-0.01,0,0.005,"n.s.","n.s.","n.s.","gene_size",2,16001,"Denr","chr5",124053254,124053273,20,0.002,1,1
"MmuEX0014428","Dgki",26,"chr6",36815829,36863632,"-",NA,NA,1,"n.s.",-0.1,"n.s.",-1,"n.s.",0,"n.s.",0,"n.s.",0,"n.s.",0,"n.s.",-0.01,0,-0.001,"n.s.","n.s.","n.s.","gene_size",1,15943,"Dgki","chr6",36871711,36871736,26,0,1,1
"MmuEX0014546","Dhx30",29,"chr9",110001364,110011529,"-",NA,"n.s.",0,"n.s.",-0.5,"n.s.",0,"n.s.",-3,"n.s.",0,"n.s.",0,"n.s.",10,"n.s.",0,0,-0.005,"n.s.","n.s.","n.s.","gene_size",2,62895,"Dhx30","chr9",109937009,109937037,29,0.06,0.00295384439556913,7.70542657158e-05
"MmuEX0014698","Dip2a",30,"chr10",75733203,75735277,"-","Neural-high","ASD-high",58,"higher",-6.9,"n.s.",NA,"n.s.",NA,"n.s.",NA,"n.s.",-1,"n.s.",0,"n.s.",NA,-0.01,-0.069,"n.s.","n.s.","n.s.","gene_size",1,30173,"Dip2a","chr10",76107210,76107239,30,0.168,0.000735208041510314,1.39527026013e-05
"MmuEX0014792","Dlg1",21,"chr16",31853971,31856526,"+","Neural-high","ASD-low",14,"higher",-9.5,"n.s.",-11,"lower",-5,"n.s.",-13,"lower",-7,"n.s.",-11,"lower",-0.11,-0.07,-0.095,"lower","n.s.","n.s.","gene_size",3,26360,"Dlg1","chr16",31673486,31673506,21,-0.104,0.0218207418493108,0.000952342203216
"MmuEX0015182","Dnajc13",15,"chr9",104111718,104115090,"-","Neural-high","ASD-low",0,"n.s.",-0.8,"n.s.",-1,"n.s.",-1,"n.s.",-1,"n.s.",-1,"n.s.",-1,"n.s.",-0.01,-0.01,-0.008,"n.s.","n.s.","n.s.","gene_size",1,61926,"Dnajc13","chr9",104087068,104087082,15,0.069,1.54804895876614e-08,5.29958299467e-11
"MmuEX0015285","Dnm1",12,"chr2",32176138,32178941,"-","Neural-high",NA,2,"n.s.",-6.6,"n.s.",-17,"lower",-14,"lower",-12,"lower",-9,"n.s.",-36,"lower",-0.17,-0.09,-0.066,"lower","n.s.","n.s.","gene_size",1,25045,"Dnm1","chr2",32213191,32213202,12,0.002,1,1
"MmuEX0015304","Dnm2",12,"chr9",21294239,21295689,"+",NA,"ASD-high",-11,"lower",4.8,"n.s.",-2,"n.s.",-4,"n.s.",13,"higher",-1,"n.s.",0,"n.s.",-0.02,-0.01,0.048,"n.s.","n.s.","n.s.","gene_size",1,52804,"Dnm2","chr9",21401954,21401965,12,0.118,0.000947054302203747,1.90538127899e-05
"MmuEX0015392","Dock11",18,"chrX",33609982,33616093,"+","Neural-high",NA,0,"n.s.",-10.1,"lower",-53,"lower",-2,"n.s.",-1,"n.s.",-1,"n.s.",-2,"n.s.",-0.53,-0.01,-0.101,"lower","n.s.","lower","gene_size",1,844,"Dock11","chrX",35339570,35339587,18,0.006,1,1
"MmuEX0015418","Dock4",27,"chr12",41516749,41521354,"+","Neural-high","inconsistent",12,"higher",-51.8,"lower",-69,"lower",-14,"lower",-16,"lower",-33,"lower",-55,"lower",-0.69,-0.33,-0.518,"lower","lower","lower","gene_size",1,12219,"Dock4","chr12",40844596,40844622,27,0.164,0,0
"MmuEX0015456","Dock7",15,"chr4",98613455,98622006,"-","Neural-high","ASD-low",13,"higher",-24.8,"lower",-43,"lower",-13,"n.s.",-55,"lower",-17,"lower",-50,"lower",-0.43,-0.17,-0.248,"lower","lower","lower","gene_size",1,31499,"Dock7","chr4",98842103,98842117,15,0,1,1
"MmuEX0015479","Dock9",8,"chr14",121942848,121945187,"-","Neural-high","inconsistent",0,"n.s.",-17.5,"lower",-46,"lower",2,"n.s.",1,"n.s.",-2,"n.s.",-3,"n.s.",-0.46,-0.02,-0.175,"lower","n.s.","lower","gene_size",2,32926,"Dock9","chr14",121797807,121797812,6,0.099,0.396768012138546,0.0444684431364
"MmuEX0015480","Dock9",6,"chr14",121959183,121959811,"-","Neural-high","ASD-low",16,"higher",-0.3,"n.s.",-1,"n.s.",NA,"n.s.",1,"n.s.",2,"n.s.",2,"n.s.",-0.01,0.02,-0.003,"n.s.","n.s.","n.s.","gene_size",2,32926,"Dock9","chr14",121797807,121797812,6,0.099,0.396768012138546,0.0444684431364
"MmuEX0015583","Dpm1",26,"chr2",168043277,168045536,"-",NA,NA,0,"n.s.",0,"n.s.",2,"n.s.",4,"n.s.",3,"n.s.",-1,"n.s.",-1,"n.s.",0.02,-0.01,0,"n.s.","n.s.","n.s.","gene_size",1,44491,"Dpm1","chr2",168061140,168061165,26,-0.001,1,1
"MmuEX0015633","Dpy19l1",25,"chr9",24229290,24234874,"-",NA,NA,-1,"n.s.",-0.5,"n.s.",0,"n.s.",0,"n.s.",0,"n.s.",0,"n.s.",0,"n.s.",0,0,-0.005,"n.s.","n.s.","n.s.","gene_size",2,47236,"Dpy19l1","chr9",24397001,24397025,25,0.413,0.00021065412434062,3.02514130213e-06
"MmuEX0015734","Dsn1",26,"chr2",156831228,156832710,"-",NA,NA,1,"n.s.",-0.1,"n.s.",0,"n.s.",0,"n.s.",0,"n.s.",0,"n.s.",-2,"n.s.",0,0,-0.001,"n.s.","n.s.","n.s.","gene_size",1,44258,"Dsn1","chr2",156847768,156847793,26,-0.003,1,1
"MmuEX0015771","Dst",18,"chr1",34352382,34356565,"+",NA,"n.s.",4,"n.s.",-0.1,"n.s.",-25,"lower",3,"n.s.",-30,"lower",-10,"n.s.",-33,"lower",-0.25,-0.1,-0.001,"lower","n.s.","n.s.","gene_size",1,31418,"Dst","chr1",34335823,34335840,18,-0.005,1,0.935359777716
"MmuEX0015826","Dtnb",21,"chr12",3751908,3772586,"+","Neural-high","n.s.",7,"n.s.",-2.1,"n.s.",-3,"n.s.",-13,"n.s.",-68,"lower",-9,"n.s.",-38,"lower",-0.03,-0.09,-0.021,"n.s.","n.s.","n.s.","gene_size",1,12630,"Dtnb","chr12",3804096,3804116,21,0.017,1,0.176892176829
"MmuEX0015840","Dtnbp1",23,"chr13",45026521,45065414,"-",NA,NA,1,"n.s.",-0.7,"n.s.",-1,"n.s.",-4,"n.s.",-2,"n.s.",1,"n.s.",-5,"n.s.",-0.01,0.01,-0.007,"n.s.","n.s.","n.s.","gene_size",2,44037,"Dtnbp1","chr13",45106648,45106670,23,-0.04,0.228302401648725,0.0210462581601
"MmuEX0016119","E2f7",24,"chr10",110202831,110204172,"+",NA,NA,13,"higher",-13.8,"lower",-12,"n.s.",-6,"n.s.",16,"n.s.",-11,"n.s.",NA,"n.s.",-0.12,-0.11,-0.138,"n.s.","n.s.","lower","gene_size",1,28782,"E2f7","chr10",110602000,110602023,24,0.122,0.387929951903233,0.0431373802313
"MmuEX0016244","Edem3",15,"chr1",153658835,153665439,"+","Neural-high","ASD-low",11,"higher",-11.8,"lower",-3,"n.s.",0,"n.s.",6,"n.s.",-11,"n.s.",-11,"n.s.",-0.03,-0.11,-0.118,"n.s.","n.s.","lower","gene_size",1,63968,"Edem3","chr1",151688505,151688519,15,0.115,0.00404923577228385,0.000117346563656
"MmuEX0016263","Eef1b2",10,"chr1",63223866,63225012,"+",NA,NA,NA,NA,0,"n.s.",NA,NA,NA,NA,NA,NA,NA,NA,NA,NA,NA,NA,0,NA,NA,"n.s.","gene_size",1,23994,"Eef1b2","chr1",63217026,63217035,10,0,1,0.928477350552
"MmuEX0016264","Eef1b2",5,"chr1",63223866,63225012,"+",NA,NA,NA,NA,-0.2,"n.s.",NA,NA,NA,NA,NA,NA,NA,NA,NA,NA,NA,NA,-0.002,NA,NA,"n.s.","gene_size",1,23994,"Eef1b2","chr1",63217026,63217035,10,0,1,0.928477350552
"MmuEX0016267","Eef1d",15,"chr15",75734239,75739674,"-",NA,NA,0,"n.s.",-1.5,"n.s.",-3,"n.s.",0,"n.s.",0,"n.s.",0,"n.s.",-1,"n.s.",-0.03,0,-0.015,"n.s.","n.s.","n.s.","gene_size",5,34361,"Eef1d","chr15",75777735,75777749,15,0.095,4.46019730764414e-05,4.66283695988e-07
"MmuEX0016617","Eif4g1",21,"chr16",20674388,20675416,"+","Neural-high",NA,26,"higher",-36.4,"lower",-50,"lower",-15,"lower",-33,"lower",-30,"lower",-42,"lower",-0.5,-0.3,-0.364,"lower","lower","lower","gene_size",2,5583,"Eif4g1","chr16",20493536,20493556,21,0.166,1.83302648422216e-13,2.22044604925e-16
"MmuEX0016639","Eif4g3",21,"chr4",137638904,137652666,"+","Neural-high","inconsistent",NA,NA,-2.3,"n.s.",NA,NA,NA,"n.s.",NA,"n.s.",NA,"n.s.",NA,"n.s.",NA,NA,-0.023,NA,"n.s.","n.s.","gene_size",4,48251,"Eif4g3","chr4",137823220,137823240,21,0.068,0.000111417892986572,1.40052336473e-06
"MmuEX0016651","Eif5a",30,"chr11",69732839,69733842,"-",NA,NA,0,"n.s.",-0.1,"n.s.",0,"n.s.",0,"n.s.",0,"n.s.",0,"n.s.",0,"n.s.",0,0,-0.001,"n.s.","n.s.","n.s.","gene_size",5,66666,"Eif5a","chr11",69810275,69810304,30,0.06,7.69916987159231e-05,9.03662107365e-07
"MmuEX0016816","Eml5",9,"chr12",100056109,100059809,"-",NA,NA,3,"n.s.",-9.3,"n.s.",-44,"lower",0,"n.s.",0,"n.s.",-5,"n.s.",-38,"lower",-0.44,-0.05,-0.093,"lower","n.s.","n.s.","gene_size",1,11432,"Eml5","chr12",98786120,98786128,9,0.024,0.0155183551317432,0.000621159208939
"MmuEX0016849","Enah",12,"chr1",183860894,183886524,"-","Neural-high","ASD-low",0,"n.s.",0,"n.s.",0,"n.s.",0,"n.s.",0,"n.s.",0,"n.s.",0,"n.s.",0,0,0,"n.s.","n.s.","n.s.","gene_size",2,25502,"Enah","chr1",181758739,181758750,12,-0.019,1,1
"MmuEX0017219","Erc1",12,"chr6",119672327,119693305,"-","Neural-high","n.s.",20,"higher",-20.9,"lower",-29,"lower",-17,"lower",-1,"n.s.",-29,"lower",-15,"lower",-0.29,-0.29,-0.209,"lower","lower","lower","gene_size",1,15780,"Erc1","chr6",119711042,119711053,12,0.163,2.75166287953894e-05,2.63277728507e-07
"MmuEX0017234","Erc2",12,"chr14",28853723,28893317,"+",NA,"n.s.",28,"higher",NA,"n.s.",NA,NA,NA,NA,NA,NA,2,"n.s.",5,"n.s.",NA,0.02,NA,NA,"n.s.","n.s.","gene_size",1,8970,"Erc2","chr14",27768432,27768443,12,0.084,0.000722167580853768,1.36291523923e-05
"MmuEX0017296","Ergic3",15,"chr2",155837143,155841724,"+","Neural-high","ASD-low",25,"higher",-36.6,"lower",-38,"lower",-18,"lower",0,"n.s.",-24,"lower",-33,"lower",-0.38,-0.24,-0.366,"lower","lower","lower","gene_size",1,48959,"Ergic3","chr2",155857297,155857311,15,0.169,0,0
"MmuEX0017513","Ewsr1",15,"chr11",4988150,4991861,"-",NA,NA,0,"n.s.",-0.9,"n.s.",-1,"n.s.",0,"n.s.",-1,"n.s.",0,"n.s.",0,"n.s.",-0.01,0,-0.009,"n.s.","n.s.","n.s.","gene_size",1,65201,"Ewsr1","chr11",5041460,5041477,18,0.222,0,0
"MmuEX0017543","Exoc1",21,"chr5",76966883,76971075,"+","Neural-high","ASD-low",55,"higher",-8.1,"n.s.",-8,"n.s.",-11,"lower",3,"n.s.",-2,"n.s.",0,"n.s.",-0.08,-0.02,-0.081,"n.s.","n.s.","n.s.","gene_size",1,44221,"Exoc1","chr5",76688594,76688614,21,0.252,1.58910376195037e-06,9.61399593269e-09
"MmuEX0018055","Fam168a",27,"chr7",107961515,107972645,"+","Neural-high","n.s.",14,"higher",-4.1,"n.s.",-3,"n.s.",-1,"n.s.",9,"n.s.",-4,"n.s.",-8,"n.s.",-0.03,-0.04,-0.041,"n.s.","n.s.","n.s.","gene_size",2,54368,"Fam168a","chr7",100467943,100467969,27,-0.191,1.19363993167714e-06,7.02005542585e-09
"MmuEX0018305","Fam3c",30,"chr6",22278679,22289272,"-",NA,NA,-1,"n.s.",-0.2,"n.s.",-1,"n.s.",-6,"n.s.",1,"n.s.",0,"n.s.",-2,"n.s.",-0.01,0,-0.002,"n.s.","n.s.","n.s.","gene_size",3,22494,"Fam3c","chr6",22329578,22329607,30,-0.006,1,0.650714997068
"MmuEX0018656","Fastk",21,"chr5",23950124,23950834,"-",NA,NA,NA,"n.s.",NA,"n.s.",2,"n.s.",2,"n.s.",3,"n.s.",0,"n.s.",2,"n.s.",0.02,0,NA,"n.s.","n.s.","n.s.","gene_size",2,33468,"Fastk","chr5",24649373,24649393,21,0.054,1,1
"MmuEX0018702","Fbf1",28,"chr11",116024674,116027145,"-",NA,NA,1,"n.s.",-0.8,"n.s.",0,"n.s.",-1,"n.s.",-3,"n.s.",-1,"n.s.",0,"n.s.",0,-0.01,-0.008,"n.s.","n.s.","n.s.","gene_size",2,13080,"Fbf1","chr11",116055489,116055516,28,0.013,1,1
"MmuEX0018746","Fbrs",30,"chr7",134624417,134626296,"+",NA,NA,0,"n.s.",0.6,"n.s.",2,"n.s.",-9,"n.s.",-5,"n.s.",2,"n.s.",1,"n.s.",0.02,0.02,0.006,"n.s.","n.s.","n.s.","gene_size",1,55573,"Fbrs","chr7",127080161,127080190,30,0.007,1,1
"MmuEX0018753","Fbrs",30,"chr7",134629511,134630778,"+",NA,NA,1,"n.s.",-0.4,"n.s.",1,"n.s.",-2,"n.s.",-2,"n.s.",0,"n.s.",-8,"n.s.",0.01,0,-0.004,"n.s.","n.s.","n.s.","gene_size",1,55573,"Fbrs","chr7",127080161,127080190,30,0.007,1,1
"MmuEX0018852","Fbxo25",27,"chr8",13935290,13939562,"+","Neural-high","ASD-low",29,"higher",-29.6,"lower",-26,"lower",-22,"lower",10,"n.s.",-20,"lower",-7,"n.s.",-0.26,-0.2,-0.296,"lower","lower","lower","gene_size",1,24818,"Fbxo25","chr8",13988922,13988948,27,0.049,0.00964842523854849,0.000340466893655
"MmuEX0019231","Fhod1",24,"chr8",107858703,107860281,"-",NA,NA,56,"higher",NA,"n.s.",NA,NA,NA,NA,NA,NA,-4,"n.s.",NA,NA,NA,-0.04,NA,NA,"n.s.","n.s.","gene_size",1,36366,"Fhod1","chr8",106062869,106062892,24,-0.041,1,0.378887636257
"MmuEX0019261","Fip1l1",27,"chr5",74968611,74983027,"+","Neural-high","n.s.",3,"n.s.",-10.4,"lower",-5,"n.s.",-4,"n.s.",7,"n.s.",-7,"n.s.",-11,"lower",-0.05,-0.07,-0.104,"n.s.","n.s.","lower","gene_size",1,36572,"Fip1l1","chr5",74745707,74745733,27,0,1,0.944152423408
"MmuEX0019330","Flna",24,"chrX",71476093,71478487,"-","Neural-high","n.s.",0,"n.s.",-3.6,"n.s.",-7,"n.s.",-1,"n.s.",-30,"lower",-7,"n.s.",-14,"lower",-0.07,-0.07,-0.036,"n.s.","n.s.","n.s.","gene_size",1,47613,"Flna","chrX",73276573,73276596,24,0.009,0.74830590865907,0.108920213632
"MmuEX0019388","Fmnl1",18,"chr11",103044082,103046934,"+","Neural-high",NA,4,"n.s.",-5.4,"n.s.",0,"n.s.",4,"n.s.",NA,NA,-8,"n.s.",NA,NA,0,-0.08,-0.054,"n.s.","n.s.","n.s.","gene_size",1,50351,"Fmnl1","chr11",103073842,103073859,18,0.026,0.0370783144056951,0.0018877321637
"MmuEX0019436","Fnbp1",15,"chr2",30896035,30903724,"-","Neural-high","inconsistent",58,"higher",-10.4,"n.s.",-6,"n.s.",-17,"lower",-14,"lower",4,"n.s.",-16,"lower",-0.06,0.04,-0.104,"n.s.","n.s.","n.s.","gene_size",2,59004,"Fnbp1","chr2",30934894,30934908,15,-0.095,1,0.167731884687
"MmuEX0019666","Fry",9,"chr5",151260491,151268818,"+","Neural-high",NA,0,"n.s.",-11.3,"lower",-39,"lower",-1,"n.s.",0,"n.s.",-2,"n.s.",-2,"n.s.",-0.39,-0.02,-0.113,"lower","n.s.","lower","gene_size",1,15225,"Fry","chr5",150384854,150384862,9,0.015,1,1
"MmuEX0019668","Fry",18,"chr5",151284152,151293652,"+","Neural-high",NA,NA,NA,-15.5,"lower",NA,NA,NA,"n.s.",NA,NA,-13,"n.s.",-7,"n.s.",NA,-0.13,-0.155,NA,"n.s.","lower","gene_size",1,15226,"Fry","chr5",150412426,150412443,18,0.158,0.0965350503283707,0.00667056333443
"MmuEX0019677","Fryl",18,"chr5",73415238,73418554,"-","Neural-high","inconsistent",NA,"n.s.",-35.8,"lower",-57,"lower",-17,"n.s.",NA,"n.s.",NA,"n.s.",NA,NA,-0.57,NA,-0.358,"lower","n.s.","lower","gene_size",1,17060,"Fryl","chr5",73182114,73182131,18,0.016,0.723758296601502,0.103708067219
"MmuEX0019694","Fsd1",23,"chr17",56128199,56129841,"+",NA,NA,-1,"n.s.",-0.6,"n.s.",0,"n.s.",-2,"n.s.",0,"n.s.",0,"n.s.",0,"n.s.",0,0,-0.006,"n.s.","n.s.","n.s.","gene_size",1,3374,"Fsd1","chr17",56297212,56297234,23,-0.001,1,1
"MmuEX0019868","Gabbr1",21,"chr17",37185552,37187943,"+","Neural-high",NA,NA,NA,NA,"n.s.",-39,"lower",-1,"n.s.",NA,"n.s.",NA,"n.s.",NA,NA,-0.39,NA,NA,"lower","n.s.","n.s.","gene_size",1,57830,"Gabbr1","chr17",37360669,37360689,21,0.054,0,0
"MmuEX0020191","Gcdh",27,"chr8",87417064,87417453,"-",NA,"inconsistent",4,"n.s.",1.9,"n.s.",1,"n.s.",0,"n.s.",-3,"n.s.",3,"n.s.",NA,"n.s.",0.01,0.03,0.019,"n.s.","n.s.","n.s.","gene_size",1,58472,"Gcdh","chr8",85620077,85620103,27,-0.004,1,0.653675702069
"MmuEX0020267","Gdpd5",15,"chr7",106605045,106607283,"+","Neural-high",NA,NA,NA,-0.7,"n.s.",-4,"n.s.",-4,"n.s.",-4,"n.s.",-1,"n.s.",6,"n.s.",-0.04,-0.01,-0.007,"n.s.","n.s.","n.s.","gene_size",1,54892,"Gdpd5","chr7",99106204,99106218,15,0.073,0.00280856726112059,7.24612782944e-05
"MmuEX0020318","Gfra1",15,"chr19",58375069,58526458,"-",NA,NA,1,"n.s.",NA,"n.s.",-3,"n.s.",1,"n.s.",1,"n.s.",NA,NA,NA,NA,-0.03,NA,NA,"n.s.",NA,"n.s.","gene_size",1,56735,"Gfra1","chr19",58381005,58381019,15,0.002,1,1
"MmuEX0020446","Git1",27,"chr11",77314617,77316519,"+","Neural-high","n.s.",1,"n.s.",-26,"lower",-53,"lower",-1,"n.s.",-7,"n.s.",-9,"n.s.",-27,"lower",-0.53,-0.09,-0.26,"lower","n.s.","lower","gene_size",2,54959,"Git1","chr11",77393655,77393681,27,0.008,0.586427567138657,0.076380437854
"MmuEX0020453","Git2",6,"chr5",115202340,115203287,"-","Neural-high","ASD-low",2,"n.s.",-52.5,"lower",-74,"lower",-45,"lower",-9,"n.s.",-26,"lower",-59,"lower",-0.74,-0.26,-0.525,"lower","lower","lower","gene_size",2,24352,"Git2","chr5",114891209,114891214,6,0.02,1,0.193285032239
"MmuEX0021319","Gnas",24,"chr2",174153443,174159712,"+","Neural-high",NA,16,"higher",-8.3,"n.s.",-25,"lower",-17,"lower",5,"n.s.",-11,"n.s.",-1,"n.s.",-0.25,-0.11,-0.083,"lower","n.s.","n.s.","gene_size",3,30771,"Gnas","chr2",174169901,174169924,24,0.15,8.39408628074766e-11,1.72417635724e-13
"MmuEX0021475","Gon4l",24,"chr3",88673766,88683992,"+",NA,NA,4,"n.s.",4.8,"n.s.",4,"n.s.",-5,"n.s.",-5,"n.s.",-2,"n.s.",-9,"n.s.",0.04,-0.02,0.048,"n.s.","n.s.","n.s.","gene_size",1,25582,"Gon4l","chr3",88783214,88783237,24,0.067,1,0.180328970999
"MmuEX0021486","Gopc",24,"chr10",52074554,52078578,"-","Neural-high","ASD-low",2,"n.s.",-31.4,"lower",-58,"lower",-9,"n.s.",-1,"n.s.",-22,"lower",-28,"lower",-0.58,-0.22,-0.314,"lower","lower","lower","gene_size",1,60576,"Gopc","chr10",52233438,52233461,24,0.017,0.543121371606609,0.0686908620633
"MmuEX0021546","Gpatch8",18,"chr11",102389481,102399595,"-",NA,"n.s.",10,"n.s.",0.6,"n.s.",0,"n.s.",-5,"n.s.",-17,"lower",-4,"n.s.",-28,"lower",0,-0.04,0.006,"n.s.","n.s.","n.s.","gene_size",3,33214,"Gpatch8","chr11",102422139,102422156,18,0.035,1,0.632586481043
"MmuEX0021564","Gpc6",30,"chr14",118287888,118350359,"+","Neural-high",NA,20,"higher",-33.8,"lower",-7,"n.s.",-5,"n.s.",18,"higher",-10,"n.s.",-23,"lower",-0.07,-0.1,-0.338,"n.s.","n.s.","lower","gene_size",1,11236,"Gpc6","chr14",118129754,118129783,30,0.059,1,0.174037051576
"MmuEX0021779","Gramd1a",12,"chr7",31917885,31919009,"-","Neural-high",NA,0,"n.s.",-11.1,"lower",-14,"lower",9,"n.s.",-6,"n.s.",-9,"n.s.",-13,"lower",-0.14,-0.09,-0.111,"lower","n.s.","lower","gene_size",1,37518,"Gramd1a","chr7",30832645,30832656,12,0.183,0,0
"MmuEX0021786","Gramd1b",12,"chr9",40107682,40111082,"-","Neural-high","n.s.",43,"higher",-1.5,"n.s.",-8,"n.s.",-8,"n.s.",-6,"n.s.",-3,"n.s.",-4,"n.s.",-0.08,-0.03,-0.015,"n.s.","n.s.","n.s.","gene_size",1,40079,"Gramd1b","chr9",40211736,40211747,12,0.133,6.265064870653e-05,7.05027401571e-07
"MmuEX0022122","Gtf2ird1",26,"chr5",134866801,134871486,"-",NA,NA,-1,"n.s.",0.1,"n.s.",NA,"n.s.",NA,"n.s.",NA,"n.s.",0,"n.s.",1,"n.s.",NA,0,0.001,"n.s.","n.s.","n.s.","gene_size",1,28376,"Gtf2ird1","chr5",134421249,134421274,26,0.003,1,0.778281724147
"MmuEX0022165","Gtpbp2",27,"chr17",46298276,46301142,"+",NA,NA,0,"n.s.",0.2,"n.s.",-1,"n.s.",-2,"n.s.",-2,"n.s.",0,"n.s.",-1,"n.s.",-0.01,0,0.002,"n.s.","n.s.","n.s.","gene_size",3,3550,"Gtpbp2","chr17",46474409,46474435,27,0.002,1,1
"MmuEX0022550","Hdhd2",15,"chr18",77183267,77189851,"+",NA,NA,NA,NA,NA,NA,0,"n.s.",-1,"n.s.",-2,"n.s.",NA,NA,NA,NA,0,NA,NA,"n.s.",NA,NA,"gene_size",1,34379,"Hdhd2","chr18",77033039,77033053,15,0.005,1,1
"MmuEX0022603","Heatr5a",27,"chr12",53011081,53015960,"-",NA,"inconsistent",NA,NA,-9.1,"n.s.",-12,"n.s.",NA,"n.s.",NA,NA,-7,"n.s.",NA,NA,-0.12,-0.07,-0.091,"n.s.","n.s.","n.s.","gene_size",1,50325,"Heatr5a","chr12",51958988,51959014,27,0.11,0.831578032612845,0.126434183599
"MmuEX0022805","Herc4",24,"chr10",62761988,62769095,"+","Neural-high","ASD-low",-4,"n.s.",-41.5,"lower",-56,"lower",-4,"n.s.",-6,"n.s.",-10,"n.s.",-16,"lower",-0.56,-0.1,-0.415,"lower","n.s.","lower","gene_size",1,63726,"Herc4","chr10",63139624,63139647,24,0.033,0.297464051734033,0.0301778764975
"MmuEX0022940","Hira",25,"chr16",18894930,18896546,"+",NA,NA,-8,"n.s.",-0.7,"n.s.",1,"n.s.",15,"higher",14,"higher",-1,"n.s.",-5,"n.s.",0.01,-0.01,-0.007,"n.s.","n.s.","n.s.","gene_size",1,5688,"Hira","chr16",18714653,18714677,25,-0.027,1,0.250166365787
"MmuEX0023122","Hnrnpm",15,"chr17",33795411,33797157,"-",NA,"n.s.",-6,"n.s.",-1.9,"n.s.",0,"n.s.",0,"n.s.",-3,"n.s.",0,"n.s.",-13,"n.s.",0,0,-0.019,"n.s.","n.s.","n.s.","gene_size",1,3822,"Hnrnpm","chr17",33877874,33877888,15,-0.003,1,1
"MmuEX0023299","Hsd17b4",22,"chr18",50300054,50302246,"+",NA,NA,0,"n.s.",0.1,"n.s.",-1,"n.s.",-1,"n.s.",0,"n.s.",0,"n.s.",0,"n.s.",-0.01,0,0.001,"n.s.","n.s.","n.s.","gene_size",1,55340,"Hsd17b4","chr18",50275537,50275558,22,-0.002,1,1
"MmuEX0023592","Idh3g",12,"chrX",71027443,71028013,"-","Neural-high",NA,3,"n.s.",-4.5,"n.s.",-6,"n.s.",-19,"lower",-8,"n.s.",-7,"n.s.",-15,"lower",-0.06,-0.07,-0.045,"n.s.","n.s.","n.s.","gene_size",2,66797,"Idh3g","chrX",72825904,72825915,12,-0.016,0.296384012657799,0.0300333301919
"MmuEX0023608","Iffo1",9,"chr6",125101544,125102631,"+",NA,"n.s.",-8,"n.s.",12.8,"n.s.",22,"higher",13,"n.s.",24,"higher",-10,"n.s.",10,"n.s.",0.22,-0.1,0.128,"higher","n.s.","n.s.","gene_size",2,51474,"Iffo1","chr6",125128758,125128766,9,-0.022,1,0.340359344513
"MmuEX0024084","Immt",15,"chr6",71813265,71818573,"+",NA,NA,0,"n.s.",-2.1,"n.s.",-5,"n.s.",-2,"n.s.",2,"n.s.",0,"n.s.",-1,"n.s.",-0.05,0,-0.021,"n.s.","n.s.","n.s.","gene_size",1,48221,"Immt","chr6",71843710,71843724,15,0,1,1
"MmuEX0024098","Impdh1",17,"chr6",29151220,29152446,"-","Neural-high","inconsistent",3,"n.s.",-1.3,"n.s.",NA,"n.s.",NA,"n.s.",NA,"n.s.",NA,"n.s.",NA,NA,NA,NA,-0.013,"n.s.","n.s.","n.s.","gene_size",1,34635,"Impdh1","chr6",29201887,29201903,17,0.086,2.10734500767394e-08,7.64789342966e-11
"MmuEX0024133","Incenp",12,"chr19",9952919,9958188,"-",NA,"ASD-high",21,"higher",4.7,"n.s.",0,"n.s.",-15,"lower",16,"higher",-9,"n.s.",-27,"lower",0,-0.09,0.047,"n.s.","n.s.","n.s.","gene_size",1,1640,"Incenp","chr19",9860556,9860567,12,0.048,0.705206761656359,0.0999107910073
"MmuEX0024182","Inpp4a",15,"chr1",37429265,37434422,"+","Neural-high","n.s.",1,"n.s.",-1.8,"n.s.",7,"n.s.",-1,"n.s.",-2,"n.s.",-1,"n.s.",4,"n.s.",0.07,-0.01,-0.018,"n.s.","n.s.","n.s.","gene_size",2,40418,"Inpp4a","chr1",37413356,37413370,15,0.181,0.000806405267909375,1.55728620407e-05
"MmuEX0024216","Inpp5e",23,"chr2",26256013,26257120,"-",NA,NA,-3,"n.s.",1,"n.s.",3,"n.s.",1,"n.s.",1,"n.s.",0,"n.s.",-3,"n.s.",0.03,0,0.01,"n.s.","n.s.","n.s.","gene_size",1,17267,"Inpp5e","chr2",26290898,26290920,23,-0.122,1,0.531106302757
"MmuEX0024354","Ipo11",27,"chr13",107647389,107650940,"-","Neural-high",NA,13,"higher",-4.6,"n.s.",0,"n.s.",NA,"n.s.",-4,"n.s.",-6,"n.s.",-9,"n.s.",0,-0.06,-0.046,"n.s.","n.s.","n.s.","gene_size",1,9401,"Ipo11","chr13",106994007,106994033,27,0.017,1,0.512963600007
"MmuEX0024756","Itsn1",15,"chr16",91841856,91848966,"+","Neural-high","n.s.",1,"n.s.",-0.2,"n.s.",0,"n.s.",0,"n.s.",0,"n.s.",-1,"n.s.",-1,"n.s.",0,-0.01,-0.002,"n.s.","n.s.","n.s.","gene_size",1,4822,"Itsn1","chr16",91639516,91639530,15,0.08,0,0
"MmuEX0025087","Kcnma1",12,"chr14",24261305,24270820,"-",NA,"n.s.",NA,"n.s.",-0.7,"n.s.",NA,"n.s.",NA,NA,0,"n.s.",0,"n.s.",NA,NA,NA,0,-0.007,"n.s.","n.s.","n.s.","gene_size",1,37504,"Kcnma1","chr14",23499268,23499279,12,-0.026,1,1
"MmuEX0025132","Kcnq2",30,"chr2",180835324,180839591,"-",NA,"n.s.",30,"higher",-0.4,"n.s.",NA,"n.s.",NA,"n.s.",NA,"n.s.",NA,"n.s.",NA,"n.s.",NA,NA,-0.004,"n.s.","n.s.","n.s.","gene_size",1,39618,"Kcnq2","chr2",180745435,180745464,30,0.153,1.25008143371497e-12,1.88737914186e-15
"MmuEX0025239","Kctd9",14,"chr14",68346804,68347407,"+",NA,NA,3,"n.s.",0,"n.s.",1,"n.s.",0,"n.s.",0,"n.s.",-1,"n.s.",1,"n.s.",0.01,-0.01,0,"n.s.","n.s.","n.s.","gene_size",1,8099,"Kctd9","chr14",67966673,67966686,14,-0.03,0.0148988748519627,0.000590870214543
"MmuEX0025260","Kdm1a",12,"chr4",136117076,136124487,"-","Neural-high","n.s.",4,"n.s.",-3.1,"n.s.",-1,"n.s.",0,"n.s.",2,"n.s.",-1,"n.s.",-1,"n.s.",-0.01,-0.01,-0.031,"n.s.","n.s.","n.s.","gene_size",1,19036,"Kdm1a","chr4",136290749,136290760,12,0.028,8.69541938454669e-13,1.22124532709e-15
"MmuEX0025411","Kif13a",13,"chr13",46943756,47024584,"-",NA,NA,-8,"n.s.",-0.4,"n.s.",6,"n.s.",-2,"n.s.",2,"n.s.",1,"n.s.",-6,"n.s.",0.06,0.01,-0.004,"n.s.","n.s.","n.s.","gene_size",1,16986,"Kif13a","chr13",47018295,47018307,13,0.115,0.0476513745860557,0.00261683290157
"MmuEX0025502","Kif1b",18,"chr4",148637800,148640360,"-","Neural-high","ASD-low",0,"n.s.",-36.4,"lower",-69,"lower",-4,"n.s.",-1,"n.s.",-7,"n.s.",-9,"n.s.",-0.69,-0.07,-0.364,"lower","n.s.","lower","gene_size",1,44151,"Kif1b","chr4",149349802,149349819,18,0.002,1,1
"MmuEX0025563","Kif26a",21,"chr12",113417560,113418005,"+",NA,NA,-2,"n.s.",-1.5,"n.s.",-3,"n.s.",0,"n.s.",0,"n.s.",0,"n.s.",-3,"n.s.",-0.03,0,-0.015,"n.s.","n.s.","n.s.","gene_size",1,41075,"Kif26a","chr12",112145914,112145934,21,-0.001,1,1
"MmuEX0025589","Kif3a",9,"chr11",53402263,53406875,"+",NA,"inconsistent",4,"n.s.",-11.4,"lower",-31,"lower",3,"n.s.",8,"n.s.",-6,"n.s.",3,"n.s.",-0.31,-0.06,-0.114,"lower","n.s.","lower","gene_size",3,66031,"Kif3a","chr11",53481544,53481552,9,0.039,0.00454678681861106,0.000135379477965
"MmuEX0025635","Kifc3",27,"chr8",97624353,97625308,"-",NA,"n.s.",-1,"n.s.",0,"n.s.",1,"n.s.",4,"n.s.",-8,"n.s.",0,"n.s.",-15,"n.s.",0.01,0,0,"n.s.","n.s.","n.s.","gene_size",1,58755,"Kifc3","chr8",95827275,95827301,27,-0.004,1,1
"MmuEX0025877","Kpna3",30,"chr14",62010289,62010592,"-",NA,NA,0,"n.s.",0.3,"n.s.",0,"n.s.",0,"n.s.",0,"n.s.",0,"n.s.",0,"n.s.",0,0,0.003,"n.s.","n.s.","n.s.","gene_size",2,8231,"Kpna3","chr14",61628997,61629026,30,-0.006,1,1
"MmuEX0025977","L1cam",15,"chrX",71111500,71115067,"-","Neural-high","n.s.",18,"higher",-20.7,"lower",-59,"lower",-12,"lower",-1,"n.s.",-14,"lower",-33,"lower",-0.59,-0.14,-0.207,"lower","lower","lower","gene_size_contained",2,51726,"L1cam","chrX",72910628,72910642,15,0.046,1.21272566587914e-08,3.98131527746e-11
"MmuEX0025978","L1cam",12,"chrX",71100606,71101097,"-","Neural-high","n.s.",17,"higher",-28.4,"lower",-42,"lower",-10,"lower",2,"n.s.",-18,"lower",-33,"lower",-0.42,-0.18,-0.284,"lower","lower","lower","gene_size_contained",2,51716,"L1cam","chrX",72899258,72899269,12,-0.002,1,0.864307829557
"MmuEX0026196","Layn",24,"chr9",50882251,50884990,"-",NA,NA,NA,NA,NA,"n.s.",-27,"lower",-6,"n.s.",-15,"n.s.",NA,"n.s.",NA,NA,-0.27,NA,NA,"lower","n.s.","n.s.","gene_size",2,60871,"Layn","chr9",50987622,50987645,24,-0.259,0.972385293547558,0.158573181506
"MmuEX0026346","Lgals8",27,"chr13",12540775,12544988,"-",NA,NA,0,"n.s.",6.5,"n.s.",-1,"n.s.",-4,"n.s.",-2,"n.s.",0,"n.s.",4,"n.s.",-0.01,0,0.065,"n.s.","n.s.","n.s.","gene_size",1,14737,"Lgals8","chr13",12466282,12466308,27,-0.007,1,0.661924782088
"MmuEX0026604","Lmf1",11,"chr17",25722798,25733246,"+",NA,NA,1,"n.s.",0.1,"n.s.",0,"n.s.",-1,"n.s.",-1,"n.s.",0,"n.s.",0,"n.s.",0,0,0.001,"n.s.","n.s.","n.s.","gene_size",2,11343,"Lmf1","chr17",25807650,25807660,11,0.128,0.261992790036644,0.0254115334375
"MmuEX0026609","Lmf2",29,"chr15",89184729,89184994,"-",NA,NA,0,"n.s.",2,"n.s.",3,"n.s.",2,"n.s.",-7,"n.s.",0,"n.s.",-23,"lower",0.03,0,0.02,"n.s.","n.s.","n.s.","gene_size",1,6558,"Lmf2","chr15",89238630,89238658,29,-0.007,1,1
"MmuEX0027173","Lrsam1",30,"chr2",32801494,32803310,"-",NA,NA,0,"n.s.",0.3,"n.s.",0,"n.s.",0,"n.s.",0,"n.s.",1,"n.s.",0,"n.s.",0,0.01,0.003,"n.s.","n.s.","n.s.","gene_size",1,40587,"Lrsam1","chr2",32836104,32836133,30,-0.005,1,1
"MmuEX0027467","Macf1",12,"chr4",123045281,123047047,"-","Neural-high","n.s.",0,"n.s.",-0.3,"n.s.",-3,"n.s.",-3,"n.s.",-3,"n.s.",0,"n.s.",0,"n.s.",-0.03,0,-0.003,"n.s.","n.s.","n.s.","gene_size_contained",3,44389,"Macf1","chr4",123262614,123262625,12,0.065,1.51694543002874e-09,4.20774526333e-12
"MmuEX0027468","Macf1",6,"chr4",123177269,123179406,"-","Neural-high","n.s.",-1,"n.s.",-2.6,"n.s.",-2,"n.s.",0,"n.s.",-2,"n.s.",-2,"n.s.",-2,"n.s.",-0.02,-0.02,-0.026,"n.s.","n.s.","n.s.","gene_size",1,44392,"Macf1","chr4",123280342,123280350,9,-0.019,1,0.612318839128
"MmuEX0027469","Macf1",9,"chr4",123062115,123064470,"-","Neural-low","ASD-high",-2,"n.s.",-1.4,"n.s.",0,"n.s.",-4,"n.s.",-1,"n.s.",-1,"n.s.",0,"n.s.",0,-0.01,-0.014,"n.s.","n.s.","n.s.","gene_size_contained",2,44392,"Macf1","chr4",123280342,123280350,9,-0.019,1,0.612318839128
"MmuEX0027471","Macf1",18,"chr4",123038271,123042515,"-",NA,"n.s.",-4,"n.s.",-10.7,"lower",NA,NA,NA,"n.s.",NA,NA,-8,"n.s.",-23,"lower",NA,-0.08,-0.107,NA,"n.s.","lower","gene_size_contained",2,44388,"Macf1","chr4",123257850,123257867,18,0.022,0.0258276140742082,0.00118706998905
"MmuEX0027511","Madd",9,"chr2",91010905,91013269,"-","Neural-high",NA,1,"n.s.",0,"n.s.",0,"n.s.",0,"n.s.",0,"n.s.",0,"n.s.",0,"n.s.",0,0,0,"n.s.","n.s.","n.s.","gene_size",1,41051,"Madd","chr2",90971154,90971162,9,0.143,0.000297928868703475,4.55044882941e-06
"MmuEX0027690","Map2k5",30,"chr9",63065173,63104783,"-",NA,NA,NA,"n.s.",-5.5,"n.s.",-4,"n.s.",NA,"n.s.",0,"n.s.",0,"n.s.",NA,"n.s.",-0.04,0,-0.055,"n.s.","n.s.","n.s.","gene_size",2,46410,"Map2k5","chr9",63124275,63124307,33,-0.033,0.58969023230164,0.0770745559152
"MmuEX0027691","Map2k5",27,"chr9",63064833,63083095,"-",NA,NA,NA,"n.s.",-3.6,"n.s.",NA,"n.s.",NA,"n.s.",NA,"n.s.",0,"n.s.",NA,"n.s.",NA,0,-0.036,"n.s.","n.s.","n.s.","gene_size",1,46411,"Map2k5","chr9",63124621,63124647,27,-0.008,1,1
"MmuEX0027736","Map3k5",24,"chr10",19720512,19743413,"+","Neural-low",NA,-1,"n.s.",0.3,"n.s.",2,"n.s.",4,"n.s.",NA,"n.s.",0,"n.s.",0,"n.s.",0.02,0,0.003,"n.s.","n.s.","n.s.","gene_size",1,61089,"Map3k5","chr10",19895304,19895327,24,-0.011,1,0.87187833327
"MmuEX0027744","Map3k6",24,"chr4",132798873,132799225,"+",NA,NA,0,"n.s.",NA,"n.s.",NA,"n.s.",NA,"n.s.",NA,"n.s.",0,"n.s.",-1,"n.s.",NA,0,NA,"n.s.","n.s.","n.s.","gene_size",1,32754,"Map3k6","chr4",132970364,132970387,24,-0.008,1,1
"MmuEX0027767","Map4k1",24,"chr7",29779307,29781107,"+",NA,NA,-4,"n.s.",1.3,"n.s.",-1,"n.s.",1,"n.s.",-2,"n.s.",4,"n.s.",-6,"n.s.",-0.01,0.04,0.013,"n.s.","n.s.","n.s.","gene_size",1,60171,"Map4k1","chr7",28694890,28694913,24,-0.011,0.476789187192678,0.0574966192101
"MmuEX0027794","Map4k4",9,"chr1",40064376,40066532,"+",NA,NA,NA,NA,0,"n.s.",-1,"n.s.",-1,"n.s.",0,"n.s.",NA,"n.s.",NA,"n.s.",-0.01,NA,0,"n.s.","n.s.","n.s.","gene_size",1,31702,"Map4k4","chr1",40047491,40047499,9,0,1,1
"MmuEX0027855","Mapk8ip3",12,"chr17",25045374,25049692,"-",NA,NA,0,"n.s.",-0.6,"n.s.",-1,"n.s.",0,"n.s.",0,"n.s.",0,"n.s.",0,"n.s.",-0.01,0,-0.006,"n.s.","n.s.","n.s.","gene_size",1,4305,"Mapk8ip3","chr17",25128124,25128135,12,-0.001,1,1
"MmuEX0027856","Mapk8ip3",24,"chr17",25055085,25060760,"-",NA,NA,-10,"n.s.",-8.5,"n.s.",-18,"lower",-1,"n.s.",4,"n.s.",2,"n.s.",-1,"n.s.",-0.18,0.02,-0.085,"lower","n.s.","n.s.","gene_size",3,4310,"Mapk8ip3","chr17",25139446,25139469,24,-0.023,0.3776722198361,0.0415524973528
"MmuEX0027951","Mark2",27,"chr19",7352577,7355487,"-",NA,"n.s.",3,"n.s.",6.2,"n.s.",3,"n.s.",NA,"n.s.",-5,"n.s.",0,"n.s.",-4,"n.s.",0.03,0,0.062,"n.s.","n.s.","n.s.","gene_size",3,1721,"Mark2","chr19",7257351,7257377,27,0.181,0.667271186935898,0.0921765070954
"MmuEX0027962","Mark3",27,"chr12",112885940,112891600,"+",NA,"n.s.",-4,"n.s.",2.9,"n.s.",4,"n.s.",15,"higher",-19,"lower",0,"n.s.",-8,"n.s.",0.04,0,0.029,"n.s.","n.s.","n.s.","gene_size",2,61754,"Mark3","chr12",111618392,111618418,27,0.037,1,0.273811471867
"MmuEX0028003","Mast2",21,"chr4",116003075,116010026,"-","Neural-high",NA,18,"higher",-38.1,"lower",-33,"lower",-2,"n.s.",-32,"lower",-26,"lower",-37,"lower",-0.33,-0.26,-0.381,"lower","lower","lower","gene_size",1,20170,"Mast2","chr4",116190610,116190630,21,0.248,0,0
"MmuEX0028009","Mast3",21,"chr8",73313184,73313746,"-",NA,NA,-7,"n.s.",NA,"n.s.",-4,"n.s.",8,"n.s.",-4,"n.s.",NA,"n.s.",-2,"n.s.",-0.04,NA,NA,"n.s.","n.s.","n.s.","gene_size",1,21261,"Mast3","chr8",71242327,71242347,21,0.058,0.175942054434473,0.0148269847353
"MmuEX0028014","Mast4",9,"chr13",103594801,103600580,"-","Neural-high","ASD-low",0,"n.s.",NA,NA,-1,"n.s.",-3,"n.s.",-1,"n.s.",NA,NA,NA,NA,-0.01,NA,NA,"n.s.",NA,NA,"gene_size",1,59649,"Mast4","chr13",102942659,102942667,9,0.041,1,0.234944978014
"MmuEX0028056","Max",27,"chr12",78054264,78062976,"-",NA,"n.s.",4,"n.s.",-3.8,"n.s.",0,"n.s.",-16,"lower",-1,"n.s.",7,"n.s.",19,"higher",0,0.07,-0.038,"n.s.","n.s.","n.s.","gene_size",3,21429,"Max","chr12",77008037,77008063,27,0.148,3.18154548488872e-06,2.15040995011e-08
"MmuEX0028322","Mdm1",30,"chr10",117589331,117594250,"+",NA,"n.s.",13,"higher",-3.4,"n.s.",1,"n.s.",-22,"lower",-11,"lower",5,"n.s.",-44,"lower",0.01,0.05,-0.034,"n.s.","n.s.","n.s.","gene_size",1,52894,"Mdm1","chr10",117992739,117992768,30,-0.036,0.0109212511159536,0.00040187044362
"MmuEX0028432","Meaf6",30,"chr4",124780276,124785566,"+","Neural-high","ASD-low",20,"higher",-40.9,"lower",NA,NA,NA,NA,NA,"n.s.",NA,NA,NA,NA,NA,NA,-0.409,NA,NA,"lower","gene_size",3,35582,"Meaf6","chr4",125001310,125001339,30,0.074,4.03563447837828e-08,1.58701940478e-10
"MmuEX0028501","Med15",30,"chr16",17680855,17685545,"-",NA,NA,-4,"n.s.",4.8,"n.s.",6,"n.s.",-7,"n.s.",1,"n.s.",-1,"n.s.",-3,"n.s.",0.06,-0.01,0.048,"n.s.","n.s.","n.s.","gene_size",5,22688,"Med15","chr16",17501023,17501052,30,-0.569,1,1
"MmuEX0028529","Med23",18,"chr10",24602456,24608205,"+","Neural-high",NA,24,"higher",-16.1,"lower",0,"n.s.",-30,"lower",-6,"n.s.",-6,"n.s.",-28,"lower",0,-0.06,-0.161,"n.s.","n.s.","lower","gene_size",2,47540,"Med23","chr10",24759102,24759119,18,0.045,0.902866036812865,0.142227997802
"MmuEX0028558","Mef2a",20,"chr7",74461869,74494734,"-",NA,NA,NA,"n.s.",NA,"n.s.",-2,"n.s.",-2,"n.s.",0,"n.s.",NA,"n.s.",NA,"n.s.",-0.02,NA,NA,"n.s.","n.s.","n.s.","gene_size",1,46898,"Mef2a","chr7",66894269,66894292,24,0.055,0.89886471081558,0.141193886123
"MmuEX0028559","Mef2a",24,"chr7",74385327,74396542,"-","Neural-high","ASD-low",7,"n.s.",-15.2,"lower",-13,"lower",-3,"n.s.",-5,"n.s.",-6,"n.s.",-14,"lower",-0.13,-0.06,-0.152,"lower","n.s.","lower","gene_size",1,46898,"Mef2a","chr7",66894269,66894292,24,0.055,0.89886471081558,0.141193886123
"MmuEX0028570","Mef2d",21,"chr3",87965304,87966879,"+","Neural-high","ASD-low",18,"higher",-15.3,"lower",-48,"lower",-25,"lower",-19,"lower",-15,"lower",-45,"lower",-0.48,-0.15,-0.153,"lower","lower","lower","gene_size",1,38193,"Mef2d","chr3",88069088,88069108,21,0.06,1.62145856741182e-10,3.55826479392e-13
"MmuEX0028828","Mfsd6",25,"chr1",52715390,52717650,"-","Neural-high","inconsistent",22,"higher",-44.4,"lower",-43,"lower",-19,"lower",13,"higher",-34,"lower",-43,"lower",-0.43,-0.34,-0.444,"lower","lower","lower","gene_size",1,41747,"Mfsd6","chr1",52697858,52697882,25,0.096,0.0206913876393371,0.000892518379766
"MmuEX0028957","Mib2",19,"chr4",155029280,155029630,"-",NA,"inconsistent",1,"n.s.",-3.5,"n.s.",2,"n.s.",2,"n.s.",-2,"n.s.",-2,"n.s.",-2,"n.s.",0.02,-0.02,-0.035,"n.s.","n.s.","n.s.","gene_size",1,65947,"Mib2","chr4",155739709,155739727,19,-0.101,1,1
"MmuEX0029001","Micu1",6,"chr10",59213296,59230885,"+","Neural-high","ASD-low",3,"n.s.",-4.1,"n.s.",-2,"n.s.",0,"n.s.",-2,"n.s.",-1,"n.s.",-1,"n.s.",-0.02,-0.01,-0.041,"n.s.","n.s.","n.s.","gene_size",1,63449,"Micu1","chr10",59602906,59602911,6,0.2,0.169618229321178,0.014123685709
"MmuEX0029002","Micu1",12,"chr10",59213296,59230885,"+",NA,NA,1,"n.s.",-0.7,"n.s.",0,"n.s.",1,"n.s.",0,"n.s.",-2,"n.s.",-3,"n.s.",0,-0.02,-0.007,"n.s.","n.s.","n.s.","gene_size",1,63448,"Micu1","chr10",59592528,59592539,12,0.021,0.0137697805632556,0.000534488243278
"MmuEX0029044","Mink1",24,"chr11",70422757,70423055,"+","Neural-high","ASD-low",5,"n.s.",-22.9,"lower",-33,"lower",-6,"n.s.",-10,"n.s.",-6,"n.s.",-7,"n.s.",-0.33,-0.06,-0.229,"lower","n.s.","lower","gene_size",1,56637,"Mink1","chr11",70500234,70500257,24,0.007,0.960747209502198,0.155729673821
"MmuEX0029412","Mon2",3,"chr10",122460001,122460965,"-","Neural-high","ASD-low",40,"higher",-33.6,"lower",-36,"lower",-23,"lower",10,"n.s.",-25,"lower",-24,"lower",-0.36,-0.25,-0.336,"lower","lower","lower","gene_size",1,64768,"Mon2","chr10",122858991,122858993,3,0.104,0.00513475016025838,0.000157708895565
"MmuEX0029413","Mon2",18,"chr10",122446688,122447549,"-","Neural-high","n.s.",0,"n.s.",-6.5,"n.s.",-32,"lower",-2,"n.s.",-3,"n.s.",-2,"n.s.",-2,"n.s.",-0.32,-0.02,-0.065,"lower","n.s.","n.s.","gene_size",1,64766,"Mon2","chr10",122845818,122845835,18,-0.002,1,1
"MmuEX0029537","Mpp3",21,"chr11",101870999,101873033,"-",NA,NA,1,"n.s.",-11.6,"lower",NA,NA,NA,"n.s.",NA,"n.s.",-5,"n.s.",NA,NA,NA,-0.05,-0.116,NA,"n.s.","lower","gene_size",1,13659,"Mpp3","chr11",101901033,101901053,21,0.003,1,0.913139679724
"MmuEX0030091","Mtmr3",27,"chr11",4382943,4385365,"-",NA,"n.s.",NA,"n.s.",0.7,"n.s.",NA,"n.s.",NA,"n.s.",NA,"n.s.",NA,"n.s.",NA,"n.s.",NA,NA,0.007,"n.s.","n.s.","n.s.","gene_size",1,52393,"Mtmr3","chr11",4434671,4434697,27,0.005,1,0.893555897523
"MmuEX0030164","Mtss1",12,"chr15",58788146,58800393,"-",NA,"inconsistent",-3,"n.s.",1.6,"n.s.",4,"n.s.",-11,"n.s.",-4,"n.s.",1,"n.s.",-4,"n.s.",0.04,0.01,0.016,"n.s.","n.s.","n.s.","gene_size",1,11320,"Mtss1","chr15",58836346,58836357,12,0.032,0.182793738143475,0.0156154970911
"MmuEX0030253","Mxd4",30,"chr5",34521574,34529977,"-",NA,NA,0,"n.s.",3.5,"n.s.",0,"n.s.",-6,"n.s.",0,"n.s.",2,"n.s.",2,"n.s.",0,0.02,0.035,"n.s.","n.s.","n.s.","gene_size",1,56174,"Mxd4","chr5",34341658,34341687,30,-0.002,1,0.889082141196
"MmuEX0030255","Mxi1",30,"chr19",53405974,53444031,"+",NA,"n.s.",2,"n.s.",-0.8,"n.s.",-1,"n.s.",-1,"n.s.",-1,"n.s.",0,"n.s.",-1,"n.s.",-0.01,0,-0.008,"n.s.","n.s.","n.s.","gene_size",1,52771,"Mxi1","chr19",53334882,53334911,30,0.006,1,0.838538892027
"MmuEX0030346","Myh10",30,"chr11",68558922,68565443,"+","Neural-high","n.s.",2,"n.s.",-3.9,"n.s.",-4,"n.s.",10,"n.s.",-3,"n.s.",-2,"n.s.",NA,NA,-0.04,-0.02,-0.039,"n.s.","n.s.","n.s.","gene_size_contained",2,66551,"Myh10","chr11",68636761,68636790,30,0.097,4.19312815696982e-08,1.67154179387e-10
"MmuEX0030452","Myo18a",12,"chr11",77634689,77636777,"+",NA,NA,3,"n.s.",-1,"n.s.",-31,"lower",0,"n.s.",NA,"n.s.",-4,"n.s.",NA,"n.s.",-0.31,-0.04,-0.01,"lower","n.s.","n.s.","gene_size",1,67019,"Myo18a","chr11",77713489,77713500,12,0.002,1,0.694675547078
"MmuEX0030525","Myo5a",9,"chr9",75033930,75037706,"+","Neural-high","n.s.",1,"n.s.",-40,"lower",-72,"lower",-3,"n.s.",-1,"n.s.",-5,"n.s.",-9,"n.s.",-0.72,-0.05,-0.4,"lower","n.s.","lower","gene_size",1,61420,"Myo5a","chr9",75094804,75094812,9,0.002,1,1
"MmuEX0030759","Naaa",29,"chr5",92688658,92691534,"-",NA,NA,3,"n.s.",-2.3,"n.s.",-1,"n.s.",1,"n.s.",0,"n.s.",2,"n.s.",1,"n.s.",-0.01,0.02,-0.023,"n.s.","n.s.","n.s.","gene_size",1,16759,"Naaa","chr5",92409211,92409239,29,0.008,1,0.908253442255
"MmuEX0030862","Nap1l4",30,"chr7",150706346,150710065,"-",NA,NA,0,"n.s.",0.2,"n.s.",0,"n.s.",1,"n.s.",0,"n.s.",0,"n.s.",-1,"n.s.",0,0,0.002,"n.s.","n.s.","n.s.","gene_size_contained",5,53430,"Nap1l4","chr7",143075138,143075167,30,-0.002,1,1
"MmuEX0030944","Nav1",9,"chr1",137351908,137355232,"-","Neural-high","n.s.",14,"higher",-1.7,"n.s.",-2,"n.s.",1,"n.s.",0,"n.s.",1,"n.s.",2,"n.s.",-0.02,0.01,-0.017,"n.s.","n.s.","n.s.","gene_size",1,29380,"Nav1","chr1",135385599,135385607,9,-0.005,1,0.233591659139
"MmuEX0030948","Nav1",24,"chr1",137360377,137361282,"-","Neural-high",NA,2,"n.s.",-20.6,"lower",-22,"n.s.",-37,"lower",8,"n.s.",-14,"lower",-23,"lower",-0.22,-0.14,-0.206,"n.s.","lower","lower","gene_size",1,29381,"Nav1","chr1",135391653,135391676,24,0,1,0.856199198388
"MmuEX0030987","Nbea",9,"chr3",55796437,55804408,"-","Neural-high","n.s.",-2,"n.s.",-22.2,"lower",-51,"lower",-73,"lower",-6,"n.s.",-1,"n.s.",-21,"lower",-0.51,-0.01,-0.222,"lower","n.s.","lower","gene_size",1,39577,"Nbea","chr3",55901469,55901477,9,0.201,1.83302648422216e-13,2.22044604925e-16
"MmuEX0031041","Ncam1",30,"chr9",49354414,49365200,"-","Neural-high","ASD-low",NA,"n.s.",-0.5,"n.s.",0,"n.s.",-1,"n.s.",-1,"n.s.",-1,"n.s.",NA,"n.s.",0,-0.01,-0.005,"n.s.","n.s.","n.s.","gene_size",1,37022,"Ncam1","chr9",49461840,49461869,30,0.014,0.000303277302398398,4.63746300783e-06
"MmuEX0031042","Ncam1",15,"chr9",49331752,49351115,"-","Neural-high",NA,7,"n.s.",-0.8,"n.s.",1,"n.s.",0,"n.s.",0,"n.s.",0,"n.s.",4,"n.s.",0.01,0,-0.008,"n.s.","n.s.","n.s.","gene_size",3,37021,"Ncam1","chr9",49453188,49453202,15,-0.382,0.0374627560135891,0.00191322408742
"MmuEX0031043","Ncam1",3,"chr9",49331752,49351115,"-",NA,NA,-4,"n.s.",0.8,"n.s.",4,"n.s.",-22,"lower",-19,"lower",2,"n.s.",-6,"n.s.",0.04,0.02,0.008,"n.s.","n.s.","n.s.","gene_size",2,37014,"Ncam1","chr9",49443274,49443276,3,-0.053,0.118718941160047,0.00881205883367
"MmuEX0031113","Nckap1",14,"chr2",80410387,80421014,"-",NA,"ASD-low",0,"n.s.",-0.9,"n.s.",-1,"n.s.",0,"n.s.",2,"n.s.",0,"n.s.",0,"n.s.",-0.01,0,-0.009,"n.s.","n.s.","n.s.","gene_size",1,41411,"Nckap1","chr2",80401557,80401574,18,0.02,0.19261320485253,0.0167113368512
"MmuEX0031190","Ncor1",27,"chr11",62214770,62217300,"-",NA,"n.s.",NA,"n.s.",0.7,"n.s.",-1,"n.s.",-40,"lower",-15,"lower",NA,"n.s.",NA,NA,-0.01,NA,0.007,"n.s.","n.s.","n.s.","gene_size",1,60410,"Ncor1","chr11",62294262,62294288,27,0.01,1,0.742286994378
"MmuEX0031211","Ncs1",25,"chr2",31101763,31136185,"+",NA,NA,-2,"n.s.",-0.3,"n.s.",0,"n.s.",0,"n.s.",0,"n.s.",0,"n.s.",0,"n.s.",0,0,-0.003,"n.s.","n.s.","n.s.","gene_size",1,25201,"Ncs1","chr2",31160624,31160648,25,-0.001,1,1
"MmuEX0031809","Nktr",28,"chr9",121638799,121640595,"+",NA,NA,1,"n.s.",-4.7,"n.s.",0,"n.s.",-8,"n.s.",-17,"lower",-9,"n.s.",-16,"n.s.",0,-0.09,-0.047,"n.s.","n.s.","n.s.","gene_size_contained",5,62587,"Nktr","chr9",121559063,121559090,28,-0.038,0.455678182924427,0.0541282046215
"MmuEX0031815","Nktr",28,"chr9",121640684,121650239,"+",NA,NA,-4,"n.s.",-2.1,"n.s.",-2,"n.s.",1,"n.s.",7,"n.s.",NA,"n.s.",NA,"n.s.",-0.02,NA,-0.021,"n.s.","n.s.","n.s.","gene_size_contained",5,62591,"Nktr","chr9",121567454,121567481,28,0.064,1,1
"MmuEX0031816","Nktr",30,"chr9",121640684,121650715,"+",NA,NA,0,"n.s.",0.2,"n.s.",0,"n.s.",0,"n.s.",0,"n.s.",0,"n.s.",0,"n.s.",0,0,0.002,"n.s.","n.s.","n.s.","gene_size_contained",5,62591,"Nktr","chr9",121567454,121567481,28,0.064,1,1
"MmuEX0031965","Nol7",29,"chr13",43494939,43496221,"+",NA,NA,0,"n.s.",0.3,"n.s.",-1,"n.s.",-1,"n.s.",0,"n.s.",0,"n.s.",0,"n.s.",-0.01,0,0.003,"n.s.","n.s.","n.s.","gene_size",1,63835,"Nol7","chr13",43554069,43554097,29,-0.001,1,1
"MmuEX0032302","Nrbp1",24,"chr5",31548219,31549714,"+","Neural-high","n.s.",16,"higher",-9.1,"n.s.",-17,"lower",-5,"n.s.",-7,"n.s.",-8,"n.s.",-11,"lower",-0.17,-0.08,-0.091,"lower","n.s.","n.s.","gene_size",1,45369,"Nrbp1","chr5",31403666,31403689,24,0.114,1.54455389076641e-06,9.30078447592e-09
"MmuEX0032308","Nrcam",12,"chr12",45692047,45699336,"+","Neural-high",NA,0,"n.s.",1.4,"n.s.",-4,"n.s.",NA,"n.s.",-2,"n.s.",-2,"n.s.",-1,"n.s.",-0.04,-0.02,0.014,"n.s.","n.s.","n.s.","gene_size",1,12202,"Nrcam","chr12",44644565,44644576,12,0.048,0.0278205554876418,0.0013004179181
"MmuEX0032313","Nrcam",30,"chr12",45667400,45669530,"+","Neural-high","ASD-low",-5,"n.s.",NA,"n.s.",-12,"lower",-6,"n.s.",-32,"lower",NA,"n.s.",-13,"lower",-0.12,NA,NA,"lower","n.s.","n.s.","gene_size",1,12189,"Nrcam","chr12",44613623,44613652,30,-0.005,1,1
"MmuEX0032539","Ntng2",27,"chr2",29052670,29062911,"-",NA,NA,0,"n.s.",-0.6,"n.s.",0,"n.s.",0,"n.s.",-1,"n.s.",1,"n.s.",0,"n.s.",0,0.01,-0.006,"n.s.","n.s.","n.s.","gene_size",1,32794,"Ntng2","chr2",29094910,29094936,27,0.007,1,1
"MmuEX0032549","Ntrk1",18,"chr3",87587052,87587591,"-",NA,NA,8,"n.s.",-13.7,"lower",-31,"lower",-6,"n.s.",-12,"n.s.",-8,"n.s.",-3,"n.s.",-0.31,-0.08,-0.137,"lower","n.s.","lower","gene_size",1,15422,"Ntrk1","chr3",87690594,87690611,18,0.021,6.52636918570107e-05,7.39015839746e-07
"MmuEX0032555","Ntrk3",24,"chr7",85596842,85605166,"-",NA,"n.s.",0,"n.s.",NA,"n.s.",-2,"n.s.",0,"n.s.",NA,"n.s.",NA,"n.s.",NA,"n.s.",-0.02,NA,NA,"n.s.","n.s.","n.s.","gene_size",1,31147,"Ntrk3","chr7",78103071,78103094,24,-0.003,1,1
"MmuEX0032624","Nudt5",9,"chr2",5785495,5787399,"+",NA,NA,-1,"n.s.",-0.4,"n.s.",0,"n.s.",0,"n.s.",0,"n.s.",0,"n.s.",-1,"n.s.",0,0,-0.004,"n.s.","n.s.","n.s.","gene_size",1,26862,"Nudt5","chr2",5871044,5871052,9,0.004,1,0.23266478561
"MmuEX0032857","Nxf7",30,"chrX",132124010,132128351,"-",NA,NA,-2,"n.s.",2.4,"n.s.",-1,"n.s.",-3,"n.s.",7,"n.s.",6,"n.s.",2,"n.s.",-0.01,0.06,0.024,"n.s.","n.s.","n.s.","gene_size",1,451,"Nxf7","chrX",134493015,134493044,30,0.011,1,0.550335145332
"MmuEX0032953","Ocrl",24,"chrX",45301538,45313629,"+","Neural-high","n.s.",-2,"n.s.",-21.5,"lower",-16,"n.s.",-20,"n.s.",-19,"n.s.",-4,"n.s.",-3,"n.s.",-0.16,-0.04,-0.215,"n.s.","n.s.","lower","gene_size",1,819,"Ocrl","chrX",47045087,47045110,24,0.016,1,0.198131650547
"MmuEX0033236","Osbpl6",24,"chr2",76406300,76415052,"+","Neural-high",NA,NA,"n.s.",-2.7,"n.s.",NA,"n.s.",NA,"n.s.",NA,"n.s.",NA,"n.s.",NA,"n.s.",NA,NA,-0.027,"n.s.","n.s.","n.s.","gene_size",1,39830,"Osbpl6","chr2",76399364,76399387,24,0.047,5.93443502084312e-08,2.44832820684e-10
"MmuEX0033366","Oxr1",28,"chr15",41657599,41682004,"+",NA,NA,0,"n.s.",7.3,"n.s.",NA,"n.s.",NA,"n.s.",NA,NA,NA,"n.s.",NA,"n.s.",NA,NA,0.073,"n.s.","n.s.","n.s.","gene_size",6,21951,"Oxr1","chr15",41701648,41701675,28,0.494,1,1
"MmuEX0033441","Pacsin2",6,"chr15",83212314,83215416,"-","Neural-high","ASD-low",11,"higher",-40.8,"lower",-40,"lower",-7,"n.s.",-3,"n.s.",-20,"lower",-38,"lower",-0.4,-0.2,-0.408,"lower","lower","lower","gene_size",1,30716,"Pacsin2","chr15",83267824,83267829,6,0.132,1.47590581058568e-08,4.97487606665e-11
"MmuEX0034298","Pdlim7",17,"chr13",55609003,55609550,"-","Neural-high",NA,34,"higher",1.7,"n.s.",NA,"n.s.",NA,"n.s.",NA,"n.s.",1,"n.s.",0,"n.s.",NA,0.01,0.017,"n.s.","n.s.","n.s.","gene_size",3,10241,"Pdlim7","chr13",55655677,55655693,17,-0.022,0.0154381269638685,0.00061713479568
"MmuEX0034574","Pfkfb3",23,"chr2",11396171,11401824,"-","Neural-high","ASD-low",65,"higher",-3.6,"n.s.",NA,"n.s.",NA,"n.s.",-6,"n.s.",-3,"n.s.",NA,"n.s.",NA,-0.03,-0.036,"n.s.","n.s.","n.s.","gene_size",2,26125,"Pfkfb3","chr2",11482847,11482869,23,-0.027,0.829969396856355,0.12593573668
"MmuEX0034604","Pgap2",20,"chr7",109359106,109371892,"+",NA,NA,NA,"n.s.",NA,"n.s.",4,"n.s.",5,"n.s.",-5,"n.s.",NA,"n.s.",NA,"n.s.",0.04,NA,NA,"n.s.","n.s.","n.s.","gene_size_contained",3,47948,"Pgap2","chr7",101871989,101872008,20,0.161,1,0.193407175865
"MmuEX0034605","Pgap2",24,"chr7",109372005,109384607,"+",NA,"n.s.",3,"n.s.",0.5,"n.s.",3,"n.s.",NA,"n.s.",-7,"n.s.",3,"n.s.",-2,"n.s.",0.03,0.03,0.005,"n.s.","n.s.","n.s.","gene_size_contained",3,47958,"Pgap2","chr7",101875629,101875652,24,-1,1,1
"MmuEX0034621","Pgf",30,"chr12",86510368,86512324,"-",NA,NA,1,"n.s.",-2.3,"n.s.",-1,"n.s.",-2,"n.s.",2,"n.s.",0,"n.s.",-8,"n.s.",-0.01,0,-0.023,"n.s.","n.s.","n.s.","gene_size",1,12444,"Pgf","chr12",85216285,85216314,30,-0.005,0.830858175670918,0.126172700963
"MmuEX0034767","Phf21b",23,"chr15",84622372,84625509,"-","Neural-high",NA,0,"n.s.",-1.9,"n.s.",-7,"n.s.",0,"n.s.",0,"n.s.",0,"n.s.",0,"n.s.",-0.07,0,-0.019,"n.s.","n.s.","n.s.","gene_size",1,6670,"Phf21b","chr15",84678097,84678119,23,0.044,0.542567598159391,0.0686008293735
"MmuEX0034804","Phip",30,"chr9",82868341,82868694,"-",NA,NA,2,"n.s.",-2.6,"n.s.",-2,"n.s.",-4,"n.s.",-1,"n.s.",-1,"n.s.",-2,"n.s.",-0.02,-0.01,-0.026,"n.s.","n.s.","n.s.","gene_size",1,27676,"Phip","chr9",82856980,82857009,30,0.006,1,1
"MmuEX0035018","Picalm",24,"chr7",97340264,97344164,"+",NA,"n.s.",-8,"n.s.",-19.9,"lower",-24,"lower",-11,"lower",-34,"lower",-21,"lower",-30,"lower",-0.24,-0.21,-0.199,"lower","lower","lower","gene_size",1,54073,"Picalm","chr7",89843481,89843504,24,0.118,1.15267724231651e-07,5.14000841889e-10
"MmuEX0035524","Pla2g6",29,"chr15",79133128,79134734,"-",NA,NA,6,"n.s.",-0.4,"n.s.",1,"n.s.",-4,"n.s.",-3,"n.s.",-1,"n.s.",NA,NA,0.01,-0.01,-0.004,"n.s.","n.s.","n.s.","gene_size",1,24391,"Pla2g6","chr15",79187774,79187802,29,-0.097,0.110419506061384,0.00802349564769
"MmuEX0035673","Plec",15,"chr15",76024861,76025180,"-","Neural-high","ASD-low",47,"higher",-4.9,"n.s.",-8,"n.s.",-3,"n.s.",-2,"n.s.",-11,"n.s.",-18,"lower",-0.08,-0.11,-0.049,"n.s.","n.s.","n.s.","gene_size",1,32507,"Plec","chr15",76078759,76078773,15,-0.02,1,0.39476991494
"MmuEX0035710","Plekha5",18,"chr6",140485285,140492240,"+","Neural-high","n.s.",22,"higher",3.5,"n.s.",2,"n.s.",16,"higher",4,"n.s.",-5,"n.s.",-6,"n.s.",0.02,-0.05,0.035,"n.s.","n.s.","n.s.","gene_size",1,50421,"Plekha5","chr6",140482732,140482749,18,0.021,1,0.221864945427
"MmuEX0036499","Ppfia1",27,"chr7",151671117,151677356,"-","Neural-high","ASD-low",NA,NA,-16.5,"lower",NA,NA,NA,"n.s.",NA,NA,NA,NA,NA,"n.s.",NA,NA,-0.165,NA,NA,"lower","gene_size_contained",5,56374,"Ppfia1","chr7",144042428,144042454,27,0.121,0.0729020267645869,0.0046241291884
"MmuEX0036502","Ppfia1",30,"chr7",151686309,151690807,"-","Neural-high","ASD-low",43,"higher",-29,"lower",-30,"lower",-20,"lower",-2,"n.s.",-20,"lower",-20,"lower",-0.3,-0.2,-0.29,"lower","lower","lower","gene_size_contained",5,56379,"Ppfia1","chr7",144056604,144056633,30,0.265,7.93719172020803e-12,1.36557432029e-14
"MmuEX0036509","Ppfia2",30,"chr10",106340762,106343421,"+",NA,"n.s.",5,"n.s.",NA,NA,NA,NA,NA,"n.s.",NA,"n.s.",-13,"n.s.",-17,"lower",NA,-0.13,NA,NA,"n.s.",NA,"gene_size",2,64529,"Ppfia2","chr10",106740682,106740707,26,-0.118,0.0991860284539951,0.00692513886978
"MmuEX0036514","Ppfia3",27,"chr7",52597872,52599110,"-","Neural-high","n.s.",18,"higher",-16.2,"lower",-24,"lower",NA,NA,-39,"lower",-22,"lower",-33,"lower",-0.24,-0.22,-0.162,"lower","lower","lower","gene_size",1,53097,"Ppfia3","chr7",44992977,44993003,27,0.239,5.1877029221982e-09,1.55737645002e-11
"MmuEX0036532","Ppfibp1",30,"chr6",146961041,146964743,"+",NA,"n.s.",-3,"n.s.",-2.2,"n.s.",-2,"n.s.",-7,"n.s.",7,"n.s.",-3,"n.s.",0,"n.s.",-0.02,-0.03,-0.022,"n.s.","n.s.","n.s.","gene_size_contained",3,37846,"Ppfibp1","chr6",146914416,146914445,30,0.012,1,0.252868109077
"MmuEX0036561","Ppie",27,"chr4",122812921,122814768,"-",NA,NA,0,"n.s.",-0.1,"n.s.",-1,"n.s.",-2,"n.s.",-2,"n.s.",1,"n.s.",1,"n.s.",-0.01,0.01,-0.001,"n.s.","n.s.","n.s.","gene_size",1,19854,"Ppie","chr4",123030665,123030691,27,0.004,1,1
"MmuEX0036568","Ppig",30,"chr2",69572436,69574045,"+",NA,NA,-1,"n.s.",-0.5,"n.s.",-1,"n.s.",-2,"n.s.",0,"n.s.",1,"n.s.",0,"n.s.",-0.01,0.01,-0.005,"n.s.","n.s.","n.s.","gene_size",1,23449,"Ppig","chr2",69566212,69566241,30,0.026,6.35200112987674e-05,7.15925760675e-07
"MmuEX0036728","Ppp1r9a",24,"chr6",5106241,5108088,"+","Neural-high","n.s.",1,"n.s.",-3.5,"n.s.",-23,"lower",1,"n.s.",1,"n.s.",-1,"n.s.",-7,"n.s.",-0.23,-0.01,-0.035,"lower","n.s.","n.s.","gene_size",1,29710,"Ppp1r9a","chr6",5157004,5157027,24,0.004,1,1
"MmuEX0036788","Ppp3ca",30,"chr3",136591584,136597992,"+","Neural-high","n.s.",12,"higher",-2.3,"n.s.",-3,"n.s.",-3,"n.s.",-3,"n.s.",0,"n.s.",-2,"n.s.",-0.03,0,-0.023,"n.s.","n.s.","n.s.","gene_size",1,50797,"Ppp3ca","chr3",136637772,136637801,30,0.043,1.84456212283377e-05,1.66124255019e-07
"MmuEX0036790","Ppp3cb",30,"chr14",21320885,21327845,"-","Neural-high","n.s.",5,"n.s.",-8.8,"n.s.",-22,"lower",-10,"n.s.",1,"n.s.",-3,"n.s.",-13,"lower",-0.22,-0.03,-0.088,"lower","n.s.","n.s.","gene_size",1,43048,"Ppp3cb","chr14",20553315,20553344,30,0.008,1,0.733668043861
"MmuEX0036873","Ppp6r3",18,"chr19",3459481,3464544,"-","Neural-high","ASD-low",12,"higher",-3.4,"n.s.",-6,"n.s.",NA,NA,NA,NA,NA,NA,NA,NA,-0.06,NA,-0.034,"n.s.",NA,"n.s.","gene_size",1,32675,"Ppp6r3","chr19",3509747,3509764,18,0.211,0,0
"MmuEX0037314","Prpf18",27,"chr2",4566720,4569286,"-","Neural-high","ASD-low",NA,"n.s.",NA,"n.s.",0,"n.s.",NA,"n.s.",-1,"n.s.",NA,"n.s.",NA,"n.s.",0,NA,NA,"n.s.","n.s.","n.s.","gene_size",1,26244,"Prpf18","chr2",4652908,4652934,27,0.018,0.000679526011130635,1.25858032995e-05
"MmuEX0037342","Prpf40b",25,"chr15",99136503,99136826,"+",NA,NA,0,"n.s.",-0.1,"n.s.",0,"n.s.",0,"n.s.",0,"n.s.",0,"n.s.",0,"n.s.",0,0,-0.001,"n.s.","n.s.","n.s.","gene_size",2,10030,"Prpf40b","chr15",99203047,99203074,28,0.023,0.201437589817585,0.0177457176964
"MmuEX0037345","Prpf40b",28,"chr15",99134922,99135838,"+",NA,NA,9,"n.s.",NA,"n.s.",-15,"lower",-6,"n.s.",-33,"lower",NA,"n.s.",NA,NA,-0.15,NA,NA,"lower","n.s.","n.s.","gene_size_contained",2,10030,"Prpf40b","chr15",99203047,99203074,28,0.023,0.201437589817585,0.0177457176964
"MmuEX0037450","Prss41",27,"chr17",23980839,23981043,"-",NA,NA,-1,"n.s.",-7.3,"n.s.",-5,"n.s.",1,"n.s.",-5,"n.s.",NA,"n.s.",-25,"lower",-0.05,NA,-0.073,"n.s.","n.s.","n.s.","gene_size",2,4440,"Prss41","chr17",24062931,24062957,27,0.547,0.000139359982191431,1.84384319668e-06
"MmuEX0037479","Psap",9,"chr10",59758751,59761845,"+","Neural-high","ASD-low",25,"higher",-24.4,"lower",-40,"lower",-32,"lower",-29,"lower",-22,"lower",-26,"lower",-0.4,-0.22,-0.244,"lower","lower","lower","gene_size_contained",2,56085,"Psap","chr10",60133317,60133325,9,0.07,6.17558934727634e-05,6.91705904665e-07
"MmuEX0037733","Ptk2",9,"chr15",73041328,73046408,"-","Neural-high","n.s.",3,"n.s.",-0.5,"n.s.",-9,"n.s.",-33,"lower",-3,"n.s.",-3,"n.s.",1,"n.s.",-0.09,-0.03,-0.005,"n.s.","n.s.","n.s.","gene_size",1,7194,"Ptk2","chr15",73083836,73083844,9,0.001,1,0.661168551846
"MmuEX0037737","Ptk2",21,"chr15",73105015,73107286,"-","Neural-high","ASD-low",0,"n.s.",-11.7,"lower",-21,"lower",-1,"n.s.",1,"n.s.",-2,"n.s.",-12,"lower",-0.21,-0.02,-0.117,"lower","n.s.","lower","gene_size_contained",2,7199,"Ptk2","chr15",73147470,73147490,21,-0.001,1,1
"MmuEX0037746","Ptk2",18,"chr15",73107344,73122464,"-","Neural-high","ASD-low",34,"higher",-24.3,"lower",-43,"lower",-23,"lower",19,"higher",-3,"n.s.",-11,"lower",-0.43,-0.03,-0.243,"lower","n.s.","lower","gene_size_contained",2,7200,"Ptk2","chr15",73154067,73154084,18,0.092,0.0297386976774251,0.00142008141856
"MmuEX0037873","Ptpra",27,"chr2",130330072,130343466,"+","Neural-high","n.s.",11,"higher",NA,"n.s.",1,"n.s.",-2,"n.s.",3,"n.s.",-3,"n.s.",-9,"n.s.",0.01,-0.03,NA,"n.s.","n.s.","n.s.","gene_size",1,42944,"Ptpra","chr2",130351750,130351776,27,0.005,1,0.803886896482
"MmuEX0037910","Ptprf",27,"chr4",117899177,117903299,"-","Neural-high","ASD-low",2,"n.s.",-5.3,"n.s.",-38,"lower",-2,"n.s.",-9,"n.s.",-3,"n.s.",-23,"lower",-0.38,-0.03,-0.053,"lower","n.s.","n.s.","gene_size",1,33083,"Ptprf","chr4",118085016,118085042,27,0.014,1,0.183109111207
"MmuEX0037978","Ptprs",9,"chr17",56586894,56591074,"-",NA,"ASD-high",11,"higher",-15.2,"lower",-8,"n.s.",2,"n.s.",-6,"n.s.",-4,"n.s.",-4,"n.s.",-0.08,-0.04,-0.152,"n.s.","n.s.","lower","gene_size",1,3311,"Ptprs","chr17",56728833,56728844,12,0,1,1
"MmuEX0037979","Ptprs",12,"chr17",56560776,56561551,"-",NA,NA,0,"n.s.",-0.5,"n.s.",0,"n.s.",0,"n.s.",0,"n.s.",1,"n.s.",0,"n.s.",0,0.01,-0.005,"n.s.","n.s.","n.s.","gene_size",1,3311,"Ptprs","chr17",56728833,56728844,12,0,1,1
"MmuEX0037980","Ptprs",12,"chr17",56577479,56586782,"-","Neural-high","n.s.",0,"n.s.",-0.4,"n.s.",0,"n.s.",0,"n.s.",0,"n.s.",-1,"n.s.",0,"n.s.",0,-0.01,-0.004,"n.s.","n.s.","n.s.","gene_size",1,3311,"Ptprs","chr17",56728833,56728844,12,0,1,1
"MmuEX0037997","Ptpru",30,"chr4",131349591,131353767,"-","Neural-high","ASD-low",4,"n.s.",NA,"n.s.",-43,"lower",1,"n.s.",NA,"n.s.",-13,"n.s.",-12,"n.s.",-0.43,-0.13,NA,"lower","n.s.","n.s.","gene_size",1,48826,"Ptpru","chr4",131522272,131522301,30,0.014,1,0.228243593179
"MmuEX0038017","Pts",23,"chr9",50332885,50334974,"-",NA,"n.s.",3,"n.s.",-0.4,"n.s.",2,"n.s.",-23,"lower",-12,"lower",3,"n.s.",2,"n.s.",0.02,0.03,-0.004,"n.s.","n.s.","n.s.","gene_size",1,30073,"Pts","chr9",50436562,50436584,23,0.047,1,1
"MmuEX0038057","Pus7",18,"chr5",23268293,23274585,"-","Neural-high",NA,16,"higher",-18.8,"lower",-18,"lower",-5,"n.s.",2,"n.s.",-31,"lower",-33,"lower",-0.18,-0.31,-0.188,"lower","lower","lower","gene_size",1,15432,"Pus7","chr5",23968332,23968349,18,0.11,0.00249790685408837,6.22273103694e-05
"MmuEX0038343","Rab3gap1",21,"chr1",129835726,129838950,"+","Neural-high","ASD-low",20,"higher",-8,"n.s.",-19,"lower",-12,"n.s.",NA,"n.s.",NA,"n.s.",NA,"n.s.",-0.19,NA,-0.08,"lower","n.s.","n.s.","gene_size",1,34052,"Rab3gap1","chr1",127869331,127869351,21,0.191,7.9279837253698e-07,4.50951831432e-09
"MmuEX0038777","Rapgef2",24,"chr3",78885208,78887120,"-","Neural-high","n.s.",1,"n.s.",-3.9,"n.s.",-14,"lower",-1,"n.s.",0,"n.s.",-5,"n.s.",-1,"n.s.",-0.14,-0.05,-0.039,"lower","n.s.","n.s.","gene_size",2,46751,"Rapgef2","chr3",79038005,79038023,19,0.004,1,1
"MmuEX0038815","Rapgef6",12,"chr11",54456454,54462683,"+",NA,NA,0,"n.s.",-0.5,"n.s.",0,"n.s.",2,"n.s.",0,"n.s.",0,"n.s.",0,"n.s.",0,0,-0.005,"n.s.","n.s.","n.s.","gene_size",1,66079,"Rapgef6","chr11",54542575,54542589,15,0.211,0.000564883834454027,1.00062812971e-05
"MmuEX0038816","Rapgef6",15,"chr11",54462842,54470747,"+","Neural-high","n.s.",4,"n.s.",-32.8,"lower",-11,"n.s.",-3,"n.s.",14,"n.s.",-11,"n.s.",-22,"lower",-0.11,-0.11,-0.328,"n.s.","n.s.","lower","gene_size",1,66079,"Rapgef6","chr11",54542575,54542589,15,0.211,0.000564883834454027,1.00062812971e-05
"MmuEX0038818","Rapgef6",24,"chr11",54482240,54489696,"+",NA,"inconsistent",5,"n.s.",-0.8,"n.s.",NA,"n.s.",NA,"n.s.",NA,"n.s.",NA,"n.s.",NA,"n.s.",NA,NA,-0.008,"n.s.","n.s.","n.s.","gene_size",1,66080,"Rapgef6","chr11",54562481,54562504,24,0.024,0.642850757921952,0.0872777617994
"MmuEX0039394","Relb",9,"chr7",20206505,20213271,"-",NA,NA,0,"n.s.",-2.5,"n.s.",9,"n.s.",10,"n.s.",10,"n.s.",-1,"n.s.",-11,"n.s.",0.09,-0.01,-0.025,"n.s.","n.s.","n.s.","gene_size",1,51677,"Relb","chr7",19356851,19356859,9,0,1,0.825459641713
"MmuEX0039561","Rfx5",27,"chr3",94758174,94758936,"+",NA,"inconsistent",NA,"n.s.",NA,"n.s.",0,"n.s.",1,"n.s.",NA,"n.s.",NA,"n.s.",NA,"n.s.",0,NA,NA,"n.s.","n.s.","n.s.","gene_size",1,24751,"Rfx5","chr3",94862074,94862100,27,0.062,4.78133052385879e-05,5.0417751607e-07
"MmuEX0039837","Rimbp2",21,"chr5",129312437,129319436,"-",NA,NA,NA,"n.s.",0.2,"n.s.",NA,"n.s.",NA,"n.s.",NA,"n.s.",NA,"n.s.",NA,"n.s.",NA,NA,0.002,"n.s.","n.s.","n.s.","gene_size",1,18519,"Rimbp2","chr5",128889047,128889067,21,0.058,7.76911052271432e-10,2.03226324658e-12
"MmuEX0040104","Rnf185",19,"chr11",3326682,3332402,"-",NA,NA,1,"n.s.",-2.2,"n.s.",-4,"n.s.",-1,"n.s.",0,"n.s.",-1,"n.s.",-1,"n.s.",-0.04,-0.01,-0.022,"n.s.","n.s.","n.s.","gene_size",2,62072,"Rnf185","chr11",3378884,3378902,19,0.037,1,1
"MmuEX0040280","Rock2",12,"chr12",16961774,16964031,"+",NA,NA,-3,"n.s.",-0.2,"n.s.",0,"n.s.",0,"n.s.",0,"n.s.",-1,"n.s.",-1,"n.s.",0,-0.01,-0.002,"n.s.","n.s.","n.s.","gene_size",1,12473,"Rock2","chr12",17005671,17005682,12,0.005,1,0.820349932234
"MmuEX0040597","Rrp1b",20,"chr17",32190900,32192855,"+",NA,NA,0,"n.s.",0.1,"n.s.",0,"n.s.",0,"n.s.",0,"n.s.",0,"n.s.",1,"n.s.",0,0,0.001,"n.s.","n.s.","n.s.","gene_size",2,3901,"Rrp1b","chr17",32274079,32274098,20,-0.005,1,1
"MmuEX0041056","Sbf1",24,"chr15",89137367,89137923,"-","Neural-high",NA,-1,"n.s.",-10.1,"lower",-11,"lower",-2,"n.s.",17,"higher",-6,"n.s.",-6,"n.s.",-0.11,-0.06,-0.101,"lower","n.s.","lower","gene_size",1,6568,"Sbf1","chr15",89191375,89191398,24,0.134,0,0
"MmuEX0041679","Senp6",21,"chr9",79941449,79951500,"+","Neural-high",NA,0,"n.s.",-19,"lower",-32,"lower",-8,"n.s.",1,"n.s.",-7,"n.s.",-47,"lower",-0.32,-0.07,-0.19,"lower","n.s.","lower","gene_size",2,61493,"Senp6","chr9",80006168,80006188,21,0.058,1,0.388078252472
"MmuEX0041756","Serhl",20,"chr15",82932771,82933363,"+",NA,NA,3,"n.s.",1.2,"n.s.",NA,"n.s.",NA,"n.s.",NA,"n.s.",NA,"n.s.",NA,NA,NA,NA,0.012,"n.s.","n.s.","n.s.","gene_size",2,6737,"Serhl","chr15",82986826,82986845,20,0.01,1,1
"MmuEX0042005","Sfxn4",26,"chr19",60929964,60933112,"-",NA,NA,-1,"n.s.",NA,"n.s.",NA,"n.s.",NA,"n.s.",NA,"n.s.",-4,"n.s.",-1,"n.s.",NA,-0.04,NA,"n.s.","n.s.","n.s.","gene_size",2,5071,"Sfxn4","chr19",60844265,60844290,26,0.019,1,0.609435420115
"MmuEX0042013","Sfxn5",26,"chr6",85219958,85239170,"-",NA,NA,NA,"n.s.",NA,"n.s.",-2,"n.s.",-6,"n.s.",-2,"n.s.",NA,"n.s.",NA,"n.s.",-0.02,NA,NA,"n.s.","n.s.","n.s.","gene_size",1,48581,"Sfxn5","chr6",85264032,85264057,26,-0.034,1,0.500179604081
"MmuEX0042031","Sgce",27,"chr6",4639768,4641428,"-","Neural-low","ASD-high",-1,"n.s.",6.8,"n.s.",7,"n.s.",-2,"n.s.",3,"n.s.",-1,"n.s.",8,"n.s.",0.07,-0.01,0.068,"n.s.","n.s.","n.s.","gene_size",1,15157,"Sgce","chr6",4690469,4690495,27,-0.009,1,0.542942258466
"MmuEX0042195","Sh3glb1",24,"chr3",144360432,144368476,"-","Neural-high","ASD-low",NA,NA,-51.9,"lower",-54,"lower",-21,"lower",-4,"n.s.",-33,"lower",-60,"lower",-0.54,-0.33,-0.519,"lower","lower","lower","gene_size",2,27725,"Sh3glb1","chr3",144405615,144405638,24,0.053,0.0114794545447909,0.000426642883224
"MmuEX0042199","Sh3glb2",15,"chr2",30201460,30201872,"-","Neural-high","ASD-low",1,"n.s.",-13.4,"lower",-45,"lower",-10,"lower",-5,"n.s.",-4,"n.s.",-12,"lower",-0.45,-0.04,-0.134,"lower","n.s.","lower","gene_size_contained",3,65884,"Sh3glb2","chr2",30236071,30236085,15,0,1,1
"MmuEX0042200","Sh3glb2",12,"chr2",30204138,30205807,"-","Neural-high","ASD-low",35,"higher",-8.7,"n.s.",-16,"lower",-10,"n.s.",7,"n.s.",-20,"lower",-22,"lower",-0.16,-0.2,-0.087,"lower","lower","n.s.","gene_size_contained",3,65890,"Sh3glb2","chr2",30239238,30239249,12,0.228,1.00380021755475e-13,1.11022302463e-16
"MmuEX0042251","Shank2",9,"chr7",151582337,151584145,"+","Neural-high","inconsistent",NA,"n.s.",-12.6,"n.s.",NA,NA,NA,NA,NA,NA,NA,"n.s.",NA,"n.s.",NA,NA,-0.126,NA,"n.s.","n.s.","gene_size",2,33474,"Shank2","chr7",143950375,143950383,9,0.096,0.543584350440928,0.0688057296515
"MmuEX0042355","Sidt2",12,"chr9",45755139,45755918,"-","Neural-high",NA,29,"higher",-13.9,"n.s.",-32,"lower",NA,NA,-26,"n.s.",-12,"n.s.",-26,"n.s.",-0.32,-0.12,-0.139,"lower","n.s.","n.s.","gene_size",2,60675,"Sidt2","chr9",45858839,45858850,12,0.156,5.41086159805272e-06,3.96118271517e-08
"MmuEX0043222","Slc38a10",24,"chr11",119967925,119970745,"-","Neural-high","ASD-low",15,"higher",-19.1,"lower",-42,"lower",-32,"lower",-9,"n.s.",-20,"lower",17,"higher",-0.42,-0.2,-0.191,"lower","lower","lower","gene_size",2,21264,"Slc38a10","chr11",119999293,119999316,24,0.174,0,0
"MmuEX0043597","Slc8a2",18,"chr7",16735794,16738167,"+",NA,NA,NA,"n.s.",NA,"n.s.",NA,"n.s.",-6,"n.s.",NA,"n.s.",4,"n.s.",NA,"n.s.",NA,0.04,NA,"n.s.","n.s.","n.s.","gene_size",1,24862,"Slc8a2","chr7",15884499,15884516,18,-0.005,1,0.665334982119
"MmuEX0043691","Slit2",24,"chr5",48611320,48615891,"+",NA,"n.s.",5,"n.s.",-17.2,"lower",-10,"n.s.",-6,"n.s.",-21,"lower",-7,"n.s.",-20,"lower",-0.1,-0.07,-0.172,"n.s.","n.s.","lower","gene_size_contained",2,33242,"Slit2","chr5",48378309,48378332,24,0.128,0.229492601167966,0.0212294358703
"MmuEX0043693","Slit2",27,"chr5",48650923,48666820,"+","Neural-high","inconsistent",4,"n.s.",-3.8,"n.s.",NA,"n.s.",0,"n.s.",NA,NA,NA,"n.s.",-2,"n.s.",NA,NA,-0.038,"n.s.","n.s.","n.s.","gene_size_contained",2,33246,"Slit2","chr5",48420983,48421009,27,0.052,0.0655248512716256,0.00400320363802
"MmuEX0044068","Snap91",6,"chr9",86704384,86710264,"-",NA,NA,3,"n.s.",-53.6,"lower",-66,"lower",-24,"lower",3,"n.s.",-25,"lower",-55,"lower",-0.66,-0.25,-0.536,"lower","lower","lower","gene_size",1,54559,"Snap91","chr9",86691704,86691709,6,-0.004,1,1
"MmuEX0044238","Snx14",27,"chr9",88293210,88296757,"-","Neural-high","n.s.",2,"n.s.",-51.6,"lower",-52,"lower",-39,"lower",-5,"n.s.",-19,"lower",-7,"n.s.",-0.52,-0.19,-0.516,"lower","lower","lower","gene_size",1,31024,"Snx14","chr9",88282776,88282802,27,0.012,1,0.18277941775
"MmuEX0044258","Snx21",11,"chr2",164612356,164617212,"+","Neural-high","ASD-low",3,"n.s.",-19.9,"lower",-41,"lower",-1,"n.s.",NA,"n.s.",-5,"n.s.",-7,"n.s.",-0.41,-0.05,-0.199,"lower","n.s.","lower","gene_size",2,39280,"Snx21","chr2",164633478,164633488,11,0.025,1,1
"MmuEX0044273","Snx27",28,"chr3",94328213,94332833,"-",NA,NA,NA,"n.s.",NA,"n.s.",0,"n.s.",1,"n.s.",NA,"n.s.",NA,"n.s.",NA,"n.s.",0,NA,NA,"n.s.","n.s.","n.s.","gene_size",1,59737,"Snx27","chr3",94433747,94433774,28,0.035,1.40385207594838e-08,4.70735672664e-11
"MmuEX0044367","Sorbs1",30,"chr19",40439657,40447965,"-",NA,"n.s.",-20,"lower",15.2,"higher",-1,"n.s.",-2,"n.s.",-10,"n.s.",-4,"n.s.",13,"n.s.",-0.01,-0.04,0.152,"n.s.","n.s.","higher","gene_size_contained",5,19792,"Sorbs1","chr19",40358134,40358163,30,0.028,1,0.496522351532
"MmuEX0044374","Sorbs1",27,"chr19",40457124,40467877,"-","Neural-high","n.s.",33,"higher",-10.2,"n.s.",-22,"lower",-9,"n.s.",NA,NA,-19,"n.s.",NA,NA,-0.22,-0.19,-0.102,"lower","n.s.","n.s.","gene_size_contained",2,19801,"Sorbs1","chr19",40371200,40371226,27,0.149,0.0343502534780225,0.00171983915762
"MmuEX0044507","Spag9",15,"chr11",93933001,93942653,"+",NA,NA,4,"n.s.",-13.7,"lower",-15,"lower",-8,"n.s.",10,"n.s.",-3,"n.s.",-7,"n.s.",-0.15,-0.03,-0.137,"lower","n.s.","lower","gene_size",4,65155,"Spag9","chr11",93970025,93970036,12,0.196,0.00595332956613346,0.000189696338943
"MmuEX0044508","Spag9",12,"chr11",93933001,93942653,"+","Neural-high","ASD-low",3,"n.s.",-5.4,"n.s.",-6,"n.s.",-1,"n.s.",-5,"n.s.",-2,"n.s.",-3,"n.s.",-0.06,-0.02,-0.054,"n.s.","n.s.","n.s.","gene_size",4,65155,"Spag9","chr11",93970025,93970036,12,0.196,0.00595332956613346,0.000189696338943
"MmuEX0044509","Spag9",12,"chr11",93950970,93951871,"+",NA,"inconsistent",2,"n.s.",-0.2,"n.s.",0,"n.s.",1,"n.s.",0,"n.s.",0,"n.s.",0,"n.s.",0,0,-0.002,"n.s.","n.s.","n.s.","gene_size",4,65155,"Spag9","chr11",93970025,93970036,12,0.196,0.00595332956613346,0.000189696338943
"MmuEX0044624","Speg",30,"chr1",75379755,75381230,"+","Neural-high",NA,NA,"n.s.",NA,"n.s.",-21,"lower",-17,"lower",NA,NA,NA,NA,NA,"n.s.",-0.21,NA,NA,"lower",NA,"n.s.","gene_size",2,35976,"Speg","chr1",75360678,75360712,35,-0.004,1,1
"MmuEX0044625","Speg",27,"chr1",75414581,75415545,"+",NA,NA,2,"n.s.",-5.2,"n.s.",NA,"n.s.",NA,NA,NA,NA,NA,"n.s.",NA,"n.s.",NA,NA,-0.052,"n.s.","n.s.","n.s.","gene_size",1,35977,"Speg","chr1",75360683,75360712,30,-0.004,1,1
"MmuEX0044708","Spire1",28,"chr18",67654931,67656215,"-",NA,NA,0,"n.s.",0.5,"n.s.",-1,"n.s.",1,"n.s.",0,"n.s.",0,"n.s.",-1,"n.s.",-0.01,0,0.005,"n.s.","n.s.","n.s.","gene_size",1,49211,"Spire1","chr18",67628433,67628460,28,0.002,1,1
"MmuEX0044842","Src",18,"chr2",157284370,157288445,"+","Neural-high","n.s.",51,"higher",-11.4,"n.s.",-27,"lower",-20,"lower",-18,"n.s.",-22,"lower",NA,NA,-0.27,-0.22,-0.114,"lower","lower","n.s.","gene_size",1,28317,"Src","chr2",157300763,157300780,18,0.119,0.042033003448259,0.00223001240183
"MmuEX0044934","Srpk1",26,"chr17",28737402,28739632,"-",NA,NA,1,"n.s.",0.1,"n.s.",-1,"n.s.",-1,"n.s.",-1,"n.s.",-1,"n.s.",0,"n.s.",-0.01,-0.01,0.001,"n.s.","n.s.","n.s.","gene_size",2,4066,"Srpk1","chr17",28819843,28819868,26,-0.007,1,1
"MmuEX0044939","Srpk2",26,"chr5",23031564,23033714,"-",NA,NA,0,"n.s.",-0.7,"n.s.",1,"n.s.",-1,"n.s.",0,"n.s.",0,"n.s.",0,"n.s.",0.01,0,-0.007,"n.s.","n.s.","n.s.","gene_size",1,17968,"Srpk2","chr5",23731788,23731813,26,-0.001,1,1
"MmuEX0044974","Srrm4",16,"chr5",116903723,116917440,"-",NA,NA,0,"n.s.",3.1,"n.s.",NA,"n.s.",NA,"n.s.",NA,"n.s.",NA,"n.s.",NA,"n.s.",NA,NA,0.031,"n.s.","n.s.","n.s.","gene_size",1,39025,"Srrm4","chr5",116592732,116592747,16,0.128,0.00306135752008045,8.11009023332e-05
"MmuEX0045072","Ssr1",15,"chr13",38071676,38075261,"-","Neural-high","ASD-low",24,"higher",-13.5,"lower",-12,"lower",-3,"n.s.",-5,"n.s.",-14,"lower",-21,"lower",-0.12,-0.14,-0.135,"lower","lower","lower","gene_size",1,10555,"Ssr1","chr13",38167071,38167085,15,0.156,2.10734500767394e-08,7.65822960602e-11
"MmuEX0045375","Stim2",24,"chr5",54501110,54501775,"+",NA,"n.s.",-3,"n.s.",1.3,"n.s.",0,"n.s.",NA,"n.s.",1,"n.s.",1,"n.s.",-2,"n.s.",0,0.01,0.013,"n.s.","n.s.","n.s.","gene_size",1,19401,"Stim2","chr5",54267458,54267481,24,-0.009,1,0.706352344232
"MmuEX0045422","Stk3",21,"chr15",35044413,35045319,"-","Neural-high",NA,30,"higher",NA,"n.s.",-3,"n.s.",-2,"n.s.",NA,"n.s.",NA,"n.s.",NA,"n.s.",-0.03,NA,NA,"n.s.","n.s.","n.s.","gene_size",1,38927,"Stk3","chr15",35115084,35115104,21,0.135,2.32344502416303e-10,5.34350341752e-13
"MmuEX0045519","Stra6",24,"chr9",57988361,57988862,"+",NA,NA,1,"n.s.",NA,"n.s.",NA,NA,NA,NA,NA,"n.s.",0,"n.s.",0,"n.s.",NA,0,NA,NA,"n.s.","n.s.","gene_size",1,61013,"Stra6","chr9",58048142,58048165,24,-0.001,1,1
"MmuEX0045567","Stx16",12,"chr2",173902075,173916121,"+",NA,"n.s.",3,"n.s.",-1.1,"n.s.",-8,"n.s.",-13,"lower",-3,"n.s.",-4,"n.s.",-3,"n.s.",-0.08,-0.04,-0.011,"n.s.","n.s.","n.s.","gene_size",1,45111,"Stx16","chr2",173926439,173926450,12,0.026,5.17101713238718e-05,5.60123166848e-07
"MmuEX0045568","Stx16",15,"chr2",173902075,173916121,"+",NA,NA,0,"n.s.",-0.3,"n.s.",0,"n.s.",0,"n.s.",0,"n.s.",0,"n.s.",0,"n.s.",0,0,-0.003,"n.s.","n.s.","n.s.","gene_size",1,45111,"Stx16","chr2",173926439,173926450,12,0.026,5.17101713238718e-05,5.60123166848e-07
"MmuEX0045681","Suds3",22,"chr5",117548386,117549485,"-",NA,NA,1,"n.s.",-0.1,"n.s.",-1,"n.s.",-1,"n.s.",0,"n.s.",0,"n.s.",0,"n.s.",-0.01,0,-0.001,"n.s.","n.s.","n.s.","gene_size",1,17715,"Suds3","chr5",117237366,117237387,22,0,1,1
"MmuEX0045982","Synj1",24,"chr16",90969620,90974154,"-","Neural-high","n.s.",11,"higher",-41.7,"lower",-66,"lower",-16,"n.s.",-20,"lower",-27,"lower",-34,"lower",-0.66,-0.27,-0.417,"lower","lower","lower","gene_size_contained",3,34261,"Synj1","chr16",90768452,90768475,24,0.045,0.00440086654514968,0.000130107604537
"MmuEX0046161","Taf1",6,"chrX",98785929,98789278,"+","Neural-high","inconsistent",38,"higher",-10.7,"lower",-12,"lower",-10,"n.s.",2,"n.s.",-9,"n.s.",-14,"lower",-0.12,-0.09,-0.107,"lower","n.s.","lower","gene_size",1,560,"Taf1","chrX",100634340,100634345,6,0.201,5.80152882256624e-11,1.16240350678e-13
"MmuEX0046262","Tanc2",30,"chr11",105774804,105776205,"+",NA,"n.s.",5,"n.s.",2.2,"n.s.",0,"n.s.",-2,"n.s.",-2,"n.s.",3,"n.s.",2,"n.s.",0,0.03,0.022,"n.s.","n.s.","n.s.","gene_size",1,61174,"Tanc2","chr11",105804867,105804896,30,0.005,1,0.632426202971
"MmuEX0046481","Tbc1d4",3,"chr14",101858111,101862091,"-","Neural-high",NA,19,"higher",-27.6,"lower",-29,"lower",-8,"n.s.",-3,"n.s.",-19,"lower",-21,"lower",-0.29,-0.19,-0.276,"lower","lower","lower","gene_size",1,7905,"Tbc1d4","chr14",101698135,101698137,3,0.1,0.812693912069383,0.122115959927
"MmuEX0046546","Tbcd",30,"chr11",121411596,121421988,"+",NA,NA,1,"n.s.",2.2,"n.s.",-2,"n.s.",-1,"n.s.",-1,"n.s.",0,"n.s.",-1,"n.s.",-0.02,0,0.022,"n.s.","n.s.","n.s.","gene_size",1,12678,"Tbcd","chr11",121447782,121447811,30,-0.001,1,0.834537895055
"MmuEX0046693","Tcf7l2",25,"chr19",56000540,56005923,"+","Neural-high",NA,NA,NA,-16.2,"lower",NA,NA,NA,"n.s.",NA,"n.s.",NA,NA,NA,NA,NA,NA,-0.162,NA,NA,"lower","gene_size",3,9574,"Tcf7l2","chr19",55916162,55916186,25,0.149,0.252853270275156,0.0242615036747
"MmuEX0046857","Tead1",12,"chr7",119985617,120000311,"+",NA,NA,3,"n.s.",-2.8,"n.s.",0,"n.s.",2,"n.s.",-87,"lower",1,"n.s.",-4,"n.s.",0,0.01,-0.028,"n.s.","n.s.","n.s.","gene_size",2,20497,"Tead1","chr7",112455260,112455271,12,0.02,0.0410853157157637,0.0021617017117
"MmuEX0047379","Tjap1",30,"chr17",46397152,46398084,"-","Neural-high",NA,16,"higher",-32,"lower",-43,"lower",-24,"lower",4,"n.s.",-19,"lower",-16,"lower",-0.43,-0.19,-0.32,"lower","lower","lower","gene_size",1,3506,"Tjap1","chr17",46571806,46571835,30,0.038,0.0299664325498459,0.00143463881539
"MmuEX0047648","Tmeff2",27,"chr1",50995187,51128311,"+",NA,NA,0,"n.s.",-0.6,"n.s.",-4,"n.s.",-6,"n.s.",0,"n.s.",-1,"n.s.",-2,"n.s.",-0.04,-0.01,-0.006,"n.s.","n.s.","n.s.","gene_size",1,29210,"Tmeff2","chr1",50982356,50982382,27,0.005,1,1
"MmuEX0047851","Tmem184b",21,"chr15",79193316,79195714,"-","Neural-high",NA,36,"higher",-16.6,"lower",-17,"lower",-20,"lower",-20,"lower",-20,"lower",-14,"lower",-0.17,-0.2,-0.166,"lower","lower","lower","gene_size",1,6935,"Tmem184b","chr15",79247858,79247878,21,0.074,0.00889835187571093,0.000307906313917
"MmuEX0048292","Tnik",24,"chr3",28522031,28529352,"+","Neural-high","n.s.",34,"higher",-19.5,"lower",-24,"lower",-21,"lower",13,"n.s.",-6,"n.s.",1,"n.s.",-0.24,-0.06,-0.195,"lower","n.s.","lower","gene_size",1,45657,"Tnik","chr3",28679348,28679371,24,0.176,3.79978041575934e-08,1.46758605268e-10
"MmuEX0048341","Tnnt2",9,"chr1",137746038,137747287,"+",NA,NA,NA,NA,2.1,"n.s.",NA,NA,NA,NA,NA,NA,NA,NA,NA,"n.s.",NA,NA,0.021,NA,NA,"n.s.","gene_size",1,25356,"Tnnt2","chr1",135769753,135769764,12,-0.265,1,1
"MmuEX0048384","Tnrc6a",22,"chr7",130287352,130306007,"+",NA,NA,-2,"n.s.",0.8,"n.s.",0,"n.s.",-3,"n.s.",-1,"n.s.",-2,"n.s.",-1,"n.s.",0,-0.02,0.008,"n.s.","n.s.","n.s.","gene_size",3,29638,"Tnrc6a","chr7",122751387,122751408,22,0.014,0.0346507339205391,0.00174041448968
"MmuEX0048399","Tnrc6c",22,"chr11",117562139,117575439,"+",NA,NA,1,"n.s.",0,"n.s.",0,"n.s.",2,"n.s.",3,"n.s.",-2,"n.s.",-2,"n.s.",0,-0.02,0,"n.s.","n.s.","n.s.","gene_size",1,12988,"Tnrc6c","chr11",117593205,117593226,22,0.004,1,0.731985592169
"MmuEX0048571","Tpd52",27,"chr3",8936481,8944610,"-",NA,"n.s.",11,"higher",2.1,"n.s.",8,"n.s.",-11,"lower",NA,NA,3,"n.s.",-1,"n.s.",0.08,0.03,0.021,"n.s.","n.s.","n.s.","gene_size",2,33363,"Tpd52","chr3",9008611,9008637,27,0.314,4.42357879944787e-07,2.31657892868e-09
"MmuEX0048789","Trappc8",18,"chr18",21013578,21018933,"-","Neural-high",NA,NA,"n.s.",-16.5,"lower",NA,NA,-2,"n.s.",NA,NA,NA,"n.s.",-6,"n.s.",NA,NA,-0.165,NA,"n.s.","lower","gene_size",1,2770,"Trappc8","chr18",20988878,20988895,18,0.11,7.28534664518961e-06,5.64041690021e-08
"MmuEX0048796","Trappc9",27,"chr15",72862074,72881024,"-","Neural-high","ASD-low",-5,"n.s.",3.3,"n.s.",3,"n.s.",-10,"lower",-3,"n.s.",-7,"n.s.",-3,"n.s.",0.03,-0.07,0.033,"n.s.","n.s.","n.s.","gene_size",1,43810,"Trappc9","chr15",72914026,72914052,27,0.029,1,0.294227178974
"MmuEX0048920","Trim41",23,"chr11",48621860,48622551,"-",NA,"n.s.",0,"n.s.",-0.4,"n.s.",-1,"n.s.",-2,"n.s.",-2,"n.s.",0,"n.s.",-3,"n.s.",-0.01,0,-0.004,"n.s.","n.s.","n.s.","gene_size",1,65857,"Trim41","chr11",48699292,48699314,23,-0.006,1,0.860572809335
"MmuEX0048944","Trim68",23,"chr7",109827651,109828650,"-",NA,NA,2,"n.s.",-1,"n.s.",-5,"n.s.",-8,"n.s.",0,"n.s.",-1,"n.s.",2,"n.s.",-0.05,-0.01,-0.01,"n.s.","n.s.","n.s.","gene_size",1,17640,"Trim68","chr7",102328881,102328903,23,0.054,0.015767805836461,0.000635296332485
"MmuEX0049240","Trrap",21,"chr5",145568261,145572763,"+","Neural-high",NA,NA,NA,-16.3,"lower",NA,NA,NA,NA,NA,NA,-12,"n.s.",NA,NA,NA,-0.12,-0.163,NA,"n.s.","lower","gene_size",2,30013,"Trrap","chr5",144747142,144747162,21,0.291,2.55299855330539e-11,4.84057238737e-14
"MmuEX0050127","Ube2b",26,"chr11",51804986,51811319,"-",NA,NA,0,"n.s.",-0.1,"n.s.",0,"n.s.",0,"n.s.",0,"n.s.",0,"n.s.",0,"n.s.",0,0,-0.001,"n.s.","n.s.","n.s.","gene_size",3,65978,"Ube2b","chr11",51886201,51886226,26,0.5,1,1
"MmuEX0050439","Uckl1",17,"chr2",181305304,181307778,"-",NA,NA,2,"n.s.",-0.5,"n.s.",-2,"n.s.",-5,"n.s.",-1,"n.s.",0,"n.s.",-4,"n.s.",-0.02,0,-0.005,"n.s.","n.s.","n.s.","gene_size",1,45410,"Uckl1","chr2",181214263,181214279,17,-0.002,1,1
"MmuEX0050467","Uggt1",24,"chr1",36233173,36234362,"-","Neural-high","inconsistent",1,"n.s.",-6.4,"n.s.",-8,"n.s.",-3,"n.s.",-78,"lower",-1,"n.s.",-17,"lower",-0.08,-0.01,-0.064,"n.s.","n.s.","n.s.","gene_size",1,55316,"Uggt1","chr1",36215857,36215880,24,0.004,1,1
"MmuEX0050589","Unc13a",6,"chr8",74161827,74163598,"-",NA,NA,1,"n.s.",-19.7,"lower",-46,"lower",-12,"lower",0,"n.s.",-18,"lower",-31,"lower",-0.46,-0.18,-0.197,"lower","lower","lower","gene_size",2,56597,"Unc13a","chr8",72091861,72091866,6,0.061,0.42144848265264,0.0484849617602
"MmuEX0050593","Unc13a",30,"chr8",74189978,74195498,"-",NA,NA,41,"higher",1.7,"n.s.",0,"n.s.",-27,"lower",18,"higher",-4,"n.s.",-7,"n.s.",0,-0.04,0.017,"n.s.","n.s.","n.s.","gene_size_contained",2,56606,"Unc13a","chr8",72119285,72119314,30,-0.002,1,0.927442544572
"MmuEX0050646","Unc79",29,"chr12",104285909,104297528,"+",NA,NA,17,"higher",1.2,"n.s.",-18,"n.s.",-23,"lower",NA,NA,NA,"n.s.",NA,"n.s.",-0.18,NA,0.012,"n.s.","n.s.","n.s.","gene_size",1,33103,"Unc79","chr12",103016154,103016182,29,0.285,5.84596770543621e-05,6.48628287747e-07
"MmuEX0051075","Usp53",25,"chr3",122672168,122687199,"-",NA,NA,NA,"n.s.",NA,"n.s.",-4,"n.s.",-4,"n.s.",NA,"n.s.",NA,"n.s.",NA,"n.s.",-0.04,NA,NA,"n.s.","n.s.","n.s.","gene_size",1,35138,"Usp53","chr3",122776334,122776358,25,0.019,0.0314665065319414,0.00152468457415
"MmuEX0051211","Uxs1",28,"chr1",43862520,43884459,"-",NA,NA,1,"n.s.",2.6,"n.s.",0,"n.s.",-1,"n.s.",-1,"n.s.",0,"n.s.",-4,"n.s.",0,0,0.026,"n.s.","n.s.","n.s.","gene_size",1,27918,"Uxs1","chr1",43846510,43846537,28,-0.001,1,1
"MmuEX0051281","Vav2",15,"chr2",27154993,27157527,"-","Neural-high",NA,-1,"n.s.",-59.7,"lower",-75,"lower",-20,"lower",-1,"n.s.",-14,"lower",-35,"lower",-0.75,-0.14,-0.597,"lower","lower","lower","gene_size_contained",2,35255,"Vav2","chr2",27190442,27190456,15,0.055,0.00320893329691104,8.60244929756e-05
"MmuEX0051282","Vav2",15,"chr2",27138939,27141152,"-","Neural-high","ASD-low",16,"higher",-63,"lower",-73,"lower",-10,"n.s.",-7,"n.s.",-17,"lower",-38,"lower",-0.73,-0.17,-0.63,"lower","lower","lower","gene_size_contained",2,35252,"Vav2","chr2",27174851,27174865,15,0.087,7.81295483472405e-08,3.34678285085e-10
"MmuEX0051509","Vps28",29,"chr15",76454916,76455563,"-",NA,NA,0,"n.s.",-0.2,"n.s.",-1,"n.s.",0,"n.s.",0,"n.s.",0,"n.s.",-1,"n.s.",-0.01,0,-0.002,"n.s.","n.s.","n.s.","gene_size",1,7064,"Vps28","chr15",76508792,76508820,29,-0.001,1,1
"MmuEX0051510","Vps29",12,"chr5",122804475,122810021,"+",NA,"n.s.",-10,"lower",7.1,"n.s.",-6,"n.s.",-21,"lower",-15,"lower",-1,"n.s.",2,"n.s.",-0.06,-0.01,0.071,"n.s.","n.s.","n.s.","gene_size",5,53635,"Vps29","chr5",122494857,122494868,12,0.163,0.00350628173276468,9.67243304885e-05
"MmuEX0051588","Vps8",6,"chr16",21448477,21456301,"+","Neural-high","ASD-low",47,"higher",-0.6,"n.s.",0,"n.s.",-1,"n.s.",0,"n.s.",0,"n.s.",1,"n.s.",0,0,-0.006,"n.s.","n.s.","n.s.","gene_size",1,5534,"Vps8","chr16",21270106,21270111,6,0.07,8.26411004989398e-10,2.21977991544e-12
"MmuEX0051652","Vti1a",21,"chr19",55455510,55466273,"+","Neural-high","ASD-low",46,"higher",-10.9,"n.s.",-26,"lower",-21,"lower",14,"n.s.",-17,"lower",NA,NA,-0.26,-0.17,-0.109,"lower","lower","n.s.","gene_size",3,15145,"Vti1a","chr19",55375621,55375641,21,0.293,0.0119092933064956,0.000445754346473
"MmuEX0052215","Wnk1",27,"chr6",119877253,119884273,"-",NA,"ASD-low",11,"higher",-0.8,"n.s.",-1,"n.s.",NA,"n.s.",NA,"n.s.",NA,"n.s.",NA,"n.s.",-0.01,NA,-0.008,"n.s.","n.s.","n.s.","gene_size",3,45469,"Wnk1","chr6",119905084,119905110,27,0.058,0.000174858579649748,2.41285868585e-06
"MmuEX0052595","Ythdf3",25,"chr3",16083521,16089477,"+",NA,NA,1,"n.s.",-0.7,"n.s.",0,"n.s.",0,"n.s.",1,"n.s.",-2,"n.s.",1,"n.s.",0,-0.02,-0.007,"n.s.","n.s.","n.s.","gene_size",3,45764,"Ythdf3","chr3",16238086,16238110,25,-0.123,1,0.233146219254
"MmuEX0052888","Zdhhc15",27,"chrX",101793526,101866002,"-",NA,NA,-1,"n.s.",1,"n.s.",0,"n.s.",-4,"n.s.",0,"n.s.",1,"n.s.",0,"n.s.",0,0.01,0.01,"n.s.","n.s.","n.s.","gene_size",3,529,"Zdhhc15","chrX",103676190,103676216,27,0.052,0.81548631537663,0.122832239156
"MmuEX0052911","Zdhhc2",27,"chr8",41509524,41532404,"+",NA,NA,2,"n.s.",-0.9,"n.s.",-1,"n.s.",-4,"n.s.",-1,"n.s.",-1,"n.s.",-1,"n.s.",-0.01,-0.01,-0.009,"n.s.","n.s.","n.s.","gene_size",3,57314,"Zdhhc2","chr8",40898819,40898845,27,0.028,0.000209975071491567,3.0117033305e-06
"MmuEX0053465","Zfp57",30,"chr17",37139723,37141741,"+",NA,NA,1,"n.s.",-5.5,"n.s.",NA,"n.s.",NA,"n.s.",NA,"n.s.",2,"n.s.",2,"n.s.",NA,0.02,-0.055,"n.s.","n.s.","n.s.","gene_size",2,3627,"Zfp57","chr17",37314178,37314207,30,-0.007,1,1
"MmuEX0053758","Zfr",24,"chr15",12048094,12066150,"+",NA,NA,-1,"n.s.",NA,"n.s.",0,"n.s.",-2,"n.s.",-2,"n.s.",NA,"n.s.",-1,"n.s.",0,NA,NA,"n.s.","n.s.","n.s.","gene_size",1,53931,"Zfr","chr15",12135353,12135376,24,0.008,0.0671442507652499,0.00414474145522
"MmuEX0053823","Zfyve27",21,"chr19",42258680,42260294,"+","Neural-high","ASD-low",11,"higher",-51.2,"lower",-47,"lower",NA,"n.s.",NA,"n.s.",-13,"lower",-37,"lower",-0.47,-0.13,-0.512,"lower","lower","lower","gene_size",1,1215,"Zfyve27","chr19",42174059,42174079,21,0.131,0.0409838238074037,0.00215492270682
"MmuEX0053985","Zmynd8",12,"chr2",165677649,165701204,"-","Neural-high",NA,12,"higher",-7.7,"n.s.",-20,"lower",-18,"lower",8,"n.s.",-10,"n.s.",-6,"n.s.",-0.2,-0.1,-0.077,"lower","n.s.","n.s.","gene_size",2,24115,"Zmynd8","chr2",165694788,165694799,12,0.206,2.98823603224726e-12,4.77395900589e-15
"MmuEX0054077","Zswim7",22,"chr11",62087317,62094758,"-",NA,NA,0,"n.s.",1.1,"n.s.",-7,"n.s.",-3,"n.s.",-4,"n.s.",NA,"n.s.",-13,"n.s.",-0.07,NA,0.011,"n.s.","n.s.","n.s.","gene_size",1,52739,"Zswim7","chr11",62167444,62167465,22,0,1,1
