"event_id","GeneID","geneSymbol","chr","exonStart_0base","exonEnd","exon_length","size_category","dPSI","FDR","direction"
"ENSMUSG00000095041_chrJH584304.1_56985_57151","ENSMUSG00000095041","ENSMUSG00000095041","chrJH584304.1",56985,57151,166,"Regular (>50bp)",-0.115,2.23977840969747e-06,"Exclusion"
"ENSMUSG00000040621_chrX_164961529_164961638","ENSMUSG00000040621","Gemin8","chrX",164961529,164961638,109,"Regular (>50bp)",0.158,0.0180314590837754,"Inclusion"
"ENSMUSG00000025261_chrX_150586751_150586798","ENSMUSG00000025261","Huwe1","chrX",150586751,150586798,47,"Small (30-50bp)",0.183,0.00141797295325857,"Inclusion"
"ENSMUSG00000041229_chrX_150355361_150355664","ENSMUSG00000041229","Phf8","chrX",150355361,150355664,303,"Regular (>50bp)",-0.162,5.82565132619382e-05,"Exclusion"
"ENSMUSG00000031433_chrX_138892264_138892336","ENSMUSG00000031433","Rbm41","chrX",138892264,138892336,72,"Regular (>50bp)",-0.106,0.0303375965092825,"Exclusion"
"ENSMUSG00000087368_chrX_135661166_135661324","ENSMUSG00000087368","BC065397","chrX",135661166,135661324,158,"Regular (>50bp)",-0.114,0.00648505783723075,"Exclusion"
"ENSMUSG00000031156_chrX_7758378_7759654","ENSMUSG00000031156","Slc35a2","chrX",7758378,7759654,1276,"Regular (>50bp)",-0.102,0.000336218499461787,"Exclusion"
"ENSMUSG00000031153_chrX_7666774_7666822","ENSMUSG00000031153","Gripap1","chrX",7666774,7666822,48,"Small (30-50bp)",-0.161,0,"Exclusion"
"ENSMUSG00000031153_chrX_7669832_7669925","ENSMUSG00000031153","Gripap1","chrX",7669832,7669925,93,"Regular (>50bp)",-0.139,6.63011849973594e-10,"Exclusion"
"ENSMUSG00000025217_chr19_45411571_45411679","ENSMUSG00000025217","Btrc","chr19",45411571,45411679,108,"Regular (>50bp)",-0.135,1.08455768614005e-10,"Exclusion"
"ENSMUSG00000035342_chr19_45003292_45003392","ENSMUSG00000035342","Lzts2","chr19",45003292,45003392,100,"Regular (>50bp)",0.455,5.53412016750923e-05,"Inclusion"
"ENSMUSG00000025157_chr19_41928295_41928343","ENSMUSG00000025157","Zdhhc16","chr19",41928295,41928343,48,"Small (30-50bp)",-0.135,0.000496877625633642,"Exclusion"
"ENSMUSG00000024754_chr19_21757534_21757616","ENSMUSG00000024754","Cemip2","chr19",21757534,21757616,82,"Regular (>50bp)",0.115,0.000197172422920368,"Inclusion"
"ENSMUSG00000024743_chr19_10399120_10399252","ENSMUSG00000024743","Syt7","chr19",10399120,10399252,132,"Regular (>50bp)",0.118,2.46393202228475e-05,"Inclusion"
"ENSMUSG00000024743_chr19_10407701_10407824","ENSMUSG00000024743","Syt7","chr19",10407701,10407824,123,"Regular (>50bp)",0.13,0.0111636550323676,"Inclusion"
"ENSMUSG00000075289_chr19_4225003_4225030","ENSMUSG00000075289","Carns1","chr19",4225003,4225030,27,"Microexon (0-30bp)",0.185,0.0411710677011618,"Inclusion"
"ENSMUSG00000056153_chr18_88905115_88905189","ENSMUSG00000056153","Socs6","chr18",88905115,88905189,74,"Regular (>50bp)",0.353,7.41139779483175e-08,"Inclusion"
"ENSMUSG00000024530_chr18_67611019_67611131","ENSMUSG00000024530","Prelid3a","chr18",67611019,67611131,112,"Regular (>50bp)",-0.203,0.0015288687022046,"Exclusion"
"ENSMUSG00000032735_chr18_61938707_61938715","ENSMUSG00000032735","Ablim3","chr18",61938707,61938715,8,"Microexon (0-30bp)",-0.145,0.00680940737724422,"Exclusion"
"ENSMUSG00000040929_chr19_27960253_27960346","ENSMUSG00000040929","Rfx3","chr19",27960253,27960346,93,"Regular (>50bp)",0.134,0.00273950414669109,"Inclusion"
"ENSMUSG00000019143_chr18_36922209_36922337","ENSMUSG00000019143","Hars2","chr18",36922209,36922337,128,"Regular (>50bp)",-0.179,0.000544633605833699,"Exclusion"
"ENSMUSG00000036501_chr18_34592409_34592475","ENSMUSG00000036501","Fam13b","chr18",34592409,34592475,66,"Regular (>50bp)",0.116,0,"Inclusion"
"ENSMUSG00000041225_chr18_6115813_6115850","ENSMUSG00000041225","Arhgap12","chr18",6115813,6115850,37,"Small (30-50bp)",0.116,0.0490154190451444,"Inclusion"
"ENSMUSG00000034647_chr17_66349527_66349596","ENSMUSG00000034647","Ankrd12","chr17",66349527,66349596,69,"Regular (>50bp)",0.138,9.80650514915959e-09,"Inclusion"
"ENSMUSG00000040828_chr17_56966528_56966581","ENSMUSG00000040828","Catsperd","chr17",56966528,56966581,53,"Regular (>50bp)",-0.263,0.00117353483279512,"Exclusion"
"ENSMUSG00000013236_chr17_56733386_56733504","ENSMUSG00000013236","Ptprs","chr17",56733386,56733504,118,"Regular (>50bp)",0.135,0,"Inclusion"
"ENSMUSG00000013236_chr17_56734790_56734817","ENSMUSG00000013236","Ptprs","chr17",56734790,56734817,27,"Microexon (0-30bp)",-0.124,0,"Exclusion"
"ENSMUSG00000003198_chr17_56199757_56199860","ENSMUSG00000003198","Zfp959","chr17",56199757,56199860,103,"Regular (>50bp)",0.291,3.9339154757188e-06,"Inclusion"
"ENSMUSG00000061130_chr17_85322836_85322863","ENSMUSG00000061130","Ppm1b","chr17",85322836,85322863,27,"Microexon (0-30bp)",0.145,0.00672431491383747,"Inclusion"
"ENSMUSG00000094707_chr19_35865634_35865860","ENSMUSG00000094707","A830019P07Rik","chr19",35865634,35865860,226,"Regular (>50bp)",0.197,4.17895702909678e-05,"Inclusion"
"ENSMUSG00000023952_chr17_46473959_46474139","ENSMUSG00000023952","Gtpbp2","chr17",46473959,46474139,180,"Regular (>50bp)",0.129,0.00771491931129666,"Inclusion"
"ENSMUSG00000023942_chr17_45904257_45904358","ENSMUSG00000023942","Slc29a1","chr17",45904257,45904358,101,"Regular (>50bp)",0.117,1.78279092179806e-05,"Inclusion"
"ENSMUSG00000023942_chr17_45904257_45904489","ENSMUSG00000023942","Slc29a1","chr17",45904257,45904489,232,"Regular (>50bp)",0.101,0.0290812604036087,"Inclusion"
"ENSMUSG00000079491_chr17_36431076_36431324","ENSMUSG00000079491","H2-T10","chr17",36431076,36431324,248,"Regular (>50bp)",-0.245,2.74560092304994e-07,"Exclusion"
"ENSMUSG00000015452_chr17_34819324_34819351","ENSMUSG00000015452","Ager","chr17",34819324,34819351,27,"Microexon (0-30bp)",-0.122,0.0171914712868452,"Exclusion"
"ENSMUSG00000024027_chr17_31144491_31144651","ENSMUSG00000024027","Glp1r","chr17",31144491,31144651,160,"Regular (>50bp)",-0.102,0.0127620577758632,"Exclusion"
"ENSMUSG00000024008_chr17_29421828_29421879","ENSMUSG00000024008","Cpne5","chr17",29421828,29421879,51,"Regular (>50bp)",-0.14,0.00699309370813126,"Exclusion"
"ENSMUSG00000064147_chr17_29355240_29355336","ENSMUSG00000064147","Rab44","chr17",29355240,29355336,96,"Regular (>50bp)",-0.126,0.000624453833887834,"Exclusion"
"ENSMUSG00000073430_chr17_27562274_27562556","ENSMUSG00000073430","Gm10505","chr17",27562274,27562556,282,"Regular (>50bp)",-0.239,0.00187057145295122,"Exclusion"
"ENSMUSG00000057789_chr17_27240636_27240656","ENSMUSG00000057789","Bak1","chr17",27240636,27240656,20,"Microexon (0-30bp)",-0.298,0,"Exclusion"
"ENSMUSG00000048731_chr17_27241224_27241314","ENSMUSG00000048731","Ggnbp1","chr17",27241224,27241314,90,"Regular (>50bp)",0.301,0.00745152073852607,"Inclusion"
"ENSMUSG00000037326_chr17_26179038_26179205","ENSMUSG00000037326","Capn15","chr17",26179038,26179205,167,"Regular (>50bp)",-0.262,0.000279005037004893,"Exclusion"
"ENSMUSG00000025728_chr17_26150435_26150547","ENSMUSG00000025728","Pigq","chr17",26150435,26150547,112,"Regular (>50bp)",-0.158,2.52250847565998e-12,"Exclusion"
"ENSMUSG00000025728_chr17_26150435_26150647","ENSMUSG00000025728","Pigq","chr17",26150435,26150647,212,"Regular (>50bp)",-0.172,8.23979773301535e-12,"Exclusion"
"ENSMUSG00000025728_chr17_26150647_26151205","ENSMUSG00000025728","Pigq","chr17",26150647,26151205,558,"Regular (>50bp)",-0.253,2.58657996923983e-05,"Exclusion"
"ENSMUSG00000067931_chr17_21789310_21789389","ENSMUSG00000067931","Zfp948","chr17",21789310,21789389,79,"Regular (>50bp)",0.128,9.00811004318081e-08,"Inclusion"
"ENSMUSG00000080316_chr17_18051335_18051524","ENSMUSG00000080316","Spaca6","chr17",18051335,18051524,189,"Regular (>50bp)",-0.21,0.000482402194760032,"Exclusion"
"ENSMUSG00000116953_chr17_15206035_15206172","ENSMUSG00000116953","9030025P20Rik","chr17",15206035,15206172,137,"Regular (>50bp)",-0.144,0.000971842292938529,"Exclusion"
"ENSMUSG00000034377_chr17_6172102_6172619","ENSMUSG00000034377","Tulp4","chr17",6172102,6172619,517,"Regular (>50bp)",-0.497,0.000230168188191636,"Exclusion"
"ENSMUSG00000051297_chr16_92275500_92275856","ENSMUSG00000051297","2410124H12Rik","chr16",92275500,92275856,356,"Regular (>50bp)",-0.137,0.00527934160890402,"Exclusion"
"ENSMUSG00000051297_chr16_92288901_92289063","ENSMUSG00000051297","2410124H12Rik","chr16",92288901,92289063,162,"Regular (>50bp)",-0.151,0.00263253452481482,"Exclusion"
"ENSMUSG00000051297_chr16_92288901_92289063","ENSMUSG00000051297","2410124H12Rik","chr16",92288901,92289063,162,"Regular (>50bp)",-0.209,6.47204161820732e-05,"Exclusion"
"ENSMUSG00000051827_chrX_36511141_36511190","ENSMUSG00000051827","Rhox2a","chrX",36511141,36511190,49,"Small (30-50bp)",-0.265,0.0194447861296908,"Exclusion"
"ENSMUSG00000055447_chr16_49728416_49728441","ENSMUSG00000055447","Cd47","chr16",49728416,49728441,25,"Microexon (0-30bp)",-0.137,1.9594570408698e-08,"Exclusion"
"ENSMUSG00000055447_chr16_49729065_49729098","ENSMUSG00000055447","Cd47","chr16",49729065,49729098,33,"Small (30-50bp)",-0.186,7.70420377242862e-05,"Exclusion"
"ENSMUSG00000068284_chr16_44019475_44019530","ENSMUSG00000068284","Usf3","chr16",44019475,44019530,55,"Regular (>50bp)",-0.103,0.00284959375323349,"Exclusion"
"ENSMUSG00000022791_chr16_32484703_32484774","ENSMUSG00000022791","Tnk2","chr16",32484703,32484774,71,"Regular (>50bp)",0.327,3.73231324444531e-05,"Inclusion"
"ENSMUSG00000116570_chr16_30609387_30609532","ENSMUSG00000116570","Gm49754","chr16",30609387,30609532,145,"Regular (>50bp)",-0.252,0.0105944547275268,"Exclusion"
"ENSMUSG00000022884_chr16_22931100_22931207","ENSMUSG00000022884","Eif4a2","chr16",22931100,22931207,107,"Regular (>50bp)",0.111,2.25506611343497e-10,"Inclusion"
"ENSMUSG00000097290_chr16_21625720_21625869","ENSMUSG00000097290","1300002E11Rik","chr16",21625720,21625869,149,"Regular (>50bp)",-0.102,0.00479052707319818,"Exclusion"
"ENSMUSG00000046613_chr16_20409104_20409281","ENSMUSG00000046613","Vwa5b2","chr16",20409104,20409281,177,"Regular (>50bp)",-0.172,0.0287741506516248,"Exclusion"
"ENSMUSG00000046613_chr16_20414924_20415080","ENSMUSG00000046613","Vwa5b2","chr16",20414924,20415080,156,"Regular (>50bp)",-0.141,8.13939243889258e-06,"Exclusion"
"ENSMUSG00000062901_chr16_19920741_19920804","ENSMUSG00000062901","Klhl24","chr16",19920741,19920804,63,"Regular (>50bp)",0.104,0.0103725740400822,"Inclusion"
"ENSMUSG00000022702_chr16_18714652_18714796","ENSMUSG00000022702","Hira","chr16",18714652,18714796,144,"Regular (>50bp)",-0.109,3.14369242366577e-05,"Exclusion"
"ENSMUSG00000022773_chr16_16895638_16895918","ENSMUSG00000022773","Ypel1","chr16",16895638,16895918,280,"Regular (>50bp)",-0.122,0.000330424867935669,"Exclusion"
"ENSMUSG00000022788_chr16_16308286_16308470","ENSMUSG00000022788","Fgd4","chr16",16308286,16308470,184,"Regular (>50bp)",0.128,0.0225210687912237,"Inclusion"
"ENSMUSG00000050908_chr16_10245921_10245975","ENSMUSG00000050908","Tvp23a","chr16",10245921,10245975,54,"Regular (>50bp)",0.105,0.0172732859767411,"Inclusion"
"ENSMUSG00000009575_chr15_103123448_103123548","ENSMUSG00000009575","Cbx5","chr15",103123448,103123548,100,"Regular (>50bp)",0.311,0.00128737049294719,"Inclusion"
"ENSMUSG00000009575_chr15_103123448_103123552","ENSMUSG00000009575","Cbx5","chr15",103123448,103123552,104,"Regular (>50bp)",0.321,0.0014298572307188,"Inclusion"
"ENSMUSG00000037475_chrX_40986668_40986727","ENSMUSG00000037475","Thoc2","chrX",40986668,40986727,59,"Regular (>50bp)",-0.231,0.0097359286925878,"Exclusion"
"ENSMUSG00000023050_chr15_102417724_102417813","ENSMUSG00000023050","Map3k12","chr15",102417724,102417813,89,"Regular (>50bp)",0.115,0.0216014315515601,"Inclusion"
"ENSMUSG00000023050_chr15_102418353_102418440","ENSMUSG00000023050","Map3k12","chr15",102418353,102418440,87,"Regular (>50bp)",0.171,0.0185884838429135,"Inclusion"
"ENSMUSG00000023044_chr15_102097321_102097397","ENSMUSG00000023044","Csad","chr15",102097321,102097397,76,"Regular (>50bp)",0.143,0.0037533753006842,"Inclusion"
"ENSMUSG00000023044_chr15_102097321_102097397","ENSMUSG00000023044","Csad","chr15",102097321,102097397,76,"Regular (>50bp)",0.135,0.0216734952991413,"Inclusion"
"ENSMUSG00000022475_chr15_97706540_97706651","ENSMUSG00000022475","Hdac7","chr15",97706540,97706651,111,"Regular (>50bp)",-0.378,9.60064946502414e-10,"Exclusion"
"ENSMUSG00000097727_chr17_46090184_46090317","ENSMUSG00000097727","F630040K05Rik","chr17",46090184,46090317,133,"Regular (>50bp)",0.389,3.59910046937619e-06,"Inclusion"
"ENSMUSG00000062906_chr15_89010832_89010909","ENSMUSG00000062906","Hdac10","chr15",89010832,89010909,77,"Regular (>50bp)",-0.108,2.82998662966219e-05,"Exclusion"
"ENSMUSG00000073468_chr17_8537675_8537762","ENSMUSG00000073468","Sft2d1","chr17",8537675,8537762,87,"Regular (>50bp)",0.266,0.0251027115933998,"Inclusion"
"ENSMUSG00000004187_chr15_76545679_76545818","ENSMUSG00000004187","Kifc2","chr15",76545679,76545818,139,"Regular (>50bp)",-0.114,5.4355347062181e-06,"Exclusion"
"ENSMUSG00000004187_chr15_76550428_76550550","ENSMUSG00000004187","Kifc2","chr15",76550428,76550550,122,"Regular (>50bp)",-0.102,0.00324266393104662,"Exclusion"
"ENSMUSG00000022564_chr15_76132648_76132849","ENSMUSG00000022564","Grina","chr15",76132648,76132849,201,"Regular (>50bp)",-0.271,0.00279019966061005,"Exclusion"
"ENSMUSG00000022377_chr15_64025692_64025701","ENSMUSG00000022377","Asap1","chr15",64025692,64025701,9,"Microexon (0-30bp)",-0.105,3.36458407431524e-12,"Exclusion"
"ENSMUSG00000022377_chr15_64025692_64025701","ENSMUSG00000022377","Asap1","chr15",64025692,64025701,9,"Microexon (0-30bp)",-0.223,1.06657471876529e-08,"Exclusion"
"ENSMUSG00000050891_chr15_58781421_58781498","ENSMUSG00000050891","Tatdn1","chr15",58781421,58781498,77,"Regular (>50bp)",-0.109,0.0278656225029362,"Exclusion"
"ENSMUSG00000022364_chr15_57786352_57786531","ENSMUSG00000022364","Tbc1d31","chr15",57786352,57786531,179,"Regular (>50bp)",0.285,0.000181330356383035,"Inclusion"
"ENSMUSG00000037386_chr15_39398233_39398413","ENSMUSG00000037386","Rims2","chr15",39398233,39398413,180,"Regular (>50bp)",0.12,0.000735927263056296,"Inclusion"
"ENSMUSG00000039065_chr15_31606056_31606334","ENSMUSG00000039065","Atpsckmt","chr15",31606056,31606334,278,"Regular (>50bp)",0.191,0.000141988828635254,"Inclusion"
"ENSMUSG00000022263_chr15_27748006_27748228","ENSMUSG00000022263","Trio","chr15",27748006,27748228,222,"Regular (>50bp)",0.112,2.42694366486411e-05,"Inclusion"
"ENSMUSG00000079105_chr15_5061368_5061615","ENSMUSG00000079105","C7","chr15",5061368,5061615,247,"Regular (>50bp)",-0.153,0.00420360995311163,"Exclusion"
"ENSMUSG00000022012_chr14_77506246_77506317","ENSMUSG00000022012","Enox1","chr14",77506246,77506317,71,"Regular (>50bp)",0.115,0.000352031808409297,"Inclusion"
"ENSMUSG00000022362_chr15_57895379_57895475","ENSMUSG00000022362","Gm29394","chr15",57895379,57895475,96,"Regular (>50bp)",0.125,3.79658950090483e-11,"Inclusion"
"ENSMUSG00000033730_chr14_70315472_70315525","ENSMUSG00000033730","Egr3","chr14",70315472,70315525,53,"Regular (>50bp)",0.126,0.000400727200939585,"Inclusion"
"ENSMUSG00000022044_chr14_66596127_66596180","ENSMUSG00000022044","Stmn4","chr14",66596127,66596180,53,"Regular (>50bp)",0.11,6.8547636495382e-05,"Inclusion"
"ENSMUSG00000021978_chr14_65317828_65317964","ENSMUSG00000021978","Extl3","chr14",65317828,65317964,136,"Regular (>50bp)",-0.177,0.00569017633956203,"Exclusion"
"ENSMUSG00000031389_chrX_72949762_72949825","ENSMUSG00000031389","Arhgap4","chrX",72949762,72949825,63,"Regular (>50bp)",-0.256,0.00549118627373868,"Exclusion"
"ENSMUSG00000022185_chr14_54890670_54890735","ENSMUSG00000022185","Acin1","chr14",54890670,54890735,65,"Regular (>50bp)",0.106,2.27821930614206e-06,"Inclusion"
"ENSMUSG00000022185_chr14_54890670_54890774","ENSMUSG00000022185","Acin1","chr14",54890670,54890774,104,"Regular (>50bp)",0.125,5.79776064955045e-07,"Inclusion"
"ENSMUSG00000053754_chr14_52439600_52439780","ENSMUSG00000053754","Chd8","chr14",52439600,52439780,180,"Regular (>50bp)",-0.146,3.5459543347679e-12,"Exclusion"
"ENSMUSG00000049295_chr14_52252404_52252509","ENSMUSG00000049295","Zfp219","chr14",52252404,52252509,105,"Regular (>50bp)",-0.138,0.00457183343929406,"Exclusion"
"ENSMUSG00000022515_chr16_4775831_4776030","ENSMUSG00000022515","Anks3","chr16",4775831,4776030,199,"Regular (>50bp)",-0.109,0.00367992813426096,"Exclusion"
"ENSMUSG00000022515_chr16_4778260_4778432","ENSMUSG00000022515","Anks3","chr16",4778260,4778432,172,"Regular (>50bp)",-0.107,0.0014191973992394,"Exclusion"
"ENSMUSG00000090799_chr14_51129831_51130756","ENSMUSG00000090799","Klhl33","chr14",51129831,51130756,925,"Regular (>50bp)",-0.217,0.0280012225533749,"Exclusion"
"ENSMUSG00000054051_chr14_32238903_32239335","ENSMUSG00000054051","Ercc6","chr14",32238903,32239335,432,"Regular (>50bp)",-0.136,0.000684350234777259,"Exclusion"
"ENSMUSG00000048279_chr14_61436051_61436078","ENSMUSG00000048279","Sacs","chr14",61436051,61436078,27,"Microexon (0-30bp)",0.166,0.0455419660223283,"Inclusion"
"ENSMUSG00000025290_chr14_24544119_24544137","ENSMUSG00000025290","Rps24","chr14",24544119,24544137,18,"Microexon (0-30bp)",-0.36,0,"Exclusion"
"ENSMUSG00000034235_chr14_20631524_20631695","ENSMUSG00000034235","Usp54","chr14",20631524,20631695,171,"Regular (>50bp)",-0.221,0.00163920755991979,"Exclusion"
"ENSMUSG00000039599_chr14_20427842_20428067","ENSMUSG00000039599","Fam149b","chr14",20427842,20428067,225,"Regular (>50bp)",-0.112,0.000602324603802264,"Exclusion"
"ENSMUSG00000051984_chr19_44514654_44514754","ENSMUSG00000051984","Sec31b","chr19",44514654,44514754,100,"Regular (>50bp)",-0.138,0.0177730572840249,"Exclusion"
"ENSMUSG00000062822_chr13_119601100_119601226","ENSMUSG00000062822","4833420G17Rik","chr13",119601100,119601226,126,"Regular (>50bp)",0.145,2.3949052893392e-09,"Inclusion"
"ENSMUSG00000062822_chr13_119601100_119601226","ENSMUSG00000062822","4833420G17Rik","chr13",119601100,119601226,126,"Regular (>50bp)",0.154,0.00220369590099262,"Inclusion"
"ENSMUSG00000021694_chr13_108312338_108312440","ENSMUSG00000021694","Ercc8","chr13",108312338,108312440,102,"Regular (>50bp)",-0.143,0.0280012225533749,"Exclusion"
"ENSMUSG00000046169_chr13_104489265_104489371","ENSMUSG00000046169","Adamts6","chr13",104489265,104489371,106,"Regular (>50bp)",-0.234,0.000566033838924518,"Exclusion"
"ENSMUSG00000021711_chr13_104288672_104288690","ENSMUSG00000021711","Trappc13","chr13",104288672,104288690,18,"Microexon (0-30bp)",-0.113,0.000914081619341403,"Exclusion"
"ENSMUSG00000024985_chr19_55914408_55914481","ENSMUSG00000024985","Tcf7l2","chr19",55914408,55914481,73,"Regular (>50bp)",0.198,0.00900541194774358,"Inclusion"
"ENSMUSG00000024985_chr19_55914408_55914481","ENSMUSG00000024985","Tcf7l2","chr19",55914408,55914481,73,"Regular (>50bp)",0.168,0.02138329801425,"Inclusion"
"ENSMUSG00000021614_chr13_89851036_89853916","ENSMUSG00000021614","Vcan","chr13",89851036,89853916,2880,"Regular (>50bp)",0.46,0.000385729549511172,"Inclusion"
"ENSMUSG00000033102_chr13_64353311_64353397","ENSMUSG00000033102","Cdc14b","chr13",64353311,64353397,86,"Regular (>50bp)",-0.118,0.0368972728992684,"Exclusion"
"ENSMUSG00000023007_chr15_99199667_99199865","ENSMUSG00000023007","Prpf40b","chr15",99199667,99199865,198,"Regular (>50bp)",-0.121,0.0058226609798991,"Exclusion"
"ENSMUSG00000035248_chr13_59926565_59926629","ENSMUSG00000035248","Tut7","chr13",59926565,59926629,64,"Regular (>50bp)",0.2,1.23554903789364e-08,"Inclusion"
"ENSMUSG00000035248_chr13_59926950_59927015","ENSMUSG00000035248","Tut7","chr13",59926950,59927015,65,"Regular (>50bp)",-0.106,0.00052135241728138,"Exclusion"
"ENSMUSG00000059288_chr13_36042058_36042231","ENSMUSG00000059288","Cdyl","chr13",36042058,36042231,173,"Regular (>50bp)",-0.187,0.000250423747500242,"Exclusion"
"ENSMUSG00000006958_chr16_20553611_20553712","ENSMUSG00000006958","Chrd","chr16",20553611,20553712,101,"Regular (>50bp)",-0.387,0.000129799836426995,"Exclusion"
"ENSMUSG00000006958_chr16_20553655_20553719","ENSMUSG00000006958","Chrd","chr16",20553655,20553719,64,"Regular (>50bp)",-0.354,0.0105224860836707,"Exclusion"
"ENSMUSG00000021340_chr13_25159581_25159768","ENSMUSG00000021340","Gpld1","chr13",25159581,25159768,187,"Regular (>50bp)",-0.154,0.0322791458371147,"Exclusion"
"ENSMUSG00000022228_chr13_21632336_21632654","ENSMUSG00000022228","Zscan26","chr13",21632336,21632654,318,"Regular (>50bp)",-0.104,3.26082655539263e-06,"Exclusion"
"ENSMUSG00000022228_chr13_21632336_21632654","ENSMUSG00000022228","Zscan26","chr13",21632336,21632654,318,"Regular (>50bp)",-0.21,1.74233608451325e-13,"Exclusion"
"ENSMUSG00000002799_chr12_112879224_112879338","ENSMUSG00000002799","Jag2","chr12",112879224,112879338,114,"Regular (>50bp)",-0.174,0,"Exclusion"
"ENSMUSG00000021280_chr12_111395090_111395243","ENSMUSG00000021280","Exoc3l4","chr12",111395090,111395243,153,"Regular (>50bp)",-0.13,0.0424106193960655,"Exclusion"
"ENSMUSG00000021262_chr12_108649606_108649669","ENSMUSG00000021262","Evl","chr12",108649606,108649669,63,"Regular (>50bp)",-0.176,0,"Exclusion"
"ENSMUSG00000021115_chr12_106039877_106039937","ENSMUSG00000021115","Vrk1","chr12",106039877,106039937,60,"Regular (>50bp)",-0.105,0.000726008732839152,"Exclusion"
"ENSMUSG00000057440_chr18_7430394_7430415","ENSMUSG00000057440","Mpp7","chr18",7430394,7430415,21,"Microexon (0-30bp)",0.16,0.00103723031333238,"Inclusion"
"ENSMUSG00000051166_chr12_98787858_98787873","ENSMUSG00000051166","Eml5","chr12",98787858,98787873,15,"Microexon (0-30bp)",-0.19,3.03047940772426e-08,"Exclusion"
"ENSMUSG00000021040_chr12_87494333_87494368","ENSMUSG00000021040","Slirp","chr12",87494333,87494368,35,"Small (30-50bp)",-0.161,0.0374274977182473,"Exclusion"
"ENSMUSG00000058240_chr16_91509082_91509155","ENSMUSG00000058240","Cryzl1","chr16",91509082,91509155,73,"Regular (>50bp)",0.116,0.0102863556746876,"Inclusion"
"ENSMUSG00000021254_chr12_86311955_86312023","ENSMUSG00000021254","Gpatch2l","chr12",86311955,86312023,68,"Regular (>50bp)",-0.22,0.000105191820377065,"Exclusion"
"ENSMUSG00000021254_chr12_86313917_86313957","ENSMUSG00000021254","Gpatch2l","chr12",86313917,86313957,40,"Small (30-50bp)",0.121,2.84323455273592e-05,"Inclusion"
"ENSMUSG00000021254_chr12_86315749_86315835","ENSMUSG00000021254","Gpatch2l","chr12",86315749,86315835,86,"Regular (>50bp)",0.118,1.52022685824105e-06,"Inclusion"
"ENSMUSG00000021140_chr12_81975015_81975148","ENSMUSG00000021140","Pcnx","chr12",81975015,81975148,133,"Regular (>50bp)",0.164,0.00873957281480054,"Inclusion"
"ENSMUSG00000036185_chr17_35246419_35246560","ENSMUSG00000036185","Sapcd1","chr17",35246419,35246560,141,"Regular (>50bp)",-0.192,3.13897056497055e-14,"Exclusion"
"ENSMUSG00000036185_chr17_35246419_35246564","ENSMUSG00000036185","Sapcd1","chr17",35246419,35246564,145,"Regular (>50bp)",-0.17,2.91428635610159e-12,"Exclusion"
"ENSMUSG00000034574_chr12_72005520_72005547","ENSMUSG00000034574","Daam1","chr12",72005520,72005547,27,"Microexon (0-30bp)",-0.117,0.027536144667863,"Exclusion"
"ENSMUSG00000034883_chr12_69221165_69221887","ENSMUSG00000034883","Lrr1","chr12",69221165,69221887,722,"Regular (>50bp)",-0.117,8.94819663314711e-14,"Exclusion"
"ENSMUSG00000021027_chr12_55658857_55658888","ENSMUSG00000021027","Ralgapa1","chr12",55658857,55658888,31,"Small (30-50bp)",-0.14,4.34727521021452e-07,"Exclusion"
"ENSMUSG00000020598_chr12_44631617_44631770","ENSMUSG00000020598","Nrcam","chr12",44631617,44631770,153,"Regular (>50bp)",-0.142,0.00900167674083383,"Exclusion"
"ENSMUSG00000036333_chr12_25097892_25097925","ENSMUSG00000036333","Kidins220","chr12",25097892,25097925,33,"Small (30-50bp)",-0.128,7.03298940818431e-07,"Exclusion"
"ENSMUSG00000052632_chr12_21264362_21264371","ENSMUSG00000052632","Asap2","chr12",21264362,21264371,9,"Microexon (0-30bp)",-0.196,0,"Exclusion"
"ENSMUSG00000079179_chr12_3288833_3289009","ENSMUSG00000079179","Rab10os","chr12",3288833,3289009,176,"Regular (>50bp)",-0.121,6.73394999766936e-10,"Exclusion"
"ENSMUSG00000025137_chr11_120503855_120503909","ENSMUSG00000025137","Pcyt2","chr11",120503855,120503909,54,"Regular (>50bp)",-0.132,1.90477869399475e-07,"Exclusion"
"ENSMUSG00000039963_chr11_119136660_119137176","ENSMUSG00000039963","Ccdc40","chr11",119136660,119137176,516,"Regular (>50bp)",0.11,0.00992353840785147,"Inclusion"
"ENSMUSG00000017718_chr11_117718904_117718995","ENSMUSG00000017718","Afmid","chr11",117718904,117718995,91,"Regular (>50bp)",-0.257,0.00328488530829696,"Exclusion"
"ENSMUSG00000020814_chr11_116701605_116701693","ENSMUSG00000020814","Mxra7","chr11",116701605,116701693,88,"Regular (>50bp)",-0.104,0.000399471461342716,"Exclusion"
"ENSMUSG00000034427_chr11_115764582_115764746","ENSMUSG00000034427","Myo15b","chr11",115764582,115764746,164,"Regular (>50bp)",-0.477,0.031108274300264,"Exclusion"
"ENSMUSG00000018411_chr11_104177948_104178035","ENSMUSG00000018411","Mapt","chr11",104177948,104178035,87,"Regular (>50bp)",0.108,1.71917323588273e-05,"Inclusion"
"ENSMUSG00000018411_chr11_104180733_104180820","ENSMUSG00000018411","Mapt","chr11",104180733,104180820,87,"Regular (>50bp)",0.152,4.49553475872719e-06,"Inclusion"
"ENSMUSG00000035112_chr11_101153548_101153671","ENSMUSG00000035112","Wnk4","chr11",101153548,101153671,123,"Regular (>50bp)",-0.159,0.0135126988879572,"Exclusion"
"ENSMUSG00000019302_chr11_100940284_100940302","ENSMUSG00000019302","Atp6v0a1","chr11",100940284,100940302,18,"Microexon (0-30bp)",-0.134,0,"Exclusion"
"ENSMUSG00000037935_chr11_99115546_99115968","ENSMUSG00000037935","Smarce1","chr11",99115546,99115968,422,"Regular (>50bp)",-0.51,5.23687259779767e-05,"Exclusion"
"ENSMUSG00000024958_chr19_6916896_6917054","ENSMUSG00000024958","Gpr137","chr19",6916896,6917054,158,"Regular (>50bp)",-0.133,7.30372124812447e-08,"Exclusion"
"ENSMUSG00000070337_chr11_97234434_97234673","ENSMUSG00000070337","Gpr179","chr11",97234434,97234673,239,"Regular (>50bp)",-0.472,0.00900190283351081,"Exclusion"
"ENSMUSG00000039096_chr11_94439003_94439189","ENSMUSG00000039096","Rsad1","chr11",94439003,94439189,186,"Regular (>50bp)",-0.112,3.26749875299146e-07,"Exclusion"
"ENSMUSG00000020516_chr11_86407976_86408075","ENSMUSG00000020516","Rps6kb1","chr11",86407976,86408075,99,"Regular (>50bp)",-0.336,0.000979986981564479,"Exclusion"
"ENSMUSG00000034940_chr11_83876074_83876377","ENSMUSG00000034940","Synrg","chr11",83876074,83876377,303,"Regular (>50bp)",-0.102,0.0293792392416017,"Exclusion"
"ENSMUSG00000034940_chr11_83877639_83877873","ENSMUSG00000034940","Synrg","chr11",83877639,83877873,234,"Regular (>50bp)",-0.131,0.00438982310324477,"Exclusion"
"ENSMUSG00000121399_chr11_83149950_83150064","ENSMUSG00000121399","ENSMUSG00000121399","chr11",83149950,83150064,114,"Regular (>50bp)",0.11,7.37181214499985e-07,"Inclusion"
"ENSMUSG00000045555_chr10_40605982_40606081","ENSMUSG00000045555","Mettl24","chr10",40605982,40606081,99,"Regular (>50bp)",-0.149,0.0434804285075908,"Exclusion"
"ENSMUSG00000097391_chr12_109715389_109715443","ENSMUSG00000097391","Mirg","chr12",109715389,109715443,54,"Regular (>50bp)",0.364,0.00163732077772731,"Inclusion"
"ENSMUSG00000040860_chr4_140774082_140774166","ENSMUSG00000040860","Crocc","chr4",140774082,140774166,84,"Regular (>50bp)",-0.247,0.000362424786876398,"Exclusion"
"ENSMUSG00000040860_chr4_140774254_140774440","ENSMUSG00000040860","Crocc","chr4",140774254,140774440,186,"Regular (>50bp)",-0.28,2.96166508071606e-08,"Exclusion"
"ENSMUSG00000025607_chr6_30872476_30872529","ENSMUSG00000025607","Copg2","chr6",30872476,30872529,53,"Regular (>50bp)",0.147,0.0327743426678463,"Inclusion"
"ENSMUSG00000029769_chr6_29411708_29411867","ENSMUSG00000029769","Ccdc136","chr6",29411708,29411867,159,"Regular (>50bp)",-0.105,0.000379212180645387,"Exclusion"
"ENSMUSG00000029769_chr6_29414784_29414979","ENSMUSG00000029769","Ccdc136","chr6",29414784,29414979,195,"Regular (>50bp)",-0.148,1.09896466421249e-06,"Exclusion"
"ENSMUSG00000029769_chr6_29417070_29417577","ENSMUSG00000029769","Ccdc136","chr6",29417070,29417577,507,"Regular (>50bp)",-0.222,0.0346952164589474,"Exclusion"
"ENSMUSG00000055991_chr5_145148555_145148638","ENSMUSG00000055991","Zkscan5","chr5",145148555,145148638,83,"Regular (>50bp)",0.128,0.00119583636053714,"Inclusion"
"ENSMUSG00000040811_chr7_18935754_18935852","ENSMUSG00000040811","Eml2","chr7",18935754,18935852,98,"Regular (>50bp)",-0.105,4.01941352830388e-13,"Exclusion"
"ENSMUSG00000030016_chr6_83958665_83958767","ENSMUSG00000030016","Zfp638","chr6",83958665,83958767,102,"Regular (>50bp)",-0.152,0.00185086473313166,"Exclusion"
"ENSMUSG00000045751_chr4_24591033_24591245","ENSMUSG00000045751","Mms22l","chr4",24591033,24591245,212,"Regular (>50bp)",0.155,1.32540178536542e-05,"Inclusion"
"ENSMUSG00000097068_chr15_92262780_92262993","ENSMUSG00000097068","Gm26760","chr15",92262780,92262993,213,"Regular (>50bp)",-0.457,0.036327949617687,"Exclusion"
"ENSMUSG00000097068_chr15_92263426_92263840","ENSMUSG00000097068","Gm26760","chr15",92263426,92263840,414,"Regular (>50bp)",-0.137,0.0282802987044399,"Exclusion"
"ENSMUSG00000097068_chr15_92265055_92265175","ENSMUSG00000097068","Gm26760","chr15",92265055,92265175,120,"Regular (>50bp)",0.224,0.0259465118308786,"Inclusion"
"ENSMUSG00000034211_chr5_129792747_129792827","ENSMUSG00000034211","Mrps17","chr5",129792747,129792827,80,"Regular (>50bp)",-0.119,2.11537158047168e-09,"Exclusion"
"ENSMUSG00000034211_chr5_129792747_129792974","ENSMUSG00000034211","Mrps17","chr5",129792747,129792974,227,"Regular (>50bp)",-0.117,8.94819663314711e-14,"Exclusion"
"ENSMUSG00000023994_chr17_48706012_48706093","ENSMUSG00000023994","Nfya","chr17",48706012,48706093,81,"Regular (>50bp)",-0.13,1.70256753586161e-10,"Exclusion"
"ENSMUSG00000042594_chr5_121970565_121970653","ENSMUSG00000042594","Sh2b3","chr5",121970565,121970653,88,"Regular (>50bp)",-0.145,0.000296875359253506,"Exclusion"
"ENSMUSG00000043987_chr9_45697075_45697219","ENSMUSG00000043987","Cep164","chr9",45697075,45697219,144,"Regular (>50bp)",0.104,0.00209841447512941,"Inclusion"
"ENSMUSG00000039176_chr7_79109260_79109333","ENSMUSG00000039176","Polg","chr7",79109260,79109333,73,"Regular (>50bp)",-0.183,3.15292798758189e-09,"Exclusion"
"ENSMUSG00000098912_chr3_88718520_88718676","ENSMUSG00000098912","1500004A13Rik","chr3",88718520,88718676,156,"Regular (>50bp)",0.178,0.0293048937244689,"Inclusion"
"ENSMUSG00000033209_chr5_111040697_111040976","ENSMUSG00000033209","Ttc28","chr5",111040697,111040976,279,"Regular (>50bp)",-0.171,1.41001846941626e-05,"Exclusion"
"ENSMUSG00000004815_chr5_108799757_108799864","ENSMUSG00000004815","Dgkq","chr5",108799757,108799864,107,"Regular (>50bp)",-0.109,3.40561286692514e-08,"Exclusion"
"ENSMUSG00000029328_chr5_100185426_100185588","ENSMUSG00000029328","Hnrnpdl","chr5",100185426,100185588,162,"Regular (>50bp)",-0.641,2.28372744287056e-07,"Exclusion"
"ENSMUSG00000045102_chr5_34325738_34325787","ENSMUSG00000045102","Poln","chr5",34325738,34325787,49,"Small (30-50bp)",0.242,0.0197616170964018,"Inclusion"
"ENSMUSG00000021375_chr13_46934101_46934140","ENSMUSG00000021375","Kif13a","chr13",46934101,46934140,39,"Small (30-50bp)",-0.212,1.86174173624504e-07,"Exclusion"
"ENSMUSG00000070733_chr5_73182113_73182131","ENSMUSG00000070733","Fryl","chr5",73182113,73182131,18,"Microexon (0-30bp)",-0.103,1.1914221436475e-06,"Exclusion"
"ENSMUSG00000020451_chr11_3311020_3311108","ENSMUSG00000020451","Limk2","chr11",3311020,3311108,88,"Regular (>50bp)",-0.166,0.0136183589898682,"Exclusion"
"ENSMUSG00000057265_chr12_84471909_84472054","ENSMUSG00000057265","Bbof1","chr12",84471909,84472054,145,"Regular (>50bp)",-0.297,0.0180909523628455,"Exclusion"
"ENSMUSG00000057265_chr12_84471909_84472054","ENSMUSG00000057265","Bbof1","chr12",84471909,84472054,145,"Regular (>50bp)",-0.153,0.0491546354962767,"Exclusion"
"ENSMUSG00000036202_chr2_52006679_52006757","ENSMUSG00000036202","Rif1","chr2",52006679,52006757,78,"Regular (>50bp)",0.101,0.000123252539866031,"Inclusion"
"ENSMUSG00000028188_chr3_146181010_146181136","ENSMUSG00000028188","Spata1","chr3",146181010,146181136,126,"Regular (>50bp)",-0.28,4.70464776275041e-05,"Exclusion"
"ENSMUSG00000039782_chr5_43395669_43395759","ENSMUSG00000039782","Cpeb2","chr5",43395669,43395759,90,"Regular (>50bp)",-0.183,0.00186829026355821,"Exclusion"
"ENSMUSG00000028563_chr4_98263156_98263250","ENSMUSG00000028563","Tm2d1","chr4",98263156,98263250,94,"Regular (>50bp)",-0.224,0.00258686781051736,"Exclusion"
"ENSMUSG00000028563_chr4_98263156_98263265","ENSMUSG00000028563","Tm2d1","chr4",98263156,98263265,109,"Regular (>50bp)",-0.192,0.00339421123507624,"Exclusion"
"ENSMUSG00000022099_chr14_70855394_70855469","ENSMUSG00000022099","Dmtn","chr14",70855394,70855469,75,"Regular (>50bp)",-0.174,0.000809400786567631,"Exclusion"
"ENSMUSG00000062761_chr5_31610498_31610557","ENSMUSG00000062761","Zfp512","chr5",31610498,31610557,59,"Regular (>50bp)",0.143,0.00126683737635902,"Inclusion"
"ENSMUSG00000056260_chr3_106640652_106640922","ENSMUSG00000056260","Lrif1","chr3",106640652,106640922,270,"Regular (>50bp)",-0.221,1.1130485830752e-05,"Exclusion"
"ENSMUSG00000006342_chr10_75478296_75478504","ENSMUSG00000006342","Susd2","chr10",75478296,75478504,208,"Regular (>50bp)",-0.103,0.000225144159132019,"Exclusion"
"ENSMUSG00000002012_chrX_72702785_72702855","ENSMUSG00000002012","Pnck","chrX",72702785,72702855,70,"Regular (>50bp)",0.135,0.00040050022321504,"Inclusion"
"ENSMUSG00000084885_chrX_151168640_151168748","ENSMUSG00000084885","3010001F23Rik","chrX",151168640,151168748,108,"Regular (>50bp)",-0.21,0.0178605944352032,"Exclusion"
"ENSMUSG00000021313_chr13_11649192_11649216","ENSMUSG00000021313","Ryr2","chr13",11649192,11649216,24,"Microexon (0-30bp)",0.199,5.62550019090521e-05,"Inclusion"
"ENSMUSG00000039103_chr3_151955296_151955338","ENSMUSG00000039103","Nexn","chr3",151955296,151955338,42,"Small (30-50bp)",0.197,0.00828088297553552,"Inclusion"
"ENSMUSG00000057637_chr4_142921230_142921304","ENSMUSG00000057637","Prdm2","chr4",142921230,142921304,74,"Regular (>50bp)",0.132,0.00186623599456767,"Inclusion"
"ENSMUSG00000040842_chr4_140847634_140847684","ENSMUSG00000040842","Szrd1","chr4",140847634,140847684,50,"Small (30-50bp)",0.103,9.67694947276558e-05,"Inclusion"
"ENSMUSG00000065999_chr4_147647371_147647415","ENSMUSG00000065999","Zfp985","chr4",147647371,147647415,44,"Small (30-50bp)",0.293,0.000531641882274426,"Inclusion"
"ENSMUSG00000041193_chr4_138531817_138531962","ENSMUSG00000041193","Pla2g5","chr4",138531817,138531962,145,"Regular (>50bp)",-0.181,0.00692585064621814,"Exclusion"
"ENSMUSG00000045349_chr4_137981583_137981664","ENSMUSG00000045349","Sh2d5","chr4",137981583,137981664,81,"Regular (>50bp)",0.58,0.00012291311113261,"Inclusion"
"ENSMUSG00000045349_chr4_137982862_137983009","ENSMUSG00000045349","Sh2d5","chr4",137982862,137983009,147,"Regular (>50bp)",-0.347,0.021151223667208,"Exclusion"
"ENSMUSG00000014444_chr8_123216293_123216355","ENSMUSG00000014444","Piezo1","chr8",123216293,123216355,62,"Regular (>50bp)",-0.147,0.00571447968391214,"Exclusion"
"ENSMUSG00000037369_chrX_18113213_18113348","ENSMUSG00000037369","Kdm6a","chrX",18113213,18113348,135,"Regular (>50bp)",0.108,0.0260615573579175,"Inclusion"
"ENSMUSG00000037369_chrX_18113805_18113961","ENSMUSG00000037369","Kdm6a","chrX",18113805,18113961,156,"Regular (>50bp)",0.141,0.0243009675410502,"Inclusion"
"ENSMUSG00000019792_chr10_30463434_30463591","ENSMUSG00000019792","Trmt11","chr10",30463434,30463591,157,"Regular (>50bp)",-0.112,0.00227636346012586,"Exclusion"
"ENSMUSG00000035158_chr6_97918013_97918263","ENSMUSG00000035158","Mitf","chr6",97918013,97918263,250,"Regular (>50bp)",-0.133,0.00013416782293556,"Exclusion"
"ENSMUSG00000020718_chr11_106669542_106669633","ENSMUSG00000020718","Polg2","chr11",106669542,106669633,91,"Regular (>50bp)",0.103,0.000967677863357076,"Inclusion"
"ENSMUSG00000021111_chr12_105799358_105799421","ENSMUSG00000021111","Papola","chr12",105799358,105799421,63,"Regular (>50bp)",-0.142,0,"Exclusion"
"ENSMUSG00000028273_chr3_142012044_142012059","ENSMUSG00000028273","Pdlim5","chr3",142012044,142012059,15,"Microexon (0-30bp)",-0.337,0.00250359733477747,"Exclusion"
"ENSMUSG00000036667_chr6_42667970_42668126","ENSMUSG00000036667","Tcaf1","chr6",42667970,42668126,156,"Regular (>50bp)",-0.289,0.00319792879939416,"Exclusion"
"ENSMUSG00000042500_chr4_126405518_126405647","ENSMUSG00000042500","Ago4","chr4",126405518,126405647,129,"Regular (>50bp)",-0.312,0.000178270325410636,"Exclusion"
"ENSMUSG00000032217_chr9_70410221_70410284","ENSMUSG00000032217","Rnf111","chr9",70410221,70410284,63,"Regular (>50bp)",0.122,0.000161509182999405,"Inclusion"
"ENSMUSG00000025006_chr19_40365088_40365460","ENSMUSG00000025006","Sorbs1","chr19",40365088,40365460,372,"Regular (>50bp)",-0.134,0.0214939684031398,"Exclusion"
"ENSMUSG00000028637_chr4_119213834_119214044","ENSMUSG00000028637","Ccdc30","chr4",119213834,119214044,210,"Regular (>50bp)",-0.107,0.023539519616146,"Exclusion"
"ENSMUSG00000028641_chr4_119096902_119096958","ENSMUSG00000028641","P3h1","chr4",119096902,119096958,56,"Regular (>50bp)",-0.32,0.000571359950075055,"Exclusion"
"ENSMUSG00000030538_chr7_79882091_79882126","ENSMUSG00000030538","Cib1","chr7",79882091,79882126,35,"Small (30-50bp)",-0.14,0.0241580771928692,"Exclusion"
"ENSMUSG00000028613_chr4_107705477_107705600","ENSMUSG00000028613","Lrp8","chr4",107705477,107705600,123,"Regular (>50bp)",0.125,4.5093031623356e-05,"Inclusion"
"ENSMUSG00000028613_chr4_107727208_107727385","ENSMUSG00000028613","Lrp8","chr4",107727208,107727385,177,"Regular (>50bp)",-0.109,0.000396285168788694,"Exclusion"
"ENSMUSG00000027087_chr2_83634248_83634329","ENSMUSG00000027087","Itgav","chr2",83634248,83634329,81,"Regular (>50bp)",-0.161,0.00150611664762899,"Exclusion"
"ENSMUSG00000006728_chr10_126900070_126900322","ENSMUSG00000006728","Cdk4","chr10",126900070,126900322,252,"Regular (>50bp)",-0.111,0,"Exclusion"
"ENSMUSG00000019982_chr10_21020867_21021224","ENSMUSG00000019982","Myb","chr10",21020867,21021224,357,"Regular (>50bp)",-0.12,0.000103745957149079,"Exclusion"
"ENSMUSG00000106799_chr6_25941126_25941310","ENSMUSG00000106799","Gm20756","chr6",25941126,25941310,184,"Regular (>50bp)",0.113,0.0239491791707477,"Inclusion"
"ENSMUSG00000106799_chr6_25943042_25943144","ENSMUSG00000106799","Gm20756","chr6",25943042,25943144,102,"Regular (>50bp)",0.328,0.00822032841843534,"Inclusion"
"ENSMUSG00000020121_chr10_121664633_121664667","ENSMUSG00000020121","Srgap1","chr10",121664633,121664667,34,"Small (30-50bp)",-0.264,0.000289480129796794,"Exclusion"
"ENSMUSG00000059436_chr12_76986203_76986288","ENSMUSG00000059436","Max","chr12",76986203,76986288,85,"Regular (>50bp)",-0.111,4.27001663896905e-13,"Exclusion"
"ENSMUSG00000028857_chr4_132997980_132998125","ENSMUSG00000028857","Tmem222","chr4",132997980,132998125,145,"Regular (>50bp)",-0.166,0.0243979894094775,"Exclusion"
"ENSMUSG00000036555_chr5_140678548_140678683","ENSMUSG00000036555","Iqce","chr5",140678548,140678683,135,"Regular (>50bp)",-0.111,1.55494827807468e-05,"Exclusion"
"ENSMUSG00000028329_chr4_46180206_46180398","ENSMUSG00000028329","Xpa","chr4",46180206,46180398,192,"Regular (>50bp)",-0.198,0.0115637873941375,"Exclusion"
"ENSMUSG00000038766_chr3_95123524_95123579","ENSMUSG00000038766","Gabpb2","chr3",95123524,95123579,55,"Regular (>50bp)",0.129,0.0117785063594049,"Inclusion"
"ENSMUSG00000028441_chr4_41507093_41507328","ENSMUSG00000028441","1110017D15Rik","chr4",41507093,41507328,235,"Regular (>50bp)",-0.319,0.00528199134112383,"Exclusion"
"ENSMUSG00000039908_chr11_119253042_119253122","ENSMUSG00000039908","Slc26a11","chr11",119253042,119253122,80,"Regular (>50bp)",-0.106,0.00201749805312089,"Exclusion"
"ENSMUSG00000040270_chr4_32417434_32417583","ENSMUSG00000040270","Bach2","chr4",32417434,32417583,149,"Regular (>50bp)",0.13,0.000494102898587471,"Inclusion"
"ENSMUSG00000030134_chr6_118062197_118062446","ENSMUSG00000030134","Rasgef1a","chr6",118062197,118062446,249,"Regular (>50bp)",-0.265,0.000964126867542643,"Exclusion"
"ENSMUSG00000030134_chr6_118062224_118062446","ENSMUSG00000030134","Rasgef1a","chr6",118062224,118062446,222,"Regular (>50bp)",-0.139,0.00937317232015109,"Exclusion"
"ENSMUSG00000034282_chr11_116117814_116117965","ENSMUSG00000034282","Evpl","chr11",116117814,116117965,151,"Regular (>50bp)",-0.247,0.0316344891260783,"Exclusion"
"ENSMUSG00000028207_chr4_9598268_9598301","ENSMUSG00000028207","Asph","chr4",9598268,9598301,33,"Small (30-50bp)",0.118,0.00100790716349227,"Inclusion"
"ENSMUSG00000028207_chr4_9598732_9598780","ENSMUSG00000028207","Asph","chr4",9598732,9598780,48,"Small (30-50bp)",-0.124,0.0453075295863651,"Exclusion"
"ENSMUSG00000060224_chr19_42735935_42736047","ENSMUSG00000060224","Pyroxd2","chr19",42735935,42736047,112,"Regular (>50bp)",-0.126,1.07191713255684e-05,"Exclusion"
"ENSMUSG00000060224_chr19_42735935_42736092","ENSMUSG00000060224","Pyroxd2","chr19",42735935,42736092,157,"Regular (>50bp)",-0.116,4.03590088351891e-06,"Exclusion"
"ENSMUSG00000024940_chr19_5807062_5807203","ENSMUSG00000024940","Ltbp3","chr19",5807062,5807203,141,"Regular (>50bp)",-0.104,4.9326680306559e-12,"Exclusion"
"ENSMUSG00000042564_chr15_79512957_79513031","ENSMUSG00000042564","Fam227a","chr15",79512957,79513031,74,"Regular (>50bp)",0.267,0.00376407398375332,"Inclusion"
"ENSMUSG00000025894_chr9_4308693_4308919","ENSMUSG00000025894","Aasdhppt","chr9",4308693,4308919,226,"Regular (>50bp)",-0.112,4.28920977883252e-12,"Exclusion"
"ENSMUSG00000107283_chr5_31302583_31302622","ENSMUSG00000107283","Mpv17","chr5",31302583,31302622,39,"Small (30-50bp)",-0.124,0.0273925063667528,"Exclusion"
"ENSMUSG00000090290_chr8_127184402_127184499","ENSMUSG00000090290","Tarbp1","chr8",127184402,127184499,97,"Regular (>50bp)",0.19,2.10175151268717e-05,"Inclusion"
"ENSMUSG00000090290_chr8_127196757_127196827","ENSMUSG00000090290","Tarbp1","chr8",127196757,127196827,70,"Regular (>50bp)",0.134,0.0105751370479676,"Inclusion"
"ENSMUSG00000037348_chr4_134227910_134227994","ENSMUSG00000037348","Paqr7","chr4",134227910,134227994,84,"Regular (>50bp)",0.612,4.08508034098305e-06,"Inclusion"
"ENSMUSG00000022771_chr16_16923856_16923919","ENSMUSG00000022771","Ppil2","chr16",16923856,16923919,63,"Regular (>50bp)",0.255,0.0183886369276843,"Inclusion"
"ENSMUSG00000030678_chr7_126625399_126625486","ENSMUSG00000030678","Maz","chr7",126625399,126625486,87,"Regular (>50bp)",-0.112,0.00337725256995715,"Exclusion"
"ENSMUSG00000041653_chr15_84070603_84070720","ENSMUSG00000041653","Pnpla3","chr15",84070603,84070720,117,"Regular (>50bp)",0.295,1.67971617245897e-09,"Inclusion"
"ENSMUSG00000054426_chr3_115679862_115680024","ENSMUSG00000054426","A930005H10Rik","chr3",115679862,115680024,162,"Regular (>50bp)",0.122,0.0355560226835503,"Inclusion"
"ENSMUSG00000054426_chr3_115679970_115680024","ENSMUSG00000054426","A930005H10Rik","chr3",115679970,115680024,54,"Regular (>50bp)",0.186,0.000386585561821579,"Inclusion"
"ENSMUSG00000042029_chr12_116369321_116369497","ENSMUSG00000042029","Ncapg2","chr12",116369321,116369497,176,"Regular (>50bp)",-0.175,0.000863564462173316,"Exclusion"
"ENSMUSG00000029022_chr4_147951787_147952059","ENSMUSG00000029022","Miip","chr4",147951787,147952059,272,"Regular (>50bp)",-0.509,3.33399296599923e-05,"Exclusion"
"ENSMUSG00000040412_chr3_108396145_108396338","ENSMUSG00000040412","Elapor1","chr3",108396145,108396338,193,"Regular (>50bp)",-0.118,6.17698774518876e-06,"Exclusion"
"ENSMUSG00000073771_chr4_116978167_116978293","ENSMUSG00000073771","Btbd19","chr4",116978167,116978293,126,"Regular (>50bp)",-0.129,0.00977145502881917,"Exclusion"
"ENSMUSG00000070047_chr8_45502878_45502914","ENSMUSG00000070047","Fat1","chr8",45502878,45502914,36,"Small (30-50bp)",-0.138,0.000348887397739424,"Exclusion"
"ENSMUSG00000026767_chr2_12386913_12386994","ENSMUSG00000026767","Mindy3","chr2",12386913,12386994,81,"Regular (>50bp)",0.101,0.0189424314770008,"Inclusion"
"ENSMUSG00000030924_chr7_119400452_119400579","ENSMUSG00000030924","Rexo5","chr7",119400452,119400579,127,"Regular (>50bp)",-0.22,0.0199633111899773,"Exclusion"
"ENSMUSG00000030924_chr7_119400452_119400579","ENSMUSG00000030924","Rexo5","chr7",119400452,119400579,127,"Regular (>50bp)",-0.117,0.0302299004180608,"Exclusion"
"ENSMUSG00000058388_chr3_103893068_103893225","ENSMUSG00000058388","Phtf1","chr3",103893068,103893225,157,"Regular (>50bp)",-0.288,0.000407850806976467,"Exclusion"
"ENSMUSG00000006476_chr2_24945647_24946148","ENSMUSG00000006476","Nsmf","chr2",24945647,24946148,501,"Regular (>50bp)",-0.114,0,"Exclusion"
"ENSMUSG00000041890_chr5_114891208_114891214","ENSMUSG00000041890","Git2","chr5",114891208,114891214,6,"Microexon (0-30bp)",-0.133,0,"Exclusion"
"ENSMUSG00000041890_chr5_114891208_114891214","ENSMUSG00000041890","Git2","chr5",114891208,114891214,6,"Microexon (0-30bp)",-0.165,1.10335478096785e-08,"Exclusion"
"ENSMUSG00000073236_chr2_153187037_153187098","ENSMUSG00000073236","2500004C02Rik","chr2",153187037,153187098,61,"Regular (>50bp)",0.132,0.00312167697805636,"Inclusion"
"ENSMUSG00000042632_chr15_79187773_79187802","ENSMUSG00000042632","Pla2g6","chr15",79187773,79187802,29,"Microexon (0-30bp)",-0.205,9.75537972425887e-08,"Exclusion"
"ENSMUSG00000118314_chr19_53240355_53240583","ENSMUSG00000118314","1700001K23Rik","chr19",53240355,53240583,228,"Regular (>50bp)",0.28,0.0217212939789493,"Inclusion"
"ENSMUSG00000029864_chr6_42224667_42224761","ENSMUSG00000029864","Gstk1","chr6",42224667,42224761,94,"Regular (>50bp)",-0.16,0.00345944472572664,"Exclusion"
"ENSMUSG00000029864_chr6_42224667_42224780","ENSMUSG00000029864","Gstk1","chr6",42224667,42224780,113,"Regular (>50bp)",-0.15,0.00616066391491862,"Exclusion"
"ENSMUSG00000087411_chr3_90362110_90362269","ENSMUSG00000087411","Gm16048","chr3",90362110,90362269,159,"Regular (>50bp)",-0.273,0.000140073937080836,"Exclusion"
"ENSMUSG00000023935_chr17_45763603_45763666","ENSMUSG00000023935","Spats1","chr17",45763603,45763666,63,"Regular (>50bp)",-0.204,0.000285035966109889,"Exclusion"
"ENSMUSG00000023935_chr17_45765016_45765137","ENSMUSG00000023935","Spats1","chr17",45765016,45765137,121,"Regular (>50bp)",-0.131,0.00237441793055202,"Exclusion"
"ENSMUSG00000055150_chr7_6378517_6378613","ENSMUSG00000055150","Zfp78","chr7",6378517,6378613,96,"Regular (>50bp)",-0.177,0.00039825226049497,"Exclusion"
"ENSMUSG00000036040_chr2_26983544_26983902","ENSMUSG00000036040","Adamtsl2","chr2",26983544,26983902,358,"Regular (>50bp)",-0.116,0.0305411283304523,"Exclusion"
"ENSMUSG00000042097_chr6_117843781_117844000","ENSMUSG00000042097","Zfp239","chr6",117843781,117844000,219,"Regular (>50bp)",-0.124,0.0275785283640589,"Exclusion"
"ENSMUSG00000027879_chr3_97819894_97820055","ENSMUSG00000027879","Sec22b","chr3",97819894,97820055,161,"Regular (>50bp)",-0.437,5.44219002521102e-05,"Exclusion"
"ENSMUSG00000078870_chr2_176894619_176894674","ENSMUSG00000078870","Gm14410","chr2",176894619,176894674,55,"Regular (>50bp)",0.175,9.93360572399641e-06,"Inclusion"
"ENSMUSG00000039068_chr3_152152265_152152326","ENSMUSG00000039068","Zzz3","chr3",152152265,152152326,61,"Regular (>50bp)",-0.322,0.00560083028589304,"Exclusion"
"ENSMUSG00000026921_chr2_26482129_26482253","ENSMUSG00000026921","Egfl7","chr2",26482129,26482253,124,"Regular (>50bp)",-0.125,0.0014318054695837,"Exclusion"
"ENSMUSG00000040374_chr3_5630192_5630258","ENSMUSG00000040374","Pex2","chr3",5630192,5630258,66,"Regular (>50bp)",0.184,0.0191621827079919,"Inclusion"
"ENSMUSG00000015882_chr5_45880315_45885084","ENSMUSG00000015882","Lcorl","chr5",45880315,45885084,4769,"Regular (>50bp)",0.187,0.000585037847133534,"Inclusion"
"ENSMUSG00000026857_chr2_30705370_30705510","ENSMUSG00000026857","Ntmt1","chr2",30705370,30705510,140,"Regular (>50bp)",0.117,4.66553786739839e-05,"Inclusion"
"ENSMUSG00000068966_chr2_33318112_33318232","ENSMUSG00000068966","Zbtb34","chr2",33318112,33318232,120,"Regular (>50bp)",0.14,0.00291858282572151,"Inclusion"
"ENSMUSG00000034762_chr4_107472168_107472330","ENSMUSG00000034762","Glis1","chr4",107472168,107472330,162,"Regular (>50bp)",-0.115,0.000643903785925034,"Exclusion"
"ENSMUSG00000038240_chr10_43271556_43271688","ENSMUSG00000038240","Pdss2","chr10",43271556,43271688,132,"Regular (>50bp)",0.184,0.0261295206872683,"Inclusion"
"ENSMUSG00000055632_chr2_31315149_31315291","ENSMUSG00000055632","Hmcn2","chr2",31315149,31315291,142,"Regular (>50bp)",-0.106,1.9381829736783e-05,"Exclusion"
"ENSMUSG00000025958_chr1_64597661_64597808","ENSMUSG00000025958","Creb1","chr1",64597661,64597808,147,"Regular (>50bp)",-0.143,8.89599809892104e-05,"Exclusion"
"ENSMUSG00000030838_chr7_45865441_45865503","ENSMUSG00000030838","Ush1c","chr7",45865441,45865503,62,"Regular (>50bp)",0.211,0.00173573391004315,"Inclusion"
"ENSMUSG00000052446_chr8_72719637_72719834","ENSMUSG00000052446","Zfp961","chr8",72719637,72719834,197,"Regular (>50bp)",0.124,0.0201175988162697,"Inclusion"
"ENSMUSG00000002104_chr2_90872198_90872357","ENSMUSG00000002104","Rapsn","chr2",90872198,90872357,159,"Regular (>50bp)",0.192,0.00970617544764476,"Inclusion"
"ENSMUSG00000040596_chr1_166236566_166236900","ENSMUSG00000040596","Pogk","chr1",166236566,166236900,334,"Regular (>50bp)",-0.179,0,"Exclusion"
"ENSMUSG00000086629_chrX_107901873_107901978","ENSMUSG00000086629","2810403D21Rik","chrX",107901873,107901978,105,"Regular (>50bp)",-0.11,0.024976606556775,"Exclusion"
"ENSMUSG00000086629_chrX_107901873_107901978","ENSMUSG00000086629","2810403D21Rik","chrX",107901873,107901978,105,"Regular (>50bp)",-0.236,0.000236217429495503,"Exclusion"
"ENSMUSG00000086629_chrX_107901873_107901978","ENSMUSG00000086629","2810403D21Rik","chrX",107901873,107901978,105,"Regular (>50bp)",-0.134,4.4076127164896e-05,"Exclusion"
"ENSMUSG00000021809_chr14_20347582_20347699","ENSMUSG00000021809","Nudt13","chr14",20347582,20347699,117,"Regular (>50bp)",0.179,0.00785669920252067,"Inclusion"
"ENSMUSG00000021809_chr14_20357300_20357432","ENSMUSG00000021809","Nudt13","chr14",20357300,20357432,132,"Regular (>50bp)",-0.227,9.93229412540958e-05,"Exclusion"
"ENSMUSG00000026721_chr1_160537716_160537783","ENSMUSG00000026721","Rabgap1l","chr1",160537716,160537783,67,"Regular (>50bp)",0.108,2.35549231268745e-05,"Inclusion"
"ENSMUSG00000029767_chr6_29361292_29361486","ENSMUSG00000029767","Calu","chr6",29361292,29361486,194,"Regular (>50bp)",0.115,6.10355387630414e-14,"Inclusion"
"ENSMUSG00000039298_chr4_70165184_70165211","ENSMUSG00000039298","Cdk5rap2","chr4",70165184,70165211,27,"Microexon (0-30bp)",-0.2,9.75081230277943e-05,"Exclusion"
"ENSMUSG00000026594_chr1_156648956_156649034","ENSMUSG00000026594","Ralgps2","chr1",156648956,156649034,78,"Regular (>50bp)",-0.151,0,"Exclusion"
"ENSMUSG00000034653_chr18_44967525_44967725","ENSMUSG00000034653","Ythdc2","chr18",44967525,44967725,200,"Regular (>50bp)",-0.178,0.00204099113063072,"Exclusion"
"ENSMUSG00000024044_chr17_69580876_69580912","ENSMUSG00000024044","Epb41l3","chr17",69580876,69580912,36,"Small (30-50bp)",-0.172,1.95935312963809e-11,"Exclusion"
"ENSMUSG00000027601_chr3_19262654_19262691","ENSMUSG00000027601","Mtfr1","chr3",19262654,19262691,37,"Small (30-50bp)",-0.111,0.000379251310856311,"Exclusion"
"ENSMUSG00000040570_chr5_8562260_8562407","ENSMUSG00000040570","Rundc3b","chr5",8562260,8562407,147,"Regular (>50bp)",-0.133,0.03464002662275,"Exclusion"
"ENSMUSG00000026615_chr1_185106314_185106409","ENSMUSG00000026615","Eprs","chr1",185106314,185106409,95,"Regular (>50bp)",0.103,0.00271829243321709,"Inclusion"
"ENSMUSG00000053714_chr7_25083023_25083162","ENSMUSG00000053714","4732471J01Rik","chr7",25083023,25083162,139,"Regular (>50bp)",-0.289,0.00148989813982749,"Exclusion"
"ENSMUSG00000019978_chr10_25369464_25369527","ENSMUSG00000019978","Epb41l2","chr10",25369464,25369527,63,"Regular (>50bp)",0.266,4.64547282556566e-06,"Inclusion"
"ENSMUSG00000019978_chr10_25371342_25371489","ENSMUSG00000019978","Epb41l2","chr10",25371342,25371489,147,"Regular (>50bp)",0.206,0.000346494463259081,"Inclusion"
"ENSMUSG00000019978_chr10_25375673_25375841","ENSMUSG00000019978","Epb41l2","chr10",25375673,25375841,168,"Regular (>50bp)",0.213,0.0377899002644413,"Inclusion"
"ENSMUSG00000019978_chr10_25377475_25377529","ENSMUSG00000019978","Epb41l2","chr10",25377475,25377529,54,"Regular (>50bp)",0.26,4.58506109105964e-09,"Inclusion"
"ENSMUSG00000019978_chr10_25377721_25378036","ENSMUSG00000019978","Epb41l2","chr10",25377721,25378036,315,"Regular (>50bp)",-0.103,0.0377899002644413,"Exclusion"
"ENSMUSG00000054640_chr17_81749631_81749652","ENSMUSG00000054640","Slc8a1","chr17",81749631,81749652,21,"Microexon (0-30bp)",-0.281,0.000169610867625732,"Exclusion"
"ENSMUSG00000054640_chr17_81752915_81753022","ENSMUSG00000054640","Slc8a1","chr17",81752915,81753022,107,"Regular (>50bp)",0.101,2.65963592101214e-06,"Inclusion"
"ENSMUSG00000029699_chr5_135994424_135994739","ENSMUSG00000029699","Ssc4d","chr5",135994424,135994739,315,"Regular (>50bp)",-0.11,0.00214790098016961,"Exclusion"
"ENSMUSG00000035778_chr2_35313243_35313423","ENSMUSG00000035778","Ggta1","chr2",35313243,35313423,180,"Regular (>50bp)",-0.116,0.0052782156603843,"Exclusion"
"ENSMUSG00000000386_chr16_97263898_97263970","ENSMUSG00000000386","Mx1","chr16",97263898,97263970,72,"Regular (>50bp)",-0.312,0.0498350464452013,"Exclusion"
"ENSMUSG00000068115_chr2_150811899_150812052","ENSMUSG00000068115","Ninl","chr2",150811899,150812052,153,"Regular (>50bp)",-0.131,0.00179518352275575,"Exclusion"
"ENSMUSG00000063659_chr1_177270789_177270907","ENSMUSG00000063659","Zbtb18","chr1",177270789,177270907,118,"Regular (>50bp)",-0.297,9.47031618563839e-05,"Exclusion"
"ENSMUSG00000027281_chr2_136734203_136734281","ENSMUSG00000027281","Slx4ip","chr2",136734203,136734281,78,"Regular (>50bp)",0.302,0.00041125046024569,"Inclusion"
"ENSMUSG00000032422_chr9_88282775_88282802","ENSMUSG00000032422","Snx14","chr9",88282775,88282802,27,"Microexon (0-30bp)",-0.115,2.53532237938914e-13,"Exclusion"
"ENSMUSG00000034173_chr5_129928023_129928273","ENSMUSG00000034173","Zbed5","chr5",129928023,129928273,250,"Regular (>50bp)",-0.103,0.00100959703596637,"Exclusion"
"ENSMUSG00000059146_chr7_77853850_77853892","ENSMUSG00000059146","Ntrk3","chr7",77853850,77853892,42,"Small (30-50bp)",0.117,0.0497181234542844,"Inclusion"
"ENSMUSG00000001134_chrX_20818446_20818510","ENSMUSG00000001134","Uxt","chrX",20818446,20818510,64,"Regular (>50bp)",-0.304,1.8838970051458e-05,"Exclusion"
"ENSMUSG00000027035_chr2_68936086_68936110","ENSMUSG00000027035","Cers6","chr2",68936086,68936110,24,"Microexon (0-30bp)",-0.146,0.00015261431686225,"Exclusion"
"ENSMUSG00000025762_chr3_40916042_40916223","ENSMUSG00000025762","Larp1b","chr3",40916042,40916223,181,"Regular (>50bp)",0.143,0.04722005708387,"Inclusion"
"ENSMUSG00000025762_chr3_40990200_40990310","ENSMUSG00000025762","Larp1b","chr3",40990200,40990310,110,"Regular (>50bp)",-0.249,0.0022819211854334,"Exclusion"
"ENSMUSG00000026131_chr1_34335822_34335840","ENSMUSG00000026131","Dst","chr1",34335822,34335840,18,"Microexon (0-30bp)",-0.162,0,"Exclusion"
"ENSMUSG00000004789_chr12_85158271_85158305","ENSMUSG00000004789","Dlst","chr12",85158271,85158305,34,"Small (30-50bp)",-0.397,0.0108088538383115,"Exclusion"
"ENSMUSG00000026571_chr1_165198691_165198817","ENSMUSG00000026571","Dcaf6","chr1",165198691,165198817,126,"Regular (>50bp)",-0.147,0.00650082472271803,"Exclusion"
"ENSMUSG00000035273_chr5_100840048_100840155","ENSMUSG00000035273","Hpse","chr5",100840048,100840155,107,"Regular (>50bp)",-0.129,0.00675419967535295,"Exclusion"
"ENSMUSG00000042901_chr1_183087358_183087412","ENSMUSG00000042901","Aida","chr1",183087358,183087412,54,"Regular (>50bp)",0.37,0.000157673920517548,"Inclusion"
"ENSMUSG00000026017_chr1_60141785_60141943","ENSMUSG00000026017","Carf","chr1",60141785,60141943,158,"Regular (>50bp)",0.158,0.023493222015319,"Inclusion"
"ENSMUSG00000038738_chr7_43976456_43976650","ENSMUSG00000038738","Shank1","chr7",43976456,43976650,194,"Regular (>50bp)",-0.217,0.00125789577588881,"Exclusion"
"ENSMUSG00000033767_chr3_83816458_83816641","ENSMUSG00000033767","Tmem131l","chr3",83816458,83816641,183,"Regular (>50bp)",-0.124,2.67400336112596e-08,"Exclusion"
"ENSMUSG00000029104_chr5_34965212_34965260","ENSMUSG00000029104","Htt","chr5",34965212,34965260,48,"Small (30-50bp)",-0.15,0.0128674069013222,"Exclusion"
"ENSMUSG00000020721_chr11_107446344_107446401","ENSMUSG00000020721","Helz","chr11",107446344,107446401,57,"Regular (>50bp)",0.101,0.00520051956247496,"Inclusion"
"ENSMUSG00000074212_chr3_137611645_137611818","ENSMUSG00000074212","Dnajb14","chr3",137611645,137611818,173,"Regular (>50bp)",-0.111,9.04177933962217e-10,"Exclusion"
"ENSMUSG00000053332_chr1_160864118_160864149","ENSMUSG00000053332","Gas5","chr1",160864118,160864149,31,"Small (30-50bp)",-0.136,0,"Exclusion"
"ENSMUSG00000033526_chr2_121157332_121157395","ENSMUSG00000033526","Ppip5k1","chr2",121157332,121157395,63,"Regular (>50bp)",0.176,0.0459003690023199,"Inclusion"
"ENSMUSG00000028587_chr4_108445872_108445978","ENSMUSG00000028587","Orc1","chr4",108445872,108445978,106,"Regular (>50bp)",-0.108,0.00315335594168343,"Exclusion"
"ENSMUSG00000046152_chr8_31678329_31678434","ENSMUSG00000046152","Fut10","chr8",31678329,31678434,105,"Regular (>50bp)",0.101,0.0353583862139217,"Inclusion"
"ENSMUSG00000021327_chr13_21580356_21580744","ENSMUSG00000021327","Zkscan3","chr13",21580356,21580744,388,"Regular (>50bp)",-0.243,6.8107876541556e-05,"Exclusion"
"ENSMUSG00000051278_chr3_127354544_127354730","ENSMUSG00000051278","Zgrf1","chr3",127354544,127354730,186,"Regular (>50bp)",-0.135,2.7388984864346e-07,"Exclusion"
"ENSMUSG00000022565_chr15_76078758_76078773","ENSMUSG00000022565","Plec","chr15",76078758,76078773,15,"Microexon (0-30bp)",-0.145,2.63934084002508e-08,"Exclusion"
"ENSMUSG00000097587_chr15_98885857_98886026","ENSMUSG00000097587","4930578M01Rik","chr15",98885857,98886026,169,"Regular (>50bp)",-0.242,0.000599361980674536,"Exclusion"
"ENSMUSG00000015937_chr13_56236064_56236155","ENSMUSG00000015937","Macroh2a1","chr13",56236064,56236155,91,"Regular (>50bp)",-0.217,0.00191863265082666,"Exclusion"
"ENSMUSG00000046822_chr10_80872821_80872945","ENSMUSG00000046822","Slc39a3","chr10",80872821,80872945,124,"Regular (>50bp)",0.196,0.0241806942551153,"Inclusion"
"ENSMUSG00000020656_chr12_24632883_24632960","ENSMUSG00000020656","Grhl1","chr12",24632883,24632960,77,"Regular (>50bp)",0.111,0.00976118422289253,"Inclusion"
"ENSMUSG00000073609_chr1_93760317_93760511","ENSMUSG00000073609","D2hgdh","chr1",93760317,93760511,194,"Regular (>50bp)",-0.169,0.000129992332700237,"Exclusion"
"ENSMUSG00000063052_chr3_157747256_157747296","ENSMUSG00000063052","Lrrc40","chr3",157747256,157747296,40,"Small (30-50bp)",0.121,0.0270195170553222,"Inclusion"
"ENSMUSG00000033295_chr4_118085015_118085042","ENSMUSG00000033295","Ptprf","chr4",118085015,118085042,27,"Microexon (0-30bp)",-0.109,0,"Exclusion"
"ENSMUSG00000068686_chr2_103920473_103920619","ENSMUSG00000068686","Cd59b","chr2",103920473,103920619,146,"Regular (>50bp)",0.344,5.62550019090521e-05,"Inclusion"
"ENSMUSG00000007610_chr8_71943298_71943611","ENSMUSG00000007610","Gtpbp3","chr8",71943298,71943611,313,"Regular (>50bp)",-0.182,0.00144016713760279,"Exclusion"
"ENSMUSG00000057738_chr2_29904169_29904184","ENSMUSG00000057738","Sptan1","chr2",29904169,29904184,15,"Microexon (0-30bp)",-0.216,0,"Exclusion"
"ENSMUSG00000028523_chr4_102859654_102859779","ENSMUSG00000028523","Dynlt5","chr4",102859654,102859779,125,"Regular (>50bp)",-0.132,0.0013292921009548,"Exclusion"
"ENSMUSG00000006649_chr7_30181401_30181495","ENSMUSG00000006649","Nphs1","chr7",30181401,30181495,94,"Regular (>50bp)",0.366,0.000630664384618119,"Inclusion"
"ENSMUSG00000047747_chr8_83716975_83717226","ENSMUSG00000047747","Rnf150","chr8",83716975,83717226,251,"Regular (>50bp)",-0.101,0.0136454000238892,"Exclusion"
"ENSMUSG00000118346_chr19_8750868_8750986","ENSMUSG00000118346","Tmem179b","chr19",8750868,8750986,118,"Regular (>50bp)",-0.114,0.00561178543096076,"Exclusion"
"ENSMUSG00000042520_chr3_89938617_89938677","ENSMUSG00000042520","Ubap2l","chr3",89938617,89938677,60,"Regular (>50bp)",0.102,3.94430021856465e-06,"Inclusion"
"ENSMUSG00000032641_chr6_134854179_134854297","ENSMUSG00000032641","Gpr19","chr6",134854179,134854297,118,"Regular (>50bp)",-0.148,0.0170348785446787,"Exclusion"
"ENSMUSG00000032641_chr6_134854179_134854297","ENSMUSG00000032641","Gpr19","chr6",134854179,134854297,118,"Regular (>50bp)",-0.106,0.0291631464710411,"Exclusion"
"ENSMUSG00000060002_chr10_88316676_88316808","ENSMUSG00000060002","Chpt1","chr10",88316676,88316808,132,"Regular (>50bp)",0.143,0.0444072581279937,"Inclusion"
"ENSMUSG00000042699_chr1_153352169_153352308","ENSMUSG00000042699","Dhx9","chr1",153352169,153352308,139,"Regular (>50bp)",-0.107,8.00914175266303e-06,"Exclusion"
"ENSMUSG00000052748_chr1_151288541_151288597","ENSMUSG00000052748","Swt1","chr1",151288541,151288597,56,"Regular (>50bp)",0.316,0.000198346347251937,"Inclusion"
"ENSMUSG00000021224_chr12_83872032_83872065","ENSMUSG00000021224","Numb","chr12",83872032,83872065,33,"Small (30-50bp)",0.109,0.000270324741562492,"Inclusion"
"ENSMUSG00000028015_chr3_81853620_81853742","ENSMUSG00000028015","Ctso","chr3",81853620,81853742,122,"Regular (>50bp)",-0.146,0.00228540586761088,"Exclusion"
"ENSMUSG00000004896_chr3_87834869_87835015","ENSMUSG00000004896","Rrnad1","chr3",87834869,87835015,146,"Regular (>50bp)",-0.187,0.0361354766675684,"Exclusion"
"ENSMUSG00000030876_chr7_120651309_120651519","ENSMUSG00000030876","Mettl9","chr7",120651309,120651519,210,"Regular (>50bp)",-0.212,0.00433659793026078,"Exclusion"
"ENSMUSG00000032295_chr9_57046137_57046253","ENSMUSG00000032295","Man2c1","chr9",57046137,57046253,116,"Regular (>50bp)",-0.118,3.6239117168899e-09,"Exclusion"
"ENSMUSG00000026743_chr2_18097594_18097645","ENSMUSG00000026743","Mllt10","chr2",18097594,18097645,51,"Regular (>50bp)",0.222,1.76112398156733e-06,"Inclusion"
"ENSMUSG00000026743_chr2_18106268_18106323","ENSMUSG00000026743","Mllt10","chr2",18106268,18106323,55,"Regular (>50bp)",0.148,0.0065594185112459,"Inclusion"
"ENSMUSG00000050812_chr4_58905003_58905107","ENSMUSG00000050812","Ecpas","chr4",58905003,58905107,104,"Regular (>50bp)",0.114,0.0303461957826197,"Inclusion"
"ENSMUSG00000003352_chr15_98538569_98538631","ENSMUSG00000003352","Cacnb3","chr15",98538569,98538631,62,"Regular (>50bp)",-0.19,6.51576728307701e-05,"Exclusion"
"ENSMUSG00000003352_chr15_98538839_98538859","ENSMUSG00000003352","Cacnb3","chr15",98538839,98538859,20,"Microexon (0-30bp)",-0.117,0.0004518079449838,"Exclusion"
"ENSMUSG00000039662_chr4_152383593_152383702","ENSMUSG00000039662","Icmt","chr4",152383593,152383702,109,"Regular (>50bp)",0.109,0.000207488581034183,"Inclusion"
"ENSMUSG00000042751_chr1_152843667_152843727","ENSMUSG00000042751","Nmnat2","chr1",152843667,152843727,60,"Regular (>50bp)",-0.549,4.39260381309807e-07,"Exclusion"
"ENSMUSG00000009621_chr2_27174850_27174865","ENSMUSG00000009621","Vav2","chr2",27174850,27174865,15,"Microexon (0-30bp)",-0.111,3.07864615168397e-05,"Exclusion"
"ENSMUSG00000009621_chr2_27190441_27190456","ENSMUSG00000009621","Vav2","chr2",27190441,27190456,15,"Microexon (0-30bp)",-0.197,0,"Exclusion"
"ENSMUSG00000036893_chr2_24777014_24777081","ENSMUSG00000036893","Ehmt1","chr2",24777014,24777081,67,"Regular (>50bp)",-0.12,0.045442495293569,"Exclusion"
"ENSMUSG00000056342_chr11_23312576_23312612","ENSMUSG00000056342","Usp34","chr11",23312576,23312612,36,"Small (30-50bp)",-0.173,0.000552996805676707,"Exclusion"
"ENSMUSG00000106918_chr5_31765566_31765694","ENSMUSG00000106918","Mrpl33","chr5",31765566,31765694,128,"Regular (>50bp)",0.111,0.0444219873945958,"Inclusion"
"ENSMUSG00000106918_chr5_31786959_31787064","ENSMUSG00000106918","Mrpl33","chr5",31786959,31787064,105,"Regular (>50bp)",0.293,0.0122014096782684,"Inclusion"
"ENSMUSG00000021514_chr13_65443413_65443540","ENSMUSG00000021514","Zfp369","chr13",65443413,65443540,127,"Regular (>50bp)",0.115,0.0442401722203466,"Inclusion"
"ENSMUSG00000035829_chr2_28337896_28337994","ENSMUSG00000035829","Ppp1r26","chr2",28337896,28337994,98,"Regular (>50bp)",-0.111,0.00734415298529202,"Exclusion"
"ENSMUSG00000022020_chr14_79588128_79588270","ENSMUSG00000022020","Naa16","chr14",79588128,79588270,142,"Regular (>50bp)",0.17,0.000657760810194221,"Inclusion"
"ENSMUSG00000110218_chr17_56859687_56859996","ENSMUSG00000110218","Tincr","chr17",56859687,56859996,309,"Regular (>50bp)",-0.158,6.38313611492324e-05,"Exclusion"
"ENSMUSG00000039678_chr2_30025380_30025564","ENSMUSG00000039678","Tbc1d13","chr2",30025380,30025564,184,"Regular (>50bp)",-0.125,3.13897056497055e-14,"Exclusion"
"ENSMUSG00000039678_chr2_30025420_30025564","ENSMUSG00000039678","Tbc1d13","chr2",30025420,30025564,144,"Regular (>50bp)",-0.155,6.78763536026219e-12,"Exclusion"
"ENSMUSG00000026885_chr2_35707734_35707833","ENSMUSG00000026885","Ttll11","chr2",35707734,35707833,99,"Regular (>50bp)",0.11,0.00054315191631431,"Inclusion"
"ENSMUSG00000031367_chrX_162703901_162703996","ENSMUSG00000031367","Ap1s2","chrX",162703901,162703996,95,"Regular (>50bp)",-0.755,8.08260460600262e-05,"Exclusion"
"ENSMUSG00000033577_chr9_80214241_80214460","ENSMUSG00000033577","Myo6","chr9",80214241,80214460,219,"Regular (>50bp)",-0.134,3.55702936240723e-07,"Exclusion"
"ENSMUSG00000052712_chr17_29496712_29496921","ENSMUSG00000052712","BC004004","chr17",29496712,29496921,209,"Regular (>50bp)",0.101,0.00102357919254255,"Inclusion"
"ENSMUSG00000062991_chr8_32327697_32327756","ENSMUSG00000062991","Nrg1","chr8",32327697,32327756,59,"Regular (>50bp)",-0.123,0.0491066822674095,"Exclusion"
"ENSMUSG00000043909_chr2_121058125_121058329","ENSMUSG00000043909","Trp53bp1","chr2",121058125,121058329,204,"Regular (>50bp)",-0.115,0.0098738623034297,"Exclusion"
"ENSMUSG00000042772_chr1_152718980_152719130","ENSMUSG00000042772","Smg7","chr1",152718980,152719130,150,"Regular (>50bp)",-0.115,0.00587165290635847,"Exclusion"
"ENSMUSG00000047617_chr2_25350666_25350727","ENSMUSG00000047617","Paxx","chr2",25350666,25350727,61,"Regular (>50bp)",-0.112,0.000445282830365399,"Exclusion"
"ENSMUSG00000109825_chr8_64160796_64160957","ENSMUSG00000109825","Gm45589","chr8",64160796,64160957,161,"Regular (>50bp)",0.104,0.00591486582483082,"Inclusion"
"ENSMUSG00000086035_chr4_89214789_89214947","ENSMUSG00000086035","Gm12610","chr4",89214789,89214947,158,"Regular (>50bp)",0.105,0.00111612344800949,"Inclusion"
"ENSMUSG00000086035_chr4_89343084_89343626","ENSMUSG00000086035","Gm12610","chr4",89343084,89343626,542,"Regular (>50bp)",-0.165,0.0158418989840933,"Exclusion"
"ENSMUSG00000086035_chr4_89347835_89347975","ENSMUSG00000086035","Gm12610","chr4",89347835,89347975,140,"Regular (>50bp)",0.222,0.000309226289483404,"Inclusion"
"ENSMUSG00000086035_chr4_89363027_89363352","ENSMUSG00000086035","Gm12610","chr4",89363027,89363352,325,"Regular (>50bp)",-0.284,0.00733364758642594,"Exclusion"
"ENSMUSG00000026384_chr1_119633884_119634043","ENSMUSG00000026384","Ptpn4","chr1",119633884,119634043,159,"Regular (>50bp)",-0.108,0.000244615962471892,"Exclusion"
"ENSMUSG00000029635_chr5_146229433_146229577","ENSMUSG00000029635","Cdk8","chr5",146229433,146229577,144,"Regular (>50bp)",0.153,3.5025007525633e-06,"Inclusion"
"ENSMUSG00000033987_chr11_118016102_118016228","ENSMUSG00000033987","Dnah17","chr11",118016102,118016228,126,"Regular (>50bp)",-0.335,0.0125229623226886,"Exclusion"
"ENSMUSG00000087574_chr11_88611518_88611657","ENSMUSG00000087574","C030037D09Rik","chr11",88611518,88611657,139,"Regular (>50bp)",-0.134,0.00866784079248311,"Exclusion"
"ENSMUSG00000074874_chr13_61044441_61044559","ENSMUSG00000074874","Ctla2b","chr13",61044441,61044559,118,"Regular (>50bp)",-0.105,0.0449510589036202,"Exclusion"
"ENSMUSG00000026718_chr2_14120627_14120703","ENSMUSG00000026718","Stam","chr2",14120627,14120703,76,"Regular (>50bp)",0.143,0.0487516491673954,"Inclusion"
"ENSMUSG00000030852_chr7_130264745_130264871","ENSMUSG00000030852","Tacc2","chr7",130264745,130264871,126,"Regular (>50bp)",0.111,0.027714920034109,"Inclusion"
"ENSMUSG00000026873_chr2_34797016_34797112","ENSMUSG00000026873","Phf19","chr2",34797016,34797112,96,"Regular (>50bp)",-0.123,0.006253037163401,"Exclusion"
"ENSMUSG00000036580_chr3_55032175_55032346","ENSMUSG00000036580","Spg20","chr3",55032175,55032346,171,"Regular (>50bp)",-0.109,7.87292144297463e-05,"Exclusion"
"ENSMUSG00000074284_chr9_56964552_56964725","ENSMUSG00000074284","Gm10658","chr9",56964552,56964725,173,"Regular (>50bp)",-0.372,0.000580308474642218,"Exclusion"
"ENSMUSG00000039178_chr5_53988708_53988830","ENSMUSG00000039178","Tbc1d19","chr5",53988708,53988830,122,"Regular (>50bp)",-0.184,0,"Exclusion"
"ENSMUSG00000038695_chr7_44117729_44117841","ENSMUSG00000038695","Josd2","chr7",44117729,44117841,112,"Regular (>50bp)",0.102,0.00306503440583301,"Inclusion"
"ENSMUSG00000038695_chr7_44117783_44117841","ENSMUSG00000038695","Josd2","chr7",44117783,44117841,58,"Regular (>50bp)",0.105,0.00161572171267166,"Inclusion"
"ENSMUSG00000028687_chr4_116673779_116673893","ENSMUSG00000028687","Mutyh","chr4",116673779,116673893,114,"Regular (>50bp)",-0.2,0.0467259227622375,"Exclusion"
"ENSMUSG00000027257_chr2_91090212_91090272","ENSMUSG00000027257","Pacsin3","chr2",91090212,91090272,60,"Regular (>50bp)",0.253,5.26739603305051e-06,"Inclusion"
"ENSMUSG00000040209_chr3_9509218_9509402","ENSMUSG00000040209","Zfp704","chr3",9509218,9509402,184,"Regular (>50bp)",-0.634,0.000431238644821096,"Exclusion"
"ENSMUSG00000028175_chr3_159228162_159228993","ENSMUSG00000028175","Depdc1a","chr3",159228162,159228993,831,"Regular (>50bp)",-0.128,0.0218245182551564,"Exclusion"
"ENSMUSG00000027575_chr2_180620204_180620234","ENSMUSG00000027575","Arfgap1","chr2",180620204,180620234,30,"Microexon (0-30bp)",-0.169,0,"Exclusion"
"ENSMUSG00000070883_chr2_69606473_69606613","ENSMUSG00000070883","Ccdc173","chr2",69606473,69606613,140,"Regular (>50bp)",-0.137,0.0130658741814207,"Exclusion"
"ENSMUSG00000028528_chr4_101389194_101389259","ENSMUSG00000028528","Dnajc6","chr4",101389194,101389259,65,"Regular (>50bp)",0.452,0.000295766363456992,"Inclusion"
"ENSMUSG00000042359_chr2_76390529_76390604","ENSMUSG00000042359","Osbpl6","chr2",76390529,76390604,75,"Regular (>50bp)",-0.13,1.39787063562537e-05,"Exclusion"
"ENSMUSG00000014668_chr5_110287982_110288055","ENSMUSG00000014668","Chfr","chr5",110287982,110288055,73,"Regular (>50bp)",-0.208,0.00541359089233251,"Exclusion"
"ENSMUSG00000033543_chr9_69925961_69926100","ENSMUSG00000033543","Gtf2a2","chr9",69925961,69926100,139,"Regular (>50bp)",-0.139,0.00247552174784116,"Exclusion"
"ENSMUSG00000014592_chr4_151876875_151876959","ENSMUSG00000014592","Camta1","chr4",151876875,151876959,84,"Regular (>50bp)",0.112,1.36042331803072e-08,"Inclusion"
"ENSMUSG00000038860_chr2_32994864_32995035","ENSMUSG00000038860","Garnl3","chr2",32994864,32995035,171,"Regular (>50bp)",-0.116,0.00119149307584354,"Exclusion"
"ENSMUSG00000109006_chr7_61254263_61254448","ENSMUSG00000109006","B230209E15Rik","chr7",61254263,61254448,185,"Regular (>50bp)",0.239,0.00457183343929406,"Inclusion"
"ENSMUSG00000038533_chr2_154342319_154342463","ENSMUSG00000038533","Cbfa2t2","chr2",154342319,154342463,144,"Regular (>50bp)",-0.126,2.93427147062171e-05,"Exclusion"
"ENSMUSG00000005069_chr6_124381091_124381181","ENSMUSG00000005069","Pex5","chr6",124381091,124381181,90,"Regular (>50bp)",-0.154,0.000336218499461787,"Exclusion"
"ENSMUSG00000005069_chr6_124381091_124381202","ENSMUSG00000005069","Pex5","chr6",124381091,124381202,111,"Regular (>50bp)",-0.142,3.1354393149512e-06,"Exclusion"
"ENSMUSG00000027198_chr2_93651954_93652026","ENSMUSG00000027198","Ext2","chr2",93651954,93652026,72,"Regular (>50bp)",0.182,0.0353969139533125,"Inclusion"
"ENSMUSG00000027002_chr2_80401556_80401574","ENSMUSG00000027002","Nckap1","chr2",80401556,80401574,18,"Microexon (0-30bp)",-0.142,0,"Exclusion"
"ENSMUSG00000026670_chr1_169975564_169975612","ENSMUSG00000026670","Uap1","chr1",169975564,169975612,48,"Small (30-50bp)",-0.223,0,"Exclusion"
"ENSMUSG00000026670_chr1_169975564_169975615","ENSMUSG00000026670","Uap1","chr1",169975564,169975615,51,"Regular (>50bp)",-0.129,0,"Exclusion"
"ENSMUSG00000026670_chr1_169976839_169977028","ENSMUSG00000026670","Uap1","chr1",169976839,169977028,189,"Regular (>50bp)",0.125,0.00245680672212437,"Inclusion"
"ENSMUSG00000002578_chr10_128479743_128479837","ENSMUSG00000002578","Ikzf4","chr10",128479743,128479837,94,"Regular (>50bp)",-0.186,0.0317159376809196,"Exclusion"
"ENSMUSG00000042589_chr5_122181832_122181907","ENSMUSG00000042589","Cux2","chr5",122181832,122181907,75,"Regular (>50bp)",0.312,0.000315373777062646,"Inclusion"
"ENSMUSG00000035640_chr10_79972523_79972577","ENSMUSG00000035640","Cbarp","chr10",79972523,79972577,54,"Regular (>50bp)",-0.154,0,"Exclusion"
"ENSMUSG00000074813_chr2_128178291_128178414","ENSMUSG00000074813","Morrbid","chr2",128178291,128178414,123,"Regular (>50bp)",0.176,0.000418863049318098,"Inclusion"
"ENSMUSG00000040093_chr2_118377774_118377851","ENSMUSG00000040093","Bmf","chr2",118377774,118377851,77,"Regular (>50bp)",0.193,1.34288923752851e-05,"Inclusion"
"ENSMUSG00000085112_chr4_16172824_16172984","ENSMUSG00000085112","A530072M11Rik","chr4",16172824,16172984,160,"Regular (>50bp)",-0.247,0.0270460801486896,"Exclusion"
"ENSMUSG00000025860_chrX_41183243_41184149","ENSMUSG00000025860","Xiap","chrX",41183243,41184149,906,"Regular (>50bp)",-0.104,0.000788579759333613,"Exclusion"
"ENSMUSG00000005374_chr5_135178843_135178993","ENSMUSG00000005374","Tbl2","chr5",135178843,135178993,150,"Regular (>50bp)",-0.417,1.36762729764178e-10,"Exclusion"
"ENSMUSG00000027284_chr2_120560779_120560983","ENSMUSG00000027284","Cdan1","chr2",120560779,120560983,204,"Regular (>50bp)",-0.11,0.00194657457092043,"Exclusion"
"ENSMUSG00000027284_chr2_120560779_120560986","ENSMUSG00000027284","Cdan1","chr2",120560779,120560986,207,"Regular (>50bp)",-0.103,0.00270940237807841,"Exclusion"
"ENSMUSG00000034800_chr2_127423778_127423995","ENSMUSG00000034800","Zfp661","chr2",127423778,127423995,217,"Regular (>50bp)",-0.184,3.81143746070178e-07,"Exclusion"
"ENSMUSG00000034800_chr2_127423778_127423995","ENSMUSG00000034800","Zfp661","chr2",127423778,127423995,217,"Regular (>50bp)",-0.313,0.000116923917166716,"Exclusion"
"ENSMUSG00000055491_chr19_46050840_46050933","ENSMUSG00000055491","Pprc1","chr19",46050840,46050933,93,"Regular (>50bp)",0.12,0.0271203804461278,"Inclusion"
"ENSMUSG00000047731_chr19_46595150_46595198","ENSMUSG00000047731","Wbp1l","chr19",46595150,46595198,48,"Small (30-50bp)",0.145,1.31226921756948e-07,"Inclusion"
"ENSMUSG00000091474_chr7_41252301_41252421","ENSMUSG00000091474","2610021A01Rik","chr7",41252301,41252421,120,"Regular (>50bp)",-0.24,0.0112029065821442,"Exclusion"
"ENSMUSG00000091474_chr7_41252301_41252421","ENSMUSG00000091474","2610021A01Rik","chr7",41252301,41252421,120,"Regular (>50bp)",-0.114,0.000958206578132812,"Exclusion"
"ENSMUSG00000091474_chr7_41252301_41252421","ENSMUSG00000091474","2610021A01Rik","chr7",41252301,41252421,120,"Regular (>50bp)",-0.136,9.0611329107281e-05,"Exclusion"
"ENSMUSG00000003033_chr8_72995567_72995782","ENSMUSG00000003033","Ap1m1","chr8",72995567,72995782,215,"Regular (>50bp)",-0.28,0.0157787671167549,"Exclusion"
"ENSMUSG00000033434_chr5_110254735_110254806","ENSMUSG00000033434","Gtpbp6","chr5",110254735,110254806,71,"Regular (>50bp)",-0.159,2.01290237575617e-09,"Exclusion"
"ENSMUSG00000055567_chr1_66645610_66645814","ENSMUSG00000055567","Unc80","chr1",66645610,66645814,204,"Regular (>50bp)",-0.105,0.0095133670099723,"Exclusion"
"ENSMUSG00000027593_chr2_154636318_154636387","ENSMUSG00000027593","Raly","chr2",154636318,154636387,69,"Regular (>50bp)",0.118,0.0132819014482812,"Inclusion"
"ENSMUSG00000029482_chr5_125566846_125566960","ENSMUSG00000029482","Aacs","chr5",125566846,125566960,114,"Regular (>50bp)",0.235,0.0288273923666234,"Inclusion"
"ENSMUSG00000037259_chr2_144333691_144333817","ENSMUSG00000037259","Dzank1","chr2",144333691,144333817,126,"Regular (>50bp)",-0.215,0.00172166843415966,"Exclusion"
"ENSMUSG00000042508_chr5_9176539_9176749","ENSMUSG00000042508","Dmtf1","chr5",9176539,9176749,210,"Regular (>50bp)",-0.104,0.00261899138239011,"Exclusion"
"ENSMUSG00000026005_chr1_66740775_66740795","ENSMUSG00000026005","Rpe","chr1",66740775,66740795,20,"Microexon (0-30bp)",0.122,0.042373525672066,"Inclusion"
"ENSMUSG00000031822_chr8_121300909_121301017","ENSMUSG00000031822","Gse1","chr8",121300909,121301017,108,"Regular (>50bp)",0.126,0,"Inclusion"
"ENSMUSG00000040462_chr10_126932783_126932948","ENSMUSG00000040462","Os9","chr10",126932783,126932948,165,"Regular (>50bp)",-0.102,9.96518341292666e-08,"Exclusion"
"ENSMUSG00000028943_chr4_152215508_152215751","ENSMUSG00000028943","Espn","chr4",152215508,152215751,243,"Regular (>50bp)",-0.126,0.0392324111372134,"Exclusion"
"ENSMUSG00000028943_chr4_152217380_152217413","ENSMUSG00000028943","Espn","chr4",152217380,152217413,33,"Small (30-50bp)",0.171,0.0330518015657889,"Inclusion"
"ENSMUSG00000038085_chr2_156170237_156170375","ENSMUSG00000038085","Cnbd2","chr2",156170237,156170375,138,"Regular (>50bp)",-0.154,0.00854039767322631,"Exclusion"
"ENSMUSG00000063077_chr4_149345616_149345658","ENSMUSG00000063077","Kif1b","chr4",149345616,149345658,42,"Small (30-50bp)",-0.198,2.47292595078468e-09,"Exclusion"
"ENSMUSG00000063077_chr4_149349801_149349819","ENSMUSG00000063077","Kif1b","chr4",149349801,149349819,18,"Microexon (0-30bp)",-0.122,0,"Exclusion"
"ENSMUSG00000027673_chr3_32801876_32801938","ENSMUSG00000027673","Ndufb5","chr3",32801876,32801938,62,"Regular (>50bp)",0.425,0.0112496448164851,"Inclusion"
"ENSMUSG00000040940_chr7_24618608_24618776","ENSMUSG00000040940","Arhgef1","chr7",24618608,24618776,168,"Regular (>50bp)",0.222,0.00136666181722495,"Inclusion"
"ENSMUSG00000028550_chr4_99123303_99123423","ENSMUSG00000028550","Atg4c","chr4",99123303,99123423,120,"Regular (>50bp)",0.132,0.0209533691185055,"Inclusion"
"ENSMUSG00000027282_chr2_90683159_90683210","ENSMUSG00000027282","Mtch2","chr2",90683159,90683210,51,"Regular (>50bp)",-0.229,0,"Exclusion"
"ENSMUSG00000028649_chr4_123257849_123257867","ENSMUSG00000028649","Macf1","chr4",123257849,123257867,18,"Microexon (0-30bp)",-0.137,0,"Exclusion"
"ENSMUSG00000028649_chr4_123290886_123291213","ENSMUSG00000028649","Macf1","chr4",123290886,123291213,327,"Regular (>50bp)",0.123,7.3407250048571e-07,"Inclusion"
"ENSMUSG00000035268_chr2_163501069_163501155","ENSMUSG00000035268","Pkig","chr2",163501069,163501155,86,"Regular (>50bp)",0.107,0.00679725396576918,"Inclusion"
"ENSMUSG00000045503_chr2_164306277_164309247","ENSMUSG00000045503","Sys1","chr2",164306277,164309247,2970,"Regular (>50bp)",0.156,0.0449526278135182,"Inclusion"
"ENSMUSG00000049676_chr7_28884103_28884193","ENSMUSG00000049676","Catsperg1","chr7",28884103,28884193,90,"Regular (>50bp)",0.4,0.0263307764599819,"Inclusion"
"ENSMUSG00000049676_chr7_28884103_28884193","ENSMUSG00000049676","Catsperg1","chr7",28884103,28884193,90,"Regular (>50bp)",0.229,0.000469030419802761,"Inclusion"
"ENSMUSG00000049676_chr7_28889637_28889756","ENSMUSG00000049676","Catsperg1","chr7",28889637,28889756,119,"Regular (>50bp)",-0.391,0.0115057864267803,"Exclusion"
"ENSMUSG00000049676_chr7_28889637_28890060","ENSMUSG00000049676","Catsperg1","chr7",28889637,28890060,423,"Regular (>50bp)",-0.277,0.00873644531963276,"Exclusion"
"ENSMUSG00000049676_chr7_28897773_28897833","ENSMUSG00000049676","Catsperg1","chr7",28897773,28897833,60,"Regular (>50bp)",-0.298,0.00144658037973034,"Exclusion"
"ENSMUSG00000049676_chr7_28906229_28906374","ENSMUSG00000049676","Catsperg1","chr7",28906229,28906374,145,"Regular (>50bp)",0.319,1.04409689194384e-05,"Inclusion"
"ENSMUSG00000049676_chr7_28909904_28909958","ENSMUSG00000049676","Catsperg1","chr7",28909904,28909958,54,"Regular (>50bp)",0.107,0.00320417012365989,"Inclusion"
"ENSMUSG00000017664_chr2_165122705_165122811","ENSMUSG00000017664","Slc35c2","chr2",165122705,165122811,106,"Regular (>50bp)",0.49,0.00376120389611437,"Inclusion"
"ENSMUSG00000051149_chr2_168046519_168046694","ENSMUSG00000051149","Adnp","chr2",168046519,168046694,175,"Regular (>50bp)",0.289,0.0118336456040224,"Inclusion"
"ENSMUSG00000026970_chr2_60590102_60590150","ENSMUSG00000026970","Rbms1","chr2",60590102,60590150,48,"Small (30-50bp)",-0.109,1.68601818355716e-06,"Exclusion"
"ENSMUSG00000037885_chr2_129652407_129653157","ENSMUSG00000037885","Stk35","chr2",129652407,129653157,750,"Regular (>50bp)",-0.154,5.81443173539401e-05,"Exclusion"
"ENSMUSG00000021276_chr12_110845421_110845473","ENSMUSG00000021276","Cinp","chr12",110845421,110845473,52,"Regular (>50bp)",0.175,0.045925922029718,"Inclusion"
"ENSMUSG00000038685_chr2_180980027_180980147","ENSMUSG00000038685","Rtel1","chr2",180980027,180980147,120,"Regular (>50bp)",-0.111,5.2985879812659e-06,"Exclusion"
"ENSMUSG00000038685_chr2_180996801_180996918","ENSMUSG00000038685","Rtel1","chr2",180996801,180996918,117,"Regular (>50bp)",-0.173,0.00386516852811757,"Exclusion"
"ENSMUSG00000040183_chr4_32874206_32874370","ENSMUSG00000040183","Ankrd6","chr4",32874206,32874370,164,"Regular (>50bp)",-0.16,0.000357949181969969,"Exclusion"
"ENSMUSG00000027584_chr2_181358294_181358328","ENSMUSG00000027584","Oprl1","chr2",181358294,181358328,34,"Small (30-50bp)",0.418,8.23028332692743e-06,"Inclusion"
"ENSMUSG00000027584_chr2_181359747_181359886","ENSMUSG00000027584","Oprl1","chr2",181359747,181359886,139,"Regular (>50bp)",-0.288,0.00886053988611721,"Exclusion"
"ENSMUSG00000031485_chr8_27535951_27536027","ENSMUSG00000031485","Plpbp","chr8",27535951,27536027,76,"Regular (>50bp)",-0.255,0.00429232575527815,"Exclusion"
"ENSMUSG00000060261_chr5_134301377_134301440","ENSMUSG00000060261","Gtf2i","chr5",134301377,134301440,63,"Regular (>50bp)",0.123,0.0495043507073225,"Inclusion"
"ENSMUSG00000047213_chr3_16241130_16241279","ENSMUSG00000047213","Ythdf3","chr3",16241130,16241279,149,"Regular (>50bp)",-0.13,0.0087996618535725,"Exclusion"
"ENSMUSG00000001017_chr3_90409422_90409560","ENSMUSG00000001017","Chtop","chr3",90409422,90409560,138,"Regular (>50bp)",-0.103,4.04967711294638e-08,"Exclusion"
"ENSMUSG00000058318_chr2_92017388_92017753","ENSMUSG00000058318","Phf21a","chr2",92017388,92017753,365,"Regular (>50bp)",-0.307,0.000129630711321597,"Exclusion"
"ENSMUSG00000058318_chr2_92045793_92045920","ENSMUSG00000058318","Phf21a","chr2",92045793,92045920,127,"Regular (>50bp)",0.132,0.000574649726309643,"Inclusion"
"ENSMUSG00000087380_chr6_31261937_31262217","ENSMUSG00000087380","2210408F21Rik","chr6",31261937,31262217,280,"Regular (>50bp)",0.12,0.00207863633298947,"Inclusion"
"ENSMUSG00000087380_chr6_31313709_31313792","ENSMUSG00000087380","2210408F21Rik","chr6",31313709,31313792,83,"Regular (>50bp)",-0.259,8.63975196005069e-11,"Exclusion"
"ENSMUSG00000087380_chr6_31313738_31313792","ENSMUSG00000087380","2210408F21Rik","chr6",31313738,31313792,54,"Regular (>50bp)",-0.189,3.13897056497055e-14,"Exclusion"
"ENSMUSG00000025766_chr3_41708158_41708358","ENSMUSG00000025766","D3Ertd751e","chr3",41708158,41708358,200,"Regular (>50bp)",-0.116,0.0189424314770008,"Exclusion"
"ENSMUSG00000037022_chr8_80010837_80011075","ENSMUSG00000037022","Mmaa","chr8",80010837,80011075,238,"Regular (>50bp)",-0.373,0.000138368747953419,"Exclusion"
"ENSMUSG00000036834_chr3_63609984_63610044","ENSMUSG00000036834","Plch1","chr3",63609984,63610044,60,"Regular (>50bp)",0.156,7.8652208403867e-06,"Inclusion"
"ENSMUSG00000027829_chr3_65857445_65857647","ENSMUSG00000027829","Ccnl1","chr3",65857445,65857647,202,"Regular (>50bp)",-0.209,1.33565770465604e-10,"Exclusion"
"ENSMUSG00000025213_chr19_45065079_45065652","ENSMUSG00000025213","Kazald1","chr19",45065079,45065652,573,"Regular (>50bp)",-0.126,0.000319485934799967,"Exclusion"
"ENSMUSG00000025213_chr19_45065102_45065652","ENSMUSG00000025213","Kazald1","chr19",45065102,45065652,550,"Regular (>50bp)",-0.108,0.000339929778839638,"Exclusion"
"ENSMUSG00000001988_chr7_16194730_16194878","ENSMUSG00000001988","Npas1","chr7",16194730,16194878,148,"Regular (>50bp)",0.117,0.000155889898031129,"Inclusion"
"ENSMUSG00000030557_chr7_66894268_66894292","ENSMUSG00000030557","Mef2a","chr7",66894268,66894292,24,"Microexon (0-30bp)",-0.188,3.82827506342898e-06,"Exclusion"
"ENSMUSG00000026941_chr2_25456257_25456392","ENSMUSG00000026941","Mamdc4","chr2",25456257,25456392,135,"Regular (>50bp)",-0.2,0.0287475300416684,"Exclusion"
"ENSMUSG00000026941_chr2_25456723_25456835","ENSMUSG00000026941","Mamdc4","chr2",25456723,25456835,112,"Regular (>50bp)",-0.243,0.00612320292522862,"Exclusion"
"ENSMUSG00000012123_chr4_133819360_133819520","ENSMUSG00000012123","Crybg2","chr4",133819360,133819520,160,"Regular (>50bp)",-0.176,2.67536117641584e-07,"Exclusion"
"ENSMUSG00000066392_chr12_88799322_88799340","ENSMUSG00000066392","Nrxn3","chr12",88799322,88799340,18,"Microexon (0-30bp)",-0.107,0.00452207672631305,"Exclusion"
"ENSMUSG00000053510_chr4_108873848_108873982","ENSMUSG00000053510","Nrd1","chr4",108873848,108873982,134,"Regular (>50bp)",-0.236,6.49148509418852e-05,"Exclusion"
"ENSMUSG00000031497_chr8_10071372_10071429","ENSMUSG00000031497","Tnfsf13b","chr8",10071372,10071429,57,"Regular (>50bp)",-0.177,0.000166593777625775,"Exclusion"
"ENSMUSG00000030309_chr6_148770486_148771143","ENSMUSG00000030309","Caprin2","chr6",148770486,148771143,657,"Regular (>50bp)",-0.302,2.35907906004115e-11,"Exclusion"
"ENSMUSG00000029804_chr6_58809386_58809521","ENSMUSG00000029804","Herc3","chr6",58809386,58809521,135,"Regular (>50bp)",-0.117,0.00189975198822809,"Exclusion"
"ENSMUSG00000040506_chr2_91635368_91635455","ENSMUSG00000040506","Ambra1","chr2",91635368,91635455,87,"Regular (>50bp)",0.121,0.000310654817624556,"Inclusion"
"ENSMUSG00000028760_chr4_137814843_137814876","ENSMUSG00000028760","Eif4g3","chr4",137814843,137814876,33,"Small (30-50bp)",0.142,0.0302803529391185,"Inclusion"
"ENSMUSG00000028760_chr4_137814843_137814876","ENSMUSG00000028760","Eif4g3","chr4",137814843,137814876,33,"Small (30-50bp)",-0.141,0.000630664384618119,"Exclusion"
"ENSMUSG00000053460_chr6_72404880_72404963","ENSMUSG00000053460","Ggcx","chr6",72404880,72404963,83,"Regular (>50bp)",0.26,0.0346952164589474,"Inclusion"
"ENSMUSG00000053460_chr6_72404880_72405032","ENSMUSG00000053460","Ggcx","chr6",72404880,72405032,152,"Regular (>50bp)",0.17,0.0137970121377719,"Inclusion"
"ENSMUSG00000005045_chr4_152470180_152470295","ENSMUSG00000005045","Chd5","chr4",152470180,152470295,115,"Regular (>50bp)",-0.137,0,"Exclusion"
"ENSMUSG00000087578_chr6_83084723_83084895","ENSMUSG00000087578","Ccdc142os","chr6",83084723,83084895,172,"Regular (>50bp)",-0.125,0.00617957643475387,"Exclusion"
"ENSMUSG00000033788_chr6_84073458_84073500","ENSMUSG00000033788","Dysf","chr6",84073458,84073500,42,"Small (30-50bp)",-0.143,2.01956169178647e-09,"Exclusion"
"ENSMUSG00000033788_chr6_84134120_84134183","ENSMUSG00000033788","Dysf","chr6",84134120,84134183,63,"Regular (>50bp)",-0.134,0.000280195582029883,"Exclusion"
"ENSMUSG00000071337_chr6_86396675_86396794","ENSMUSG00000071337","Tia1","chr6",86396675,86396794,119,"Regular (>50bp)",-0.128,0.0243641801895583,"Exclusion"
"ENSMUSG00000007035_chr17_35261073_35261156","ENSMUSG00000007035","Msh5","chr17",35261073,35261156,83,"Regular (>50bp)",-0.322,9.86006679279446e-05,"Exclusion"
"ENSMUSG00000005893_chr6_92082262_92082346","ENSMUSG00000005893","Nr2c2","chr6",92082262,92082346,84,"Regular (>50bp)",0.334,5.15892663881317e-06,"Inclusion"
"ENSMUSG00000030061_chr6_97182063_97182308","ENSMUSG00000030061","Uba3","chr6",97182063,97182308,245,"Regular (>50bp)",0.102,6.29152564027324e-08,"Inclusion"
"ENSMUSG00000030067_chr6_99497557_99497693","ENSMUSG00000030067","Foxp1","chr6",99497557,99497693,136,"Regular (>50bp)",0.213,0.00253788279822853,"Inclusion"
"ENSMUSG00000000296_chr10_31214180_31214241","ENSMUSG00000000296","Tpd52l1","chr10",31214180,31214241,61,"Regular (>50bp)",-0.561,0.00014979744909032,"Exclusion"
"ENSMUSG00000000296_chr10_31214180_31214241","ENSMUSG00000000296","Tpd52l1","chr10",31214180,31214241,61,"Regular (>50bp)",-0.592,0.000113527244093131,"Exclusion"
"ENSMUSG00000021271_chr12_110827229_110827457","ENSMUSG00000021271","Zfp839","chr12",110827229,110827457,228,"Regular (>50bp)",-0.242,0.00157803820292536,"Exclusion"
"ENSMUSG00000034269_chr6_113086384_113086577","ENSMUSG00000034269","Setd5","chr6",113086384,113086577,193,"Regular (>50bp)",-0.105,0.0058226609798991,"Exclusion"
"ENSMUSG00000058486_chr6_34886648_34886762","ENSMUSG00000058486","Wdr91","chr6",34886648,34886762,114,"Regular (>50bp)",-0.599,6.38126107351054e-05,"Exclusion"
"ENSMUSG00000032503_chr9_111984485_111986866","ENSMUSG00000032503","Arpp21","chr9",111984485,111986866,2381,"Regular (>50bp)",-0.171,0.000599150887904193,"Exclusion"
"ENSMUSG00000032503_chr9_111986757_111986866","ENSMUSG00000032503","Arpp21","chr9",111986757,111986866,109,"Regular (>50bp)",-0.109,0.00589741868435199,"Exclusion"
"ENSMUSG00000057880_chr16_8428990_8429158","ENSMUSG00000057880","Abat","chr16",8428990,8429158,168,"Regular (>50bp)",-0.129,9.54026421227571e-12,"Exclusion"
"ENSMUSG00000033488_chr1_157294735_157294817","ENSMUSG00000033488","Cryzl2","chr1",157294735,157294817,82,"Regular (>50bp)",-0.14,0.037079933881615,"Exclusion"
"ENSMUSG00000030166_chr6_119888008_119888102","ENSMUSG00000030166","Rad52","chr6",119888008,119888102,94,"Regular (>50bp)",0.134,0.0136147538803283,"Inclusion"
"ENSMUSG00000000881_chrX_99853467_99853513","ENSMUSG00000000881","Dlg3","chrX",99853467,99853513,46,"Small (30-50bp)",0.134,7.81094895861366e-09,"Inclusion"
"ENSMUSG00000067825_chr6_121164217_121164525","ENSMUSG00000067825","Pex26","chr6",121164217,121164525,308,"Regular (>50bp)",-0.113,2.44457672884346e-07,"Exclusion"
"ENSMUSG00000031948_chr8_112735113_112735171","ENSMUSG00000031948","Kars","chr8",112735113,112735171,58,"Regular (>50bp)",-0.133,0.000224732437539234,"Exclusion"
"ENSMUSG00000031948_chr8_112736853_112736912","ENSMUSG00000031948","Kars","chr8",112736853,112736912,59,"Regular (>50bp)",0.113,3.78061307750116e-11,"Inclusion"
"ENSMUSG00000035642_chr7_97224794_97224898","ENSMUSG00000035642","Aamdc","chr7",97224794,97224898,104,"Regular (>50bp)",0.146,0.000689097897275384,"Inclusion"
"ENSMUSG00000035642_chr7_97224794_97224898","ENSMUSG00000035642","Aamdc","chr7",97224794,97224898,104,"Regular (>50bp)",0.105,0.00258624529481522,"Inclusion"
"ENSMUSG00000038346_chr6_125001376_125001515","ENSMUSG00000038346","Zfp384","chr6",125001376,125001515,139,"Regular (>50bp)",-0.122,0.036234618335544,"Exclusion"
"ENSMUSG00000026305_chr1_91036301_91036394","ENSMUSG00000026305","Lrrfip1","chr1",91036301,91036394,93,"Regular (>50bp)",0.102,0.00413963031152834,"Inclusion"
"ENSMUSG00000029765_chr6_32287395_32287527","ENSMUSG00000029765","Plxna4","chr6",32287395,32287527,132,"Regular (>50bp)",0.112,0.00300474676365773,"Inclusion"
"ENSMUSG00000000889_chr2_27060323_27060581","ENSMUSG00000000889","Dbh","chr2",27060323,27060581,258,"Regular (>50bp)",-0.146,0.0114783170626558,"Exclusion"
"ENSMUSG00000035181_chr12_51958987_51959014","ENSMUSG00000035181","Heatr5a","chr12",51958987,51959014,27,"Microexon (0-30bp)",0.22,0.0266003257680887,"Inclusion"
"ENSMUSG00000000131_chr7_125702794_125702887","ENSMUSG00000000131","Xpo6","chr7",125702794,125702887,93,"Regular (>50bp)",0.148,0.0300447947991917,"Inclusion"
"ENSMUSG00000049580_chr7_98002683_98002823","ENSMUSG00000049580","Tsku","chr7",98002683,98002823,140,"Regular (>50bp)",0.121,0.00202226264674503,"Inclusion"
"ENSMUSG00000064179_chr7_4511472_4511582","ENSMUSG00000064179","Tnnt1","chr7",4511472,4511582,110,"Regular (>50bp)",-0.101,0.0159130478191829,"Exclusion"
"ENSMUSG00000064179_chr7_4511472_4511624","ENSMUSG00000064179","Tnnt1","chr7",4511472,4511624,152,"Regular (>50bp)",-0.213,0.000747977373366288,"Exclusion"
"ENSMUSG00000035429_chr7_4555868_4555945","ENSMUSG00000035429","Ptprh","chr7",4555868,4555945,77,"Regular (>50bp)",-0.171,0.00229775904246734,"Exclusion"
"ENSMUSG00000047045_chrX_141535035_141535085","ENSMUSG00000047045","Tmem164","chrX",141535035,141535085,50,"Small (30-50bp)",-0.126,5.09260354793368e-05,"Exclusion"
"ENSMUSG00000097451_chr12_109583607_109583783","ENSMUSG00000097451","Rian","chr12",109583607,109583783,176,"Regular (>50bp)",0.344,0.0108037624816995,"Inclusion"
"ENSMUSG00000042439_chr18_65777263_65777440","ENSMUSG00000042439","Zfp532","chr18",65777263,65777440,177,"Regular (>50bp)",0.218,0.0317497090082631,"Inclusion"
"ENSMUSG00000070808_chr7_15720837_15721014","ENSMUSG00000070808","Bicra","chr7",15720837,15721014,177,"Regular (>50bp)",-0.159,0.00051811090979926,"Exclusion"
"ENSMUSG00000030374_chr7_16565270_16565505","ENSMUSG00000030374","Strn4","chr7",16565270,16565505,235,"Regular (>50bp)",-0.101,0.0332800409569284,"Exclusion"
"ENSMUSG00000063594_chr7_16627045_16627144","ENSMUSG00000063594","Gng8","chr7",16627045,16627144,99,"Regular (>50bp)",0.124,0.00468932595170997,"Inclusion"
"ENSMUSG00000032502_chr9_111463873_111464153","ENSMUSG00000032502","Stac","chr9",111463873,111464153,280,"Regular (>50bp)",-0.108,4.08732219436128e-05,"Exclusion"
"ENSMUSG00000004328_chr7_16784473_16784682","ENSMUSG00000004328","Hif3a","chr7",16784473,16784682,209,"Regular (>50bp)",-0.219,0.00154743014931343,"Exclusion"
"ENSMUSG00000026589_chr1_157334955_157335123","ENSMUSG00000026589","Sec16b","chr1",157334955,157335123,168,"Regular (>50bp)",-0.178,2.59957342057324e-07,"Exclusion"
"ENSMUSG00000030406_chr7_18893885_18893955","ENSMUSG00000030406","Gipr","chr7",18893885,18893955,70,"Regular (>50bp)",-0.344,6.30720236508342e-07,"Exclusion"
"ENSMUSG00000021071_chr12_70298793_70298817","ENSMUSG00000021071","Trim9","chr12",70298793,70298817,24,"Microexon (0-30bp)",0.3,0.0126767727515466,"Inclusion"
"ENSMUSG00000100706_chr8_49306622_49306829","ENSMUSG00000100706","Gm19744","chr8",49306622,49306829,207,"Regular (>50bp)",-0.165,0.0333098753347684,"Exclusion"
"ENSMUSG00000035164_chr9_52054974_52055726","ENSMUSG00000035164","Zc3h12c","chr9",52054974,52055726,752,"Regular (>50bp)",-0.135,1.90128423900859e-05,"Exclusion"
"ENSMUSG00000063160_chr7_26960432_26960532","ENSMUSG00000063160","Numbl","chr7",26960432,26960532,100,"Regular (>50bp)",-0.132,0.0473911802836961,"Exclusion"
"ENSMUSG00000005202_chr11_69506857_69506946","ENSMUSG00000005202","Shbg","chr11",69506857,69506946,89,"Regular (>50bp)",-0.131,0.0041425651737977,"Exclusion"
"ENSMUSG00000054808_chr7_28594856_28594937","ENSMUSG00000054808","Actn4","chr7",28594856,28594937,81,"Regular (>50bp)",-0.11,7.33396025610593e-05,"Exclusion"
"ENSMUSG00000020072_chr10_62889642_62889731","ENSMUSG00000020072","Pbld2","chr10",62889642,62889731,89,"Regular (>50bp)",-0.167,0.0389427118370901,"Exclusion"
"ENSMUSG00000079509_chrX_93157801_93157869","ENSMUSG00000079509","Zfx","chrX",93157801,93157869,68,"Regular (>50bp)",-0.279,0.000155866825924027,"Exclusion"
"ENSMUSG00000069727_chr7_42314441_42314568","ENSMUSG00000069727","Zfp975","chr7",42314441,42314568,127,"Regular (>50bp)",0.221,0.0127552405054185,"Inclusion"
"ENSMUSG00000064194_chr7_42838466_42838574","ENSMUSG00000064194","Zfp936","chr7",42838466,42838574,108,"Regular (>50bp)",-0.156,0.00180500359869244,"Exclusion"
"ENSMUSG00000020212_chr10_117992738_117992768","ENSMUSG00000020212","Mdm1","chr10",117992738,117992768,30,"Microexon (0-30bp)",-0.124,0,"Exclusion"
"ENSMUSG00000001053_chr11_51538834_51538989","ENSMUSG00000001053","N4bp3","chr11",51538834,51538989,155,"Regular (>50bp)",-0.359,0.0455946029911624,"Exclusion"
"ENSMUSG00000008140_chr7_44140586_44140673","ENSMUSG00000008140","Emc10","chr7",44140586,44140673,87,"Regular (>50bp)",-0.109,1.19371306669874e-06,"Exclusion"
"ENSMUSG00000064043_chr17_47630277_47630544","ENSMUSG00000064043","Trerf1","chr17",47630277,47630544,267,"Regular (>50bp)",-0.118,0.00361328962545285,"Exclusion"
"ENSMUSG00000034780_chr2_67708171_67708236","ENSMUSG00000034780","B3galt1","chr2",67708171,67708236,65,"Regular (>50bp)",-0.122,0.000446342757155352,"Exclusion"
"ENSMUSG00000074141_chr7_44483374_44483516","ENSMUSG00000074141","Il4i1","chr7",44483374,44483516,142,"Regular (>50bp)",-0.241,0.00173710782867617,"Exclusion"
"ENSMUSG00000007837_chr7_44709628_44709783","ENSMUSG00000007837","Prrg2","chr7",44709628,44709783,155,"Regular (>50bp)",-0.126,0.020111244438949,"Exclusion"
"ENSMUSG00000007837_chr7_44709628_44709810","ENSMUSG00000007837","Prrg2","chr7",44709628,44709810,182,"Regular (>50bp)",-0.114,0.0084240667727097,"Exclusion"
"ENSMUSG00000007837_chr7_44709628_44709839","ENSMUSG00000007837","Prrg2","chr7",44709628,44709839,211,"Regular (>50bp)",-0.11,0.0458507845949077,"Exclusion"
"ENSMUSG00000029823_chr6_38531914_38531998","ENSMUSG00000029823","Luc7l2","chr6",38531914,38531998,84,"Regular (>50bp)",-0.322,9.4376012364881e-06,"Exclusion"
"ENSMUSG00000023467_chr7_45164841_45164980","ENSMUSG00000023467","Tulp2","chr7",45164841,45164980,139,"Regular (>50bp)",-0.172,0.0170533348024479,"Exclusion"
"ENSMUSG00000023467_chr7_45164841_45164994","ENSMUSG00000023467","Tulp2","chr7",45164841,45164994,153,"Regular (>50bp)",-0.164,0.0312870732357171,"Exclusion"
"ENSMUSG00000040428_chr7_45190478_45190628","ENSMUSG00000040428","Plekha4","chr7",45190478,45190628,150,"Regular (>50bp)",-0.133,0.0282017471999398,"Exclusion"
"ENSMUSG00000002771_chr7_45506163_45506317","ENSMUSG00000002771","Grin2d","chr7",45506163,45506317,154,"Regular (>50bp)",-0.121,0.00379792490271077,"Exclusion"
"ENSMUSG00000032523_chr9_121614117_121614319","ENSMUSG00000032523","Hhatl","chr9",121614117,121614319,202,"Regular (>50bp)",-0.112,0.00841840647922134,"Exclusion"
"ENSMUSG00000003573_chr8_70738043_70738200","ENSMUSG00000003573","Homer3","chr8",70738043,70738200,157,"Regular (>50bp)",-0.101,2.53532237938914e-13,"Exclusion"
"ENSMUSG00000030505_chr7_49430868_49430918","ENSMUSG00000030505","Prmt3","chr7",49430868,49430918,50,"Small (30-50bp)",-0.186,0.000158285060328964,"Exclusion"
"ENSMUSG00000059119_chr7_143072586_143072622","ENSMUSG00000059119","Nap1l4","chr7",143072586,143072622,36,"Small (30-50bp)",0.133,6.90174686690001e-09,"Inclusion"
"ENSMUSG00000058966_chr7_126417465_126417525","ENSMUSG00000058966","Tlcd3b","chr7",126417465,126417525,60,"Regular (>50bp)",-0.304,0.0304633951298983,"Exclusion"
"ENSMUSG00000047804_chr11_61795600_61795685","ENSMUSG00000047804","Akap10","chr11",61795600,61795685,85,"Regular (>50bp)",-0.123,0.00580372437516306,"Exclusion"
"ENSMUSG00000025133_chr7_97148755_97148806","ENSMUSG00000025133","Ints4","chr7",97148755,97148806,51,"Regular (>50bp)",-0.115,0.000683547154600883,"Exclusion"
"ENSMUSG00000044433_chr8_3650357_3650405","ENSMUSG00000044433","Camsap3","chr8",3650357,3650405,48,"Small (30-50bp)",-0.155,0.0108797651684664,"Exclusion"
"ENSMUSG00000033594_chr8_123962256_123962588","ENSMUSG00000033594","Spata2l","chr8",123962256,123962588,332,"Regular (>50bp)",-0.134,0.00104499521939677,"Exclusion"
"ENSMUSG00000041977_chr3_87602704_87602824","ENSMUSG00000041977","Arhgef11","chr3",87602704,87602824,120,"Regular (>50bp)",-0.106,0.00114814519812022,"Exclusion"
"ENSMUSG00000007850_chr11_50268140_50268267","ENSMUSG00000007850","Hnrnph1","chr11",50268140,50268267,127,"Regular (>50bp)",-0.242,1.40017309400077e-05,"Exclusion"
"ENSMUSG00000002885_chr8_84458531_84458666","ENSMUSG00000002885","Adgre5","chr8",84458531,84458666,135,"Regular (>50bp)",0.171,0.0434580165481204,"Inclusion"
"ENSMUSG00000019823_chr10_41354423_41354631","ENSMUSG00000019823","Mical1","chr10",41354423,41354631,208,"Regular (>50bp)",-0.12,5.77724965612637e-08,"Exclusion"
"ENSMUSG00000037032_chr7_105215152_105215158","ENSMUSG00000037032","Apbb1","chr7",105215152,105215158,6,"Microexon (0-30bp)",-0.102,0,"Exclusion"
"ENSMUSG00000022558_chr15_76316571_76316598","ENSMUSG00000022558","Mroh1","chr15",76316571,76316598,27,"Microexon (0-30bp)",-0.123,3.79776685637924e-13,"Exclusion"
"ENSMUSG00000022558_chr15_76332952_76333199","ENSMUSG00000022558","Mroh1","chr15",76332952,76333199,247,"Regular (>50bp)",-0.186,0.0106158028063893,"Exclusion"
"ENSMUSG00000048065_chr7_107356117_107356190","ENSMUSG00000048065","Cyb5r2","chr7",107356117,107356190,73,"Regular (>50bp)",-0.146,3.56037041867952e-11,"Exclusion"
"ENSMUSG00000031644_chr8_61524784_61524868","ENSMUSG00000031644","Nek1","chr8",61524784,61524868,84,"Regular (>50bp)",-0.116,3.24027140163664e-08,"Exclusion"
"ENSMUSG00000025144_chr11_120602215_120602327","ENSMUSG00000025144","Cenpx","chr11",120602215,120602327,112,"Regular (>50bp)",-0.109,3.23853864395517e-07,"Exclusion"
"ENSMUSG00000028653_chr4_122940667_122940810","ENSMUSG00000028653","Trit1","chr4",122940667,122940810,143,"Regular (>50bp)",-0.12,3.08425481320397e-07,"Exclusion"
"ENSMUSG00000035770_chr8_105167332_105167486","ENSMUSG00000035770","Dync1li2","chr8",105167332,105167486,154,"Regular (>50bp)",-0.271,0.00180681042220623,"Exclusion"
"ENSMUSG00000022123_chr14_103809091_103809151","ENSMUSG00000022123","Scel","chr14",103809091,103809151,60,"Regular (>50bp)",-0.165,0.036929135764511,"Exclusion"
"ENSMUSG00000043923_chr9_44324213_44324319","ENSMUSG00000043923","Ccdc84","chr9",44324213,44324319,106,"Regular (>50bp)",-0.129,6.73922375967719e-06,"Exclusion"
"ENSMUSG00000043923_chr9_44324433_44324498","ENSMUSG00000043923","Ccdc84","chr9",44324433,44324498,65,"Regular (>50bp)",-0.183,0.00388349795913895,"Exclusion"
"ENSMUSG00000042289_chr7_127400563_127400788","ENSMUSG00000042289","Hsd3b7","chr7",127400563,127400788,225,"Regular (>50bp)",-0.506,0.00546396349875582,"Exclusion"
"ENSMUSG00000042289_chr7_127400632_127400788","ENSMUSG00000042289","Hsd3b7","chr7",127400632,127400788,156,"Regular (>50bp)",-0.118,4.17505835581551e-05,"Exclusion"
"ENSMUSG00000042289_chr7_127401005_127401114","ENSMUSG00000042289","Hsd3b7","chr7",127401005,127401114,109,"Regular (>50bp)",-0.116,5.48997210904353e-05,"Exclusion"
"ENSMUSG00000031671_chr8_96443548_96443606","ENSMUSG00000031671","Setd6","chr8",96443548,96443606,58,"Regular (>50bp)",-0.119,6.53699318291269e-07,"Exclusion"
"ENSMUSG00000031671_chr8_96443548_96443606","ENSMUSG00000031671","Setd6","chr8",96443548,96443606,58,"Regular (>50bp)",-0.285,0,"Exclusion"
"ENSMUSG00000031671_chr8_96444548_96444729","ENSMUSG00000031671","Setd6","chr8",96444548,96444729,181,"Regular (>50bp)",-0.223,3.13897056497055e-14,"Exclusion"
"ENSMUSG00000059708_chrX_35887220_35887989","ENSMUSG00000059708","Akap17b","chrX",35887220,35887989,769,"Regular (>50bp)",0.196,0.0397802453447522,"Inclusion"
"ENSMUSG00000044348_chrX_135930774_135930848","ENSMUSG00000044348","Slc25a53","chrX",135930774,135930848,74,"Regular (>50bp)",0.161,1.97235780443901e-05,"Inclusion"
"ENSMUSG00000021481_chr13_55263295_55263437","ENSMUSG00000021481","Zfp346","chr13",55263295,55263437,142,"Regular (>50bp)",-0.24,0.0309385069417727,"Exclusion"
"ENSMUSG00000027405_chr2_130120332_130120451","ENSMUSG00000027405","Nop56","chr2",130120332,130120451,119,"Regular (>50bp)",-0.105,0,"Exclusion"
"ENSMUSG00000056228_chr8_11592901_11592977","ENSMUSG00000056228","Cars2","chr8",11592901,11592977,76,"Regular (>50bp)",-0.117,1.88909134169477e-09,"Exclusion"
"ENSMUSG00000027297_chr2_119588459_119588642","ENSMUSG00000027297","Ltk","chr2",119588459,119588642,183,"Regular (>50bp)",-0.11,0.00517042782755356,"Exclusion"
"ENSMUSG00000039478_chr8_40793338_40793370","ENSMUSG00000039478","Micu3","chr8",40793338,40793370,32,"Small (30-50bp)",0.106,0.0308912369201822,"Inclusion"
"ENSMUSG00000039720_chr8_27689865_27689975","ENSMUSG00000039720","Got1l1","chr8",27689865,27689975,110,"Regular (>50bp)",-0.154,2.22908212355693e-10,"Exclusion"
"ENSMUSG00000057551_chr9_19536795_19536933","ENSMUSG00000057551","Zfp317","chr9",19536795,19536933,138,"Regular (>50bp)",-0.155,0.0139756038199253,"Exclusion"
"ENSMUSG00000055013_chr1_89751578_89751656","ENSMUSG00000055013","Agap1","chr1",89751578,89751656,78,"Regular (>50bp)",-0.145,8.28312764529383e-05,"Exclusion"
"ENSMUSG00000031608_chr8_57995545_57995728","ENSMUSG00000031608","Galnt7","chr8",57995545,57995728,183,"Regular (>50bp)",-0.109,0.0308192398881408,"Exclusion"
"ENSMUSG00000038005_chr8_61349771_61349870","ENSMUSG00000038005","Hpf1","chr8",61349771,61349870,99,"Regular (>50bp)",0.118,9.52976432449854e-05,"Inclusion"
"ENSMUSG00000031835_chr8_120276296_120276445","ENSMUSG00000031835","Mbtps1","chr8",120276296,120276445,149,"Regular (>50bp)",0.103,0.0200107973236349,"Inclusion"
"ENSMUSG00000004319_chr8_61367786_61367862","ENSMUSG00000004319","Clcn3","chr8",61367786,61367862,76,"Regular (>50bp)",-0.134,5.23745151685862e-06,"Exclusion"
"ENSMUSG00000024097_chr17_80512050_80512510","ENSMUSG00000024097","Srsf7","chr17",80512050,80512510,460,"Regular (>50bp)",-0.117,2.16905427495702e-05,"Exclusion"
"ENSMUSG00000069601_chr10_69817945_69817991","ENSMUSG00000069601","Ank3","chr10",69817945,69817991,46,"Small (30-50bp)",-0.124,0.0266382038889151,"Exclusion"
"ENSMUSG00000026153_chr1_24125600_24125692","ENSMUSG00000026153","Fam135a","chr1",24125600,24125692,92,"Regular (>50bp)",0.123,0.00660533570820814,"Inclusion"
"ENSMUSG00000003575_chr8_70855080_70855175","ENSMUSG00000003575","Crtc1","chr8",70855080,70855175,95,"Regular (>50bp)",0.191,0.0206965126416938,"Inclusion"
"ENSMUSG00000019261_chr8_71364489_71364572","ENSMUSG00000019261","Map1s","chr8",71364489,71364572,83,"Regular (>50bp)",0.355,0.00217403392032402,"Inclusion"
"ENSMUSG00000019261_chr8_71365156_71365297","ENSMUSG00000019261","Map1s","chr8",71365156,71365297,141,"Regular (>50bp)",0.266,0.0439638577027943,"Inclusion"
"ENSMUSG00000031708_chr8_84299656_84299674","ENSMUSG00000031708","Tecr","chr8",84299656,84299674,18,"Microexon (0-30bp)",-0.111,0,"Exclusion"
"ENSMUSG00000004677_chr8_71791550_71791664","ENSMUSG00000004677","Myo9b","chr8",71791550,71791664,114,"Regular (>50bp)",0.168,0.0199690370826566,"Inclusion"
"ENSMUSG00000031813_chr8_71996600_71996767","ENSMUSG00000031813","Mvb12a","chr8",71996600,71996767,167,"Regular (>50bp)",-0.172,0.0140563152521324,"Exclusion"
"ENSMUSG00000037818_chr3_40860601_40860653","ENSMUSG00000037818","Abhd18","chr3",40860601,40860653,52,"Regular (>50bp)",-0.278,0.0220842201347268,"Exclusion"
"ENSMUSG00000031736_chr8_93071480_93071648","ENSMUSG00000031736","Crnde","chr8",93071480,93071648,168,"Regular (>50bp)",-0.12,0.0164901693959238,"Exclusion"
"ENSMUSG00000033009_chr8_94765595_94765738","ENSMUSG00000033009","Ogfod1","chr8",94765595,94765738,143,"Regular (>50bp)",-0.114,0.00144923153264796,"Exclusion"
"ENSMUSG00000040363_chrX_12003623_12003709","ENSMUSG00000040363","Bcor","chrX",12003623,12003709,86,"Regular (>50bp)",0.148,0.00222122832377015,"Inclusion"
"ENSMUSG00000040363_chrX_12003623_12003709","ENSMUSG00000040363","Bcor","chrX",12003623,12003709,86,"Regular (>50bp)",0.344,0.00325910945240768,"Inclusion"
"ENSMUSG00000014786_chr8_106084212_106084283","ENSMUSG00000014786","Slc9a5","chr8",106084212,106084283,71,"Regular (>50bp)",-0.209,4.01941352830388e-13,"Exclusion"
"ENSMUSG00000014786_chr8_106088192_106088270","ENSMUSG00000014786","Slc9a5","chr8",106088192,106088270,78,"Regular (>50bp)",0.118,9.67694947276558e-05,"Inclusion"
"ENSMUSG00000014786_chr8_106090568_106090638","ENSMUSG00000014786","Slc9a5","chr8",106090568,106090638,70,"Regular (>50bp)",-0.149,5.23489470693099e-07,"Exclusion"
"ENSMUSG00000031901_chr8_106756983_106757075","ENSMUSG00000031901","Dus2","chr8",106756983,106757075,92,"Regular (>50bp)",-0.115,0.0354584575732497,"Exclusion"
"ENSMUSG00000022575_chr15_75736092_75736285","ENSMUSG00000022575","Gsdmd","chr15",75736092,75736285,193,"Regular (>50bp)",-0.107,0.00308336686522315,"Exclusion"
"ENSMUSG00000009894_chr11_59319166_59319639","ENSMUSG00000009894","Snap47","chr11",59319166,59319639,473,"Regular (>50bp)",-0.147,0.0133504884259183,"Exclusion"
"ENSMUSG00000047193_chr9_7045348_7045369","ENSMUSG00000047193","Dync2h1","chr9",7045348,7045369,21,"Microexon (0-30bp)",-0.253,0.00202032281237565,"Exclusion"
"ENSMUSG00000079084_chr9_13252850_13253055","ENSMUSG00000079084","Ccdc82","chr9",13252850,13253055,205,"Regular (>50bp)",-0.115,6.62753018163348e-07,"Exclusion"
"ENSMUSG00000026918_chr2_27362587_27362626","ENSMUSG00000026918","Brd3","chr2",27362587,27362626,39,"Small (30-50bp)",0.137,0.00351914898166492,"Inclusion"
"ENSMUSG00000029782_chr6_30508664_30508841","ENSMUSG00000029782","Tmem209","chr6",30508664,30508841,177,"Regular (>50bp)",-0.103,2.99629008472593e-12,"Exclusion"
"ENSMUSG00000017421_chr11_80294190_80294234","ENSMUSG00000017421","Zfp207","chr11",80294190,80294234,44,"Small (30-50bp)",-0.106,1.69674375106589e-05,"Exclusion"
"ENSMUSG00000032497_chr9_111042880_111042982","ENSMUSG00000032497","Lrrfip2","chr9",111042880,111042982,102,"Regular (>50bp)",-0.161,0.0430490208599834,"Exclusion"
"ENSMUSG00000031993_chr9_30373526_30373711","ENSMUSG00000031993","Snx19","chr9",30373526,30373711,185,"Regular (>50bp)",-0.151,0.000136871884304084,"Exclusion"
"ENSMUSG00000046311_chr11_49103521_49103603","ENSMUSG00000046311","Zfp62","chr11",49103521,49103603,82,"Regular (>50bp)",0.468,0.038612082067906,"Inclusion"
"ENSMUSG00000046311_chr11_49104416_49104469","ENSMUSG00000046311","Zfp62","chr11",49104416,49104469,53,"Regular (>50bp)",0.124,0.00040217081057994,"Inclusion"
"ENSMUSG00000018501_chr11_62240220_62240319","ENSMUSG00000018501","Ncor1","chr11",62240220,62240319,99,"Regular (>50bp)",-0.106,0.0108088538383115,"Exclusion"
"ENSMUSG00000061904_chr10_90957969_90958193","ENSMUSG00000061904","Slc25a3","chr10",90957969,90958193,224,"Regular (>50bp)",-0.168,0.0465149128204989,"Exclusion"
"ENSMUSG00000109844_chr9_47215492_47215592","ENSMUSG00000109844","Gm31816","chr9",47215492,47215592,100,"Regular (>50bp)",0.294,0.0046338424320141,"Inclusion"
"ENSMUSG00000044229_chr9_48272726_48272814","ENSMUSG00000044229","Nxpe4","chr9",48272726,48272814,88,"Regular (>50bp)",0.136,0.0039589124560616,"Inclusion"
"ENSMUSG00000028035_chr3_151914520_151914583","ENSMUSG00000028035","Dnajb4","chr3",151914520,151914583,63,"Regular (>50bp)",-0.113,0.0378533638653613,"Exclusion"
"ENSMUSG00000032298_chr9_57051041_57051103","ENSMUSG00000032298","Neil1","chr9",57051041,57051103,62,"Regular (>50bp)",-0.141,8.27560548132453e-07,"Exclusion"
"ENSMUSG00000040174_chr2_93840607_93840753","ENSMUSG00000040174","Alkbh3","chr2",93840607,93840753,146,"Regular (>50bp)",0.115,0.000469682834293597,"Inclusion"
"ENSMUSG00000035713_chr7_96964293_96964385","ENSMUSG00000035713","Usp35","chr7",96964293,96964385,92,"Regular (>50bp)",-0.107,0.0107516648334911,"Exclusion"
"ENSMUSG00000019775_chr10_5868183_5868253","ENSMUSG00000019775","Rgs17","chr10",5868183,5868253,70,"Regular (>50bp)",0.102,9.00811004318081e-08,"Inclusion"
"ENSMUSG00000034252_chr9_80000818_80000923","ENSMUSG00000034252","Senp6","chr9",80000818,80000923,105,"Regular (>50bp)",0.343,2.0127655598041e-08,"Inclusion"
"ENSMUSG00000032374_chr9_92484037_92484100","ENSMUSG00000032374","Plod2","chr9",92484037,92484100,63,"Regular (>50bp)",0.106,3.21834498925379e-08,"Inclusion"
"ENSMUSG00000018362_chr11_106882238_106882333","ENSMUSG00000018362","Kpna2","chr11",106882238,106882333,95,"Regular (>50bp)",-0.216,0.0192661084076258,"Exclusion"
"ENSMUSG00000006673_chr9_108395901_108396025","ENSMUSG00000006673","Qrich1","chr9",108395901,108396025,124,"Regular (>50bp)",0.154,3.57743257595405e-06,"Inclusion"
"ENSMUSG00000006673_chr9_108395965_108396025","ENSMUSG00000006673","Qrich1","chr9",108395965,108396025,60,"Regular (>50bp)",0.126,0,"Inclusion"
"ENSMUSG00000006673_chr9_108395965_108396025","ENSMUSG00000006673","Qrich1","chr9",108395965,108396025,60,"Regular (>50bp)",0.207,3.28030271463906e-08,"Inclusion"
"ENSMUSG00000025650_chr9_108794117_108794144","ENSMUSG00000025650","Col7a1","chr9",108794117,108794144,27,"Microexon (0-30bp)",-0.16,3.47158990782136e-10,"Exclusion"
"ENSMUSG00000033569_chr1_25151257_25151356","ENSMUSG00000033569","Adgrb3","chr1",25151257,25151356,99,"Regular (>50bp)",-0.167,0.00915992216321967,"Exclusion"
"ENSMUSG00000001120_chr10_76685210_76685444","ENSMUSG00000001120","Pcbp3","chr10",76685210,76685444,234,"Regular (>50bp)",-0.12,2.8727302488982e-06,"Exclusion"
"ENSMUSG00000032478_chr9_109664337_109664482","ENSMUSG00000032478","Nme6","chr9",109664337,109664482,145,"Regular (>50bp)",-0.224,1.5418444295404e-08,"Exclusion"
"ENSMUSG00000032478_chr9_109664385_109664482","ENSMUSG00000032478","Nme6","chr9",109664385,109664482,97,"Regular (>50bp)",-0.114,4.82120682470872e-07,"Exclusion"
"ENSMUSG00000044037_chr9_110709409_110709525","ENSMUSG00000044037","Als2cl","chr9",110709409,110709525,116,"Regular (>50bp)",-0.146,0.0200160179673266,"Exclusion"
"ENSMUSG00000044037_chr9_110723363_110723460","ENSMUSG00000044037","Als2cl","chr9",110723363,110723460,97,"Regular (>50bp)",-0.213,0.0255283472240656,"Exclusion"
"ENSMUSG00000008305_chr4_72056728_72056922","ENSMUSG00000008305","Tle1","chr4",72056728,72056922,194,"Regular (>50bp)",-0.131,0.0408294623129418,"Exclusion"
"ENSMUSG00000002395_chr8_71820141_71820337","ENSMUSG00000002395","Use1","chr8",71820141,71820337,196,"Regular (>50bp)",-0.11,2.33161561093591e-07,"Exclusion"
"ENSMUSG00000027763_chr3_60504139_60504250","ENSMUSG00000027763","Mbnl1","chr3",60504139,60504250,111,"Regular (>50bp)",0.117,0,"Inclusion"
"ENSMUSG00000036737_chr9_119119802_119119931","ENSMUSG00000036737","Oxsr1","chr9",119119802,119119931,129,"Regular (>50bp)",0.16,0.0165189082127152,"Inclusion"
"ENSMUSG00000042787_chr9_119274753_119274867","ENSMUSG00000042787","Exog","chr9",119274753,119274867,114,"Regular (>50bp)",-0.196,0.000177637201726518,"Exclusion"
"ENSMUSG00000024219_chr17_28277721_28277820","ENSMUSG00000024219","Anks1","chr17",28277721,28277820,99,"Regular (>50bp)",-0.128,0.0120767734420921,"Exclusion"
"ENSMUSG00000032525_chr9_121559062_121559090","ENSMUSG00000032525","Nktr","chr9",121559062,121559090,28,"Microexon (0-30bp)",-0.2,2.01290237575617e-09,"Exclusion"
"ENSMUSG00000038917_chr8_10977284_10977521","ENSMUSG00000038917","3930402G23Rik","chr8",10977284,10977521,237,"Regular (>50bp)",-0.113,0.0390554293598756,"Exclusion"
"ENSMUSG00000032712_chr6_149226229_149226298","ENSMUSG00000032712","Resf1","chr6",149226229,149226298,69,"Regular (>50bp)",0.13,0.0418596775616783,"Inclusion"
"ENSMUSG00000068735_chr2_93019433_93019568","ENSMUSG00000068735","Trp53i11","chr2",93019433,93019568,135,"Regular (>50bp)",0.103,0.00240823683291065,"Inclusion"
"ENSMUSG00000032480_chr9_109945745_109945823","ENSMUSG00000032480","Dhx30","chr9",109945745,109945823,78,"Regular (>50bp)",-0.332,1.7389259144905e-05,"Exclusion"
"ENSMUSG00000047766_chr9_60587787_60587985","ENSMUSG00000047766","Lrrc49","chr9",60587787,60587985,198,"Regular (>50bp)",-0.148,0.0303663248323904,"Exclusion"
"ENSMUSG00000019813_chr10_41685568_41685659","ENSMUSG00000019813","Cep57l1","chr10",41685568,41685659,91,"Regular (>50bp)",0.131,0.0100429389376904,"Inclusion"
"ENSMUSG00000043323_chr5_110543910_110543940","ENSMUSG00000043323","Fbrsl1","chr5",110543910,110543940,30,"Microexon (0-30bp)",0.24,0.00120904652686324,"Inclusion"
"ENSMUSG00000038039_chr10_58108154_58108227","ENSMUSG00000038039","Gcc2","chr10",58108154,58108227,73,"Regular (>50bp)",0.112,0.029985427231585,"Inclusion"
"ENSMUSG00000019916_chr10_59190161_59190232","ENSMUSG00000019916","P4ha1","chr10",59190161,59190232,71,"Regular (>50bp)",0.116,3.07246695129838e-13,"Inclusion"
"ENSMUSG00000019916_chr10_59191171_59191242","ENSMUSG00000019916","P4ha1","chr10",59191171,59191242,71,"Regular (>50bp)",-0.164,8.28280277609755e-05,"Exclusion"
"ENSMUSG00000058881_chr18_83012594_83012662","ENSMUSG00000058881","Zfp516","chr18",83012594,83012662,68,"Regular (>50bp)",0.146,0.0346104590252402,"Inclusion"
"ENSMUSG00000006344_chr10_75445032_75445226","ENSMUSG00000006344","Ggt5","chr10",75445032,75445226,194,"Regular (>50bp)",-0.165,0.000251059822237387,"Exclusion"
"ENSMUSG00000026388_chr1_120099130_120099212","ENSMUSG00000026388","3110009E18Rik","chr1",120099130,120099212,82,"Regular (>50bp)",0.142,0.0026164502100624,"Inclusion"
"ENSMUSG00000035781_chr10_79749390_79749515","ENSMUSG00000035781","R3hdm4","chr10",79749390,79749515,125,"Regular (>50bp)",0.116,0.0175118452693092,"Inclusion"
"ENSMUSG00000121500_chr11_3075787_3076058","ENSMUSG00000121500","ENSMUSG00000121500","chr11",3075787,3076058,271,"Regular (>50bp)",-0.11,0.00230962966477628,"Exclusion"
"ENSMUSG00000121500_chr11_3077130_3077219","ENSMUSG00000121500","ENSMUSG00000121500","chr11",3077130,3077219,89,"Regular (>50bp)",-0.503,0.000811065082117675,"Exclusion"
"ENSMUSG00000121500_chr11_3077478_3077644","ENSMUSG00000121500","ENSMUSG00000121500","chr11",3077478,3077644,166,"Regular (>50bp)",-0.121,0.0104930176803143,"Exclusion"
"ENSMUSG00000035620_chr10_84845315_84845491","ENSMUSG00000035620","Ric8b","chr10",84845315,84845491,176,"Regular (>50bp)",-0.376,0.000194791423108541,"Exclusion"
"ENSMUSG00000044937_chr10_86560061_86560276","ENSMUSG00000044937","Ttc41","chr10",86560061,86560276,215,"Regular (>50bp)",0.198,0.0111428978615912,"Inclusion"
"ENSMUSG00000044937_chr10_86580289_86580468","ENSMUSG00000044937","Ttc41","chr10",86580289,86580468,179,"Regular (>50bp)",-0.358,0.0430455543973315,"Exclusion"
"ENSMUSG00000036168_chr10_93399066_93399147","ENSMUSG00000036168","Ccdc38","chr10",93399066,93399147,81,"Regular (>50bp)",-0.175,0.0230912600130668,"Exclusion"
"ENSMUSG00000020020_chr10_93688571_93688680","ENSMUSG00000020020","Usp44","chr10",93688571,93688680,109,"Regular (>50bp)",-0.247,0.0190862308571342,"Exclusion"
"ENSMUSG00000020020_chr10_93691975_93692181","ENSMUSG00000020020","Usp44","chr10",93691975,93692181,206,"Regular (>50bp)",-0.123,4.25355180725677e-07,"Exclusion"
"ENSMUSG00000040479_chr2_91776170_91776269","ENSMUSG00000040479","Dgkz","chr2",91776170,91776269,99,"Regular (>50bp)",-0.152,4.38670691185662e-07,"Exclusion"
"ENSMUSG00000023764_chr11_3093694_3093790","ENSMUSG00000023764","Sfi1","chr11",3093694,3093790,96,"Regular (>50bp)",-0.113,6.38691009313994e-05,"Exclusion"
"ENSMUSG00000023764_chr11_3103431_3103498","ENSMUSG00000023764","Sfi1","chr11",3103431,3103498,67,"Regular (>50bp)",0.173,0.00186505085900049,"Inclusion"
"ENSMUSG00000020859_chr11_93971565_93971580","ENSMUSG00000020859","Spag9","chr11",93971565,93971580,15,"Microexon (0-30bp)",0.168,0.0320554566746996,"Inclusion"
"ENSMUSG00000034201_chr11_5014836_5015015","ENSMUSG00000034201","Gas2l1","chr11",5014836,5015015,179,"Regular (>50bp)",-0.205,0.000595277759058679,"Exclusion"
"ENSMUSG00000034201_chr11_5014836_5015094","ENSMUSG00000034201","Gas2l1","chr11",5014836,5015094,258,"Regular (>50bp)",-0.144,1.26245709172635e-08,"Exclusion"
"ENSMUSG00000034164_chr11_5060689_5060774","ENSMUSG00000034164","Emid1","chr11",5060689,5060774,85,"Regular (>50bp)",0.141,9.49141602654357e-05,"Inclusion"
"ENSMUSG00000037994_chr3_135022814_135022954","ENSMUSG00000037994","Slc9b2","chr3",135022814,135022954,140,"Regular (>50bp)",0.129,0.00348782853193984,"Inclusion"
"ENSMUSG00000070806_chr4_119298945_119299115","ENSMUSG00000070806","Zmynd12","chr4",119298945,119299115,170,"Regular (>50bp)",0.349,0.0265827424004533,"Inclusion"
"ENSMUSG00000025145_chr11_120609475_120609546","ENSMUSG00000025145","Lrrc45","chr11",120609475,120609546,71,"Regular (>50bp)",-0.134,5.61121237593672e-06,"Exclusion"
"ENSMUSG00000004018_chr11_26349648_26349709","ENSMUSG00000004018","Fancl","chr11",26349648,26349709,61,"Regular (>50bp)",0.415,3.48516826541624e-05,"Inclusion"
"ENSMUSG00000004018_chr11_26353321_26353378","ENSMUSG00000004018","Fancl","chr11",26353321,26353378,57,"Regular (>50bp)",-0.217,0.000389525434820436,"Exclusion"
"ENSMUSG00000033364_chr1_74499073_74499139","ENSMUSG00000033364","Usp37","chr1",74499073,74499139,66,"Regular (>50bp)",-0.162,0.000399232129861917,"Exclusion"
"ENSMUSG00000026860_chr2_30236070_30236085","ENSMUSG00000026860","Sh3glb2","chr2",30236070,30236085,15,"Microexon (0-30bp)",-0.128,0,"Exclusion"
"ENSMUSG00000026860_chr2_30238566_30238629","ENSMUSG00000026860","Sh3glb2","chr2",30238566,30238629,63,"Regular (>50bp)",0.109,6.62958453222306e-05,"Inclusion"
"ENSMUSG00000018387_chr11_53355946_53356135","ENSMUSG00000018387","Shroom1","chr11",53355946,53356135,189,"Regular (>50bp)",-0.15,0.0149995931049894,"Exclusion"
"ENSMUSG00000028487_chr4_84209496_84209562","ENSMUSG00000028487","Bnc2","chr4",84209496,84209562,66,"Regular (>50bp)",0.13,0.0175222757678554,"Inclusion"
"ENSMUSG00000028487_chr4_84528345_84528434","ENSMUSG00000028487","Bnc2","chr4",84528345,84528434,89,"Regular (>50bp)",-0.113,0.0257618364811985,"Exclusion"
"ENSMUSG00000085936_chr13_28738716_28738780","ENSMUSG00000085936","2610307P16Rik","chr13",28738716,28738780,64,"Regular (>50bp)",0.178,0.0451411011337446,"Inclusion"
"ENSMUSG00000085936_chr13_28852352_28852687","ENSMUSG00000085936","2610307P16Rik","chr13",28852352,28852687,335,"Regular (>50bp)",-0.141,0.00391536774900846,"Exclusion"
"ENSMUSG00000085936_chr13_28853764_28853977","ENSMUSG00000085936","2610307P16Rik","chr13",28853764,28853977,213,"Regular (>50bp)",0.195,0.00376120389611437,"Inclusion"
"ENSMUSG00000029130_chr5_29401577_29401643","ENSMUSG00000029130","Rnf32","chr5",29401577,29401643,66,"Regular (>50bp)",0.128,0.036635299041451,"Inclusion"
"ENSMUSG00000029130_chr5_29429114_29429282","ENSMUSG00000029130","Rnf32","chr5",29429114,29429282,168,"Regular (>50bp)",-0.14,0.00427154789466553,"Exclusion"
"ENSMUSG00000041609_chr5_115799433_115799577","ENSMUSG00000041609","Bicdl1","chr5",115799433,115799577,144,"Regular (>50bp)",-0.109,0.00612145755105127,"Exclusion"
"ENSMUSG00000021012_chr12_98746306_98746539","ENSMUSG00000021012","Zc3h14","chr12",98746306,98746539,233,"Regular (>50bp)",-0.198,8.94819663314711e-14,"Exclusion"
"ENSMUSG00000000751_chr11_75232969_75233020","ENSMUSG00000000751","Rpa1","chr11",75232969,75233020,51,"Regular (>50bp)",-0.144,0.000640439286395643,"Exclusion"
"ENSMUSG00000000631_chr11_77702834_77703545","ENSMUSG00000000631","Myo18a","chr11",77702834,77703545,711,"Regular (>50bp)",-0.444,0.0158665579843822,"Exclusion"
"ENSMUSG00000000631_chr11_77745503_77745548","ENSMUSG00000000631","Myo18a","chr11",77745503,77745548,45,"Small (30-50bp)",-0.12,0.000131915200960212,"Exclusion"
"ENSMUSG00000020716_chr11_79354058_79354121","ENSMUSG00000020716","Nf1","chr11",79354058,79354121,63,"Regular (>50bp)",-0.123,0.0178796765217739,"Exclusion"
"ENSMUSG00000020696_chr11_82724906_82725105","ENSMUSG00000020696","Rffl","chr11",82724906,82725105,199,"Regular (>50bp)",-0.346,8.9445476172104e-06,"Exclusion"
"ENSMUSG00000020696_chr11_82724906_82725105","ENSMUSG00000020696","Rffl","chr11",82724906,82725105,199,"Regular (>50bp)",-0.102,2.50913612110461e-09,"Exclusion"
