"ID","Description","GeneRatio","BgRatio","RichFactor","FoldEnrichment","zScore","pvalue","p.adjust","qvalue","geneID","Count"
"GO:1902903","regulation of supramolecular fiber organization","48/1085","406/28928",0.118226600985222,3.1521282150235,8.62084275251517,2.46502863992341e-12,1.20909654788243e-08,9.95352617131177e-09,"Mapt/Dctn1/Sptan1/Ppfia1/Nf2/Mtss1/Pick1/Eml4/Map2/Clasp2/Tpm1/Ssh3/Dlg1/Alms1/Clasp1/Camsap2/Nckap1l/Kank3/Sh3pxd2b/Inpp5j/Fes/Kiss1r/Dbn1/Plekhg2/Carmil3/Pxn/Gba2/Nphs1/Togaram2/Pecam1/Fchsd2/Carmil2/Limch1/Camsap1/Bin1/Mapk8/Arfip1/Shank3/Map1s/Arhgef10/Map1b/Tpx2/Cyrib/Dmtn/Rapgef3/Vill/Cttn/Clip1",48
"GO:0051656","establishment of organelle localization","52/1085","500/28928",0.104,2.77282211981567,7.89378991332872,3.99121244542897e-11,7.60690279581628e-08,6.26215550721632e-08,"Mapt/Ap3d1/Ap3b1/Stk25/Dctn1/Exoc7/Map4/Bicdl1/Unc13a/Snhg15/Racgap1/Eml4/Map2/Sirt2/Picalm/Clasp2/Snap91/Scrib/Synj1/Rab3gap1/Dlg1/Cdc42bpa/Exoc1/Nlrp4f/Clasp1/Crocc/Agtpbp1/Sun1/Myo19/Ptk2/Tacc1/Arhgap21/Fes/Zfp207/Snap25/Madd/Kifc5b/Ap3s1/Rab11a/Dnm2/Becn1/Hdac3/Mapk8/Limk2/Cep63/Trim46/Map1s/Map1b/Dnm1/Tacc2/Spry1/Kif13a",52
"GO:0051258","protein polymerization","38/1085","297/28928",0.127946127946128,3.41126782417105,8.2454425549055,4.65253993627907e-11,7.60690279581628e-08,6.26215550721632e-08,"Mapt/Dctn1/Map4/Sptan1/Mtss1/Map2/Clasp2/Tpm1/Ssh3/Dlg1/Clasp1/Camsap2/Nckap1l/Kank3/Inpp5j/Fes/Tubgcp4/Zfp207/Dbn1/Plekhg2/Gba2/Nphs1/Pecam1/Dnm2/Fchsd2/Carmil2/Camsap1/Bin1/Mapk8/Nin/Map1b/Tpx2/Cyrib/Dmtn/Vill/Septin2/Cttn/Clip1",38
"GO:0010639","negative regulation of organelle organization","44/1085","393/28928",0.111959287531807,2.9850306633365,7.8213750160469,1.21592715306664e-10,1.49103067144797e-07,1.2274464629378e-07,"Mapt/Sptan1/Ppfia1/Flcn/Prpf4b/Pick1/Eml4/Map2/Clasp2/Tpm1/Marchf7/Ssh3/Clasp1/Camsap2/Tom1l2/Odf2l/Kank3/Trim9/Inpp5j/Zfp207/Dbn1/Cenatac/Cep97/Togaram2/Pecam1/Dnm2/Carmil2/Camsap1/Becn1/Recql4/Limk2/Shank3/Pot1a/Map1b/Gnl3l/Smg6/Tpx2/Cyrib/Dmtn/Huwe1/Tmem39a/Vill/Pparg/Src",44
"GO:0051056","regulation of small GTPase mediated signal transduction","33/1085","244/28928",0.135245901639344,3.60589257384604,8.06937907333919,2.01980447974707e-10,1.98142819463188e-07,1.63115157564416e-07,"Dab2ip/Agrn/Rtn4/Flcn/Rasa2/Picalm/Rab3gap1/Cdc42bpa/Map4k4/Arhgef3/Rapgef1/Nrg1/Sipa1/Rasa4/Iqsec1/Madd/Mapkap1/Sipa1l2/Abca1/Auts2/Dnm2/Chn1/Ralgps1/Dock9/Arfgap1/Cyrib/Arhgap12/Git2/Rap1gap2/Psd/Psd2/Spry1/Src",33
"GO:0000245","spliceosomal complex assembly","15/1085","50/28928",0.3,7.99852534562212,9.77724592628975,2.44176375315383e-10,1.99614186820326e-07,1.64326416791195e-07,"Luc7l/Rsrp1/Ythdc1/Puf60/Slu7/Mbnl1/Sf3b1/Srsf6/Luc7l3/Srpk2/Prpf39/Celf6/Celf5/Ddx46/Luc7l2",15
"GO:0007264","small GTPase-mediated signal transduction","46/1085","444/28928",0.103603603603604,2.76225349773737,7.38699714095415,6.06565220879316e-10,3.91384946589643e-07,3.22195966547105e-07,"Dab2ip/Dock4/Agrn/Rtn4/Flcn/Racgap1/Rasa2/Picalm/G3bp2/Vav2/Rab3gap1/Cdc42bpa/Map4k4/Arhgef11/Arhgap1/Arhgef3/Rapgef1/Nrg1/Sipa1/Rasa4/Iqsec1/Madd/Rapgef6/Mapkap1/Sipa1l2/Abca1/Auts2/Pecam1/Dnm2/Arhgap33/Chn1/Arhgap5/Ralgps1/Dock9/Arfgap1/Cyrib/Rfxank/Arhgap12/Git2/Ksr1/Rap1gap2/Rapgef3/Psd/Psd2/Spry1/Src",46
"GO:0007015","actin filament organization","48/1085","476/28928",0.100840336134454,2.68857994810828,7.33292523867841,6.38344459269551e-10,3.91384946589643e-07,3.22195966547105e-07,"Plec/Sptan1/Ppfia1/Nf2/Mtss1/Pick1/Sorbs1/Clasp2/Tpm1/Ssh3/Dlg1/Alms1/Nlrp4f/Clasp1/Mical1/Nckap1l/Myo19/Kank3/Mical3/Gas2/Sh3pxd2b/Kiss1r/Dbn1/Plekhg2/Carmil3/Pxn/Gba2/Nphs1/Fat1/Sh3kbp1/Pecam1/Dnm2/Fchsd2/Carmil2/Limch1/Bin1/Arfip1/Shank3/Cald1/Arhgef10/Cyrib/Myo1h/Arhgap12/Dmtn/Rapgef3/Vill/Src/Cttn",48
"GO:0043254","regulation of protein-containing complex assembly","47/1085","463/28928",0.101511879049676,2.70648445820187,7.30711246884716,7.74396800721085e-10,4.07711801489174e-07,3.35636562157298e-07,"Mapt/Dab2ip/Dctn1/Eif4g1/Sptan1/Hsf1/Unc13a/Map2/Sirt2/Clasp2/Snap91/Tpm1/Ssh3/Rab3gap1/Dlg1/Camsap2/Nckap1l/Nrg1/Kank3/Trim9/Inpp5j/Fes/Dbn1/Plekhg2/Abca1/Gba2/Nphs1/Pecam1/Fchsd2/Carmil2/Fermt1/Tmc8/Hmgb1/Camsap1/Bin1/Mapk8/Map1b/Trim65/Gnl3l/Cyrib/Dmtn/Fblim1/Psmc6/Vill/Src/Cttn/Clip1",47
"GO:0008380","RNA splicing","47/1085","464/28928",0.101293103448276,2.70065151755919,7.29012389289561,8.31216720671099e-10,4.07711801489174e-07,3.35636562157298e-07,"Luc7l/Srrm1/Snrpa1/Thoc5/Trrap/Hnrnpa2b1/Srek1/Arvcf/Bcas2/Prpf4b/Rsrp1/Ythdc1/Tia1/Yju2b/Arglu1/Puf60/Thoc1/Elavl4/Clk4/Slu7/U2af1/Zfp326/Mbnl1/Sf3b1/Clasrp/Mbnl2/Srsf6/Rbpms2/Luc7l3/Cenatac/Srpk2/Prpf39/Zcrb1/Lsm7/Pus7/Syncrip/Srrm4/Celf6/Celf5/Zfp638/Ddx46/Prpf40a/Taf15/Luc7l2/Cdk12/Srsf9/Mettl16",47
"GO:0006376","mRNA splice site recognition","11/1085","27/28928",0.407407407407407,10.8621949138078,10.1206307936607,1.47530305251482e-09,6.57851042962291e-07,5.41556220999699e-07,"Luc7l/Ythdc1/Puf60/Slu7/Mbnl1/Srsf6/Luc7l3/Prpf39/Celf6/Celf5/Luc7l2",11
"GO:0032271","regulation of protein polymerization","29/1085","211/28928",0.137440758293839,3.66441129578265,7.66798956036622,1.71457151941817e-09,7.00831108562176e-07,5.76938276183166e-07,"Mapt/Dctn1/Sptan1/Map2/Clasp2/Tpm1/Ssh3/Dlg1/Camsap2/Nckap1l/Kank3/Inpp5j/Fes/Dbn1/Plekhg2/Gba2/Nphs1/Pecam1/Fchsd2/Carmil2/Camsap1/Bin1/Mapk8/Map1b/Cyrib/Dmtn/Vill/Cttn/Clip1",29
"GO:0050803","regulation of synapse structure or activity","42/1085","398/28928",0.105527638190955,2.81355162911331,7.19165967100618,1.94849390558746e-09,7.05866488910559e-07,5.81083502647332e-07,"Dab2ip/Cask/Dctn1/Dock4/Agrn/Afdn/Eif4g1/Nrxn2/Zmynd8/Rtn4/Mycbp2/Pick1/Dmpk/Adgrl2/Picalm/Snap91/Nrg1/Ptk2/Adgrl1/Mark2/Ube2v2/Iqsec1/Ntng2/Dbn1/Snap25/Sema4a/Carmil3/Dip2a/Grin1/Arhgap33/Elavl2/Ube3b/Adgre5/Ntrk3/Shank2/Shank3/Stau2/Map1b/Dlg5/Dag1/Psd/Camk2b",42
"GO:1901888","regulation of cell junction assembly","36/1085","309/28928",0.116504854368932,3.10622343519306,7.3479299310914,2.01470557487214e-09,7.05866488910559e-07,5.81083502647332e-07,"Dock4/Agrn/Afdn/Eif4g1/Nrxn2/Rtn4/Mycbp2/Adgrl2/Clasp2/Map4k4/Clasp1/Rapgef1/Nrg1/Ptk2/Adgrl1/Ube2v2/Iqsec1/Ntng2/Snap25/Sema4a/Carmil3/Slk/Grin1/Arhgap33/Peak1/Elavl2/Ube3b/Limch1/Adgre5/Ntrk3/Stau2/Map1b/Dlg5/Dmtn/Psd/Src",36
"GO:0022411","cellular component disassembly","44/1085","433/28928",0.10161662817552,2.70927725332851,7.07425456771229,2.6054730386455e-09,8.51989683637077e-07,7.01375057982044e-07,"Dctn1/Rubcn/Map4/Sptan1/Hsf1/Skic2/Asph/Eml4/Map2/Zfp598/Clasp2/Tpm1/Synj1/Map4k4/Clasp1/Klc1/Rnf14/Camsap2/Mical1/Nrg1/Mical3/Pym1/Sh3pxd2b/Scaf4/Ufsp2/Iqsec1/Arhgef1/Tom1/Carmil2/Camsap1/Becn1/Map1s/Map1b/Exog/Tpx2/Cdk5rap3/Dmtn/Gigyf2/Noxo1/Sharpin/Tmem39a/Nes/Vill/Ehbp1l1",44
"GO:0110053","regulation of actin filament organization","34/1085","284/28928",0.119718309859155,3.19189978581164,7.32776587337143,2.78972975459534e-09,8.55226527893135e-07,7.04039693330772e-07,"Sptan1/Ppfia1/Nf2/Mtss1/Pick1/Clasp2/Tpm1/Ssh3/Dlg1/Alms1/Clasp1/Nckap1l/Kank3/Sh3pxd2b/Kiss1r/Dbn1/Plekhg2/Carmil3/Pxn/Gba2/Nphs1/Pecam1/Fchsd2/Carmil2/Limch1/Bin1/Arfip1/Shank3/Arhgef10/Cyrib/Dmtn/Rapgef3/Vill/Cttn",34
"GO:0050807","regulation of synapse organization","41/1085","390/28928",0.105128205128205,2.80290204419237,7.0762182787256,3.38633182823512e-09,9.77056330440779e-07,8.04332439201852e-07,"Dab2ip/Cask/Dctn1/Dock4/Agrn/Afdn/Eif4g1/Nrxn2/Zmynd8/Rtn4/Mycbp2/Dmpk/Adgrl2/Picalm/Snap91/Nrg1/Ptk2/Adgrl1/Mark2/Ube2v2/Iqsec1/Ntng2/Dbn1/Snap25/Sema4a/Carmil3/Dip2a/Grin1/Arhgap33/Elavl2/Ube3b/Adgre5/Ntrk3/Shank2/Shank3/Stau2/Map1b/Dlg5/Dag1/Psd/Camk2b",41
"GO:1903311","regulation of mRNA metabolic process","36/1085","320/28928",0.1125,2.9994470046083,7.09985846898289,5.15660908573359e-09,1.4051759758624e-06,1.15676914929088e-06,"Hnrnpd/Srrm1/Hnrnpa2b1/Ythdc1/Sltm/Tia1/Arglu1/Puf60/Elavl4/Mbnl1/Cnot2/Mbnl2/Srsf6/Rbpms2/Cdk9/Srpk2/Syncrip/Zc3h14/Srrm4/Ago1/Adarb1/Arid5a/Tnrc6a/Eif4enif1/Celf6/Celf5/Samd4/Gtsf1/Taf15/Slc11a1/Gigyf2/Dcp1b/Srsf9/Mov10/Mettl16/Tnrc6c",36
"GO:0030100","regulation of endocytosis","38/1085","355/28928",0.107042253521127,2.85393392613747,6.93807613132186,7.72613029635381e-09,1.99456153176923e-06,1.64196320314755e-06,"Rubcn/Lyar/Pick1/Pacsin2/Sirt2/Picalm/Snap91/Scrib/Synj1/Tnk2/Myo18a/Alms1/Aak1/Nckap1l/Rapgef1/Kcnc3/Nrg1/Ptk2/Arhgap21/Epn2/Ank3/Iqsec1/Il15ra/Dnm2/Hmgb1/Bin1/Hpca/Atg7/Sgip1/Sphk1/Mff/Tfr2/Arfgap1/Ager/Slc11a1/Dnm1/Pparg/Src",38
"GO:0046785","microtubule polymerization","18/1085","95/28928",0.189473684210526,5.05170021828765,7.8084124397064,1.36124751838499e-08,3.33845953883918e-06,2.74828709501306e-06,"Mapt/Dctn1/Map4/Map2/Clasp2/Clasp1/Camsap2/Inpp5j/Fes/Tubgcp4/Zfp207/Gba2/Camsap1/Mapk8/Nin/Map1b/Tpx2/Clip1",18
"GO:0032535","regulation of cellular component size","41/1085","411/28928",0.0997566909975669,2.65968807113144,6.68965959065841,1.53321598683554e-08,3.58115448353729e-06,2.9480784588978e-06,"Mapt/Ist1/Sptan1/Rtn4/Map2/Smurf1/Picalm/Clasp2/Tpm1/Ssh3/Vav2/Dlg1/Nckap1l/Kank3/Dbn1/Plekhg2/Arhgap4/Gba2/Nphs1/Rab11a/Pecam1/Dnm2/Fchsd2/Carmil2/Bin1/Slc12a6/Ntrk3/Clcn3/Shank3/Arhgap5/Trim46/Kcnma1/Map1b/Cyrib/Kdm6a/Dmtn/Dnm1/Rapgef3/Vill/Zfyve27/Cttn",41
"GO:0032956","regulation of actin cytoskeleton organization","38/1085","366/28928",0.103825136612022,2.76815995567979,6.72010933738938,1.7686067604613e-08,3.94318916366485e-06,3.24611269527729e-06,"Sptan1/Ppfia1/Nf2/Mtss1/Pick1/Clasp2/Tpm1/Ssh3/Dlg1/Alms1/Clasp1/Nckap1l/Kank3/Sh3pxd2b/Kiss1r/Dbn1/Plekhg2/Dixdc1/Carmil3/Pxn/Gba2/Nphs1/Pecam1/Fchsd2/Carmil2/Limch1/Bin1/Arfip1/Shank3/Bcas3/Arhgef10/Stau2/Cyrib/Arhgef19/Dmtn/Rapgef3/Vill/Cttn",38
"GO:0051963","regulation of synapse assembly","27/1085","208/28928",0.129807692307692,3.46090038993265,7.03140377773103,2.13683120771369e-08,4.40953234823903e-06,3.63001579223025e-06,"Dock4/Agrn/Afdn/Eif4g1/Nrxn2/Rtn4/Mycbp2/Adgrl2/Nrg1/Ptk2/Adgrl1/Ube2v2/Iqsec1/Ntng2/Snap25/Sema4a/Carmil3/Grin1/Arhgap33/Elavl2/Ube3b/Adgre5/Ntrk3/Stau2/Map1b/Dlg5/Psd",27
"GO:0032970","regulation of actin filament-based process","41/1085","416/28928",0.0985576923076923,2.62772066643034,6.6011751314168,2.15756934470411e-08,4.40953234823903e-06,3.63001579223025e-06,"Sptan1/Ppfia1/Nf2/Mtss1/Pick1/Ank2/Clasp2/Tpm1/Ssh3/Dlg1/Alms1/Clasp1/Nckap1l/Kank3/Sh3pxd2b/Kiss1r/Dbn1/Plekhg2/Dixdc1/Carmil3/Pxn/Gba2/Nphs1/Pecam1/Fchsd2/Carmil2/Cacna1c/Limch1/Bin1/Arfip1/Shank3/Bcas3/Arhgef10/Stau2/Cyrib/Myh7b/Arhgef19/Dmtn/Rapgef3/Vill/Cttn",41
"GO:0140694","non-membrane-bounded organelle assembly","42/1085","435/28928",0.096551724137931,2.57423804226919,6.53062122923629,2.62265617282883e-08,5.14565141109017e-06,4.2360038227248e-06,"Plec/Atxn2l/Hsf1/Aup1/Snhg15/Racgap1/Bcas2/Mettl17/Kif23/Tia1/Clasp2/Tpm1/G3bp2/Prrc2c/Alms1/Clasp1/Kif2a/Cetn4/Cnot2/Sh3pxd2b/Sbds/Tubgcp4/Zfp207/Flnc/Cep97/Kifc5b/Rab11a/Kif15/Becn1/Hdac3/Mapk8/Cep63/Tnrc6a/Rpl11/Eif4enif1/C2cd3/Arhgef10/Cenpt/Tpx2/Tnnt1/Ncor1/Src",42
"GO:1902414","protein localization to cell junction","22/1085","147/28928",0.149659863945578,3.99019404997022,7.17486367602239,3.2678581980468e-08,6.16494017746906e-06,5.07510285332289e-06,"Mapt/Mapk8ip3/Afdn/Nbea/Nrxn2/Epb41l1/Tnik/Scrib/Dlg1/Klc1/Dlg3/Zdhhc2/Nphs1/Rab11a/Pecam1/Grin1/Mapk8/Nrxn3/Stau2/Dlg5/Adam22/Dag1",22
"GO:0022604","regulation of cell morphogenesis","32/1085","284/28928",0.112676056338028,3.00414097488155,6.7000671911304,3.49015853057407e-08,6.34045466387623e-06,5.21958991161097e-06,"Epb41l3/Cask/Afdn/Unc13a/Nf2/Fmnl2/Tnik/Rnf157/Smurf1/Picalm/Tpm1/Dlg1/Ptk2/Gas2/Mark2/Cfap410/Fes/Ntng2/Dbn1/Sema4a/Pxn/Sh3kbp1/Camsap1/Fmnl3/Spag9/Stau2/Prpf40a/Dmtn/Fblim1/Camk2b/Mov10/Src",32
"GO:1990778","protein localization to cell periphery","40/1085","409/28928",0.097799511002445,2.60750622514169,6.46332097596082,3.95269409738439e-08,6.79127283604546e-06,5.59071250583623e-06,"Epb41l3/C2cd5/Cask/Afdn/Nbea/Eif4g1/Epb41l1/Ppfia1/Tnik/Sorbs1/Smurf1/Ank2/Picalm/Clasp2/Scrib/Hycc1/Dlg1/Hycc2/Camk2g/Atp2c1/Tesc/Optn/Ank3/Zdhhc23/Zdhhc2/Rapgef6/Rab11a/Grin1/Wdr59/Bbip1/Nrxn3/Adam22/Atp1b3/Tmbim1/Pgap2/Dag1/Camk2b/Zfyve27/Clip1/Kif13a",40
"GO:0000209","protein polyubiquitination","31/1085","271/28928",0.114391143911439,3.04986821296784,6.69273728623311,4.01522756871189e-08,6.79127283604546e-06,5.59071250583623e-06,"Ubr4/Wsb1/Syvn1/Mycbp2/Smurf1/Zfp598/Marchf7/Rnf14/Btrc/Sash1/Ubr2/Anapc10/Dcaf15/Cbfb/Ube2v2/Ube2v1/Ube2h/Anapc1/Ube4a/Rnf111/Ube3b/Nhlrc3/Cep63/Trim65/Rnf146/Skp1/Nmi/Anapc5/Mgrn1/Huwe1/Sharpin",31
"GO:0099003","vesicle-mediated transport in synapse","34/1085","317/28928",0.107255520504732,2.8596199973833,6.5719745557049,4.47460003040309e-08,7.31597104970905e-06,6.02265463741272e-06,"Ap3d1/Cask/Sh3glb2/Unc13a/Ppfia3/Pick1/Sirt2/Picalm/Snap91/Scrib/Synj1/Rab3gap1/Aak1/Kcnc3/Nrg1/Erc1/Trim9/Iqsec1/Snap25/Ap3s1/Doc2g/Rab11a/Dnm2/Atp6v1f/Bin1/Hpca/Clcn3/Atg7/Bltp1/Sgip1/Mff/Git2/Dnm1/Rab11fip5",34
"GO:0051650","establishment of vesicle localization","26/1085","203/28928",0.12807881773399,3.41480556627545,6.81567262175331,5.11258790947614e-08,8.08943345031628e-06,6.65938445526332e-06,"Ap3d1/Ap3b1/Dctn1/Exoc7/Bicdl1/Unc13a/Map2/Picalm/Clasp2/Snap91/Scrib/Synj1/Rab3gap1/Exoc1/Clasp1/Myo19/Snap25/Madd/Ap3s1/Rab11a/Dnm2/Mapk8/Limk2/Trim46/Dnm1/Kif13a",26
"GO:0007416","synapse assembly","33/1085","304/28928",0.108552631578947,2.89420325006064,6.55400488612183,5.27963252490077e-08,8.09268672957446e-06,6.66206262023663e-06,"Mapt/Dock4/Agrn/Afdn/Eif4g1/Nrxn2/Rtn4/Mycbp2/Adgrl2/Nrg1/Ptk2/Adgrl1/Cadm1/Ube2v2/Iqsec1/Ntng2/Snap25/Sema4a/Zdhhc2/Carmil3/Grin1/Arhgap33/Elavl2/Ube3b/Adgre5/Ntrk3/Shank2/Shank3/Nrxn3/Stau2/Map1b/Dlg5/Psd",33
"GO:0007051","spindle organization","26/1085","204/28928",0.127450980392157,3.39806632330351,6.78519554218646,5.65376890089852e-08,8.40355650269917e-06,6.91797687523022e-06,"Dctn1/Map4/Snhg15/Racgap1/Bcas2/Kif23/Clasp2/Dlg1/Clasp1/Kif2a/Tacc1/Sbds/Tubgcp4/Zfp207/Cep97/Kifc5b/Rab11a/Kif15/Hdac3/Limk2/Cep63/Map1s/Arhgef10/Tpx2/Tacc2/Ncor1",26
"GO:0051494","negative regulation of cytoskeleton organization","24/1085","180/28928",0.133333333333333,3.55490015360983,6.78757935530967,7.66599040535778e-08,1.10593185112588e-05,9.10425362072831e-06,"Sptan1/Ppfia1/Pick1/Eml4/Map2/Clasp2/Tpm1/Ssh3/Clasp1/Camsap2/Kank3/Inpp5j/Dbn1/Cenatac/Togaram2/Pecam1/Carmil2/Camsap1/Shank3/Map1b/Tpx2/Cyrib/Dmtn/Vill",24
"GO:0031109","microtubule polymerization or depolymerization","21/1085","144/28928",0.145833333333333,3.88817204301075,6.85862859844474,1.05223442428318e-07,1.47463138603115e-05,1.21394624106776e-05,"Mapt/Dctn1/Map4/Eml4/Map2/Clasp2/Clasp1/Camsap2/Inpp5j/Fes/Tubgcp4/Zfp207/Arhgef1/Gba2/Camsap1/Mapk8/Nin/Map1s/Map1b/Tpx2/Clip1",21
"GO:0051648","vesicle localization","27/1085","225/28928",0.12,3.19941013824885,6.53796195971377,1.11533446289929e-07,1.51964320570028e-05,1.2510008770999e-05,"Ap3d1/Ap3b1/Dctn1/Exoc7/Bicdl1/Unc13a/Map2/Picalm/Clasp2/Snap91/Scrib/Synj1/Rab3gap1/Exoc1/Clasp1/Myo19/Snap25/Madd/Ap3s1/Rab11a/Dnm2/Mapk8/Limk2/Trim46/Tcf7l2/Dnm1/Kif13a",27
"GO:0000375","RNA splicing, via transesterification reactions","33/1085","315/28928",0.104761904761905,2.79313583497915,6.31677375823339,1.22747186639098e-07,1.54378192426865e-05,1.27087235613382e-05,"Luc7l/Srrm1/Snrpa1/Hnrnpa2b1/Bcas2/Prpf4b/Rsrp1/Ythdc1/Tia1/Yju2b/Arglu1/Puf60/Slu7/U2af1/Mbnl1/Sf3b1/Mbnl2/Srsf6/Rbpms2/Luc7l3/Cenatac/Srpk2/Prpf39/Zcrb1/Lsm7/Srrm4/Celf6/Celf5/Ddx46/Prpf40a/Luc7l2/Srsf9/Mettl16",33
"GO:0000377","RNA splicing, via transesterification reactions with bulged adenosine as nucleophile","33/1085","315/28928",0.104761904761905,2.79313583497915,6.31677375823339,1.22747186639098e-07,1.54378192426865e-05,1.27087235613382e-05,"Luc7l/Srrm1/Snrpa1/Hnrnpa2b1/Bcas2/Prpf4b/Rsrp1/Ythdc1/Tia1/Yju2b/Arglu1/Puf60/Slu7/U2af1/Mbnl1/Sf3b1/Mbnl2/Srsf6/Rbpms2/Luc7l3/Cenatac/Srpk2/Prpf39/Zcrb1/Lsm7/Srrm4/Celf6/Celf5/Ddx46/Prpf40a/Luc7l2/Srsf9/Mettl16",33
"GO:0000398","mRNA splicing, via spliceosome","33/1085","315/28928",0.104761904761905,2.79313583497915,6.31677375823339,1.22747186639098e-07,1.54378192426865e-05,1.27087235613382e-05,"Luc7l/Srrm1/Snrpa1/Hnrnpa2b1/Bcas2/Prpf4b/Rsrp1/Ythdc1/Tia1/Yju2b/Arglu1/Puf60/Slu7/U2af1/Mbnl1/Sf3b1/Mbnl2/Srsf6/Rbpms2/Luc7l3/Cenatac/Srpk2/Prpf39/Zcrb1/Lsm7/Srrm4/Celf6/Celf5/Ddx46/Prpf40a/Luc7l2/Srsf9/Mettl16",33
"GO:0051962","positive regulation of nervous system development","38/1085","397/28928",0.0957178841309824,2.55200640750328,6.14665474419723,1.49741944173431e-07,1.8362105904267e-05,1.511605520656e-05,"Mapt/Stk25/Cask/Agrn/Afdn/Ist1/Faim/Rtn4/Tnik/Smurf1/Adgrl2/Picalm/Snap91/Synj1/Skil/Tenm4/Nrg1/Ptk2/Adgrl1/Ube2v2/Iqsec1/Dbn1/Rnf112/Sema4a/Dixdc1/Adgre5/Bin1/Mapk8/Ntrk3/Nin/Shank3/Stau2/Map1b/Dlg5/Dag1/Camk2b/Pparg/Zfyve27",38
"GO:0051261","protein depolymerization","20/1085","135/28928",0.148148148148148,3.94988905956648,6.7816857570816,1.61653065475331e-07,1.93392264916219e-05,1.59204405433471e-05,"Sptan1/Asph/Eml4/Map2/Clasp2/Tpm1/Synj1/Clasp1/Camsap2/Mical1/Mical3/Arhgef1/Carmil2/Camsap1/Map1s/Map1b/Tpx2/Dmtn/Nes/Vill",20
"GO:0035418","protein localization to synapse","18/1085","112/28928",0.160714285714286,4.28492429229756,6.87584505772801,1.90539992378619e-07,2.22523491099316e-05,1.83185817234181e-05,"Mapt/Mapk8ip3/Nbea/Nrxn2/Epb41l1/Tnik/Scrib/Dlg1/Klc1/Dlg3/Zdhhc2/Nphs1/Rab11a/Grin1/Nrxn3/Stau2/Adam22/Dag1",18
"GO:0050770","regulation of axonogenesis","23/1085","178/28928",0.129213483146067,3.44505773313312,6.45934896804409,2.53113272085017e-07,2.88725720831863e-05,2.37684825389994e-05,"Mapt/Stk25/Ist1/Rtn4/Map2/Smurf1/Picalm/Snap91/Brsk2/Skil/Ptk2/Mark2/Dbn1/Dixdc1/Arhgap4/Grin1/Chn1/Mbp/Ntrk3/Nin/Trim46/Map1b/Zfyve27",23
"GO:0043244","regulation of protein-containing complex disassembly","20/1085","139/28928",0.143884892086331,3.83622318734874,6.61672471898066,2.63096487369225e-07,2.93292788760466e-05,2.41444527643145e-05,"Rubcn/Sptan1/Asph/Eml4/Map2/Clasp2/Tpm1/Clasp1/Camsap2/Scaf4/Tom1/Carmil2/Camsap1/Map1s/Map1b/Tpx2/Dmtn/Tmem39a/Nes/Vill",20
"GO:0099072","regulation of postsynaptic membrane neurotransmitter receptor levels","22/1085","166/28928",0.132530120481928,3.53348509244351,6.46206629823299,2.94045323659106e-07,3.20509402788425e-05,2.63849792176919e-05,"Sh3glb2/Nbea/Epb41l1/Ppfia1/Pick1/Sirt2/Erbin/Tnik/Inpp4a/Scrib/Synj1/Dlg1/Nrg1/Iqsec1/Dlg3/Zdhhc2/Rab11a/Hpca/Nrxn3/Adam22/Dag1/Rab11fip5",22
"GO:1902904","negative regulation of supramolecular fiber organization","23/1085","181/28928",0.12707182320442,3.38795732871655,6.36177255310733,3.42837963250943e-07,3.62207533010297e-05,2.98176532352058e-05,"Sptan1/Ppfia1/Pick1/Eml4/Map2/Clasp2/Tpm1/Ssh3/Clasp1/Camsap2/Kank3/Inpp5j/Dbn1/Togaram2/Pecam1/Carmil2/Camsap1/Shank3/Map1b/Tpx2/Cyrib/Dmtn/Vill",23
"GO:0043242","negative regulation of protein-containing complex disassembly","16/1085","93/28928",0.172043010752688,4.58696794014172,6.8393927648937,3.47069399622507e-07,3.62207533010297e-05,2.98176532352058e-05,"Rubcn/Sptan1/Eml4/Map2/Clasp2/Tpm1/Clasp1/Camsap2/Scaf4/Carmil2/Camsap1/Map1b/Tpx2/Dmtn/Tmem39a/Vill",16
"GO:0048489","synaptic vesicle transport","12/1085","52/28928",0.230769230769231,6.15271180432471,7.34137757884373,3.76113452639559e-07,3.84340934416049e-05,3.16397193930998e-05,"Ap3d1/Ap3b1/Map2/Picalm/Snap91/Synj1/Rab3gap1/Madd/Ap3s1/Dnm2/Trim46/Dnm1",12
"GO:0007052","mitotic spindle organization","19/1085","131/28928",0.145038167938931,3.86697154114047,6.49223093616905,4.58862242664858e-07,4.59330469443087e-05,3.78130088692244e-05,"Dctn1/Map4/Snhg15/Racgap1/Kif23/Clasp2/Clasp1/Kif2a/Tacc1/Sbds/Zfp207/Cep97/Kifc5b/Rab11a/Kif15/Map1s/Arhgef10/Tpx2/Tacc2",19
"GO:0006887","exocytosis","37/1085","399/28928",0.0927318295739348,2.47239296397676,5.84622411441531,4.76158162247662e-07,4.67111157164956e-05,3.84535307448849e-05,"Cask/Exoc7/Epb41l1/Kcnq2/Unc13a/Txlna/Ppfia3/Clasp2/Scrib/Synj1/Tnfaip2/Cbarp/Rab3gap1/Exoc1/Rab11fip1/Clasp1/Brsk2/Mical1/Nckap1l/Erc1/Mical3/Trim9/Fes/Vps11/Snap25/Doc2g/Rab11a/Cacna1c/Pla2g6/Hyal3/Cacna1g/Rab3il1/Git2/Tpcn2/Pik3c2a/Rab11fip5/Septin2",37
"GO:0010970","transport along microtubule","23/1085","190/28928",0.121052631578947,3.22747513946156,6.08092922957193,8.16854162205642e-07,7.85621503062486e-05,6.46739435752496e-05,"Mapt/Ap3d1/Ap3b1/Mapk8ip3/Dync1i2/Bicdl1/Map2/Kif2a/Klc1/Agtpbp1/Sun1/Arhgap21/Ift172/Ank3/Madd/Ap3s1/Atg16l1/Ift46/Trim46/Stau2/Map1b/Lca5/Kif13a",23
"GO:0031110","regulation of microtubule polymerization or depolymerization","16/1085","99/28928",0.161616161616162,4.30896988316343,6.51034758236927,8.34710865257743e-07,7.8735707578639e-05,6.48168194155607e-05,"Mapt/Dctn1/Eml4/Map2/Clasp2/Clasp1/Camsap2/Inpp5j/Fes/Gba2/Camsap1/Mapk8/Map1s/Map1b/Tpx2/Clip1",16
"GO:0032984","protein-containing complex disassembly","28/1085","265/28928",0.105660377358491,2.81709068776628,5.86607040401077,9.1513384553402e-07,8.4693047402724e-05,6.97210214790169e-05,"Rubcn/Sptan1/Asph/Eml4/Map2/Clasp2/Tpm1/Synj1/Clasp1/Klc1/Camsap2/Mical1/Nrg1/Mical3/Pym1/Scaf4/Arhgef1/Tom1/Carmil2/Camsap1/Becn1/Map1s/Map1b/Tpx2/Dmtn/Tmem39a/Nes/Vill",28
"GO:1901879","regulation of protein depolymerization","16/1085","100/28928",0.16,4.2658801843318,6.45805209766566,9.59451745528846e-07,8.61527890839415e-05,7.09227102153548e-05,"Sptan1/Asph/Eml4/Map2/Clasp2/Tpm1/Clasp1/Camsap2/Carmil2/Camsap1/Map1s/Map1b/Tpx2/Dmtn/Nes/Vill",16
"GO:1902850","microtubule cytoskeleton organization involved in mitosis","21/1085","164/28928",0.128048780487805,3.41400472069237,6.1198947360398,9.6603535160383e-07,8.61527890839415e-05,7.09227102153548e-05,"Dctn1/Map4/Snhg15/Racgap1/Kif23/Clasp2/Clasp1/Kif2a/Tacc1/Sbds/Zfp207/Cep97/Kifc5b/Rab11a/Kif15/Hdac3/Map1s/Arhgef10/Tpx2/Tacc2/Spry1",21
"GO:0099173","postsynapse organization","31/1085","314/28928",0.0987261146496815,2.63221110100091,5.74064139186491,1.06509799437971e-06,9.28553782317512e-05,7.64404165238473e-05,"Cask/Dock4/Agrn/Afdn/Nrxn2/Zmynd8/Rtn4/Arhgap39/Pick1/Sorbs1/Dlg1/Mark2/Cadm1/Ntng2/Dbn1/Zdhhc2/Carmil3/Dip2a/Grin1/Arhgap33/Ube3b/Ntrk3/Shank2/Shank3/Nrxn3/Stau2/Map1b/Dlg5/Psd/Camk2b/Cttn",31
"GO:0016185","synaptic vesicle budding from presynaptic endocytic zone membrane","6/1085","11/28928",0.545454545454545,14.5427733556766,8.8682083662987,1.07905332501729e-06,9.28553782317512e-05,7.64404165238473e-05,"Ap3d1/Picalm/Snap91/Ap3s1/Dnm2/Dnm1",6
"GO:0072659","protein localization to plasma membrane","31/1085","315/28928",0.0984126984126984,2.62385487528345,5.72043883306201,1.13982739658798e-06,9.63940237976555e-05,7.93535007860521e-05,"Epb41l3/C2cd5/Cask/Afdn/Ppfia1/Tnik/Sorbs1/Smurf1/Ank2/Picalm/Clasp2/Scrib/Hycc1/Dlg1/Hycc2/Camk2g/Atp2c1/Tesc/Optn/Ank3/Zdhhc23/Zdhhc2/Rapgef6/Rab11a/Wdr59/Atp1b3/Tmbim1/Pgap2/Camk2b/Zfyve27/Kif13a",31
"GO:0070507","regulation of microtubule cytoskeleton organization","21/1085","167/28928",0.125748502994012,3.35267529457215,6.01903390510326,1.30330449647182e-06,0.000107987181184929,8.8897221315604e-05,"Mapt/Dctn1/Agrn/Eml4/Map2/Clasp2/Phldb1/Clasp1/Camsap2/Mark2/Inpp5j/Fes/Dixdc1/Cep97/Gba2/Camsap1/Mapk8/Map1s/Map1b/Tpx2/Clip1",21
"GO:0031113","regulation of microtubule polymerization","12/1085","58/28928",0.206896551724138,5.51622437629112,6.79633329277976,1.32094411235387e-06,0.000107987181184929,8.8897221315604e-05,"Mapt/Dctn1/Map2/Clasp2/Camsap2/Inpp5j/Fes/Gba2/Camsap1/Mapk8/Map1b/Clip1",12
"GO:0010506","regulation of autophagy","31/1085","319/28928",0.0971786833855799,2.59095387371249,5.64040312133058,1.48988770284645e-06,0.000119801625941997,9.86231100624501e-05,"Mapt/Rubcn/Ubr4/Eif4g1/Flcn/Sirt2/Rab3gap1/Depdc5/Vps13c/Ptk2/Optn/Foxk2/Tom1/Pafah1b2/Atg16l1/Hmgb1/Becn1/Atg7/Trim65/Nrbp2/Htra2/Vps13d/Pip4k2a/Cdk5rap3/Ager/Rab3gap2/Huwe1/Tpcn2/Tmem39a/Pik3c2a/Cttn",31
"GO:0031346","positive regulation of cell projection organization","40/1085","471/28928",0.0849256900212314,2.26426761376422,5.46089043035045,1.57470444906658e-06,0.000124579440688251,0.00010255630333819,"Mapt/Stk25/Dab2ip/Cask/Agrn/Afdn/Zmynd8/Ist1/Tenm3/Kctd17/Tnik/Smurf1/Picalm/Snap91/Elavl4/Crocc/Skil/Rapgef1/Nrg1/Kidins220/Mark2/Fes/Ube2v2/Dbn1/Dixdc1/Auts2/Dnm2/Grin1/Carmil2/Ntrk3/Hdac4/Nin/Dzip1/Sphk1/Stau2/Map1b/Camk2b/Zfyve27/Src/Clip1",40
"GO:0030705","cytoskeleton-dependent intracellular transport","24/1085","212/28928",0.113207547169811,3.01831145117816,5.82240881253248,1.60192824496719e-06,0.000124721556215303,0.000102673295700821,"Mapt/Ap3d1/Ap3b1/Mapk8ip3/Dync1i2/Bicdl1/Map2/Kif2a/Klc1/Agtpbp1/Sun1/Myo19/Arhgap21/Ift172/Ank3/Madd/Ap3s1/Atg16l1/Ift46/Trim46/Stau2/Map1b/Lca5/Kif13a",24
"GO:0007163","establishment or maintenance of cell polarity","26/1085","243/28928",0.106995884773663,2.85269765413135,5.72517563685785,1.75278650111057e-06,0.000134334652936677,0.00011058699043191,"Stk25/Dctn1/Map4/Kcnq2/Map2/Clasp2/Snap91/Scrib/Myo18a/Dlg1/Clasp1/Brsk2/Nckap1l/Mark2/Sipa1/Ank3/Dlg3/Fat1/Carmil2/Fermt1/Hdac3/Map1b/Dlg5/Cyrib/Ehbp1l1/Spry1",26
"GO:0051495","positive regulation of cytoskeleton organization","23/1085","201/28928",0.114427860696517,3.05084714675471,5.75963202127338,2.1821548283962e-06,0.000164668760512052,0.000135558638408548,"Mapt/Dctn1/Nf2/Mtss1/Tpm1/Dlg1/Nckap1l/Sh3pxd2b/Fes/Kiss1r/Pxn/Nphs1/Fchsd2/Carmil2/Limch1/Bin1/Mapk8/Arhgef10/Map1b/Rapgef3/Nes/Cttn/Clip1",23
"GO:0034453","microtubule anchoring","8/1085","25/28928",0.32,8.5317603686636,7.43709946898806,2.33575105731211e-06,0.000173588771759331,0.000142901771225666,"Dctn1/Clasp2/Clasp1/Ccdc120/Nin/Map1s/Cep43/Dag1",8
"GO:0034405","response to fluid shear stress","9/1085","33/28928",0.272727272727273,7.27138667783829,7.11570201553139,2.43042359133124e-06,0.000177928771872832,0.000146474546682587,"Plec/Mtss1/Hdac5/Abca1/P2rx4/Hdac3/Pkd2/Mapk7/Src",9
"GO:0031329","regulation of cellular catabolic process","37/1085","428/28928",0.0864485981308411,2.30487101081011,5.36877978521572,2.54331568771565e-06,0.000183455344827136,0.000151024132787573,"Mapt/Rubcn/Ubr4/Eif4g1/Flcn/Sirt2/Rab3gap1/Depdc5/Vps13c/Ptk2/Optn/Foxk2/Tom1/Pafah1b2/Atg16l1/Hmgb1/Becn1/Phkg2/Atg7/Prxl2c/Trim65/Nrbp2/Htra2/Vps13d/Idh1/Pip4k2a/Cdk5rap3/Zbtb20/Ager/Rab3gap2/Etfbkmt/Huwe1/Tpcn2/Tmem39a/Pik3c2a/Src/Cttn",37
"GO:1902905","positive regulation of supramolecular fiber organization","22/1085","189/28928",0.116402116402116,3.10348426108795,5.7272072071318,2.71487779322346e-06,0.000192869332703446,0.000158773917109377,"Mapt/Dctn1/Nf2/Mtss1/Tpm1/Dlg1/Nckap1l/Sh3pxd2b/Fes/Kiss1r/Pxn/Nphs1/Fchsd2/Carmil2/Limch1/Bin1/Mapk8/Arhgef10/Map1b/Rapgef3/Cttn/Clip1",22
"GO:0000380","alternative mRNA splicing, via spliceosome","14/1085","84/28928",0.166666666666667,4.44362519201229,6.23930662327554,2.75246754112971e-06,0.000192869332703446,0.000158773917109377,"Bcas2/Ythdc1/Tia1/Arglu1/Puf60/Slu7/Mbnl1/Mbnl2/Srsf6/Rbpms2/Srrm4/Celf6/Celf5/Srsf9",14
"GO:0048638","regulation of developmental growth","35/1085","397/28928",0.0881612090680101,2.35053221743723,5.34872486438766,3.04543866632018e-06,0.000210392628990147,0.000173199447353657,"Mapt/Agrn/Afdn/Ist1/Rtn4/Hsf1/Unc13a/Gnas/Stk3/Mycbp2/Map2/Rnf157/Smurf1/Picalm/Clasp2/Dlg1/Alms1/Nrg1/Ptk2/Sh3pxd2b/Dbn1/Arhgap4/Dnm2/Cacna1c/Hdac3/Ntrk3/Trim46/Sgip1/Spag9/Map1b/Tcf7l2/Htra2/Ncor1/Zfyve27/Cttn",35
"GO:0051225","spindle assembly","18/1085","135/28928",0.133333333333333,3.55490015360983,5.87362088289779,3.16096927101407e-06,0.000215341031587834,0.000177273071982602,"Snhg15/Racgap1/Bcas2/Kif23/Clasp2/Clasp1/Kif2a/Tubgcp4/Zfp207/Cep97/Kifc5b/Rab11a/Kif15/Hdac3/Cep63/Arhgef10/Tpx2/Ncor1",18
"GO:0044782","cilium organization","38/1085","450/28928",0.0844444444444444,2.25143676395289,5.28164219415724,3.26025020276447e-06,0.000219062017048763,0.000180336262116864,"Dctn1/Map4/Vdac3/Kctd17/Marchf7/Alms1/Crocc/Cep89/Odf2l/Iqcb1/Cfap410/Ttll5/Ift172/Cdc14b/Cntrl/Fam161a/Cfap65/Cep97/Rab11a/Eno4/Dnm2/Rfx3/Cfap119/Bbip1/Limk2/Pkd2/Ift46/Ablim1/C2cd3/Cep128/Dzip1/Rabep2/Ttc12/Lca5/Cfap221/Spata6/Ablim3/Septin2",38
"GO:0050684","regulation of mRNA processing","19/1085","149/28928",0.12751677852349,3.39982061670739,5.79752483633886,3.33619372442308e-06,0.000219154770831372,0.000180412618897826,"Srrm1/Hnrnpa2b1/Ythdc1/Sltm/Tia1/Arglu1/Puf60/Mbnl1/Mbnl2/Srsf6/Rbpms2/Cdk9/Srpk2/Srrm4/Adarb1/Celf6/Celf5/Srsf9/Mettl16",19
"GO:0051017","actin filament bundle assembly","21/1085","177/28928",0.11864406779661,3.16325861126299,5.69871778614332,3.35099037968459e-06,0.000219154770831372,0.000180412618897826,"Ppfia1/Nf2/Mtss1/Sorbs1/Clasp2/Tpm1/Alms1/Clasp1/Kank3/Sh3pxd2b/Kiss1r/Dbn1/Pxn/Dnm2/Limch1/Shank3/Cald1/Arhgef10/Dmtn/Rapgef3/Src",21
"GO:0009895","negative regulation of catabolic process","33/1085","367/28928",0.0899182561307902,2.39737816898756,5.31825105309496,3.79968390810225e-06,0.000245229599595283,0.000201877942818286,"Hnrnpd/Dedd/Dab2ip/Rubcn/Eif4g1/Flcn/Mycbp2/Sirt2/Marchf7/Elavl4/Vps13c/Nrg1/Ptk2/Phf20l1/Psme3ip1/Foxk2/Banp/Becn1/Syncrip/Hdac4/Arid5a/Rpl11/Eif4enif1/Nrbp2/Htra2/Cdk5rap3/Taf15/Slc11a1/Etfbkmt/Tmem39a/Cbfa2t3/Ncor1/Mettl16",33
"GO:0051647","nucleus localization","10/1085","44/28928",0.227272727272727,6.05948889819858,6.62998995736799,4.10308034043658e-06,0.000261371546361577,0.000215166318331028,"Dctn1/Cdc42bpa/Sun1/Ptk2/Tacc1/Cdk9/Bin1/Bltp1/Tacc2/Ehbp1l1",10
"GO:0061572","actin filament bundle organization","21/1085","180/28928",0.116666666666667,3.1105376344086,5.60704560437536,4.38175689867815e-06,0.000275545097282261,0.000226834270760181,"Ppfia1/Nf2/Mtss1/Sorbs1/Clasp2/Tpm1/Alms1/Clasp1/Kank3/Sh3pxd2b/Kiss1r/Dbn1/Pxn/Dnm2/Limch1/Shank3/Cald1/Arhgef10/Dmtn/Rapgef3/Src",21
"GO:0031032","actomyosin structure organization","24/1085","225/28928",0.106666666666667,2.84392012288786,5.48123308633563,4.56516865857515e-06,0.000283444965446976,0.000233337601256419,"Plec/Epb41l3/Epb41l1/Ppfia1/Racgap1/Nf2/Sorbs1/Clasp2/Tpm1/Myo18a/Cdc42bpa/Alms1/Clasp1/Kank3/Sh3pxd2b/Kiss1r/Pxn/Flnc/Dnm2/Limch1/Arhgef10/Tnnt1/Rapgef3/Src",24
"GO:0031503","protein-containing complex localization","27/1085","272/28928",0.0992647058823529,2.64657088641908,5.38599136984022,4.67198443076283e-06,0.000286451045411146,0.000235812266794819,"Ap3d1/Sh3glb2/Nbea/Epb41l1/Pick1/Sirt2/Tnik/Scrib/Synj1/Tnfaip2/Dlg1/Nrg1/Ift172/Iqsec1/Dnmt3b/Dbn1/Dlg3/Zdhhc2/Rab11a/Hpca/Ift46/Nrxn3/Dzip1/Adam22/Lca5/Dag1/Rab11fip5",27
"GO:0071498","cellular response to fluid shear stress","7/1085","20/28928",0.35,9.33161290322581,7.35772601913118,5.16974013803408e-06,0.000313056486136508,0.000257714401163076,"Plec/Mtss1/Hdac5/Hdac3/Pkd2/Mapk7/Src",7
"GO:0090307","mitotic spindle assembly","13/1085","77/28928",0.168831168831169,4.50133461009037,6.0730533616384,5.3582247394757e-06,0.000320513321306443,0.00026385301797983,"Snhg15/Racgap1/Kif23/Clasp2/Clasp1/Kif2a/Zfp207/Cep97/Kifc5b/Rab11a/Kif15/Arhgef10/Tpx2",13
"GO:0031122","cytoplasmic microtubule organization","12/1085","66/28928",0.181818181818182,4.84759111855886,6.17740710643193,5.53339361885819e-06,0.000324143332710002,0.000266841316438772,"Dctn1/Dlg1/Clasp1/Camsap2/Tubgcp4/Ift172/Slk/Rab11a/Camsap1/Limk2/Tacc2/Clip1",12
"GO:0099111","microtubule-based transport","25/1085","243/28928",0.102880658436214,2.74297851358783,5.38612336411601,5.55107848066059e-06,0.000324143332710002,0.000266841316438772,"Mapt/Ap3d1/Ap3b1/Mapk8ip3/Dync1i2/Bicdl1/Map2/Kif2a/Klc1/Agtpbp1/Sun1/Arhgap21/Ift172/Ank3/Madd/Ap3s1/Rfx3/Atg16l1/Ift46/Trim46/Stau2/Map1b/Lca5/Cfap221/Kif13a",25
"GO:0032231","regulation of actin filament bundle assembly","16/1085","115/28928",0.139130434782609,3.70946102985374,5.74706544474939,6.31399634738296e-06,0.000363016021777806,0.000298842096580216,"Ppfia1/Nf2/Mtss1/Clasp2/Tpm1/Alms1/Clasp1/Kank3/Sh3pxd2b/Kiss1r/Dbn1/Pxn/Limch1/Shank3/Arhgef10/Rapgef3",16
"GO:0070142","synaptic vesicle budding","6/1085","14/28928",0.428571428571429,11.4264647794602,7.70292311751944,6.36480690578824e-06,0.000363016021777806,0.000298842096580216,"Ap3d1/Picalm/Snap91/Ap3s1/Dnm2/Dnm1",6
"GO:0097479","synaptic vesicle localization","12/1085","67/28928",0.17910447761194,4.77523901231171,6.10709561285918,6.51236941152105e-06,0.000367162896132307,0.00030225588702474,"Ap3d1/Ap3b1/Map2/Picalm/Snap91/Synj1/Rab3gap1/Madd/Ap3s1/Dnm2/Trim46/Dnm1",12
"GO:1905475","regulation of protein localization to membrane","24/1085","230/28928",0.104347826086957,2.7820957723903,5.35645789581958,6.66562285676399e-06,0.000371532728550311,0.000305853221035247,"C2cd5/Agrn/Nbea/Epb41l1/Zmynd8/Ppfia1/Tnik/Sorbs1/Picalm/Clasp2/Dlg1/Camk2g/Atp2c1/Ank3/Dbn1/Zdhhc2/Rab11a/Hpca/Shank3/Mff/Tmbim1/Dmtn/Dag1/Camk2b",24
"GO:0010632","regulation of epithelial cell migration","13/1085","79/28928",0.164556962025316,4.38737677186023,5.95141482010327,7.18146194180943e-06,0.000395787312635677,0.000325820082895103,"Dab2ip/Rtn4/Clasp2/Scrib/Map4k4/Clasp1/Sash1/Ptk2/Iqsec1/Rab11a/Ptprr/Arhgap5/Src",13
"GO:0060155","platelet dense granule organization","7/1085","21/28928",0.333333333333333,8.88725038402458,7.13743748235028,7.50341859544121e-06,0.000408936313451546,0.000336644605053947,"Ap3d1/Ap3b1/Hps1/Hps3/Abca1/Ap3s1/Hps5",7
"GO:0031647","regulation of protein stability","32/1085","363/28928",0.0881542699724518,2.35034720899824,5.11081549296154,7.97388678590218e-06,0.000429801260273079,0.000353821049285376,"Mapk8ip3/Ubr4/Rtn4/Nf2/Ip6k2/Stk3/Asph/Syvn1/Ank2/Marchf7/Rab3gap1/Usp48/Aak1/Tesc/Btrc/Usp40/Ccnh/Zfp207/Fbxl3/Ncor2/Rad23a/Tmc8/Hdac3/Cep63/Ift46/Wiz/Rpl11/Gnl3l/Atp1b3/Usp29/Ncor1/Src",32
"GO:0000280","nuclear division","38/1085","468/28928",0.0811965811965812,2.1648430422624,5.0151213010423,8.0851731145469e-06,0.000431062762248397,0.000354859543105285,"Hsf1/Snhg15/Sirt7/Racgap1/Prpf4b/Kif23/Eml4/Sirt2/Clasp2/Clasp1/Kif2a/Tom1l2/Sun1/Ubr2/Cdc14b/Zfp207/Nfia/Cep97/Kifc5b/Rab11a/Kif15/Psmd13/Becn1/Cep63/Ppp2r2d/Rad54b/Arhgef10/Zscan21/Sphk1/Msh5/Smc2/Tpx2/Ankle1/Anapc5/Rad51ap1/1700028K03Rik/Eif4g3/Camk2b",38
"GO:0140238","presynaptic endocytosis","14/1085","92/28928",0.152173913043478,4.05722300140252,5.79778460635535,8.27313272992542e-06,0.000431835406824361,0.000355495599673427,"Ap3d1/Picalm/Snap91/Scrib/Synj1/Aak1/Kcnc3/Ap3s1/Dnm2/Bin1/Bltp1/Sgip1/Mff/Dnm1",14
"GO:0007059","chromosome segregation","36/1085","433/28928",0.0831408775981524,2.21668138908696,5.03552823711787,8.27574479948827e-06,0.000431835406824361,0.000355495599673427,"Snhg15/Sirt7/Racgap1/Bcas2/Prpf4b/Kif23/Eml4/Sirt2/Clasp2/Clasp1/Kif2a/Sun1/Tubgcp4/Zfp207/Cenatac/Smarca2/Cep97/Kifc5b/Rab11a/Anapc1/Kif15/Becn1/Hdac3/Actl6b/Cep63/Map1s/Arhgef10/Msh5/Cenpt/Smc2/Tpx2/Itgb3bp/Anapc5/1700028K03Rik/Ncor1/Rad18",36
"GO:0016482","cytosolic transport","17/1085","131/28928",0.129770992366412,3.45992190523094,5.57047074396396,8.51595489815632e-06,0.000439692197636387,0.000361963468025791,"Dctn1/Map2/Vps29/Erc1/Vps26a/Ap5z1/Dop1a/Mapk8/Arfip1/Trim46/Mon2/Spag9/Vti1a/Pip4k2a/Slc66a2/Tpcn2/Snx32",17
"GO:0035330","regulation of hippo signaling","9/1085","38/28928",0.236842105263158,6.31462527285957,6.47141466870003,8.67748221689693e-06,0.000442320510270446,0.000364127147893649,"Tial1/Nf2/Stk3/Prpf4b/Map4k4/Nek8/Shank2/Dlg5/Src",9
"GO:0030038","contractile actin filament bundle assembly","16/1085","118/28928",0.135593220338983,3.61515269858627,5.61920634233012,8.83739245800279e-06,0.000442320510270446,0.000364127147893649,"Ppfia1/Nf2/Sorbs1/Clasp2/Tpm1/Alms1/Clasp1/Kank3/Sh3pxd2b/Kiss1r/Pxn/Dnm2/Limch1/Arhgef10/Rapgef3/Src",16
"GO:0043149","stress fiber assembly","16/1085","118/28928",0.135593220338983,3.61515269858627,5.61920634233012,8.83739245800279e-06,0.000442320510270446,0.000364127147893649,"Ppfia1/Nf2/Sorbs1/Clasp2/Tpm1/Alms1/Clasp1/Kank3/Sh3pxd2b/Kiss1r/Pxn/Dnm2/Limch1/Arhgef10/Rapgef3/Src",16
"GO:0031334","positive regulation of protein-containing complex assembly","23/1085","219/28928",0.105022831050228,2.80009258674747,5.27857165487255,9.25924217193995e-06,0.000458753362155207,0.000377655002355786,"Mapt/Dab2ip/Dctn1/Eif4g1/Snap91/Dlg1/Nckap1l/Nrg1/Fes/Abca1/Nphs1/Fchsd2/Carmil2/Fermt1/Bin1/Mapk8/Map1b/Trim65/Gnl3l/Psmc6/Src/Cttn/Clip1",23
"GO:0050769","positive regulation of neurogenesis","30/1085","332/28928",0.0903614457831325,2.40919438121148,5.09795331109838,9.37476086721706e-06,0.000459832020536997,0.000378542975648891,"Mapt/Stk25/Cask/Afdn/Ist1/Faim/Rtn4/Tnik/Smurf1/Picalm/Snap91/Synj1/Skil/Tenm4/Nrg1/Ptk2/Dbn1/Rnf112/Dixdc1/Bin1/Mapk8/Ntrk3/Nin/Shank3/Stau2/Map1b/Dag1/Camk2b/Pparg/Zfyve27",30
"GO:0016197","endosomal transport","27/1085","284/28928",0.0950704225352113,2.53474394755631,5.13082048552783,1.03595596553714e-05,0.000503105347619771,0.000414166449588378,"Ap3d1/Dctn1/Nf2/Picalm/Scrib/Alms1/Arhgap1/Vps29/Erc1/Vps26a/Ap5z1/Vps11/Snap25/Zdhhc2/Abca1/Tom1/Rab11a/Dennd1b/Becn1/Arfip1/Bltp1/Spag9/Wdr91/Vti1a/Slc66a2/Snx32/Src",27
"GO:0008088","axo-dendritic transport","14/1085","94/28928",0.148936170212766,3.97089910775566,5.69518631380994,1.06754425735863e-05,0.000513363194347458,0.000422610915503374,"Mapt/Ap3d1/Ap3b1/Mapk8ip3/Map2/Kif2a/Klc1/Agtpbp1/Ank3/Madd/Ap3s1/Atg16l1/Trim46/Stau2",14
"GO:0072583","clathrin-dependent endocytosis","10/1085","49/28928",0.204081632653061,5.44117370450484,6.14204901080646,1.14637695292111e-05,0.000545199423514863,0.000448819140212031,"Picalm/Snap91/Tnk2/Aak1/Dnm2/Fchsd2/Slc9b2/Sgip1/Scyl2/Dnm1",10
"GO:0030833","regulation of actin filament polymerization","18/1085","148/28928",0.121621621621622,3.24264541038735,5.39951345644594,1.1670935671572e-05,0.000545199423514863,0.000448819140212031,"Sptan1/Tpm1/Ssh3/Dlg1/Nckap1l/Kank3/Dbn1/Plekhg2/Gba2/Nphs1/Pecam1/Fchsd2/Carmil2/Bin1/Cyrib/Dmtn/Vill/Cttn",18
"GO:1903322","positive regulation of protein modification by small protein conjugation or removal","18/1085","148/28928",0.121621621621622,3.24264541038735,5.39951345644594,1.1670935671572e-05,0.000545199423514863,0.000448819140212031,"Mycbp2/Marchf7/Gnl3/Btrc/Tnip1/Ube2v2/Cdc14b/Ube2v1/Rnf111/Hdac3/Mapk8/Hdac4/Dcun1d1/Sphk1/Skp1/Nmi/Cdk5rap3/Huwe1",18
"GO:1901880","negative regulation of protein depolymerization","13/1085","83/28928",0.156626506024096,4.17593692743324,5.71984416409172,1.25326644757342e-05,0.000579931313712041,0.000477411131369577,"Sptan1/Eml4/Map2/Clasp2/Tpm1/Clasp1/Camsap2/Carmil2/Camsap1/Map1b/Tpx2/Dmtn/Vill",13
"GO:1901875","positive regulation of post-translational protein modification","18/1085","149/28928",0.120805369127517,3.22088268951226,5.36524374422121,1.28161673895008e-05,0.000587507486406557,0.000483647989238812,"Mycbp2/Marchf7/Gnl3/Btrc/Tnip1/Ube2v2/Cdc14b/Ube2v1/Rnf111/Hdac3/Mapk8/Hdac4/Dcun1d1/Sphk1/Skp1/Nmi/Cdk5rap3/Huwe1",18
"GO:0071826","protein-RNA complex organization","21/1085","193/28928",0.10880829015544,2.90101955540699,5.23080091879372,1.30258671027354e-05,0.000591591464249231,0.000487010002008702,"Luc7l/Prpf4b/Rsrp1/Mettl17/Ythdc1/Puf60/Slu7/Klc1/Mbnl1/Sf3b1/Srsf6/Luc7l3/Srpk2/Prpf39/Ago1/Rpl11/Celf6/Celf5/Ddx46/Luc7l2/Tarbp2",21
"GO:1901873","regulation of post-translational protein modification","25/1085","260/28928",0.0961538461538462,2.56362991846863,4.99954522058565,1.79319764194623e-05,0.000806938938875804,0.000664288378030492,"Flcn/Sirt7/Mycbp2/Marchf7/Gnl3/Btrc/Sash1/Tnip1/Ube2v2/Cdc14b/Ube2v1/Rnf111/Hdac3/Mapk8/Cep63/Hdac4/Rpl11/Atg7/Dcun1d1/Sphk1/Gnl3l/Skp1/Nmi/Cdk5rap3/Huwe1",25
"GO:0048488","synaptic vesicle endocytosis","13/1085","86/28928",0.151162790697674,4.0302647090344,5.55553209036907,1.85901202784777e-05,0.000828950363326665,0.000682408625724789,"Ap3d1/Picalm/Snap91/Scrib/Synj1/Kcnc3/Ap3s1/Dnm2/Bin1/Bltp1/Sgip1/Mff/Dnm1",13
"GO:0099504","synaptic vesicle cycle","25/1085","261/28928",0.0957854406130268,2.55380758161626,4.97777107599629,1.913944350189e-05,0.000842561611909927,0.000693613679550722,"Ap3d1/Cask/Unc13a/Ppfia3/Picalm/Snap91/Scrib/Synj1/Rab3gap1/Kcnc3/Erc1/Trim9/Snap25/Ap3s1/Doc2g/Dnm2/Atp6v1f/Bin1/Clcn3/Atg7/Bltp1/Sgip1/Mff/Git2/Dnm1",25
"GO:0030534","adult behavior","21/1085","198/28928",0.106060606060606,2.827761485826,5.09439783385653,1.92389195787792e-05,0.000842561611909927,0.000693613679550722,"Mapt/Nrxn2/Agtpbp1/Unc79/Mafg/Homer2/Grin1/Cacna1c/Pmp22/Clcn3/Idua/Atg7/Shank2/Shank3/Nrxn3/Oxr1/Nr4a2/Kcnma1/Adam22/Htra2/Gigyf2",21
"GO:0060271","cilium assembly","34/1085","415/28928",0.0819277108433735,2.18433623896508,4.79718163901561,1.98004151102966e-05,0.000859478195716856,0.000707539751868632,"Dctn1/Vdac3/Kctd17/Marchf7/Alms1/Crocc/Cep89/Odf2l/Iqcb1/Cfap410/Ttll5/Ift172/Cdc14b/Cntrl/Fam161a/Cfap65/Cep97/Rab11a/Dnm2/Rfx3/Cfap119/Bbip1/Limk2/Ift46/Ablim1/C2cd3/Cep128/Dzip1/Rabep2/Ttc12/Cfap221/Spata6/Ablim3/Septin2",34
"GO:0000381","regulation of alternative mRNA splicing, via spliceosome","11/1085","63/28928",0.174603174603175,4.65522639163192,5.73333512325814,2.02264065991145e-05,0.000870267757619795,0.000716421936419236,"Ythdc1/Tia1/Arglu1/Puf60/Mbnl1/Mbnl2/Srsf6/Rbpms2/Srrm4/Celf6/Celf5",11
"GO:0071711","basement membrane organization","9/1085","42/28928",0.214285714285714,5.71323238973009,6.03404227374786,2.07431163989185e-05,0.000884739008145176,0.000728334961155619,"Clasp2/Phldb1/Clasp1/Gas2/Fermt1/Ric8a/Pmp22/Col4a1/Dag1",9
"GO:0022618","protein-RNA complex assembly","20/1085","184/28928",0.108695652173913,2.89801642957323,5.09851651076588,2.10740887981062e-05,0.000891106944437161,0.00073357717449669,"Luc7l/Prpf4b/Rsrp1/Mettl17/Ythdc1/Puf60/Slu7/Mbnl1/Sf3b1/Srsf6/Luc7l3/Srpk2/Prpf39/Ago1/Rpl11/Celf6/Celf5/Ddx46/Luc7l2/Tarbp2",20
"GO:0036465","synaptic vesicle recycling","14/1085","100/28928",0.14,3.73264516129032,5.40361673423044,2.19775033966778e-05,0.000916628884121428,0.00075458734899722,"Ap3d1/Picalm/Snap91/Scrib/Synj1/Kcnc3/Ap3s1/Dnm2/Bin1/Bltp1/Sgip1/Mff/Git2/Dnm1",14
"GO:1902115","regulation of organelle assembly","24/1085","247/28928",0.097165991902834,2.59061549655777,4.95592920990819,2.20514186190272e-05,0.000916628884121428,0.00075458734899722,"Hsf1/Nf2/Kctd17/Marchf7/G3bp2/Rab3gap1/Alms1/Crocc/Cnot2/Odf2l/Vps11/Cep97/Rab11a/Dnm2/Becn1/Mapk8/Limk2/Ift46/Dzip1/Rabep2/Pip4k2a/Rab3gap2/Tmem39a/Src",24
"GO:0032886","regulation of microtubule-based process","26/1085","280/28928",0.0928571428571429,2.4757340355497,4.89833528349752,2.26055551567517e-05,0.000930707292026892,0.000766176977781031,"Mapt/Dctn1/Agrn/Eml4/Map2/Clasp2/Alms1/Phldb1/Clasp1/Camsap2/Tacc1/Mark2/Inpp5j/Fes/Cenatac/Dixdc1/Cep97/Gba2/Camsap1/Mapk8/Trim46/Map1s/Map1b/Tpx2/Tacc2/Clip1",26
"GO:0022011","myelination in peripheral nervous system","8/1085","33/28928",0.242424242424242,6.46345482474515,6.19899848395318,2.29593440031099e-05,0.000930707292026892,0.000766176977781031,"Plec/Sirt2/Nrg1/Pmp22/Ntrk3/Arhgef10/Adam22/Dag1",8
"GO:0032292","peripheral nervous system axon ensheathment","8/1085","33/28928",0.242424242424242,6.46345482474515,6.19899848395318,2.29593440031099e-05,0.000930707292026892,0.000766176977781031,"Plec/Sirt2/Nrg1/Pmp22/Ntrk3/Arhgef10/Adam22/Dag1",8
"GO:0097050","type B pancreatic cell apoptotic process","6/1085","17/28928",0.352941176470588,9.41002981837896,6.84697894930628,2.38082832033931e-05,0.000957210074693795,0.000787994601969075,"Srsf6/Hdac3/Mapk8/Atg7/Tcf7l2/Ager",6
"GO:0008361","regulation of cell size","22/1085","217/28928",0.101382488479263,2.70303467901208,4.97093119778974,2.49346214016215e-05,0.000994344048576857,0.00081856403677039,"Mapt/Ist1/Rtn4/Map2/Smurf1/Clasp2/Vav2/Dbn1/Arhgap4/Dnm2/Slc12a6/Ntrk3/Clcn3/Shank3/Arhgap5/Trim46/Kcnma1/Map1b/Kdm6a/Rapgef3/Zfyve27/Cttn",22
"GO:0030866","cortical actin cytoskeleton organization","9/1085","43/28928",0.209302325581395,5.58036652020148,5.93344371001738,2.5365605476909e-05,0.00100337334567935,0.000825997135903422,"Plec/Epb41l3/Epb41l1/Racgap1/Fmnl2/Dlg1/Nckap1l/Kcnc3/Fmnl3",9
"GO:0016050","vesicle organization","32/1085","385/28928",0.0831168831168831,2.21604165419834,4.74173807503538,2.59321305302735e-05,0.00101757680200793,0.00083768970706635,"Ap3d1/Ap3b1/C2cd5/Ubr4/Unc13a/Hps1/Zdhhc20/Picalm/Snap91/Synj1/Myo18a/Erc1/Trim9/Vps11/Snap25/Hps3/Abca1/Ap3s1/Tom1/Doc2g/Rab11a/Dnm2/Atp6v1f/Hps5/Clcn3/Sec31b/Sec24c/Sphk1/Vti1a/Pip4k2a/Dnm1/Kif13a",32
"GO:0035329","hippo signaling","10/1085","54/28928",0.185185185185185,4.9373613244581,5.71685567108252,2.81696089736215e-05,0.00109660263504455,0.000902745363599099,"Tial1/Nf2/Stk3/Prpf4b/Map4k4/Nek8/Shank2/Dlg5/Tead3/Src",10
"GO:0008344","adult locomotory behavior","15/1085","116/28928",0.129310344827586,3.44764023518195,5.2143289850778,2.96558445999719e-05,0.00114536943120364,0.000942891171864834,"Mapt/Agtpbp1/Grin1/Cacna1c/Pmp22/Clcn3/Idua/Atg7/Shank2/Oxr1/Nr4a2/Kcnma1/Adam22/Htra2/Gigyf2",15
"GO:0008154","actin polymerization or depolymerization","21/1085","204/28928",0.102941176470588,2.74459203036053,4.93622630546323,3.01278197941065e-05,0.00115450746945385,0.000950413788899609,"Sptan1/Mtss1/Tpm1/Ssh3/Dlg1/Mical1/Nckap1l/Kank3/Mical3/Dbn1/Plekhg2/Gba2/Nphs1/Pecam1/Fchsd2/Carmil2/Bin1/Cyrib/Dmtn/Vill/Cttn",21
"GO:0031114","regulation of microtubule depolymerization","9/1085","44/28928",0.204545454545455,5.45354000837872,5.83595025592417,3.08331119405735e-05,0.00117237530285669,0.000965122949033373,"Eml4/Map2/Clasp2/Clasp1/Camsap2/Camsap1/Map1s/Map1b/Tpx2",9
"GO:0072384","organelle transport along microtubule","13/1085","91/28928",0.142857142857143,3.80882159315339,5.29759027060431,3.44556602654404e-05,0.00130003856616911,0.00107021791723262,"Mapt/Ap3d1/Ap3b1/Bicdl1/Map2/Agtpbp1/Sun1/Arhgap21/Madd/Ap3s1/Trim46/Map1b/Kif13a",13
"GO:0008360","regulation of cell shape","17/1085","146/28928",0.116438356164384,3.10445047661133,5.03226156645059,3.57064993915753e-05,0.00133694946195173,0.00110060370965113,"Epb41l3/Nf2/Fmnl2/Tpm1/Dlg1/Ptk2/Gas2/Mark2/Cfap410/Fes/Sema4a/Pxn/Sh3kbp1/Fmnl3/Prpf40a/Dmtn/Fblim1",17
"GO:0007265","Ras protein signal transduction","15/1085","118/28928",0.127118644067797,3.38920565492463,5.13371153299811,3.63511137803748e-05,0.00134593138898938,0.00110799781279323,"Dab2ip/Flcn/Rasa2/Picalm/Rapgef1/Nrg1/Rasa4/Rapgef6/Mapkap1/Ralgps1/Rfxank/Ksr1/Rapgef3/Spry1/Src",15
"GO:0010508","positive regulation of autophagy","19/1085","176/28928",0.107954545454545,2.87825722664432,4.93384981656513,3.69260068538563e-05,0.00134593138898938,0.00110799781279323,"Ubr4/Flcn/Rab3gap1/Depdc5/Optn/Tom1/Pafah1b2/Atg16l1/Hmgb1/Becn1/Atg7/Trim65/Vps13d/Pip4k2a/Cdk5rap3/Ager/Rab3gap2/Huwe1/Pik3c2a",19
"GO:0030041","actin filament polymerization","19/1085","176/28928",0.107954545454545,2.87825722664432,4.93384981656513,3.69260068538563e-05,0.00134593138898938,0.00110799781279323,"Sptan1/Mtss1/Tpm1/Ssh3/Dlg1/Nckap1l/Kank3/Dbn1/Plekhg2/Gba2/Nphs1/Pecam1/Fchsd2/Carmil2/Bin1/Cyrib/Dmtn/Vill/Cttn",19
"GO:1903320","regulation of protein modification by small protein conjugation or removal","24/1085","255/28928",0.0941176470588235,2.50934128490106,4.7789174369329,3.7043983183194e-05,0.00134593138898938,0.00110799781279323,"Sirt7/Mycbp2/Marchf7/Gnl3/Btrc/Sash1/Tnip1/Ube2v2/Cdc14b/Ube2v1/Rnf111/Hdac3/Mapk8/Cep63/Hdac4/Rpl11/Atg7/Dcun1d1/Sphk1/Gnl3l/Skp1/Nmi/Cdk5rap3/Huwe1",24
"GO:0090257","regulation of muscle system process","25/1085","272/28928",0.0919117647058824,2.45052859853619,4.74473014059712,3.81976405647624e-05,0.00137373077172061,0.00113088282425457,"Dock4/Agrn/Dmpk/Ank2/Dlg1/Akap1/Camk2g/Ptk2/Cdk9/Dbn1/P2rx4/Cacna1c/Gtf2ird2/Becn1/Bin1/Hdac4/Cald1/Sphk1/Kcnma1/Myh7b/Tnnt1/Slc8a1/Dag1/Pparg/Cttn",25
"GO:0150115","cell-substrate junction organization","14/1085","105/28928",0.133333333333333,3.55490015360983,5.17735022726227,3.83692386800659e-05,0.00137373077172061,0.00113088282425457,"Plec/Sorbs1/Clasp2/Map4k4/Clasp1/Ptk2/Iqsec1/Pxn/Slk/Peak1/Limch1/Dmtn/Src/Cttn",14
"GO:0016236","macroautophagy","28/1085","323/28928",0.086687306501548,2.31123539398782,4.67810000794355,3.87931602497603e-05,0.00137884384800778,0.00113509201157956,"Tafazzin/Rubcn/Acbd5/Aup1/Smurf1/Rab3gap1/Atg16l2/Vps13c/Ap5z1/Optn/Tom1/Pafah1b2/Atg16l1/Becn1/Arhgap26/Atg7/Nrbp2/Htra2/Vti1a/Vps13d/Pip4k2a/Cdk5rap3/Rab3gap2/Huwe1/Atg4c/Tmem39a/Pik3c2a/Cttn",28
"GO:0010634","positive regulation of epithelial cell migration","10/1085","56/28928",0.178571428571429,4.76102699144174,5.56122648462402,3.91649839579712e-05,0.0013820449375097,0.00113772721289495,"Rtn4/Clasp2/Scrib/Map4k4/Clasp1/Ptk2/Iqsec1/Rab11a/Arhgap5/Src",10
"GO:0141188","nucleic acid catabolic process","29/1085","341/28928",0.0850439882697947,2.26742165222914,4.64753398318605,4.03216556177292e-05,0.00141269800574973,0.00116296143571135,"Hnrnpd/Zc3h18/Hsf1/Skic2/Zswim8/Elavl4/Sidt2/Cnot2/Pym1/Lsm7/Syncrip/Zc3h14/Ago1/Arid5a/Tnrc6a/Eif4enif1/Exog/Smg6/Samd4/Gtsf1/Taf15/Dnase1l1/Slc11a1/Gigyf2/Dcp1b/Mov10/Xrn1/Mettl16/Tnrc6c",29
"GO:0050767","regulation of neurogenesis","37/1085","485/28928",0.0762886597938144,2.03398926314789,4.53322996631562,4.08409547736713e-05,0.00142074385223303,0.00116958493849797,"Mapt/Stk25/Cask/Afdn/Ist1/Faim/Rtn4/Nf2/Map2/Sirt2/Tnik/Smurf1/Picalm/Snap91/Synj1/Skil/Tenm4/Hltf/Nrg1/Ptk2/Dbn1/Rnf112/Dixdc1/Arhgap4/Bin1/Mbp/Mapk8/Ntrk3/Nin/Shank3/Trim46/Stau2/Map1b/Dag1/Camk2b/Pparg/Zfyve27",37
"GO:0043484","regulation of RNA splicing","20/1085","194/28928",0.103092783505155,2.74863413938904,4.82403363834005,4.52090598115997e-05,0.00156162280546406,0.00128555932866788,"Srrm1/Trrap/Hnrnpa2b1/Ythdc1/Tia1/Arglu1/Puf60/Clk4/Zfp326/Mbnl1/Mbnl2/Srsf6/Rbpms2/Srrm4/Celf6/Celf5/Zfp638/Cdk12/Srsf9/Mettl16",20
"GO:0006650","glycerophospholipid metabolic process","25/1085","276/28928",0.0905797101449275,2.41501369131103,4.66279438680876,4.85606094631316e-05,0.00165537388600603,0.00136273710536383,"Tafazzin/Pla2g2e/Plcb4/Ip6k2/Ddhd1/Inpp4a/Synj1/Hycc1/Ip6k1/Pcyt2/Hycc2/Inpp5j/Chkb/Pla2g6/Becn1/Smpd4/Serac1/Pla2g4b/Pip4k2a/Mboat2/Pgap2/Mtmr12/Pik3c2a/Pigq/Plch2",25
"GO:0097581","lamellipodium organization","13/1085","94/28928",0.138297872340426,3.68726345720169,5.15145937575048,4.88084938568115e-05,0.00165537388600603,0.00136273710536383,"Ablim2/Vav2/Pxn/Auts2/Dnm2/Carmil2/Pmp22/Hdac4/Ablim1/Ablim3/Dmtn/Src/Cttn",13
"GO:1903232","melanosome assembly","6/1085","19/28928",0.315789473684211,8.41950036381276,6.38621417724408,4.89356194639906e-05,0.00165537388600603,0.00136273710536383,"Ap3d1/Ap3b1/Hps1/Hps3/Ap3s1/Hps5",6
"GO:0098813","nuclear chromosome segregation","28/1085","328/28928",0.0853658536585366,2.27600314712825,4.58790275471245,5.08717251225537e-05,0.00170908090223374,0.00140694980223588,"Snhg15/Sirt7/Racgap1/Prpf4b/Kif23/Eml4/Sirt2/Clasp2/Clasp1/Kif2a/Sun1/Zfp207/Smarca2/Cep97/Kifc5b/Rab11a/Anapc1/Kif15/Becn1/Actl6b/Cep63/Map1s/Arhgef10/Msh5/Smc2/Tpx2/Anapc5/1700028K03Rik",28
"GO:0046578","regulation of Ras protein signal transduction","10/1085","58/28928",0.172413793103448,4.59685364690926,5.41279931043221,5.36313576896889e-05,0.00178953611882942,0.0014731821560877,"Dab2ip/Flcn/Rasa2/Picalm/Rapgef1/Nrg1/Rasa4/Mapkap1/Spry1/Src",10
"GO:0001558","regulation of cell growth","35/1085","456/28928",0.0767543859649123,2.04640633842671,4.44613196389912,5.77362683087356e-05,0.00191348916252938,0.00157522279681586,"Mapt/Dab2ip/Sbf1/Afdn/Eif4g1/Ist1/Rtn4/Unc13a/Nf2/Ip6k2/Map2/Rnf157/Smurf1/Picalm/Clasp2/Nrg1/Ptk2/Dbn1/Mapkap1/Arhgap4/Smarca2/Eaf2/Dnm2/Ntrk3/Bltp1/Trim46/Hdgfl2/Sphk1/Spag9/Map1b/Bap1/Cep43/Pparg/Zfyve27/Cttn",35
"GO:0048024","regulation of mRNA splicing, via spliceosome","15/1085","123/28928",0.121951219512195,3.25143306732606,4.93953662031672,5.92178122401923e-05,0.00194941858414861,0.00160480061994615,"Srrm1/Hnrnpa2b1/Ythdc1/Tia1/Arglu1/Puf60/Mbnl1/Mbnl2/Srsf6/Rbpms2/Srrm4/Celf6/Celf5/Srsf9/Mettl16",15
"GO:0016358","dendrite development","28/1085","331/28928",0.0845921450151057,2.25537471981288,4.53456562187481,5.96536847632306e-05,0.00195067549175764,0.00160583533159125,"Sult4a1/Dab2ip/Cask/Afdn/Zmynd8/Map2/Tnik/Picalm/Elavl4/Camsap2/Kidins220/Iqsec1/Dbn1/Dip2a/Nsmf/Grin1/Arhgap33/Matn2/Actl6b/Mapk8/Shank3/Map1s/Stau2/Map1b/D16Ertd472e/Dlg5/Camk2b/Clip1",28
"GO:0035459","vesicle cargo loading","7/1085","28/28928",0.25,6.66543778801843,5.92068727158332,6.07074586575791e-05,0.00197198731599619,0.00162337965430794,"Ap3d1/Ap3b1/Picalm/Ap3s1/Sec31b/Sec24c/Kif13a",7
"GO:0010631","epithelial cell migration","14/1085","110/28928",0.127272727272727,3.3933137829912,4.96446689687887,6.46100481893058e-05,0.00207410549255209,0.00170744539287082,"Dab2ip/Rtn4/Clasp2/Scrib/Map4k4/Clasp1/Sash1/Ptk2/Iqsec1/Rab11a/Fermt1/Ptprr/Arhgap5/Src",14
"GO:0008064","regulation of actin polymerization or depolymerization","18/1085","168/28928",0.107142857142857,2.85661619486504,4.7642099038874,6.46968685750192e-05,0.00207410549255209,0.00170744539287082,"Sptan1/Tpm1/Ssh3/Dlg1/Nckap1l/Kank3/Dbn1/Plekhg2/Gba2/Nphs1/Pecam1/Fchsd2/Carmil2/Bin1/Cyrib/Dmtn/Vill/Cttn",18
"GO:0032273","positive regulation of protein polymerization","13/1085","97/28928",0.134020618556701,3.57322438120576,5.01120564131036,6.81021575265827e-05,0.00216696142266126,0.00178388626371127,"Mapt/Dctn1/Dlg1/Nckap1l/Fes/Nphs1/Fchsd2/Carmil2/Bin1/Mapk8/Map1b/Cttn/Clip1",13
"GO:0007026","negative regulation of microtubule depolymerization","8/1085","38/28928",0.210526315789474,5.61300024254184,5.61707287035868,6.84768645285414e-05,0.00216696142266126,0.00178388626371127,"Eml4/Map2/Clasp2/Clasp1/Camsap2/Camsap1/Map1b/Tpx2",8
"GO:0030900","forebrain development","36/1085","480/28928",0.075,1.99963133640553,4.35956506908134,7.30120184205213e-05,0.00228444580134553,0.00188060176918535,"Mapk8ip3/Dab2ip/Afdn/Kcnq2/Rtn4/Nf2/Dclk2/Rab3gap1/Elavl4/Agtpbp1/Sun1/Nsun5/Nrg1/Tacc1/Zbtb18/Socs7/Dixdc1/Ncor2/Grin1/Zeb1/Dmxl2/Atg16l1/Nin/Atg7/Shank3/Nr4a2/D16Ertd472e/Tyro3/Tcf7l2/Htra2/Scyl2/Tacc2/Pianp/Chrd/Ncor1/Src",36
"GO:0030953","astral microtubule organization","5/1085","13/28928",0.384615384615385,10.2545196738745,6.58828706559597,7.35866333562883e-05,0.00228444580134553,0.00188060176918535,"Dlg1/Clasp1/Rab11a/Limk2/Tacc2",5
"GO:0035332","positive regulation of hippo signaling","5/1085","13/28928",0.384615384615385,10.2545196738745,6.58828706559597,7.35866333562883e-05,0.00228444580134553,0.00188060176918535,"Tial1/Stk3/Prpf4b/Map4k4/Dlg5",5
"GO:0007044","cell-substrate junction assembly","13/1085","98/28928",0.13265306122449,3.53676290792815,4.96568479727588,7.58575049672696e-05,0.00234013246455633,0.00192644415130385,"Plec/Sorbs1/Clasp2/Map4k4/Clasp1/Ptk2/Pxn/Slk/Peak1/Limch1/Dmtn/Src/Cttn",13
"GO:0030832","regulation of actin filament length","18/1085","171/28928",0.105263157894737,2.80650012127092,4.67705863675363,8.14797748595761e-05,0.00249786434803888,0.00205629221290351,"Sptan1/Tpm1/Ssh3/Dlg1/Nckap1l/Kank3/Dbn1/Plekhg2/Gba2/Nphs1/Pecam1/Fchsd2/Carmil2/Bin1/Cyrib/Dmtn/Vill/Cttn",18
"GO:0051492","regulation of stress fiber assembly","13/1085","99/28928",0.131313131313131,3.50103803007029,4.92075403143749,8.43663852346513e-05,0.00255551743308894,0.00210375339306383,"Ppfia1/Nf2/Clasp2/Tpm1/Alms1/Clasp1/Kank3/Sh3pxd2b/Kiss1r/Pxn/Limch1/Arhgef10/Rapgef3",13
"GO:0031396","regulation of protein ubiquitination","21/1085","219/28928",0.0958904109589041,2.55660627485639,4.56457507838532,8.49234131689086e-05,0.00255551743308894,0.00210375339306383,"Sirt7/Mycbp2/Marchf7/Btrc/Sash1/Ube2v2/Cdc14b/Ube2v1/Rnf111/Hdac3/Mapk8/Cep63/Rpl11/Atg7/Dcun1d1/Sphk1/Gnl3l/Skp1/Nmi/Cdk5rap3/Huwe1",21
"GO:0060491","regulation of cell projection assembly","21/1085","219/28928",0.0958904109589041,2.55660627485639,4.56457507838532,8.49234131689086e-05,0.00255551743308894,0.00210375339306383,"Agrn/Zmynd8/Kctd17/Marchf7/Crocc/Odf2l/Dbn1/Cep97/Auts2/Rab11a/Dnm2/Carmil2/Limk2/Hdac4/Ift46/Dzip1/Stau2/Rabep2/Dmtn/Src/Cttn",21
"GO:0045807","positive regulation of endocytosis","20/1085","203/28928",0.0985221674876847,2.62677351251958,4.59149003378122,8.54520395443832e-05,0.00255574545100731,0.0021039411020042,"Lyar/Pick1/Picalm/Snap91/Synj1/Myo18a/Alms1/Nckap1l/Rapgef1/Ptk2/Il15ra/Dnm2/Bin1/Sgip1/Mff/Tfr2/Ager/Slc11a1/Dnm1/Pparg",20
"GO:0090132","epithelium migration","14/1085","113/28928",0.123893805309735,3.30322580645161,4.84255967131293,8.69344081823537e-05,0.00258432286142088,0.00212746660151521,"Dab2ip/Rtn4/Clasp2/Scrib/Map4k4/Clasp1/Sash1/Ptk2/Iqsec1/Rab11a/Fermt1/Ptprr/Arhgap5/Src",14
"GO:0007628","adult walking behavior","9/1085","50/28928",0.18,4.79911520737327,5.30753006532033,8.90728508749013e-05,0.00261882370511549,0.00215586839054091,"Mapt/Agtpbp1/Cacna1c/Pmp22/Idua/Atg7/Oxr1/Kcnma1/Htra2",9
"GO:0046488","phosphatidylinositol metabolic process","16/1085","142/28928",0.112676056338028,3.00414097488155,4.72596316324667,8.91628050467456e-05,0.00261882370511549,0.00215586839054091,"Plcb4/Ip6k2/Ddhd1/Inpp4a/Synj1/Hycc1/Ip6k1/Hycc2/Inpp5j/Becn1/Pip4k2a/Pgap2/Mtmr12/Pik3c2a/Pigq/Plch2",16
"GO:0050821","protein stabilization","21/1085","220/28928",0.0954545454545455,2.5449853372434,4.54090887663734,9.06340905306226e-05,0.00264619175031371,0.00217839831626233,"Mapk8ip3/Ubr4/Rtn4/Ip6k2/Stk3/Syvn1/Ank2/Marchf7/Rab3gap1/Aak1/Tesc/Ccnh/Zfp207/Ncor2/Tmc8/Cep63/Wiz/Rpl11/Atp1b3/Usp29/Ncor1",21
"GO:0030032","lamellipodium assembly","11/1085","74/28928",0.148648648648649,3.96323327936231,5.0383373359863,9.43139470873078e-05,0.00273733674830322,0.0022534307133411,"Ablim2/Vav2/Pxn/Auts2/Dnm2/Carmil2/Pmp22/Hdac4/Ablim1/Ablim3/Dmtn",11
"GO:0048041","focal adhesion assembly","12/1085","87/28928",0.137931034482759,3.67748291752741,4.93730243651105,9.68690387799352e-05,0.00279495667773872,0.00230086459913208,"Sorbs1/Clasp2/Map4k4/Clasp1/Ptk2/Pxn/Slk/Peak1/Limch1/Dmtn/Src/Cttn",12
"GO:0050708","regulation of protein secretion","28/1085","341/28928",0.0821114369501466,2.189234698704,4.36082866857289,9.96553151837741e-05,0.00285853404079773,0.00235320276420411,"Cask/Stim1/Gnas/Pick1/Hmgn3/Myo18a/Rab11fip1/Map4k4/Brsk2/Sidt2/Snap25/Madd/Apbb3/Gipr/Zfp384/Or51e2/Rfx3/Slc9b2/Cacna1c/Pla2g6/Arfip1/Idua/Atg7/Tcf7l2/Rhbdd3/Pde4c/Pparg/Rab11fip5",28
"GO:0043488","regulation of mRNA stability","18/1085","174/28928",0.103448275862069,2.75811218814556,4.59177530272204,0.000101991435739251,0.00289841827265591,0.00238603626673278,"Hnrnpd/Elavl4/Cnot2/Syncrip/Zc3h14/Ago1/Arid5a/Tnrc6a/Eif4enif1/Samd4/Gtsf1/Taf15/Slc11a1/Gigyf2/Dcp1b/Mov10/Mettl16/Tnrc6c",18
"GO:0050772","positive regulation of axonogenesis","13/1085","101/28928",0.128712871287129,3.43171054432632,4.83260605823465,0.000103888646305657,0.00289841827265591,0.00238603626673278,"Mapt/Stk25/Ist1/Smurf1/Picalm/Snap91/Skil/Dbn1/Dixdc1/Ntrk3/Nin/Map1b/Zfyve27",13
"GO:0043487","regulation of RNA stability","19/1085","190/28928",0.1,2.66617511520737,4.54859979362062,0.000104397881488781,0.00289841827265591,0.00238603626673278,"Hnrnpd/Zc3h18/Elavl4/Cnot2/Syncrip/Zc3h14/Ago1/Arid5a/Tnrc6a/Eif4enif1/Samd4/Gtsf1/Taf15/Slc11a1/Gigyf2/Dcp1b/Mov10/Mettl16/Tnrc6c",19
"GO:0031111","negative regulation of microtubule polymerization or depolymerization","9/1085","51/28928",0.176470588235294,4.70501490918948,5.22766277887336,0.000104591240419999,0.00289841827265591,0.00238603626673278,"Eml4/Map2/Clasp2/Clasp1/Camsap2/Inpp5j/Camsap1/Map1b/Tpx2",9
"GO:0098884","postsynaptic neurotransmitter receptor internalization","9/1085","51/28928",0.176470588235294,4.70501490918948,5.22766277887336,0.000104591240419999,0.00289841827265591,0.00238603626673278,"Sh3glb2/Pick1/Sirt2/Scrib/Synj1/Nrg1/Iqsec1/Hpca/Rab11fip5",9
"GO:0140239","postsynaptic endocytosis","9/1085","51/28928",0.176470588235294,4.70501490918948,5.22766277887336,0.000104591240419999,0.00289841827265591,0.00238603626673278,"Sh3glb2/Pick1/Sirt2/Scrib/Synj1/Nrg1/Iqsec1/Hpca/Rab11fip5",9
"GO:2000674","regulation of type B pancreatic cell apoptotic process","5/1085","14/28928",0.357142857142857,9.52205398288348,6.29597164734301,0.000110932092495455,0.00305016130222498,0.00251095418323623,"Srsf6/Hdac3/Atg7/Tcf7l2/Ager",5
"GO:0019362","pyridine nucleotide metabolic process","19/1085","191/28928",0.0994764397905759,2.65221608319058,4.52242494783174,0.000111932524852293,0.00305016130222498,0.00251095418323623,"Flcn/Kcnab2/Pfkfb3/Foxk2/Gale/Naprt/Eno4/Hdac4/Prxl2c/Idh1/Nudt13/Txnrd1/Zbtb20/Jmjd8/Cbfa2t3/Ncor1/Rpe/Src/Afmid",19
"GO:0046496","nicotinamide nucleotide metabolic process","19/1085","191/28928",0.0994764397905759,2.65221608319058,4.52242494783174,0.000111932524852293,0.00305016130222498,0.00251095418323623,"Flcn/Kcnab2/Pfkfb3/Foxk2/Gale/Naprt/Eno4/Hdac4/Prxl2c/Idh1/Nudt13/Txnrd1/Zbtb20/Jmjd8/Cbfa2t3/Ncor1/Rpe/Src/Afmid",19
"GO:0030516","regulation of axon extension","13/1085","102/28928",0.127450980392157,3.39806632330351,4.78936171390689,0.000115033237587761,0.00311733718435343,0.00256625472164381,"Mapt/Rtn4/Map2/Smurf1/Clasp2/Dbn1/Arhgap4/Dnm2/Ntrk3/Trim46/Map1b/Zfyve27/Cttn",13
"GO:0042063","gliogenesis","32/1085","417/28928",0.0767386091127098,2.04598569991933,4.24713536220621,0.000118227316660441,0.00317426049095218,0.00261311513349269,"Plec/Dab2ip/Afdn/Rtn4/Nf2/Pick1/Sirt2/Scrib/Synj1/Tenm4/Sun1/Nsun5/Nrg1/Ptk2/Pfkfb3/Rnf112/Socs7/Nfia/P2rx4/Grin1/Matn2/Bin1/Pmp22/Ntrk3/Plp1/Shank3/Arhgef10/Adam22/Tcf7l2/Ager/Dag1/Pparg",32
"GO:1903539","protein localization to postsynaptic membrane","11/1085","76/28928",0.144736842105263,3.85893766674751,4.92642725360844,0.000120716786990504,0.00317426049095218,0.00261311513349269,"Nbea/Epb41l1/Tnik/Scrib/Dlg1/Zdhhc2/Rab11a/Grin1/Nrxn3/Adam22/Dag1",11
"GO:0000423","mitophagy","12/1085","89/28928",0.134831460674157,3.594842851965,4.83976772867742,0.000121057311240922,0.00317426049095218,0.00261311513349269,"Tafazzin/Smurf1/Vps13c/Optn/Becn1/Arhgap26/Atg7/Htra2/Vps13d/Huwe1/Atg4c/Cttn",12
"GO:0031331","positive regulation of cellular catabolic process","23/1085","258/28928",0.0891472868217054,2.37682277712285,4.38513130140807,0.000121624962684496,0.00317426049095218,0.00261311513349269,"Ubr4/Flcn/Rab3gap1/Depdc5/Optn/Tom1/Pafah1b2/Atg16l1/Hmgb1/Becn1/Phkg2/Atg7/Prxl2c/Trim65/Vps13d/Pip4k2a/Cdk5rap3/Zbtb20/Ager/Rab3gap2/Huwe1/Pik3c2a/Src",23
"GO:0048490","anterograde synaptic vesicle transport","6/1085","22/28928",0.272727272727273,7.27138667783829,5.80884079176574,0.000122187763984728,0.00317426049095218,0.00261311513349269,"Ap3d1/Ap3b1/Map2/Madd/Ap3s1/Trim46",6
"GO:0099514","synaptic vesicle cytoskeletal transport","6/1085","22/28928",0.272727272727273,7.27138667783829,5.80884079176574,0.000122187763984728,0.00317426049095218,0.00261311513349269,"Ap3d1/Ap3b1/Map2/Madd/Ap3s1/Trim46",6
"GO:0099517","synaptic vesicle transport along microtubule","6/1085","22/28928",0.272727272727273,7.27138667783829,5.80884079176574,0.000122187763984728,0.00317426049095218,0.00261311513349269,"Ap3d1/Ap3b1/Map2/Madd/Ap3s1/Trim46",6
"GO:0008089","anterograde axonal transport","9/1085","52/28928",0.173076923076923,4.61453385324353,5.14984318857153,0.00012231095469724,0.00317426049095218,0.00261311513349269,"Ap3d1/Ap3b1/Mapk8ip3/Map2/Agtpbp1/Ank3/Madd/Ap3s1/Trim46",9
"GO:0048193","Golgi vesicle transport","25/1085","293/28928",0.0853242320819113,2.2748934430097,4.3297982156547,0.000126640731850519,0.00326329250566389,0.00268640808020316,"Lman2l/Ergic3/Ap3d1/Nbea/Cope/Sec22a/Myo18a/Nrbp1/Exoc1/Atp2c1/Ergic1/Vps29/Ap5z1/Optn/Ank3/Ap3s1/Dnm2/Dop1a/Sec31b/Sec24c/Mon2/Rabggta/Ergic2/Vti1a/Kif13a",25
"GO:0007019","microtubule depolymerization","10/1085","64/28928",0.15625,4.16589861751152,5.00515216694603,0.000127072144461122,0.00326329250566389,0.00268640808020316,"Eml4/Map2/Clasp2/Clasp1/Camsap2/Arhgef1/Camsap1/Map1s/Map1b/Tpx2",10
"GO:0016241","regulation of macroautophagy","16/1085","147/28928",0.108843537414966,2.90195930906925,4.56368333688896,0.000134426802524426,0.0034341847207412,0.00282708999168695,"Rubcn/Rab3gap1/Vps13c/Optn/Tom1/Pafah1b2/Becn1/Nrbp2/Htra2/Vps13d/Pip4k2a/Cdk5rap3/Rab3gap2/Huwe1/Tmem39a/Cttn",16
"GO:0006401","RNA catabolic process","26/1085","312/28928",0.0833333333333333,2.22181259600614,4.28337388678851,0.000137254947691147,0.00347028617744884,0.00285680943756505,"Hnrnpd/Zc3h18/Skic2/Zswim8/Elavl4/Sidt2/Cnot2/Pym1/Lsm7/Syncrip/Zc3h14/Ago1/Arid5a/Tnrc6a/Eif4enif1/Smg6/Samd4/Gtsf1/Taf15/Slc11a1/Gigyf2/Dcp1b/Mov10/Xrn1/Mettl16/Tnrc6c",26
"GO:0051054","positive regulation of DNA metabolic process","26/1085","312/28928",0.0833333333333333,2.22181259600614,4.28337388678851,0.000137254947691147,0.00347028617744884,0.00285680943756505,"Hnrnpd/Trrap/Ciz1/Eya3/Hnrnpa2b1/Hsf1/Kmt5b/Ep400/Helq/Fam168a/Cd40/Gnl3/Slx1b/Ube2v2/Baz1a/Smarca2/Hmces/Hmgb1/Actl6b/Mapk8/Wiz/Hdgfl2/Pot1a/Hmbox1/Rad51ap1/Pms2",26
"GO:0050779","RNA destabilization","13/1085","104/28928",0.125,3.33271889400922,4.70446785343002,0.000140446612090167,0.00351474812399117,0.00289341140697036,"Hnrnpd/Zc3h18/Cnot2/Syncrip/Tnrc6a/Eif4enif1/Samd4/Gtsf1/Gigyf2/Dcp1b/Mov10/Mettl16/Tnrc6c",13
"GO:0099068","postsynapse assembly","13/1085","104/28928",0.125,3.33271889400922,4.70446785343002,0.000140446612090167,0.00351474812399117,0.00289341140697036,"Dock4/Afdn/Nrxn2/Rtn4/Ntng2/Carmil3/Arhgap33/Ube3b/Ntrk3/Shank3/Nrxn3/Map1b/Psd",13
"GO:0010171","body morphogenesis","10/1085","65/28928",0.153846153846154,4.10180786954981,4.94207566486615,0.000145183981089652,0.00361279793484912,0.00297412798499517,"Gatad2a/Gnas/Asph/Clasp2/Rab3gap1/Phldb1/Clasp1/Ssbp3/Tcf7l2/Dag1",10
"GO:0046486","glycerolipid metabolic process","30/1085","385/28928",0.0779220779220779,2.07753905081094,4.20167181521101,0.000145837714801249,0.00361279793484912,0.00297412798499517,"Tafazzin/Pla2g2e/Plcb4/Ip6k2/Ddhd1/Inpp4a/Synj1/Agk/Hycc1/Ip6k1/Pcyt2/Hycc2/Tmem68/Inpp5j/Chkb/Tbl1xr1/Pla2g6/Becn1/Smpd4/Serac1/Pla2g4b/Tcf7l2/Pip4k2a/Mboat2/Pgap2/Mtmr12/Pik3c2a/Pigq/Plch2/Cdk8",30
"GO:0061387","regulation of extent of cell growth","14/1085","119/28928",0.117647058823529,3.13667660612632,4.61059247544653,0.000152329846151819,0.00373588947687337,0.00307545942020199,"Mapt/Ist1/Rtn4/Map2/Smurf1/Clasp2/Dbn1/Arhgap4/Dnm2/Ntrk3/Trim46/Map1b/Zfyve27/Cttn",14
"GO:0090130","tissue migration","14/1085","119/28928",0.117647058823529,3.13667660612632,4.61059247544653,0.000152329846151819,0.00373588947687337,0.00307545942020199,"Dab2ip/Rtn4/Clasp2/Scrib/Map4k4/Clasp1/Sash1/Ptk2/Iqsec1/Rab11a/Fermt1/Ptprr/Arhgap5/Src",14
"GO:0032011","ARF protein signal transduction","6/1085","23/28928",0.260869565217391,6.95523943097576,5.64007931457473,0.000160085005376655,0.0038680637998645,0.00318426798353564,"Map4k4/Iqsec1/Arfgap1/Git2/Psd/Psd2",6
"GO:0032012","regulation of ARF protein signal transduction","6/1085","23/28928",0.260869565217391,6.95523943097576,5.64007931457473,0.000160085005376655,0.0038680637998645,0.00318426798353564,"Map4k4/Iqsec1/Arfgap1/Git2/Psd/Psd2",6
"GO:0071625","vocalization behavior","6/1085","23/28928",0.260869565217391,6.95523943097576,5.64007931457473,0.000160085005376655,0.0038680637998645,0.00318426798353564,"Nrxn2/Auts2/Shank2/Shank3/Nrxn3/Celf6",6
"GO:0010172","embryonic body morphogenesis","5/1085","15/28928",0.333333333333333,8.88725038402458,6.03160972150763,0.000161262828939786,0.00387742243112575,0.00319197219717761,"Gatad2a/Clasp2/Phldb1/Clasp1/Dag1",5
"GO:0090150","establishment of protein localization to membrane","24/1085","281/28928",0.0854092526690391,2.27716024074651,4.24685593888411,0.000168706274316416,0.00399815216543681,0.00329135934473215,"Ap3b1/C2cd5/Afdn/Epb41l1/Zdhhc20/Scrib/Agk/Rab3gap1/Atp2c1/Emc8/Optn/Ank3/Zdhhc23/Zdhhc2/Rab11a/Hpca/Mff/Mtch1/Dmtn/Rab3gap2/Sec61a2/Tmem147/Clip1/Kif13a",24
"GO:0000819","sister chromatid segregation","21/1085","230/28928",0.091304347826087,2.43433380084151,4.31118727275437,0.000169412543440751,0.00399815216543681,0.00329135934473215,"Snhg15/Racgap1/Prpf4b/Kif23/Eml4/Clasp2/Clasp1/Kif2a/Zfp207/Smarca2/Cep97/Kifc5b/Rab11a/Anapc1/Kif15/Becn1/Actl6b/Arhgef10/Smc2/Tpx2/Anapc5",21
"GO:0061351","neural precursor cell proliferation","21/1085","230/28928",0.091304347826087,2.43433380084151,4.31118727275437,0.000169412543440751,0.00399815216543681,0.00329135934473215,"Afdn/Racgap1/Nf2/Sirt2/Rapgef1/Nrg1/Tacc1/Hdac5/Optn/Dbn1/Dixdc1/Ncor2/Nfia/Hdac3/Mapk8/Ntrk3/Shank3/Tacc2/Tarbp2/Nes/Tead3",21
"GO:0006892","post-Golgi vesicle-mediated transport","13/1085","106/28928",0.122641509433962,3.269837405443,4.62161939968015,0.000170550038520756,0.00399815216543681,0.00329135934473215,"Ap3d1/Nbea/Exoc1/Atp2c1/Vps29/Optn/Ank3/Ap3s1/Dnm2/Dop1a/Mon2/Vti1a/Kif13a",13
"GO:0048168","regulation of neuronal synaptic plasticity","11/1085","79/28928",0.139240506329114,3.71239573003558,4.76551421141547,0.00017198982811563,0.00399815216543681,0.00329135934473215,"Unc13a/Ppfia3/Rab3gap1/Camk2g/Zdhhc2/Rab11a/Nsmf/Grin1/Shank3/Chrd/Camk2b",11
"GO:0062237","protein localization to postsynapse","11/1085","79/28928",0.139240506329114,3.71239573003558,4.76551421141547,0.00017198982811563,0.00399815216543681,0.00329135934473215,"Nbea/Epb41l1/Tnik/Scrib/Dlg1/Zdhhc2/Rab11a/Grin1/Nrxn3/Adam22/Dag1",11
"GO:1902017","regulation of cilium assembly","11/1085","79/28928",0.139240506329114,3.71239573003558,4.76551421141547,0.00017198982811563,0.00399815216543681,0.00329135934473215,"Kctd17/Marchf7/Crocc/Odf2l/Cep97/Rab11a/Dnm2/Limk2/Ift46/Dzip1/Rabep2",11
"GO:0007254","JNK cascade","19/1085","198/28928",0.095959595959596,2.55845086812829,4.3437662891647,0.000179483381104216,0.00415266973734048,0.00341856132033651,"Mapk8ip3/Dab2ip/Stk3/Zmynd11/Tnik/Map4k4/Rapgef1/Ptk2/Mapkbp1/Dixdc1/Nphs1/Hmgb1/Becn1/Hdac3/Mapk8/Dusp19/Ager/Rnf13/Ncor1",19
"GO:0006402","mRNA catabolic process","23/1085","265/28928",0.0867924528301887,2.31403877923659,4.2420799602896,0.000180711899263126,0.00416146415908748,0.00342580106534891,"Hnrnpd/Skic2/Elavl4/Cnot2/Pym1/Lsm7/Syncrip/Zc3h14/Ago1/Arid5a/Tnrc6a/Eif4enif1/Smg6/Samd4/Gtsf1/Taf15/Slc11a1/Gigyf2/Dcp1b/Mov10/Xrn1/Mettl16/Tnrc6c",23
"GO:0031398","positive regulation of protein ubiquitination","14/1085","121/28928",0.115702479338843,3.08483071181018,4.53652196595095,0.000181993211492006,0.0041713864596649,0.00343396930291852,"Mycbp2/Marchf7/Btrc/Ube2v2/Cdc14b/Ube2v1/Rnf111/Hdac3/Mapk8/Sphk1/Skp1/Nmi/Cdk5rap3/Huwe1",14
"GO:0150052","regulation of postsynapse assembly","9/1085","55/28928",0.163636363636364,4.36283200670298,4.92775508534527,0.00019116876956476,0.00435202242829106,0.00358267246846387,"Dock4/Afdn/Nrxn2/Rtn4/Carmil3/Arhgap33/Ube3b/Map1b/Psd",9
"GO:2001233","regulation of apoptotic signaling pathway","33/1085","447/28928",0.0738255033557047,1.96831719914638,4.07288683755459,0.000191648694089882,0.00435202242829106,0.00358267246846387,"Dab2ip/Eya3/Faim/Flcn/Stk3/Syvn1/Zmynd11/Marchf7/Asah2/Skil/Nrg1/Casp2/Birc6/Madd/Pcgf2/Tmc8/Casp8/Becn1/Pmp22/Mapk8/Cep63/Inca1/Nr4a2/Tcf7l2/Htra2/Mapk7/Tmbim1/Kdm6a/Gfral/Camk2b/Meis3/Src/Cttn",33
"GO:0072524","pyridine-containing compound metabolic process","19/1085","200/28928",0.095,2.532866359447,4.29412960552995,0.000204414836468885,0.00461755848436632,0.00380126709502209,"Flcn/Kcnab2/Pfkfb3/Foxk2/Gale/Naprt/Eno4/Hdac4/Prxl2c/Idh1/Nudt13/Txnrd1/Zbtb20/Jmjd8/Cbfa2t3/Ncor1/Rpe/Src/Afmid",19
"GO:1902117","positive regulation of organelle assembly","12/1085","94/28928",0.127659574468085,3.40362780664771,4.60773243769101,0.000205224821527392,0.00461755848436632,0.00380126709502209,"Hsf1/Kctd17/G3bp2/Rab3gap1/Crocc/Cnot2/Becn1/Mapk8/Dzip1/Pip4k2a/Rab3gap2/Src",12
"GO:0031023","microtubule organizing center organization","16/1085","153/28928",0.104575163398693,2.7881569832234,4.37776299148558,0.000214173238931032,0.00479689377605806,0.00394889951713262,"Dctn1/Clasp2/Alms1/Clasp1/Crocc/Cetn4/Fes/Cenatac/Dnm2/Kif15/Mapk8/Cep63/Nin/C2cd3/Arhgef10/Dzip1",16
"GO:0006937","regulation of muscle contraction","17/1085","169/28928",0.100591715976331,2.68195129932103,4.32890875475731,0.000220360206128503,0.00489080005004663,0.00402620505219784,"Dock4/Agrn/Dmpk/Ank2/Dlg1/Dbn1/P2rx4/Cacna1c/Bin1/Hdac4/Cald1/Sphk1/Kcnma1/Myh7b/Tnnt1/Slc8a1/Cttn",17
"GO:0007034","vacuolar transport","17/1085","169/28928",0.100591715976331,2.68195129932103,4.32890875475731,0.000220360206128503,0.00489080005004663,0.00402620505219784,"Ap3d1/Ap3b1/Smurf1/Vps13c/Vps29/Gprasp1/Vps11/Ap3s1/Becn1/Bin1/Vti1a/Vps13d/Scyl2/Slc17a9/Mgrn1/Tpcn2/Kif13a",17
"GO:1990138","neuron projection extension","19/1085","202/28928",0.0940594059405941,2.5077884747,4.24509173027367,0.000232328462831723,0.00513320319905227,0.00422575620399474,"Mapt/Afdn/Rtn4/Unc13a/Map2/Rnf157/Smurf1/Picalm/Clasp2/Dbn1/Arhgap4/Auts2/Dnm2/Ntrk3/Trim46/Spag9/Map1b/Zfyve27/Cttn",19
"GO:0022613","ribonucleoprotein complex biogenesis","33/1085","452/28928",0.0730088495575221,1.94654377880184,4.00386092614179,0.000234669923251182,0.00515473034195034,0.00424347778136628,"Luc7l/Sirt7/Prpf4b/Rsrp1/Lyar/Mettl17/Ythdc1/Tma16/Puf60/Rexo5/Slu7/Nsun5/Mbnl1/Sf3b1/Srsf6/Sbds/Luc7l3/Srpk2/Rbis/Prpf39/Ago1/Eri2/Nop58/Rpl11/Cinp/Celf6/Celf5/Ddx46/Gnl3l/Afg2a/Luc7l2/Tarbp2/Mettl16",33
"GO:0000956","nuclear-transcribed mRNA catabolic process","14/1085","124/28928",0.112903225806452,3.010197710718,4.42824630286963,0.000235783987726473,0.00515473034195034,0.00424347778136628,"Hnrnpd/Skic2/Cnot2/Pym1/Lsm7/Syncrip/Ago1/Tnrc6a/Eif4enif1/Smg6/Samd4/Dcp1b/Xrn1/Tnrc6c",14
"GO:0031333","negative regulation of protein-containing complex assembly","17/1085","170/28928",0.1,2.66617511520737,4.30104828450187,0.000236455520272951,0.00515473034195034,0.00424347778136628,"Sptan1/Hsf1/Map2/Sirt2/Tpm1/Ssh3/Kank3/Trim9/Inpp5j/Pecam1/Carmil2/Tmc8/Hmgb1/Cyrib/Dmtn/Vill/Src",17
"GO:0032365","intracellular lipid transport","8/1085","45/28928",0.177777777777778,4.73986687147977,4.95621117741275,0.000239289822609093,0.00519343619423717,0.00427534121811123,"Gramd1a/Gramd1b/Abca1/Arv1/Serac1/Pip4k2a/Tpcn2/Abcd4",8
"GO:0150116","regulation of cell-substrate junction organization","10/1085","69/28928",0.144927536231884,3.86402190609764,4.70185026973905,0.000240922297589152,0.00520583202499907,0.00428554571552045,"Clasp2/Map4k4/Clasp1/Ptk2/Iqsec1/Slk/Peak1/Limch1/Dmtn/Src",10
"GO:0030865","cortical cytoskeleton organization","9/1085","57/28928",0.157894736842105,4.20975018190638,4.78835454872378,0.000252968614324888,0.00541017530946994,0.00445376522069353,"Plec/Epb41l3/Epb41l1/Racgap1/Fmnl2/Dlg1/Nckap1l/Kcnc3/Fmnl3",9
"GO:0099590","neurotransmitter receptor internalization","9/1085","57/28928",0.157894736842105,4.20975018190638,4.78835454872378,0.000252968614324888,0.00541017530946994,0.00445376522069353,"Sh3glb2/Pick1/Sirt2/Scrib/Synj1/Nrg1/Iqsec1/Hpca/Rab11fip5",9
"GO:0043087","regulation of GTPase activity","20/1085","220/28928",0.0909090909090909,2.42379555927943,4.18471666869304,0.000253688138874227,0.00541017530946994,0.00445376522069353,"Dab2ip/Agrn/Scrib/Vav2/Rab3gap1/Cd40/Map4k4/Arhgap1/Rapgef1/Rapgef6/Rgs7/Dennd1b/Chn1/Ntrk3/Arhgef10/Dock9/Arhgef19/Rab3gap2/Rapgef3/Spry1",20
"GO:0051898","negative regulation of phosphatidylinositol 3-kinase/protein kinase B signal transduction","10/1085","70/28928",0.142857142857143,3.80882159315339,4.64460316539788,0.000271749331118708,0.00574538995317785,0.00472972066320945,"Dab2ip/Rubcn/Flcn/Sirt7/Dlg1/Rapgef1/Obscn/Wdr91/Dag1/Ncor1",10
"GO:0098930","axonal transport","10/1085","70/28928",0.142857142857143,3.80882159315339,4.64460316539788,0.000271749331118708,0.00574538995317785,0.00472972066320945,"Ap3d1/Ap3b1/Mapk8ip3/Map2/Agtpbp1/Ank3/Madd/Ap3s1/Atg16l1/Trim46",10
"GO:0032366","intracellular sterol transport","7/1085","35/28928",0.2,5.33235023041475,5.06255570151832,0.000274200658972649,0.00577233576077615,0.00475190299443904,"Gramd1a/Gramd1b/Abca1/Arv1/Serac1/Pip4k2a/Tpcn2",7
"GO:0007033","vacuole organization","21/1085","239/28928",0.0878661087866109,2.34266432716966,4.11450172609443,0.000286670295599296,0.00600905042698523,0.0049467712726896,"Ap3b1/Flcn/Hps1/Smurf1/Rab3gap1/Atg16l2/Ap5z1/Vps11/Spns1/Abca1/Tom1/Atg16l1/Becn1/Idua/Atg7/Pip4k2a/Rab3gap2/Tpcn2/Atg4c/Tmem39a/Pik3c2a",21
"GO:0032272","negative regulation of protein polymerization","11/1085","84/28928",0.130952380952381,3.49141979372394,4.5140603734688,0.00029824081568018,0.00622498383366503,0.00512453199977232,"Sptan1/Map2/Tpm1/Ssh3/Kank3/Inpp5j/Pecam1/Carmil2/Cyrib/Dmtn/Vill",11
"GO:0000070","mitotic sister chromatid segregation","18/1085","190/28928",0.0947368421052632,2.52585010914383,4.16551743463279,0.000307331884282222,0.00638755462883177,0.00525836355087691,"Snhg15/Racgap1/Prpf4b/Kif23/Eml4/Clasp2/Clasp1/Kif2a/Zfp207/Cep97/Kifc5b/Rab11a/Kif15/Becn1/Arhgef10/Smc2/Tpx2/Anapc5",18
"GO:0061734","type 2 mitophagy","5/1085","17/28928",0.294117647058824,7.8416915153158,5.57012505242747,0.000312133519446321,0.00643283576842102,0.00529563989648866,"Smurf1/Vps13c/Optn/Htra2/Huwe1",5
"GO:1903423","positive regulation of synaptic vesicle recycling","5/1085","17/28928",0.294117647058824,7.8416915153158,5.57012505242747,0.000312133519446321,0.00643283576842102,0.00529563989648866,"Picalm/Snap91/Synj1/Mff/Dnm1",5
"GO:0019722","calcium-mediated signaling","21/1085","241/28928",0.0871369294605809,2.32322312943381,4.07199833123989,0.000320782294913369,0.00658341906506308,0.00541960309750137,"Mapt/Dmpk/Ank2/Alms1/Nrg1/Kiss1r/Homer2/P2rx4/Grin1/Cacna1c/Hpca/Hdac4/Pkd2/Nfat5/Sphk1/Myh7b/Mapk7/Tmbim1/Slc8a1/Oprl1/Tpcn2",21
"GO:0110020","regulation of actomyosin structure organization","13/1085","113/28928",0.115044247787611,3.06728110599078,4.3464831303541,0.00032349570095773,0.0066114433883236,0.00544267328453443,"Ppfia1/Nf2/Clasp2/Tpm1/Alms1/Clasp1/Kank3/Sh3pxd2b/Kiss1r/Pxn/Limch1/Arhgef10/Rapgef3",13
"GO:0014044","Schwann cell development","8/1085","47/28928",0.170212765957447,4.53817040886361,4.79214681507079,0.000326728629391075,0.00661392730155358,0.00544471809190612,"Plec/Sirt2/Nrg1/Pmp22/Ntrk3/Arhgef10/Adam22/Dag1",8
"GO:0046854","phosphatidylinositol phosphate biosynthetic process","8/1085","47/28928",0.170212765957447,4.53817040886361,4.79214681507079,0.000326728629391075,0.00661392730155358,0.00544471809190612,"Ip6k2/Inpp4a/Hycc1/Ip6k1/Hycc2/Becn1/Pip4k2a/Pik3c2a",8
"GO:0099175","regulation of postsynapse organization","18/1085","191/28928",0.0942408376963351,2.51262576302266,4.14034009051443,0.000327662453471462,0.00661392730155358,0.00544471809190612,"Cask/Dock4/Afdn/Nrxn2/Zmynd8/Rtn4/Mark2/Dbn1/Carmil3/Grin1/Arhgap33/Ube3b/Shank2/Shank3/Stau2/Map1b/Psd/Camk2b",18
"GO:0033059","cellular pigmentation","9/1085","59/28928",0.152542372881356,4.06704678590955,4.65520799099972,0.000330469701940389,0.00664325363941642,0.00546886012356916,"Ap3d1/Ap3b1/Dctn1/Hps1/Hps3/Ap3s1/Rab11a/Hps5/Kif13a",9
"GO:0007029","endoplasmic reticulum organization","12/1085","99/28928",0.121212121212121,3.23172741237257,4.39088951446023,0.000334839523911154,0.00667637343408215,0.005496125005234,"Tor1aip2/Rtn4/Rab3gap1/Emc8/Rnf112/Smpd4/Sec31b/Tor1b/Dmtn/Rab3gap2/Tmem147/Zfyve27",12
"GO:0061157","mRNA destabilization","12/1085","99/28928",0.121212121212121,3.23172741237257,4.39088951446023,0.000334839523911154,0.00667637343408215,0.005496125005234,"Hnrnpd/Cnot2/Syncrip/Tnrc6a/Eif4enif1/Samd4/Gtsf1/Gigyf2/Dcp1b/Mov10/Mettl16/Tnrc6c",12
"GO:0090659","walking behavior","9/1085","60/28928",0.15,3.99926267281106,4.59082071503068,0.000376008617822175,0.00746689178306789,0.00614689562312322,"Mapt/Agtpbp1/Cacna1c/Pmp22/Idua/Atg7/Oxr1/Kcnma1/Htra2",9
"GO:2001236","regulation of extrinsic apoptotic signaling pathway","17/1085","177/28928",0.096045197740113,2.56073316149861,4.11147228562889,0.000380564775953727,0.00752689607279448,0.00619629236230261,"Eya3/Faim/Stk3/Zmynd11/Skil/Nrg1/Birc6/Madd/Tmc8/Casp8/Tcf7l2/Htra2/Mapk7/Tmbim1/Gfral/Src/Cttn",17
"GO:0061013","regulation of mRNA catabolic process","18/1085","194/28928",0.0927835051546392,2.47377072545014,4.06575589177064,0.000395819640602005,0.00779717002872625,0.00641878732339587,"Hnrnpd/Elavl4/Cnot2/Syncrip/Zc3h14/Ago1/Arid5a/Tnrc6a/Eif4enif1/Samd4/Gtsf1/Taf15/Slc11a1/Gigyf2/Dcp1b/Mov10/Mettl16/Tnrc6c",18
"GO:0098876","vesicle-mediated transport to the plasma membrane","16/1085","162/28928",0.0987654320987654,2.63325937304432,4.11511031178791,0.000409665541926276,0.00803763793259354,0.00661674534243872,"Epb41l1/Scrib/Exoc1/Atp2c1/Arhgap1/Vps29/Vps26a/Optn/Ank3/Zdhhc2/Rab11a/Dnm2/Dennd1b/Bltp1/Vti1a/Kif13a",16
"GO:0046580","negative regulation of Ras protein signal transduction","6/1085","27/28928",0.222222222222222,5.92483358934972,5.05388738649284,0.000412900165473275,0.0080688259428144,0.00664241994026204,"Dab2ip/Rasa2/Rapgef1/Rasa4/Mapkap1/Spry1",6
"GO:0051896","regulation of phosphatidylinositol 3-kinase/protein kinase B signal transduction","24/1085","299/28928",0.0802675585284281,2.14007367106946,3.91177596775682,0.000421951937104343,0.00821299306149524,0.00676110121442046,"Dab2ip/Rubcn/Rtn4/Flcn/Sirt7/Stk3/Vav2/Dlg1/Rapgef1/Nrg1/Ptk2/Lime1/P2rx4/Ntrk3/Obscn/Wdr91/Tyro3/Tcf7l2/Gfral/Dag1/Rapgef3/Meis3/Ncor1/Src",24
"GO:0032507","maintenance of protein location in cell","10/1085","74/28928",0.135135135135135,3.60293934487483,4.42573542080791,0.000430037103129834,0.00833728059625232,0.00686341721492009,"Ciz1/Sun1/Vps13c/Ank3/Dbn1/Hdac3/Tnrc6a/Dzip1/Skp1/Vps13d",10
"GO:0140014","mitotic nuclear division","23/1085","282/28928",0.0815602836879433,2.17453998758048,3.91263126188998,0.000440642239443302,0.00846365674592391,0.00696745260526082,"Snhg15/Racgap1/Prpf4b/Kif23/Eml4/Clasp2/Clasp1/Kif2a/Tom1l2/Cdc14b/Zfp207/Nfia/Cep97/Kifc5b/Rab11a/Kif15/Becn1/Ppp2r2d/Arhgef10/Sphk1/Smc2/Tpx2/Anapc5",23
"GO:0043954","cellular component maintenance","12/1085","102/28928",0.117647058823529,3.13667660612632,4.26732031259451,0.000441732135974826,0.00846365674592391,0.00696745260526082,"Epb41l3/Afdn/Zmynd8/Mtss1/Pick1/Dlg1/Erc1/Cadm1/Grin1/Shank3/Plekha7/Cttn",12
"GO:0097120","receptor localization to synapse","12/1085","102/28928",0.117647058823529,3.13667660612632,4.26732031259451,0.000441732135974826,0.00846365674592391,0.00696745260526082,"Nbea/Epb41l1/Tnik/Scrib/Dlg1/Dbn1/Dlg3/Zdhhc2/Rab11a/Nrxn3/Adam22/Dag1",12
"GO:0048675","axon extension","14/1085","132/28928",0.106060606060606,2.827761485826,4.15478885598275,0.000450436581836435,0.00859685382843468,0.00707710312481902,"Mapt/Rtn4/Map2/Smurf1/Clasp2/Dbn1/Arhgap4/Auts2/Dnm2/Ntrk3/Trim46/Map1b/Zfyve27/Cttn",14
"GO:0032386","regulation of intracellular transport","24/1085","301/28928",0.079734219269103,2.12585391245771,3.87601923288731,0.000464416077385554,0.00882930565727187,0.00726846214953482,"Ergic3/Mapt/Dctn1/Thoc5/Sirt7/Nf2/Prpf4b/Asph/Map2/Akap1/Arhgap1/Vps11/Dbn1/Zdhhc2/Rab11a/Fermt1/Hdac3/Mapk8/Arfip1/Trim46/Arv1/Map1b/Rapgef3/Src",24
"GO:0030010","establishment of cell polarity","17/1085","181/28928",0.0939226519337017,2.50414237339919,4.00719541843728,0.000492967000142263,0.00933591944284865,0.00768551681587369,"Dctn1/Map4/Kcnq2/Map2/Clasp2/Scrib/Myo18a/Clasp1/Brsk2/Mark2/Sipa1/Fat1/Fermt1/Hdac3/Map1b/Cyrib/Spry1",17
"GO:0006605","protein targeting","24/1085","303/28928",0.0792079207920792,2.11182187343158,3.84054036181174,0.000510575404971207,0.00963220138993758,0.00792942207882409,"Ap3d1/Ap3b1/C2cd5/Nbea/Pick1/Erbin/Smurf1/Zdhhc20/Agk/Vps13c/Ank3/Zdhhc23/Zdhhc2/Timm21/Becn1/Hpca/Rpl11/Mff/Spcs2/Mtch1/Vps13d/Dmtn/Spcs1/Sec61a2",24
"GO:0007269","neurotransmitter secretion","17/1085","182/28928",0.0934065934065934,2.49038334936952,3.98156240035011,0.000525165978766718,0.00976687585109396,0.00804028880622274,"Cask/Nrxn2/Unc13a/Ppfia3/Snap91/Pnkd/Scrib/Synj1/Rab3gap1/Kcnc3/Erc1/Trim9/Snap25/Doc2g/Nrxn3/Sphk1/Git2",17
"GO:0099643","signal release from synapse","17/1085","182/28928",0.0934065934065934,2.49038334936952,3.98156240035011,0.000525165978766718,0.00976687585109396,0.00804028880622274,"Cask/Nrxn2/Unc13a/Ppfia3/Snap91/Pnkd/Scrib/Synj1/Rab3gap1/Kcnc3/Erc1/Trim9/Snap25/Doc2g/Nrxn3/Sphk1/Git2",17
"GO:0099612","protein localization to axon","4/1085","11/28928",0.363636363636364,9.69518223711772,5.69386238966907,0.000525678944890684,0.00976687585109396,0.00804028880622274,"Epb41l3/Cope/Ank3/Trim46",4
"GO:0110011","regulation of basement membrane organization","4/1085","11/28928",0.363636363636364,9.69518223711772,5.69386238966907,0.000525678944890684,0.00976687585109396,0.00804028880622274,"Clasp2/Phldb1/Clasp1/Dag1",4
"GO:0070936","protein K48-linked ubiquitination","12/1085","104/28928",0.115384615384615,3.07635590216235,4.18745251264033,0.000527917911020894,0.00977146171153768,0.00804406397885263,"Ubr4/Syvn1/Mycbp2/Btrc/Anapc10/Ube2h/Anapc1/Trim65/Rnf146/Skp1/Nmi/Anapc5",12
"GO:0060560","developmental growth involved in morphogenesis","23/1085","286/28928",0.0804195804195804,2.14412684090103,3.83852235046219,0.000536198735795944,0.00988742405668837,0.00813952651568358,"Mapt/Afdn/Ist1/Rtn4/Unc13a/Map2/Rnf157/Smurf1/Picalm/Clasp2/Cadm1/Dbn1/Arhgap4/Auts2/Dnm2/Ntrk3/Nin/Trim46/Spag9/Map1b/Spry1/Zfyve27/Cttn",23
"GO:0120032","regulation of plasma membrane bounded cell projection assembly","19/1085","216/28928",0.087962962962963,2.3452466291176,3.91746945207601,0.000539009223857074,0.00990202338209345,0.00815154497423906,"Agrn/Zmynd8/Kctd17/Marchf7/Crocc/Odf2l/Dbn1/Cep97/Auts2/Rab11a/Dnm2/Carmil2/Limk2/Hdac4/Ift46/Dzip1/Stau2/Rabep2/Dmtn",19
"GO:0032438","melanosome organization","7/1085","39/28928",0.179487179487179,4.78544251447477,4.66972448313108,0.000550480459943877,0.0100100176419764,0.00824044802288137,"Ap3d1/Ap3b1/Hps1/Hps3/Ap3s1/Hps5/Kif13a",7
"GO:0099149","regulation of postsynaptic neurotransmitter receptor internalization","7/1085","39/28928",0.179487179487179,4.78544251447477,4.66972448313108,0.000550480459943877,0.0100100176419764,0.00824044802288137,"Pick1/Sirt2/Scrib/Synj1/Nrg1/Iqsec1/Hpca",7
"GO:0010470","regulation of gastrulation","5/1085","19/28928",0.263157894736842,7.0162503031773,5.17838952706188,0.000551010145429893,0.0100100176419764,0.00824044802288137,"Clasp2/Phldb1/Clasp1/Tenm4/Dag1",5
"GO:0061014","positive regulation of mRNA catabolic process","12/1085","105/28928",0.114285714285714,3.04705727452271,4.14823742935497,0.00057605304937615,0.0104154899304642,0.00857424097285493,"Hnrnpd/Cnot2/Syncrip/Tnrc6a/Eif4enif1/Samd4/Gtsf1/Gigyf2/Dcp1b/Mov10/Mettl16/Tnrc6c",12
"GO:0006644","phospholipid metabolic process","27/1085","361/28928",0.074792243767313,1.99409219142934,3.75194530915692,0.000578043299901617,0.0104154899304642,0.00857424097285493,"Tafazzin/Pla2g2e/Plcb4/Ip6k2/Ddhd1/Inpp4a/Synj1/Hycc1/Ip6k1/Pcyt2/Hycc2/Inpp5j/Chkb/Pla2g6/Becn1/Smpd4/Sgms1/Serac1/Pla2g4b/Idh1/Pip4k2a/Mboat2/Pgap2/Mtmr12/Pik3c2a/Pigq/Plch2",27
"GO:0047496","vesicle transport along microtubule","8/1085","51/28928",0.156862745098039,4.1822354748351,4.4900369777581,0.000579700051175685,0.0104154899304642,0.00857424097285493,"Ap3d1/Ap3b1/Bicdl1/Map2/Madd/Ap3s1/Trim46/Kif13a",8
"GO:0021700","developmental maturation","30/1085","418/28928",0.0717703349282297,1.91352280995744,3.71379118663924,0.000584127175869321,0.0104567291884636,0.00860818996017946,"Ap3d1/Dab2ip/Kcnq2/Unc13a/Sirt2/Zdhhc20/Picalm/Adgrl1/Cbfb/Ank3/Pcsk4/Nfia/Grin1/Rfx3/Fermt1/Atp6v1f/Pmp22/Actl6b/Srrm4/Clcn3/Thbs3/Nr4a2/Kcnma1/Map1b/Bap1/Catsper2/Dleu2/Dag1/Camk2b/Pparg",30
"GO:0043491","phosphatidylinositol 3-kinase/protein kinase B signal transduction","26/1085","343/28928",0.075801749271137,2.02100737595894,3.7550471491449,0.000593642781466431,0.0105884285203376,0.00871660750126403,"Dab2ip/Rubcn/Rtn4/Flcn/Sirt7/Stk3/Vav2/Dlg1/Cd40/Rapgef1/Nrg1/Ptk2/Lime1/P2rx4/Ntrk3/Obscn/Wdr91/Tyro3/Tcf7l2/Gfral/Dag1/Pik3c2a/Rapgef3/Meis3/Ncor1/Src",26
"GO:0031345","negative regulation of cell projection organization","19/1085","218/28928",0.0871559633027523,2.32373060499725,3.87275313096218,0.000603439000822226,0.0107241605037428,0.00882834480226568,"Dync1i2/Rtn4/Map2/Marchf7/Map4k4/Odf2l/Ptk2/Dguok/Inpp5j/Il15ra/Arhgap4/Cep97/Dnm2/Mbp/Pmp22/Limk2/Trim46/Dleu2/Rap1gap2",19
"GO:0006417","regulation of translation","28/1085","381/28928",0.073490813648294,1.95939378545424,3.7212402046799,0.000607954519826505,0.0107654040424152,0.0088622973135264,"Hnrnpd/Eif4g1/Tia1/Zfp598/Scrib/Rps6kb2/Paip2/Elavl4/Alkbh1/Nsun5/Pstk/Cnot2/Cpeb4/Pym1/Ptcd3/Nhlrc3/Pus7/Syncrip/Ago1/Tnrc6a/Eif4enif1/Guf1/Samd4/Gigyf2/Eif4g3/Tarbp2/Xrn1/Tnrc6c",28
"GO:0051893","regulation of focal adhesion assembly","9/1085","64/28928",0.140625,3.74930875576037,4.34654116855895,0.000612927211790021,0.0107756558201794,0.0088707367833485,"Clasp2/Map4k4/Clasp1/Ptk2/Slk/Peak1/Limch1/Dmtn/Src",9
"GO:0090109","regulation of cell-substrate junction assembly","9/1085","64/28928",0.140625,3.74930875576037,4.34654116855895,0.000612927211790021,0.0107756558201794,0.0088707367833485,"Clasp2/Map4k4/Clasp1/Ptk2/Slk/Peak1/Limch1/Dmtn/Src",9
"GO:0006301","postreplication repair","6/1085","29/28928",0.206896551724138,5.51622437629112,4.80332148877022,0.000621520479976335,0.0108877069795854,0.00896297955334293,"Primpol/Polh/Rev1/Ube2v2/Ube2v1/Rad18",6
"GO:0000422","autophagy of mitochondrion","12/1085","106/28928",0.113207547169811,3.01831145117816,4.10948702096178,0.000627819391187473,0.0109305474522294,0.00899824669279511,"Tafazzin/Smurf1/Vps13c/Optn/Becn1/Arhgap26/Atg7/Htra2/Vps13d/Huwe1/Atg4c/Cttn",12
"GO:0019364","pyridine nucleotide catabolic process","13/1085","121/28928",0.107438016528926,2.8644856609666,4.05705849796866,0.000628422911626645,0.0109305474522294,0.00899824669279511,"Flcn/Pfkfb3/Foxk2/Gale/Eno4/Hdac4/Prxl2c/Nudt13/Zbtb20/Jmjd8/Cbfa2t3/Ncor1/Src",13
"GO:0048753","pigment granule organization","7/1085","40/28928",0.175,4.6658064516129,4.57982983927809,0.000645874572033052,0.0111943985011382,0.00921545418753501,"Ap3d1/Ap3b1/Hps1/Hps3/Ap3s1/Hps5/Kif13a",7
"GO:0017148","negative regulation of translation","15/1085","153/28928",0.0980392156862745,2.61389717177193,3.95114040709688,0.000662350729125293,0.0114081988190232,0.00939145891298308,"Eif4g1/Tia1/Zfp598/Scrib/Paip2/Cpeb4/Nhlrc3/Pus7/Syncrip/Ago1/Tnrc6a/Eif4enif1/Samd4/Gigyf2/Xrn1",15
"GO:0000288","nuclear-transcribed mRNA catabolic process, deadenylation-dependent decay","8/1085","52/28928",0.153846153846154,4.10180786954981,4.41933172514746,0.000662861705080858,0.0114081988190232,0.00939145891298308,"Hnrnpd/Cnot2/Syncrip/Tnrc6a/Eif4enif1/Samd4/Dcp1b/Tnrc6c",8
"GO:0099518","vesicle cytoskeletal trafficking","9/1085","65/28928",0.138461538461538,3.69162708259482,4.28853922074717,0.000688100231009722,0.0118011595563031,0.00971495210214683,"Ap3d1/Ap3b1/Bicdl1/Map2/Myo19/Madd/Ap3s1/Trim46/Kif13a",9
"GO:1901201","regulation of extracellular matrix assembly","5/1085","20/28928",0.25,6.66543778801843,5.00320160176103,0.000712116052276723,0.0121704851443112,0.0100189883606584,"Clasp2/Phldb1/Clasp1/Dag1/Pparg",5
"GO:0050764","regulation of phagocytosis","13/1085","123/28928",0.105691056910569,2.81790865834926,3.98840477233095,0.000734424434790632,0.0125081661550279,0.0102969741661435,"Lyar/Myo18a/Nckap1l/Rapgef1/Ptk2/Il15ra/Dnm2/Hmgb1/Atg7/Sphk1/Ager/Slc11a1/Pparg",13
"GO:0014832","urinary bladder smooth muscle contraction","4/1085","12/28928",0.333333333333333,8.88725038402458,5.39455587931778,0.000765153954147654,0.0128971826291898,0.0106172203585111,"Cacna1c/Pla2g6/Kcnma1/P2rx3",4
"GO:0034454","microtubule anchoring at centrosome","4/1085","12/28928",0.333333333333333,8.88725038402458,5.39455587931778,0.000765153954147654,0.0128971826291898,0.0106172203585111,"Dctn1/Ccdc120/Nin/Map1s",4
"GO:0070831","basement membrane assembly","4/1085","12/28928",0.333333333333333,8.88725038402458,5.39455587931778,0.000765153954147654,0.0128971826291898,0.0106172203585111,"Clasp2/Phldb1/Clasp1/Dag1",4
"GO:0006611","protein export from nucleus","9/1085","66/28928",0.136363636363636,3.63569333891915,4.23167386047842,0.000770628110464914,0.0129139900585299,0.0106310565726747,"Sirt7/Prpf4b/Smurf1/Strada/Hdac3/Ankle1/Ranbp3/Rapgef3/Xpo6",9
"GO:0006302","double-strand break repair","24/1085","312/28928",0.0769230769230769,2.0509039347749,3.68421023522946,0.000771515277274512,0.0129139900585299,0.0106310565726747,"Trrap/Eya3/Zmynd8/Paxx/Hsf1/Kmt5b/Ep400/Helq/Slx1b/Ap5z1/Ube2v2/Smarca2/Hmces/Rad52/Recql4/Actl6b/Rad54b/Hdgfl2/Pot1a/Ankle1/Dclre1c/Mcm7/Rad51ap1/Hpf1",24
"GO:0051651","maintenance of location in cell","20/1085","240/28928",0.0833333333333333,2.22181259600614,3.75205016281291,0.000774049557025036,0.0129139900585299,0.0106310565726747,"Ciz1/Plcb4/Asph/Ank2/Sun1/Vps13c/Arhgap21/Lime1/Ank3/Dbn1/Cacna1c/Hdac3/Pkd2/Tnrc6a/Dzip1/Skp1/Vps13d/Slc8a1/Tpcn2/Plch2",20
"GO:0106027","neuron projection organization","13/1085","124/28928",0.104838709677419,2.79518358852386,3.95459364343501,0.000792823766428779,0.013182374828248,0.0108519963176478,"Cask/Dctn1/Afdn/Zmynd8/Pick1/Dbn1/Dip2a/Grin1/Arhgap33/Shank3/Stau2/Camk2b/Cttn",13
"GO:0007612","learning","18/1085","206/28928",0.087378640776699,2.32966757639479,3.78074949802606,0.000805651655302376,0.0133504100312775,0.0109903262793027,"Nrxn2/Kcnq2/Vdac3/Synj1/Elavl4/Deaf1/Snap25/Grin1/Ric8a/Cacna1c/Idua/Shank2/Shank3/Nrxn3/Oprl1/Pianp/Chrd/Rapgef3",18
"GO:0006909","phagocytosis","20/1085","241/28928",0.0829875518672199,2.21259345660363,3.73155397750277,0.0008150692187546,0.0134609916430684,0.0110813592881185,"Lyar/Myo18a/Nckap1l/Rapgef1/Ptk2/Il15ra/Abca1/Pecam1/Dnm2/Hmgb1/Becn1/Clcn3/Atg7/Bltp1/Sphk1/Tyro3/Arhgap12/Ager/Slc11a1/Pparg",20
"GO:0072526","pyridine-containing compound catabolic process","13/1085","125/28928",0.104,2.77282211981567,3.921117525285,0.000855073848528809,0.0140742859967577,0.0115862355455899,"Flcn/Pfkfb3/Foxk2/Gale/Eno4/Hdac4/Prxl2c/Nudt13/Zbtb20/Jmjd8/Cbfa2t3/Ncor1/Src",13
"GO:0014037","Schwann cell differentiation","8/1085","54/28928",0.148148148148148,3.94988905956648,4.28309433896517,0.000857991555357334,0.0140750788596245,0.011586888246262,"Plec/Sirt2/Nrg1/Pmp22/Ntrk3/Arhgef10/Adam22/Dag1",8
"GO:0007528","neuromuscular junction development","9/1085","67/28928",0.134328358208955,3.58142925923379,4.17590389709379,0.000861038062139684,0.0140779723159838,0.0115892701977819,"Dctn1/Agrn/Unc13a/Mycbp2/Sorbs1/Ank3/Ppfibp2/Pmp22/Col4a1",9
"GO:0001667","ameboidal-type cell migration","22/1085","278/28928",0.079136690647482,2.10992275304181,3.6708056575156,0.000866203974392838,0.0141153837023152,0.0116200680040949,"Plec/Dab2ip/Rtn4/Clasp2/Scrib/Map4k4/Clasp1/Sash1/Ptk2/Iqsec1/Sema4a/Arhgap4/Rab11a/Fermt1/Ric8a/Ptprr/Pmp22/Arhgap5/Slc8a1/Ager/Dmtn/Src",22
"GO:0018205","peptidyl-lysine modification","14/1085","141/28928",0.099290780141844,2.64726607183711,3.87064783175455,0.000872239019232242,0.0141666635408415,0.0116622825994245,"Sirt7/Sirt2/Gnl3/Esco1/Uspl1/Eef1akmt2/Setd4/Setd6/P3h3/Dip2a/Hdac9/Hdac4/Gnl3l/Etfbkmt",14
"GO:0043470","regulation of carbohydrate catabolic process","10/1085","81/28928",0.123456790123457,3.2915742163054,4.07694321495147,0.000888482751064683,0.0143828643365421,0.0118402634465316,"Flcn/Hmgb1/Phkg2/Hdac4/Prxl2c/Zbtb20/Jmjd8/Cbfa2t3/Ncor1/Src",10
"GO:1902018","negative regulation of cilium assembly","5/1085","21/28928",0.238095238095238,6.34803598858898,4.83961718766126,0.000905974810048518,0.0145994046453235,0.0120185237876412,"Marchf7/Odf2l/Cep97/Dnm2/Limk2",5
"GO:1904951","positive regulation of establishment of protein localization","27/1085","372/28928",0.0725806451612903,1.93512709974729,3.58345520065667,0.000907812113521647,0.0145994046453235,0.0120185237876412,"Ergic3/C2cd5/Cask/Dctn1/Stim1/Gnas/Prpf4b/Asph/Myo18a/Atp2c1/Ank3/Snap25/Zdhhc2/Apbb3/Gipr/Zfp384/Or51e2/Cacna1c/Pla2g6/Hpca/Hdac3/Atg7/Mff/Tcf7l2/Rapgef3/Pparg/Src",27
"GO:0043547","positive regulation of GTPase activity","15/1085","158/28928",0.0949367088607595,2.53117890684244,3.80972040011796,0.000924008796653891,0.0148113174757756,0.0121929746954397,"Agrn/Scrib/Rab3gap1/Cd40/Map4k4/Rapgef1/Rapgef6/Rgs7/Dennd1b/Chn1/Ntrk3/Arhgef10/Dock9/Arhgef19/Rapgef3",15
"GO:0030837","negative regulation of actin filament polymerization","9/1085","68/28928",0.132352941176471,3.52876118189211,4.12119023726386,0.000959879272398792,0.0151877671971486,0.0125028756839449,"Sptan1/Tpm1/Ssh3/Kank3/Pecam1/Carmil2/Cyrib/Dmtn/Vill",9
"GO:0032233","positive regulation of actin filament bundle assembly","9/1085","68/28928",0.132352941176471,3.52876118189211,4.12119023726386,0.000959879272398792,0.0151877671971486,0.0125028756839449,"Nf2/Mtss1/Tpm1/Sh3pxd2b/Kiss1r/Pxn/Limch1/Arhgef10/Rapgef3",9
"GO:0051058","negative regulation of small GTPase mediated signal transduction","9/1085","68/28928",0.132352941176471,3.52876118189211,4.12119023726386,0.000959879272398792,0.0151877671971486,0.0125028756839449,"Dab2ip/Flcn/Rasa2/Rapgef1/Rasa4/Mapkap1/Cyrib/Arhgap12/Spry1",9
"GO:0060999","positive regulation of dendritic spine development","9/1085","68/28928",0.132352941176471,3.52876118189211,4.12119023726386,0.000959879272398792,0.0151877671971486,0.0125028756839449,"Cask/Afdn/Zmynd8/Dbn1/Shank3/Stau2/D16Ertd472e/Dlg5/Camk2b",9
"GO:0007611","learning or memory","26/1085","356/28928",0.0730337078651685,1.94720654481437,3.54983299392723,0.00102297078898177,0.0161339926686674,0.013281827539462,"Mapt/Nrxn2/Kcnq2/Vdac3/Picalm/Synj1/Paip2/Elavl4/Nrg1/Deaf1/Snap25/Grin1/Ric8a/Cacna1c/Pla2g6/Idua/Shank2/Shank3/Nrxn3/Nr4a2/Oprl1/Ager/Pianp/Chrd/Rapgef3/Src",26
"GO:0097061","dendritic spine organization","12/1085","112/28928",0.107142857142857,2.85661619486504,3.88617945244389,0.00102715477683526,0.0161480582704389,0.0132934066259786,"Cask/Afdn/Zmynd8/Pick1/Dbn1/Dip2a/Grin1/Arhgap33/Shank3/Stau2/Camk2b/Cttn",12
"GO:0030307","positive regulation of cell growth","18/1085","211/28928",0.0853080568720379,2.27446218358923,3.66781312416451,0.00106197442809353,0.0166421232261941,0.0137001308430025,"Mapt/Afdn/Eif4g1/Ist1/Unc13a/Rnf157/Smurf1/Picalm/Nrg1/Ptk2/Dbn1/Mapkap1/Ntrk3/Hdgfl2/Sphk1/Map1b/Cep43/Zfyve27",18
"GO:0009415","response to water","4/1085","13/28928",0.307692307692308,8.20361573909961,5.12824977112659,0.00107251720783271,0.016700625093395,0.0137482907577151,"Plec/Sipa1/Pkd2/Nfat5",4
"GO:1900244","positive regulation of synaptic vesicle endocytosis","4/1085","13/28928",0.307692307692308,8.20361573909961,5.12824977112659,0.00107251720783271,0.016700625093395,0.0137482907577151,"Picalm/Snap91/Mff/Dnm1",4
"GO:0060402","calcium ion transport into cytosol","6/1085","32/28928",0.1875,4.99907834101383,4.46811754689227,0.00107734010486392,0.016722636754296,0.0137664112000599,"Asph/P2rx4/Grin1/Cacna1c/Cacna1g/Slc8a1",6
"GO:0045859","regulation of protein kinase activity","33/1085","494/28928",0.0668016194331984,1.78104815388347,3.4564546116536,0.00109554053898819,0.0169515026616311,0.0139548182220112,"Plec/Mapk8ip3/Dab2ip/Agrn/Nf2/Ip6k2/Dlg1/Cd40/Mnat1/Sash1/Nrg1/Ptk2/Lime1/Pxn/Strada/Wdr59/Pmp22/Ntrk3/Inca1/Adarb1/Ccnyl1/Tpx2/Dusp19/Cdk5rap3/Slc8a1/Ager/Cdk12/Slc11a1/Cep43/Ksr1/Pparg/Spry1/Src",33
"GO:0006096","glycolytic process","12/1085","113/28928",0.106194690265487,2.83133640552995,3.85040658939527,0.00111075783535536,0.0171329156679813,0.0141041610606527,"Flcn/Pfkfb3/Foxk2/Gale/Eno4/Hdac4/Prxl2c/Zbtb20/Jmjd8/Cbfa2t3/Ncor1/Src",12
"GO:0008654","phospholipid biosynthetic process","18/1085","212/28928",0.0849056603773585,2.26373358838362,3.64560859891221,0.00112081730169815,0.017233883588807,0.014187279885544,"Tafazzin/Ip6k2/Inpp4a/Hycc1/Ip6k1/Pcyt2/Hycc2/Chkb/Pla2g6/Becn1/Sgms1/Serac1/Idh1/Pip4k2a/Mboat2/Pgap2/Pik3c2a/Pigq",18
"GO:0071786","endoplasmic reticulum tubular network organization","5/1085","22/28928",0.227272727272727,6.05948889819858,4.68632648680375,0.00113650041183198,0.0174204203751121,0.0143408407229852,"Rtn4/Rab3gap1/Dmtn/Rab3gap2/Zfyve27",5
"GO:0034504","protein localization to nucleus","25/1085","340/28928",0.0735294117647059,1.96042287882895,3.51656477979692,0.00115150302927847,0.0175953967557972,0.0144848848018108,"Tor1aip2/Ciz1/Kcnq2/Nf2/Stk3/Dclk2/Akap1/Sun1/Fam53a/Fermt1/Banp/Hdac3/Limk2/Rpl11/Eif4enif1/Nup35/Tcf7l2/Skp1/Tor1b/Otud7b/Cdk5rap3/Tmem147/Fam53c/Dcp1b/Src",25
"GO:0097484","dendrite extension","7/1085","44/28928",0.159090909090909,4.241642228739,4.24787085303652,0.00116568941090469,0.0177568526723214,0.0146177985623745,"Afdn/Unc13a/Rnf157/Smurf1/Picalm/Auts2/Spag9",7
"GO:0051965","positive regulation of synapse assembly","10/1085","84/28928",0.119047619047619,3.17401799429449,3.93897829019989,0.00118083453300316,0.0178919553456931,0.0147290178026887,"Agrn/Adgrl2/Adgrl1/Ube2v2/Iqsec1/Sema4a/Adgre5/Ntrk3/Stau2/Dlg5",10
"GO:0051402","neuron apoptotic process","28/1085","398/28928",0.0703517587939698,1.87570108607554,3.47260264526624,0.00118185393109165,0.0178919553456931,0.0147290178026887,"Agrn/Kcnq2/Max/Alkbh1/Cpeb4/Casp2/Optn/Ube2v2/Srpk2/Nsmf/Grin1/Casp8/Hdac3/Mapk8/Hdac4/Adarb1/Atg7/Oxr1/Nr4a2/Casp7/Kcnma1/Tyro3/Nrbp2/Htra2/Tmbim1/Ager/Gfral/Nes",28
"GO:0006310","DNA recombination","25/1085","341/28928",0.0733137829912024,1.95467383812857,3.50071272473341,0.00119955801337503,0.0181040986326293,0.014903658426904,"Trrap/Zmynd8/Kmt5b/Ep400/Helq/Cd40/Ubr2/Slx1b/Tep1/Ap5z1/Hmces/Rad52/Hmgb1/Recql4/Cep63/Rad54b/Hdgfl2/Msh5/Ankle1/Dclre1c/Mcm7/Rad51ap1/1700028K03Rik/Pms2/Rad18",25
"GO:0008306","associative learning","13/1085","130/28928",0.1,2.66617511520737,3.75854461256506,0.00123121421697692,0.0185248642155576,0.0152500411247125,"Elavl4/Deaf1/Snap25/Grin1/Ric8a/Cacna1c/Idua/Shank2/Shank3/Oprl1/Pianp/Chrd/Rapgef3",13
"GO:0006898","receptor-mediated endocytosis","22/1085","286/28928",0.0769230769230769,2.0509039347749,3.52576139079588,0.00125131196889818,0.0187696795334727,0.0154515780225122,"Sh3glb2/Pick1/Sirt2/Picalm/Snap91/Scrib/Synj1/Tnk2/Aak1/Nrg1/Iqsec1/Dnm2/Fchsd2/Slc9b2/Hpca/Sgip1/Tfr2/Scyl2/Dnm1/Tpcn2/Rab11fip5/Cttn",22
"GO:0031116","positive regulation of microtubule polymerization","6/1085","33/28928",0.181818181818182,4.84759111855886,4.36559142079676,0.00127542452759427,0.0189146907307115,0.0155709541591307,"Mapt/Dctn1/Fes/Mapk8/Map1b/Clip1",6
"GO:1902914","regulation of protein polyubiquitination","6/1085","33/28928",0.181818181818182,4.84759111855886,4.36559142079676,0.00127542452759427,0.0189146907307115,0.0155709541591307,"Marchf7/Sash1/Ube2v2/Ube2v1/Cep63/Nmi",6
"GO:1903859","regulation of dendrite extension","6/1085","33/28928",0.181818181818182,4.84759111855886,4.36559142079676,0.00127542452759427,0.0189146907307115,0.0155709541591307,"Afdn/Unc13a/Rnf157/Smurf1/Picalm/Spag9",6
"GO:0097191","extrinsic apoptotic signaling pathway","20/1085","250/28928",0.08,2.1329400921659,3.55149390009552,0.00127640420629266,0.0189146907307115,0.0155709541591307,"Dedd/Dab2ip/Eya3/Faim/Stk3/Zmynd11/Skil/Nrg1/Casp2/Birc6/Madd/Tmc8/Casp8/Tcf7l2/Htra2/Mapk7/Tmbim1/Gfral/Src/Cttn",20
"GO:0010507","negative regulation of autophagy","10/1085","85/28928",0.117647058823529,3.13667660612632,3.89436448639401,0.00129412785772161,0.0191195697051942,0.0157396146551049,"Rubcn/Eif4g1/Sirt2/Vps13c/Ptk2/Foxk2/Becn1/Nrbp2/Htra2/Tmem39a",10
"GO:0031400","negative regulation of protein modification process","29/1085","420/28928",0.0690476190476191,1.84093043669081,3.42696678352717,0.00129845161328938,0.0191258413308841,0.0157447775836196,"Mapt/Plec/Dab2ip/Eif4g1/Flcn/Sirt7/Nf2/Sirt2/Marchf7/Mical1/Inpp5j/Cadm1/Pecam1/Ntrk3/Cep63/Inca1/Adarb1/Rpl11/Oxr1/Spag9/Gnl3l/Dusp19/Cdk5rap3/Slc8a1/Ager/Dmtn/Cep43/Pparg/Spry1",29
"GO:0021782","glial cell development","14/1085","147/28928",0.0952380952380952,2.53921439543559,3.69328989051115,0.00130833886402636,0.0192137788264948,0.0158171695001737,"Plec/Pick1/Sirt2/Tenm4/Nsun5/Nrg1/Pmp22/Ntrk3/Plp1/Arhgef10/Adam22/Tcf7l2/Ager/Dag1",14
"GO:0050890","cognition","28/1085","401/28928",0.0698254364089776,1.86166840962111,3.42999004544684,0.00132135531420019,0.0193071766026098,0.0158940564295533,"Mapt/Nrxn2/Kcnq2/Vdac3/Gnas/Picalm/Synj1/Paip2/Elavl4/Nsun5/Nrg1/Deaf1/Snap25/Grin1/Ric8a/Cacna1c/Pla2g6/Idua/Shank2/Shank3/Nrxn3/Nr4a2/Oprl1/Ager/Pianp/Chrd/Rapgef3/Src",28
"GO:0045185","maintenance of protein location","11/1085","100/28928",0.11,2.93279262672811,3.8219636890776,0.00132257111895553,0.0193071766026098,0.0158940564295533,"Ciz1/Sun1/Vps13c/Ank3/Dbn1/Hdac3/Tnrc6a/Dzip1/Skp1/Vps13d/Chrd",11
"GO:0003012","muscle system process","31/1085","460/28928",0.0673913043478261,1.7967701863354,3.40049441332183,0.00132869578974656,0.0193390292246494,0.0159202781492044,"Tafazzin/Dock4/Agrn/Dmpk/Ank2/Tpm1/Dlg1/Akap1/Camk2g/Ptk2/Cdk9/Dbn1/P2rx4/Cacna1c/Pla2g6/Gtf2ird2/Becn1/Bin1/Hdac4/Cald1/Sphk1/Kcnma1/Cacna1g/Myh7b/Tnnt1/Slc8a1/Tpcn2/Dag1/P2rx3/Pparg/Cttn",31
"GO:0001764","neuron migration","18/1085","216/28928",0.0833333333333333,2.22181259600614,3.55801933817546,0.00138475366354032,0.0200486626696206,0.0165044626859091,"Mapt/Mapk8ip3/Dab2ip/Alkbh1/Nrg1/Ptk2/Mark2/Ntng2/Auts2/Nsmf/Matn2/Mapk8/Ntrk3/Pomgnt2/Trim46/Nr4a2/Tyro3/Camk2b",18
"GO:0051496","positive regulation of stress fiber assembly","8/1085","58/28928",0.137931034482759,3.67748291752741,4.02926532808467,0.00138562622731935,0.0200486626696206,0.0165044626859091,"Nf2/Tpm1/Sh3pxd2b/Kiss1r/Pxn/Limch1/Arhgef10/Rapgef3",8
"GO:0097194","execution phase of apoptosis","10/1085","86/28928",0.116279069767442,3.10020362233415,3.85040573696438,0.00141611493497763,0.0204295404590155,0.0168180089491461,"Hsf1/Sirt2/Casp2/Madd/Casp8/Casp7/Exog/Htra2/Cdk5rap3/Sharpin",10
"GO:1901136","carbohydrate derivative catabolic process","21/1085","271/28928",0.0774907749077491,2.06603975717177,3.48057693967582,0.00145706036257664,0.0207771130834625,0.0171041377301705,"Flcn/Fbxo44/Pfkfb3/Foxk2/Naga/Gba2/Edem3/Gale/Eno4/Hdac4/Hyal3/Idua/Prxl2c/Nt5c3/Nudt1/Zbtb20/Jmjd8/Cbfa2t3/Pde4c/Ncor1/Src",21
"GO:0072393","microtubule anchoring at microtubule organizing center","4/1085","14/28928",0.285714285714286,7.61764318630678,4.88902017716658,0.0014571512539676,0.0207771130834625,0.0171041377301705,"Dctn1/Ccdc120/Nin/Map1s",4
"GO:1900044","regulation of protein K63-linked ubiquitination","4/1085","14/28928",0.285714285714286,7.61764318630678,4.88902017716658,0.0014571512539676,0.0207771130834625,0.0171041377301705,"Sash1/Ube2v2/Ube2v1/Cep63",4
"GO:1901203","positive regulation of extracellular matrix assembly","4/1085","14/28928",0.285714285714286,7.61764318630678,4.88902017716658,0.0014571512539676,0.0207771130834625,0.0171041377301705,"Clasp2/Phldb1/Clasp1/Dag1",4
"GO:0009306","protein secretion","30/1085","443/28928",0.0677200902934537,1.80553619540003,3.37277495181236,0.00146179499608649,0.0207829114660992,0.0171089110754775,"Cask/Stim1/Gnas/Pick1/Hmgn3/Hps1/Myo18a/Rab11fip1/Map4k4/Brsk2/Sidt2/Snap25/Madd/Apbb3/Gipr/Zfp384/Abca1/Or51e2/Rfx3/Slc9b2/Cacna1c/Pla2g6/Arfip1/Idua/Atg7/Tcf7l2/Rhbdd3/Pde4c/Pparg/Rab11fip5",30
"GO:0001578","microtubule bundle formation","14/1085","149/28928",0.0939597315436242,2.50513098073176,3.63611937575058,0.001489111221714,0.0211100882731421,0.0173782496090505,"Map2/Clasp1/Fes/Ttll5/Zfp207/Cntrl/Cfap65/Ift46/Trim46/Map1s/Map1b/Ccser2/Ttc12/Clip1",14
"GO:0007097","nuclear migration","6/1085","34/28928",0.176470588235294,4.70501490918948,4.26711293716896,0.001500163407267,0.0211335478720465,0.0173975620231065,"Dctn1/Cdc42bpa/Sun1/Ptk2/Tacc1/Tacc2",6
"GO:0042552","myelination","17/1085","200/28928",0.085,2.26624884792627,3.54723465117336,0.00150016379720352,0.0211335478720465,0.0173975620231065,"Plec/Epb41l3/Sirt2/Hycc1/Dlg1/Tenm4/Nsun5/Nrg1/Bcas1/Mbp/Pmp22/Ntrk3/Plp1/Arhgef10/Adam22/Tcf7l2/Dag1",17
"GO:0046032","ADP catabolic process","12/1085","117/28928",0.102564102564103,2.73453857969987,3.71113097309964,0.00150369178539128,0.0211335478720465,0.0173975620231065,"Flcn/Pfkfb3/Foxk2/Gale/Eno4/Hdac4/Prxl2c/Zbtb20/Jmjd8/Cbfa2t3/Ncor1/Src",12
"GO:0046328","regulation of JNK cascade","15/1085","166/28928",0.0903614457831325,2.40919438121148,3.59437975208416,0.0015222526658796,0.0212628908839835,0.0175040397941865,"Mapk8ip3/Dab2ip/Stk3/Zmynd11/Tnik/Map4k4/Rapgef1/Mapkbp1/Dixdc1/Hmgb1/Hdac3/Dusp19/Ager/Rnf13/Ncor1",15
"GO:1904375","regulation of protein localization to cell periphery","15/1085","166/28928",0.0903614457831325,2.40919438121148,3.59437975208416,0.0015222526658796,0.0212628908839835,0.0175040397941865,"Nbea/Eif4g1/Epb41l1/Ppfia1/Tnik/Sorbs1/Picalm/Dlg1/Camk2g/Atp2c1/Zdhhc2/Rab11a/Tmbim1/Dag1/Camk2b",15
"GO:0006476","protein deacetylation","7/1085","46/28928",0.152173913043478,4.05722300140252,4.09638677718523,0.00152589961083837,0.0212628908839835,0.0175040397941865,"Mapt/Sirt7/Sirt2/Ncor2/Hdac9/Hdac3/Hdac4",7
"GO:0097106","postsynaptic density organization","8/1085","59/28928",0.135593220338983,3.61515269858627,3.96931660647393,0.0015511409763984,0.021545743899342,0.0177368900902143,"Nrxn2/Zmynd8/Dlg1/Cadm1/Dbn1/Ntrk3/Shank3/Nrxn3",8
"GO:1903312","negative regulation of mRNA metabolic process","11/1085","102/28928",0.107843137254902,2.87528688894913,3.74527891128213,0.00155498335175679,0.021545743899342,0.0177368900902143,"Hnrnpd/Hnrnpa2b1/Elavl4/Srsf6/Syncrip/Arid5a/Eif4enif1/Taf15/Slc11a1/Srsf9/Mettl16",11
"GO:0046883","regulation of hormone secretion","25/1085","348/28928",0.0718390804597701,1.91535568621219,3.39122766656917,0.00158702853092772,0.0219278167442267,0.0180514201471868,"Cask/Stim1/Gabbr1/Gnas/Pick1/Hmgn3/Rab11fip1/Map4k4/Brsk2/Sidt2/Nrg1/Kiss1r/Snap25/Madd/Gipr/Rfx3/Slc9b2/Cacna1c/Pla2g6/Atg7/Tcf7l2/Tfr2/Pde4c/Pparg/Rab11fip5",25
"GO:0099084","postsynaptic specialization organization","9/1085","73/28928",0.123287671232877,3.28706521052964,3.86222874360291,0.00160129872672389,0.022062837793766,0.018162572193119,"Nrxn2/Zmynd8/Dlg1/Cadm1/Ntng2/Dbn1/Ntrk3/Shank3/Nrxn3",9
"GO:0006939","smooth muscle contraction","12/1085","118/28928",0.101694915254237,2.7113645239397,3.67722710500207,0.001618024664316,0.0221411724356126,0.0182270588471506,"Dock4/Dlg1/Cacna1c/Pla2g6/Cald1/Sphk1/Kcnma1/Cacna1g/Slc8a1/Tpcn2/P2rx3/Cttn",12
"GO:0043473","pigmentation","12/1085","118/28928",0.101694915254237,2.7113645239397,3.67722710500207,0.001618024664316,0.0221411724356126,0.0182270588471506,"Ap3d1/Ap3b1/Dctn1/Hps1/Hps3/Ap3s1/Or51e2/Rab11a/Recql4/Hps5/Tpcn2/Kif13a",12
"GO:0035592","establishment of protein localization to extracellular region","30/1085","446/28928",0.0672645739910314,1.79339133309913,3.33332909815779,0.001620526178264,0.0221411724356126,0.0182270588471506,"Cask/Stim1/Gnas/Pick1/Hmgn3/Hps1/Myo18a/Rab11fip1/Map4k4/Brsk2/Sidt2/Snap25/Madd/Apbb3/Gipr/Zfp384/Abca1/Or51e2/Rfx3/Slc9b2/Cacna1c/Pla2g6/Arfip1/Idua/Atg7/Tcf7l2/Rhbdd3/Pde4c/Pparg/Rab11fip5",30
"GO:0007626","locomotory behavior","22/1085","292/28928",0.0753424657534247,2.00876207310145,3.42005072605838,0.00162907042129426,0.0221960844901343,0.0182722635558035,"Mapt/Elavl4/Agtpbp1/Nrg1/Dbn1/Snap25/Grin1/Cacna1c/Pmp22/Clcn3/Idua/Atg7/Shank2/Shank3/Oxr1/Nr4a2/Kcnma1/Adam22/Htra2/Oprl1/Gigyf2/Ncor1",22
"GO:0043523","regulation of neuron apoptotic process","24/1085","331/28928",0.0725075528700906,1.93317833126819,3.37075322074189,0.00172265275422738,0.023406126757577,0.0192683947083138,"Agrn/Alkbh1/Cpeb4/Casp2/Optn/Ube2v2/Srpk2/Nsmf/Grin1/Casp8/Hdac3/Mapk8/Hdac4/Atg7/Oxr1/Nr4a2/Casp7/Kcnma1/Tyro3/Nrbp2/Tmbim1/Ager/Gfral/Nes",24
"GO:0006497","protein lipidation","8/1085","60/28928",0.133333333333333,3.55490015360983,3.91065732800054,0.00173193057002551,0.0234671807899865,0.019318655616801,"Zdhhc20/Rab3gap1/Zdhhc23/Zdhhc2/Abca1/Atg16l1/Atg7/Rab3gap2",8
"GO:0016242","negative regulation of macroautophagy","6/1085","35/28928",0.171428571428571,4.57058591178407,4.17239814513633,0.00175381087243136,0.0235049920953723,0.0193497826445298,"Rubcn/Vps13c/Becn1/Nrbp2/Htra2/Tmem39a",6
"GO:0072344","rescue of stalled ribosome","6/1085","35/28928",0.171428571428571,4.57058591178407,4.17239814513633,0.00175381087243136,0.0235049920953723,0.0193497826445298,"Skic2/Zfp598/Rnf14/Ufsp2/Cdk5rap3/Gigyf2",6
"GO:0007272","ensheathment of neurons","17/1085","203/28928",0.083743842364532,2.23275748564164,3.47939873979518,0.00176006743063716,0.0235049920953723,0.0193497826445298,"Plec/Epb41l3/Sirt2/Hycc1/Dlg1/Tenm4/Nsun5/Nrg1/Bcas1/Mbp/Pmp22/Ntrk3/Plp1/Arhgef10/Adam22/Tcf7l2/Dag1",17
"GO:0008366","axon ensheathment","17/1085","203/28928",0.083743842364532,2.23275748564164,3.47939873979518,0.00176006743063716,0.0235049920953723,0.0193497826445298,"Plec/Epb41l3/Sirt2/Hycc1/Dlg1/Tenm4/Nsun5/Nrg1/Bcas1/Mbp/Pmp22/Ntrk3/Plp1/Arhgef10/Adam22/Tcf7l2/Dag1",17
"GO:0008347","glial cell migration","9/1085","74/28928",0.121621621621622,3.24264541038735,3.81313350562952,0.00176347341306768,0.0235049920953723,0.0193497826445298,"Dab2ip/Rtn4/Scrib/Sun1/Socs7/P2rx4/Grin1/Matn2/Pmp22",9
"GO:0055117","regulation of cardiac muscle contraction","9/1085","74/28928",0.121621621621622,3.24264541038735,3.81313350562952,0.00176347341306768,0.0235049920953723,0.0193497826445298,"Agrn/Ank2/Dlg1/P2rx4/Cacna1c/Bin1/Hdac4/Myh7b/Slc8a1",9
"GO:0033044","regulation of chromosome organization","20/1085","257/28928",0.0778210116731518,2.0748444476322,3.41664071430306,0.00177481574026427,0.0235283005567466,0.0193689706391287,"Hnrnpd/Hnrnpa2b1/Prpf4b/Gnl3/Slx1b/Zfp207/Smarca2/Anapc1/Becn1/Recql4/Actl6b/Pot1a/Hmbox1/Gnl3l/Smg6/Smc2/Anapc5/Ino80e/Src/Pphln1",20
"GO:2001234","negative regulation of apoptotic signaling pathway","20/1085","257/28928",0.0778210116731518,2.0748444476322,3.41664071430306,0.00177481574026427,0.0235283005567466,0.0193689706391287,"Eya3/Faim/Syvn1/Zmynd11/Marchf7/Asah2/Nrg1/Birc6/Madd/Pcgf2/Cep63/Nr4a2/Tcf7l2/Mapk7/Tmbim1/Kdm6a/Gfral/Meis3/Src/Cttn",20
"GO:0043525","positive regulation of neuron apoptotic process","11/1085","104/28928",0.105769230769231,2.81999291031549,3.67043717185065,0.00181976821637641,0.0239655060930364,0.0197288870374779,"Agrn/Casp2/Optn/Srpk2/Casp8/Hdac3/Mapk8/Hdac4/Casp7/Kcnma1/Ager",11
"GO:2001237","negative regulation of extrinsic apoptotic signaling pathway","11/1085","104/28928",0.105769230769231,2.81999291031549,3.67043717185065,0.00181976821637641,0.0239655060930364,0.0197288870374779,"Eya3/Faim/Zmynd11/Nrg1/Birc6/Tcf7l2/Mapk7/Tmbim1/Gfral/Src/Cttn",11
"GO:0090276","regulation of peptide hormone secretion","21/1085","276/28928",0.0760869565217391,2.02861150070126,3.38951061825631,0.00182245336854283,0.0239655060930364,0.0197288870374779,"Cask/Stim1/Gabbr1/Gnas/Pick1/Hmgn3/Map4k4/Brsk2/Sidt2/Snap25/Madd/Gipr/Rfx3/Slc9b2/Cacna1c/Pla2g6/Atg7/Tcf7l2/Tfr2/Pde4c/Pparg",21
"GO:1905037","autophagosome organization","13/1085","136/28928",0.0955882352941176,2.54854974247764,3.5732816643709,0.00185512760793389,0.0243299489757106,0.0200289037546705,"Smurf1/Rab3gap1/Atg16l2/Ap5z1/Tom1/Atg16l1/Becn1/Atg7/Pip4k2a/Rab3gap2/Atg4c/Tmem39a/Pik3c2a",13
"GO:0051235","maintenance of location","26/1085","372/28928",0.0698924731182796,1.86345572568257,3.30880680451905,0.00190104667509136,0.024865690510195,0.0204699369702469,"Ciz1/Aup1/Plcb4/Asph/Ldah/Ank2/Sun1/Vps13c/Nrg1/Arhgap21/Lime1/Ank3/Dbn1/Cacna1c/Hdac3/Pkd2/Tnrc6a/Bltp1/Dzip1/Skp1/Vps13d/Slc8a1/Tpcn2/Chrd/Plch2/Pparg",26
"GO:0010882","regulation of cardiac muscle contraction by calcium ion signaling","4/1085","15/28928",0.266666666666667,7.10980030721966,4.67234196141903,0.00192838340852318,0.0250305829114806,0.0206056797142421,"Ank2/Cacna1c/Hdac4/Slc8a1",4
"GO:0014848","urinary tract smooth muscle contraction","4/1085","15/28928",0.266666666666667,7.10980030721966,4.67234196141903,0.00192838340852318,0.0250305829114806,0.0206056797142421,"Cacna1c/Pla2g6/Kcnma1/P2rx3",4
"GO:0120316","sperm flagellum assembly","8/1085","61/28928",0.131147540983607,3.49662310191131,3.85323617981887,0.00192896235281135,0.0250305829114806,0.0206056797142421,"Vdac3/Ttll5/Cfap65/Cfap119/Cep128/Dzip1/Ttc12/Cfap221",8
"GO:0051222","positive regulation of protein transport","23/1085","315/28928",0.073015873015873,1.94673103650062,3.33509913237652,0.00194294402920198,0.0251454893489069,0.0207002730065791,"Ergic3/Cask/Dctn1/Stim1/Gnas/Prpf4b/Asph/Myo18a/Atp2c1/Snap25/Zdhhc2/Apbb3/Gipr/Zfp384/Or51e2/Cacna1c/Pla2g6/Hdac3/Atg7/Tcf7l2/Rapgef3/Pparg/Src",23
"GO:1902116","negative regulation of organelle assembly","7/1085","48/28928",0.145833333333333,3.88817204301075,3.95324415245911,0.00196734068831964,0.0253942265163364,0.0209050384498453,"Marchf7/Odf2l/Cep97/Dnm2/Becn1/Limk2/Tmem39a",7
"GO:0071692","protein localization to extracellular region","30/1085","452/28928",0.0663716814159292,1.76958525345622,3.2553299642925,0.00198312218103109,0.0255307461888648,0.0210174241923892,"Cask/Stim1/Gnas/Pick1/Hmgn3/Hps1/Myo18a/Rab11fip1/Map4k4/Brsk2/Sidt2/Snap25/Madd/Apbb3/Gipr/Zfp384/Abca1/Or51e2/Rfx3/Slc9b2/Cacna1c/Pla2g6/Arfip1/Idua/Atg7/Tcf7l2/Rhbdd3/Pde4c/Pparg/Rab11fip5",30
"GO:0032465","regulation of cytokinesis","10/1085","90/28928",0.111111111111111,2.96241679467486,3.68076839454573,0.00200095279663325,0.0256066066599737,0.0210798740592648,"Exoc7/Racgap1/Kif23/Myo19/Cdc14b/Birc6/Rab11a/Becn1/Prpf40a/Kif13a",10
"GO:0009137","purine nucleoside diphosphate catabolic process","12/1085","121/28928",0.0991735537190083,2.64414061012301,3.57759502998636,0.00200467624004687,0.0256066066599737,0.0210798740592648,"Flcn/Pfkfb3/Foxk2/Gale/Eno4/Hdac4/Prxl2c/Zbtb20/Jmjd8/Cbfa2t3/Ncor1/Src",12
"GO:0009181","purine ribonucleoside diphosphate catabolic process","12/1085","121/28928",0.0991735537190083,2.64414061012301,3.57759502998636,0.00200467624004687,0.0256066066599737,0.0210798740592648,"Flcn/Pfkfb3/Foxk2/Gale/Eno4/Hdac4/Prxl2c/Zbtb20/Jmjd8/Cbfa2t3/Ncor1/Src",12
"GO:0032252","secretory granule localization","6/1085","36/28928",0.166666666666667,4.44362519201229,4.08119059106051,0.00203868179948732,0.0259060472188739,0.0213263795550406,"Unc13a/Map2/Snap25/Mapk8/Trim46/Tcf7l2",6
"GO:0032607","interferon-alpha production","6/1085","36/28928",0.166666666666667,4.44362519201229,4.08119059106051,0.00203868179948732,0.0259060472188739,0.0213263795550406,"Ap3d1/Ap3b1/Hmgb1/Trim65/Nmi/Traf3ip3",6
"GO:0001654","eye development","31/1085","473/28928",0.06553911205074,1.74738749622471,3.2352336898551,0.00204663827310809,0.0259399502056724,0.0213542891762346,"Nf2/Tenm3/Hps1/Scrib/Rab3gap1/Dlg1/Alms1/Max/Agtpbp1/Skil/Casp2/Sh3pxd2b/Ttll5/Ift172/Nfia/Fat1/Sp3/Zeb1/Cacna1c/Hmgb1/Usp45/Hpca/Ntrk3/Limk2/Stau2/Pbx4/Hsf4/Col4a1/Nes/Meis3/Spry1",31
"GO:0007030","Golgi organization","13/1085","138/28928",0.0942028985507246,2.51161423896347,3.51372879859647,0.00211358080985773,0.0267193656503921,0.0219959196598324,"Stk25/Clasp2/Myo18a/Clasp1/Camsap2/Trappc8/Arhgap21/Ap5z1/Optn/Dnm2/Vti1a/Atp8b3/Huwe1",13
"GO:0050805","negative regulation of synaptic transmission","9/1085","76/28928",0.118421052631579,3.15731263642978,3.71741010315639,0.00212717047131447,0.0267571588847418,0.0220270318111207,"Mapt/Gabbr1/Pick1/Pla2g6/Shank2/Shank3/Stau2/Kcnq4/Ager",9
"GO:0034599","cellular response to oxidative stress","20/1085","261/28928",0.0766283524904215,2.04304606529301,3.3414977479686,0.00212748052294584,0.0267571588847418,0.0220270318111207,"Stk25/Hsf1/Sirt2/Mapkap1/Pcgf2/Rad52/Becn1/Mapk8/Fancc/Atg7/Oxr1/Nr4a2/Sphk1/Stau2/Slc25a14/Htra2/Rnf146/Mapk7/Slc8a1/Src",20
"GO:0046031","ADP metabolic process","12/1085","122/28928",0.0983606557377049,2.62246732643348,3.54505477586905,0.00214922069033038,0.0269614513710244,0.0221952094982026,"Flcn/Pfkfb3/Foxk2/Gale/Eno4/Hdac4/Prxl2c/Zbtb20/Jmjd8/Cbfa2t3/Ncor1/Src",12
"GO:0007517","muscle organ development","27/1085","395/28928",0.0683544303797468,1.82244881292656,3.24894426305754,0.00215578433549102,0.0269748014428149,0.0222061995460353,"Tafazzin/Plec/Luc7l/Snhg15/Mtss1/Sirt2/Meg3/Kmt5b/Tpm1/Skil/Mbnl1/Nrg1/Hdac5/Chkb/Zbtb18/Chd2/Nphs1/Hdac9/Gtf3c5/Pmp22/Hdac4/Adarb1/Hdgfl2/Tcf7l2/Ccnt2/Dag1/Mef2d",27
"GO:0006661","phosphatidylinositol biosynthetic process","10/1085","91/28928",0.10989010989011,2.92986276396415,3.63982612028421,0.00217400271614984,0.0269961603106707,0.0222237825960047,"Ip6k2/Inpp4a/Hycc1/Ip6k1/Hycc2/Becn1/Pip4k2a/Pgap2/Pik3c2a/Pigq",10
"GO:0006942","regulation of striated muscle contraction","10/1085","91/28928",0.10989010989011,2.92986276396415,3.63982612028421,0.00217400271614984,0.0269961603106707,0.0222237825960047,"Agrn/Dmpk/Ank2/Dlg1/P2rx4/Cacna1c/Bin1/Hdac4/Myh7b/Slc8a1",10
"GO:0050766","positive regulation of phagocytosis","10/1085","91/28928",0.10989010989011,2.92986276396415,3.63982612028421,0.00217400271614984,0.0269961603106707,0.0222237825960047,"Lyar/Myo18a/Nckap1l/Rapgef1/Ptk2/Il15ra/Dnm2/Ager/Slc11a1/Pparg",10
"GO:0150063","visual system development","31/1085","476/28928",0.0651260504201681,1.73637454981993,3.19782283779006,0.00225322048873951,0.0278183821445144,0.0229006521608149,"Nf2/Tenm3/Hps1/Scrib/Rab3gap1/Dlg1/Alms1/Max/Agtpbp1/Skil/Casp2/Sh3pxd2b/Ttll5/Ift172/Nfia/Fat1/Sp3/Zeb1/Cacna1c/Hmgb1/Usp45/Hpca/Ntrk3/Limk2/Stau2/Pbx4/Hsf4/Col4a1/Nes/Meis3/Spry1",31
"GO:0007098","centrosome cycle","13/1085","139/28928",0.0935251798561151,2.49354507177668,3.48434377076453,0.00225350400420994,0.0278183821445144,0.0229006521608149,"Dctn1/Alms1/Crocc/Cetn4/Fes/Cenatac/Dnm2/Kif15/Mapk8/Cep63/Nin/C2cd3/Arhgef10",13
"GO:0002791","regulation of peptide secretion","21/1085","281/28928",0.0747330960854092,1.9925152106532,3.30034476670805,0.00226290203377396,0.0278183821445144,0.0229006521608149,"Cask/Stim1/Gabbr1/Gnas/Pick1/Hmgn3/Map4k4/Brsk2/Sidt2/Snap25/Madd/Gipr/Rfx3/Slc9b2/Cacna1c/Pla2g6/Atg7/Tcf7l2/Tfr2/Pde4c/Pparg",21
"GO:0090087","regulation of peptide transport","21/1085","281/28928",0.0747330960854092,1.9925152106532,3.30034476670805,0.00226290203377396,0.0278183821445144,0.0229006521608149,"Cask/Stim1/Gabbr1/Gnas/Pick1/Hmgn3/Map4k4/Brsk2/Sidt2/Snap25/Madd/Gipr/Rfx3/Slc9b2/Cacna1c/Pla2g6/Atg7/Tcf7l2/Tfr2/Pde4c/Pparg",21
"GO:0006997","nucleus organization","14/1085","156/28928",0.0897435897435897,2.39272125723739,3.44310312774105,0.00229369015124052,0.0281263754795869,0.0231541984741017,"Plec/Dctn1/Rtn4/Dmpk/Sirt2/Sun1/Uspl1/Irag2/Srpk2/Parp11/Bin1/Nup35/Tor1b/Cdan1",14
"GO:0017156","calcium-ion regulated exocytosis","9/1085","77/28928",0.116883116883117,3.11630857621641,3.6707302626879,0.00233014665384615,0.028502167922981,0.0234635583781437,"Unc13a/Cbarp/Rab3gap1/Trim9/Snap25/Doc2g/Cacna1c/Hyal3/Cacna1g",9
"GO:0034063","stress granule assembly","6/1085","37/28928",0.162162162162162,4.3235272138498,3.99325797178899,0.00235714493404346,0.0287606863220974,0.0236763759282291,"Atxn2l/Hsf1/Tia1/G3bp2/Prrc2c/Becn1",6
"GO:0006110","regulation of glycolytic process","8/1085","63/28928",0.126984126984127,3.38561919391412,3.74191714814143,0.00237575894197832,0.0287730805195153,0.0236865790810366,"Flcn/Hdac4/Prxl2c/Zbtb20/Jmjd8/Cbfa2t3/Ncor1/Src",8
"GO:0030811","regulation of nucleotide catabolic process","8/1085","63/28928",0.126984126984127,3.38561919391412,3.74191714814143,0.00237575894197832,0.0287730805195153,0.0236865790810366,"Flcn/Hdac4/Prxl2c/Zbtb20/Jmjd8/Cbfa2t3/Ncor1/Src",8
"GO:0033121","regulation of purine nucleotide catabolic process","8/1085","63/28928",0.126984126984127,3.38561919391412,3.74191714814143,0.00237575894197832,0.0287730805195153,0.0236865790810366,"Flcn/Hdac4/Prxl2c/Zbtb20/Jmjd8/Cbfa2t3/Ncor1/Src",8
"GO:1904019","epithelial cell apoptotic process","11/1085","108/28928",0.101851851851852,2.71554872845195,3.52595285379388,0.00245963586490007,0.0297155515205292,0.0244624401808573,"Stk3/Tia1/Alms1/Srsf6/Casp8/Hdac3/Mapk8/Atg7/Tcf7l2/Itgb3bp/Ager",11
"GO:0035264","multicellular organism growth","19/1085","246/28928",0.0772357723577236,2.05924094263984,3.29356432710379,0.00248148584622184,0.0299058675079069,0.0246191121326962,"Plec/Hsf1/Gnas/Meg3/Dlg1/Alms1/Unc79/Sh3pxd2b/Tbl1xr1/Hdac3/Pmp22/Adarb1/Sgip1/Tcf7l2/Htra2/Kdm6a/Gigyf2/Tarbp2/Ncor1",19
"GO:0072594","establishment of protein localization to organelle","30/1085","459/28928",0.065359477124183,1.74259811451462,3.16579385634534,0.00249244931338391,0.0299643722601668,0.0246672744224475,"Mapt/Ap3d1/Ap3b1/Kcnq2/Stk3/Smurf1/Scrib/Agk/Rab3gap1/Akap1/Lrwd1/Vps13c/Fam53a/Rab11a/Sh3kbp1/Fermt1/Timm21/Becn1/Hdac3/Eif4enif1/Nup35/Mff/Pot1a/Spcs2/Mtch1/Vps13d/Rab3gap2/Spcs1/Sec61a2/Fam53c",30
"GO:0045911","positive regulation of DNA recombination","9/1085","78/28928",0.115384615384615,3.07635590216235,3.62480578689288,0.00254820861396004,0.0305598123507921,0.0251574526911612,"Trrap/Kmt5b/Ep400/Helq/Cd40/Hmces/Hdgfl2/Rad51ap1/Pms2",9
"GO:0021537","telencephalon development","23/1085","322/28928",0.0714285714285714,1.9044107965767,3.22161515848315,0.00256640094922211,0.0307029186730108,0.0252752606963184,"Dab2ip/Afdn/Kcnq2/Rtn4/Nf2/Dclk2/Agtpbp1/Sun1/Nsun5/Nrg1/Tacc1/Zbtb18/Socs7/Dixdc1/Ncor2/Grin1/Dmxl2/Atg16l1/Nin/Atg7/Shank3/Tacc2/Pianp",23
"GO:0009191","ribonucleoside diphosphate catabolic process","12/1085","125/28928",0.096,2.55952811059908,3.44935509168877,0.00263473494544089,0.0313953259765592,0.0258452643266443,"Flcn/Pfkfb3/Foxk2/Gale/Eno4/Hdac4/Prxl2c/Zbtb20/Jmjd8/Cbfa2t3/Ncor1/Src",12
"GO:0000041","transition metal ion transport","11/1085","109/28928",0.100917431192661,2.69063543736524,3.49085907342979,0.00264512775762459,0.0313953259765592,0.0258452643266443,"Ap3d1/Atp2c1/Arhgap1/Slc39a3/Dnm2/Mmgt2/Tfr2/Slc39a11/Slc30a9/Slc11a1/Pik3c2a",11
"GO:0090288","negative regulation of cellular response to growth factor stimulus","11/1085","109/28928",0.100917431192661,2.69063543736524,3.49085907342979,0.00264512775762459,0.0313953259765592,0.0258452643266443,"Dab2ip/Cask/Smurf1/Skil/Epn2/Rbpms2/Trim33/Tcf7l2/Chrd/Pparg/Spry1",11
"GO:0045055","regulated exocytosis","20/1085","266/28928",0.075187969924812,2.00464294376494,3.24943507446423,0.00264988072462701,0.0313953259765592,0.0258452643266443,"Cask/Unc13a/Ppfia3/Scrib/Synj1/Cbarp/Rab3gap1/Rab11fip1/Mical1/Nckap1l/Erc1/Trim9/Fes/Snap25/Doc2g/Cacna1c/Hyal3/Cacna1g/Git2/Rab11fip5",20
"GO:0048588","developmental cell growth","21/1085","285/28928",0.0736842105263158,1.96455008488964,3.23032720758039,0.00267714394227343,0.0316419061128944,0.0260482540584931,"Mapt/Afdn/Ist1/Rtn4/Unc13a/Map2/Rnf157/Smurf1/Picalm/Clasp2/Dbn1/Arhgap4/Auts2/Dnm2/Ntrk3/Nin/Trim46/Spag9/Map1b/Zfyve27/Cttn",21
"GO:0007020","microtubule nucleation","6/1085","38/28928",0.157894736842105,4.20975018190638,3.90838927367597,0.00271161580931192,0.031895624807374,0.0262571203951042,"Dctn1/Clasp2/Clasp1/Tubgcp4/Nin/Tpx2",6
"GO:0090140","regulation of mitochondrial fission","6/1085","38/28928",0.157894736842105,4.20975018190638,3.90838927367597,0.00271161580931192,0.031895624807374,0.0262571203951042,"Mapt/Ddhd1/Myo19/Mff/Cyrib/Pparg",6
"GO:0048813","dendrite morphogenesis","16/1085","194/28928",0.0824742268041237,2.19890731151124,3.30747814520123,0.00275850394027811,0.0323695259020673,0.0266472453158067,"Sult4a1/Cask/Afdn/Tnik/Picalm/Elavl4/Kidins220/Dbn1/Dip2a/Nsmf/Grin1/Arhgap33/Mapk8/Shank3/Stau2/Camk2b",16
"GO:0042147","retrograde transport, endosome to Golgi","10/1085","94/28928",0.106382978723404,2.83635650553976,3.52027856157208,0.00276646590866472,0.0323835964507206,0.0266588284746959,"Dctn1/Vps29/Erc1/Vps26a/Ap5z1/Arfip1/Spag9/Vti1a/Slc66a2/Snx32",10
"GO:0045927","positive regulation of growth","23/1085","324/28928",0.0709876543209877,1.8926551743756,3.18971147206708,0.00277290734134611,0.0323835964507206,0.0266588284746959,"Mapt/Agrn/Afdn/Eif4g1/Ist1/Hsf1/Unc13a/Rnf157/Smurf1/Picalm/Dlg1/Nrg1/Ptk2/Sh3pxd2b/Dbn1/Mapkap1/Ntrk3/Hdgfl2/Sgip1/Sphk1/Map1b/Cep43/Zfyve27",23
"GO:0048880","sensory system development","31/1085","483/28928",0.0641821946169772,1.71120970127181,3.11155026793437,0.00280601987271463,0.0325538778582864,0.0267990075571407,"Nf2/Tenm3/Hps1/Scrib/Rab3gap1/Dlg1/Alms1/Max/Agtpbp1/Skil/Casp2/Sh3pxd2b/Ttll5/Ift172/Nfia/Fat1/Sp3/Zeb1/Cacna1c/Hmgb1/Usp45/Hpca/Ntrk3/Limk2/Stau2/Pbx4/Hsf4/Col4a1/Nes/Meis3/Spry1",31
"GO:0000266","mitochondrial fission","7/1085","51/28928",0.137254901960784,3.65945604048071,3.75241117664283,0.00280739864098984,0.0325538778582864,0.0267990075571407,"Mapt/Ap3b1/Ddhd1/Myo19/Mff/Cyrib/Pparg",7
"GO:0031146","SCF-dependent proteasomal ubiquitin-dependent protein catabolic process","7/1085","51/28928",0.137254901960784,3.65945604048071,3.75241117664283,0.00280739864098984,0.0325538778582864,0.0267990075571407,"Btrc/Fbxo44/Fbxl3/Fbxl9/Dmac2/Skp1/Fbxo48",7
"GO:0009261","ribonucleotide catabolic process","14/1085","160/28928",0.0875,2.33290322580645,3.33743125281999,0.00289564240220892,0.0333885586481298,0.0274861335853267,"Flcn/Pfkfb3/Foxk2/Gale/Eno4/Hdac4/Prxl2c/Nt5c3/Zbtb20/Jmjd8/Cbfa2t3/Pde4c/Ncor1/Src",14
"GO:0010977","negative regulation of neuron projection development","14/1085","160/28928",0.0875,2.33290322580645,3.33743125281999,0.00289564240220892,0.0333885586481298,0.0274861335853267,"Dync1i2/Rtn4/Map2/Map4k4/Ptk2/Dguok/Inpp5j/Il15ra/Arhgap4/Mbp/Pmp22/Trim46/Dleu2/Rap1gap2",14
"GO:0042158","lipoprotein biosynthetic process","8/1085","65/28928",0.123076923076923,3.28144629563984,3.63500277662818,0.00289980142387427,0.0333885586481298,0.0274861335853267,"Zdhhc20/Rab3gap1/Zdhhc23/Zdhhc2/Abca1/Atg16l1/Atg7/Rab3gap2",8
"GO:0021543","pallium development","17/1085","213/28928",0.07981220657277,2.1279331905411,3.26157463503137,0.00291528552112939,0.0334882329769079,0.0275681874992046,"Dab2ip/Afdn/Kcnq2/Rtn4/Nf2/Dclk2/Sun1/Nsun5/Tacc1/Zbtb18/Socs7/Dixdc1/Grin1/Atg16l1/Atg7/Tacc2/Pianp",17
"GO:0000289","nuclear-transcribed mRNA poly(A) tail shortening","5/1085","27/28928",0.185185185185185,4.9373613244581,4.04053870505928,0.00298328436236228,0.0341892752275397,0.0281452995917897,"Cnot2/Tnrc6a/Eif4enif1/Samd4/Tnrc6c",5
"GO:0051168","nuclear export","15/1085","178/28928",0.0842696629213483,2.24677678247812,3.29373258314098,0.00300332467684358,0.0343387122142605,0.0282683191274002,"Thoc5/Hnrnpa2b1/Sirt7/Prpf4b/Ythdc1/Smurf1/Thoc1/Strada/Zc3h11a/Hdac3/Eif4enif1/Ankle1/Ranbp3/Rapgef3/Xpo6",15
"GO:0048259","regulation of receptor-mediated endocytosis","13/1085","144/28928",0.0902777777777778,2.40696364567332,3.34115868219807,0.00307197732538667,0.0350419739093526,0.0288472583113422,"Pick1/Sirt2/Picalm/Snap91/Scrib/Synj1/Tnk2/Aak1/Nrg1/Iqsec1/Dnm2/Hpca/Sgip1",13
"GO:0031112","positive regulation of microtubule polymerization or depolymerization","6/1085","39/28928",0.153846153846154,4.10180786954981,3.82639231609494,0.00310454950919701,0.0352495725523411,0.0290181576931767,"Mapt/Dctn1/Fes/Mapk8/Map1b/Clip1",6
"GO:1902683","regulation of receptor localization to synapse","6/1085","39/28928",0.153846153846154,4.10180786954981,3.82639231609494,0.00310454950919701,0.0352495725523411,0.0290181576931767,"Nbea/Epb41l1/Tnik/Dbn1/Zdhhc2/Dag1",6
"GO:0045843","negative regulation of striated muscle tissue development","4/1085","17/28928",0.235294117647059,6.27335321225264,4.29327115554865,0.00316717502299608,0.0357949158704971,0.029467095290354,"Luc7l/Sirt2/Hdac5/Hdac9",4
"GO:0141198","protein branched polyubiquitination","4/1085","17/28928",0.235294117647059,6.27335321225264,4.29327115554865,0.00316717502299608,0.0357949158704971,0.029467095290354,"Ubr4/Anapc10/Anapc1/Anapc5",4
"GO:0000045","autophagosome assembly","12/1085","128/28928",0.09375,2.49953917050691,3.35641079248524,0.00320585681321553,0.0360658891486747,0.0296901659475973,"Smurf1/Rab3gap1/Atg16l2/Ap5z1/Tom1/Atg16l1/Becn1/Atg7/Pip4k2a/Rab3gap2/Atg4c/Tmem39a",12
"GO:0009134","nucleoside diphosphate catabolic process","12/1085","128/28928",0.09375,2.49953917050691,3.35641079248524,0.00320585681321553,0.0360658891486747,0.0296901659475973,"Flcn/Pfkfb3/Foxk2/Gale/Eno4/Hdac4/Prxl2c/Zbtb20/Jmjd8/Cbfa2t3/Ncor1/Src",12
"GO:0010959","regulation of metal ion transport","29/1085","447/28928",0.0648769574944072,1.72973329621955,3.06936728968358,0.00323529235993953,0.0363056678609333,0.0298875566102344,"Cask/Agrn/Stim1/Gnas/Plcb4/Asph/Kcnab2/Dmpk/Ank2/Cbarp/Dlg1/Tesc/Lime1/Ank3/Homer2/Rgs7/P2rx4/Fxyd7/Grin1/Cacna1c/Bin1/Hpca/Pkd2/Plp1/Cacna1g/Atp1b3/Slc8a1/Pik3c2a/Rapgef3",29
"GO:0046474","glycerophospholipid biosynthetic process","14/1085","162/28928",0.0864197530864197,2.30410195141378,3.28577534986536,0.0032419740108234,0.0363056678609333,0.0298875566102344,"Tafazzin/Ip6k2/Inpp4a/Hycc1/Ip6k1/Pcyt2/Hycc2/Chkb/Pla2g6/Becn1/Pip4k2a/Pgap2/Pik3c2a/Pigq",14
"GO:0031330","negative regulation of cellular catabolic process","11/1085","112/28928",0.0982142857142857,2.61856484529296,3.3879018515632,0.00327026998569493,0.0364560779087128,0.030011377189296,"Rubcn/Eif4g1/Sirt2/Vps13c/Ptk2/Foxk2/Becn1/Nrbp2/Htra2/Etfbkmt/Tmem39a",11
"GO:0140029","exocytic process","11/1085","112/28928",0.0982142857142857,2.61856484529296,3.3879018515632,0.00327026998569493,0.0364560779087128,0.030011377189296,"Exoc7/Unc13a/Ppfia3/Scrib/Synj1/Rab3gap1/Exoc1/Erc1/Vps11/Snap25/Doc2g",11
"GO:0006900","vesicle budding from membrane","9/1085","81/28928",0.111111111111111,2.96241679467486,3.49133873955677,0.00330072715814554,0.0366291102052124,0.0301538208588861,"Ap3d1/Picalm/Snap91/Myo18a/Ap3s1/Dnm2/Sec31b/Sec24c/Dnm1",9
"GO:0043113","receptor clustering","9/1085","81/28928",0.111111111111111,2.96241679467486,3.49133873955677,0.00330072715814554,0.0366291102052124,0.0301538208588861,"Agrn/Nrxn2/Pick1/Sorbs1/Scrib/Dlg1/Dlg3/Zdhhc2/Shank3",9
"GO:0006936","muscle contraction","23/1085","329/28928",0.0699088145896656,1.86389141792613,3.11092999232063,0.00335139081874347,0.0370192764636307,0.0304750135767986,"Tafazzin/Dock4/Agrn/Dmpk/Ank2/Tpm1/Dlg1/Dbn1/P2rx4/Cacna1c/Pla2g6/Bin1/Hdac4/Cald1/Sphk1/Kcnma1/Cacna1g/Myh7b/Tnnt1/Slc8a1/Tpcn2/P2rx3/Cttn",23
"GO:0010563","negative regulation of phosphorus metabolic process","26/1085","388/28928",0.0670103092783505,1.78661219060288,3.07934326744667,0.00335852763023765,0.0370192764636307,0.0304750135767986,"Mapt/Plec/Dab2ip/Eif4g1/Flcn/Nf2/Sirt2/Mical1/Inpp5j/Cadm1/Pecam1/Ntrk3/Hdac4/Inca1/Adarb1/Spag9/Dusp19/Cdk5rap3/Slc8a1/Ager/Dmtn/Cep43/Cbfa2t3/Pparg/Ncor1/Spry1",26
"GO:0045936","negative regulation of phosphate metabolic process","26/1085","388/28928",0.0670103092783505,1.78661219060288,3.07934326744667,0.00335852763023765,0.0370192764636307,0.0304750135767986,"Mapt/Plec/Dab2ip/Eif4g1/Flcn/Nf2/Sirt2/Mical1/Inpp5j/Cadm1/Pecam1/Ntrk3/Hdac4/Inca1/Adarb1/Spag9/Dusp19/Cdk5rap3/Slc8a1/Ager/Dmtn/Cep43/Cbfa2t3/Pparg/Ncor1/Spry1",26
"GO:0009135","purine nucleoside diphosphate metabolic process","12/1085","129/28928",0.0930232558139535,2.48016289786732,3.32601511326878,0.00341706041770672,0.0374421877243874,0.0308231626397875,"Flcn/Pfkfb3/Foxk2/Gale/Eno4/Hdac4/Prxl2c/Zbtb20/Jmjd8/Cbfa2t3/Ncor1/Src",12
"GO:0009179","purine ribonucleoside diphosphate metabolic process","12/1085","129/28928",0.0930232558139535,2.48016289786732,3.32601511326878,0.00341706041770672,0.0374421877243874,0.0308231626397875,"Flcn/Pfkfb3/Foxk2/Gale/Eno4/Hdac4/Prxl2c/Zbtb20/Jmjd8/Cbfa2t3/Ncor1/Src",12
"GO:0006195","purine nucleotide catabolic process","14/1085","163/28928",0.0858895705521472,2.28996635661983,3.26023233097408,0.00342742962043831,0.0374421877243874,0.0308231626397875,"Flcn/Pfkfb3/Foxk2/Gale/Eno4/Hdac4/Prxl2c/Nudt13/Zbtb20/Jmjd8/Cbfa2t3/Pde4c/Ncor1/Src",14
"GO:1904064","positive regulation of cation transmembrane transport","14/1085","163/28928",0.0858895705521472,2.28996635661983,3.26023233097408,0.00342742962043831,0.0374421877243874,0.0308231626397875,"Stim1/Asph/Ank2/Tesc/Ank3/Rgs7/P2rx4/Fxyd7/Grin1/Cacna1c/Pkd2/Plp1/Atp1b3/Rapgef3",14
"GO:0009166","nucleotide catabolic process","15/1085","181/28928",0.0828729281767956,2.2095373882934,3.22233637354726,0.00351768187389119,0.0382957879902428,0.0315258635614725,"Flcn/Pfkfb3/Foxk2/Gale/Eno4/Hdac4/Prxl2c/Nt5c3/Nudt13/Zbtb20/Jmjd8/Cbfa2t3/Pde4c/Ncor1/Src",15
"GO:0098901","regulation of cardiac muscle cell action potential","5/1085","28/28928",0.178571428571429,4.76102699144174,3.9304755377252,0.00352118254507635,0.0382957879902428,0.0315258635614725,"Ank2/Dlg1/Cacna1c/Bin1/Slc4a3",5
"GO:0032232","negative regulation of actin filament bundle assembly","6/1085","40/28928",0.15,3.99926267281106,3.74709163347382,0.00353843332163771,0.038313499873362,0.0315404443401935,"Ppfia1/Clasp2/Clasp1/Kank3/Dbn1/Shank3",6
"GO:0060292","long-term synaptic depression","6/1085","40/28928",0.15,3.99926267281106,3.74709163347382,0.00353843332163771,0.038313499873362,0.0315404443401935,"Mapt/Pick1/Shank2/Shank3/Stau2/Ager",6
"GO:0001824","blastocyst development","14/1085","164/28928",0.0853658536585366,2.27600314712825,3.23487558924104,0.00362145459231062,0.0391260677869683,0.0322093666035325,"Thoc5/Nasp/Rtn4/Matr3/Skil/Cnot2/Sf3b1/Uspl1/Sbds/Hs3st6/Tbl1xr1/Sp3/Ccdc62/Smim14",14
"GO:0006090","pyruvate metabolic process","13/1085","147/28928",0.0884353741496599,2.35784193861877,3.25809316732225,0.00366950068473018,0.0395580238650583,0.0325649615422209,"Flcn/Slc16a3/Pfkfb3/Foxk2/Gale/Eno4/Hdac4/Prxl2c/Zbtb20/Jmjd8/Cbfa2t3/Ncor1/Src",13
"GO:0043409","negative regulation of MAPK cascade","15/1085","182/28928",0.0824175824175824,2.19739707297311,3.19884891766659,0.00370437185602294,0.0397591771417779,0.0327305549687988,"Dab2ip/Flcn/Nf2/Zmynd11/Dlg1/Rapgef1/Tnip1/Ptprr/Hdac3/Dusp19/Cdk5rap3/Dag1/Pparg/Ncor1/Spry1",15
"GO:0072523","purine-containing compound catabolic process","15/1085","182/28928",0.0824175824175824,2.19739707297311,3.19884891766659,0.00370437185602294,0.0397591771417779,0.0327305549687988,"Flcn/Pfkfb3/Foxk2/Gale/Eno4/Hdac4/Prxl2c/Nudt13/Nudt1/Zbtb20/Jmjd8/Cbfa2t3/Pde4c/Ncor1/Src",15
"GO:0034331","cell junction maintenance","8/1085","68/28928",0.117647058823529,3.13667660612632,3.48219943916142,0.00384972583131332,0.0411392270208973,0.0338666398094666,"Epb41l3/Afdn/Mtss1/Dlg1/Erc1/Cadm1/Shank3/Plekha7",8
"GO:0099172","presynapse organization","8/1085","68/28928",0.117647058823529,3.13667660612632,3.48219943916142,0.00384972583131332,0.0411392270208973,0.0338666398094666,"Eif4g1/Picalm/Clasp2/Snap91/Nrg1/Cadm1/Ntng2/Ntrk3",8
"GO:1901862","negative regulation of muscle tissue development","4/1085","18/28928",0.222222222222222,5.92483358934972,4.12583941195659,0.00395240066665903,0.0421446201520925,0.0346942996734646,"Luc7l/Sirt2/Hdac5/Hdac9",4
"GO:0046330","positive regulation of JNK cascade","11/1085","115/28928",0.0956521739130435,2.55025445802444,3.28826055370943,0.00400871227477526,0.0425989316976286,0.0350682980829665,"Mapk8ip3/Dab2ip/Stk3/Tnik/Map4k4/Mapkbp1/Dixdc1/Hmgb1/Dusp19/Ager/Rnf13",11
"GO:0016239","positive regulation of macroautophagy","10/1085","99/28928",0.101010101010101,2.69310617697714,3.33116048050571,0.00403428448048507,0.0425989316976286,0.0350682980829665,"Rab3gap1/Optn/Tom1/Pafah1b2/Becn1/Vps13d/Pip4k2a/Cdk5rap3/Rab3gap2/Huwe1",10
"GO:0006282","regulation of DNA repair","17/1085","220/28928",0.0772727272727273,2.06022622538752,3.11614004486012,0.00405225304174122,0.0425989316976286,0.0350682980829665,"Trrap/Eya3/Hsf1/Sirt7/Kmt5b/Ep400/Helq/Fam168a/Cdk9/Ube2v2/Smarca2/Rad52/Hmgb1/Actl6b/Hdgfl2/Pot1a/Rad51ap1",17
"GO:0045814","negative regulation of gene expression, epigenetic","17/1085","220/28928",0.0772727272727273,2.06022622538752,3.11614004486012,0.00405225304174122,0.0425989316976286,0.0350682980829665,"Sirt7/Ythdc1/Sirt2/Mtf2/Ubr2/Jpx/Dnmt3b/Baz1a/Ncor2/Smarca2/Hdac9/Phf19/Hdac3/Hdac4/Zfp445/Znfx1/Pphln1",17
"GO:0048639","positive regulation of developmental growth","17/1085","220/28928",0.0772727272727273,2.06022622538752,3.11614004486012,0.00405225304174122,0.0425989316976286,0.0350682980829665,"Mapt/Agrn/Afdn/Ist1/Hsf1/Unc13a/Rnf157/Smurf1/Picalm/Dlg1/Nrg1/Sh3pxd2b/Dbn1/Ntrk3/Sgip1/Map1b/Zfyve27",17
"GO:0001508","action potential","15/1085","184/28928",0.0815217391304348,2.17351232217992,3.15232885079233,0.00410209242061388,0.0425989316976286,0.0350682980829665,"Kcnq2/Kcnab2/Ank2/Dlg1/Kcnc3/Ank3/P2rx4/Cacna1c/Bin1/Pmp22/Ntrk3/Slc4a3/Kcnma1/Cacna1g/P2rx3",15
"GO:0042060","wound healing","26/1085","394/28928",0.065989847715736,1.7594048983602,2.99604774348354,0.00410737377076241,0.0425989316976286,0.0350682980829665,"Ap3b1/Plec/Cask/Gnas/Hps1/Clasp2/Tpm1/Scrib/Clasp1/Nrg1/Ptk2/Srsf6/BC004004/Pecam1/Carmil2/Fermt1/Hmgb1/Hps5/Mfsd2b/Casp7/Tyro3/Arhgef19/Slc11a1/Dmtn/Dag1/Pparg",26
"GO:1903313","positive regulation of mRNA metabolic process","13/1085","149/28928",0.087248322147651,2.32619305353663,3.20383828363293,0.00411774704173158,0.0425989316976286,0.0350682980829665,"Hnrnpd/Cnot2/Syncrip/Adarb1/Tnrc6a/Eif4enif1/Samd4/Gtsf1/Gigyf2/Dcp1b/Mov10/Mettl16/Tnrc6c",13
"GO:0001952","regulation of cell-matrix adhesion","12/1085","132/28928",0.0909090909090909,2.42379555927943,3.23651087341877,0.00411884924990099,0.0425989316976286,0.0350682980829665,"Cask/Clasp2/Map4k4/Clasp1/Ptk2/Slk/Fermt1/Peak1/Limch1/Dmtn/Dag1/Src",12
"GO:0016188","synaptic vesicle maturation","5/1085","29/28928",0.172413793103448,4.59685364690926,3.82550621374334,0.00412527880863885,0.0425989316976286,0.0350682980829665,"Unc13a/Zdhhc20/Picalm/Atp6v1f/Clcn3",5
"GO:0034315","regulation of Arp2/3 complex-mediated actin nucleation","5/1085","29/28928",0.172413793103448,4.59685364690926,3.82550621374334,0.00412527880863885,0.0425989316976286,0.0350682980829665,"Pick1/Carmil3/Fchsd2/Carmil2/Arfip1",5
"GO:0045070","positive regulation of viral genome replication","5/1085","29/28928",0.172413793103448,4.59685364690926,3.82550621374334,0.00412527880863885,0.0425989316976286,0.0350682980829665,"Srpk2/Rad23a/Adarb1/Tmem39a/Tarbp2",5
"GO:0045932","negative regulation of muscle contraction","5/1085","29/28928",0.172413793103448,4.59685364690926,3.82550621374334,0.00412527880863885,0.0425989316976286,0.0350682980829665,"Dock4/Dbn1/Bin1/Kcnma1/Tnnt1",5
"GO:0071577","zinc ion transmembrane transport","5/1085","29/28928",0.172413793103448,4.59685364690926,3.82550621374334,0.00412527880863885,0.0425989316976286,0.0350682980829665,"Ap3d1/Slc39a3/Slc39a11/Slc30a9/Pik3c2a",5
"GO:1903861","positive regulation of dendrite extension","5/1085","29/28928",0.172413793103448,4.59685364690926,3.82550621374334,0.00412527880863885,0.0425989316976286,0.0350682980829665,"Afdn/Unc13a/Rnf157/Smurf1/Picalm",5
"GO:0048255","mRNA stabilization","8/1085","69/28928",0.115942028985507,3.09121752487811,3.43314122789952,0.00421457868543701,0.043429639605186,0.0357521535544811,"Hnrnpd/Elavl4/Syncrip/Arid5a/Eif4enif1/Taf15/Slc11a1/Mettl16",8
"GO:1902107","positive regulation of leukocyte differentiation","17/1085","221/28928",0.0769230769230769,2.0509039347749,3.09580646965915,0.00424101461510205,0.0435191980901162,0.0358258799020733,"Ap3d1/Ap3b1/Hsf1/Gnas/Tesc/Nckap1l/Fes/Cbfb/Il15ra/Smarca2/Carmil2/Slc9b2/Hmgb1/Casp8/Actl6b/Flt3l/Ager",17
"GO:1903708","positive regulation of hemopoiesis","17/1085","221/28928",0.0769230769230769,2.0509039347749,3.09580646965915,0.00424101461510205,0.0435191980901162,0.0358258799020733,"Ap3d1/Ap3b1/Hsf1/Gnas/Tesc/Nckap1l/Fes/Cbfb/Il15ra/Smarca2/Carmil2/Slc9b2/Hmgb1/Casp8/Actl6b/Flt3l/Ager",17
"GO:0001941","postsynaptic membrane organization","7/1085","55/28928",0.127272727272727,3.3933137829912,3.50706313650342,0.00432491025393239,0.0442874421618756,0.0364583138865722,"Agrn/Nrxn2/Zmynd8/Sorbs1/Dbn1/Zdhhc2/Shank3",7
"GO:2000060","positive regulation of ubiquitin-dependent protein catabolic process","10/1085","100/28928",0.1,2.66617511520737,3.29474600735999,0.00433558596509946,0.0443042690808601,0.0364721661450033,"Sirt2/Smurf1/Agtpbp1/Ptk2/Ube2v2/Rad23a/Mapk8/Atg7/Cop1/Cbfa2t3",10
"GO:0010976","positive regulation of neuron projection development","18/1085","241/28928",0.0746887966804979,1.99133411094327,3.05066527002851,0.0045138730515897,0.0460007616739736,0.0378687529977709,"Mapt/Dab2ip/Cask/Afdn/Tenm3/Elavl4/Rapgef1/Nrg1/Kidins220/Mark2/Fes/Ube2v2/Dbn1/Ntrk3/Sphk1/Stau2/Camk2b/Clip1",18
"GO:0000910","cytokinesis","15/1085","186/28928",0.0806451612903226,2.15014122194143,3.10640232044664,0.00453397173083917,0.0460007616739736,0.0378687529977709,"Plec/Exoc7/Ist1/Racgap1/Kif23/Exoc1/Myo19/Cdc14b/Ank3/Birc6/Rab11a/Becn1/Prpf40a/Septin2/Kif13a",15
"GO:0032790","ribosome disassembly","6/1085","42/28928",0.142857142857143,3.80882159315339,3.59595004681574,0.00453911695213114,0.0460007616739736,0.0378687529977709,"Skic2/Zfp598/Rnf14/Ufsp2/Cdk5rap3/Gigyf2",6
"GO:1903421","regulation of synaptic vesicle recycling","6/1085","42/28928",0.142857142857143,3.80882159315339,3.59595004681574,0.00453911695213114,0.0460007616739736,0.0378687529977709,"Picalm/Snap91/Synj1/Kcnc3/Mff/Dnm1",6
"GO:0008625","extrinsic apoptotic signaling pathway via death domain receptors","9/1085","85/28928",0.105882352941176,2.82300894551369,3.32266533710876,0.00456408442769885,0.0461309436160197,0.0379759213930043,"Dedd/Dab2ip/Faim/Stk3/Skil/Madd/Tmc8/Casp8/Tmbim1",9
"GO:0051303","establishment of chromosome localization","11/1085","117/28928",0.094017094017094,2.50666036472488,3.22357427555148,0.00457077239498177,0.0461309436160197,0.0379759213930043,"Snhg15/Racgap1/Eml4/Sirt2/Sun1/Zfp207/Kifc5b/Rab11a/Becn1/Cep63/Map1s",11
"GO:0042551","neuron maturation","8/1085","70/28928",0.114285714285714,3.04705727452271,3.38496710512853,0.0046054712216365,0.0463280102538731,0.0381381506162041,"Kcnq2/Ank3/Pmp22/Actl6b/Srrm4/Nr4a2/Kcnma1/Dleu2",8
"GO:0009154","purine ribonucleotide catabolic process","13/1085","151/28928",0.0860927152317881,2.29538254951628,3.15044796346841,0.00460918837999797,0.0463280102538731,0.0381381506162041,"Flcn/Pfkfb3/Foxk2/Gale/Eno4/Hdac4/Prxl2c/Zbtb20/Jmjd8/Cbfa2t3/Pde4c/Ncor1/Src",13
"GO:0032253","dense core granule localization","5/1085","30/28928",0.166666666666667,4.44362519201229,3.72521345964893,0.00479984230872578,0.0481456575139059,0.0396344744296031,"Unc13a/Map2/Snap25/Mapk8/Trim46",5
"GO:1903532","positive regulation of secretion by cell","26/1085","399/28928",0.0651629072681704,1.73735721792962,2.92772082851813,0.00483418196866749,0.048250089214029,0.0397204447073373,"Cask/Stim1/Rtn4/Unc13a/Gabbr1/Gnas/Clasp2/Myo18a/Rab3gap1/Clasp1/Kiss1r/Snap25/Apbb3/Gipr/Zfp384/Doc2g/Or51e2/Cacna1c/Pla2g6/Hyal3/Atg7/Sphk1/Cacna1g/Tcf7l2/Tfr2/Pparg",26
"GO:0021859","pyramidal neuron differentiation","4/1085","19/28928",0.210526315789474,5.61300024254184,3.97056487687969,0.00485943813898681,0.048250089214029,0.0397204447073373,"Kcnq2/Dclk2/Atg7/Scyl2",4
"GO:0048635","negative regulation of muscle organ development","4/1085","19/28928",0.210526315789474,5.61300024254184,3.97056487687969,0.00485943813898681,0.048250089214029,0.0397204447073373,"Luc7l/Sirt2/Hdac5/Hdac9",4
"GO:1900452","regulation of long-term synaptic depression","4/1085","19/28928",0.210526315789474,5.61300024254184,3.97056487687969,0.00485943813898681,0.048250089214029,0.0397204447073373,"Mapt/Shank3/Stau2/Ager",4
"GO:2000369","regulation of clathrin-dependent endocytosis","4/1085","19/28928",0.210526315789474,5.61300024254184,3.97056487687969,0.00485943813898681,0.048250089214029,0.0397204447073373,"Snap91/Tnk2/Aak1/Dnm2",4
"GO:1904062","regulation of monoatomic cation transmembrane transport","23/1085","340/28928",0.0676470588235294,1.80358904852263,2.94232156246717,0.004987248124726,0.0494190950541031,0.0406827938467813,"Agrn/Stim1/Asph/Kcnab2/Ank2/Cbarp/Dlg1/Tesc/Lime1/Ank3/Rgs7/P2rx4/Fxyd7/Grin1/Cacna1c/Bin1/Hpca/Pkd2/Plp1/Atp1b3/Slc8a1/Pik3c2a/Rapgef3",23
"GO:0035176","social behavior","8/1085","71/28928",0.112676056338028,3.00414097488155,3.33764702091513,0.00502358695877689,0.0494793052867483,0.040732360122317,"Nrxn2/Kcnq2/Grin1/Shank2/Shank3/Nrxn3/Gnb1l/Pianp",8
"GO:0045744","negative regulation of G protein-coupled receptor signaling pathway","8/1085","71/28928",0.112676056338028,3.00414097488155,3.33764702091513,0.00502358695877689,0.0494793052867483,0.040732360122317,"Gprasp1/Gipr/Rgs7/Dnm2/Oprl1/Dnm1/Mgrn1/Camk2b",8
"GO:0061951","establishment of protein localization to plasma membrane","8/1085","71/28928",0.112676056338028,3.00414097488155,3.33764702091513,0.00502358695877689,0.0494793052867483,0.040732360122317,"Afdn/Scrib/Atp2c1/Optn/Ank3/Zdhhc2/Rab11a/Kif13a",8
"GO:0017157","regulation of exocytosis","17/1085","225/28928",0.0755555555555556,2.0144434203789,3.01553238178663,0.00506969455946919,0.049833370369131,0.0410238336254062,"Cask/Epb41l1/Clasp2/Cbarp/Rab3gap1/Clasp1/Mical1/Nckap1l/Trim9/Fes/Doc2g/Pla2g6/Hyal3/Cacna1g/Git2/Tpcn2/Septin2",17
