"event_id","geneSymbol","chr","strand","exonStart_0base","exonEnd","exon_length","upstreamES","upstreamEE","downstreamES","downstreamEE","FDR","IncLevelDifference"
"chr1:7190417-7190839|up:7159143-7159440|down:7217860-7217963","Pcmtd1","chr1","+",7190417,7190839,422,7159143,7159440,7217860,7217963,4.97860633454228e-05,-0.16
"chr1:9634047-9634096|up:9630704-9632003|down:9689774-9689864","2610203C22Rik","chr1","-",9634047,9634096,49,9630704,9632003,9689774,9689864,0.000134592748575032,0.117
"chr1:16301226-16301315|up:16298897-16300090|down:16415927-16416235","Stau2","chr1","-",16301226,16301315,89,16298897,16300090,16415927,16416235,0.00747971435750785,-0.106
"chr1:21536606-21536633|up:21527627-21527848|down:21539693-21539788","Kcnq5","chr1","-",21536606,21536633,27,21527627,21527848,21539693,21539788,0.016825005150273,0.353
"chr1:36468503-36468536|up:36467380-36467542|down:36477830-36477913","Lman2l","chr1","-",36468503,36468536,33,36467380,36467542,36477830,36477913,0,0.204
"chr1:36468503-36468536|up:36467380-36467542|down:36478689-36478807","Lman2l","chr1","-",36468503,36468536,33,36467380,36467542,36478689,36478807,7.43889692715926e-06,0.228
"chr1:37413355-37413370|up:37411391-37411500|down:37416658-37416842","Inpp4a","chr1","+",37413355,37413370,15,37411391,37411500,37416658,37416842,0.000806405267909375,0.181
"chr1:37422419-37422452|up:37419002-37419141|down:37426778-37426951","Inpp4a","chr1","+",37422419,37422452,33,37419002,37419141,37426778,37426951,6.96191111593124e-08,0.23
"chr1:38147484-38147548|up:38137933-38138102|down:38168542-38168743","Rev1","chr1","-",38147484,38147548,64,38137933,38138102,38168542,38168743,6.57950000471446e-05,-0.111
"chr1:40042922-40043147|up:40040589-40040751|down:40043966-40044070","Map4k4","chr1","+",40042922,40043147,225,40040589,40040751,40043966,40044070,2.47459982056176e-06,0.111
"chr1:53360654-53360726|up:53360238-53360369|down:53362325-53362429","Osgepl1","chr1","+",53360654,53360726,72,53360238,53360369,53362325,53362429,0.00482744095802014,-0.169
"chr1:58573643-58573811|up:58566179-58569418|down:58574548-58574708","Hycc2","chr1","-",58573643,58573811,168,58566179,58569418,58574548,58574708,0.00583729528933631,-0.273
"chr1:58843157-58843273|up:58841811-58841852|down:58863073-58863406","Casp8","chr1","+",58843157,58843273,116,58841811,58841852,58863073,58863406,0.0014980270218957,0.101
"chr1:65220786-65220857|up:65214389-65214527|down:65225367-65225618","Idh1","chr1","-",65220786,65220857,71,65214389,65214527,65225367,65225618,0.0136083580405798,-0.307
"chr1:66470685-66470778|up:66464355-66464687|down:66472672-66472754","Map2","chr1","+",66470685,66470778,93,66464355,66464687,66472672,66472754,1.27542796908975e-08,-0.2
"chr1:72315324-72315490|up:72314044-72314126|down:72316445-72316579","Pecr","chr1","-",72315324,72315490,166,72314044,72314126,72316445,72316579,0,-0.124
"chr1:73567883-73568093|up:73564998-73565107|down:73568831-73568949","C530043A13Rik","chr1","-",73567883,73568093,210,73564998,73565107,73568831,73568949,0.00455989691911518,0.316
"chr1:74326250-74326367|up:74325000-74325169|down:74386543-74386659","Pnkd","chr1","+",74326250,74326367,117,74325000,74325169,74386543,74386659,2.07566263647578e-07,0.117
"chr1:74957524-74957653|up:74956308-74956534|down:74958342-74958501","Cfap65","chr1","-",74957524,74957653,129,74956308,74956534,74958342,74958501,0.000669189202688561,-0.196
"chr1:74957992-74958143|up:74957524-74957653|down:74958342-74958501","Cfap65","chr1","-",74957992,74958143,151,74957524,74957653,74958342,74958501,0.00333735927862648,0.106
"chr1:75413637-75413678|up:75412789-75412956|down:75415485-75415672","Gmppa","chr1","+",75413637,75413678,41,75412789,75412956,75415485,75415672,0.0195269219288458,0.214
"chr1:82723244-82723277|up:82713139-82713228|down:82724803-82724863","Mff","chr1","+",82723244,82723277,33,82713139,82713228,82724803,82724863,0.00576373073023083,0.146
"chr1:85570923-85571067|up:85570262-85570368|down:85572304-85572758","Sp140","chr1","+",85570923,85571067,144,85570262,85570368,85572304,85572758,0.0326254926426773,-0.183
"chr1:87301718-87301833|up:87282125-87282208|down:87331388-87331568","Gigyf2","chr1","+",87301718,87301833,115,87282125,87282208,87331388,87331568,0.0251771867460651,0.202
"chr1:87895231-87895320|up:87894905-87894992|down:87903529-87903620","Usp40","chr1","-",87895231,87895320,89,87894905,87894992,87903529,87903620,7.82608919974478e-06,-0.197
"chr1:87896117-87896171|up:87894905-87894992|down:87903529-87903653","Usp40","chr1","-",87896117,87896171,54,87894905,87894992,87903529,87903653,0.00102158121601864,-0.562
"chr1:87896117-87896171|up:87895231-87895320|down:87903529-87903653","Usp40","chr1","-",87896117,87896171,54,87895231,87895320,87903529,87903653,0.00276681893539065,0.264
"chr1:91181481-91181549|up:91178032-91178159|down:91181936-91182115","Ube2f","chr1","+",91181481,91181549,68,91178032,91178159,91181936,91182115,0.00125459239049319,0.159
"chr1:92019453-92019540|up:91957771-91957918|down:92075977-92076216","Hdac4","chr1","-",92019453,92019540,87,91957771,91957918,92075977,92076216,0.00309807723083696,-0.211
"chr1:93407185-93407321|up:93406829-93406902|down:93416845-93416876","Septin2","chr1","+",93407185,93407321,136,93406829,93406902,93416845,93416876,0.0418270079576347,-0.169
"chr1:98524972-98525118|up:98517241-98517382|down:98532855-98532912","Gm7967","chr1","+",98524972,98525118,146,98517241,98517382,98532855,98532912,1.00228474147005e-05,0.119
"chr1:118459707-118459815|up:118453026-118453185|down:118466995-118467099","Clasp1","chr1","+",118459707,118459815,108,118453026,118453185,118466995,118467099,3.42019957341774e-06,0.2
"chr1:118463864-118463927|up:118453026-118453185|down:118466995-118467099","Clasp1","chr1","+",118463864,118463927,63,118453026,118453185,118466995,118467099,0.00698114473783677,0.155
"chr1:118463864-118463927|up:118459707-118459815|down:118466995-118467099","Clasp1","chr1","+",118463864,118463927,63,118459707,118459815,118466995,118467099,0.0013120994422599,0.197
"chr1:120092494-120092612|up:120088335-120088386|down:120093864-120093902","3110009E18Rik","chr1","+",120092494,120092612,118,120088335,120088386,120093864,120093902,0.0185740824326234,-0.105
"chr1:127869330-127869351|up:127866782-127866885|down:127870110-127870347","Rab3gap1","chr1","+",127869330,127869351,21,127866782,127866885,127870110,127870347,7.9279837253698e-07,0.191
"chr1:133202530-133202617|up:133201595-133202112|down:133208076-133208145","Plekha6","chr1","+",133202530,133202617,87,133201595,133202112,133208076,133208145,0.000611157526358838,0.174
"chr1:133202530-133202617|up:133201595-133202112|down:133209520-133209549","Plekha6","chr1","+",133202530,133202617,87,133201595,133202112,133209520,133209549,8.11253084908894e-12,0.306
"chr1:133203549-133203603|up:133201595-133202112|down:133207110-133207191","Plekha6","chr1","+",133203549,133203603,54,133201595,133202112,133207110,133207191,0.0392796815597014,0.337
"chr1:133203549-133203603|up:133202530-133202617|down:133208076-133208145","Plekha6","chr1","+",133203549,133203603,54,133202530,133202617,133208076,133208145,0.0308872235256755,0.158
"chr1:133207110-133207191|up:133201595-133202112|down:133208076-133208145","Plekha6","chr1","+",133207110,133207191,81,133201595,133202112,133208076,133208145,0.00109266785888335,0.104
"chr1:133208076-133208145|up:133201595-133202112|down:133209520-133209549","Plekha6","chr1","+",133208076,133208145,69,133201595,133202112,133209520,133209549,9.20097835381683e-05,0.141
"chr1:133213984-133214134|up:133212984-133213124|down:133215207-133215337","Plekha6","chr1","+",133213984,133214134,150,133212984,133213124,133215207,133215337,0.000154721148876484,0.117
"chr1:133583082-133583136|up:133582057-133582176|down:133588993-133589098","Zc3h11a","chr1","-",133583082,133583136,54,133582057,133582176,133588993,133589098,0.00107132927014679,-0.11
"chr1:136225021-136225054|up:136221017-136221159|down:136225479-136225563","Camsap2","chr1","-",136225021,136225054,33,136221017,136221159,136225479,136225563,4.82489615225967e-06,0.246
"chr1:138950842-138950886|up:138893903-138893968|down:138967737-138967787","Dennd1b","chr1","+",138950842,138950886,44,138893903,138893968,138967737,138967787,0.00111649201585084,0.187
"chr1:151688504-151688519|up:151687269-151687455|down:151694060-151694730","Edem3","chr1","+",151688504,151688519,15,151687269,151687455,151694060,151694730,0.00404923577228385,0.115
"chr1:151688504-151688552|up:151687269-151687455|down:151694060-151694686","Edem3","chr1","+",151688504,151688552,48,151687269,151687455,151694060,151694686,0.000635778430255848,0.105
"chr1:152843667-152843727|up:152831024-152831078|down:152949542-152949631","Nmnat2","chr1","+",152843667,152843727,60,152831024,152831078,152949542,152949631,0.000228431870077134,-0.407
"chr1:155916820-155916880|up:155911471-155911666|down:155927039-155927369","Tor1aip2","chr1","+",155916820,155916880,60,155911471,155911666,155927039,155927369,0.00488188199476449,0.159
"chr1:155916820-155916880|up:155911517-155911837|down:155927039-155927369","Tor1aip2","chr1","+",155916820,155916880,60,155911517,155911837,155927039,155927369,3.69639618774493e-08,0.23
"chr1:155916820-155916880|up:155911517-155911837|down:155935156-155935333","Tor1aip2","chr1","+",155916820,155916880,60,155911517,155911837,155935156,155935333,0.0340293557953583,0.165
"chr1:155916820-155916880|up:155916662-155916748|down:155927039-155927369","Tor1aip2","chr1","+",155916820,155916880,60,155916662,155916748,155927039,155927369,0,0.132
"chr1:155916820-155916880|up:155916662-155916748|down:155935156-155935333","Tor1aip2","chr1","+",155916820,155916880,60,155916662,155916748,155935156,155935333,0,0.298
"chr1:159147317-159147410|up:159136452-159136534|down:159152486-159152597","Cop1","chr1","+",159147317,159147410,93,159136452,159136534,159152486,159152597,0.00640323077445409,-0.103
"chr1:160840454-160840591|up:160836363-160837061|down:160847053-160847976","Zbtb37","chr1","-",160840454,160840591,137,160836363,160837061,160847053,160847976,0.0437139308098771,-0.128
"chr1:160978534-160978887|up:160970281-160970410|down:160988236-160988331","Ankrd45","chr1","+",160978534,160978887,353,160970281,160970410,160988236,160988331,1.00228474147005e-05,-0.583
"chr1:162501667-162501720|up:162498293-162501225|down:162504259-162504386","Prrc2c","chr1","-",162501667,162501720,53,162498293,162501225,162504259,162504386,0.000651537906469661,-0.185
"chr1:162501671-162501720|up:162499356-162501225|down:162503173-162503410","Prrc2c","chr1","-",162501671,162501720,49,162499356,162501225,162503173,162503410,3.14841122952943e-07,-0.121
"chr1:171158801-171158853|up:171156966-171157094|down:171165819-171166208","Dedd","chr1","+",171158801,171158853,52,171156966,171157094,171165819,171166208,8.27328736591769e-09,0.223
"chr1:171158820-171158853|up:171156712-171157094|down:171165819-171165907","Dedd","chr1","+",171158820,171158853,33,171156712,171157094,171165819,171165907,0,0.174
"chr1:171158820-171158853|up:171157136-171157260|down:171165819-171165907","Dedd","chr1","+",171158820,171158853,33,171157136,171157260,171165819,171165907,9.41268011599817e-09,0.109
"chr1:174903582-174903663|up:174894182-174894260|down:174904389-174904443","Rgs7","chr1","-",174903582,174903663,81,174894182,174894260,174904389,174904443,0.00596161908602796,-0.187
"chr1:174904389-174904443|up:174887302-174887360|down:174905754-174905844","Rgs7","chr1","-",174904389,174904443,54,174887302,174887360,174905754,174905844,0.000686295973082051,0.194
"chr1:174904389-174904443|up:174894182-174894260|down:174905754-174905844","Rgs7","chr1","-",174904389,174904443,54,174894182,174894260,174905754,174905844,0.0436764758913934,0.247
"chr1:176588916-176589066|up:176585962-176586083|down:176596798-176597092","Cep170","chr1","-",176588916,176589066,150,176585962,176586083,176596798,176597092,3.9257019947339e-05,0.103
"chr1:176596798-176597092|up:176588916-176589066|down:176597278-176597436","Cep170","chr1","-",176596798,176597092,294,176588916,176589066,176597278,176597436,0.00125952627493081,-0.106
"chr1:177272304-177272388|up:177270781-177270907|down:177274654-177274662","Zbtb18","chr1","+",177272304,177272388,84,177270781,177270907,177274654,177274662,0.0245228580546791,-0.164
"chr1:177272304-177272388|up:177271550-177271658|down:177274654-177274662","Zbtb18","chr1","+",177272304,177272388,84,177271550,177271658,177274654,177274662,0.000214420445889129,-0.198
"chr1:179946300-179946348|up:179945231-179945308|down:179951488-179951527","Cdc42bpa","chr1","+",179946300,179946348,48,179945231,179945308,179951488,179951527,1.18301469469446e-06,0.18
"chr1:180479426-180479531|up:180475865-180475898|down:180486627-180486761","Lin9","chr1","+",180479426,180479531,105,180475865,180475898,180486627,180486761,4.06398523686481e-05,-0.125
"chr1:183087358-183087412|up:183078592-183079172|down:183094595-183094659","Aida","chr1","+",183087358,183087412,54,183078592,183079172,183094595,183094659,0.0141677476614873,0.259
"chr1:192581158-192581215|up:192579517-192579928|down:192584059-192584249","Syt14","chr1","-",192581158,192581215,57,192579517,192579928,192584059,192584249,4.68941849784433e-05,0.138
"chr10:10302342-10302477|up:10298409-10298504|down:10306814-10306944","Adgb","chr10","-",10302342,10302477,135,10298409,10298504,10306814,10306944,0.0391094494335883,-0.259
"chr10:10325710-10325855|up:10319137-10319209|down:10347984-10348058","Adgb","chr10","-",10325710,10325855,145,10319137,10319209,10347984,10348058,0.00964892187147328,0.269
"chr10:13879944-13880019|up:13841818-13841964|down:13942326-13942428","Hivep2","chr10","+",13879944,13880019,75,13841818,13841964,13942326,13942428,1.69695378827837e-05,-0.278
"chr10:20161515-20161640|up:20153950-20154164|down:20162320-20162393","Gm48249","chr10","-",20161515,20161640,125,20153950,20154164,20162320,20162393,7.85526742502879e-05,0.357
"chr10:29237280-29237341|up:29230287-29230443|down:29237959-29238022","Rnf146","chr10","-",29237280,29237341,61,29230287,29230443,29237959,29238022,0.010811363765485,0.111
"chr10:33826478-33826613|up:33825743-33825860|down:33827198-33827221","Zup1","chr10","-",33826478,33826613,135,33825743,33825860,33827198,33827221,0.00262552205647321,0.434
"chr10:39498898-39499087|up:39497407-39498723|down:39508945-39509012","E130307A14Rik","chr10","-",39498898,39499087,189,39497407,39498723,39508945,39509012,0.00396721263333828,-0.235
"chr10:39508945-39509012|up:39498898-39499087|down:39557468-39557545","E130307A14Rik","chr10","-",39508945,39509012,67,39498898,39499087,39557468,39557545,0.0404283960928313,-0.183
"chr10:39516271-39516507|up:39497407-39498723|down:39607733-39607990","E130307A14Rik","chr10","-",39516271,39516507,236,39497407,39498723,39607733,39607990,0.0159843432782325,-0.128
"chr10:39521551-39521804|up:39516271-39516507|down:39530517-39530684","E130307A14Rik","chr10","-",39521551,39521804,253,39516271,39516507,39530517,39530684,0.000392061214348815,-0.324
"chr10:39521551-39521804|up:39516271-39516507|down:39557468-39557545","E130307A14Rik","chr10","-",39521551,39521804,253,39516271,39516507,39557468,39557545,0.00240590744543024,-0.226
"chr10:39530517-39530684|up:39521551-39521804|down:39557468-39557545","E130307A14Rik","chr10","-",39530517,39530684,167,39521551,39521804,39557468,39557545,0.00875105263647079,-0.217
"chr10:61318114-61318261|up:61311579-61311668|down:61362838-61362988","Lrrc20","chr10","+",61318114,61318261,147,61311579,61311668,61362838,61362988,3.18745522513594e-10,0.141
"chr10:62305679-62305836|up:62300410-62300517|down:62316336-62316486","Vps26a","chr10","-",62305679,62305836,157,62300410,62300517,62316336,62316486,3.14349710969308e-05,-0.216
"chr10:69765276-69765288|up:69763524-69763648|down:69768223-69768326","Ank3","chr10","+",69765276,69765288,12,69763524,69763648,69768223,69768326,0.00548380560396285,0.251
"chr10:69789269-69789302|up:69786781-69786888|down:69791755-69791980","Ank3","chr10","+",69789269,69789302,33,69786781,69786888,69791755,69791980,0.0151230474700185,0.185
"chr10:69816653-69816680|up:69816101-69816224|down:69817945-69818027","Ank3","chr10","+",69816653,69816680,27,69816101,69816224,69817945,69818027,0.000174189054449646,0.187
"chr10:69837752-69838061|up:69835184-69835328|down:69838340-69838431","Ank3","chr10","+",69837752,69838061,309,69835184,69835328,69838340,69838431,0.00232754871876646,-0.131
"chr10:76107209-76107239|up:76106229-76106291|down:76108366-76108537","Dip2a","chr10","-",76107209,76107239,30,76106229,76106291,76108366,76108537,0.000735208041510314,0.168
"chr10:76686055-76686182|up:76683569-76683646|down:76728390-76728490","Pcbp3","chr10","-",76686055,76686182,127,76683569,76683646,76728390,76728490,3.76564719817768e-08,0.179
"chr10:77815586-77815885|up:77814526-77814615|down:77816334-77816356","Cfap410","chr10","+",77815586,77815885,299,77814526,77814615,77816334,77816356,6.65862699679625e-05,-0.317
"chr10:79756848-79757081|up:79756528-79756664|down:79757385-79758107","Kiss1r","chr10","+",79756848,79757081,233,79756528,79756664,79757385,79758107,0.0126045761172172,0.121
"chr10:79972496-79972577|up:79972183-79972328|down:79972707-79972772","Cbarp","chr10","-",79972496,79972577,81,79972183,79972328,79972707,79972772,2.75166287953894e-05,-0.106
"chr10:79972538-79972577|up:79972183-79972328|down:79972707-79972772","Cbarp","chr10","-",79972538,79972577,39,79972183,79972328,79972707,79972772,6.82236601168504e-07,-0.193
"chr10:80159316-80159434|up:80158823-80159009|down:80159506-80159610","Pcsk4","chr10","-",80159316,80159434,118,80158823,80159009,80159506,80159610,0.0054059057236589,-0.313
"chr10:80159506-80159610|up:80159316-80159434|down:80159687-80159788","Pcsk4","chr10","-",80159506,80159610,104,80159316,80159434,80159687,80159788,0.000305532660300201,0.157
"chr10:80357844-80357983|up:80357603-80357731|down:80360162-80360246","Atp8b3","chr10","-",80357844,80357983,139,80357603,80357731,80360162,80360246,0.0187672394803098,-0.173
"chr10:80545922-80546126|up:80545600-80545790|down:80546253-80546301","Ap3d1","chr10","-",80545922,80546126,204,80545600,80545790,80546253,80546301,0,-0.228
"chr10:80870751-80870843|up:80869445-80869767|down:80873037-80873142","Slc39a3","chr10","-",80870751,80870843,92,80869445,80869767,80873037,80873142,1.39934540556634e-05,0.104
"chr10:81470500-81470587|up:81465382-81465582|down:81470698-81470819","Ankrd24","chr10","+",81470500,81470587,87,81465382,81465582,81470698,81470819,0.00399090106339603,-0.251
"chr10:81470903-81470992|up:81469532-81469589|down:81472202-81472255","Ankrd24","chr10","+",81470903,81470992,89,81469532,81469589,81472202,81472255,0.025603171106318,-0.248
"chr10:82219596-82219678|up:82204731-82204792|down:82257833-82258042","Gm4924","chr10","+",82219596,82219678,82,82204731,82204792,82257833,82258042,0.000756859983151857,0.123
"chr10:82236587-82236820|up:82204731-82204792|down:82257833-82258042","Gm4924","chr10","+",82236587,82236820,233,82204731,82204792,82257833,82258042,0.000129827181205971,0.426
"chr10:82708771-82709109|up:82669784-82669865|down:82710446-82710569","Txnrd1","chr10","+",82708771,82709109,338,82669784,82669865,82710446,82710569,0.0166968571772713,-0.218
"chr10:93701268-93701365|up:93694350-93697464|down:93705978-93706160","Metap2","chr10","-",93701268,93701365,97,93694350,93697464,93705978,93706160,0.000890275479179945,0.207
"chr10:99062176-99062300|up:99058146-99058298|down:99062566-99062654","Gm34574","chr10","-",99062176,99062300,124,99058146,99058298,99062566,99062654,0.000209484174573899,-0.54
"chr10:105671987-105672081|up:105668711-105668876|down:105676936-105677232","Mettl25","chr10","-",105671987,105672081,94,105668711,105668876,105676936,105677232,0.00340828093232473,0.144
"chr10:116013622-116013733|up:115998359-115998515|down:116024104-116024373","Ptprr","chr10","+",116013622,116013733,111,115998359,115998515,116024104,116024373,0.00195157682816876,0.427
"chr10:116342945-116343093|up:116339939-116340019|down:116363731-116363854","Cnot2","chr10","-",116342945,116343093,148,116339939,116340019,116363731,116363854,0.00404923577228385,-0.146
"chr10:116342945-116343093|up:116339939-116340019|down:116384937-116385080","Cnot2","chr10","-",116342945,116343093,148,116339939,116340019,116384937,116385080,5.07816002564625e-05,-0.176
"chr10:116353221-116353288|up:116337096-116337222|down:116417357-116417370","Cnot2","chr10","-",116353221,116353288,67,116337096,116337222,116417357,116417370,5.00565407746177e-05,-0.219
"chr10:116363731-116363854|up:116337096-116337222|down:116417357-116417390","Cnot2","chr10","-",116363731,116363854,123,116337096,116337222,116417357,116417390,1.09345910391415e-05,-0.465
"chr10:116363731-116363854|up:116342945-116343093|down:116417357-116417390","Cnot2","chr10","-",116363731,116363854,123,116342945,116343093,116417357,116417390,0.0100692978462117,-0.112
"chr10:122858990-122858993|up:122858738-122858849|down:122859814-122859916","Mon2","chr10","-",122858990,122858993,3,122858738,122858849,122859814,122859916,0.00513475016025838,0.104
"chr10:127132585-127132609|up:127132409-127132502|down:127132741-127132813","Mars1","chr10","-",127132585,127132609,24,127132409,127132502,127132741,127132813,8.84120397101463e-07,-0.123
"chr10:127317561-127317624|up:127312388-127312567|down:127319844-127320087","R3hdm2","chr10","+",127317561,127317624,63,127312388,127312567,127319844,127320087,0,0.107
"chr10:127317561-127317663|up:127307636-127307869|down:127319844-127320087","R3hdm2","chr10","+",127317561,127317663,102,127307636,127307869,127319844,127320087,0.0118247305038172,0.148
"chr10:127317561-127317663|up:127312388-127312567|down:127319844-127320087","R3hdm2","chr10","+",127317561,127317663,102,127312388,127312567,127319844,127320087,0,0.177
"chr10:128479562-128479634|up:128478497-128478662|down:128479743-128479837","Ikzf4","chr10","-",128479562,128479634,72,128478497,128478662,128479743,128479837,8.07339610468759e-06,0.669
"chr10:128586151-128586206|up:128584396-128584435|down:128601015-128601109","Pym1","chr10","+",128586151,128586206,55,128584396,128584435,128601015,128601109,5.65454028343824e-05,0.113
"chr11:3183987-3184059|up:3179868-3180101|down:3184461-3184645","Eif4enif1","chr11","+",3183987,3184059,72,3179868,3180101,3184461,3184645,0.00398410740864226,0.102
"chr11:3311782-3311825|up:3311020-3311108|down:3342916-3343016","Limk2","chr11","-",3311782,3311825,43,3311020,3311108,3342916,3343016,0.00295924060295074,-0.127
"chr11:3403373-3403423|up:3402505-3402740|down:3421331-3421586","8430429K09Rik","chr11","+",3403373,3403423,50,3402505,3402740,3421331,3421586,2.48631469116515e-07,0.579
"chr11:4730577-4730622|up:4717664-4718273|down:4732186-4732352","Nf2","chr11","-",4730577,4730622,45,4717664,4718273,4732186,4732352,1.62465065210454e-10,0.174
"chr11:4861434-4861470|up:4860626-4860759|down:4862780-4862858","Thoc5","chr11","+",4861434,4861470,36,4860626,4860759,4862780,4862858,0,0.174
"chr11:5041459-5041477|up:5037959-5038146|down:5041858-5041982","Ewsr1","chr11","-",5041459,5041477,18,5037959,5038146,5041858,5041982,0,0.222
"chr11:5926764-5926893|up:5922812-5922888|down:5929672-5929721","Camk2b","chr11","-",5926764,5926893,129,5922812,5922888,5929672,5929721,0.0379841142078612,0.178
"chr11:22971493-22971661|up:22969999-22971133|down:22978855-22979010","Fam161a","chr11","+",22971493,22971661,168,22969999,22971133,22978855,22979010,0.000264057140798722,0.129
"chr11:29656409-29658770|up:29655534-29655591|down:29683632-29683840","Rtn4","chr11","+",29656409,29658770,2361,29655534,29655591,29683632,29683840,1.92788115568587e-11,-0.197
"chr11:31752829-31752981|up:31752331-31752448|down:31774292-31774524","D630024D03Rik","chr11","-",31752829,31752981,152,31752331,31752448,31774292,31774524,0.0237717146836175,-0.294
"chr11:31868800-31868824|up:31839857-31839939|down:31870408-31870582","Cpeb4","chr11","+",31868800,31868824,24,31839857,31839939,31870408,31870582,1.13081564246697e-05,0.103
"chr11:31868800-31868824|up:31858824-31858875|down:31870408-31870582","Cpeb4","chr11","+",31868800,31868824,24,31858824,31858875,31870408,31870582,3.91008884983753e-05,0.164
"chr11:32358967-32359051|up:32357561-32357666|down:32361456-32361574","Sh3pxd2b","chr11","+",32358967,32359051,84,32357561,32357666,32361456,32361574,6.17558934727634e-05,0.172
"chr11:43327180-43327259|up:43324570-43324646|down:43328171-43328357","Slu7","chr11","+",43327180,43327259,79,43324570,43324646,43328171,43328357,2.58850074362996e-06,0.139
"chr11:49094822-49094995|up:49094311-49094365|down:49095277-49095302","Zfp62","chr11","+",49094822,49094995,173,49094311,49094365,49095277,49095302,0.0122772876275872,0.285
"chr11:50054988-50055039|up:50054651-50054723|down:50059522-50059629","Tbc1d9b","chr11","+",50054988,50055039,51,50054651,50054723,50059522,50059629,1.62944918111763e-07,0.261
"chr11:50058995-50059052|up:50054651-50054723|down:50059522-50059629","Tbc1d9b","chr11","+",50058995,50059052,57,50054651,50054723,50059522,50059629,2.08276753500005e-06,0.132
"chr11:51158991-51159058|up:51153976-51154096|down:51161363-51161422","Clk4","chr11","+",51158991,51159058,67,51153976,51154096,51161363,51161422,0.00486314751970413,-0.322
"chr11:51158991-51159058|up:51157997-51158158|down:51161363-51161422","Clk4","chr11","+",51158991,51159058,67,51157997,51158158,51161363,51161422,0.0252500935304721,-0.113
"chr11:51161363-51161422|up:51157997-51158158|down:51162626-51162846","Clk4","chr11","+",51161363,51161422,59,51157997,51158158,51162626,51162846,1.96680001714449e-06,0.138
"chr11:51540975-51541181|up:51538834-51538989|down:51541504-51541664","N4bp3","chr11","-",51540975,51541181,206,51538834,51538989,51541504,51541664,0.0167201831173847,0.176
"chr11:54452150-54452220|up:54437198-54437255|down:54459178-54459322","Rapgef6","chr11","+",54452150,54452220,70,54437198,54437255,54459178,54459322,0.000368485976317547,-0.183
"chr11:54542574-54542589|up:54540007-54540165|down:54548071-54548312","Rapgef6","chr11","+",54542574,54542589,15,54540007,54540165,54548071,54548312,0.000564883834454027,0.211
"chr11:54831536-54831708|up:54830423-54830561|down:54846846-54846930","Tnip1","chr11","-",54831536,54831708,172,54830423,54830561,54846846,54846930,9.86385485281311e-05,-0.105
"chr11:57687137-57687223|up:57686320-57686620|down:57692059-57692294","2010001A14Rik","chr11","-",57687137,57687223,86,57686320,57686620,57692059,57692294,0.0428140432341417,0.105
"chr11:58952249-58952513|up:58951669-58951933|down:58952856-58953120","Obscn","chr11","-",58952249,58952513,264,58951669,58951933,58952856,58953120,0.00758220917511042,0.356
"chr11:60129835-60129898|up:60123723-60123783|down:60132643-60132719","Tom1l2","chr11","-",60129835,60129898,63,60123723,60123783,60132643,60132719,6.10806624409645e-06,-0.151
"chr11:61344253-61344322|up:61343453-61343739|down:61344444-61344485","Rnf112","chr11","-",61344253,61344322,69,61343453,61343739,61344444,61344485,0.000491642700895875,-0.188
"chr11:61344253-61344322|up:61343453-61343773|down:61344444-61344485","Rnf112","chr11","-",61344253,61344322,69,61343453,61343773,61344444,61344485,0.000243901099516242,-0.368
"chr11:61425403-61425439|up:61424396-61424507|down:61426096-61426209","Epn2","chr11","-",61425403,61425439,36,61424396,61424507,61426096,61426209,7.70019309919651e-05,0.122
"chr11:61444335-61444405|up:61438833-61438868|down:61456647-61456720","Epn2","chr11","-",61444335,61444405,70,61438833,61438868,61456647,61456720,0.00167767497948593,-0.119
"chr11:62540272-62540374|up:62539489-62539642|down:62555495-62555755","Mmgt2","chr11","+",62540272,62540374,102,62539489,62539642,62555495,62555755,0.00463868739477756,0.124
"chr11:62750665-62750866|up:62748511-62748621|down:62753455-62753577","Fbxw10","chr11","+",62750665,62750866,201,62748511,62748621,62753455,62753577,0.0086626989299094,0.187
"chr11:74458041-74458077|up:74375712-74375797|down:74487707-74487824","Rap1gap2","chr11","-",74458041,74458077,36,74375712,74375797,74487707,74487824,0.0299974855054127,0.148
"chr11:74686577-74686643|up:74683028-74683144|down:74686807-74686950","Mettl16","chr11","+",74686577,74686643,66,74683028,74683144,74686807,74686950,0.0429487944930022,-0.133
"chr11:74872677-74872739|up:74836832-74837045|down:74880895-74881041","Smg6","chr11","+",74872677,74872739,62,74836832,74837045,74880895,74881041,0.0106177511211038,0.119
"chr11:77063130-77063287|up:77042643-77042799|down:77079541-77079794","Efcab5","chr11","-",77063130,77063287,157,77042643,77042799,77079541,77079794,3.71457112083881e-06,0.541
"chr11:77579112-77579157|up:77578284-77578637|down:77582367-77582746","Nufip2","chr11","+",77579112,77579157,45,77578284,77578637,77582367,77582746,0.0120976829385297,0.315
"chr11:77706681-77706717|up:77668118-77669140|down:77708444-77708532","Myo18a","chr11","+",77706681,77706717,36,77668118,77669140,77708444,77708532,0.000733043013247745,0.169
"chr11:77706681-77706825|up:77668118-77669140|down:77708444-77708532","Myo18a","chr11","+",77706681,77706825,144,77668118,77669140,77708444,77708532,7.64290750052284e-07,0.185
"chr11:78921906-78921948|up:78919854-78919909|down:78924043-78924209","Ksr1","chr11","-",78921906,78921948,42,78919854,78919909,78924043,78924209,0.028054910620087,0.203
"chr11:79134225-79134401|up:79132809-79132982|down:79135288-79135389","Wsb1","chr11","-",79134225,79134401,176,79132809,79132982,79135288,79135389,8.00498907670246e-13,-0.281
"chr11:80283909-80284002|up:80282660-80282818|down:80285111-80285357","Zfp207","chr11","+",80283909,80284002,93,80282660,80282818,80285111,80285357,0.000179183588215677,-0.118
"chr11:83084868-83085035|up:83082158-83082234|down:83103369-83104439","Slfn3","chr11","+",83084868,83085035,167,83082158,83082234,83103369,83104439,0.0274917979431201,-0.152
"chr11:83379750-83379871|up:83363917-83364032|down:83388719-83388752","Taf15","chr11","+",83379750,83379871,121,83363917,83364032,83388719,83388752,0.0183158647410083,-0.286
"chr11:84417274-84418412|up:84416509-84416569|down:84424208-84424282","Lhx1os","chr11","+",84417274,84418412,1138,84416509,84416569,84424208,84424282,0.00336796883196654,-0.733
"chr11:84788184-84788289|up:84787946-84788037|down:84788374-84788546","Myo19","chr11","+",84788184,84788289,105,84787946,84788037,84788374,84788546,1.50386396388747e-05,-0.162
"chr11:85434753-85434798|up:85422618-85422769|down:85445015-85445140","Bcas3","chr11","+",85434753,85434798,45,85422618,85422769,85445015,85445140,0.00387829859243398,0.293
"chr11:88734415-88734522|up:88731994-88732128|down:88734637-88734650","Akap1","chr11","-",88734415,88734522,107,88731994,88732128,88734637,88734650,3.36830553172877e-06,-0.427
"chr11:93777847-93777899|up:93777033-93777242|down:93782164-93782214","Mbtd1","chr11","+",93777847,93777899,52,93777033,93777242,93782164,93782214,0.0294509356085971,-0.304
"chr11:93970024-93970036|up:93962390-93962512|down:93971565-93971580","Spag9","chr11","+",93970024,93970036,12,93962390,93962512,93971565,93971580,0.00595332956613346,0.196
"chr11:93970024-93970036|up:93962390-93962512|down:93972165-93972223","Spag9","chr11","+",93970024,93970036,12,93962390,93962512,93972165,93972223,0.00021566047063013,0.1
"chr11:94183219-94183298|up:94182154-94182404|down:94183752-94183858","Luc7l3","chr11","-",94183219,94183298,79,94182154,94182404,94183752,94183858,0.000160819830638747,-0.265
"chr11:94183232-94183298|up:94181886-94182404|down:94183752-94183858","Luc7l3","chr11","-",94183232,94183298,66,94181886,94182404,94183752,94183858,0.000948284233830729,-0.274
"chr11:97267262-97267367|up:97263891-97263956|down:97268761-97268892","Socs7","chr11","+",97267262,97267367,105,97263891,97263956,97268761,97268892,0.000297304927191256,0.109
"chr11:97267822-97267924|up:97263891-97263956|down:97268761-97268892","Socs7","chr11","+",97267822,97267924,102,97263891,97263956,97268761,97268892,0.000425332355884638,0.183
"chr11:97382469-97382492|up:97381959-97382056|down:97383876-97383908","Arhgap23","chr11","+",97382469,97382492,23,97381959,97382056,97383876,97383908,8.00498907670246e-13,0.228
"chr11:97590031-97590126|up:97588814-97588886|down:97590361-97590407","Pcgf2","chr11","-",97590031,97590126,95,97588814,97588886,97590361,97590407,0.000699996299511696,-0.328
"chr11:98140535-98140926|up:98136042-98136495|down:98154295-98154396","Cdk12","chr11","+",98140535,98140926,391,98136042,98136495,98154295,98154396,0.0218351815697566,0.185
"chr11:98608534-98608591|up:98607239-98607351|down:98608735-98608968","Med24","chr11","-",98608534,98608591,57,98607239,98607351,98608735,98608968,0,0.179
"chr11:102112593-102112677|up:102097732-102097992|down:102115559-102115781","Hdac5","chr11","-",102112593,102112677,84,102097732,102097992,102115559,102115781,7.3015169289544e-05,0.131
"chr11:102176489-102176544|up:102175756-102175914|down:102178133-102178697","Tmub2","chr11","+",102176489,102176544,55,102175756,102175914,102178133,102178697,0.00667402540408593,0.101
"chr11:104185684-104185750|up:104173193-104173306|down:104193186-104193236","Mapt","chr11","+",104185684,104185750,66,104173193,104173306,104193186,104193236,3.9257019947339e-05,0.143
"chr11:104189323-104190082|up:104185684-104185750|down:104193186-104193236","Mapt","chr11","+",104189323,104190082,759,104185684,104185750,104193186,104193236,0,-0.237
"chr11:104189371-104190082|up:104185684-104185750|down:104193186-104193236","Mapt","chr11","+",104189371,104190082,711,104185684,104185750,104193186,104193236,2.59888001530519e-13,-0.208
"chr11:104196037-104196235|up:104193186-104193236|down:104197451-104197500","Mapt","chr11","+",104196037,104196235,198,104193186,104193236,104197451,104197500,0,0.109
"chr11:106071780-106071809|up:106064504-106064607|down:106077950-106078006","Strada","chr11","-",106071780,106071809,29,106064504,106064607,106077950,106078006,0.000900127417551208,0.157
"chr11:106075387-106075445|up:106064504-106064607|down:106077950-106078006","Strada","chr11","-",106075387,106075445,58,106064504,106064607,106077950,106078006,0.000602301753398828,0.103
"chr11:106571857-106571911|up:106570374-106570437|down:106573705-106573779","Pecam1","chr11","-",106571857,106571911,54,106570374,106570437,106573705,106573779,0.000884537230798935,0.118
"chr11:106935317-106935491|up:106934458-106934651|down:106937825-106938169","Bptf","chr11","-",106935317,106935491,174,106934458,106934651,106937825,106938169,1.50868295563312e-09,-0.128
"chr11:106977537-106977723|up:106973338-106973526|down:106986541-106986751","Bptf","chr11","-",106977537,106977723,186,106973338,106973526,106986541,106986751,5.21162027294763e-05,-0.12
"chr11:113452831-113452950|up:113414291-113414450|down:113540767-113540897","Slc39a11","chr11","-",113452831,113452950,119,113414291,113414450,113540767,113540897,0.0131015827208678,0.224
"chr11:115051263-115051340|up:115051124-115051181|down:115051460-115053062","Rab37","chr11","+",115051263,115051340,77,115051124,115051181,115051460,115053062,0.000132455907333545,-0.178
"chr11:115795710-115795868|up:115787866-115788085|down:115813991-115814154","Recql5","chr11","-",115795710,115795868,158,115787866,115788085,115813991,115814154,0.0317044757556131,-0.134
"chr11:116184100-116184139|up:116183344-116183410|down:116184797-116184864","Exoc7","chr11","-",116184100,116184139,39,116183344,116183410,116184797,116184864,2.46650849294221e-07,0.169
"chr11:116188396-116188489|up:116186369-116186515|down:116191091-116191259","Exoc7","chr11","-",116188396,116188489,93,116186369,116186515,116191091,116191259,2.59888001530519e-13,0.21
"chr11:116231163-116231204|up:116229164-116229656|down:116235020-116235131","Rnf157","chr11","-",116231163,116231204,41,116229164,116229656,116235020,116235131,4.1730234038217e-08,0.238
"chr11:119999292-119999316|up:119997259-119997436|down:120000257-120000362","Slc38a10","chr11","-",119999292,119999316,24,119997259,119997436,120000257,120000362,0,0.174
"chr11:119999292-119999379|up:119997259-119997436|down:120000257-120000362","Slc38a10","chr11","-",119999292,119999379,87,119997259,119997436,120000257,120000362,0,0.327
"chr11:120503671-120503909|up:120503030-120503427|down:120504204-120504249","Pcyt2","chr11","-",120503671,120503909,238,120503030,120503427,120504204,120504249,3.88207186786632e-06,-0.138
"chr11:120509974-120510116|up:120509245-120509875|down:120510508-120510593","Sirt7","chr11","-",120509974,120510116,142,120509245,120509875,120510508,120510593,7.33897502342802e-06,-0.221
"chr11:120509974-120510116|up:120509245-120509875|down:120510988-120511095","Sirt7","chr11","-",120509974,120510116,142,120509245,120509875,120510988,120511095,5.80152882256624e-11,-0.197
"chr11:120520811-120520842|up:120520643-120520707|down:120521313-120521462","Mafg","chr11","-",120520811,120520842,31,120520643,120520707,120521313,120521462,0.00025643802318943,0.201
"chr11:120520811-120520842|up:120520643-120520707|down:120524187-120524426","Mafg","chr11","-",120520811,120520842,31,120520643,120520707,120524187,120524426,0.00124751535681706,0.157
"chr11:120844999-120845094|up:120839878-120839976|down:120846051-120846099","Slc16a3","chr11","+",120844999,120845094,95,120839878,120839976,120846051,120846099,2.28682319126952e-06,0.118
"chr11:120959860-120959914|up:120959509-120959672|down:120960413-120960722","Sectm1a","chr11","-",120959860,120959914,54,120959509,120959672,120960413,120960722,3.3470602441056e-05,0.276
"chr11:121187739-121187915|up:121181569-121181716|down:121197593-121200722","Foxk2","chr11","+",121187739,121187915,176,121181569,121181716,121197593,121200722,0.000327331485137548,-0.253
"chr12:3824569-3824610|up:3823550-3823640|down:3829618-3829654","Dtnb","chr12","+",3824569,3824610,41,3823550,3823640,3829618,3829654,3.98457234897981e-05,-0.187
"chr12:17043453-17043574|up:17042278-17042320|down:17045614-17045672","Pqlc3","chr12","-",17043453,17043574,121,17042278,17042320,17045614,17045672,0.000946648483951806,-0.136
"chr12:17047496-17047704|up:17043655-17045645|down:17047774-17047857","Pqlc3","chr12","-",17047496,17047704,208,17043655,17045645,17047774,17047857,0.000894816080795114,-0.234
"chr12:24974197-24974293|up:24932715-24932793|down:24984565-24984621","Mboat2","chr12","+",24974197,24974293,96,24932715,24932793,24984565,24984621,0.0205790201384674,-0.22
"chr12:25090454-25090568|up:25088322-25088549|down:25101093-25101225","Kidins220","chr12","+",25090454,25090568,114,25088322,25088549,25101093,25101225,1.89993419291157e-05,0.144
"chr12:34423876-34424137|up:34362532-34362710|down:34439243-34439461","Hdac9","chr12","-",34423876,34424137,261,34362532,34362710,34439243,34439461,0.000855587308772159,-0.113
"chr12:36071799-36071913|up:36064555-36065771|down:36092249-36092488","Tspan13","chr12","-",36071799,36071913,114,36064555,36065771,36092249,36092488,0.0139075109223648,-0.471
"chr12:40844595-40844622|up:40840074-40840160|down:40844766-40844862","Dock4","chr12","+",40844595,40844622,27,40840074,40840160,40844766,40844862,0,0.164
"chr12:52562889-52566750|up:52550798-52550831|down:52589271-52589419","Arhgap5","chr12","+",52562889,52566750,3861,52550798,52550831,52589271,52589419,0.00383304362850267,-0.101
"chr12:52562889-52566750|up:52550798-52550831|down:52589274-52589419","Arhgap5","chr12","+",52562889,52566750,3861,52550798,52550831,52589274,52589419,0.0294509356085971,-0.171
"chr12:54970169-54970265|up:54969824-54970049|down:54974348-54974409","Baz1a","chr12","-",54970169,54970265,96,54969824,54970049,54974348,54974409,0.000440533447488646,0.182
"chr12:65090316-65090385|up:65089776-65090131|down:65090541-65090651","Prpf39","chr12","+",65090316,65090385,69,65089776,65090131,65090541,65090651,0.000428683462664967,-0.126
"chr12:69521269-69521317|up:69516662-69517291|down:69522266-69522290","5830428M24Rik","chr12","-",69521269,69521317,48,69516662,69517291,69522266,69522290,0.00106021586688892,-0.589
"chr12:69772228-69772328|up:69771723-69771788|down:69784724-69784835","Dmac2l","chr12","+",69772228,69772328,100,69771723,69771788,69784724,69784835,0.0190657268400384,0.126
"chr12:70069054-70069115|up:70067607-70067805|down:70072153-70072255","Nin","chr12","-",70069054,70069115,61,70067607,70067805,70072153,70072255,0.00324169310056829,0.325
"chr12:70069054-70069115|up:70067607-70067805|down:70072180-70072255","Nin","chr12","-",70069054,70069115,61,70067607,70067805,70072180,70072255,0.0102616576979792,0.263
"chr12:70301811-70302000|up:70299216-70299258|down:70314835-70314974","Trim9","chr12","-",70301811,70302000,189,70299216,70299258,70314835,70314974,0.0198005613735602,0.124
"chr12:70314007-70314040|up:70299216-70299258|down:70314835-70314974","Trim9","chr12","-",70314007,70314040,33,70299216,70299258,70314835,70314974,5.72525237947919e-05,0.201
"chr12:71031266-71031519|up:71025506-71025589|down:71035197-71035263","Psma3","chr12","+",71031266,71031519,253,71025506,71025589,71035197,71035263,0.0291045050528797,-0.423
"chr12:73217367-73217441|up:73170490-73170700|down:73228557-73228698","Mnat1","chr12","+",73217367,73217441,74,73170490,73170700,73228557,73228698,2.35822195569196e-06,0.657
"chr12:73225978-73226082|up:73170490-73170700|down:73234913-73235039","Mnat1","chr12","+",73225978,73226082,104,73170490,73170700,73234913,73235039,1.90574496674557e-05,-0.315
"chr12:73390442-73390522|up:73388480-73388534|down:73391566-73391667","Slc38a6","chr12","+",73390442,73390522,80,73388480,73388534,73391566,73391667,0.0025309142595526,0.319
"chr12:77008036-77008063|up:76999942-77000050|down:77008763-77008799","Max","chr12","-",77008036,77008063,27,76999942,77000050,77008763,77008799,3.18154548488872e-06,0.148
"chr12:80689562-80689619|up:80684263-80684384|down:80690537-80690606","Erh","chr12","-",80689562,80689619,57,80684263,80684384,80690537,80690606,0.0397349486418129,0.248
"chr12:81975015-81975148|up:81960159-81960249|down:81993704-81993795","Pcnx","chr12","+",81975015,81975148,133,81960159,81960249,81993704,81993795,0.00626057959707844,0.491
"chr12:84998964-84999190|up:84997855-84998155|down:85012662-85012804","Arel1","chr12","-",84998964,84999190,226,84997855,84998155,85012662,85012804,0.0404283960928313,-0.352
"chr12:85890719-85890772|up:85890551-85890634|down:85892020-85892127","Ttll5","chr12","+",85890719,85890772,53,85890551,85890634,85892020,85892127,0.0001263137649096,-0.119
"chr12:87202246-87202343|up:87193938-87194282|down:87204666-87204718","Gstz1","chr12","+",87202246,87202343,97,87193938,87194282,87204666,87204718,0.00103957699411304,0.142
"chr12:88817048-88817078|up:88799322-88799340|down:89153791-89154093","Nrxn3","chr12","+",88817048,88817078,30,88799322,88799340,89153791,89154093,0.00398410740864226,-0.277
"chr12:89321222-89321249|up:89315015-89315219|down:89469787-89469907","Nrxn3","chr12","+",89321222,89321249,27,89315015,89315219,89469787,89469907,1.5788203606732e-08,-0.789
"chr12:91222348-91222513|up:91200817-91200994|down:91226759-91227410","Cep128","chr12","-",91222348,91222513,165,91200817,91200994,91226759,91227410,0.00523025096303828,0.2
"chr12:98745366-98745526|up:98740503-98740578|down:98749840-98749961","Zc3h14","chr12","+",98745366,98745526,160,98740503,98740578,98749840,98749961,0.00304385698648381,-0.101
"chr12:103016153-103016182|up:103013916-103013957|down:103025577-103025687","Unc79","chr12","+",103016153,103016182,29,103013916,103013957,103025577,103025687,5.84596770543621e-05,0.285
"chr12:109515725-109515806|up:109512312-109512425|down:109515913-109515987","Meg3","chr12","+",109515725,109515806,81,109512312,109512425,109515913,109515987,0.0279414616501824,-0.232
"chr12:109515913-109515987|up:109511280-109512425|down:109516087-109516245","Meg3","chr12","+",109515913,109515987,74,109511280,109512425,109516087,109516245,5.49785788679113e-07,0.267
"chr12:109515913-109516014|up:109512312-109512425|down:109516087-109516245","Meg3","chr12","+",109515913,109516014,101,109512312,109512425,109516087,109516245,4.13673457622211e-08,0.553
"chr12:109515953-109515987|up:109512312-109512425|down:109516087-109516245","Meg3","chr12","+",109515953,109515987,34,109512312,109512425,109516087,109516245,1.15698207358848e-08,0.706
"chr12:109600627-109600788|up:109593481-109593566|down:109601827-109601891","Rian","chr12","+",109600627,109600788,161,109593481,109593566,109601827,109601891,0.0238396595809722,-0.453
"chr12:109609847-109609895|up:109606700-109606762|down:109611695-109611765","Rian","chr12","+",109609847,109609895,48,109606700,109606762,109611695,109611765,0.0423969470140858,0.123
"chr12:110444793-110445057|up:110440961-110443435|down:110450469-110450641","Gm19605","chr12","-",110444793,110445057,264,110440961,110443435,110450469,110450641,0.000271108393066682,0.349
"chr12:110843656-110843806|up:110843274-110843404|down:110845421-110845473","Cinp","chr12","-",110843656,110843806,150,110843274,110843404,110845421,110845473,0.00548380560396285,-0.331
"chr12:111385193-111385298|up:111383878-111383954|down:111387932-111388017","Exoc3l4","chr12","+",111385193,111385298,105,111383878,111383954,111387932,111388017,0.000447748303649476,0.393
"chr12:111760082-111760133|up:111755758-111755893|down:111760770-111761329","Klc1","chr12","+",111760082,111760133,51,111755758,111755893,111760770,111761329,4.04143840633022e-06,0.126
"chr12:111760082-111760133|up:111755758-111755920|down:111760770-111761329","Klc1","chr12","+",111760082,111760133,51,111755758,111755920,111760770,111761329,3.23366448185663e-05,0.104
"chr13:11905719-11905734|up:11900349-11900424|down:11933196-11933301","Ryr2","chr13","-",11905719,11905734,15,11900349,11900424,11933196,11933301,0.0038321614029679,0.338
"chr13:21633443-21633503|up:21631955-21632064|down:21633610-21633686","Zscan26","chr13","-",21633443,21633503,60,21631955,21632064,21633610,21633686,0.00098798154981665,-0.195
"chr13:21706393-21706485|up:21705955-21706079|down:21709307-21709476","Zkscan8","chr13","-",21706393,21706485,92,21705955,21706079,21709307,21709476,8.21525010499406e-07,-0.165
"chr13:34967892-34968041|up:34965567-34965633|down:34971469-34971553","Gm47157","chr13","-",34967892,34968041,149,34965567,34965633,34971469,34971553,0.00264774343063961,-0.274
"chr13:35083297-35083438|up:35083091-35083206|down:35083813-35083965","Prpf4b","chr13","+",35083297,35083438,141,35083091,35083206,35083813,35083965,2.53480687567769e-10,-0.234
"chr13:38167070-38167085|up:38163718-38163782|down:38167368-38167462","Ssr1","chr13","-",38167070,38167085,15,38163718,38163782,38167368,38167462,2.10734500767394e-08,0.156
"chr13:39128475-39128630|up:39127034-39127142|down:39139624-39139912","Slc35b3","chr13","-",39128475,39128630,155,39127034,39127142,39139624,39139912,0.00343920122050433,-0.124
"chr13:43819233-43819298|up:43769458-43769543|down:43821235-43821542","Rnf182","chr13","+",43819233,43819298,65,43769458,43769543,43821235,43821542,0.00379761135967753,0.115
"chr13:47018294-47018307|up:47001801-47001862|down:47082691-47082782","Kif13a","chr13","-",47018294,47018307,13,47001801,47001862,47082691,47082782,0.0476513745860557,0.115
"chr13:55712332-55712393|up:55703795-55704038|down:55718587-55718913","Fam193b","chr13","-",55712332,55712393,61,55703795,55704038,55718587,55718913,0.0136010293468498,-0.11
"chr13:58164259-58164361|up:58161643-58161772|down:58166610-58166808","Klhl3","chr13","-",58164259,58164361,102,58161643,58161772,58166610,58166808,0.000328856603775046,0.412
"chr13:59665466-59665504|up:59661900-59662109|down:59672959-59673053","Agtpbp1","chr13","-",59665466,59665504,38,59661900,59662109,59672959,59673053,5.21793667820254e-06,0.119
"chr13:63508009-63508074|up:63495233-63495398|down:63545896-63545981","Fancc","chr13","-",63508009,63508074,65,63495233,63495398,63545896,63545981,0.00334844557462196,-0.193
"chr13:64349145-64349262|up:64343150-64344489|down:64353084-64353231","Cdc14b","chr13","-",64349145,64349262,117,64343150,64344489,64353084,64353231,0.00665417757844717,0.53
"chr13:64353084-64353231|up:64349145-64349262|down:64356920-64356996","Cdc14b","chr13","-",64353084,64353231,147,64349145,64349262,64356920,64356996,0.0309096415828087,0.31
"chr13:64373385-64373462|up:64364025-64364113|down:64391447-64391540","Cdc14b","chr13","-",64373385,64373462,77,64364025,64364113,64391447,64391540,0.000169215324324696,-0.179
"chr13:64445068-64445200|up:64423441-64423670|down:64456635-64456741","Prxl2c","chr13","-",64445068,64445200,132,64423441,64423670,64456635,64456741,0.00371690750469796,0.127
"chr13:65335254-65335422|up:65332776-65332947|down:65338038-65338079","Nlrp4f","chr13","-",65335254,65335422,168,65332776,65332947,65338038,65338079,2.14332252434951e-06,0.254
"chr13:67644303-67644330|up:67642721-67642848|down:67648529-67648622","Zfp58","chr13","-",67644303,67644330,27,67642721,67642848,67648529,67648622,0.0175637429423673,-0.104
"chr13:68732254-68732475|up:68730352-68730383|down:68733296-68733382","Fastkd3","chr13","+",68732254,68732475,221,68730352,68730383,68733296,68733382,0.0190662497359651,0.533
"chr13:74731765-74731992|up:74729232-74729359|down:74739390-74739510","Gm46430","chr13","-",74731765,74731992,227,74729232,74729359,74739390,74739510,0.0223443114583391,-0.38
"chr13:74731765-74731992|up:74730309-74730367|down:74739390-74739510","Gm46430","chr13","-",74731765,74731992,227,74730309,74730367,74739390,74739510,0.00187609735255649,-0.433
"chr13:85345469-85345680|up:85338872-85338995|down:85350559-85350615","Ccnh","chr13","+",85345469,85345680,211,85338872,85338995,85350559,85350615,4.13441358054042e-05,-0.285
"chr13:92610470-92610636|up:92604452-92604670|down:92614335-92614461","Fam151b","chr13","-",92610470,92610636,166,92604452,92604670,92614335,92614461,0.00115796740267725,-0.369
"chr13:94680491-94680530|up:94679286-94679384|down:94684262-94684401","Ap3b1","chr13","+",94680491,94680530,39,94679286,94679384,94684262,94684401,0,0.15
"chr13:97619456-97619540|up:97571477-97571600|down:97629663-97630238","Lncenc1","chr13","+",97619456,97619540,84,97571477,97571600,97629663,97630238,6.98373217994322e-05,0.195
"chr13:99578141-99578282|up:99563726-99563965|down:99644615-99644717","Map1b","chr13","-",99578141,99578282,141,99563726,99563965,99644615,99644717,0.00750360027238407,-0.146
"chr13:103900803-103900927|up:103900389-103900514|down:103905824-103905856","Srek1","chr13","-",103900803,103900927,124,103900389,103900514,103905824,103905856,5.42052117477125e-11,0.134
"chr13:103966695-103966839|up:103964414-103964531|down:103970005-103971536","Erbin","chr13","-",103966695,103966839,144,103964414,103964531,103970005,103971536,3.67696787739001e-08,-0.157
"chr13:104022648-104022846|up:104005327-104005406|down:104056753-104056803","Erbin","chr13","-",104022648,104022846,198,104005327,104005406,104056753,104056803,5.1330431071284e-06,-0.455
"chr13:107106211-107106325|up:107105145-107105296|down:107111002-107111070","Kif2a","chr13","-",107106211,107106325,114,107105145,107105296,107111002,107111070,3.44348512967576e-06,-0.145
"chr13:111584429-111584489|up:111577165-111577350|down:111585466-111585533","Gpbp1","chr13","-",111584429,111584489,60,111577165,111577350,111585466,111585533,1.12980666838728e-10,0.147
"chr14:13987152-13987356|up:13958579-13958911|down:13996360-13996422","Cfap20dc","chr14","+",13987152,13987356,204,13958579,13958911,13996360,13996422,0.0129491592471805,-0.108
"chr14:14982611-14982725|up:14980545-14981234|down:14985916-14986067","Gm3752","chr14","+",14982611,14982725,114,14980545,14981234,14985916,14986067,0.0157594179638082,-0.117
"chr14:15299928-15300079|up:15295239-15295273|down:15310386-15310549","Gm3512","chr14","+",15299928,15300079,151,15295239,15295273,15310386,15310549,0.00262144731600515,0.353
"chr14:15378955-15379090|up:15369151-15369208|down:15379821-15379984","Gm3696","chr14","+",15378955,15379090,135,15369151,15369208,15379821,15379984,5.36401155092723e-06,-0.509
"chr14:16433030-16433144|up:16431563-16431648|down:16437386-16437537","Gm8206","chr14","+",16433030,16433144,114,16431563,16431648,16437386,16437537,2.26252336143412e-09,-0.572
"chr14:19620388-19620523|up:19619493-19619656|down:19630274-19630425","Gm2237","chr14","-",19620388,19620523,135,19619493,19619656,19630274,19630425,0.00327938638826421,0.173
"chr14:20345155-20345334|up:20344781-20344860|down:20354020-20354160","Nudt13","chr14","+",20345155,20345334,179,20344781,20344860,20354020,20354160,0.0201058170975216,-0.134
"chr14:20406422-20406565|up:20401379-20401484|down:20413330-20413518","Fam149b","chr14","+",20406422,20406565,143,20401379,20401484,20413330,20413518,0.00543499754845098,0.29
"chr14:20735279-20735348|up:20733952-20734089|down:20736576-20736678","Sec24c","chr14","+",20735279,20735348,69,20733952,20734089,20736576,20736678,0.00375217365350685,0.143
"chr14:20791445-20791559|up:20789394-20789470|down:20792772-20792821","Camk2g","chr14","-",20791445,20791559,114,20789394,20789470,20792772,20792821,5.2875225611611e-06,0.135
"chr14:20795859-20795928|up:20794671-20794716|down:20797886-20797919","Camk2g","chr14","-",20795859,20795928,69,20794671,20794716,20797886,20797919,0.0389012429569655,0.148
"chr14:23544606-23544762|up:23513168-23513278|down:23551192-23551262","Kcnma1","chr14","-",23544606,23544762,156,23513168,23513278,23551192,23551262,0.0100342288443127,-0.101
"chr14:23576603-23576695|up:23559857-23559968|down:23576792-23576884","Kcnma1","chr14","-",23576603,23576695,92,23559857,23559968,23576792,23576884,0.00630521314346458,-0.101
"chr14:24252365-24252434|up:24242859-24243022|down:24295214-24295988","Dlg5","chr14","-",24252365,24252434,69,24242859,24243022,24295214,24295988,0.00869172600910798,0.159
"chr14:25980743-25980945|up:25979506-25980098|down:25983911-25983969","Duxbl1","chr14","+",25980743,25980945,202,25979506,25980098,25983911,25983969,0.00170286026563699,-0.284
"chr14:26865949-26866087|up:26836855-26836880|down:26874918-26875012","Arhgef3","chr14","+",26865949,26866087,138,26836855,26836880,26874918,26875012,1.00228474147005e-05,-0.238
"chr14:30735385-30735522|up:30735123-30735212|down:30736009-30736184","Gnl3","chr14","-",30735385,30735522,137,30735123,30735212,30736009,30736184,3.06560648323351e-06,-0.446
"chr14:30961076-30961193|up:30960293-30960439|down:30961587-30961694","Phf7","chr14","-",30961076,30961193,117,30960293,30960439,30961587,30961694,0.0166968571772713,0.114
"chr14:31765045-31765250|up:31750945-31751988|down:31768253-31768418","Galnt15","chr14","+",31765045,31765250,205,31750945,31751988,31768253,31768418,0.00382594075526214,-0.171
"chr14:43986205-43986368|up:43935280-43935630|down:43987358-43987490","Gm6526","chr14","+",43986205,43986368,163,43935280,43935630,43987358,43987490,0.0497167795366929,0.161
"chr14:44798155-44798244|up:44797289-44797471|down:44799238-44799401","Gm5624","chr14","-",44798155,44798244,89,44797289,44797471,44799238,44799401,0.000785242525902698,0.106
"chr14:44798155-44798287|up:44797289-44797471|down:44799238-44799401","Gm5624","chr14","-",44798155,44798287,132,44797289,44797471,44799238,44799401,0.000327339854512147,0.124
"chr14:45567822-45567978|up:45567303-45567560|down:45568286-45568366","Psmc6","chr14","+",45567822,45567978,156,45567303,45567560,45568286,45568366,0.0355883330525339,-0.2
"chr14:45860297-45860399|up:45858168-45858297|down:45866310-45866331","Ddhd1","chr14","-",45860297,45860399,102,45858168,45858297,45866310,45866331,0.00534608001040081,0.134
"chr14:45860297-45860399|up:45858168-45858297|down:45867036-45867210","Ddhd1","chr14","-",45860297,45860399,102,45858168,45858297,45867036,45867210,1.51614692199789e-08,0.208
"chr14:45866310-45866331|up:45858168-45858297|down:45867036-45867207","Ddhd1","chr14","-",45866310,45866331,21,45858168,45858297,45867036,45867207,1.72061376212635e-05,0.202
"chr14:47053634-47053684|up:47051700-47051774|down:47059557-47059641","Gmfb","chr14","-",47053634,47053684,50,47051700,47051774,47059557,47059641,0.0177971868240226,0.108
"chr14:47290306-47290570|up:47253733-47254252|down:47301676-47301786","Samd4","chr14","+",47290306,47290570,264,47253733,47254252,47301676,47301786,0.0145516858827349,-0.15
"chr14:47963385-47963457|up:47962334-47962427|down:47963682-47963766","Ktn1","chr14","+",47963385,47963457,72,47962334,47962427,47963682,47963766,7.46915729597831e-08,-0.143
"chr14:51070337-51070488|up:51069188-51069296|down:51070910-51070919","Tep1","chr14","-",51070337,51070488,151,51069188,51069296,51070910,51070919,4.46019730764414e-05,-0.126
"chr14:52126603-52126854|up:52126198-52126293|down:52126984-52127092","Mettl17","chr14","+",52126603,52126854,251,52126198,52126293,52126984,52127092,0.00256657518443105,-0.157
"chr14:52242335-52242356|up:52242068-52242199|down:52242445-52242492","Arhgef40","chr14","+",52242335,52242356,21,52242068,52242199,52242445,52242492,0.00878694833148361,-0.176
"chr14:52257647-52257831|up:52247426-52247515|down:52257979-52258143","Zfp219","chr14","-",52257647,52257831,184,52247426,52247515,52257979,52258143,0.00424980551691312,0.173
"chr14:57048196-57048316|up:57041871-57042320|down:57049048-57049173","Zmym5","chr14","-",57048196,57048316,120,57041871,57042320,57049048,57049173,0.000377227763422474,0.114
"chr14:58087601-58087637|up:58084377-58084519|down:58094066-58094187","Zdhhc20","chr14","-",58087601,58087637,36,58084377,58084519,58094066,58094187,6.6172500227135e-08,0.196
"chr14:59444212-59444379|up:59443073-59443171|down:59447373-59447420","Rcbtb1","chr14","+",59444212,59444379,167,59443073,59443171,59447373,59447420,0.00327905133477067,-0.606
"chr14:59444252-59444379|up:59443073-59443171|down:59447376-59447516","Rcbtb1","chr14","+",59444252,59444379,127,59443073,59443171,59447376,59447516,0.0068701276387848,-0.509
"chr14:59447191-59447259|up:59443073-59443171|down:59447376-59447516","Rcbtb1","chr14","+",59447191,59447259,68,59443073,59443171,59447376,59447516,0.0286048502216904,0.162
"chr14:61861881-61861931|up:61840479-61841255|down:61862668-61862811","Dleu2","chr14","-",61861881,61861931,50,61840479,61841255,61862668,61862811,0.0427466608636049,-0.164
"chr14:65062747-65062819|up:65054465-65054585|down:65063049-65063141","Hmbox1","chr14","-",65062747,65062819,72,65054465,65054585,65063049,65063141,0.00797309893298637,-0.127
"chr14:70842736-70842802|up:70842407-70842488|down:70842980-70842988","Dmtn","chr14","-",70842736,70842802,66,70842407,70842488,70842980,70842988,0.0239082351189277,-0.117
"chr14:103414691-103414766|up:103412201-103412426|down:103419789-103419930","Mycbp2","chr14","-",103414691,103414766,75,103412201,103412426,103419789,103419930,2.38844283871793e-09,0.116
"chr14:103662577-103662677|up:103642137-103642313|down:103677750-103678929","1700087I21Rik","chr14","+",103662577,103662677,100,103642137,103642313,103677750,103678929,0.00109694706515832,-0.463
"chr14:119161308-119161507|up:119160463-119160579|down:119161836-119161930","Dzip1","chr14","-",119161308,119161507,199,119160463,119160579,119161836,119161930,0.00537855963073971,-0.149
"chr14:119343557-119343726|up:119338443-119338576|down:119347030-119347804","Gm16835","chr14","+",119343557,119343726,169,119338443,119338576,119347030,119347804,9.29700907370769e-05,-0.382
"chr14:120640747-120640783|up:120633862-120634016|down:120642049-120642078","Mbnl2","chr14","+",120640747,120640783,36,120633862,120634016,120642049,120642078,2.06151569147105e-05,0.145
"chr14:120640747-120640783|up:120633862-120634016|down:120666346-120669107","Mbnl2","chr14","+",120640747,120640783,36,120633862,120634016,120666346,120669107,0.00276681893539065,0.113
"chr14:121797336-121797372|up:121796398-121796545|down:121798001-121798115","Dock9","chr14","-",121797336,121797372,36,121796398,121796545,121798001,121798115,0.0101146356328822,0.19
"chr14:123161033-123161089|up:123150478-123150704|down:123163541-123166854","4930594M22Rik","chr14","+",123161033,123161089,56,123150478,123150704,123163541,123166854,0.00413972102759604,0.483
"chr15:5075126-5075265|up:5052067-5052181|down:5076345-5076490","C7","chr15","-",5075126,5075265,139,5052067,5052181,5076345,5076490,4.97860633454228e-05,-0.252
"chr15:35115083-35115104|up:35114674-35114803|down:35115710-35115791","Stk3","chr15","-",35115083,35115104,21,35114674,35114803,35115710,35115791,2.32344502416303e-10,0.135
"chr15:39449929-39450181|up:39448580-39449158|down:39479664-39479696","Rims2","chr15","+",39449929,39450181,252,39448580,39449158,39479664,39479696,0.00489615612017841,0.1
"chr15:41712065-41712146|up:41694353-41694525|down:41713854-41713980","Oxr1","chr15","+",41712065,41712146,81,41694353,41694525,41713854,41713980,0.0046610905054062,0.246
"chr15:58015992-58016141|up:58014001-58014052|down:58016975-58017100","Wdyhv1","chr15","+",58015992,58016141,149,58014001,58014052,58016975,58017100,1.94679704461023e-06,0.11
"chr15:58819174-58819369|up:58817694-58817868|down:58823318-58823529","Mtss1","chr15","-",58819174,58819369,195,58817694,58817868,58823318,58823529,7.8969694359759e-10,0.177
"chr15:61978972-61979314|up:61909854-61910050|down:62114022-62114146","Pvt1","chr15","+",61978972,61979314,342,61909854,61910050,62114022,62114146,0.000722167580853768,-0.211
"chr15:62021087-62021201|up:61909827-61910050|down:62047315-62047397","Pvt1","chr15","+",62021087,62021201,114,61909827,61910050,62047315,62047397,0.0249316195848359,0.143
"chr15:62021087-62021201|up:61909827-61910050|down:62114022-62114150","Pvt1","chr15","+",62021087,62021201,114,61909827,61910050,62114022,62114150,0.0018368691764503,-0.103
"chr15:62031845-62031977|up:61909845-61910050|down:62114022-62114146","Pvt1","chr15","+",62031845,62031977,132,61909845,61910050,62114022,62114146,0.000992881216836525,-0.211
"chr15:63829433-63829516|up:63828448-63828531|down:63869746-63869818","Cyrib","chr15","-",63829433,63829516,83,63828448,63828531,63869746,63869818,0.0123131385382555,0.128
"chr15:66469513-66469603|up:66469207-66469296|down:66475875-66476089","Phf20l1","chr15","+",66469513,66469603,90,66469207,66469296,66475875,66476089,0.0374634334301523,0.114
"chr15:73236889-73237044|up:73202697-73202864|down:73263607-73263729","Ptk2","chr15","-",73236889,73237044,155,73202697,73202864,73263607,73263729,1.82144288951477e-05,-0.277
"chr15:73236889-73237044|up:73202697-73202864|down:73266496-73266593","Ptk2","chr15","-",73236889,73237044,155,73202697,73202864,73266496,73266593,0.0209261309066298,-0.161
"chr15:75763811-75763896|up:75763632-75763713|down:75764190-75764331","Naprt","chr15","-",75763811,75763896,85,75763632,75763713,75764190,75764331,0.000828688010449298,-0.293
"chr15:75774527-75775667|up:75772980-75773101|down:75781093-75781189","Eef1d","chr15","-",75774527,75775667,1140,75772980,75773101,75781093,75781189,1.63027543563202e-06,0.157
"chr15:75774527-75775667|up:75772980-75773104|down:75781093-75781189","Eef1d","chr15","-",75774527,75775667,1140,75772980,75773104,75781093,75781189,7.8969694359759e-10,0.128
"chr15:75921305-75921389|up:75921051-75921150|down:75921898-75921961","Scrib","chr15","-",75921305,75921389,84,75921051,75921150,75921898,75921961,2.11757429750358e-07,-0.132
"chr15:75946455-75946506|up:75944255-75944417|down:75947390-75947480","Puf60","chr15","-",75946455,75946506,51,75944255,75944417,75947390,75947480,1.15926029246631e-07,0.103
"chr15:76078165-76078201|up:76077609-76077687|down:76078540-76078630","Plec","chr15","-",76078165,76078201,36,76077609,76077687,76078540,76078630,0,0.101
"chr15:76274230-76274327|up:76264712-76264776|down:76278002-76278148","Mroh1","chr15","+",76274230,76274327,97,76264712,76264776,76278002,76278148,0.000517048117576222,0.247
"chr15:76573527-76573694|up:76555846-76555962|down:76574371-76575352","Ppp1r16a","chr15","+",76573527,76573694,167,76555846,76555962,76574371,76575352,0.0280678457845143,0.114
"chr15:76614563-76614656|up:76611602-76611676|down:76619076-76619638","Arhgap39","chr15","-",76614563,76614656,93,76611602,76611676,76619076,76619638,2.32344502416303e-10,0.25
"chr15:78321100-78321163|up:78319784-78319910|down:78321783-78321871","Kctd17","chr15","+",78321100,78321163,63,78319784,78319910,78321783,78321871,4.19312815696982e-08,-0.118
"chr15:78321100-78321194|up:78319784-78319910|down:78321783-78321871","Kctd17","chr15","+",78321100,78321194,94,78319784,78319910,78321783,78321871,1.22512633473975e-07,-0.105
"chr15:78321100-78321299|up:78319784-78319910|down:78321783-78321871","Kctd17","chr15","+",78321100,78321299,199,78319784,78319910,78321783,78321871,2.01811057122995e-08,-0.104
"chr15:79211834-79211914|up:79201960-79202210|down:79212409-79212453","Pla2g6","chr15","-",79211834,79211914,80,79201960,79202210,79212409,79212453,0.00140286639784641,-0.126
"chr15:79521214-79521338|up:79519505-79520967|down:79524204-79524309","Fam227a","chr15","-",79521214,79521338,124,79519505,79520967,79524204,79524309,0.000465688923961371,-0.506
"chr15:79649987-79650054|up:79649016-79649222|down:79658559-79658823","Dnal4","chr15","-",79649987,79650054,67,79649016,79649222,79658559,79658823,0.023789401793687,0.119
"chr15:82220970-82221142|up:82220043-82220221|down:82221587-82221697","Naga","chr15","-",82220970,82221142,172,82220043,82220221,82221587,82221697,0.00049839050576834,-0.102
"chr15:83267823-83267829|up:83265962-83266084|down:83269187-83269292","Pacsin2","chr15","-",83267823,83267829,6,83265962,83266084,83269187,83269292,1.47590581058568e-08,0.132
"chr15:83962969-83963098|up:83961345-83961783|down:83964387-83964526","Sult4a1","chr15","-",83962969,83963098,129,83961345,83961783,83964387,83964526,0,0.201
"chr15:85123494-85123620|up:85114999-85115101|down:85126211-85126343","Fbln1","chr15","+",85123494,85123620,126,85114999,85115101,85126211,85126343,0.00771409840075307,0.551
"chr15:85778378-85778484|up:85778154-85778221|down:85779126-85779227","Trmu","chr15","+",85778378,85778484,106,85778154,85778221,85779126,85779227,0.0119748671403484,-0.163
"chr15:88958275-88958401|up:88955773-88955921|down:88959301-88960109","1810021B22Rik","chr15","-",88958275,88958401,126,88955773,88955921,88959301,88960109,0.00539489587059161,-0.306
"chr15:89191374-89191398|up:89191032-89191138|down:89191695-89191806","Sbf1","chr15","-",89191374,89191398,24,89191032,89191138,89191695,89191806,0,0.134
"chr15:89422217-89422241|up:89417576-89417657|down:89427302-89427433","Shank3","chr15","+",89422217,89422241,24,89417576,89417657,89427302,89427433,0.00370443296087122,0.129
"chr15:89440923-89440951|up:89431828-89434085|down:89441937-89444464","Shank3","chr15","+",89440923,89440951,28,89431828,89434085,89441937,89444464,0.00566003111355699,0.338
"chr15:92258919-92259046|up:92242232-92242464|down:92261664-92261733","Gm26760","chr15","+",92258919,92259046,127,92242232,92242464,92261664,92261733,0.000814540055317921,-0.293
"chr15:92258919-92259046|up:92242232-92242464|down:92263378-92264810","Gm26760","chr15","+",92258919,92259046,127,92242232,92242464,92263378,92264810,0.00237742096941166,-0.544
"chr15:92258919-92259046|up:92242232-92242464|down:92263840-92264810","Gm26760","chr15","+",92258919,92259046,127,92242232,92242464,92263840,92264810,0.0444252174081859,-0.374
"chr15:92258919-92259046|up:92242232-92242464|down:92264059-92264810","Gm26760","chr15","+",92258919,92259046,127,92242232,92242464,92264059,92264810,0.001511930362008,-0.166
"chr15:92258919-92259046|up:92242232-92242464|down:92265055-92265175","Gm26760","chr15","+",92258919,92259046,127,92242232,92242464,92265055,92265175,3.3470602441056e-05,-0.168
"chr15:92258919-92259050|up:92242247-92242464|down:92263378-92264810","Gm26760","chr15","+",92258919,92259050,131,92242247,92242464,92263378,92264810,0.00249412137021852,-0.543
"chr15:92258919-92259050|up:92242247-92242464|down:92263840-92264810","Gm26760","chr15","+",92258919,92259050,131,92242247,92242464,92263840,92264810,5.70607652618283e-06,-0.477
"chr15:93293467-93293496|up:93285627-93285740|down:93296043-93296182","Zcrb1","chr15","-",93293467,93293496,29,93285627,93285740,93296043,93296182,0.000759170680914049,-0.163
"chr15:93318164-93318371|up:93296277-93296342|down:93321894-93321956","Pphln1","chr15","+",93318164,93318371,207,93296277,93296342,93321894,93321956,0.0429116380875512,-0.129
"chr15:98429203-98429318|up:98427166-98427334|down:98429600-98429779","Kansl2","chr15","-",98429203,98429318,115,98427166,98427334,98429600,98429779,0.000307856986827618,-0.107
"chr15:98885637-98885711|up:98881574-98881745|down:98885857-98886026","4930578M01Rik","chr15","+",98885637,98885711,74,98881574,98881745,98885857,98886026,0.0392796815597014,-0.128
"chr15:99226974-99227057|up:99225724-99226047|down:99227160-99227313","Fmnl3","chr15","-",99226974,99227057,83,99225724,99226047,99227160,99227313,0.00281721077343178,-0.157
"chr15:99541273-99541404|up:99540763-99540852|down:99549387-99549493","Racgap1","chr15","-",99541273,99541404,131,99540763,99540852,99549387,99549493,1.11848013901345e-10,-0.147
"chr15:100857220-100857312|up:100855341-100855470|down:100857483-100857575","Scn8a","chr15","+",100857220,100857312,92,100855341,100855470,100857483,100857575,0.00313077535762619,-0.1
"chr15:102086961-102087051|up:102085433-102086221|down:102087215-102087267","Csad","chr15","-",102086961,102087051,90,102085433,102086221,102087215,102087267,0.00536438412659678,-0.112
"chr15:102428909-102429012|up:102426889-102427037|down:102429572-102429648","Tarbp2","chr15","+",102428909,102429012,103,102426889,102427037,102429572,102429648,0.0347496144419432,-0.142
"chr15:103338603-103338684|up:103336766-103336811|down:103338782-103338806","Gtsf1","chr15","-",103338603,103338684,81,103336766,103336811,103338782,103338806,0.0171446500513668,-0.166
"chr16:4752058-4752103|up:4750063-4750162|down:4754759-4755285","Mgrn1","chr16","+",4752058,4752103,45,4750063,4750162,4754759,4755285,0.0280652123426945,0.14
"chr16:10911679-10911792|up:10909449-10909650|down:10922429-10922523","Txndc11","chr16","-",10911679,10911792,113,10909449,10909650,10922429,10922523,0.0371320194437014,0.108
"chr16:15411554-15411622|up:15398922-15399071|down:15412323-15412336","Ube2v2","chr16","-",15411554,15411622,68,15398922,15399071,15412323,15412336,0.000152305644525748,0.129
"chr16:16836149-16836339|up:16801245-16801603|down:16843889-16844004","Mapk1","chr16","+",16836149,16836339,190,16801245,16801603,16843889,16844004,0.0467697642585305,-0.341
"chr16:17118354-17118495|up:17115447-17115534|down:17118856-17118964","Pi4ka","chr16","-",17118354,17118495,141,17115447,17115534,17118856,17118964,0.00182607716948618,-0.344
"chr16:17453345-17453432|up:17449849-17449921|down:17456359-17456505","Smpd4","chr16","+",17453345,17453432,87,17449849,17449921,17456359,17456505,0.00226307760004798,0.13
"chr16:18219530-18219548|up:18218834-18219003|down:18220316-18220388","Arvcf","chr16","+",18219530,18219548,18,18218834,18219003,18220316,18220388,7.88857169241047e-11,0.166
"chr16:18256251-18256396|up:18248560-18248626|down:18259542-18259621","Txnrd2","chr16","+",18256251,18256396,145,18248560,18248626,18259542,18259621,2.91585154059633e-05,-0.646
"chr16:20409219-20409281|up:20408895-20409031|down:20409422-20409648","Vwa5b2","chr16","+",20409219,20409281,62,20408895,20409031,20409422,20409648,0.00430703572166353,-0.117
"chr16:20493535-20493556|up:20492977-20493064|down:20494093-20494270","Eif4g1","chr16","+",20493535,20493556,21,20492977,20493064,20494093,20494270,1.83302648422216e-13,0.166
"chr16:20553611-20553719|up:20553435-20553523|down:20553866-20554008","Chrd","chr16","+",20553611,20553719,108,20553435,20553523,20553866,20554008,0.0326751206765193,-0.358
"chr16:21792807-21792891|up:21786734-21786902|down:21794982-21795084","Liph","chr16","-",21792807,21792891,84,21786734,21786902,21794982,21795084,0.00258774330714496,0.588
"chr16:22747824-22748059|up:22738986-22739245|down:22748382-22748493","Fetub","chr16","+",22747824,22748059,235,22738986,22739245,22748382,22748493,0.000884537230798935,-0.102
"chr16:24261530-24261640|up:24212487-24212533|down:24275582-24275692","Lpp","chr16","+",24261530,24261640,110,24212487,24212533,24275582,24275692,0.00380042718687976,0.164
"chr16:31673470-31673506|up:31672660-31672702|down:31675258-31675309","Dlg1","chr16","+",31673470,31673506,36,31672660,31672702,31675258,31675309,8.81268485011539e-07,0.139
"chr16:31673485-31673506|up:31666453-31666487|down:31675258-31675309","Dlg1","chr16","+",31673485,31673506,21,31666453,31666487,31675258,31675309,0.0218207418493108,-0.104
"chr16:32499723-32499813|up:32498276-32499625|down:32499969-32500097","Tnk2","chr16","+",32499723,32499813,90,32498276,32499625,32499969,32500097,4.2247188603458e-07,-0.106
"chr16:32661906-32661951|up:32658607-32658723|down:32663367-32663901","Rubcn","chr16","-",32661906,32661951,45,32658607,32658723,32663367,32663901,0,0.329
"chr16:32829558-32829806|up:32826033-32826111|down:32832710-32833069","Lrch3","chr16","+",32829558,32829806,248,32826033,32826111,32832710,32833069,4.92003807411608e-07,0.182
"chr16:35167968-35168163|up:35149867-35149983|down:35181930-35182129","Sec22a","chr16","-",35167968,35168163,195,35149867,35149983,35181930,35182129,1.3670622159289e-07,-0.144
"chr16:35802094-35802165|up:35787856-35787890|down:35803421-35803616","Gm15564","chr16","-",35802094,35802165,71,35787856,35787890,35803421,35803616,0.000134731150745085,0.429
"chr16:36630833-36630970|up:36628376-36628522|down:36645019-36645114","Eaf2","chr16","-",36630833,36630970,137,36628376,36628522,36645019,36645114,0.012521616887176,-0.184
"chr16:36645019-36645114|up:36630833-36630970|down:36648412-36648589","Eaf2","chr16","-",36645019,36645114,95,36630833,36630970,36648412,36648589,0.000513778543465898,-0.257
"chr16:36649365-36649435|up:36648769-36648854|down:36655877-36656007","Iqcb1","chr16","+",36649365,36649435,70,36648769,36648854,36655877,36656007,3.15878867673424e-05,-0.139
"chr16:38405980-38406042|up:38405777-38405880|down:38406582-38407252","Tmem39a","chr16","+",38405980,38406042,62,38405777,38405880,38406582,38407252,0.0333520637181057,0.13
"chr16:43013827-43013901|up:42967259-42967306|down:43053121-43053183","Zbtb20","chr16","+",43013827,43013901,74,42967259,42967306,43053121,43053183,0.0249316195848359,0.351
"chr16:43397392-43397556|up:43392096-43392154|down:43397923-43398111","Zbtb20","chr16","+",43397392,43397556,164,43392096,43392154,43397923,43398111,0.046650471185008,0.153
"chr16:43712515-43712554|up:43710162-43710401|down:43718452-43718594","Ccdc191","chr16","+",43712515,43712554,39,43710162,43710401,43718452,43718594,7.85526742502879e-05,0.186
"chr16:55742433-55742600|up:55739765-55739930|down:55745331-55745433","Cep97","chr16","-",55742433,55742600,167,55739765,55739930,55745331,55745433,0.000564267718258756,0.111
"chr16:84630707-84630762|up:84628216-84628395|down:84630881-84631127","Atp5j","chr16","-",84630707,84630762,55,84628216,84628395,84630881,84631127,0.00379255662986247,-0.108
"chr16:90743902-90743941|up:90743679-90743750|down:90747238-90747373","Synj1","chr16","-",90743902,90743941,39,90743679,90743750,90747238,90747373,3.69833523303806e-07,0.204
"chr16:90744953-90745001|up:90743902-90743941|down:90747238-90747373","Synj1","chr16","-",90744953,90745001,48,90743902,90743941,90747238,90747373,1.25703508435077e-06,0.254
"chr16:90746586-90746625|up:90743902-90743941|down:90747238-90747307","Synj1","chr16","-",90746586,90746625,39,90743902,90743941,90747238,90747307,0.00997582977773716,0.218
"chr16:91505665-91505778|up:91485785-91486168|down:91510939-91511038","Gm10785","chr16","+",91505665,91505778,113,91485785,91486168,91510939,91511038,0.00148250010273968,-0.242
"chr16:91506722-91506786|up:91505665-91505778|down:91510939-91511038","Gm10785","chr16","+",91506722,91506786,64,91505665,91505778,91510939,91511038,0.000157856234665239,-0.618
"chr16:93387143-93388191|up:93386798-93386973|down:93393185-93393223","Setd4","chr16","-",93387143,93388191,1048,93386798,93386973,93393185,93393223,0.0173250062120832,-0.186
"chr16:93387761-93388191|up:93384706-93384788|down:93393185-93393223","Setd4","chr16","-",93387761,93388191,430,93384706,93384788,93393185,93393223,0.000896301480330683,0.209
"chr16:93390134-93390220|up:93387761-93388191|down:93393185-93393223","Setd4","chr16","-",93390134,93390220,86,93387761,93388191,93393185,93393223,0.000212681288948456,0.142
"chr16:94188195-94188249|up:94186194-94186282|down:94189123-94189244","Ttc3","chr16","+",94188195,94188249,54,94186194,94186282,94189123,94189244,0.0146129808788071,0.1
"chr16:97256688-97256843|up:97256289-97256428|down:97257421-97257559","Mx1","chr16","-",97256688,97256843,155,97256289,97256428,97257421,97257559,0.00170232807648526,-0.222
"chr16:97259879-97259932|up:97258499-97258692|down:97261955-97262146","Mx1","chr16","-",97259879,97259932,53,97258499,97258692,97261955,97262146,0.00331046029530328,0.173
"chr17:5851473-5851616|up:5848973-5849137|down:5852987-5853168","3300005D01Rik","chr17","+",5851473,5851616,143,5848973,5849137,5852987,5853168,0.0333068860500535,-0.121
"chr17:6119573-6119663|up:6117803-6117935|down:6122108-6122145","Serac1","chr17","-",6119573,6119663,90,6117803,6117935,6122108,6122145,0.0054059057236589,0.163
"chr17:6168570-6168641|up:6157165-6157271|down:6227103-6227232","Tulp4","chr17","+",6168570,6168641,71,6157165,6157271,6227103,6227232,0.0204387930651285,0.184
"chr17:8394350-8394410|up:8391759-8391840|down:8401059-8401286","Cep43","chr17","+",8394350,8394410,60,8391759,8391840,8401059,8401286,0.0251067285653443,-0.104
"chr17:8515860-8516075|up:8512163-8512565|down:8517099-8517469","4930506C21Rik","chr17","-",8515860,8516075,215,8512163,8512565,8517099,8517469,0.0100923747869614,-0.247
"chr17:13253766-13253878|up:13232319-13232499|down:13255844-13258950","Sod2","chr17","+",13253766,13253878,112,13232319,13232499,13255844,13258950,0.00442413595017062,-0.633
"chr17:13789019-13789145|up:13774274-13774354|down:13889020-13889153","2700054A10Rik","chr17","-",13789019,13789145,126,13774274,13774354,13889020,13889153,0.0275616163753129,0.143
"chr17:14111224-14111260|up:14108243-14109239|down:14116349-14116484","Afdn","chr17","+",14111224,14111260,36,14108243,14109239,14116349,14116484,0,0.179
"chr17:24062930-24062957|up:24062415-24062584|down:24063050-24063146","Prss41","chr17","-",24062930,24062957,27,24062415,24062584,24063050,24063146,0.000139359982191431,0.547
"chr17:24975426-24975518|up:24971961-24972503|down:24976934-24977622","Hs3st6","chr17","+",24975426,24975518,92,24971961,24972503,24976934,24977622,0.000410304083344508,0.455
"chr17:25127384-25127402|up:25126302-25126360|down:25128123-25128135","Mapk8ip3","chr17","-",25127384,25127402,18,25126302,25126360,25128123,25128135,0,0.149
"chr17:26153067-26153247|up:26150647-26150801|down:26153731-26153852","Pigq","chr17","-",26153067,26153247,180,26150647,26150801,26153731,26153852,0.0364954119179782,-0.281
"chr17:26307902-26307971|up:26306297-26306433|down:26309070-26309264","Decr2","chr17","-",26307902,26307971,69,26306297,26306433,26309070,26309264,0.000368485976317547,0.473
"chr17:26873800-26873927|up:26871683-26871784|down:26874040-26874324","Ergic1","chr17","+",26873800,26873927,127,26871683,26871784,26874040,26874324,9.56667335520824e-06,-0.156
"chr17:27140780-27140834|up:27139993-27140093|down:27141878-27142276","Kifc5b","chr17","+",27140780,27140834,54,27139993,27140093,27141878,27142276,0.000577802774270436,0.121
"chr17:27458358-27458522|up:27454042-27456111|down:27461292-27461615","9630028I04Rik","chr17","-",27458358,27458522,164,27454042,27456111,27461292,27461615,0.00887951315954415,-0.428
"chr17:28542544-28542639|up:28539763-28539830|down:28545125-28545542","Fance","chr17","+",28542544,28542639,95,28539763,28539830,28545125,28545542,0.0327006117687034,-0.124
"chr17:29501033-29501241|up:29487798-29487976|down:29512980-29513135","BC004004","chr17","+",29501033,29501241,208,29487798,29487976,29512980,29513135,0.000455077797980286,-0.189
"chr17:31870619-31870686|up:31867818-31867868|down:31871475-31871542","U2af1","chr17","-",31870619,31870686,67,31867818,31867868,31871475,31871542,6.54932274710704e-06,0.111
"chr17:31871475-31871542|up:31870619-31870686|down:31877626-31877729","U2af1","chr17","-",31871475,31871542,67,31870619,31870686,31877626,31877729,0.0491627460477475,0.188
"chr17:32305003-32305082|up:32303019-32303066|down:32306732-32306813","Pdxk-ps","chr17","-",32305003,32305082,79,32303019,32303066,32306732,32306813,9.5615601370151e-05,-0.243
"chr17:32581766-32581937|up:32577916-32578468|down:32586797-32587121","Wiz","chr17","-",32581766,32581937,171,32577916,32578468,32586797,32587121,0.00333909935749162,-0.17
"chr17:32766439-32766491|up:32765603-32765733|down:32769226-32769360","Cyp4f16","chr17","+",32766439,32766491,52,32765603,32765733,32769226,32769360,6.77384982015622e-09,-0.108
"chr17:33321204-33321331|up:33311431-33311566|down:33321516-33321577","Zfp563","chr17","+",33321204,33321331,127,33311431,33311566,33321516,33321577,0.00523025096303828,0.102
"chr17:34264744-34264822|up:34263792-34263984|down:34268592-34268652","Col11a2","chr17","+",34264744,34264822,78,34263792,34263984,34268592,34268652,0.00102158121601864,0.215
"chr17:34266071-34266251|up:34263792-34263984|down:34268592-34268652","Col11a2","chr17","+",34266071,34266251,180,34263792,34263984,34268592,34268652,0.00174814917999036,0.419
"chr17:34266071-34266251|up:34264744-34264822|down:34268592-34268652","Col11a2","chr17","+",34266071,34266251,180,34264744,34264822,34268592,34268652,0.0320156405195758,0.376
"chr17:35257381-35257444|up:35252565-35252694|down:35260445-35260491","Msh5","chr17","-",35257381,35257444,63,35252565,35252694,35260445,35260491,0.00338353795121485,0.283
"chr17:35262704-35262740|up:35260445-35260491|down:35263000-35263110","Msh5","chr17","-",35262704,35262740,36,35260445,35260491,35263000,35263110,0.0499647818891233,-0.162
"chr17:36049225-36049308|up:36048625-36049136|down:36050423-36050506","Gm20443","chr17","-",36049225,36049308,83,36048625,36049136,36050423,36050506,0.0092555246470868,-0.128
"chr17:37360544-37360689|up:37359469-37359498|down:37361890-37362019","Gabbr1","chr17","+",37360544,37360689,145,37359469,37359498,37361890,37362019,5.08214924689418e-11,0.359
"chr17:46505127-46505342|up:46501532-46501702|down:46509559-46509694","Polh","chr17","-",46505127,46505342,215,46501532,46501702,46509559,46509694,8.32944792351792e-09,-0.176
"chr17:47291245-47291344|up:47286852-47287016|down:47291414-47291513","Ubr2","chr17","-",47291245,47291344,99,47286852,47287016,47291414,47291513,1.30441165076963e-05,-0.15
"chr17:47889633-47889698|up:47815975-47816191|down:47904578-47904777","Ccnd3","chr17","+",47889633,47889698,65,47815975,47816191,47904578,47904777,0.0182060975445428,-0.225
"chr17:69581095-69581161|up:69577605-69577659|down:69581698-69581890","Epb41l3","chr17","+",69581095,69581161,66,69577605,69577659,69581698,69581890,6.98022358218519e-05,0.159
"chr17:69590879-69591002|up:69581698-69581890|down:69591533-69591885","Epb41l3","chr17","+",69590879,69591002,123,69581698,69581890,69591533,69591885,0,0.204
"chr17:71863234-71863484|up:71859055-71859136|down:71865615-71865674","Spdya","chr17","+",71863234,71863484,250,71859055,71859136,71865615,71865674,0.00329928958996222,-0.318
"chr17:71865615-71865674|up:71859055-71859136|down:71876011-71876183","Spdya","chr17","+",71865615,71865674,59,71859055,71859136,71876011,71876183,0.0101256460155023,0.311
"chr17:71869497-71869583|up:71865615-71865674|down:71876011-71876183","Spdya","chr17","+",71869497,71869583,86,71865615,71865674,71876011,71876183,0.00280538865988842,-0.268
"chr17:72002691-72002738|up:71998440-71998631|down:72004827-72004991","Togaram2","chr17","+",72002691,72002738,47,71998440,71998631,72004827,72004991,0.000722167580853768,0.161
"chr17:74901316-74901448|up:74900083-74900244|down:74901864-74901996","Birc6","chr17","+",74901316,74901448,132,74900083,74900244,74901864,74901996,0.000266979244688921,-0.125
"chr17:81752297-81752401|up:81749631-81749652|down:81752915-81753022","Slc8a1","chr17","-",81752297,81752401,104,81749631,81749652,81752915,81753022,0.020952190180818,-0.193
"chr17:83732686-83732860|up:83729034-83729164|down:83734651-83734780","Eml4","chr17","+",83732686,83732860,174,83729034,83729164,83734651,83734780,0.00335952453844866,0.105
"chr17:83732686-83732860|up:83729034-83729164|down:83735428-83735454","Eml4","chr17","+",83732686,83732860,174,83729034,83729164,83735428,83735454,7.77367782715381e-09,0.239
"chr17:83734651-83734780|up:83729034-83729164|down:83735428-83735454","Eml4","chr17","+",83734651,83734780,129,83729034,83729164,83735428,83735454,4.0523453940791e-06,0.17
"chr17:87571568-87571793|up:87566210-87566309|down:87573219-87573308","Mcfd2","chr17","-",87571568,87571793,225,87566210,87566309,87573219,87573308,0.026485511386097,-0.284
"chr17:95071910-95071967|up:95067371-95069005|down:95126322-95126372","Gm1976","chr17","-",95071910,95071967,57,95067371,95069005,95126322,95126372,9.20097835381683e-05,-0.667
"chr18:5633203-5633357|up:5593860-5593919|down:5641381-5641385","Zeb1","chr18","+",5633203,5633357,154,5593860,5593919,5641381,5641385,0.000989570895247771,0.273
"chr18:6111684-6112439|up:6069830-6070091|down:6135803-6135888","Arhgap12","chr18","-",6111684,6112439,755,6069830,6070091,6135803,6135888,0.0196174305361452,0.105
"chr18:10593745-10595875|up:10588438-10588550|down:10596338-10596441","Esco1","chr18","-",10593745,10595875,2130,10588438,10588550,10596338,10596441,5.36401155092723e-06,-0.102
"chr18:10595675-10595875|up:10588438-10588550|down:10596338-10596441","Esco1","chr18","-",10595675,10595875,200,10588438,10588550,10596338,10596441,6.10806624409645e-06,-0.129
"chr18:20988877-20988895|up:20988001-20988133|down:20993489-20993595","Trappc8","chr18","-",20988877,20988895,18,20988001,20988133,20993489,20993595,7.28534664518961e-06,0.11
"chr18:24604118-24604141|up:24603925-24604037|down:24608581-24608781","2700062C07Rik","chr18","+",24604118,24604141,23,24603925,24604037,24608581,24608781,0.0216985677542389,-0.102
"chr18:32562752-32562776|up:32557872-32558020|down:32565035-32565146","Bin1","chr18","+",32562752,32562776,24,32557872,32558020,32565035,32565146,0.0186958821970371,0.456
"chr18:32562752-32562776|up:32559276-32559405|down:32564723-32564795","Bin1","chr18","+",32562752,32562776,24,32559276,32559405,32564723,32564795,0.0132226098273639,0.14
"chr18:32562752-32562776|up:32559276-32559405|down:32565035-32565146","Bin1","chr18","+",32562752,32562776,24,32559276,32559405,32565035,32565146,0.00216435526037455,0.158
"chr18:34889051-34889204|up:34887728-34887833|down:34889342-34889445","2010110K18Rik","chr18","+",34889051,34889204,153,34887728,34887833,34889342,34889445,0.0100847040124153,-0.122
"chr18:34889051-34889234|up:34887728-34887833|down:34889342-34889445","2010110K18Rik","chr18","+",34889051,34889234,183,34887728,34887833,34889342,34889445,0.00172429520205324,-0.23
"chr18:35626197-35626286|up:35625911-35626019|down:35631843-35631930","Sil1","chr18","-",35626197,35626286,89,35625911,35626019,35631843,35631930,0.00834411818933639,-0.151
"chr18:35695947-35696153|up:35695244-35695312|down:35704895-35705176","Matr3","chr18","+",35695947,35696153,206,35695244,35695312,35704895,35705176,5.52786366995912e-06,0.172
"chr18:35733097-35733170|up:35731693-35731812|down:35741790-35741872","Paip2","chr18","+",35733097,35733170,73,35731693,35731812,35741790,35741872,1.06160668563504e-06,0.423
"chr18:35741790-35741872|up:35731701-35731812|down:35742645-35742726","Paip2","chr18","+",35741790,35741872,82,35731701,35731812,35742645,35742726,0.00583729528933631,-0.261
"chr18:35741790-35741872|up:35732765-35732811|down:35743923-35744087","Paip2","chr18","+",35741790,35741872,82,35732765,35732811,35743923,35744087,0.0224630764273715,-0.442
"chr18:35741790-35741872|up:35733097-35733170|down:35743923-35744087","Paip2","chr18","+",35741790,35741872,82,35733097,35733170,35743923,35744087,3.17370266977382e-06,-0.309
"chr18:35742645-35742726|up:35733117-35733170|down:35743923-35744087","Paip2","chr18","+",35742645,35742726,81,35733117,35733170,35743923,35744087,0.0387226345534778,-0.142
"chr18:36662739-36662789|up:36662268-36662382|down:36662925-36663083","Slc4a9","chr18","+",36662739,36662789,50,36662268,36662382,36662925,36663083,0.000194381456300803,0.264
"chr18:38372625-38372804|up:38371433-38372242|down:38382766-38383233","1700086O06Rik","chr18","-",38372625,38372804,179,38371433,38372242,38382766,38383233,0.0218652210658998,0.228
"chr18:38372625-38372804|up:38372109-38372238|down:38383230-38383628","1700086O06Rik","chr18","-",38372625,38372804,179,38372109,38372238,38383230,38383628,1.78365023538485e-10,0.731
"chr18:38373891-38374006|up:38371432-38372238|down:38383230-38383565","1700086O06Rik","chr18","-",38373891,38374006,115,38371432,38372238,38383230,38383565,2.17287888029556e-06,0.361
"chr18:38373891-38374006|up:38372625-38372804|down:38383105-38383256","1700086O06Rik","chr18","-",38373891,38374006,115,38372625,38372804,38383105,38383256,0.0396136153852968,0.127
"chr18:38433481-38433643|up:38429758-38429851|down:38446264-38446437","Rnf14","chr18","+",38433481,38433643,162,38429758,38429851,38446264,38446437,2.3563718668974e-05,-0.266
"chr18:38440917-38441448|up:38429687-38429851|down:38446264-38446437","Rnf14","chr18","+",38440917,38441448,531,38429687,38429851,38446264,38446437,4.81587800938116e-06,-0.262
"chr18:46916825-46916866|up:46913727-46913835|down:46921723-46921771","Ap3s1","chr18","+",46916825,46916866,41,46913727,46913835,46921723,46921771,0.000578400887225834,-0.757
"chr18:60678428-60678449|up:60677110-60677218|down:60678819-60678893","Dctn4","chr18","+",60678428,60678449,21,60677110,60677218,60678819,60678893,2.36488905850054e-07,0.164
"chr18:61952059-61952158|up:61949992-61950040|down:61952861-61952988","Ablim3","chr18","-",61952059,61952158,99,61949992,61950040,61952861,61952988,0.0228211594612125,0.285
"chr18:65715797-65715880|up:65715359-65715469|down:65715967-65716077","Zfp532","chr18","+",65715797,65715880,83,65715359,65715469,65715967,65716077,0.000121807983286524,0.249
"chr18:65777263-65777440|up:65758208-65758405|down:65789421-65789703","Zfp532","chr18","+",65777263,65777440,177,65758208,65758405,65789421,65789703,0.00751424359358359,-0.418
"chr18:77099685-77099800|up:77097736-77098741|down:77134869-77134939","Katnal2","chr18","-",77099685,77099800,115,77097736,77098741,77134869,77134939,0.0186055058252705,0.151
"chr18:80315676-80315730|up:80306634-80306768|down:80334790-80335852","Slc66a2","chr18","+",80315676,80315730,54,80306634,80306768,80334790,80335852,0.0273691314620483,-0.121
"chr18:82597060-82597183|up:82593659-82593758|down:82602236-82602281","Mbp","chr18","+",82597060,82597183,123,82593659,82593758,82602236,82602281,0.00234765851945318,-0.267
"chr18:82628729-82628811|up:82627412-82627600|down:82635834-82635875","Zfp236","chr18","-",82628729,82628811,82,82627412,82627600,82635834,82635875,6.98160478013703e-05,0.124
"chr19:3509746-3509764|up:3509360-3509480|down:3514544-3514695","Ppp6r3","chr19","-",3509746,3509764,18,3509360,3509480,3514544,3514695,0,0.211
"chr19:3827461-3827512|up:3818021-3818340|down:3832219-3832279","Kmt5b","chr19","+",3827461,3827512,51,3818021,3818340,3832219,3832279,1.01109542961299e-07,0.138
"chr19:5711623-5711651|up:5711048-5711139|down:5712615-5712869","Sipa1","chr19","-",5711623,5711651,28,5711048,5711139,5712615,5712869,6.66291490053471e-05,0.295
"chr19:5711623-5711686|up:5710906-5711139|down:5712615-5712869","Sipa1","chr19","-",5711623,5711686,63,5710906,5711139,5712615,5712869,0.000136639824794856,0.266
"chr19:6436053-6436157|up:6435895-6435974|down:6436403-6436535","Pygm","chr19","+",6436053,6436157,104,6435895,6435974,6436403,6436535,7.39491230381861e-07,-0.667
"chr19:7318532-7318619|up:7267967-7268147|down:7319131-7319225","Mark2","chr19","-",7318532,7318619,87,7267967,7268147,7319131,7319225,4.91683066458666e-05,0.155
"chr19:10005648-10005867|up:10004923-10005001|down:10007513-10007642","Rab3il1","chr19","+",10005648,10005867,219,10004923,10005001,10007513,10007642,0.0223369181215424,0.181
"chr19:10399120-10399252|up:10395326-10395406|down:10412913-10413049","Syt7","chr19","+",10399120,10399252,132,10395326,10395406,10412913,10413049,0.000713889802759613,0.1
"chr19:11760389-11760500|up:11758930-11759044|down:11762753-11762888","Stx3","chr19","-",11760389,11760500,111,11758930,11759044,11762753,11762888,0.0468324074937352,0.219
"chr19:17189655-17189694|up:17185594-17185693|down:17193689-17193737","Prune2","chr19","+",17189655,17189694,39,17185594,17185693,17193689,17193737,0.0330137103152969,0.113
"chr19:17189655-17189694|up:17189041-17189077|down:17193689-17193737","Prune2","chr19","+",17189655,17189694,39,17189041,17189077,17193689,17193737,0.00583089718009933,0.116
"chr19:17193689-17193737|up:17185594-17185693|down:17198147-17199173","Prune2","chr19","+",17193689,17193737,48,17185594,17185693,17198147,17199173,0.0452451347637844,0.118
"chr19:18667593-18667734|up:18656467-18656631|down:18668780-18668959","Carnmt1","chr19","+",18667593,18667734,141,18656467,18656631,18668780,18668959,0.00683387935973327,0.219
"chr19:18671012-18671126|up:18656467-18656631|down:18681383-18681586","Carnmt1","chr19","+",18671012,18671126,114,18656467,18656631,18681383,18681586,0.000450270231708783,-0.187
"chr19:26727251-26727347|up:26725798-26725944|down:26729223-26729441","Smarca2","chr19","+",26727251,26727347,96,26725798,26725944,26729223,26729441,0.0188214138995908,-0.161
"chr19:26727251-26727347|up:26725801-26725903|down:26729223-26729441","Smarca2","chr19","+",26727251,26727347,96,26725801,26725903,26729223,26729441,0.000475827687232523,0.155
"chr19:26737277-26737331|up:26729223-26729441|down:26748337-26748443","Smarca2","chr19","+",26737277,26737331,54,26729223,26729441,26748337,26748443,0.00063517275812959,-0.104
"chr19:27814806-27814881|up:27808010-27808192|down:27827110-27827369","Rfx3","chr19","-",27814806,27814881,75,27808010,27808192,27827110,27827369,0.00107656566006517,0.122
"chr19:31969401-31969490|up:31959996-31964347|down:31981083-31981230","Asah2","chr19","-",31969401,31969490,89,31959996,31964347,31981083,31981230,5.9518981425696e-06,-0.214
"chr19:31972741-31972801|up:31959996-31964347|down:31981083-31981230","Asah2","chr19","-",31972741,31972801,60,31959996,31964347,31981083,31981230,7.62967498533368e-05,-0.146
"chr19:32134865-32135077|up:32134722-32134779|down:32136923-32137763","Sgms1","chr19","-",32134865,32135077,212,32134722,32134779,32136923,32137763,0.0225188154584809,-0.319
"chr19:32237375-32237497|up:32136923-32137763|down:32266940-32267031","Sgms1","chr19","-",32237375,32237497,122,32136923,32137763,32266940,32267031,0.00324301571806219,0.14
"chr19:40288686-40288746|up:40287906-40287965|down:40300112-40300192","Sorbs1","chr19","-",40288686,40288746,60,40287906,40287965,40300112,40300192,3.82068214758142e-08,0.28
"chr19:40329128-40329194|up:40328488-40328590|down:40332799-40332883","Sorbs1","chr19","-",40329128,40329194,66,40328488,40328590,40332799,40332883,0.00212376547718423,0.184
"chr19:40332799-40332883|up:40329128-40329194|down:40338342-40338457","Sorbs1","chr19","-",40332799,40332883,84,40329128,40329194,40338342,40338457,0.0250455332194039,-0.201
"chr19:40365088-40365247|up:40361919-40362061|down:40365427-40365460","Sorbs1","chr19","-",40365088,40365247,159,40361919,40362061,40365427,40365460,0.000149434302068747,0.126
"chr19:40371199-40371226|up:40370964-40371077|down:40381831-40381960","Sorbs1","chr19","-",40371199,40371226,27,40370964,40371077,40381831,40381960,0.0343502534780225,0.149
"chr19:41516999-41517079|up:41471965-41472039|down:41540887-41541175","Lcor","chr19","+",41516999,41517079,80,41471965,41472039,41540887,41541175,0.00218961741970944,0.214
"chr19:41534313-41534446|up:41516459-41516525|down:41570216-41574975","Lcor","chr19","+",41534313,41534446,133,41516459,41516525,41570216,41574975,0.0138392517594589,-0.29
"chr19:42174058-42174079|up:42172556-42172628|down:42174243-42174388","Zfyve27","chr19","+",42174058,42174079,21,42172556,42172628,42174243,42174388,0.0409838238074037,0.131
"chr19:44531704-44531828|up:44524496-44524692|down:44532139-44532251","Sec31b","chr19","-",44531704,44531828,124,44524496,44524692,44532139,44532251,0.00362022944500785,0.165
"chr19:45018178-45018250|up:45017162-45017762|down:45018418-45018454","Pdzd7","chr19","-",45018178,45018250,72,45017162,45017762,45018418,45018454,0.000293312964848174,0.109
"chr19:45394983-45395025|up:45352190-45352325|down:45425775-45428586","Btrc","chr19","+",45394983,45395025,42,45352190,45352325,45425775,45428586,0.000812282191415622,0.152
"chr19:45394983-45395025|up:45352525-45352713|down:45444971-45445049","Btrc","chr19","+",45394983,45395025,42,45352525,45352713,45444971,45445049,6.97195304985411e-06,-0.275
"chr19:46315336-46315446|up:46314605-46314661|down:46315522-46315560","Psd","chr19","-",46315336,46315446,110,46314605,46314661,46315522,46315560,0.0379609693782597,-0.107
"chr19:47271459-47271543|up:47266751-47266869|down:47275043-47275157","Sh3pxd2a","chr19","-",47271459,47271543,84,47266751,47266869,47275043,47275157,0.000899116199034486,0.109
"chr19:47308714-47308759|up:47302473-47302605|down:47331878-47331907","Sh3pxd2a","chr19","-",47308714,47308759,45,47302473,47302605,47331878,47331907,0.0101520790751036,0.181
"chr19:55375620-55375641|up:55369373-55369451|down:55380215-55380300","Vti1a","chr19","+",55375620,55375641,21,55369373,55369451,55380215,55380300,0.0167201831173847,0.135
"chr19:55375620-55375641|up:55369373-55369451|down:55486942-55487013","Vti1a","chr19","+",55375620,55375641,21,55369373,55369451,55486942,55487013,0.0119092933064956,0.293
"chr19:58933962-58934094|up:58931856-58932053|down:58941568-58941723","Eno4","chr19","+",58933962,58934094,132,58931856,58932053,58941568,58941723,5.1639667227507e-07,0.805
"chr19:58935083-58935274|up:58933962-58934094|down:58941568-58941723","Eno4","chr19","+",58935083,58935274,191,58933962,58934094,58941568,58941723,0.000835981114338567,-0.211
"chr19:58952809-58953005|up:58951213-58951339|down:58956933-58957001","Eno4","chr19","+",58952809,58953005,196,58951213,58951339,58956933,58957001,0.0020738325268988,-0.115
"chr19:58952870-58953005|up:58951213-58951339|down:58956933-58957001","Eno4","chr19","+",58952870,58953005,135,58951213,58951339,58956933,58957001,0.00456552838661961,-0.226
"chr19:58957504-58957622|up:58956933-58957001|down:58959083-58959849","Eno4","chr19","+",58957504,58957622,118,58956933,58957001,58959083,58959849,0.000545044217963921,-0.39
"chr19:60208761-60208792|up:60208471-60208571|down:60214663-60215109","Fam204a","chr19","-",60208761,60208792,31,60208471,60208571,60214663,60215109,5.54044420961763e-11,-0.194
"chr19:60208761-60208792|up:60208471-60208571|down:60214741-60215101","Fam204a","chr19","-",60208761,60208792,31,60208471,60208571,60214741,60215101,0.0249443254739075,-0.138
"chr19:60208921-60209009|up:60208761-60208792|down:60214663-60215129","Fam204a","chr19","-",60208921,60209009,88,60208761,60208792,60214663,60215129,1.35232510858353e-05,-0.117
"chr19:60208921-60209009|up:60208761-60208792|down:60214741-60215101","Fam204a","chr19","-",60208921,60209009,88,60208761,60208792,60214741,60215101,6.66999981402294e-06,-0.162
"chr19:60209485-60209736|up:60208471-60208571|down:60214663-60215109","Fam204a","chr19","-",60209485,60209736,251,60208471,60208571,60214663,60215109,3.36818616475668e-12,-0.134
"chr19:60209485-60209736|up:60208761-60208792|down:60214663-60215109","Fam204a","chr19","-",60209485,60209736,251,60208761,60208792,60214663,60215109,3.74688633235429e-05,-0.116
"chr2:3437474-3437530|up:3434783-3434843|down:3438025-3438127","Dclre1c","chr2","+",3437474,3437530,56,3434783,3434843,3438025,3438127,0.0215218625852119,-0.209
"chr2:3437474-3437530|up:3434783-3434843|down:3438066-3438127","Dclre1c","chr2","+",3437474,3437530,56,3434783,3434843,3438066,3438127,0.0205337653677248,-0.201
"chr2:5059350-5059527|up:5050797-5051010|down:5068717-5068749","Optn","chr2","-",5059350,5059527,177,5050797,5051010,5068717,5068749,0.00536884011485398,-0.105
"chr2:5067669-5067798|up:5050967-5051010|down:5068717-5068862","Optn","chr2","-",5067669,5067798,129,5050967,5051010,5068717,5068862,0.000104051389815665,-0.128
"chr2:5881651-5881812|up:5879037-5879229|down:5887391-5887501","Sec61a2","chr2","-",5881651,5881812,161,5879037,5879229,5887391,5887501,0.03498916745618,0.101
"chr2:5887391-5887501|up:5881651-5881812|down:5891309-5891388","Sec61a2","chr2","-",5887391,5887501,110,5881651,5881812,5891309,5891388,0.0273040553546727,-0.139
"chr2:11480564-11480617|up:11476634-11479354|down:11482846-11482869","Pfkfb3","chr2","-",11480564,11480617,53,11476634,11479354,11482846,11482869,0.000137958189414285,0.127
"chr2:11724823-11724916|up:11723074-11723269|down:11728906-11728939","Il15ra","chr2","+",11724823,11724916,93,11723074,11723269,11728906,11728939,0.00151749163936785,0.171
"chr2:11728223-11728421|up:11723074-11723269|down:11728906-11728939","Il15ra","chr2","+",11728223,11728421,198,11723074,11723269,11728906,11728939,0.000323814026939444,0.26
"chr2:11728223-11728421|up:11724823-11724916|down:11728906-11728939","Il15ra","chr2","+",11728223,11728421,198,11724823,11724916,11728906,11728939,0.0454494029337421,-0.13
"chr2:12198080-12198093|up:12196516-12196654|down:12198222-12198377","Itga8","chr2","-",12198080,12198093,13,12196516,12196654,12198222,12198377,6.84286639103657e-06,0.489
"chr2:12400989-12401069|up:12369257-12369330|down:12423969-12424099","Mindy3","chr2","-",12400989,12401069,80,12369257,12369330,12423969,12424099,0.0138392517594589,-0.136
"chr2:18870922-18870961|up:18857623-18857737|down:18893862-18894015","Pip4k2a","chr2","-",18870922,18870961,39,18857623,18857737,18893862,18894015,0.01412193452692,-0.154
"chr2:20888010-20888040|up:20884771-20886662|down:20891916-20891971","Arhgap21","chr2","-",20888010,20888040,30,20884771,20886662,20891916,20891971,4.24107750950333e-05,0.21
"chr2:22970679-22970712|up:22970350-22970465|down:22977496-22977631","Acbd5","chr2","+",22970679,22970712,33,22970350,22970465,22977496,22977631,1.77638802543842e-12,0.171
"chr2:23062967-23063118|up:23046380-23046743|down:23071037-23071120","Yme1l1","chr2","+",23062967,23063118,151,23046380,23046743,23071037,23071120,0.0143998697065421,-0.511
"chr2:24948264-24948333|up:24947976-24947982|down:24949032-24949057","Nsmf","chr2","+",24948264,24948333,69,24947976,24947982,24949032,24949057,0.000888691268343264,-0.121
"chr2:25184449-25184560|up:25181192-25182140|down:25185803-25185949","Grin1","chr2","-",25184449,25184560,111,25181192,25182140,25185803,25185949,0.000948284233830729,0.151
"chr2:26268172-26268291|up:26268032-26268079|down:26268505-26268648","Snapc4","chr2","-",26268172,26268291,119,26268032,26268079,26268505,26268648,7.76640955183628e-05,-0.164
"chr2:26276001-26276075|up:26275094-26275157|down:26277567-26277683","Entr1","chr2","-",26276001,26276075,74,26275094,26275157,26277567,26277683,0.024842162170981,-0.176
"chr2:26804718-26804907|up:26803588-26803670|down:26806268-26806312","Surf1","chr2","-",26804718,26804907,189,26803588,26803670,26806268,26806312,0.0138842442503109,-0.163
"chr2:26805443-26805526|up:26803588-26803670|down:26806268-26806312","Surf1","chr2","-",26805443,26805526,83,26803588,26803670,26806268,26806312,0.00523944200062709,-0.207
"chr2:27158162-27158249|up:27157241-27157396|down:27158910-27159034","Vav2","chr2","-",27158162,27158249,87,27157241,27157396,27158910,27159034,6.20574366329859e-07,0.112
"chr2:29088825-29088927|up:29086993-29087161|down:29094909-29094936","Ntng2","chr2","-",29088825,29088927,102,29086993,29087161,29094909,29094936,0.000214611740627023,0.184
"chr2:29609604-29609862|up:29600164-29600320|down:29610654-29610750","Rapgef1","chr2","+",29609604,29609862,258,29600164,29600320,29610654,29610750,0.000387121321798303,0.162
"chr2:29609604-29609862|up:29600164-29600320|down:29612235-29612321","Rapgef1","chr2","+",29609604,29609862,258,29600164,29600320,29612235,29612321,0.0424017922163595,0.128
"chr2:29891111-29891171|up:29889925-29890074|down:29892242-29892441","Sptan1","chr2","+",29891111,29891171,60,29889925,29890074,29892242,29892441,5.25885650815677e-12,0.114
"chr2:30239237-30239249|up:30238079-30238629|down:30240299-30240392","Sh3glb2","chr2","-",30239237,30239249,12,30238079,30238629,30240299,30240392,1.00380021755475e-13,0.228
"chr2:30303871-30304008|up:30302994-30303258|down:30305206-30305320","Crat","chr2","-",30303871,30304008,137,30302994,30303258,30305206,30305320,0.0297295277805289,0.102
"chr2:30549811-30549897|up:30548624-30549001|down:30559844-30559919","Gm14486","chr2","-",30549811,30549897,86,30548624,30549001,30559844,30559919,0.00172506049196521,0.244
"chr2:30986038-30986186|up:30948900-30949029|down:30995253-30995364","Fnbp1","chr2","-",30986038,30986186,148,30948900,30949029,30995253,30995364,1.05992675717543e-08,0.644
"chr2:32102898-32104959|up:32102086-32102303|down:32106057-32106245","Prrc2b","chr2","+",32102898,32104959,2061,32102086,32102303,32106057,32106245,0,0.157
"chr2:32200462-32200499|up:32199861-32200039|down:32202138-32202354","Dnm1","chr2","-",32200462,32200499,37,32199861,32200039,32202138,32202354,0.0269272889583834,-0.104
"chr2:33045299-33045351|up:33036581-33036662|down:33047783-33047941","Ralgps1","chr2","-",33045299,33045351,52,33036581,33036662,33047783,33047941,0.00819283384841814,0.167
"chr2:33047783-33047941|up:33036581-33036665|down:33048921-33049048","Ralgps1","chr2","-",33047783,33047941,158,33036581,33036665,33048921,33049048,0.0316311016764184,0.157
"chr2:33174836-33174920|up:33149375-33150616|down:33230724-33230845","Ralgps1","chr2","-",33174836,33174920,84,33149375,33150616,33230724,33230845,0.000105319644834351,0.301
"chr2:34322014-34322342|up:34296782-34296860|down:34334269-34334418","Mapkap1","chr2","+",34322014,34322342,328,34296782,34296860,34334269,34334418,0.000395077248497826,0.263
"chr2:34612949-34613030|up:34610579-34610740|down:34615054-34615244","Gapvd1","chr2","-",34612949,34613030,81,34610579,34610740,34615054,34615244,1.75910250494988e-07,0.177
"chr2:34788935-34789023|up:34788085-34788171|down:34789594-34789660","Phf19","chr2","-",34788935,34789023,88,34788085,34788171,34789594,34789660,0.00095682049486633,-0.179
"chr2:35006683-35006814|up:35003335-35003466|down:35008066-35008208","Cntrl","chr2","+",35006683,35006814,131,35003335,35003466,35008066,35008208,0.000224263100155005,0.138
"chr2:38026937-38026987|up:37938736-37938806|down:38133413-38133484","Dennd1a","chr2","-",38026937,38026987,50,37938736,37938806,38133413,38133484,0.00171513252896331,0.37
"chr2:51862599-51862639|up:51850582-51850672|down:51862920-51863016","Nmi","chr2","-",51862599,51862639,40,51850582,51850672,51862920,51863016,0.0123671811189928,0.198
"chr2:53018728-53018854|up:53016864-53016988|down:53021851-53022215","Fmnl2","chr2","+",53018728,53018854,126,53016864,53016988,53021851,53022215,1.47698056988194e-05,-0.231
"chr2:60077831-60077856|up:60075555-60075604|down:60078233-60078301","Marchf7","chr2","+",60077831,60077856,25,60075555,60075604,60078233,60078301,2.84857067591192e-07,0.187
"chr2:66393679-66393771|up:66392689-66392902|down:66395446-66395575","Scn9a","chr2","-",66393679,66393771,92,66392689,66392902,66395446,66395575,0.00928675896904166,0.211
"chr2:69561834-69561924|up:69553669-69553707|down:69562540-69562618","Ppig","chr2","+",69561834,69561924,90,69553669,69553707,69562540,69562618,0.0365275811240257,-0.251
"chr2:71063992-71064052|up:71058943-71059034|down:71066258-71066374","Dync1i2","chr2","+",71063992,71064052,60,71058943,71059034,71066258,71066374,0,0.172
"chr2:71352876-71352974|up:71342469-71342512|down:71354145-71354193","Metap1d","chr2","+",71352876,71352974,98,71342469,71342512,71354145,71354193,5.01587035635454e-06,0.233
"chr2:73509958-73510247|up:73462089-73462174|down:73551746-73551785","Chn1","chr2","-",73509958,73510247,289,73462089,73462174,73551746,73551785,0.0255115957800459,-0.127
"chr2:73537262-73537376|up:73462089-73462174|down:73551746-73551785","Chn1","chr2","-",73537262,73537376,114,73462089,73462174,73551746,73551785,0.0431873166891245,-0.167
"chr2:73540798-73540826|up:73510175-73510247|down:73546707-73546753","Chn1","chr2","-",73540798,73540826,28,73510175,73510247,73546707,73546753,0.00124751535681706,-0.173
"chr2:80451537-80452144|up:80447574-80447628|down:80454669-80454704","Dusp19","chr2","+",80451537,80452144,607,80447574,80447628,80454669,80454704,0.015593042477189,0.124
"chr2:80454669-80454704|up:80451537-80451584|down:80472968-80473139","Nup35","chr2","+",80454669,80454704,35,80451537,80451584,80472968,80473139,0.00538143232175667,-0.356
"chr2:84854459-84854517|up:84853826-84853920|down:84854725-84854797","P2rx3","chr2","-",84854459,84854517,58,84853826,84853920,84854725,84854797,0.0330682285304188,-0.104
"chr2:90971153-90971162|up:90970901-90970971|down:90973100-90973207","Madd","chr2","-",90971153,90971162,9,90970901,90970971,90973100,90973207,0.000297928868703475,0.143
"chr2:91482108-91482168|up:91480204-91480597|down:91484417-91484552","Arhgap1","chr2","+",91482108,91482168,60,91480204,91480597,91484417,91484552,7.37127930058624e-06,0.17
"chr2:94084067-94084161|up:94082217-94082860|down:94094866-94095073","Mir670hg","chr2","-",94084067,94084161,94,94082217,94082860,94094866,94095073,0.0456937551873933,-0.421
"chr2:112146585-112146630|up:112096169-112097437|down:112163727-112163822","Slc12a6","chr2","+",112146585,112146630,45,112096169,112097437,112163727,112163822,0.00283734158946604,0.131
"chr2:116734522-116734703|up:116730697-116730812|down:116741201-116741317","D330050G23Rik","chr2","+",116734522,116734703,181,116730697,116730812,116741201,116741317,0.00508244723641251,0.263
"chr2:119617701-119617778|up:119614214-119614451|down:119617895-119618000","Rpap1","chr2","-",119617701,119617778,77,119614214,119614451,119617895,119618000,0.00302989543199504,-0.138
"chr2:119843781-119843799|up:119843392-119843575|down:119844099-119844260","Mapkbp1","chr2","+",119843781,119843799,18,119843392,119843575,119844099,119844260,0.000138854636536258,0.12
"chr2:119861982-119862132|up:119861787-119861883|down:119862321-119862349","Jmjd7","chr2","+",119861982,119862132,150,119861787,119861883,119862321,119862349,0.0112543434008751,-0.115
"chr2:120274618-120274720|up:120271984-120272081|down:120276779-120277023","Ganc","chr2","+",120274618,120274720,102,120271984,120272081,120276779,120277023,0.00167682594581168,-0.13
"chr2:120560949-120560983|up:120560422-120560580|down:120561182-120561673","Cdan1","chr2","-",120560949,120560983,34,120560422,120560580,120561182,120561673,0.0416129966932114,-0.264
"chr2:121230217-121230317|up:121229926-121229950|down:121240618-121240687","Catsper2","chr2","-",121230217,121230317,100,121229926,121229950,121240618,121240687,0.0469947582287635,-0.128
"chr2:121236809-121236934|up:121230217-121230317|down:121240618-121240687","Catsper2","chr2","-",121236809,121236934,125,121230217,121230317,121240618,121240687,0.0090493144473826,0.133
"chr2:121236809-121236934|up:121230524-121230703|down:121240618-121240687","Catsper2","chr2","-",121236809,121236934,125,121230524,121230703,121240618,121240687,0.00163542145246361,0.42
"chr2:121237187-121237343|up:121236809-121236934|down:121240618-121240687","Catsper2","chr2","-",121237187,121237343,156,121236809,121236934,121240618,121240687,4.01665829608448e-05,-0.619
"chr2:121756041-121756209|up:121742351-121742522|down:121763958-121764178","Golm2","chr2","+",121756041,121756209,168,121742351,121742522,121763958,121764178,1.65054869771964e-09,-0.133
"chr2:122185955-122186096|up:122184509-122184678|down:122187563-122187770","Shf","chr2","-",122185955,122186096,141,122184509,122184678,122187563,122187770,0.0225009965177799,0.133
"chr2:122480176-122480262|up:122479834-122480053|down:122481135-122481196","AA467197","chr2","+",122480176,122480262,86,122479834,122480053,122481135,122481196,0.000733043013247745,-0.217
"chr2:124952399-124952591|up:124950875-124950939|down:124955768-124955862","Myef2","chr2","-",124952399,124952591,192,124950875,124950939,124955768,124955862,2.52622294295534e-10,-0.119
"chr2:125712245-125712381|up:125708026-125708288|down:125720197-125720286","Galk2","chr2","+",125712245,125712381,136,125708026,125708288,125720197,125720286,0.0156035339710719,0.194
"chr2:128520130-128520204|up:128518021-128518167|down:128526421-128526583","Anapc1","chr2","-",128520130,128520204,74,128518021,128518167,128526421,128526583,0.000725808744230392,-0.16
"chr2:132781201-132781307|up:132778032-132778082|down:132783856-132784017","Fermt1","chr2","-",132781201,132781307,106,132778032,132778082,132783856,132784017,0.000835441950133772,0.448
"chr2:132781201-132781435|up:132777935-132778082|down:132783856-132784025","Fermt1","chr2","-",132781201,132781435,234,132777935,132778082,132783856,132784025,0.00112436588777282,0.278
"chr2:135806971-135807007|up:135803638-135803739|down:135808944-135809086","Plcb4","chr2","+",135806971,135807007,36,135803638,135803739,135808944,135809086,1.34928027767139e-10,0.112
"chr2:136611662-136611780|up:136605492-136605541|down:136611976-136612094","Snap25","chr2","+",136611662,136611780,118,136605492,136605541,136611976,136612094,0.000239161961537944,-0.111
"chr2:136846853-136846974|up:136842103-136842193|down:136885919-136885997","Slx4ip","chr2","+",136846853,136846974,121,136842103,136842193,136885919,136885997,0.00405321759899933,-0.22
"chr2:144016446-144016664|up:144010402-144010546|down:144031060-144031153","Gm5535","chr2","-",144016446,144016664,218,144010402,144010546,144031060,144031153,0.00037800936580262,0.316
"chr2:144031060-144031153|up:143942278-143942437|down:144032846-144032967","Gm5535","chr2","-",144031060,144031153,93,143942278,143942437,144032846,144032967,0.000454169161943709,0.258
"chr2:144031060-144031153|up:144010402-144010546|down:144032846-144032967","Gm5535","chr2","-",144031060,144031153,93,144010402,144010546,144032846,144032967,0.0107733366404324,0.186
"chr2:144031060-144031153|up:144016446-144016664|down:144032846-144032967","Gm5535","chr2","-",144031060,144031153,93,144016446,144016664,144032846,144032967,1.36834780664256e-08,0.199
"chr2:153187037-153187098|up:153183403-153184784|down:153187540-153188003","2500004C02Rik","chr2","-",153187037,153187098,61,153183403,153184784,153187540,153188003,4.84438383477547e-05,0.327
"chr2:153526278-153526397|up:153520390-153520476|down:153528177-153529236","Dnmt3b","chr2","+",153526278,153526397,119,153520390,153520476,153528177,153529236,0.000221331893572252,-0.127
"chr2:155459781-155459845|up:155459567-155459660|down:155460653-155460752","Myh7b","chr2","+",155459781,155459845,64,155459567,155459660,155460653,155460752,0.0162912594168694,0.16
"chr2:155751272-155751345|up:155729028-155729137|down:155763554-155763647","Uqcc1","chr2","-",155751272,155751345,73,155729028,155729137,155763554,155763647,0.0414009952535097,0.32
"chr2:155857296-155857311|up:155853268-155853326|down:155857908-155857940","Ergic3","chr2","+",155857296,155857311,15,155853268,155853326,155857908,155857940,0,0.169
"chr2:156366800-156367208|up:156355947-156356130|down:156368808-156368913","Epb41l1","chr2","+",156366800,156367208,408,156355947,156356130,156368808,156368913,9.1430477646744e-13,0.112
"chr2:156771851-156771890|up:156769264-156770801|down:156773135-156773187","Ndrg3","chr2","-",156771851,156771890,39,156769264,156770801,156773135,156773187,7.3015169289544e-05,0.113
"chr2:157300762-157300780|up:157300453-157300553|down:157304629-157304728","Src","chr2","+",157300762,157300780,18,157300453,157300553,157304629,157304728,0.042033003448259,0.119
"chr2:158476764-158476835|up:158476466-158476667|down:158477226-158477346","Actr5","chr2","+",158476764,158476835,71,158476466,158476667,158477226,158477346,0.0326254926426773,-0.681
"chr2:164601148-164601260|up:164596161-164596224|down:164609632-164609870","Gm11457","chr2","-",164601148,164601260,112,164596161,164596224,164609632,164609870,0.0144473357528274,0.172
"chr2:164604463-164604528|up:164601148-164601260|down:164609632-164609833","Gm11457","chr2","-",164604463,164604528,65,164601148,164601260,164609632,164609833,0.0305499535261416,0.37
"chr2:164604640-164604801|up:164604463-164604528|down:164609632-164609833","Gm11457","chr2","-",164604640,164604801,161,164604463,164604528,164609632,164609833,0.0306733575254748,-0.429
"chr2:164644916-164645053|up:164641477-164641865|down:164646609-164646742","Acot8","chr2","-",164644916,164645053,137,164641477,164641865,164646609,164646742,7.62702722543162e-08,-0.168
"chr2:164911736-164911768|up:164908422-164908484|down:164912641-164912665","Cd40","chr2","+",164911736,164911768,32,164908422,164908484,164912641,164912665,1.82714629193345e-06,-0.152
"chr2:165122705-165122811|up:165120273-165120336|down:165123227-165123300","Slc35c2","chr2","-",165122705,165122811,106,165120273,165120336,165123227,165123300,0.000633197484094429,0.526
"chr2:165694787-165694799|up:165693919-165694068|down:165717624-165717695","Zmynd8","chr2","-",165694787,165694799,12,165693919,165694068,165717624,165717695,2.98823603224726e-12,0.206
"chr2:167331088-167331288|up:167328351-167328412|down:167334678-167334765","Spata2","chr2","-",167331088,167331288,200,167328351,167328412,167334678,167334765,0.00626746644326413,-0.36
"chr2:170198167-170198233|up:170191101-170191383|down:170220642-170220849","Bcas1","chr2","-",170198167,170198233,66,170191101,170191383,170220642,170220849,0.000137327647208671,0.151
"chr2:170212369-170212411|up:170191101-170191383|down:170220642-170220849","Bcas1","chr2","-",170212369,170212411,42,170191101,170191383,170220642,170220849,0.0153058546894426,0.139
"chr2:173431580-173431741|up:173431297-173431467|down:173433909-173434014","Ppp4r1l-ps","chr2","-",173431580,173431741,161,173431297,173431467,173433909,173434014,0.00064382463247612,-0.125
"chr2:173431580-173432589|up:173431297-173431467|down:173433909-173434014","Ppp4r1l-ps","chr2","-",173431580,173432589,1009,173431297,173431467,173433909,173434014,0.000578400887225834,-0.127
"chr2:173442558-173442835|up:173441382-173441480|down:173447957-173448027","Ppp4r1l-ps","chr2","-",173442558,173442835,277,173441382,173441480,173447957,173448027,0.0478460550034406,-0.106
"chr2:173446298-173446390|up:173441382-173441480|down:173447957-173448027","Ppp4r1l-ps","chr2","-",173446298,173446390,92,173441382,173441480,173447957,173448027,0.0142432199143336,-0.14
"chr2:173448934-173449122|up:173446298-173446390|down:173450525-173450672","Ppp4r1l-ps","chr2","-",173448934,173449122,188,173446298,173446390,173450525,173450672,0.00709252141893229,0.3
"chr2:173487249-173487351|up:173457275-173457369|down:173501115-173501160","Ppp4r1l-ps","chr2","-",173487249,173487351,102,173457275,173457369,173501115,173501160,0.00128338547003853,-0.1
"chr2:173490962-173491160|up:173438832-173438980|down:173501115-173501160","Ppp4r1l-ps","chr2","-",173490962,173491160,198,173438832,173438980,173501115,173501160,0.00201368032987911,-0.244
"chr2:173490962-173491160|up:173457275-173457369|down:173501115-173501160","Ppp4r1l-ps","chr2","-",173490962,173491160,198,173457275,173457369,173501115,173501160,3.21565627657686e-05,-0.188
"chr2:174169900-174169924|up:174169491-174169734|down:174176004-174176077","Gnas","chr2","+",174169900,174169924,24,174169491,174169734,174176004,174176077,8.39408628074766e-11,0.15
"chr2:174855220-174855275|up:174852033-174852114|down:174858749-174859017","Gm14444","chr2","+",174855220,174855275,55,174852033,174852114,174858749,174859017,0.045425717462714,0.282
"chr2:180620204-180620234|up:180619112-180619145|down:180620963-180621020","Arfgap1","chr2","+",180620204,180620234,30,180619112,180619145,180620963,180621020,0,0.1
"chr2:180620963-180621020|up:180619112-180619145|down:180621453-180621513","Arfgap1","chr2","+",180620963,180621020,57,180619112,180619145,180621453,180621513,0.0111501582822928,-0.183
"chr2:180745434-180745464|up:180742342-180742411|down:180746679-180746774","Kcnq2","chr2","-",180745434,180745464,30,180742342,180742411,180746679,180746774,1.25008143371497e-12,0.153
"chr2:181152296-181152323|up:181149958-181150060|down:181153366-181153408","Tpd52l2","chr2","+",181152296,181152323,27,181149958,181150060,181153366,181153408,0.000429899112835956,0.106
"chr2:181211925-181211973|up:181211488-181211596|down:181212101-181212195","Uckl1","chr2","-",181211925,181211973,48,181211488,181211596,181212101,181212195,2.42821079740503e-05,-0.37
"chr3:9008610-9008637|up:9000051-9000100|down:9009670-9009772","Tpd52","chr3","-",9008610,9008637,27,9000051,9000100,9009670,9009772,4.42357879944787e-07,0.314
"chr3:14619363-14619565|up:14616447-14616587|down:14622248-14622434","Lrrcc1","chr3","+",14619363,14619565,202,14616447,14616587,14622248,14622434,0.0263328851166317,0.119
"chr3:20084722-20084969|up:20084477-20084573|down:20089212-20089466","Hps3","chr3","-",20084722,20084969,247,20084477,20084573,20089212,20089466,0.000445359779772204,-0.122
"chr3:20152243-20152379|up:20146841-20146980|down:20159804-20159929","Hltf","chr3","+",20152243,20152379,136,20146841,20146980,20159804,20159929,1.29687565925262e-05,-0.134
"chr3:22143576-22143686|up:22131447-22131591|down:22203105-22203172","Tbl1xr1","chr3","+",22143576,22143686,110,22131447,22131591,22203105,22203172,0.000766952299439338,-0.127
"chr3:28679347-28679371|up:28677159-28677257|down:28684579-28684764","Tnik","chr3","+",28679347,28679371,24,28677159,28677257,28684579,28684764,3.79978041575934e-08,0.176
"chr3:28826862-28826954|up:28796253-28796386|down:28835119-28835244","1700112D23Rik","chr3","-",28826862,28826954,92,28796253,28796386,28835119,28835244,0.00569591657352326,-0.286
"chr3:33857598-33857754|up:33857223-33857353|down:33858148-33858220","Ttc14","chr3","+",33857598,33857754,156,33857223,33857353,33858148,33858220,0.0225209941139902,-0.105
"chr3:35973149-35973318|up:35951941-35952024|down:35986933-35986964","Dcun1d1","chr3","-",35973149,35973318,169,35951941,35952024,35986933,35986964,0.00403504486996008,-0.117
"chr3:37077118-37077181|up:37076532-37076623|down:37080238-37080492","Bltp1","chr3","+",37077118,37077181,63,37076532,37076623,37080238,37080492,0.00384229255135705,0.105
"chr3:37363493-37363631|up:37361897-37363330|down:37364441-37364588","Cetn4","chr3","-",37363493,37363631,138,37361897,37363330,37364441,37364588,3.76735372788883e-06,-0.157
"chr3:37364085-37364214|up:37362908-37363330|down:37364441-37364588","Cetn4","chr3","-",37364085,37364214,129,37362908,37363330,37364441,37364588,1.91301002757188e-05,-0.341
"chr3:37694668-37694957|up:37694095-37694213|down:37696703-37698747","Spry1","chr3","+",37694668,37694957,289,37694095,37694213,37696703,37698747,0.040402602286648,-0.151
"chr3:40916603-40916663|up:40905226-40905385|down:40918402-40918577","Larp1b","chr3","+",40916603,40916663,60,40905226,40905385,40918402,40918577,9.02202035659034e-10,0.113
"chr3:49298660-49298738|up:49291488-49291561|down:49300601-49300665","Gm20557","chr3","+",49298660,49298738,78,49291488,49291561,49300601,49300665,0.000410614396574027,0.521
"chr3:53369052-53369200|up:53365905-53366106|down:53369732-53369885","Nhlrc3","chr3","-",53369052,53369200,148,53365905,53366106,53369732,53369885,0.00150083989069159,-0.174
"chr3:55901468-55901477|up:55899754-55899935|down:55907907-55908061","Nbea","chr3","-",55901468,55901477,9,55899754,55899935,55907907,55908061,1.83302648422216e-13,0.201
"chr3:60522103-60522157|up:60520683-60520941|down:60523040-60523193","Mbnl1","chr3","+",60522103,60522157,54,60520683,60520941,60523040,60523193,1.01676195895345e-05,0.146
"chr3:65233573-65233804|up:65232196-65232501|down:65256426-65256488","A730090N16Rik","chr3","-",65233573,65233804,231,65232196,65232501,65256426,65256488,0.0424356302595404,0.417
"chr3:84426788-84427010|up:84403399-84405198|down:84441893-84442002","Arfip1","chr3","-",84426788,84427010,222,84403399,84405198,84441893,84442002,0.00908959023874941,-0.199
"chr3:84426788-84427010|up:84417114-84417289|down:84455240-84455342","Arfip1","chr3","-",84426788,84427010,222,84417114,84417289,84455240,84455342,0.00323129162114401,-0.199
"chr3:84434992-84435105|up:84417114-84417289|down:84455240-84455342","Arfip1","chr3","-",84434992,84435105,113,84417114,84417289,84455240,84455342,0.00359290234770799,-0.333
"chr3:86695928-86695941|up:86693459-86694719|down:86696618-86696797","Dclk2","chr3","-",86695928,86695941,13,86693459,86694719,86696618,86696797,0.0357757878867097,0.13
"chr3:86695928-86695941|up:86693459-86694719|down:86699301-86699622","Dclk2","chr3","-",86695928,86695941,13,86693459,86694719,86699301,86699622,9.02838700735828e-07,0.107
"chr3:86738130-86738178|up:86731942-86732037|down:86739039-86739141","Dclk2","chr3","-",86738130,86738178,48,86731942,86732037,86739039,86739141,1.01172471836732e-07,0.136
"chr3:87625535-87625565|up:87624727-87624827|down:87629663-87629790","Arhgef11","chr3","+",87625535,87625565,30,87624727,87624827,87629663,87629790,2.78873270258153e-06,0.146
"chr3:88065527-88065662|up:88063628-88063832|down:88066428-88066639","Mef2d","chr3","+",88065527,88065662,135,88063628,88063832,88066428,88066639,0.0389513018178845,-0.326
"chr3:88840871-88840973|up:88836702-88836833|down:88850081-88850135","Dap3","chr3","-",88840871,88840973,102,88836702,88836833,88850081,88850135,0.0086681768154988,-0.144
"chr3:89091458-89091515|up:89090449-89090801|down:89091763-89091830","Entrep3","chr3","+",89091458,89091515,57,89090449,89090801,89091763,89091830,2.97628877077794e-05,-0.616
"chr3:89110498-89110667|up:89110242-89110393|down:89110778-89110848","Gba","chr3","+",89110498,89110667,169,89110242,89110393,89110778,89110848,0.000366956760474024,-0.1
"chr3:89303127-89303389|up:89301598-89301700|down:89305265-89305532","Gm15417","chr3","+",89303127,89303389,262,89301598,89301700,89305265,89305532,0.0332870727024388,-0.476
"chr3:95693631-95693763|up:95692365-95692418|down:95694595-95694696","Rprd2","chr3","-",95693631,95693763,132,95692365,95692418,95694595,95694696,2.07777865641766e-07,0.27
"chr3:95808770-95808792|up:95808404-95808584|down:95809422-95809443","Car14","chr3","-",95808770,95808792,22,95808404,95808584,95809422,95809443,6.20218541597156e-05,0.423
"chr3:96016022-96016080|up:96011857-96011940|down:96043784-96043935","Otud7b","chr3","+",96016022,96016080,58,96011857,96011940,96043784,96043935,0.0155706629504126,0.191
"chr3:96037541-96037654|up:96016022-96016080|down:96043784-96043935","Otud7b","chr3","+",96037541,96037654,113,96016022,96016080,96043784,96043935,0.0338878852318955,-0.199
"chr3:103260882-103260933|up:103259318-103259471|down:103261012-103261239","Trim33","chr3","+",103260882,103260933,51,103259318,103259471,103261012,103261239,0.00335937572756558,-0.121
"chr3:104794921-104794956|up:104782142-104782258|down:104796601-104796688","St7l","chr3","+",104794921,104794956,35,104782142,104782258,104796601,104796688,0.0185409990455668,0.537
"chr3:107801904-107801972|up:107801366-107801531|down:107802176-107802308","4933431E20Rik","chr3","-",107801904,107801972,68,107801366,107801531,107802176,107802308,0.049899539693813,-0.32
"chr3:126757031-126757130|up:126755899-126756054|down:126758586-126758811","Ank2","chr3","-",126757031,126757130,99,126755899,126756054,126758586,126758811,7.50203677072801e-08,0.192
"chr3:126772904-126772916|up:126770493-126770596|down:126775448-126775593","Ank2","chr3","-",126772904,126772916,12,126770493,126770596,126775448,126775593,0.00303344410374097,0.138
"chr3:127681603-127681634|up:127663328-127664649|down:127689682-127689937","Fam241a","chr3","-",127681603,127681634,31,127663328,127664649,127689682,127689937,0.000166478503906857,0.154
"chr3:133045023-133045110|up:133015870-133016042|down:133073583-133073690","Ppa2","chr3","+",133045023,133045110,87,133015870,133016042,133073583,133073690,0.000473076453027528,-0.221
"chr3:135021641-135021711|up:135013491-135013542|down:135022814-135022954","Slc9b2","chr3","+",135021641,135021711,70,135013491,135013542,135022814,135022954,0.00112495884205944,0.121
"chr3:135024040-135024221|up:135013491-135013542|down:135027646-135027817","Slc9b2","chr3","+",135024040,135024221,181,135013491,135013542,135027646,135027817,0.00216689489824584,0.13
"chr3:144832783-144832912|up:144831853-144831986|down:144833591-144833651","Odf2l","chr3","+",144832783,144832912,129,144831853,144831986,144833591,144833651,1.59770158945174e-05,0.141
"chr3:146390687-146390884|up:146368425-146368537|down:146391190-146391230","Samd13","chr3","-",146390687,146390884,197,146368425,146368537,146391190,146391230,0.0163937500737733,0.377
"chr3:146390687-146390895|up:146386204-146386602|down:146391190-146391226","Samd13","chr3","-",146390687,146390895,208,146386204,146386602,146391190,146391226,0.0333825528160974,-0.103
"chr3:146647573-146647648|up:146645730-146645932|down:146649760-146649963","Ttll7","chr3","+",146647573,146647648,75,146645730,146645932,146649760,146649963,7.11283720357769e-06,0.158
"chr3:148526915-148527044|up:148526052-148526104|down:148528590-148528687","Adgrl2","chr3","-",148526915,148527044,129,148526052,148526104,148528590,148528687,0.00109751147190297,-0.168
"chr3:148532847-148532874|up:148532000-148532169|down:148533176-148533221","Adgrl2","chr3","-",148532847,148532874,27,148532000,148532169,148533176,148533221,0.000209883033950081,0.203
"chr3:148566062-148566074|up:148564368-148565169|down:148571235-148571345","Adgrl2","chr3","-",148566062,148566074,12,148564368,148565169,148571235,148571345,8.24021668515075e-05,0.142
"chr3:152413486-152413934|up:152408335-152408421|down:152415071-152415541","Gm32085","chr3","+",152413486,152413934,448,152408335,152408421,152415071,152415541,0.000152305644525748,0.107
"chr3:152413486-152413934|up:152408339-152408409|down:152415071-152415541","Gm32085","chr3","+",152413486,152413934,448,152408339,152408409,152415071,152415541,0.0280678457845143,0.388
"chr4:3554353-3554414|up:3551751-3551891|down:3560498-3560692","Tmem68","chr4","-",3554353,3554414,61,3551751,3551891,3560498,3560692,4.37655541718684e-05,0.133
"chr4:9637658-9637703|up:9635900-9635969|down:9639197-9639347","Asph","chr4","-",9637658,9637703,45,9635900,9635969,9639197,9639347,4.92559853045606e-10,0.119
"chr4:11976443-11977102|up:11966626-11966683|down:11980141-11980408","1700123M08Rik","chr4","+",11976443,11977102,659,11966626,11966683,11980141,11980408,0.0132504950684443,0.39
"chr4:21817500-21817644|up:21816881-21816938|down:21824416-21825077","Usp45","chr4","+",21817500,21817644,144,21816881,21816938,21824416,21825077,0.00213734272654972,-0.102
"chr4:41245455-41245492|up:41235516-41235594|down:41251534-41251619","Ubap2","chr4","-",41245455,41245492,37,41235516,41235594,41251534,41251619,0,0.109
"chr4:41507098-41507269|up:41505567-41505654|down:41507520-41507754","1110017D15Rik","chr4","-",41507098,41507269,171,41505567,41505654,41507520,41507754,0.0103787665497979,0.181
"chr4:43161442-43161478|up:43115102-43115160|down:43165743-43165978","Unc13b","chr4","+",43161442,43161478,36,43115102,43115160,43165743,43165978,0.0078093393979794,-0.218
"chr4:43681045-43681314|up:43680658-43680792|down:43681958-43682284","Tmem8b","chr4","+",43681045,43681314,269,43680658,43680792,43681958,43682284,0.00215412087797802,0.15
"chr4:52440200-52440423|up:52439242-52439334|down:52447712-52447751","Smc2","chr4","+",52440200,52440423,223,52439242,52439334,52447712,52447751,0.0106229348014032,0.107
"chr4:53059256-53059362|up:53050934-53051009|down:53060332-53060365","Abca1","chr4","-",53059256,53059362,106,53050934,53051009,53060332,53060365,0.000571507494680922,0.16
"chr4:70208081-70208266|up:70194710-70194945|down:70217056-70217185","Cdk5rap2","chr4","-",70208081,70208266,185,70194710,70194945,70217056,70217185,0.00440795783970885,-0.412
"chr4:83373251-83373288|up:83372190-83372385|down:83378399-83380083","Snapc3","chr4","+",83373251,83373288,37,83372190,83372385,83378399,83380083,2.91971769112032e-05,0.678
"chr4:83539061-83539200|up:83522258-83522419|down:83553876-83553979","Ccdc171","chr4","+",83539061,83539200,139,83522258,83522419,83553876,83553979,0.000559375073688631,0.201
"chr4:84209929-84211899|up:84193331-84194684|down:84309125-84309361","Bnc2","chr4","-",84209929,84211899,1970,84193331,84194684,84309125,84309361,0.000444651982563322,0.136
"chr4:89255914-89256050|up:89214808-89214841|down:89268569-89268625","Gm12610","chr4","+",89255914,89256050,136,89214808,89214841,89268569,89268625,0.00660565594357833,0.324
"chr4:89255914-89256050|up:89214808-89214841|down:89288010-89288109","Gm12610","chr4","+",89255914,89256050,136,89214808,89214841,89288010,89288109,8.27328736591769e-09,0.259
"chr4:89271433-89271838|up:89214789-89214947|down:89274945-89274997","Gm12610","chr4","+",89271433,89271838,405,89214789,89214947,89274945,89274997,0.000374813607356991,-0.383
"chr4:89274945-89274997|up:89214789-89214947|down:89288010-89288109","Gm12610","chr4","+",89274945,89274997,52,89214789,89214947,89288010,89288109,0.000308156712682891,0.129
"chr4:89279352-89279513|up:89274945-89274997|down:89288010-89288109","Gm12610","chr4","+",89279352,89279513,161,89274945,89274997,89288010,89288109,0.000221260119154325,0.226
"chr4:89279352-89279513|up:89275354-89275446|down:89288010-89288109","Gm12610","chr4","+",89279352,89279513,161,89275354,89275446,89288010,89288109,0.000512140798726747,0.27
"chr4:89340867-89340979|up:89288010-89288109|down:89402250-89402455","Gm12610","chr4","+",89340867,89340979,112,89288010,89288109,89402250,89402455,0.00214985522449564,0.164
"chr4:97969961-97970053|up:97953517-97953683|down:97999454-98007108","Nfia","chr4","+",97969961,97970053,92,97953517,97953683,97999454,98007108,0.000552253548699556,0.238
"chr4:99116792-99116871|up:99112650-99112787|down:99146633-99148020","Atg4c","chr4","+",99116792,99116871,79,99112650,99112787,99146633,99148020,0.0321221891972023,0.143
"chr4:99636922-99637007|up:99615099-99615184|down:99650107-99650548","Alg6","chr4","+",99636922,99637007,85,99615099,99615184,99650107,99650548,0.000839901728344131,0.537
"chr4:102757722-102757734|up:102727745-102727921|down:102766004-102766029","Sgip1","chr4","+",102757722,102757734,12,102727745,102727921,102766004,102766029,0.00482199685480026,0.461
"chr4:102762761-102762773|up:102727745-102727921|down:102766004-102766029","Sgip1","chr4","+",102762761,102762773,12,102727745,102727921,102766004,102766029,0.012020875500013,0.167
"chr4:102791742-102791802|up:102785982-102786109|down:102813295-102813407","Sgip1","chr4","+",102791742,102791802,60,102785982,102786109,102813295,102813407,0.00938056998262256,0.135
"chr4:106884413-106884494|up:106866875-106866965|down:106885389-106885449","Ssbp3","chr4","+",106884413,106884494,81,106866875,106866965,106885389,106885449,1.90927258199199e-05,0.101
"chr4:107667959-107668143|up:107663229-107666034|down:107680130-107680219","Lrp8os2","chr4","-",107667959,107668143,184,107663229,107666034,107680130,107680219,0.0054495911586332,0.463
"chr4:107673123-107673264|up:107665184-107666034|down:107680130-107680207","Lrp8os2","chr4","-",107673123,107673264,141,107665184,107666034,107680130,107680207,0.00489419159100366,0.637
"chr4:110112615-110112702|up:110108477-110108718|down:110143666-110143813","Elavl4","chr4","-",110112615,110112702,87,110108477,110108718,110143666,110143813,1.34079673279972e-06,-0.208
"chr4:111311281-111311495|up:111290515-111290750|down:111316946-111317117","Bend5","chr4","+",111311281,111311495,214,111290515,111290750,111316946,111317117,0.00698596716560593,0.162
"chr4:111603337-111603475|up:111577180-111577454|down:111631995-111632076","Spata6","chr4","+",111603337,111603475,138,111577180,111577454,111631995,111632076,0.0214906933101873,0.11
"chr4:116190609-116190630|up:116187587-116187666|down:116194618-116194694","Mast2","chr4","-",116190609,116190630,21,116187587,116187666,116194618,116194694,0,0.248
"chr4:116467599-116468574|up:116462880-116462960|down:116469168-116469278","Nasp","chr4","-",116467599,116468574,975,116462880,116462960,116469168,116469278,3.41834668679268e-13,-0.253
"chr4:116673158-116673232|up:116672995-116673035|down:116673509-116673551","Mutyh","chr4","+",116673158,116673232,74,116672995,116673035,116673509,116673551,0.000117113683865585,-0.14
"chr4:119338188-119338249|up:119334987-119335218|down:119349493-119349706","Rimkla","chr4","-",119338188,119338249,61,119334987,119335218,119349493,119349706,1.48762805021752e-05,0.227
"chr4:120568419-120568581|up:120561551-120561772|down:120570208-120570297","Kcnq4","chr4","-",120568419,120568581,162,120561551,120561772,120570208,120570297,0.01412193452692,0.294
"chr4:122748172-122748271|up:122742225-122742328|down:122751302-122752871","Ppt1","chr4","+",122748172,122748271,99,122742225,122742328,122751302,122752871,0.00526285857739157,-0.377
"chr4:125791948-125792071|up:125786974-125787069|down:125812280-125812599","2610028E06Rik","chr4","-",125791948,125792071,123,125786974,125787069,125812280,125812599,0.0129415066570939,0.225
"chr4:125815665-125815761|up:125812280-125812599|down:125815869-125816103","2610028E06Rik","chr4","-",125815665,125815761,96,125812280,125812599,125815869,125816103,0.0024434731451566,-0.124
"chr4:128635708-128635877|up:128621879-128621992|down:128637146-128637264","Phc2","chr4","+",128635708,128635877,169,128621879,128621992,128637146,128637264,0.0134963564687648,-0.202
"chr4:129013942-129013993|up:129012397-129012555|down:129015362-129015501","Hpca","chr4","-",129013942,129013993,51,129012397,129012555,129015362,129015501,0.00232139080257435,0.133
"chr4:129090905-129091081|up:129083552-129083865|down:129099921-129100002","Yars","chr4","+",129090905,129091081,176,129083552,129083865,129099921,129100002,4.87379409365597e-05,0.313
"chr4:132384888-132384927|up:132384003-132384099|down:132389205-132389249","Eya3","chr4","+",132384888,132384927,39,132384003,132384099,132389205,132389249,1.83302648422216e-13,0.204
"chr4:135182183-135182215|up:135179196-135179883|down:135191096-135191191","Nipal3","chr4","-",135182183,135182215,32,135179196,135179883,135191096,135191191,4.5723219909902e-06,0.158
"chr4:135775122-135775164|up:135755936-135756016|down:135778481-135778613","Rpl11","chr4","-",135775122,135775164,42,135755936,135756016,135778481,135778613,0.00346619934067699,0.139
"chr4:137365075-137365201|up:137362208-137362319|down:137371653-137371809","Usp48","chr4","+",137365075,137365201,126,137362208,137362319,137371653,137371809,2.87392006700783e-06,-0.126
"chr4:137811567-137811681|up:137810203-137810299|down:137823219-137823240","Eif4g3","chr4","+",137811567,137811681,114,137810203,137810299,137823219,137823240,0.0311196585059158,-0.183
"chr4:137980922-137981000|up:137977733-137977819|down:137981583-137981664","Sh2d5","chr4","+",137980922,137981000,78,137977733,137977819,137981583,137981664,0.0165568200991455,0.258
"chr4:137981141-137981269|up:137977713-137977819|down:137981583-137981664","Sh2d5","chr4","+",137981141,137981269,128,137977713,137977819,137981583,137981664,6.17558934727634e-05,0.142
"chr4:138606733-138606807|up:138605252-138605383|down:138607661-138607800","Pla2g2e","chr4","+",138606733,138606807,74,138605252,138605383,138607661,138607800,1.30840166287909e-12,0.219
"chr4:139023084-139023244|up:139021339-139021903|down:139033753-139034001","Slc66a1","chr4","-",139023084,139023244,160,139021339,139021903,139033753,139034001,0.0162967028752829,-0.155
"chr4:139159792-139159825|up:139158855-139159072|down:139160930-139160994","Ubr4","chr4","+",139159792,139159825,33,139158855,139159072,139160930,139160994,0,0.263
"chr4:140973256-140973363|up:140972128-140972277|down:140973485-140973667","Arhgef19","chr4","+",140973256,140973363,107,140972128,140972277,140973485,140973667,0.0177267819373497,-0.18
"chr4:144830183-144830258|up:144826534-144826640|down:144832368-144832491","Vps13d","chr4","-",144830183,144830258,75,144826534,144826640,144832368,144832491,0.0119748671403484,0.21
"chr4:147413438-147413565|up:147409230-147409334|down:147415724-147418191","Zfp988","chr4","+",147413438,147413565,127,147409230,147409334,147415724,147418191,0.000135770989700572,0.29
"chr4:147947484-147947593|up:147946894-147947406|down:147949645-147949727","Miip","chr4","-",147947484,147947593,109,147946894,147947406,147949645,147949727,1.03483326864201e-07,-0.108
"chr4:148240851-148240947|up:148239954-148240738|down:148241065-148241163","Fbxo44","chr4","-",148240851,148240947,96,148239954,148240738,148241065,148241163,9.97834579262941e-05,-0.149
"chr4:152519238-152519280|up:152497273-152497317|down:152520261-152520394","Kcnab2","chr4","-",152519238,152519280,42,152497273,152497317,152520261,152520394,1.32970738018292e-08,0.133
"chr4:155069822-155069849|up:155067823-155069422|down:155070671-155071473","Plch2","chr4","-",155069822,155069849,27,155067823,155069422,155070671,155071473,0.0428140432341417,0.144
"chr4:155069822-155069849|up:155067823-155069422|down:155071175-155071473","Plch2","chr4","-",155069822,155069849,27,155067823,155069422,155071175,155071473,0.00135350089455971,0.381
"chr4:156107847-156107897|up:156106464-156106769|down:156108156-156108294","Gm16008","chr4","-",156107847,156107897,50,156106464,156106769,156108156,156108294,0.0145221509078367,-0.539
"chr4:156252233-156252266|up:156251738-156251963|down:156253002-156253026","Agrn","chr4","-",156252233,156252266,33,156251738,156251963,156253002,156253026,4.01171260164633e-06,0.13
"chr4:156253002-156253026|up:156252233-156252266|down:156253189-156253277","Agrn","chr4","-",156253002,156253026,24,156252233,156252266,156253189,156253277,0.00409956888691432,0.323
"chr5:5564231-5564376|up:5563161-5563251|down:5564627-5564730","Cldn12","chr5","-",5564231,5564376,145,5563161,5563251,5564627,5564730,5.6780257952858e-05,0.112
"chr5:7768000-7768090|up:7730107-7730281|down:7768669-7768814","Gm30835","chr5","-",7768000,7768090,90,7730107,7730281,7768669,7768814,0.000250968645773305,0.158
"chr5:8136593-8136623|up:8132142-8132269|down:8161894-8161985","Adam22","chr5","-",8136593,8136623,30,8132142,8132269,8161894,8161985,0.00900364149579749,0.13
"chr5:21430560-21430725|up:21427387-21427437|down:21431241-21431346","Gsap","chr5","+",21430560,21430725,165,21427387,21427437,21431241,21431346,0.0476513745860557,-0.21
"chr5:23829050-23829124|up:23821324-23821388|down:23834329-23834475","Srpk2","chr5","-",23829050,23829124,74,23821324,23821388,23834329,23834475,0.000564037152780279,0.122
"chr5:23834329-23834475|up:23753452-23753561|down:23880717-23880772","Srpk2","chr5","-",23834329,23834475,146,23753452,23753561,23880717,23880772,0.0395638626112205,-0.221
"chr5:23968331-23968349|up:23967360-23967472|down:23973765-23973910","Pus7","chr5","-",23968331,23968349,18,23967360,23967472,23973765,23973910,0.00249790685408837,0.11
"chr5:24171131-24171429|up:24169476-24170356|down:24184485-24184645","Hycc1","chr5","-",24171131,24171429,298,24169476,24170356,24184485,24184645,7.39491230381861e-07,-0.161
"chr5:31048217-31048304|up:31046284-31048114|down:31048403-31048567","Agbl5","chr5","+",31048217,31048304,87,31046284,31048114,31048403,31048567,0.000989570895247771,-0.115
"chr5:31330726-31330855|up:31330125-31330405|down:31331111-31331433","Gtf3c2","chr5","-",31330726,31330855,129,31330125,31330405,31331111,31331433,1.61957987530082e-05,-0.124
"chr5:31403665-31403689|up:31403094-31403189|down:31404685-31404769","Nrbp1","chr5","+",31403665,31403689,24,31403094,31403189,31404685,31404769,1.54455389076641e-06,0.114
"chr5:31798948-31800384|up:31754278-31754365|down:31807646-31807828","Mrpl33","chr5","+",31798948,31800384,1436,31754278,31754365,31807646,31807828,0.000415064852633111,0.159
"chr5:31798948-31800384|up:31754278-31754365|down:31811811-31812205","Mrpl33","chr5","+",31798948,31800384,1436,31754278,31754365,31811811,31812205,0.0314679300959262,0.356
"chr5:33021353-33021656|up:33021056-33021087|down:33021920-33022043","Depdc5","chr5","+",33021353,33021656,303,33021056,33021087,33021920,33022043,7.71814477123387e-06,0.13
"chr5:33021501-33021656|up:33021056-33021087|down:33021920-33022043","Depdc5","chr5","+",33021501,33021656,155,33021056,33021087,33021920,33022043,1.13455362352412e-05,0.134
"chr5:33418352-33418497|up:33408201-33408416|down:33426785-33426978","Ctbp1","chr5","-",33418352,33418497,145,33408201,33408416,33426785,33426978,0.0346317748871463,-0.186
"chr5:36000511-36000610|up:35998624-35998745|down:36006147-36006249","Ablim2","chr5","+",36000511,36000610,99,35998624,35998745,36006147,36006249,8.45108528612711e-10,0.287
"chr5:36024048-36024110|up:36015169-36015308|down:36031976-36031984","Ablim2","chr5","+",36024048,36024110,62,36015169,36015308,36031976,36031984,0.000240272135459985,0.117
"chr5:38367961-38368008|up:38363232-38363306|down:38370651-38371727","Zbtb49","chr5","-",38367961,38368008,47,38363232,38363306,38370651,38371727,0.030335738888993,0.149
"chr5:38380477-38380571|up:38377863-38377979|down:38382061-38382141","Lyar","chr5","+",38380477,38380571,94,38377863,38377979,38382061,38382141,3.84837220484821e-10,-0.171
"chr5:38380477-38380575|up:38377825-38377979|down:38382061-38382141","Lyar","chr5","+",38380477,38380575,98,38377825,38377979,38382061,38382141,7.45315473720614e-10,-0.171
"chr5:65608054-65608160|up:65607146-65607780|down:65617866-65617915","Smim14","chr5","-",65608054,65608160,106,65607146,65607780,65617866,65617915,0.011583997547782,-0.122
"chr5:65728874-65728933|up:65694618-65694801|down:65749218-65749318","Ube2k","chr5","+",65728874,65728933,59,65694618,65694801,65749218,65749318,0.0436764758913934,-0.157
"chr5:66421351-66421410|up:66418183-66418587|down:66421833-66421964","Nsun7","chr5","+",66421351,66421410,59,66418183,66418587,66421833,66421964,5.92624440563156e-07,-0.508
"chr5:67150485-67150521|up:67131752-67132005|down:67154462-67154589","Limch1","chr5","+",67150485,67150521,36,67131752,67132005,67154462,67154589,0.0015000099963555,-0.131
"chr5:67491848-67492011|up:67487235-67487294|down:67501872-67501912","Slc30a9","chr5","+",67491848,67492011,163,67487235,67487294,67501872,67501912,0.0153099151197837,0.167
"chr5:69720425-69720565|up:69718996-69719200|down:69721866-69721990","Guf1","chr5","+",69720425,69720565,140,69718996,69719200,69721866,69721990,0.00937281362651569,0.123
"chr5:73451308-73451353|up:73450149-73450319|down:73452268-73452322","Ociad1","chr5","+",73451308,73451353,45,73450149,73450319,73452268,73452322,0.00523039684034936,-0.116
"chr5:76688593-76688614|up:76685544-76685704|down:76689897-76690085","Exoc1","chr5","+",76688593,76688614,21,76685544,76685704,76689897,76690085,1.58910376195037e-06,0.252
"chr5:77052055-77052227|up:77049764-77050032|down:77053269-77053274","Aasdh","chr5","-",77052055,77052227,172,77049764,77050032,77053269,77053274,0.000104640322013653,0.126
"chr5:77052805-77052859|up:77049764-77050032|down:77053269-77053334","Aasdh","chr5","-",77052805,77052859,54,77049764,77050032,77053269,77053334,0.0430143432113624,0.268
"chr5:92211195-92211294|up:92205826-92205929|down:92212183-92212364","G3bp2","chr5","-",92211195,92211294,99,92205826,92205929,92212183,92212364,2.84857067591192e-07,0.121
"chr5:92553801-92553838|up:92552695-92552725|down:92557128-92557161","Art3","chr5","+",92553801,92553838,37,92552695,92552725,92557128,92557161,7.53265193187456e-06,-0.136
"chr5:92553802-92553838|up:92552695-92552725|down:92557128-92557161","Art3","chr5","+",92553802,92553838,36,92552695,92552725,92557128,92557161,0.0444706993217716,-0.112
"chr5:100124392-100124449|up:100115077-100115246|down:100126250-100126308","Hnrnpd","chr5","-",100124392,100124449,57,100115077,100115246,100126250,100126308,0,0.202
"chr5:100183493-100183598|up:100182585-100182843|down:100183962-100184054","Hnrnpdl","chr5","-",100183493,100183598,105,100182585,100182843,100183962,100184054,0.000274731490298617,-0.135
"chr5:100965827-100965864|up:100959874-100960068|down:100968696-100968806","Abraxas1","chr5","-",100965827,100965864,37,100959874,100960068,100968696,100968806,0.00851128673707347,0.366
"chr5:104638509-104638630|up:104637098-104637280|down:104642758-104642857","Pkd2","chr5","+",104638509,104638630,121,104637098,104637280,104642758,104642857,0.00312821758295085,0.212
"chr5:104728722-104728783|up:104728353-104728480|down:104730017-104732486","Zfp33b","chr5","+",104728722,104728783,61,104728353,104728480,104730017,104732486,0.0122654131218897,0.213
"chr5:108217027-108217229|up:108213581-108213831|down:108228690-108228889","Mtf2","chr5","+",108217027,108217229,202,108213581,108213831,108228690,108228889,1.6394123091003e-07,-0.145
"chr5:108217027-108217389|up:108213581-108213831|down:108228690-108228889","Mtf2","chr5","+",108217027,108217389,362,108213581,108213831,108228690,108228889,4.51218165962589e-08,-0.143
"chr5:108221172-108221320|up:108213539-108213831|down:108228690-108228707","Mtf2","chr5","+",108221172,108221320,148,108213539,108213831,108228690,108228707,6.96191111593124e-08,-0.12
"chr5:110563895-110563931|up:110543910-110543940|down:110580766-110580967","Fbrsl1","chr5","-",110563895,110563931,36,110543910,110543940,110580766,110580967,0.00404923577228385,-0.145
"chr5:110565708-110565813|up:110543910-110543940|down:110580766-110580967","Fbrsl1","chr5","-",110565708,110565813,105,110543910,110543940,110580766,110580967,0.0233842041949229,-0.127
"chr5:110848387-110848630|up:110846617-110846782|down:110849486-110849656","Ep400","chr5","-",110848387,110848630,243,110846617,110846782,110849486,110849656,1.51485169599794e-07,0.188
"chr5:114881791-114881941|up:114877093-114877342|down:114883489-114883632","Git2","chr5","-",114881791,114881941,150,114877093,114877342,114883489,114883632,0.0251831512160118,-0.106
"chr5:115386973-115387229|up:115385227-115385345|down:115388028-115388189","Rnf10","chr5","-",115386973,115387229,256,115385227,115385345,115388028,115388189,0.0177697886651828,-0.587
"chr5:115386973-115387232|up:115385227-115385345|down:115388028-115388189","Rnf10","chr5","-",115386973,115387232,259,115385227,115385345,115388028,115388189,0.0225288748532062,-0.623
"chr5:115466405-115466763|up:115465717-115465757|down:115468556-115468717","Srsf9","chr5","+",115466405,115466763,358,115465717,115465757,115468556,115468717,0.0321221891972023,0.109
"chr5:115686340-115687171|up:115684871-115685007|down:115688179-115688446","Pxn","chr5","+",115686340,115687171,831,115684871,115685007,115688179,115688446,0.000449868046760911,0.501
"chr5:115789214-115789323|up:115787325-115787628|down:115789877-115789998","Bicdl1","chr5","-",115789214,115789323,109,115787325,115787628,115789877,115789998,7.39161978378268e-13,0.199
"chr5:115810202-115810214|up:115808243-115808359|down:115811138-115811255","Bicdl1","chr5","-",115810202,115810214,12,115808243,115808359,115811138,115811255,2.96143813022664e-09,0.126
"chr5:116592731-116592747|up:116591467-116591772|down:116605490-116605647","Srrm4","chr5","-",116592731,116592747,16,116591467,116591772,116605490,116605647,0.00306135752008045,0.128
"chr5:122494856-122494868|up:122492447-122492539|down:122498075-122498267","Vps29","chr5","+",122494856,122494868,12,122492447,122492539,122498075,122498267,1.87816700589279e-05,0.112
"chr5:122494856-122494868|up:122492447-122492539|down:122498091-122498267","Vps29","chr5","+",122494856,122494868,12,122492447,122492539,122498091,122498267,0.00350628173276468,0.163
"chr5:122862656-122862737|up:122857192-122857289|down:122863052-122863194","P2rx4","chr5","+",122862656,122862737,81,122857192,122857289,122863052,122863194,0.000794349425605419,0.112
"chr5:123272676-123272780|up:123272394-123272493|down:123276017-123276129","AI480526","chr5","-",123272676,123272780,104,123272394,123272493,123276017,123276129,2.82039358856655e-06,0.591
"chr5:123272686-123272780|up:123271785-123272493|down:123276017-123276083","AI480526","chr5","-",123272686,123272780,94,123271785,123272493,123276017,123276083,0.000433923032166554,0.405
"chr5:123773236-123773341|up:123768287-123769232|down:123778556-123778617","Clip1","chr5","-",123773236,123773341,105,123768287,123769232,123778556,123778617,0.0466611028216607,0.128
"chr5:123884834-123884933|up:123883559-123883652|down:123887351-123887430","Rsrc2","chr5","-",123884834,123884933,99,123883559,123883652,123887351,123887430,8.59740106300302e-05,-0.133
"chr5:124074451-124074618|up:124072134-124072327|down:124082196-124082368","Ccdc62","chr5","+",124074451,124074618,167,124072134,124072327,124082196,124082368,0.00109373295113084,0.112
"chr5:125097023-125097110|up:125095874-125096054|down:125100564-125100710","Ncor2","chr5","-",125097023,125097110,87,125095874,125096054,125100564,125100710,0.000460919086951993,-0.145
"chr5:129792747-129792922|up:129792567-129792613|down:129793790-129793930","Mrps17","chr5","+",129792747,129792922,175,129792567,129792613,129793790,129793930,9.57615469921395e-08,-0.111
"chr5:129792747-129792976|up:129792572-129792613|down:129793790-129793930","Mrps17","chr5","+",129792747,129792976,229,129792572,129792613,129793790,129793930,1.80701390240478e-07,-0.108
"chr5:129792747-129793005|up:129792579-129792613|down:129793790-129793930","Mrps17","chr5","+",129792747,129793005,258,129792579,129792613,129793790,129793930,4.42357879944787e-07,-0.103
"chr5:131494869-131494965|up:131488964-131488994|down:131501096-131501317","Auts2","chr5","-",131494869,131494965,96,131488964,131488994,131501096,131501317,0.000706955641110917,-0.256
"chr5:134235611-134235668|up:134232111-134232189|down:134237720-134237783","Gtf2ird2","chr5","+",134235611,134235668,57,134232111,134232189,134237720,134237783,0.00170720240343313,-0.133
"chr5:134963142-134963278|up:134962326-134962455|down:134969310-134970577","Mettl27","chr5","+",134963142,134963278,136,134962326,134962455,134969310,134970577,0.00254301092529718,0.186
"chr5:135895980-135896000|up:135885891-135886069|down:135897026-135897373","Srrm3","chr5","+",135895980,135896000,20,135885891,135886069,135897026,135897373,0.00026876094254613,0.114
"chr5:137552774-137552940|up:137552325-137552402|down:137561368-137561466","Actl6b","chr5","+",137552774,137552940,166,137552325,137552402,137561368,137561466,0.00268044571686485,0.179
"chr5:137577140-137577304|up:137575927-137576067|down:137578428-137578548","Tfr2","chr5","+",137577140,137577304,164,137575927,137576067,137578428,137578548,0.0109212511159536,0.13
"chr5:139215507-139215699|up:139212460-139212640|down:139219225-139219324","Sun1","chr5","+",139215507,139215699,192,139212460,139212640,139219225,139219324,5.07816002564625e-05,0.156
"chr5:139216527-139216593|up:139212460-139212640|down:139219225-139219324","Sun1","chr5","+",139216527,139216593,66,139212460,139212640,139219225,139219324,0.00473141441470963,0.152
"chr5:139216881-139216992|up:139212460-139212640|down:139219225-139219324","Sun1","chr5","+",139216881,139216992,111,139212460,139212640,139219225,139219324,6.63382162493851e-06,0.119
"chr5:139324936-139325140|up:139323894-139324130|down:139325219-139325330","Cox19","chr5","-",139324936,139325140,204,139323894,139324130,139325219,139325330,0.00267618481955599,-0.201
"chr5:140318149-140318228|up:140317663-140317710|down:140320209-140320374","Nudt1","chr5","+",140318149,140318228,79,140317663,140317710,140320209,140320374,0.0206178233682496,0.122
"chr5:141110798-141110882|up:141102078-141102201|down:141124536-141124983","Gm30866","chr5","+",141110798,141110882,84,141102078,141102201,141124536,141124983,0.00208945237396391,-0.332
"chr5:141110802-141110882|up:141102082-141102201|down:141124536-141124981","Gm30866","chr5","+",141110802,141110882,80,141102082,141102201,141124536,141124981,0.000847207836557314,-0.306
"chr5:142750523-142750652|up:142748744-142748916|down:142750805-142750942","Tnrc18","chr5","-",142750523,142750652,129,142748744,142748916,142750805,142750942,5.6780257952858e-05,-0.125
"chr5:143204717-143204886|up:143204425-143204528|down:143207092-143207178","Spdye4a","chr5","-",143204717,143204886,169,143204425,143204528,143207092,143207178,0.00826018918388055,0.296
"chr5:144746960-144747014|up:144744132-144744201|down:144748704-144748824","Trrap","chr5","+",144746960,144747014,54,144744132,144744201,144748704,144748824,0,0.283
"chr5:144747141-144747162|up:144744132-144744201|down:144748704-144748824","Trrap","chr5","+",144747141,144747162,21,144744132,144744201,144748704,144748824,2.55299855330539e-11,0.291
"chr5:144830889-144830967|up:144829970-144830117|down:144831283-144831368","Smurf1","chr5","-",144830889,144830967,78,144829970,144830117,144831283,144831368,4.43877997109333e-08,0.11
"chr5:146205024-146205096|up:146168194-146168630|down:146208404-146208474","Cdk8","chr5","+",146205024,146205096,72,146168194,146168630,146208404,146208474,0.0449989994668416,0.127
"chr5:146205024-146205135|up:146168039-146168630|down:146220438-146220496","Cdk8","chr5","+",146205024,146205135,111,146168039,146168630,146220438,146220496,9.1430477646744e-13,0.793
"chr5:149118808-149118845|up:148987397-148987561|down:149121257-149121299","Hmgb1","chr5","-",149118808,149118845,37,148987397,148987561,149121257,149121299,0.00138310450317866,-0.178
"chr5:149124517-149124644|up:149121476-149121616|down:149125154-149125283","Uspl1","chr5","+",149124517,149124644,127,149121476,149121616,149125154,149125283,5.78925058828962e-05,-0.159
"chr5:149124517-149124686|up:149121369-149121616|down:149125154-149125283","Uspl1","chr5","+",149124517,149124686,169,149121369,149121616,149125154,149125283,0.000908714728491691,-0.165
"chr5:149174048-149174237|up:149172080-149172216|down:149174343-149174787","2310047D07Rik","chr5","+",149174048,149174237,189,149172080,149172216,149174343,149174787,0.0063877738345811,0.236
"chr5:149174048-149174237|up:149172080-149172216|down:149174346-149174787","2310047D07Rik","chr5","+",149174048,149174237,189,149172080,149172216,149174346,149174787,0.0225966095920782,-0.307
"chr5:149300133-149300256|up:149292512-149292743|down:149315572-149315667","BC028471","chr5","+",149300133,149300256,123,149292512,149292743,149315572,149315667,0.000157722686902773,-0.161
"chr6:4711307-4711380|up:4694021-4694184|down:4746979-4747063","Sgce","chr6","-",4711307,4711380,73,4694021,4694184,4746979,4747063,0.00242929849777765,-0.315
"chr6:8401076-8401154|up:8270472-8270581|down:8426970-8427279","Umad1","chr6","+",8401076,8401154,78,8270472,8270581,8426970,8427279,0.00871396253698632,0.173
"chr6:17850355-17850424|up:17848002-17848078|down:17852256-17852411","St7","chr6","+",17850355,17850424,69,17848002,17848078,17852256,17852411,0.00997582977773716,0.107
"chr6:25798007-25798054|up:25794558-25794673|down:25805873-25805940","Pot1a","chr6","-",25798007,25798054,47,25794558,25794673,25805873,25805940,0.00594642261840523,-0.18
"chr6:29361558-29361752|up:29361292-29361486|down:29366038-29366205","Calu","chr6","+",29361558,29361752,194,29361292,29361486,29366038,29366205,1.79631380722141e-05,-0.112
"chr6:29452797-29452896|up:29452131-29452379|down:29453197-29453297","Flnc","chr6","+",29452797,29452896,99,29452131,29452379,29453197,29453297,0.000460919086951993,0.118
"chr6:29468965-29469225|up:29468066-29468166|down:29470065-29470511","Atp6v1f","chr6","+",29468965,29469225,260,29468066,29468166,29470065,29470511,0.00184387134755415,0.307
"chr6:30242536-30242576|up:30221666-30221795|down:30260927-30261002","Ube2h","chr6","-",30242536,30242576,40,30221666,30221795,30260927,30261002,0.000683516245056237,0.13
"chr6:31298324-31298411|up:31261937-31262055|down:31305266-31305324","2210408F21Rik","chr6","+",31298324,31298411,87,31261937,31262055,31305266,31305324,0.000314333001827109,-0.599
"chr6:31305266-31305324|up:31298324-31298411|down:31312925-31312997","2210408F21Rik","chr6","+",31305266,31305324,58,31298324,31298411,31312925,31312997,0.000676932671146962,-0.138
"chr6:31656295-31656386|up:31648617-31648727|down:31696307-31696663","Gm43154","chr6","+",31656295,31656386,91,31648617,31648727,31696307,31696663,0.00696447577010795,0.152
"chr6:34149562-34149690|up:34147395-34147509|down:34153712-34154017","Slc35b4","chr6","-",34149562,34149690,128,34147395,34147509,34153712,34154017,0.00102158121601864,-0.138
"chr6:34724820-34724904|up:34722915-34723574|down:34730377-34730523","Cald1","chr6","+",34724820,34724904,84,34722915,34723574,34730377,34730523,0.00460643952545561,-0.107
"chr6:34724826-34724904|up:34722553-34723574|down:34730377-34730523","Cald1","chr6","+",34724826,34724904,78,34722553,34723574,34730377,34730523,0.0238396595809722,-0.101
"chr6:34886611-34886762|up:34886295-34886475|down:34887444-34887498","Wdr91","chr6","-",34886611,34886762,151,34886295,34886475,34887444,34887498,0.0082031896890259,-0.261
"chr6:34886648-34886762|up:34886395-34886475|down:34887440-34887530","Wdr91","chr6","-",34886648,34886762,114,34886395,34886475,34887440,34887530,0.000137237571185277,-0.594
"chr6:38536138-38536239|up:38531914-38531998|down:38542589-38542657","Luc7l2","chr6","+",38536138,38536239,101,38531914,38531998,38542589,38542657,0.0360465726098505,0.18
"chr6:38542589-38542657|up:38531914-38531998|down:38547444-38547539","Luc7l2","chr6","+",38542589,38542657,68,38531914,38531998,38547444,38547539,0.020952190180818,-0.116
"chr6:39349012-39349071|up:39344577-39344700|down:39354552-39354596","Slc37a3","chr6","-",39349012,39349071,59,39344577,39344700,39354552,39354596,0.00666265136344891,0.136
"chr6:39506382-39506456|up:39504446-39504578|down:39520037-39521420","8030453O22Rik","chr6","+",39506382,39506456,74,39504446,39504578,39520037,39521420,0.0409838238074037,0.231
"chr6:40331947-40332027|up:40329286-40331741|down:40333978-40334469","Agk","chr6","+",40331947,40332027,80,40329286,40331741,40333978,40334469,5.81956058883445e-07,-0.371
"chr6:42253803-42253864|up:42250850-42250979|down:42256710-42256860","Casp2","chr6","+",42253803,42253864,61,42250850,42250979,42256710,42256860,4.31696620727891e-05,0.378
"chr6:48419769-48419836|up:48419558-48419672|down:48421904-48422024","Zfp467","chr6","-",48419769,48419836,67,48419558,48419672,48421904,48422024,0.0422459500092194,0.402
"chr6:48817294-48817387|up:48815105-48815296|down:48818281-48818304","Tmem176b","chr6","-",48817294,48817387,93,48815105,48815296,48818281,48818304,0.00013436132024623,0.225
"chr6:51441407-51441431|up:51441068-51441191|down:51442158-51442221","Hnrnpa2b1","chr6","-",51441407,51441431,24,51441068,51441191,51442158,51442221,1.60289999095546e-11,-0.167
"chr6:56900051-56900097|up:56890790-56890879|down:56900656-56900875","Nt5c3","chr6","-",56900051,56900097,46,56890790,56890879,56900656,56900875,0.00952418497967253,0.166
"chr6:71866577-71866670|up:71866324-71866353|down:71870365-71870510","Ptcd3","chr6","-",71866577,71866670,93,71866324,71866353,71870365,71870510,0.0012739179402556,-0.241
"chr6:83160917-83160938|up:83160280-83160315|down:83166058-83166135","Dctn1","chr6","+",83160917,83160938,21,83160280,83160315,83166058,83166135,0,0.262
"chr6:83164745-83164766|up:83160917-83160938|down:83166058-83166135","Dctn1","chr6","+",83164745,83164766,21,83160917,83160938,83166058,83166135,2.3696378192652e-05,-0.137
"chr6:83457824-83457924|up:83457198-83457418|down:83458328-83458444","Dguok","chr6","-",83457824,83457924,100,83457198,83457418,83458328,83458444,5.21162027294763e-05,-0.111
"chr6:83934490-83934574|up:83931692-83931743|down:83935165-83935234","Zfp638","chr6","+",83934490,83934574,84,83931692,83931743,83935165,83935234,0.00746068119617837,0.133
"chr6:85317324-85319343|up:85314462-85314652|down:85324761-85325437","Rab11fip5","chr6","-",85317324,85319343,2019,85314462,85314652,85324761,85325437,0.0409838238074037,0.117
"chr6:86400587-86400653|up:86396910-86397393|down:86401326-86401402","Tia1","chr6","+",86400587,86400653,66,86396910,86397393,86401326,86401402,0.0272165974734341,-0.1
"chr6:86527898-86528096|up:86524941-86525138|down:86540413-86540519","1600020E01Rik","chr6","+",86527898,86528096,198,86524941,86525138,86540413,86540519,0.00355774422498217,0.445
"chr6:86947972-86948068|up:86944250-86944355|down:86959523-86959625","Aak1","chr6","+",86947972,86948068,96,86944250,86944355,86959523,86959625,0.000208239750073781,0.155
"chr6:86958277-86958379|up:86944250-86944355|down:86959523-86959625","Aak1","chr6","+",86958277,86958379,102,86944250,86944355,86959523,86959625,4.90846102457967e-06,0.373
"chr6:86959523-86959625|up:86947972-86948068|down:86972821-86974604","Aak1","chr6","+",86959523,86959625,102,86947972,86948068,86972821,86974604,0.0394071031591184,0.249
"chr6:87909840-87909964|up:87898507-87898633|down:87910223-87910407","Hmces","chr6","+",87909840,87909964,124,87898507,87898633,87910223,87910407,0.000989789456504887,-0.17
"chr6:90610592-90610737|up:90603361-90603433|down:90613838-90613983","Slc41a3","chr6","+",90610592,90610737,145,90603361,90603433,90613838,90613983,0.0221691937209846,0.122
"chr6:90612231-90612378|up:90603361-90603433|down:90613838-90613983","Slc41a3","chr6","+",90612231,90612378,147,90603361,90603433,90613838,90613983,0.00296515827413826,0.27
"chr6:90764099-90764144|up:90671540-90671832|down:90786749-90787105","Iqsec1","chr6","-",90764099,90764144,45,90671540,90671832,90786749,90787105,0.000203414095322047,0.213
"chr6:92082262-92082346|up:92068370-92068723|down:92126584-92126785","Nr2c2","chr6","+",92082262,92082346,84,92068370,92068723,92126584,92126785,0.000107428632447553,-0.459
"chr6:93657769-93657858|up:93652435-93655983|down:93659932-93660071","Magi1","chr6","-",93657769,93657858,89,93652435,93655983,93659932,93660071,0,0.156
"chr6:93681257-93681341|up:93678270-93678362|down:93684984-93685198","Magi1","chr6","-",93681257,93681341,84,93678270,93678362,93684984,93685198,3.15513116702019e-07,0.171
"chr6:94541205-94541237|up:94512701-94512749|down:94541602-94541686","Slc25a26","chr6","+",94541205,94541237,32,94512701,94512749,94541602,94541686,0.0307712759581519,0.173
"chr6:112605422-112605485|up:112596905-112597865|down:112621548-112621708","Rad18","chr6","-",112605422,112605485,63,112596905,112597865,112621548,112621708,0.0423353806275362,0.107
"chr6:113451513-113451558|up:113451121-113451233|down:113453359-113453499","Il17rc","chr6","+",113451513,113451558,45,113451121,113451233,113453359,113453499,0.000203557484841374,0.114
"chr6:113642663-113642807|up:113624599-113624782|down:113647159-113647254","Irak2","chr6","+",113642663,113642807,144,113624599,113624782,113647159,113647254,0.0233905520350226,-0.113
"chr6:114649751-114649804|up:114629396-114629512|down:114649934-114650076","Atg7","chr6","+",114649751,114649804,53,114629396,114629512,114649934,114650076,0.00355749151789364,0.246
"chr6:115384202-115384281|up:115362557-115362594|down:115416800-115417028","Pparg","chr6","+",115384202,115384281,79,115362557,115362594,115416800,115417028,0.00750360027238407,-0.318
"chr6:117843355-117843535|up:117839060-117839253|down:117847216-117847428","Zfp239","chr6","+",117843355,117843535,180,117839060,117839253,117847216,117847428,0.00139164245057269,-0.644
"chr6:118614690-118614774|up:118607185-118607392|down:118615387-118615471","Cacna1c","chr6","-",118614690,118614774,84,118607185,118607392,118615387,118615471,0.00134609347915179,0.164
"chr6:118615387-118615471|up:118614690-118614774|down:118628908-118629019","Cacna1c","chr6","-",118615387,118615471,84,118614690,118614774,118628908,118629019,0.00456565617361802,0.194
"chr6:118651515-118651575|up:118647310-118647417|down:118652780-118652910","Cacna1c","chr6","-",118651515,118651575,60,118647310,118647417,118652780,118652910,0.00730401249273278,0.149
"chr6:118651515-118651575|up:118651306-118651366|down:118652780-118652910","Cacna1c","chr6","-",118651515,118651575,60,118651306,118651366,118652780,118652910,0.00571419597402623,0.135
"chr6:119595806-119595873|up:119571745-119571934|down:119597271-119597370","Erc1","chr6","-",119595806,119595873,67,119571745,119571934,119597271,119597370,2.15437648629046e-05,0.128
"chr6:119711041-119711053|up:119699133-119699269|down:119720248-119720442","Erc1","chr6","-",119711041,119711053,12,119699133,119699269,119720248,119720442,2.75166287953894e-05,0.163
"chr6:120930594-120930645|up:120929335-120929446|down:120934659-120934754","Mical3","chr6","-",120930594,120930645,51,120929335,120929446,120934659,120934754,0.000632137158367534,0.203
"chr6:120943014-120943077|up:120939715-120939826|down:120950363-120950608","Mical3","chr6","-",120943014,120943077,63,120939715,120939826,120950363,120950608,0.000509666070865956,0.145
"chr6:120948711-120948801|up:120946315-120946453|down:120950363-120950608","Mical3","chr6","-",120948711,120948801,90,120946315,120946453,120950363,120950608,0.0297738924048113,-0.166
"chr6:120996656-120996740|up:120985955-120986142|down:120998143-120998314","Mical3","chr6","-",120996656,120996740,84,120985955,120986142,120998143,120998314,3.09343976434161e-05,0.142
"chr6:121174840-121174973|up:121170470-121170706|down:121175586-121175796","Pex26","chr6","+",121174840,121174973,133,121170470,121170706,121175586,121175796,0.0159547103629922,-0.42
"chr6:122309480-122309612|up:122302416-122302909|down:122310249-122310399","Phc1","chr6","-",122309480,122309612,132,122302416,122302909,122310249,122310399,0.0216985677542389,-0.108
"chr6:126869046-126869183|up:126868595-126868736|down:126871639-126871803","Dyrk4","chr6","-",126869046,126869183,137,126868595,126868736,126871639,126871803,0.000118976248211211,0.111
"chr6:127448510-127448631|up:127447664-127447793|down:127451198-127451274","Parp11","chr6","+",127448510,127448631,121,127447664,127447793,127451198,127451274,0.00106953072186993,0.298
"chr6:140501676-140501796|up:140498440-140498524|down:140515078-140515141","Plekha5","chr6","+",140501676,140501796,120,140498440,140498524,140515078,140515141,0.000154721940580891,0.13
"chr6:140526072-140526261|up:140525155-140525202|down:140527693-140527814","Plekha5","chr6","+",140526072,140526261,189,140525155,140525202,140527693,140527814,0.0384734592046101,-0.121
"chr6:143011911-143011944|up:143007478-143007587|down:143012781-143012811","C2cd5","chr6","-",143011911,143011944,33,143007478,143007587,143012781,143012811,0,0.132
"chr6:145083771-145083812|up:145083185-145083333|down:145083907-145083989","Irag2","chr6","+",145083771,145083812,41,145083185,145083333,145083907,145083989,0.00020670684657125,0.4
"chr6:145363125-145363245|up:145359108-145359314|down:145365413-145365600","Lmntd1","chr6","-",145363125,145363245,120,145359108,145359314,145365413,145365600,0.0479009462542705,0.327
"chr6:148092416-148092521|up:148090997-148091082|down:148096692-148096788","Ergic2","chr6","-",148092416,148092521,105,148090997,148091082,148096692,148096788,0.00549010424682853,-0.109
"chr6:149044103-149044213|up:149043013-149043202|down:149045531-149045784","Etfbkmt","chr6","+",149044103,149044213,110,149043013,149043202,149045531,149045784,0.0297029557121197,0.132
"chr7:3637642-3638494|up:3636594-3636662|down:3646172-3646274","Gm15927","chr7","-",3637642,3638494,852,3636594,3636662,3646172,3646274,0.0207991041809914,0.4
"chr7:4516579-4516612|up:4515263-4515282|down:4516809-4516836","Tnnt1","chr7","-",4516579,4516612,33,4515263,4515282,4516809,4516836,0.0172471027025576,0.147
"chr7:6715948-6716011|up:6715671-6715774|down:6719052-6719156","Peg3","chr7","-",6715948,6716011,63,6715671,6715774,6719052,6719156,3.15126704685508e-08,0.146
"chr7:6740563-6740633|up:6733581-6734301|down:6741854-6741944","Usp29","chr7","+",6740563,6740633,70,6733581,6734301,6741854,6741944,0.0308499708084042,-0.2
"chr7:12152469-12152593|up:12149079-12151145|down:12155734-12155773","Zfp551","chr7","-",12152469,12152593,124,12149079,12151145,12155734,12155773,0.0141996762987254,-0.184
"chr7:16194730-16194878|up:16189645-16190229|down:16195254-16195361","Npas1","chr7","-",16194730,16194878,148,16189645,16190229,16195254,16195361,0.00095682049486633,0.1
"chr7:18821418-18821625|up:18821164-18821258|down:18821925-18822025","Dmpk","chr7","+",18821418,18821625,207,18821164,18821258,18821925,18822025,2.02220019005814e-08,-0.109
"chr7:18894519-18894679|up:18893670-18893759|down:18896473-18896618","Gipr","chr7","-",18894519,18894679,160,18893670,18893759,18896473,18896618,0.000411669106957379,-0.159
"chr7:24010889-24010928|up:24008295-24008622|down:24011806-24011920","Zfp94","chr7","-",24010889,24010928,39,24008295,24008622,24011806,24011920,0.000206670021526904,0.178
"chr7:24617944-24617956|up:24617319-24617425|down:24618608-24618776","Arhgef1","chr7","+",24617944,24617956,12,24617319,24617425,24618608,24618776,0.000225967412359808,0.131
"chr7:24775447-24775538|up:24771991-24772136|down:24776231-24776441","Zfp574","chr7","+",24775447,24775538,91,24771991,24772136,24776231,24776441,0.00473327235118602,-0.227
"chr7:25320848-25320937|up:25320320-25320517|down:25321397-25321428","Dmac2","chr7","+",25320848,25320937,89,25320320,25320517,25321397,25321428,0.00698114473783677,-0.203
"chr7:25417569-25417704|up:25415328-25415612|down:25418320-25418416","Ccdc97","chr7","-",25417569,25417704,135,25415328,25415612,25418320,25418416,0.00938056998262256,-0.394
"chr7:28467056-28467103|up:28466191-28466292|down:28471235-28471284","Sirt2","chr7","+",28467056,28467103,47,28466191,28466292,28471235,28471284,2.07061881689525e-08,0.106
"chr7:28905753-28905826|up:28904191-28904347|down:28905978-28906105","Catsperg1","chr7","-",28905753,28905826,73,28904191,28904347,28905978,28906105,0.0315518150021693,0.299
"chr7:29656384-29656459|up:29653087-29653381|down:29660317-29660444","ENSMUSG00000121374","chr7","+",29656384,29656459,75,29653087,29653381,29660317,29660444,0.0038321614029679,-0.171
"chr7:30181165-30181241|up:30177722-30177784|down:30186009-30186141","Nphs1","chr7","+",30181165,30181241,76,30177722,30177784,30186009,30186141,0.00123082565387041,-0.383
"chr7:30181889-30182005|up:30177722-30177784|down:30186009-30186141","Nphs1","chr7","+",30181889,30182005,116,30177722,30177784,30186009,30186141,0.000682847500035188,-0.291
"chr7:30233527-30233637|up:30232359-30232457|down:30234350-30234434","Arhgap33","chr7","-",30233527,30233637,110,30232359,30232457,30234350,30234434,0.00115534978083547,0.106
"chr7:30428081-30428166|up:30427629-30427714|down:30428626-30428696","Tmem147","chr7","-",30428081,30428166,85,30427629,30427714,30428626,30428696,0.0289405473261721,0.195
"chr7:30746797-30746827|up:30744377-30744452|down:30750780-30750828","Fxyd7","chr7","-",30746797,30746827,30,30744377,30744452,30750780,30750828,0.000914872697111681,0.198
"chr7:30832644-30832656|up:30832182-30832290|down:30833415-30833503","Gramd1a","chr7","-",30832644,30832656,12,30832182,30832290,30833415,30833503,0,0.183
"chr7:35129339-35129536|up:35128581-35128723|down:35131942-35132032","Cep89","chr7","+",35129339,35129536,197,35128581,35128723,35131942,35132032,9.25568938539902e-06,-0.129
"chr7:39120820-39120930|up:39116765-39116858|down:39122285-39123863","ENSMUSG00000121502","chr7","+",39120820,39120930,110,39116765,39116858,39122285,39123863,3.3499803481681e-06,0.373
"chr7:41251171-41251239|up:41248708-41248824|down:41252859-41252889","2610021A01Rik","chr7","+",41251171,41251239,68,41248708,41248824,41252859,41252889,0.015151126219211,-0.186
"chr7:41252301-41252421|up:41251171-41251239|down:41261099-41261349","2610021A01Rik","chr7","+",41252301,41252421,120,41251171,41251239,41261099,41261349,0.000511229019562452,-0.1
"chr7:42232329-42232456|up:42232070-42232131|down:42241860-42242009","Zfp977","chr7","-",42232329,42232456,127,42232070,42232131,42241860,42242009,0.0247128369656847,0.123
"chr7:42870265-42870525|up:42863457-42863571|down:42872998-42873125","EU599041","chr7","+",42870265,42870525,260,42863457,42863571,42872998,42873125,0.000806405267909375,-0.139
"chr7:43896661-43896840|up:43896158-43896232|down:43897675-43897719","2410002F23Rik","chr7","+",43896661,43896840,179,43896158,43896232,43897675,43897719,1.27058896427239e-07,0.149
"chr7:43896661-43896840|up:43896210-43896247|down:43897675-43897719","2410002F23Rik","chr7","+",43896661,43896840,179,43896210,43896247,43897675,43897719,1.83302648422216e-13,0.186
"chr7:43896674-43896840|up:43896177-43896232|down:43897675-43897719","2410002F23Rik","chr7","+",43896674,43896840,166,43896177,43896232,43897675,43897719,1.94081444465673e-08,0.173
"chr7:43896674-43896840|up:43896210-43896247|down:43897333-43897483","2410002F23Rik","chr7","+",43896674,43896840,166,43896210,43896247,43897333,43897483,0.00719072453852466,0.12
"chr7:43896674-43896840|up:43896210-43896247|down:43897675-43897719","2410002F23Rik","chr7","+",43896674,43896840,166,43896210,43896247,43897675,43897719,0,0.211
"chr7:43897333-43897483|up:43896654-43896840|down:43897675-43897719","2410002F23Rik","chr7","+",43897333,43897483,150,43896654,43896840,43897675,43897719,2.452743615685e-11,-0.21
"chr7:44247013-44247043|up:44244584-44245692|down:44247804-44247999","Kcnc3","chr7","+",44247013,44247043,30,44244584,44245692,44247804,44247999,1.7021590643803e-05,0.151
"chr7:44247013-44247043|up:44244584-44245692|down:44247807-44247999","Kcnc3","chr7","+",44247013,44247043,30,44244584,44245692,44247807,44247999,0.00035228058859102,0.326
"chr7:44640800-44640905|up:44636323-44636794|down:44641446-44641752","Gm15545","chr7","+",44640800,44640905,105,44636323,44636794,44641446,44641752,0.000556773037817526,-0.113
"chr7:44834701-44834753|up:44833612-44833677|down:44837565-44837721","Kash5","chr7","-",44834701,44834753,52,44833612,44833677,44837565,44837721,0.0418761606774705,-0.173
"chr7:44992976-44993003|up:44991749-44991925|down:44993164-44993227","Ppfia3","chr7","-",44992976,44993003,27,44991749,44991925,44993164,44993227,5.1877029221982e-09,0.239
"chr7:45179905-45180082|up:45179463-45179557|down:45181681-45181766","Plekha4","chr7","+",45179905,45180082,177,45179463,45179557,45181681,45181766,0.0111124707435613,0.177
"chr7:45340470-45340659|up:45336000-45336249|down:45340835-45340985","Ntn5","chr7","+",45340470,45340659,189,45336000,45336249,45340835,45340985,1.79772112908203e-05,-0.35
"chr7:46424577-46424708|up:46424237-46424361|down:46425188-46425375","Hps5","chr7","-",46424577,46424708,131,46424237,46424361,46425188,46425375,0.00309807723083696,0.156
"chr7:51581111-51581174|up:51576183-51576292|down:51586301-51586365","Gas2","chr7","+",51581111,51581174,63,51576183,51576292,51586301,51586365,4.33174365248858e-05,0.143
"chr7:66327904-66327993|up:66309397-66310003|down:66328827-66329089","Asb7","chr7","-",66327904,66327993,89,66309397,66310003,66328827,66329089,0.00325416271559454,-0.118
"chr7:66874123-66874149|up:66873356-66873639|down:66875611-66878211","Lysmd4","chr7","+",66874123,66874149,26,66873356,66873639,66875611,66878211,0.0348177002792262,0.106
"chr7:73157553-73157661|up:73154735-73154876|down:73163837-73163899","Chd2","chr7","-",73157553,73157661,108,73154735,73154876,73163837,73163899,0.00026224516045314,-0.119
"chr7:77954039-77954174|up:77910031-77910162|down:78005774-78005963","Ntrk3","chr7","-",77954039,77954174,135,77910031,77910162,78005774,78005963,0.00287668939338054,0.143
"chr7:79416137-79416173|up:79411207-79411246|down:79418106-79418191","Wdr93","chr7","+",79416137,79416173,36,79411207,79411246,79418106,79418191,0.0289171418413198,0.377
"chr7:89843480-89843504|up:89840861-89840961|down:89844862-89844922","Picalm","chr7","+",89843480,89843504,24,89840861,89840961,89844862,89844922,1.15267724231651e-07,0.118
"chr7:96378555-96378732|up:96353132-96353368|down:96384891-96385106","Tenm4","chr7","+",96378555,96378732,177,96353132,96353368,96384891,96385106,0.0109442627828499,0.193
"chr7:96454311-96454338|up:96446526-96446712|down:96461039-96461186","Tenm4","chr7","+",96454311,96454338,27,96446526,96446712,96461039,96461186,6.02621193284705e-06,0.102
"chr7:97207337-97207433|up:97199537-97199948|down:97224794-97224860","Aamdc","chr7","-",97207337,97207433,96,97199537,97199948,97224794,97224860,0.00643484327265245,-0.156
"chr7:99498363-99498459|up:99498182-99498266|down:99505619-99505721","Spcs2","chr7","-",99498363,99498459,96,99498182,99498266,99505619,99505721,0.0107292740115184,0.272
"chr7:99498363-99498459|up:99498182-99498266|down:99512434-99512669","Spcs2","chr7","-",99498363,99498459,96,99498182,99498266,99512434,99512669,0.0278011855647572,-0.291
"chr7:99962412-99962572|up:99959993-99960058|down:99966248-99966317","P4ha3","chr7","+",99962412,99962572,160,99959993,99960058,99966248,99966317,0.0115301299660962,0.213
"chr7:99963814-99963877|up:99959993-99960058|down:99966248-99966317","P4ha3","chr7","+",99963814,99963877,63,99959993,99960058,99966248,99966317,0.0160547083805192,0.26
"chr7:100029232-100029332|up:100023470-100023740|down:100039285-100039509","C2cd3","chr7","+",100029232,100029332,100,100023470,100023740,100039285,100039509,0.00480398491883332,0.104
"chr7:100467942-100467969|up:100462126-100462207|down:100473338-100473464","Fam168a","chr7","+",100467942,100467969,27,100462126,100462207,100473338,100473464,1.19363993167714e-06,-0.191
"chr7:100895508-100895580|up:100893327-100893423|down:100899651-100899768","Fchsd2","chr7","+",100895508,100895580,72,100893327,100893423,100899651,100899768,0.001016274231496,0.12
"chr7:100992390-100992494|up:100970920-100971240|down:100994841-100994894","Stard10","chr7","+",100992390,100992494,104,100970920,100971240,100994841,100994894,4.97860633454228e-05,0.239
"chr7:101715666-101715836|up:101714799-101715149|down:101719103-101719210","Xndc1","chr7","+",101715666,101715836,170,101714799,101715149,101719103,101719210,0.000794349425605419,-0.157
"chr7:101872585-101872697|up:101859568-101859798|down:101885300-101885374","Pgap2","chr7","+",101872585,101872697,112,101859568,101859798,101885300,101885374,0.0297295277805289,0.105
"chr7:101884868-101885079|up:101859741-101859798|down:101885300-101885553","Pgap2","chr7","+",101884868,101885079,211,101859741,101859798,101885300,101885553,0.00035228058859102,0.257
"chr7:102082403-102082440|up:102080091-102080158|down:102084590-102085107","Stim1","chr7","+",102082403,102082440,37,102080091,102080158,102084590,102085107,1.77318356076807e-11,0.188
"chr7:102401471-102402340|up:102395224-102395357|down:102408516-102408602","Or51e2","chr7","-",102401471,102402340,869,102395224,102395357,102408516,102408602,0.000671722284162134,-0.399
"chr7:107327922-107327955|up:107326850-107326992|down:107328345-107328472","Ppfibp2","chr7","+",107327922,107327955,33,107326850,107326992,107328345,107328472,0.000795244334296005,0.114
"chr7:109940496-109940571|up:109939096-109939281|down:109948061-109948202","Sbf2","chr7","-",109940496,109940571,75,109939096,109939281,109948061,109948202,2.67972427983008e-05,0.239
"chr7:115747487-115747568|up:115744404-115744473|down:115753867-115753921","Plekha7","chr7","-",115747487,115747568,81,115744404,115744473,115753867,115753921,0.0371142851659549,0.228
"chr7:116041825-116041913|up:116016687-116017816|down:116042538-116042684","Pik3c2a","chr7","-",116041825,116041913,88,116016687,116017816,116042538,116042684,0.0355883330525339,0.115
"chr7:118472043-118472108|up:118454997-118455184|down:118475464-118475594","Iqck","chr7","+",118472043,118472108,65,118454997,118455184,118475464,118475594,0.0351549059679748,0.136
"chr7:119423267-119423362|up:119422978-119423117|down:119426525-119426599","Rexo5","chr7","+",119423267,119423362,95,119422978,119423117,119426525,119426599,0.00213734272654972,0.105
"chr7:119499333-119499531|up:119495089-119495113|down:119509026-119509185","Lyrm1","chr7","+",119499333,119499531,198,119495089,119495113,119509026,119509185,0.000552463023740242,0.351
"chr7:122779471-122779618|up:122778939-122779082|down:122779762-122779900","Tnrc6a","chr7","+",122779471,122779618,147,122778939,122779082,122779762,122779900,0.003340632583046,-0.101
"chr7:125973372-125973451|up:125973093-125973145|down:125974238-125974375","Spns1","chr7","-",125973372,125973451,79,125973093,125973145,125974238,125974375,0.0297371745848404,-0.465
"chr7:126091615-126091780|up:126090957-126091387|down:126091929-126092173","Atxn2l","chr7","-",126091615,126091780,165,126090957,126091387,126091929,126092173,0.00962200021749424,-0.169
"chr7:126291924-126291976|up:126291099-126291831|down:126294596-126294811","Slx1b","chr7","-",126291924,126291976,52,126291099,126291831,126294596,126294811,1.56988893225461e-05,-0.111
"chr7:126376677-126376789|up:126376318-126376375|down:126376942-126377125","Ypel3","chr7","+",126376677,126376789,112,126376318,126376375,126376942,126377125,0.049899539693813,-0.36
"chr7:126417465-126417565|up:126416360-126416483|down:126418995-126419126","Tlcd3b","chr7","+",126417465,126417565,100,126416360,126416483,126418995,126419126,0.00957196931605333,-0.153
"chr7:127019181-127019277|up:127018138-127018813|down:127020794-127021139","Zfp688","chr7","-",127019181,127019277,96,127018138,127018813,127020794,127021139,0.000156625548282831,-0.101
"chr7:127184316-127184433|up:127184164-127184225|down:127184625-127184696","Ccdc189","chr7","-",127184316,127184433,117,127184164,127184225,127184625,127184696,0.00142135503983831,0.158
"chr7:128048454-128048522|up:128047918-128047994|down:128049844-128049932","Tial1","chr7","-",128048454,128048522,68,128047918,128047994,128049844,128049932,0.000424432847698657,-0.105
"chr7:130346256-130346346|up:130345273-130345414|down:130352919-130353063","Tacc2","chr7","+",130346256,130346346,90,130345273,130345414,130352919,130353063,0.0278695748695838,0.125
"chr7:130975264-130975559|up:130972869-130973118|down:130975793-130975992","Pstk","chr7","+",130975264,130975559,295,130972869,130973118,130975793,130975992,9.64503146274737e-06,-0.194
"chr7:132433088-132433305|up:132429185-132429611|down:132438828-132438936","Eef1akmt2","chr7","-",132433088,132433305,217,132429185,132429611,132438828,132438936,0.00020546106696315,-0.111
"chr7:136978683-136978846|up:136977865-136978080|down:136989099-136989162","9430038I01Rik","chr7","-",136978683,136978846,163,136977865,136978080,136989099,136989162,0.000441851244589695,-0.186
"chr7:138472118-138472231|up:138448323-138448433|down:138474729-138474780","Ppp2r2d","chr7","+",138472118,138472231,113,138448323,138448433,138474729,138474780,0.00326530360508196,-0.426
"chr7:139707420-139707620|up:139697159-139697269|down:139708930-139709106","Paox","chr7","+",139707420,139707620,200,139697159,139697269,139708930,139709106,0.000196788169873013,-0.104
"chr7:140437894-140438185|up:140437363-140437467|down:140438279-140438485","Ric8a","chr7","+",140437894,140438185,291,140437363,140437467,140438279,140438485,0.00127786254016389,-0.42
"chr7:140796941-140797625|up:140796633-140796764|down:140797798-140797913","Rassf7","chr7","+",140796941,140797625,684,140796633,140796764,140797798,140797913,0.000938360937500695,-0.112
"chr7:140797500-140797625|up:140796612-140796764|down:140797798-140797816","Rassf7","chr7","+",140797500,140797625,125,140796612,140796764,140797798,140797816,0.00115252307102536,-0.12
"chr7:140851429-140851633|up:140849770-140849930|down:140852013-140852098","Cdhr5","chr7","-",140851429,140851633,204,140849770,140849930,140852013,140852098,0.00997797014897196,-0.409
"chr7:140904354-140904529|up:140903994-140904092|down:140907191-140907497","Deaf1","chr7","-",140904354,140904529,175,140903994,140904092,140907191,140907497,1.8567258562636e-05,-0.207
"chr7:141552656-141552751|up:141552369-141552459|down:141554578-141554626","Brsk2","chr7","+",141552656,141552751,95,141552369,141552459,141554578,141554626,0.00203657463379124,-0.147
"chr7:141554578-141554623|up:141552369-141552459|down:141556211-141556842","Brsk2","chr7","+",141554578,141554623,45,141552369,141552459,141556211,141556842,3.78981443433466e-06,0.177
"chr7:141554578-141554626|up:141552369-141552459|down:141556211-141556412","Brsk2","chr7","+",141554578,141554626,48,141552369,141552459,141556211,141556412,0.0014956495206172,0.184
"chr7:141554578-141554626|up:141552656-141552751|down:141556211-141556412","Brsk2","chr7","+",141554578,141554626,48,141552656,141552751,141556211,141556412,0.03584981861456,0.131
"chr7:142050611-142050708|up:142046664-142046872|down:142060173-142060235","Prr33","chr7","-",142050611,142050708,97,142046664,142046872,142060173,142060235,0.0015000099963555,0.313
"chr7:142570937-142571021|up:142569317-142569404|down:142571315-142571410","Tspan32","chr7","+",142570937,142571021,84,142569317,142569404,142571315,142571410,0.0310576751872553,0.414
"chr7:143961792-143961813|up:143960857-143960969|down:143963198-143965605","Shank2","chr7","+",143961792,143961813,21,143960857,143960969,143963198,143965605,0.00367211715503187,0.216
"chr7:144005763-144005874|up:144003296-144003352|down:144010177-144010232","Cttn","chr7","-",144005763,144005874,111,144003296,144003352,144010177,144010232,0.0446547946410203,-0.138
"chr7:144056603-144056633|up:144053988-144054140|down:144058639-144058871","Ppfia1","chr7","-",144056603,144056633,30,144053988,144054140,144058639,144058871,7.93719172020803e-12,0.265
"chr7:144809616-144809698|up:144750432-144750520|down:144810250-144810333","Tpcn2","chr7","-",144809616,144809698,82,144750432,144750520,144810250,144810333,0.0368168755188428,0.122
"chr7:144815297-144815416|up:144814608-144814737|down:144815669-144815729","Tpcn2","chr7","-",144815297,144815416,119,144814608,144814737,144815669,144815729,0.031784210700594,-0.124
"chr8:11254535-11254552|up:11252893-11253008|down:11256225-11256403","Col4a1","chr8","-",11254535,11254552,17,11252893,11253008,11256225,11256403,0.029292636882421,0.116
"chr8:11670261-11670373|up:11669061-11669297|down:11678438-11678530","Ankrd10","chr8","-",11670261,11670373,112,11669061,11669297,11678438,11678530,2.84843869066929e-05,0.12
"chr8:13788327-13788488|up:13785902-13786021|down:13792653-13793414","Cfap97d2","chr8","+",13788327,13788488,161,13785902,13786021,13792653,13793414,0.00352582083126976,-0.164
"chr8:14992609-14992726|up:14990208-14990372|down:14995279-14995394","Arhgef10","chr8","+",14992609,14992726,117,14990208,14990372,14995279,14995394,0.00486650585162723,-0.118
"chr8:25669286-25669322|up:25667949-25668010|down:25671838-25672946","Tacc1","chr8","-",25669286,25669322,36,25667949,25668010,25671838,25672946,2.91585154059633e-05,0.109
"chr8:27539201-27539336|up:27535055-27535163|down:27542263-27542362","Plpbp","chr8","+",27539201,27539336,135,27535055,27535163,27542263,27542362,0.0262141185110006,-0.104
"chr8:27641624-27643187|up:27640722-27640831|down:27644173-27644963","Rab11fip1","chr8","-",27641624,27643187,1563,27640722,27640831,27644173,27644963,1.94409167542602e-06,0.102
"chr8:27971649-27971717|up:27970099-27970166|down:27984884-27985200","Poteg","chr8","+",27971649,27971717,68,27970099,27970166,27984884,27985200,0.0166726448291764,-0.667
"chr8:32323180-32323258|up:32316280-32316383|down:32327697-32327756","Nrg1","chr8","-",32323180,32323258,78,32316280,32316383,32327697,32327756,0.0134282560045105,-0.3
"chr8:32323180-32323258|up:32321232-32321256|down:32327697-32327756","Nrg1","chr8","-",32323180,32323258,78,32321232,32321256,32327697,32327756,0.000713889802759613,-0.145
"chr8:40900091-40900186|up:40876855-40877210|down:40907557-40907656","Zdhhc2","chr8","+",40900091,40900186,95,40876855,40877210,40907557,40907656,0.000347227357812573,0.185
"chr8:45498769-45498822|up:45498067-45498205|down:45502878-45502914","Fat1","chr8","+",45498769,45498822,53,45498067,45498205,45502878,45502914,0.0120987580619089,0.239
"chr8:45500686-45500746|up:45498067-45498205|down:45502878-45502914","Fat1","chr8","+",45500686,45500746,60,45498067,45498205,45502878,45502914,0.0203667767943438,0.288
"chr8:45500686-45500746|up:45498769-45498822|down:45502878-45502914","Fat1","chr8","+",45500686,45500746,60,45498769,45498822,45502878,45502914,0.000723374244043817,0.236
"chr8:47644667-47644721|up:47633082-47639607|down:47644873-47647139","Stox2","chr8","-",47644667,47644721,54,47633082,47639607,47644873,47647139,3.06426728887984e-06,0.109
"chr8:48740167-48740188|up:48731992-48732225|down:48740825-48741075","Tenm3","chr8","-",48740167,48740188,21,48731992,48732225,48740825,48741075,3.21771505736489e-10,0.191
"chr8:48766272-48766299|up:48763657-48763804|down:48820345-48820468","Tenm3","chr8","-",48766272,48766299,27,48763657,48763804,48820345,48820468,0.0346103153099895,0.204
"chr8:57771440-57771482|up:57767549-57767649|down:57773723-57773779","Hand2os1","chr8","-",57771440,57771482,42,57767549,57767649,57773723,57773779,0.00031990563030739,0.308
"chr8:57786153-57786666|up:57785484-57785668|down:57792899-57793672","Hdnr","chr8","+",57786153,57786666,513,57785484,57785668,57792899,57793672,0.00767469527043458,0.236
"chr8:57791917-57791982|up:57785804-57786666|down:57792899-57793212","Hdnr","chr8","+",57791917,57791982,65,57785804,57786666,57792899,57793212,0.0268409603391519,-0.175
"chr8:61353117-61353268|up:61343478-61343570|down:61358581-61358754","Hpf1","chr8","+",61353117,61353268,151,61343478,61343570,61358581,61358754,0.0339266958105778,-0.128
"chr8:61428765-61428941|up:61391673-61394448|down:61435809-61436273","Clcn3","chr8","-",61428765,61428941,176,61391673,61394448,61435809,61436273,0.00322273111668182,-0.103
"chr8:70316961-70317200|up:70311729-70311803|down:70317473-70317664","Pbx4","chr8","+",70316961,70317200,239,70311729,70311803,70317473,70317664,0.00802435137533353,-0.176
"chr8:70364813-70364888|up:70364326-70364519|down:70365572-70365874","Gatad2a","chr8","-",70364813,70364888,75,70364326,70364519,70365572,70365874,0,0.199
"chr8:71111427-71111542|up:71110077-71110130|down:71112950-71113038","Pgpep1","chr8","-",71111427,71111542,115,71110077,71110130,71112950,71113038,2.00570894582915e-07,0.623
"chr8:71182756-71182933|up:71179492-71179698|down:71197922-71198114","Pde4c","chr8","+",71182756,71182933,177,71179492,71179698,71197922,71198114,0.000795033763942355,0.428
"chr8:71201016-71201171|up:71200705-71200805|down:71201559-71201682","Pde4c","chr8","+",71201016,71201171,155,71200705,71200805,71201559,71201682,0.0384195047672438,-0.141
"chr8:72719637-72719760|up:72704909-72705004|down:72719943-72720004","Zfp961","chr8","+",72719637,72719760,123,72704909,72705004,72719943,72720004,0.031141844002088,0.115
"chr8:73181005-73181137|up:73179610-73179703|down:73181913-73182009","Calr3","chr8","-",73181005,73181137,132,73179610,73179703,73181913,73182009,0.0194428294906984,0.128
"chr8:75560078-75560151|up:75554894-75555048|down:75560479-75560575","Gm11033","chr8","-",75560078,75560151,73,75554894,75555048,75560479,75560575,0.0321221891972023,0.222
"chr8:75725462-75725566|up:75719983-75720377|down:75726187-75726336","Hmgxb4","chr8","+",75725462,75725566,104,75719983,75720377,75726187,75726336,2.32344502416303e-10,0.177
"chr8:75726626-75726741|up:75726440-75726519|down:75727277-75728212","Hmgxb4","chr8","+",75726626,75726741,115,75726440,75726519,75727277,75728212,0.00606706097655591,-0.107
"chr8:75774620-75774705|up:75760332-75760455|down:75781204-75781321","Tom1","chr8","+",75774620,75774705,85,75760332,75760455,75781204,75781321,0.0147157502727144,0.196
"chr8:75776817-75776896|up:75774620-75774705|down:75778550-75778685","Tom1","chr8","+",75776817,75776896,79,75774620,75774705,75778550,75778685,0.000581633249307326,0.213
"chr8:83129367-83129502|up:83106117-83106244|down:83129597-83129838","Il15","chr8","-",83129367,83129502,135,83106117,83106244,83129597,83129838,0.00285296750952396,0.371
"chr8:84456739-84456886|up:84456010-84456154|down:84460042-84460195","Adgre5","chr8","-",84456739,84456886,147,84456010,84456154,84460042,84460195,0.00158421278587421,0.212
"chr8:84650834-84650984|up:84649627-84649737|down:84656092-84656681","Adgrl1","chr8","+",84650834,84650984,150,84649627,84649737,84656092,84656681,2.50717601519826e-05,0.109
"chr8:84875466-84875514|up:84874787-84875027|down:84886073-84886236","Brme1","chr8","+",84875466,84875514,48,84874787,84875027,84886073,84886236,0.00522124337091039,-0.435
"chr8:84985741-84985880|up:84984423-84985555|down:84986922-84987095","Ccdc130","chr8","-",84985741,84985880,139,84984423,84985555,84986922,84987095,5.80600321890986e-09,-0.115
"chr8:85564635-85564763|up:85564088-85564222|down:85565097-85565279","Rad23a","chr8","-",85564635,85564763,128,85564088,85564222,85565097,85565279,0.000948284233830729,-0.209
"chr8:95317800-95317916|up:95315938-95316035|down:95318196-95318330","Psme3ip1","chr8","-",95317800,95317916,116,95315938,95316035,95318196,95318330,0.000184545359371775,0.36
"chr8:96442980-96443122|up:96442542-96442591|down:96444820-96444963","Setd6","chr8","+",96442980,96443122,142,96442542,96442591,96444820,96444963,0.0369735612330791,-0.278
"chr8:96443548-96443669|up:96443234-96443429|down:96444820-96444963","Setd6","chr8","+",96443548,96443669,121,96443234,96443429,96444820,96444963,0.00028535479141325,-0.106
"chr8:104908642-104908751|up:104897144-104897636|down:104937549-104937801","Bean1","chr8","+",104908642,104908751,109,104897144,104897636,104937549,104937801,0.0496577035286534,0.127
"chr8:105147916-105148035|up:105146971-105147306|down:105148918-105149035","Dync1li2","chr8","-",105147916,105148035,119,105146971,105147306,105148918,105149035,0.000769181720464315,-0.276
"chr8:105360139-105360350|up:105358069-105358127|down:105361130-105361259","Gm33023","chr8","+",105360139,105360350,211,105358069,105358127,105361130,105361259,9.19424120174834e-05,-0.13
"chr8:105360139-105360350|up:105358363-105358415|down:105361130-105361259","Gm33023","chr8","+",105360139,105360350,211,105358363,105358415,105361130,105361259,0.00564260049209277,-0.404
"chr8:106424192-106424273|up:106423848-106424070|down:106424499-106424577","Carmil2","chr8","+",106424192,106424273,81,106423848,106424070,106424499,106424577,0.00105203049955051,-0.121
"chr8:108064926-108064988|up:108051270-108051396|down:108065440-108065999","Nfat5","chr8","+",108064926,108064988,62,108051270,108051396,108065440,108065999,0.00319255376954588,0.165
"chr8:108727337-108727414|up:108669275-108669332|down:108860048-108860116","Zfhx3","chr8","+",108727337,108727414,77,108669275,108669332,108860048,108860116,0.0233275996787368,-0.52
"chr8:112199261-112199318|up:112193420-112193554|down:112202675-112202829","Wdr59","chr8","-",112199261,112199318,57,112193420,112193554,112202675,112202829,0.00142949937623206,0.118
"chr8:114955025-114955062|up:114932373-114932687|down:114956945-114957059","Vat1l","chr8","+",114955025,114955062,37,114932373,114932687,114956945,114957059,7.76306532571118e-10,-0.892
"chr8:121387232-121387409|up:121386712-121386756|down:121387522-121387599","Emc8","chr8","-",121387232,121387409,177,121386712,121386756,121387522,121387599,2.37073992252985e-05,-0.243
"chr8:123114431-123114503|up:123113600-123113685|down:123124556-123124705","Zc3h18","chr8","+",123114431,123114503,72,123113600,123113685,123124556,123124705,5.86757446753883e-12,0.143
"chr8:123377068-123377215|up:123370030-123370272|down:123425553-123425848","Cbfa2t3","chr8","-",123377068,123377215,147,123370030,123370272,123425553,123425848,0.0341597244531351,-0.124
"chr8:126149931-126149985|up:126149317-126149441|down:126166002-126166222","Sipa1l2","chr8","-",126149931,126149985,54,126149317,126149441,126166002,126166222,0.000471744621888916,0.123
"chr8:127189921-127189974|up:127188076-127188174|down:127193772-127193921","Tarbp1","chr8","-",127189921,127189974,53,127188076,127188174,127193772,127193921,5.95577614460032e-07,0.107
"chr8:129993965-129994180|up:129990060-129990205|down:129995262-129995455","Gm32856","chr8","+",129993965,129994180,215,129990060,129990205,129995262,129995455,0.0262514941996564,-0.253
"chr9:4303093-4303215|up:4302469-4302631|down:4309253-4309467","Aasdhppt","chr9","-",4303093,4303215,122,4302469,4302631,4309253,4309467,1.70612272794466e-09,-0.116
"chr9:20386206-20386329|up:20384323-20384404|down:20389428-20389566","Zfp426","chr9","-",20386206,20386329,123,20384323,20384404,20389428,20389566,0.0371320194437014,-0.19
"chr9:20389428-20389575|up:20386231-20386329|down:20397625-20397721","Zfp426","chr9","-",20389428,20389575,147,20386231,20386329,20397625,20397721,0.0233576763524912,0.126
"chr9:20419314-20419481|up:20417272-20417361|down:20432650-20432713","Zfp266","chr9","-",20419314,20419481,167,20417272,20417361,20432650,20432713,0.0215538923295442,0.254
"chr9:21401953-21401965|up:21401038-21401090|down:21405799-21405913","Dnm2","chr9","+",21401953,21401965,12,21401038,21401090,21405799,21405913,0.000947054302203747,0.118
"chr9:21503823-21503884|up:21503356-21503514|down:21504032-21504068","Yipf2","chr9","-",21503823,21503884,61,21503356,21503514,21504032,21504068,0.000448380033732881,0.216
"chr9:21987315-21987379|up:21982297-21982460|down:21987545-21987647","Gm16845","chr9","+",21987315,21987379,64,21982297,21982460,21987545,21987647,0.0403571039224143,-0.419
"chr9:24393224-24393362|up:24373872-24373930|down:24414134-24414436","Dpy19l1","chr9","-",24393224,24393362,138,24373872,24373930,24414134,24414436,0.0477092617569576,0.337
"chr9:24397000-24397025|up:24373872-24373930|down:24414134-24414436","Dpy19l1","chr9","-",24397000,24397025,25,24373872,24373930,24414134,24414436,0.00021065412434062,0.413
"chr9:35523067-35523167|up:35485525-35485683|down:35580718-35581030","Pate2","chr9","+",35523067,35523167,100,35485525,35485683,35580718,35581030,0.000421642031183069,-0.338
"chr9:37402751-37402865|up:37400895-37401129|down:37424909-37425003","Msantd2","chr9","+",37402751,37402865,114,37400895,37401129,37424909,37425003,0.00118993185014624,0.178
"chr9:37424909-37424999|up:37401114-37401129|down:37428668-37428768","Msantd2","chr9","+",37424909,37424999,90,37401114,37401129,37428668,37428768,0.00302076432705106,-0.217
"chr9:40211735-40211747|up:40211284-40211392|down:40214793-40214884","Gramd1b","chr9","-",40211735,40211747,12,40211284,40211392,40214793,40214884,6.265064870653e-05,0.133
"chr9:44248652-44248772|up:44247635-44248142|down:44249211-44249272","Hmbs","chr9","-",44248652,44248772,120,44247635,44248142,44249211,44249272,0.0262423681453871,-0.245
"chr9:44610123-44610168|up:44609222-44609517|down:44610643-44610746","Phldb1","chr9","-",44610123,44610168,45,44609222,44609517,44610643,44610746,2.99483816655085e-06,0.15
"chr9:44685479-44685528|up:44684984-44685081|down:44687653-44687758","Ift46","chr9","+",44685479,44685528,49,44684984,44685081,44687653,44687758,5.87455898775239e-05,0.405
"chr9:44685479-44685528|up:44684984-44685081|down:44689890-44689935","Ift46","chr9","+",44685479,44685528,49,44684984,44685081,44689890,44689935,0.00318488327296499,0.103
"chr9:45858838-45858850|up:45858281-45858353|down:45859133-45859186","Sidt2","chr9","-",45858838,45858850,12,45858281,45858353,45859133,45859186,5.41086159805272e-06,0.156
"chr9:45858926-45858995|up:45858281-45858353|down:45859133-45859186","Sidt2","chr9","-",45858926,45858995,69,45858281,45858353,45859133,45859186,0.0271632014999059,0.116
"chr9:45895148-45895337|up:45889953-45890027|down:45895479-45895635","Pafah1b2","chr9","-",45895148,45895337,189,45889953,45890027,45895479,45895635,0.000893996380585415,-0.491
"chr9:47740674-47740707|up:47725070-47725243|down:47759464-47759596","Cadm1","chr9","+",47740674,47740707,33,47725070,47725243,47759464,47759596,0.000107598174943054,0.142
"chr9:47740674-47740707|up:47730031-47730115|down:47759464-47759596","Cadm1","chr9","+",47740674,47740707,33,47730031,47730115,47759464,47759596,0.000165635470976537,0.107
"chr9:48144510-48144582|up:48073320-48073557|down:48272726-48272814","Nxpe4","chr9","+",48144510,48144582,72,48073320,48073557,48272726,48272814,0.00115534978083547,0.138
"chr9:48144510-48144582|up:48073320-48073557|down:48287172-48287204","Nxpe4","chr9","+",48144510,48144582,72,48073320,48073557,48287172,48287204,0.000314714118745779,0.182
"chr9:48266286-48266387|up:48073412-48073557|down:48272726-48272814","Nxpe4","chr9","+",48266286,48266387,101,48073412,48073557,48272726,48272814,0.0021130485337231,0.198
"chr9:48266286-48266387|up:48073412-48073557|down:48287172-48287367","Nxpe4","chr9","+",48266286,48266387,101,48073412,48073557,48287172,48287367,0.000567537824004322,0.161
"chr9:49453187-49453202|up:49448289-49448337|down:49454310-49454330","Ncam1","chr9","-",49453187,49453202,15,49448289,49448337,49454310,49454330,0.0374627560135891,-0.382
"chr9:55188173-55188267|up:55156379-55156453|down:55189834-55189900","Nrg4","chr9","-",55188173,55188267,94,55156379,55156453,55189834,55189900,0.00551366773114343,0.46
"chr9:56281659-56281723|up:56167840-56168046|down:56325224-56325326","Peak1","chr9","-",56281659,56281723,64,56167840,56168046,56325224,56325326,0.00142757390026652,-0.137
"chr9:59856464-59856591|up:59855885-59856311|down:59867881-59867942","Nr2e3","chr9","-",59856464,59856591,127,59855885,59856311,59867881,59867942,0.0182361498242532,0.111
"chr9:61831186-61831498|up:61828300-61828528|down:61831913-61832093","Kif23","chr9","-",61831186,61831498,312,61828300,61828528,61831913,61832093,1.59487473534561e-09,-0.186
"chr9:63843924-63844093|up:63843189-63843820|down:63844322-63844471","Gm36033","chr9","-",63843924,63844093,169,63843189,63843820,63844322,63844471,0.0302050280655403,-0.411
"chr9:64633905-64634099|up:64624234-64624270|down:64644865-64645012","Rab11a","chr9","-",64633905,64634099,194,64624234,64624270,64644865,64645012,0.000721898378352942,-0.167
"chr9:66936945-66937024|up:66931607-66931847|down:66938310-66938380","Tpm1","chr9","-",66936945,66937024,79,66931607,66931847,66938310,66938380,2.10576700045027e-07,-0.11
"chr9:67773461-67773524|up:67768065-67768167|down:67778457-67778567","Vps13c","chr9","+",67773461,67773524,63,67768065,67768167,67778457,67778567,0.0227523019080206,0.127
"chr9:67778134-67778200|up:67768065-67768167|down:67778457-67778567","Vps13c","chr9","+",67778134,67778200,66,67768065,67768167,67778457,67778567,1.1670452762237e-05,0.263
"chr9:69924354-69924473|up:69924100-69924205|down:69929718-69930020","Gtf2a2","chr9","+",69924354,69924473,119,69924100,69924205,69929718,69930020,0.023014654534906,-0.147
"chr9:70470095-70470143|up:70466318-70466383|down:70479430-70479458","Sltm","chr9","+",70470095,70470143,48,70466318,70466383,70479430,70479458,1.40492843640743e-09,-0.132
"chr9:71851235-71851300|up:71792464-71792570|down:72016957-72017006","Tcf12","chr9","-",71851235,71851300,65,71792464,71792570,72016957,72017006,0.0422459500092194,-0.527
"chr9:75517810-75517961|up:75517382-75517595|down:75518305-75518422","Tmod2","chr9","-",75517810,75517961,151,75517382,75517595,75518305,75518422,0.0132553753774871,-0.318
"chr9:76104309-76104640|up:76100484-76100735|down:76106215-76106275","Gfral","chr9","-",76104309,76104640,331,76100484,76100735,76106215,76106275,0.0281298095176651,-0.195
"chr9:83310932-83311001|up:83308801-83309014|down:83322961-83323115","Lca5","chr9","-",83310932,83311001,69,83308801,83309014,83322961,83323115,0.0183381996178987,0.199
"chr9:86388923-86388953|up:86388436-86388572|down:86389556-86389790","Dop1a","chr9","+",86388923,86388953,30,86388436,86388572,86389556,86389790,0.042844740993165,0.195
"chr9:86672108-86672192|up:86665352-86665487|down:86686507-86686620","Snap91","chr9","-",86672108,86672192,84,86665352,86665487,86686507,86686620,1.80701390240478e-07,0.209
"chr9:86680882-86680897|up:86665352-86665487|down:86686507-86686620","Snap91","chr9","-",86680882,86680897,15,86665352,86665487,86686507,86686620,0.000122089744963173,0.195
"chr9:88362658-88362818|up:88361846-88361965|down:88364108-88364184","Syncrip","chr9","-",88362658,88362818,160,88361846,88361965,88364108,88364184,0.00252005345171679,-0.109
"chr9:88434714-88434914|up:88430152-88430561|down:88436428-88436592","Zfp949","chr9","+",88434714,88434914,200,88430152,88430561,88436428,88436592,7.9664955433762e-05,-0.105
"chr9:89096464-89096534|up:89093209-89093364|down:89097261-89097523","Mthfs","chr9","+",89096464,89096534,70,89093209,89093364,89097261,89097523,0.00391174895594848,0.101
"chr9:92234587-92234749|up:92232978-92233199|down:92236597-92236759","1700057G04Rik","chr9","+",92234587,92234749,162,92232978,92233199,92236597,92236759,0.0490221495076379,-0.563
"chr9:96222254-96222439|up:96217431-96217515|down:96227817-96227946","Atp1b3","chr9","-",96222254,96222439,185,96217431,96217515,96227817,96227946,0.0190141447503712,-0.144
"chr9:96448068-96448175|up:96442750-96442834|down:96451072-96451147","Rasa2","chr9","-",96448068,96448175,107,96442750,96442834,96451072,96451147,4.69237267447185e-08,-0.198
"chr9:96450416-96450540|up:96442750-96442834|down:96451072-96451147","Rasa2","chr9","-",96450416,96450540,124,96442750,96442834,96451072,96451147,8.3645898467828e-08,-0.137
"chr9:98872967-98873024|up:98868426-98868565|down:98874153-98874286","Faim","chr9","+",98872967,98873024,57,98868426,98868565,98874153,98874286,4.91114595799159e-12,0.182
"chr9:102498894-102498927|up:102496890-102496959|down:102503102-102503180","Cep63","chr9","-",102498894,102498927,33,102496890,102496959,102503102,102503180,0.0257460231779752,-0.364
"chr9:102500754-102500792|up:102498894-102498927|down:102503102-102503180","Cep63","chr9","-",102500754,102500792,38,102498894,102498927,102503102,102503180,0.0030228753200067,0.548
"chr9:105370741-105370753|up:105346305-105347346|down:105371613-105371681","Atp2c1","chr9","-",105370741,105370753,12,105346305,105347346,105371613,105371681,5.43819269842008e-06,0.168
"chr9:106321288-106321505|up:106317819-106318055|down:106322724-106322855","Abhd14a","chr9","-",106321288,106321505,217,106317819,106318055,106322724,106322855,0.00185543413022883,0.163
"chr9:107139621-107139686|up:107139076-107139156|down:107140823-107140963","Mapkapk3","chr9","-",107139621,107139686,65,107139076,107139156,107140823,107140963,0.00482210281745916,-0.28
"chr9:107461950-107462864|up:107458016-107458134|down:107463580-107463670","Hyal3","chr9","+",107461950,107462864,914,107458016,107458134,107463580,107463670,0.00333735927862648,-0.359
"chr9:107833592-107833628|up:107828186-107828371|down:107836014-107836054","Traip","chr9","+",107833592,107833628,36,107828186,107828371,107836014,107836054,0.00974138989966312,-0.128
"chr9:107922444-107922512|up:107921923-107922099|down:107922661-107923342","Ip6k1","chr9","+",107922444,107922512,68,107921923,107922099,107922661,107923342,7.33897502342802e-06,-0.131
"chr9:108120087-108120222|up:108095414-108095609|down:108140823-108140908","Dag1","chr9","-",108120087,108120222,135,108095414,108095609,108140823,108140908,0.032972071047514,0.104
"chr9:108673739-108673771|up:108673262-108673595|down:108673853-108673982","Ip6k2","chr9","+",108673739,108673771,32,108673262,108673595,108673853,108673982,2.0295899336164e-10,0.141
"chr9:108673739-108673771|up:108673262-108673595|down:108674405-108674641","Ip6k2","chr9","+",108673739,108673771,32,108673262,108673595,108674405,108674641,0.0262141185110006,0.1
"chr9:108673739-108673771|up:108673262-108673595|down:108674482-108674892","Ip6k2","chr9","+",108673739,108673771,32,108673262,108673595,108674482,108674892,0.00135350089455971,0.202
"chr9:109893295-109893517|up:109891658-109892191|down:109896552-109896736","Map4","chr9","+",109893295,109893517,222,109891658,109892191,109896552,109896736,4.99258529255247e-13,0.134
"chr9:111011886-111011955|up:111009283-111009340|down:111017829-111017874","Lrrfip2","chr9","+",111011886,111011955,69,111009283,111009340,111017829,111017874,0.0396136153852968,-0.102
"chr9:111085950-111086081|up:111081931-111082044|down:111086467-111086559","Mlh1","chr9","-",111085950,111086081,131,111081931,111082044,111086467,111086559,0.00403504486996008,-0.264
"chr9:113687648-113687672|up:113683240-113683414|down:113691253-113691355","Clasp2","chr9","+",113687648,113687672,24,113683240,113683414,113691253,113691355,1.26060491336164e-07,0.252
"chr9:113788443-113788551|up:113787896-113788007|down:113793619-113793723","Ubp1","chr9","+",113788443,113788551,108,113787896,113788007,113793619,113793723,3.11368414230453e-08,-0.151
"chr9:118898950-118899136|up:118896478-118897524|down:118899345-118899417","Vill","chr9","+",118898950,118899136,186,118896478,118897524,118899345,118899417,0.0392330035078151,0.141
"chr9:119274352-119274387|up:119274025-119274216|down:119276014-119276164","Exog","chr9","+",119274352,119274387,35,119274025,119274216,119276014,119276164,0.00871617407300527,-0.15
"chr9:119372389-119372481|up:119372164-119372256|down:119379671-119379800","Scn5a","chr9","-",119372389,119372481,92,119372164,119372256,119379671,119379800,0.00676041375620153,-0.409
"chr9:121824132-121824179|up:121823910-121824016|down:121824941-121825075","Pomgnt2","chr9","-",121824132,121824179,47,121823910,121824016,121824941,121825075,0.00431860832987468,0.398
"chr9:121824132-121824183|up:121823910-121824016|down:121824941-121825075","Pomgnt2","chr9","-",121824132,121824183,51,121823910,121824016,121824941,121825075,0.0132100193355873,0.281
"chr9:122800753-122800851|up:122795013-122795051|down:122804713-122804893","Kif15","chr9","+",122800753,122800851,98,122795013,122795051,122804713,122804893,0.000982195229411084,0.143
"chrX:7601310-7601409|up:7597952-7600337|down:7601539-7601714","Ccdc120","chrX","-",7601310,7601409,99,7597952,7600337,7601539,7601714,0.00302984682487361,0.103
"chrX:13418611-13418680|up:13417185-13417221|down:13421116-13421185","Cask","chrX","-",13418611,13418680,69,13417185,13417221,13421116,13421185,0.00985058287082485,0.108
"chrX:13462924-13462942|up:13453082-13453204|down:13466595-13466695","Cask","chrX","-",13462924,13462942,18,13453082,13453204,13466595,13466695,0,0.169
"chrX:47717012-47717060|up:47712838-47713074|down:47718128-47718222","Slc25a14","chrX","+",47717012,47717060,48,47712838,47713074,47718128,47718222,0.0103892994683788,0.299
"chrX:49697347-49697481|up:49694884-49695039|down:49697563-49697691","Firre","chrX","-",49697347,49697481,134,49694884,49695039,49697563,49697691,1.02519853556766e-05,-0.633
"chrX:49697347-49697484|up:49694952-49695039|down:49697563-49697691","Firre","chrX","-",49697347,49697484,137,49694952,49695039,49697563,49697691,0.0120423470829022,-0.216
"chrX:49697354-49697481|up:49694952-49695039|down:49697563-49697691","Firre","chrX","-",49697354,49697481,127,49694952,49695039,49697563,49697691,0.000206097439282431,-0.547
"chrX:72241891-72241991|up:72239547-72239582|down:72245455-72245551","Xlr3b","chrX","+",72241891,72241991,100,72239547,72239582,72245455,72245551,0.0174207372295567,-0.521
"chrX:73332534-73332625|up:73332056-73332119|down:73332710-73332788","Tafazzin","chrX","+",73332534,73332625,91,73332056,73332119,73332710,73332788,0.00016329618048729,-0.351
"chrX:73332534-73332625|up:73332267-73332320|down:73332710-73332788","Tafazzin","chrX","+",73332534,73332625,91,73332267,73332320,73332710,73332788,1.28203538694441e-10,-0.346
"chrX:73332589-73332625|up:73332053-73332119|down:73332710-73332788","Tafazzin","chrX","+",73332589,73332625,36,73332053,73332119,73332710,73332788,0.000452701285271854,-0.365
"chrX:73332589-73332625|up:73332267-73332320|down:73332710-73332788","Tafazzin","chrX","+",73332589,73332625,36,73332267,73332320,73332710,73332788,3.98683260318424e-10,-0.314
"chrX:74140238-74140320|up:74139706-74139733|down:74140888-74140975","Dkc1","chrX","+",74140238,74140320,82,74139706,74139733,74140888,74140975,0.00573247774651357,-0.443
"chrX:74798971-74799134|up:74795130-74795293|down:74808131-74808299","4933407K13Rik","chrX","-",74798971,74799134,163,74795130,74795293,74808131,74808299,0.000425193968893865,-0.556
"chrX:84619155-84619216|up:84617627-84617771|down:84637257-84637360","Tab3","chrX","+",84619155,84619216,61,84617627,84617771,84637257,84637360,0.00789784768877363,-0.105
"chrX:100634339-100634345|up:100634078-100634195|down:100637545-100637671","Taf1","chrX","+",100634339,100634345,6,100634078,100634195,100637545,100637671,5.80152882256624e-11,0.201
"chrX:102546465-102546536|up:102540043-102540136|down:102561916-102561963","Jpx","chrX","+",102546465,102546536,71,102540043,102540136,102561916,102561963,6.35939356390961e-05,-0.369
"chrX:102546465-102546798|up:102540043-102540136|down:102561916-102561963","Jpx","chrX","+",102546465,102546798,333,102540043,102540136,102561916,102561963,0.000157722686902773,-0.242
"chrX:102561916-102561963|up:102540043-102540136|down:102568472-102568602","Jpx","chrX","+",102561916,102561963,47,102540043,102540136,102568472,102568602,3.70930549806083e-06,0.435
"chrX:103539341-103539384|up:103526423-103526955|down:103543009-103543072","Uprt","chrX","+",103539341,103539384,43,103526423,103526955,103543009,103543072,0.0384734592046101,-0.101
"chrX:103541880-103541950|up:103526423-103526955|down:103543009-103543072","Uprt","chrX","+",103541880,103541950,70,103526423,103526955,103543009,103543072,0.00221702495990371,-0.206
"chrX:104091514-104091616|up:104085006-104087717|down:104110364-104110408","5530601H04Rik","chrX","-",104091514,104091616,102,104085006,104087717,104110364,104110408,0.00153005722243431,-0.152
"chrX:104433475-104433549|up:104431487-104431542|down:104435081-104435360","5330434G04Rik","chrX","-",104433475,104433549,74,104431487,104431542,104435081,104435360,0.00542655501915266,0.124
"chrX:132973163-132973223|up:132970593-132970656|down:132973884-132974026","Cstf2","chrX","+",132973163,132973223,60,132970593,132970656,132973884,132974026,4.26278819386534e-10,0.19
"chrX:132973163-132973223|up:132970593-132970656|down:132973962-132974026","Cstf2","chrX","+",132973163,132973223,60,132970593,132970656,132973962,132974026,2.35174732283403e-05,0.12
"chrX:134644311-134644363|up:134643481-134643727|down:134645247-134645324","Gprasp1","chrX","+",134644311,134644363,52,134643481,134643727,134645247,134645324,0.00646971334921933,0.109
"chrX:141465286-141465945|up:141464413-141464552|down:141535035-141535085","Tmem164","chrX","+",141465286,141465945,659,141464413,141464552,141535035,141535085,9.66763557410396e-07,0.137
"chrX:150587441-150587536|up:150586653-150586798|down:150589715-150589856","Huwe1","chrX","+",150587441,150587536,95,150586653,150586798,150589715,150589856,0.0301232350321887,-0.208
"chrX:158600237-158600294|up:158599572-158599702|down:158607470-158607545","Sh3kbp1","chrX","+",158600237,158600294,57,158599572,158599702,158607470,158607545,0.000846972086302339,-0.529
"chrX:168104750-168104829|up:168103617-168103693|down:168105745-168105838","Gm15246","chrX","+",168104750,168104829,79,168103617,168103693,168105745,168105838,1.88059223362523e-05,-0.673
