"Comparison","EventType","EventDescription","GeneSymbol","GeneID","Chromosome","Strand","FDR","DeltaPSI","PSI_Group1","PSI_Group2","exonStart_0base","exonEnd","upstreamES","upstreamEE","downstreamES","downstreamEE","longExonStart_0base","longExonEnd","shortES","shortEE","flankingES","flankingEE","X1stExonStart_0base","X1stExonEnd","X2ndExonStart_0base","X2ndExonEnd","riExonStart_0base","riExonEnd"
"KO_vs_Neg","SE","Skipped Exon","Gemin8","ENSMUSG00000040621","chrX","+",1.07511617691285e-05,0.153,"0.452,0.424,0.443","0.264,0.255,0.341",164961529,164961638,164959840,164960075,164961787,164961826,NA,NA,NA,NA,NA,NA,NA,NA,NA,NA,NA,NA
"KO_vs_Neg","SE","Skipped Exon","Iqsec2","ENSMUSG00000041115","chrX","+",0.000159704540862637,0.263,"0.874,0.923,1.0","0.639,0.554,0.816",150963992,150964088,150949929,150949959,150976861,150977597,NA,NA,NA,NA,NA,NA,NA,NA,NA,NA,NA,NA
"KO_vs_Neg","SE","Skipped Exon","Gprasp1","ENSMUSG00000043384","chrX","+",0.0052177273497852,-0.108,"0.5,0.526,0.482","0.586,0.649,0.596",134644190,134644271,134643481,134643727,134645247,134645324,NA,NA,NA,NA,NA,NA,NA,NA,NA,NA,NA,NA
"KO_vs_Neg","SE","Skipped Exon","Gprasp1","ENSMUSG00000043384","chrX","+",1.1988440647608e-07,-0.186,"0.272,0.315,0.272","0.441,0.49,0.486",134644311,134644363,134643481,134643727,134645247,134645324,NA,NA,NA,NA,NA,NA,NA,NA,NA,NA,NA,NA
"KO_vs_Neg","SE","Skipped Exon","Cstf2","ENSMUSG00000031256","chrX","+",0,-0.28,"0.591,0.601,0.63","0.857,0.897,0.909",132973163,132973223,132970593,132970656,132973884,132974026,NA,NA,NA,NA,NA,NA,NA,NA,NA,NA,NA,NA
"KO_vs_Neg","SE","Skipped Exon","Cstf2","ENSMUSG00000031256","chrX","+",0,-0.247,"0.589,0.645,0.676","0.88,0.865,0.907",132973163,132973223,132970593,132970656,132973962,132974026,NA,NA,NA,NA,NA,NA,NA,NA,NA,NA,NA,NA
"KO_vs_Neg","SE","Skipped Exon","Cstf2","ENSMUSG00000031256","chrX","+",7.90803194823739e-09,-0.3,"0.07,0.12,0.103","0.278,0.435,0.479",132973426,132973513,132970593,132970656,132973884,132974026,NA,NA,NA,NA,NA,NA,NA,NA,NA,NA,NA,NA
"KO_vs_Neg","SE","Skipped Exon","Cstf2","ENSMUSG00000031256","chrX","+",2.64048349077221e-11,-0.327,"0.318,0.419,0.387","0.664,0.672,0.769",132973426,132973513,132970593,132970656,132973962,132974026,NA,NA,NA,NA,NA,NA,NA,NA,NA,NA,NA,NA
"KO_vs_Neg","SE","Skipped Exon","Jpx","ENSMUSG00000097571","chrX","+",4.845732433669e-05,0.369,"1.0,1.0,1.0","0.351,0.67,0.871",102546465,102546536,102540043,102540136,102561916,102561963,NA,NA,NA,NA,NA,NA,NA,NA,NA,NA,NA,NA
"KO_vs_Neg","SE","Skipped Exon","Jpx","ENSMUSG00000097571","chrX","+",0.000147497019819849,0.242,"1.0,1.0,1.0","0.643,0.75,0.882",102546465,102546798,102540043,102540136,102561916,102561963,NA,NA,NA,NA,NA,NA,NA,NA,NA,NA,NA,NA
"KO_vs_Neg","SE","Skipped Exon","Jpx","ENSMUSG00000097571","chrX","+",1.69496479558512e-06,-0.435,"0.0,0.0,0.0","0.655,0.336,0.313",102561916,102561963,102540043,102540136,102568472,102568602,NA,NA,NA,NA,NA,NA,NA,NA,NA,NA,NA,NA
"KO_vs_Neg","SE","Skipped Exon","Taf1","ENSMUSG00000031314","chrX","+",2.15654782517105e-06,-0.158,"0.114,0.167,0.17","0.295,0.364,0.266",100634339,100634345,100634078,100634195,100637545,100637671,NA,NA,NA,NA,NA,NA,NA,NA,NA,NA,NA,NA
"KO_vs_Neg","SE","Skipped Exon","Tab3","ENSMUSG00000035476","chrX","+",0.0420179856452559,0.184,"1.0,0.899,0.892","0.663,0.77,0.805",84637257,84637360,84619155,84619216,84652998,84653190,NA,NA,NA,NA,NA,NA,NA,NA,NA,NA,NA,NA
"KO_vs_Neg","SE","Skipped Exon","Tafazzin","ENSMUSG00000009995","chrX","+",9.38527911064318e-05,-0.161,"0.677,0.659,0.549","0.747,0.79,0.831",73332267,73332320,73332053,73332119,73332710,73332788,NA,NA,NA,NA,NA,NA,NA,NA,NA,NA,NA,NA
"KO_vs_Neg","SE","Skipped Exon","Irak1","ENSMUSG00000031392","chrX","-",0.046107204128786,-0.318,"1.0,0.635,0.41","1.0,1.0,1.0",73065790,73065855,73064548,73064667,73066454,73066558,NA,NA,NA,NA,NA,NA,NA,NA,NA,NA,NA,NA
"KO_vs_Neg","SE","Skipped Exon","Cask","ENSMUSG00000031012","chrX","-",0,-0.208,"0.629,0.638,0.705","0.888,0.877,0.83",13462924,13462942,13453082,13453204,13466595,13466695,NA,NA,NA,NA,NA,NA,NA,NA,NA,NA,NA,NA
"KO_vs_Neg","SE","Skipped Exon","Btrc","ENSMUSG00000025217","chr19","+",0.00238815296047215,0.129,"1.0,1.0,0.937","0.869,0.842,0.839",45394983,45395025,45352190,45352325,45491370,45491602,NA,NA,NA,NA,NA,NA,NA,NA,NA,NA,NA,NA
"KO_vs_Neg","SE","Skipped Exon","Zfyve27","ENSMUSG00000018820","chr19","+",1.15371583328239e-06,-0.163,"0.508,0.524,0.463","0.664,0.642,0.679",42174058,42174079,42172556,42172628,42174243,42174388,NA,NA,NA,NA,NA,NA,NA,NA,NA,NA,NA,NA
"KO_vs_Neg","SE","Skipped Exon","Lcor","ENSMUSG00000025019","chr19","+",0.0338731606328327,0.14,"0.732,0.926,0.911","0.675,0.726,0.747",41516459,41516525,41471965,41472039,41570216,41574975,NA,NA,NA,NA,NA,NA,NA,NA,NA,NA,NA,NA
"KO_vs_Neg","SE","Skipped Exon","Lcor","ENSMUSG00000025019","chr19","+",0.0231852183892432,0.166,"0.693,0.947,0.875","0.687,0.717,0.613",41534313,41534446,41471965,41472039,41570216,41574975,NA,NA,NA,NA,NA,NA,NA,NA,NA,NA,NA,NA
"KO_vs_Neg","SE","Skipped Exon","Lcor","ENSMUSG00000025019","chr19","+",0.0114791857799609,0.319,"0.53,0.793,0.749","0.476,0.287,0.352",41544046,41544140,41471965,41472039,41570216,41574975,NA,NA,NA,NA,NA,NA,NA,NA,NA,NA,NA,NA
"KO_vs_Neg","SE","Skipped Exon","Cep55","ENSMUSG00000024989","chr19","+",0.00665491263968378,-0.115,"0.84,0.77,0.794","0.907,0.95,0.892",38045857,38045990,38043536,38043765,38046236,38046431,NA,NA,NA,NA,NA,NA,NA,NA,NA,NA,NA,NA
"KO_vs_Neg","SE","Skipped Exon","Cep55","ENSMUSG00000024989","chr19","+",0.0324306993525647,-0.117,"0.797,0.747,0.727","0.861,0.942,0.818",38045857,38046014,38043489,38043765,38046236,38046431,NA,NA,NA,NA,NA,NA,NA,NA,NA,NA,NA,NA
"KO_vs_Neg","SE","Skipped Exon","Prune2","ENSMUSG00000039126","chr19","+",1.0125796200381e-05,-0.145,"0.361,0.384,0.402","0.518,0.504,0.559",17189655,17189694,17189041,17189077,17193689,17193737,NA,NA,NA,NA,NA,NA,NA,NA,NA,NA,NA,NA
"KO_vs_Neg","SE","Skipped Exon","Prune2","ENSMUSG00000039126","chr19","+",0.0197915127228081,-0.132,"0.773,0.795,0.879","0.915,0.973,0.954",17189655,17189694,17189041,17189077,17198147,17199173,NA,NA,NA,NA,NA,NA,NA,NA,NA,NA,NA,NA
"KO_vs_Neg","SE","Skipped Exon","Syt7","ENSMUSG00000024743","chr19","+",0.000344330716034483,-0.138,"0.0,0.047,0.0","0.245,0.087,0.129",10399758,10399881,10399120,10399252,10403662,10404031,NA,NA,NA,NA,NA,NA,NA,NA,NA,NA,NA,NA
"KO_vs_Neg","SE","Skipped Exon","Incenp","ENSMUSG00000024660","chr19","-",6.47168808224398e-08,-0.187,"0.554,0.571,0.589","0.813,0.7,0.762",9860555,9860567,9855682,9855792,9861062,9861197,NA,NA,NA,NA,NA,NA,NA,NA,NA,NA,NA,NA
"KO_vs_Neg","SE","Skipped Exon","Ehbp1l1","ENSMUSG00000024937","chr19","-",0.000575012638615338,-0.15,"0.354,0.304,0.34","0.505,0.49,0.453",5770999,5771035,5770836,5770905,5771469,5771612,NA,NA,NA,NA,NA,NA,NA,NA,NA,NA,NA,NA
"KO_vs_Neg","SE","Skipped Exon","Kat5","ENSMUSG00000024926","chr19","-",0.00132606489121222,-0.144,"0.563,0.491,0.438","0.663,0.647,0.614",5658829,5658985,5658665,5658740,5659263,5659400,NA,NA,NA,NA,NA,NA,NA,NA,NA,NA,NA,NA
"KO_vs_Neg","SE","Skipped Exon","Zmym3","ENSMUSG00000031310","chrX","-",3.2882054145628e-07,-0.122,"0.726,0.795,0.711","0.842,0.879,0.878",100461878,100462558,100460892,100460936,100463303,100463404,NA,NA,NA,NA,NA,NA,NA,NA,NA,NA,NA,NA
"KO_vs_Neg","SE","Skipped Exon","Zmym3","ENSMUSG00000031310","chrX","-",0.000686046213852927,-0.117,"0.845,0.918,0.73","0.929,0.948,0.966",100461878,100462558,100460892,100460936,100463764,100463822,NA,NA,NA,NA,NA,NA,NA,NA,NA,NA,NA,NA
"KO_vs_Neg","SE","Skipped Exon","Zmym3","ENSMUSG00000031310","chrX","-",2.43884487422069e-07,-0.145,"0.674,0.742,0.651","0.801,0.852,0.85",100462400,100462558,100460892,100460936,100463303,100463466,NA,NA,NA,NA,NA,NA,NA,NA,NA,NA,NA,NA
"KO_vs_Neg","SE","Skipped Exon","Slc66a2","ENSMUSG00000034006","chr18","+",0.0484583858846294,0.117,"0.9,0.9,1.0","0.977,0.704,0.769",80315676,80315730,80306634,80306768,80334790,80335852,NA,NA,NA,NA,NA,NA,NA,NA,NA,NA,NA,NA
"KO_vs_Neg","SE","Skipped Exon","Napg","ENSMUSG00000024581","chr18","+",0.00514096686757941,0.174,"0.884,0.905,0.921","0.701,0.702,0.786",63116444,63116462,63113536,63113604,63117110,63117141,NA,NA,NA,NA,NA,NA,NA,NA,NA,NA,NA,NA
"KO_vs_Neg","SE","Skipped Exon","Ablim3","ENSMUSG00000032735","chr18","-",0.0209266384884637,0.288,"0.677,0.752,0.72","0.431,0.237,0.616",61949992,61950040,61947268,61947403,61952861,61952988,NA,NA,NA,NA,NA,NA,NA,NA,NA,NA,NA,NA
"KO_vs_Neg","SE","Skipped Exon","Ablim3","ENSMUSG00000032735","chr18","-",0.000423935007239066,-0.286,"0.471,0.421,0.492","0.766,0.706,0.769",61954943,61955099,61953437,61953467,61956937,61957009,NA,NA,NA,NA,NA,NA,NA,NA,NA,NA,NA,NA
"KO_vs_Neg","SE","Skipped Exon","Bvht","ENSMUSG00000098098","chr18","+",0.014992007086396,0.45,"1.0,1.0,0.5","0.692,0.125,0.333",61777285,61777801,61776818,61777042,61778233,61778436,NA,NA,NA,NA,NA,NA,NA,NA,NA,NA,NA,NA
"KO_vs_Neg","SE","Skipped Exon","Csnk1g3","ENSMUSG00000073563","chr18","+",0.000939879735188262,-0.132,"0.345,0.216,0.316","0.421,0.385,0.466",54069924,54070020,54066521,54066617,54081119,54081226,NA,NA,NA,NA,NA,NA,NA,NA,NA,NA,NA,NA
"KO_vs_Neg","SE","Skipped Exon","Kcnn2","ENSMUSG00000054477","chr18","+",0.00202263063768267,-0.121,"0.766,1.0,0.811","0.94,1.0,1.0",45725072,45725491,45694287,45694383,45788264,45788406,NA,NA,NA,NA,NA,NA,NA,NA,NA,NA,NA,NA
"KO_vs_Neg","SE","Skipped Exon","Sting1","ENSMUSG00000024349","chr18","-",0.000110379873206579,-0.298,"0.514,0.527,0.482","0.88,0.779,0.759",35872977,35873001,35872495,35872630,35873359,35873542,NA,NA,NA,NA,NA,NA,NA,NA,NA,NA,NA,NA
"KO_vs_Neg","SE","Skipped Exon","Paip2","ENSMUSG00000037058","chr18","+",0.0204628959433016,0.223,"0.38,0.482,0.335","0.162,0.055,0.311",35741790,35741872,35731701,35731812,35742645,35742726,NA,NA,NA,NA,NA,NA,NA,NA,NA,NA,NA,NA
"KO_vs_Neg","SE","Skipped Exon","Paip2","ENSMUSG00000037058","chr18","+",0.000495648966209932,0.506,"0.931,1.0,0.838","0.34,0.392,0.518",35741790,35741872,35732765,35732811,35743923,35744087,NA,NA,NA,NA,NA,NA,NA,NA,NA,NA,NA,NA
"KO_vs_Neg","SE","Skipped Exon","Paip2","ENSMUSG00000037058","chr18","+",5.00991682668448e-08,0.282,"0.429,0.363,0.373","0.088,0.025,0.205",35741790,35741872,35733097,35733170,35743923,35744087,NA,NA,NA,NA,NA,NA,NA,NA,NA,NA,NA,NA
"KO_vs_Neg","SE","Skipped Exon","Paip2","ENSMUSG00000037058","chr18","+",0.0266043040699399,-0.135,"0.115,0.041,0.013","0.139,0.245,0.191",35742645,35742726,35741790,35741872,35743923,35744087,NA,NA,NA,NA,NA,NA,NA,NA,NA,NA,NA,NA
"KO_vs_Neg","SE","Skipped Exon","Matr3","ENSMUSG00000037236","chr18","+",0.000436416231075278,-0.15,"0.08,0.09,0.092","0.233,0.318,0.16",35695947,35696153,35695244,35695312,35704895,35705176,NA,NA,NA,NA,NA,NA,NA,NA,NA,NA,NA,NA
"KO_vs_Neg","SE","Skipped Exon","Sil1","ENSMUSG00000024357","chr18","-",0.00656163919249714,-0.204,"0.404,0.495,0.533","0.631,0.68,0.732",35625911,35626019,35571362,35571433,35626197,35626286,NA,NA,NA,NA,NA,NA,NA,NA,NA,NA,NA,NA
"KO_vs_Neg","SE","Skipped Exon","Bin1","ENSMUSG00000024381","chr18","+",0.000825339132136487,-0.156,"0.707,0.936,0.889","1.0,1.0,1.0",32562752,32562776,32557872,32558020,32564723,32564795,NA,NA,NA,NA,NA,NA,NA,NA,NA,NA,NA,NA
"KO_vs_Neg","SE","Skipped Exon","Bin1","ENSMUSG00000024381","chr18","+",0.00627865279539854,-0.408,"0.775,0.0,1.0","1.0,1.0,1.0",32562752,32562776,32557872,32558020,32565035,32565146,NA,NA,NA,NA,NA,NA,NA,NA,NA,NA,NA,NA
"KO_vs_Neg","SE","Skipped Exon","Bin1","ENSMUSG00000024381","chr18","+",9.67551075647787e-11,-0.317,"0.517,0.659,0.592","0.908,0.895,0.917",32562752,32562776,32559276,32559405,32564723,32564795,NA,NA,NA,NA,NA,NA,NA,NA,NA,NA,NA,NA
"KO_vs_Neg","SE","Skipped Exon","Bin1","ENSMUSG00000024381","chr18","+",0.00012130085239439,-0.387,"0.552,0.341,0.804","0.858,1.0,1.0",32562752,32562776,32559276,32559405,32565035,32565146,NA,NA,NA,NA,NA,NA,NA,NA,NA,NA,NA,NA
"KO_vs_Neg","SE","Skipped Exon","Map7d2","ENSMUSG00000041020","chrX","+",0.00162683298009204,-0.156,"0.194,0.207,0.208","0.337,0.365,0.375",158243262,158243361,158242373,158242479,158252958,158253089,NA,NA,NA,NA,NA,NA,NA,NA,NA,NA,NA,NA
"KO_vs_Neg","SE","Skipped Exon","Rnf138","ENSMUSG00000024317","chr18","+",0.0111017238442171,0.153,"0.707,0.687,0.642","0.573,0.418,0.585",21157465,21157573,21153944,21154056,21159142,21160592,NA,NA,NA,NA,NA,NA,NA,NA,NA,NA,NA,NA
"KO_vs_Neg","SE","Skipped Exon","Trappc8","ENSMUSG00000033382","chr18","-",1.16157611189352e-10,-0.134,"0.052,0.021,0.089","0.143,0.235,0.185",20988877,20988895,20988001,20988133,20993489,20993595,NA,NA,NA,NA,NA,NA,NA,NA,NA,NA,NA,NA
"KO_vs_Neg","SE","Skipped Exon","Tmem241","ENSMUSG00000049411","chr18","-",0.000440457356697659,-0.13,"0.961,0.814,0.834","1.0,1.0,1.0",12237155,12237237,12207674,12207700,12246451,12246478,NA,NA,NA,NA,NA,NA,NA,NA,NA,NA,NA,NA
"KO_vs_Neg","SE","Skipped Exon","Kmt5b","ENSMUSG00000045098","chr19","+",1.21709906851651e-09,-0.147,"0.0,0.0,0.0","0.195,0.09,0.155",3827461,3827512,3818021,3818340,3832219,3832279,NA,NA,NA,NA,NA,NA,NA,NA,NA,NA,NA,NA
"KO_vs_Neg","SE","Skipped Exon","Dpp9","ENSMUSG00000001229","chr17","-",0.00552127310156461,0.299,"1.0,1.0,1.0","0.647,1.0,0.455",56501907,56502060,56498013,56498159,56505971,56506134,NA,NA,NA,NA,NA,NA,NA,NA,NA,NA,NA,NA
"KO_vs_Neg","SE","Skipped Exon","Gnmt","ENSMUSG00000002769","chr17","-",9.44208257150794e-05,0.576,"1.0,1.0,1.0","1.0,0.271,0.0",47037194,47037337,47036986,47037108,47037531,47037642,NA,NA,NA,NA,NA,NA,NA,NA,NA,NA,NA,NA
"KO_vs_Neg","SE","Skipped Exon","Gtpbp2","ENSMUSG00000023952","chr17","+",0.00978946451836416,-0.353,"0.222,0.172,0.333","0.435,0.75,0.6",46473959,46474139,46472220,46472252,46475119,46475304,NA,NA,NA,NA,NA,NA,NA,NA,NA,NA,NA,NA
"KO_vs_Neg","SE","Skipped Exon","Slc29a1","ENSMUSG00000023942","chr17","-",0.000173419539912703,-0.103,"0.769,0.761,0.786","0.894,0.867,0.865",45904257,45904358,45901182,45901264,45906407,45906441,NA,NA,NA,NA,NA,NA,NA,NA,NA,NA,NA,NA
"KO_vs_Neg","SE","Skipped Exon","Slc29a1","ENSMUSG00000023942","chr17","-",0.000241440775013729,-0.113,"0.504,0.415,0.455","0.54,0.588,0.584",45904257,45904358,45903104,45903187,45906407,45906441,NA,NA,NA,NA,NA,NA,NA,NA,NA,NA,NA,NA
"KO_vs_Neg","SE","Skipped Exon","Gm20443","ENSMUSG00000092219","chr17","-",0.00987725150813987,0.128,"1.0,1.0,1.0","1.0,0.616,1.0",36049225,36049308,36048625,36049136,36050423,36050506,NA,NA,NA,NA,NA,NA,NA,NA,NA,NA,NA,NA
"KO_vs_Neg","SE","Skipped Exon","Bag6","ENSMUSG00000024392","chr17","+",9.56002986626246e-07,-0.117,"0.64,0.663,0.602","0.729,0.774,0.752",35361473,35361581,35361282,35361360,35361702,35361815,NA,NA,NA,NA,NA,NA,NA,NA,NA,NA,NA,NA
"KO_vs_Neg","SE","Skipped Exon","Vwa7","ENSMUSG00000007030","chr17","+",0.00417782583937225,-0.243,"0.592,1.0,0.679","1.0,1.0,1.0",35237363,35237460,35236032,35236281,35238013,35238124,NA,NA,NA,NA,NA,NA,NA,NA,NA,NA,NA,NA
"KO_vs_Neg","SE","Skipped Exon","Agpat1","ENSMUSG00000034254","chr17","+",0.017479154421944,0.477,"0.203,1.0,0.505","0.276,0.0,0.0",34829933,34829979,34829418,34829618,34830578,34830674,NA,NA,NA,NA,NA,NA,NA,NA,NA,NA,NA,NA
"KO_vs_Neg","SE","Skipped Exon","Cyp4f13","ENSMUSG00000024055","chr17","-",6.22502382974841e-11,0.859,"1.0,1.0,1.0","0.423,0.0,0.0",33151602,33151656,33149514,33149636,33165778,33165977,NA,NA,NA,NA,NA,NA,NA,NA,NA,NA,NA,NA
"KO_vs_Neg","SE","Skipped Exon","Gm26885","ENSMUSG00000097125","chr17","-",0.0126380560471116,-0.126,"1.0,0.778,0.784","1.0,1.0,0.941",29682363,29682630,29680168,29680839,29683522,29683733,NA,NA,NA,NA,NA,NA,NA,NA,NA,NA,NA,NA
"KO_vs_Neg","SE","Skipped Exon","Srsf3","ENSMUSG00000071172","chr17","+",1.3735175787419e-12,-0.163,"0.103,0.083,0.089","0.195,0.361,0.208",29258427,29258883,29257463,29257598,29259748,29259787,NA,NA,NA,NA,NA,NA,NA,NA,NA,NA,NA,NA
"KO_vs_Neg","SE","Skipped Exon","Bak1","ENSMUSG00000057789","chr17","-",1.44763063529942e-05,-0.105,"0.794,0.902,0.818","0.918,0.963,0.948",27240636,27240656,27240140,27240321,27241412,27241556,NA,NA,NA,NA,NA,NA,NA,NA,NA,NA,NA,NA
"KO_vs_Neg","SE","Skipped Exon","Syngap1","ENSMUSG00000067629","chr17","+",0.000147959548322663,-0.139,"0.674,0.69,0.651","0.793,0.806,0.834",27186654,27186734,27185843,27185947,27189472,27189536,NA,NA,NA,NA,NA,NA,NA,NA,NA,NA,NA,NA
"KO_vs_Neg","SE","Skipped Exon","Rhbdl1","ENSMUSG00000025735","chr17","-",0.0112654275485543,-0.422,"0.0,1.0,0.333","1.0,0.6,1.0",26055372,26055546,26054942,26055167,26055961,26056056,NA,NA,NA,NA,NA,NA,NA,NA,NA,NA,NA,NA
"KO_vs_Neg","SE","Skipped Exon","Mapk8ip3","ENSMUSG00000024163","chr17","-",0,-0.255,"0.595,0.638,0.602","0.852,0.883,0.865",25127384,25127402,25126302,25126360,25128123,25128135,NA,NA,NA,NA,NA,NA,NA,NA,NA,NA,NA,NA
"KO_vs_Neg","SE","Skipped Exon","Eci1","ENSMUSG00000024132","chr17","+",1.84625118986178e-06,0.577,"1.0,1.0,1.0","0.27,0.0,1.0",24652115,24652234,24645826,24645913,24656405,24656584,NA,NA,NA,NA,NA,NA,NA,NA,NA,NA,NA,NA
"KO_vs_Neg","SE","Skipped Exon","Eci1","ENSMUSG00000024132","chr17","+",0.00034026015973787,0.304,"1.0,1.0,1.0","0.701,0.386,1.0",24655151,24655298,24645677,24645913,24656405,24656584,NA,NA,NA,NA,NA,NA,NA,NA,NA,NA,NA,NA
"KO_vs_Neg","SE","Skipped Exon","U2af1","ENSMUSG00000061613","chr17","-",0.000273055452978335,-0.221,"0.418,0.335,0.355","0.533,0.628,0.611",31871475,31871542,31870619,31870686,31877626,31877729,NA,NA,NA,NA,NA,NA,NA,NA,NA,NA,NA,NA
"KO_vs_Neg","SE","Skipped Exon","Prss41","ENSMUSG00000024114","chr17","-",0.000143229456308589,0.469,"1.0,1.0,1.0","0.297,1.0,0.297",24062930,24062957,24060025,24061499,24063050,24063146,NA,NA,NA,NA,NA,NA,NA,NA,NA,NA,NA,NA
"KO_vs_Neg","SE","Skipped Exon","Flywch1","ENSMUSG00000040097","chr17","-",0,0.179,"0.373,0.4,0.391","0.246,0.157,0.225",23989208,23989306,23981949,23982292,23990388,23990576,NA,NA,NA,NA,NA,NA,NA,NA,NA,NA,NA,NA
"KO_vs_Neg","SE","Skipped Exon","Tbp","ENSMUSG00000014767","chr17","+",0.0134605019273338,0.231,"1.0,1.0,0.84","0.79,0.847,0.509",15721415,15721464,15720221,15720488,15723226,15723390,NA,NA,NA,NA,NA,NA,NA,NA,NA,NA,NA,NA
"KO_vs_Neg","SE","Skipped Exon","Tbp","ENSMUSG00000014767","chr17","+",0.000525219577552956,-0.117,"0.684,0.692,0.59","0.725,0.771,0.821",15721573,15721619,15721415,15721464,15723226,15723390,NA,NA,NA,NA,NA,NA,NA,NA,NA,NA,NA,NA
"KO_vs_Neg","SE","Skipped Exon","2700054A10Rik","ENSMUSG00000117042","chr17","-",0.00104101886314349,-0.224,"0.616,0.793,0.631","0.929,0.938,0.844",13789019,13789145,13774274,13774354,13889020,13889153,NA,NA,NA,NA,NA,NA,NA,NA,NA,NA,NA,NA
"KO_vs_Neg","SE","Skipped Exon","Map3k4","ENSMUSG00000014426","chr17","-",1.97883910515431e-11,-0.162,"0.147,0.168,0.174","0.335,0.316,0.324",12461536,12461692,12458856,12458957,12462386,12462483,NA,NA,NA,NA,NA,NA,NA,NA,NA,NA,NA,NA
"KO_vs_Neg","SE","Skipped Exon","Tulp4","ENSMUSG00000034377","chr17","+",0.0164063135066787,-0.508,"0.0,0.0,0.145","0.67,1.0,0.0",6168570,6168641,6156829,6156857,6227103,6227232,NA,NA,NA,NA,NA,NA,NA,NA,NA,NA,NA,NA
"KO_vs_Neg","SE","Skipped Exon","Tulp4","ENSMUSG00000034377","chr17","+",0.0105101857726044,-0.197,"0.261,0.294,0.271","0.429,0.501,0.488",6168570,6168641,6157165,6157271,6227103,6227232,NA,NA,NA,NA,NA,NA,NA,NA,NA,NA,NA,NA
"KO_vs_Neg","SE","Skipped Exon","Tulp4","ENSMUSG00000034377","chr17","+",2.98958051736751e-05,-0.652,"0.0,0.2,0.0","0.6,1.0,0.556",6172102,6172619,6156711,6156857,6227103,6227232,NA,NA,NA,NA,NA,NA,NA,NA,NA,NA,NA,NA
"KO_vs_Neg","SE","Skipped Exon","Tulp4","ENSMUSG00000034377","chr17","+",0.000815624613297359,-0.363,"0.5,0.667,0.44","1.0,0.82,0.875",6172102,6172619,6168568,6168641,6187485,6189067,NA,NA,NA,NA,NA,NA,NA,NA,NA,NA,NA,NA
"KO_vs_Neg","SE","Skipped Exon","Tulp4","ENSMUSG00000034377","chr17","+",0.0215144589825316,-0.255,"0.724,0.512,0.621","0.621,1.0,1.0",6174445,6174523,6172102,6172619,6174931,6174985,NA,NA,NA,NA,NA,NA,NA,NA,NA,NA,NA,NA
"KO_vs_Neg","SE","Skipped Exon","Pigp","ENSMUSG00000022940","chr16","-",0.0131995196348108,-0.166,"0.546,0.69,1.0","1.0,0.735,1.0",94166213,94166332,94159621,94160033,94170947,94171051,NA,NA,NA,NA,NA,NA,NA,NA,NA,NA,NA,NA
"KO_vs_Neg","SE","Skipped Exon","Setd4","ENSMUSG00000022948","chr16","-",7.31403392793958e-05,-0.158,"0.783,0.743,1.0","1.0,1.0,1.0",93386798,93386973,93384706,93384788,93393185,93393223,NA,NA,NA,NA,NA,NA,NA,NA,NA,NA,NA,NA
"KO_vs_Neg","SE","Skipped Exon","Setd4","ENSMUSG00000022948","chr16","-",9.44616990639987e-05,-0.34,"0.6,0.379,1.0","1.0,1.0,1.0",93387761,93388191,93384706,93384788,93393185,93393223,NA,NA,NA,NA,NA,NA,NA,NA,NA,NA,NA,NA
"KO_vs_Neg","SE","Skipped Exon","Setd4","ENSMUSG00000022948","chr16","-",0.00024242865161729,-0.158,"0.727,0.787,0.838","1.0,0.915,0.912",93390134,93390220,93387761,93388191,93393185,93393223,NA,NA,NA,NA,NA,NA,NA,NA,NA,NA,NA,NA
"KO_vs_Neg","SE","Skipped Exon","Gm10785","ENSMUSG00000085169","chr16","+",0.00128945004416153,0.242,"1.0,1.0,1.0","0.406,0.869,1.0",91505665,91505778,91485785,91486168,91510939,91511038,NA,NA,NA,NA,NA,NA,NA,NA,NA,NA,NA,NA
"KO_vs_Neg","SE","Skipped Exon","Gm10785","ENSMUSG00000085169","chr16","+",0.00454792697842339,0.498,"0.318,1.0,1.0","0.412,0.0,0.412",91506722,91506786,91505665,91505778,91510939,91511038,NA,NA,NA,NA,NA,NA,NA,NA,NA,NA,NA,NA
"KO_vs_Neg","SE","Skipped Exon","Arl6","ENSMUSG00000022722","chr16","-",3.74033361234717e-07,-0.152,"0.07,0.055,0.125","0.207,0.242,0.256",59439028,59439041,59433690,59434207,59439157,59439213,NA,NA,NA,NA,NA,NA,NA,NA,NA,NA,NA,NA
"KO_vs_Neg","SE","Skipped Exon","Tfg","ENSMUSG00000022757","chr16","-",6.58798169392424e-13,-0.12,"0.093,0.07,0.083","0.222,0.179,0.204",56512238,56512279,56511239,56511516,56514762,56514852,NA,NA,NA,NA,NA,NA,NA,NA,NA,NA,NA,NA
"KO_vs_Neg","SE","Skipped Exon","Ccdc191","ENSMUSG00000022701","chr16","+",0.0462133833498621,-0.246,"0.465,0.6,0.698","0.697,1.0,0.805",43712515,43712554,43710162,43710401,43725708,43725846,NA,NA,NA,NA,NA,NA,NA,NA,NA,NA,NA,NA
"KO_vs_Neg","SE","Skipped Exon","Zbtb20","ENSMUSG00000022708","chr16","+",0.000127734764683729,-0.199,"0.059,0.027,0.0","0.167,0.406,0.109",42827380,42827449,42696243,42696287,42845300,42845350,NA,NA,NA,NA,NA,NA,NA,NA,NA,NA,NA,NA
"KO_vs_Neg","SE","Skipped Exon","Zbtb20","ENSMUSG00000022708","chr16","+",0.0376784659595086,0.16,"1.0,1.0,0.793","1.0,0.808,0.505",42892786,42892832,42845300,42845350,43122931,43122978,NA,NA,NA,NA,NA,NA,NA,NA,NA,NA,NA,NA
"KO_vs_Neg","SE","Skipped Exon","Zbtb20","ENSMUSG00000022708","chr16","+",0.00689590049926333,0.131,"1.0,1.0,0.842","1.0,0.695,0.753",42967259,42967306,42845300,42845350,43122931,43122978,NA,NA,NA,NA,NA,NA,NA,NA,NA,NA,NA,NA
"KO_vs_Neg","SE","Skipped Exon","Zbtb20","ENSMUSG00000022708","chr16","+",0.0106599801419478,-0.382,"0.401,0.401,0.438","0.641,0.857,0.889",43013827,43013901,42967259,42967306,43053121,43053183,NA,NA,NA,NA,NA,NA,NA,NA,NA,NA,NA,NA
"KO_vs_Neg","SE","Skipped Exon","Tmem39a","ENSMUSG00000002845","chr16","+",8.400797064799e-12,-0.251,"0.295,0.274,0.378","0.585,0.571,0.545",38405980,38406042,38405777,38405880,38406582,38407252,NA,NA,NA,NA,NA,NA,NA,NA,NA,NA,NA,NA
"KO_vs_Neg","SE","Skipped Exon","Iqcb1","ENSMUSG00000022837","chr16","+",0.0270372770047719,0.33,"0.313,0.773,0.221","0.0,0.042,0.275",36651863,36651976,36648769,36648854,36655877,36656007,NA,NA,NA,NA,NA,NA,NA,NA,NA,NA,NA,NA
"KO_vs_Neg","SE","Skipped Exon","Gm15564","ENSMUSG00000086324","chr16","-",2.51965288989944e-06,0.472,"1.0,1.0,1.0","0.38,0.754,0.45",35799843,35799937,35787856,35787890,35803421,35803616,NA,NA,NA,NA,NA,NA,NA,NA,NA,NA,NA,NA
"KO_vs_Neg","SE","Skipped Exon","Gm15564","ENSMUSG00000086324","chr16","-",0.0185121656672258,0.101,"1.0,1.0,1.0","0.851,0.967,0.878",35802094,35802165,35787856,35787890,35803421,35803616,NA,NA,NA,NA,NA,NA,NA,NA,NA,NA,NA,NA
"KO_vs_Neg","SE","Skipped Exon","Parp9","ENSMUSG00000022906","chr16","+",0.000273402050474462,-0.114,"0.876,0.781,1.0","1.0,1.0,1.0",35763738,35763772,35761402,35761505,35767870,35768724,NA,NA,NA,NA,NA,NA,NA,NA,NA,NA,NA,NA
"KO_vs_Neg","SE","Skipped Exon","Parp9","ENSMUSG00000022906","chr16","+",0.000162778120022362,-0.15,"0.822,0.728,1.0","1.0,1.0,1.0",35763738,35763880,35761402,35761505,35767870,35768724,NA,NA,NA,NA,NA,NA,NA,NA,NA,NA,NA,NA
"KO_vs_Neg","SE","Skipped Exon","Lrch3","ENSMUSG00000022801","chr16","+",0,-0.389,"0.597,0.531,0.438","0.928,0.929,0.877",32829558,32829806,32826033,32826111,32832710,32833069,NA,NA,NA,NA,NA,NA,NA,NA,NA,NA,NA,NA
"KO_vs_Neg","SE","Skipped Exon","Rubcn","ENSMUSG00000035629","chr16","-",3.41041276440735e-05,-0.145,"0.684,0.653,0.635","0.814,0.757,0.835",32661906,32661951,32658607,32658723,32663367,32663901,NA,NA,NA,NA,NA,NA,NA,NA,NA,NA,NA,NA
"KO_vs_Neg","SE","Skipped Exon","Tnk2","ENSMUSG00000022791","chr16","+",7.33112016251057e-05,-0.143,"0.365,0.428,0.359","0.512,0.581,0.488",32497486,32497531,32496711,32496803,32498276,32498453,NA,NA,NA,NA,NA,NA,NA,NA,NA,NA,NA,NA
"KO_vs_Neg","SE","Skipped Exon","Tnk2","ENSMUSG00000022791","chr16","+",0.0136704377079365,-0.1,"0.693,0.782,0.821","0.854,0.927,0.814",32499723,32499813,32498276,32499625,32499969,32500097,NA,NA,NA,NA,NA,NA,NA,NA,NA,NA,NA,NA
"KO_vs_Neg","SE","Skipped Exon","Tra2b","ENSMUSG00000022858","chr16","-",0.000906739352620324,-0.107,"0.32,0.304,0.261","0.346,0.463,0.398",22077614,22078011,22073801,22073867,22084490,22084659,NA,NA,NA,NA,NA,NA,NA,NA,NA,NA,NA,NA
"KO_vs_Neg","SE","Skipped Exon","Tra2b","ENSMUSG00000022858","chr16","-",1.45272825110263e-05,-0.137,"0.468,0.433,0.391","0.514,0.625,0.564",22077735,22078011,22073733,22073867,22084490,22084650,NA,NA,NA,NA,NA,NA,NA,NA,NA,NA,NA,NA
"KO_vs_Neg","SE","Skipped Exon","Fam131a","ENSMUSG00000050821","chr16","+",0.0470929854062029,-0.161,"0.653,0.796,0.596","0.773,0.853,0.902",20513517,20513579,20512000,20512222,20517671,20517765,NA,NA,NA,NA,NA,NA,NA,NA,NA,NA,NA,NA
"KO_vs_Neg","SE","Skipped Exon","Eif4g1","ENSMUSG00000045983","chr16","+",1.84746841480953e-13,-0.108,"0.84,0.854,0.859","0.935,0.975,0.966",20493535,20493556,20491472,20491626,20494093,20494270,NA,NA,NA,NA,NA,NA,NA,NA,NA,NA,NA,NA
"KO_vs_Neg","SE","Skipped Exon","Eif4g1","ENSMUSG00000045983","chr16","+",0,-0.224,"0.487,0.461,0.497","0.706,0.71,0.701",20493535,20493556,20492977,20493064,20494093,20494270,NA,NA,NA,NA,NA,NA,NA,NA,NA,NA,NA,NA
"KO_vs_Neg","SE","Skipped Exon","Parl","ENSMUSG00000033918","chr16","-",0.00202263063768267,-0.183,"0.96,0.537,0.913","0.96,1.0,1.0",20101673,20101681,20101472,20101570,20104514,20104585,NA,NA,NA,NA,NA,NA,NA,NA,NA,NA,NA,NA
"KO_vs_Neg","SE","Skipped Exon","Gnb1l","ENSMUSG00000000884","chr16","+",0.00215500313320248,-0.119,"0.962,0.667,0.897","0.984,1.0,0.898",18359721,18359847,18317795,18317890,18362860,18362975,NA,NA,NA,NA,NA,NA,NA,NA,NA,NA,NA,NA
"KO_vs_Neg","SE","Skipped Exon","Gnb1l","ENSMUSG00000000884","chr16","+",0.0057532488078487,0.381,"0.644,0.73,0.475","0.328,0.213,0.165",18359721,18359847,18317795,18317890,18366842,18366941,NA,NA,NA,NA,NA,NA,NA,NA,NA,NA,NA,NA
"KO_vs_Neg","SE","Skipped Exon","Gnb1l","ENSMUSG00000000884","chr16","+",0.000788301444874726,0.147,"0.938,0.939,0.942","0.832,0.714,0.832",18362860,18363023,18317795,18317890,18366842,18366941,NA,NA,NA,NA,NA,NA,NA,NA,NA,NA,NA,NA
"KO_vs_Neg","SE","Skipped Exon","Gnb1l","ENSMUSG00000000884","chr16","+",0.00130562468367062,0.144,"0.938,0.933,0.939","0.831,0.714,0.832",18362864,18363023,18317795,18317890,18366842,18366941,NA,NA,NA,NA,NA,NA,NA,NA,NA,NA,NA,NA
"KO_vs_Neg","SE","Skipped Exon","Txnrd2","ENSMUSG00000075704","chr16","+",6.53203026117391e-06,-0.201,"0.709,0.78,0.791","0.951,0.98,0.953",18255310,18255367,18248560,18248626,18259542,18259621,NA,NA,NA,NA,NA,NA,NA,NA,NA,NA,NA,NA
"KO_vs_Neg","SE","Skipped Exon","Mapk1","ENSMUSG00000063358","chr16","+",0.039913103361297,0.508,"1.0,1.0,1.0","0.143,0.333,1.0",16836149,16836339,16801245,16801603,16843889,16844004,NA,NA,NA,NA,NA,NA,NA,NA,NA,NA,NA,NA
"KO_vs_Neg","SE","Skipped Exon","Dnm1l","ENSMUSG00000022789","chr16","-",0.000237368234584979,-0.124,"0.762,0.73,0.648","0.834,0.876,0.802",16136627,16136705,16134465,16134642,16137315,16137372,NA,NA,NA,NA,NA,NA,NA,NA,NA,NA,NA,NA
"KO_vs_Neg","SE","Skipped Exon","Malt1","ENSMUSG00000032688","chr18","+",4.20715861287421e-08,-0.606,"0.541,0.395,0.246","1.0,1.0,1.0",65589827,65589906,65586745,65586775,65591239,65591443,NA,NA,NA,NA,NA,NA,NA,NA,NA,NA,NA,NA
"KO_vs_Neg","SE","Skipped Exon","Snx29","ENSMUSG00000071669","chr16","+",1.54833099520574e-05,0.612,"1.0,1.0,1.0","0.0,0.902,0.261",11165722,11165784,11140771,11140842,11185540,11185665,NA,NA,NA,NA,NA,NA,NA,NA,NA,NA,NA,NA
"KO_vs_Neg","SE","Skipped Exon","Tvp23a","ENSMUSG00000050908","chr16","-",0.000745548982637369,-0.102,"0.843,0.885,0.821","0.983,0.947,0.925",10246522,10246667,10245246,10245336,10264793,10264873,NA,NA,NA,NA,NA,NA,NA,NA,NA,NA,NA,NA
"KO_vs_Neg","SE","Skipped Exon","Nagpa","ENSMUSG00000023143","chr16","-",0.0423499810732976,-0.134,"0.778,0.897,0.922","1.0,1.0,1.0",5015418,5015482,5013250,5013835,5015575,5015629,NA,NA,NA,NA,NA,NA,NA,NA,NA,NA,NA,NA
"KO_vs_Neg","SE","Skipped Exon","Zfp740","ENSMUSG00000046897","chr15","+",0.00768550769663791,-0.144,"0.441,0.474,0.364","0.558,0.524,0.63",102113663,102113740,102113005,102113318,102116205,102116355,NA,NA,NA,NA,NA,NA,NA,NA,NA,NA,NA,NA
"KO_vs_Neg","SE","Skipped Exon","Csad","ENSMUSG00000023044","chr15","-",0.00816997314782843,-0.219,"0.183,0.304,0.207","0.443,0.537,0.371",102111571,102111695,102097321,102097397,102112573,102112668,NA,NA,NA,NA,NA,NA,NA,NA,NA,NA,NA,NA
"KO_vs_Neg","SE","Skipped Exon","I730030J21Rik","ENSMUSG00000116504","chr15","-",0.014826100550883,-0.201,"0.923,0.571,0.812","0.909,1.0,1.0",100629055,100629363,100628348,100628765,100630420,100630630,NA,NA,NA,NA,NA,NA,NA,NA,NA,NA,NA,NA
"KO_vs_Neg","SE","Skipped Exon","F630040K05Rik","ENSMUSG00000097727","chr17","+",0.0369184947067719,0.23,"1.0,0.784,0.722","0.558,0.257,1.0",46060144,46060282,46045431,46045772,46087083,46087344,NA,NA,NA,NA,NA,NA,NA,NA,NA,NA,NA,NA
"KO_vs_Neg","SE","Skipped Exon","Sbf1","ENSMUSG00000036529","chr15","-",8.5328781078108e-12,-0.124,"0.087,0.081,0.087","0.222,0.194,0.21",89191374,89191398,89191032,89191138,89191695,89191806,NA,NA,NA,NA,NA,NA,NA,NA,NA,NA,NA,NA
"KO_vs_Neg","SE","Skipped Exon","Mapk12","ENSMUSG00000022610","chr15","-",8.74456397774759e-06,0.102,"0.859,0.904,0.886","0.743,0.8,0.799",89018814,89018929,89017281,89017353,89021603,89021647,NA,NA,NA,NA,NA,NA,NA,NA,NA,NA,NA,NA
"KO_vs_Neg","SE","Skipped Exon","Phf21b","ENSMUSG00000016624","chr15","-",2.33183745853666e-05,-0.102,"0.884,0.953,0.858","1.0,1.0,1.0",84678096,84678119,84675554,84675630,84679280,84679335,NA,NA,NA,NA,NA,NA,NA,NA,NA,NA,NA,NA
"KO_vs_Neg","SE","Skipped Exon","Sult4a1","ENSMUSG00000018865","chr15","-",0.000709558283592265,-0.119,"0.592,0.731,0.707","0.794,0.817,0.775",83962969,83963098,83961345,83961783,83964387,83964526,NA,NA,NA,NA,NA,NA,NA,NA,NA,NA,NA,NA
"KO_vs_Neg","SE","Skipped Exon","Srebf2","ENSMUSG00000022463","chr15","+",0.00136368570732513,-0.611,"0.333,0.333,0.5","1.0,1.0,1.0",82054139,82054355,82031404,82031691,82059297,82059519,NA,NA,NA,NA,NA,NA,NA,NA,NA,NA,NA,NA
"KO_vs_Neg","SE","Skipped Exon","Aco2","ENSMUSG00000022477","chr15","+",0.00134278164749426,-0.201,"0.714,1.0,0.5","1.0,1.0,0.818",81779370,81779629,81756509,81756749,81787676,81787835,NA,NA,NA,NA,NA,NA,NA,NA,NA,NA,NA,NA
"KO_vs_Neg","SE","Skipped Exon","Chadl","ENSMUSG00000063765","chr15","-",0.0105684842985388,0.268,"0.512,0.581,0.467","0.314,0.286,0.156",81577187,81577354,81576308,81576507,81577734,81578229,NA,NA,NA,NA,NA,NA,NA,NA,NA,NA,NA,NA
"KO_vs_Neg","SE","Skipped Exon","Tmem184b","ENSMUSG00000009035","chr15","-",0,-0.216,"0.65,0.633,0.637","0.835,0.87,0.862",79247857,79247878,79244903,79247085,79249484,79249679,NA,NA,NA,NA,NA,NA,NA,NA,NA,NA,NA,NA
"KO_vs_Neg","SE","Skipped Exon","Kctd17","ENSMUSG00000033287","chr15","+",9.90423800944615e-11,-0.18,"0.371,0.393,0.345","0.594,0.535,0.521",78321100,78321194,78319784,78319910,78322686,78323109,NA,NA,NA,NA,NA,NA,NA,NA,NA,NA,NA,NA
"KO_vs_Neg","SE","Skipped Exon","Kctd17","ENSMUSG00000033287","chr15","+",3.39967932040292e-11,-0.181,"0.395,0.402,0.343","0.596,0.558,0.528",78321100,78321299,78319784,78319910,78322686,78322847,NA,NA,NA,NA,NA,NA,NA,NA,NA,NA,NA,NA
"KO_vs_Neg","SE","Skipped Exon","Zfp7","ENSMUSG00000033669","chr15","+",0.000316686197150351,-0.332,"0.519,1.0,0.486","1.0,1.0,1.0",76765311,76765438,76763458,76763553,76774206,76774386,NA,NA,NA,NA,NA,NA,NA,NA,NA,NA,NA,NA
"KO_vs_Neg","SE","Skipped Exon","Slc39a4","ENSMUSG00000063354","chr15","-",0.000273055452978335,0.119,"1.0,1.0,0.976","0.853,0.855,0.911",76499243,76499439,76498949,76499113,76500772,76501048,NA,NA,NA,NA,NA,NA,NA,NA,NA,NA,NA,NA
"KO_vs_Neg","SE","Skipped Exon","Slc39a4","ENSMUSG00000063354","chr15","-",0.00529012722241598,-0.106,"0.843,0.806,0.886","0.971,0.947,0.934",76500074,76500359,76499243,76499439,76500772,76501048,NA,NA,NA,NA,NA,NA,NA,NA,NA,NA,NA,NA
"KO_vs_Neg","SE","Skipped Exon","Scrib","ENSMUSG00000022568","chr15","-",0,-0.269,"0.283,0.362,0.295","0.589,0.574,0.584",75919770,75919845,75919469,75919521,75919963,75920001,NA,NA,NA,NA,NA,NA,NA,NA,NA,NA,NA,NA
"KO_vs_Neg","SE","Skipped Exon","Ptk2","ENSMUSG00000022607","chr15","-",0.00156299363649623,-0.114,"0.451,0.405,0.437","0.532,0.548,0.554",73154066,73154084,73148705,73148762,73163883,73163936,NA,NA,NA,NA,NA,NA,NA,NA,NA,NA,NA,NA
"KO_vs_Neg","SE","Skipped Exon","Ptk2","ENSMUSG00000022607","chr15","-",0.0311390213518957,0.327,"0.8,0.419,0.6","0.226,0.28,0.333",73231874,73232186,73202697,73202864,73236889,73237044,NA,NA,NA,NA,NA,NA,NA,NA,NA,NA,NA,NA
"KO_vs_Neg","SE","Skipped Exon","Ptk2","ENSMUSG00000022607","chr15","-",9.94717299790962e-10,0.792,"1.0,1.0,1.0","0.0,0.625,0.0",73231874,73232186,73202697,73202864,73263607,73263729,NA,NA,NA,NA,NA,NA,NA,NA,NA,NA,NA,NA
"KO_vs_Neg","SE","Skipped Exon","Ptk2","ENSMUSG00000022607","chr15","-",0.000245953761779784,0.104,"0.208,0.091,0.056","0.033,0.01,0.0",73231874,73232186,73202697,73202864,73266496,73266593,NA,NA,NA,NA,NA,NA,NA,NA,NA,NA,NA,NA
"KO_vs_Neg","SE","Skipped Exon","Ptk2","ENSMUSG00000022607","chr15","-",5.46588834715047e-06,0.277,"1.0,1.0,1.0","0.84,0.75,0.579",73236889,73237044,73202697,73202864,73263607,73263729,NA,NA,NA,NA,NA,NA,NA,NA,NA,NA,NA,NA
"KO_vs_Neg","SE","Skipped Exon","Ptk2","ENSMUSG00000022607","chr15","-",0.00254535917151674,0.164,"0.8,0.757,0.773","0.674,0.556,0.608",73236889,73237044,73202697,73202864,73266496,73266593,NA,NA,NA,NA,NA,NA,NA,NA,NA,NA,NA,NA
"KO_vs_Neg","SE","Skipped Exon","Asap1","ENSMUSG00000022377","chr15","-",3.38243500485521e-11,-0.153,"0.847,0.813,0.813","0.975,0.988,0.968",64025692,64025701,64024678,64024779,64030766,64030853,NA,NA,NA,NA,NA,NA,NA,NA,NA,NA,NA,NA
"KO_vs_Neg","SE","Skipped Exon","Pvt1","ENSMUSG00000097039","chr15","+",0.0002080879394801,0.229,"1.0,1.0,1.0","1.0,0.556,0.758",61978972,61979314,61909854,61910050,62114022,62114146,NA,NA,NA,NA,NA,NA,NA,NA,NA,NA,NA,NA
"KO_vs_Neg","SE","Skipped Exon","Pvt1","ENSMUSG00000097039","chr15","+",0.000227787107241792,0.116,"1.0,1.0,1.0","1.0,0.75,0.903",62021087,62021201,61909827,61910050,62114022,62114150,NA,NA,NA,NA,NA,NA,NA,NA,NA,NA,NA,NA
"KO_vs_Neg","SE","Skipped Exon","Pvt1","ENSMUSG00000097039","chr15","+",0.000161105672127144,0.23,"1.0,1.0,1.0","1.0,0.645,0.665",62031845,62031977,61909845,61910050,62114022,62114146,NA,NA,NA,NA,NA,NA,NA,NA,NA,NA,NA,NA
"KO_vs_Neg","SE","Skipped Exon","Pvt1","ENSMUSG00000097039","chr15","+",0.00219969000712597,0.134,"1.0,1.0,1.0","0.778,0.82,1.0",62031845,62031977,61978996,61979314,62094585,62094752,NA,NA,NA,NA,NA,NA,NA,NA,NA,NA,NA,NA
"KO_vs_Neg","SE","Skipped Exon","Pvt1","ENSMUSG00000097039","chr15","+",3.45683525100057e-05,-0.1,"0.208,0.164,0.159","0.265,0.308,0.258",62047612,62047775,62047315,62047397,62114022,62114146,NA,NA,NA,NA,NA,NA,NA,NA,NA,NA,NA,NA
"KO_vs_Neg","SE","Skipped Exon","Pvt1","ENSMUSG00000097039","chr15","+",0.00645586200512726,-0.195,"0.712,0.659,0.847","0.926,0.934,0.944",62047673,62047775,62047315,62047397,62086401,62086511,NA,NA,NA,NA,NA,NA,NA,NA,NA,NA,NA,NA
"KO_vs_Neg","SE","Skipped Exon","Pvt1","ENSMUSG00000097039","chr15","+",0.0136841067856523,-0.318,"0.423,0.414,0.731","0.91,0.854,0.759",62085660,62085748,62047315,62047397,62086401,62086730,NA,NA,NA,NA,NA,NA,NA,NA,NA,NA,NA,NA
"KO_vs_Neg","SE","Skipped Exon","Eif3h","ENSMUSG00000022312","chr15","-",3.57449319323772e-05,0.429,"1.0,1.0,1.0","1.0,0.428,0.285",51661008,51661108,51653388,51653509,51705863,51706020,NA,NA,NA,NA,NA,NA,NA,NA,NA,NA,NA,NA
"KO_vs_Neg","SE","Skipped Exon","Rims2","ENSMUSG00000037386","chr15","+",2.3930066871152e-10,-0.168,"0.121,0.128,0.148","0.242,0.306,0.352",39449929,39450181,39448580,39449158,39479664,39479696,NA,NA,NA,NA,NA,NA,NA,NA,NA,NA,NA,NA
"KO_vs_Neg","SE","Skipped Exon","Mrps18b","ENSMUSG00000024436","chr17","-",0.0466417282814682,-0.572,"0.0,0.479,0.805","1.0,1.0,1.0",36223229,36223296,36221270,36221848,36225383,36225481,NA,NA,NA,NA,NA,NA,NA,NA,NA,NA,NA,NA
"KO_vs_Neg","SE","Skipped Exon","Mrps18b","ENSMUSG00000024436","chr17","-",0.020914424415628,0.407,"1.0,0.408,1.0","0.674,0.256,0.256",36223229,36223296,36221270,36221848,36227183,36227281,NA,NA,NA,NA,NA,NA,NA,NA,NA,NA,NA,NA
"KO_vs_Neg","SE","Skipped Exon","Nipal2","ENSMUSG00000038879","chr15","-",1.52520155590884e-07,-0.338,"0.669,0.635,0.683","1.0,1.0,1.0",34600160,34600257,34584775,34584911,34648811,34648983,NA,NA,NA,NA,NA,NA,NA,NA,NA,NA,NA,NA
"KO_vs_Neg","SE","Skipped Exon","Nipal2","ENSMUSG00000038879","chr15","-",5.91451743979317e-07,-0.199,"0.83,0.762,0.811","1.0,1.0,1.0",34625117,34625177,34584775,34584911,34648811,34648983,NA,NA,NA,NA,NA,NA,NA,NA,NA,NA,NA,NA
"KO_vs_Neg","SE","Skipped Exon","Srrm2","ENSMUSG00000039218","chr17","+",1.09685388086041e-08,0.109,"0.246,0.277,0.27","0.107,0.156,0.203",24030790,24031051,24030645,24030705,24031401,24031574,NA,NA,NA,NA,NA,NA,NA,NA,NA,NA,NA,NA
"KO_vs_Neg","SE","Skipped Exon","Nup155","ENSMUSG00000022142","chr15","+",0.00169221757682264,-0.147,"0.676,0.882,1.0","1.0,1.0,1.0",8173259,8173403,8172529,8172643,8174971,8175107,NA,NA,NA,NA,NA,NA,NA,NA,NA,NA,NA,NA
"KO_vs_Neg","SE","Skipped Exon","C7","ENSMUSG00000079105","chr15","-",1.95536851085306e-08,0.794,"1.0,1.0,0.714","0.0,0.0,0.333",5063667,5063835,5052067,5052181,5076345,5076490,NA,NA,NA,NA,NA,NA,NA,NA,NA,NA,NA,NA
"KO_vs_Neg","SE","Skipped Exon","C7","ENSMUSG00000079105","chr15","-",0.000271857313783603,0.226,"1.0,1.0,0.922","0.805,0.587,0.851",5075126,5075265,5052067,5052181,5076345,5076490,NA,NA,NA,NA,NA,NA,NA,NA,NA,NA,NA,NA
"KO_vs_Neg","SE","Skipped Exon","Mbnl2","ENSMUSG00000022139","chr14","+",4.27620392323062e-06,-0.151,"0.493,0.493,0.51","0.648,0.677,0.624",120633123,120633177,120626311,120626575,120633862,120634016,NA,NA,NA,NA,NA,NA,NA,NA,NA,NA,NA,NA
"KO_vs_Neg","SE","Skipped Exon","Mbnl2","ENSMUSG00000022139","chr14","+",0,-0.28,"0.198,0.238,0.211","0.489,0.496,0.502",120640747,120640783,120633862,120634016,120642049,120642078,NA,NA,NA,NA,NA,NA,NA,NA,NA,NA,NA,NA
"KO_vs_Neg","SE","Skipped Exon","Mbnl2","ENSMUSG00000022139","chr14","+",7.55694454401412e-08,-0.157,"0.103,0.073,0.12","0.203,0.296,0.268",120640747,120640783,120633862,120634016,120666346,120669107,NA,NA,NA,NA,NA,NA,NA,NA,NA,NA,NA,NA
"KO_vs_Neg","SE","Skipped Exon","9330188P03Rik","ENSMUSG00000115149","chr14","+",0.00246043352072365,-0.138,"0.349,0.259,0.256","0.355,0.469,0.453",105828581,105830733,105826982,105827107,105831014,105831209,NA,NA,NA,NA,NA,NA,NA,NA,NA,NA,NA,NA
"KO_vs_Neg","SE","Skipped Exon","9330188P03Rik","ENSMUSG00000115149","chr14","+",0.00580010183681254,-0.132,"0.434,0.332,0.361","0.44,0.549,0.534",105830125,105830733,105826974,105827107,105831014,105831346,NA,NA,NA,NA,NA,NA,NA,NA,NA,NA,NA,NA
"KO_vs_Neg","SE","Skipped Exon","Gm17066","ENSMUSG00000091509","chr14","-",0.000273055452978335,0.156,"0.504,0.462,0.431","0.356,0.309,0.265",105349754,105349838,105346825,105347238,105350904,105350963,NA,NA,NA,NA,NA,NA,NA,NA,NA,NA,NA,NA
"KO_vs_Neg","SE","Skipped Exon","Tbc1d4","ENSMUSG00000033083","chr14","-",9.92512581055156e-07,-0.389,"0.393,0.248,0.235","0.823,0.626,0.595",101698134,101698137,101696170,101696329,101700310,101700520,NA,NA,NA,NA,NA,NA,NA,NA,NA,NA,NA,NA
"KO_vs_Neg","SE","Skipped Exon","Dis3","ENSMUSG00000033166","chr14","-",2.0702568784619e-05,-0.16,"0.364,0.305,0.299","0.416,0.525,0.508",99336554,99336622,99336118,99336276,99336881,99337200,NA,NA,NA,NA,NA,NA,NA,NA,NA,NA,NA,NA
"KO_vs_Neg","SE","Skipped Exon","Xpnpep3","ENSMUSG00000022401","chr15","+",0.0375389348542247,-0.114,"0.378,0.313,0.268","0.405,0.418,0.479",81300047,81300195,81298632,81298749,81311476,81311739,NA,NA,NA,NA,NA,NA,NA,NA,NA,NA,NA,NA
"KO_vs_Neg","SE","Skipped Exon","Kctd9","ENSMUSG00000034327","chr14","+",4.99055146888459e-06,-0.138,"0.759,0.782,0.722","0.885,0.925,0.867",67971589,67971739,67970795,67970891,67975054,67975160,NA,NA,NA,NA,NA,NA,NA,NA,NA,NA,NA,NA
"KO_vs_Neg","SE","Skipped Exon","Soat2","ENSMUSG00000023045","chr15","+",2.38022242941978e-09,-0.133,"0.811,0.853,0.906","0.994,1.0,0.975",102069024,102069122,102067148,102067278,102069486,102069585,NA,NA,NA,NA,NA,NA,NA,NA,NA,NA,NA,NA
"KO_vs_Neg","SE","Skipped Exon","Dleu2","ENSMUSG00000097589","chr14","-",0.0173506536936495,0.215,"0.163,0.422,0.061","0.0,0.0,0.0",61851614,61851720,61840482,61841255,61862668,61862811,NA,NA,NA,NA,NA,NA,NA,NA,NA,NA,NA,NA
"KO_vs_Neg","SE","Skipped Exon","Dleu2","ENSMUSG00000097589","chr14","-",0.030587051342797,-0.107,"1.0,1.0,0.679","1.0,1.0,1.0",61862668,61862811,61861881,61861931,61869885,61869932,NA,NA,NA,NA,NA,NA,NA,NA,NA,NA,NA,NA
"KO_vs_Neg","SE","Skipped Exon","Cab39l","ENSMUSG00000021981","chr14","+",0.00604454537321202,0.225,"0.946,0.974,0.952","0.607,0.706,0.885",59716492,59716633,59715480,59715522,59734251,59734393,NA,NA,NA,NA,NA,NA,NA,NA,NA,NA,NA,NA
"KO_vs_Neg","SE","Skipped Exon","Setdb2","ENSMUSG00000071350","chr14","-",0.0263732565276716,0.115,"0.926,0.816,0.918","0.689,0.756,0.871",59663937,59664003,59659969,59660933,59668591,59668717,NA,NA,NA,NA,NA,NA,NA,NA,NA,NA,NA,NA
"KO_vs_Neg","SE","Skipped Exon","Zdhhc20","ENSMUSG00000021969","chr14","-",0,-0.255,"0.521,0.506,0.562","0.74,0.784,0.83",58087601,58087637,58084377,58084519,58094066,58094187,NA,NA,NA,NA,NA,NA,NA,NA,NA,NA,NA,NA
"KO_vs_Neg","SE","Skipped Exon","Dcaf11","ENSMUSG00000022214","chr14","+",0.0257811595363887,-0.153,"0.683,0.624,0.674","0.76,0.887,0.792",55797897,55798084,55797481,55797578,55798531,55798899,NA,NA,NA,NA,NA,NA,NA,NA,NA,NA,NA,NA
"KO_vs_Neg","SE","Skipped Exon","Zfp219","ENSMUSG00000049295","chr14","-",0.0158015002427455,-0.485,"0.281,0.0,0.164","1.0,0.242,0.658",52252404,52252509,52245684,52247119,52256951,52257145,NA,NA,NA,NA,NA,NA,NA,NA,NA,NA,NA,NA
"KO_vs_Neg","SE","Skipped Exon","Anks3","ENSMUSG00000022515","chr16","-",0.0186059089920619,-0.102,"0.426,0.428,0.468","0.486,0.577,0.564",4775831,4776030,4775504,4775626,4781983,4782056,NA,NA,NA,NA,NA,NA,NA,NA,NA,NA,NA,NA
"KO_vs_Neg","SE","Skipped Exon","Anks3","ENSMUSG00000022515","chr16","-",0.0386744714390231,-0.104,"0.531,0.518,0.617","0.593,0.721,0.665",4778260,4778432,4775504,4775626,4781983,4782037,NA,NA,NA,NA,NA,NA,NA,NA,NA,NA,NA,NA
"KO_vs_Neg","SE","Skipped Exon","Xpo4","ENSMUSG00000021952","chr14","-",7.70862671404213e-08,-0.121,"0.776,0.917,0.895","0.989,0.99,0.972",57839945,57840123,57835342,57835502,57841042,57841188,NA,NA,NA,NA,NA,NA,NA,NA,NA,NA,NA,NA
"KO_vs_Neg","SE","Skipped Exon","Xpo4","ENSMUSG00000021952","chr14","-",0.024299087057555,-0.105,"0.323,0.304,0.328","0.372,0.48,0.417",57880791,57880946,57879256,57880680,57885875,57885981,NA,NA,NA,NA,NA,NA,NA,NA,NA,NA,NA,NA
"KO_vs_Neg","SE","Skipped Exon","Ddhd1","ENSMUSG00000037697","chr14","-",1.42217509751715e-05,-0.156,"0.613,0.677,0.618","0.784,0.781,0.812",45836558,45836642,45825923,45833121,45839021,45839213,NA,NA,NA,NA,NA,NA,NA,NA,NA,NA,NA,NA
"KO_vs_Neg","SE","Skipped Exon","Ddhd1","ENSMUSG00000037697","chr14","-",0.00192009401347094,-0.136,"0.222,0.133,0.153","0.335,0.282,0.299",45860297,45860350,45858168,45858297,45867036,45867210,NA,NA,NA,NA,NA,NA,NA,NA,NA,NA,NA,NA
"KO_vs_Neg","SE","Skipped Exon","Ddhd1","ENSMUSG00000037697","chr14","-",0.0485907365303457,-0.107,"0.302,0.272,0.223","0.425,0.349,0.345",45860297,45860399,45858168,45858297,45867036,45867210,NA,NA,NA,NA,NA,NA,NA,NA,NA,NA,NA,NA
"KO_vs_Neg","SE","Skipped Exon","Ddhd1","ENSMUSG00000037697","chr14","-",1.85627400218482e-06,-0.262,"0.343,0.448,0.518","0.728,0.74,0.627",45866310,45866331,45858168,45858297,45867036,45867207,NA,NA,NA,NA,NA,NA,NA,NA,NA,NA,NA,NA
"KO_vs_Neg","SE","Skipped Exon","Ddhd1","ENSMUSG00000037697","chr14","-",0.00207726519237665,-0.121,"0.795,0.738,0.882","0.891,0.943,0.943",45866310,45866331,45860297,45860399,45867036,45867207,NA,NA,NA,NA,NA,NA,NA,NA,NA,NA,NA,NA
"KO_vs_Neg","SE","Skipped Exon","Gm5624","ENSMUSG00000092165","chr14","-",0.0203460383050032,-0.119,"0.732,0.875,0.852","0.815,1.0,1.0",44797289,44797471,44794586,44795367,44799238,44799401,NA,NA,NA,NA,NA,NA,NA,NA,NA,NA,NA,NA
"KO_vs_Neg","SE","Skipped Exon","Gm5624","ENSMUSG00000092165","chr14","-",0.0497350946357536,-0.224,"0.547,0.815,0.775","0.809,1.0,1.0",44798155,44798287,44794586,44795367,44799238,44799401,NA,NA,NA,NA,NA,NA,NA,NA,NA,NA,NA,NA
"KO_vs_Neg","SE","Skipped Exon","Gm5624","ENSMUSG00000092165","chr14","-",0.0001998062307794,-0.122,"0.837,0.868,0.929","1.0,1.0,1.0",44798155,44798287,44797289,44797471,44799238,44799401,NA,NA,NA,NA,NA,NA,NA,NA,NA,NA,NA,NA
"KO_vs_Neg","SE","Skipped Exon","Ogdhl","ENSMUSG00000021913","chr14","+",0.000305560527027044,-0.103,"0.698,0.673,0.678","0.752,0.819,0.787",32045835,32045904,32043975,32044073,32047750,32047955,NA,NA,NA,NA,NA,NA,NA,NA,NA,NA,NA,NA
"KO_vs_Neg","SE","Skipped Exon","Gnl3","ENSMUSG00000042354","chr14","-",1.23042099184268e-06,0.446,"1.0,1.0,1.0","0.862,0.439,0.361",30735385,30735522,30735123,30735212,30736009,30736184,NA,NA,NA,NA,NA,NA,NA,NA,NA,NA,NA,NA
"KO_vs_Neg","SE","Skipped Exon","Sfmbt1","ENSMUSG00000006527","chr14","+",5.35329232971677e-07,0.476,"1.0,1.0,1.0","0.447,0.51,0.616",30460495,30460587,30437571,30437832,30487919,30488058,NA,NA,NA,NA,NA,NA,NA,NA,NA,NA,NA,NA
"KO_vs_Neg","SE","Skipped Exon","Hdac6","ENSMUSG00000031161","chrX","-",4.87002728395862e-14,-0.14,"0.849,0.828,0.89","0.988,1.0,1.0",7810812,7810853,7809637,7809976,7812901,7812990,NA,NA,NA,NA,NA,NA,NA,NA,NA,NA,NA,NA
"KO_vs_Neg","SE","Skipped Exon","Ercc8","ENSMUSG00000021694","chr13","+",4.98773352118799e-06,0.155,"0.57,0.496,0.536","0.377,0.364,0.397",108302923,108303025,108297168,108297264,108305901,108306025,NA,NA,NA,NA,NA,NA,NA,NA,NA,NA,NA,NA
"KO_vs_Neg","SE","Skipped Exon","Srek1","ENSMUSG00000032621","chr13","-",4.25446011703037e-06,-0.104,"0.2,0.181,0.175","0.287,0.291,0.29",103900803,103900927,103900389,103900514,103905824,103905856,NA,NA,NA,NA,NA,NA,NA,NA,NA,NA,NA,NA
"KO_vs_Neg","SE","Skipped Exon","Cenph","ENSMUSG00000045273","chr13","-",0.0237128351245283,0.312,"0.942,1.0,0.816","0.553,0.27,1.0",100900057,100900109,100896181,100896702,100903332,100903389,NA,NA,NA,NA,NA,NA,NA,NA,NA,NA,NA,NA
"KO_vs_Neg","SE","Skipped Exon","Tcf7l2","ENSMUSG00000024985","chr19","+",0.0002598272953471,0.21,"0.625,0.591,0.542","0.419,0.342,0.368",55743445,55743514,55731504,55731629,55806195,55806297,NA,NA,NA,NA,NA,NA,NA,NA,NA,NA,NA,NA
"KO_vs_Neg","SE","Skipped Exon","Tcf7l2","ENSMUSG00000024985","chr19","+",0.00207974594756829,-0.254,"0.596,0.494,0.436","0.712,0.745,0.83",55915115,55915188,55914408,55914481,55919865,55920641,NA,NA,NA,NA,NA,NA,NA,NA,NA,NA,NA,NA
"KO_vs_Neg","SE","Skipped Exon","Tcf7l2","ENSMUSG00000024985","chr19","+",7.38671313274315e-05,-0.253,"0.112,0.106,0.062","0.416,0.278,0.344",55916161,55916186,55912327,55912376,55919865,55921661,NA,NA,NA,NA,NA,NA,NA,NA,NA,NA,NA,NA
"KO_vs_Neg","SE","Skipped Exon","Tcf7l2","ENSMUSG00000024985","chr19","+",1.69496479558512e-06,-0.307,"0.575,0.51,0.474","0.801,0.764,0.915",55916161,55916186,55914408,55914481,55919865,55921661,NA,NA,NA,NA,NA,NA,NA,NA,NA,NA,NA,NA
"KO_vs_Neg","SE","Skipped Exon","Tcf7l2","ENSMUSG00000024985","chr19","+",9.49584169245262e-05,-0.256,"0.535,0.711,0.625","0.889,0.824,0.926",55916161,55916186,55915115,55915188,55919865,55921661,NA,NA,NA,NA,NA,NA,NA,NA,NA,NA,NA,NA
"KO_vs_Neg","SE","Skipped Exon","5330416C01Rik","ENSMUSG00000054944","chr13","-",0.00875379548008019,-0.221,"0.0,1.0,0.336","0.0,1.0,1.0",97872754,97872900,97871207,97872183,97879211,97880846,NA,NA,NA,NA,NA,NA,NA,NA,NA,NA,NA,NA
"KO_vs_Neg","SE","Skipped Exon","Ap3b1","ENSMUSG00000021686","chr13","+",0,-0.196,"0.072,0.072,0.092","0.267,0.255,0.302",94680491,94680530,94679286,94679384,94684262,94684401,NA,NA,NA,NA,NA,NA,NA,NA,NA,NA,NA,NA
"KO_vs_Neg","SE","Skipped Exon","Vcan","ENSMUSG00000021614","chr13","-",0.00309199392221534,0.268,"0.711,0.594,0.719","0.394,0.365,0.462",89851036,89853916,89833197,89833311,89860323,89860617,NA,NA,NA,NA,NA,NA,NA,NA,NA,NA,NA,NA
"KO_vs_Neg","SE","Skipped Exon","Ccnh","ENSMUSG00000021548","chr13","+",0.0172381845900928,0.101,"0.617,0.536,0.568","0.467,0.465,0.486",85345649,85345680,85338872,85338995,85350451,85350532,NA,NA,NA,NA,NA,NA,NA,NA,NA,NA,NA,NA
"KO_vs_Neg","SE","Skipped Exon","Gm46430","ENSMUSG00000113204","chr13","-",0.0460883353207064,0.118,"0.902,0.906,0.87","0.697,0.833,0.794",74760842,74761067,74758318,74758445,74765320,74765429,NA,NA,NA,NA,NA,NA,NA,NA,NA,NA,NA,NA
"KO_vs_Neg","SE","Skipped Exon","Zfp825","ENSMUSG00000069208","chr13","-",0.0259630253440715,0.154,"0.64,0.715,0.79","0.497,0.555,0.632",74632017,74632141,74630935,74631062,74641968,74642111,NA,NA,NA,NA,NA,NA,NA,NA,NA,NA,NA,NA
"KO_vs_Neg","SE","Skipped Exon","Carnmt1","ENSMUSG00000024726","chr19","+",1.56220525907245e-05,0.641,"1.0,0.274,0.694","0.0,0.045,0.0",18671012,18671126,18656467,18656631,18681383,18681586,NA,NA,NA,NA,NA,NA,NA,NA,NA,NA,NA,NA
"KO_vs_Neg","SE","Skipped Exon","Carnmt1","ENSMUSG00000024726","chr19","+",0.000203826356780399,0.269,"1.0,0.87,0.972","0.559,0.596,0.88",18680724,18680828,18656467,18656631,18681383,18681586,NA,NA,NA,NA,NA,NA,NA,NA,NA,NA,NA,NA
"KO_vs_Neg","SE","Skipped Exon","Cdc14b","ENSMUSG00000033102","chr13","-",0.000340617596527837,0.163,"1.0,0.95,1.0","0.793,0.79,0.879",64373385,64373462,64364025,64364113,64391447,64391540,NA,NA,NA,NA,NA,NA,NA,NA,NA,NA,NA,NA
"KO_vs_Neg","SE","Skipped Exon","Cdc14b","ENSMUSG00000033102","chr13","-",0.00368889631053822,0.152,"0.956,1.0,1.0","0.941,0.847,0.711",64391447,64391540,64373385,64373462,64422404,64422693,NA,NA,NA,NA,NA,NA,NA,NA,NA,NA,NA,NA
"KO_vs_Neg","SE","Skipped Exon","Fancc","ENSMUSG00000021461","chr13","-",9.58076094212763e-06,0.25,"1.0,1.0,1.0","0.839,0.723,0.688",63508009,63508074,63495233,63495398,63545896,63545981,NA,NA,NA,NA,NA,NA,NA,NA,NA,NA,NA,NA
"KO_vs_Neg","SE","Skipped Exon","Fancc","ENSMUSG00000021461","chr13","-",0.0182912267455796,0.174,"0.955,1.0,1.0","1.0,0.934,0.498",63545896,63545991,63509392,63509506,63579263,63579508,NA,NA,NA,NA,NA,NA,NA,NA,NA,NA,NA,NA
"KO_vs_Neg","SE","Skipped Exon","Platr25","ENSMUSG00000074863","chr13","-",0.0396616491413606,-0.336,"0.572,0.431,0.459","1.0,0.637,0.833",62871911,62872031,62853943,62854070,62886705,62886912,NA,NA,NA,NA,NA,NA,NA,NA,NA,NA,NA,NA
"KO_vs_Neg","SE","Skipped Exon","Platr25","ENSMUSG00000074863","chr13","-",0.00724693679165989,-0.162,"1.0,0.649,0.783","1.0,1.0,0.917",62871911,62872031,62855967,62856023,62886705,62886912,NA,NA,NA,NA,NA,NA,NA,NA,NA,NA,NA,NA
"KO_vs_Neg","SE","Skipped Exon","Tcof1","ENSMUSG00000024613","chr18","-",2.35871793202992e-07,-0.104,"0.812,0.825,0.798","0.919,0.932,0.896",60965237,60965381,60964845,60965067,60965498,60965696,NA,NA,NA,NA,NA,NA,NA,NA,NA,NA,NA,NA
"KO_vs_Neg","SE","Skipped Exon","Fam193b","ENSMUSG00000021495","chr13","-",0.00190264080472825,0.202,"0.918,0.974,0.882","0.814,0.736,0.618",55698036,55698220,55690596,55691602,55717517,55718933,NA,NA,NA,NA,NA,NA,NA,NA,NA,NA,NA,NA
"KO_vs_Neg","SE","Skipped Exon","Fam193b","ENSMUSG00000021495","chr13","-",0.0246956314532817,0.111,"0.877,0.857,0.775","0.694,0.726,0.756",55712332,55712393,55703795,55704038,55718587,55718913,NA,NA,NA,NA,NA,NA,NA,NA,NA,NA,NA,NA
"KO_vs_Neg","SE","Skipped Exon","Simc1","ENSMUSG00000043183","chr13","+",5.443141188729e-05,0.118,"0.979,1.0,0.982","0.81,0.835,0.963",54671782,54674485,54651591,54651817,54676966,54677036,NA,NA,NA,NA,NA,NA,NA,NA,NA,NA,NA,NA
"KO_vs_Neg","SE","Skipped Exon","Simc1","ENSMUSG00000043183","chr13","+",5.14450441639256e-06,0.111,"0.984,1.0,0.987","0.826,0.856,0.955",54676116,54676349,54651591,54651817,54676966,54677036,NA,NA,NA,NA,NA,NA,NA,NA,NA,NA,NA,NA
"KO_vs_Neg","SE","Skipped Exon","Chka","ENSMUSG00000024843","chr19","+",0.00558759903069097,0.116,"0.317,0.272,0.231","0.194,0.159,0.119",3921002,3921062,3914647,3914759,3925734,3925788,NA,NA,NA,NA,NA,NA,NA,NA,NA,NA,NA,NA
"KO_vs_Neg","SE","Skipped Exon","Ssr1","ENSMUSG00000021427","chr13","-",0,-0.264,"0.404,0.362,0.306","0.612,0.629,0.624",38167070,38167085,38163718,38163782,38167368,38167462,NA,NA,NA,NA,NA,NA,NA,NA,NA,NA,NA,NA
"KO_vs_Neg","SE","Skipped Exon","Gm47157","ENSMUSG00000113484","chr13","-",0.0067348960852987,0.163,"0.667,1.0,1.0","1.0,0.733,0.444",34967892,34968041,34965567,34965633,34971469,34971553,NA,NA,NA,NA,NA,NA,NA,NA,NA,NA,NA,NA
"KO_vs_Neg","SE","Skipped Exon","Cbx6","ENSMUSG00000089715","chr15","-",0.00594334939400748,-0.237,"0.555,0.776,0.735","1.0,0.776,1.0",79717902,79717968,79712977,79713179,79718343,79718427,NA,NA,NA,NA,NA,NA,NA,NA,NA,NA,NA,NA
"KO_vs_Neg","SE","Skipped Exon","Tbce","ENSMUSG00000039233","chr13","-",0.000194809458874215,-0.158,"0.706,0.839,0.729","0.967,0.868,0.912",14178117,14178281,14175694,14175763,14179727,14179868,NA,NA,NA,NA,NA,NA,NA,NA,NA,NA,NA,NA
"KO_vs_Neg","SE","Skipped Exon","Tbce","ENSMUSG00000039233","chr13","-",4.12467639411717e-06,-0.143,"0.76,0.876,0.765","0.976,0.919,0.935",14178127,14178281,14175694,14175763,14179727,14179868,NA,NA,NA,NA,NA,NA,NA,NA,NA,NA,NA,NA
"KO_vs_Neg","SE","Skipped Exon","Actn2","ENSMUSG00000052374","chr13","-",9.95442094531325e-05,-0.232,"0.294,0.238,0.122","0.443,0.42,0.488",12319199,12319278,12315820,12315902,12321159,12321247,NA,NA,NA,NA,NA,NA,NA,NA,NA,NA,NA,NA
"KO_vs_Neg","SE","Skipped Exon","Klc1","ENSMUSG00000021288","chr12","+",1.73997890165388e-07,-0.213,"0.63,0.583,0.586","0.769,0.858,0.812",111760082,111760133,111755758,111755920,111772441,111772508,NA,NA,NA,NA,NA,NA,NA,NA,NA,NA,NA,NA
"KO_vs_Neg","SE","Skipped Exon","Klc1","ENSMUSG00000021288","chr12","+",5.05259524715948e-06,-0.104,"0.809,0.815,0.771","0.855,0.942,0.911",111761981,111762112,111755758,111755920,111772441,111772508,NA,NA,NA,NA,NA,NA,NA,NA,NA,NA,NA,NA
"KO_vs_Neg","SE","Skipped Exon","Exoc3l4","ENSMUSG00000021280","chr12","+",1.60627551575743e-05,-0.391,"0.54,0.54,0.746","1.0,1.0,1.0",111385193,111385298,111383450,111384188,111387861,111388017,NA,NA,NA,NA,NA,NA,NA,NA,NA,NA,NA,NA
"KO_vs_Neg","SE","Skipped Exon","Exoc3l4","ENSMUSG00000021280","chr12","+",2.64222161483308e-07,-0.594,"0.779,0.37,0.068","1.0,1.0,1.0",111385193,111385298,111383878,111383954,111387932,111388017,NA,NA,NA,NA,NA,NA,NA,NA,NA,NA,NA,NA
"KO_vs_Neg","SE","Skipped Exon","Wdr20","ENSMUSG00000037957","chr12","+",7.03362583514468e-08,-0.238,"0.0,0.0,0.037","0.162,0.258,0.332",110763376,110763441,110745729,110745912,110769838,110770463,NA,NA,NA,NA,NA,NA,NA,NA,NA,NA,NA,NA
"KO_vs_Neg","SE","Skipped Exon","Gm19605","ENSMUSG00000113585","chr12","-",0.0312108462294789,-0.152,"1.0,0.543,1.0","1.0,1.0,1.0",110444793,110445057,110440961,110443435,110451988,110452080,NA,NA,NA,NA,NA,NA,NA,NA,NA,NA,NA,NA
"KO_vs_Neg","SE","Skipped Exon","Meg3","ENSMUSG00000021268","chr12","+",0.0162694446831957,-0.314,"0.417,0.641,1.0","1.0,1.0,1.0",109515913,109516014,109512312,109512425,109516087,109516245,NA,NA,NA,NA,NA,NA,NA,NA,NA,NA,NA,NA
"KO_vs_Neg","SE","Skipped Exon","Meg3","ENSMUSG00000021268","chr12","+",0.0245505013853272,-0.378,"0.246,0.62,1.0","1.0,1.0,1.0",109515953,109515987,109512312,109512425,109516087,109516245,NA,NA,NA,NA,NA,NA,NA,NA,NA,NA,NA,NA
"KO_vs_Neg","SE","Skipped Exon","Gpc6","ENSMUSG00000058571","chr14","+",0.00198845142527508,-0.207,"0.538,0.688,0.584","0.779,0.785,0.867",118129753,118129783,118125933,118126077,118188549,118188686,NA,NA,NA,NA,NA,NA,NA,NA,NA,NA,NA,NA
"KO_vs_Neg","SE","Skipped Exon","Mtss1","ENSMUSG00000022353","chr15","-",0,-0.226,"0.578,0.547,0.514","0.76,0.744,0.814",58819174,58819369,58817694,58817868,58823318,58823529,NA,NA,NA,NA,NA,NA,NA,NA,NA,NA,NA,NA
"KO_vs_Neg","SE","Skipped Exon","Ttc8","ENSMUSG00000021013","chr12","+",0.0183540393936566,-0.347,"0.122,0.0,1.0","0.806,0.357,1.0",98903378,98903408,98887078,98887208,98908476,98908597,NA,NA,NA,NA,NA,NA,NA,NA,NA,NA,NA,NA
"KO_vs_Neg","SE","Skipped Exon","Gstz1","ENSMUSG00000021033","chr12","+",0.000995244487004865,-0.116,"0.168,0.0,0.0","0.178,0.105,0.232",87202246,87202343,87193938,87194282,87204666,87204718,NA,NA,NA,NA,NA,NA,NA,NA,NA,NA,NA,NA
"KO_vs_Neg","SE","Skipped Exon","Arel1","ENSMUSG00000042350","chr12","-",0.00605508714679911,0.501,"0.647,1.0,1.0","0.273,0.455,0.417",84998964,84999190,84997855,84998155,85012662,85012804,NA,NA,NA,NA,NA,NA,NA,NA,NA,NA,NA,NA
"KO_vs_Neg","SE","Skipped Exon","Mnat1","ENSMUSG00000021103","chr12","+",0.00181475869368884,0.255,"1.0,0.819,1.0","0.614,0.784,0.657",73225978,73226082,73170490,73170700,73234913,73235039,NA,NA,NA,NA,NA,NA,NA,NA,NA,NA,NA,NA
"KO_vs_Neg","SE","Skipped Exon","Daam1","ENSMUSG00000034574","chr12","+",0.00354515186673421,-0.115,"0.794,0.789,0.856","0.882,1.0,0.902",72005520,72005547,71999225,71999333,72006579,72006686,NA,NA,NA,NA,NA,NA,NA,NA,NA,NA,NA,NA
"KO_vs_Neg","SE","Skipped Exon","5830428M24Rik","ENSMUSG00000113035","chr12","-",0.00244208576660294,-0.481,"0.0,0.6,0.556","0.6,1.0,1.0",69514960,69515134,69511557,69512188,69517167,69517291,NA,NA,NA,NA,NA,NA,NA,NA,NA,NA,NA,NA
"KO_vs_Neg","SE","Skipped Exon","Prpf39","ENSMUSG00000035597","chr12","+",0.00303025728408767,0.181,"0.182,0.308,0.41","0.357,0.0,0.0",65090779,65090898,65083106,65083242,65100059,65100225,NA,NA,NA,NA,NA,NA,NA,NA,NA,NA,NA,NA
"KO_vs_Neg","SE","Skipped Exon","2700097O09Rik","ENSMUSG00000062198","chr12","-",0.000134764306839348,-0.14,"0.896,0.844,0.841","1.0,1.0,1.0",55104026,55104137,55100085,55100192,55109772,55109894,NA,NA,NA,NA,NA,NA,NA,NA,NA,NA,NA,NA
"KO_vs_Neg","SE","Skipped Exon","Strn3","ENSMUSG00000020954","chr12","-",0.0238191798821229,0.171,"0.339,0.377,0.3","0.272,0.218,0.014",51680361,51680502,51674487,51674663,51694776,51694918,NA,NA,NA,NA,NA,NA,NA,NA,NA,NA,NA,NA
"KO_vs_Neg","SE","Skipped Exon","Nrcam","ENSMUSG00000020598","chr12","+",0.00486288678443971,-0.103,"0.885,0.836,0.852","1.0,0.925,0.956",44581839,44581857,44579210,44579442,44584033,44584129,NA,NA,NA,NA,NA,NA,NA,NA,NA,NA,NA,NA
"KO_vs_Neg","SE","Skipped Exon","Nrcam","ENSMUSG00000020598","chr12","+",0.00145563565521687,0.1,"0.054,0.074,0.231","0.008,0.029,0.023",44630449,44630575,44623386,44623563,44636890,44637022,NA,NA,NA,NA,NA,NA,NA,NA,NA,NA,NA,NA
"KO_vs_Neg","SE","Skipped Exon","Nrcam","ENSMUSG00000020598","chr12","+",0.00253884700699859,0.313,"0.818,1.0,1.0","0.3,0.579,1.0",44631617,44631770,44624927,44624963,44636890,44637022,NA,NA,NA,NA,NA,NA,NA,NA,NA,NA,NA,NA
"KO_vs_Neg","SE","Skipped Exon","Dock4","ENSMUSG00000035954","chr12","+",0,-0.155,"0.794,0.755,0.797","0.94,0.937,0.933",40844595,40844622,40840074,40840160,40844766,40844862,NA,NA,NA,NA,NA,NA,NA,NA,NA,NA,NA,NA
"KO_vs_Neg","SE","Skipped Exon","1700087I21Rik","ENSMUSG00000115099","chr14","+",0.0330057439096413,-0.383,"0.6,1.0,0.25","1.0,1.0,1.0",103642137,103642313,103584342,103584482,103677750,103678929,NA,NA,NA,NA,NA,NA,NA,NA,NA,NA,NA,NA
"KO_vs_Neg","SE","Skipped Exon","1700087I21Rik","ENSMUSG00000115099","chr14","+",0.000252780593846923,0.521,"1.0,1.0,1.0","0.0,0.642,0.795",103662577,103662677,103642137,103642313,103677750,103678929,NA,NA,NA,NA,NA,NA,NA,NA,NA,NA,NA,NA
"KO_vs_Neg","SE","Skipped Exon","Bzw2","ENSMUSG00000020547","chr12","-",0.0083025266346024,0.409,"0.601,1.0,1.0","0.539,0.501,0.334",36190693,36190841,36189128,36189244,36206666,36206785,NA,NA,NA,NA,NA,NA,NA,NA,NA,NA,NA,NA
"KO_vs_Neg","SE","Skipped Exon","Tspan13","ENSMUSG00000020577","chr12","-",0.0149191608036333,0.471,"1.0,1.0,1.0","0.586,1.0,0.0",36071799,36071913,36064555,36065771,36092249,36092488,NA,NA,NA,NA,NA,NA,NA,NA,NA,NA,NA,NA
"KO_vs_Neg","SE","Skipped Exon","ENSMUSG00000121319","ENSMUSG00000121319","chr12","-",0.0031307509831218,0.319,"0.72,1.0,1.0","0.562,0.526,0.674",20964759,20964842,20952533,20952660,20970842,20971263,NA,NA,NA,NA,NA,NA,NA,NA,NA,NA,NA,NA
"KO_vs_Neg","SE","Skipped Exon","Nol10","ENSMUSG00000061458","chr12","+",0.00391966517617098,0.351,"1.0,0.333,1.0","1.0,0.28,0.0",17419466,17419616,17412595,17412681,17452073,17452200,NA,NA,NA,NA,NA,NA,NA,NA,NA,NA,NA,NA
"KO_vs_Neg","SE","Skipped Exon","Lpin1","ENSMUSG00000020593","chr12","-",0.00876922814712451,0.327,"0.826,0.904,0.77","0.733,0.337,0.449",16634508,16634652,16630704,16630905,16639498,16639721,NA,NA,NA,NA,NA,NA,NA,NA,NA,NA,NA,NA
"KO_vs_Neg","SE","Skipped Exon","Son","ENSMUSG00000022961","chr16","+",0.00846632458832028,0.121,"0.123,0.132,0.179","0.0,0.071,0.0",91470872,91470910,91468236,91468353,91471582,91471662,NA,NA,NA,NA,NA,NA,NA,NA,NA,NA,NA,NA
"KO_vs_Neg","SE","Skipped Exon","Pcyt2","ENSMUSG00000025137","chr11","-",2.29259780410292e-05,0.129,"0.7,0.733,0.747","0.613,0.584,0.597",120503671,120503909,120503030,120503427,120504204,120504249,NA,NA,NA,NA,NA,NA,NA,NA,NA,NA,NA,NA
"KO_vs_Neg","SE","Skipped Exon","Polh","ENSMUSG00000023953","chr17","-",4.645805460477e-07,0.154,"0.777,0.763,0.819","0.652,0.576,0.67",46505127,46505342,46501532,46501702,46509559,46509694,NA,NA,NA,NA,NA,NA,NA,NA,NA,NA,NA,NA
"KO_vs_Neg","SE","Skipped Exon","Card14","ENSMUSG00000013483","chr11","+",0.00355653018117877,-0.441,"0.0,0.155,0.355","0.407,0.767,0.658",119233968,119234090,119231816,119231990,119234720,119234836,NA,NA,NA,NA,NA,NA,NA,NA,NA,NA,NA,NA
"KO_vs_Neg","SE","Skipped Exon","Tnrc6c","ENSMUSG00000025571","chr11","+",4.51407795138314e-07,-0.116,"0.791,0.752,0.806","0.863,0.944,0.89",117632470,117632644,117630692,117630835,117633752,117633890,NA,NA,NA,NA,NA,NA,NA,NA,NA,NA,NA,NA
"KO_vs_Neg","SE","Skipped Exon","Gm11734","ENSMUSG00000085419","chr11","+",1.35264365319122e-05,-0.139,"0.8,0.8,0.844","1.0,0.938,0.924",117419791,117419929,117414780,117414874,117422465,117422659,NA,NA,NA,NA,NA,NA,NA,NA,NA,NA,NA,NA
"KO_vs_Neg","SE","Skipped Exon","Gm11734","ENSMUSG00000085419","chr11","+",7.63239530583386e-05,-0.194,"0.722,0.824,0.871","1.0,1.0,1.0",117419791,117419929,117414780,117414874,117422909,117423031,NA,NA,NA,NA,NA,NA,NA,NA,NA,NA,NA,NA
"KO_vs_Neg","SE","Skipped Exon","Gga3","ENSMUSG00000020740","chr11","-",0.00127355635706159,0.152,"1.0,1.0,1.0","1.0,0.878,0.667",115485734,115485819,115483257,115483356,115494653,115494702,NA,NA,NA,NA,NA,NA,NA,NA,NA,NA,NA,NA
"KO_vs_Neg","SE","Skipped Exon","Slc39a11","ENSMUSG00000041654","chr11","-",0.0440035022021811,-0.16,"0.722,0.752,0.765","0.915,0.804,1.0",113452831,113452950,113414291,113414450,113540767,113540897,NA,NA,NA,NA,NA,NA,NA,NA,NA,NA,NA,NA
"KO_vs_Neg","SE","Skipped Exon","Mapt","ENSMUSG00000018411","chr11","+",1.66114857363821e-05,0.131,"0.552,0.58,0.601","0.431,0.467,0.442",104189323,104190082,104185684,104185750,104193186,104193236,NA,NA,NA,NA,NA,NA,NA,NA,NA,NA,NA,NA
"KO_vs_Neg","SE","Skipped Exon","Mapt","ENSMUSG00000018411","chr11","+",4.60263511970586e-05,0.127,"0.512,0.531,0.561","0.388,0.421,0.413",104189371,104190082,104185684,104185750,104193186,104193236,NA,NA,NA,NA,NA,NA,NA,NA,NA,NA,NA,NA
"KO_vs_Neg","SE","Skipped Exon","Hdac5","ENSMUSG00000008855","chr11","-",0.038035427071559,0.127,"0.315,0.288,0.309","0.173,0.074,0.284",102104750,102104862,102097732,102097992,102115559,102115781,NA,NA,NA,NA,NA,NA,NA,NA,NA,NA,NA,NA
"KO_vs_Neg","SE","Skipped Exon","Hdac5","ENSMUSG00000008855","chr11","-",0.0001288502032411,0.335,"1.0,1.0,1.0","1.0,0.61,0.385",102109970,102110107,102109241,102109313,102112593,102112677,NA,NA,NA,NA,NA,NA,NA,NA,NA,NA,NA,NA
"KO_vs_Neg","SE","Skipped Exon","Hdac5","ENSMUSG00000008855","chr11","-",2.50591242386703e-05,-0.151,"0.03,0.074,0.0","0.169,0.145,0.242",102112593,102112677,102097732,102097992,102115559,102115781,NA,NA,NA,NA,NA,NA,NA,NA,NA,NA,NA,NA
"KO_vs_Neg","SE","Skipped Exon","Hdac5","ENSMUSG00000008855","chr11","-",1.77089673033744e-05,-0.233,"0.03,0.133,0.0","0.172,0.341,0.348",102112593,102112677,102109970,102110107,102115559,102115781,NA,NA,NA,NA,NA,NA,NA,NA,NA,NA,NA,NA
"KO_vs_Neg","SE","Skipped Exon","Dhx58","ENSMUSG00000017830","chr11","-",0.0496216196666954,-0.119,"0.905,0.953,0.784","1.0,1.0,1.0",100594726,100594895,100594319,100594521,100594996,100595097,NA,NA,NA,NA,NA,NA,NA,NA,NA,NA,NA,NA
"KO_vs_Neg","SE","Skipped Exon","Med24","ENSMUSG00000017210","chr11","-",0,-0.347,"0.546,0.552,0.578","0.913,0.891,0.914",98608534,98608591,98607239,98607351,98608735,98608968,NA,NA,NA,NA,NA,NA,NA,NA,NA,NA,NA,NA
"KO_vs_Neg","SE","Skipped Exon","Srcin1","ENSMUSG00000038453","chr11","-",0.0314791935231021,0.432,"1.0,1.0,1.0","0.26,0.637,0.808",97457536,97457599,97442698,97442804,97465742,97466052,NA,NA,NA,NA,NA,NA,NA,NA,NA,NA,NA,NA
"KO_vs_Neg","SE","Skipped Exon","Arhgap23","ENSMUSG00000049807","chr11","+",0,-0.278,"0.233,0.181,0.214","0.51,0.464,0.487",97382469,97382492,97381959,97382056,97383876,97383908,NA,NA,NA,NA,NA,NA,NA,NA,NA,NA,NA,NA
"KO_vs_Neg","SE","Skipped Exon","Gpr179","ENSMUSG00000070337","chr11","-",4.03315691721525e-06,-0.596,"0.0,0.0,0.0","0.455,0.333,1.0",97234434,97234673,97233412,97233518,97236533,97236602,NA,NA,NA,NA,NA,NA,NA,NA,NA,NA,NA,NA
"KO_vs_Neg","SE","Skipped Exon","Gpr179","ENSMUSG00000070337","chr11","-",0.00175349598735875,0.22,"1.0,1.0,1.0","0.878,0.535,0.927",97234922,97235032,97234434,97234673,97236533,97236602,NA,NA,NA,NA,NA,NA,NA,NA,NA,NA,NA,NA
"KO_vs_Neg","SE","Skipped Exon","Ube2z","ENSMUSG00000014349","chr11","-",0.0159514922449151,-0.211,"0.788,0.741,0.837","1.0,1.0,1.0",95949141,95949253,95942559,95942650,95953820,95953893,NA,NA,NA,NA,NA,NA,NA,NA,NA,NA,NA,NA
"KO_vs_Neg","SE","Skipped Exon","Naprt","ENSMUSG00000022574","chr15","-",0.000997850459676796,0.293,"1.0,1.0,1.0","1.0,0.768,0.353",75763811,75763896,75763632,75763713,75764190,75764331,NA,NA,NA,NA,NA,NA,NA,NA,NA,NA,NA,NA
"KO_vs_Neg","SE","Skipped Exon","Rps6kb1","ENSMUSG00000020516","chr11","-",0.0111017238442171,0.421,"0.895,1.0,1.0","0.0,0.631,1.0",86408175,86408218,86407569,86407813,86408408,86408466,NA,NA,NA,NA,NA,NA,NA,NA,NA,NA,NA,NA
"KO_vs_Neg","SE","Skipped Exon","9630028I04Rik","ENSMUSG00000117916","chr17","-",0.0328864379240597,0.167,"0.167,0.467,0.2","0.333,0.0,0.0",27458358,27458522,27454042,27456111,27461292,27461615,NA,NA,NA,NA,NA,NA,NA,NA,NA,NA,NA,NA
"KO_vs_Neg","SE","Skipped Exon","Taf15","ENSMUSG00000020680","chr11","+",4.9530371039263e-07,0.256,"0.966,0.876,1.0","0.646,0.769,0.66",83372759,83372799,83363911,83364032,83388719,83388752,NA,NA,NA,NA,NA,NA,NA,NA,NA,NA,NA,NA
"KO_vs_Neg","SE","Skipped Exon","Taf15","ENSMUSG00000020680","chr11","+",5.75279673686192e-07,0.37,"0.917,0.869,1.0","0.453,0.684,0.539",83379750,83379871,83363917,83364032,83388719,83388752,NA,NA,NA,NA,NA,NA,NA,NA,NA,NA,NA,NA
"KO_vs_Neg","SE","Skipped Exon","C530043A13Rik","ENSMUSG00000100444","chr1","-",0.00197004811675459,-0.246,"0.593,0.742,0.705","0.778,1.0,1.0",73567883,73568093,73564998,73565107,73568831,73568949,NA,NA,NA,NA,NA,NA,NA,NA,NA,NA,NA,NA
"KO_vs_Neg","SE","Skipped Exon","Crocc","ENSMUSG00000040860","chr4","-",5.00991682668448e-08,-0.18,"0.854,0.719,0.852","1.0,0.966,1.0",140774082,140774166,140773946,140774008,140780260,140780402,NA,NA,NA,NA,NA,NA,NA,NA,NA,NA,NA,NA
"KO_vs_Neg","SE","Skipped Exon","Gm43154","ENSMUSG00000086804","chr6","+",0.00187503004050404,-0.196,"0.0,0.0,0.0","0.352,0.237,0.0",31656295,31656386,31648617,31648727,31696307,31696663,NA,NA,NA,NA,NA,NA,NA,NA,NA,NA,NA,NA
"KO_vs_Neg","SE","Skipped Exon","Gtf3c2","ENSMUSG00000106864","chr5","-",1.60459002407041e-12,0.184,"0.481,0.455,0.465","0.299,0.26,0.29",31330726,31330855,31330125,31330405,31331111,31331433,NA,NA,NA,NA,NA,NA,NA,NA,NA,NA,NA,NA
"KO_vs_Neg","SE","Skipped Exon","Pot1a","ENSMUSG00000029676","chr6","-",0.000344799105421032,0.209,"0.83,0.84,0.784","0.611,0.522,0.695",25798007,25798054,25794558,25794673,25805873,25805940,NA,NA,NA,NA,NA,NA,NA,NA,NA,NA,NA,NA
"KO_vs_Neg","SE","Skipped Exon","Sgce","ENSMUSG00000004631","chr6","-",0,-0.292,"0.559,0.567,0.526","0.835,0.864,0.83",4677162,4677197,4674353,4674632,4678066,4678110,NA,NA,NA,NA,NA,NA,NA,NA,NA,NA,NA,NA
"KO_vs_Neg","SE","Skipped Exon","Sgce","ENSMUSG00000004631","chr6","-",8.83249935178886e-11,-0.268,"0.222,0.206,0.222","0.434,0.566,0.455",4677162,4677233,4674417,4674632,4678066,4678110,NA,NA,NA,NA,NA,NA,NA,NA,NA,NA,NA,NA
"KO_vs_Neg","SE","Skipped Exon","Sgce","ENSMUSG00000004631","chr6","-",0.0151376192464331,0.229,"0.528,0.61,0.251","0.0,0.13,0.573",4711307,4711380,4694021,4694184,4746979,4747063,NA,NA,NA,NA,NA,NA,NA,NA,NA,NA,NA,NA
"KO_vs_Neg","SE","Skipped Exon","Gm1976","ENSMUSG00000066057","chr17","-",0.00647132557432378,-0.305,"1.0,0.542,0.542","1.0,1.0,1.0",95127763,95127824,95067370,95069005,95142119,95142214,NA,NA,NA,NA,NA,NA,NA,NA,NA,NA,NA,NA
"KO_vs_Neg","SE","Skipped Exon","Gm1976","ENSMUSG00000066057","chr17","-",0.0422597237987931,0.17,"0.716,0.7,0.63","0.548,0.519,0.468",95128042,95128169,95127763,95127824,95142119,95142228,NA,NA,NA,NA,NA,NA,NA,NA,NA,NA,NA,NA
"KO_vs_Neg","SE","Skipped Exon","BC028471","ENSMUSG00000107271","chr5","+",0.000126138286888587,0.144,"0.053,0.231,0.167","0.02,0.0,0.0",149295984,149299533,149292638,149292743,149300133,149300256,NA,NA,NA,NA,NA,NA,NA,NA,NA,NA,NA,NA
"KO_vs_Neg","SE","Skipped Exon","BC028471","ENSMUSG00000107271","chr5","+",0.000126138286888587,0.144,"0.053,0.231,0.167","0.02,0.0,0.0",149299292,149299533,149292512,149292743,149300133,149300256,NA,NA,NA,NA,NA,NA,NA,NA,NA,NA,NA,NA
"KO_vs_Neg","SE","Skipped Exon","BC028471","ENSMUSG00000107271","chr5","+",0.00627844991955191,0.132,"0.056,0.242,0.176","0.078,0.0,0.0",149299402,149299533,149292727,149292743,149300133,149300199,NA,NA,NA,NA,NA,NA,NA,NA,NA,NA,NA,NA
"KO_vs_Neg","SE","Skipped Exon","Smurf1","ENSMUSG00000038780","chr5","-",5.98223377224365e-05,-0.1,"0.084,0.102,0.111","0.183,0.241,0.174",144830889,144830967,144829970,144830117,144831283,144831368,NA,NA,NA,NA,NA,NA,NA,NA,NA,NA,NA,NA
"KO_vs_Neg","SE","Skipped Exon","Pus7","ENSMUSG00000057541","chr5","-",0,-0.351,"0.347,0.405,0.338","0.701,0.717,0.725",23968331,23968349,23967360,23967472,23973765,23973910,NA,NA,NA,NA,NA,NA,NA,NA,NA,NA,NA,NA
"KO_vs_Neg","SE","Skipped Exon","Elmo2","ENSMUSG00000017670","chr2","-",1.61135810250589e-10,-0.189,"0.619,0.703,0.609","0.83,0.794,0.875",165145585,165145621,165143860,165143911,165146819,165146898,NA,NA,NA,NA,NA,NA,NA,NA,NA,NA,NA,NA
"KO_vs_Neg","SE","Skipped Exon","Vill","ENSMUSG00000038775","chr9","+",0.000168574694222612,-0.258,"0.617,0.895,0.714","1.0,1.0,1.0",118898950,118899136,118896478,118897524,118899345,118899417,NA,NA,NA,NA,NA,NA,NA,NA,NA,NA,NA,NA
"KO_vs_Neg","SE","Skipped Exon","1600020E01Rik","ENSMUSG00000097048","chr6","+",0.00348884908581646,-0.422,"0.067,0.0,1.0","1.0,0.667,0.667",86527898,86528096,86524941,86525138,86540413,86540519,NA,NA,NA,NA,NA,NA,NA,NA,NA,NA,NA,NA
"KO_vs_Neg","SE","Skipped Exon","Zfp638","ENSMUSG00000030016","chr6","+",0.0442652179471102,-0.124,"0.549,0.546,0.66","0.743,0.726,0.659",83934490,83934574,83931692,83931743,83935165,83935234,NA,NA,NA,NA,NA,NA,NA,NA,NA,NA,NA,NA
"KO_vs_Neg","SE","Skipped Exon","Srrm3","ENSMUSG00000039860","chr5","+",2.51495810936769e-09,-0.164,"0.014,0.047,0.015","0.127,0.236,0.204",135895980,135896000,135885891,135886069,135897026,135897373,NA,NA,NA,NA,NA,NA,NA,NA,NA,NA,NA,NA
"KO_vs_Neg","SE","Skipped Exon","Tor1aip2","ENSMUSG00000050565","chr1","+",0.00250274512593111,-0.124,"0.817,0.805,0.736","0.85,0.949,0.931",155916820,155916880,155911471,155911666,155927039,155927369,NA,NA,NA,NA,NA,NA,NA,NA,NA,NA,NA,NA
"KO_vs_Neg","SE","Skipped Exon","Tor1aip2","ENSMUSG00000050565","chr1","+",2.39022384199976e-07,-0.169,"0.717,0.724,0.712","0.839,0.929,0.891",155916820,155916880,155911517,155911837,155927039,155927369,NA,NA,NA,NA,NA,NA,NA,NA,NA,NA,NA,NA
"KO_vs_Neg","SE","Skipped Exon","Tor1aip2","ENSMUSG00000050565","chr1","+",8.43643016324948e-05,-0.255,"0.671,0.69,0.552","0.925,0.825,0.928",155916820,155916880,155911517,155911837,155935156,155935333,NA,NA,NA,NA,NA,NA,NA,NA,NA,NA,NA,NA
"KO_vs_Neg","SE","Skipped Exon","Tor1aip2","ENSMUSG00000050565","chr1","+",0,-0.134,"0.136,0.141,0.144","0.3,0.273,0.251",155916820,155916880,155916662,155916748,155927039,155927369,NA,NA,NA,NA,NA,NA,NA,NA,NA,NA,NA,NA
"KO_vs_Neg","SE","Skipped Exon","Tor1aip2","ENSMUSG00000050565","chr1","+",1.40371374654856e-13,-0.29,"0.286,0.37,0.402","0.622,0.615,0.691",155916820,155916880,155916662,155916748,155935156,155935333,NA,NA,NA,NA,NA,NA,NA,NA,NA,NA,NA,NA
"KO_vs_Neg","SE","Skipped Exon","Erc1","ENSMUSG00000030172","chr6","-",6.54485707185856e-07,-0.166,"0.663,0.818,0.746","0.838,0.942,0.945",119595806,119595873,119571745,119571934,119597271,119597370,NA,NA,NA,NA,NA,NA,NA,NA,NA,NA,NA,NA
"KO_vs_Neg","SE","Skipped Exon","Erc1","ENSMUSG00000030172","chr6","-",4.57189503336278e-06,-0.162,"0.651,0.687,0.668","0.854,0.872,0.766",119711041,119711053,119699133,119699269,119720248,119720442,NA,NA,NA,NA,NA,NA,NA,NA,NA,NA,NA,NA
"KO_vs_Neg","SE","Skipped Exon","Gm26760","ENSMUSG00000097068","chr15","+",0.00499764106685802,0.156,"0.107,0.236,0.245","0.0,0.0,0.119",92258919,92259046,92242232,92242464,92263378,92264810,NA,NA,NA,NA,NA,NA,NA,NA,NA,NA,NA,NA
"KO_vs_Neg","SE","Skipped Exon","Gm26760","ENSMUSG00000097068","chr15","+",0.0087441217375253,0.106,"0.093,0.119,0.213","0.015,0.0,0.093",92258919,92259046,92242232,92242464,92264059,92264810,NA,NA,NA,NA,NA,NA,NA,NA,NA,NA,NA,NA
"KO_vs_Neg","SE","Skipped Exon","Gm26760","ENSMUSG00000097068","chr15","+",0.000106433141106239,0.141,"0.057,0.225,0.16","0.0,0.0,0.019",92258919,92259046,92242232,92242464,92265055,92265175,NA,NA,NA,NA,NA,NA,NA,NA,NA,NA,NA,NA
"KO_vs_Neg","SE","Skipped Exon","Gm26760","ENSMUSG00000097068","chr15","+",0.00375560725165149,0.501,"0.347,0.68,0.761","0.0,0.0,0.285",92258919,92259050,92242247,92242464,92261664,92261733,NA,NA,NA,NA,NA,NA,NA,NA,NA,NA,NA,NA
"KO_vs_Neg","SE","Skipped Exon","Gm26760","ENSMUSG00000097068","chr15","+",0.00506028817479924,0.155,"0.106,0.233,0.242","0.0,0.0,0.117",92258919,92259050,92242247,92242464,92263378,92264810,NA,NA,NA,NA,NA,NA,NA,NA,NA,NA,NA,NA
"KO_vs_Neg","SE","Skipped Exon","Gm26760","ENSMUSG00000097068","chr15","+",0.00864537769029039,0.112,"0.056,0.101,0.225","0.0,0.0,0.046",92258919,92259050,92242247,92242464,92263840,92264810,NA,NA,NA,NA,NA,NA,NA,NA,NA,NA,NA,NA
"KO_vs_Neg","SE","Skipped Exon","Ccdc62","ENSMUSG00000061882","chr5","+",0.00591664625401637,0.181,"1.0,1.0,1.0","1.0,0.747,0.709",124089814,124089930,124089261,124089350,124092119,124092842,NA,NA,NA,NA,NA,NA,NA,NA,NA,NA,NA,NA
"KO_vs_Neg","SE","Skipped Exon","Rsrc2","ENSMUSG00000029422","chr5","-",9.38189993439616e-05,0.123,"0.33,0.329,0.329","0.2,0.223,0.196",123884834,123884933,123883559,123883652,123887351,123887430,NA,NA,NA,NA,NA,NA,NA,NA,NA,NA,NA,NA
"KO_vs_Neg","SE","Skipped Exon","Platr20","ENSMUSG00000086646","chr11","-",0.0188409385117962,-0.138,"0.698,0.86,0.86","1.0,1.0,0.833",51104871,51105084,51083210,51083352,51110284,51110380,NA,NA,NA,NA,NA,NA,NA,NA,NA,NA,NA,NA
"KO_vs_Neg","SE","Skipped Exon","Platr20","ENSMUSG00000086646","chr11","-",0.0494099991633774,-0.117,"0.166,0.199,0.213","0.288,0.223,0.418",51104871,51105084,51089402,51089543,51110284,51110380,NA,NA,NA,NA,NA,NA,NA,NA,NA,NA,NA,NA
"KO_vs_Neg","SE","Skipped Exon","Ica1","ENSMUSG00000062995","chr6","-",0.000283621149141596,0.223,"1.0,1.0,0.882","0.559,0.8,0.854",8754588,8754751,8742254,8742378,8778071,8778154,NA,NA,NA,NA,NA,NA,NA,NA,NA,NA,NA,NA
"KO_vs_Neg","SE","Skipped Exon","Ica1","ENSMUSG00000062995","chr6","-",0.00603569303523626,-0.176,"0.112,0.017,0.053","0.168,0.067,0.475",8775783,8775930,8758365,8758458,8778372,8778439,NA,NA,NA,NA,NA,NA,NA,NA,NA,NA,NA,NA
"KO_vs_Neg","SE","Skipped Exon","Thoc2l","ENSMUSG00000097392","chr5","+",0.00171845752914342,-0.245,"1.0,0.7,0.565","1.0,1.0,1.0",104673683,104673838,104672124,104672291,104686691,104686839,NA,NA,NA,NA,NA,NA,NA,NA,NA,NA,NA,NA
"KO_vs_Neg","SE","Skipped Exon","Lyar","ENSMUSG00000067367","chr5","+",0,0.212,"0.954,0.97,0.954","0.78,0.673,0.789",38380477,38380571,38377863,38377979,38382061,38382141,NA,NA,NA,NA,NA,NA,NA,NA,NA,NA,NA,NA
"KO_vs_Neg","SE","Skipped Exon","Lyar","ENSMUSG00000067367","chr5","+",0,0.213,"0.954,0.97,0.954","0.783,0.669,0.788",38380477,38380575,38377825,38377979,38382061,38382141,NA,NA,NA,NA,NA,NA,NA,NA,NA,NA,NA,NA
"KO_vs_Neg","SE","Skipped Exon","Pitpnm2","ENSMUSG00000029406","chr5","-",0.00123135145841616,-0.245,"0.563,0.455,0.406","0.747,0.772,0.639",124264417,124264567,124263361,124263526,124265239,124265410,NA,NA,NA,NA,NA,NA,NA,NA,NA,NA,NA,NA
"KO_vs_Neg","SE","Skipped Exon","Cep164","ENSMUSG00000043987","chr9","-",0.0105684842985388,-0.11,"0.855,0.787,0.952","0.925,1.0,1.0",45696180,45696327,45693249,45693546,45697075,45697219,NA,NA,NA,NA,NA,NA,NA,NA,NA,NA,NA,NA
"KO_vs_Neg","SE","Skipped Exon","1500004A13Rik","ENSMUSG00000098912","chr3","-",0.000300738158121636,0.181,"0.456,0.365,0.278","0.222,0.117,0.216",88717944,88718309,88712595,88715579,88718520,88718676,NA,NA,NA,NA,NA,NA,NA,NA,NA,NA,NA,NA
"KO_vs_Neg","SE","Skipped Exon","1500004A13Rik","ENSMUSG00000098912","chr3","-",0.0192451826773003,0.166,"1.0,0.947,0.826","0.818,0.604,0.853",88732438,88732721,88707923,88708499,88739570,88739684,NA,NA,NA,NA,NA,NA,NA,NA,NA,NA,NA,NA
"KO_vs_Neg","SE","Skipped Exon","Rapgef1","ENSMUSG00000039844","chr2","+",0.00874140458897656,0.193,"0.691,0.798,0.6","0.477,0.531,0.502",29600164,29600320,29597209,29597412,29609604,29609862,NA,NA,NA,NA,NA,NA,NA,NA,NA,NA,NA,NA
"KO_vs_Neg","SE","Skipped Exon","Rapgef1","ENSMUSG00000039844","chr2","+",0.0189208192658945,0.212,"0.761,0.832,0.542","0.507,0.533,0.46",29600167,29600320,29597209,29597412,29609604,29609862,NA,NA,NA,NA,NA,NA,NA,NA,NA,NA,NA,NA
"KO_vs_Neg","SE","Skipped Exon","Rapgef1","ENSMUSG00000039844","chr2","+",2.66565074512407e-07,-0.141,"0.173,0.168,0.163","0.341,0.309,0.276",29609604,29609862,29597209,29597412,29612235,29612321,NA,NA,NA,NA,NA,NA,NA,NA,NA,NA,NA,NA
"KO_vs_Neg","SE","Skipped Exon","Rapgef1","ENSMUSG00000039844","chr2","+",8.57874064510816e-05,-0.163,"0.686,0.9,0.878","1.0,1.0,0.952",29609604,29609862,29600164,29600320,29610654,29610750,NA,NA,NA,NA,NA,NA,NA,NA,NA,NA,NA,NA
"KO_vs_Neg","SE","Skipped Exon","Hivep2","ENSMUSG00000015501","chr10","+",0.0038180772870409,0.204,"0.908,0.94,0.789","0.677,0.689,0.659",13879944,13880019,13841818,13841964,13942326,13942428,NA,NA,NA,NA,NA,NA,NA,NA,NA,NA,NA,NA
"KO_vs_Neg","SE","Skipped Exon","Hivep2","ENSMUSG00000015501","chr10","+",0.00370101724274815,0.276,"0.638,0.873,0.709","0.523,0.338,0.532",13879944,13880019,13842389,13842441,13942326,13942428,NA,NA,NA,NA,NA,NA,NA,NA,NA,NA,NA,NA
"KO_vs_Neg","SE","Skipped Exon","Zfp326","ENSMUSG00000029290","chr5","+",3.32245806968067e-06,0.145,"0.675,0.621,0.652","0.55,0.476,0.488",106036299,106036705,106034052,106034142,106038983,106039182,NA,NA,NA,NA,NA,NA,NA,NA,NA,NA,NA,NA
"KO_vs_Neg","SE","Skipped Exon","Zfp326","ENSMUSG00000029290","chr5","+",7.00926915723582e-06,0.141,"0.673,0.609,0.649","0.546,0.476,0.487",106036566,106036705,106034052,106034142,106038983,106039182,NA,NA,NA,NA,NA,NA,NA,NA,NA,NA,NA,NA
"KO_vs_Neg","SE","Skipped Exon","Ube2d-ps","ENSMUSG00000121496","chr11","+",0.00162066337874384,0.214,"1.0,1.0,1.0","0.879,0.96,0.52",5732184,5732357,5730205,5730653,5733891,5734709,NA,NA,NA,NA,NA,NA,NA,NA,NA,NA,NA,NA
"KO_vs_Neg","SE","Skipped Exon","Vps13c","ENSMUSG00000035284","chr9","+",3.02849249183697e-05,-0.187,"0.206,0.227,0.274","0.418,0.384,0.465",67773461,67773524,67768065,67768167,67778457,67778567,NA,NA,NA,NA,NA,NA,NA,NA,NA,NA,NA,NA
"KO_vs_Neg","SE","Skipped Exon","Vps13c","ENSMUSG00000035284","chr9","+",1.46983069837771e-11,-0.303,"0.204,0.149,0.146","0.388,0.551,0.469",67778134,67778200,67768065,67768167,67778457,67778567,NA,NA,NA,NA,NA,NA,NA,NA,NA,NA,NA,NA
"KO_vs_Neg","SE","Skipped Exon","Dnajc1","ENSMUSG00000026740","chr2","-",0.00708830234178277,-0.345,"0.237,0.11,1.0","1.0,1.0,0.383",18298764,18298855,18236514,18236634,18321709,18321811,NA,NA,NA,NA,NA,NA,NA,NA,NA,NA,NA,NA
"KO_vs_Neg","SE","Skipped Exon","Rtn4","ENSMUSG00000020458","chr11","+",1.87108661897796e-12,0.2,"0.78,0.751,0.761","0.509,0.609,0.574",29656409,29658770,29655534,29655591,29683632,29683840,NA,NA,NA,NA,NA,NA,NA,NA,NA,NA,NA,NA
"KO_vs_Neg","SE","Skipped Exon","Mical3","ENSMUSG00000051586","chr6","-",0.000341199635398377,-0.124,"0.117,0.07,0.124","0.152,0.244,0.288",120996656,120996740,120985955,120986142,120998143,120998314,NA,NA,NA,NA,NA,NA,NA,NA,NA,NA,NA,NA
"KO_vs_Neg","SE","Skipped Exon","Fryl","ENSMUSG00000070733","chr5","-",1.05069021476454e-11,-0.115,"0.883,0.845,0.891","0.964,1.0,1.0",73182113,73182131,73181230,73181341,73184658,73184727,NA,NA,NA,NA,NA,NA,NA,NA,NA,NA,NA,NA
"KO_vs_Neg","SE","Skipped Exon","Limk2","ENSMUSG00000020451","chr11","-",0.00158663234785856,0.148,"0.933,0.925,1.0","0.777,0.638,1.0",3311782,3311825,3311020,3311108,3342916,3343016,NA,NA,NA,NA,NA,NA,NA,NA,NA,NA,NA,NA
"KO_vs_Neg","SE","Skipped Exon","Pbrm1","ENSMUSG00000042323","chr14","+",0.000855044306322498,0.118,"0.737,0.696,0.751","0.587,0.589,0.655",30745023,30745136,30744676,30744816,30747454,30747607,NA,NA,NA,NA,NA,NA,NA,NA,NA,NA,NA,NA
"KO_vs_Neg","SE","Skipped Exon","Tbc1d1","ENSMUSG00000029174","chr5","+",1.4967631844089e-09,-0.122,"0.04,0.05,0.024","0.094,0.155,0.231",64441309,64441468,64439107,64439388,64443287,64443427,NA,NA,NA,NA,NA,NA,NA,NA,NA,NA,NA,NA
"KO_vs_Neg","SE","Skipped Exon","Plekha6","ENSMUSG00000041757","chr1","+",2.98059922521875e-08,-0.129,"0.776,0.938,0.845","0.963,1.0,0.982",133202530,133202617,133201595,133202112,133207110,133207191,NA,NA,NA,NA,NA,NA,NA,NA,NA,NA,NA,NA
"KO_vs_Neg","SE","Skipped Exon","Plekha6","ENSMUSG00000041757","chr1","+",1.52758202536711e-05,-0.19,"0.548,0.666,0.584","0.791,0.791,0.785",133202530,133202617,133201595,133202112,133209520,133209549,NA,NA,NA,NA,NA,NA,NA,NA,NA,NA,NA,NA
"KO_vs_Neg","SE","Skipped Exon","Plekha6","ENSMUSG00000041757","chr1","+",8.53021303421917e-07,-0.449,"0.359,0.656,0.407","0.854,1.0,0.914",133203549,133203603,133201595,133202112,133207110,133207191,NA,NA,NA,NA,NA,NA,NA,NA,NA,NA,NA,NA
"KO_vs_Neg","SE","Skipped Exon","Plekha6","ENSMUSG00000041757","chr1","+",0.0260234090979126,-0.106,"0.654,0.789,0.681","0.782,0.831,0.828",133208076,133208145,133201595,133202112,133209520,133209549,NA,NA,NA,NA,NA,NA,NA,NA,NA,NA,NA,NA
"KO_vs_Neg","SE","Skipped Exon","Plekha6","ENSMUSG00000041757","chr1","+",0,-0.23,"0.655,0.657,0.581","0.846,0.899,0.839",133213984,133214134,133212984,133213124,133215207,133215337,NA,NA,NA,NA,NA,NA,NA,NA,NA,NA,NA,NA
"KO_vs_Neg","SE","Skipped Exon","Slc35b3","ENSMUSG00000021432","chr13","-",0.000241440775013729,0.161,"1.0,1.0,1.0","0.843,0.81,0.864",39128475,39128630,39127034,39127142,39139624,39139912,NA,NA,NA,NA,NA,NA,NA,NA,NA,NA,NA,NA
"KO_vs_Neg","SE","Skipped Exon","Spata1","ENSMUSG00000028188","chr3","-",0.00137616039374272,0.195,"0.197,0.042,0.345","0.0,0.0,0.0",146188247,146188300,146187521,146187615,146193266,146193320,NA,NA,NA,NA,NA,NA,NA,NA,NA,NA,NA,NA
"KO_vs_Neg","SE","Skipped Exon","Afap1","ENSMUSG00000029094","chr5","+",0.00384839339262253,-0.109,"0.078,0.085,0.154","0.172,0.234,0.237",36144398,36144665,36141531,36141650,36146897,36147012,NA,NA,NA,NA,NA,NA,NA,NA,NA,NA,NA,NA
"KO_vs_Neg","SE","Skipped Exon","Ablim2","ENSMUSG00000029095","chr5","+",0.00616054636681722,0.127,"1.0,0.962,0.931","0.79,0.758,0.965",36024048,36024110,36015169,36015308,36030513,36030568,NA,NA,NA,NA,NA,NA,NA,NA,NA,NA,NA,NA
"KO_vs_Neg","SE","Skipped Exon","Tenm4","ENSMUSG00000048078","chr7","+",0.000518567792849099,-0.175,"0.783,0.728,0.667","0.891,0.841,0.972",96378555,96378732,96353132,96353368,96384891,96385106,NA,NA,NA,NA,NA,NA,NA,NA,NA,NA,NA,NA
"KO_vs_Neg","SE","Skipped Exon","Tenm4","ENSMUSG00000048078","chr7","+",9.18234818925705e-05,-0.109,"0.02,0.1,0.05","0.196,0.18,0.12",96503923,96503944,96501539,96501789,96512656,96512889,NA,NA,NA,NA,NA,NA,NA,NA,NA,NA,NA,NA
"KO_vs_Neg","SE","Skipped Exon","Maea","ENSMUSG00000079562","chr5","+",0.000709558283592265,0.264,"0.464,0.224,0.104","0.0,0.0,0.0",33525981,33526090,33519914,33520161,33529610,33530640,NA,NA,NA,NA,NA,NA,NA,NA,NA,NA,NA,NA
"KO_vs_Neg","SE","Skipped Exon","Depdc5","ENSMUSG00000037426","chr5","+",4.30104376865558e-05,-0.11,"0.188,0.151,0.171","0.262,0.279,0.3",33021353,33021656,33021056,33021087,33021920,33022043,NA,NA,NA,NA,NA,NA,NA,NA,NA,NA,NA,NA
"KO_vs_Neg","SE","Skipped Exon","Depdc5","ENSMUSG00000037426","chr5","+",0.00865489905289083,-0.114,"0.21,0.183,0.196","0.289,0.249,0.394",33021353,33021656,33021064,33021165,33021920,33022043,NA,NA,NA,NA,NA,NA,NA,NA,NA,NA,NA,NA
"KO_vs_Neg","SE","Skipped Exon","Depdc5","ENSMUSG00000037426","chr5","+",7.00926915723582e-06,-0.127,"0.186,0.2,0.191","0.294,0.305,0.359",33021501,33021656,33021056,33021087,33021920,33022043,NA,NA,NA,NA,NA,NA,NA,NA,NA,NA,NA,NA
"KO_vs_Neg","SE","Skipped Exon","Depdc5","ENSMUSG00000037426","chr5","+",0.00790283042214072,-0.109,"0.196,0.237,0.188","0.277,0.282,0.389",33021501,33021656,33021115,33021165,33021920,33022043,NA,NA,NA,NA,NA,NA,NA,NA,NA,NA,NA,NA
"KO_vs_Neg","SE","Skipped Exon","Pik3cd","ENSMUSG00000039936","chr4","-",0.00327862065376816,0.478,"0.524,1.0,0.5","0.152,0.148,0.29",149781505,149781680,149758532,149758651,149785959,149786047,NA,NA,NA,NA,NA,NA,NA,NA,NA,NA,NA,NA
"KO_vs_Neg","SE","Skipped Exon","Lmbr1","ENSMUSG00000010721","chr5","-",4.17453369978869e-08,0.332,"0.878,0.855,1.0","0.595,0.565,0.577",29528799,29528822,29497820,29497947,29551764,29551904,NA,NA,NA,NA,NA,NA,NA,NA,NA,NA,NA,NA
"KO_vs_Neg","SE","Skipped Exon","Lrif1","ENSMUSG00000056260","chr3","+",0.015743015999461,0.148,"0.469,0.361,0.47","0.216,0.296,0.345",106638978,106639930,106629241,106629422,106641673,106641955,NA,NA,NA,NA,NA,NA,NA,NA,NA,NA,NA,NA
"KO_vs_Neg","SE","Skipped Exon","Lrif1","ENSMUSG00000056260","chr3","+",0.000204389595463741,0.2,"0.573,0.481,0.6","0.285,0.363,0.406",106638978,106640458,106629208,106629422,106641673,106641955,NA,NA,NA,NA,NA,NA,NA,NA,NA,NA,NA,NA
"KO_vs_Neg","SE","Skipped Exon","Srpk2","ENSMUSG00000062604","chr5","-",0.00533789501594605,0.234,"1.0,0.808,1.0","0.78,0.495,0.83",23834329,23834475,23753452,23753561,23880717,23880772,NA,NA,NA,NA,NA,NA,NA,NA,NA,NA,NA,NA
"KO_vs_Neg","SE","Skipped Exon","Adam32","ENSMUSG00000037437","chr8","-",0.0305501774684434,-0.612,"0.163,1.0,0.0","1.0,1.0,1.0",25354362,25354468,25353404,25353561,25360701,25360785,NA,NA,NA,NA,NA,NA,NA,NA,NA,NA,NA,NA
"KO_vs_Neg","SE","Skipped Exon","Rsbn1l","ENSMUSG00000039968","chr5","-",0.000533281410127211,0.119,"0.865,0.898,0.865","0.812,0.742,0.718",21124522,21125160,21113104,21113242,21132617,21132728,NA,NA,NA,NA,NA,NA,NA,NA,NA,NA,NA,NA
"KO_vs_Neg","SE","Skipped Exon","Dscc1","ENSMUSG00000022422","chr15","-",0.0316400245352217,-0.125,"0.262,0.209,0.206","0.328,0.287,0.438",54946800,54946989,54946441,54946494,54947444,54947583,NA,NA,NA,NA,NA,NA,NA,NA,NA,NA,NA,NA
"KO_vs_Neg","SE","Skipped Exon","Gm10419","ENSMUSG00000072769","chr5","+",0.0046714278811463,-0.362,"0.326,0.224,0.057","0.647,0.435,0.612",108517419,108517544,108517221,108517351,108520081,108520676,NA,NA,NA,NA,NA,NA,NA,NA,NA,NA,NA,NA
"KO_vs_Neg","SE","Skipped Exon","Gm10419","ENSMUSG00000072769","chr5","+",0.00808838879503285,-0.334,"0.303,0.187,0.058","0.653,0.411,0.487",108517426,108517544,108517221,108517351,108520081,108520274,NA,NA,NA,NA,NA,NA,NA,NA,NA,NA,NA,NA
"KO_vs_Neg","SE","Skipped Exon","Polb","ENSMUSG00000031536","chr8","-",1.60960793409055e-05,-0.138,"0.0,0.0,0.0","0.193,0.033,0.188",23137428,23137487,23132320,23132372,23140504,23140571,NA,NA,NA,NA,NA,NA,NA,NA,NA,NA,NA,NA
"KO_vs_Neg","SE","Skipped Exon","Gsap","ENSMUSG00000039934","chr5","+",0.0199026235890624,0.539,"0.921,0.771,0.631","0.0,0.289,0.416",21486505,21486600,21483042,21483138,21492674,21492794,NA,NA,NA,NA,NA,NA,NA,NA,NA,NA,NA,NA
"KO_vs_Neg","SE","Skipped Exon","Ryr2","ENSMUSG00000021313","chr13","-",0.0162477581546589,-0.165,"0.708,0.443,1.0","1.0,1.0,0.645",11905719,11905734,11900349,11900424,11933196,11933301,NA,NA,NA,NA,NA,NA,NA,NA,NA,NA,NA,NA
"KO_vs_Neg","SE","Skipped Exon","Park7","ENSMUSG00000028964","chr4","-",6.38016828831e-05,-0.372,"0.576,0.449,0.86","1.0,1.0,1.0",150988271,150988341,150981589,150981928,150991496,150991598,NA,NA,NA,NA,NA,NA,NA,NA,NA,NA,NA,NA
"KO_vs_Neg","SE","Skipped Exon","Apbb3","ENSMUSG00000117679","chr18","-",0.0126562236289616,-0.132,"0.664,0.655,0.687","0.765,0.874,0.763",36811446,36811523,36810497,36810558,36812049,36812124,NA,NA,NA,NA,NA,NA,NA,NA,NA,NA,NA,NA
"KO_vs_Neg","SE","Skipped Exon","Apbb3","ENSMUSG00000117679","chr18","-",0.00257673376816415,-0.107,"0.776,0.728,0.79","0.824,0.916,0.874",36811602,36811766,36810497,36810558,36812049,36812124,NA,NA,NA,NA,NA,NA,NA,NA,NA,NA,NA,NA
"KO_vs_Neg","SE","Skipped Exon","Fbxo44","ENSMUSG00000029001","chr4","-",0.00966097315380734,0.103,"0.35,0.195,0.24","0.166,0.141,0.17",148238614,148238698,148237259,148238101,148240602,148240738,NA,NA,NA,NA,NA,NA,NA,NA,NA,NA,NA,NA
"KO_vs_Neg","SE","Skipped Exon","Mthfs","ENSMUSG00000066442","chr9","+",2.04945755300068e-05,-0.667,"0.2,0.0,0.0","0.2,1.0,1.0",89108223,89108440,89093452,89093534,89121894,89122034,NA,NA,NA,NA,NA,NA,NA,NA,NA,NA,NA,NA
"KO_vs_Neg","SE","Skipped Exon","P4ha3","ENSMUSG00000051048","chr7","+",0.00458953187722033,-0.106,"0.875,1.0,0.808","1.0,1.0,1.0",99949843,99949895,99947104,99947254,99954706,99954870,NA,NA,NA,NA,NA,NA,NA,NA,NA,NA,NA,NA
"KO_vs_Neg","SE","Skipped Exon","Sh2d5","ENSMUSG00000045349","chr4","+",0.00019795709091357,-0.362,"0.149,0.265,0.196","0.49,0.72,0.487",137980922,137981000,137977733,137977819,137981583,137981664,NA,NA,NA,NA,NA,NA,NA,NA,NA,NA,NA,NA
"KO_vs_Neg","SE","Skipped Exon","Sh2d5","ENSMUSG00000045349","chr4","+",6.8931607979589e-06,-0.229,"0.751,0.685,0.549","0.883,0.92,0.868",137981141,137981269,137977713,137977819,137981583,137981664,NA,NA,NA,NA,NA,NA,NA,NA,NA,NA,NA,NA
"KO_vs_Neg","SE","Skipped Exon","Sh2d5","ENSMUSG00000045349","chr4","+",0.00146775491829238,0.667,"1.0,1.0,1.0","1.0,0.0,0.0",137981583,137981664,137977713,137977819,137985479,137985639,NA,NA,NA,NA,NA,NA,NA,NA,NA,NA,NA,NA
"KO_vs_Neg","SE","Skipped Exon","Obscn","ENSMUSG00000061462","chr11","-",0.00522566724723511,0.19,"1.0,1.0,1.0","0.739,0.692,1.0",58953472,58953736,58952856,58953120,58955012,58955276,NA,NA,NA,NA,NA,NA,NA,NA,NA,NA,NA,NA
"KO_vs_Neg","SE","Skipped Exon","Rpl11","ENSMUSG00000059291","chr4","-",5.17043709598817e-06,-0.235,"0.572,0.675,0.667","0.868,0.846,0.905",135775122,135775164,135755936,135756016,135778481,135778613,NA,NA,NA,NA,NA,NA,NA,NA,NA,NA,NA,NA
"KO_vs_Neg","SE","Skipped Exon","Esco1","ENSMUSG00000024293","chr18","-",0.0049996763249907,0.101,"0.954,0.903,0.974","0.81,0.799,0.918",10595675,10595875,10588438,10588550,10596338,10596441,NA,NA,NA,NA,NA,NA,NA,NA,NA,NA,NA,NA
"KO_vs_Neg","SE","Skipped Exon","Trmt11","ENSMUSG00000019792","chr10","-",0.00276257556431651,0.138,"0.311,0.272,0.371","0.192,0.124,0.223",30443756,30443867,30442421,30442502,30463434,30463591,NA,NA,NA,NA,NA,NA,NA,NA,NA,NA,NA,NA
"KO_vs_Neg","SE","Skipped Exon","Eya3","ENSMUSG00000028886","chr4","+",0,-0.219,"0.055,0.03,0.018","0.183,0.346,0.232",132384888,132384927,132384003,132384099,132389205,132389249,NA,NA,NA,NA,NA,NA,NA,NA,NA,NA,NA,NA
"KO_vs_Neg","SE","Skipped Exon","Rgs7","ENSMUSG00000026527","chr1","-",0.00392559160002128,-0.113,"0.219,0.201,0.274","0.299,0.355,0.38",174894182,174894260,174886652,174887360,174905754,174905844,NA,NA,NA,NA,NA,NA,NA,NA,NA,NA,NA,NA
"KO_vs_Neg","SE","Skipped Exon","Rnf182","ENSMUSG00000044164","chr13","+",0.0119619363182498,-0.115,"0.127,0.209,0.223","0.3,0.271,0.333",43819233,43819298,43769458,43769543,43821235,43821542,NA,NA,NA,NA,NA,NA,NA,NA,NA,NA,NA,NA
"KO_vs_Neg","SE","Skipped Exon","Aasdh","ENSMUSG00000055923","chr5","-",0.0128018800917273,0.105,"0.86,0.964,0.934","0.81,0.749,0.884",77052104,77052227,77049941,77050032,77052805,77052859,NA,NA,NA,NA,NA,NA,NA,NA,NA,NA,NA,NA
"KO_vs_Neg","SE","Skipped Exon","Aasdh","ENSMUSG00000055923","chr5","-",0.0173957918029654,-0.295,"0.295,0.101,0.169","0.595,0.495,0.361",77052805,77052859,77049764,77050032,77053269,77053334,NA,NA,NA,NA,NA,NA,NA,NA,NA,NA,NA,NA
"KO_vs_Neg","SE","Skipped Exon","Mocs2","ENSMUSG00000015536","chr13","+",4.84610702150202e-07,-0.412,"0.372,0.535,0.742","0.956,1.0,0.928",114961746,114961770,114957337,114957482,114962693,114962784,NA,NA,NA,NA,NA,NA,NA,NA,NA,NA,NA,NA
"KO_vs_Neg","SE","Skipped Exon","Tmem234","ENSMUSG00000028797","chr4","+",1.14373599348881e-12,0.104,"0.219,0.218,0.233","0.13,0.12,0.107",129495199,129495326,129494775,129495036,129495987,129496054,NA,NA,NA,NA,NA,NA,NA,NA,NA,NA,NA,NA
"KO_vs_Neg","SE","Skipped Exon","Tmem234","ENSMUSG00000028797","chr4","+",0.000133696540267193,0.181,"0.517,0.447,0.565","0.39,0.28,0.316",129495199,129495418,129494775,129494927,129500879,129500972,NA,NA,NA,NA,NA,NA,NA,NA,NA,NA,NA,NA
"KO_vs_Neg","SE","Skipped Exon","Tmem234","ENSMUSG00000028797","chr4","+",2.75420334687156e-11,0.112,"0.259,0.237,0.293","0.166,0.145,0.143",129495199,129495418,129494775,129495036,129495987,129496054,NA,NA,NA,NA,NA,NA,NA,NA,NA,NA,NA,NA
"KO_vs_Neg","SE","Skipped Exon","Tmem234","ENSMUSG00000028797","chr4","+",0.021606756330039,-0.102,"0.06,0.087,0.154","0.269,0.186,0.153",129495662,129495754,129495199,129495326,129495987,129496054,NA,NA,NA,NA,NA,NA,NA,NA,NA,NA,NA,NA
"KO_vs_Neg","SE","Skipped Exon","Azin2","ENSMUSG00000028789","chr4","-",0.0459528744573249,-0.104,"0.591,0.601,0.63","0.642,0.798,0.693",128853576,128853750,128844392,128844565,128855155,128855352,NA,NA,NA,NA,NA,NA,NA,NA,NA,NA,NA,NA
"KO_vs_Neg","SE","Skipped Exon","Cdiptos","ENSMUSG00000097075","chr7","-",0.00100357767229579,0.402,"0.611,0.605,0.306","0.0,0.153,0.164",126573780,126573884,126573624,126573682,126574111,126574256,NA,NA,NA,NA,NA,NA,NA,NA,NA,NA,NA,NA
"KO_vs_Neg","SE","Skipped Exon","Cdiptos","ENSMUSG00000097075","chr7","-",0.0158065823953166,0.221,"0.0,0.494,0.169","0.0,0.0,0.0",126573850,126573884,126573624,126573682,126574111,126574256,NA,NA,NA,NA,NA,NA,NA,NA,NA,NA,NA,NA
"KO_vs_Neg","SE","Skipped Exon","Ago4","ENSMUSG00000042500","chr4","-",0.00117246072602622,0.137,"1.0,1.0,1.0","0.905,0.684,1.0",126405192,126405326,126403743,126403928,126405518,126405647,NA,NA,NA,NA,NA,NA,NA,NA,NA,NA,NA,NA
"KO_vs_Neg","SE","Skipped Exon","Sorbs1","ENSMUSG00000025006","chr19","-",0.0457984887276645,-0.144,"0.494,0.657,0.613","0.765,0.678,0.753",40288686,40288746,40287906,40287965,40300112,40300192,NA,NA,NA,NA,NA,NA,NA,NA,NA,NA,NA,NA
"KO_vs_Neg","SE","Skipped Exon","Sorbs1","ENSMUSG00000025006","chr19","-",0.0493769348369234,0.106,"0.965,0.927,0.921","0.903,0.769,0.822",40328488,40328590,40325429,40325479,40329128,40329194,NA,NA,NA,NA,NA,NA,NA,NA,NA,NA,NA,NA
"KO_vs_Neg","SE","Skipped Exon","Sorbs1","ENSMUSG00000025006","chr19","-",0.000132247887448488,-0.221,"0.762,0.735,0.581","0.944,0.851,0.945",40329128,40329194,40328488,40328590,40332799,40332883,NA,NA,NA,NA,NA,NA,NA,NA,NA,NA,NA,NA
"KO_vs_Neg","SE","Skipped Exon","Sorbs1","ENSMUSG00000025006","chr19","-",0.0167643971427748,0.127,"0.302,0.335,0.371","0.3,0.138,0.19",40332799,40332883,40325429,40325479,40338342,40338457,NA,NA,NA,NA,NA,NA,NA,NA,NA,NA,NA,NA
"KO_vs_Neg","SE","Skipped Exon","Sorbs1","ENSMUSG00000025006","chr19","-",2.29896562067309e-06,0.271,"0.873,0.971,1.0","0.832,0.601,0.599",40332799,40332883,40329128,40329194,40338342,40338457,NA,NA,NA,NA,NA,NA,NA,NA,NA,NA,NA,NA
"KO_vs_Neg","SE","Skipped Exon","Sorbs1","ENSMUSG00000025006","chr19","-",5.51438235355504e-05,-0.227,"0.17,0.282,0.233","0.424,0.377,0.565",40371199,40371226,40370964,40371077,40381831,40381960,NA,NA,NA,NA,NA,NA,NA,NA,NA,NA,NA,NA
"KO_vs_Neg","SE","Skipped Exon","Eno1","ENSMUSG00000063524","chr4","+",0.0182912267455796,-0.128,"0.656,0.912,0.9","0.851,1.0,1.0",150326223,150326282,150325501,150325597,150328461,150328531,NA,NA,NA,NA,NA,NA,NA,NA,NA,NA,NA,NA
"KO_vs_Neg","SE","Skipped Exon","Gm20707","ENSMUSG00000093594","chr4","-",0.000708714993099757,-0.18,"0.652,0.824,0.816","1.0,0.897,0.934",147880114,147880184,147866775,147868954,147891546,147891640,NA,NA,NA,NA,NA,NA,NA,NA,NA,NA,NA,NA
"KO_vs_Neg","SE","Skipped Exon","Rusc1","ENSMUSG00000041263","chr3","-",2.76795823335417e-05,0.185,"0.538,0.558,0.547","0.435,0.316,0.338",88997802,88998213,88996975,88997074,88998444,88999868,NA,NA,NA,NA,NA,NA,NA,NA,NA,NA,NA,NA
"KO_vs_Neg","SE","Skipped Exon","Tcf3","ENSMUSG00000020167","chr10","-",0.00114991675649913,0.128,"0.703,0.748,0.742","0.612,0.609,0.588",80246231,80246458,80245347,80246108,80248660,80248896,NA,NA,NA,NA,NA,NA,NA,NA,NA,NA,NA,NA
"KO_vs_Neg","SE","Skipped Exon","Zfp688","ENSMUSG00000045251","chr7","-",5.33671501157842e-05,0.108,"1.0,1.0,1.0","0.867,0.915,0.893",127019181,127019277,127018138,127018813,127020794,127021139,NA,NA,NA,NA,NA,NA,NA,NA,NA,NA,NA,NA
"KO_vs_Neg","SE","Skipped Exon","Mast2","ENSMUSG00000003810","chr4","-",0,-0.282,"0.531,0.517,0.498","0.855,0.766,0.772",116190609,116190630,116187587,116187666,116194618,116194694,NA,NA,NA,NA,NA,NA,NA,NA,NA,NA,NA,NA
"KO_vs_Neg","SE","Skipped Exon","Ahi1","ENSMUSG00000019986","chr10","+",0,-0.143,"0.042,0.032,0.072","0.134,0.253,0.187",20946186,20946442,20934051,20934149,20948441,20948500,NA,NA,NA,NA,NA,NA,NA,NA,NA,NA,NA,NA
"KO_vs_Neg","SE","Skipped Exon","Gen1","ENSMUSG00000051235","chr12","-",0.000836825367297889,-0.121,"0.818,0.845,0.73","0.882,0.927,0.948",11312407,11312594,11310882,11311069,11315587,11315767,NA,NA,NA,NA,NA,NA,NA,NA,NA,NA,NA,NA
"KO_vs_Neg","SE","Skipped Exon","Cobll1","ENSMUSG00000034903","chr2","-",0.000106240316353704,-0.105,"0.026,0.081,0.046","0.13,0.161,0.178",64962839,64962878,64956551,64956649,64963922,64964151,NA,NA,NA,NA,NA,NA,NA,NA,NA,NA,NA,NA
"KO_vs_Neg","SE","Skipped Exon","Rasa2","ENSMUSG00000032413","chr9","-",0.000113528398533264,0.171,"0.935,0.953,0.984","0.78,0.731,0.849",96448068,96448175,96442750,96442834,96451072,96451147,NA,NA,NA,NA,NA,NA,NA,NA,NA,NA,NA,NA
"KO_vs_Neg","SE","Skipped Exon","Rasa2","ENSMUSG00000032413","chr9","-",3.32810124806302e-05,0.12,"0.949,0.979,0.99","0.798,0.879,0.88",96450416,96450540,96442750,96442834,96451072,96451147,NA,NA,NA,NA,NA,NA,NA,NA,NA,NA,NA,NA
"KO_vs_Neg","SE","Skipped Exon","Eps15","ENSMUSG00000028552","chr4","+",0.00787787610661503,0.429,"1.0,1.0,0.694","0.377,0.694,0.335",109162873,109162921,109154383,109154425,109169500,109169566,NA,NA,NA,NA,NA,NA,NA,NA,NA,NA,NA,NA
"KO_vs_Neg","SE","Skipped Exon","Osbpl9","ENSMUSG00000028559","chr4","-",0.00970861060147666,-0.12,"0.191,0.137,0.16","0.231,0.264,0.353",108965077,108965146,108959693,108959789,108990940,108991017,NA,NA,NA,NA,NA,NA,NA,NA,NA,NA,NA,NA
"KO_vs_Neg","SE","Skipped Exon","Sgip1","ENSMUSG00000028524","chr4","+",8.74456397774759e-06,-0.567,"0.247,0.104,0.204","0.806,0.911,0.54",102757722,102757734,102727745,102727921,102766004,102766029,NA,NA,NA,NA,NA,NA,NA,NA,NA,NA,NA,NA
"KO_vs_Neg","SE","Skipped Exon","Sgip1","ENSMUSG00000028524","chr4","+",4.56587375021618e-07,-0.345,"0.67,0.504,0.486","0.969,0.982,0.744",102762761,102762773,102727745,102727921,102766004,102766029,NA,NA,NA,NA,NA,NA,NA,NA,NA,NA,NA,NA
"KO_vs_Neg","SE","Skipped Exon","Itgav","ENSMUSG00000027087","chr2","+",0.0121209018811626,-0.23,"0.393,0.786,0.694","1.0,1.0,0.564",83634248,83634329,83633583,83633680,83636976,83637260,NA,NA,NA,NA,NA,NA,NA,NA,NA,NA,NA,NA
"KO_vs_Neg","SE","Skipped Exon","Alg6","ENSMUSG00000073792","chr4","+",0.000532821240367723,-0.595,"0.0,0.656,0.56","1.0,1.0,1.0",99636922,99637007,99615099,99615184,99650107,99650548,NA,NA,NA,NA,NA,NA,NA,NA,NA,NA,NA,NA
"KO_vs_Neg","SE","Skipped Exon","Psme3ip1","ENSMUSG00000031774","chr8","-",0.00188208593475365,-0.628,"0.093,0.194,0.153","0.834,0.49,1.0",95323678,95323736,95315938,95316035,95328171,95328318,NA,NA,NA,NA,NA,NA,NA,NA,NA,NA,NA,NA
"KO_vs_Neg","SE","Skipped Exon","Cdc7","ENSMUSG00000029283","chr5","+",0.0188541408361966,0.182,"0.143,0.369,0.2","0.0,0.055,0.111",107124723,107124829,107124495,107124578,107127181,107127310,NA,NA,NA,NA,NA,NA,NA,NA,NA,NA,NA,NA
"KO_vs_Neg","SE","Skipped Exon","Dctn4","ENSMUSG00000024603","chr18","+",1.78902369267057e-08,-0.174,"0.522,0.503,0.452","0.69,0.613,0.696",60678428,60678449,60677110,60677218,60678819,60678893,NA,NA,NA,NA,NA,NA,NA,NA,NA,NA,NA,NA
"KO_vs_Neg","SE","Skipped Exon","Elavl2","ENSMUSG00000008489","chr4","-",0.00616208232393871,0.128,"1.0,0.916,0.982","0.92,0.806,0.787",91142377,91142416,91138999,91141807,91152228,91152382,NA,NA,NA,NA,NA,NA,NA,NA,NA,NA,NA,NA
"KO_vs_Neg","SE","Skipped Exon","Elavl2","ENSMUSG00000008489","chr4","-",2.15822838058167e-06,0.45,"1.0,1.0,1.0","0.713,0.363,0.574",91199809,91199900,91196847,91197088,91259766,91260193,NA,NA,NA,NA,NA,NA,NA,NA,NA,NA,NA,NA
"KO_vs_Neg","SE","Skipped Exon","Ppfibp2","ENSMUSG00000036528","chr7","+",0,-0.286,"0.269,0.277,0.277","0.598,0.527,0.557",107327922,107327955,107326850,107326992,107328345,107328472,NA,NA,NA,NA,NA,NA,NA,NA,NA,NA,NA,NA
"KO_vs_Neg","SE","Skipped Exon","Mafg","ENSMUSG00000051510","chr11","-",2.25587822609544e-08,-0.255,"0.159,0.156,0.171","0.318,0.415,0.518",120520811,120520842,120520643,120520707,120521313,120521462,NA,NA,NA,NA,NA,NA,NA,NA,NA,NA,NA,NA
"KO_vs_Neg","SE","Skipped Exon","Mafg","ENSMUSG00000051510","chr11","-",0.00953055318930474,-0.151,"0.142,0.189,0.188","0.361,0.272,0.339",120520811,120520842,120520643,120520707,120524187,120524426,NA,NA,NA,NA,NA,NA,NA,NA,NA,NA,NA,NA
"KO_vs_Neg","SE","Skipped Exon","Mroh7","ENSMUSG00000047502","chr4","-",1.68380682561845e-07,-0.775,"0.0,0.0,0.675","1.0,1.0,1.0",106552187,106552325,106551511,106551626,106556918,106557083,NA,NA,NA,NA,NA,NA,NA,NA,NA,NA,NA,NA
"KO_vs_Neg","SE","Skipped Exon","Ccdc171","ENSMUSG00000052407","chr4","+",0.0358224486115812,-0.205,"0.633,0.928,0.74","0.916,1.0,1.0",83539061,83539200,83522258,83522419,83553876,83553979,NA,NA,NA,NA,NA,NA,NA,NA,NA,NA,NA,NA
"KO_vs_Neg","SE","Skipped Exon","Neo1","ENSMUSG00000032340","chr9","-",0,-0.186,"0.482,0.544,0.511","0.668,0.723,0.704",58809365,58809398,58806447,58806516,58810196,58810391,NA,NA,NA,NA,NA,NA,NA,NA,NA,NA,NA,NA
"KO_vs_Neg","SE","Skipped Exon","Srgap3","ENSMUSG00000030257","chr6","-",4.87002728395862e-14,-0.16,"0.727,0.735,0.71","0.868,0.881,0.903",112704173,112704501,112694931,112700162,112706609,112706759,NA,NA,NA,NA,NA,NA,NA,NA,NA,NA,NA,NA
"KO_vs_Neg","SE","Skipped Exon","Srgap3","ENSMUSG00000030257","chr6","-",0.00185133552108516,0.197,"0.619,0.651,0.708","0.506,0.488,0.393",112731531,112731634,112727341,112727372,112736709,112736737,NA,NA,NA,NA,NA,NA,NA,NA,NA,NA,NA,NA
"KO_vs_Neg","SE","Skipped Exon","Evi5","ENSMUSG00000011831","chr5","-",0.00065875741349183,-0.254,"1.0,0.72,0.517","1.0,1.0,1.0",107969570,107969682,107967489,107967544,107989936,107990166,NA,NA,NA,NA,NA,NA,NA,NA,NA,NA,NA,NA
"KO_vs_Neg","SE","Skipped Exon","Evi5","ENSMUSG00000011831","chr5","-",0.0310972647530092,0.178,"0.565,0.564,0.655","0.387,0.338,0.524",108020466,108020521,107989936,107990166,108022854,108022910,NA,NA,NA,NA,NA,NA,NA,NA,NA,NA,NA,NA
"KO_vs_Neg","SE","Skipped Exon","Ctnnal1","ENSMUSG00000038816","chr4","-",3.9234367183163e-06,-0.504,"0.206,0.295,0.213","0.627,0.714,0.886",56838004,56838047,56837731,56837902,56838965,56839055,NA,NA,NA,NA,NA,NA,NA,NA,NA,NA,NA,NA
"KO_vs_Neg","SE","Skipped Exon","Slc38a10","ENSMUSG00000061306","chr11","-",0,-0.207,"0.753,0.705,0.722","0.936,0.936,0.928",119999292,119999316,119997259,119997436,120000257,120000362,NA,NA,NA,NA,NA,NA,NA,NA,NA,NA,NA,NA
"KO_vs_Neg","SE","Skipped Exon","Slc38a10","ENSMUSG00000061306","chr11","-",0,-0.335,"0.315,0.253,0.282","0.625,0.632,0.598",119999292,119999379,119997259,119997436,120000257,120000362,NA,NA,NA,NA,NA,NA,NA,NA,NA,NA,NA,NA
"KO_vs_Neg","SE","Skipped Exon","Pms2","ENSMUSG00000079109","chr5","+",0.0497341561784457,0.111,"0.864,0.858,0.919","0.837,0.722,0.75",143848805,143848878,143846874,143846897,143850219,143850278,NA,NA,NA,NA,NA,NA,NA,NA,NA,NA,NA,NA
"KO_vs_Neg","SE","Skipped Exon","Scml4","ENSMUSG00000044770","chr10","+",0.0268798808414335,-0.112,"0.803,0.849,0.801","0.843,1.0,0.946",42788012,42788227,42736365,42736849,42800049,42800179,NA,NA,NA,NA,NA,NA,NA,NA,NA,NA,NA,NA
"KO_vs_Neg","SE","Skipped Exon","Iqce","ENSMUSG00000036555","chr5","-",0.048417799797889,0.421,"1.0,1.0,1.0","0.561,1.0,0.176",140654776,140654860,140651034,140651248,140656221,140656322,NA,NA,NA,NA,NA,NA,NA,NA,NA,NA,NA,NA
"KO_vs_Neg","SE","Skipped Exon","Iqce","ENSMUSG00000036555","chr5","-",1.47170474427521e-07,0.518,"1.0,1.0,1.0","0.309,0.61,0.528",140672082,140672155,140668784,140669294,140675567,140675618,NA,NA,NA,NA,NA,NA,NA,NA,NA,NA,NA,NA
"KO_vs_Neg","SE","Skipped Exon","Smc5","ENSMUSG00000024943","chr19","-",4.68237806609488e-08,-0.114,"0.839,0.868,0.852","0.983,0.968,0.949",23192518,23192563,23192008,23192104,23195768,23195894,NA,NA,NA,NA,NA,NA,NA,NA,NA,NA,NA,NA
"KO_vs_Neg","SE","Skipped Exon","Sumo3","ENSMUSG00000020265","chr10","+",0.000179403374955415,-0.108,"0.802,0.982,0.827","1.0,0.991,0.943",77451760,77451868,77449813,77449885,77452023,77452477,NA,NA,NA,NA,NA,NA,NA,NA,NA,NA,NA,NA
"KO_vs_Neg","SE","Skipped Exon","Cnot2","ENSMUSG00000020166","chr10","-",0.000362422764656292,0.151,"1.0,0.923,1.0","0.784,0.801,0.886",116342945,116343093,116339939,116340019,116384937,116385080,NA,NA,NA,NA,NA,NA,NA,NA,NA,NA,NA,NA
"KO_vs_Neg","SE","Skipped Exon","Cnot2","ENSMUSG00000020166","chr10","-",1.83931129519148e-06,0.243,"1.0,1.0,1.0","0.77,0.879,0.623",116353221,116353288,116337096,116337222,116417357,116417370,NA,NA,NA,NA,NA,NA,NA,NA,NA,NA,NA,NA
"KO_vs_Neg","SE","Skipped Exon","Cnot2","ENSMUSG00000020166","chr10","-",1.58071229806379e-07,0.514,"1.0,1.0,1.0","0.385,0.657,0.416",116363731,116363854,116337096,116337222,116417357,116417390,NA,NA,NA,NA,NA,NA,NA,NA,NA,NA,NA,NA
"KO_vs_Neg","SE","Skipped Exon","Cnot2","ENSMUSG00000020166","chr10","-",5.57295952974796e-10,0.664,"1.0,1.0,1.0","0.489,0.402,0.118",116384937,116385010,116337096,116337222,116417357,116417388,NA,NA,NA,NA,NA,NA,NA,NA,NA,NA,NA,NA
"KO_vs_Neg","SE","Skipped Exon","Gm10516","ENSMUSG00000097316","chr1","+",0.00883125837485907,0.524,"0.191,0.47,1.0","0.0,0.09,0.0",191828733,191828836,191821195,191821361,191829510,191829701,NA,NA,NA,NA,NA,NA,NA,NA,NA,NA,NA,NA
"KO_vs_Neg","SE","Skipped Exon","Fbxo34","ENSMUSG00000037536","chr14","+",0.0129140920108111,-0.107,"0.719,0.846,0.89","0.919,0.894,0.962",47763661,47763771,47710075,47710174,47766631,47766727,NA,NA,NA,NA,NA,NA,NA,NA,NA,NA,NA,NA
"KO_vs_Neg","SE","Skipped Exon","1110017D15Rik","ENSMUSG00000028441","chr4","-",0.00363717741025907,-0.211,"0.0,0.0,0.0","0.0,0.133,0.5",41507098,41507269,41505567,41505654,41507520,41507754,NA,NA,NA,NA,NA,NA,NA,NA,NA,NA,NA,NA
"KO_vs_Neg","SE","Skipped Exon","Oxr1","ENSMUSG00000022307","chr15","+",0.0167248297796972,-0.227,"0.202,0.183,0.234","0.415,0.627,0.258",41712065,41712146,41694353,41694525,41713854,41713980,NA,NA,NA,NA,NA,NA,NA,NA,NA,NA,NA,NA
"KO_vs_Neg","SE","Skipped Exon","Oxr1","ENSMUSG00000022307","chr15","+",0.0369043112324129,-0.121,"0.886,0.891,0.691","0.926,1.0,0.905",41712065,41712146,41701647,41701675,41713854,41713980,NA,NA,NA,NA,NA,NA,NA,NA,NA,NA,NA,NA
"KO_vs_Neg","SE","Skipped Exon","Slc26a11","ENSMUSG00000039908","chr11","+",0.00117289703848679,-0.101,"0.919,0.743,0.912","0.908,0.994,0.974",119253042,119253122,119250122,119250208,119254225,119254368,NA,NA,NA,NA,NA,NA,NA,NA,NA,NA,NA,NA
"KO_vs_Neg","SE","Skipped Exon","Nf2","ENSMUSG00000009073","chr11","-",0.000651179468735047,-0.107,"0.418,0.487,0.475","0.577,0.563,0.561",4730577,4730622,4717664,4718273,4732186,4732352,NA,NA,NA,NA,NA,NA,NA,NA,NA,NA,NA,NA
"KO_vs_Neg","SE","Skipped Exon","Adam22","ENSMUSG00000040537","chr5","-",9.65811629617483e-07,-0.157,"0.0,0.025,0.034","0.161,0.21,0.159",8136593,8136623,8132142,8132269,8161894,8161985,NA,NA,NA,NA,NA,NA,NA,NA,NA,NA,NA,NA
"KO_vs_Neg","SE","Skipped Exon","Adam22","ENSMUSG00000040537","chr5","-",1.59534557668102e-05,0.714,"1.0,0.759,0.558","0.174,0.0,0.0",8137981,8138068,8136593,8136623,8161894,8161985,NA,NA,NA,NA,NA,NA,NA,NA,NA,NA,NA,NA
"KO_vs_Neg","SE","Skipped Exon","Cibar1","ENSMUSG00000028218","chr4","-",0,-0.147,"0.049,0.07,0.076","0.176,0.232,0.227",12169957,12169978,12168964,12169033,12170983,12171168,NA,NA,NA,NA,NA,NA,NA,NA,NA,NA,NA,NA
"KO_vs_Neg","SE","Skipped Exon","Asph","ENSMUSG00000028207","chr4","-",0,-0.225,"0.715,0.643,0.647","0.888,0.911,0.882",9637658,9637703,9635900,9635969,9639197,9639347,NA,NA,NA,NA,NA,NA,NA,NA,NA,NA,NA,NA
"KO_vs_Neg","SE","Skipped Exon","Smpd5","ENSMUSG00000071724","chr15","+",0.00657752500139554,-0.184,"0.24,0.316,0.123","0.416,0.397,0.418",76179589,76179662,76178547,76179491,76179883,76180024,NA,NA,NA,NA,NA,NA,NA,NA,NA,NA,NA,NA
"KO_vs_Neg","SE","Skipped Exon","Limch1","ENSMUSG00000037736","chr5","+",0.000868812151294197,0.124,"0.951,0.906,0.915","0.793,0.792,0.816",67150485,67150521,67131752,67132005,67154462,67154589,NA,NA,NA,NA,NA,NA,NA,NA,NA,NA,NA,NA
"KO_vs_Neg","SE","Skipped Exon","Fam227a","ENSMUSG00000042564","chr15","-",0.0065048454993176,0.291,"1.0,0.353,1.0","0.267,1.0,0.214",79521214,79521338,79519505,79520967,79524204,79524309,NA,NA,NA,NA,NA,NA,NA,NA,NA,NA,NA,NA
"KO_vs_Neg","SE","Skipped Exon","Adgrl2","ENSMUSG00000028184","chr3","-",0.00112109566170111,0.168,"1.0,1.0,1.0","0.689,0.963,0.843",148526915,148527044,148526052,148526104,148528590,148528687,NA,NA,NA,NA,NA,NA,NA,NA,NA,NA,NA,NA
"KO_vs_Neg","SE","Skipped Exon","Adgrl2","ENSMUSG00000028184","chr3","-",4.15260032063717e-05,-0.217,"0.0,0.0,0.0","0.262,0.045,0.344",148532847,148532874,148532000,148532169,148533176,148533221,NA,NA,NA,NA,NA,NA,NA,NA,NA,NA,NA,NA
"KO_vs_Neg","SE","Skipped Exon","Adgrl2","ENSMUSG00000028184","chr3","-",2.36157003788439e-10,-0.105,"0.835,0.801,0.811","0.915,0.912,0.934",148555401,148555440,148552484,148552668,148556471,148556657,NA,NA,NA,NA,NA,NA,NA,NA,NA,NA,NA,NA
"KO_vs_Neg","SE","Skipped Exon","Adgrl2","ENSMUSG00000028184","chr3","-",0,-0.342,"0.483,0.354,0.381","0.812,0.719,0.714",148566062,148566074,148564368,148565169,148571235,148571345,NA,NA,NA,NA,NA,NA,NA,NA,NA,NA,NA,NA
"KO_vs_Neg","SE","Skipped Exon","Umad1","ENSMUSG00000089862","chr6","+",0.00994290962742374,-0.15,"0.288,0.0,0.033","0.33,0.163,0.277",8401076,8401154,8270472,8270581,8426970,8427279,NA,NA,NA,NA,NA,NA,NA,NA,NA,NA,NA,NA
"KO_vs_Neg","SE","Skipped Exon","Med15","ENSMUSG00000012114","chr16","-",3.59881854046583e-12,-0.147,"0.703,0.671,0.698","0.818,0.873,0.821",17498412,17498625,17492268,17492522,17501022,17501052,NA,NA,NA,NA,NA,NA,NA,NA,NA,NA,NA,NA
"KO_vs_Neg","SE","Skipped Exon","Odf2l","ENSMUSG00000028256","chr3","+",1.96595746064309e-05,-0.563,"0.0,0.455,0.714","0.857,1.0,1.0",144852523,144852682,144851636,144851714,144854291,144854377,NA,NA,NA,NA,NA,NA,NA,NA,NA,NA,NA,NA
"KO_vs_Neg","SE","Skipped Exon","Nipal3","ENSMUSG00000028803","chr4","-",5.3579613805335e-07,-0.177,"0.157,0.177,0.197","0.333,0.374,0.354",135182183,135182215,135179196,135179883,135191096,135191191,NA,NA,NA,NA,NA,NA,NA,NA,NA,NA,NA,NA
"KO_vs_Neg","SE","Skipped Exon","Cftr","ENSMUSG00000041301","chr6","+",0.000995244487004865,0.229,"0.164,0.07,0.546","0.034,0.032,0.028",18255951,18256040,18255222,18255473,18258229,18258316,NA,NA,NA,NA,NA,NA,NA,NA,NA,NA,NA,NA
"KO_vs_Neg","SE","Skipped Exon","Idh1","ENSMUSG00000025950","chr1","-",2.50591242386703e-05,0.522,"0.753,0.465,0.826","0.107,0.119,0.253",65220786,65220857,65214389,65214527,65225367,65225618,NA,NA,NA,NA,NA,NA,NA,NA,NA,NA,NA,NA
"KO_vs_Neg","SE","Skipped Exon","Idh1","ENSMUSG00000025950","chr1","-",0.0177384485953768,0.137,"0.292,0.387,0.297","0.187,0.149,0.228",65220786,65220857,65214389,65214527,65225463,65225638,NA,NA,NA,NA,NA,NA,NA,NA,NA,NA,NA,NA
"KO_vs_Neg","SE","Skipped Exon","Klf12","ENSMUSG00000072294","chr14","-",0.00129594286948874,-0.119,"1.0,0.8,0.842","1.0,1.0,1.0",100387167,100387231,100347206,100347296,100521692,100521920,NA,NA,NA,NA,NA,NA,NA,NA,NA,NA,NA,NA
"KO_vs_Neg","SE","Skipped Exon","Masp2","ENSMUSG00000028979","chr4","+",0.00845536309049758,-0.145,"0.713,0.851,0.863","0.881,1.0,0.98",148694573,148694652,148692397,148692516,148696491,148696623,NA,NA,NA,NA,NA,NA,NA,NA,NA,NA,NA,NA
"KO_vs_Neg","SE","Skipped Exon","4933405D12Rik","ENSMUSG00000097852","chr3","-",0.00168007246174204,-0.411,"0.213,0.302,0.296","0.73,0.59,0.723",122713327,122713454,122709478,122710445,122717711,122717765,NA,NA,NA,NA,NA,NA,NA,NA,NA,NA,NA,NA
"KO_vs_Neg","SE","Skipped Exon","Mrpl30","ENSMUSG00000026087","chr1","+",0.000110136865518682,0.195,"1.0,1.0,1.0","0.882,0.795,0.737",37932023,37932104,37929557,37929665,37934410,37934491,NA,NA,NA,NA,NA,NA,NA,NA,NA,NA,NA,NA
"KO_vs_Neg","SE","Skipped Exon","Add1","ENSMUSG00000029106","chr5","+",1.73178170216942e-11,-0.117,"0.774,0.738,0.72","0.866,0.852,0.864",34786479,34786516,34785758,34785857,34787813,34789649,NA,NA,NA,NA,NA,NA,NA,NA,NA,NA,NA,NA
"KO_vs_Neg","SE","Skipped Exon","Add1","ENSMUSG00000029106","chr5","+",1.06675295659538e-11,-0.205,"0.376,0.402,0.388","0.587,0.558,0.635",34786482,34786516,34785758,34785857,34787813,34788160,NA,NA,NA,NA,NA,NA,NA,NA,NA,NA,NA,NA
"KO_vs_Neg","SE","Skipped Exon","Cpt1b","ENSMUSG00000078937","chr15","-",0.000713919602817881,0.18,"1.0,1.0,1.0","0.822,0.83,0.809",89306327,89306412,89305547,89305743,89306491,89306599,NA,NA,NA,NA,NA,NA,NA,NA,NA,NA,NA,NA
"KO_vs_Neg","SE","Skipped Exon","Epn2","ENSMUSG00000001036","chr11","-",0.000372372393547615,-0.119,"0.317,0.25,0.25","0.425,0.4,0.349",61425403,61425439,61424396,61424507,61426096,61426209,NA,NA,NA,NA,NA,NA,NA,NA,NA,NA,NA,NA
"KO_vs_Neg","SE","Skipped Exon","Epn2","ENSMUSG00000001036","chr11","-",0.0236415116882042,-0.162,"0.746,0.686,0.699","0.887,0.826,0.903",61456647,61456720,61438833,61438868,61470392,61470484,NA,NA,NA,NA,NA,NA,NA,NA,NA,NA,NA,NA
"KO_vs_Neg","SE","Skipped Exon","Map1b","ENSMUSG00000052727","chr13","-",0.00822816259477244,0.146,"1.0,1.0,1.0","1.0,0.92,0.643",99578141,99578282,99563726,99563965,99644615,99644717,NA,NA,NA,NA,NA,NA,NA,NA,NA,NA,NA,NA
"KO_vs_Neg","SE","Skipped Exon","Fat1","ENSMUSG00000070047","chr8","+",0.0023091629542454,-0.304,"0.095,0.311,0.145","0.62,0.4,0.444",45498769,45498822,45498067,45498205,45503817,45503955,NA,NA,NA,NA,NA,NA,NA,NA,NA,NA,NA,NA
"KO_vs_Neg","SE","Skipped Exon","Fat1","ENSMUSG00000070047","chr8","+",1.59702350703367e-05,-0.408,"0.092,0.023,0.129","0.623,0.232,0.612",45500686,45500746,45498067,45498205,45502878,45502914,NA,NA,NA,NA,NA,NA,NA,NA,NA,NA,NA,NA
"KO_vs_Neg","SE","Skipped Exon","Fat1","ENSMUSG00000070047","chr8","+",4.72734265111247e-09,-0.506,"0.451,0.229,0.393","0.902,0.903,0.786",45500686,45500746,45498769,45498822,45502878,45502914,NA,NA,NA,NA,NA,NA,NA,NA,NA,NA,NA,NA
"KO_vs_Neg","SE","Skipped Exon","Gstm6","ENSMUSG00000068762","chr3","-",1.05249791274489e-05,-0.658,"0.0,0.462,0.563","1.0,1.0,1.0",107849648,107849730,107848504,107848600,107850560,107850636,NA,NA,NA,NA,NA,NA,NA,NA,NA,NA,NA,NA
"KO_vs_Neg","SE","Skipped Exon","Zic4","ENSMUSG00000036972","chr9","+",1.13057727452406e-07,-0.553,"0.25,0.692,0.4","1.0,1.0,1.0",91253868,91254102,91251550,91252879,91254660,91255976,NA,NA,NA,NA,NA,NA,NA,NA,NA,NA,NA,NA
"KO_vs_Neg","SE","Skipped Exon","Exoc7","ENSMUSG00000020792","chr11","-",1.17363800295999e-07,-0.179,"0.641,0.67,0.656","0.848,0.766,0.889",116184100,116184139,116183344,116183410,116184797,116184864,NA,NA,NA,NA,NA,NA,NA,NA,NA,NA,NA,NA
"KO_vs_Neg","SE","Skipped Exon","Exoc7","ENSMUSG00000020792","chr11","-",4.18048679509604e-08,-0.168,"0.495,0.502,0.515","0.712,0.632,0.672",116188396,116188489,116186369,116186515,116191091,116191259,NA,NA,NA,NA,NA,NA,NA,NA,NA,NA,NA,NA
"KO_vs_Neg","SE","Skipped Exon","Vps13d","ENSMUSG00000020220","chr4","-",0.00128282485398387,-0.339,"0.423,0.217,0.548","0.706,0.75,0.75",144830183,144830258,144826534,144826640,144832368,144832491,NA,NA,NA,NA,NA,NA,NA,NA,NA,NA,NA,NA
"KO_vs_Neg","SE","Skipped Exon","Eaf2","ENSMUSG00000022838","chr16","-",0.000504708969649273,0.257,"1.0,1.0,1.0","0.696,0.62,0.912",36645019,36645114,36630833,36630970,36648412,36648589,NA,NA,NA,NA,NA,NA,NA,NA,NA,NA,NA,NA
"KO_vs_Neg","SE","Skipped Exon","Mindy3","ENSMUSG00000026767","chr2","-",0.00022317499833654,-0.183,"0.935,0.803,0.712","1.0,1.0,1.0",12400989,12401069,12386913,12386994,12410670,12410731,NA,NA,NA,NA,NA,NA,NA,NA,NA,NA,NA,NA
"KO_vs_Neg","SE","Skipped Exon","Cyb5r4","ENSMUSG00000032872","chr9","+",0.00110738934392143,-0.135,"0.849,0.705,0.882","0.984,0.857,1.0",86939194,86939347,86937817,86937958,86940977,86941128,NA,NA,NA,NA,NA,NA,NA,NA,NA,NA,NA,NA
"KO_vs_Neg","SE","Skipped Exon","Ank2","ENSMUSG00000032826","chr3","-",2.87731286745529e-07,-0.191,"0.327,0.39,0.368","0.524,0.607,0.527",126757031,126757130,126755899,126756054,126758586,126758811,NA,NA,NA,NA,NA,NA,NA,NA,NA,NA,NA,NA
"KO_vs_Neg","SE","Skipped Exon","Ank2","ENSMUSG00000032826","chr3","-",0,-0.322,"0.57,0.54,0.583","0.887,0.873,0.898",126772904,126772916,126770493,126770596,126775448,126775593,NA,NA,NA,NA,NA,NA,NA,NA,NA,NA,NA,NA
"KO_vs_Neg","SE","Skipped Exon","Zmynd8","ENSMUSG00000039671","chr2","-",0,-0.309,"0.262,0.341,0.278","0.609,0.604,0.594",165694787,165694799,165693919,165694068,165717624,165717695,NA,NA,NA,NA,NA,NA,NA,NA,NA,NA,NA,NA
"KO_vs_Neg","SE","Skipped Exon","Zmynd8","ENSMUSG00000039671","chr2","-",3.03073031853632e-05,-0.138,"0.036,0.023,0.057","0.122,0.257,0.152",165725247,165725318,165717624,165717695,165726098,165726159,NA,NA,NA,NA,NA,NA,NA,NA,NA,NA,NA,NA
"KO_vs_Neg","SE","Skipped Exon","Clasp2","ENSMUSG00000033392","chr9","+",0,-0.337,"0.302,0.303,0.296","0.595,0.631,0.687",113687648,113687672,113683240,113683414,113691253,113691355,NA,NA,NA,NA,NA,NA,NA,NA,NA,NA,NA,NA
"KO_vs_Neg","SE","Skipped Exon","Clasp2","ENSMUSG00000033392","chr9","+",1.10948209132054e-10,0.276,"0.678,0.713,0.706","0.366,0.5,0.403",113689187,113689205,113687648,113687672,113691253,113691355,NA,NA,NA,NA,NA,NA,NA,NA,NA,NA,NA,NA
"KO_vs_Neg","SE","Skipped Exon","Clasp2","ENSMUSG00000033392","chr9","+",0,-0.174,"0.757,0.821,0.713","0.946,0.953,0.915",113707817,113707841,113705311,113705418,113709009,113709254,NA,NA,NA,NA,NA,NA,NA,NA,NA,NA,NA,NA
"KO_vs_Neg","SE","Skipped Exon","Btd","ENSMUSG00000021900","chr14","+",0.000896120523544236,-0.151,"0.834,0.679,0.731","0.854,0.956,0.888",31384026,31384282,31363013,31363092,31387838,31387988,NA,NA,NA,NA,NA,NA,NA,NA,NA,NA,NA,NA
"KO_vs_Neg","SE","Skipped Exon","Nsmf","ENSMUSG00000006476","chr2","+",0.00433238355862789,0.11,"0.709,0.722,0.722","0.667,0.585,0.57",24948264,24948333,24947976,24947982,24949032,24949057,NA,NA,NA,NA,NA,NA,NA,NA,NA,NA,NA,NA
"KO_vs_Neg","SE","Skipped Exon","Sspo","ENSMUSG00000029797","chr6","+",0.0224756911123632,-0.489,"0.333,0.2,1.0","1.0,1.0,1.0",48444531,48444682,48443890,48444018,48444770,48444924,NA,NA,NA,NA,NA,NA,NA,NA,NA,NA,NA,NA
"KO_vs_Neg","SE","Skipped Exon","Paxip1","ENSMUSG00000002221","chr5","-",5.58235085522545e-07,-0.276,"0.583,0.605,0.62","0.85,0.925,0.861",27986419,27986483,27980563,27980677,27988678,27988771,NA,NA,NA,NA,NA,NA,NA,NA,NA,NA,NA,NA
"KO_vs_Neg","SE","Skipped Exon","Car14","ENSMUSG00000038526","chr3","-",0.0106988618569431,-0.337,"0.0,0.0,0.258","0.179,0.723,0.367",95808770,95808792,95808404,95808584,95809422,95809443,NA,NA,NA,NA,NA,NA,NA,NA,NA,NA,NA,NA
"KO_vs_Neg","SE","Skipped Exon","Slc12a5","ENSMUSG00000017740","chr2","+",0.00534648850762245,-0.116,"0.585,0.644,0.665","0.703,0.817,0.722",164838783,164838798,164838241,164838438,164839029,164839163,NA,NA,NA,NA,NA,NA,NA,NA,NA,NA,NA,NA
"KO_vs_Neg","SE","Skipped Exon","Tuft1","ENSMUSG00000005968","chr3","-",0.0143229752467305,0.44,"0.562,0.631,0.517","0.0,0.0,0.391",94546693,94546776,94546231,94546333,94566031,94566110,NA,NA,NA,NA,NA,NA,NA,NA,NA,NA,NA,NA
"KO_vs_Neg","SE","Skipped Exon","Celf3","ENSMUSG00000028137","chr3","+",0.000701348190398286,-0.177,"1.0,0.771,0.697","1.0,1.0,1.0",94394441,94394695,94393830,94393974,94395093,94395159,NA,NA,NA,NA,NA,NA,NA,NA,NA,NA,NA,NA
"KO_vs_Neg","SE","Skipped Exon","Fbxo25","ENSMUSG00000038365","chr8","+",0,-0.2,"0.75,0.668,0.778","0.919,0.928,0.948",13988921,13988948,13985145,13985289,13989562,13990521,NA,NA,NA,NA,NA,NA,NA,NA,NA,NA,NA,NA
"KO_vs_Neg","SE","Skipped Exon","Socs2","ENSMUSG00000020027","chr10","-",0.0484348351935035,0.421,"0.5,1.0,1.0","0.667,0.571,0.0",95228275,95228798,95226426,95226507,95246513,95246617,NA,NA,NA,NA,NA,NA,NA,NA,NA,NA,NA,NA
"KO_vs_Neg","SE","Skipped Exon","Ciz1","ENSMUSG00000039205","chr2","+",0.0101629166687206,0.113,"0.631,0.659,0.528","0.498,0.501,0.479",32253444,32253668,32253072,32253170,32253816,32253991,NA,NA,NA,NA,NA,NA,NA,NA,NA,NA,NA,NA
"KO_vs_Neg","SE","Skipped Exon","Dnm1","ENSMUSG00000026825","chr2","-",0.0133102624460391,0.126,"1.0,1.0,1.0","0.932,0.81,0.881",32200462,32200499,32199861,32200039,32202138,32202354,NA,NA,NA,NA,NA,NA,NA,NA,NA,NA,NA,NA
"KO_vs_Neg","SE","Skipped Exon","Exoc6b","ENSMUSG00000033769","chr6","-",0.00225091000763259,-0.447,"0.502,0.335,0.476","1.0,0.654,1.0",84981970,84982018,84980029,84980075,85046277,85046484,NA,NA,NA,NA,NA,NA,NA,NA,NA,NA,NA,NA
"KO_vs_Neg","SE","Skipped Exon","Rps6kc1","ENSMUSG00000089872","chr1","-",0.0446077624106265,0.256,"0.714,0.778,1.0","0.568,0.5,0.655",190637139,190637315,190631647,190631768,190643752,190643935,NA,NA,NA,NA,NA,NA,NA,NA,NA,NA,NA,NA
"KO_vs_Neg","SE","Skipped Exon","Nlrp4f","ENSMUSG00000032999","chr13","-",2.68544038209597e-05,-0.271,"0.889,0.667,0.63","1.0,1.0,1.0",65335254,65335422,65332776,65332947,65338038,65338079,NA,NA,NA,NA,NA,NA,NA,NA,NA,NA,NA,NA
"KO_vs_Neg","SE","Skipped Exon","Tkt","ENSMUSG00000021957","chr14","+",0.00328985572136806,0.349,"0.608,1.0,1.0","1.0,0.28,0.28",30279602,30279645,30270315,30270571,30280677,30280795,NA,NA,NA,NA,NA,NA,NA,NA,NA,NA,NA,NA
"KO_vs_Neg","SE","Skipped Exon","Nfib","ENSMUSG00000008575","chr4","-",0.000828942008851396,0.204,"0.65,0.488,0.533","0.336,0.316,0.408",82228539,82228628,82208409,82215048,82238710,82238793,NA,NA,NA,NA,NA,NA,NA,NA,NA,NA,NA,NA
"KO_vs_Neg","SE","Skipped Exon","Zfp78","ENSMUSG00000055150","chr7","+",0.00224538113434144,-0.314,"0.502,0.562,0.54","0.948,0.716,0.883",6373957,6374104,6366330,6366346,6374304,6374395,NA,NA,NA,NA,NA,NA,NA,NA,NA,NA,NA,NA
"KO_vs_Neg","SE","Skipped Exon","Zfp78","ENSMUSG00000055150","chr7","+",0.00357143322674109,-0.28,"0.386,0.668,0.94","1.0,1.0,0.834",6373957,6374104,6366334,6366438,6374304,6374395,NA,NA,NA,NA,NA,NA,NA,NA,NA,NA,NA,NA
"KO_vs_Neg","SE","Skipped Exon","Zfp78","ENSMUSG00000055150","chr7","+",0.0430793036914764,0.107,"0.901,1.0,0.968","0.764,0.961,0.823",6378517,6378613,6376125,6376252,6381207,6381339,NA,NA,NA,NA,NA,NA,NA,NA,NA,NA,NA,NA
"KO_vs_Neg","SE","Skipped Exon","Ubr4","ENSMUSG00000066036","chr4","+",0,-0.23,"0.617,0.627,0.584","0.863,0.847,0.809",139159792,139159825,139158855,139159072,139160930,139160994,NA,NA,NA,NA,NA,NA,NA,NA,NA,NA,NA,NA
"KO_vs_Neg","SE","Skipped Exon","Ubr4","ENSMUSG00000066036","chr4","+",0.000149323897470023,-0.128,"0.382,0.353,0.324","0.458,0.537,0.448",139163259,139163343,139162320,139162495,139163432,139163570,NA,NA,NA,NA,NA,NA,NA,NA,NA,NA,NA,NA
"KO_vs_Neg","SE","Skipped Exon","Zfp239","ENSMUSG00000042097","chr6","+",0.0001507303919071,-0.194,"0.744,0.882,0.75","0.959,1.0,1.0",117843355,117843535,117839060,117839253,117846178,117846234,NA,NA,NA,NA,NA,NA,NA,NA,NA,NA,NA,NA
"KO_vs_Neg","SE","Skipped Exon","Zfp239","ENSMUSG00000042097","chr6","+",0.00358638613630234,0.279,"0.209,0.636,0.059","0.0,0.067,0.0",117843355,117843535,117839060,117839253,117847216,117847428,NA,NA,NA,NA,NA,NA,NA,NA,NA,NA,NA,NA
"KO_vs_Neg","SE","Skipped Exon","Grin1","ENSMUSG00000026959","chr2","-",0.0286970974572591,-0.169,"0.489,0.458,0.454","0.646,0.627,0.636",25184449,25184560,25181192,25182140,25185803,25185949,NA,NA,NA,NA,NA,NA,NA,NA,NA,NA,NA,NA
"KO_vs_Neg","SE","Skipped Exon","Gon4l","ENSMUSG00000054199","chr3","+",0.0123739468608614,-0.337,"1.0,0.739,0.25","1.0,1.0,1.0",88753694,88753886,88744296,88744827,88761908,88762102,NA,NA,NA,NA,NA,NA,NA,NA,NA,NA,NA,NA
"KO_vs_Neg","SE","Skipped Exon","Ankib1","ENSMUSG00000040351","chr5","-",0.00983975537859318,0.513,"1.0,0.412,1.0","0.333,0.111,0.429",3805593,3805776,3783679,3784184,3852596,3852787,NA,NA,NA,NA,NA,NA,NA,NA,NA,NA,NA,NA
"KO_vs_Neg","SE","Skipped Exon","Snap25","ENSMUSG00000027273","chr2","+",1.40371374654856e-13,0.195,"0.702,0.704,0.672","0.499,0.526,0.468",136611662,136611780,136605492,136605541,136611976,136612094,NA,NA,NA,NA,NA,NA,NA,NA,NA,NA,NA,NA
"KO_vs_Neg","SE","Skipped Exon","Acbd5","ENSMUSG00000026781","chr2","+",0,-0.224,"0.639,0.754,0.716","0.949,0.917,0.914",22970679,22970712,22970350,22970465,22977496,22977631,NA,NA,NA,NA,NA,NA,NA,NA,NA,NA,NA,NA
"KO_vs_Neg","SE","Skipped Exon","Zzz3","ENSMUSG00000039068","chr3","+",0.00388409255461674,0.165,"0.914,1.0,1.0","0.788,1.0,0.63",152152265,152152326,152125651,152125777,152152435,152152574,NA,NA,NA,NA,NA,NA,NA,NA,NA,NA,NA,NA
"KO_vs_Neg","SE","Skipped Exon","Pfkfb3","ENSMUSG00000026773","chr2","-",1.36589081324319e-06,-0.148,"0.0,0.0,0.0","0.061,0.067,0.316",11480564,11480617,11476634,11479354,11482846,11482869,NA,NA,NA,NA,NA,NA,NA,NA,NA,NA,NA,NA
"KO_vs_Neg","SE","Skipped Exon","Myo9a","ENSMUSG00000039585","chr9","+",0.0458820214527406,-0.127,"0.67,0.69,0.631","0.729,0.866,0.778",59697318,59697375,59695697,59695797,59709196,59709294,NA,NA,NA,NA,NA,NA,NA,NA,NA,NA,NA,NA
"KO_vs_Neg","SE","Skipped Exon","Myo9a","ENSMUSG00000039585","chr9","+",5.62346016070828e-08,-0.241,"0.643,0.587,0.717","0.865,0.907,0.897",59782484,59782697,59781884,59781966,59791762,59791875,NA,NA,NA,NA,NA,NA,NA,NA,NA,NA,NA,NA
"KO_vs_Neg","SE","Skipped Exon","Dlg1","ENSMUSG00000022770","chr16","+",0,-0.266,"0.123,0.163,0.125","0.395,0.418,0.397",31673470,31673506,31672660,31672702,31675258,31675309,NA,NA,NA,NA,NA,NA,NA,NA,NA,NA,NA,NA
"KO_vs_Neg","SE","Skipped Exon","Dlg1","ENSMUSG00000022770","chr16","+",0.024514981157809,0.104,"1.0,1.0,1.0","1.0,0.687,1.0",31673485,31673506,31666453,31666487,31675258,31675309,NA,NA,NA,NA,NA,NA,NA,NA,NA,NA,NA,NA
"KO_vs_Neg","SE","Skipped Exon","Dlg1","ENSMUSG00000022770","chr16","+",1.14373599348881e-12,-0.12,"0.083,0.089,0.065","0.197,0.208,0.191",31673485,31673506,31672660,31672702,31675258,31675309,NA,NA,NA,NA,NA,NA,NA,NA,NA,NA,NA,NA
"KO_vs_Neg","SE","Skipped Exon","Dlg1","ENSMUSG00000022770","chr16","+",0.0252145298456913,-0.565,"0.0,0.305,1.0","1.0,1.0,1.0",31673485,31673506,31672660,31672702,31676364,31676466,NA,NA,NA,NA,NA,NA,NA,NA,NA,NA,NA,NA
"KO_vs_Neg","SE","Skipped Exon","Plch2","ENSMUSG00000029055","chr4","-",0.0012671135913368,-0.381,"0.0,0.0,0.0","0.0,0.585,0.559",155069822,155069849,155067823,155069422,155071175,155071473,NA,NA,NA,NA,NA,NA,NA,NA,NA,NA,NA,NA
"KO_vs_Neg","SE","Skipped Exon","Zfp869","ENSMUSG00000054648","chr8","-",0.00228069496356336,-0.159,"0.782,0.656,0.754","0.821,0.875,0.974",70166951,70167059,70163335,70163634,70169034,70169136,NA,NA,NA,NA,NA,NA,NA,NA,NA,NA,NA,NA
"KO_vs_Neg","SE","Skipped Exon","Pcid2","ENSMUSG00000038542","chr8","-",0.00189631110087802,-0.284,"0.549,0.745,0.854","1.0,1.0,1.0",13144142,13144197,13136250,13136326,13150324,13150414,NA,NA,NA,NA,NA,NA,NA,NA,NA,NA,NA,NA
"KO_vs_Neg","SE","Skipped Exon","Itga8","ENSMUSG00000026768","chr2","-",5.24177501285652e-06,-0.331,"0.573,0.815,0.619","1.0,1.0,1.0",12198080,12198093,12196516,12196654,12198222,12198377,NA,NA,NA,NA,NA,NA,NA,NA,NA,NA,NA,NA
"KO_vs_Neg","SE","Skipped Exon","Cep20","ENSMUSG00000022677","chr16","-",0.000100546025388029,0.13,"0.594,0.596,0.645","0.487,0.45,0.509",14131679,14131877,14122317,14122451,14135157,14135211,NA,NA,NA,NA,NA,NA,NA,NA,NA,NA,NA,NA
"KO_vs_Neg","SE","Skipped Exon","Rab28","ENSMUSG00000029128","chr5","-",6.64365350378881e-06,0.103,"0.351,0.333,0.324","0.224,0.226,0.248",41784329,41784424,41782318,41783205,41790515,41790593,NA,NA,NA,NA,NA,NA,NA,NA,NA,NA,NA,NA
"KO_vs_Neg","SE","Skipped Exon","Pecam1","ENSMUSG00000020717","chr11","-",0.00153731264192957,-0.246,"0.439,0.339,0.43","0.753,0.56,0.634",106552827,106552850,106545043,106545988,106562567,106562624,NA,NA,NA,NA,NA,NA,NA,NA,NA,NA,NA,NA
"KO_vs_Neg","SE","Skipped Exon","Klf2","ENSMUSG00000055148","chr8","+",0.00290648588711782,0.157,"1.0,1.0,1.0","0.765,0.765,1.0",73073269,73074086,73072876,73072993,73074587,73075500,NA,NA,NA,NA,NA,NA,NA,NA,NA,NA,NA,NA
"KO_vs_Neg","SE","Skipped Exon","Cdc42bpa","ENSMUSG00000026490","chr1","+",4.26572532871339e-05,-0.163,"0.177,0.06,0.121","0.309,0.238,0.3",179946300,179946348,179945231,179945308,179951488,179951527,NA,NA,NA,NA,NA,NA,NA,NA,NA,NA,NA,NA
"KO_vs_Neg","SE","Skipped Exon","Cdc42bpa","ENSMUSG00000026490","chr1","+",4.65323622207739e-05,-0.128,"0.211,0.224,0.22","0.302,0.402,0.336",179951488,179951527,179945231,179945308,179961861,179961945,NA,NA,NA,NA,NA,NA,NA,NA,NA,NA,NA,NA
"KO_vs_Neg","SE","Skipped Exon","Camsap1","ENSMUSG00000026933","chr2","-",0.00235405609935137,-0.128,"0.223,0.259,0.201","0.338,0.432,0.296",25845271,25845304,25842689,25842831,25846258,25846339,NA,NA,NA,NA,NA,NA,NA,NA,NA,NA,NA,NA
"KO_vs_Neg","SE","Skipped Exon","Camsap1","ENSMUSG00000026933","chr2","-",1.60960793409055e-05,0.415,"1.0,1.0,1.0","0.506,0.706,0.542",25845271,25845304,25843926,25843986,25846258,25846339,NA,NA,NA,NA,NA,NA,NA,NA,NA,NA,NA,NA
"KO_vs_Neg","SE","Skipped Exon","Atg16l1","ENSMUSG00000026289","chr1","+",0.0158464139853205,-0.144,"0.112,0.083,0.042","0.315,0.112,0.241",87702802,87702850,87701866,87701953,87703478,87703581,NA,NA,NA,NA,NA,NA,NA,NA,NA,NA,NA,NA
"KO_vs_Neg","SE","Skipped Exon","Zbtb38","ENSMUSG00000040433","chr9","-",1.89150146509677e-05,0.137,"0.889,0.874,0.85","0.736,0.78,0.687",96600262,96600362,96564822,96571082,96613344,96613728,NA,NA,NA,NA,NA,NA,NA,NA,NA,NA,NA,NA
"KO_vs_Neg","SE","Skipped Exon","Zbtb38","ENSMUSG00000040433","chr9","-",2.85820728492971e-05,-0.205,"0.759,0.86,0.71","1.0,1.0,0.943",96614300,96614366,96600262,96600362,96633354,96633436,NA,NA,NA,NA,NA,NA,NA,NA,NA,NA,NA,NA
"KO_vs_Neg","SE","Skipped Exon","Creb1","ENSMUSG00000025958","chr1","+",4.92678185180304e-05,-0.327,"0.921,0.522,0.456","1.0,1.0,0.881",64598885,64598927,64597661,64597808,64600911,64601024,NA,NA,NA,NA,NA,NA,NA,NA,NA,NA,NA,NA
"KO_vs_Neg","SE","Skipped Exon","Creb1","ENSMUSG00000025958","chr1","+",0.000106713308480862,0.152,"0.094,0.198,0.322","0.098,0.029,0.03",64600911,64601024,64597661,64597808,64605375,64605476,NA,NA,NA,NA,NA,NA,NA,NA,NA,NA,NA,NA
"KO_vs_Neg","SE","Skipped Exon","Ush1c","ENSMUSG00000030838","chr7","-",0.0162477581546589,0.201,"0.967,1.0,0.792","0.883,0.71,0.564",45865441,45865503,45864354,45864404,45868722,45868847,NA,NA,NA,NA,NA,NA,NA,NA,NA,NA,NA,NA
"KO_vs_Neg","SE","Skipped Exon","Trappc6b","ENSMUSG00000020993","chr12","-",0.00122012986341942,-0.202,"0.578,0.817,1.0","1.0,1.0,1.0",59094908,59094992,59090232,59090462,59107941,59108204,NA,NA,NA,NA,NA,NA,NA,NA,NA,NA,NA,NA
"KO_vs_Neg","SE","Skipped Exon","Trappc6b","ENSMUSG00000020993","chr12","-",0.00282112653197143,0.267,"0.239,0.392,0.377","0.0,0.207,0.0",59097053,59097171,59091037,59091132,59107941,59108207,NA,NA,NA,NA,NA,NA,NA,NA,NA,NA,NA,NA
"KO_vs_Neg","SE","Skipped Exon","Nsun6","ENSMUSG00000026707","chr2","-",0.0457186351784288,-0.113,"0.823,0.782,0.728","0.933,0.954,0.786",15044543,15044653,15042884,15043038,15047037,15047117,NA,NA,NA,NA,NA,NA,NA,NA,NA,NA,NA,NA
"KO_vs_Neg","SE","Skipped Exon","Galnt15","ENSMUSG00000021903","chr14","+",0.0119190983599338,0.114,"1.0,0.977,0.98","0.957,0.93,0.727",31762312,31762479,31750945,31751988,31768253,31768418,NA,NA,NA,NA,NA,NA,NA,NA,NA,NA,NA,NA
"KO_vs_Neg","SE","Skipped Exon","Sh3glb1","ENSMUSG00000037062","chr3","-",0,-0.181,"0.624,0.669,0.642","0.819,0.842,0.817",144405614,144405638,144403138,144403228,144411273,144411366,NA,NA,NA,NA,NA,NA,NA,NA,NA,NA,NA,NA
"KO_vs_Neg","SE","Skipped Exon","Sh3glb1","ENSMUSG00000037062","chr3","-",0,-0.333,"0.291,0.277,0.268","0.575,0.649,0.61",144407520,144407607,144403138,144403228,144411273,144411366,NA,NA,NA,NA,NA,NA,NA,NA,NA,NA,NA,NA
"KO_vs_Neg","SE","Skipped Exon","Sh3glb1","ENSMUSG00000037062","chr3","-",6.9512335092684e-05,-0.126,"0.415,0.382,0.38","0.481,0.574,0.499",144407520,144407607,144405614,144405638,144411273,144411366,NA,NA,NA,NA,NA,NA,NA,NA,NA,NA,NA,NA
"KO_vs_Neg","SE","Skipped Exon","Sh3glb1","ENSMUSG00000037062","chr3","-",0,-0.325,"0.279,0.267,0.245","0.558,0.615,0.594",144407568,144407607,144403138,144403228,144411273,144411366,NA,NA,NA,NA,NA,NA,NA,NA,NA,NA,NA,NA
"KO_vs_Neg","SE","Skipped Exon","Sh3glb1","ENSMUSG00000037062","chr3","-",1.05008074075194e-10,-0.161,"0.496,0.51,0.484","0.63,0.701,0.641",144407568,144407607,144405614,144405638,144411273,144411366,NA,NA,NA,NA,NA,NA,NA,NA,NA,NA,NA,NA
"KO_vs_Neg","SE","Skipped Exon","2810403D21Rik","ENSMUSG00000086629","chrX","+",0.0475125513387965,-0.177,"0.164,0.019,0.0","0.395,0.319,0.0",107901873,107901978,107879834,107879961,107945069,107945161,NA,NA,NA,NA,NA,NA,NA,NA,NA,NA,NA,NA
"KO_vs_Neg","SE","Skipped Exon","2810403D21Rik","ENSMUSG00000086629","chrX","+",0.0146541075045776,-0.211,"0.153,0.161,0.107","0.351,0.274,0.43",107915077,107915204,107879834,107879961,107945069,107945161,NA,NA,NA,NA,NA,NA,NA,NA,NA,NA,NA,NA
"KO_vs_Neg","SE","Skipped Exon","Cr1l","ENSMUSG00000016481","chr1","-",0.000576501041429106,-0.115,"0.669,0.729,0.678","0.831,0.776,0.813",194789125,194789230,194779689,194781149,194793387,194793463,NA,NA,NA,NA,NA,NA,NA,NA,NA,NA,NA,NA
"KO_vs_Neg","SE","Skipped Exon","Dop1a","ENSMUSG00000034973","chr9","+",3.06577304894883e-09,-0.342,"0.074,0.044,0.227","0.407,0.475,0.489",86388923,86388953,86388436,86388572,86389556,86389790,NA,NA,NA,NA,NA,NA,NA,NA,NA,NA,NA,NA
"KO_vs_Neg","SE","Skipped Exon","Cyrib","ENSMUSG00000022378","chr15","-",0.00742403184557519,-0.134,"0.371,0.34,0.291","0.469,0.41,0.524",63829433,63829516,63828448,63828531,63869746,63869818,NA,NA,NA,NA,NA,NA,NA,NA,NA,NA,NA,NA
"KO_vs_Neg","SE","Skipped Exon","Cyrib","ENSMUSG00000022378","chr15","-",0.00690901880324322,-0.162,"0.568,0.44,0.54","0.683,0.648,0.704",63829433,63829516,63828448,63828531,63894418,63894469,NA,NA,NA,NA,NA,NA,NA,NA,NA,NA,NA,NA
"KO_vs_Neg","SE","Skipped Exon","Agrn","ENSMUSG00000041936","chr4","-",2.32276207624419e-09,-0.152,"0.075,0.027,0.037","0.18,0.168,0.246",156252233,156252266,156251738,156251963,156253002,156253026,NA,NA,NA,NA,NA,NA,NA,NA,NA,NA,NA,NA
"KO_vs_Neg","SE","Skipped Exon","Agrn","ENSMUSG00000041936","chr4","-",0.0283494261370339,0.155,"1.0,1.0,1.0","1.0,1.0,0.535",156252233,156253026,156251738,156251963,156253359,156253552,NA,NA,NA,NA,NA,NA,NA,NA,NA,NA,NA,NA
"KO_vs_Neg","SE","Skipped Exon","Agrn","ENSMUSG00000041936","chr4","-",0.0119276200088191,-0.34,"0.365,0.197,0.401","0.683,0.633,0.668",156253002,156253026,156252233,156252266,156253189,156253277,NA,NA,NA,NA,NA,NA,NA,NA,NA,NA,NA,NA
"KO_vs_Neg","SE","Skipped Exon","Arid5a","ENSMUSG00000037447","chr1","+",0.0168947525281932,-0.119,"0.705,0.817,0.801","0.915,0.934,0.83",36356284,36356405,36355072,36355408,36356690,36356743,NA,NA,NA,NA,NA,NA,NA,NA,NA,NA,NA,NA
"KO_vs_Neg","SE","Skipped Exon","Src","ENSMUSG00000027646","chr2","+",0.00154762750917085,0.403,"0.537,1.0,1.0","0.659,0.367,0.303",157266747,157266855,157266311,157266334,157297510,157297687,NA,NA,NA,NA,NA,NA,NA,NA,NA,NA,NA,NA
"KO_vs_Neg","SE","Skipped Exon","Src","ENSMUSG00000027646","chr2","+",3.17014036092595e-07,-0.218,"0.228,0.204,0.255","0.39,0.488,0.463",157300762,157300780,157300453,157300553,157304629,157304728,NA,NA,NA,NA,NA,NA,NA,NA,NA,NA,NA,NA
"KO_vs_Neg","SE","Skipped Exon","Zbtb37","ENSMUSG00000043467","chr1","-",0.0206802089994799,0.201,"0.294,0.188,0.394","0.065,0.0,0.207",160840454,160840591,160836363,160837061,160847053,160847976,NA,NA,NA,NA,NA,NA,NA,NA,NA,NA,NA,NA
"KO_vs_Neg","SE","Skipped Exon","Gtf2ird1","ENSMUSG00000023079","chr5","-",1.80977931938615e-05,-0.137,"0.793,0.797,0.733","0.932,0.954,0.849",134411383,134411539,134408790,134408874,134411634,134411684,NA,NA,NA,NA,NA,NA,NA,NA,NA,NA,NA,NA
"KO_vs_Neg","SE","Skipped Exon","2700099C18Rik","ENSMUSG00000121491","chr17","+",4.4436219630789e-05,-0.15,"0.035,0.056,0.045","0.157,0.182,0.248",95067060,95067118,95063861,95063951,95068925,95069032,NA,NA,NA,NA,NA,NA,NA,NA,NA,NA,NA,NA
"KO_vs_Neg","SE","Skipped Exon","Nudt13","ENSMUSG00000021809","chr14","+",0.0494949011065679,0.208,"0.516,0.713,0.813","0.446,0.472,0.5",20345155,20345277,20344790,20344860,20354020,20354160,NA,NA,NA,NA,NA,NA,NA,NA,NA,NA,NA,NA
"KO_vs_Neg","SE","Skipped Exon","Nudt13","ENSMUSG00000021809","chr14","+",0.00425724337387708,0.171,"0.688,0.812,0.88","0.631,0.614,0.622",20345155,20345334,20344781,20344860,20354020,20354160,NA,NA,NA,NA,NA,NA,NA,NA,NA,NA,NA,NA
"KO_vs_Neg","SE","Skipped Exon","Nudt13","ENSMUSG00000021809","chr14","+",0.0340933743871879,0.105,"0.123,0.068,0.256","0.079,0.027,0.025",20347582,20347699,20344815,20344860,20354020,20354160,NA,NA,NA,NA,NA,NA,NA,NA,NA,NA,NA,NA
"KO_vs_Neg","SE","Skipped Exon","Nudt13","ENSMUSG00000021809","chr14","+",0.0127114557028411,0.161,"0.703,0.761,0.874","0.683,0.594,0.578",20350654,20350747,20344789,20344860,20354020,20354160,NA,NA,NA,NA,NA,NA,NA,NA,NA,NA,NA,NA
"KO_vs_Neg","SE","Skipped Exon","Ddb2","ENSMUSG00000002109","chr2","-",0.00694340484393154,-0.208,"0.708,0.514,0.53","0.805,0.83,0.742",91049088,91049234,91047651,91047751,91064452,91064644,NA,NA,NA,NA,NA,NA,NA,NA,NA,NA,NA,NA
"KO_vs_Neg","SE","Skipped Exon","Slc37a3","ENSMUSG00000029924","chr6","-",0.0447770143629788,-0.112,"0.125,0.095,0.082","0.282,0.234,0.121",39349012,39349071,39344577,39344700,39354552,39354596,NA,NA,NA,NA,NA,NA,NA,NA,NA,NA,NA,NA
"KO_vs_Neg","SE","Skipped Exon","Dync1i2","ENSMUSG00000027012","chr2","+",0,-0.262,"0.583,0.6,0.605","0.85,0.858,0.867",71063992,71064052,71058943,71059034,71066258,71066374,NA,NA,NA,NA,NA,NA,NA,NA,NA,NA,NA,NA
"KO_vs_Neg","SE","Skipped Exon","Epb41l3","ENSMUSG00000024044","chr17","+",2.29896562067309e-06,-0.115,"0.817,0.881,0.758","0.936,0.939,0.926",69580876,69580912,69577605,69577659,69581095,69581161,NA,NA,NA,NA,NA,NA,NA,NA,NA,NA,NA,NA
"KO_vs_Neg","SE","Skipped Exon","Epb41l3","ENSMUSG00000024044","chr17","+",3.79542847232865e-07,0.146,"0.401,0.367,0.402","0.246,0.241,0.246",69588027,69588102,69581698,69581890,69590879,69591002,NA,NA,NA,NA,NA,NA,NA,NA,NA,NA,NA,NA
"KO_vs_Neg","SE","Skipped Exon","Epb41l3","ENSMUSG00000024044","chr17","+",4.13399470560648e-06,-0.139,"0.492,0.555,0.499","0.665,0.664,0.635",69590879,69591002,69581698,69581890,69591533,69591885,NA,NA,NA,NA,NA,NA,NA,NA,NA,NA,NA,NA
"KO_vs_Neg","SE","Skipped Exon","Rgl1","ENSMUSG00000026482","chr1","-",0.000810547462209348,0.168,"0.882,0.883,0.836","0.741,0.714,0.643",152499568,152499679,152462157,152462366,152550610,152550774,NA,NA,NA,NA,NA,NA,NA,NA,NA,NA,NA,NA
"KO_vs_Neg","SE","Skipped Exon","Mtfr1","ENSMUSG00000027601","chr3","+",2.88730733612754e-12,-0.185,"0.581,0.555,0.526","0.74,0.699,0.777",19262654,19262691,19260615,19260714,19265631,19265747,NA,NA,NA,NA,NA,NA,NA,NA,NA,NA,NA,NA
"KO_vs_Neg","SE","Skipped Exon","Surf1","ENSMUSG00000015790","chr2","-",0.00214102017218933,0.33,"1.0,1.0,1.0","1.0,0.556,0.455",26804718,26804907,26803588,26803670,26806268,26806312,NA,NA,NA,NA,NA,NA,NA,NA,NA,NA,NA,NA
"KO_vs_Neg","SE","Skipped Exon","Surf1","ENSMUSG00000015790","chr2","-",0.00352571796176215,0.245,"1.0,1.0,1.0","1.0,0.562,0.702",26805443,26805526,26803588,26803670,26806268,26806312,NA,NA,NA,NA,NA,NA,NA,NA,NA,NA,NA,NA
"KO_vs_Neg","SE","Skipped Exon","Tfdp2","ENSMUSG00000032411","chr9","+",9.01127186669252e-08,0.69,"1.0,1.0,1.0","0.442,0.487,0.0",96129102,96129141,96114734,96114801,96169653,96169775,NA,NA,NA,NA,NA,NA,NA,NA,NA,NA,NA,NA
"KO_vs_Neg","SE","Skipped Exon","Myt1","ENSMUSG00000010505","chr2","+",0.0253776400388175,-0.182,"0.664,0.779,0.516","0.763,0.935,0.806",181453147,181453216,181452037,181452192,181456841,181456904,NA,NA,NA,NA,NA,NA,NA,NA,NA,NA,NA,NA
"KO_vs_Neg","SE","Skipped Exon","Epb41l2","ENSMUSG00000019978","chr10","+",0.0245227221492022,-0.15,"0.364,0.405,0.453","0.639,0.497,0.535",25377475,25377529,25364848,25364991,25377721,25377809,NA,NA,NA,NA,NA,NA,NA,NA,NA,NA,NA,NA
"KO_vs_Neg","SE","Skipped Exon","Epb41l2","ENSMUSG00000019978","chr10","+",0.0349242340742014,-0.102,"0.467,0.482,0.469","0.523,0.641,0.559",25377475,25377529,25371342,25371489,25377721,25377809,NA,NA,NA,NA,NA,NA,NA,NA,NA,NA,NA,NA
"KO_vs_Neg","SE","Skipped Exon","Upp1","ENSMUSG00000020407","chr11","+",0.00118865912912121,0.313,"0.58,0.589,0.687","0.176,0.448,0.294",9068630,9068660,9068244,9068284,9069373,9069449,NA,NA,NA,NA,NA,NA,NA,NA,NA,NA,NA,NA
"KO_vs_Neg","SE","Skipped Exon","Gm38708","ENSMUSG00000108010","chr6","-",0.000746917657211759,-0.364,"0.231,0.668,0.832","1.0,0.824,1.0",88166200,88166322,88165378,88165411,88167141,88167663,NA,NA,NA,NA,NA,NA,NA,NA,NA,NA,NA,NA
"KO_vs_Neg","SE","Skipped Exon","Gm15408","ENSMUSG00000086610","chr5","+",0.00881632589639568,-0.445,"0.0,0.208,1.0","1.0,1.0,0.542",148948383,148948517,148944695,148944825,148948808,148949592,NA,NA,NA,NA,NA,NA,NA,NA,NA,NA,NA,NA
"KO_vs_Neg","SE","Skipped Exon","Entr1","ENSMUSG00000026927","chr2","-",2.99933928759756e-06,0.594,"1.0,0.728,1.0","0.401,0.204,0.342",26276001,26276075,26274693,26274833,26279160,26279303,NA,NA,NA,NA,NA,NA,NA,NA,NA,NA,NA,NA
"KO_vs_Neg","SE","Skipped Exon","Irak2","ENSMUSG00000060477","chr6","+",0.026452896664495,0.111,"0.91,1.0,1.0","0.696,0.944,0.938",113642663,113642807,113624599,113624782,113647159,113647254,NA,NA,NA,NA,NA,NA,NA,NA,NA,NA,NA,NA
"KO_vs_Neg","SE","Skipped Exon","Wasf3","ENSMUSG00000029636","chr5","+",2.29897766082702e-09,-0.194,"0.928,0.643,0.763","0.953,0.995,0.969",146397774,146397950,146392353,146392471,146402659,146402829,NA,NA,NA,NA,NA,NA,NA,NA,NA,NA,NA,NA
"KO_vs_Neg","SE","Skipped Exon","Wasf3","ENSMUSG00000029636","chr5","+",3.21307032386537e-07,0.112,"0.224,0.197,0.303","0.12,0.113,0.155",146402659,146402829,146397774,146397950,146403607,146403874,NA,NA,NA,NA,NA,NA,NA,NA,NA,NA,NA,NA
"KO_vs_Neg","SE","Skipped Exon","Cacna1b","ENSMUSG00000004113","chr2","-",0.000202627349924069,0.494,"1.0,1.0,0.837","0.335,0.708,0.312",24516834,24516931,24515249,24515346,24525107,24525252,NA,NA,NA,NA,NA,NA,NA,NA,NA,NA,NA,NA
"KO_vs_Neg","SE","Skipped Exon","Trrap","ENSMUSG00000045482","chr5","+",0,-0.31,"0.052,0.062,0.094","0.482,0.311,0.345",144746960,144747014,144744132,144744201,144748704,144748824,NA,NA,NA,NA,NA,NA,NA,NA,NA,NA,NA,NA
"KO_vs_Neg","SE","Skipped Exon","Trrap","ENSMUSG00000045482","chr5","+",0,-0.331,"0.098,0.149,0.185","0.559,0.475,0.39",144747141,144747162,144744132,144744201,144748704,144748824,NA,NA,NA,NA,NA,NA,NA,NA,NA,NA,NA,NA
"KO_vs_Neg","SE","Skipped Exon","Gm3752","ENSMUSG00000091617","chr14","+",0.0422431751670601,-0.333,"0.5,1.0,0.5","1.0,1.0,1.0",14985916,14986067,14981102,14981234,14995798,14995932,NA,NA,NA,NA,NA,NA,NA,NA,NA,NA,NA,NA
"KO_vs_Neg","SE","Skipped Exon","Pts","ENSMUSG00000032067","chr9","-",1.6445559170687e-05,-0.667,"0.0,0.0,1.0","1.0,1.0,1.0",50436452,50436584,50436022,50436079,50439856,50439940,NA,NA,NA,NA,NA,NA,NA,NA,NA,NA,NA,NA
"KO_vs_Neg","SE","Skipped Exon","Odad4","ENSMUSG00000006784","chr11","+",0.0422500327787108,-0.122,"0.737,1.0,0.761","0.864,1.0,1.0",100460681,100460766,100457734,100457835,100462265,100462789,NA,NA,NA,NA,NA,NA,NA,NA,NA,NA,NA,NA
"KO_vs_Neg","SE","Skipped Exon","Psd4","ENSMUSG00000026979","chr2","+",0.0471749663517584,0.362,"1.0,1.0,1.0","0.2,1.0,0.714",24276370,24276531,24275346,24275474,24276644,24276721,NA,NA,NA,NA,NA,NA,NA,NA,NA,NA,NA,NA
"KO_vs_Neg","SE","Skipped Exon","Psd4","ENSMUSG00000026979","chr2","+",2.49835119975601e-06,-0.186,"0.02,0.019,0.052","0.174,0.198,0.278",24276644,24276721,24275364,24275474,24284033,24284317,NA,NA,NA,NA,NA,NA,NA,NA,NA,NA,NA,NA
"KO_vs_Neg","SE","Skipped Exon","Dip2a","ENSMUSG00000020231","chr10","-",0,-0.293,"0.104,0.153,0.078","0.383,0.448,0.383",76107209,76107239,76106229,76106291,76108366,76108537,NA,NA,NA,NA,NA,NA,NA,NA,NA,NA,NA,NA
"KO_vs_Neg","SE","Skipped Exon","Phf14","ENSMUSG00000029629","chr6","+",0.000119665657667992,-0.294,"0.5,0.905,0.714","1.0,1.0,1.0",12045583,12045763,12044377,12044489,12047123,12047153,NA,NA,NA,NA,NA,NA,NA,NA,NA,NA,NA,NA
"KO_vs_Neg","SE","Skipped Exon","Phf14","ENSMUSG00000029629","chr6","+",0.00568900948867267,0.129,"0.188,0.047,0.151","0.0,0.0,0.0",12047123,12047153,12044377,12044489,12047825,12047943,NA,NA,NA,NA,NA,NA,NA,NA,NA,NA,NA,NA
"KO_vs_Neg","SE","Skipped Exon","Phf14","ENSMUSG00000029629","chr6","+",0.00368991755092543,0.456,"0.294,0.217,1.0","0.143,0.0,0.0",12047123,12047153,12045583,12045763,12047825,12047943,NA,NA,NA,NA,NA,NA,NA,NA,NA,NA,NA,NA
"KO_vs_Neg","SE","Skipped Exon","Suv39h2","ENSMUSG00000026646","chr2","-",0.0161656192090304,0.104,"0.501,0.532,0.534","0.425,0.37,0.459",3473538,3473684,3465303,3465963,3475739,3475997,NA,NA,NA,NA,NA,NA,NA,NA,NA,NA,NA,NA
"KO_vs_Neg","SE","Skipped Exon","Gm20557","ENSMUSG00000102679","chr3","+",0.034914536584002,-0.188,"0.0,1.0,0.0","0.798,0.766,0.0",49298660,49298738,49291488,49291561,49300601,49300665,NA,NA,NA,NA,NA,NA,NA,NA,NA,NA,NA,NA
"KO_vs_Neg","SE","Skipped Exon","Abi2","ENSMUSG00000026782","chr1","+",0,-0.283,"0.19,0.203,0.201","0.453,0.418,0.571",60478100,60478118,60476214,60476391,60483143,60483241,NA,NA,NA,NA,NA,NA,NA,NA,NA,NA,NA,NA
"KO_vs_Neg","SE","Skipped Exon","Akap1","ENSMUSG00000018428","chr11","-",6.35562267157223e-06,0.427,"1.0,1.0,1.0","0.396,0.7,0.623",88734415,88734522,88731994,88732128,88734637,88734650,NA,NA,NA,NA,NA,NA,NA,NA,NA,NA,NA,NA
"KO_vs_Neg","SE","Skipped Exon","Clta","ENSMUSG00000028478","chr4","+",0,-0.241,"0.449,0.443,0.466","0.719,0.717,0.644",44030214,44030268,44025448,44025560,44031399,44031435,NA,NA,NA,NA,NA,NA,NA,NA,NA,NA,NA,NA
"KO_vs_Neg","SE","Skipped Exon","Clta","ENSMUSG00000028478","chr4","+",0,-0.201,"0.231,0.201,0.21","0.432,0.409,0.404",44030214,44030268,44025448,44025560,44032400,44032846,NA,NA,NA,NA,NA,NA,NA,NA,NA,NA,NA,NA
"KO_vs_Neg","SE","Skipped Exon","Aox1","ENSMUSG00000063558","chr1","+",0.000491481149081786,-0.123,"0.943,0.759,0.928","1.0,1.0,1.0",58120661,58120748,58117584,58117672,58124592,58124820,NA,NA,NA,NA,NA,NA,NA,NA,NA,NA,NA,NA
"KO_vs_Neg","SE","Skipped Exon","Banf2os","ENSMUSG00000086384","chr2","-",0.0178120766735368,-0.122,"0.941,0.703,0.891","1.0,0.901,1.0",143907760,143907825,143901484,143901703,143910601,143910703,NA,NA,NA,NA,NA,NA,NA,NA,NA,NA,NA,NA
"KO_vs_Neg","SE","Skipped Exon","Pacsin2","ENSMUSG00000016664","chr15","-",0,-0.259,"0.477,0.509,0.46","0.71,0.75,0.762",83267823,83267829,83265962,83266084,83269187,83269292,NA,NA,NA,NA,NA,NA,NA,NA,NA,NA,NA,NA
"KO_vs_Neg","SE","Skipped Exon","Zbtb18","ENSMUSG00000063659","chr1","+",0.00315447916967276,0.181,"0.708,0.834,0.765","0.549,0.657,0.559",177272304,177272388,177271550,177271658,177274654,177274662,NA,NA,NA,NA,NA,NA,NA,NA,NA,NA,NA,NA
"KO_vs_Neg","SE","Skipped Exon","Gnas","ENSMUSG00000027523","chr2","+",0,-0.192,"0.537,0.552,0.568","0.696,0.762,0.776",174169900,174169924,174169491,174169734,174176004,174176077,NA,NA,NA,NA,NA,NA,NA,NA,NA,NA,NA,NA
"KO_vs_Neg","SE","Skipped Exon","Slx4ip","ENSMUSG00000027281","chr2","+",2.49215628848623e-05,0.211,"0.819,0.726,0.814","0.621,0.557,0.548",136846853,136846974,136842103,136842193,136885919,136885997,NA,NA,NA,NA,NA,NA,NA,NA,NA,NA,NA,NA
"KO_vs_Neg","SE","Skipped Exon","D630024D03Rik","ENSMUSG00000085772","chr11","-",0.0251959865556165,0.339,"1.0,1.0,0.636","0.818,0.8,0.0",31752829,31752981,31752331,31752448,31774292,31774524,NA,NA,NA,NA,NA,NA,NA,NA,NA,NA,NA,NA
"KO_vs_Neg","SE","Skipped Exon","Gmppa","ENSMUSG00000033021","chr1","+",0.000440457356697659,0.466,"1.0,1.0,0.687","0.173,0.594,0.523",75413427,75413482,75412730,75412837,75413637,75413678,NA,NA,NA,NA,NA,NA,NA,NA,NA,NA,NA,NA
"KO_vs_Neg","SE","Skipped Exon","Acot8","ENSMUSG00000017307","chr2","-",1.69670419546082e-06,0.162,"0.546,0.458,0.542","0.341,0.315,0.404",164644916,164645053,164641477,164641865,164646609,164646742,NA,NA,NA,NA,NA,NA,NA,NA,NA,NA,NA,NA
"KO_vs_Neg","SE","Skipped Exon","Pcgf6","ENSMUSG00000025050","chr19","-",7.61624122451094e-10,-0.279,"0.547,0.597,0.425","0.802,0.777,0.827",47030560,47030578,47028482,47028581,47031204,47031232,NA,NA,NA,NA,NA,NA,NA,NA,NA,NA,NA,NA
"KO_vs_Neg","SE","Skipped Exon","Dnm3","ENSMUSG00000040265","chr1","-",0.000758495725036617,-0.456,"0.316,0.0,0.0","0.893,0.792,0.0",161872954,161872966,161847396,161847561,161911601,161911713,NA,NA,NA,NA,NA,NA,NA,NA,NA,NA,NA,NA
"KO_vs_Neg","SE","Skipped Exon","Lmntd1","ENSMUSG00000054966","chr6","-",8.34259040351736e-09,0.673,"1.0,1.0,1.0","0.0,0.356,0.624",145363125,145363245,145359108,145359314,145365413,145365600,NA,NA,NA,NA,NA,NA,NA,NA,NA,NA,NA,NA
"KO_vs_Neg","SE","Skipped Exon","Nwd1","ENSMUSG00000048148","chr8","+",0.0187207903898315,0.257,"1.0,1.0,0.881","0.523,0.588,1.0",73414694,73414817,73408418,73408749,73419547,73419738,NA,NA,NA,NA,NA,NA,NA,NA,NA,NA,NA,NA
"KO_vs_Neg","SE","Skipped Exon","Afdn","ENSMUSG00000068036","chr17","+",0,-0.19,"0.112,0.109,0.096","0.346,0.274,0.267",14111224,14111260,14108243,14109239,14116349,14116484,NA,NA,NA,NA,NA,NA,NA,NA,NA,NA,NA,NA
"KO_vs_Neg","SE","Skipped Exon","Dlst","ENSMUSG00000004789","chr12","+",0.0231123414981157,0.216,"0.0,0.385,0.334","0.0,0.07,0.0",85162046,85162095,85157631,85157733,85168760,85168913,NA,NA,NA,NA,NA,NA,NA,NA,NA,NA,NA,NA
"KO_vs_Neg","SE","Skipped Exon","Rpusd1","ENSMUSG00000041199","chr17","+",0.0215205308606817,-0.14,"0.555,0.643,0.546","0.632,0.763,0.77",25947154,25947365,25946690,25946821,25947496,25947620,NA,NA,NA,NA,NA,NA,NA,NA,NA,NA,NA,NA
"KO_vs_Neg","SE","Skipped Exon","Rpusd1","ENSMUSG00000041199","chr17","+",0.00123732801283743,-0.141,"0.615,0.706,0.621","0.722,0.826,0.818",25947176,25947365,25946690,25946821,25947496,25947620,NA,NA,NA,NA,NA,NA,NA,NA,NA,NA,NA,NA
"KO_vs_Neg","SE","Skipped Exon","Rpusd1","ENSMUSG00000041199","chr17","+",0.0112160285949963,-0.173,"0.505,0.607,0.468","0.602,0.755,0.743",25947225,25947365,25946643,25946821,25947496,25947620,NA,NA,NA,NA,NA,NA,NA,NA,NA,NA,NA,NA
"KO_vs_Neg","SE","Skipped Exon","Carf","ENSMUSG00000026017","chr1","+",0.00026969766023507,0.122,"1.0,1.0,1.0","1.0,0.67,0.963",60147241,60147359,60144502,60144586,60148380,60148608,NA,NA,NA,NA,NA,NA,NA,NA,NA,NA,NA,NA
"KO_vs_Neg","SE","Skipped Exon","Camsap2","ENSMUSG00000041570","chr1","-",3.85511743262616e-10,-0.3,"0.458,0.437,0.396","0.787,0.72,0.684",136225021,136225054,136221017,136221159,136225479,136225563,NA,NA,NA,NA,NA,NA,NA,NA,NA,NA,NA,NA
"KO_vs_Neg","SE","Skipped Exon","Hnrnpr","ENSMUSG00000066037","chr4","+",4.92678185180304e-05,0.112,"0.546,0.541,0.541","0.418,0.418,0.455",136041397,136041566,136038278,136038400,136043671,136043790,NA,NA,NA,NA,NA,NA,NA,NA,NA,NA,NA,NA
"KO_vs_Neg","SE","Skipped Exon","Hnrnpr","ENSMUSG00000066037","chr4","+",2.66210627613179e-06,0.126,"0.547,0.532,0.532","0.412,0.383,0.437",136041400,136041566,136038278,136038400,136043671,136043734,NA,NA,NA,NA,NA,NA,NA,NA,NA,NA,NA,NA
"KO_vs_Neg","SE","Skipped Exon","Shank1","ENSMUSG00000038738","chr7","+",0.0113484540203796,-0.412,"1.0,0.463,0.301","1.0,1.0,1.0",43993721,43993745,43993081,43993162,43993929,43993998,NA,NA,NA,NA,NA,NA,NA,NA,NA,NA,NA,NA
"KO_vs_Neg","SE","Skipped Exon","Atpaf2","ENSMUSG00000042709","chr11","-",0.000805125166439973,-0.263,"0.697,0.514,1.0","1.0,1.0,1.0",60300411,60300456,60298119,60298217,60307811,60307861,NA,NA,NA,NA,NA,NA,NA,NA,NA,NA,NA,NA
"KO_vs_Neg","SE","Skipped Exon","Gas5","ENSMUSG00000053332","chr1","+",0.00296041696580788,0.133,"0.156,0.275,0.365","0.115,0.107,0.175",160864118,160864149,160863321,160863814,160864389,160864422,NA,NA,NA,NA,NA,NA,NA,NA,NA,NA,NA,NA
"KO_vs_Neg","SE","Skipped Exon","Ncoa5","ENSMUSG00000039804","chr2","-",8.6867164310919e-07,0.211,"0.64,0.544,0.702","0.411,0.398,0.445",164865065,164865121,164854916,164855082,164876602,164876749,NA,NA,NA,NA,NA,NA,NA,NA,NA,NA,NA,NA
"KO_vs_Neg","SE","Skipped Exon","Ncoa5","ENSMUSG00000039804","chr2","-",0,0.142,"0.865,0.833,0.888","0.715,0.709,0.735",164865065,164865132,164854755,164855082,164876602,164876708,NA,NA,NA,NA,NA,NA,NA,NA,NA,NA,NA,NA
"KO_vs_Neg","SE","Skipped Exon","Ints10","ENSMUSG00000031864","chr8","+",0.00332684755837685,-0.196,"0.377,0.427,0.487","0.605,0.711,0.562",69276841,69276919,69274808,69274902,69277703,69277781,NA,NA,NA,NA,NA,NA,NA,NA,NA,NA,NA,NA
"KO_vs_Neg","SE","Skipped Exon","Ints10","ENSMUSG00000031864","chr8","+",2.36236011274741e-07,-0.152,"0.098,0.052,0.115","0.234,0.334,0.152",69276841,69276919,69274808,69274902,69279928,69282060,NA,NA,NA,NA,NA,NA,NA,NA,NA,NA,NA,NA
"KO_vs_Neg","SE","Skipped Exon","Ints10","ENSMUSG00000031864","chr8","+",9.67348299434434e-05,-0.101,"0.123,0.119,0.124","0.192,0.271,0.206",69277703,69277781,69274808,69274902,69279928,69280153,NA,NA,NA,NA,NA,NA,NA,NA,NA,NA,NA,NA
"KO_vs_Neg","SE","Skipped Exon","Zkscan3","ENSMUSG00000021327","chr13","-",0.0185121656672258,-0.124,"0.0,0.0,0.0","0.273,0.0,0.1",21586221,21586422,21585598,21585792,21586841,21586925,NA,NA,NA,NA,NA,NA,NA,NA,NA,NA,NA,NA
"KO_vs_Neg","SE","Skipped Exon","Clasp1","ENSMUSG00000064302","chr1","+",4.53392879061824e-05,-0.511,"0.35,0.251,0.256","0.959,0.535,0.896",118440434,118440458,118439904,118439952,118449556,118449664,NA,NA,NA,NA,NA,NA,NA,NA,NA,NA,NA,NA
"KO_vs_Neg","SE","Skipped Exon","Clasp1","ENSMUSG00000064302","chr1","+",0.0126264667523349,-0.141,"0.5,0.566,0.451","0.611,0.724,0.605",118451050,118451077,118449556,118449664,118453026,118453185,NA,NA,NA,NA,NA,NA,NA,NA,NA,NA,NA,NA
"KO_vs_Neg","SE","Skipped Exon","Clasp1","ENSMUSG00000064302","chr1","+",0.000303292632019456,-0.138,"0.685,0.722,0.845","0.843,0.886,0.936",118459707,118459815,118453026,118453185,118463864,118463927,NA,NA,NA,NA,NA,NA,NA,NA,NA,NA,NA,NA
"KO_vs_Neg","SE","Skipped Exon","Clasp1","ENSMUSG00000064302","chr1","+",1.63632916740273e-12,-0.258,"0.425,0.494,0.433","0.735,0.645,0.746",118459707,118459815,118453026,118453185,118466995,118467099,NA,NA,NA,NA,NA,NA,NA,NA,NA,NA,NA,NA
"KO_vs_Neg","SE","Skipped Exon","Clasp1","ENSMUSG00000064302","chr1","+",0.0344153911045373,-0.139,"0.249,0.233,0.15","0.459,0.265,0.326",118463864,118463927,118453026,118453185,118466995,118467099,NA,NA,NA,NA,NA,NA,NA,NA,NA,NA,NA,NA
"KO_vs_Neg","SE","Skipped Exon","Clasp1","ENSMUSG00000064302","chr1","+",3.52256422834034e-07,-0.137,"0.727,0.727,0.694","0.865,0.827,0.867",118469404,118469428,118466995,118467099,118470831,118471076,NA,NA,NA,NA,NA,NA,NA,NA,NA,NA,NA,NA
"KO_vs_Neg","SE","Skipped Exon","Cspp1","ENSMUSG00000056763","chr1","+",2.65128298816591e-05,-0.108,"0.939,0.836,0.9","1.0,1.0,1.0",10145084,10145171,10136650,10137045,10152477,10152571,NA,NA,NA,NA,NA,NA,NA,NA,NA,NA,NA,NA
"KO_vs_Neg","SE","Skipped Exon","Cspp1","ENSMUSG00000056763","chr1","+",5.7204701624647e-06,-0.122,"0.914,0.831,0.889","1.0,1.0,1.0",10147396,10147467,10136650,10137045,10152477,10152571,NA,NA,NA,NA,NA,NA,NA,NA,NA,NA,NA,NA
"KO_vs_Neg","SE","Skipped Exon","Cspp1","ENSMUSG00000056763","chr1","+",0.00184376501323269,0.223,"0.071,0.45,0.149","0.0,0.0,0.0",10152477,10152571,10136650,10137045,10158275,10158409,NA,NA,NA,NA,NA,NA,NA,NA,NA,NA,NA,NA
"KO_vs_Neg","SE","Skipped Exon","Tpm3","ENSMUSG00000027940","chr3","+",2.294532085703e-13,-0.145,"0.675,0.676,0.648","0.82,0.813,0.8",89995707,89995783,89994980,89995051,89996354,89996430,NA,NA,NA,NA,NA,NA,NA,NA,NA,NA,NA,NA
"KO_vs_Neg","SE","Skipped Exon","Plec","ENSMUSG00000022565","chr15","-",0,-0.103,"0.004,0.005,0.001","0.098,0.113,0.107",76078165,76078201,76077609,76077687,76078540,76078630,NA,NA,NA,NA,NA,NA,NA,NA,NA,NA,NA,NA
"KO_vs_Neg","SE","Skipped Exon","Usp40","ENSMUSG00000005501","chr1","-",0.00239781766321503,0.175,"1.0,0.945,0.904","0.891,0.763,0.67",87895231,87895320,87894905,87894992,87903529,87903620,NA,NA,NA,NA,NA,NA,NA,NA,NA,NA,NA,NA
"KO_vs_Neg","SE","Skipped Exon","Usp40","ENSMUSG00000005501","chr1","-",0.0283734370695485,-0.179,"1.0,0.638,0.635","1.0,0.911,0.898",87896117,87896171,87895231,87895320,87903529,87903653,NA,NA,NA,NA,NA,NA,NA,NA,NA,NA,NA,NA
"KO_vs_Neg","SE","Skipped Exon","Stard10","ENSMUSG00000030688","chr7","+",0.0237817058795431,-0.177,"0.144,0.045,0.128","0.252,0.257,0.34",100992390,100992494,100970920,100971240,100994841,100994894,NA,NA,NA,NA,NA,NA,NA,NA,NA,NA,NA,NA
"KO_vs_Neg","SE","Skipped Exon","4930578M01Rik","ENSMUSG00000097587","chr15","+",0.0467799947104551,0.105,"1.0,1.0,0.834","0.885,0.635,1.0",98885637,98885711,98881574,98881745,98885857,98886026,NA,NA,NA,NA,NA,NA,NA,NA,NA,NA,NA,NA
"KO_vs_Neg","SE","Skipped Exon","1700112D23Rik","ENSMUSG00000091329","chr3","-",3.62317450777588e-06,0.667,"1.0,1.0,1.0","1.0,0.0,0.0",28815012,28815095,28796264,28796386,28835119,28835271,NA,NA,NA,NA,NA,NA,NA,NA,NA,NA,NA,NA
"KO_vs_Neg","SE","Skipped Exon","1700112D23Rik","ENSMUSG00000091329","chr3","-",0.00241908326695224,0.367,"1.0,1.0,1.0","1.0,0.607,0.292",28826862,28826954,28796253,28796386,28835119,28835244,NA,NA,NA,NA,NA,NA,NA,NA,NA,NA,NA,NA
"KO_vs_Neg","SE","Skipped Exon","Mapk10","ENSMUSG00000046709","chr5","-",7.38671313274315e-05,-0.102,"0.793,0.95,0.951","1.0,1.0,1.0",103073937,103074015,103055813,103061193,103111332,103111457,NA,NA,NA,NA,NA,NA,NA,NA,NA,NA,NA,NA
"KO_vs_Neg","SE","Skipped Exon","Mapk10","ENSMUSG00000046709","chr5","-",8.32662642848038e-06,-0.67,"0.252,0.092,0.403","0.756,1.0,1.0",103124220,103124292,103114311,103114494,103137485,103137651,NA,NA,NA,NA,NA,NA,NA,NA,NA,NA,NA,NA
"KO_vs_Neg","SE","Skipped Exon","Ppp6r3","ENSMUSG00000024908","chr19","-",0,-0.23,"0.138,0.11,0.087","0.383,0.371,0.271",3509746,3509764,3509360,3509480,3514544,3514695,NA,NA,NA,NA,NA,NA,NA,NA,NA,NA,NA,NA
"KO_vs_Neg","SE","Skipped Exon","Myef2","ENSMUSG00000027201","chr2","-",1.60068215000482e-09,0.113,"0.977,0.96,0.95","0.86,0.883,0.805",124952399,124952591,124950875,124950939,124955768,124955862,NA,NA,NA,NA,NA,NA,NA,NA,NA,NA,NA,NA
"KO_vs_Neg","SE","Skipped Exon","Ntng2","ENSMUSG00000035513","chr2","-",3.70682497907577e-08,-0.237,"0.225,0.283,0.224","0.543,0.416,0.484",29088825,29088927,29086993,29087161,29094909,29094936,NA,NA,NA,NA,NA,NA,NA,NA,NA,NA,NA,NA
"KO_vs_Neg","SE","Skipped Exon","Ntng2","ENSMUSG00000035513","chr2","-",6.43797865568944e-05,-0.106,"0.054,0.047,0.078","0.164,0.183,0.15",29090885,29090960,29086993,29087161,29094909,29094936,NA,NA,NA,NA,NA,NA,NA,NA,NA,NA,NA,NA
"KO_vs_Neg","SE","Skipped Exon","Fkbp7","ENSMUSG00000002732","chr2","-",0.00985570839735093,-0.106,"0.2,0.276,0.183","0.323,0.318,0.337",76497670,76497786,76496050,76496154,76502040,76502192,NA,NA,NA,NA,NA,NA,NA,NA,NA,NA,NA,NA
"KO_vs_Neg","SE","Skipped Exon","Dock9","ENSMUSG00000025558","chr14","-",4.40409339649548e-05,-0.18,"0.018,0.075,0.066","0.191,0.161,0.347",121797806,121797812,121797336,121797372,121798001,121798115,NA,NA,NA,NA,NA,NA,NA,NA,NA,NA,NA,NA
"KO_vs_Neg","SE","Skipped Exon","Txnrd1","ENSMUSG00000020250","chr10","+",0.0178932996250938,0.218,"1.0,1.0,1.0","0.75,0.75,0.846",82708771,82709109,82669784,82669865,82710446,82710569,NA,NA,NA,NA,NA,NA,NA,NA,NA,NA,NA,NA
"KO_vs_Neg","SE","Skipped Exon","Spdye4a","ENSMUSG00000039296","chr5","-",0.00158102200979344,-0.302,"0.111,0.0,0.0","0.294,0.294,0.429",143204717,143204886,143204425,143204528,143207092,143207178,NA,NA,NA,NA,NA,NA,NA,NA,NA,NA,NA,NA
"KO_vs_Neg","SE","Skipped Exon","Gpatch8","ENSMUSG00000034621","chr11","-",0.00023775378055292,-0.128,"0.211,0.221,0.186","0.387,0.304,0.31",102422138,102422156,102418919,102418992,102429107,102429182,NA,NA,NA,NA,NA,NA,NA,NA,NA,NA,NA,NA
"KO_vs_Neg","SE","Skipped Exon","Gtpbp3","ENSMUSG00000007610","chr8","+",0.00122214230053152,-0.146,"0.678,0.645,0.63","0.755,0.816,0.821",71943298,71943611,71942978,71943181,71943709,71943853,NA,NA,NA,NA,NA,NA,NA,NA,NA,NA,NA,NA
"KO_vs_Neg","SE","Skipped Exon","Gtpbp3","ENSMUSG00000007610","chr8","+",1.23660864162259e-05,-0.115,"0.809,0.78,0.788","0.897,0.9,0.924",71943538,71943611,71942978,71943181,71943709,71943853,NA,NA,NA,NA,NA,NA,NA,NA,NA,NA,NA,NA
"KO_vs_Neg","SE","Skipped Exon","Slit2","ENSMUSG00000031558","chr5","+",6.85919487393402e-06,-0.349,"0.187,0.067,0.164","0.536,0.374,0.554",48378308,48378332,48377258,48377422,48381994,48382145,NA,NA,NA,NA,NA,NA,NA,NA,NA,NA,NA,NA
"KO_vs_Neg","SE","Skipped Exon","Nphs1","ENSMUSG00000006649","chr7","+",2.20227597311735e-06,0.599,"1.0,1.0,1.0","0.584,0.382,0.236",30181889,30182005,30181165,30181241,30186009,30186141,NA,NA,NA,NA,NA,NA,NA,NA,NA,NA,NA,NA
"KO_vs_Neg","SE","Skipped Exon","Tpd52","ENSMUSG00000027506","chr3","-",0,-0.48,"0.043,0.07,0.073","0.557,0.594,0.476",9008610,9008637,9000051,9000100,9009670,9009772,NA,NA,NA,NA,NA,NA,NA,NA,NA,NA,NA,NA
"KO_vs_Neg","SE","Skipped Exon","Zfp451","ENSMUSG00000042197","chr1","-",0.00212278260030717,0.1,"0.861,0.936,0.903","0.776,0.795,0.829",33825487,33825613,33811973,33812114,33844419,33844500,NA,NA,NA,NA,NA,NA,NA,NA,NA,NA,NA,NA
"KO_vs_Neg","SE","Skipped Exon","Dnajb13","ENSMUSG00000030708","chr7","-",0.0191022827658219,-0.183,"0.905,0.778,0.613","1.0,1.0,0.846",100156582,100156740,100155288,100155402,100159901,100160063,NA,NA,NA,NA,NA,NA,NA,NA,NA,NA,NA,NA
"KO_vs_Neg","SE","Skipped Exon","Gpr19","ENSMUSG00000032641","chr6","-",0.0317491235553265,0.135,"0.586,0.519,0.595","0.396,0.457,0.442",134854179,134854297,134846119,134847445,134863853,134863899,NA,NA,NA,NA,NA,NA,NA,NA,NA,NA,NA,NA
"KO_vs_Neg","SE","Skipped Exon","Gpr19","ENSMUSG00000032641","chr6","-",0.0152129363100346,-0.109,"0.509,0.564,0.539","0.692,0.651,0.596",134863853,134863899,134846119,134847445,134864592,134864731,NA,NA,NA,NA,NA,NA,NA,NA,NA,NA,NA,NA
"KO_vs_Neg","SE","Skipped Exon","Ptpn13","ENSMUSG00000034573","chr5","+",0.000137878604496217,-0.134,"0.758,0.829,0.712","0.892,0.93,0.878",103688837,103689252,103684579,103684742,103698090,103698180,NA,NA,NA,NA,NA,NA,NA,NA,NA,NA,NA,NA
"KO_vs_Neg","SE","Skipped Exon","Chpt1","ENSMUSG00000060002","chr10","-",0.0360085409179483,-0.187,"0.818,0.583,0.643","0.894,0.952,0.758",88317214,88317241,88316676,88316808,88318092,88318177,NA,NA,NA,NA,NA,NA,NA,NA,NA,NA,NA,NA
"KO_vs_Neg","SE","Skipped Exon","Lman2l","ENSMUSG00000001143","chr1","-",1.44535095891709e-09,-0.149,"0.282,0.268,0.29","0.444,0.426,0.416",36468503,36468536,36467380,36467542,36477830,36477913,NA,NA,NA,NA,NA,NA,NA,NA,NA,NA,NA,NA
"KO_vs_Neg","SE","Skipped Exon","Lman2l","ENSMUSG00000001143","chr1","-",0.0367791962549375,-0.141,"0.52,0.45,0.464","0.588,0.662,0.606",36468503,36468536,36467380,36467542,36478689,36478807,NA,NA,NA,NA,NA,NA,NA,NA,NA,NA,NA,NA
"KO_vs_Neg","SE","Skipped Exon","Snhg17","ENSMUSG00000085385","chr2","-",0.0227036519693985,0.31,"1.0,0.785,1.0","0.511,1.0,0.343",158200124,158200260,158199117,158199256,158201101,158201251,NA,NA,NA,NA,NA,NA,NA,NA,NA,NA,NA,NA
"KO_vs_Neg","SE","Skipped Exon","Rab3gap1","ENSMUSG00000036104","chr1","+",0,-0.286,"0.235,0.195,0.187","0.517,0.49,0.467",127869330,127869351,127866782,127866885,127870110,127870347,NA,NA,NA,NA,NA,NA,NA,NA,NA,NA,NA,NA
"KO_vs_Neg","SE","Skipped Exon","Csnk1g1","ENSMUSG00000032384","chr9","+",0.00059592322574083,-0.32,"0.709,0.332,1.0","1.0,1.0,1.0",65828285,65828350,65816720,65816944,65857297,65857346,NA,NA,NA,NA,NA,NA,NA,NA,NA,NA,NA,NA
"KO_vs_Neg","SE","Skipped Exon","Synj1","ENSMUSG00000022973","chr16","-",2.39663283280932e-05,-0.148,"0.895,0.829,0.764","0.932,1.0,1.0",90743902,90743941,90743679,90743750,90744953,90745001,NA,NA,NA,NA,NA,NA,NA,NA,NA,NA,NA,NA
"KO_vs_Neg","SE","Skipped Exon","Synj1","ENSMUSG00000022973","chr16","-",0.0132433908975199,-0.132,"0.232,0.209,0.223","0.369,0.264,0.426",90743902,90743941,90743679,90743750,90747238,90747373,NA,NA,NA,NA,NA,NA,NA,NA,NA,NA,NA,NA
"KO_vs_Neg","SE","Skipped Exon","Synj1","ENSMUSG00000022973","chr16","-",0.0128754614657459,0.296,"0.726,0.85,0.801","0.625,0.504,0.359",90744953,90745001,90743902,90743941,90746586,90746625,NA,NA,NA,NA,NA,NA,NA,NA,NA,NA,NA,NA
"KO_vs_Neg","SE","Skipped Exon","Synj1","ENSMUSG00000022973","chr16","-",0.00350386856430315,-0.179,"0.112,0.12,0.151","0.391,0.24,0.289",90744953,90745001,90743902,90743941,90747238,90747373,NA,NA,NA,NA,NA,NA,NA,NA,NA,NA,NA,NA
"KO_vs_Neg","SE","Skipped Exon","Synj1","ENSMUSG00000022973","chr16","-",2.88261393244538e-08,-0.309,"0.104,0.075,0.111","0.324,0.399,0.494",90746586,90746625,90743902,90743941,90747238,90747307,NA,NA,NA,NA,NA,NA,NA,NA,NA,NA,NA,NA
"KO_vs_Neg","SE","Skipped Exon","Eef1d","ENSMUSG00000055762","chr15","-",6.02697092477744e-06,-0.11,"0.583,0.606,0.588","0.697,0.71,0.701",75774527,75775657,75772980,75773104,75777734,75777749,NA,NA,NA,NA,NA,NA,NA,NA,NA,NA,NA,NA
"KO_vs_Neg","SE","Skipped Exon","Eef1d","ENSMUSG00000055762","chr15","-",0,-0.248,"0.12,0.114,0.095","0.358,0.37,0.344",75774527,75775667,75772980,75773101,75781093,75781189,NA,NA,NA,NA,NA,NA,NA,NA,NA,NA,NA,NA
"KO_vs_Neg","SE","Skipped Exon","Eef1d","ENSMUSG00000055762","chr15","-",0,-0.207,"0.161,0.16,0.149","0.369,0.369,0.354",75774527,75775667,75772980,75773104,75781093,75781189,NA,NA,NA,NA,NA,NA,NA,NA,NA,NA,NA,NA
"KO_vs_Neg","SE","Skipped Exon","Eef1d","ENSMUSG00000055762","chr15","-",0.000413012812043359,-0.109,"0.092,0.107,0.088","0.236,0.173,0.205",75777734,75777749,75772980,75773101,75781093,75781184,NA,NA,NA,NA,NA,NA,NA,NA,NA,NA,NA,NA
"KO_vs_Neg","SE","Skipped Exon","Eef1d","ENSMUSG00000055762","chr15","-",9.19560273220305e-08,-0.114,"0.242,0.218,0.227","0.337,0.338,0.354",75777734,75777749,75772980,75773104,75781093,75781184,NA,NA,NA,NA,NA,NA,NA,NA,NA,NA,NA,NA
"KO_vs_Neg","SE","Skipped Exon","Eef1d","ENSMUSG00000055762","chr15","-",0.00416601768775506,-0.172,"0.613,0.635,0.621","0.755,0.775,0.856",75777734,75777749,75772980,75773104,75781308,75781396,NA,NA,NA,NA,NA,NA,NA,NA,NA,NA,NA,NA
"KO_vs_Neg","SE","Skipped Exon","Dusp12","ENSMUSG00000026659","chr1","-",0.0322542676415599,-0.381,"0.0,1.0,0.168","1.0,0.312,1.0",170707698,170707795,170701756,170702139,170712635,170712768,NA,NA,NA,NA,NA,NA,NA,NA,NA,NA,NA,NA
"KO_vs_Neg","SE","Skipped Exon","Cracr2b","ENSMUSG00000048200","chr7","+",0.0143013349613072,-0.122,"0.942,0.685,0.904","0.963,0.97,0.965",141045678,141045750,141045176,141045269,141045958,141046276,NA,NA,NA,NA,NA,NA,NA,NA,NA,NA,NA,NA
"KO_vs_Neg","SE","Skipped Exon","Samd13","ENSMUSG00000048652","chr3","-",0.000101074968924492,-0.139,"0.954,0.83,0.728","1.0,1.0,0.929",146386516,146386602,146368425,146368537,146391190,146391347,NA,NA,NA,NA,NA,NA,NA,NA,NA,NA,NA,NA
"KO_vs_Neg","SE","Skipped Exon","Lysmd4","ENSMUSG00000043831","chr7","+",0.00214020951838361,-0.154,"0.303,0.343,0.228","0.46,0.424,0.453",66874123,66874149,66873356,66873639,66875611,66878211,NA,NA,NA,NA,NA,NA,NA,NA,NA,NA,NA,NA
"KO_vs_Neg","SE","Skipped Exon","Kansl3","ENSMUSG00000010453","chr1","-",2.35871793202992e-07,-0.116,"0.753,0.725,0.722","0.849,0.844,0.856",36386297,36386375,36384918,36385110,36387605,36387762,NA,NA,NA,NA,NA,NA,NA,NA,NA,NA,NA,NA
"KO_vs_Neg","SE","Skipped Exon","Srsf11","ENSMUSG00000055436","chr3","-",0.0345372453582858,-0.158,"0.489,0.695,0.581","0.757,0.718,0.765",157730334,157730398,157729045,157729868,157732361,157732495,NA,NA,NA,NA,NA,NA,NA,NA,NA,NA,NA,NA
"KO_vs_Neg","SE","Skipped Exon","Kantr","ENSMUSG00000087403","chrX","-",9.71482019983925e-05,0.225,"0.925,1.0,1.0","0.645,0.773,0.833",151103205,151103280,151098307,151098415,151110156,151110235,NA,NA,NA,NA,NA,NA,NA,NA,NA,NA,NA,NA
"KO_vs_Neg","SE","Skipped Exon","Zfp821","ENSMUSG00000031728","chr8","+",6.10111428256999e-07,-0.156,"0.631,0.598,0.557","0.716,0.8,0.739",110434660,110434776,110432719,110433051,110436042,110436159,NA,NA,NA,NA,NA,NA,NA,NA,NA,NA,NA,NA
"KO_vs_Neg","SE","Skipped Exon","Impdh1","ENSMUSG00000003500","chr6","-",1.14613573147781e-11,-0.106,"0.073,0.059,0.042","0.134,0.192,0.166",29201886,29201903,29200443,29201218,29202445,29202529,NA,NA,NA,NA,NA,NA,NA,NA,NA,NA,NA,NA
"KO_vs_Neg","SE","Skipped Exon","Fam178b","ENSMUSG00000046337","chr1","-",0.00104052783350956,-0.178,"0.657,1.0,0.81","1.0,1.0,1.0",36624996,36625080,36617599,36617725,36628317,36628398,NA,NA,NA,NA,NA,NA,NA,NA,NA,NA,NA,NA
"KO_vs_Neg","SE","Skipped Exon","Fndc3b","ENSMUSG00000039286","chr3","-",0.0214858183521787,0.127,"1.0,0.913,1.0","1.0,0.71,0.822",27736886,27736963,27674753,27674829,27765268,27765456,NA,NA,NA,NA,NA,NA,NA,NA,NA,NA,NA,NA
"KO_vs_Neg","SE","Skipped Exon","Tns1","ENSMUSG00000055322","chr1","-",0.0245790057083141,-0.102,"0.828,0.804,0.928","0.944,0.922,1.0",73981068,73981265,73967070,73967269,73991579,73993109,NA,NA,NA,NA,NA,NA,NA,NA,NA,NA,NA,NA
"KO_vs_Neg","SE","Skipped Exon","Rufy4","ENSMUSG00000061815","chr1","+",9.7285158073884e-05,-0.131,"0.848,0.788,0.889","1.0,1.0,0.917",74168497,74168604,74168106,74168232,74168856,74169000,NA,NA,NA,NA,NA,NA,NA,NA,NA,NA,NA,NA
"KO_vs_Neg","SE","Skipped Exon","Vav2","ENSMUSG00000009621","chr2","-",2.21490023612065e-07,-0.114,"0.13,0.146,0.106","0.264,0.24,0.221",27158162,27158249,27157241,27157396,27158910,27159034,NA,NA,NA,NA,NA,NA,NA,NA,NA,NA,NA,NA
"KO_vs_Neg","SE","Skipped Exon","Vav2","ENSMUSG00000009621","chr2","-",1.57248395422558e-12,-0.13,"0.868,0.762,0.865","0.974,0.949,0.961",27174850,27174865,27173320,27173430,27175644,27175777,NA,NA,NA,NA,NA,NA,NA,NA,NA,NA,NA,NA
"KO_vs_Neg","SE","Skipped Exon","Vav2","ENSMUSG00000009621","chr2","-",1.17911954709902e-12,-0.127,"0.81,0.847,0.824","0.926,0.962,0.974",27190441,27190456,27189385,27189484,27192019,27192122,NA,NA,NA,NA,NA,NA,NA,NA,NA,NA,NA,NA
"KO_vs_Neg","SE","Skipped Exon","Kif21b","ENSMUSG00000041642","chr1","+",0.0131504994291873,-0.162,"0.588,0.931,0.897","1.0,1.0,0.901",136094899,136094938,136092755,136092869,136096924,136097061,NA,NA,NA,NA,NA,NA,NA,NA,NA,NA,NA,NA
"KO_vs_Neg","SE","Skipped Exon","Kcnq5","ENSMUSG00000028033","chr1","-",0.0352042772059307,-0.225,"0.849,0.651,0.426","0.971,0.67,0.96",21536606,21536633,21527627,21527848,21539693,21539788,NA,NA,NA,NA,NA,NA,NA,NA,NA,NA,NA,NA
"KO_vs_Neg","SE","Skipped Exon","Meaf6","ENSMUSG00000028863","chr4","+",0,-0.124,"0.842,0.891,0.871","0.992,0.988,0.995",125001309,125001339,124996631,124996824,125001444,125001502,NA,NA,NA,NA,NA,NA,NA,NA,NA,NA,NA,NA
"KO_vs_Neg","SE","Skipped Exon","Meaf6","ENSMUSG00000028863","chr4","+",0,-0.202,"0.74,0.737,0.887","1.0,0.995,0.976",125001309,125001339,124996631,124996824,125002115,125002149,NA,NA,NA,NA,NA,NA,NA,NA,NA,NA,NA,NA
"KO_vs_Neg","SE","Skipped Exon","Meaf6","ENSMUSG00000028863","chr4","+",3.29604882823061e-09,-0.383,"0.381,0.546,0.717","0.937,0.903,0.952",125001309,125001339,124996631,124996824,125003369,125003682,NA,NA,NA,NA,NA,NA,NA,NA,NA,NA,NA,NA
"KO_vs_Neg","SE","Skipped Exon","Meaf6","ENSMUSG00000028863","chr4","+",0,-0.148,"0.825,0.805,0.896","1.0,0.994,0.977",125001444,125001502,124996631,124996824,125002115,125002149,NA,NA,NA,NA,NA,NA,NA,NA,NA,NA,NA,NA
"KO_vs_Neg","SE","Skipped Exon","Pcsk2os1","ENSMUSG00000086171","chr2","-",0.0252145298456913,0.124,"0.562,0.498,0.584","0.403,0.416,0.454",143380985,143381054,143379889,143380042,143384130,143384283,NA,NA,NA,NA,NA,NA,NA,NA,NA,NA,NA,NA
"KO_vs_Neg","SE","Skipped Exon","Ppp4r1l-ps","ENSMUSG00000121504","chr2","-",0.029469513230548,0.124,"0.3,0.382,0.362","0.163,0.261,0.247",173487249,173487351,173457275,173458216,173501115,173501160,NA,NA,NA,NA,NA,NA,NA,NA,NA,NA,NA,NA
"KO_vs_Neg","SE","Skipped Exon","Ppp4r1l-ps","ENSMUSG00000121504","chr2","-",0.0392462745994816,-0.17,"0.647,0.857,0.882","0.895,1.0,1.0",173490962,173491160,173441382,173441480,173501115,173501160,NA,NA,NA,NA,NA,NA,NA,NA,NA,NA,NA,NA
"KO_vs_Neg","SE","Skipped Exon","Ppp4r1l-ps","ENSMUSG00000121504","chr2","-",0.0335838412136193,-0.247,"0.224,0.273,0.156","0.625,0.341,0.429",173490962,173491160,173487249,173487351,173501115,173501160,NA,NA,NA,NA,NA,NA,NA,NA,NA,NA,NA,NA
"KO_vs_Neg","SE","Skipped Exon","Ptcd3","ENSMUSG00000063884","chr6","-",4.89190205707174e-05,0.244,"0.961,0.931,0.884","0.698,0.663,0.683",71866577,71866670,71866324,71866353,71870365,71870510,NA,NA,NA,NA,NA,NA,NA,NA,NA,NA,NA,NA
"KO_vs_Neg","SE","Skipped Exon","Ptcd3","ENSMUSG00000063884","chr6","-",4.87002728395862e-14,-0.107,"0.849,0.86,0.872","0.952,0.981,0.97",71869452,71869503,71866577,71866670,71870365,71870510,NA,NA,NA,NA,NA,NA,NA,NA,NA,NA,NA,NA
"KO_vs_Neg","SE","Skipped Exon","R3hdm1","ENSMUSG00000056211","chr1","+",0.0080207282605076,-0.131,"0.192,0.197,0.256","0.333,0.449,0.257",128118374,128118476,128114494,128114646,128121196,128121493,NA,NA,NA,NA,NA,NA,NA,NA,NA,NA,NA,NA
"KO_vs_Neg","SE","Skipped Exon","Scai","ENSMUSG00000035236","chr2","-",0.0238309352470509,-0.454,"0.0,0.178,0.323","0.827,0.582,0.455",39040325,39040426,39022966,39023098,39079924,39080045,NA,NA,NA,NA,NA,NA,NA,NA,NA,NA,NA,NA
"KO_vs_Neg","SE","Skipped Exon","Tex30","ENSMUSG00000026049","chr1","-",2.67452075506746e-06,-0.253,"0.186,0.156,0.223","0.48,0.434,0.411",44130342,44130372,44127673,44127687,44139007,44139155,NA,NA,NA,NA,NA,NA,NA,NA,NA,NA,NA,NA
"KO_vs_Neg","SE","Skipped Exon","Orai2","ENSMUSG00000039747","chr5","-",0.000154571375973227,-0.162,"0.0,0.0,0.0","0.149,0.178,0.158",136196678,136196741,136190340,136190578,136197219,136197328,NA,NA,NA,NA,NA,NA,NA,NA,NA,NA,NA,NA
"KO_vs_Neg","SE","Skipped Exon","A530032D15Rik","ENSMUSG00000089844","chr1","-",0.00361934791045469,-0.147,"0.89,1.0,0.668","1.0,1.0,1.0",85072017,85072080,85068797,85068910,85077197,85077369,NA,NA,NA,NA,NA,NA,NA,NA,NA,NA,NA,NA
"KO_vs_Neg","SE","Skipped Exon","Acox3","ENSMUSG00000029098","chr5","+",0.00849110204136231,-0.166,"0.632,0.752,0.912","0.919,0.975,0.901",35755658,35755755,35751653,35751742,35757035,35757218,NA,NA,NA,NA,NA,NA,NA,NA,NA,NA,NA,NA
"KO_vs_Neg","SE","Skipped Exon","Ndrg3","ENSMUSG00000027634","chr2","-",3.23076152285551e-07,-0.145,"0.547,0.567,0.577","0.726,0.687,0.714",156771851,156771890,156769264,156770801,156773135,156773187,NA,NA,NA,NA,NA,NA,NA,NA,NA,NA,NA,NA
"KO_vs_Neg","SE","Skipped Exon","Ndrg3","ENSMUSG00000027634","chr2","-",0.0187943558894005,-0.119,"0.793,1.0,0.849","1.0,1.0,1.0",156800386,156800422,156791953,156792059,156833918,156833955,NA,NA,NA,NA,NA,NA,NA,NA,NA,NA,NA,NA
"KO_vs_Neg","SE","Skipped Exon","Psd","ENSMUSG00000037126","chr19","-",0.0157337401514619,0.167,"1.0,0.905,0.903","0.83,0.653,0.824",46314605,46314621,46313392,46313452,46315522,46315595,NA,NA,NA,NA,NA,NA,NA,NA,NA,NA,NA,NA
"KO_vs_Neg","SE","Skipped Exon","Psd","ENSMUSG00000037126","chr19","-",0.00461104151394269,0.452,"1.0,0.633,0.678","0.315,0.324,0.315",46315336,46315446,46313324,46313452,46315522,46315560,NA,NA,NA,NA,NA,NA,NA,NA,NA,NA,NA,NA
"KO_vs_Neg","SE","Skipped Exon","Ap1s2","ENSMUSG00000031367","chrX","+",0.0308856329165366,-0.396,"0.234,0.234,0.579","1.0,1.0,0.234",162703901,162703996,162700701,162700839,162715128,162716352,NA,NA,NA,NA,NA,NA,NA,NA,NA,NA,NA,NA
"KO_vs_Neg","SE","Skipped Exon","P2rx3","ENSMUSG00000027071","chr2","-",0.0317491235553265,0.112,"0.279,0.115,0.124","0.037,0.121,0.025",84862864,84862891,84855260,84855335,84865524,84865831,NA,NA,NA,NA,NA,NA,NA,NA,NA,NA,NA,NA
"KO_vs_Neg","SE","Skipped Exon","BC004004","ENSMUSG00000052712","chr17","+",0.0106302594620461,0.174,"0.559,0.733,0.58","0.422,0.454,0.474",29501033,29501241,29487798,29487976,29512980,29513135,NA,NA,NA,NA,NA,NA,NA,NA,NA,NA,NA,NA
"KO_vs_Neg","SE","Skipped Exon","Zfr2","ENSMUSG00000034949","chr10","+",0.00847206023471595,0.386,"0.876,1.0,0.668","0.112,0.274,1.0",81069448,81069595,81069009,81069076,81075263,81075348,NA,NA,NA,NA,NA,NA,NA,NA,NA,NA,NA,NA
"KO_vs_Neg","SE","Skipped Exon","Nrg1","ENSMUSG00000062991","chr8","-",0.00787523325658319,0.338,"0.443,0.544,0.724","0.296,0.172,0.229",32327697,32327756,32316280,32316383,32328288,32328356,NA,NA,NA,NA,NA,NA,NA,NA,NA,NA,NA,NA
"KO_vs_Neg","SE","Skipped Exon","Nrg1","ENSMUSG00000062991","chr8","-",9.85810079603617e-05,0.134,"0.196,0.264,0.269","0.094,0.099,0.133",32328288,32328356,32327118,32327756,32339337,32339403,NA,NA,NA,NA,NA,NA,NA,NA,NA,NA,NA,NA
"KO_vs_Neg","SE","Skipped Exon","Wdr59","ENSMUSG00000031959","chr8","-",1.62992134312236e-10,-0.209,"0.244,0.149,0.141","0.393,0.356,0.411",112199261,112199318,112193420,112193554,112202675,112202829,NA,NA,NA,NA,NA,NA,NA,NA,NA,NA,NA,NA
"KO_vs_Neg","SE","Skipped Exon","Ccnt2","ENSMUSG00000026349","chr1","+",0.0465370922166992,0.468,"0.262,1.0,0.477","0.0,0.336,0.0",127721094,127721155,127702837,127702919,127725577,127725623,NA,NA,NA,NA,NA,NA,NA,NA,NA,NA,NA,NA
"KO_vs_Neg","SE","Skipped Exon","Pou2f1","ENSMUSG00000026565","chr1","-",0.00284873402122446,0.298,"0.843,1.0,1.0","0.676,0.544,0.728",165773470,165773571,165744490,165744591,165830130,165830178,NA,NA,NA,NA,NA,NA,NA,NA,NA,NA,NA,NA
"KO_vs_Neg","SE","Skipped Exon","Slc25a25","ENSMUSG00000026819","chr2","-",2.35871793202992e-07,-0.143,"0.264,0.28,0.246","0.381,0.41,0.429",32310667,32310703,32310316,32310428,32311314,32311402,NA,NA,NA,NA,NA,NA,NA,NA,NA,NA,NA,NA
"KO_vs_Neg","SE","Skipped Exon","Ankrd29","ENSMUSG00000057766","chr18","-",0.018595430265896,0.237,"0.906,0.944,0.903","0.706,0.813,0.524",12423773,12423872,12415359,12415458,12428935,12429046,NA,NA,NA,NA,NA,NA,NA,NA,NA,NA,NA,NA
"KO_vs_Neg","SE","Skipped Exon","Syt14","ENSMUSG00000016200","chr1","-",0,-0.232,"0.099,0.076,0.115","0.333,0.293,0.359",192581158,192581215,192579517,192579928,192584059,192584249,NA,NA,NA,NA,NA,NA,NA,NA,NA,NA,NA,NA
"KO_vs_Neg","SE","Skipped Exon","Syt14","ENSMUSG00000016200","chr1","-",3.38493363773274e-12,0.101,"0.129,0.148,0.172","0.041,0.064,0.041",192665827,192667219,192662653,192662869,192669025,192669190,NA,NA,NA,NA,NA,NA,NA,NA,NA,NA,NA,NA
"KO_vs_Neg","SE","Skipped Exon","Cntrl","ENSMUSG00000057110","chr2","+",0.000147959548322663,-0.147,"0.783,0.952,0.825","1.0,1.0,1.0",35006683,35006814,35003335,35003466,35008066,35008208,NA,NA,NA,NA,NA,NA,NA,NA,NA,NA,NA,NA
"KO_vs_Neg","SE","Skipped Exon","Cttn","ENSMUSG00000031078","chr7","-",6.8288542885926e-09,-0.729,"0.188,0.471,0.154","1.0,1.0,1.0",144003673,144003758,144003296,144003352,144008412,144008523,NA,NA,NA,NA,NA,NA,NA,NA,NA,NA,NA,NA
"KO_vs_Neg","SE","Skipped Exon","Cttn","ENSMUSG00000031078","chr7","-",3.37487787587716e-06,-0.145,"0.862,0.936,0.768","1.0,1.0,1.0",144005763,144005874,144003296,144003352,144008412,144008523,NA,NA,NA,NA,NA,NA,NA,NA,NA,NA,NA,NA
"KO_vs_Neg","SE","Skipped Exon","Cnga3","ENSMUSG00000026114","chr1","+",0.0180098651679026,-0.149,"0.312,0.131,0.204","0.406,0.262,0.426",37280907,37281021,37271289,37271426,37283913,37284093,NA,NA,NA,NA,NA,NA,NA,NA,NA,NA,NA,NA
"KO_vs_Neg","SE","Skipped Exon","Erlin2","ENSMUSG00000031483","chr8","+",0.0020442450320854,-0.221,"0.258,0.147,0.245","0.363,0.368,0.582",27514861,27514955,27513893,27514193,27515084,27515206,NA,NA,NA,NA,NA,NA,NA,NA,NA,NA,NA,NA
"KO_vs_Neg","SE","Skipped Exon","Kcnma1","ENSMUSG00000063142","chr14","-",0.00173894214176825,-0.269,"0.592,0.535,0.766","0.842,0.962,0.895",23475634,23475808,23436327,23436421,23486017,23486094,NA,NA,NA,NA,NA,NA,NA,NA,NA,NA,NA,NA
"KO_vs_Neg","SE","Skipped Exon","Kcnma1","ENSMUSG00000063142","chr14","-",0.0018482764322582,-0.348,"0.412,0.437,0.695","0.789,0.953,0.846",23475634,23475817,23436327,23436421,23486017,23486094,NA,NA,NA,NA,NA,NA,NA,NA,NA,NA,NA,NA
"KO_vs_Neg","SE","Skipped Exon","Gramd1a","ENSMUSG00000001248","chr7","-",0,-0.209,"0.165,0.168,0.198","0.367,0.364,0.427",30832644,30832656,30832182,30832290,30833415,30833503,NA,NA,NA,NA,NA,NA,NA,NA,NA,NA,NA,NA
"KO_vs_Neg","SE","Skipped Exon","Gm12610","ENSMUSG00000086035","chr4","+",0.00932612733071725,0.128,"1.0,1.0,0.93","0.679,0.868,1.0",89214789,89214947,89213088,89213434,89288010,89288109,NA,NA,NA,NA,NA,NA,NA,NA,NA,NA,NA,NA
"KO_vs_Neg","SE","Skipped Exon","Gm12610","ENSMUSG00000086035","chr4","+",0.00119252906055898,-0.214,"0.0,0.0,0.367","0.367,0.58,0.061",89254883,89254991,89214808,89214841,89255914,89256050,NA,NA,NA,NA,NA,NA,NA,NA,NA,NA,NA,NA
"KO_vs_Neg","SE","Skipped Exon","Gm12610","ENSMUSG00000086035","chr4","+",0.0389495408969778,-0.321,"0.183,0.37,0.061","0.511,0.554,0.511",89255914,89256050,89214808,89214841,89268569,89268625,NA,NA,NA,NA,NA,NA,NA,NA,NA,NA,NA,NA
"KO_vs_Neg","SE","Skipped Exon","Gm12610","ENSMUSG00000086035","chr4","+",0.00132256919009905,-0.204,"0.053,0.148,0.104","0.314,0.324,0.278",89255914,89256050,89214808,89214841,89288010,89288109,NA,NA,NA,NA,NA,NA,NA,NA,NA,NA,NA,NA
"KO_vs_Neg","SE","Skipped Exon","Gm12610","ENSMUSG00000086035","chr4","+",0.00153749771048222,-0.503,"0.343,1.0,0.148","1.0,1.0,1.0",89255914,89256050,89214808,89214841,89347835,89348979,NA,NA,NA,NA,NA,NA,NA,NA,NA,NA,NA,NA
"KO_vs_Neg","SE","Skipped Exon","Gm12610","ENSMUSG00000086035","chr4","+",0.000383736868123937,0.383,"1.0,1.0,1.0","0.294,0.556,1.0",89271433,89271838,89214789,89214947,89274945,89274997,NA,NA,NA,NA,NA,NA,NA,NA,NA,NA,NA,NA
"KO_vs_Neg","SE","Skipped Exon","Gm12610","ENSMUSG00000086035","chr4","+",4.35125952553704e-08,-0.684,"0.34,0.607,0.0","1.0,1.0,1.0",89273540,89273584,89272254,89272373,89274945,89274997,NA,NA,NA,NA,NA,NA,NA,NA,NA,NA,NA,NA
"KO_vs_Neg","SE","Skipped Exon","Gm12610","ENSMUSG00000086035","chr4","+",0.00392780294386128,-0.114,"0.05,0.0,0.0","0.156,0.198,0.038",89274945,89274997,89214789,89214841,89288010,89288109,NA,NA,NA,NA,NA,NA,NA,NA,NA,NA,NA,NA
"KO_vs_Neg","SE","Skipped Exon","Gm12610","ENSMUSG00000086035","chr4","+",0.000704699979737126,-0.129,"0.0,0.0,0.0","0.238,0.15,0.0",89274945,89274997,89214789,89214947,89288010,89288109,NA,NA,NA,NA,NA,NA,NA,NA,NA,NA,NA,NA
"KO_vs_Neg","SE","Skipped Exon","Gm12610","ENSMUSG00000086035","chr4","+",0.00158102200979344,0.404,"0.832,0.903,0.812","0.355,0.553,0.426",89275354,89275446,89274945,89274997,89288010,89288109,NA,NA,NA,NA,NA,NA,NA,NA,NA,NA,NA,NA
"KO_vs_Neg","SE","Skipped Exon","Gm12610","ENSMUSG00000086035","chr4","+",0.0119991889166999,0.155,"1.0,0.865,1.0","0.688,0.711,1.0",89288010,89288109,89214808,89214841,89340867,89340979,NA,NA,NA,NA,NA,NA,NA,NA,NA,NA,NA,NA
"KO_vs_Neg","SE","Skipped Exon","Rpl7a","ENSMUSG00000062647","chr2","+",0.0011179254597746,0.323,"1.0,1.0,1.0","0.364,0.667,1.0",26802304,26802457,26802030,26802171,26802999,26803069,NA,NA,NA,NA,NA,NA,NA,NA,NA,NA,NA,NA
"KO_vs_Neg","SE","Skipped Exon","Srsf6","ENSMUSG00000016921","chr2","+",0,-0.145,"0.076,0.092,0.064","0.17,0.306,0.191",162774734,162775002,162773913,162774062,162775345,162775470,NA,NA,NA,NA,NA,NA,NA,NA,NA,NA,NA,NA
"KO_vs_Neg","SE","Skipped Exon","Clip1","ENSMUSG00000049550","chr5","-",1.87729181849722e-05,-0.12,"0.781,0.952,0.837","0.983,0.989,0.958",123719654,123719660,123718062,123718187,123720782,123720832,NA,NA,NA,NA,NA,NA,NA,NA,NA,NA,NA,NA
"KO_vs_Neg","SE","Skipped Exon","Oasl2","ENSMUSG00000029561","chr5","+",0.00194400611541618,-0.105,"0.915,0.851,0.859","1.0,1.0,0.941",115037802,115038091,115034996,115035923,115039300,115039476,NA,NA,NA,NA,NA,NA,NA,NA,NA,NA,NA,NA
"KO_vs_Neg","SE","Skipped Exon","Pym1","ENSMUSG00000064030","chr10","+",4.25565791403236e-06,-0.123,"0.177,0.225,0.204","0.335,0.338,0.302",128586151,128586206,128584396,128584435,128601015,128601109,NA,NA,NA,NA,NA,NA,NA,NA,NA,NA,NA,NA
"KO_vs_Neg","SE","Skipped Exon","Atp6v1h","ENSMUSG00000033793","chr1","+",4.81042567023373e-07,0.105,"0.801,0.831,0.814","0.741,0.706,0.684",5171292,5171346,5168251,5168356,5187612,5187710,NA,NA,NA,NA,NA,NA,NA,NA,NA,NA,NA,NA
"KO_vs_Neg","SE","Skipped Exon","Gm6526","ENSMUSG00000091698","chr14","+",0.00707067312495897,-0.161,"0.0,0.0,0.0","0.042,0.364,0.077",43988175,43988357,43987358,43987490,43992315,43993405,NA,NA,NA,NA,NA,NA,NA,NA,NA,NA,NA,NA
"KO_vs_Neg","SE","Skipped Exon","Gm6526","ENSMUSG00000091698","chr14","+",0.0153924149693322,-0.149,"0.2,0.0,0.0","0.042,0.462,0.143",43988175,43988445,43987358,43987490,43992315,43992503,NA,NA,NA,NA,NA,NA,NA,NA,NA,NA,NA,NA
"KO_vs_Neg","SE","Skipped Exon","Cdc123","ENSMUSG00000039128","chr2","-",0.00509903739725643,-0.631,"0.201,0.334,0.0","1.0,0.429,1.0",5815606,5815655,5803171,5803300,5827912,5828008,NA,NA,NA,NA,NA,NA,NA,NA,NA,NA,NA,NA
"KO_vs_Neg","SE","Skipped Exon","St6galnac6","ENSMUSG00000026811","chr2","+",0.0165449193020555,-0.127,"0.685,0.741,0.736","0.91,0.888,0.745",32498053,32498108,32497037,32497123,32499237,32499328,NA,NA,NA,NA,NA,NA,NA,NA,NA,NA,NA,NA
"KO_vs_Neg","SE","Skipped Exon","St6galnac6","ENSMUSG00000026811","chr2","+",0.0297119179549733,0.271,"0.0,0.5,0.455","0.143,0.0,0.0",32498053,32498237,32489737,32489848,32502235,32502415,NA,NA,NA,NA,NA,NA,NA,NA,NA,NA,NA,NA
"KO_vs_Neg","SE","Skipped Exon","Tacc2","ENSMUSG00000030852","chr7","+",0.00942232873776256,-0.138,"0.0,0.0,0.0","0.031,0.384,0.0",130346256,130346346,130345273,130345414,130352919,130353063,NA,NA,NA,NA,NA,NA,NA,NA,NA,NA,NA,NA
"KO_vs_Neg","SE","Skipped Exon","Tmem87b","ENSMUSG00000014353","chr2","+",0.000491481149081786,-0.315,"1.0,0.337,0.719","1.0,1.0,1.0",128681067,128681174,128679221,128679315,128683165,128683263,NA,NA,NA,NA,NA,NA,NA,NA,NA,NA,NA,NA
"KO_vs_Neg","SE","Skipped Exon","Phf19","ENSMUSG00000026873","chr2","-",0.000709619632772441,0.179,"1.0,1.0,1.0","0.642,0.822,1.0",34788935,34789023,34788085,34788171,34789594,34789660,NA,NA,NA,NA,NA,NA,NA,NA,NA,NA,NA,NA
"KO_vs_Neg","SE","Skipped Exon","Arhgap17","ENSMUSG00000030766","chr7","-",2.16891139148455e-05,0.277,"0.385,0.483,0.376","0.179,0.032,0.201",122882999,122883048,122878502,122879339,122884642,122884690,NA,NA,NA,NA,NA,NA,NA,NA,NA,NA,NA,NA
"KO_vs_Neg","SE","Skipped Exon","Arhgap17","ENSMUSG00000030766","chr7","-",0.046107204128786,-0.152,"0.247,0.293,0.319","0.441,0.532,0.343",122884642,122884690,122878440,122879339,122885720,122886236,NA,NA,NA,NA,NA,NA,NA,NA,NA,NA,NA,NA
"KO_vs_Neg","SE","Skipped Exon","Chn1","ENSMUSG00000056486","chr2","-",0.0278909490520549,0.127,"1.0,1.0,1.0","1.0,0.619,1.0",73509958,73510247,73462089,73462174,73551746,73551785,NA,NA,NA,NA,NA,NA,NA,NA,NA,NA,NA,NA
"KO_vs_Neg","SE","Skipped Exon","Chn1","ENSMUSG00000056486","chr2","-",0.0483638696905426,0.167,"1.0,1.0,1.0","1.0,0.498,1.0",73537262,73537376,73462089,73462174,73551746,73551785,NA,NA,NA,NA,NA,NA,NA,NA,NA,NA,NA,NA
"KO_vs_Neg","SE","Skipped Exon","Ankrd10","ENSMUSG00000031508","chr8","-",8.62398856460128e-07,-0.13,"0.257,0.234,0.183","0.354,0.358,0.351",11670261,11670373,11669061,11669297,11678438,11678530,NA,NA,NA,NA,NA,NA,NA,NA,NA,NA,NA,NA
"KO_vs_Neg","SE","Skipped Exon","Dennd1a","ENSMUSG00000035392","chr2","-",1.41421107178906e-05,-0.176,"0.622,0.7,0.747","0.859,0.882,0.856",37695083,37695212,37692026,37692285,37706927,37707016,NA,NA,NA,NA,NA,NA,NA,NA,NA,NA,NA,NA
"KO_vs_Neg","SE","Skipped Exon","Shf","ENSMUSG00000033256","chr2","-",0.00361024470371303,0.2,"0.574,0.48,0.63","0.388,0.375,0.321",122184509,122184678,122184245,122184441,122187563,122187770,NA,NA,NA,NA,NA,NA,NA,NA,NA,NA,NA,NA
"KO_vs_Neg","SE","Skipped Exon","Shf","ENSMUSG00000033256","chr2","-",0.00269614247029298,0.206,"0.577,0.459,0.614","0.378,0.338,0.315",122184511,122184678,122184245,122184441,122187563,122187770,NA,NA,NA,NA,NA,NA,NA,NA,NA,NA,NA,NA
"KO_vs_Neg","SE","Skipped Exon","Shf","ENSMUSG00000033256","chr2","-",0.00193224473615851,-0.151,"0.352,0.37,0.393","0.508,0.498,0.562",122185955,122186096,122184509,122184678,122187563,122187770,NA,NA,NA,NA,NA,NA,NA,NA,NA,NA,NA,NA
"KO_vs_Neg","SE","Skipped Exon","Stk3","ENSMUSG00000022329","chr15","-",0,-0.16,"0.038,0.049,0.016","0.197,0.185,0.2",35115083,35115104,35114674,35114803,35115710,35115791,NA,NA,NA,NA,NA,NA,NA,NA,NA,NA,NA,NA
"KO_vs_Neg","SE","Skipped Exon","Supt20","ENSMUSG00000027751","chr3","+",5.65869836396314e-07,-0.136,"0.81,0.747,0.745","0.905,0.93,0.875",54604371,54604430,54602543,54602628,54606013,54606080,NA,NA,NA,NA,NA,NA,NA,NA,NA,NA,NA,NA
"KO_vs_Neg","SE","Skipped Exon","Col11a2","ENSMUSG00000024330","chr17","+",0.00222968206318526,-0.305,"0.291,0.648,1.0","1.0,0.855,1.0",34264744,34264822,34263792,34263984,34268592,34268652,NA,NA,NA,NA,NA,NA,NA,NA,NA,NA,NA,NA
"KO_vs_Neg","SE","Skipped Exon","Col11a2","ENSMUSG00000024330","chr17","+",0.000170632618295717,-0.804,"0.0,0.0,0.0","0.413,1.0,1.0",34265413,34265476,34264744,34264822,34268592,34268652,NA,NA,NA,NA,NA,NA,NA,NA,NA,NA,NA,NA
"KO_vs_Neg","SE","Skipped Exon","Col11a2","ENSMUSG00000024330","chr17","+",0.000660163944790229,-0.421,"0.2,0.286,1.0","1.0,0.75,1.0",34266071,34266251,34263792,34263984,34268592,34268652,NA,NA,NA,NA,NA,NA,NA,NA,NA,NA,NA,NA
"KO_vs_Neg","SE","Skipped Exon","Col11a2","ENSMUSG00000024330","chr17","+",5.42260061893034e-05,-0.601,"0.667,0.154,0.091","0.714,1.0,1.0",34266071,34266251,34264744,34264822,34268592,34268652,NA,NA,NA,NA,NA,NA,NA,NA,NA,NA,NA,NA
"KO_vs_Neg","SE","Skipped Exon","Srrm4","ENSMUSG00000063919","chr5","-",0.000285361628026205,-0.142,"0.081,0.138,0.08","0.198,0.334,0.192",116592731,116592747,116591467,116591772,116605490,116605647,NA,NA,NA,NA,NA,NA,NA,NA,NA,NA,NA,NA
"KO_vs_Neg","SE","Skipped Exon","Pkp4","ENSMUSG00000026991","chr2","+",2.69411801612426e-06,-0.113,"0.774,0.732,0.713","0.827,0.88,0.852",59180837,59180966,59178267,59178385,59182605,59182679,NA,NA,NA,NA,NA,NA,NA,NA,NA,NA,NA,NA
"KO_vs_Neg","SE","Skipped Exon","Mfsd4a","ENSMUSG00000059149","chr1","-",0.0216852162995577,-0.26,"1.0,0.361,0.859","1.0,1.0,1.0",131969595,131969666,131968277,131968398,131974043,131974191,NA,NA,NA,NA,NA,NA,NA,NA,NA,NA,NA,NA
"KO_vs_Neg","SE","Skipped Exon","Gm9888","ENSMUSG00000052724","chr9","+",0.0426544879145927,-0.426,"0.0,0.0,0.0","0.111,1.0,0.167",114610365,114610549,114609167,114609379,114610756,114611325,NA,NA,NA,NA,NA,NA,NA,NA,NA,NA,NA,NA
"KO_vs_Neg","SE","Skipped Exon","Scn9a","ENSMUSG00000075316","chr2","-",0.000289860712560766,-0.49,"0.093,0.436,1.0","1.0,1.0,1.0",66393679,66393771,66392689,66392902,66395446,66395575,NA,NA,NA,NA,NA,NA,NA,NA,NA,NA,NA,NA
"KO_vs_Neg","SE","Skipped Exon","Nasp","ENSMUSG00000028693","chr4","-",0.00197004811675459,0.135,"0.643,0.637,0.561","0.404,0.5,0.531",116467599,116468574,116462880,116462960,116469168,116469278,NA,NA,NA,NA,NA,NA,NA,NA,NA,NA,NA,NA
"KO_vs_Neg","SE","Skipped Exon","Arfgap1","ENSMUSG00000027575","chr2","+",0,-0.199,"0.727,0.781,0.789","0.973,0.95,0.97",180620204,180620234,180619112,180619145,180620963,180621020,NA,NA,NA,NA,NA,NA,NA,NA,NA,NA,NA,NA
"KO_vs_Neg","SE","Skipped Exon","Arfgap1","ENSMUSG00000027575","chr2","+",0.0248977324613621,0.163,"1.0,1.0,0.938","0.765,0.685,1.0",180620963,180621020,180619112,180619145,180621453,180621513,NA,NA,NA,NA,NA,NA,NA,NA,NA,NA,NA,NA
"KO_vs_Neg","SE","Skipped Exon","Txndc11","ENSMUSG00000022498","chr16","-",0.0119544197466075,0.208,"0.917,1.0,1.0","0.428,1.0,0.866",10922429,10922523,10909449,10909650,10952131,10952437,NA,NA,NA,NA,NA,NA,NA,NA,NA,NA,NA,NA
"KO_vs_Neg","SE","Skipped Exon","Txndc11","ENSMUSG00000022498","chr16","-",0.0134406168381687,-0.159,"1.0,0.644,0.879","1.0,1.0,1.0",10940533,10940631,10922429,10922523,10952131,10952417,NA,NA,NA,NA,NA,NA,NA,NA,NA,NA,NA,NA
"KO_vs_Neg","SE","Skipped Exon","Metap1d","ENSMUSG00000041921","chr2","+",0.000394579136646062,-0.198,"0.494,0.478,0.418","0.664,0.704,0.617",71352876,71352974,71342469,71342512,71354145,71354193,NA,NA,NA,NA,NA,NA,NA,NA,NA,NA,NA,NA
"KO_vs_Neg","SE","Skipped Exon","Metap1d","ENSMUSG00000041921","chr2","+",0.0106706382448254,-0.113,"0.763,0.711,0.791","0.865,0.848,0.89",71352876,71352974,71345980,71346144,71354145,71354193,NA,NA,NA,NA,NA,NA,NA,NA,NA,NA,NA,NA
"KO_vs_Neg","SE","Skipped Exon","Nbea","ENSMUSG00000027799","chr3","-",0,-0.284,"0.615,0.641,0.535","0.899,0.845,0.898",55901468,55901477,55899754,55899935,55907907,55908061,NA,NA,NA,NA,NA,NA,NA,NA,NA,NA,NA,NA
"KO_vs_Neg","SE","Skipped Exon","Kcnq2","ENSMUSG00000016346","chr2","-",0.000269222982321057,-0.1,"0.14,0.143,0.131","0.24,0.194,0.279",180745434,180745464,180742342,180742411,180746679,180746774,NA,NA,NA,NA,NA,NA,NA,NA,NA,NA,NA,NA
"KO_vs_Neg","SE","Skipped Exon","Rabep1","ENSMUSG00000020817","chr11","+",0.000392035717296393,0.275,"1.0,1.0,0.909","0.643,0.922,0.519",70775590,70775794,70735800,70735834,70784394,70784514,NA,NA,NA,NA,NA,NA,NA,NA,NA,NA,NA,NA
"KO_vs_Neg","SE","Skipped Exon","Kbtbd3","ENSMUSG00000025893","chr9","+",1.60550812379365e-06,0.223,"0.394,0.331,0.389","0.203,0.084,0.157",4313701,4313806,4309834,4309934,4316826,4317071,NA,NA,NA,NA,NA,NA,NA,NA,NA,NA,NA,NA
"KO_vs_Neg","SE","Skipped Exon","Fchsd2","ENSMUSG00000030691","chr7","+",3.23449531294299e-08,-0.165,"0.054,0.056,0.098","0.315,0.155,0.232",100895508,100895580,100893327,100893423,100899651,100899768,NA,NA,NA,NA,NA,NA,NA,NA,NA,NA,NA,NA
"KO_vs_Neg","SE","Skipped Exon","Mtf2","ENSMUSG00000029267","chr5","+",0.0106706382448254,-0.288,"0.667,0.468,1.0","1.0,1.0,1.0",108221172,108221320,108215325,108215438,108226731,108226840,NA,NA,NA,NA,NA,NA,NA,NA,NA,NA,NA,NA
"KO_vs_Neg","SE","Skipped Exon","Mtf2","ENSMUSG00000029267","chr5","+",8.24576479614268e-07,-0.111,"0.796,0.897,0.912","0.988,1.0,0.949",108221172,108221320,108215325,108215438,108228690,108228707,NA,NA,NA,NA,NA,NA,NA,NA,NA,NA,NA,NA
"KO_vs_Neg","SE","Skipped Exon","Mtf2","ENSMUSG00000029267","chr5","+",0.0213611197277697,-0.385,"0.486,0.422,0.458","0.852,1.0,0.669",108226731,108226840,108215325,108215438,108228690,108228889,NA,NA,NA,NA,NA,NA,NA,NA,NA,NA,NA,NA
"KO_vs_Neg","SE","Skipped Exon","Aak1","ENSMUSG00000057230","chr6","+",0.000197034406429403,-0.179,"0.706,0.829,0.659","0.883,0.938,0.911",86947972,86948068,86944250,86944355,86959523,86959625,NA,NA,NA,NA,NA,NA,NA,NA,NA,NA,NA,NA
"KO_vs_Neg","SE","Skipped Exon","Aak1","ENSMUSG00000057230","chr6","+",0.00394987846876026,-0.233,"0.55,0.515,0.553","0.735,0.884,0.697",86958277,86958379,86944250,86944355,86959523,86959625,NA,NA,NA,NA,NA,NA,NA,NA,NA,NA,NA,NA
"KO_vs_Neg","SE","Skipped Exon","Aak1","ENSMUSG00000057230","chr6","+",0.0486570243046259,-0.252,"0.394,0.523,0.519","0.842,0.849,0.502",86959523,86959625,86947972,86948068,86972821,86974604,NA,NA,NA,NA,NA,NA,NA,NA,NA,NA,NA,NA
"KO_vs_Neg","SE","Skipped Exon","Aak1","ENSMUSG00000057230","chr6","+",7.6903684394055e-06,-0.274,"0.431,0.384,0.442","0.656,0.706,0.717",86960793,86960904,86959523,86959625,86972821,86974604,NA,NA,NA,NA,NA,NA,NA,NA,NA,NA,NA,NA
"KO_vs_Neg","SE","Skipped Exon","Srrt","ENSMUSG00000037364","chr5","-",6.37563633124305e-07,-0.169,"0.161,0.149,0.109","0.24,0.408,0.279",137299579,137299909,137298505,137298675,137300387,137300576,NA,NA,NA,NA,NA,NA,NA,NA,NA,NA,NA,NA
"KO_vs_Neg","SE","Skipped Exon","Gramd1b","ENSMUSG00000040111","chr9","-",4.3831913840888e-05,-0.129,"0.091,0.067,0.136","0.173,0.332,0.177",40211735,40211747,40211284,40211392,40214793,40214884,NA,NA,NA,NA,NA,NA,NA,NA,NA,NA,NA,NA
"KO_vs_Neg","SE","Skipped Exon","Gtf2a2","ENSMUSG00000033543","chr9","+",6.7420731410003e-09,0.427,"0.493,0.443,0.565","0.045,0.012,0.163",69924354,69924473,69924100,69924205,69929718,69930020,NA,NA,NA,NA,NA,NA,NA,NA,NA,NA,NA,NA
"KO_vs_Neg","SE","Skipped Exon","Ywhag","ENSMUSG00000051391","chr5","-",0.0271134425432059,-0.181,"0.224,0.252,0.381","0.418,0.51,0.472",135961370,135961496,135959538,135959803,135963176,135963470,NA,NA,NA,NA,NA,NA,NA,NA,NA,NA,NA,NA
"KO_vs_Neg","SE","Skipped Exon","Rprd2","ENSMUSG00000028106","chr3","-",0.0101629166687206,-0.184,"0.755,0.515,0.698","0.849,0.809,0.863",95693631,95693763,95692365,95692418,95694595,95694696,NA,NA,NA,NA,NA,NA,NA,NA,NA,NA,NA,NA
"KO_vs_Neg","SE","Skipped Exon","Tmem38b","ENSMUSG00000028420","chr4","+",0.000600643802644099,-0.432,"1.0,0.0,0.0","1.0,1.0,0.295",53850473,53850561,53826044,53826220,53859881,53862019,NA,NA,NA,NA,NA,NA,NA,NA,NA,NA,NA,NA
"KO_vs_Neg","SE","Skipped Exon","Inpp4a","ENSMUSG00000026113","chr1","+",0.040880943796105,-0.101,"0.639,0.621,0.685","0.751,0.699,0.799",37413352,37413370,37411391,37411500,37416658,37416842,NA,NA,NA,NA,NA,NA,NA,NA,NA,NA,NA,NA
"KO_vs_Neg","SE","Skipped Exon","Inpp4a","ENSMUSG00000026113","chr1","+",0.00163289301585616,-0.183,"0.218,0.142,0.12","0.344,0.285,0.4",37413355,37413370,37411391,37411500,37416658,37416842,NA,NA,NA,NA,NA,NA,NA,NA,NA,NA,NA,NA
"KO_vs_Neg","SE","Skipped Exon","Inpp4a","ENSMUSG00000026113","chr1","+",4.63345353354838e-08,-0.212,"0.519,0.563,0.488","0.73,0.774,0.702",37422419,37422452,37419002,37419141,37426778,37426951,NA,NA,NA,NA,NA,NA,NA,NA,NA,NA,NA,NA
"KO_vs_Neg","SE","Skipped Exon","Gabpb1","ENSMUSG00000027361","chr2","-",0.0411775774548673,0.131,"1.0,1.0,1.0","0.816,0.958,0.834",126504910,126505008,126500389,126500497,126517214,126517272,NA,NA,NA,NA,NA,NA,NA,NA,NA,NA,NA,NA
"KO_vs_Neg","SE","Skipped Exon","Hmbs","ENSMUSG00000032126","chr9","-",0.0283072303349987,0.245,"1.0,1.0,1.0","1.0,0.47,0.795",44248652,44248772,44247635,44248142,44249211,44249272,NA,NA,NA,NA,NA,NA,NA,NA,NA,NA,NA,NA
"KO_vs_Neg","SE","Skipped Exon","Sar1a","ENSMUSG00000020088","chr10","+",0.000164035948027787,-0.522,"0.768,0.0,0.665","1.0,1.0,1.0",61525390,61525466,61521332,61521398,61525552,61525605,NA,NA,NA,NA,NA,NA,NA,NA,NA,NA,NA,NA
"KO_vs_Neg","SE","Skipped Exon","Nrg4","ENSMUSG00000032311","chr9","-",0.0458315802330393,-0.118,"0.0,0.0,0.0","0.149,0.081,0.123",55229613,55229676,55226876,55226986,55233863,55234128,NA,NA,NA,NA,NA,NA,NA,NA,NA,NA,NA,NA
"KO_vs_Neg","SE","Skipped Exon","Anapc1","ENSMUSG00000014355","chr2","-",3.48347657179142e-06,0.188,"0.985,0.937,0.933","0.839,0.707,0.746",128520130,128520204,128518021,128518167,128526421,128526583,NA,NA,NA,NA,NA,NA,NA,NA,NA,NA,NA,NA
"KO_vs_Neg","SE","Skipped Exon","Fastkd3","ENSMUSG00000021532","chr13","+",0.049491525621214,-0.574,"0.571,0.0,0.231","0.524,1.0,1.0",68732254,68732475,68730352,68730383,68733296,68733382,NA,NA,NA,NA,NA,NA,NA,NA,NA,NA,NA,NA
"KO_vs_Neg","SE","Skipped Exon","Gatb","ENSMUSG00000028085","chr3","+",0.00369988263867092,-0.131,"0.976,0.737,0.824","0.929,1.0,1.0",85552276,85552355,85526130,85526320,85559587,85559722,NA,NA,NA,NA,NA,NA,NA,NA,NA,NA,NA,NA
"KO_vs_Neg","SE","Skipped Exon","Madd","ENSMUSG00000040687","chr2","-",0,-0.262,"0.191,0.215,0.273","0.492,0.51,0.462",90971153,90971162,90970901,90970971,90973100,90973207,NA,NA,NA,NA,NA,NA,NA,NA,NA,NA,NA,NA
"KO_vs_Neg","SE","Skipped Exon","Madd","ENSMUSG00000040687","chr2","-",0,-0.194,"0.698,0.663,0.653","0.892,0.856,0.848",90990661,90990715,90989549,90989650,90992372,90992579,NA,NA,NA,NA,NA,NA,NA,NA,NA,NA,NA,NA
"KO_vs_Neg","SE","Skipped Exon","Necap2","ENSMUSG00000028923","chr4","-",0.00846632458832028,-0.221,"0.168,0.292,0.192","0.308,0.595,0.411",140798165,140798251,140797366,140797544,140799839,140799948,NA,NA,NA,NA,NA,NA,NA,NA,NA,NA,NA,NA
"KO_vs_Neg","SE","Skipped Exon","Necap2","ENSMUSG00000028923","chr4","-",6.9759537458973e-11,-0.17,"0.742,0.81,0.656","0.885,0.934,0.899",140798891,140799006,140797392,140797544,140799839,140799948,NA,NA,NA,NA,NA,NA,NA,NA,NA,NA,NA,NA
"KO_vs_Neg","SE","Skipped Exon","Necap2","ENSMUSG00000028923","chr4","-",1.67299300675475e-07,-0.188,"0.691,0.766,0.588","0.852,0.899,0.857",140798891,140799028,140797366,140797544,140799839,140799948,NA,NA,NA,NA,NA,NA,NA,NA,NA,NA,NA,NA
"KO_vs_Neg","SE","Skipped Exon","Pum1","ENSMUSG00000028580","chr4","+",0.00212387908698107,0.383,"1.0,0.667,1.0","1.0,0.333,0.185",130455308,130455475,130445464,130445573,130468773,130468867,NA,NA,NA,NA,NA,NA,NA,NA,NA,NA,NA,NA
"KO_vs_Neg","SE","Skipped Exon","Dclk2","ENSMUSG00000028078","chr3","-",1.4489641181007e-07,-0.113,"0.052,0.042,0.061","0.135,0.196,0.163",86695928,86695941,86693459,86694719,86699301,86699622,NA,NA,NA,NA,NA,NA,NA,NA,NA,NA,NA,NA
"KO_vs_Neg","SE","Skipped Exon","Dclk2","ENSMUSG00000028078","chr3","-",0,-0.206,"0.607,0.61,0.623","0.822,0.857,0.778",86738130,86738178,86731942,86732037,86739039,86739141,NA,NA,NA,NA,NA,NA,NA,NA,NA,NA,NA,NA
"KO_vs_Neg","SE","Skipped Exon","Kcnc3","ENSMUSG00000062785","chr7","+",0.000906739352620324,-0.139,"0.044,0.089,0.065","0.205,0.215,0.196",44247013,44247043,44244584,44245692,44247804,44247999,NA,NA,NA,NA,NA,NA,NA,NA,NA,NA,NA,NA
"KO_vs_Neg","SE","Skipped Exon","Eno4","ENSMUSG00000048029","chr19","+",0.000545958976046291,0.39,"1.0,1.0,1.0","1.0,0.303,0.527",58957504,58957622,58956933,58957001,58959083,58959849,NA,NA,NA,NA,NA,NA,NA,NA,NA,NA,NA,NA
"KO_vs_Neg","SE","Skipped Exon","Mfsd6","ENSMUSG00000041439","chr1","-",0.000198872229382038,-0.173,"0.517,0.607,0.459","0.721,0.652,0.729",52697857,52697882,52695685,52697704,52699965,52700246,NA,NA,NA,NA,NA,NA,NA,NA,NA,NA,NA,NA
"KO_vs_Neg","SE","Skipped Exon","Cux2","ENSMUSG00000042589","chr5","-",0.0162477581546589,0.208,"0.88,1.0,1.0","1.0,0.742,0.514",122059376,122059424,122036339,122036418,122181832,122181907,NA,NA,NA,NA,NA,NA,NA,NA,NA,NA,NA,NA
"KO_vs_Neg","SE","Skipped Exon","A830082K12Rik","ENSMUSG00000087143","chr13","+",0.0377260582545205,-0.1,"0.0,0.048,0.0","0.0,0.28,0.067",78363558,78363809,78346135,78346341,78379336,78379532,NA,NA,NA,NA,NA,NA,NA,NA,NA,NA,NA,NA
"KO_vs_Neg","SE","Skipped Exon","Bmf","ENSMUSG00000040093","chr2","-",0.00581516616079677,-0.169,"0.023,0.048,0.0","0.274,0.0,0.305",118377774,118377851,118377389,118377493,118379521,118379651,NA,NA,NA,NA,NA,NA,NA,NA,NA,NA,NA,NA
"KO_vs_Neg","SE","Skipped Exon","Pate2","ENSMUSG00000074452","chr9","+",0.0468372593436264,0.205,"0.599,1.0,1.0","0.473,0.512,1.0",35523067,35523167,35485525,35485683,35580718,35581030,NA,NA,NA,NA,NA,NA,NA,NA,NA,NA,NA,NA
"KO_vs_Neg","SE","Skipped Exon","Rpap1","ENSMUSG00000034032","chr2","-",0.00397952809314755,0.126,"0.476,0.409,0.446","0.351,0.346,0.256",119617701,119617778,119614214,119614451,119617895,119618000,NA,NA,NA,NA,NA,NA,NA,NA,NA,NA,NA,NA
"KO_vs_Neg","SE","Skipped Exon","Mapkbp1","ENSMUSG00000033902","chr2","+",9.07482972994859e-05,-0.135,"0.131,0.0,0.013","0.181,0.235,0.132",119843781,119843799,119843392,119843575,119844099,119844260,NA,NA,NA,NA,NA,NA,NA,NA,NA,NA,NA,NA
"KO_vs_Neg","SE","Skipped Exon","Sucla2","ENSMUSG00000022110","chr14","+",0.00187962157845569,0.459,"1.0,0.349,1.0","0.243,0.728,0.0",73816795,73816924,73806073,73806173,73828196,73828358,NA,NA,NA,NA,NA,NA,NA,NA,NA,NA,NA,NA
"KO_vs_Neg","SE","Skipped Exon","Cbfa2t3","ENSMUSG00000006362","chr8","-",0.0369857674057446,0.124,"1.0,1.0,1.0","1.0,0.627,1.0",123377068,123377215,123370030,123370272,123425553,123425848,NA,NA,NA,NA,NA,NA,NA,NA,NA,NA,NA,NA
"KO_vs_Neg","SE","Skipped Exon","Crb1","ENSMUSG00000063681","chr1","-",0.0377170930882721,-0.134,"0.835,0.694,0.864","0.962,0.886,0.946",139242308,139242491,139175401,139176813,139250964,139251104,NA,NA,NA,NA,NA,NA,NA,NA,NA,NA,NA,NA
"KO_vs_Neg","SE","Skipped Exon","Eldr","ENSMUSG00000087060","chr11","-",0.00932912474050794,-0.122,"0.849,0.797,0.811","0.881,1.0,0.943",16900881,16900930,16887372,16887484,16901019,16901082,NA,NA,NA,NA,NA,NA,NA,NA,NA,NA,NA,NA
"KO_vs_Neg","SE","Skipped Exon","H2az1","ENSMUSG00000037894","chr3","+",5.41749748501678e-08,-0.104,"0.676,0.67,0.669","0.772,0.772,0.782",137571280,137571394,137570740,137570971,137571771,137571810,NA,NA,NA,NA,NA,NA,NA,NA,NA,NA,NA,NA
"KO_vs_Neg","SE","Skipped Exon","H2az1","ENSMUSG00000037894","chr3","+",3.80243513453489e-08,-0.131,"0.382,0.377,0.39","0.522,0.495,0.526",137571318,137571394,137570893,137570971,137571771,137571901,NA,NA,NA,NA,NA,NA,NA,NA,NA,NA,NA,NA
"KO_vs_Neg","SE","Skipped Exon","Mtif3","ENSMUSG00000016510","chr5","-",0.0395594587391891,0.122,"0.225,0.341,0.379","0.225,0.18,0.174",146900030,146900190,146895634,146896086,146900532,146900597,NA,NA,NA,NA,NA,NA,NA,NA,NA,NA,NA,NA
"KO_vs_Neg","SE","Skipped Exon","Map2","ENSMUSG00000015222","chr1","+",0.00288488435659825,0.304,"0.811,0.795,0.867","0.321,0.688,0.552",66451565,66455306,66440602,66440680,66455502,66455709,NA,NA,NA,NA,NA,NA,NA,NA,NA,NA,NA,NA
"KO_vs_Neg","SE","Skipped Exon","Map2","ENSMUSG00000015222","chr1","+",1.56982519725045e-05,0.165,"0.569,0.576,0.494","0.358,0.374,0.413",66470685,66470778,66464355,66464687,66472672,66472754,NA,NA,NA,NA,NA,NA,NA,NA,NA,NA,NA,NA
"KO_vs_Neg","SE","Skipped Exon","Dennd6b","ENSMUSG00000015377","chr15","-",2.96332256889269e-05,0.139,"0.463,0.432,0.463","0.321,0.331,0.289",89077137,89077321,89075192,89075231,89080421,89080647,NA,NA,NA,NA,NA,NA,NA,NA,NA,NA,NA,NA
"KO_vs_Neg","SE","Skipped Exon","A730017L22Rik","ENSMUSG00000085566","chr2","-",0.000949756838661116,-0.524,"1.0,0.271,0.157","1.0,1.0,1.0",130725230,130725348,130721618,130724250,130748130,130748276,NA,NA,NA,NA,NA,NA,NA,NA,NA,NA,NA,NA
"KO_vs_Neg","SE","Skipped Exon","A730017L22Rik","ENSMUSG00000085566","chr2","-",0.0399157144627646,-0.174,"1.0,0.739,0.739","1.0,1.0,1.0",130725748,130725907,130721618,130724250,130748130,130748276,NA,NA,NA,NA,NA,NA,NA,NA,NA,NA,NA,NA
"KO_vs_Neg","SE","Skipped Exon","Prpf38b","ENSMUSG00000027881","chr3","-",0.0106209600931573,0.102,"0.471,0.464,0.523","0.381,0.386,0.385",108813233,108813304,108812426,108812650,108815102,108815163,NA,NA,NA,NA,NA,NA,NA,NA,NA,NA,NA,NA
"KO_vs_Neg","SE","Skipped Exon","Adam33","ENSMUSG00000027318","chr2","-",0.00789447806688823,-0.276,"0.663,0.686,0.724","1.0,0.902,1.0",130895142,130895220,130894961,130895070,130895309,130895508,NA,NA,NA,NA,NA,NA,NA,NA,NA,NA,NA,NA
"KO_vs_Neg","SE","Skipped Exon","Adam33","ENSMUSG00000027318","chr2","-",0.00908058398359683,-0.244,"0.646,0.587,0.68","1.0,0.646,1.0",130895142,130895238,130894961,130895070,130895309,130895508,NA,NA,NA,NA,NA,NA,NA,NA,NA,NA,NA,NA
"KO_vs_Neg","SE","Skipped Exon","Gpcpd1","ENSMUSG00000027346","chr2","-",0,0.279,"0.722,0.746,0.748","0.466,0.435,0.478",132400526,132400602,132398854,132398896,132406546,132406631,NA,NA,NA,NA,NA,NA,NA,NA,NA,NA,NA,NA
"KO_vs_Neg","SE","Skipped Exon","Firre","ENSMUSG00000085396","chrX","-",0.00011137324627041,-0.613,"0.387,0.387,0.387","1.0,1.0,1.0",49694952,49695039,49692247,49692402,49697563,49697691,NA,NA,NA,NA,NA,NA,NA,NA,NA,NA,NA,NA
"KO_vs_Neg","SE","Skipped Exon","Firre","ENSMUSG00000085396","chrX","-",0.00458933005833043,-0.32,"0.506,0.434,0.606","1.0,1.0,0.506",49695839,49695981,49694884,49695039,49697347,49697481,NA,NA,NA,NA,NA,NA,NA,NA,NA,NA,NA,NA
"KO_vs_Neg","SE","Skipped Exon","Firre","ENSMUSG00000085396","chrX","-",0.0201878515714369,0.479,"0.345,1.0,1.0","0.0,0.231,0.678",49697347,49697481,49694884,49695039,49697563,49697691,NA,NA,NA,NA,NA,NA,NA,NA,NA,NA,NA,NA
"KO_vs_Neg","SE","Skipped Exon","Firre","ENSMUSG00000085396","chrX","-",0.00564529502139107,0.437,"0.661,1.0,1.0","0.41,0.183,0.758",49697347,49697484,49694952,49695039,49697563,49697691,NA,NA,NA,NA,NA,NA,NA,NA,NA,NA,NA,NA
"KO_vs_Neg","SE","Skipped Exon","Firre","ENSMUSG00000085396","chrX","-",0.0426477357375252,0.431,"0.519,1.0,1.0","0.0,0.382,0.844",49697354,49697481,49694952,49695039,49697563,49697691,NA,NA,NA,NA,NA,NA,NA,NA,NA,NA,NA,NA
"KO_vs_Neg","SE","Skipped Exon","Gm13563","ENSMUSG00000085767","chr2","+",1.49989886308965e-07,0.682,"0.913,0.706,0.75","0.0,0.067,0.257",26278253,26278404,26277609,26277794,26278565,26279030,NA,NA,NA,NA,NA,NA,NA,NA,NA,NA,NA,NA
"KO_vs_Neg","SE","Skipped Exon","Gm5535","ENSMUSG00000074758","chr2","-",0.0322444816106712,-0.171,"0.412,0.421,0.448","0.621,0.56,0.612",144031060,144031153,143942278,143942437,144032846,144032967,NA,NA,NA,NA,NA,NA,NA,NA,NA,NA,NA,NA
"KO_vs_Neg","SE","Skipped Exon","Gm5535","ENSMUSG00000074758","chr2","-",4.56500818988912e-10,-0.202,"0.182,0.118,0.158","0.323,0.411,0.329",144031060,144031153,144016446,144016664,144032846,144032967,NA,NA,NA,NA,NA,NA,NA,NA,NA,NA,NA,NA
"KO_vs_Neg","SE","Skipped Exon","Osgepl1","ENSMUSG00000026096","chr1","+",0.000519909488951428,0.183,"0.891,0.804,0.785","0.634,0.661,0.637",53360654,53360726,53360238,53360369,53362325,53362429,NA,NA,NA,NA,NA,NA,NA,NA,NA,NA,NA,NA
"KO_vs_Neg","SE","Skipped Exon","Cop1","ENSMUSG00000040782","chr1","+",0.0214614417680184,0.169,"0.797,1.0,1.0","0.792,0.949,0.548",159094326,159094386,159086237,159086312,159105658,159105716,NA,NA,NA,NA,NA,NA,NA,NA,NA,NA,NA,NA
"KO_vs_Neg","SE","Skipped Exon","Sema3b","ENSMUSG00000057969","chr9","-",0.00742092805545533,-0.174,"0.944,1.0,0.533","1.0,1.0,1.0",107482645,107482786,107482167,107482354,107483748,107484133,NA,NA,NA,NA,NA,NA,NA,NA,NA,NA,NA,NA
"KO_vs_Neg","SE","Skipped Exon","Sema3b","ENSMUSG00000057969","chr9","-",1.31575646051455e-07,-0.474,"0.655,0.476,0.448","1.0,1.0,1.0",107483748,107484133,107482645,107482786,107484232,107484291,NA,NA,NA,NA,NA,NA,NA,NA,NA,NA,NA,NA
"KO_vs_Neg","SE","Skipped Exon","Pecr","ENSMUSG00000026189","chr1","-",1.6421188651274e-10,0.103,"0.941,0.979,0.926","0.812,0.852,0.872",72315324,72315490,72314044,72314126,72316445,72316579,NA,NA,NA,NA,NA,NA,NA,NA,NA,NA,NA,NA
"KO_vs_Neg","SE","Skipped Exon","Crlf2","ENSMUSG00000033467","chr5","-",1.8690515378786e-08,-0.133,"0.714,0.733,0.767","0.871,0.894,0.849",109703372,109703493,109703138,109703223,109703884,109704047,NA,NA,NA,NA,NA,NA,NA,NA,NA,NA,NA,NA
"KO_vs_Neg","SE","Skipped Exon","Crlf2","ENSMUSG00000033467","chr5","-",2.33810745276595e-07,-0.18,"0.566,0.582,0.644","0.774,0.807,0.751",109703372,109703526,109703138,109703223,109703884,109704047,NA,NA,NA,NA,NA,NA,NA,NA,NA,NA,NA,NA
"KO_vs_Neg","SE","Skipped Exon","Tacc1","ENSMUSG00000065954","chr8","-",0.00391621527632886,0.571,"1.0,1.0,1.0","1.0,0.0,0.287",25669286,25669322,25667949,25668010,25672152,25672946,NA,NA,NA,NA,NA,NA,NA,NA,NA,NA,NA,NA
"KO_vs_Neg","SE","Skipped Exon","Qrsl1","ENSMUSG00000019863","chr10","-",0.0368912023919205,-0.344,"0.375,1.0,0.375","1.0,0.783,1.0",43771429,43771528,43764964,43765132,43777609,43777662,NA,NA,NA,NA,NA,NA,NA,NA,NA,NA,NA,NA
"KO_vs_Neg","SE","Skipped Exon","Adgrb2","ENSMUSG00000028782","chr4","+",0.0421347689663104,-0.121,"1.0,0.75,0.886","1.0,1.0,1.0",129908727,129908826,129908343,129908429,129911321,129911417,NA,NA,NA,NA,NA,NA,NA,NA,NA,NA,NA,NA
"KO_vs_Neg","SE","Skipped Exon","Dtnbp1","ENSMUSG00000057531","chr13","-",0.0160393049056953,-0.114,"0.878,0.933,0.846","1.0,1.0,1.0",45106647,45106670,45100221,45100604,45123521,45123616,NA,NA,NA,NA,NA,NA,NA,NA,NA,NA,NA,NA
"KO_vs_Neg","SE","Skipped Exon","Dtnbp1","ENSMUSG00000057531","chr13","-",0.037710760371215,-0.306,"0.5,0.5,0.333","0.75,1.0,0.5",45149306,45149482,45147160,45147214,45154856,45155123,NA,NA,NA,NA,NA,NA,NA,NA,NA,NA,NA,NA
"KO_vs_Neg","SE","Skipped Exon","Ttc3","ENSMUSG00000040785","chr16","+",6.9744369406148e-07,0.136,"0.702,0.731,0.727","0.592,0.556,0.603",94209412,94209575,94204172,94204227,94210542,94210588,NA,NA,NA,NA,NA,NA,NA,NA,NA,NA,NA,NA
"KO_vs_Neg","SE","Skipped Exon","Ttc3","ENSMUSG00000040785","chr16","+",0.00881632589639568,0.121,"0.593,0.57,0.474","0.405,0.407,0.461",94209412,94209575,94204172,94204227,94216807,94216817,NA,NA,NA,NA,NA,NA,NA,NA,NA,NA,NA,NA
"KO_vs_Neg","SE","Skipped Exon","Kif1b","ENSMUSG00000063077","chr4","-",2.85424473481053e-09,-0.146,"0.694,0.684,0.749","0.843,0.866,0.855",149345616,149345658,149342326,149342460,149346592,149346735,NA,NA,NA,NA,NA,NA,NA,NA,NA,NA,NA,NA
"KO_vs_Neg","SE","Skipped Exon","Epb41l1","ENSMUSG00000027624","chr2","+",4.52438670776283e-05,0.437,"1.0,1.0,0.667","0.422,0.211,0.722",156363157,156365080,156355947,156356130,156365580,156365691,NA,NA,NA,NA,NA,NA,NA,NA,NA,NA,NA,NA
"KO_vs_Neg","SE","Skipped Exon","AI480526","ENSMUSG00000090086","chr5","-",0.0154633436588318,0.416,"1.0,1.0,1.0","1.0,0.282,0.469",123272676,123272780,123272394,123272464,123276017,123276129,NA,NA,NA,NA,NA,NA,NA,NA,NA,NA,NA,NA
"KO_vs_Neg","SE","Skipped Exon","AI480526","ENSMUSG00000090086","chr5","-",0.000858312253400101,-0.367,"0.197,0.702,1.0","1.0,1.0,1.0",123272676,123272780,123272394,123272493,123276017,123276129,NA,NA,NA,NA,NA,NA,NA,NA,NA,NA,NA,NA
"KO_vs_Neg","SE","Skipped Exon","AI480526","ENSMUSG00000090086","chr5","-",0.00485112557425794,-0.309,"0.203,0.871,1.0","1.0,1.0,1.0",123272686,123272780,123271785,123272493,123276017,123276083,NA,NA,NA,NA,NA,NA,NA,NA,NA,NA,NA,NA
"KO_vs_Neg","SE","Skipped Exon","AI480526","ENSMUSG00000090086","chr5","-",0.0149079780698938,0.41,"1.0,1.0,1.0","1.0,0.29,0.479",123272686,123272780,123271789,123272464,123276017,123276083,NA,NA,NA,NA,NA,NA,NA,NA,NA,NA,NA,NA
"KO_vs_Neg","SE","Skipped Exon","AI480526","ENSMUSG00000090086","chr5","-",0.000301569523552588,-0.619,"0.144,0.0,1.0","1.0,1.0,1.0",123272883,123272955,123271789,123272493,123276017,123276129,NA,NA,NA,NA,NA,NA,NA,NA,NA,NA,NA,NA
"KO_vs_Neg","SE","Skipped Exon","Exoc1","ENSMUSG00000036435","chr5","+",2.85784889087982e-10,-0.278,"0.185,0.173,0.279","0.446,0.471,0.553",76688593,76688614,76685544,76685704,76689897,76690085,NA,NA,NA,NA,NA,NA,NA,NA,NA,NA,NA,NA
"KO_vs_Neg","SE","Skipped Exon","Arhgef1","ENSMUSG00000040940","chr7","+",0.0137489998888895,-0.104,"0.104,0.029,0.05","0.167,0.225,0.104",24617944,24617956,24617319,24617425,24618608,24618776,NA,NA,NA,NA,NA,NA,NA,NA,NA,NA,NA,NA
"KO_vs_Neg","SE","Skipped Exon","Atg4c","ENSMUSG00000028550","chr4","+",0.0105684842985388,-0.15,"0.774,0.772,0.83","0.931,0.967,0.927",99123303,99123423,99112650,99112787,99146633,99148020,NA,NA,NA,NA,NA,NA,NA,NA,NA,NA,NA,NA
"KO_vs_Neg","SE","Skipped Exon","Rsrc1","ENSMUSG00000034544","chr3","+",0.00117943099596661,-0.448,"0.255,0.316,0.35","0.763,0.738,0.763",66896366,66896494,66893299,66893422,66901849,66902045,NA,NA,NA,NA,NA,NA,NA,NA,NA,NA,NA,NA
"KO_vs_Neg","SE","Skipped Exon","Catsperg1","ENSMUSG00000049676","chr7","-",0.00192020009697441,-0.176,"1.0,0.673,0.706","1.0,1.0,0.906",28884861,28885018,28884612,28884676,28889234,28889291,NA,NA,NA,NA,NA,NA,NA,NA,NA,NA,NA,NA
"KO_vs_Neg","SE","Skipped Exon","Tnfsf13os","ENSMUSG00000085890","chr11","+",0.0429805506119817,0.36,"1.0,1.0,1.0","0.545,1.0,0.374",69574252,69574352,69572963,69572973,69575229,69575499,NA,NA,NA,NA,NA,NA,NA,NA,NA,NA,NA,NA
"KO_vs_Neg","SE","Skipped Exon","Top3b","ENSMUSG00000022779","chr16","+",0.00829937143087169,0.201,"0.888,0.859,0.782","0.551,0.619,0.757",16692932,16693019,16688670,16688762,16695695,16695880,NA,NA,NA,NA,NA,NA,NA,NA,NA,NA,NA,NA
"KO_vs_Neg","SE","Skipped Exon","Top3b","ENSMUSG00000022779","chr16","+",0.00874827321748142,0.193,"0.891,0.869,0.789","0.561,0.643,0.766",16692935,16693019,16688670,16688762,16695695,16695880,NA,NA,NA,NA,NA,NA,NA,NA,NA,NA,NA,NA
"KO_vs_Neg","SE","Skipped Exon","Adnp","ENSMUSG00000051149","chr2","-",0.0253773402612745,-0.269,"0.308,0.467,0.263","0.618,0.714,0.512",168046519,168046694,168029486,168029579,168048493,168048842,NA,NA,NA,NA,NA,NA,NA,NA,NA,NA,NA,NA
"KO_vs_Neg","SE","Skipped Exon","Arfip1","ENSMUSG00000074513","chr3","-",0.0167773021872379,0.158,"0.882,1.0,1.0","0.939,0.932,0.538",84426788,84427010,84417114,84417289,84441893,84442002,NA,NA,NA,NA,NA,NA,NA,NA,NA,NA,NA,NA
"KO_vs_Neg","SE","Skipped Exon","Zfp467","ENSMUSG00000068551","chr6","-",0.00723953508609704,-0.448,"0.05,0.408,0.58","1.0,0.707,0.674",48419769,48419836,48419558,48419672,48421904,48422024,NA,NA,NA,NA,NA,NA,NA,NA,NA,NA,NA,NA
"KO_vs_Neg","SE","Skipped Exon","Zfp655","ENSMUSG00000007812","chr5","+",0.0227036519693985,0.141,"1.0,0.883,0.856","0.71,0.793,0.812",145172546,145172673,145172115,145172201,145179729,145179834,NA,NA,NA,NA,NA,NA,NA,NA,NA,NA,NA,NA
"KO_vs_Neg","SE","Skipped Exon","Slx1b","ENSMUSG00000059772","chr7","-",6.45783341027346e-05,0.112,"0.763,0.731,0.781","0.646,0.628,0.664",126291924,126291976,126291099,126291831,126294596,126294811,NA,NA,NA,NA,NA,NA,NA,NA,NA,NA,NA,NA
"KO_vs_Neg","SE","Skipped Exon","Cep128","ENSMUSG00000061533","chr12","-",5.44742156697302e-06,-0.352,"0.538,0.547,0.86","1.0,1.0,1.0",91222348,91222513,91200817,91200994,91226759,91227410,NA,NA,NA,NA,NA,NA,NA,NA,NA,NA,NA,NA
"KO_vs_Neg","SE","Skipped Exon","Nrbp1","ENSMUSG00000029148","chr5","+",6.18673836442836e-13,-0.154,"0.126,0.118,0.128","0.285,0.271,0.278",31403665,31403689,31403094,31403189,31404685,31404769,NA,NA,NA,NA,NA,NA,NA,NA,NA,NA,NA,NA
"KO_vs_Neg","SE","Skipped Exon","Tpd52l2","ENSMUSG00000000827","chr2","+",1.40448697869395e-10,-0.172,"0.433,0.42,0.427","0.604,0.61,0.581",181152296,181152323,181149958,181150060,181153366,181153408,NA,NA,NA,NA,NA,NA,NA,NA,NA,NA,NA,NA
"KO_vs_Neg","SE","Skipped Exon","Wnk1","ENSMUSG00000045962","chr6","-",2.44679240431569e-10,-0.167,"0.072,0.038,0.056","0.215,0.14,0.311",119905083,119905110,119904007,119904195,119906786,119906828,NA,NA,NA,NA,NA,NA,NA,NA,NA,NA,NA,NA
"KO_vs_Neg","SE","Skipped Exon","Wnk1","ENSMUSG00000045962","chr6","-",0.015461084253138,-0.363,"0.437,0.169,0.703","0.766,0.685,0.947",119905083,119905110,119904007,119904195,119909650,119909722,NA,NA,NA,NA,NA,NA,NA,NA,NA,NA,NA,NA
"KO_vs_Neg","SE","Skipped Exon","Wnk1","ENSMUSG00000045962","chr6","-",0,-0.108,"0.033,0.044,0.045","0.17,0.13,0.145",119905083,119905110,119904007,119904195,119911216,119911411,NA,NA,NA,NA,NA,NA,NA,NA,NA,NA,NA,NA
"KO_vs_Neg","SE","Skipped Exon","Wnk1","ENSMUSG00000045962","chr6","-",0.000435639705412285,0.156,"0.276,0.274,0.214","0.077,0.082,0.136",119909650,119909722,119905083,119905110,119911216,119911290,NA,NA,NA,NA,NA,NA,NA,NA,NA,NA,NA,NA
"KO_vs_Neg","SE","Skipped Exon","Oprl1","ENSMUSG00000027584","chr2","+",0.0392144624232755,0.306,"0.879,0.674,0.903","0.453,0.522,0.564",181359747,181359886,181357482,181357724,181360169,181360525,NA,NA,NA,NA,NA,NA,NA,NA,NA,NA,NA,NA
"KO_vs_Neg","SE","Skipped Exon","Sec22a","ENSMUSG00000034473","chr16","-",0.000397604323611943,0.118,"1.0,0.974,0.899","0.825,0.807,0.888",35167968,35168163,35149867,35149983,35181930,35182129,NA,NA,NA,NA,NA,NA,NA,NA,NA,NA,NA,NA
"KO_vs_Neg","SE","Skipped Exon","Tnik","ENSMUSG00000027692","chr3","+",0,-0.251,"0.409,0.402,0.39","0.653,0.65,0.65",28649055,28649142,28648170,28648281,28650220,28650409,NA,NA,NA,NA,NA,NA,NA,NA,NA,NA,NA,NA
"KO_vs_Neg","SE","Skipped Exon","Tnik","ENSMUSG00000027692","chr3","+",1.23175881259333e-11,-0.201,"0.582,0.613,0.612","0.799,0.824,0.788",28679347,28679371,28677159,28677257,28684579,28684764,NA,NA,NA,NA,NA,NA,NA,NA,NA,NA,NA,NA
"KO_vs_Neg","SE","Skipped Exon","Rpl13a","ENSMUSG00000074129","chr7","-",0.00680742345937908,0.272,"0.269,0.648,0.197","0.269,0.028,0.0",44776165,44776218,44775901,44775961,44776632,44776698,NA,NA,NA,NA,NA,NA,NA,NA,NA,NA,NA,NA
"KO_vs_Neg","SE","Skipped Exon","Catsper2","ENSMUSG00000033486","chr2","-",3.54264412175028e-05,0.619,"1.0,1.0,1.0","0.0,1.0,0.143",121237187,121237343,121236809,121236934,121240618,121240687,NA,NA,NA,NA,NA,NA,NA,NA,NA,NA,NA,NA
"KO_vs_Neg","SE","Skipped Exon","1700028K03Rik","ENSMUSG00000089798","chr5","+",0.00310014260646562,0.21,"1.0,1.0,0.821","0.754,0.746,0.692",107691785,107691879,107686995,107687089,107694066,107694145,NA,NA,NA,NA,NA,NA,NA,NA,NA,NA,NA,NA
"KO_vs_Neg","SE","Skipped Exon","1700028K03Rik","ENSMUSG00000089798","chr5","+",0.0320882237974556,0.257,"1.0,1.0,0.667","0.538,0.643,0.714",107693553,107693722,107686995,107687089,107694066,107694145,NA,NA,NA,NA,NA,NA,NA,NA,NA,NA,NA,NA
"KO_vs_Neg","SE","Skipped Exon","1700028K03Rik","ENSMUSG00000089798","chr5","+",0.00656163919249714,0.221,"1.0,1.0,1.0","0.625,0.793,0.92",107693553,107693722,107691785,107691879,107694066,107694145,NA,NA,NA,NA,NA,NA,NA,NA,NA,NA,NA,NA
"KO_vs_Neg","SE","Skipped Exon","Slc22a5","ENSMUSG00000018900","chr11","-",0.0424580198358786,-0.134,"0.817,0.659,0.606","0.836,0.864,0.784",53766834,53766989,53765760,53765932,53781972,53782486,NA,NA,NA,NA,NA,NA,NA,NA,NA,NA,NA,NA
"KO_vs_Neg","SE","Skipped Exon","Hnrnph2","ENSMUSG00000045427","chrX","+",0.0065104623714062,0.132,"0.661,0.634,0.595","0.493,0.429,0.571",133503666,133503711,133503440,133503511,133505603,133507133,NA,NA,NA,NA,NA,NA,NA,NA,NA,NA,NA,NA
"KO_vs_Neg","SE","Skipped Exon","Pum2","ENSMUSG00000020594","chr12","+",0.00221275573516066,0.102,"0.617,0.661,0.623","0.552,0.52,0.523",8783272,8783509,8778855,8779149,8793760,8794028,NA,NA,NA,NA,NA,NA,NA,NA,NA,NA,NA,NA
"KO_vs_Neg","SE","Skipped Exon","Dedd","ENSMUSG00000013973","chr1","+",0.00360744050385193,-0.117,"0.609,0.514,0.587","0.697,0.733,0.63",171158801,171158853,171156966,171157094,171165819,171166208,NA,NA,NA,NA,NA,NA,NA,NA,NA,NA,NA,NA
"KO_vs_Neg","SE","Skipped Exon","Dedd","ENSMUSG00000013973","chr1","+",3.58857652800141e-07,-0.108,"0.782,0.692,0.759","0.843,0.875,0.84",171158820,171158853,171156712,171157094,171165819,171165907,NA,NA,NA,NA,NA,NA,NA,NA,NA,NA,NA,NA
"KO_vs_Neg","SE","Skipped Exon","Dedd","ENSMUSG00000013973","chr1","+",1.05148268450366e-09,-0.112,"0.815,0.783,0.808","0.907,0.902,0.932",171158820,171158853,171157136,171157260,171165819,171165907,NA,NA,NA,NA,NA,NA,NA,NA,NA,NA,NA,NA
"KO_vs_Neg","SE","Skipped Exon","Cetn4","ENSMUSG00000045031","chr3","-",0.0159343983391592,0.194,"0.617,0.633,0.596","0.416,0.4,0.447",37364085,37364214,37363493,37363631,37364441,37364588,NA,NA,NA,NA,NA,NA,NA,NA,NA,NA,NA,NA
"KO_vs_Neg","SE","Skipped Exon","Zfp870","ENSMUSG00000095325","chr17","-",0.00332777360923471,-0.239,"0.0,0.085,0.0","0.271,0.482,0.05",33109267,33109385,33104930,33105057,33110414,33110564,NA,NA,NA,NA,NA,NA,NA,NA,NA,NA,NA,NA
"KO_vs_Neg","SE","Skipped Exon","Smc2","ENSMUSG00000028312","chr4","+",0.0153924149693322,0.126,"0.097,0.143,0.25","0.111,0.0,0.0",52442252,52442402,52439242,52439334,52447712,52447751,NA,NA,NA,NA,NA,NA,NA,NA,NA,NA,NA,NA
"KO_vs_Neg","SE","Skipped Exon","D3Ertd751e","ENSMUSG00000025766","chr3","+",0.0249939586868813,-0.239,"0.22,0.184,0.258","0.644,0.34,0.394",41699139,41699247,41697097,41697124,41700982,41701163,NA,NA,NA,NA,NA,NA,NA,NA,NA,NA,NA,NA
"KO_vs_Neg","SE","Skipped Exon","Hpca","ENSMUSG00000028785","chr4","-",2.50591242386703e-05,-0.107,"0.064,0.089,0.16","0.232,0.208,0.193",129013942,129013993,129012397,129012555,129015014,129015100,NA,NA,NA,NA,NA,NA,NA,NA,NA,NA,NA,NA
"KO_vs_Neg","SE","Skipped Exon","Hpca","ENSMUSG00000028785","chr4","-",0.0316890146825126,-0.198,"0.566,0.788,1.0","0.947,1.0,1.0",129013942,129013993,129012397,129012555,129015362,129015501,NA,NA,NA,NA,NA,NA,NA,NA,NA,NA,NA,NA
"KO_vs_Neg","SE","Skipped Exon","Pxylp1","ENSMUSG00000043587","chr9","-",0.000859731505663549,-0.531,"0.0,0.0,0.406","0.0,1.0,1.0",96741950,96742019,96738420,96738552,96742843,96743079,NA,NA,NA,NA,NA,NA,NA,NA,NA,NA,NA,NA
"KO_vs_Neg","SE","Skipped Exon","Sec24c","ENSMUSG00000039367","chr14","+",0.000147706165558198,-0.164,"0.277,0.29,0.252","0.455,0.361,0.495",20735279,20735348,20733952,20734089,20736576,20736678,NA,NA,NA,NA,NA,NA,NA,NA,NA,NA,NA,NA
"KO_vs_Neg","SE","Skipped Exon","Camk2d","ENSMUSG00000053819","chr3","+",0.00188208593475365,-0.345,"0.778,0.438,0.51","1.0,0.937,0.824",126601856,126601898,126599505,126599565,126604287,126604336,NA,NA,NA,NA,NA,NA,NA,NA,NA,NA,NA,NA
"KO_vs_Neg","SE","Skipped Exon","Abraxas1","ENSMUSG00000035234","chr5","-",0.00654077143016338,-0.365,"0.211,0.138,0.0","0.0,1.0,0.445",100965827,100965864,100959874,100960068,100968696,100968806,NA,NA,NA,NA,NA,NA,NA,NA,NA,NA,NA,NA
"KO_vs_Neg","SE","Skipped Exon","Gapvd1","ENSMUSG00000026867","chr2","-",4.67053846577322e-12,-0.216,"0.3,0.295,0.293","0.575,0.467,0.495",34612949,34613030,34610579,34610740,34615054,34615244,NA,NA,NA,NA,NA,NA,NA,NA,NA,NA,NA,NA
"KO_vs_Neg","SE","Skipped Exon","D5Ertd615e","ENSMUSG00000029092","chr5","-",0.000648564982067954,-0.215,"0.803,0.784,0.767","1.0,1.0,1.0",45312239,45312407,45166512,45169718,45326707,45326944,NA,NA,NA,NA,NA,NA,NA,NA,NA,NA,NA,NA
"KO_vs_Neg","SE","Skipped Exon","Bltp1","ENSMUSG00000037270","chr3","+",1.08742985562931e-06,-0.181,"0.623,0.711,0.761","0.907,0.814,0.918",37046825,37046876,37043943,37044037,37048923,37049130,NA,NA,NA,NA,NA,NA,NA,NA,NA,NA,NA,NA
"KO_vs_Neg","SE","Skipped Exon","Camk2g","ENSMUSG00000021820","chr14","-",0,-0.206,"0.163,0.146,0.238","0.414,0.36,0.392",20791445,20791559,20789394,20789470,20792772,20792821,NA,NA,NA,NA,NA,NA,NA,NA,NA,NA,NA,NA
"KO_vs_Neg","SE","Skipped Exon","R3hdm2","ENSMUSG00000025404","chr10","+",1.0332366936271e-05,-0.244,"0.889,0.75,0.628","1.0,1.0,1.0",127307636,127307869,127295335,127295444,127319844,127320022,NA,NA,NA,NA,NA,NA,NA,NA,NA,NA,NA,NA
"KO_vs_Neg","SE","Skipped Exon","R3hdm2","ENSMUSG00000025404","chr10","+",0,-0.109,"0.088,0.068,0.074","0.197,0.198,0.161",127317561,127317624,127312388,127312567,127319844,127320087,NA,NA,NA,NA,NA,NA,NA,NA,NA,NA,NA,NA
"KO_vs_Neg","SE","Skipped Exon","R3hdm2","ENSMUSG00000025404","chr10","+",0,-0.181,"0.185,0.189,0.168","0.36,0.375,0.35",127317561,127317663,127312388,127312567,127319844,127320087,NA,NA,NA,NA,NA,NA,NA,NA,NA,NA,NA,NA
"KO_vs_Neg","SE","Skipped Exon","Tmcc1","ENSMUSG00000030126","chr6","-",0.00936599054135974,0.123,"0.233,0.0,0.135","0.0,0.0,0.0",116078490,116078622,116019831,116020766,116084272,116084820,NA,NA,NA,NA,NA,NA,NA,NA,NA,NA,NA,NA
"KO_vs_Neg","SE","Skipped Exon","Ccdc163","ENSMUSG00000028689","chr4","+",0.00323430830929795,0.18,"0.923,0.823,0.975","0.6,0.785,0.797",116566436,116566470,116565705,116566291,116566634,116566816,NA,NA,NA,NA,NA,NA,NA,NA,NA,NA,NA,NA
"KO_vs_Neg","SE","Skipped Exon","Cnot4","ENSMUSG00000038784","chr6","-",0.0135919825827854,0.254,"0.0,0.429,0.333","0.0,0.0,0.0",35054915,35055113,35041823,35041957,35110436,35110560,NA,NA,NA,NA,NA,NA,NA,NA,NA,NA,NA,NA
"KO_vs_Neg","SE","Skipped Exon","Spidr","ENSMUSG00000041974","chr16","-",0.0106012205716449,0.104,"0.906,0.961,0.897","0.811,0.826,0.816",15865867,15865968,15754416,15754557,15871129,15871380,NA,NA,NA,NA,NA,NA,NA,NA,NA,NA,NA,NA
"KO_vs_Neg","SE","Skipped Exon","Smim8","ENSMUSG00000028295","chr4","-",0.017000260853137,-0.206,"0.216,0.176,0.2","0.333,0.453,0.425",34771873,34772053,34771257,34771414,34778223,34778337,NA,NA,NA,NA,NA,NA,NA,NA,NA,NA,NA,NA
"KO_vs_Neg","SE","Skipped Exon","Dhfr","ENSMUSG00000021707","chr13","+",0.0104645116298958,-0.279,"0.812,0.351,1.0","1.0,1.0,1.0",92502172,92502299,92492157,92492207,92521232,92525561,NA,NA,NA,NA,NA,NA,NA,NA,NA,NA,NA,NA
"KO_vs_Neg","SE","Skipped Exon","Crtc2","ENSMUSG00000027936","chr3","+",0.00194638009139083,-0.407,"0.636,0.143,1.0","1.0,1.0,1.0",90168003,90168410,90167260,90167310,90170477,90170664,NA,NA,NA,NA,NA,NA,NA,NA,NA,NA,NA,NA
"KO_vs_Neg","SE","Skipped Exon","G2e3","ENSMUSG00000035293","chr12","+",0.000247959629623962,-0.243,"0.816,0.64,0.816","1.0,1.0,1.0",51410734,51410803,51410199,51410329,51418342,51418533,NA,NA,NA,NA,NA,NA,NA,NA,NA,NA,NA,NA
"KO_vs_Neg","SE","Skipped Exon","G2e3","ENSMUSG00000035293","chr12","+",0.0111578096692993,0.106,"0.911,0.876,0.84","0.74,0.77,0.798",51412037,51412342,51410199,51410329,51414557,51414739,NA,NA,NA,NA,NA,NA,NA,NA,NA,NA,NA,NA
"KO_vs_Neg","SE","Skipped Exon","Mdm2","ENSMUSG00000020184","chr10","-",0.00587989380555146,-0.121,"0.644,0.717,0.663","0.718,0.854,0.816",117545558,117545689,117541059,117541134,117545850,117545933,NA,NA,NA,NA,NA,NA,NA,NA,NA,NA,NA,NA
"KO_vs_Neg","SE","Skipped Exon","Adcyap1r1","ENSMUSG00000029778","chr6","+",2.69310095196973e-05,-0.157,"0.155,0.184,0.195","0.384,0.376,0.244",55464643,55464727,55461926,55462018,55468214,55468295,NA,NA,NA,NA,NA,NA,NA,NA,NA,NA,NA,NA
"KO_vs_Neg","SE","Skipped Exon","Adcyap1r1","ENSMUSG00000029778","chr6","+",0.011505146930678,-0.166,"0.169,0.227,0.241","0.496,0.38,0.26",55464643,55464727,55461926,55462018,55471061,55471191,NA,NA,NA,NA,NA,NA,NA,NA,NA,NA,NA,NA
"KO_vs_Neg","SE","Skipped Exon","Nt5c3","ENSMUSG00000029780","chr6","-",0.000149460378662564,-0.1,"0.268,0.254,0.243","0.345,0.369,0.352",56874759,56874814,56869774,56869873,56900656,56900804,NA,NA,NA,NA,NA,NA,NA,NA,NA,NA,NA,NA
"KO_vs_Neg","SE","Skipped Exon","Mpdz","ENSMUSG00000028402","chr4","-",0.00238627121124943,-0.195,"0.654,0.674,0.546","0.825,0.879,0.756",81231736,81231835,81228393,81228556,81238582,81238760,NA,NA,NA,NA,NA,NA,NA,NA,NA,NA,NA,NA
"KO_vs_Neg","SE","Skipped Exon","Herc6","ENSMUSG00000029798","chr6","+",0.0353004261096592,-0.131,"0.83,0.718,0.757","0.743,1.0,0.954",57629016,57629154,57624049,57624157,57631373,57631517,NA,NA,NA,NA,NA,NA,NA,NA,NA,NA,NA,NA
"KO_vs_Neg","SE","Skipped Exon","Herc3","ENSMUSG00000029804","chr6","+",0.0128650018061927,-0.103,"0.741,0.797,0.719","0.875,0.844,0.847",58809386,58809521,58808449,58808627,58820588,58820699,NA,NA,NA,NA,NA,NA,NA,NA,NA,NA,NA,NA
"KO_vs_Neg","SE","Skipped Exon","Ndufs1","ENSMUSG00000025968","chr1","-",3.41718984884871e-06,0.157,"0.512,0.49,0.533","0.376,0.288,0.401",63211312,63211416,63210007,63210073,63215586,63215683,NA,NA,NA,NA,NA,NA,NA,NA,NA,NA,NA,NA
"KO_vs_Neg","SE","Skipped Exon","Ndufs1","ENSMUSG00000025968","chr1","-",1.58290265302397e-05,0.121,"0.456,0.48,0.477","0.36,0.351,0.338",63211312,63211416,63210007,63210073,63215744,63215828,NA,NA,NA,NA,NA,NA,NA,NA,NA,NA,NA,NA
"KO_vs_Neg","SE","Skipped Exon","Brme1","ENSMUSG00000008129","chr8","+",0.00336986581683199,0.168,"1.0,1.0,0.638","0.54,1.0,0.595",84888928,84889033,84887841,84887920,84893209,84894319,NA,NA,NA,NA,NA,NA,NA,NA,NA,NA,NA,NA
"KO_vs_Neg","SE","Skipped Exon","Dctn1","ENSMUSG00000031865","chr6","+",0.00251280893762989,-0.102,"0.824,0.818,0.858","0.921,0.955,0.931",83160917,83160938,83160280,83160315,83163409,83163427,NA,NA,NA,NA,NA,NA,NA,NA,NA,NA,NA,NA
"KO_vs_Neg","SE","Skipped Exon","Dctn1","ENSMUSG00000031865","chr6","+",0.0130116416078201,-0.167,"0.747,0.691,0.672","0.837,0.92,0.854",83160917,83160938,83160280,83160315,83164745,83164766,NA,NA,NA,NA,NA,NA,NA,NA,NA,NA,NA,NA
"KO_vs_Neg","SE","Skipped Exon","Dctn1","ENSMUSG00000031865","chr6","+",0,-0.255,"0.147,0.136,0.128","0.415,0.365,0.395",83160917,83160938,83160280,83160315,83166058,83166135,NA,NA,NA,NA,NA,NA,NA,NA,NA,NA,NA,NA
"KO_vs_Neg","SE","Skipped Exon","Dctn1","ENSMUSG00000031865","chr6","+",0,-0.196,"0.644,0.755,0.683","0.871,0.918,0.882",83174300,83174315,83172922,83173089,83174472,83174606,NA,NA,NA,NA,NA,NA,NA,NA,NA,NA,NA,NA
"KO_vs_Neg","SE","Skipped Exon","Rassf7","ENSMUSG00000038618","chr7","+",0.000740115935323926,0.106,"1.0,1.0,0.983","0.744,1.0,0.92",140796941,140797625,140796633,140796764,140797798,140797913,NA,NA,NA,NA,NA,NA,NA,NA,NA,NA,NA,NA
"KO_vs_Neg","SE","Skipped Exon","Rassf7","ENSMUSG00000038618","chr7","+",0.000717484167613515,0.114,"1.0,1.0,0.982","0.723,1.0,0.917",140797500,140797625,140796612,140796764,140797798,140797816,NA,NA,NA,NA,NA,NA,NA,NA,NA,NA,NA,NA
"KO_vs_Neg","SE","Skipped Exon","Nadsyn1","ENSMUSG00000031090","chr7","-",0.000116394599136316,-0.263,"0.437,0.66,0.533","0.822,0.773,0.825",143366226,143366344,143364905,143365037,143366499,143366588,NA,NA,NA,NA,NA,NA,NA,NA,NA,NA,NA,NA
"KO_vs_Neg","SE","Skipped Exon","Nrxn2","ENSMUSG00000033768","chr19","+",6.76575704709035e-08,0.185,"0.389,0.458,0.419","0.244,0.189,0.277",6548499,6548561,6543365,6543485,6554904,6555086,NA,NA,NA,NA,NA,NA,NA,NA,NA,NA,NA,NA
"KO_vs_Neg","SE","Skipped Exon","4732491K20Rik","ENSMUSG00000097350","chr17","+",0.0456169364600392,-0.12,"1.0,0.941,0.7","1.0,1.0,1.0",12543283,12544154,12537725,12538059,12555009,12555176,NA,NA,NA,NA,NA,NA,NA,NA,NA,NA,NA,NA
"KO_vs_Neg","SE","Skipped Exon","Immt","ENSMUSG00000052337","chr6","+",7.38671313274315e-05,-0.206,"0.717,0.619,0.733","0.927,0.959,0.801",71829749,71829851,71828755,71828864,71833895,71833939,NA,NA,NA,NA,NA,NA,NA,NA,NA,NA,NA,NA
"KO_vs_Neg","SE","Skipped Exon","Zeb1","ENSMUSG00000024238","chr18","+",0.000204389595463741,0.349,"0.579,0.429,0.474","0.217,0.018,0.2",5633203,5633357,5593860,5593919,5705042,5706884,NA,NA,NA,NA,NA,NA,NA,NA,NA,NA,NA,NA
"KO_vs_Neg","SE","Skipped Exon","Crem","ENSMUSG00000063889","chr18","-",0.0341714936574854,0.355,"0.653,1.0,0.724","0.326,0.326,0.659",3276693,3276729,3273421,3273578,3325360,3325474,NA,NA,NA,NA,NA,NA,NA,NA,NA,NA,NA,NA
"KO_vs_Neg","SE","Skipped Exon","Crem","ENSMUSG00000063889","chr18","-",0.0208634836794855,0.129,"0.178,0.281,0.38","0.176,0.067,0.21",3327493,3327591,3325360,3325478,3337379,3337488,NA,NA,NA,NA,NA,NA,NA,NA,NA,NA,NA,NA
"KO_vs_Neg","SE","Skipped Exon","Rab11fip5","ENSMUSG00000051343","chr6","-",0.0459528744573249,-0.116,"0.117,0.121,0.122","0.134,0.279,0.294",85317324,85319343,85314462,85314652,85324761,85325437,NA,NA,NA,NA,NA,NA,NA,NA,NA,NA,NA,NA
"KO_vs_Neg","SE","Skipped Exon","Vps26a","ENSMUSG00000020078","chr10","-",2.07743075078807e-11,1,"1.0,1.0,1.0","0.0,0.0,0.0",62305679,62305836,62300410,62300517,62322436,62322511,NA,NA,NA,NA,NA,NA,NA,NA,NA,NA,NA,NA
"KO_vs_Neg","SE","Skipped Exon","Tpra1","ENSMUSG00000002871","chr6","+",0.0162477581546589,-0.142,"0.067,0.077,0.158","0.22,0.3,0.207",88883519,88883694,88882927,88883060,88884557,88884808,NA,NA,NA,NA,NA,NA,NA,NA,NA,NA,NA,NA
"KO_vs_Neg","SE","Skipped Exon","Actl6b","ENSMUSG00000029712","chr5","+",0.0307916146173864,-0.171,"0.69,0.753,0.52","0.838,0.84,0.798",137552774,137552940,137552325,137552402,137561368,137561466,NA,NA,NA,NA,NA,NA,NA,NA,NA,NA,NA,NA
"KO_vs_Neg","SE","Skipped Exon","Actl6b","ENSMUSG00000029712","chr5","+",0.00214449414915188,-0.115,"0.221,0.233,0.2","0.27,0.404,0.326",137553257,137553358,137551778,137551921,137561368,137561466,NA,NA,NA,NA,NA,NA,NA,NA,NA,NA,NA,NA
"KO_vs_Neg","SE","Skipped Exon","Ergic3","ENSMUSG00000005881","chr2","+",0,-0.292,"0.477,0.501,0.477","0.782,0.779,0.771",155857296,155857311,155853268,155853326,155857908,155857940,NA,NA,NA,NA,NA,NA,NA,NA,NA,NA,NA,NA
"KO_vs_Neg","SE","Skipped Exon","Nr2c2","ENSMUSG00000005893","chr6","+",9.69486595612326e-05,0.459,"1.0,1.0,1.0","1.0,0.286,0.338",92082262,92082346,92068370,92068723,92126584,92126785,NA,NA,NA,NA,NA,NA,NA,NA,NA,NA,NA,NA
"KO_vs_Neg","SE","Skipped Exon","Slc22a17","ENSMUSG00000022199","chr14","-",0.0123732361753652,-0.467,"0.44,0.143,0.333","1.0,0.789,0.529",55145342,55145560,55144975,55145087,55145958,55146104,NA,NA,NA,NA,NA,NA,NA,NA,NA,NA,NA,NA
"KO_vs_Neg","SE","Skipped Exon","Slc22a17","ENSMUSG00000022199","chr14","-",0.0421637102363948,-0.315,"0.481,0.455,0.615","1.0,0.867,0.628",55145342,55145823,55144975,55145087,55145958,55146104,NA,NA,NA,NA,NA,NA,NA,NA,NA,NA,NA,NA
"KO_vs_Neg","SE","Skipped Exon","Magi1","ENSMUSG00000045095","chr6","-",0,-0.172,"0.041,0.038,0.06","0.19,0.211,0.253",93657769,93657858,93652435,93655983,93659932,93660071,NA,NA,NA,NA,NA,NA,NA,NA,NA,NA,NA,NA
"KO_vs_Neg","SE","Skipped Exon","Tmbim6","ENSMUSG00000023010","chr15","+",0.0204612514772543,-0.151,"0.684,0.8,0.915","1.0,0.952,0.9",99297537,99297752,99290866,99290921,99297941,99298088,NA,NA,NA,NA,NA,NA,NA,NA,NA,NA,NA,NA
"KO_vs_Neg","SE","Skipped Exon","Tpd52l1","ENSMUSG00000000296","chr10","-",0.00199209284843295,0.277,"0.165,0.241,0.543","0.0,0.0,0.117",31217135,31217174,31208622,31208965,31222606,31222708,NA,NA,NA,NA,NA,NA,NA,NA,NA,NA,NA,NA
"KO_vs_Neg","SE","Skipped Exon","Tada3","ENSMUSG00000048930","chr6","-",0.000101956624102454,-0.132,"0.662,0.675,0.583","0.767,0.771,0.777",113353852,113353906,113352800,113353025,113354276,113354334,NA,NA,NA,NA,NA,NA,NA,NA,NA,NA,NA,NA
"KO_vs_Neg","SE","Skipped Exon","Atg7","ENSMUSG00000030314","chr6","+",0.011284510696015,-0.101,"0.0,0.078,0.0","0.0,0.155,0.227",114623897,114624018,114620087,114620111,114649751,114649804,NA,NA,NA,NA,NA,NA,NA,NA,NA,NA,NA,NA
"KO_vs_Neg","SE","Skipped Exon","Marchf8","ENSMUSG00000025702","chr6","+",0.0193121628580274,-0.11,"0.335,0.299,0.238","0.377,0.366,0.459",116378297,116379143,116377997,116378083,116380380,116380561,NA,NA,NA,NA,NA,NA,NA,NA,NA,NA,NA,NA
"KO_vs_Neg","SE","Skipped Exon","Efhc1","ENSMUSG00000041809","chr1","+",0.0046714278811463,-0.619,"0.0,0.0,0.143","0.0,1.0,1.0",21031376,21031526,21030353,21030641,21037547,21037740,NA,NA,NA,NA,NA,NA,NA,NA,NA,NA,NA,NA
"KO_vs_Neg","SE","Skipped Exon","Dlg3","ENSMUSG00000000881","chrX","+",0.0257811595363887,-0.278,"0.35,0.502,0.495","0.625,0.818,0.739",99814912,99814966,99811328,99812034,99815220,99815271,NA,NA,NA,NA,NA,NA,NA,NA,NA,NA,NA,NA
"KO_vs_Neg","SE","Skipped Exon","Pex26","ENSMUSG00000067825","chr6","+",1.60914274066672e-06,-0.1,"0.862,0.848,0.95","1.0,1.0,0.959",121164217,121164525,121162668,121162809,121167059,121167206,NA,NA,NA,NA,NA,NA,NA,NA,NA,NA,NA,NA
"KO_vs_Neg","SE","Skipped Exon","Uspl1","ENSMUSG00000041264","chr5","+",2.44950076497475e-05,0.164,"0.467,0.44,0.427","0.327,0.195,0.319",149124517,149124644,149121476,149121616,149125154,149125283,NA,NA,NA,NA,NA,NA,NA,NA,NA,NA,NA,NA
"KO_vs_Neg","SE","Skipped Exon","Uspl1","ENSMUSG00000041264","chr5","+",0.00123240682606516,0.167,"0.614,0.537,0.53","0.469,0.295,0.415",149124517,149124686,149121369,149121616,149125154,149125283,NA,NA,NA,NA,NA,NA,NA,NA,NA,NA,NA,NA
"KO_vs_Neg","SE","Skipped Exon","Aamdc","ENSMUSG00000035642","chr7","-",0.0114305159618405,-0.128,"0.703,0.756,0.81","0.933,0.817,0.903",97207337,97207433,97199537,97199948,97214357,97214507,NA,NA,NA,NA,NA,NA,NA,NA,NA,NA,NA,NA
"KO_vs_Neg","SE","Skipped Exon","Aamdc","ENSMUSG00000035642","chr7","-",0.0341866049693024,-0.111,"0.557,0.0,0.0","0.544,0.251,0.095",97218893,97218981,97199754,97199948,97224794,97224898,NA,NA,NA,NA,NA,NA,NA,NA,NA,NA,NA,NA
"KO_vs_Neg","SE","Skipped Exon","Phc1","ENSMUSG00000040669","chr6","-",0.00733174122453481,0.119,"0.663,0.723,0.706","0.584,0.533,0.618",122309480,122309612,122302416,122302909,122310249,122310399,NA,NA,NA,NA,NA,NA,NA,NA,NA,NA,NA,NA
"KO_vs_Neg","SE","Skipped Exon","Zdhhc1","ENSMUSG00000039199","chr8","-",0.00101747320204211,-0.163,"0.539,0.595,0.586","0.729,0.816,0.663",106210820,106211059,106210172,106210415,106212093,106212140,NA,NA,NA,NA,NA,NA,NA,NA,NA,NA,NA,NA
"KO_vs_Neg","SE","Skipped Exon","Zfp384","ENSMUSG00000038346","chr6","+",7.57867675085171e-05,-0.12,"0.873,0.821,0.912","1.0,1.0,0.965",125001376,125001515,125000995,125001233,125001708,125001730,NA,NA,NA,NA,NA,NA,NA,NA,NA,NA,NA,NA
"KO_vs_Neg","SE","Skipped Exon","Crebrf","ENSMUSG00000048249","chr17","+",0.0235552349501428,0.257,"1.0,0.73,0.619","0.351,0.228,1.0",26958516,26958642,26934683,26934748,26976778,26976973,NA,NA,NA,NA,NA,NA,NA,NA,NA,NA,NA,NA
"KO_vs_Neg","SE","Skipped Exon","Dnmt3b","ENSMUSG00000027478","chr2","+",0.00190473312475749,0.118,"0.234,0.226,0.19","0.104,0.057,0.135",153526278,153526397,153520390,153520476,153528177,153529236,NA,NA,NA,NA,NA,NA,NA,NA,NA,NA,NA,NA
"KO_vs_Neg","SE","Skipped Exon","Slc15a5","ENSMUSG00000044378","chr6","-",0.00978946451836416,-0.131,"0.651,1.0,0.955","1.0,1.0,1.0",137989072,137989192,137964370,137964479,137994919,137995102,NA,NA,NA,NA,NA,NA,NA,NA,NA,NA,NA,NA
"KO_vs_Neg","SE","Skipped Exon","Stxbp5","ENSMUSG00000019790","chr10","-",4.57189503336278e-06,0.141,"0.282,0.266,0.27","0.19,0.088,0.117",9660084,9660144,9653764,9653815,9665106,9665172,NA,NA,NA,NA,NA,NA,NA,NA,NA,NA,NA,NA
"KO_vs_Neg","SE","Skipped Exon","Plekha5","ENSMUSG00000030231","chr6","+",0.00494426156447078,-0.112,"0.169,0.186,0.122","0.218,0.243,0.351",140501676,140501796,140498440,140498524,140515078,140515141,NA,NA,NA,NA,NA,NA,NA,NA,NA,NA,NA,NA
"KO_vs_Neg","SE","Skipped Exon","Plekha5","ENSMUSG00000030231","chr6","+",0.00289451342400162,-0.177,"0.537,0.518,0.509","0.6,0.826,0.668",140526072,140526261,140525155,140525202,140527693,140527814,NA,NA,NA,NA,NA,NA,NA,NA,NA,NA,NA,NA
"KO_vs_Neg","SE","Skipped Exon","Cep44","ENSMUSG00000038215","chr8","-",0.00207583532563243,0.15,"0.938,1.0,1.0","0.741,0.746,1.0",57003097,57003156,57002259,57002419,57003579,57004082,NA,NA,NA,NA,NA,NA,NA,NA,NA,NA,NA,NA
"KO_vs_Neg","SE","Skipped Exon","Tm7sf2","ENSMUSG00000024799","chr19","-",0.0136805901260935,0.323,"1.0,1.0,0.639","0.128,0.541,1.0",6116340,6116444,6113556,6113637,6116997,6117052,NA,NA,NA,NA,NA,NA,NA,NA,NA,NA,NA,NA
"KO_vs_Neg","SE","Skipped Exon","C2cd5","ENSMUSG00000030279","chr6","-",9.48203987733368e-14,-0.114,"0.038,0.025,0.036","0.196,0.125,0.121",143011911,143011944,143007478,143007587,143012781,143012811,NA,NA,NA,NA,NA,NA,NA,NA,NA,NA,NA,NA
"KO_vs_Neg","SE","Skipped Exon","Etfrf1","ENSMUSG00000040370","chr6","+",0.00144207432851977,-0.105,"0.167,0.124,0.212","0.265,0.305,0.249",145160247,145160510,145156900,145156970,145160909,145160997,NA,NA,NA,NA,NA,NA,NA,NA,NA,NA,NA,NA
"KO_vs_Neg","SE","Skipped Exon","Tspan32","ENSMUSG00000000244","chr7","+",0.0405490675236267,-0.259,"0.442,0.781,1.0","1.0,1.0,1.0",142568695,142568797,142564770,142564845,142569317,142569404,NA,NA,NA,NA,NA,NA,NA,NA,NA,NA,NA,NA
"KO_vs_Neg","SE","Skipped Exon","Rdh13","ENSMUSG00000008435","chr7","-",0.0011778233606757,0.278,"0.662,0.592,0.639","0.482,0.279,0.297",4447976,4448121,4447201,4447320,4448412,4448625,NA,NA,NA,NA,NA,NA,NA,NA,NA,NA,NA,NA
"KO_vs_Neg","SE","Skipped Exon","Rdh13","ENSMUSG00000008435","chr7","-",0,0.19,"0.294,0.246,0.298","0.121,0.053,0.095",4447976,4448121,4447201,4447320,4448445,4448641,NA,NA,NA,NA,NA,NA,NA,NA,NA,NA,NA,NA
"KO_vs_Neg","SE","Skipped Exon","Zfp444","ENSMUSG00000044876","chr7","+",0.000577597835428076,-0.11,"0.403,0.397,0.395","0.511,0.519,0.496",6176980,6177100,6175511,6175573,6186860,6186950,NA,NA,NA,NA,NA,NA,NA,NA,NA,NA,NA,NA
"KO_vs_Neg","SE","Skipped Exon","Peg3","ENSMUSG00000002265","chr7","-",0,-0.262,"0.109,0.089,0.09","0.329,0.388,0.358",6715948,6716011,6715671,6715774,6719052,6719156,NA,NA,NA,NA,NA,NA,NA,NA,NA,NA,NA,NA
"KO_vs_Neg","SE","Skipped Exon","Zfp532","ENSMUSG00000042439","chr18","+",0.00810094938712399,0.418,"1.0,1.0,1.0","0.2,1.0,0.545",65777263,65777440,65758208,65758405,65789421,65789703,NA,NA,NA,NA,NA,NA,NA,NA,NA,NA,NA,NA
"KO_vs_Neg","SE","Skipped Exon","1700086O06Rik","ENSMUSG00000097080","chr18","-",0.0221696438880569,-0.207,"0.692,0.775,0.55","0.78,0.858,1.0",38372625,38372804,38371433,38372242,38382766,38383233,NA,NA,NA,NA,NA,NA,NA,NA,NA,NA,NA,NA
"KO_vs_Neg","SE","Skipped Exon","1700086O06Rik","ENSMUSG00000097080","chr18","-",0.0421790458444426,-0.202,"0.241,0.375,0.467","0.508,0.673,0.507",38372625,38372804,38371433,38372242,38383230,38383628,NA,NA,NA,NA,NA,NA,NA,NA,NA,NA,NA,NA
"KO_vs_Neg","SE","Skipped Exon","1700086O06Rik","ENSMUSG00000097080","chr18","-",0.0189744900917835,-0.25,"1.0,0.583,0.667","1.0,1.0,1.0",38372625,38372804,38372109,38372238,38382766,38383233,NA,NA,NA,NA,NA,NA,NA,NA,NA,NA,NA,NA
"KO_vs_Neg","SE","Skipped Exon","Adgrl1","ENSMUSG00000013033","chr8","+",6.74879249706368e-12,-0.146,"0.123,0.121,0.056","0.211,0.262,0.266",84650834,84650984,84649627,84649737,84656092,84656681,NA,NA,NA,NA,NA,NA,NA,NA,NA,NA,NA,NA
"KO_vs_Neg","SE","Skipped Exon","Adgrl1","ENSMUSG00000013033","chr8","+",1.53364606434595e-06,-0.176,"0.43,0.461,0.365","0.592,0.614,0.579",84652890,84652905,84649627,84649737,84656092,84656893,NA,NA,NA,NA,NA,NA,NA,NA,NA,NA,NA,NA
"KO_vs_Neg","SE","Skipped Exon","Sae1","ENSMUSG00000052833","chr7","-",0.00209114754717137,-0.31,"0.75,0.882,0.333","1.0,0.895,1.0",16104211,16104385,16100731,16100831,16121565,16121710,NA,NA,NA,NA,NA,NA,NA,NA,NA,NA,NA,NA
"KO_vs_Neg","SE","Skipped Exon","Iffo1","ENSMUSG00000038271","chr6","+",8.5328781078108e-12,0.234,"0.467,0.42,0.424","0.266,0.147,0.196",125128757,125128766,125128347,125128488,125129576,125129734,NA,NA,NA,NA,NA,NA,NA,NA,NA,NA,NA,NA
"KO_vs_Neg","SE","Skipped Exon","Snapc3","ENSMUSG00000028483","chr4","+",0.00012253573561769,-0.61,"0.286,0.391,0.0","0.8,0.706,1.0",83373251,83373288,83372190,83372385,83378399,83380083,NA,NA,NA,NA,NA,NA,NA,NA,NA,NA,NA,NA
"KO_vs_Neg","SE","Skipped Exon","Atp1b3","ENSMUSG00000032412","chr9","-",0.0187831066658658,0.144,"1.0,1.0,1.0","0.568,1.0,1.0",96222254,96222439,96217431,96217515,96227817,96227946,NA,NA,NA,NA,NA,NA,NA,NA,NA,NA,NA,NA
"KO_vs_Neg","SE","Skipped Exon","Nfix","ENSMUSG00000001911","chr8","-",0.00055731439515116,-0.197,"0.895,0.631,0.809","0.926,1.0,1.0",85450356,85450479,85448271,85448447,85453097,85453234,NA,NA,NA,NA,NA,NA,NA,NA,NA,NA,NA,NA
"KO_vs_Neg","SE","Skipped Exon","Hs3st6","ENSMUSG00000039628","chr17","+",0.00674641486189395,-0.287,"0.624,0.654,0.572","0.712,1.0,1.0",24975426,24975518,24971961,24972503,24976934,24977622,NA,NA,NA,NA,NA,NA,NA,NA,NA,NA,NA,NA
"KO_vs_Neg","SE","Skipped Exon","Mmgt2","ENSMUSG00000048497","chr11","+",0.000132247887448488,-0.148,"0.092,0.071,0.055","0.264,0.165,0.234",62540272,62540374,62539489,62539642,62555495,62555755,NA,NA,NA,NA,NA,NA,NA,NA,NA,NA,NA,NA
"KO_vs_Neg","SE","Skipped Exon","Ppp1r13l","ENSMUSG00000040734","chr7","+",0.0174700426591062,0.209,"0.278,0.373,0.267","0.241,0.0,0.049",19094728,19094761,19093694,19093723,19094951,19095241,NA,NA,NA,NA,NA,NA,NA,NA,NA,NA,NA,NA
"KO_vs_Neg","SE","Skipped Exon","Trim9","ENSMUSG00000021071","chr12","-",0.00594334939400748,-0.336,"0.25,0.356,0.393","0.657,0.581,0.769",70301811,70302000,70297730,70298034,70314835,70314974,NA,NA,NA,NA,NA,NA,NA,NA,NA,NA,NA,NA
"KO_vs_Neg","SE","Skipped Exon","Trim9","ENSMUSG00000021071","chr12","-",0.00205677700477203,-0.151,"0.152,0.225,0.221","0.365,0.327,0.358",70301811,70302000,70299216,70299258,70314835,70314974,NA,NA,NA,NA,NA,NA,NA,NA,NA,NA,NA,NA
"KO_vs_Neg","SE","Skipped Exon","Trim9","ENSMUSG00000021071","chr12","-",0.0200062789161027,-0.124,"0.036,0.166,0.067","0.238,0.168,0.236",70314007,70314037,70299216,70299258,70314835,70314974,NA,NA,NA,NA,NA,NA,NA,NA,NA,NA,NA,NA
"KO_vs_Neg","SE","Skipped Exon","Trim9","ENSMUSG00000021071","chr12","-",0.00384518950955216,-0.16,"0.164,0.172,0.237","0.364,0.332,0.356",70314007,70314040,70299216,70299258,70314835,70314974,NA,NA,NA,NA,NA,NA,NA,NA,NA,NA,NA,NA
"KO_vs_Neg","SE","Skipped Exon","Gemin7","ENSMUSG00000044709","chr7","-",0.00174214299782323,0.219,"0.267,0.304,0.4","0.116,0.015,0.182",19305353,19305506,19303662,19303807,19307233,19307469,NA,NA,NA,NA,NA,NA,NA,NA,NA,NA,NA,NA
"KO_vs_Neg","SE","Skipped Exon","Baz2b","ENSMUSG00000026987","chr2","-",0.000520767828345344,-0.16,"0.763,0.59,0.681","0.78,0.889,0.844",59790164,59790449,59788775,59788836,59792364,59792974,NA,NA,NA,NA,NA,NA,NA,NA,NA,NA,NA,NA
"KO_vs_Neg","SE","Skipped Exon","Stim1","ENSMUSG00000030987","chr7","+",0,-0.253,"0.111,0.098,0.079","0.378,0.325,0.345",102082403,102082440,102080091,102080158,102084590,102085107,NA,NA,NA,NA,NA,NA,NA,NA,NA,NA,NA,NA
"KO_vs_Neg","SE","Skipped Exon","L1cam","ENSMUSG00000031391","chrX","-",0,-0.148,"0.766,0.702,0.723","0.869,0.891,0.875",72899257,72899269,72897560,72898872,72899364,72899437,NA,NA,NA,NA,NA,NA,NA,NA,NA,NA,NA,NA
"KO_vs_Neg","SE","Skipped Exon","L1cam","ENSMUSG00000031391","chrX","-",0,-0.105,"0.858,0.863,0.863","0.976,0.961,0.961",72910627,72910642,72909660,72909766,72913334,72913511,NA,NA,NA,NA,NA,NA,NA,NA,NA,NA,NA,NA
"KO_vs_Neg","SE","Skipped Exon","Gm19744","ENSMUSG00000100706","chr8","+",0.0136195174175076,0.455,"0.733,1.0,0.733","0.2,0.5,0.4",49300374,49300529,49296527,49296926,49317222,49317282,NA,NA,NA,NA,NA,NA,NA,NA,NA,NA,NA,NA
"KO_vs_Neg","SE","Skipped Exon","Gm19744","ENSMUSG00000100706","chr8","+",0.0249366977383245,-0.411,"0.379,0.328,0.0","0.681,0.71,0.55",49311532,49311627,49300374,49300529,49317222,49317282,NA,NA,NA,NA,NA,NA,NA,NA,NA,NA,NA,NA
"KO_vs_Neg","SE","Skipped Exon","Wbp1","ENSMUSG00000030035","chr6","-",3.37141751308105e-07,-0.136,"0.356,0.403,0.349","0.465,0.534,0.516",83097752,83097854,83097165,83097268,83098183,83098368,NA,NA,NA,NA,NA,NA,NA,NA,NA,NA,NA,NA
"KO_vs_Neg","SE","Skipped Exon","Wbp1","ENSMUSG00000030035","chr6","-",5.4290570015865e-07,-0.128,"0.515,0.57,0.509","0.618,0.69,0.669",83097752,83097857,83097165,83097268,83098183,83098387,NA,NA,NA,NA,NA,NA,NA,NA,NA,NA,NA,NA
"KO_vs_Neg","SE","Skipped Exon","Pou2f2","ENSMUSG00000008496","chr7","-",7.91697731272972e-10,-0.183,"0.698,0.699,0.767","0.857,0.957,0.898",24814895,24815174,24799562,24799668,24815462,24815645,NA,NA,NA,NA,NA,NA,NA,NA,NA,NA,NA,NA
"KO_vs_Neg","SE","Skipped Exon","Ceacam1","ENSMUSG00000074272","chr7","-",0.0293853702350357,-0.399,"0.425,0.689,0.689","1.0,1.0,1.0",25164892,25164945,25164273,25164305,25165741,25165862,NA,NA,NA,NA,NA,NA,NA,NA,NA,NA,NA,NA
"KO_vs_Neg","SE","Skipped Exon","Zfp558","ENSMUSG00000074500","chr9","-",0.00529197130812271,-0.267,"0.412,0.6,0.909","0.846,1.0,0.875",18380574,18380844,18379909,18379998,18384181,18385805,NA,NA,NA,NA,NA,NA,NA,NA,NA,NA,NA,NA
"KO_vs_Neg","SE","Skipped Exon","Ckap5","ENSMUSG00000040549","chr2","+",7.30654711991868e-12,-0.208,"0.584,0.531,0.65","0.784,0.802,0.803",91429948,91429972,91429550,91429723,91430985,91431038,NA,NA,NA,NA,NA,NA,NA,NA,NA,NA,NA,NA
"KO_vs_Neg","SE","Skipped Exon","Ltbp4","ENSMUSG00000040488","chr7","-",0.00821643605827426,0.365,"1.0,1.0,0.52","0.213,0.213,1.0",27023718,27023844,27022566,27022695,27025102,27025228,NA,NA,NA,NA,NA,NA,NA,NA,NA,NA,NA,NA
"KO_vs_Neg","SE","Skipped Exon","Zfp850","ENSMUSG00000096916","chr7","-",0.0296453154409641,-0.151,"0.693,0.622,0.837","0.94,0.795,0.869",27711760,27711875,27707808,27707861,27713440,27713540,NA,NA,NA,NA,NA,NA,NA,NA,NA,NA,NA,NA
"KO_vs_Neg","SE","Skipped Exon","Fbxl5","ENSMUSG00000039753","chr5","-",0.0406210482527734,0.152,"0.876,1.0,1.0","0.752,1.0,0.669",43918048,43918194,43908203,43908352,43920158,43920284,NA,NA,NA,NA,NA,NA,NA,NA,NA,NA,NA,NA
"KO_vs_Neg","SE","Skipped Exon","Sirt2","ENSMUSG00000015149","chr7","+",1.66019938052783e-08,-0.109,"0.161,0.146,0.139","0.285,0.254,0.233",28467056,28467103,28466191,28466292,28471235,28471284,NA,NA,NA,NA,NA,NA,NA,NA,NA,NA,NA,NA
"KO_vs_Neg","SE","Skipped Exon","Ryr1","ENSMUSG00000030592","chr7","-",0.00247436932244443,-0.163,"0.045,0.033,0.086","0.229,0.203,0.221",28744343,28744361,28743273,28743354,28745028,28745102,NA,NA,NA,NA,NA,NA,NA,NA,NA,NA,NA,NA
"KO_vs_Neg","SE","Skipped Exon","Proser3","ENSMUSG00000036864","chr7","-",0.00743502281474077,0.141,"0.922,0.931,1.0","0.777,0.767,0.886",30250182,30250259,30249031,30249128,30251632,30251692,NA,NA,NA,NA,NA,NA,NA,NA,NA,NA,NA,NA
"KO_vs_Neg","SE","Skipped Exon","Tmem147","ENSMUSG00000006315","chr7","-",0.00907402114612135,-0.24,"0.198,0.085,0.136","0.312,0.423,0.405",30427923,30427993,30427629,30427714,30428626,30428696,NA,NA,NA,NA,NA,NA,NA,NA,NA,NA,NA,NA
"KO_vs_Neg","SE","Skipped Exon","Tmem147","ENSMUSG00000006315","chr7","-",0.00106163246431348,-0.428,"0.0,0.0,1.0","0.74,0.543,1.0",30428081,30428141,30427629,30427714,30428768,30428851,NA,NA,NA,NA,NA,NA,NA,NA,NA,NA,NA,NA
"KO_vs_Neg","SE","Skipped Exon","Tmem147","ENSMUSG00000006315","chr7","-",0.00171845752914342,-0.245,"0.104,0.055,0.0","0.298,0.128,0.467",30428081,30428166,30427629,30427714,30428626,30428696,NA,NA,NA,NA,NA,NA,NA,NA,NA,NA,NA,NA
"KO_vs_Neg","SE","Skipped Exon","ENSMUSG00000121502","ENSMUSG00000121502","chr7","+",0.0468559915925224,-0.198,"0.672,0.479,0.775","0.842,0.789,0.89",39120820,39120930,39116765,39116858,39122285,39123863,NA,NA,NA,NA,NA,NA,NA,NA,NA,NA,NA,NA
"KO_vs_Neg","SE","Skipped Exon","Pbld2","ENSMUSG00000020072","chr10","+",3.85510458210343e-05,0.205,"1.0,1.0,1.0","0.853,0.763,0.768",62889642,62889731,62888207,62888237,62890105,62890284,NA,NA,NA,NA,NA,NA,NA,NA,NA,NA,NA,NA
"KO_vs_Neg","SE","Skipped Exon","Zfp788","ENSMUSG00000074165","chr7","+",0.00742263524784023,0.211,"0.598,0.458,0.551","0.447,0.303,0.223",41284103,41284134,41282626,41283118,41296914,41296972,NA,NA,NA,NA,NA,NA,NA,NA,NA,NA,NA,NA
"KO_vs_Neg","SE","Skipped Exon","Zfp788","ENSMUSG00000074165","chr7","+",2.02227148114186e-05,0.227,"0.527,0.478,0.518","0.339,0.316,0.188",41284103,41284323,41282979,41283118,41296914,41297041,NA,NA,NA,NA,NA,NA,NA,NA,NA,NA,NA,NA
"KO_vs_Neg","SE","Skipped Exon","Zfp788","ENSMUSG00000074165","chr7","+",0.00342279053542285,0.161,"0.511,0.556,0.569","0.448,0.389,0.315",41292756,41292856,41282954,41283118,41296914,41297041,NA,NA,NA,NA,NA,NA,NA,NA,NA,NA,NA,NA
"KO_vs_Neg","SE","Skipped Exon","Shank3","ENSMUSG00000022623","chr15","+",0.00614709743156387,-0.338,"0.0,0.0,0.0","0.627,0.387,0.0",89440923,89440951,89431828,89434085,89441937,89444464,NA,NA,NA,NA,NA,NA,NA,NA,NA,NA,NA,NA
"KO_vs_Neg","SE","Skipped Exon","Ankrd24","ENSMUSG00000054708","chr10","+",0.00175485736723799,0.242,"1.0,1.0,0.874","1.0,0.612,0.536",81470500,81470587,81465382,81465582,81470698,81470819,NA,NA,NA,NA,NA,NA,NA,NA,NA,NA,NA,NA
"KO_vs_Neg","SE","Skipped Exon","Ankrd24","ENSMUSG00000054708","chr10","+",0.00996403608240159,-0.175,"0.832,0.746,0.898","1.0,1.0,1.0",81470698,81470819,81469532,81469589,81470903,81470992,NA,NA,NA,NA,NA,NA,NA,NA,NA,NA,NA,NA
"KO_vs_Neg","SE","Skipped Exon","Ankrd24","ENSMUSG00000054708","chr10","+",0.0319684863280769,0.147,"0.385,0.556,0.61","1.0,0.0,0.111",81470903,81470992,81469532,81469589,81472202,81472255,NA,NA,NA,NA,NA,NA,NA,NA,NA,NA,NA,NA
"KO_vs_Neg","SE","Skipped Exon","2410002F23Rik","ENSMUSG00000045411","chr7","+",0,-0.207,"0.656,0.651,0.626","0.873,0.852,0.828",43896661,43896840,43896158,43896232,43897675,43897719,NA,NA,NA,NA,NA,NA,NA,NA,NA,NA,NA,NA
"KO_vs_Neg","SE","Skipped Exon","2410002F23Rik","ENSMUSG00000045411","chr7","+",0,-0.227,"0.283,0.231,0.269","0.524,0.487,0.454",43896661,43896840,43896210,43896247,43897675,43897719,NA,NA,NA,NA,NA,NA,NA,NA,NA,NA,NA,NA
"KO_vs_Neg","SE","Skipped Exon","2410002F23Rik","ENSMUSG00000045411","chr7","+",0.00039235102030059,-0.102,"0.763,0.765,0.858","0.888,0.943,0.86",43896674,43896840,43896177,43896232,43897333,43897483,NA,NA,NA,NA,NA,NA,NA,NA,NA,NA,NA,NA
"KO_vs_Neg","SE","Skipped Exon","2410002F23Rik","ENSMUSG00000045411","chr7","+",0,-0.233,"0.62,0.621,0.602","0.869,0.849,0.823",43896674,43896840,43896177,43896232,43897675,43897719,NA,NA,NA,NA,NA,NA,NA,NA,NA,NA,NA,NA
"KO_vs_Neg","SE","Skipped Exon","2410002F23Rik","ENSMUSG00000045411","chr7","+",1.53648670768435e-06,-0.143,"0.606,0.617,0.664","0.755,0.77,0.791",43896674,43896840,43896210,43896247,43897333,43897483,NA,NA,NA,NA,NA,NA,NA,NA,NA,NA,NA,NA
"KO_vs_Neg","SE","Skipped Exon","2410002F23Rik","ENSMUSG00000045411","chr7","+",0,-0.252,"0.225,0.192,0.233","0.501,0.464,0.44",43896674,43896840,43896210,43896247,43897675,43897719,NA,NA,NA,NA,NA,NA,NA,NA,NA,NA,NA,NA
"KO_vs_Neg","SE","Skipped Exon","2410002F23Rik","ENSMUSG00000045411","chr7","+",0,0.214,"0.569,0.598,0.61","0.373,0.357,0.406",43897333,43897483,43896654,43896840,43897675,43897719,NA,NA,NA,NA,NA,NA,NA,NA,NA,NA,NA,NA
"KO_vs_Neg","SE","Skipped Exon","Ppfia3","ENSMUSG00000003863","chr7","-",0.00487948981387696,-0.151,"0.55,0.6,0.624","0.75,0.743,0.733",44992976,44993003,44991749,44991925,44993164,44993227,NA,NA,NA,NA,NA,NA,NA,NA,NA,NA,NA,NA
"KO_vs_Neg","SE","Skipped Exon","Snrnp70","ENSMUSG00000063511","chr7","-",0,-0.116,"0.032,0.026,0.031","0.116,0.16,0.161",45031248,45032608,45030140,45030242,45033227,45033309,NA,NA,NA,NA,NA,NA,NA,NA,NA,NA,NA,NA
"KO_vs_Neg","SE","Skipped Exon","Luc7l2","ENSMUSG00000029823","chr6","+",0.0430819696935065,0.193,"0.396,0.55,0.407","0.13,0.261,0.382",38542589,38542657,38528448,38528843,38545781,38545852,NA,NA,NA,NA,NA,NA,NA,NA,NA,NA,NA,NA
"KO_vs_Neg","SE","Skipped Exon","Plekha4","ENSMUSG00000040428","chr7","+",0.00397952809314755,-0.206,"0.667,0.714,1.0","1.0,1.0,1.0",45179905,45180082,45179463,45179557,45181681,45181766,NA,NA,NA,NA,NA,NA,NA,NA,NA,NA,NA,NA
"KO_vs_Neg","SE","Skipped Exon","Mcu","ENSMUSG00000009647","chr10","-",0.00022581134976858,-0.49,"0.434,0.0,0.0","0.793,0.506,0.606",59441954,59441999,59437832,59438999,59452345,59452501,NA,NA,NA,NA,NA,NA,NA,NA,NA,NA,NA,NA
"KO_vs_Neg","SE","Skipped Exon","Gas2","ENSMUSG00000030498","chr7","+",1.70090953916007e-06,-0.158,"0.098,0.031,0.024","0.175,0.158,0.295",51581111,51581174,51576183,51576292,51586301,51586365,NA,NA,NA,NA,NA,NA,NA,NA,NA,NA,NA,NA
"KO_vs_Neg","SE","Skipped Exon","Sgk1","ENSMUSG00000019970","chr10","+",0.00292263836847839,0.176,"1.0,1.0,1.0","1.0,0.901,0.57",21845347,21845423,21804240,21804450,21870864,21870940,NA,NA,NA,NA,NA,NA,NA,NA,NA,NA,NA,NA
"KO_vs_Neg","SE","Skipped Exon","Camk2a","ENSMUSG00000024617","chr18","+",0.0461148257682204,-0.118,"0.367,0.444,0.44","0.577,0.456,0.571",61102082,61102115,61096625,61097035,61103065,61103114,NA,NA,NA,NA,NA,NA,NA,NA,NA,NA,NA,NA
"KO_vs_Neg","SE","Skipped Exon","Asb7","ENSMUSG00000030509","chr7","-",0.0232769046610161,0.104,"0.746,0.717,0.688","0.65,0.601,0.589",66327904,66327993,66309397,66310003,66328827,66329089,NA,NA,NA,NA,NA,NA,NA,NA,NA,NA,NA,NA
"KO_vs_Neg","SE","Skipped Exon","Ttc23","ENSMUSG00000030555","chr7","+",0.0340933743871879,-0.161,"0.871,0.742,0.727","1.0,0.822,1.0",67312074,67312274,67297157,67297593,67316910,67317034,NA,NA,NA,NA,NA,NA,NA,NA,NA,NA,NA,NA
"KO_vs_Neg","SE","Skipped Exon","Trmt1","ENSMUSG00000001909","chr8","+",0.00384904647435272,-0.229,"0.76,0.6,0.8","0.846,1.0,1.0",85417401,85417576,85417145,85417201,85421850,85421966,NA,NA,NA,NA,NA,NA,NA,NA,NA,NA,NA,NA
"KO_vs_Neg","SE","Skipped Exon","Trmt1","ENSMUSG00000001909","chr8","+",0.00265354005928516,-0.238,"0.727,0.636,0.789","0.867,1.0,1.0",85417413,85417576,85417145,85417201,85421850,85421966,NA,NA,NA,NA,NA,NA,NA,NA,NA,NA,NA,NA
"KO_vs_Neg","SE","Skipped Exon","Trmt1","ENSMUSG00000001909","chr8","+",0.00584179536189297,-0.176,"0.82,0.654,0.93","0.932,1.0,1.0",85417430,85417576,85417145,85417201,85421850,85421868,NA,NA,NA,NA,NA,NA,NA,NA,NA,NA,NA,NA
"KO_vs_Neg","SE","Skipped Exon","Vps29","ENSMUSG00000029462","chr5","+",0,-0.196,"0.356,0.358,0.372","0.563,0.555,0.555",122494856,122494868,122492447,122492539,122498075,122498267,NA,NA,NA,NA,NA,NA,NA,NA,NA,NA,NA,NA
"KO_vs_Neg","SE","Skipped Exon","Vps29","ENSMUSG00000029462","chr5","+",0.00111725047593559,-0.167,"0.186,0.135,0.169","0.291,0.308,0.391",122494856,122494868,122492447,122492539,122498091,122498267,NA,NA,NA,NA,NA,NA,NA,NA,NA,NA,NA,NA
"KO_vs_Neg","SE","Skipped Exon","Tlcd3b","ENSMUSG00000058966","chr7","+",0.000329074939374433,0.239,"1.0,1.0,1.0","0.749,0.874,0.66",126417465,126417565,126416360,126416483,126418995,126419126,NA,NA,NA,NA,NA,NA,NA,NA,NA,NA,NA,NA
"KO_vs_Neg","SE","Skipped Exon","Zc3h4","ENSMUSG00000059273","chr7","+",8.95953164754251e-05,-0.177,"0.34,0.297,0.356","0.474,0.55,0.5",16166698,16166947,16163455,16163835,16167945,16171620,NA,NA,NA,NA,NA,NA,NA,NA,NA,NA,NA,NA
"KO_vs_Neg","SE","Skipped Exon","Dcun1d1","ENSMUSG00000027708","chr3","-",0.00128010288930869,0.133,"1.0,1.0,1.0","0.922,0.71,0.969",35973149,35973318,35951941,35952024,35986933,35986964,NA,NA,NA,NA,NA,NA,NA,NA,NA,NA,NA,NA
"KO_vs_Neg","SE","Skipped Exon","Faim","ENSMUSG00000032463","chr9","+",0,-0.21,"0.495,0.513,0.474","0.671,0.728,0.714",98872967,98873024,98868426,98868565,98874153,98874286,NA,NA,NA,NA,NA,NA,NA,NA,NA,NA,NA,NA
"KO_vs_Neg","SE","Skipped Exon","Hyal3","ENSMUSG00000036091","chr9","+",0.0050103250587459,0.383,"0.647,0.92,1.0","0.529,0.556,0.333",107461950,107462864,107458016,107458134,107463580,107463670,NA,NA,NA,NA,NA,NA,NA,NA,NA,NA,NA,NA
"KO_vs_Neg","SE","Skipped Exon","Zfr","ENSMUSG00000022201","chr15","+",0.000472850860185931,-0.152,"0.8,0.889,0.772","1.0,1.0,0.917",12136481,12136764,12117936,12118033,12140519,12140738,NA,NA,NA,NA,NA,NA,NA,NA,NA,NA,NA,NA
"KO_vs_Neg","SE","Skipped Exon","Eed","ENSMUSG00000030619","chr7","-",0.00205526127870151,0.393,"0.178,1.0,1.0","0.0,1.0,0.0",89619513,89619639,89613801,89614070,89621438,89621506,NA,NA,NA,NA,NA,NA,NA,NA,NA,NA,NA,NA
"KO_vs_Neg","SE","Skipped Exon","Eed","ENSMUSG00000030619","chr7","-",0.00173149962238975,-0.226,"0.86,0.463,1.0","1.0,1.0,1.0",89621438,89621531,89618778,89618860,89629619,89630184,NA,NA,NA,NA,NA,NA,NA,NA,NA,NA,NA,NA
"KO_vs_Neg","SE","Skipped Exon","Picalm","ENSMUSG00000039361","chr7","+",0,-0.187,"0.651,0.669,0.669","0.854,0.868,0.828",89843480,89843504,89840861,89840961,89844862,89844922,NA,NA,NA,NA,NA,NA,NA,NA,NA,NA,NA,NA
"KO_vs_Neg","SE","Skipped Exon","Emsy","ENSMUSG00000035401","chr7","-",0.00611137620971378,-0.106,"0.271,0.206,0.225","0.278,0.382,0.359",98288937,98289090,98286467,98286727,98290699,98290875,NA,NA,NA,NA,NA,NA,NA,NA,NA,NA,NA,NA
"KO_vs_Neg","SE","Skipped Exon","Zup1","ENSMUSG00000039531","chr10","-",5.33671501157842e-05,-0.303,"0.611,0.641,0.84","1.0,1.0,1.0",33826478,33826613,33825743,33825860,33827198,33827221,NA,NA,NA,NA,NA,NA,NA,NA,NA,NA,NA,NA
"KO_vs_Neg","SE","Skipped Exon","Fut8","ENSMUSG00000021065","chr12","+",0.0297607342573261,0.136,"0.591,0.706,0.616","0.51,0.441,0.554",77370618,77370711,77324134,77324229,77378669,77379103,NA,NA,NA,NA,NA,NA,NA,NA,NA,NA,NA,NA
"KO_vs_Neg","SE","Skipped Exon","Fam168a","ENSMUSG00000029461","chr7","+",2.28717167978114e-07,0.226,"0.563,0.543,0.659","0.374,0.316,0.396",100467942,100467969,100462126,100462207,100473338,100473464,NA,NA,NA,NA,NA,NA,NA,NA,NA,NA,NA,NA
"KO_vs_Neg","SE","Skipped Exon","Anapc15","ENSMUSG00000030649","chr7","+",0.000962779587141455,0.209,"1.0,1.0,1.0","0.668,0.704,1.0",101546939,101546994,101545546,101545657,101547153,101547278,NA,NA,NA,NA,NA,NA,NA,NA,NA,NA,NA,NA
"KO_vs_Neg","SE","Skipped Exon","Snap91","ENSMUSG00000033419","chr9","-",2.41418454996245e-07,-0.118,"0.864,0.85,0.851","0.947,0.991,0.981",86672108,86672192,86665352,86665487,86674006,86674078,NA,NA,NA,NA,NA,NA,NA,NA,NA,NA,NA,NA
"KO_vs_Neg","SE","Skipped Exon","Snap91","ENSMUSG00000033419","chr9","-",0,-0.298,"0.441,0.415,0.42","0.73,0.753,0.688",86672108,86672192,86665352,86665487,86686507,86686620,NA,NA,NA,NA,NA,NA,NA,NA,NA,NA,NA,NA
"KO_vs_Neg","SE","Skipped Exon","Snap91","ENSMUSG00000033419","chr9","-",1.3584525374501e-11,-0.258,"0.081,0.076,0.113","0.38,0.288,0.377",86680882,86680897,86665352,86665487,86686507,86686620,NA,NA,NA,NA,NA,NA,NA,NA,NA,NA,NA,NA
"KO_vs_Neg","SE","Skipped Exon","Arhgef10l","ENSMUSG00000040964","chr4","-",5.84811348771669e-10,0.12,"0.17,0.19,0.149","0.065,0.055,0.028",140296066,140296081,140295649,140295831,140297567,140297713,NA,NA,NA,NA,NA,NA,NA,NA,NA,NA,NA,NA
"KO_vs_Neg","SE","Skipped Exon","Ep400","ENSMUSG00000029505","chr5","-",4.51407795138314e-07,-0.179,"0.488,0.494,0.489","0.673,0.676,0.658",110848387,110848630,110846617,110846782,110849486,110849656,NA,NA,NA,NA,NA,NA,NA,NA,NA,NA,NA,NA
"KO_vs_Neg","SE","Skipped Exon","Peak1","ENSMUSG00000074305","chr9","-",0.00202079898023586,0.137,"1.0,1.0,1.0","0.786,0.802,1.0",56281659,56281723,56167840,56168046,56325224,56325326,NA,NA,NA,NA,NA,NA,NA,NA,NA,NA,NA,NA
"KO_vs_Neg","SE","Skipped Exon","Cenpx","ENSMUSG00000025144","chr11","-",0.00574378709852453,-0.199,"0.357,0.392,0.406","0.566,0.686,0.5",120603265,120603538,120602528,120602582,120604518,120604558,NA,NA,NA,NA,NA,NA,NA,NA,NA,NA,NA,NA
"KO_vs_Neg","SE","Skipped Exon","Trit1","ENSMUSG00000028653","chr4","+",0.000219141185205821,-0.12,"0.692,0.672,0.736","0.789,0.872,0.8",122945858,122945968,122943269,122943347,122946276,122946394,NA,NA,NA,NA,NA,NA,NA,NA,NA,NA,NA,NA
"KO_vs_Neg","SE","Skipped Exon","Btbd10","ENSMUSG00000038187","chr7","-",1.63977482448601e-07,0.111,"0.966,0.985,0.978","0.939,0.827,0.829",112964111,112964176,112950987,112951145,112968078,112968165,NA,NA,NA,NA,NA,NA,NA,NA,NA,NA,NA,NA
"KO_vs_Neg","SE","Skipped Exon","Ksr1","ENSMUSG00000018334","chr11","-",0.00580178896970371,-0.237,"0.597,0.411,0.512","0.794,0.792,0.645",78921906,78921948,78919854,78919909,78924043,78924209,NA,NA,NA,NA,NA,NA,NA,NA,NA,NA,NA,NA
"KO_vs_Neg","SE","Skipped Exon","Rnf157","ENSMUSG00000052949","chr11","-",1.54032649434653e-05,-0.207,"0.238,0.258,0.265","0.559,0.427,0.397",116231163,116231204,116229164,116229656,116235020,116235131,NA,NA,NA,NA,NA,NA,NA,NA,NA,NA,NA,NA
"KO_vs_Neg","SE","Skipped Exon","Ankrd45","ENSMUSG00000044835","chr1","+",0.0142269907765998,-0.154,"0.628,0.734,0.714","0.875,0.878,0.786",160991741,160991784,160990836,160990975,160995281,160995409,NA,NA,NA,NA,NA,NA,NA,NA,NA,NA,NA,NA
"KO_vs_Neg","SE","Skipped Exon","Dync1li2","ENSMUSG00000035770","chr8","-",0.000109496219382196,0.391,"0.615,0.508,0.745","0.302,0.174,0.218",105147916,105148035,105146971,105147306,105148918,105149035,NA,NA,NA,NA,NA,NA,NA,NA,NA,NA,NA,NA
"KO_vs_Neg","SE","Skipped Exon","Nfatc2ip","ENSMUSG00000030722","chr7","-",0.00850606290657738,-0.136,"0.84,0.787,0.793","0.965,0.891,0.973",125986783,125986928,125982025,125984311,125989557,125989744,NA,NA,NA,NA,NA,NA,NA,NA,NA,NA,NA,NA
"KO_vs_Neg","SE","Skipped Exon","Clk4","ENSMUSG00000020385","chr11","+",2.04945755300068e-05,0.166,"0.276,0.408,0.385","0.21,0.168,0.193",51158991,51159058,51157997,51158158,51161363,51161422,NA,NA,NA,NA,NA,NA,NA,NA,NA,NA,NA,NA
"KO_vs_Neg","SE","Skipped Exon","Clk4","ENSMUSG00000020385","chr11","+",1.06053481026176e-06,-0.143,"0.235,0.184,0.275","0.38,0.321,0.423",51161363,51161422,51157997,51158158,51162626,51162846,NA,NA,NA,NA,NA,NA,NA,NA,NA,NA,NA,NA
"KO_vs_Neg","SE","Skipped Exon","Mylpf","ENSMUSG00000030672","chr7","+",0.0115221575572799,-0.104,"0.097,0.093,0.095","0.202,0.24,0.155",126810920,126810935,126808455,126808570,126812032,126812125,NA,NA,NA,NA,NA,NA,NA,NA,NA,NA,NA,NA
"KO_vs_Neg","SE","Skipped Exon","Ccdc189","ENSMUSG00000057176","chr7","-",0.0299340868455831,-0.147,"1.0,0.558,1.0","1.0,1.0,1.0",127184316,127184433,127184164,127184225,127184625,127184696,NA,NA,NA,NA,NA,NA,NA,NA,NA,NA,NA,NA
"KO_vs_Neg","SE","Skipped Exon","Prss36","ENSMUSG00000070371","chr7","-",0.00294925953917271,-0.163,"0.59,1.0,0.889","1.0,0.967,1.0",127532738,127533004,127531809,127532286,127533310,127533452,NA,NA,NA,NA,NA,NA,NA,NA,NA,NA,NA,NA
"KO_vs_Neg","SE","Skipped Exon","Prss36","ENSMUSG00000070371","chr7","-",0.0124036672679668,-0.177,"0.273,0.128,0.039","0.318,0.443,0.209",127533310,127533452,127532542,127532664,127533561,127533799,NA,NA,NA,NA,NA,NA,NA,NA,NA,NA,NA,NA
"KO_vs_Neg","SE","Skipped Exon","Prss36","ENSMUSG00000070371","chr7","-",0.000473609019674686,-0.265,"0.093,0.146,0.0","0.157,0.538,0.339",127533310,127533452,127532542,127532664,127533681,127533799,NA,NA,NA,NA,NA,NA,NA,NA,NA,NA,NA,NA
"KO_vs_Neg","SE","Skipped Exon","Tgfb1i1","ENSMUSG00000030782","chr7","+",0.014826100550883,-0.137,"0.299,0.448,0.395","0.51,0.532,0.512",127847348,127847464,127846132,127846180,127847591,127847644,NA,NA,NA,NA,NA,NA,NA,NA,NA,NA,NA,NA
"KO_vs_Neg","SE","Skipped Exon","Slc25a53","ENSMUSG00000044348","chrX","-",3.91084187565613e-05,-0.18,"0.771,0.759,0.929","1.0,1.0,1.0",135928738,135928903,135916005,135917088,135938914,135939021,NA,NA,NA,NA,NA,NA,NA,NA,NA,NA,NA,NA
"KO_vs_Neg","SE","Skipped Exon","Slc25a53","ENSMUSG00000044348","chrX","-",1.33786966812448e-05,-0.29,"0.704,0.6,0.826","1.0,1.0,1.0",135933099,135933249,135916997,135917088,135938914,135939021,NA,NA,NA,NA,NA,NA,NA,NA,NA,NA,NA,NA
"KO_vs_Neg","SE","Skipped Exon","Lhpp","ENSMUSG00000030946","chr7","+",0.0353525433988571,-0.155,"0.655,0.879,1.0","1.0,1.0,1.0",132235729,132235883,132212436,132212559,132243252,132243296,NA,NA,NA,NA,NA,NA,NA,NA,NA,NA,NA,NA
"KO_vs_Neg","SE","Skipped Exon","Zfp346","ENSMUSG00000021481","chr13","+",0.000622483740454815,-0.335,"0.577,0.418,1.0","1.0,1.0,1.0",55263295,55263437,55261490,55261583,55278346,55278440,NA,NA,NA,NA,NA,NA,NA,NA,NA,NA,NA,NA
"KO_vs_Neg","SE","Skipped Exon","Ppp2r2d","ENSMUSG00000041769","chr7","+",0.0101709851463357,-0.208,"0.829,0.708,0.492","0.809,0.845,1.0",138466749,138466846,138448588,138448812,138470138,138470236,NA,NA,NA,NA,NA,NA,NA,NA,NA,NA,NA,NA
"KO_vs_Neg","SE","Skipped Exon","Ppp2r2d","ENSMUSG00000041769","chr7","+",0.0216852162995577,-0.135,"0.598,0.624,0.7","0.745,0.866,0.715",138470138,138470236,138448323,138448433,138474602,138474780,NA,NA,NA,NA,NA,NA,NA,NA,NA,NA,NA,NA
"KO_vs_Neg","SE","Skipped Exon","Jakmip3","ENSMUSG00000056856","chr7","+",6.9512335092684e-05,-0.533,"0.143,0.333,0.524","1.0,1.0,0.6",138619252,138619468,138609032,138609530,138620835,138620955,NA,NA,NA,NA,NA,NA,NA,NA,NA,NA,NA,NA
"KO_vs_Neg","SE","Skipped Exon","Psap","ENSMUSG00000004207","chr10","+",0,-0.238,"0.581,0.596,0.586","0.824,0.83,0.824",60133316,60133325,60131725,60131782,60134876,60135008,NA,NA,NA,NA,NA,NA,NA,NA,NA,NA,NA,NA
"KO_vs_Neg","SE","Skipped Exon","Lrrc56","ENSMUSG00000038637","chr7","+",0.010239827486815,0.142,"0.863,1.0,1.0","0.688,1.0,0.749",140778186,140778274,140776846,140777082,140779691,140779748,NA,NA,NA,NA,NA,NA,NA,NA,NA,NA,NA,NA
"KO_vs_Neg","SE","Skipped Exon","Irf7","ENSMUSG00000025498","chr7","-",0.038078668566284,-0.172,"0.735,0.711,0.755","0.831,0.885,1.0",140844135,140844228,140843571,140843961,140844405,140844472,NA,NA,NA,NA,NA,NA,NA,NA,NA,NA,NA,NA
"KO_vs_Neg","SE","Skipped Exon","Tmem80","ENSMUSG00000025505","chr7","+",0.00192020009697441,-0.32,"0.38,0.462,0.493","0.823,0.815,0.658",140913550,140913644,140912822,140912921,140913923,140914016,NA,NA,NA,NA,NA,NA,NA,NA,NA,NA,NA,NA
"KO_vs_Neg","SE","Skipped Exon","Tmem80","ENSMUSG00000025505","chr7","+",0.00300504017042109,-0.306,"0.43,0.448,0.475","0.826,0.799,0.646",140913560,140913644,140912822,140912921,140913923,140914016,NA,NA,NA,NA,NA,NA,NA,NA,NA,NA,NA,NA
"KO_vs_Neg","SE","Skipped Exon","Brsk2","ENSMUSG00000053046","chr7","+",0.0113102743334771,0.16,"0.829,0.788,0.7","0.544,0.671,0.622",141552656,141552751,141552369,141552459,141554578,141554626,NA,NA,NA,NA,NA,NA,NA,NA,NA,NA,NA,NA
"KO_vs_Neg","SE","Skipped Exon","Ppfia1","ENSMUSG00000037519","chr7","-",0.0046656695693523,-0.212,"0.471,0.396,0.223","0.59,0.56,0.575",144042427,144042454,144038769,144038945,144042933,144042996,NA,NA,NA,NA,NA,NA,NA,NA,NA,NA,NA,NA
"KO_vs_Neg","SE","Skipped Exon","Ppfia1","ENSMUSG00000037519","chr7","-",5.19145191776284e-05,-0.103,"0.098,0.069,0.037","0.192,0.159,0.163",144042427,144042454,144038769,144038945,144045188,144045389,NA,NA,NA,NA,NA,NA,NA,NA,NA,NA,NA,NA
"KO_vs_Neg","SE","Skipped Exon","Ppfia1","ENSMUSG00000037519","chr7","-",0.00949241351047431,-0.319,"0.828,0.748,0.246","0.937,0.979,0.864",144042427,144042454,144038769,144038948,144042933,144042996,NA,NA,NA,NA,NA,NA,NA,NA,NA,NA,NA,NA
"KO_vs_Neg","SE","Skipped Exon","Ppfia1","ENSMUSG00000037519","chr7","-",0.0126401968737011,-0.142,"0.0,0.0,0.0","0.0,0.372,0.053",144042427,144042454,144038769,144038948,144045188,144045389,NA,NA,NA,NA,NA,NA,NA,NA,NA,NA,NA,NA
"KO_vs_Neg","SE","Skipped Exon","Ppfia1","ENSMUSG00000037519","chr7","-",0,-0.289,"0.28,0.313,0.36","0.658,0.546,0.616",144056603,144056633,144053988,144054140,144058639,144058871,NA,NA,NA,NA,NA,NA,NA,NA,NA,NA,NA,NA
"KO_vs_Neg","SE","Skipped Exon","Syncrip","ENSMUSG00000032423","chr9","-",0.00363902416521996,0.148,"0.673,0.804,0.625","0.583,0.546,0.53",88362658,88362818,88361846,88361965,88364108,88364184,NA,NA,NA,NA,NA,NA,NA,NA,NA,NA,NA,NA
"KO_vs_Neg","SE","Skipped Exon","Tpcn2","ENSMUSG00000048677","chr7","-",0.0174572242999629,0.5,"1.0,1.0,1.0","1.0,0.5,0.0",144832473,144832651,144827598,144827705,144833965,144834019,NA,NA,NA,NA,NA,NA,NA,NA,NA,NA,NA,NA
"KO_vs_Neg","SE","Skipped Exon","Mrgprf","ENSMUSG00000031070","chr7","+",8.55496766420476e-05,0.158,"0.057,0.272,0.146","0.0,0.0,0.0",144861097,144861224,144857550,144857665,144861487,144863086,NA,NA,NA,NA,NA,NA,NA,NA,NA,NA,NA,NA
"KO_vs_Neg","SE","Skipped Exon","Pnpla6","ENSMUSG00000004565","chr8","+",0.00055731439515116,-0.13,"0.697,0.771,0.722","0.893,0.88,0.808",3566506,3566568,3565392,3565556,3566680,3566749,NA,NA,NA,NA,NA,NA,NA,NA,NA,NA,NA,NA
"KO_vs_Neg","SE","Skipped Exon","Pnpla6","ENSMUSG00000004565","chr8","+",0.00144030976239214,-0.135,"0.686,0.752,0.692","0.871,0.896,0.768",3566509,3566568,3565383,3565556,3566680,3566749,NA,NA,NA,NA,NA,NA,NA,NA,NA,NA,NA,NA
"KO_vs_Neg","SE","Skipped Exon","Unc13a","ENSMUSG00000034799","chr8","-",3.26822828186032e-07,0.151,"0.597,0.59,0.616","0.449,0.46,0.442",72119284,72119314,72118622,72118722,72124269,72124380,NA,NA,NA,NA,NA,NA,NA,NA,NA,NA,NA,NA
"KO_vs_Neg","SE","Skipped Exon","Ccdc33","ENSMUSG00000037716","chr9","-",0.014874043905604,-0.333,"1.0,0.365,0.0","1.0,1.0,0.365",57989242,57989352,57984820,57984912,57993825,57993959,NA,NA,NA,NA,NA,NA,NA,NA,NA,NA,NA,NA
"KO_vs_Neg","SE","Skipped Exon","Gm15418","ENSMUSG00000085573","chr8","+",9.00410779008699e-08,-0.158,"0.816,0.829,0.761","0.962,0.958,0.96",11251499,11251592,11237754,11238018,11254183,11254503,NA,NA,NA,NA,NA,NA,NA,NA,NA,NA,NA,NA
"KO_vs_Neg","SE","Skipped Exon","Col4a1","ENSMUSG00000031502","chr8","-",4.92938987635925e-08,-0.187,"0.432,0.388,0.465","0.653,0.594,0.6",11254535,11254552,11252893,11253008,11256225,11256403,NA,NA,NA,NA,NA,NA,NA,NA,NA,NA,NA,NA
"KO_vs_Neg","SE","Skipped Exon","2610035D17Rik","ENSMUSG00000087259","chr11","-",0.0201041645637185,0.335,"0.867,0.74,0.885","0.498,0.736,0.253",112958167,112958212,112934704,112935986,113092116,113092666,NA,NA,NA,NA,NA,NA,NA,NA,NA,NA,NA,NA
"KO_vs_Neg","SE","Skipped Exon","Dcun1d2","ENSMUSG00000038506","chr8","-",0.00183942608153525,-0.113,"0.722,0.724,0.832","0.893,0.877,0.848",13308946,13309043,13305963,13307976,13311384,13311467,NA,NA,NA,NA,NA,NA,NA,NA,NA,NA,NA,NA
"KO_vs_Neg","SE","Skipped Exon","Slc29a3","ENSMUSG00000020100","chr10","-",0.044225909110644,-0.111,"0.84,0.797,0.871","0.968,0.919,0.953",60556639,60556802,60547850,60552269,60566348,60566431,NA,NA,NA,NA,NA,NA,NA,NA,NA,NA,NA,NA
"KO_vs_Neg","SE","Skipped Exon","Ltk","ENSMUSG00000027297","chr2","-",0.0173462961990597,-0.106,"0.766,0.828,0.851","0.905,0.968,0.889",119588727,119588884,119586095,119586194,119589004,119589142,NA,NA,NA,NA,NA,NA,NA,NA,NA,NA,NA,NA
"KO_vs_Neg","SE","Skipped Exon","Hdac4","ENSMUSG00000026313","chr1","-",0.000139231727531741,-0.102,"0.827,1.0,0.868","1.0,1.0,1.0",91875139,91875258,91862323,91862408,91883011,91883109,NA,NA,NA,NA,NA,NA,NA,NA,NA,NA,NA,NA
"KO_vs_Neg","SE","Skipped Exon","Ank1","ENSMUSG00000031543","chr8","+",0.0173194738309453,-0.31,"0.0,0.0,0.0","0.402,0.0,0.528",23621453,23621570,23613847,23613994,23622112,23622650,NA,NA,NA,NA,NA,NA,NA,NA,NA,NA,NA,NA
"KO_vs_Neg","SE","Skipped Exon","Zfp644","ENSMUSG00000049606","chr5","-",0.0377260582545205,0.229,"1.0,1.0,1.0","0.516,0.796,1.0",106814650,106814711,106767405,106767508,106843663,106843841,NA,NA,NA,NA,NA,NA,NA,NA,NA,NA,NA,NA
"KO_vs_Neg","SE","Skipped Exon","Zfp644","ENSMUSG00000049606","chr5","-",0.000291735121507097,-0.104,"0.81,0.909,0.968","1.0,1.0,1.0",106814650,106814711,106783475,106786501,106843002,106843565,NA,NA,NA,NA,NA,NA,NA,NA,NA,NA,NA,NA
"KO_vs_Neg","SE","Skipped Exon","Zfp644","ENSMUSG00000049606","chr5","-",0.00750429311386141,0.136,"0.945,0.96,0.959","0.701,0.832,0.924",106814650,106814711,106783475,106786501,106843508,106843565,NA,NA,NA,NA,NA,NA,NA,NA,NA,NA,NA,NA
"KO_vs_Neg","SE","Skipped Exon","Zfp644","ENSMUSG00000049606","chr5","-",0.0384446000279406,-0.159,"0.086,0.261,0.158","0.266,0.46,0.257",106843508,106843565,106784672,106786501,106844397,106844692,NA,NA,NA,NA,NA,NA,NA,NA,NA,NA,NA,NA
"KO_vs_Neg","SE","Skipped Exon","Zdhhc2","ENSMUSG00000039470","chr8","+",0.0018325243732241,-0.168,"0.744,0.673,0.826","0.94,0.891,0.917",40900091,40900186,40876855,40877210,40907557,40907656,NA,NA,NA,NA,NA,NA,NA,NA,NA,NA,NA,NA
"KO_vs_Neg","SE","Skipped Exon","Tstd2","ENSMUSG00000035495","chr4","-",0.000979183630409474,-0.231,"0.108,0.0,0.0","0.43,0.244,0.127",46137320,46137428,46135386,46135594,46138491,46138694,NA,NA,NA,NA,NA,NA,NA,NA,NA,NA,NA,NA
"KO_vs_Neg","SE","Skipped Exon","Kcnt1","ENSMUSG00000058740","chr2","+",0.014276385328449,-0.421,"0.0,0.149,1.0","1.0,0.413,1.0",25802666,25802729,25801037,25801368,25805790,25805878,NA,NA,NA,NA,NA,NA,NA,NA,NA,NA,NA,NA
"KO_vs_Neg","SE","Skipped Exon","Cenpu","ENSMUSG00000031629","chr8","+",0.0153068210460064,-0.105,"0.537,0.582,0.551","0.722,0.628,0.634",47023005,47023114,47021644,47021714,47025786,47025865,NA,NA,NA,NA,NA,NA,NA,NA,NA,NA,NA,NA
"KO_vs_Neg","SE","Skipped Exon","Agap1","ENSMUSG00000055013","chr1","+",0,-0.223,"0.103,0.123,0.143","0.317,0.381,0.34",89538005,89538017,89537217,89537305,89555482,89555568,NA,NA,NA,NA,NA,NA,NA,NA,NA,NA,NA,NA
"KO_vs_Neg","SE","Skipped Exon","Tenm3","ENSMUSG00000031561","chr8","-",0,-0.247,"0.348,0.375,0.372","0.653,0.595,0.589",48740167,48740188,48731992,48732225,48740825,48741075,NA,NA,NA,NA,NA,NA,NA,NA,NA,NA,NA,NA
"KO_vs_Neg","SE","Skipped Exon","Tenm3","ENSMUSG00000031561","chr8","-",1.84209524660517e-05,-0.142,"0.434,0.422,0.477","0.588,0.569,0.601",48766272,48766299,48763657,48763804,48788623,48788809,NA,NA,NA,NA,NA,NA,NA,NA,NA,NA,NA,NA
"KO_vs_Neg","SE","Skipped Exon","Hand2os1","ENSMUSG00000100510","chr8","-",0.00907338249038095,-0.197,"0.712,0.818,0.701","0.845,1.0,0.978",57771440,57771482,57767549,57767649,57772519,57772623,NA,NA,NA,NA,NA,NA,NA,NA,NA,NA,NA,NA
"KO_vs_Neg","SE","Skipped Exon","Hdnr","ENSMUSG00000097910","chr8","+",0.000527856709840572,-0.156,"0.0,0.0,0.0","0.189,0.0,0.28",57785804,57786666,57785433,57785668,57792867,57793669,NA,NA,NA,NA,NA,NA,NA,NA,NA,NA,NA,NA
"KO_vs_Neg","SE","Skipped Exon","Hdnr","ENSMUSG00000097910","chr8","+",0.000318697067425007,0.199,"1.0,1.0,1.0","0.654,1.0,0.749",57791917,57791982,57785804,57786666,57792867,57793212,NA,NA,NA,NA,NA,NA,NA,NA,NA,NA,NA,NA
"KO_vs_Neg","SE","Skipped Exon","Hdnr","ENSMUSG00000097910","chr8","+",0.0236944948707949,0.245,"1.0,0.793,1.0","0.807,0.382,0.869",57791917,57791982,57785804,57786666,57792899,57793212,NA,NA,NA,NA,NA,NA,NA,NA,NA,NA,NA,NA
"KO_vs_Neg","SE","Skipped Exon","Gabbr1","ENSMUSG00000024462","chr17","+",1.06140832345528e-07,-0.205,"0.805,0.769,0.76","0.977,0.973,1.0",37360544,37360689,37359469,37359498,37361890,37362019,NA,NA,NA,NA,NA,NA,NA,NA,NA,NA,NA,NA
"KO_vs_Neg","SE","Skipped Exon","Cilp2","ENSMUSG00000044006","chr8","-",0.000877985335330115,0.201,"1.0,1.0,1.0","0.852,0.743,0.802",70336640,70336749,70335949,70336107,70336936,70337215,NA,NA,NA,NA,NA,NA,NA,NA,NA,NA,NA,NA
"KO_vs_Neg","SE","Skipped Exon","Ank3","ENSMUSG00000069601","chr10","+",3.58513054050286e-05,-0.282,"0.392,0.442,0.425","0.74,0.607,0.757",69765276,69765288,69763524,69763648,69768223,69768326,NA,NA,NA,NA,NA,NA,NA,NA,NA,NA,NA,NA
"KO_vs_Neg","SE","Skipped Exon","Ank3","ENSMUSG00000069601","chr10","+",7.77343133396744e-07,-0.265,"0.28,0.299,0.382","0.619,0.651,0.486",69789269,69789302,69786781,69786888,69791755,69791980,NA,NA,NA,NA,NA,NA,NA,NA,NA,NA,NA,NA
"KO_vs_Neg","SE","Skipped Exon","Ank3","ENSMUSG00000069601","chr10","+",5.78051064570614e-13,-0.316,"0.179,0.295,0.175","0.456,0.582,0.558",69816653,69816680,69816101,69816224,69817945,69818027,NA,NA,NA,NA,NA,NA,NA,NA,NA,NA,NA,NA
"KO_vs_Neg","SE","Skipped Exon","Myo9b","ENSMUSG00000004677","chr8","+",0.00807855840314897,0.191,"0.362,0.43,0.312","0.0,0.0,0.531",71791550,71791664,71786959,71787038,71795405,71795528,NA,NA,NA,NA,NA,NA,NA,NA,NA,NA,NA,NA
"KO_vs_Neg","SE","Skipped Exon","Jak3","ENSMUSG00000031805","chr8","+",5.55548232860267e-06,-0.333,"0.581,0.634,0.617","1.0,1.0,0.83",72135543,72135628,72134925,72135057,72135975,72136103,NA,NA,NA,NA,NA,NA,NA,NA,NA,NA,NA,NA
"KO_vs_Neg","SE","Skipped Exon","Tom1","ENSMUSG00000042870","chr8","+",0.000897453007922903,-0.232,"0.656,0.836,0.639","0.962,0.864,1.0",75774620,75774705,75760332,75760455,75781204,75781321,NA,NA,NA,NA,NA,NA,NA,NA,NA,NA,NA,NA
"KO_vs_Neg","SE","Skipped Exon","Tom1","ENSMUSG00000042870","chr8","+",0.00723342432325409,-0.147,"0.74,0.744,0.832","0.93,0.922,0.906",75776817,75776896,75774620,75774705,75778135,75778285,NA,NA,NA,NA,NA,NA,NA,NA,NA,NA,NA,NA
"KO_vs_Neg","SE","Skipped Exon","Tom1","ENSMUSG00000042870","chr8","+",0.00330116438807385,-0.125,"0.814,0.895,0.814","0.973,0.924,1.0",75778777,75778924,75760332,75760455,75781204,75781304,NA,NA,NA,NA,NA,NA,NA,NA,NA,NA,NA,NA
"KO_vs_Neg","SE","Skipped Exon","Hook2","ENSMUSG00000052566","chr8","+",0.00638857228532393,-0.196,"0.826,0.631,0.717","0.864,0.98,0.919",85725118,85725153,85724832,85724920,85727783,85727866,NA,NA,NA,NA,NA,NA,NA,NA,NA,NA,NA,NA
"KO_vs_Neg","SE","Skipped Exon","Crnde","ENSMUSG00000031736","chr8","-",4.92678185180304e-05,-0.213,"0.388,0.419,0.449","0.635,0.659,0.6",93076530,93076616,93073221,93073732,93077318,93077382,NA,NA,NA,NA,NA,NA,NA,NA,NA,NA,NA,NA
"KO_vs_Neg","SE","Skipped Exon","Gm33023","ENSMUSG00000110652","chr8","+",0.00377631557742432,0.324,"1.0,1.0,0.6","0.429,0.2,1.0",105360139,105360350,105358363,105358415,105361130,105361259,NA,NA,NA,NA,NA,NA,NA,NA,NA,NA,NA,NA
"KO_vs_Neg","SE","Skipped Exon","Tmem208","ENSMUSG00000014856","chr8","+",0.00122069772960619,-0.115,"0.83,0.96,0.865","1.0,1.0,1.0",106055403,106055534,106054953,106055090,106061274,106061433,NA,NA,NA,NA,NA,NA,NA,NA,NA,NA,NA,NA
"KO_vs_Neg","SE","Skipped Exon","Slc9a5","ENSMUSG00000014786","chr8","+",4.03473091825002e-08,-0.134,"0.145,0.142,0.193","0.31,0.288,0.284",106088192,106088270,106085958,106086085,106089894,106090065,NA,NA,NA,NA,NA,NA,NA,NA,NA,NA,NA,NA
"KO_vs_Neg","SE","Skipped Exon","Asphd2","ENSMUSG00000029348","chr5","-",0.0173307592407169,-0.112,"0.389,0.331,0.311","0.421,0.478,0.468",112541325,112541449,112539676,112540121,112542583,112542732,NA,NA,NA,NA,NA,NA,NA,NA,NA,NA,NA,NA
"KO_vs_Neg","SE","Skipped Exon","Fnbp1","ENSMUSG00000075415","chr2","-",0.00340338440646924,-0.13,"0.352,0.23,0.241","0.385,0.387,0.441",30934893,30934908,30930416,30930526,30942996,30943092,NA,NA,NA,NA,NA,NA,NA,NA,NA,NA,NA,NA
"KO_vs_Neg","SE","Skipped Exon","Gphn","ENSMUSG00000047454","chr12","+",0.000233059709810538,-0.404,"0.0,0.0,0.0","0.701,0.51,0.0",78579430,78579472,78569671,78569728,78609629,78609672,NA,NA,NA,NA,NA,NA,NA,NA,NA,NA,NA,NA
"KO_vs_Neg","SE","Skipped Exon","0610010K14Rik","ENSMUSG00000020831","chr11","-",1.97865092490152e-07,-0.13,"0.5,0.555,0.514","0.642,0.67,0.647",70127713,70127804,70126849,70127037,70128356,70128451,NA,NA,NA,NA,NA,NA,NA,NA,NA,NA,NA,NA
"KO_vs_Neg","SE","Skipped Exon","6430548M08Rik","ENSMUSG00000031824","chr8","+",3.78927906386595e-07,-0.223,"0.271,0.289,0.357","0.515,0.551,0.521",120884206,120884236,120883035,120883113,120886697,120886778,NA,NA,NA,NA,NA,NA,NA,NA,NA,NA,NA,NA
"KO_vs_Neg","SE","Skipped Exon","Emc8","ENSMUSG00000031819","chr8","-",0.00819791389813112,0.287,"0.867,0.714,0.867","0.4,0.605,0.581",121386697,121386926,121385266,121385813,121387232,121387409,NA,NA,NA,NA,NA,NA,NA,NA,NA,NA,NA,NA
"KO_vs_Neg","SE","Skipped Exon","Pde4c","ENSMUSG00000031842","chr8","+",6.98598381729316e-08,-0.85,"0.0,0.25,0.2","1.0,1.0,1.0",71182756,71182933,71179492,71179698,71197922,71198114,NA,NA,NA,NA,NA,NA,NA,NA,NA,NA,NA,NA
"KO_vs_Neg","SE","Skipped Exon","Pde4c","ENSMUSG00000031842","chr8","+",0.043364544711903,0.141,"1.0,1.0,1.0","1.0,1.0,0.576",71201016,71201171,71200705,71200805,71201559,71201682,NA,NA,NA,NA,NA,NA,NA,NA,NA,NA,NA,NA
"KO_vs_Neg","SE","Skipped Exon","Gsdmd","ENSMUSG00000022575","chr15","+",1.46682755955601e-10,0.116,"0.944,0.978,0.946","0.882,0.825,0.814",75736092,75736285,75735253,75735477,75736797,75736966,NA,NA,NA,NA,NA,NA,NA,NA,NA,NA,NA,NA
"KO_vs_Neg","SE","Skipped Exon","Gsdmd","ENSMUSG00000022575","chr15","+",1.54111911516878e-10,0.27,"0.864,0.946,0.876","0.693,0.623,0.56",75736203,75736285,75735253,75735477,75736797,75736966,NA,NA,NA,NA,NA,NA,NA,NA,NA,NA,NA,NA
"KO_vs_Neg","SE","Skipped Exon","Ttc13","ENSMUSG00000037300","chr8","-",0.00312908394867412,-0.1,"0.553,0.527,0.543","0.624,0.646,0.653",125421568,125421679,125417015,125417098,125436641,125436712,NA,NA,NA,NA,NA,NA,NA,NA,NA,NA,NA,NA
"KO_vs_Neg","SE","Skipped Exon","Ttc13","ENSMUSG00000037300","chr8","-",0.000160577100748785,-0.121,"0.244,0.203,0.203","0.288,0.352,0.372",125426394,125426460,125417015,125417098,125436641,125436687,NA,NA,NA,NA,NA,NA,NA,NA,NA,NA,NA,NA
"KO_vs_Neg","SE","Skipped Exon","Clvs1","ENSMUSG00000041216","chr4","+",6.22785985960878e-05,0.113,"0.25,0.22,0.174","0.139,0.079,0.086",9280380,9280538,9269292,9269734,9281387,9281432,NA,NA,NA,NA,NA,NA,NA,NA,NA,NA,NA,NA
"KO_vs_Neg","SE","Skipped Exon","Gm32856","ENSMUSG00000110605","chr8","+",0.0157133812322973,0.256,"1.0,0.857,0.778","0.6,0.581,0.686",129993965,129994180,129990060,129990205,129995262,129995455,NA,NA,NA,NA,NA,NA,NA,NA,NA,NA,NA,NA
"KO_vs_Neg","SE","Skipped Exon","Gm32856","ENSMUSG00000110605","chr8","+",0.0296184291294327,-0.183,"0.0,0.0,0.091","0.1,0.429,0.111",129995262,129995455,129993965,129994180,130007503,130007630,NA,NA,NA,NA,NA,NA,NA,NA,NA,NA,NA,NA
"KO_vs_Neg","SE","Skipped Exon","Dync2h1","ENSMUSG00000047193","chr9","-",0.000141459366264083,-0.182,"0.768,0.882,0.703","1.0,1.0,0.9",7045348,7045369,7044329,7044428,7049082,7049192,NA,NA,NA,NA,NA,NA,NA,NA,NA,NA,NA,NA
"KO_vs_Neg","SE","Skipped Exon","Mlh1","ENSMUSG00000032498","chr9","-",0.00381722284412566,0.264,"1.0,1.0,1.0","1.0,0.399,0.81",111085950,111086081,111081931,111082044,111086467,111086559,NA,NA,NA,NA,NA,NA,NA,NA,NA,NA,NA,NA
"KO_vs_Neg","SE","Skipped Exon","Tnip1","ENSMUSG00000020400","chr11","-",2.67644520876875e-07,0.118,"0.913,0.877,0.865","0.78,0.785,0.736",54831536,54831708,54830423,54830561,54846846,54846930,NA,NA,NA,NA,NA,NA,NA,NA,NA,NA,NA,NA
"KO_vs_Neg","SE","Skipped Exon","Tnip1","ENSMUSG00000020400","chr11","-",0,-0.289,"0.222,0.193,0.242","0.541,0.526,0.456",54846846,54847004,54831536,54831708,54853658,54853743,NA,NA,NA,NA,NA,NA,NA,NA,NA,NA,NA,NA
"KO_vs_Neg","SE","Skipped Exon","Zfp426","ENSMUSG00000059475","chr9","-",0.0401835514083329,0.19,"1.0,1.0,1.0","1.0,0.43,1.0",20386206,20386329,20384323,20384404,20389428,20389566,NA,NA,NA,NA,NA,NA,NA,NA,NA,NA,NA,NA
"KO_vs_Neg","SE","Skipped Exon","Zfp426","ENSMUSG00000059475","chr9","-",0.00800351515664147,-0.202,"0.729,1.0,0.59","1.0,0.924,1.0",20389428,20389575,20386231,20386329,20397625,20397721,NA,NA,NA,NA,NA,NA,NA,NA,NA,NA,NA,NA
"KO_vs_Neg","SE","Skipped Exon","Zfp426","ENSMUSG00000059475","chr9","-",0.0121882289715801,-0.293,"0.489,0.561,0.549","0.907,0.909,0.661",20397625,20397721,20389428,20389575,20403681,20404007,NA,NA,NA,NA,NA,NA,NA,NA,NA,NA,NA,NA
"KO_vs_Neg","SE","Skipped Exon","Mrpl4","ENSMUSG00000003299","chr9","+",0.00123718040194946,-0.309,"0.217,0.455,1.0","0.6,1.0,1.0",20918623,20918836,20918122,20918152,20919118,20919173,NA,NA,NA,NA,NA,NA,NA,NA,NA,NA,NA,NA
"KO_vs_Neg","SE","Skipped Exon","Mrpl4","ENSMUSG00000003299","chr9","+",0.000894222668650247,-0.168,"0.618,0.787,1.0","0.908,1.0,1.0",20918729,20918836,20918122,20918152,20919118,20919195,NA,NA,NA,NA,NA,NA,NA,NA,NA,NA,NA,NA
"KO_vs_Neg","SE","Skipped Exon","Ilf3","ENSMUSG00000032178","chr9","+",0.0134605019273338,-0.126,"0.887,0.75,0.812","0.963,1.0,0.864",21299819,21300049,21279166,21279395,21303590,21303738,NA,NA,NA,NA,NA,NA,NA,NA,NA,NA,NA,NA
"KO_vs_Neg","SE","Skipped Exon","Mgrn1","ENSMUSG00000022517","chr16","+",0.000108977840471664,-0.184,"0.39,0.467,0.509","0.649,0.671,0.597",4752058,4752103,4750063,4750162,4754759,4755285,NA,NA,NA,NA,NA,NA,NA,NA,NA,NA,NA,NA
"KO_vs_Neg","SE","Skipped Exon","Lrrfip2","ENSMUSG00000032497","chr9","+",0.00348032763031643,0.377,"1.0,1.0,1.0","0.434,1.0,0.434",110996267,110996312,110990370,110990457,111004844,111004910,NA,NA,NA,NA,NA,NA,NA,NA,NA,NA,NA,NA
"KO_vs_Neg","SE","Skipped Exon","Lrrfip2","ENSMUSG00000032497","chr9","+",0.00890956324168458,0.17,"1.0,1.0,1.0","0.686,1.0,0.804",110999323,110999392,110990370,110990457,111004844,111004910,NA,NA,NA,NA,NA,NA,NA,NA,NA,NA,NA,NA
"KO_vs_Neg","SE","Skipped Exon","Thyn1","ENSMUSG00000035443","chr9","+",0.00223828509653028,-0.101,"0.478,0.446,0.449","0.551,0.59,0.535",26918096,26918247,26917647,26917743,26918453,26918630,NA,NA,NA,NA,NA,NA,NA,NA,NA,NA,NA,NA
"KO_vs_Neg","SE","Skipped Exon","Aplp2","ENSMUSG00000031996","chr9","-",7.85737328861507e-13,-0.127,"0.173,0.175,0.181","0.278,0.325,0.306",31067485,31067521,31064709,31064795,31068990,31069143,NA,NA,NA,NA,NA,NA,NA,NA,NA,NA,NA,NA
"KO_vs_Neg","SE","Skipped Exon","Ccdc15","ENSMUSG00000034303","chr9","-",0.0433550238424801,-0.145,"0.831,0.711,0.835","0.953,0.952,0.908",37188653,37188777,37187130,37187861,37190262,37190411,NA,NA,NA,NA,NA,NA,NA,NA,NA,NA,NA,NA
"KO_vs_Neg","SE","Skipped Exon","Zfp62","ENSMUSG00000046311","chr11","+",0.0134605019273338,-0.15,"0.0,0.051,0.069","0.176,0.276,0.119",49095277,49095302,49094560,49095037,49103521,49103603,NA,NA,NA,NA,NA,NA,NA,NA,NA,NA,NA,NA
"KO_vs_Neg","SE","Skipped Exon","Sh3pxd2a","ENSMUSG00000053617","chr19","-",0.0455622843526551,-0.127,"0.606,0.73,0.679","0.797,0.819,0.779",47308714,47308759,47302473,47302605,47331878,47331907,NA,NA,NA,NA,NA,NA,NA,NA,NA,NA,NA,NA
"KO_vs_Neg","SE","Skipped Exon","Arhgef12","ENSMUSG00000059495","chr9","-",0.00181831638437147,0.127,"1.0,1.0,1.0","1.0,0.826,0.792",42953886,42953972,42938492,42938591,43016473,43016781,NA,NA,NA,NA,NA,NA,NA,NA,NA,NA,NA,NA
"KO_vs_Neg","SE","Skipped Exon","Phldb1","ENSMUSG00000048537","chr9","-",8.0033279149166e-12,-0.203,"0.442,0.399,0.401","0.653,0.621,0.578",44610123,44610168,44609222,44609517,44610643,44610746,NA,NA,NA,NA,NA,NA,NA,NA,NA,NA,NA,NA
"KO_vs_Neg","SE","Skipped Exon","Phldb1","ENSMUSG00000048537","chr9","-",9.56002986626246e-07,-0.134,"0.157,0.159,0.098","0.24,0.322,0.255",44612799,44612967,44612242,44612383,44615099,44615189,NA,NA,NA,NA,NA,NA,NA,NA,NA,NA,NA,NA
"KO_vs_Neg","SE","Skipped Exon","Sidt2","ENSMUSG00000034908","chr9","-",6.71696024841429e-05,-0.139,"0.755,0.702,0.696","0.866,0.814,0.891",45858838,45858850,45858281,45858353,45859133,45859186,NA,NA,NA,NA,NA,NA,NA,NA,NA,NA,NA,NA
"KO_vs_Neg","SE","Skipped Exon","Cadm1","ENSMUSG00000032076","chr9","+",2.73724631667719e-05,-0.167,"0.575,0.475,0.557","0.739,0.694,0.675",47740674,47740707,47725070,47725243,47759464,47759596,NA,NA,NA,NA,NA,NA,NA,NA,NA,NA,NA,NA
"KO_vs_Neg","SE","Skipped Exon","Cadm1","ENSMUSG00000032076","chr9","+",0.00187085474790787,-0.133,"0.237,0.052,0.077","0.262,0.232,0.272",47748014,47748068,47725070,47725243,47759464,47759596,NA,NA,NA,NA,NA,NA,NA,NA,NA,NA,NA,NA
"KO_vs_Neg","SE","Skipped Exon","Bco2","ENSMUSG00000032066","chr9","-",9.56002986626246e-07,0.751,"1.0,0.797,1.0","0.36,0.184,0.0",50456646,50456762,50455756,50455859,50457164,50457376,NA,NA,NA,NA,NA,NA,NA,NA,NA,NA,NA,NA
"KO_vs_Neg","SE","Skipped Exon","Dnajb4","ENSMUSG00000028035","chr3","-",0.00043662500294647,0.131,"0.846,0.823,0.824","0.688,0.7,0.713",151899013,151899255,151892051,151892620,151915471,151915720,NA,NA,NA,NA,NA,NA,NA,NA,NA,NA,NA,NA
"KO_vs_Neg","SE","Skipped Exon","Gm3512","ENSMUSG00000090363","chr14","+",0.0220253981993824,-0.146,"0.66,0.875,0.86","0.833,1.0,1.0",15299928,15300079,15295239,15295273,15310386,15310549,NA,NA,NA,NA,NA,NA,NA,NA,NA,NA,NA,NA
"KO_vs_Neg","SE","Skipped Exon","Alkbh3","ENSMUSG00000040174","chr2","-",0.00124514326669317,-0.102,"0.525,0.52,0.538","0.629,0.652,0.607",93840607,93840753,93838768,93838937,93841027,93841099,NA,NA,NA,NA,NA,NA,NA,NA,NA,NA,NA,NA
"KO_vs_Neg","SE","Skipped Exon","Ankrd13b","ENSMUSG00000037907","chr11","-",0.00960861659311831,-0.127,"0.224,0.198,0.205","0.276,0.34,0.392",77362839,77363005,77361312,77362704,77363127,77363204,NA,NA,NA,NA,NA,NA,NA,NA,NA,NA,NA,NA
"KO_vs_Neg","SE","Skipped Exon","Arhgap39","ENSMUSG00000033697","chr15","-",0.00769805338116949,-0.159,"0.308,0.329,0.426","0.495,0.568,0.476",76614563,76614656,76611602,76611676,76619076,76619638,NA,NA,NA,NA,NA,NA,NA,NA,NA,NA,NA,NA
"KO_vs_Neg","SE","Skipped Exon","Megf11","ENSMUSG00000036466","chr9","+",0.000106048906023732,-0.121,"0.913,0.864,0.832","0.972,1.0,1.0",64598502,64598631,64597283,64597412,64599076,64599205,NA,NA,NA,NA,NA,NA,NA,NA,NA,NA,NA,NA
"KO_vs_Neg","SE","Skipped Exon","Prrt2","ENSMUSG00000045114","chr7","-",0.0457186351784288,0.199,"0.869,0.843,0.929","0.66,0.59,0.793",126618566,126618702,126618055,126618188,126620176,126620309,NA,NA,NA,NA,NA,NA,NA,NA,NA,NA,NA,NA
"KO_vs_Neg","SE","Skipped Exon","Bnip2","ENSMUSG00000011958","chr9","+",0,-0.101,"0.071,0.05,0.055","0.146,0.169,0.165",69905529,69905615,69904362,69904539,69906375,69906440,NA,NA,NA,NA,NA,NA,NA,NA,NA,NA,NA,NA
"KO_vs_Neg","SE","Skipped Exon","Sltm","ENSMUSG00000032212","chr9","+",9.48272215082441e-08,-0.652,"0.122,0.41,0.511","1.0,1.0,1.0",70466318,70466383,70450140,70450363,70479430,70479458,NA,NA,NA,NA,NA,NA,NA,NA,NA,NA,NA,NA
"KO_vs_Neg","SE","Skipped Exon","Ccdc17","ENSMUSG00000034035","chr4","+",0.000962779587141455,0.582,"0.694,1.0,1.0","0.0,0.362,0.586",116455370,116455484,116455039,116455158,116455696,116455824,NA,NA,NA,NA,NA,NA,NA,NA,NA,NA,NA,NA
"KO_vs_Neg","SE","Skipped Exon","Osm","ENSMUSG00000058755","chr11","+",0.0152670102828134,-0.133,"0.769,0.873,0.662","0.937,0.947,0.818",4188405,4188542,4186419,4186913,4189385,4191026,NA,NA,NA,NA,NA,NA,NA,NA,NA,NA,NA,NA
"KO_vs_Neg","SE","Skipped Exon","Mark3","ENSMUSG00000007411","chr12","+",0.000245953761779784,0.8,"1.0,1.0,1.0","0.0,0.0,0.601",111581829,111581878,111540956,111541535,111589678,111589749,NA,NA,NA,NA,NA,NA,NA,NA,NA,NA,NA,NA
"KO_vs_Neg","SE","Skipped Exon","Ccz1","ENSMUSG00000029617","chr5","-",0.00180420624393698,-0.389,"0.667,0.167,1.0","1.0,1.0,1.0",143934980,143935423,143929295,143929444,143940860,143940977,NA,NA,NA,NA,NA,NA,NA,NA,NA,NA,NA,NA
"KO_vs_Neg","SE","Skipped Exon","Aste1","ENSMUSG00000032567","chr9","+",0.0128837148088727,0.372,"0.931,0.733,0.5","0.367,0.435,0.246",105273996,105275057,105273743,105273904,105278674,105278885,NA,NA,NA,NA,NA,NA,NA,NA,NA,NA,NA,NA
"KO_vs_Neg","SE","Skipped Exon","Aste1","ENSMUSG00000032567","chr9","+",0.0209895596447984,0.362,"0.917,0.704,0.5","0.367,0.422,0.246",105274823,105275057,105273743,105273904,105278674,105279342,NA,NA,NA,NA,NA,NA,NA,NA,NA,NA,NA,NA
"KO_vs_Neg","SE","Skipped Exon","Atp2c1","ENSMUSG00000032570","chr9","-",5.45443055800909e-12,-0.228,"0.337,0.362,0.305","0.564,0.55,0.573",105370741,105370753,105346305,105347346,105371613,105371681,NA,NA,NA,NA,NA,NA,NA,NA,NA,NA,NA,NA
"KO_vs_Neg","SE","Skipped Exon","Mapkapk3","ENSMUSG00000032577","chr9","-",0.00224538113434144,0.313,"1.0,1.0,0.907","0.295,0.788,0.885",107139621,107139686,107139076,107139156,107140823,107140963,NA,NA,NA,NA,NA,NA,NA,NA,NA,NA,NA,NA
"KO_vs_Neg","SE","Skipped Exon","Uba7","ENSMUSG00000032596","chr9","+",0.0245809353331138,-0.115,"0.846,0.915,0.895","1.0,1.0,1.0",107855050,107855221,107854527,107854674,107855407,107855515,NA,NA,NA,NA,NA,NA,NA,NA,NA,NA,NA,NA
"KO_vs_Neg","SE","Skipped Exon","Ip6k2","ENSMUSG00000032599","chr9","+",7.15609498296304e-05,-0.102,"0.139,0.098,0.107","0.227,0.225,0.197",108673739,108673771,108673262,108673595,108673853,108673982,NA,NA,NA,NA,NA,NA,NA,NA,NA,NA,NA,NA
"KO_vs_Neg","SE","Skipped Exon","Ip6k2","ENSMUSG00000032599","chr9","+",4.7446014300949e-10,-0.183,"0.13,0.15,0.141","0.316,0.361,0.292",108673739,108673771,108673262,108673595,108674405,108674641,NA,NA,NA,NA,NA,NA,NA,NA,NA,NA,NA,NA
"KO_vs_Neg","SE","Skipped Exon","Ip6k2","ENSMUSG00000032599","chr9","+",0.041640391229445,-0.156,"0.258,0.181,0.263","0.481,0.292,0.397",108673739,108673771,108673262,108673595,108674482,108674892,NA,NA,NA,NA,NA,NA,NA,NA,NA,NA,NA,NA
"KO_vs_Neg","SE","Skipped Exon","Ip6k2","ENSMUSG00000032599","chr9","+",7.96998864356208e-07,0.23,"0.925,0.827,0.896","0.646,0.56,0.751",108673853,108673982,108673739,108673771,108674405,108674544,NA,NA,NA,NA,NA,NA,NA,NA,NA,NA,NA,NA
"KO_vs_Neg","SE","Skipped Exon","Ip6k2","ENSMUSG00000032599","chr9","+",7.67656156388713e-06,0.246,"0.911,0.793,0.882","0.628,0.506,0.713",108673869,108673982,108673739,108673771,108674405,108675193,NA,NA,NA,NA,NA,NA,NA,NA,NA,NA,NA,NA
"KO_vs_Neg","SE","Skipped Exon","Col13a1","ENSMUSG00000058806","chr10","-",7.6578913184955e-05,-0.376,"0.919,0.445,0.507","1.0,1.0,1.0",61697793,61697892,61696218,61696263,61698406,61698550,NA,NA,NA,NA,NA,NA,NA,NA,NA,NA,NA,NA
"KO_vs_Neg","SE","Skipped Exon","Pcbp3","ENSMUSG00000001120","chr10","-",1.77624096478108e-06,-0.163,"0.225,0.215,0.231","0.401,0.327,0.433",76686055,76686182,76683569,76683646,76728390,76728490,NA,NA,NA,NA,NA,NA,NA,NA,NA,NA,NA,NA
"KO_vs_Neg","SE","Skipped Exon","Nme6","ENSMUSG00000032478","chr9","+",0.000547499490918991,-0.136,"0.747,0.918,0.848","0.962,1.0,0.96",109668675,109668778,109662114,109662363,109670994,109671155,NA,NA,NA,NA,NA,NA,NA,NA,NA,NA,NA,NA
"KO_vs_Neg","SE","Skipped Exon","Map4","ENSMUSG00000032479","chr9","+",1.12248509632514e-10,-0.121,"0.713,0.785,0.767","0.846,0.919,0.862",109893295,109893517,109891658,109892191,109896552,109896736,NA,NA,NA,NA,NA,NA,NA,NA,NA,NA,NA,NA
"KO_vs_Neg","SE","Skipped Exon","Mbnl1","ENSMUSG00000027763","chr3","+",0.000282526815093013,-0.128,"0.47,0.449,0.446","0.633,0.583,0.532",60522103,60522157,60520683,60520941,60523040,60523193,NA,NA,NA,NA,NA,NA,NA,NA,NA,NA,NA,NA
"KO_vs_Neg","SE","Skipped Exon","9530059O14Rik","ENSMUSG00000097736","chr9","+",0.000757987449451691,-0.102,"0.0,0.0,0.055","0.0,0.226,0.135",122481137,122481222,122405998,122406047,122483437,122483583,NA,NA,NA,NA,NA,NA,NA,NA,NA,NA,NA,NA
"KO_vs_Neg","SE","Skipped Exon","Zdhhc3","ENSMUSG00000025786","chr9","-",0.00743756993791806,-0.229,"0.588,0.69,0.582","0.822,0.881,0.845",122927987,122928039,122913278,122913375,122929327,122929657,NA,NA,NA,NA,NA,NA,NA,NA,NA,NA,NA,NA
"KO_vs_Neg","SE","Skipped Exon","Syne1","ENSMUSG00000096054","chr10","-",0.00968022488136227,0.112,"0.373,0.449,0.397","0.235,0.319,0.33",4995265,4995334,4993610,4993753,4997530,4997858,NA,NA,NA,NA,NA,NA,NA,NA,NA,NA,NA,NA
"KO_vs_Neg","SE","Skipped Exon","Dhx30","ENSMUSG00000032480","chr9","-",0.0267592997654952,0.147,"0.834,1.0,1.0","1.0,0.883,0.511",109937008,109937037,109927796,109927920,109938093,109938189,NA,NA,NA,NA,NA,NA,NA,NA,NA,NA,NA,NA
"KO_vs_Neg","SE","Skipped Exon","Ninj2","ENSMUSG00000041377","chr6","+",0.0171893980686886,-0.121,"0.636,1.0,1.0","1.0,1.0,1.0",120175603,120175788,120174863,120175095,120176973,120177295,NA,NA,NA,NA,NA,NA,NA,NA,NA,NA,NA,NA
"KO_vs_Neg","SE","Skipped Exon","Atxn2l","ENSMUSG00000032637","chr7","-",1.69004489173823e-05,-0.141,"0.651,0.624,0.677","0.766,0.797,0.812",126091615,126091780,126090957,126091387,126091983,126092173,NA,NA,NA,NA,NA,NA,NA,NA,NA,NA,NA,NA
"KO_vs_Neg","SE","Skipped Exon","Atxn2l","ENSMUSG00000032637","chr7","-",0.000218139394711733,-0.145,"0.572,0.655,0.624","0.715,0.777,0.793",126091620,126091657,126091324,126091387,126091983,126092173,NA,NA,NA,NA,NA,NA,NA,NA,NA,NA,NA,NA
"KO_vs_Neg","SE","Skipped Exon","E130307A14Rik","ENSMUSG00000087177","chr10","-",0.0041700348190475,0.326,"0.941,0.731,1.0","0.444,0.619,0.63",39521551,39521804,39516271,39516507,39530517,39530684,NA,NA,NA,NA,NA,NA,NA,NA,NA,NA,NA,NA
"KO_vs_Neg","SE","Skipped Exon","Elf2","ENSMUSG00000037174","chr3","-",0.00239573290627923,0.189,"0.405,0.414,0.415","0.242,0.223,0.202",51207203,51207306,51201513,51201609,51215470,51215636,NA,NA,NA,NA,NA,NA,NA,NA,NA,NA,NA,NA
"KO_vs_Neg","SE","Skipped Exon","Hnrnph3","ENSMUSG00000020069","chr10","-",8.62024920759078e-06,-0.113,"0.58,0.589,0.584","0.688,0.736,0.669",62854538,62854677,62853819,62854004,62855171,62855306,NA,NA,NA,NA,NA,NA,NA,NA,NA,NA,NA,NA
"KO_vs_Neg","SE","Skipped Exon","Micu1","ENSMUSG00000020111","chr10","+",0.000167108766753156,-0.404,"0.161,0.256,0.0","0.548,0.477,0.603",59602905,59602911,59592527,59592539,59603959,59604074,NA,NA,NA,NA,NA,NA,NA,NA,NA,NA,NA,NA
"KO_vs_Neg","SE","Skipped Exon","Dkc1","ENSMUSG00000031403","chrX","+",0.00559147937263962,0.468,"1.0,1.0,0.795","0.0,0.392,1.0",74140238,74140320,74139706,74139733,74140888,74140975,NA,NA,NA,NA,NA,NA,NA,NA,NA,NA,NA,NA
"KO_vs_Neg","SE","Skipped Exon","Tasor","ENSMUSG00000040651","chr14","+",0.0258186145504951,0.2,"0.585,0.348,0.531","0.28,0.231,0.354",27189462,27189522,27188123,27188268,27193574,27194503,NA,NA,NA,NA,NA,NA,NA,NA,NA,NA,NA,NA
"KO_vs_Neg","SE","Skipped Exon","Arvcf","ENSMUSG00000118669","chr16","+",0,-0.258,"0.394,0.395,0.443","0.651,0.692,0.664",18219530,18219548,18218834,18219003,18220316,18220388,NA,NA,NA,NA,NA,NA,NA,NA,NA,NA,NA,NA
"KO_vs_Neg","SE","Skipped Exon","Mkln1","ENSMUSG00000025609","chr6","+",0.0164101036223026,0.445,"1.0,1.0,1.0","0.409,1.0,0.257",31428453,31428519,31409870,31410066,31445065,31447824,NA,NA,NA,NA,NA,NA,NA,NA,NA,NA,NA,NA
"KO_vs_Neg","SE","Skipped Exon","Cfap410","ENSMUSG00000020284","chr10","+",0.000122653764161376,0.312,"1.0,1.0,0.926","0.667,0.395,0.929",77815586,77815885,77814526,77814615,77816334,77816356,NA,NA,NA,NA,NA,NA,NA,NA,NA,NA,NA,NA
"KO_vs_Neg","SE","Skipped Exon","D330050G23Rik","ENSMUSG00000085316","chr2","+",0.0048849076355602,0.246,"0.485,0.14,0.272","0.032,0.093,0.034",116731456,116731556,116730648,116730812,116734522,116734703,NA,NA,NA,NA,NA,NA,NA,NA,NA,NA,NA,NA
"KO_vs_Neg","SE","Skipped Exon","D330050G23Rik","ENSMUSG00000085316","chr2","+",0.00580014955399526,-0.347,"0.429,0.667,0.4","0.72,1.0,0.818",116734522,116734703,116730697,116730812,116741201,116741317,NA,NA,NA,NA,NA,NA,NA,NA,NA,NA,NA,NA
"KO_vs_Neg","SE","Skipped Exon","D330050G23Rik","ENSMUSG00000085316","chr2","+",0.0063706946175172,-0.322,"0.462,0.5,0.5","0.692,0.826,0.911",116734522,116734703,116730697,116730812,116741209,116741317,NA,NA,NA,NA,NA,NA,NA,NA,NA,NA,NA,NA
"KO_vs_Neg","SE","Skipped Exon","Pcsk4","ENSMUSG00000020131","chr10","-",0.0189744900917835,-0.119,"0.854,0.846,0.763","1.0,0.916,0.904",80157914,80158043,80157116,80157785,80158557,80158682,NA,NA,NA,NA,NA,NA,NA,NA,NA,NA,NA,NA
"KO_vs_Neg","SE","Skipped Exon","Pcsk4","ENSMUSG00000020131","chr10","-",0.00573109689889415,0.436,"1.0,0.527,0.762","0.378,0.312,0.291",80159316,80159434,80158823,80159009,80159506,80159610,NA,NA,NA,NA,NA,NA,NA,NA,NA,NA,NA,NA
"KO_vs_Neg","SE","Skipped Exon","Edem3","ENSMUSG00000043019","chr1","+",5.75443665566205e-09,-0.16,"0.158,0.133,0.148","0.32,0.269,0.33",151688504,151688519,151687269,151687455,151694060,151694730,NA,NA,NA,NA,NA,NA,NA,NA,NA,NA,NA,NA
"KO_vs_Neg","SE","Skipped Exon","Edem3","ENSMUSG00000043019","chr1","+",3.68170323921256e-07,-0.134,"0.17,0.105,0.169","0.254,0.265,0.326",151688504,151688552,151687269,151687455,151694060,151694686,NA,NA,NA,NA,NA,NA,NA,NA,NA,NA,NA,NA
"KO_vs_Neg","SE","Skipped Exon","Dot1l","ENSMUSG00000061589","chr10","+",0.0251218961339635,-0.109,"0.833,0.86,0.869","1.0,0.889,1.0",80627976,80628607,80627577,80627673,80629340,80630181,NA,NA,NA,NA,NA,NA,NA,NA,NA,NA,NA,NA
"KO_vs_Neg","SE","Skipped Exon","Pip5k1c","ENSMUSG00000034902","chr10","+",4.91815439816101e-05,-0.144,"0.241,0.254,0.26","0.43,0.376,0.381",81153159,81153237,81150825,81150952,81153599,81153854,NA,NA,NA,NA,NA,NA,NA,NA,NA,NA,NA,NA
"KO_vs_Neg","SE","Skipped Exon","Tle2","ENSMUSG00000034771","chr10","+",6.44118479661396e-06,-0.14,"0.901,0.93,0.75","1.0,1.0,1.0",81424642,81424793,81423707,81423855,81425253,81425330,NA,NA,NA,NA,NA,NA,NA,NA,NA,NA,NA,NA
"KO_vs_Neg","SE","Skipped Exon","Ect2","ENSMUSG00000027699","chr3","-",0.000149558995669779,0.1,"0.369,0.416,0.386","0.323,0.243,0.306",27202943,27203036,27200985,27201168,27203141,27203218,NA,NA,NA,NA,NA,NA,NA,NA,NA,NA,NA,NA
"KO_vs_Neg","SE","Skipped Exon","Mthfd2l","ENSMUSG00000029376","chr5","+",0.0220188626290398,0.105,"1.0,0.933,0.931","0.744,0.856,0.949",91148352,91148478,91122181,91122274,91168010,91169227,NA,NA,NA,NA,NA,NA,NA,NA,NA,NA,NA,NA
"KO_vs_Neg","SE","Skipped Exon","Ccdc38","ENSMUSG00000036168","chr10","+",0.000129435053349983,-0.132,"0.817,0.872,0.802","1.0,0.957,0.931",93411134,93411270,93406708,93406781,93414570,93414753,NA,NA,NA,NA,NA,NA,NA,NA,NA,NA,NA,NA
"KO_vs_Neg","SE","Skipped Exon","Marchf7","ENSMUSG00000026977","chr2","+",3.30201275331523e-09,-0.207,"0.134,0.18,0.194","0.327,0.463,0.339",60077831,60077856,60075555,60075604,60078233,60078301,NA,NA,NA,NA,NA,NA,NA,NA,NA,NA,NA,NA
"KO_vs_Neg","SE","Skipped Exon","Smpd4","ENSMUSG00000005899","chr16","+",0.00371083966798688,-0.111,"0.792,0.794,0.817","0.969,0.895,0.872",17453345,17453432,17449849,17449921,17456359,17456505,NA,NA,NA,NA,NA,NA,NA,NA,NA,NA,NA,NA
"KO_vs_Neg","SE","Skipped Exon","Cpsf6","ENSMUSG00000055531","chr10","-",0.000854064097895973,0.265,"0.601,0.522,0.535","0.287,0.404,0.171",117191686,117191757,117184943,117185406,117191839,117192032,NA,NA,NA,NA,NA,NA,NA,NA,NA,NA,NA,NA
"KO_vs_Neg","SE","Skipped Exon","Tmbim4","ENSMUSG00000020225","chr10","+",0.00337449877377513,-0.323,"0.143,0.133,0.109","0.495,0.479,0.38",120038006,120038100,120037516,120037754,120051445,120051554,NA,NA,NA,NA,NA,NA,NA,NA,NA,NA,NA,NA
"KO_vs_Neg","SE","Skipped Exon","Mon2","ENSMUSG00000034602","chr10","-",0,-0.228,"0.661,0.583,0.607","0.845,0.801,0.888",122858990,122858993,122858738,122858849,122859814,122859916,NA,NA,NA,NA,NA,NA,NA,NA,NA,NA,NA,NA
"KO_vs_Neg","SE","Skipped Exon","Timm44","ENSMUSG00000002949","chr8","-",2.91089178354248e-07,0.667,"1.0,1.0,1.0","0.0,0.0,1.0",4317863,4318013,4311907,4311997,4319854,4320025,NA,NA,NA,NA,NA,NA,NA,NA,NA,NA,NA,NA
"KO_vs_Neg","SE","Skipped Exon","Myl6","ENSMUSG00000090841","chr10","-",2.85784889087982e-10,-0.227,"0.275,0.279,0.272","0.513,0.547,0.447",128327154,128327216,128326842,128326902,128327927,128328005,NA,NA,NA,NA,NA,NA,NA,NA,NA,NA,NA,NA
"KO_vs_Neg","SE","Skipped Exon","Myl6","ENSMUSG00000090841","chr10","-",2.0511569970612e-12,-0.234,"0.386,0.373,0.403","0.613,0.643,0.607",128327158,128327216,128326731,128326902,128327927,128328005,NA,NA,NA,NA,NA,NA,NA,NA,NA,NA,NA,NA
"KO_vs_Neg","SE","Skipped Exon","Itga7","ENSMUSG00000025348","chr10","+",6.54485707185856e-07,0.662,"0.399,0.586,1.0","0.0,0.0,0.0",128777313,128777445,128776550,128776806,128778676,128778884,NA,NA,NA,NA,NA,NA,NA,NA,NA,NA,NA,NA
"KO_vs_Neg","SE","Skipped Exon","Tcf12","ENSMUSG00000032228","chr9","-",0.0457160182763582,0.238,"0.282,0.138,0.629","0.048,0.097,0.191",71913982,71914044,71907697,71907800,72016957,72017030,NA,NA,NA,NA,NA,NA,NA,NA,NA,NA,NA,NA
"KO_vs_Neg","SE","Skipped Exon","Spag9","ENSMUSG00000020859","chr11","+",0.0245857504547019,-0.2,"0.541,0.375,0.571","0.669,0.723,0.695",93970024,93970036,93962390,93962512,93971565,93971580,NA,NA,NA,NA,NA,NA,NA,NA,NA,NA,NA,NA
"KO_vs_Neg","SE","Skipped Exon","Spag9","ENSMUSG00000020859","chr11","+",4.33747547683961e-10,-0.135,"0.098,0.083,0.073","0.257,0.223,0.18",93970024,93970036,93962390,93962512,93972165,93972223,NA,NA,NA,NA,NA,NA,NA,NA,NA,NA,NA,NA
"KO_vs_Neg","SE","Skipped Exon","Thoc5","ENSMUSG00000034274","chr11","+",7.15047824018989e-08,-0.109,"0.161,0.165,0.173","0.301,0.254,0.271",4861434,4861470,4860626,4860759,4862780,4862858,NA,NA,NA,NA,NA,NA,NA,NA,NA,NA,NA,NA
"KO_vs_Neg","SE","Skipped Exon","Ewsr1","ENSMUSG00000009079","chr11","-",0,-0.255,"0.106,0.123,0.123","0.375,0.355,0.386",5041459,5041477,5037959,5038146,5041858,5041982,NA,NA,NA,NA,NA,NA,NA,NA,NA,NA,NA,NA
"KO_vs_Neg","SE","Skipped Exon","Gm14322","ENSMUSG00000078864","chr2","+",0.0492474788180846,-0.214,"0.865,0.59,0.719","0.815,1.0,1.0",177409531,177409568,177401080,177401168,177409836,177409963,NA,NA,NA,NA,NA,NA,NA,NA,NA,NA,NA,NA
"KO_vs_Neg","SE","Skipped Exon","Npc1l1","ENSMUSG00000020447","chr11","-",4.39757860591062e-06,0.702,"1.0,0.73,1.0","0.0,0.378,0.245",6167706,6167833,6167477,6167533,6168551,6168742,NA,NA,NA,NA,NA,NA,NA,NA,NA,NA,NA,NA
"KO_vs_Neg","SE","Skipped Exon","Npc1l1","ENSMUSG00000020447","chr11","-",4.91322734795906e-07,0.782,"1.0,0.811,1.0","0.0,0.287,0.177",6168233,6168361,6167477,6167533,6168551,6168742,NA,NA,NA,NA,NA,NA,NA,NA,NA,NA,NA,NA
"KO_vs_Neg","SE","Skipped Exon","Ogdh","ENSMUSG00000020456","chr11","+",2.7840322639856e-12,-0.151,"0.148,0.186,0.22","0.337,0.338,0.332",6274877,6274922,6266764,6266855,6284532,6284648,NA,NA,NA,NA,NA,NA,NA,NA,NA,NA,NA,NA
"KO_vs_Neg","SE","Skipped Exon","Ogdh","ENSMUSG00000020456","chr11","+",0,-0.101,"0.085,0.062,0.079","0.193,0.181,0.154",6274877,6274922,6266977,6267080,6284532,6284648,NA,NA,NA,NA,NA,NA,NA,NA,NA,NA,NA,NA
"KO_vs_Neg","SE","Skipped Exon","Slc9b2","ENSMUSG00000037994","chr3","+",0.000340617596527837,-0.164,"0.043,0.086,0.087","0.264,0.217,0.227",135021641,135021711,135013491,135013542,135027646,135027817,NA,NA,NA,NA,NA,NA,NA,NA,NA,NA,NA,NA
"KO_vs_Neg","SE","Skipped Exon","Slc9b2","ENSMUSG00000037994","chr3","+",0.0181956917366499,-0.168,"0.747,0.559,0.52","0.765,0.838,0.726",135024040,135024221,135013491,135013542,135027646,135027817,NA,NA,NA,NA,NA,NA,NA,NA,NA,NA,NA,NA
"KO_vs_Neg","SE","Skipped Exon","Gria2","ENSMUSG00000033981","chr3","-",0.000126138286888587,-0.182,"0.671,0.738,0.665","0.782,0.963,0.875",80598626,80598741,80597710,80597825,80599591,80599839,NA,NA,NA,NA,NA,NA,NA,NA,NA,NA,NA,NA
"KO_vs_Neg","SE","Skipped Exon","Actr2","ENSMUSG00000020152","chr11","-",0.0349479702564729,-0.277,"0.549,0.549,0.51","0.439,1.0,1.0",20030661,20030798,20027187,20027333,20044229,20044445,NA,NA,NA,NA,NA,NA,NA,NA,NA,NA,NA,NA
"KO_vs_Neg","SE","Skipped Exon","Arhgap1","ENSMUSG00000027247","chr2","+",0.00611137620971378,-0.119,"0.584,0.56,0.643","0.688,0.683,0.774",91482108,91482168,91480204,91480597,91484417,91484552,NA,NA,NA,NA,NA,NA,NA,NA,NA,NA,NA,NA
"KO_vs_Neg","SE","Skipped Exon","Sh3pxd2b","ENSMUSG00000040711","chr11","+",5.14885177282752e-07,-0.206,"0.052,0.095,0.044","0.2,0.402,0.208",32358967,32359051,32357561,32357666,32361456,32361574,NA,NA,NA,NA,NA,NA,NA,NA,NA,NA,NA,NA
"KO_vs_Neg","SE","Skipped Exon","Tm9sf4","ENSMUSG00000068040","chr2","+",0.0108067976802139,0.261,"0.4,0.273,0.2","0.0,0.0,0.091",153042562,153042738,153037409,153037485,153045701,153045821,NA,NA,NA,NA,NA,NA,NA,NA,NA,NA,NA,NA
"KO_vs_Neg","SE","Skipped Exon","Gm9801","ENSMUSG00000045813","chr7","-",7.01496579228435e-05,-0.474,"0.571,0.231,0.628","1.0,1.0,0.852",61767470,61767650,61764393,61764524,61768642,61768791,NA,NA,NA,NA,NA,NA,NA,NA,NA,NA,NA,NA
"KO_vs_Neg","SE","Skipped Exon","Sh3glb2","ENSMUSG00000026860","chr2","-",0,-0.33,"0.185,0.222,0.194","0.481,0.593,0.518",30239237,30239249,30238079,30238629,30240299,30240392,NA,NA,NA,NA,NA,NA,NA,NA,NA,NA,NA,NA
"KO_vs_Neg","SE","Skipped Exon","Tbc1d9b","ENSMUSG00000036644","chr11","+",0.000182951454111634,-0.213,"0.42,0.553,0.501","0.652,0.737,0.724",50054988,50055039,50054651,50054723,50059522,50059629,NA,NA,NA,NA,NA,NA,NA,NA,NA,NA,NA,NA
"KO_vs_Neg","SE","Skipped Exon","Tbc1d9b","ENSMUSG00000036644","chr11","+",1.28071370222541e-06,-0.117,"0.765,0.769,0.814","0.897,0.898,0.903",50058995,50059052,50054651,50054723,50059522,50059629,NA,NA,NA,NA,NA,NA,NA,NA,NA,NA,NA,NA
"KO_vs_Neg","SE","Skipped Exon","Mib2","ENSMUSG00000029060","chr4","-",4.2136684416901e-06,-0.149,"0.503,0.537,0.498","0.666,0.67,0.649",155743350,155743458,155742311,155742416,155743579,155743722,NA,NA,NA,NA,NA,NA,NA,NA,NA,NA,NA,NA
"KO_vs_Neg","SE","Skipped Exon","Skp1","ENSMUSG00000036309","chr11","+",0.0220188626290398,-0.11,"0.904,0.944,0.784","1.0,0.963,1.0",52128210,52128299,52127663,52127760,52133231,52133301,NA,NA,NA,NA,NA,NA,NA,NA,NA,NA,NA,NA
"KO_vs_Neg","SE","Skipped Exon","Skp1","ENSMUSG00000036309","chr11","+",0.00697518245558962,-0.369,"0.642,0.677,0.324","1.0,0.749,1.0",52129077,52129177,52127690,52127760,52133231,52133301,NA,NA,NA,NA,NA,NA,NA,NA,NA,NA,NA,NA
"KO_vs_Neg","SE","Skipped Exon","Gm3739","ENSMUSG00000091472","chr14","+",3.25337632601105e-05,-0.271,"0.808,0.737,0.641","1.0,1.0,1.0",15169415,15169550,15154707,15154808,15170282,15170445,NA,NA,NA,NA,NA,NA,NA,NA,NA,NA,NA,NA
"KO_vs_Neg","SE","Skipped Exon","Rapgef6","ENSMUSG00000037533","chr11","+",6.55959739727717e-05,0.188,"1.0,0.946,0.979","0.704,0.957,0.7",54452150,54452220,54437198,54437255,54459178,54459322,NA,NA,NA,NA,NA,NA,NA,NA,NA,NA,NA,NA
"KO_vs_Neg","SE","Skipped Exon","Rapgef6","ENSMUSG00000037533","chr11","+",7.48750719125912e-07,-0.263,"0.247,0.3,0.181","0.553,0.541,0.423",54542574,54542589,54540007,54540165,54548071,54548312,NA,NA,NA,NA,NA,NA,NA,NA,NA,NA,NA,NA
"KO_vs_Neg","SE","Skipped Exon","Mapkap1","ENSMUSG00000038696","chr2","+",0.00663882292250914,0.3,"0.869,1.0,1.0","0.897,0.652,0.419",34319529,34319638,34296897,34297101,34322014,34322144,NA,NA,NA,NA,NA,NA,NA,NA,NA,NA,NA,NA
"KO_vs_Neg","SE","Skipped Exon","2610307P16Rik","ENSMUSG00000085936","chr13","-",5.5234401608507e-10,0.206,"1.0,1.0,1.0","0.763,0.685,0.935",28792500,28792611,28745423,28745562,28852352,28852369,NA,NA,NA,NA,NA,NA,NA,NA,NA,NA,NA,NA
"KO_vs_Neg","SE","Skipped Exon","Rnf32","ENSMUSG00000029130","chr5","+",0.0278495506401966,0.108,"1.0,1.0,1.0","1.0,1.0,0.675",29401577,29401643,29400992,29401082,29402923,29403018,NA,NA,NA,NA,NA,NA,NA,NA,NA,NA,NA,NA
"KO_vs_Neg","SE","Skipped Exon","Bicdl1","ENSMUSG00000041609","chr5","-",3.34292234812739e-07,-0.147,"0.343,0.334,0.382","0.49,0.528,0.482",115789214,115789323,115787325,115787628,115789877,115789998,NA,NA,NA,NA,NA,NA,NA,NA,NA,NA,NA,NA
"KO_vs_Neg","SE","Skipped Exon","Myh10","ENSMUSG00000020900","chr11","+",0,-0.16,"0.069,0.058,0.078","0.23,0.233,0.223",68636760,68636790,68636142,68636245,68642767,68642860,NA,NA,NA,NA,NA,NA,NA,NA,NA,NA,NA,NA
"KO_vs_Neg","SE","Skipped Exon","Slc25a35","ENSMUSG00000018740","chr11","+",0.0427524090328235,-0.101,"1.0,0.727,0.92","0.949,1.0,1.0",68862009,68862162,68861549,68861615,68862494,68862608,NA,NA,NA,NA,NA,NA,NA,NA,NA,NA,NA,NA
"KO_vs_Neg","SE","Skipped Exon","Slc25a35","ENSMUSG00000018740","chr11","+",0.0237128351245283,-0.114,"1.0,0.698,0.885","0.925,1.0,1.0",68862021,68862162,68861549,68861615,68862494,68862629,NA,NA,NA,NA,NA,NA,NA,NA,NA,NA,NA,NA
"KO_vs_Neg","SE","Skipped Exon","Neurl4","ENSMUSG00000047284","chr11","+",0.0343388281759949,-0.108,"0.842,0.863,0.722","0.856,0.949,0.945",69794502,69794545,69793833,69794278,69794690,69794740,NA,NA,NA,NA,NA,NA,NA,NA,NA,NA,NA,NA
"KO_vs_Neg","SE","Skipped Exon","Eif5a","ENSMUSG00000078812","chr11","-",0.000246719336008356,-0.125,"0.4,0.425,0.391","0.517,0.56,0.515",69811166,69811248,69809976,69810162,69811626,69811745,NA,NA,NA,NA,NA,NA,NA,NA,NA,NA,NA,NA
"KO_vs_Neg","SE","Skipped Exon","Eif5a","ENSMUSG00000078812","chr11","-",0.000760552227463635,-0.116,"0.438,0.5,0.459","0.569,0.608,0.568",69811166,69811260,69809976,69810162,69811626,69811766,NA,NA,NA,NA,NA,NA,NA,NA,NA,NA,NA,NA
"KO_vs_Neg","SE","Skipped Exon","Cldnd1","ENSMUSG00000022744","chr16","+",2.80749218036271e-11,0.165,"0.531,0.519,0.48","0.34,0.323,0.372",58549535,58549586,58548287,58548447,58549800,58550110,NA,NA,NA,NA,NA,NA,NA,NA,NA,NA,NA,NA
"KO_vs_Neg","SE","Skipped Exon","Cldnd1","ENSMUSG00000022744","chr16","+",3.30674852578405e-10,0.148,"0.409,0.427,0.398","0.281,0.265,0.244",58549542,58549586,58548401,58548447,58549800,58550110,NA,NA,NA,NA,NA,NA,NA,NA,NA,NA,NA,NA
"KO_vs_Neg","SE","Skipped Exon","Gm26947","ENSMUSG00000098055","chr10","+",0.0467840309881919,-0.464,"0.091,0.2,0.429","0.111,1.0,1.0",60770849,60771194,60767769,60768064,60774999,60776721,NA,NA,NA,NA,NA,NA,NA,NA,NA,NA,NA,NA
"KO_vs_Neg","SE","Skipped Exon","Gm26947","ENSMUSG00000098055","chr10","+",0.0329327220681135,-0.371,"0.455,0.5,0.333","0.4,1.0,1.0",60770849,60771194,60767769,60768064,60787111,60787422,NA,NA,NA,NA,NA,NA,NA,NA,NA,NA,NA,NA
"KO_vs_Neg","SE","Skipped Exon","Gm26947","ENSMUSG00000098055","chr10","+",0.000452535728692388,-0.545,"0.0,0.516,0.0","0.151,1.0,1.0",60773611,60773741,60767769,60768064,60787111,60787422,NA,NA,NA,NA,NA,NA,NA,NA,NA,NA,NA,NA
"KO_vs_Neg","SE","Skipped Exon","Gm26947","ENSMUSG00000098055","chr10","+",9.97095203904425e-05,0.272,"1.0,1.0,1.0","0.882,0.455,0.846",60783870,60784023,60773611,60773741,60787111,60787422,NA,NA,NA,NA,NA,NA,NA,NA,NA,NA,NA,NA
"KO_vs_Neg","SE","Skipped Exon","Slc25a14","ENSMUSG00000031105","chrX","+",3.9005476035184e-05,-0.194,"0.244,0.287,0.241","0.409,0.495,0.45",47712838,47713074,47712454,47712705,47718128,47718222,NA,NA,NA,NA,NA,NA,NA,NA,NA,NA,NA,NA
"KO_vs_Neg","SE","Skipped Exon","Slc25a14","ENSMUSG00000031105","chrX","+",1.29042991590597e-05,-0.212,"0.23,0.287,0.224","0.404,0.519,0.455",47712838,47713083,47712454,47712705,47718128,47718222,NA,NA,NA,NA,NA,NA,NA,NA,NA,NA,NA,NA
"KO_vs_Neg","SE","Skipped Exon","Slc25a14","ENSMUSG00000031105","chrX","+",0.0333270940664123,-0.166,"0.274,0.244,0.171","0.416,0.487,0.285",47717012,47717060,47712454,47712705,47718128,47718222,NA,NA,NA,NA,NA,NA,NA,NA,NA,NA,NA,NA
"KO_vs_Neg","SE","Skipped Exon","Rap1gap2","ENSMUSG00000038807","chr11","-",0.00380365041119535,-0.134,"0.89,1.0,0.707","1.0,1.0,1.0",74458041,74458077,74375712,74375797,74487707,74487824,NA,NA,NA,NA,NA,NA,NA,NA,NA,NA,NA,NA
"KO_vs_Neg","SE","Skipped Exon","Myo18a","ENSMUSG00000000631","chr11","+",5.42310089805744e-07,-0.223,"0.495,0.384,0.434","0.607,0.726,0.648",77706681,77706717,77668118,77669140,77708444,77708532,NA,NA,NA,NA,NA,NA,NA,NA,NA,NA,NA,NA
"KO_vs_Neg","SE","Skipped Exon","Myo18a","ENSMUSG00000000631","chr11","+",6.97347533778221e-12,-0.239,"0.32,0.26,0.323","0.526,0.553,0.54",77706681,77706825,77668118,77669140,77708444,77708532,NA,NA,NA,NA,NA,NA,NA,NA,NA,NA,NA,NA
"KO_vs_Neg","SE","Skipped Exon","Myo18a","ENSMUSG00000000631","chr11","+",0,-0.144,"0.055,0.038,0.042","0.163,0.213,0.192",77712355,77712376,77711867,77712012,77713488,77713500,NA,NA,NA,NA,NA,NA,NA,NA,NA,NA,NA,NA
"KO_vs_Neg","SE","Skipped Exon","Myo18a","ENSMUSG00000000631","chr11","+",2.7086134294984e-05,0.135,"0.542,0.54,0.551","0.447,0.374,0.406",77745503,77745548,77744577,77744717,77748548,77748671,NA,NA,NA,NA,NA,NA,NA,NA,NA,NA,NA,NA
"KO_vs_Neg","SE","Skipped Exon","Nf1","ENSMUSG00000020716","chr11","+",0.0405546846882617,-0.101,"0.0,0.0,0.083","0.057,0.329,0.0",79358939,79358980,79354058,79354121,79359542,79359701,NA,NA,NA,NA,NA,NA,NA,NA,NA,NA,NA,NA
"KO_vs_Neg","A3SS","Alternative 3' Splice Site","Cstf2","ENSMUSG00000031256","chrX","+",0.000209029348718672,-0.132,"0.64,0.734,0.715","0.814,0.797,0.874",NA,NA,NA,NA,NA,NA,132973884,132974026,132973962,132974026,132970593,132970656,NA,NA,NA,NA,NA,NA
"KO_vs_Neg","A3SS","Alternative 3' Splice Site","Gm9895","ENSMUSG00000118038","chr19","+",0.0174465265977013,0.19,"0.79,0.865,1.0","0.728,0.71,0.646",NA,NA,NA,NA,NA,NA,29046392,29046918,29046521,29046918,29044635,29044982,NA,NA,NA,NA,NA,NA
"KO_vs_Neg","A3SS","Alternative 3' Splice Site","Sipa1","ENSMUSG00000056917","chr19","-",0.00180326066366178,0.55,"1.0,0.574,1.0","0.188,0.447,0.288",NA,NA,NA,NA,NA,NA,5711623,5711686,5711623,5711651,5712615,5712869,NA,NA,NA,NA,NA,NA
"KO_vs_Neg","A3SS","Alternative 3' Splice Site","Acy3","ENSMUSG00000024866","chr19","+",0.00433520216154711,0.173,"0.787,0.912,0.825","0.695,0.663,0.648",NA,NA,NA,NA,NA,NA,4036822,4036951,4036827,4036951,4036569,4036611,NA,NA,NA,NA,NA,NA
"KO_vs_Neg","A3SS","Alternative 3' Splice Site","Slc4a9","ENSMUSG00000024485","chr18","+",0.00403152635757315,0.405,"1.0,1.0,0.853","1.0,0.177,0.462",NA,NA,NA,NA,NA,NA,36664404,36664579,36664486,36664579,36664152,36664269,NA,NA,NA,NA,NA,NA
"KO_vs_Neg","A3SS","Alternative 3' Splice Site","Pcnx3","ENSMUSG00000054874","chr19","-",0.0358283690526293,-0.273,"0.605,0.687,0.467","0.832,0.745,1.0",NA,NA,NA,NA,NA,NA,5731459,5731602,5731459,5731581,5733334,5733440,NA,NA,NA,NA,NA,NA
"KO_vs_Neg","A3SS","Alternative 3' Splice Site","Gpsm3","ENSMUSG00000034786","chr17","+",0.0360582008295701,-0.107,"0.912,0.918,0.848","1.0,1.0,1.0",NA,NA,NA,NA,NA,NA,34809715,34809915,34809753,34809915,34809434,34809537,NA,NA,NA,NA,NA,NA
"KO_vs_Neg","A3SS","Alternative 3' Splice Site","Pnldc1","ENSMUSG00000073460","chr17","-",0.00695788205852361,-0.486,"1.0,0.091,0.2","1.0,1.0,0.75",NA,NA,NA,NA,NA,NA,13113246,13113498,13113246,13113302,13114398,13114484,NA,NA,NA,NA,NA,NA
"KO_vs_Neg","A3SS","Alternative 3' Splice Site","Clcn2","ENSMUSG00000022843","chr16","-",2.15255261567208e-06,0.187,"0.302,0.312,0.263","0.102,0.078,0.136",NA,NA,NA,NA,NA,NA,20528319,20528474,20528319,20528430,20528629,20528699,NA,NA,NA,NA,NA,NA
"KO_vs_Neg","A3SS","Alternative 3' Splice Site","Gfus","ENSMUSG00000022570","chr15","-",0.0363562345031498,0.143,"0.817,0.814,0.851","0.669,0.727,0.657",NA,NA,NA,NA,NA,NA,75798815,75799047,75798815,75798944,75800740,75800898,NA,NA,NA,NA,NA,NA
"KO_vs_Neg","A3SS","Alternative 3' Splice Site","Parvg","ENSMUSG00000022439","chr15","+",0.0430983057349425,-0.121,"0.056,0.069,0.102","0.139,0.322,0.129",NA,NA,NA,NA,NA,NA,84212962,84213167,84213064,84213167,84212495,84212560,NA,NA,NA,NA,NA,NA
"KO_vs_Neg","A3SS","Alternative 3' Splice Site","Gm5624","ENSMUSG00000092165","chr14","-",0.00343430613359604,-0.253,"0.437,0.421,0.389","0.597,0.638,0.772",NA,NA,NA,NA,NA,NA,44798155,44798287,44798155,44798244,44799238,44799401,NA,NA,NA,NA,NA,NA
"KO_vs_Neg","A3SS","Alternative 3' Splice Site","4833420G17Rik","ENSMUSG00000062822","chr13","+",0.0370605559832082,-0.104,"0.754,0.834,0.792","0.935,0.859,0.898",NA,NA,NA,NA,NA,NA,119602546,119602840,119602609,119602840,119601100,119601226,NA,NA,NA,NA,NA,NA
"KO_vs_Neg","A3SS","Alternative 3' Splice Site","Gm46430","ENSMUSG00000113204","chr13","-",0.0322487015225707,-0.157,"0.698,0.818,0.874","1.0,1.0,0.862",NA,NA,NA,NA,NA,NA,74730309,74730433,74730309,74730367,74731765,74731992,NA,NA,NA,NA,NA,NA
"KO_vs_Neg","A3SS","Alternative 3' Splice Site","Zfp184","ENSMUSG00000006720","chr13","+",7.6289301974759e-05,-0.203,"0.028,0.022,0.038","0.327,0.096,0.273",NA,NA,NA,NA,NA,NA,22134372,22134499,22134403,22134499,22133829,22133956,NA,NA,NA,NA,NA,NA
"KO_vs_Neg","A3SS","Alternative 3' Splice Site","Meg3","ENSMUSG00000021268","chr12","+",0.00481046920295098,0.269,"0.487,0.5,0.362","0.136,0.179,0.226",NA,NA,NA,NA,NA,NA,109525073,109538160,109537824,109538160,109524670,109524754,NA,NA,NA,NA,NA,NA
"KO_vs_Neg","A3SS","Alternative 3' Splice Site","Abcd4","ENSMUSG00000021240","chr12","-",0.00648155533414248,0.154,"0.33,0.209,0.236","0.029,0.14,0.145",NA,NA,NA,NA,NA,NA,84659098,84659357,84659098,84659224,84659553,84659670,NA,NA,NA,NA,NA,NA
"KO_vs_Neg","A3SS","Alternative 3' Splice Site","Rab10os","ENSMUSG00000079179","chr12","+",0.00981340109691241,0.143,"0.736,0.739,0.659","0.586,0.506,0.614",NA,NA,NA,NA,NA,NA,3299738,3300383,3299866,3300383,3297351,3297438,NA,NA,NA,NA,NA,NA
"KO_vs_Neg","A3SS","Alternative 3' Splice Site","Hexdc","ENSMUSG00000039307","chr11","+",0.0330729841213017,-0.101,"0.579,0.588,0.51","0.641,0.653,0.687",NA,NA,NA,NA,NA,NA,121111689,121111987,121111908,121111987,121110666,121110749,NA,NA,NA,NA,NA,NA
"KO_vs_Neg","A3SS","Alternative 3' Splice Site","Gm17586","ENSMUSG00000120999","chr11","+",0.0239849593142998,0.263,"0.0,0.789,1.0","1.0,0.0,0.0",NA,NA,NA,NA,NA,NA,120525758,120525957,120525768,120525957,120524575,120525280,NA,NA,NA,NA,NA,NA
"KO_vs_Neg","A3SS","Alternative 3' Splice Site","Tex2","ENSMUSG00000040548","chr11","-",0,0.107,"0.939,0.95,0.94","0.856,0.825,0.827",NA,NA,NA,NA,NA,NA,106404412,106404538,106404412,106404532,106410707,106410840,NA,NA,NA,NA,NA,NA
"KO_vs_Neg","A3SS","Alternative 3' Splice Site","Atp6v0a1","ENSMUSG00000019302","chr11","+",9.78106484694625e-13,0.122,"0.235,0.215,0.257","0.119,0.125,0.098",NA,NA,NA,NA,NA,NA,100917485,100917589,100917506,100917589,100911879,100912008,NA,NA,NA,NA,NA,NA
"KO_vs_Neg","A3SS","Alternative 3' Splice Site","Arhgap26","ENSMUSG00000036452","chr18","+",0.00481046920295098,-0.166,"0.747,0.789,0.788","0.822,1.0,1.0",NA,NA,NA,NA,NA,NA,39490790,39490881,39490851,39490881,39490605,39490716,NA,NA,NA,NA,NA,NA
"KO_vs_Neg","A3SS","Alternative 3' Splice Site","Mapk11","ENSMUSG00000053137","chr15","-",0,0.121,"0.195,0.181,0.207","0.087,0.065,0.069",NA,NA,NA,NA,NA,NA,89029298,89029435,89029298,89029378,89029577,89029649,NA,NA,NA,NA,NA,NA
"KO_vs_Neg","A3SS","Alternative 3' Splice Site","Garin1b","ENSMUSG00000039742","chr6","+",0.0103951722502177,0.476,"0.743,0.885,0.391","0.59,0.0,0.0",NA,NA,NA,NA,NA,NA,29330641,29330685,29330647,29330685,29326571,29326693,NA,NA,NA,NA,NA,NA
"KO_vs_Neg","A3SS","Alternative 3' Splice Site","Garin1b","ENSMUSG00000039742","chr6","+",0.00543758889840426,0.63,"0.586,0.79,1.0","0.485,0.0,0.0",NA,NA,NA,NA,NA,NA,29330641,29330685,29330650,29330685,29326571,29326693,NA,NA,NA,NA,NA,NA
"KO_vs_Neg","A3SS","Alternative 3' Splice Site","Nfya","ENSMUSG00000023994","chr17","-",0.0410281123261281,0.164,"0.373,0.511,0.393","0.188,0.35,0.248",NA,NA,NA,NA,NA,NA,48699367,48699528,48699367,48699516,48700207,48700313,NA,NA,NA,NA,NA,NA
"KO_vs_Neg","A3SS","Alternative 3' Splice Site","Plekha6","ENSMUSG00000041757","chr1","+",6.41485660591212e-08,0.109,"0.159,0.179,0.218","0.058,0.065,0.106",NA,NA,NA,NA,NA,NA,133197737,133197940,133197797,133197940,133194303,133194404,NA,NA,NA,NA,NA,NA
"KO_vs_Neg","A3SS","Alternative 3' Splice Site","Slc4a1ap","ENSMUSG00000029141","chr5","+",0.0231574598941479,0.211,"0.836,0.964,0.932","0.788,0.815,0.495",NA,NA,NA,NA,NA,NA,31705954,31706025,31705957,31706025,31697729,31697841,NA,NA,NA,NA,NA,NA
"KO_vs_Neg","A3SS","Alternative 3' Splice Site","Srpk2","ENSMUSG00000062604","chr5","-",3.00164594680645e-07,-0.377,"0.567,0.592,0.709","1.0,1.0,1.0",NA,NA,NA,NA,NA,NA,23745372,23745501,23745372,23745479,23746106,23747116,NA,NA,NA,NA,NA,NA
"KO_vs_Neg","A3SS","Alternative 3' Splice Site","Gm10419","ENSMUSG00000072769","chr5","+",9.737812480339e-05,0.289,"1.0,1.0,1.0","0.831,0.546,0.756",NA,NA,NA,NA,NA,NA,108515986,108516179,108516110,108516179,108515660,108515773,NA,NA,NA,NA,NA,NA
"KO_vs_Neg","A3SS","Alternative 3' Splice Site","Gm20544","ENSMUSG00000092569","chr18","-",0.0112761429301421,-0.371,"0.0,0.194,0.0","0.726,0.112,0.469",NA,NA,NA,NA,NA,NA,75497781,75497918,75497781,75497898,75498145,75498306,NA,NA,NA,NA,NA,NA
"KO_vs_Neg","A3SS","Alternative 3' Splice Site","Zfp984","ENSMUSG00000078495","chr4","-",0.00686063935127235,0.161,"0.975,1.0,0.922","0.655,0.813,0.946",NA,NA,NA,NA,NA,NA,147845677,147845782,147845677,147845735,147860154,147860290,NA,NA,NA,NA,NA,NA
"KO_vs_Neg","A3SS","Alternative 3' Splice Site","Tmem219","ENSMUSG00000060538","chr7","-",8.65001674177278e-07,0.7,"0.595,1.0,1.0","0.495,0.0,0.0",NA,NA,NA,NA,NA,NA,126496197,126496399,126496197,126496396,126497968,126498095,NA,NA,NA,NA,NA,NA
"KO_vs_Neg","A3SS","Alternative 3' Splice Site","Trmt11","ENSMUSG00000019792","chr10","-",0.0134974595256132,-0.201,"0.581,0.624,0.603","0.826,0.895,0.689",NA,NA,NA,NA,NA,NA,30466838,30467098,30466838,30466931,30470110,30470184,NA,NA,NA,NA,NA,NA
"KO_vs_Neg","A3SS","Alternative 3' Splice Site","Sorbs1","ENSMUSG00000025006","chr19","-",8.65001674177278e-07,0.159,"0.301,0.26,0.21","0.078,0.098,0.117",NA,NA,NA,NA,NA,NA,40287906,40288097,40287906,40287965,40288686,40288746,NA,NA,NA,NA,NA,NA
"KO_vs_Neg","A3SS","Alternative 3' Splice Site","Sorbs1","ENSMUSG00000025006","chr19","-",0.0217125442397129,0.155,"0.309,0.399,0.339","0.191,0.115,0.275",NA,NA,NA,NA,NA,NA,40287906,40288097,40287906,40287965,40300112,40300307,NA,NA,NA,NA,NA,NA
"KO_vs_Neg","A3SS","Alternative 3' Splice Site","Mast2","ENSMUSG00000003810","chr4","-",0.00684556885054937,0.499,"1.0,0.78,0.654","0.067,0.457,0.414",NA,NA,NA,NA,NA,NA,116225932,116226127,116225932,116225981,116248799,116248831,NA,NA,NA,NA,NA,NA
"KO_vs_Neg","A3SS","Alternative 3' Splice Site","Psip1","ENSMUSG00000028484","chr4","-",1.54536165008637e-06,-0.136,"0.281,0.302,0.322","0.448,0.423,0.442",NA,NA,NA,NA,NA,NA,83380107,83380790,83380107,83380710,83381831,83381950,NA,NA,NA,NA,NA,NA
"KO_vs_Neg","A3SS","Alternative 3' Splice Site","Zfp37","ENSMUSG00000028389","chr4","-",0.0449397000862063,-0.392,"0.329,0.412,0.38","1.0,0.551,0.746",NA,NA,NA,NA,NA,NA,62123260,62123345,62123260,62123342,62126314,62126439,NA,NA,NA,NA,NA,NA
"KO_vs_Neg","A3SS","Alternative 3' Splice Site","Rapgef3","ENSMUSG00000022469","chr15","-",0.000129285316807621,-0.303,"0.577,0.804,0.711","1.0,1.0,1.0",NA,NA,NA,NA,NA,NA,97647886,97648068,97647886,97648035,97648140,97648275,NA,NA,NA,NA,NA,NA
"KO_vs_Neg","A3SS","Alternative 3' Splice Site","Adgrl2","ENSMUSG00000028184","chr3","-",0.0364244402633533,0.172,"1.0,1.0,0.807","0.761,0.77,0.761",NA,NA,NA,NA,NA,NA,148526608,148526690,148526608,148526661,148528623,148528687,NA,NA,NA,NA,NA,NA
"KO_vs_Neg","A3SS","Alternative 3' Splice Site","Znhit6","ENSMUSG00000074182","chr3","+",0.00260498058321798,-0.127,"0.805,0.879,0.811","0.944,0.965,0.966",NA,NA,NA,NA,NA,NA,145283975,145284113,145284006,145284113,145282605,145282751,NA,NA,NA,NA,NA,NA
"KO_vs_Neg","A3SS","Alternative 3' Splice Site","Vps13d","ENSMUSG00000020220","chr4","-",0.041060196618333,-0.152,"0.211,0.116,0.074","0.403,0.271,0.184",NA,NA,NA,NA,NA,NA,144826534,144826640,144826534,144826637,144830183,144830258,NA,NA,NA,NA,NA,NA
"KO_vs_Neg","A3SS","Alternative 3' Splice Site","Ank2","ENSMUSG00000032826","chr3","-",0.00592576675540666,-0.116,"0.267,0.242,0.326","0.444,0.359,0.381",NA,NA,NA,NA,NA,NA,126770493,126770596,126770493,126770581,126772904,126772916,NA,NA,NA,NA,NA,NA
"KO_vs_Neg","A3SS","Alternative 3' Splice Site","Ablim1","ENSMUSG00000025085","chr19","-",0.00684556885054937,0.12,"0.702,0.693,0.721","0.57,0.606,0.58",NA,NA,NA,NA,NA,NA,57035356,57035503,57035356,57035497,57037893,57037941,NA,NA,NA,NA,NA,NA
"KO_vs_Neg","A3SS","Alternative 3' Splice Site","Srsf4","ENSMUSG00000028911","chr4","+",0.0454551313821299,0.1,"0.166,0.035,0.293","0.048,0.078,0.067",NA,NA,NA,NA,NA,NA,131613417,131613615,131613441,131613615,131612619,131612803,NA,NA,NA,NA,NA,NA
"KO_vs_Neg","A3SS","Alternative 3' Splice Site","Ciz1","ENSMUSG00000039205","chr2","+",1.11778498124126e-07,0.132,"0.881,0.827,0.877","0.773,0.745,0.67",NA,NA,NA,NA,NA,NA,32253444,32253668,32253634,32253668,32253072,32253170,NA,NA,NA,NA,NA,NA
"KO_vs_Neg","A3SS","Alternative 3' Splice Site","1700001O22Rik","ENSMUSG00000044320","chr2","-",0.000694316396009993,-0.285,"0.0,0.112,0.098","0.316,0.228,0.522",NA,NA,NA,NA,NA,NA,30687879,30688040,30687879,30687992,30690719,30690828,NA,NA,NA,NA,NA,NA
"KO_vs_Neg","A3SS","Alternative 3' Splice Site","Mdm4","ENSMUSG00000054387","chr1","-",0.0141251848295416,-0.118,"0.397,0.374,0.418","0.453,0.543,0.547",NA,NA,NA,NA,NA,NA,132940374,132940452,132940374,132940449,132946514,132946622,NA,NA,NA,NA,NA,NA
"KO_vs_Neg","A3SS","Alternative 3' Splice Site","Ctbp1","ENSMUSG00000037373","chr5","-",0.00716525710512648,-0.193,"0.71,0.71,0.831","1.0,1.0,0.831",NA,NA,NA,NA,NA,NA,33405097,33406030,33405097,33406027,33406930,33407058,NA,NA,NA,NA,NA,NA
"KO_vs_Neg","A3SS","Alternative 3' Splice Site","Gm32085","ENSMUSG00000119993","chr3","+",0.0157755795332217,-0.1,"1.0,0.949,0.667","1.0,1.0,0.917",NA,NA,NA,NA,NA,NA,152409584,152410137,152409746,152410137,152408339,152408409,NA,NA,NA,NA,NA,NA
"KO_vs_Neg","A3SS","Alternative 3' Splice Site","Nr4a2","ENSMUSG00000026826","chr2","-",0.0125065830168912,0.123,"0.167,0.056,0.257","0.0,0.111,0.0",NA,NA,NA,NA,NA,NA,57002962,57003301,57002962,57003084,57004729,57005050,NA,NA,NA,NA,NA,NA
"KO_vs_Neg","A3SS","Alternative 3' Splice Site","Ppox","ENSMUSG00000062729","chr1","-",0.0169143936598439,-0.163,"0.765,0.756,0.747","0.756,1.0,1.0",NA,NA,NA,NA,NA,NA,171107003,171107167,171107003,171107148,171107961,171108096,NA,NA,NA,NA,NA,NA
"KO_vs_Neg","A3SS","Alternative 3' Splice Site","Rev1","ENSMUSG00000026082","chr1","-",0.00836274954471651,-0.111,"0.255,0.344,0.252","0.378,0.354,0.453",NA,NA,NA,NA,NA,NA,38113395,38114104,38113395,38113524,38118370,38118479,NA,NA,NA,NA,NA,NA
"KO_vs_Neg","A3SS","Alternative 3' Splice Site","Cic","ENSMUSG00000005442","chr7","+",0.00959715520732519,0.102,"0.48,0.512,0.487","0.4,0.375,0.399",NA,NA,NA,NA,NA,NA,24990476,24990767,24990479,24990767,24990223,24990390,NA,NA,NA,NA,NA,NA
"KO_vs_Neg","A3SS","Alternative 3' Splice Site","Dop1a","ENSMUSG00000034973","chr9","+",0.000121216409250775,0.226,"0.39,0.458,0.359","0.155,0.226,0.148",NA,NA,NA,NA,NA,NA,86383926,86384036,86383953,86384036,86382848,86382948,NA,NA,NA,NA,NA,NA
"KO_vs_Neg","A3SS","Alternative 3' Splice Site","Arid5a","ENSMUSG00000037447","chr1","+",0.0112537271682322,-0.198,"0.552,0.586,0.623","0.82,0.843,0.693",NA,NA,NA,NA,NA,NA,36356284,36356743,36356690,36356743,36355292,36355408,NA,NA,NA,NA,NA,NA
"KO_vs_Neg","A3SS","Alternative 3' Splice Site","Dync1i2","ENSMUSG00000027012","chr2","+",0.000763730714775833,0.263,"0.429,0.385,0.561","0.189,0.133,0.264",NA,NA,NA,NA,NA,NA,71058094,71058188,71058170,71058188,71049644,71049762,NA,NA,NA,NA,NA,NA
"KO_vs_Neg","A3SS","Alternative 3' Splice Site","Kansl1l","ENSMUSG00000026004","chr1","-",0.0273758483656132,0.123,"0.931,0.857,0.861","0.795,0.795,0.689",NA,NA,NA,NA,NA,NA,66812580,66812778,66812580,66812673,66817125,66817267,NA,NA,NA,NA,NA,NA
"KO_vs_Neg","A3SS","Alternative 3' Splice Site","1700037H04Rik","ENSMUSG00000027327","chr2","-",0.0322487015225707,0.224,"1.0,1.0,1.0","0.764,1.0,0.565",NA,NA,NA,NA,NA,NA,130993537,130993680,130993537,130993676,131001872,131001962,NA,NA,NA,NA,NA,NA
"KO_vs_Neg","A3SS","Alternative 3' Splice Site","Tpm1","ENSMUSG00000032366","chr9","-",0,-0.195,"0.23,0.174,0.217","0.398,0.414,0.394",NA,NA,NA,NA,NA,NA,66929874,66931847,66929874,66930723,66938310,66938380,NA,NA,NA,NA,NA,NA
"KO_vs_Neg","A3SS","Alternative 3' Splice Site","Helz","ENSMUSG00000020721","chr11","+",0.00987228370443245,-0.103,"0.254,0.308,0.288","0.372,0.392,0.395",NA,NA,NA,NA,NA,NA,107518175,107518280,107518178,107518280,107517360,107517540,NA,NA,NA,NA,NA,NA
"KO_vs_Neg","A3SS","Alternative 3' Splice Site","Gas5","ENSMUSG00000053332","chr1","+",4.57584503613323e-05,0.273,"0.589,0.655,0.787","0.455,0.337,0.419",NA,NA,NA,NA,NA,NA,160864693,160864885,160864857,160864885,160864389,160864422,NA,NA,NA,NA,NA,NA
"KO_vs_Neg","A3SS","Alternative 3' Splice Site","Gtpbp3","ENSMUSG00000007610","chr8","+",0.000680722578386455,0.102,"0.308,0.284,0.317","0.183,0.235,0.185",NA,NA,NA,NA,NA,NA,71943298,71943611,71943538,71943611,71942978,71943181,NA,NA,NA,NA,NA,NA
"KO_vs_Neg","A3SS","Alternative 3' Splice Site","A630001G21Rik","ENSMUSG00000052760","chr1","-",0.0112117991584036,0.153,"1.0,0.919,1.0","0.666,1.0,0.795",NA,NA,NA,NA,NA,NA,85654179,85654336,85654179,85654223,85664192,85664302,NA,NA,NA,NA,NA,NA
"KO_vs_Neg","A3SS","Alternative 3' Splice Site","B230216N24Rik","ENSMUSG00000089706","chr1","-",0.0351562900558838,-0.273,"0.242,0.657,1.0","1.0,0.719,1.0",NA,NA,NA,NA,NA,NA,97958840,97959833,97958840,97959749,97960840,97960940,NA,NA,NA,NA,NA,NA
"KO_vs_Neg","A3SS","Alternative 3' Splice Site","B230216N24Rik","ENSMUSG00000089706","chr1","-",0.0232300345241011,0.56,"1.0,0.263,0.416","0.0,0.0,0.0",NA,NA,NA,NA,NA,NA,97958840,97959893,97958840,97959833,97960840,97960940,NA,NA,NA,NA,NA,NA
"KO_vs_Neg","A3SS","Alternative 3' Splice Site","Srrd","ENSMUSG00000029346","chr5","-",0.000910692902316297,0.151,"0.466,0.578,0.51","0.364,0.379,0.359",NA,NA,NA,NA,NA,NA,112486183,112486433,112486183,112486338,112487584,112487683,NA,NA,NA,NA,NA,NA
"KO_vs_Neg","A3SS","Alternative 3' Splice Site","Nr1h2","ENSMUSG00000060601","chr7","-",1.10691019821254e-05,-0.147,"0.283,0.248,0.201","0.387,0.428,0.358",NA,NA,NA,NA,NA,NA,44201378,44201767,44201378,44201660,44201930,44202044,NA,NA,NA,NA,NA,NA
"KO_vs_Neg","A3SS","Alternative 3' Splice Site","Nr1h2","ENSMUSG00000060601","chr7","-",3.7669229746049e-07,-0.176,"0.264,0.261,0.199","0.452,0.4,0.401",NA,NA,NA,NA,NA,NA,44201378,44201767,44201378,44201669,44201930,44202044,NA,NA,NA,NA,NA,NA
"KO_vs_Neg","A3SS","Alternative 3' Splice Site","Gin1","ENSMUSG00000026333","chr1","+",0.00447511630367014,0.141,"0.982,0.892,0.887","0.756,0.846,0.736",NA,NA,NA,NA,NA,NA,97710651,97710957,97710918,97710957,97705050,97705244,NA,NA,NA,NA,NA,NA
"KO_vs_Neg","A3SS","Alternative 3' Splice Site","Kcp","ENSMUSG00000059022","chr6","-",0.0463086256127361,-0.215,"0.364,0.246,0.314","0.624,0.483,0.462",NA,NA,NA,NA,NA,NA,29489031,29489152,29489031,29489149,29490064,29490147,NA,NA,NA,NA,NA,NA
"KO_vs_Neg","A3SS","Alternative 3' Splice Site","Kcp","ENSMUSG00000059022","chr6","-",0.0150463066548197,0.237,"0.434,0.317,0.271","0.025,0.121,0.166",NA,NA,NA,NA,NA,NA,29502776,29502974,29502776,29502873,29504231,29504308,NA,NA,NA,NA,NA,NA
"KO_vs_Neg","A3SS","Alternative 3' Splice Site","Gm12610","ENSMUSG00000086035","chr4","+",0.0060950631527588,0.165,"0.156,0.34,0.0","0.0,0.0,0.0",NA,NA,NA,NA,NA,NA,89309939,89310180,89310031,89310180,89288010,89288109,NA,NA,NA,NA,NA,NA
"KO_vs_Neg","A3SS","Alternative 3' Splice Site","Anapc10","ENSMUSG00000036977","chr8","+",0.000541129840121324,0.117,"0.554,0.521,0.513","0.403,0.414,0.421",NA,NA,NA,NA,NA,NA,80439733,80439908,80439781,80439908,80438448,80438473,NA,NA,NA,NA,NA,NA
"KO_vs_Neg","A3SS","Alternative 3' Splice Site","Aprt","ENSMUSG00000006589","chr8","-",0.00140954148642308,0.168,"0.404,0.408,0.5","0.31,0.256,0.242",NA,NA,NA,NA,NA,NA,123302857,123302991,123302857,123302970,123303253,123303360,NA,NA,NA,NA,NA,NA
"KO_vs_Neg","A3SS","Alternative 3' Splice Site","Fastkd3","ENSMUSG00000021532","chr13","+",0.00962783255735034,-0.143,"0.244,0.3,0.27","0.359,0.509,0.374",NA,NA,NA,NA,NA,NA,68737341,68737508,68737438,68737508,68735778,68735953,NA,NA,NA,NA,NA,NA
"KO_vs_Neg","A3SS","Alternative 3' Splice Site","Kcnc3","ENSMUSG00000062785","chr7","+",0.0166960888866027,-0.322,"0.424,0.662,0.638","0.907,0.927,0.855",NA,NA,NA,NA,NA,NA,44247804,44247999,44247807,44247999,44247013,44247043,NA,NA,NA,NA,NA,NA
"KO_vs_Neg","A3SS","Alternative 3' Splice Site","Sbds","ENSMUSG00000025337","chr5","-",5.93994917426058e-07,0.202,"0.845,0.882,0.889","0.677,0.642,0.692",NA,NA,NA,NA,NA,NA,130282779,130282850,130282779,130282845,130284050,130284151,NA,NA,NA,NA,NA,NA
"KO_vs_Neg","A3SS","Alternative 3' Splice Site","Morrbid","ENSMUSG00000074813","chr2","-",0.00260498058321798,-0.267,"0.636,0.564,1.0","1.0,1.0,1.0",NA,NA,NA,NA,NA,NA,128198369,128198555,128198369,128198512,128271013,128271246,NA,NA,NA,NA,NA,NA
"KO_vs_Neg","A3SS","Alternative 3' Splice Site","Celf1","ENSMUSG00000005506","chr2","+",2.01910521635389e-08,-0.108,"0.137,0.113,0.124","0.191,0.29,0.216",NA,NA,NA,NA,NA,NA,90843835,90849835,90846910,90849835,90843582,90843747,NA,NA,NA,NA,NA,NA
"KO_vs_Neg","A3SS","Alternative 3' Splice Site","Eldr","ENSMUSG00000087060","chr11","-",3.44889466326836e-05,-0.152,"0.638,0.576,0.544","0.744,0.769,0.7",NA,NA,NA,NA,NA,NA,16885149,16885926,16885149,16885841,16886454,16886564,NA,NA,NA,NA,NA,NA
"KO_vs_Neg","A3SS","Alternative 3' Splice Site","Eldr","ENSMUSG00000087060","chr11","-",0.0135321584729717,-0.119,"0.384,0.37,0.319","0.444,0.532,0.454",NA,NA,NA,NA,NA,NA,16885618,16886166,16885618,16885841,16886454,16886564,NA,NA,NA,NA,NA,NA
"KO_vs_Neg","A3SS","Alternative 3' Splice Site","4933431E20Rik","ENSMUSG00000086968","chr3","-",0.00921789901456677,0.326,"0.939,0.805,1.0","0.489,0.6,0.678",NA,NA,NA,NA,NA,NA,107801366,107801531,107801366,107801524,107802176,107802308,NA,NA,NA,NA,NA,NA
"KO_vs_Neg","A3SS","Alternative 3' Splice Site","4933431E20Rik","ENSMUSG00000086968","chr3","-",0.00309061607105417,0.136,"0.972,0.946,1.0","0.826,0.831,0.853",NA,NA,NA,NA,NA,NA,107801366,107801544,107801366,107801524,107802176,107802308,NA,NA,NA,NA,NA,NA
"KO_vs_Neg","A3SS","Alternative 3' Splice Site","Pprc1","ENSMUSG00000055491","chr19","+",0.0251145050861889,-0.402,"0.0,1.0,0.123","0.329,1.0,1.0",NA,NA,NA,NA,NA,NA,46056456,46056527,46056459,46056527,46054102,46054156,NA,NA,NA,NA,NA,NA
"KO_vs_Neg","A3SS","Alternative 3' Splice Site","Dmtf1","ENSMUSG00000042508","chr5","-",0.0494744903573508,-0.262,"0.0,0.11,0.144","0.677,0.222,0.14",NA,NA,NA,NA,NA,NA,9180367,9180693,9180367,9180652,9181275,9181308,NA,NA,NA,NA,NA,NA
"KO_vs_Neg","A3SS","Alternative 3' Splice Site","Fkbp1a","ENSMUSG00000032966","chr2","+",0.0330969007702889,-0.104,"0.742,0.676,0.631","0.8,0.812,0.75",NA,NA,NA,NA,NA,NA,151385825,151386060,151385932,151386060,151384737,151384785,NA,NA,NA,NA,NA,NA
"KO_vs_Neg","A3SS","Alternative 3' Splice Site","Kif1b","ENSMUSG00000063077","chr4","-",0.00781656110340526,-0.16,"0.329,0.29,0.382","0.499,0.57,0.412",NA,NA,NA,NA,NA,NA,149342326,149342538,149342326,149342460,149346592,149346735,NA,NA,NA,NA,NA,NA
"KO_vs_Neg","A3SS","Alternative 3' Splice Site","AI480526","ENSMUSG00000090086","chr5","-",0.00111444051865987,-0.118,"0.733,0.913,1.0","1.0,1.0,1.0",NA,NA,NA,NA,NA,NA,123271785,123272955,123271785,123272493,123276017,123276129,NA,NA,NA,NA,NA,NA
"KO_vs_Neg","A3SS","Alternative 3' Splice Site","AI480526","ENSMUSG00000090086","chr5","-",0.00300429401535258,0.594,"1.0,1.0,1.0","1.0,0.218,0.0",NA,NA,NA,NA,NA,NA,123272394,123272493,123272394,123272464,123276017,123276129,NA,NA,NA,NA,NA,NA
"KO_vs_Neg","A3SS","Alternative 3' Splice Site","Mapk7","ENSMUSG00000001034","chr11","-",0.0278409446067994,0.205,"0.571,0.697,0.476","0.317,0.314,0.499",NA,NA,NA,NA,NA,NA,61383729,61384011,61383729,61383895,61384331,61385092,NA,NA,NA,NA,NA,NA
"KO_vs_Neg","A3SS","Alternative 3' Splice Site","Macf1","ENSMUSG00000028649","chr4","-",0.000104048029577754,-0.281,"0.0,0.0,0.0","0.269,0.34,0.234",NA,NA,NA,NA,NA,NA,123262613,123262628,123262613,123262625,123263597,123263761,NA,NA,NA,NA,NA,NA
"KO_vs_Neg","A3SS","Alternative 3' Splice Site","Catsperg1","ENSMUSG00000049676","chr7","-",0.00809670370487899,-0.143,"1.0,0.684,0.773","1.0,1.0,0.885",NA,NA,NA,NA,NA,NA,28884612,28885018,28884612,28884676,28889234,28889291,NA,NA,NA,NA,NA,NA
"KO_vs_Neg","A3SS","Alternative 3' Splice Site","Ipmk","ENSMUSG00000060733","chr10","+",0.00443939220421994,0.299,"1.0,1.0,0.662","0.424,0.746,0.595",NA,NA,NA,NA,NA,NA,71208534,71208710,71208537,71208710,71199279,71199365,NA,NA,NA,NA,NA,NA
"KO_vs_Neg","A3SS","Alternative 3' Splice Site","Phf21a","ENSMUSG00000058318","chr2","+",0.0270006844120808,0.102,"0.69,0.74,0.699","0.609,0.592,0.623",NA,NA,NA,NA,NA,NA,92158656,92158746,92158659,92158746,92157260,92157509,NA,NA,NA,NA,NA,NA
"KO_vs_Neg","A3SS","Alternative 3' Splice Site","Zdbf2","ENSMUSG00000027520","chr1","+",0.0418665457835367,-0.123,"0.723,0.66,0.921","0.869,0.95,0.854",NA,NA,NA,NA,NA,NA,63329805,63329941,63329835,63329941,63319925,63320036,NA,NA,NA,NA,NA,NA
"KO_vs_Neg","A3SS","Alternative 3' Splice Site","Gm45902","ENSMUSG00000051396","chr2","-",0.0352968134495021,0.143,"0.648,0.638,0.595","0.565,0.461,0.425",NA,NA,NA,NA,NA,NA,3509329,3510132,3509329,3510057,3512051,3512134,NA,NA,NA,NA,NA,NA
"KO_vs_Neg","A3SS","Alternative 3' Splice Site","Nrxn2","ENSMUSG00000033768","chr19","+",0,0.149,"0.971,0.951,0.961","0.81,0.775,0.852",NA,NA,NA,NA,NA,NA,6581297,6582308,6581873,6582308,6569278,6569357,NA,NA,NA,NA,NA,NA
"KO_vs_Neg","A3SS","Alternative 3' Splice Site","Clmn","ENSMUSG00000021097","chr12","-",6.03824476948107e-05,0.114,"0.214,0.112,0.223","0.088,0.081,0.037",NA,NA,NA,NA,NA,NA,104740031,104740157,104740031,104740102,104740747,104740808,NA,NA,NA,NA,NA,NA
"KO_vs_Neg","A3SS","Alternative 3' Splice Site","Crem","ENSMUSG00000063889","chr18","-",0.0112936733176003,0.317,"0.276,0.379,0.572","0.0,0.0,0.276",NA,NA,NA,NA,NA,NA,3276693,3276775,3276693,3276729,3281687,3281769,NA,NA,NA,NA,NA,NA
"KO_vs_Neg","A3SS","Alternative 3' Splice Site","Crem","ENSMUSG00000063889","chr18","-",0.00962783255735034,0.126,"0.186,0.102,0.239","0.0,0.0,0.15",NA,NA,NA,NA,NA,NA,3276693,3276775,3276693,3276729,3287903,3288092,NA,NA,NA,NA,NA,NA
"KO_vs_Neg","A3SS","Alternative 3' Splice Site","Crem","ENSMUSG00000063889","chr18","-",0.00343430613359604,0.163,"0.117,0.203,0.337","0.035,0.0,0.133",NA,NA,NA,NA,NA,NA,3276693,3276775,3276693,3276729,3295039,3295182,NA,NA,NA,NA,NA,NA
"KO_vs_Neg","A3SS","Alternative 3' Splice Site","Gm11767","ENSMUSG00000085207","chr11","-",0.00416719564906502,0.158,"1.0,1.0,1.0","0.786,0.857,0.882",NA,NA,NA,NA,NA,NA,119826543,119827356,119826543,119826875,119829987,119830116,NA,NA,NA,NA,NA,NA
"KO_vs_Neg","A3SS","Alternative 3' Splice Site","Chd6","ENSMUSG00000057133","chr2","-",0.045712709918703,0.1,"0.851,0.791,0.81","0.646,0.794,0.711",NA,NA,NA,NA,NA,NA,160883904,160884052,160883904,160884049,160894307,160894825,NA,NA,NA,NA,NA,NA
"KO_vs_Neg","A3SS","Alternative 3' Splice Site","Celf6","ENSMUSG00000032297","chr9","+",0.029175315417788,-0.101,"0.87,0.837,0.834","1.0,1.0,0.844",NA,NA,NA,NA,NA,NA,59511412,59511493,59511415,59511493,59510517,59510650,NA,NA,NA,NA,NA,NA
"KO_vs_Neg","A3SS","Alternative 3' Splice Site","Rian","ENSMUSG00000097451","chr12","+",2.64006817626081e-05,0.62,"1.0,1.0,1.0","0.139,0.0,1.0",NA,NA,NA,NA,NA,NA,109600627,109600788,109600709,109600788,109593481,109593566,NA,NA,NA,NA,NA,NA
"KO_vs_Neg","A3SS","Alternative 3' Splice Site","Iffo1","ENSMUSG00000038271","chr6","+",0,0.321,"0.658,0.637,0.615","0.352,0.304,0.291",NA,NA,NA,NA,NA,NA,125128757,125129734,125129576,125129734,125128347,125128488,NA,NA,NA,NA,NA,NA
"KO_vs_Neg","A3SS","Alternative 3' Splice Site","Iffo1","ENSMUSG00000038271","chr6","+",0,0.206,"0.372,0.327,0.335","0.15,0.13,0.136",NA,NA,NA,NA,NA,NA,125129406,125129734,125129576,125129734,125128347,125128488,NA,NA,NA,NA,NA,NA
"KO_vs_Neg","A3SS","Alternative 3' Splice Site","Gipr","ENSMUSG00000030406","chr7","-",0.0468556345751031,0.124,"0.117,0.355,0.052","0.0,0.083,0.068",NA,NA,NA,NA,NA,NA,18898444,18898585,18898444,18898547,18898892,18899049,NA,NA,NA,NA,NA,NA
"KO_vs_Neg","A3SS","Alternative 3' Splice Site","Wbp1","ENSMUSG00000030035","chr6","-",9.66280770935959e-05,-0.111,"0.432,0.496,0.461","0.529,0.604,0.59",NA,NA,NA,NA,NA,NA,83097165,83097857,83097165,83097268,83098183,83098540,NA,NA,NA,NA,NA,NA
"KO_vs_Neg","A3SS","Alternative 3' Splice Site","2410002F23Rik","ENSMUSG00000045411","chr7","+",0.024836201734457,0.101,"0.713,0.695,0.609","0.595,0.576,0.544",NA,NA,NA,NA,NA,NA,43896661,43896840,43896674,43896840,43896210,43896247,NA,NA,NA,NA,NA,NA
"KO_vs_Neg","A3SS","Alternative 3' Splice Site","Snx13","ENSMUSG00000020590","chr12","+",0.00628801077503504,0.133,"0.343,0.298,0.322","0.17,0.254,0.139",NA,NA,NA,NA,NA,NA,35169731,35169904,35169764,35169904,35162433,35162503,NA,NA,NA,NA,NA,NA
"KO_vs_Neg","A3SS","Alternative 3' Splice Site","Snrnp70","ENSMUSG00000063511","chr7","-",0,-0.199,"0.16,0.145,0.157","0.302,0.368,0.389",NA,NA,NA,NA,NA,NA,45030140,45032608,45030140,45030242,45033227,45033309,NA,NA,NA,NA,NA,NA
"KO_vs_Neg","A3SS","Alternative 3' Splice Site","Tlcd3b","ENSMUSG00000058966","chr7","+",7.6289301974759e-05,0.357,"1.0,1.0,1.0","0.394,0.86,0.676",NA,NA,NA,NA,NA,NA,126418995,126419126,126418999,126419126,126417465,126417565,NA,NA,NA,NA,NA,NA
"KO_vs_Neg","A3SS","Alternative 3' Splice Site","Mir9-3hg","ENSMUSG00000097023","chr7","+",0.0108799476028628,-0.492,"0.111,0.286,0.182","0.5,1.0,0.556",NA,NA,NA,NA,NA,NA,79180750,79182339,79180933,79182339,79177510,79177617,NA,NA,NA,NA,NA,NA
"KO_vs_Neg","A3SS","Alternative 3' Splice Site","Homer2","ENSMUSG00000025813","chr7","-",0.0410574463527112,-0.403,"0.0,0.247,0.185","0.639,0.787,0.214",NA,NA,NA,NA,NA,NA,81268323,81268463,81268323,81268430,81273999,81274092,NA,NA,NA,NA,NA,NA
"KO_vs_Neg","A3SS","Alternative 3' Splice Site","Cfap68","ENSMUSG00000037971","chr9","-",0.00579769615677994,0.231,"1.0,0.846,1.0","0.75,0.571,0.833",NA,NA,NA,NA,NA,NA,50675523,50676226,50675523,50675590,50682451,50683355,NA,NA,NA,NA,NA,NA
"KO_vs_Neg","A3SS","Alternative 3' Splice Site","Surf2","ENSMUSG00000014873","chr2","+",0.00205781409382648,0.112,"0.729,0.655,0.671","0.62,0.56,0.54",NA,NA,NA,NA,NA,NA,26808876,26809067,26808940,26809067,26807439,26807543,NA,NA,NA,NA,NA,NA
"KO_vs_Neg","A3SS","Alternative 3' Splice Site","Plekha7","ENSMUSG00000045659","chr7","-",0.00260498058321798,0.131,"1.0,1.0,1.0","1.0,0.919,0.687",NA,NA,NA,NA,NA,NA,115726170,115726281,115726170,115726276,115727788,115727928,NA,NA,NA,NA,NA,NA
"KO_vs_Neg","A3SS","Alternative 3' Splice Site","Ptbp1","ENSMUSG00000006498","chr10","+",0.0163789137156602,0.151,"0.922,0.935,1.0","1.0,0.796,0.608",NA,NA,NA,NA,NA,NA,79692172,79692368,79692337,79692368,79690871,79690997,NA,NA,NA,NA,NA,NA
"KO_vs_Neg","A3SS","Alternative 3' Splice Site","H2-K2","ENSMUSG00000121503","chr17","-",0.0183530684424681,0.246,"1.0,0.898,0.698","0.471,0.629,0.757",NA,NA,NA,NA,NA,NA,34196844,34197020,34196844,34196946,34197227,34197497,NA,NA,NA,NA,NA,NA
"KO_vs_Neg","A3SS","Alternative 3' Splice Site","Cars2","ENSMUSG00000056228","chr8","-",0.0420270165295892,0.103,"0.167,0.329,0.206","0.079,0.129,0.184",NA,NA,NA,NA,NA,NA,11580294,11580618,11580294,11580427,11587271,11587355,NA,NA,NA,NA,NA,NA
"KO_vs_Neg","A3SS","Alternative 3' Splice Site","Cgas","ENSMUSG00000032344","chr9","-",3.80360535448156e-05,0.146,"0.176,0.269,0.093","0.013,0.037,0.051",NA,NA,NA,NA,NA,NA,78342722,78343009,78342722,78342965,78344584,78344804,NA,NA,NA,NA,NA,NA
"KO_vs_Neg","A3SS","Alternative 3' Splice Site","Crnde","ENSMUSG00000031736","chr8","-",0.0252512773207487,0.25,"1.0,1.0,1.0","0.592,1.0,0.659",NA,NA,NA,NA,NA,NA,93052660,93053090,93052660,93053085,93072977,93073091,NA,NA,NA,NA,NA,NA
"KO_vs_Neg","A3SS","Alternative 3' Splice Site","Pde4c","ENSMUSG00000031842","chr8","+",0.0468556345751031,0.13,"1.0,1.0,1.0","1.0,1.0,0.611",NA,NA,NA,NA,NA,NA,71201016,71201682,71201559,71201682,71200705,71200805,NA,NA,NA,NA,NA,NA
"KO_vs_Neg","A3SS","Alternative 3' Splice Site","Dync2h1","ENSMUSG00000047193","chr9","-",0.000875732312636516,0.114,"0.26,0.051,0.089","0.04,0.0,0.017",NA,NA,NA,NA,NA,NA,7111424,7111592,7111424,7111571,7112047,7112150,NA,NA,NA,NA,NA,NA
"KO_vs_Neg","A3SS","Alternative 3' Splice Site","Ccl27a","ENSMUSG00000073888","chr4","-",0.0216312960695021,0.142,"1.0,1.0,1.0","0.654,0.919,1.0",NA,NA,NA,NA,NA,NA,41771137,41771235,41771137,41771213,41773464,41773524,NA,NA,NA,NA,NA,NA
"KO_vs_Neg","A3SS","Alternative 3' Splice Site","Ccl27a","ENSMUSG00000073888","chr4","-",0.0176953803029265,0.212,"1.0,1.0,1.0","0.524,0.841,1.0",NA,NA,NA,NA,NA,NA,41771137,41771290,41771137,41771213,41773464,41773524,NA,NA,NA,NA,NA,NA
"KO_vs_Neg","A3SS","Alternative 3' Splice Site","Asah2","ENSMUSG00000024887","chr19","-",0.0468565222600958,-0.185,"0.117,0.084,0.268","0.268,0.354,0.401",NA,NA,NA,NA,NA,NA,32038686,32038860,32038686,32038805,32078949,32079027,NA,NA,NA,NA,NA,NA
"KO_vs_Neg","A3SS","Alternative 3' Splice Site","Nt5dc1","ENSMUSG00000039480","chr10","-",0.0144581137523863,-0.107,"0.828,0.727,0.759","0.889,0.82,0.927",NA,NA,NA,NA,NA,NA,34274109,34274194,34274109,34274191,34275733,34275813,NA,NA,NA,NA,NA,NA
"KO_vs_Neg","A3SS","Alternative 3' Splice Site","Fam229b","ENSMUSG00000051736","chr10","-",0.0316718885903723,-0.117,"0.692,0.845,0.787","0.946,0.883,0.845",NA,NA,NA,NA,NA,NA,38998172,38998331,38998172,38998328,39008242,39008374,NA,NA,NA,NA,NA,NA
"KO_vs_Neg","A3SS","Alternative 3' Splice Site","Syt17","ENSMUSG00000058420","chr7","-",0.000108060234005639,0.341,"0.0,0.53,0.492","0.0,0.0,0.0",NA,NA,NA,NA,NA,NA,118042341,118042364,118042341,118042359,118042568,118042783,NA,NA,NA,NA,NA,NA
"KO_vs_Neg","A3SS","Alternative 3' Splice Site","Tle2","ENSMUSG00000034771","chr10","+",0.0278409446067994,0.121,"0.237,0.194,0.192","0.048,0.122,0.089",NA,NA,NA,NA,NA,NA,81412362,81412476,81412431,81412476,81412069,81412133,NA,NA,NA,NA,NA,NA
"KO_vs_Neg","A3SS","Alternative 3' Splice Site","A430046D13Rik","ENSMUSG00000119994","chr10","+",0.00269879639174797,0.11,"0.286,0.342,0.266","0.202,0.138,0.223",NA,NA,NA,NA,NA,NA,128337248,128337558,128337503,128337558,128335177,128335395,NA,NA,NA,NA,NA,NA
"KO_vs_Neg","A3SS","Alternative 3' Splice Site","Fbxo48","ENSMUSG00000044966","chr11","+",0.0405589682544278,0.13,"1.0,0.825,0.915","0.727,0.812,0.811",NA,NA,NA,NA,NA,NA,16903141,16903681,16903348,16903681,16901374,16901431,NA,NA,NA,NA,NA,NA
"KO_vs_Neg","A3SS","Alternative 3' Splice Site","Ppp2r3d","ENSMUSG00000093803","chr9","+",0.000161798261726573,0.309,"0.77,0.511,0.594","0.313,0.284,0.352",NA,NA,NA,NA,NA,NA,124202110,124204759,124202202,124204759,124201794,124201907,NA,NA,NA,NA,NA,NA
"KO_vs_Neg","A3SS","Alternative 3' Splice Site","Pmp22","ENSMUSG00000018217","chr11","+",0.00272470660380879,-0.121,"0.81,0.725,0.811","0.876,0.909,0.925",NA,NA,NA,NA,NA,NA,63023950,63024070,63023953,63024070,63019807,63019976,NA,NA,NA,NA,NA,NA
"KO_vs_Neg","A3SS","Alternative 3' Splice Site","Folr1","ENSMUSG00000001827","chr7","-",0.0148167264633147,0.104,"0.833,0.751,0.808","0.715,0.638,0.728",NA,NA,NA,NA,NA,NA,101517604,101517758,101517604,101517674,101518363,101518511,NA,NA,NA,NA,NA,NA
"KO_vs_Neg","A3SS","Alternative 3' Splice Site","Folr1","ENSMUSG00000001827","chr7","-",0.00868944727135668,0.141,"0.779,0.664,0.749","0.618,0.531,0.619",NA,NA,NA,NA,NA,NA,101517604,101517761,101517604,101517674,101518363,101518511,NA,NA,NA,NA,NA,NA
"KO_vs_Neg","A3SS","Alternative 3' Splice Site","Slc22a21","ENSMUSG00000063652","chr11","-",0.0177144941114458,0.458,"1.0,0.615,1.0","0.15,0.455,0.636",NA,NA,NA,NA,NA,NA,53851108,53851447,53851108,53851263,53860325,53860429,NA,NA,NA,NA,NA,NA
"KO_vs_Neg","A3SS","Alternative 3' Splice Site","4930517G24Rik","ENSMUSG00000120083","chr8","+",0.0102989451817367,0.493,"0.272,1.0,1.0","0.23,0.243,0.319",NA,NA,NA,NA,NA,NA,107944106,107944344,107944156,107944344,107938791,107939003,NA,NA,NA,NA,NA,NA
"KO_vs_Neg","A5SS","Alternative 5' Splice Site","Piga","ENSMUSG00000031381","chrX","+",0.0301607738369835,0.111,"0.76,0.717,0.805","0.621,0.619,0.708",NA,NA,NA,NA,NA,NA,163205579,163206359,163205579,163205982,163210927,163211060,NA,NA,NA,NA,NA,NA
"KO_vs_Neg","A5SS","Alternative 5' Splice Site","Porcn","ENSMUSG00000031169","chrX","-",3.14588475426208e-05,-0.175,"0.125,0.0,0.019","0.231,0.218,0.22",NA,NA,NA,NA,NA,NA,8064444,8065391,8065305,8065391,8064213,8064324,NA,NA,NA,NA,NA,NA
"KO_vs_Neg","A5SS","Alternative 5' Splice Site","Btrc","ENSMUSG00000025217","chr19","+",0.00695619101365378,0.149,"1.0,0.912,1.0","0.633,0.831,1.0",NA,NA,NA,NA,NA,NA,45352525,45352713,45352525,45352581,45411571,45411679,NA,NA,NA,NA,NA,NA
"KO_vs_Neg","A5SS","Alternative 5' Splice Site","Slf2","ENSMUSG00000036097","chr19","+",4.25628906193827e-06,-0.253,"0.169,0.248,0.21","0.358,0.446,0.582",NA,NA,NA,NA,NA,NA,44929897,44931378,44929897,44930865,44931887,44931958,NA,NA,NA,NA,NA,NA
"KO_vs_Neg","A5SS","Alternative 5' Splice Site","Trpm3","ENSMUSG00000052387","chr19","+",0.00205947898285151,0.284,"0.287,0.402,0.446","0.113,0.066,0.103",NA,NA,NA,NA,NA,NA,22903259,22903470,22903259,22903434,22955655,22955806,NA,NA,NA,NA,NA,NA
"KO_vs_Neg","A5SS","Alternative 5' Splice Site","Ehbp1l1","ENSMUSG00000024937","chr19","-",0.00223580392510142,0.169,"0.679,0.753,0.659","0.531,0.507,0.545",NA,NA,NA,NA,NA,NA,5767689,5770435,5769975,5770435,5767066,5767224,NA,NA,NA,NA,NA,NA
"KO_vs_Neg","A5SS","Alternative 5' Splice Site","4930549G23Rik","ENSMUSG00000118134","chr18","-",0.00114047080903245,0.256,"0.911,1.0,1.0","1.0,0.663,0.48",NA,NA,NA,NA,NA,NA,67923747,67924019,67923888,67924019,67922421,67922547,NA,NA,NA,NA,NA,NA
"KO_vs_Neg","A5SS","Alternative 5' Splice Site","Bvht","ENSMUSG00000098098","chr18","+",0.00351883047961012,0.112,"0.286,0.311,0.288","0.219,0.129,0.2",NA,NA,NA,NA,NA,NA,61777285,61777801,61777285,61777341,61778233,61778436,NA,NA,NA,NA,NA,NA
"KO_vs_Neg","A5SS","Alternative 5' Splice Site","Birc6","ENSMUSG00000024073","chr17","+",0.00725365521598265,-0.109,"0.283,0.272,0.29","0.393,0.376,0.403",NA,NA,NA,NA,NA,NA,74912983,74913130,74912983,74913118,74915091,74915279,NA,NA,NA,NA,NA,NA
"KO_vs_Neg","A5SS","Alternative 5' Splice Site","Clip4","ENSMUSG00000024059","chr17","+",0.00037655001124539,0.667,"1.0,0.0,1.0","0.0,0.0,0.0",NA,NA,NA,NA,NA,NA,72135501,72135700,72135501,72135645,72138199,72138334,NA,NA,NA,NA,NA,NA
"KO_vs_Neg","A5SS","Alternative 5' Splice Site","Psd2","ENSMUSG00000024347","chr18","+",0.00508583610705923,-0.372,"0.259,0.269,0.37","0.662,0.786,0.567",NA,NA,NA,NA,NA,NA,36121232,36121294,36121232,36121291,36135976,36136066,NA,NA,NA,NA,NA,NA
"KO_vs_Neg","A5SS","Alternative 5' Splice Site","Ercc4","ENSMUSG00000022545","chr16","+",0.0319082460881751,0.103,"0.373,0.291,0.192","0.191,0.154,0.202",NA,NA,NA,NA,NA,NA,12947997,12948886,12947997,12948598,12950721,12950814,NA,NA,NA,NA,NA,NA
"KO_vs_Neg","A5SS","Alternative 5' Splice Site","Sh3bp1","ENSMUSG00000022436","chr15","+",0.000784708043992478,0.493,"1.0,0.49,1.0","0.278,0.243,0.49",NA,NA,NA,NA,NA,NA,78794207,78794299,78794207,78794293,78796129,78796251,NA,NA,NA,NA,NA,NA
"KO_vs_Neg","A5SS","Alternative 5' Splice Site","Asap1","ENSMUSG00000022377","chr15","-",3.67718100413576e-09,-0.215,"0.756,0.74,0.734","0.951,0.978,0.945",NA,NA,NA,NA,NA,NA,64030726,64030853,64030766,64030853,64024678,64024779,NA,NA,NA,NA,NA,NA
"KO_vs_Neg","A5SS","Alternative 5' Splice Site","Asap1","ENSMUSG00000022377","chr15","-",3.86253562467561e-09,-0.205,"0.781,0.752,0.73","0.952,0.979,0.947",NA,NA,NA,NA,NA,NA,64030730,64030853,64030766,64030853,64024678,64024779,NA,NA,NA,NA,NA,NA
"KO_vs_Neg","A5SS","Alternative 5' Splice Site","Tatdn1","ENSMUSG00000050891","chr15","-",0.012183905121906,0.113,"0.409,0.306,0.409","0.219,0.28,0.287",NA,NA,NA,NA,NA,NA,58795677,58795817,58795753,58795817,58793122,58793266,NA,NA,NA,NA,NA,NA
"KO_vs_Neg","A5SS","Alternative 5' Splice Site","Dleu2","ENSMUSG00000097589","chr14","-",0.0351606297696668,-0.314,"0.723,0.723,0.611","1.0,1.0,1.0",NA,NA,NA,NA,NA,NA,61885930,61886236,61886066,61886236,61881412,61881508,NA,NA,NA,NA,NA,NA
"KO_vs_Neg","A5SS","Alternative 5' Splice Site","Mettl17","ENSMUSG00000004561","chr14","+",8.86378897734132e-05,0.151,"0.434,0.426,0.494","0.318,0.268,0.315",NA,NA,NA,NA,NA,NA,52126603,52126854,52126603,52126674,52126984,52127092,NA,NA,NA,NA,NA,NA
"KO_vs_Neg","A5SS","Alternative 5' Splice Site","Tmem161b","ENSMUSG00000035762","chr13","+",0.000775648688609579,0.137,"0.226,0.336,0.373","0.177,0.17,0.176",NA,NA,NA,NA,NA,NA,84432103,84432304,84432103,84432244,84434803,84434917,NA,NA,NA,NA,NA,NA
"KO_vs_Neg","A5SS","Alternative 5' Splice Site","Ctla2a","ENSMUSG00000044258","chr13","-",3.06180419064692e-06,0.16,"0.466,0.455,0.467","0.345,0.269,0.294",NA,NA,NA,NA,NA,NA,61084199,61084385,61084304,61084385,61083360,61083483,NA,NA,NA,NA,NA,NA
"KO_vs_Neg","A5SS","Alternative 5' Splice Site","Serpinb6a","ENSMUSG00000060147","chr13","-",6.24047656817349e-05,0.565,"1.0,0.724,1.0","0.5,0.0,0.529",NA,NA,NA,NA,NA,NA,34119551,34119777,34119601,34119777,34115454,34115629,NA,NA,NA,NA,NA,NA
"KO_vs_Neg","A5SS","Alternative 5' Splice Site","Serpinb6a","ENSMUSG00000060147","chr13","-",0.00037655001124539,0.417,"1.0,0.696,1.0","0.433,0.478,0.534",NA,NA,NA,NA,NA,NA,34119555,34119777,34119601,34119777,34115454,34115629,NA,NA,NA,NA,NA,NA
"KO_vs_Neg","A5SS","Alternative 5' Splice Site","Tbce","ENSMUSG00000039233","chr13","-",0.0270674389981428,0.117,"0.334,0.267,0.359","0.258,0.117,0.233",NA,NA,NA,NA,NA,NA,14178117,14178281,14178127,14178281,14175694,14175763,NA,NA,NA,NA,NA,NA
"KO_vs_Neg","A5SS","Alternative 5' Splice Site","Dync2i1","ENSMUSG00000042050","chr12","-",0.00553357830988286,-0.126,"0.867,0.957,0.679","0.882,1.0,1.0",NA,NA,NA,NA,NA,NA,116189584,116189757,116189595,116189757,116188506,116188669,NA,NA,NA,NA,NA,NA
"KO_vs_Neg","A5SS","Alternative 5' Splice Site","Cant1","ENSMUSG00000025575","chr11","-",0.0356397227144024,-0.115,"0.886,1.0,0.632","0.862,1.0,1.0",NA,NA,NA,NA,NA,NA,118309755,118309878,118309797,118309878,118301678,118302337,NA,NA,NA,NA,NA,NA
"KO_vs_Neg","A5SS","Alternative 5' Splice Site","Pyy","ENSMUSG00000017311","chr11","-",0.0386349389791714,0.123,"0.258,0.25,0.297","0.0,0.194,0.243",NA,NA,NA,NA,NA,NA,101997792,101997882,101997798,101997882,101997501,101997692,NA,NA,NA,NA,NA,NA
"KO_vs_Neg","A5SS","Alternative 5' Splice Site","Psat1","ENSMUSG00000024640","chr19","-",0.000926543249050145,-0.477,"0.0,0.155,0.314","0.478,0.422,1.0",NA,NA,NA,NA,NA,NA,15894426,15894613,15894440,15894613,15894202,15894321,NA,NA,NA,NA,NA,NA
"KO_vs_Neg","A5SS","Alternative 5' Splice Site","Ncor2","ENSMUSG00000029478","chr5","-",0.00325197602917179,-0.106,"0.369,0.308,0.399","0.508,0.454,0.432",NA,NA,NA,NA,NA,NA,125105675,125105862,125105684,125105862,125103865,125104281,NA,NA,NA,NA,NA,NA
"KO_vs_Neg","A5SS","Alternative 5' Splice Site","Ube2d-ps","ENSMUSG00000121496","chr11","+",0.004376578298648,0.113,"1.0,1.0,1.0","0.892,0.962,0.806",NA,NA,NA,NA,NA,NA,5730205,5731264,5730205,5730653,5733891,5734714,NA,NA,NA,NA,NA,NA
"KO_vs_Neg","A5SS","Alternative 5' Splice Site","Ube2d-ps","ENSMUSG00000121496","chr11","+",0.00551312931223042,0.107,"1.0,1.0,1.0","0.9,0.964,0.815",NA,NA,NA,NA,NA,NA,5730205,5731838,5730205,5730653,5733891,5734714,NA,NA,NA,NA,NA,NA
"KO_vs_Neg","A5SS","Alternative 5' Splice Site","Esco1","ENSMUSG00000024293","chr18","-",0.00815152971829598,0.126,"0.902,0.913,0.927","0.833,0.843,0.689",NA,NA,NA,NA,NA,NA,10593745,10595875,10595675,10595875,10585977,10586041,NA,NA,NA,NA,NA,NA
"KO_vs_Neg","A5SS","Alternative 5' Splice Site","Eef1akmt2","ENSMUSG00000030960","chr7","-",0.00168276352928632,0.121,"0.359,0.302,0.317","0.179,0.189,0.248",NA,NA,NA,NA,NA,NA,132452319,132452438,132452323,132452438,132438828,132438936,NA,NA,NA,NA,NA,NA
"KO_vs_Neg","A5SS","Alternative 5' Splice Site","Cibar1","ENSMUSG00000028218","chr4","-",0.0436946576726245,-0.195,"0.0,0.072,0.237","0.278,0.4,0.215",NA,NA,NA,NA,NA,NA,12168222,12168324,12168228,12168324,12164087,12164192,NA,NA,NA,NA,NA,NA
"KO_vs_Neg","A5SS","Alternative 5' Splice Site","Syt6","ENSMUSG00000027849","chr3","+",0.00724141469259831,-0.267,"0.592,0.503,0.51","0.654,0.789,0.963",NA,NA,NA,NA,NA,NA,103482693,103482922,103482693,103482856,103492657,103493006,NA,NA,NA,NA,NA,NA
"KO_vs_Neg","A5SS","Alternative 5' Splice Site","Il15ra","ENSMUSG00000023206","chr2","+",0.0389501920611938,-0.169,"0.721,1.0,0.628","1.0,0.918,0.937",NA,NA,NA,NA,NA,NA,11723074,11723269,11723074,11723153,11724823,11724916,NA,NA,NA,NA,NA,NA
"KO_vs_Neg","A5SS","Alternative 5' Splice Site","1700001O22Rik","ENSMUSG00000044320","chr2","-",0.00815152971829598,0.125,"0.186,0.139,0.326","0.1,0.107,0.068",NA,NA,NA,NA,NA,NA,30690719,30690828,30690735,30690828,30687879,30687992,NA,NA,NA,NA,NA,NA
"KO_vs_Neg","A5SS","Alternative 5' Splice Site","Ppox","ENSMUSG00000062729","chr1","-",0.0269268576663782,0.104,"0.941,0.941,0.77","0.661,0.776,0.902",NA,NA,NA,NA,NA,NA,171107932,171108096,171107961,171108096,171107713,171107862,NA,NA,NA,NA,NA,NA
"KO_vs_Neg","A5SS","Alternative 5' Splice Site","Macir","ENSMUSG00000044768","chr1","-",0.0389501920611938,-0.156,"0.613,0.506,0.419","0.655,0.613,0.738",NA,NA,NA,NA,NA,NA,97588455,97589401,97589279,97589401,97582324,97582414,NA,NA,NA,NA,NA,NA
"KO_vs_Neg","A5SS","Alternative 5' Splice Site","Mr1","ENSMUSG00000026471","chr1","-",0.0156220813860869,0.111,"0.916,0.96,0.868","0.799,0.801,0.81",NA,NA,NA,NA,NA,NA,155013259,155013520,155013339,155013520,155012320,155012596,NA,NA,NA,NA,NA,NA
"KO_vs_Neg","A5SS","Alternative 5' Splice Site","1700037H04Rik","ENSMUSG00000027327","chr2","-",0.00612373175876621,0.198,"0.041,0.447,0.105","0.0,0.0,0.0",NA,NA,NA,NA,NA,NA,130995504,130995630,130995513,130995630,130993537,130993676,NA,NA,NA,NA,NA,NA
"KO_vs_Neg","A5SS","Alternative 5' Splice Site","4732471J01Rik","ENSMUSG00000053714","chr7","+",0.00200745015586984,-0.363,"0.221,0.198,0.174","0.424,0.704,0.555",NA,NA,NA,NA,NA,NA,25096114,25096401,25096114,25096331,25116825,25116934,NA,NA,NA,NA,NA,NA
"KO_vs_Neg","A5SS","Alternative 5' Splice Site","Wdr31","ENSMUSG00000028391","chr4","-",0.00333220489038895,-0.128,"0.131,0.101,0.119","0.191,0.323,0.22",NA,NA,NA,NA,NA,NA,62388948,62389124,62389055,62389124,62387073,62387170,NA,NA,NA,NA,NA,NA
"KO_vs_Neg","A5SS","Alternative 5' Splice Site","Wnt11","ENSMUSG00000015957","chr7","+",0.00113748113698895,-0.319,"0.75,0.571,0.429","0.778,0.929,1.0",NA,NA,NA,NA,NA,NA,98496380,98496658,98496380,98496494,98499433,98499726,NA,NA,NA,NA,NA,NA
"KO_vs_Neg","A5SS","Alternative 5' Splice Site","Map4k4","ENSMUSG00000026074","chr1","+",0.0156220813860869,-0.497,"0.086,0.274,0.0","1.0,0.0,0.85",NA,NA,NA,NA,NA,NA,40046592,40046699,40046592,40046690,40048847,40049023,NA,NA,NA,NA,NA,NA
"KO_vs_Neg","A5SS","Alternative 5' Splice Site","Gas5","ENSMUSG00000053332","chr1","+",3.89428767601564e-06,0.216,"0.575,0.576,0.65","0.352,0.327,0.475",NA,NA,NA,NA,NA,NA,160863777,160864149,160863777,160863814,160864389,160864422,NA,NA,NA,NA,NA,NA
"KO_vs_Neg","A5SS","Alternative 5' Splice Site","Gas5","ENSMUSG00000053332","chr1","+",3.7285909841228e-08,0.166,"0.853,0.837,0.905","0.722,0.672,0.704",NA,NA,NA,NA,NA,NA,160863777,160864734,160863777,160864422,160864857,160864885,NA,NA,NA,NA,NA,NA
"KO_vs_Neg","A5SS","Alternative 5' Splice Site","Echdc2","ENSMUSG00000028601","chr4","+",0.00539074262392988,-0.162,"0.568,0.631,0.672","0.665,0.854,0.839",NA,NA,NA,NA,NA,NA,108027057,108027423,108027057,108027145,108029285,108029372,NA,NA,NA,NA,NA,NA
"KO_vs_Neg","A5SS","Alternative 5' Splice Site","Gpr19","ENSMUSG00000032641","chr6","-",0.0166317283667088,0.116,"0.231,0.391,0.262","0.159,0.127,0.25",NA,NA,NA,NA,NA,NA,134873820,134874176,134874124,134874176,134864592,134864748,NA,NA,NA,NA,NA,NA
"KO_vs_Neg","A5SS","Alternative 5' Splice Site","Gsg1","ENSMUSG00000030206","chr6","-",0.00446735985313676,0.204,"1.0,1.0,1.0","1.0,0.793,0.594",NA,NA,NA,NA,NA,NA,135219048,135219219,135219171,135219219,135218242,135218395,NA,NA,NA,NA,NA,NA
"KO_vs_Neg","A5SS","Alternative 5' Splice Site","Gt(ROSA)26Sor","ENSMUSG00000086429","chr6","-",0.00187714268011353,0.162,"0.381,0.391,0.278","0.153,0.191,0.219",NA,NA,NA,NA,NA,NA,113054028,113054153,113054134,113054153,113048254,113048396,NA,NA,NA,NA,NA,NA
"KO_vs_Neg","A5SS","Alternative 5' Splice Site","Tpp1","ENSMUSG00000030894","chr7","-",0.000259240382736373,0.235,"0.17,0.322,0.276","0.0,0.063,0.0",NA,NA,NA,NA,NA,NA,105401166,105401260,105401188,105401260,105399386,105399537,NA,NA,NA,NA,NA,NA
"KO_vs_Neg","A5SS","Alternative 5' Splice Site","Irak3","ENSMUSG00000020227","chr10","-",0.00187668757581647,-0.164,"0.0,0.0,0.11","0.229,0.372,0.0",NA,NA,NA,NA,NA,NA,120000945,120001116,120000997,120001116,119982335,119982534,NA,NA,NA,NA,NA,NA
"KO_vs_Neg","A5SS","Alternative 5' Splice Site","Clip1","ENSMUSG00000049550","chr5","-",0.0180692835209628,0.292,"0.917,0.789,0.804","0.583,0.5,0.55",NA,NA,NA,NA,NA,NA,123768287,123769232,123768515,123769232,123761275,123761333,NA,NA,NA,NA,NA,NA
"KO_vs_Neg","A5SS","Alternative 5' Splice Site","Htra2","ENSMUSG00000068329","chr6","-",0.0178243559265842,0.207,"0.593,0.399,0.585","0.222,0.373,0.361",NA,NA,NA,NA,NA,NA,83029981,83030051,83030018,83030051,83029678,83029707,NA,NA,NA,NA,NA,NA
"KO_vs_Neg","A5SS","Alternative 5' Splice Site","Dab2ip","ENSMUSG00000026883","chr2","+",0.000151515868795648,0.3,"1.0,1.0,1.0","0.487,0.613,1.0",NA,NA,NA,NA,NA,NA,35533899,35534136,35533899,35534003,35597659,35597813,NA,NA,NA,NA,NA,NA
"KO_vs_Neg","A5SS","Alternative 5' Splice Site","Slc17a9","ENSMUSG00000023393","chr2","+",0.00427267691251244,0.333,"1.0,1.0,0.0","0.0,0.0,1.0",NA,NA,NA,NA,NA,NA,180373672,180373870,180373672,180373800,180374225,180374365,NA,NA,NA,NA,NA,NA
"KO_vs_Neg","A5SS","Alternative 5' Splice Site","Scn9a","ENSMUSG00000075316","chr2","-",5.05018284961346e-06,0.112,"0.957,0.941,0.936","0.829,0.842,0.826",NA,NA,NA,NA,NA,NA,66370607,66370979,66370640,66370979,66367613,66367743,NA,NA,NA,NA,NA,NA
"KO_vs_Neg","A5SS","Alternative 5' Splice Site","Mtf2","ENSMUSG00000029267","chr5","+",0.000279222535870604,0.175,"0.526,0.556,0.465","0.402,0.315,0.305",NA,NA,NA,NA,NA,NA,108217027,108217389,108217027,108217229,108221172,108221320,NA,NA,NA,NA,NA,NA
"KO_vs_Neg","A5SS","Alternative 5' Splice Site","Srrt","ENSMUSG00000037364","chr5","-",0.0144677297625196,-0.147,"0.255,0.263,0.267","0.29,0.515,0.42",NA,NA,NA,NA,NA,NA,137299579,137300576,137300387,137300576,137298505,137298675,NA,NA,NA,NA,NA,NA
"KO_vs_Neg","A5SS","Alternative 5' Splice Site","Inpp4a","ENSMUSG00000026113","chr1","+",0.00107442737397094,-0.186,"0.547,0.52,0.446","0.661,0.788,0.622",NA,NA,NA,NA,NA,NA,37419002,37419258,37419002,37419141,37426778,37426951,NA,NA,NA,NA,NA,NA
"KO_vs_Neg","A5SS","Alternative 5' Splice Site","0610038B21Rik","ENSMUSG00000097882","chr8","+",6.24047656817349e-05,0.271,"1.0,1.0,1.0","0.627,0.92,0.641",NA,NA,NA,NA,NA,NA,78244743,78244883,78244743,78244837,78248980,78250527,NA,NA,NA,NA,NA,NA
"KO_vs_Neg","A5SS","Alternative 5' Splice Site","Pum1","ENSMUSG00000028580","chr4","+",0.0132384411772601,0.109,"0.602,0.616,0.526","0.476,0.48,0.462",NA,NA,NA,NA,NA,NA,130493231,130493366,130493231,130493360,130496126,130496264,NA,NA,NA,NA,NA,NA
"KO_vs_Neg","A5SS","Alternative 5' Splice Site","Foxred1","ENSMUSG00000039048","chr9","-",0.0436946576726245,0.225,"0.525,0.172,0.326","0.146,0.031,0.172",NA,NA,NA,NA,NA,NA,35121235,35121461,35121240,35121461,35120711,35120803,NA,NA,NA,NA,NA,NA
"KO_vs_Neg","A5SS","Alternative 5' Splice Site","Rpe","ENSMUSG00000026005","chr1","+",0.000179290366972957,0.258,"0.836,0.778,0.752","0.61,0.482,0.5",NA,NA,NA,NA,NA,NA,66739989,66740576,66739989,66740187,66740775,66740807,NA,NA,NA,NA,NA,NA
"KO_vs_Neg","A5SS","Alternative 5' Splice Site","Slc6a9","ENSMUSG00000028542","chr4","+",0.0145594225720403,0.1,"0.954,0.825,0.969","0.83,0.791,0.826",NA,NA,NA,NA,NA,NA,117713071,117713183,117713071,117713145,117713886,117714018,NA,NA,NA,NA,NA,NA
"KO_vs_Neg","A5SS","Alternative 5' Splice Site","6030443J06Rik","ENSMUSG00000097207","chr5","+",0.00333220489038895,0.288,"0.765,1.0,1.0","1.0,0.352,0.55",NA,NA,NA,NA,NA,NA,22758756,22758835,22758756,22758801,22758984,22763168,NA,NA,NA,NA,NA,NA
"KO_vs_Neg","A5SS","Alternative 5' Splice Site","Smc2","ENSMUSG00000028312","chr4","+",0.0236824147650181,-0.129,"0.914,0.756,0.852","0.909,1.0,1.0",NA,NA,NA,NA,NA,NA,52439242,52439410,52439242,52439334,52442252,52442402,NA,NA,NA,NA,NA,NA
"KO_vs_Neg","A5SS","Alternative 5' Splice Site","Rnf13","ENSMUSG00000036503","chr3","+",0.000786345079448738,0.216,"1.0,1.0,1.0","1.0,0.484,0.868",NA,NA,NA,NA,NA,NA,57703618,57703716,57703618,57703706,57727927,57728021,NA,NA,NA,NA,NA,NA
"KO_vs_Neg","A5SS","Alternative 5' Splice Site","Ccnl1","ENSMUSG00000027829","chr3","-",0.0102595679657602,-0.11,"0.665,0.697,0.571","0.788,0.765,0.71",NA,NA,NA,NA,NA,NA,65857445,65857647,65857633,65857647,65856111,65856211,NA,NA,NA,NA,NA,NA
"KO_vs_Neg","A5SS","Alternative 5' Splice Site","2810429I04Rik","ENSMUSG00000097709","chr13","+",4.28147591932889e-06,0.413,"1.0,1.0,1.0","1.0,0.297,0.465",NA,NA,NA,NA,NA,NA,3544480,3544721,3544480,3544664,3547959,3548156,NA,NA,NA,NA,NA,NA
"KO_vs_Neg","A5SS","Alternative 5' Splice Site","Alms1","ENSMUSG00000063810","chr6","+",0.000100673483896613,0.2,"0.397,0.401,0.442","0.215,0.224,0.2",NA,NA,NA,NA,NA,NA,85585967,85587514,85585967,85586107,85587799,85587918,NA,NA,NA,NA,NA,NA
"KO_vs_Neg","A5SS","Alternative 5' Splice Site","Rian","ENSMUSG00000097451","chr12","+",0.00338185644388221,0.207,"1.0,0.938,1.0","1.0,0.456,0.86",NA,NA,NA,NA,NA,NA,109623221,109623274,109623221,109623265,109624491,109624555,NA,NA,NA,NA,NA,NA
"KO_vs_Neg","A5SS","Alternative 5' Splice Site","Xlr3a","ENSMUSG00000057836","chrX","-",5.51378942503846e-11,-0.113,"0.074,0.092,0.072","0.191,0.179,0.206",NA,NA,NA,NA,NA,NA,72138429,72138688,72138566,72138688,72137788,72137858,NA,NA,NA,NA,NA,NA
"KO_vs_Neg","A5SS","Alternative 5' Splice Site","Ccdc84","ENSMUSG00000043923","chr9","-",0.00643818054578514,-0.103,"0.264,0.269,0.327","0.362,0.363,0.444",NA,NA,NA,NA,NA,NA,44324739,44324830,44324767,44324830,44324433,44324498,NA,NA,NA,NA,NA,NA
"KO_vs_Neg","A5SS","Alternative 5' Splice Site","Tmem80","ENSMUSG00000025505","chr7","+",0.0004739501348278,0.198,"0.78,0.754,0.693","0.467,0.595,0.57",NA,NA,NA,NA,NA,NA,140912822,140912921,140912822,140912842,140913550,140913644,NA,NA,NA,NA,NA,NA
"KO_vs_Neg","A5SS","Alternative 5' Splice Site","Fbxl12","ENSMUSG00000066892","chr9","-",0.00446735985313676,0.19,"0.665,0.609,0.503","0.37,0.493,0.343",NA,NA,NA,NA,NA,NA,20553499,20555594,20555490,20555594,20553319,20553392,NA,NA,NA,NA,NA,NA
"KO_vs_Neg","A5SS","Alternative 5' Splice Site","Ccdc33","ENSMUSG00000037716","chr9","-",0.00963026707365477,0.322,"0.904,0.578,1.0","0.61,0.423,0.484",NA,NA,NA,NA,NA,NA,57938338,57938545,57938443,57938545,57937616,57937703,NA,NA,NA,NA,NA,NA
"KO_vs_Neg","A5SS","Alternative 5' Splice Site","6820431F20Rik","ENSMUSG00000121492","chr8","+",9.44191391739192e-10,0.121,"0.992,1.0,0.979","0.862,0.839,0.907",NA,NA,NA,NA,NA,NA,20163109,20163408,20163109,20163404,20167037,20167157,NA,NA,NA,NA,NA,NA
"KO_vs_Neg","A5SS","Alternative 5' Splice Site","Zfat","ENSMUSG00000022335","chr15","-",5.29637881101997e-05,0.182,"0.207,0.298,0.214","0.083,0.043,0.048",NA,NA,NA,NA,NA,NA,67982292,67982411,67982325,67982411,67976804,67976928,NA,NA,NA,NA,NA,NA
"KO_vs_Neg","A5SS","Alternative 5' Splice Site","Zfat","ENSMUSG00000022335","chr15","-",0.0121999649773872,0.139,"0.967,0.919,0.913","0.798,0.71,0.875",NA,NA,NA,NA,NA,NA,68084441,68084693,68084462,68084693,68058899,68059085,NA,NA,NA,NA,NA,NA
"KO_vs_Neg","A5SS","Alternative 5' Splice Site","Aste1","ENSMUSG00000032567","chr9","+",1.81984334894266e-05,0.252,"0.978,0.929,0.843","0.721,0.72,0.552",NA,NA,NA,NA,NA,NA,105273743,105275057,105273743,105273904,105278674,105278885,NA,NA,NA,NA,NA,NA
"KO_vs_Neg","A5SS","Alternative 5' Splice Site","Mapkapk3","ENSMUSG00000032577","chr9","-",0.000926543249050145,0.408,"1.0,1.0,0.846","0.091,0.684,0.846",NA,NA,NA,NA,NA,NA,107139621,107140963,107140823,107140963,107139076,107139156,NA,NA,NA,NA,NA,NA
"KO_vs_Neg","A5SS","Alternative 5' Splice Site","Uba7","ENSMUSG00000032596","chr9","+",0.0171858040708914,-0.127,"0.846,0.941,0.833","1.0,1.0,1.0",NA,NA,NA,NA,NA,NA,107854527,107855221,107854527,107854674,107855407,107855515,NA,NA,NA,NA,NA,NA
"KO_vs_Neg","A5SS","Alternative 5' Splice Site","Pcbp3","ENSMUSG00000001120","chr10","-",0,0.136,"0.228,0.221,0.214","0.085,0.083,0.088",NA,NA,NA,NA,NA,NA,76620904,76621048,76620973,76621048,76617665,76617707,NA,NA,NA,NA,NA,NA
"KO_vs_Neg","A5SS","Alternative 5' Splice Site","Zdhhc3","ENSMUSG00000025786","chr9","-",0.0030919309007022,-0.361,"0.13,0.0,0.0","0.327,0.394,0.493",NA,NA,NA,NA,NA,NA,122929323,122929657,122929327,122929657,122913278,122913375,NA,NA,NA,NA,NA,NA
"KO_vs_Neg","A5SS","Alternative 5' Splice Site","Atxn2l","ENSMUSG00000032637","chr7","-",1.81984334894266e-05,0.123,"0.378,0.42,0.385","0.241,0.27,0.303",NA,NA,NA,NA,NA,NA,126091929,126092173,126091983,126092173,126091615,126091780,NA,NA,NA,NA,NA,NA
"KO_vs_Neg","A5SS","Alternative 5' Splice Site","Atxn2l","ENSMUSG00000032637","chr7","-",4.28147591932889e-06,0.179,"0.9,0.795,0.872","0.616,0.69,0.723",NA,NA,NA,NA,NA,NA,126091929,126092173,126091983,126092173,126091620,126091657,NA,NA,NA,NA,NA,NA
"KO_vs_Neg","A5SS","Alternative 5' Splice Site","E130307A14Rik","ENSMUSG00000087177","chr10","-",8.96315031774129e-05,0.226,"0.803,0.851,0.921","0.522,0.711,0.665",NA,NA,NA,NA,NA,NA,39516271,39516507,39516375,39516507,39515559,39515762,NA,NA,NA,NA,NA,NA
"KO_vs_Neg","A5SS","Alternative 5' Splice Site","Sfi1","ENSMUSG00000023764","chr11","-",0.00125379828248629,-0.151,"1.0,0.714,0.795","1.0,1.0,0.962",NA,NA,NA,NA,NA,NA,3084625,3085542,3085282,3085542,3083071,3083207,NA,NA,NA,NA,NA,NA
"KO_vs_Neg","A5SS","Alternative 5' Splice Site","Ewsr1","ENSMUSG00000009079","chr11","-",0.000847518280860838,-0.148,"0.611,0.543,0.625","0.769,0.689,0.764",NA,NA,NA,NA,NA,NA,5032252,5032433,5032283,5032433,5028472,5028579,NA,NA,NA,NA,NA,NA
"KO_vs_Neg","A5SS","Alternative 5' Splice Site","Snhg15","ENSMUSG00000085156","chr11","-",4.75789574406007e-10,0.105,"0.256,0.223,0.257","0.156,0.13,0.134",NA,NA,NA,NA,NA,NA,6477996,6478374,6478305,6478374,6476354,6476437,NA,NA,NA,NA,NA,NA
"KO_vs_Neg","A5SS","Alternative 5' Splice Site","Mib2","ENSMUSG00000029060","chr4","-",0.00113748113698895,-0.112,"0.505,0.514,0.552","0.642,0.643,0.621",NA,NA,NA,NA,NA,NA,155743350,155743722,155743579,155743722,155742311,155742416,NA,NA,NA,NA,NA,NA
"KO_vs_Neg","A5SS","Alternative 5' Splice Site","Gm26782","ENSMUSG00000097431","chr14","+",0.0391171056001434,0.156,"0.0,0.272,0.196","0.0,0.0,0.0",NA,NA,NA,NA,NA,NA,51109207,51109287,51109207,51109283,51109929,51110291,NA,NA,NA,NA,NA,NA
"KO_vs_Neg","A5SS","Alternative 5' Splice Site","Inca1","ENSMUSG00000057054","chr11","-",0.000114633873902591,0.209,"1.0,1.0,1.0","0.755,0.75,0.867",NA,NA,NA,NA,NA,NA,70590745,70590981,70590813,70590981,70586689,70586774,NA,NA,NA,NA,NA,NA
"KO_vs_Neg","A5SS","Alternative 5' Splice Site","Inca1","ENSMUSG00000057054","chr11","-",1.81984334894266e-05,0.279,"1.0,1.0,1.0","0.715,0.634,0.813",NA,NA,NA,NA,NA,NA,70590774,70590981,70590813,70590981,70586689,70586774,NA,NA,NA,NA,NA,NA
"KO_vs_Neg","MXE","Mutually Exclusive Exons","Iqsec2","ENSMUSG00000041115","chrX","+",0.0233393320629962,0.112,"0.644,0.651,0.622","0.529,0.542,0.51",NA,NA,150961959,150962086,150991765,150992661,NA,NA,NA,NA,NA,NA,150963992,150964088,150986927,150987329,NA,NA
"KO_vs_Neg","MXE","Mutually Exclusive Exons","Tab3","ENSMUSG00000035476","chrX","+",0.0148928171553623,-0.151,"0.598,0.623,0.601","0.741,0.811,0.724",NA,NA,84652995,84653190,84667947,84668031,NA,NA,NA,NA,NA,NA,84657576,84659035,84665159,84665253,NA,NA
"KO_vs_Neg","MXE","Mutually Exclusive Exons","Mms19","ENSMUSG00000025159","chr19","-",0.00265880675501655,0.108,"0.274,0.055,0.115","0.057,0.009,0.055",NA,NA,41946296,41946383,41951839,41951909,NA,NA,NA,NA,NA,NA,41951238,41951300,41951388,41951473,NA,NA
"KO_vs_Neg","MXE","Mutually Exclusive Exons","Sgms1","ENSMUSG00000040451","chr19","-",0.00265880675501655,0.149,"0.404,0.224,0.271","0.205,0.117,0.131",NA,NA,32106940,32107094,32188227,32188413,NA,NA,NA,NA,NA,NA,32120145,32120263,32136923,32137763,NA,NA
"KO_vs_Neg","MXE","Mutually Exclusive Exons","Stx3","ENSMUSG00000041488","chr19","-",0.000159029713094327,0.3,"0.265,0.356,0.28","0.0,0.0,0.0",NA,NA,11754848,11756537,11762753,11762888,NA,NA,NA,NA,NA,NA,11758930,11759044,11760389,11760500,NA,NA
"KO_vs_Neg","MXE","Mutually Exclusive Exons","Sil1","ENSMUSG00000024357","chr18","-",0.00355547428265684,0.188,"0.78,0.664,0.69","0.58,0.502,0.488",NA,NA,35571362,35571433,35631843,35631930,NA,NA,NA,NA,NA,NA,35625911,35626019,35626197,35626286,NA,NA
"KO_vs_Neg","MXE","Mutually Exclusive Exons","Thada","ENSMUSG00000024251","chr17","-",0.0233393320629962,-0.146,"0.47,0.551,0.52","0.662,0.635,0.683",NA,NA,84538218,84538592,84617314,84617483,NA,NA,NA,NA,NA,NA,84559761,84559856,84580133,84580252,NA,NA
"KO_vs_Neg","MXE","Mutually Exclusive Exons","Dnase1l1","ENSMUSG00000019088","chrX","-",0.0169669651382797,-0.152,"0.585,0.582,0.526","0.784,0.703,0.662",NA,NA,73317973,73318074,73320644,73320948,NA,NA,NA,NA,NA,NA,73320084,73320162,73320251,73320340,NA,NA
"KO_vs_Neg","MXE","Mutually Exclusive Exons","Srsf3","ENSMUSG00000071172","chr17","+",0,-0.131,"0.079,0.063,0.064","0.155,0.282,0.162",NA,NA,29257463,29257598,29260180,29260267,NA,NA,NA,NA,NA,NA,29258427,29258883,29259748,29259787,NA,NA
"KO_vs_Neg","MXE","Mutually Exclusive Exons","Mapk8ip3","ENSMUSG00000024163","chr17","-",0,0.304,"0.715,0.686,0.71","0.427,0.358,0.414",NA,NA,25126302,25126360,25131721,25131840,NA,NA,NA,NA,NA,NA,25127384,25127402,25128123,25128135,NA,NA
"KO_vs_Neg","MXE","Mutually Exclusive Exons","Flywch1","ENSMUSG00000040097","chr17","-",0.000310476324461105,-0.106,"0.506,0.556,0.517","0.61,0.653,0.633",NA,NA,23979580,23980090,23990388,23990496,NA,NA,NA,NA,NA,NA,23981139,23981568,23981949,23982292,NA,NA
"KO_vs_Neg","MXE","Mutually Exclusive Exons","Tmem138","ENSMUSG00000024666","chr19","-",0.0154757996979412,-0.104,"0.745,0.809,0.666","0.818,0.836,0.877",NA,NA,10547841,10548632,10552603,10552875,NA,NA,NA,NA,NA,NA,10548892,10548968,10552200,10552372,NA,NA
"KO_vs_Neg","MXE","Mutually Exclusive Exons","Map3k4","ENSMUSG00000014426","chr17","-",0.000189587072420583,0.127,"0.849,0.784,0.803","0.643,0.698,0.715",NA,NA,12461536,12461692,12466939,12467018,NA,NA,NA,NA,NA,NA,12462386,12462483,12466189,12466256,NA,NA
"KO_vs_Neg","MXE","Mutually Exclusive Exons","Zbtb20","ENSMUSG00000022708","chr16","+",0.000803551212459827,0.297,"0.358,0.573,0.199","0.171,0.067,0.0",NA,NA,42967259,42967306,43283309,43283538,NA,NA,NA,NA,NA,NA,43053121,43053183,43122931,43122978,NA,NA
"KO_vs_Neg","MXE","Mutually Exclusive Exons","Eif4g1","ENSMUSG00000045983","chr16","+",0,0.205,"0.576,0.607,0.589","0.365,0.376,0.415",NA,NA,20492617,20492711,20494093,20494270,NA,NA,NA,NA,NA,NA,20492917,20493064,20493535,20493556,NA,NA
"KO_vs_Neg","MXE","Mutually Exclusive Exons","Thoc2","ENSMUSG00000037475","chrX","-",0.0254493496074938,-0.131,"0.483,0.509,0.387","0.631,0.569,0.571",NA,NA,40952905,40953072,40968762,40968814,NA,NA,NA,NA,NA,NA,40961166,40961300,40962758,40962829,NA,NA
"KO_vs_Neg","MXE","Mutually Exclusive Exons","Thoc2","ENSMUSG00000037475","chrX","-",0.0052784618583745,-0.142,"0.356,0.41,0.295","0.521,0.439,0.526",NA,NA,40961166,40961300,40968762,40968814,NA,NA,NA,NA,NA,NA,40961441,40961556,40962758,40962829,NA,NA
"KO_vs_Neg","MXE","Mutually Exclusive Exons","Thoc2","ENSMUSG00000037475","chrX","-",0.00419441665374005,-0.137,"0.362,0.407,0.299","0.516,0.442,0.52",NA,NA,40961166,40961300,40968762,40968814,NA,NA,NA,NA,NA,NA,40961441,40961563,40962758,40962829,NA,NA
"KO_vs_Neg","MXE","Mutually Exclusive Exons","Pvt1","ENSMUSG00000097039","chr15","+",0.000364363996402945,-0.151,"0.535,0.475,0.5","0.601,0.681,0.68",NA,NA,62047315,62047397,62114022,62114146,NA,NA,NA,NA,NA,NA,62047612,62047775,62094585,62094752,NA,NA
"KO_vs_Neg","MXE","Mutually Exclusive Exons","Pvt1","ENSMUSG00000097039","chr15","+",0.0199587181501056,-0.135,"0.499,0.418,0.478","0.543,0.595,0.663",NA,NA,62047315,62047397,62114022,62114150,NA,NA,NA,NA,NA,NA,62047673,62047775,62094585,62094752,NA,NA
"KO_vs_Neg","MXE","Mutually Exclusive Exons","Kctd9","ENSMUSG00000034327","chr14","+",0.000331564968959674,-0.102,"0.864,0.842,0.766","0.932,0.959,0.888",NA,NA,67967053,67967182,67975054,67975160,NA,NA,NA,NA,NA,NA,67970609,67970677,67970795,67970891,NA,NA
"KO_vs_Neg","MXE","Mutually Exclusive Exons","Cab39l","ENSMUSG00000021981","chr14","+",0.000154754003858721,-0.257,"0.043,0.021,0.037","0.347,0.313,0.211",NA,NA,59699083,59699151,59734251,59734393,NA,NA,NA,NA,NA,NA,59715480,59715522,59716492,59716633,NA,NA
"KO_vs_Neg","MXE","Mutually Exclusive Exons","Kat6b","ENSMUSG00000021767","chr14","+",0.0163543317886843,0.155,"0.948,0.896,0.886","0.658,0.794,0.813",NA,NA,21669285,21669367,21676786,21676908,NA,NA,NA,NA,NA,NA,21672022,21672155,21674900,21674956,NA,NA
"KO_vs_Neg","MXE","Mutually Exclusive Exons","Tcf7l2","ENSMUSG00000024985","chr19","+",0.00199092505069355,0.125,"0.192,0.165,0.172","0.037,0.117,0.0",NA,NA,55914408,55914481,55919865,55921661,NA,NA,NA,NA,NA,NA,55915113,55915188,55916161,55916186,NA,NA
"KO_vs_Neg","MXE","Mutually Exclusive Exons","Tmem161b","ENSMUSG00000035762","chr13","+",0.00623859393913881,-0.18,"0.559,0.445,0.571","0.713,0.732,0.67",NA,NA,84430829,84430981,84434803,84434917,NA,NA,NA,NA,NA,NA,84431422,84431483,84432103,84432304,NA,NA
"KO_vs_Neg","MXE","Mutually Exclusive Exons","Dtnb","ENSMUSG00000071454","chr12","+",1.3889613903465e-11,-0.186,"0.464,0.452,0.488","0.632,0.657,0.672",NA,NA,3646648,3646862,3693916,3694022,NA,NA,NA,NA,NA,NA,3667605,3667691,3682809,3682964,NA,NA
"KO_vs_Neg","MXE","Mutually Exclusive Exons","Dtnb","ENSMUSG00000071454","chr12","+",0.00126414549071826,-0.122,"0.412,0.506,0.468","0.576,0.559,0.616",NA,NA,3667605,3667691,3698222,3698389,NA,NA,NA,NA,NA,NA,3682809,3682964,3693916,3694022,NA,NA
"KO_vs_Neg","MXE","Mutually Exclusive Exons","Asxl2","ENSMUSG00000037486","chr12","+",0.000440310936167851,0.179,"0.621,0.626,0.651","0.507,0.492,0.363",NA,NA,3501661,3501770,3524489,3524613,NA,NA,NA,NA,NA,NA,3507061,3507209,3519477,3519593,NA,NA
"KO_vs_Neg","MXE","Mutually Exclusive Exons","Afmid","ENSMUSG00000017718","chr11","+",0.0350637129338797,-0.135,"0.646,0.526,0.605","0.726,0.737,0.718",NA,NA,117725771,117725844,117726491,117726633,NA,NA,NA,NA,NA,NA,117725970,117726068,117726328,117726407,NA,NA
"KO_vs_Neg","MXE","Mutually Exclusive Exons","Gm11639","ENSMUSG00000040838","chr11","+",0.00355547428265684,0.446,"0.693,0.63,0.47","0.455,0.0,0.0",NA,NA,104927540,104927645,104931759,104931813,NA,NA,NA,NA,NA,NA,104928664,104928718,104929138,104929243,NA,NA
"KO_vs_Neg","MXE","Mutually Exclusive Exons","Mapt","ENSMUSG00000018411","chr11","+",8.40962820591317e-05,-0.117,"0.56,0.585,0.526","0.694,0.671,0.657",NA,NA,104180733,104180820,104193186,104193236,NA,NA,NA,NA,NA,NA,104185684,104185750,104189323,104190082,NA,NA
"KO_vs_Neg","MXE","Mutually Exclusive Exons","Mapt","ENSMUSG00000018411","chr11","+",8.50701582393847e-05,-0.117,"0.559,0.587,0.526","0.693,0.671,0.658",NA,NA,104180733,104180820,104193186,104193236,NA,NA,NA,NA,NA,NA,104185684,104185750,104189371,104190082,NA,NA
"KO_vs_Neg","MXE","Mutually Exclusive Exons","Hdac5","ENSMUSG00000008855","chr11","-",5.34092347866344e-08,-0.464,"0.064,0.165,0.0","0.493,0.681,0.446",NA,NA,102097732,102097992,102115559,102115781,NA,NA,NA,NA,NA,NA,102104750,102104862,102112593,102112677,NA,NA
"KO_vs_Neg","MXE","Mutually Exclusive Exons","Cacnb1","ENSMUSG00000020882","chr11","-",0.0296210733312884,0.173,"0.571,0.496,0.503","0.38,0.417,0.254",NA,NA,97900683,97900742,97902691,97902768,NA,NA,NA,NA,NA,NA,97901452,97901472,97902168,97902323,NA,NA
"KO_vs_Neg","MXE","Mutually Exclusive Exons","Gpr179","ENSMUSG00000070337","chr11","-",0.0308153176104962,0.21,"1.0,1.0,0.801","0.795,0.601,0.775",NA,NA,97234063,97234202,97236533,97236602,NA,NA,NA,NA,NA,NA,97234434,97234673,97234922,97235032,NA,NA
"KO_vs_Neg","MXE","Mutually Exclusive Exons","Chchd3","ENSMUSG00000053768","chr6","-",4.39742977424481e-06,0.184,"0.34,0.165,0.262","0.1,0.016,0.1",NA,NA,32869226,32869310,32985417,32985499,NA,NA,NA,NA,NA,NA,32870326,32870341,32945135,32945201,NA,NA
"KO_vs_Neg","MXE","Mutually Exclusive Exons","Mms22l","ENSMUSG00000045751","chr4","+",0.0065651299991838,-0.14,"0.573,0.646,0.705","0.783,0.844,0.717",NA,NA,24497837,24497963,24505344,24505435,NA,NA,NA,NA,NA,NA,24500036,24500086,24502931,24503112,NA,NA
"KO_vs_Neg","MXE","Mutually Exclusive Exons","Rapgef1","ENSMUSG00000039844","chr2","+",0.0123255236713686,0.207,"0.753,0.791,0.598","0.449,0.5,0.572",NA,NA,29597209,29597412,29610654,29610750,NA,NA,NA,NA,NA,NA,29600164,29600320,29609604,29609862,NA,NA
"KO_vs_Neg","MXE","Mutually Exclusive Exons","Rapgef1","ENSMUSG00000039844","chr2","+",6.45217315501974e-08,0.2,"0.709,0.694,0.689","0.52,0.492,0.479",NA,NA,29597209,29597412,29612235,29612321,NA,NA,NA,NA,NA,NA,29600167,29600320,29609604,29609862,NA,NA
"KO_vs_Neg","MXE","Mutually Exclusive Exons","Rapgef1","ENSMUSG00000039844","chr2","+",0.00204265498061665,-0.105,"0.831,0.837,0.841","0.952,0.931,0.942",NA,NA,29600164,29600320,29612235,29612321,NA,NA,NA,NA,NA,NA,29609604,29609862,29610654,29610750,NA,NA
"KO_vs_Neg","MXE","Mutually Exclusive Exons","Rtn4","ENSMUSG00000020458","chr11","+",4.47928938826588e-06,0.213,"0.723,0.67,0.667","0.386,0.553,0.482",NA,NA,29655534,29655591,29691694,29691753,NA,NA,NA,NA,NA,NA,29656409,29658770,29683632,29683840,NA,NA
"KO_vs_Neg","MXE","Mutually Exclusive Exons","9930021J03Rik","ENSMUSG00000046138","chr19","-",0.03803235511593,0.138,"0.88,0.907,0.902","0.682,0.767,0.826",NA,NA,29707231,29707359,29730999,29731062,NA,NA,NA,NA,NA,NA,29712515,29712605,29720932,29721012,NA,NA
"KO_vs_Neg","MXE","Mutually Exclusive Exons","Rsbn1l","ENSMUSG00000039968","chr5","-",0.0140873889082969,-0.136,"0.56,0.509,0.499","0.723,0.632,0.622",NA,NA,21113104,21113242,21156254,21156820,NA,NA,NA,NA,NA,NA,21124522,21125160,21132617,21132728,NA,NA
"KO_vs_Neg","MXE","Mutually Exclusive Exons","9430015G10Rik","ENSMUSG00000059939","chr4","+",0.0329953452346199,0.134,"0.409,0.482,0.416","0.296,0.325,0.285",NA,NA,156207991,156208126,156209873,156210676,NA,NA,NA,NA,NA,NA,156208432,156208458,156208548,156208579,NA,NA
"KO_vs_Neg","MXE","Mutually Exclusive Exons","Tbc1d10c","ENSMUSG00000040247","chr19","-",0.0158764763320272,-0.602,"0.104,0.274,0.0","0.257,0.926,1.0",NA,NA,4235350,4235505,4238942,4239053,NA,NA,NA,NA,NA,NA,4237940,4238130,4238244,4238310,NA,NA
"KO_vs_Neg","MXE","Mutually Exclusive Exons","Prdm2","ENSMUSG00000057637","chr4","-",0.0110392877863051,-0.142,"0.379,0.432,0.372","0.585,0.567,0.456",NA,NA,142838203,142838347,142896605,142896758,NA,NA,NA,NA,NA,NA,142858279,142862669,142888625,142888752,NA,NA
"KO_vs_Neg","MXE","Mutually Exclusive Exons","Obscn","ENSMUSG00000061462","chr11","-",0.0201145723878652,0.298,"0.667,1.0,0.857","0.833,0.368,0.429",NA,NA,58951669,58951933,58953472,58953736,NA,NA,NA,NA,NA,NA,58952249,58952513,58952856,58953120,NA,NA
"KO_vs_Neg","MXE","Mutually Exclusive Exons","Eya3","ENSMUSG00000028886","chr4","+",1.14563497577359e-11,-0.243,"0.048,0.035,0.013","0.2,0.33,0.294",NA,NA,132384003,132384099,132417015,132417101,NA,NA,NA,NA,NA,NA,132384888,132384927,132389205,132389249,NA,NA
"KO_vs_Neg","MXE","Mutually Exclusive Exons","Tmem234","ENSMUSG00000028797","chr4","+",6.61882621726779e-08,0.118,"0.28,0.277,0.28","0.16,0.136,0.188",NA,NA,129494775,129494927,129500879,129500972,NA,NA,NA,NA,NA,NA,129495199,129495418,129496014,129496054,NA,NA
"KO_vs_Neg","MXE","Mutually Exclusive Exons","Pdlim5","ENSMUSG00000028273","chr3","-",0.0190958861676143,0.164,"0.963,0.913,0.776","0.718,0.731,0.71",NA,NA,142010057,142010230,142017883,142017975,NA,NA,NA,NA,NA,NA,142010465,142010483,142012044,142012059,NA,NA
"KO_vs_Neg","MXE","Mutually Exclusive Exons","Sorbs1","ENSMUSG00000025006","chr19","-",0.000687754635727473,-0.12,"0.053,0.0,0.03","0.103,0.117,0.222",NA,NA,40325429,40325479,40338342,40338457,NA,NA,NA,NA,NA,NA,40328488,40328590,40329128,40329194,NA,NA
"KO_vs_Neg","MXE","Mutually Exclusive Exons","Sorbs1","ENSMUSG00000025006","chr19","-",1.01440502113898e-06,0.199,"0.957,1.0,0.985","0.9,0.735,0.711",NA,NA,40325429,40325479,40338342,40338457,NA,NA,NA,NA,NA,NA,40329128,40329194,40332799,40332883,NA,NA
"KO_vs_Neg","MXE","Mutually Exclusive Exons","Sorbs1","ENSMUSG00000025006","chr19","-",0.00272740541855131,0.329,"0.572,0.742,0.747","0.37,0.498,0.206",NA,NA,40328488,40328590,40338342,40338457,NA,NA,NA,NA,NA,NA,40329128,40329194,40332799,40332883,NA,NA
"KO_vs_Neg","MXE","Mutually Exclusive Exons","Mast2","ENSMUSG00000003810","chr4","-",2.15377531365018e-08,-0.105,"0.825,0.794,0.776","0.932,0.881,0.897",NA,NA,116187587,116187666,116248799,116248828,NA,NA,NA,NA,NA,NA,116194618,116194694,116210169,116210261,NA,NA
"KO_vs_Neg","MXE","Mutually Exclusive Exons","Srgap3","ENSMUSG00000030257","chr6","-",0.000229803688769185,0.131,"0.823,0.844,0.851","0.718,0.752,0.654",NA,NA,112726322,112726383,112736709,112736737,NA,NA,NA,NA,NA,NA,112727341,112727372,112731531,112731634,NA,NA
"KO_vs_Neg","MXE","Mutually Exclusive Exons","Slc38a10","ENSMUSG00000061306","chr11","-",2.98231772826242e-07,0.118,"0.807,0.829,0.816","0.688,0.697,0.712",NA,NA,119997259,119997436,120000891,120001362,NA,NA,NA,NA,NA,NA,119999292,119999316,120000257,120000362,NA,NA
"KO_vs_Neg","MXE","Mutually Exclusive Exons","Scml4","ENSMUSG00000044770","chr10","+",1.50027008594115e-09,0.243,"0.411,0.35,0.347","0.155,0.115,0.108",NA,NA,42806399,42806600,42831884,42832030,NA,NA,NA,NA,NA,NA,42810948,42811143,42822864,42823137,NA,NA
"KO_vs_Neg","MXE","Mutually Exclusive Exons","Adam22","ENSMUSG00000040537","chr5","-",0.000739388983648548,0.635,"1.0,0.726,0.431","0.252,0.0,0.0",NA,NA,8132142,8132269,8161894,8161985,NA,NA,NA,NA,NA,NA,8136593,8136623,8137981,8138068,NA,NA
"KO_vs_Neg","MXE","Mutually Exclusive Exons","Ceacam20","ENSMUSG00000070777","chr7","+",4.42789816771023e-05,-0.337,"0.508,0.735,0.745","1.0,1.0,1.0",NA,NA,19705428,19705710,19711713,19711831,NA,NA,NA,NA,NA,NA,19708096,19708375,19709956,19710235,NA,NA
"KO_vs_Neg","MXE","Mutually Exclusive Exons","Med15","ENSMUSG00000012114","chr16","-",6.21061955516541e-05,0.13,"0.54,0.587,0.509","0.406,0.408,0.432",NA,NA,17492268,17492522,17503316,17503368,NA,NA,NA,NA,NA,NA,17498412,17498625,17501022,17501052,NA,NA
"KO_vs_Neg","MXE","Mutually Exclusive Exons","Auts2","ENSMUSG00000029673","chr5","-",0.00718571396045026,-0.121,"0.139,0.176,0.178","0.323,0.279,0.254",NA,NA,131490119,131490191,131501075,131501317,NA,NA,NA,NA,NA,NA,131494869,131494965,131499251,131499296,NA,NA
"KO_vs_Neg","MXE","Mutually Exclusive Exons","Fat1","ENSMUSG00000070047","chr8","+",0.046858669559925,0.264,"0.746,0.965,0.592","0.429,0.649,0.434",NA,NA,45498067,45498205,45502878,45502914,NA,NA,NA,NA,NA,NA,45498769,45498822,45500686,45500746,NA,NA
"KO_vs_Neg","MXE","Mutually Exclusive Exons","Fat1","ENSMUSG00000070047","chr8","+",2.15377531365018e-08,-0.409,"0.094,0.059,0.047","0.608,0.395,0.425",NA,NA,45498769,45498822,45503817,45503955,NA,NA,NA,NA,NA,NA,45500686,45500746,45502878,45502914,NA,NA
"KO_vs_Neg","MXE","Mutually Exclusive Exons","Zmynd8","ENSMUSG00000039671","chr2","-",1.01582323802601e-09,0.139,"0.382,0.362,0.384","0.223,0.228,0.259",NA,NA,165684683,165684797,165717624,165717695,NA,NA,NA,NA,NA,NA,165687940,165688084,165693919,165694068,NA,NA
"KO_vs_Neg","MXE","Mutually Exclusive Exons","Nsmf","ENSMUSG00000006476","chr2","+",0.00302517456103578,-0.141,"0.421,0.428,0.426","0.502,0.614,0.583",NA,NA,24947112,24947188,24949032,24949085,NA,NA,NA,NA,NA,NA,24947976,24947982,24948264,24948333,NA,NA
"KO_vs_Neg","MXE","Mutually Exclusive Exons","Celf4","ENSMUSG00000024268","chr18","-",0.0474735733600165,-0.106,"0.637,0.71,0.681","0.827,0.828,0.692",NA,NA,25619850,25620022,25630521,25630587,NA,NA,NA,NA,NA,NA,25624197,25624281,25629278,25629359,NA,NA
"KO_vs_Neg","MXE","Mutually Exclusive Exons","Ubr4","ENSMUSG00000066036","chr4","+",2.25472971197963e-08,-0.151,"0.192,0.175,0.194","0.388,0.298,0.327",NA,NA,139158855,139159072,139161304,139161439,NA,NA,NA,NA,NA,NA,139159792,139159825,139160930,139160994,NA,NA
"KO_vs_Neg","MXE","Mutually Exclusive Exons","Snap25","ENSMUSG00000027273","chr2","+",6.4542815536865e-14,0.136,"0.831,0.847,0.823","0.69,0.727,0.675",NA,NA,136605492,136605541,136615814,136615940,NA,NA,NA,NA,NA,NA,136611662,136611780,136611976,136612094,NA,NA
"KO_vs_Neg","MXE","Mutually Exclusive Exons","Snap25","ENSMUSG00000027273","chr2","+",0,0.16,"0.829,0.842,0.81","0.679,0.686,0.636",NA,NA,136605492,136605541,136619255,136619400,NA,NA,NA,NA,NA,NA,136611662,136611780,136611976,136612094,NA,NA
"KO_vs_Neg","MXE","Mutually Exclusive Exons","Snap25","ENSMUSG00000027273","chr2","+",3.68816088780425e-13,-0.113,"0.118,0.108,0.121","0.234,0.218,0.234",NA,NA,136605492,136605541,136619255,136619400,NA,NA,NA,NA,NA,NA,136611976,136612094,136615814,136615940,NA,NA
"KO_vs_Neg","MXE","Mutually Exclusive Exons","Adrm1","ENSMUSG00000039041","chr2","+",0.000162881537562451,-0.105,"0.567,0.526,0.528","0.632,0.644,0.66",NA,NA,179813826,179814040,179816101,179816188,NA,NA,NA,NA,NA,NA,179814648,179814765,179815702,179815826,NA,NA
"KO_vs_Neg","MXE","Mutually Exclusive Exons","Mcts1","ENSMUSG00000000355","chrX","+",5.34424703613469e-09,0.144,"0.277,0.3,0.337","0.214,0.127,0.142",NA,NA,37690175,37690274,37694815,37695229,NA,NA,NA,NA,NA,NA,37690805,37690958,37691452,37691550,NA,NA
"KO_vs_Neg","MXE","Mutually Exclusive Exons","Zbtb38","ENSMUSG00000040433","chr9","-",0.0296210733312884,-0.103,"0.292,0.293,0.277","0.358,0.361,0.451",NA,NA,96564822,96571082,96614300,96614366,NA,NA,NA,NA,NA,NA,96600262,96600362,96613344,96613795,NA,NA
"KO_vs_Neg","MXE","Mutually Exclusive Exons","Creb1","ENSMUSG00000025958","chr1","+",0.01280066789854,-0.201,"0.774,0.733,0.525","0.783,0.938,0.913",NA,NA,64597661,64597808,64605375,64605476,NA,NA,NA,NA,NA,NA,64598885,64598927,64600911,64601024,NA,NA
"KO_vs_Neg","MXE","Mutually Exclusive Exons","Sh3glb1","ENSMUSG00000037062","chr3","-",0,0.197,"0.369,0.335,0.394","0.181,0.168,0.158",NA,NA,144397660,144397889,144411273,144411366,NA,NA,NA,NA,NA,NA,144402614,144402715,144403138,144403228,NA,NA
"KO_vs_Neg","MXE","Mutually Exclusive Exons","Cyrib","ENSMUSG00000022378","chr15","-",0.000334065320268122,0.181,"0.886,0.933,0.942","0.734,0.745,0.739",NA,NA,63821854,63821976,63932043,63932179,NA,NA,NA,NA,NA,NA,63829433,63829516,63894418,63894469,NA,NA
"KO_vs_Neg","MXE","Mutually Exclusive Exons","Cyrib","ENSMUSG00000022378","chr15","-",0.000940846751742043,0.157,"0.565,0.584,0.54","0.386,0.439,0.393",NA,NA,63828448,63828531,63932043,63932269,NA,NA,NA,NA,NA,NA,63829433,63829516,63894418,63894469,NA,NA
"KO_vs_Neg","MXE","Mutually Exclusive Exons","Epb41l3","ENSMUSG00000024044","chr17","+",0.000840217016336983,-0.132,"0.385,0.369,0.364","0.539,0.471,0.504",NA,NA,69577605,69577659,69588027,69588102,NA,NA,NA,NA,NA,NA,69580876,69580912,69581698,69581890,NA,NA
"KO_vs_Neg","MXE","Mutually Exclusive Exons","Epb41l3","ENSMUSG00000024044","chr17","+",0.00497083539816026,0.103,"0.559,0.523,0.576","0.434,0.463,0.451",NA,NA,69577605,69577659,69591533,69591911,NA,NA,NA,NA,NA,NA,69581698,69581890,69590879,69591002,NA,NA
"KO_vs_Neg","MXE","Mutually Exclusive Exons","Ggta1","ENSMUSG00000035778","chr2","-",0.0200662960931975,0.125,"1.0,1.0,0.892","0.973,0.74,0.804",NA,NA,35303337,35303439,35313243,35313424,NA,NA,NA,NA,NA,NA,35306483,35306519,35312191,35312280,NA,NA
"KO_vs_Neg","MXE","Mutually Exclusive Exons","Clta","ENSMUSG00000028478","chr4","+",2.35902545932292e-06,-0.12,"0.618,0.569,0.572","0.726,0.727,0.667",NA,NA,44025448,44025560,44032400,44032846,NA,NA,NA,NA,NA,NA,44030214,44030268,44031399,44031435,NA,NA
"KO_vs_Neg","MXE","Mutually Exclusive Exons","Shank1","ENSMUSG00000038738","chr7","+",0.00880544132924761,-0.292,"0.201,0.136,0.0","0.191,0.306,0.716",NA,NA,43993081,43993162,43994322,43994441,NA,NA,NA,NA,NA,NA,43993721,43993745,43993929,43993998,NA,NA
"KO_vs_Neg","MXE","Mutually Exclusive Exons","Gas5","ENSMUSG00000053332","chr1","+",0.0281396281045892,-0.116,"0.847,0.732,0.63","0.873,0.878,0.807",NA,NA,160863552,160863584,160864389,160864422,NA,NA,NA,NA,NA,NA,160863777,160863814,160864118,160864149,NA,NA
"KO_vs_Neg","MXE","Mutually Exclusive Exons","4930578M01Rik","ENSMUSG00000097587","chr15","+",0.00583417674983948,0.413,"0.667,0.0,0.572","0.0,0.0,0.0",NA,NA,98883774,98883967,98886620,98887162,NA,NA,NA,NA,NA,NA,98885637,98885711,98885857,98886026,NA,NA
"KO_vs_Neg","MXE","Mutually Exclusive Exons","Ube2w","ENSMUSG00000025939","chr1","-",0.015329576385666,-0.216,"0.624,0.566,0.796","0.88,0.89,0.865",NA,NA,16614172,16614256,16668174,16668277,NA,NA,NA,NA,NA,NA,16652150,16652226,16655499,16655576,NA,NA
"KO_vs_Neg","MXE","Mutually Exclusive Exons","Synj1","ENSMUSG00000022973","chr16","-",0.0218654308356037,0.125,"0.156,0.18,0.247","0.128,0.016,0.065",NA,NA,90743679,90743750,90746586,90746625,NA,NA,NA,NA,NA,NA,90743902,90743941,90744953,90745001,NA,NA
"KO_vs_Neg","MXE","Mutually Exclusive Exons","Pomt1","ENSMUSG00000039254","chr2","+",0.0200600043256885,-0.118,"0.481,0.509,0.553","0.619,0.629,0.649",NA,NA,32133630,32133724,32136026,32136122,NA,NA,NA,NA,NA,NA,32134245,32134401,32135558,32135689,NA,NA
"KO_vs_Neg","MXE","Mutually Exclusive Exons","Meaf6","ENSMUSG00000028863","chr4","+",0.00767690725125582,-0.12,"0.376,0.403,0.478","0.558,0.566,0.493",NA,NA,124996631,124996824,125002115,125002149,NA,NA,NA,NA,NA,NA,125001309,125001339,125001444,125001502,NA,NA
"KO_vs_Neg","MXE","Mutually Exclusive Exons","Ppp4r1l-ps","ENSMUSG00000121504","chr2","-",0.0269450864345434,0.539,"1.0,0.236,1.0","0.0,0.236,0.382",NA,NA,173441382,173441480,173450525,173450672,NA,NA,NA,NA,NA,NA,173442558,173442835,173446298,173446390,NA,NA
"KO_vs_Neg","MXE","Mutually Exclusive Exons","Ppp4r1l-ps","ENSMUSG00000121504","chr2","-",0.0100846650683465,-0.498,"0.0,0.764,0.548","1.0,0.955,0.85",NA,NA,173441382,173441480,173450525,173450672,NA,NA,NA,NA,NA,NA,173446298,173446390,173448934,173449122,NA,NA
"KO_vs_Neg","MXE","Mutually Exclusive Exons","Ppp4r1l-ps","ENSMUSG00000121504","chr2","-",0.00514771365261182,0.338,"0.752,0.805,1.0","0.465,0.394,0.685",NA,NA,173457275,173457369,173501115,173501160,NA,NA,NA,NA,NA,NA,173458147,173458216,173487249,173487351,NA,NA
"KO_vs_Neg","MXE","Mutually Exclusive Exons","Ppp4r1l-ps","ENSMUSG00000121504","chr2","-",8.40962820591317e-05,0.221,"1.0,1.0,0.968","0.573,0.963,0.77",NA,NA,173487249,173487351,173501305,173501338,NA,NA,NA,NA,NA,NA,173490962,173491160,173501115,173501160,NA,NA
"KO_vs_Neg","MXE","Mutually Exclusive Exons","R3hdm1","ENSMUSG00000056211","chr1","+",0.0408158174558942,0.117,"0.521,0.404,0.537","0.385,0.316,0.41",NA,NA,128080925,128081136,128102828,128102969,NA,NA,NA,NA,NA,NA,128095629,128095744,128102685,128102745,NA,NA
"KO_vs_Neg","MXE","Mutually Exclusive Exons","Ankrd29","ENSMUSG00000057766","chr18","-",0.0489338049453689,-0.334,"0.182,0.1,0.091","0.615,0.571,0.188",NA,NA,12401506,12401605,12428935,12429048,NA,NA,NA,NA,NA,NA,12408762,12408861,12415359,12415458,NA,NA
"KO_vs_Neg","MXE","Mutually Exclusive Exons","Syt14","ENSMUSG00000016200","chr1","-",2.68796106811089e-06,-0.168,"0.81,0.762,0.828","0.95,0.965,0.988",NA,NA,192584059,192584249,192717930,192717970,NA,NA,NA,NA,NA,NA,192669025,192669190,192709277,192709325,NA,NA
"KO_vs_Neg","MXE","Mutually Exclusive Exons","Ccdc170","ENSMUSG00000019767","chr10","+",0.0201723424516141,0.648,"1.0,1.0,0.421","0.0,0.333,0.143",NA,NA,4470754,4470940,4496765,4496939,NA,NA,NA,NA,NA,NA,4483958,4484276,4491681,4491882,NA,NA
"KO_vs_Neg","MXE","Mutually Exclusive Exons","Dab2ip","ENSMUSG00000026883","chr2","+",0.00187495039342036,-0.107,"0.105,0.087,0.075","0.183,0.19,0.215",NA,NA,35512048,35512295,35597659,35597813,NA,NA,NA,NA,NA,NA,35533899,35534003,35551503,35551637,NA,NA
"KO_vs_Neg","MXE","Mutually Exclusive Exons","Dab2ip","ENSMUSG00000026883","chr2","+",7.969634614094e-12,-0.199,"0.113,0.089,0.097","0.298,0.324,0.275",NA,NA,35533899,35534003,35598825,35598924,NA,NA,NA,NA,NA,NA,35551503,35551637,35597659,35597813,NA,NA
"KO_vs_Neg","MXE","Mutually Exclusive Exons","Dennd1a","ENSMUSG00000035392","chr2","-",0.0451466653245366,0.114,"0.743,0.868,0.799","0.693,0.683,0.692",NA,NA,37851652,37851754,37911367,37911478,NA,NA,NA,NA,NA,NA,37873071,37873117,37893385,37893486,NA,NA
"KO_vs_Neg","MXE","Mutually Exclusive Exons","Dennd1a","ENSMUSG00000035392","chr2","-",3.7552183584916e-12,0.353,"0.729,0.863,0.763","0.436,0.471,0.389",NA,NA,37851652,37851754,38133413,38133484,NA,NA,NA,NA,NA,NA,37873071,37873117,38049818,38049862,NA,NA
"KO_vs_Neg","MXE","Mutually Exclusive Exons","Col11a2","ENSMUSG00000024330","chr17","+",0.00367608645566349,0.19,"1.0,1.0,1.0","0.933,0.583,0.915",NA,NA,34263792,34263984,34266071,34266251,NA,NA,NA,NA,NA,NA,34264744,34264822,34265413,34265476,NA,NA
"KO_vs_Neg","MXE","Mutually Exclusive Exons","Ncoa6","ENSMUSG00000038369","chr2","-",0.0127128108840455,-0.122,"0.635,0.592,0.596","0.759,0.711,0.718",NA,NA,155237639,155237791,155247394,155250370,NA,NA,NA,NA,NA,NA,155241574,155241611,155244591,155244660,NA,NA
"KO_vs_Neg","MXE","Mutually Exclusive Exons","Metap1d","ENSMUSG00000041921","chr2","+",0.008032062454359,0.13,"0.64,0.749,0.678","0.591,0.536,0.55",NA,NA,71342469,71342512,71354145,71354193,NA,NA,NA,NA,NA,NA,71345980,71346144,71352876,71352974,NA,NA
"KO_vs_Neg","MXE","Mutually Exclusive Exons","Ap1ar","ENSMUSG00000074238","chr3","-",0.000451014239333034,-0.125,"0.404,0.425,0.408","0.551,0.516,0.546",NA,NA,127606888,127606944,127616232,127616259,NA,NA,NA,NA,NA,NA,127610558,127610655,127614408,127614434,NA,NA
"KO_vs_Neg","MXE","Mutually Exclusive Exons","Madd","ENSMUSG00000040687","chr2","-",0.00204904438271352,0.16,"0.464,0.398,0.431","0.196,0.321,0.295",NA,NA,90988329,90988488,90992372,90992579,NA,NA,NA,NA,NA,NA,90988749,90988833,90989549,90989650,NA,NA
"KO_vs_Neg","MXE","Mutually Exclusive Exons","Madd","ENSMUSG00000040687","chr2","-",0.0154757996979412,0.185,"0.68,0.542,0.594","0.353,0.409,0.499",NA,NA,90988329,90988488,90992372,90992579,NA,NA,NA,NA,NA,NA,90988761,90988833,90989549,90989650,NA,NA
"KO_vs_Neg","MXE","Mutually Exclusive Exons","Madd","ENSMUSG00000040687","chr2","-",4.74966320923094e-05,-0.122,"0.224,0.252,0.241","0.351,0.346,0.385",NA,NA,90988749,90988833,90992372,90992579,NA,NA,NA,NA,NA,NA,90989549,90989650,90990661,90990715,NA,NA
"KO_vs_Neg","MXE","Mutually Exclusive Exons","Necap2","ENSMUSG00000028923","chr4","-",8.91612894628858e-11,0.129,"0.235,0.159,0.246","0.092,0.072,0.088",NA,NA,140793822,140794923,140799839,140799948,NA,NA,NA,NA,NA,NA,140795505,140795590,140797366,140797544,NA,NA
"KO_vs_Neg","MXE","Mutually Exclusive Exons","Firre","ENSMUSG00000085396","chrX","-",0.00278047394030694,-0.402,"0.064,0.0,0.054","0.431,0.791,0.103",NA,NA,49689620,49689775,49697563,49697691,NA,NA,NA,NA,NA,NA,49692247,49692402,49694952,49695039,NA,NA
"KO_vs_Neg","MXE","Mutually Exclusive Exons","Firre","ENSMUSG00000085396","chrX","-",0.00830780792334652,0.495,"0.625,1.0,0.93","0.0,0.357,0.714",NA,NA,49689620,49689775,49697563,49697691,NA,NA,NA,NA,NA,NA,49694952,49695039,49697347,49697481,NA,NA
"KO_vs_Neg","MXE","Mutually Exclusive Exons","Firre","ENSMUSG00000085396","chrX","-",0.00130522067800805,0.395,"0.861,1.0,0.945","0.524,0.292,0.805",NA,NA,49689620,49689775,49697563,49697691,NA,NA,NA,NA,NA,NA,49694952,49695039,49697347,49697484,NA,NA
"KO_vs_Neg","MXE","Mutually Exclusive Exons","Firre","ENSMUSG00000085396","chrX","-",0.0162366162751591,0.453,"0.562,1.0,0.932","0.0,0.416,0.72",NA,NA,49689620,49689775,49697563,49697691,NA,NA,NA,NA,NA,NA,49694952,49695039,49697354,49697481,NA,NA
"KO_vs_Neg","MXE","Mutually Exclusive Exons","Firre","ENSMUSG00000085396","chrX","-",0.00312852184813817,0.414,"0.805,0.952,0.945","0.524,0.261,0.674",NA,NA,49692247,49692402,49697563,49697691,NA,NA,NA,NA,NA,NA,49694952,49695039,49697347,49697484,NA,NA
"KO_vs_Neg","MXE","Mutually Exclusive Exons","Qrsl1","ENSMUSG00000019863","chr10","-",0.0230659531869972,-0.105,"0.445,0.49,0.52","0.581,0.59,0.599",NA,NA,43750183,43750702,43758061,43758254,NA,NA,NA,NA,NA,NA,43752467,43752673,43757468,43757586,NA,NA
"KO_vs_Neg","MXE","Mutually Exclusive Exons","Ttc3","ENSMUSG00000040785","chr16","+",0.000838883067003194,0.104,"0.38,0.442,0.418","0.291,0.313,0.325",NA,NA,94204172,94204227,94211691,94211815,NA,NA,NA,NA,NA,NA,94209412,94209575,94210542,94210588,NA,NA
"KO_vs_Neg","MXE","Mutually Exclusive Exons","Dhtkd1","ENSMUSG00000025815","chr2","-",0.00122460947425069,0.109,"0.239,0.176,0.17","0.082,0.092,0.083",NA,NA,5922483,5922796,5928679,5928949,NA,NA,NA,NA,NA,NA,5924250,5924449,5926475,5926647,NA,NA
"KO_vs_Neg","MXE","Mutually Exclusive Exons","1700028K03Rik","ENSMUSG00000089798","chr5","+",2.53655318693791e-08,0.487,"1.0,1.0,1.0","0.534,0.572,0.433",NA,NA,107691785,107691879,107695982,107696086,NA,NA,NA,NA,NA,NA,107693553,107693722,107694066,107694145,NA,NA
"KO_vs_Neg","MXE","Mutually Exclusive Exons","Immp2l","ENSMUSG00000056899","chr12","+",0.0255251823403492,-0.11,"0.474,0.43,0.474","0.561,0.579,0.567",NA,NA,41160838,41160942,42001763,42002025,NA,NA,NA,NA,NA,NA,41675546,41675612,41750437,41750540,NA,NA
"KO_vs_Neg","MXE","Mutually Exclusive Exons","Cfap45","ENSMUSG00000026546","chr1","+",0.015976626293021,0.126,"0.549,0.577,0.651","0.453,0.483,0.463",NA,NA,172366045,172366192,172372658,172372883,NA,NA,NA,NA,NA,NA,172368053,172368167,172368751,172368945,NA,NA
"KO_vs_Neg","MXE","Mutually Exclusive Exons","Platr26","ENSMUSG00000064263","chr2","+",0.0054300140363315,-0.281,"0.0,0.0,0.125","0.0,0.667,0.3",NA,NA,71549730,71549852,71560693,71560777,NA,NA,NA,NA,NA,NA,71553636,71553840,71559999,71560199,NA,NA
"KO_vs_Neg","MXE","Mutually Exclusive Exons","Fcsk","ENSMUSG00000033703","chr8","-",0.0231260102597167,0.1,"0.463,0.372,0.397","0.304,0.362,0.266",NA,NA,111613986,111614153,111616307,111616372,NA,NA,NA,NA,NA,NA,111614299,111614510,111615550,111615921,NA,NA
"KO_vs_Neg","MXE","Mutually Exclusive Exons","Adcyap1r1","ENSMUSG00000029778","chr6","+",0.000115701856534723,-0.265,"0.722,0.672,0.705","0.926,0.969,1.0",NA,NA,55464643,55464727,55473967,55474156,NA,NA,NA,NA,NA,NA,55468211,55468295,55471061,55471191,NA,NA
"KO_vs_Neg","MXE","Mutually Exclusive Exons","Flna","ENSMUSG00000031328","chrX","-",8.08677869109415e-05,-0.132,"0.711,0.789,0.783","0.905,0.895,0.879",NA,NA,73273661,73273764,73276754,73276944,NA,NA,NA,NA,NA,NA,73274111,73274359,73276572,73276596,NA,NA
"KO_vs_Neg","MXE","Mutually Exclusive Exons","Dctn1","ENSMUSG00000031865","chr6","+",0.000165978623609501,-0.102,"0.751,0.834,0.809","0.888,0.912,0.9",NA,NA,83160280,83160315,83166058,83166135,NA,NA,NA,NA,NA,NA,83160917,83160938,83164745,83164766,NA,NA
"KO_vs_Neg","MXE","Mutually Exclusive Exons","Rassf7","ENSMUSG00000038618","chr7","+",0.0232228614008724,-0.125,"0.575,0.571,0.516","0.751,0.662,0.625",NA,NA,140795787,140795853,140797798,140797913,NA,NA,NA,NA,NA,NA,140796633,140796764,140796941,140797625,NA,NA
"KO_vs_Neg","MXE","Mutually Exclusive Exons","Eif4g3","ENSMUSG00000028760","chr4","+",0.0351577517379248,0.14,"0.861,0.863,0.857","0.7,0.78,0.68",NA,NA,137810203,137810299,137824062,137824242,NA,NA,NA,NA,NA,NA,137811567,137811681,137823219,137823240,NA,NA
"KO_vs_Neg","MXE","Mutually Exclusive Exons","Tmem143","ENSMUSG00000002781","chr7","+",0.00663843588910973,-0.109,"0.489,0.457,0.433","0.574,0.589,0.544",NA,NA,45546858,45547090,45557530,45557661,NA,NA,NA,NA,NA,NA,45549055,45549160,45556341,45556536,NA,NA
"KO_vs_Neg","MXE","Mutually Exclusive Exons","Msh5","ENSMUSG00000007035","chr17","-",8.09750627573771e-05,-0.128,"0.0,0.092,0.0","0.122,0.246,0.108",NA,NA,35263000,35263110,35265241,35265363,NA,NA,NA,NA,NA,NA,35263292,35263414,35264905,35265029,NA,NA
"KO_vs_Neg","MXE","Mutually Exclusive Exons","Tpra1","ENSMUSG00000002871","chr6","+",0.0216057302401322,0.104,"0.389,0.395,0.416","0.275,0.27,0.342",NA,NA,88887132,88887243,88887778,88887859,NA,NA,NA,NA,NA,NA,88887322,88887383,88887529,88887632,NA,NA
"KO_vs_Neg","MXE","Mutually Exclusive Exons","Aamdc","ENSMUSG00000035642","chr7","-",0.000669425934066639,-0.1,"0.059,0.0,0.0","0.214,0.116,0.03",NA,NA,97199754,97199948,97224794,97224898,NA,NA,NA,NA,NA,NA,97207337,97207433,97218893,97218981,NA,NA
"KO_vs_Neg","MXE","Mutually Exclusive Exons","Morc2a","ENSMUSG00000034543","chr11","+",0,-0.25,"0.269,0.258,0.262","0.491,0.562,0.485",NA,NA,3599493,3600146,3611828,3611863,NA,NA,NA,NA,NA,NA,3600307,3600447,3608671,3608725,NA,NA
"KO_vs_Neg","MXE","Mutually Exclusive Exons","Morc2a","ENSMUSG00000034543","chr11","+",5.48852979526048e-11,-0.246,"0.424,0.486,0.42","0.65,0.759,0.66",NA,NA,3599493,3600146,3618770,3618839,NA,NA,NA,NA,NA,NA,3600307,3600447,3611828,3611863,NA,NA
"KO_vs_Neg","MXE","Mutually Exclusive Exons","Rian","ENSMUSG00000097451","chr12","+",0.0392857861820208,-0.147,"0.0,0.0,0.0","0.0,0.44,0.0",NA,NA,109593481,109593587,109604272,109604360,NA,NA,NA,NA,NA,NA,109596454,109596625,109601827,109601891,NA,NA
"KO_vs_Neg","MXE","Mutually Exclusive Exons","Gm19744","ENSMUSG00000100706","chr8","+",0.03803235511593,0.464,"1.0,0.467,0.875","0.2,0.25,0.5",NA,NA,49296557,49296926,49311532,49311627,NA,NA,NA,NA,NA,NA,49300374,49300529,49306622,49306829,NA,NA
"KO_vs_Neg","MXE","Mutually Exclusive Exons","2410002F23Rik","ENSMUSG00000045411","chr7","+",0,-0.2,"0.478,0.438,0.481","0.672,0.677,0.649",NA,NA,43896210,43896247,43897675,43897719,NA,NA,NA,NA,NA,NA,43896661,43896840,43897333,43897483,NA,NA
"KO_vs_Neg","MXE","Mutually Exclusive Exons","Mybpc2","ENSMUSG00000038670","chr7","-",0.00904397763202951,-0.165,"0.045,0.259,0.115","0.28,0.272,0.361",NA,NA,44154659,44154819,44156231,44156320,NA,NA,NA,NA,NA,NA,44154989,44155129,44155475,44155671,NA,NA
"KO_vs_Neg","MXE","Mutually Exclusive Exons","Exoc3l","ENSMUSG00000043251","chr8","-",0.0181387260098684,0.415,"0.72,0.595,0.805","0.192,0.37,0.314",NA,NA,106019280,106019381,106019883,106020493,NA,NA,NA,NA,NA,NA,106019483,106019609,106019693,106019811,NA,NA
"KO_vs_Neg","MXE","Mutually Exclusive Exons","Tlcd3b","ENSMUSG00000058966","chr7","+",4.39742977424481e-06,-0.532,"0.0,0.0,0.0","0.478,0.668,0.449",NA,NA,126416056,126416173,126418995,126419126,NA,NA,NA,NA,NA,NA,126416360,126416483,126417465,126417565,NA,NA
"KO_vs_Neg","MXE","Mutually Exclusive Exons","Fam168a","ENSMUSG00000029461","chr7","+",0.00105776195117226,0.129,"0.339,0.35,0.371","0.287,0.168,0.219",NA,NA,100467942,100467969,100483215,100483390,NA,NA,NA,NA,NA,NA,100473338,100473464,100480534,100480677,NA,NA
"KO_vs_Neg","MXE","Mutually Exclusive Exons","Snap91","ENSMUSG00000033419","chr9","-",0.00100973048739768,-0.266,"0.56,0.582,0.862","0.918,0.967,0.916",NA,NA,86665352,86665487,86686507,86686620,NA,NA,NA,NA,NA,NA,86680590,86680752,86680882,86680897,NA,NA
"KO_vs_Neg","MXE","Mutually Exclusive Exons","Arhgef15","ENSMUSG00000052921","chr11","-",0.00325322895755436,0.104,"0.207,0.228,0.147","0.158,0.053,0.058",NA,NA,68837386,68837469,68838401,68838494,NA,NA,NA,NA,NA,NA,68837809,68837962,68838061,68838222,NA,NA
"KO_vs_Neg","MXE","Mutually Exclusive Exons","Rnf157","ENSMUSG00000052949","chr11","-",0.00383082624350612,0.205,"0.798,0.893,0.785","0.559,0.695,0.607",NA,NA,116229164,116229656,116237858,116237924,NA,NA,NA,NA,NA,NA,116231163,116231204,116236732,116236781,NA,NA
"KO_vs_Neg","MXE","Mutually Exclusive Exons","Clk4","ENSMUSG00000020385","chr11","+",1.46964076265618e-06,0.114,"0.216,0.263,0.217","0.145,0.116,0.092",NA,NA,51157997,51158158,51162626,51162849,NA,NA,NA,NA,NA,NA,51158991,51159058,51161363,51161422,NA,NA
"KO_vs_Neg","MXE","Mutually Exclusive Exons","Prss36","ENSMUSG00000070371","chr7","-",0.000988887719053922,-0.111,"0.116,0.073,0.045","0.171,0.195,0.201",NA,NA,127532542,127532664,127533561,127533799,NA,NA,NA,NA,NA,NA,127532738,127533004,127533310,127533452,NA,NA
"KO_vs_Neg","MXE","Mutually Exclusive Exons","Slc25a53","ENSMUSG00000044348","chrX","-",0.0247134386640743,0.134,"0.308,0.16,0.212","0.118,0.038,0.122",NA,NA,135916997,135917088,135938972,135939049,NA,NA,NA,NA,NA,NA,135928738,135928903,135933099,135933249,NA,NA
"KO_vs_Neg","MXE","Mutually Exclusive Exons","Psap","ENSMUSG00000004207","chr10","+",0,0.175,"0.363,0.352,0.352","0.185,0.183,0.173",NA,NA,60131725,60131782,60135557,60135837,NA,NA,NA,NA,NA,NA,60134876,60135008,60135242,60135338,NA,NA
"KO_vs_Neg","MXE","Mutually Exclusive Exons","Tnnt3","ENSMUSG00000061723","chr7","+",8.26340487103764e-05,0.291,"0.467,0.127,0.28","0.0,0.0,0.0",NA,NA,142057986,142058001,142062071,142062090,NA,NA,NA,NA,NA,NA,142059024,142059036,142061486,142061525,NA,NA
"KO_vs_Neg","MXE","Mutually Exclusive Exons","Pnpla6","ENSMUSG00000004565","chr8","+",0.00976844720130173,0.109,"0.291,0.206,0.239","0.151,0.107,0.151",NA,NA,3565383,3565556,3567324,3567407,NA,NA,NA,NA,NA,NA,3566680,3566749,3567076,3567164,NA,NA
"KO_vs_Neg","MXE","Mutually Exclusive Exons","Hpn","ENSMUSG00000001249","chr7","-",0.00310424893785317,-0.194,"0.028,0.018,0.022","0.4,0.159,0.091",NA,NA,30808389,30808431,30814102,30814169,NA,NA,NA,NA,NA,NA,30808515,30808617,30810138,30810198,NA,NA
"KO_vs_Neg","MXE","Mutually Exclusive Exons","Myo9b","ENSMUSG00000004677","chr8","+",0.00376930592277054,0.144,"0.355,0.202,0.118","0.046,0.093,0.103",NA,NA,71789519,71789609,71795405,71795528,NA,NA,NA,NA,NA,NA,71791550,71791664,71793403,71793443,NA,NA
"KO_vs_Neg","MXE","Mutually Exclusive Exons","Cacna1a","ENSMUSG00000034656","chr8","+",0.000209391721409305,-0.304,"0.13,0.0,0.0","0.429,0.219,0.395",NA,NA,85338913,85339041,85344420,85344526,NA,NA,NA,NA,NA,NA,85341323,85341420,85342202,85342299,NA,NA
"KO_vs_Neg","MXE","Mutually Exclusive Exons","Gphn","ENSMUSG00000047454","chr12","+",0.0414682952285161,0.375,"1.0,0.236,1.0","0.188,0.443,0.481",NA,NA,78551390,78551525,78609629,78609672,NA,NA,NA,NA,NA,NA,78569671,78569728,78579430,78579472,NA,NA
"KO_vs_Neg","MXE","Mutually Exclusive Exons","Ccdc82","ENSMUSG00000079084","chr9","+",0.00718571396045026,-0.141,"0.114,0.193,0.177","0.231,0.387,0.289",NA,NA,13246660,13246676,13266811,13266936,NA,NA,NA,NA,NA,NA,13252850,13253055,13262360,13262453,NA,NA
"KO_vs_Neg","MXE","Mutually Exclusive Exons","Zfp426","ENSMUSG00000059475","chr9","-",0.00728139476451842,0.127,"0.695,0.656,0.638","0.519,0.49,0.6",NA,NA,20382994,20383077,20389428,20389453,NA,NA,NA,NA,NA,NA,20384323,20384404,20387691,20387774,NA,NA
"KO_vs_Neg","MXE","Mutually Exclusive Exons","2310030G06Rik","ENSMUSG00000032062","chr9","-",0.000530134583466153,-0.352,"0.057,0.0,0.166","0.285,0.433,0.56",NA,NA,50650990,50652049,50657741,50657821,NA,NA,NA,NA,NA,NA,50652595,50652660,50653560,50653598,NA,NA
"KO_vs_Neg","MXE","Mutually Exclusive Exons","Gfral","ENSMUSG00000059383","chr9","-",0.0019352692028529,0.154,"1.0,1.0,1.0","1.0,0.778,0.759",NA,NA,76106215,76106275,76120722,76120939,NA,NA,NA,NA,NA,NA,76112619,76112772,76115815,76115950,NA,NA
"KO_vs_Neg","MXE","Mutually Exclusive Exons","Ip6k2","ENSMUSG00000032599","chr9","+",2.94290138863129e-09,-0.261,"0.221,0.287,0.236","0.498,0.574,0.456",NA,NA,108673329,108673595,108674405,108675193,NA,NA,NA,NA,NA,NA,108673739,108673771,108673869,108673982,NA,NA
"KO_vs_Neg","MXE","Mutually Exclusive Exons","Pcbp3","ENSMUSG00000001120","chr10","-",0,-0.12,"0.782,0.803,0.81","0.911,0.929,0.914",NA,NA,76617665,76617707,76625571,76625703,NA,NA,NA,NA,NA,NA,76620904,76621048,76624224,76624353,NA,NA
"KO_vs_Neg","MXE","Mutually Exclusive Exons","Fbrsl1","ENSMUSG00000043323","chr5","-",0.0433083838514749,0.14,"0.432,0.455,0.381","0.246,0.216,0.385",NA,NA,110529466,110529512,110565708,110565813,NA,NA,NA,NA,NA,NA,110543910,110543940,110563895,110563931,NA,NA
"KO_vs_Neg","MXE","Mutually Exclusive Exons","Pcdh15","ENSMUSG00000052613","chr10","+",0.0426531526295233,-0.138,"0.812,0.706,0.633","0.882,0.873,0.809",NA,NA,74178334,74178528,74232182,74232311,NA,NA,NA,NA,NA,NA,74191689,74191822,74221698,74221792,NA,NA
"KO_vs_Neg","MXE","Mutually Exclusive Exons","Smpd4","ENSMUSG00000005899","chr16","+",0.000138347521515324,-0.104,"0.883,0.809,0.904","0.978,0.987,0.943",NA,NA,17444665,17444817,17456359,17456505,NA,NA,NA,NA,NA,NA,17446932,17447062,17449849,17449921,NA,NA
"KO_vs_Neg","MXE","Mutually Exclusive Exons","Sec14l2","ENSMUSG00000003585","chr11","-",0.0172306493939666,0.153,"0.338,0.336,0.302","0.23,0.086,0.2",NA,NA,4047038,4048435,4053894,4054001,NA,NA,NA,NA,NA,NA,4053387,4053557,4053673,4053813,NA,NA
"KO_vs_Neg","MXE","Mutually Exclusive Exons","Kcnab2","ENSMUSG00000028931","chr4","-",0.017889359084917,0.12,"0.652,0.642,0.667","0.541,0.481,0.579",NA,NA,152485404,152485491,152489056,152489101,NA,NA,NA,NA,NA,NA,152486381,152486425,152487492,152487537,NA,NA
"KO_vs_Neg","MXE","Mutually Exclusive Exons","Skp1","ENSMUSG00000036309","chr11","+",0.00558553885389761,-0.348,"0.638,0.798,0.334","1.0,0.815,1.0",NA,NA,52127690,52127760,52133413,52133487,NA,NA,NA,NA,NA,NA,52129077,52129177,52133231,52133301,NA,NA
"KO_vs_Neg","MXE","Mutually Exclusive Exons","2610307P16Rik","ENSMUSG00000085936","chr13","-",0.00294199598213595,-0.134,"0.754,0.843,1.0","1.0,1.0,1.0",NA,NA,28689688,28689896,28745423,28745562,NA,NA,NA,NA,NA,NA,28697652,28697721,28738716,28738780,NA,NA
"KO_vs_Neg","MXE","Mutually Exclusive Exons","2610307P16Rik","ENSMUSG00000085936","chr13","-",0.00052415895522799,-0.136,"0.066,0.015,0.061","0.142,0.123,0.285",NA,NA,28689688,28689896,28852352,28852687,NA,NA,NA,NA,NA,NA,28745423,28745562,28792500,28792611,NA,NA
"KO_vs_Neg","MXE","Mutually Exclusive Exons","2610307P16Rik","ENSMUSG00000085936","chr13","-",3.941163914072e-08,-0.186,"0.017,0.009,0.005","0.184,0.362,0.042",NA,NA,28745423,28745562,28895099,28895191,NA,NA,NA,NA,NA,NA,28792500,28792611,28852352,28852687,NA,NA
"KO_vs_Neg","MXE","Mutually Exclusive Exons","2610307P16Rik","ENSMUSG00000085936","chr13","-",4.59856432626413e-10,-0.239,"0.0,0.017,0.01","0.289,0.414,0.042",NA,NA,28745423,28745562,28914373,28914486,NA,NA,NA,NA,NA,NA,28792500,28792611,28852352,28852687,NA,NA
"KO_vs_Neg","MXE","Mutually Exclusive Exons","Slc22a21","ENSMUSG00000063652","chr11","-",0.0291601616194213,-0.233,"0.0,0.292,0.0","0.37,0.316,0.304",NA,NA,53848799,53848926,53860325,53860429,NA,NA,NA,NA,NA,NA,53850029,53850201,53851108,53851263,NA,NA
"KO_vs_Neg","RI","Retained Intron","Cstf2","ENSMUSG00000031256","chrX","+",5.74420870346991e-11,-0.318,"0.402,0.48,0.411","0.664,0.756,0.828",NA,NA,132970593,132970656,132973884,132974026,NA,NA,NA,NA,NA,NA,NA,NA,NA,NA,132970593,132974026
"KO_vs_Neg","RI","Retained Intron","Cstf2","ENSMUSG00000031256","chrX","+",7.72848482869463e-07,-0.182,"0.573,0.688,0.655","0.801,0.78,0.88",NA,NA,132970593,132970656,132973962,132974026,NA,NA,NA,NA,NA,NA,NA,NA,NA,NA,132970593,132974026
"KO_vs_Neg","RI","Retained Intron","Xlr4b","ENSMUSG00000067768","chrX","+",0.000932980471663259,0.102,"0.712,0.765,0.738","0.611,0.641,0.656",NA,NA,72258379,72258426,72258833,72258961,NA,NA,NA,NA,NA,NA,NA,NA,NA,NA,72258379,72258961
"KO_vs_Neg","RI","Retained Intron","Ints6l","ENSMUSG00000035967","chrX","+",0.00328557973315422,-0.123,"0.746,0.821,0.934","1.0,0.871,1.0",NA,NA,55538398,55538493,55541875,55542094,NA,NA,NA,NA,NA,NA,NA,NA,NA,NA,55538398,55542094
"KO_vs_Neg","RI","Retained Intron","4833438C02Rik","ENSMUSG00000118087","chr19","-",0.0189749527979726,0.149,"0.483,0.606,0.486","0.415,0.333,0.379",NA,NA,46292019,46293289,46293546,46294075,NA,NA,NA,NA,NA,NA,NA,NA,NA,NA,46292019,46294075
"KO_vs_Neg","RI","Retained Intron","1810009A15Rik","ENSMUSG00000071653","chr19","+",0.0328085029575678,0.201,"0.474,0.628,0.5","0.351,0.263,0.385",NA,NA,8866487,8866612,8867000,8867091,NA,NA,NA,NA,NA,NA,NA,NA,NA,NA,8866487,8867091
"KO_vs_Neg","RI","Retained Intron","Ssh3","ENSMUSG00000034616","chr19","-",0.0243158999017152,0.176,"0.472,0.385,0.476","0.333,0.205,0.266",NA,NA,4314341,4314488,4315130,4315177,NA,NA,NA,NA,NA,NA,NA,NA,NA,NA,4314341,4315177
"KO_vs_Neg","RI","Retained Intron","Clcf1","ENSMUSG00000040663","chr19","+",0.00551944537566446,-0.365,"0.641,0.391,0.429","1.0,0.556,1.0",NA,NA,4270231,4270398,4272127,4273544,NA,NA,NA,NA,NA,NA,NA,NA,NA,NA,4270231,4273544
"KO_vs_Neg","RI","Retained Intron","Slc66a2","ENSMUSG00000034006","chr18","+",0.00391906057192032,0.123,"0.143,0.275,0.27","0.088,0.075,0.156",NA,NA,80299521,80299618,80299996,80300333,NA,NA,NA,NA,NA,NA,NA,NA,NA,NA,80299521,80300333
"KO_vs_Neg","RI","Retained Intron","Slc4a9","ENSMUSG00000024485","chr18","+",0.00337654755135974,0.377,"1.0,1.0,0.92","1.0,0.143,0.647",NA,NA,36664152,36664269,36664486,36664579,NA,NA,NA,NA,NA,NA,NA,NA,NA,NA,36664152,36664579
"KO_vs_Neg","RI","Retained Intron","Atp6v1g2","ENSMUSG00000024403","chr17","+",0.024320785669289,0.124,"0.305,0.364,0.374","0.211,0.188,0.273",NA,NA,35456092,35456193,35456600,35457743,NA,NA,NA,NA,NA,NA,NA,NA,NA,NA,35456092,35457743
"KO_vs_Neg","RI","Retained Intron","Ager","ENSMUSG00000015452","chr17","+",0.00872031332525362,-0.235,"0.133,0.212,0.143","0.273,0.476,0.444",NA,NA,34818969,34819111,34819324,34819834,NA,NA,NA,NA,NA,NA,NA,NA,NA,NA,34818969,34819834
"KO_vs_Neg","RI","Retained Intron","Gm36199","ENSMUSG00000117427","chr17","+",0.000408611455977148,0.46,"1.0,1.0,1.0","0.522,0.098,1.0",NA,NA,29684249,29684277,29684401,29684514,NA,NA,NA,NA,NA,NA,NA,NA,NA,NA,29684249,29684514
"KO_vs_Neg","RI","Retained Intron","Gm10505","ENSMUSG00000073430","chr17","+",1.07260846281576e-06,0.373,"1.0,1.0,1.0","0.625,0.486,0.769",NA,NA,27562274,27562556,27562757,27563799,NA,NA,NA,NA,NA,NA,NA,NA,NA,NA,27562274,27563799
"KO_vs_Neg","RI","Retained Intron","Luc7l","ENSMUSG00000024188","chr17","+",0,0.299,"0.651,0.68,0.731","0.363,0.378,0.425",NA,NA,26472947,26473018,26474004,26474099,NA,NA,NA,NA,NA,NA,NA,NA,NA,NA,26472947,26474099
"KO_vs_Neg","RI","Retained Intron","Rgs11","ENSMUSG00000024186","chr17","+",0.00132874955175312,0.314,"1.0,1.0,0.774","0.646,0.672,0.515",NA,NA,26422269,26422366,26422435,26422486,NA,NA,NA,NA,NA,NA,NA,NA,NA,NA,26422269,26422486
"KO_vs_Neg","RI","Retained Intron","Haghl","ENSMUSG00000061046","chr17","-",0.00220498676433829,-0.146,"0.789,1.0,0.667","0.895,1.0,1.0",NA,NA,26003048,26003152,26003428,26003546,NA,NA,NA,NA,NA,NA,NA,NA,NA,NA,26003048,26003546
"KO_vs_Neg","RI","Retained Intron","Zfp598","ENSMUSG00000041130","chr17","+",1.34112967132769e-07,0.109,"0.332,0.341,0.303","0.218,0.21,0.222",NA,NA,24896808,24897026,24897569,24897687,NA,NA,NA,NA,NA,NA,NA,NA,NA,NA,24896808,24897687
"KO_vs_Neg","RI","Retained Intron","Prss41","ENSMUSG00000024114","chr17","-",0.0243358384857544,0.108,"0.671,0.676,0.807","0.585,0.571,0.675",NA,NA,24062415,24062584,24062812,24062845,NA,NA,NA,NA,NA,NA,NA,NA,NA,NA,24062415,24062845
"KO_vs_Neg","RI","Retained Intron","Tbp","ENSMUSG00000014767","chr17","+",0,0.176,"0.342,0.33,0.342","0.175,0.174,0.136",NA,NA,15721415,15721464,15721573,15721619,NA,NA,NA,NA,NA,NA,NA,NA,NA,NA,15721415,15721619
"KO_vs_Neg","RI","Retained Intron","Morc3","ENSMUSG00000039456","chr16","+",0.0177251281824058,-0.2,"0.498,0.421,0.415","0.69,0.752,0.493",NA,NA,93659301,93659391,93659528,93659603,NA,NA,NA,NA,NA,NA,NA,NA,NA,NA,93659301,93659603
"KO_vs_Neg","RI","Retained Intron","Hdgfl2","ENSMUSG00000002833","chr17","+",0.00124578146560047,0.149,"1.0,1.0,0.968","0.931,1.0,0.591",NA,NA,56405483,56405557,56405973,56406075,NA,NA,NA,NA,NA,NA,NA,NA,NA,NA,56405483,56406075
"KO_vs_Neg","RI","Retained Intron","Tmem191","ENSMUSG00000055692","chr16","+",0.0130681751663939,0.13,"0.536,0.463,0.525","0.395,0.373,0.367",NA,NA,17094497,17094621,17094700,17094751,NA,NA,NA,NA,NA,NA,NA,NA,NA,NA,17094497,17094751
"KO_vs_Neg","RI","Retained Intron","Tmem191","ENSMUSG00000055692","chr16","+",0.0126692573075688,0.114,"0.791,0.852,0.874","0.76,0.61,0.804",NA,NA,17094825,17094903,17095057,17095114,NA,NA,NA,NA,NA,NA,NA,NA,NA,NA,17094825,17095114
"KO_vs_Neg","RI","Retained Intron","Tmem191","ENSMUSG00000055692","chr16","+",0.00246936715918045,0.123,"0.385,0.376,0.313","0.203,0.255,0.246",NA,NA,17095532,17095605,17095714,17095755,NA,NA,NA,NA,NA,NA,NA,NA,NA,NA,17095532,17095755
"KO_vs_Neg","RI","Retained Intron","Snx32","ENSMUSG00000056185","chr19","-",0.0364845204472235,0.165,"0.623,0.674,0.677","0.355,0.517,0.607",NA,NA,5546343,5546430,5547013,5547053,NA,NA,NA,NA,NA,NA,NA,NA,NA,NA,5546343,5547053
"KO_vs_Neg","RI","Retained Intron","Chkb","ENSMUSG00000022617","chr15","-",4.9596382708266e-06,0.118,"0.834,0.832,0.846","0.702,0.671,0.784",NA,NA,89312613,89312781,89312916,89313030,NA,NA,NA,NA,NA,NA,NA,NA,NA,NA,89312613,89313030
"KO_vs_Neg","RI","Retained Intron","Ccdc134","ENSMUSG00000068114","chr15","+",0.0229784512527711,0.102,"1.0,0.976,0.841","0.783,0.866,0.862",NA,NA,82015624,82015746,82018781,82018963,NA,NA,NA,NA,NA,NA,NA,NA,NA,NA,82015624,82018963
"KO_vs_Neg","RI","Retained Intron","Sharpin","ENSMUSG00000022552","chr15","-",3.70702815935166e-05,0.125,"0.294,0.252,0.389","0.21,0.141,0.209",NA,NA,76231458,76231794,76231863,76232017,NA,NA,NA,NA,NA,NA,NA,NA,NA,NA,76231458,76232017
"KO_vs_Neg","RI","Retained Intron","Nrbp2","ENSMUSG00000075590","chr15","-",0.000153968842877074,0.22,"0.541,0.605,0.555","0.277,0.276,0.487",NA,NA,75962094,75962135,75962301,75962391,NA,NA,NA,NA,NA,NA,NA,NA,NA,NA,75962094,75962391
"KO_vs_Neg","RI","Retained Intron","Scrib","ENSMUSG00000022568","chr15","-",2.77116551927528e-12,0.222,"0.594,0.532,0.508","0.311,0.298,0.358",NA,NA,75919770,75919845,75919963,75920001,NA,NA,NA,NA,NA,NA,NA,NA,NA,NA,75919770,75920001
"KO_vs_Neg","RI","Retained Intron","Tcirg1","ENSMUSG00000001750","chr19","-",0.0050883449823947,0.103,"0.42,0.429,0.445","0.329,0.292,0.363",NA,NA,3951890,3952035,3952343,3952556,NA,NA,NA,NA,NA,NA,NA,NA,NA,NA,3951890,3952556
"KO_vs_Neg","RI","Retained Intron","Ap1g2","ENSMUSG00000040701","chr14","-",0.00039527741170824,0.149,"0.398,0.225,0.345","0.134,0.132,0.255",NA,NA,55338527,55338632,55338851,55338979,NA,NA,NA,NA,NA,NA,NA,NA,NA,NA,55338527,55338979
"KO_vs_Neg","RI","Retained Intron","Spcs1","ENSMUSG00000021917","chr14","-",0.0486278636049603,0.14,"0.787,0.83,0.678","0.55,0.585,0.74",NA,NA,30722634,30722717,30722800,30722860,NA,NA,NA,NA,NA,NA,NA,NA,NA,NA,30722634,30722860
"KO_vs_Neg","RI","Retained Intron","Prpf40b","ENSMUSG00000023007","chr15","+",8.58146933144805e-08,0.123,"0.315,0.31,0.367","0.183,0.211,0.228",NA,NA,99212723,99212861,99213071,99213167,NA,NA,NA,NA,NA,NA,NA,NA,NA,NA,99212723,99213167
"KO_vs_Neg","RI","Retained Intron","Rab24","ENSMUSG00000034789","chr13","-",5.6529507566524e-07,0.148,"0.442,0.448,0.459","0.243,0.301,0.362",NA,NA,55468315,55468366,55468557,55468657,NA,NA,NA,NA,NA,NA,NA,NA,NA,NA,55468315,55468657
"KO_vs_Neg","RI","Retained Intron","A330102I10Rik","ENSMUSG00000086363","chr13","+",0.0465062505708903,-0.494,"0.625,0.143,0.0","1.0,0.25,1.0",NA,NA,29198301,29198517,29200692,29200862,NA,NA,NA,NA,NA,NA,NA,NA,NA,NA,29198301,29200862
"KO_vs_Neg","RI","Retained Intron","Eif2b2","ENSMUSG00000004788","chr12","+",0.00174699314893872,0.112,"0.864,0.85,0.854","0.731,0.711,0.79",NA,NA,85266595,85266707,85266870,85267019,NA,NA,NA,NA,NA,NA,NA,NA,NA,NA,85266595,85267019
"KO_vs_Neg","RI","Retained Intron","Abcd4","ENSMUSG00000021240","chr12","-",2.09354475946896e-05,0.107,"0.153,0.139,0.197","0.044,0.034,0.089",NA,NA,84655748,84655870,84656152,84656247,NA,NA,NA,NA,NA,NA,NA,NA,NA,NA,84655748,84656247
"KO_vs_Neg","RI","Retained Intron","Abcd4","ENSMUSG00000021240","chr12","-",0.00137187209333766,0.187,"0.42,0.37,0.455","0.167,0.243,0.275",NA,NA,84659098,84659224,84659553,84659670,NA,NA,NA,NA,NA,NA,NA,NA,NA,NA,84659098,84659670
"KO_vs_Neg","RI","Retained Intron","Mfsd2b","ENSMUSG00000037336","chr12","-",0.0109150419432335,0.137,"1.0,1.0,0.923","1.0,1.0,0.511",NA,NA,4915136,4915313,4916158,4916268,NA,NA,NA,NA,NA,NA,NA,NA,NA,NA,4915136,4916268
"KO_vs_Neg","RI","Retained Intron","Adcy3","ENSMUSG00000020654","chr12","+",0.0103241858969912,0.114,"0.197,0.333,0.248","0.126,0.083,0.226",NA,NA,4260771,4260891,4261481,4261605,NA,NA,NA,NA,NA,NA,NA,NA,NA,NA,4260771,4261605
"KO_vs_Neg","RI","Retained Intron","Pcyt2","ENSMUSG00000025137","chr11","-",7.81521659274353e-07,0.193,"0.656,0.676,0.643","0.375,0.499,0.523",NA,NA,120502826,120502909,120503288,120503427,NA,NA,NA,NA,NA,NA,NA,NA,NA,NA,120502826,120503427
"KO_vs_Neg","RI","Retained Intron","Med24","ENSMUSG00000017210","chr11","-",1.46872980250505e-08,-0.168,"0.17,0.218,0.208","0.343,0.365,0.393",NA,NA,98607239,98607351,98608735,98608968,NA,NA,NA,NA,NA,NA,NA,NA,NA,NA,98607239,98608968
"KO_vs_Neg","RI","Retained Intron","Mycbpap","ENSMUSG00000039110","chr11","-",0.0270397189938929,0.192,"0.963,0.596,0.859","0.576,0.594,0.673",NA,NA,94403053,94403169,94403416,94403603,NA,NA,NA,NA,NA,NA,NA,NA,NA,NA,94403053,94403603
"KO_vs_Neg","RI","Retained Intron","9630028I04Rik","ENSMUSG00000117916","chr17","-",0.0441359054299443,-0.116,"0.813,0.629,0.75","0.912,0.833,0.796",NA,NA,27454042,27454489,27455902,27456111,NA,NA,NA,NA,NA,NA,NA,NA,NA,NA,27454042,27456111
"KO_vs_Neg","RI","Retained Intron","Fermt3","ENSMUSG00000024965","chr19","-",0.0202721066888724,-0.437,"0.333,0.231,0.0","0.5,0.875,0.5",NA,NA,6979124,6979249,6979580,6979820,NA,NA,NA,NA,NA,NA,NA,NA,NA,NA,6979124,6979820
"KO_vs_Neg","RI","Retained Intron","Mapk11","ENSMUSG00000053137","chr15","-",0,0.222,"0.434,0.408,0.495","0.245,0.22,0.206",NA,NA,89029298,89029378,89029577,89029649,NA,NA,NA,NA,NA,NA,NA,NA,NA,NA,89029298,89029649
"KO_vs_Neg","RI","Retained Intron","Mrps17","ENSMUSG00000034211","chr5","+",0.00244905447628066,0.121,"0.683,0.779,0.758","0.642,0.618,0.598",NA,NA,129792747,129793005,129793790,129793930,NA,NA,NA,NA,NA,NA,NA,NA,NA,NA,129792747,129793930
"KO_vs_Neg","RI","Retained Intron","Gba2","ENSMUSG00000028467","chr4","-",0.00562854613827887,0.18,"1.0,1.0,0.81","0.375,0.895,1.0",NA,NA,43569180,43569285,43569829,43569955,NA,NA,NA,NA,NA,NA,NA,NA,NA,NA,43569180,43569955
"KO_vs_Neg","RI","Retained Intron","Gba2","ENSMUSG00000028467","chr4","-",0.00100197287167484,0.108,"0.268,0.106,0.196","0.068,0.143,0.036",NA,NA,43569488,43569661,43569829,43569955,NA,NA,NA,NA,NA,NA,NA,NA,NA,NA,43569488,43569955
"KO_vs_Neg","RI","Retained Intron","Tedc2","ENSMUSG00000024118","chr17","-",2.93276936357642e-07,0.139,"0.384,0.338,0.394","0.245,0.182,0.273",NA,NA,24438704,24439107,24439225,24439284,NA,NA,NA,NA,NA,NA,NA,NA,NA,NA,24438704,24439284
"KO_vs_Neg","RI","Retained Intron","Smarcd3","ENSMUSG00000028949","chr5","-",4.2831621749722e-05,-0.266,"0.42,0.576,0.51","0.638,0.875,0.792",NA,NA,24800387,24800483,24800720,24800843,NA,NA,NA,NA,NA,NA,NA,NA,NA,NA,24800387,24800843
"KO_vs_Neg","RI","Retained Intron","Susd2","ENSMUSG00000006342","chr10","-",0.0171199601751332,0.15,"0.348,0.137,0.358","0.289,0.073,0.031",NA,NA,75476022,75476108,75476289,75476491,NA,NA,NA,NA,NA,NA,NA,NA,NA,NA,75476022,75476491
"KO_vs_Neg","RI","Retained Intron","Klhl15","ENSMUSG00000043929","chrX","+",0.0132405310330778,0.148,"0.39,0.379,0.37","0.239,0.256,0.199",NA,NA,93278595,93278731,93278826,93279026,NA,NA,NA,NA,NA,NA,NA,NA,NA,NA,93278595,93279026
"KO_vs_Neg","RI","Retained Intron","Gm20544","ENSMUSG00000092569","chr18","-",0.00861484497573709,0.152,"0.783,1.0,1.0","0.787,1.0,0.541",NA,NA,75497177,75497405,75497525,75497574,NA,NA,NA,NA,NA,NA,NA,NA,NA,NA,75497177,75497574
"KO_vs_Neg","RI","Retained Intron","Gm20544","ENSMUSG00000092569","chr18","-",0.0455992473425847,0.596,"1.0,0.5,1.0","0.294,0.0,0.417",NA,NA,75497781,75497918,75498145,75498933,NA,NA,NA,NA,NA,NA,NA,NA,NA,NA,75497781,75498933
"KO_vs_Neg","RI","Retained Intron","Gm20544","ENSMUSG00000092569","chr18","-",0.0277615170467315,0.109,"0.973,0.85,0.968","0.826,0.863,0.775",NA,NA,75498145,75498330,75498865,75498933,NA,NA,NA,NA,NA,NA,NA,NA,NA,NA,75498145,75498933
"KO_vs_Neg","RI","Retained Intron","9430015G10Rik","ENSMUSG00000059939","chr4","+",1.99257086952039e-06,0.15,"0.739,0.752,0.772","0.624,0.536,0.654",NA,NA,156206389,156206485,156206807,156206873,NA,NA,NA,NA,NA,NA,NA,NA,NA,NA,156206389,156206873
"KO_vs_Neg","RI","Retained Intron","9430015G10Rik","ENSMUSG00000059939","chr4","+",2.63342351040242e-05,0.143,"0.617,0.6,0.532","0.479,0.393,0.447",NA,NA,156208432,156208458,156208548,156208579,NA,NA,NA,NA,NA,NA,NA,NA,NA,NA,156208432,156208579
"KO_vs_Neg","RI","Retained Intron","Cdk20","ENSMUSG00000021483","chr13","+",0.000388477942007274,-0.114,"0.0,0.0,0.0","0.081,0.143,0.118",NA,NA,64585202,64585326,64585690,64585846,NA,NA,NA,NA,NA,NA,NA,NA,NA,NA,64585202,64585846
"KO_vs_Neg","RI","Retained Intron","Snrpa1","ENSMUSG00000030512","chr7","+",4.21095635497826e-09,0.285,"0.623,0.74,0.736","0.348,0.403,0.492",NA,NA,65719171,65719274,65720337,65720413,NA,NA,NA,NA,NA,NA,NA,NA,NA,NA,65719171,65720413
"KO_vs_Neg","RI","Retained Intron","Gm12963","ENSMUSG00000085517","chr4","-",0.00732159608525914,0.142,"1.0,1.0,1.0","1.0,0.574,1.0",NA,NA,129921759,129921948,129922068,129922139,NA,NA,NA,NA,NA,NA,NA,NA,NA,NA,129921759,129922139
"KO_vs_Neg","RI","Retained Intron","Cdiptos","ENSMUSG00000097075","chr7","-",0.0235183649242812,0.349,"0.818,0.75,0.692","0.167,0.278,0.769",NA,NA,126573624,126573682,126574111,126574256,NA,NA,NA,NA,NA,NA,NA,NA,NA,NA,126573624,126574256
"KO_vs_Neg","RI","Retained Intron","P3h1","ENSMUSG00000028641","chr4","+",4.19539733954659e-05,-0.107,"0.058,0.014,0.067","0.196,0.122,0.141",NA,NA,119098678,119098731,119098879,119099001,NA,NA,NA,NA,NA,NA,NA,NA,NA,NA,119098678,119099001
"KO_vs_Neg","RI","Retained Intron","Ttc12","ENSMUSG00000040219","chr9","-",0.0154172258832289,0.178,"0.407,0.231,0.2","0.053,0.059,0.191",NA,NA,49383161,49383183,49383682,49383843,NA,NA,NA,NA,NA,NA,NA,NA,NA,NA,49383161,49383843
"KO_vs_Neg","RI","Retained Intron","Rapgef3","ENSMUSG00000022469","chr15","-",0.0400242110642634,0.102,"0.208,0.165,0.265","0.091,0.194,0.048",NA,NA,97646463,97646551,97647376,97647427,NA,NA,NA,NA,NA,NA,NA,NA,NA,NA,97646463,97647427
"KO_vs_Neg","RI","Retained Intron","Pidd1","ENSMUSG00000025507","chr7","-",0.000729836973382024,0.115,"0.285,0.198,0.228","0.095,0.145,0.125",NA,NA,141021085,141021287,141021387,141021442,NA,NA,NA,NA,NA,NA,NA,NA,NA,NA,141021085,141021442
"KO_vs_Neg","RI","Retained Intron","Odf2l","ENSMUSG00000028256","chr3","+",7.50476299428845e-05,-0.146,"0.788,0.789,0.938","0.952,1.0,1.0",NA,NA,144851636,144851714,144854291,144854377,NA,NA,NA,NA,NA,NA,NA,NA,NA,NA,144851636,144854377
"KO_vs_Neg","RI","Retained Intron","Miip","ENSMUSG00000029022","chr4","-",0.000561938570214059,0.111,"0.478,0.454,0.46","0.299,0.35,0.409",NA,NA,147946894,147947024,147947353,147947406,NA,NA,NA,NA,NA,NA,NA,NA,NA,NA,147946894,147947406
"KO_vs_Neg","RI","Retained Intron","Raf1","ENSMUSG00000000441","chr6","-",5.60640422975133e-13,0.146,"0.312,0.316,0.323","0.183,0.139,0.191",NA,NA,115597169,115597288,115598776,115598823,NA,NA,NA,NA,NA,NA,NA,NA,NA,NA,115597169,115598823
"KO_vs_Neg","RI","Retained Intron","Pak6","ENSMUSG00000074923","chr2","+",0.010130957366864,-0.351,"1.0,0.333,0.25","1.0,0.636,1.0",NA,NA,118524347,118524481,118524995,118525121,NA,NA,NA,NA,NA,NA,NA,NA,NA,NA,118524347,118525121
"KO_vs_Neg","RI","Retained Intron","Cgn","ENSMUSG00000068876","chr3","-",0.025206723926159,0.111,"0.172,0.16,0.087","0.0,0.087,0.0",NA,NA,94685303,94685399,94685510,94685580,NA,NA,NA,NA,NA,NA,NA,NA,NA,NA,94685303,94685580
"KO_vs_Neg","RI","Retained Intron","Prnd","ENSMUSG00000027338","chr2","+",0.00167240604939105,-0.271,"0.455,0.778,0.286","1.0,1.0,0.333",NA,NA,131794928,131795502,131796710,131798050,NA,NA,NA,NA,NA,NA,NA,NA,NA,NA,131794928,131798050
"KO_vs_Neg","RI","Retained Intron","Bbip1","ENSMUSG00000084957","chr19","-",0.000212077581643956,0.182,"1.0,0.949,0.887","0.748,0.663,0.878",NA,NA,53920560,53920636,53921921,53922001,NA,NA,NA,NA,NA,NA,NA,NA,NA,NA,53920560,53922001
"KO_vs_Neg","RI","Retained Intron","Snhg7os","ENSMUSG00000086775","chr2","+",0.0105945946213571,-0.506,"0.145,1.0,0.337","1.0,1.0,1.0",NA,NA,26535513,26535615,26535759,26535956,NA,NA,NA,NA,NA,NA,NA,NA,NA,NA,26535513,26535956
"KO_vs_Neg","RI","Retained Intron","Ciz1","ENSMUSG00000039205","chr2","+",1.07260846281576e-06,0.141,"0.709,0.651,0.663","0.564,0.503,0.533",NA,NA,32260875,32261113,32261260,32261420,NA,NA,NA,NA,NA,NA,NA,NA,NA,NA,32260875,32261420
"KO_vs_Neg","RI","Retained Intron","Abcc10","ENSMUSG00000032842","chr17","-",0.00320119867249444,0.125,"0.143,0.158,0.292","0.057,0.074,0.087",NA,NA,46615082,46615180,46615255,46615401,NA,NA,NA,NA,NA,NA,NA,NA,NA,NA,46615082,46615401
"KO_vs_Neg","RI","Retained Intron","Abcc10","ENSMUSG00000032842","chr17","-",0.014323284746798,0.143,"0.418,0.532,0.46","0.383,0.352,0.245",NA,NA,46634277,46634505,46634618,46635840,NA,NA,NA,NA,NA,NA,NA,NA,NA,NA,46634277,46635840
"KO_vs_Neg","RI","Retained Intron","Ppox","ENSMUSG00000062729","chr1","-",0.0016356127824161,0.115,"0.465,0.49,0.392","0.295,0.345,0.361",NA,NA,171105707,171105768,171106696,171106887,NA,NA,NA,NA,NA,NA,NA,NA,NA,NA,171105707,171106887
"KO_vs_Neg","RI","Retained Intron","Ppox","ENSMUSG00000062729","chr1","-",7.10241490402915e-08,0.21,"0.519,0.559,0.476","0.344,0.244,0.335",NA,NA,171107003,171107148,171107442,171107575,NA,NA,NA,NA,NA,NA,NA,NA,NA,NA,171107003,171107575
"KO_vs_Neg","RI","Retained Intron","Phykpl","ENSMUSG00000020359","chr11","+",2.50579087684419e-06,0.196,"0.422,0.369,0.47","0.294,0.188,0.19",NA,NA,51484430,51484513,51484742,51484968,NA,NA,NA,NA,NA,NA,NA,NA,NA,NA,51484430,51484968
"KO_vs_Neg","RI","Retained Intron","Tmem52","ENSMUSG00000023153","chr4","+",0.00660454888463367,-0.277,"0.32,0.147,0.429","0.458,0.585,0.684",NA,NA,155553759,155553803,155553918,155553960,NA,NA,NA,NA,NA,NA,NA,NA,NA,NA,155553759,155553960
"KO_vs_Neg","RI","Retained Intron","Agrn","ENSMUSG00000041936","chr4","-",0,0.456,"0.936,1.0,0.932","0.563,0.459,0.479",NA,NA,156252233,156252266,156253002,156253026,NA,NA,NA,NA,NA,NA,NA,NA,NA,NA,156252233,156253026
"KO_vs_Neg","RI","Retained Intron","Naa10","ENSMUSG00000031388","chrX","-",0.000185701081493838,0.172,"0.683,0.621,0.652","0.438,0.519,0.482",NA,NA,72963107,72963146,72963359,72963475,NA,NA,NA,NA,NA,NA,NA,NA,NA,NA,72963107,72963475
"KO_vs_Neg","RI","Retained Intron","Rabgap1l","ENSMUSG00000026721","chr1","-",0.000133447636414554,0.169,"0.871,0.703,0.768","0.568,0.623,0.643",NA,NA,160568321,160568369,160568453,160568501,NA,NA,NA,NA,NA,NA,NA,NA,NA,NA,160568321,160568501
"KO_vs_Neg","RI","Retained Intron","Snhg16","ENSMUSG00000020812","chr11","+",1.10844833302969e-06,0.112,"0.169,0.281,0.279","0.168,0.094,0.132",NA,NA,116564763,116565201,116566333,116566624,NA,NA,NA,NA,NA,NA,NA,NA,NA,NA,116564763,116566624
"KO_vs_Neg","RI","Retained Intron","Surf1","ENSMUSG00000015790","chr2","-",0.00138543878885975,0.191,"0.601,0.528,0.518","0.258,0.339,0.478",NA,NA,26805607,26805761,26805966,26806018,NA,NA,NA,NA,NA,NA,NA,NA,NA,NA,26805607,26806018
"KO_vs_Neg","RI","Retained Intron","Surf1","ENSMUSG00000015790","chr2","-",5.21065215975147e-10,0.11,"0.248,0.181,0.206","0.086,0.112,0.108",NA,NA,26805607,26805781,26805966,26806018,NA,NA,NA,NA,NA,NA,NA,NA,NA,NA,26805607,26806018
"KO_vs_Neg","RI","Retained Intron","Surf1","ENSMUSG00000015790","chr2","-",4.40137151230525e-06,0.259,"0.671,0.721,0.667","0.378,0.375,0.529",NA,NA,26805607,26805796,26805966,26806018,NA,NA,NA,NA,NA,NA,NA,NA,NA,NA,26805607,26806018
"KO_vs_Neg","RI","Retained Intron","Pkn3","ENSMUSG00000026785","chr2","+",8.20120094028729e-06,0.15,"0.355,0.352,0.376","0.151,0.218,0.265",NA,NA,29969937,29970083,29970586,29970698,NA,NA,NA,NA,NA,NA,NA,NA,NA,NA,29969937,29970698
"KO_vs_Neg","RI","Retained Intron","Slc38a3","ENSMUSG00000010064","chr9","-",8.55969671124772e-05,0.101,"0.167,0.168,0.186","0.065,0.054,0.1",NA,NA,107532454,107532579,107532783,107532884,NA,NA,NA,NA,NA,NA,NA,NA,NA,NA,107532454,107532884
"KO_vs_Neg","RI","Retained Intron","Entr1","ENSMUSG00000026927","chr2","-",2.8488385667187e-06,0.155,"0.507,0.508,0.43","0.269,0.346,0.366",NA,NA,26275509,26275621,26276001,26276075,NA,NA,NA,NA,NA,NA,NA,NA,NA,NA,26275509,26276075
"KO_vs_Neg","RI","Retained Intron","Ninl","ENSMUSG00000068115","chr2","-",0.0192326841221959,0.467,"0.463,0.463,1.0","0.178,0.346,0.0",NA,NA,150807997,150808162,150808243,150808284,NA,NA,NA,NA,NA,NA,NA,NA,NA,NA,150807997,150808284
"KO_vs_Neg","RI","Retained Intron","Ufsp2","ENSMUSG00000031634","chr8","+",0.00159152373740878,0.126,"0.749,0.636,0.757","0.633,0.573,0.558",NA,NA,46433351,46433504,46433609,46433676,NA,NA,NA,NA,NA,NA,NA,NA,NA,NA,46433351,46433676
"KO_vs_Neg","RI","Retained Intron","Ubn2","ENSMUSG00000038538","chr6","+",4.39693081789268e-07,0.196,"0.377,0.438,0.358","0.178,0.183,0.223",NA,NA,38464042,38464085,38467318,38468866,NA,NA,NA,NA,NA,NA,NA,NA,NA,NA,38464042,38468866
"KO_vs_Neg","RI","Retained Intron","Gas5","ENSMUSG00000053332","chr1","+",2.61847870052207e-07,0.221,"0.564,0.535,0.619","0.32,0.293,0.442",NA,NA,160863777,160863814,160864389,160864422,NA,NA,NA,NA,NA,NA,NA,NA,NA,NA,160863777,160864422
"KO_vs_Neg","RI","Retained Intron","Gas5","ENSMUSG00000053332","chr1","+",1.15256992098222e-09,0.146,"0.878,0.875,0.929","0.771,0.718,0.756",NA,NA,160862733,160864422,160864857,160864885,NA,NA,NA,NA,NA,NA,NA,NA,NA,NA,160862733,160864885
"KO_vs_Neg","RI","Retained Intron","Ankle1","ENSMUSG00000046295","chr8","+",2.51394138665834e-05,0.161,"0.623,0.6,0.664","0.45,0.427,0.527",NA,NA,71859322,71859428,71859505,71860393,NA,NA,NA,NA,NA,NA,NA,NA,NA,NA,71859322,71860393
"KO_vs_Neg","RI","Retained Intron","Ankle1","ENSMUSG00000046295","chr8","+",0.0121313566526564,0.12,"0.77,0.721,0.768","0.686,0.66,0.553",NA,NA,71859505,71859617,71859856,71860393,NA,NA,NA,NA,NA,NA,NA,NA,NA,NA,71859505,71860393
"KO_vs_Neg","RI","Retained Intron","Adamts10","ENSMUSG00000024299","chr17","+",0.0413086450796268,0.152,"0.543,0.605,0.606","0.338,0.392,0.569",NA,NA,33757041,33757147,33757237,33757384,NA,NA,NA,NA,NA,NA,NA,NA,NA,NA,33757041,33757384
"KO_vs_Neg","RI","Retained Intron","Kank3","ENSMUSG00000042099","chr17","+",0.0153565844888222,0.126,"0.65,0.567,0.59","0.443,0.444,0.542",NA,NA,34041259,34041349,34041648,34041891,NA,NA,NA,NA,NA,NA,NA,NA,NA,NA,34041259,34041891
"KO_vs_Neg","RI","Retained Intron","Mast1","ENSMUSG00000053693","chr8","-",6.29255877799412e-06,0.119,"0.237,0.27,0.267","0.14,0.129,0.147",NA,NA,85647425,85647591,85647728,85647861,NA,NA,NA,NA,NA,NA,NA,NA,NA,NA,85647425,85647861
"KO_vs_Neg","RI","Retained Intron","Sema4a","ENSMUSG00000028064","chr3","-",0.02285293918341,0.26,"0.744,0.368,0.5","0.333,0.289,0.211",NA,NA,88358651,88358804,88358994,88359093,NA,NA,NA,NA,NA,NA,NA,NA,NA,NA,88358651,88359093
"KO_vs_Neg","RI","Retained Intron","Arl4a","ENSMUSG00000047446","chr12","-",0.0103241858969912,-0.21,"0.846,0.524,1.0","1.0,1.0,1.0",NA,NA,40056698,40056792,40059700,40059819,NA,NA,NA,NA,NA,NA,NA,NA,NA,NA,40056698,40059819
"KO_vs_Neg","RI","Retained Intron","Tyro3","ENSMUSG00000027298","chr2","+",0.0123913296498395,0.144,"1.0,0.8,1.0","0.789,1.0,0.579",NA,NA,119642540,119642662,119643643,119643780,NA,NA,NA,NA,NA,NA,NA,NA,NA,NA,119642540,119643780
"KO_vs_Neg","RI","Retained Intron","Parp2","ENSMUSG00000036023","chr14","+",0.0270098027769301,0.101,"0.817,0.937,0.912","0.768,0.743,0.853",NA,NA,51052326,51052412,51052808,51052884,NA,NA,NA,NA,NA,NA,NA,NA,NA,NA,51052326,51052884
"KO_vs_Neg","RI","Retained Intron","Idua","ENSMUSG00000033540","chr5","+",0.0163271658501589,0.161,"0.291,0.142,0.401","0.112,0.088,0.152",NA,NA,108827976,108828072,108828160,108828363,NA,NA,NA,NA,NA,NA,NA,NA,NA,NA,108827976,108828363
"KO_vs_Neg","RI","Retained Intron","Idua","ENSMUSG00000033540","chr5","+",0.025206723926159,0.174,"0.929,0.778,1.0","0.407,1.0,0.778",NA,NA,108827976,108828072,108828260,108828363,NA,NA,NA,NA,NA,NA,NA,NA,NA,NA,108827976,108828363
"KO_vs_Neg","RI","Retained Intron","Meis3","ENSMUSG00000041420","chr7","+",0.00786803670516677,0.118,"0.292,0.34,0.318","0.103,0.227,0.267",NA,NA,15912669,15912720,15912875,15913025,NA,NA,NA,NA,NA,NA,NA,NA,NA,NA,15912669,15913025
"KO_vs_Neg","RI","Retained Intron","Lrrc71","ENSMUSG00000023084","chr3","-",0.028272220738565,0.214,"1.0,1.0,1.0","1.0,0.667,0.692",NA,NA,87648281,87648370,87648742,87648836,NA,NA,NA,NA,NA,NA,NA,NA,NA,NA,87648281,87648836
"KO_vs_Neg","RI","Retained Intron","Pomt1","ENSMUSG00000039254","chr2","+",5.06726291144102e-06,0.112,"0.245,0.14,0.247","0.101,0.075,0.12",NA,NA,32133630,32133724,32134245,32134401,NA,NA,NA,NA,NA,NA,NA,NA,NA,NA,32133630,32134401
"KO_vs_Neg","RI","Retained Intron","Phkg2","ENSMUSG00000030815","chr7","+",5.45767646269846e-06,0.152,"0.555,0.561,0.584","0.435,0.369,0.44",NA,NA,127176706,127176818,127177146,127177201,NA,NA,NA,NA,NA,NA,NA,NA,NA,NA,127176706,127177201
"KO_vs_Neg","RI","Retained Intron","Cyp27a1","ENSMUSG00000026170","chr1","+",0.0488064470303522,0.356,"1.0,0.666,0.741","0.266,0.774,0.3",NA,NA,74774712,74774910,74775022,74775195,NA,NA,NA,NA,NA,NA,NA,NA,NA,NA,74774712,74775195
"KO_vs_Neg","RI","Retained Intron","Ptcd3","ENSMUSG00000063884","chr6","-",0.0103241858969912,-0.148,"0.398,0.344,0.336","0.568,0.436,0.517",NA,NA,71860427,71860586,71861523,71861609,NA,NA,NA,NA,NA,NA,NA,NA,NA,NA,71860427,71861609
"KO_vs_Neg","RI","Retained Intron","Nr1h2","ENSMUSG00000060601","chr7","-",0.00453812310518903,-0.118,"0.439,0.492,0.38","0.608,0.527,0.529",NA,NA,44201378,44201669,44201930,44202044,NA,NA,NA,NA,NA,NA,NA,NA,NA,NA,44201378,44202044
"KO_vs_Neg","RI","Retained Intron","Rgs2","ENSMUSG00000026360","chr1","-",2.266687209812e-09,-0.878,"0.365,0.0,0.0","1.0,1.0,1.0",NA,NA,143878517,143878579,143878689,143878791,NA,NA,NA,NA,NA,NA,NA,NA,NA,NA,143878517,143878791
"KO_vs_Neg","RI","Retained Intron","Fbxl6","ENSMUSG00000022559","chr15","-",2.04521914906877e-06,0.121,"0.502,0.507,0.47","0.361,0.383,0.372",NA,NA,76422116,76422275,76422524,76422935,NA,NA,NA,NA,NA,NA,NA,NA,NA,NA,76422116,76422935
"KO_vs_Neg","RI","Retained Intron","Paxx","ENSMUSG00000047617","chr2","-",1.30782898269198e-07,0.106,"0.257,0.294,0.241","0.182,0.138,0.154",NA,NA,25350456,25350506,25350666,25350727,NA,NA,NA,NA,NA,NA,NA,NA,NA,NA,25350456,25350727
"KO_vs_Neg","RI","Retained Intron","Bet1l","ENSMUSG00000025484","chr7","-",0.0302076325792058,0.289,"0.938,0.677,0.677","0.444,0.7,0.282",NA,NA,140434677,140434850,140434986,140435078,NA,NA,NA,NA,NA,NA,NA,NA,NA,NA,140434677,140435078
"KO_vs_Neg","RI","Retained Intron","Gm14167","ENSMUSG00000087433","chr2","-",0.00965885278121028,0.216,"0.437,0.593,0.568","0.435,0.231,0.283",NA,NA,151383342,151383524,151384172,151384391,NA,NA,NA,NA,NA,NA,NA,NA,NA,NA,151383342,151384391
"KO_vs_Neg","RI","Retained Intron","Plekhg2","ENSMUSG00000037552","chr7","-",0.0252744992402531,-0.113,"0.789,0.789,0.825","0.927,0.905,0.91",NA,NA,28069662,28069919,28070302,28070467,NA,NA,NA,NA,NA,NA,NA,NA,NA,NA,28069662,28070467
"KO_vs_Neg","RI","Retained Intron","2900076A07Rik","ENSMUSG00000097277","chr7","+",0.00872031332525362,0.21,"0.845,0.94,0.923","0.697,0.728,0.654",NA,NA,81178904,81179006,81179094,81179275,NA,NA,NA,NA,NA,NA,NA,NA,NA,NA,81178904,81179275
"KO_vs_Neg","RI","Retained Intron","Lsm7","ENSMUSG00000035215","chr10","-",1.84286675100495e-05,0.215,"0.82,0.724,0.812","0.542,0.498,0.67",NA,NA,80690451,80690542,80690847,80691027,NA,NA,NA,NA,NA,NA,NA,NA,NA,NA,80690451,80691027
"KO_vs_Neg","RI","Retained Intron","Slc17a9","ENSMUSG00000023393","chr2","+",0.0340898803563551,0.22,"1.0,1.0,0.75","0.818,0.273,1.0",NA,NA,180373672,180373800,180374225,180374365,NA,NA,NA,NA,NA,NA,NA,NA,NA,NA,180373672,180374365
"KO_vs_Neg","RI","Retained Intron","Radil","ENSMUSG00000029576","chr5","-",0.0239303204395753,0.108,"0.287,0.302,0.145","0.134,0.104,0.171",NA,NA,142471167,142471307,142471609,142471746,NA,NA,NA,NA,NA,NA,NA,NA,NA,NA,142471167,142471746
"KO_vs_Neg","RI","Retained Intron","Rnf123","ENSMUSG00000041528","chr9","-",2.05743869606032e-05,0.101,"0.247,0.267,0.259","0.159,0.147,0.163",NA,NA,107946370,107946485,107946874,107947000,NA,NA,NA,NA,NA,NA,NA,NA,NA,NA,107946370,107947000
"KO_vs_Neg","RI","Retained Intron","Srrt","ENSMUSG00000037364","chr5","-",0.000411823574085434,0.11,"0.838,0.82,0.9","0.685,0.766,0.777",NA,NA,137299579,137299909,137300387,137300576,NA,NA,NA,NA,NA,NA,NA,NA,NA,NA,137299579,137300576
"KO_vs_Neg","RI","Retained Intron","Flt3l","ENSMUSG00000110206","chr7","-",1.28673559258324e-05,0.209,"0.535,0.608,0.66","0.383,0.328,0.466",NA,NA,44781651,44781836,44783305,44783450,NA,NA,NA,NA,NA,NA,NA,NA,NA,NA,44781651,44783450
"KO_vs_Neg","RI","Retained Intron","Dixdc1","ENSMUSG00000032064","chr9","-",1.66143908412293e-08,0.191,"0.286,0.287,0.211","0.074,0.08,0.057",NA,NA,50593332,50593500,50593836,50593926,NA,NA,NA,NA,NA,NA,NA,NA,NA,NA,50593332,50593926
"KO_vs_Neg","RI","Retained Intron","Cdk11b","ENSMUSG00000029062","chr4","+",7.26084244360531e-07,0.169,"0.671,0.636,0.697","0.516,0.444,0.537",NA,NA,155709987,155710111,155710183,155710230,NA,NA,NA,NA,NA,NA,NA,NA,NA,NA,155709987,155710230
"KO_vs_Neg","RI","Retained Intron","Fuz","ENSMUSG00000011658","chr7","+",0.00310660477418878,0.154,"0.553,0.569,0.412","0.373,0.333,0.367",NA,NA,44546943,44547048,44547926,44548124,NA,NA,NA,NA,NA,NA,NA,NA,NA,NA,44546943,44548124
"KO_vs_Neg","RI","Retained Intron","Aprt","ENSMUSG00000006589","chr8","-",1.01067831352617e-12,0.215,"0.762,0.746,0.809","0.579,0.54,0.554",NA,NA,123302857,123302970,123303253,123303360,NA,NA,NA,NA,NA,NA,NA,NA,NA,NA,123302857,123303360
"KO_vs_Neg","RI","Retained Intron","Trpv2","ENSMUSG00000018507","chr11","+",0.00162304555378478,-0.141,"1.0,0.676,0.9","1.0,1.0,1.0",NA,NA,62480476,62480650,62481732,62481831,NA,NA,NA,NA,NA,NA,NA,NA,NA,NA,62480476,62481831
"KO_vs_Neg","RI","Retained Intron","Ftsj1","ENSMUSG00000031171","chrX","-",0.000212745115014353,0.202,"1.0,0.925,1.0","0.819,0.699,0.801",NA,NA,8116634,8116725,8116807,8116877,NA,NA,NA,NA,NA,NA,NA,NA,NA,NA,8116634,8116877
"KO_vs_Neg","RI","Retained Intron","Rasa4","ENSMUSG00000004952","chr5","+",0.00512479974636082,0.132,"0.379,0.427,0.405","0.251,0.203,0.36",NA,NA,136130097,136130248,136130478,136130543,NA,NA,NA,NA,NA,NA,NA,NA,NA,NA,136130097,136130543
"KO_vs_Neg","RI","Retained Intron","Cpsf4","ENSMUSG00000029625","chr5","+",3.83613935768588e-05,-0.122,"0.257,0.224,0.219","0.312,0.407,0.346",NA,NA,145114039,145114112,145115642,145115738,NA,NA,NA,NA,NA,NA,NA,NA,NA,NA,145114039,145115738
"KO_vs_Neg","RI","Retained Intron","Cpsf4","ENSMUSG00000029625","chr5","+",0.000647712012094814,-0.113,"0.312,0.297,0.341","0.421,0.457,0.41",NA,NA,145114039,145114112,145115645,145115738,NA,NA,NA,NA,NA,NA,NA,NA,NA,NA,145114039,145115738
"KO_vs_Neg","RI","Retained Intron","Abtb2","ENSMUSG00000032724","chr2","+",0.00855366224705402,-0.193,"0.0,0.077,0.0","0.455,0.2,0.0",NA,NA,103546384,103546498,103547504,103548768,NA,NA,NA,NA,NA,NA,NA,NA,NA,NA,103546384,103548768
"KO_vs_Neg","RI","Retained Intron","Uhrf1bp1l","ENSMUSG00000019951","chr10","+",0.000127148014233461,0.103,"0.322,0.267,0.274","0.159,0.165,0.229",NA,NA,89644379,89644522,89645489,89645640,NA,NA,NA,NA,NA,NA,NA,NA,NA,NA,89644379,89645640
"KO_vs_Neg","RI","Retained Intron","Celf1","ENSMUSG00000005506","chr2","+",3.99357147364613e-05,0.16,"0.464,0.495,0.517","0.395,0.307,0.293",NA,NA,90843582,90843747,90843835,90849842,NA,NA,NA,NA,NA,NA,NA,NA,NA,NA,90843582,90849842
"KO_vs_Neg","RI","Retained Intron","Eldr","ENSMUSG00000087060","chr11","-",0.000312229523806456,0.115,"0.385,0.449,0.42","0.258,0.31,0.342",NA,NA,16885149,16885926,16886454,16886564,NA,NA,NA,NA,NA,NA,NA,NA,NA,NA,16885149,16886564
"KO_vs_Neg","RI","Retained Intron","4933431E20Rik","ENSMUSG00000086968","chr3","-",0.000927742097059279,0.107,"0.981,0.946,1.0","0.836,0.874,0.895",NA,NA,107801366,107801524,107802176,107802308,NA,NA,NA,NA,NA,NA,NA,NA,NA,NA,107801366,107802308
"KO_vs_Neg","RI","Retained Intron","Pced1a","ENSMUSG00000037773","chr2","-",0.044379435203929,0.11,"0.578,0.59,0.667","0.511,0.409,0.586",NA,NA,130264144,130264295,130264385,130264624,NA,NA,NA,NA,NA,NA,NA,NA,NA,NA,130264144,130264624
"KO_vs_Neg","RI","Retained Intron","Adam33","ENSMUSG00000027318","chr2","-",0.0235183649242812,0.308,"0.89,0.447,0.702","0.403,0.375,0.336",NA,NA,130894961,130895070,130895142,130895508,NA,NA,NA,NA,NA,NA,NA,NA,NA,NA,130894961,130895508
"KO_vs_Neg","RI","Retained Intron","Adam33","ENSMUSG00000027318","chr2","-",0.021999671977086,0.246,"0.942,0.799,0.904","0.538,0.443,0.926",NA,NA,130895142,130895220,130895309,130895508,NA,NA,NA,NA,NA,NA,NA,NA,NA,NA,130895142,130895508
"KO_vs_Neg","RI","Retained Intron","Mapk7","ENSMUSG00000001034","chr11","-",0.000195321763581263,0.24,"0.662,0.742,0.692","0.378,0.404,0.594",NA,NA,61383729,61383895,61384331,61385092,NA,NA,NA,NA,NA,NA,NA,NA,NA,NA,61383729,61385092
"KO_vs_Neg","RI","Retained Intron","Dvl1","ENSMUSG00000029071","chr4","+",1.0579526918567e-09,0.119,"0.294,0.338,0.323","0.196,0.191,0.211",NA,NA,155939022,155939257,155939342,155939482,NA,NA,NA,NA,NA,NA,NA,NA,NA,NA,155939022,155939482
"KO_vs_Neg","RI","Retained Intron","Commd7","ENSMUSG00000056941","chr2","-",0.00258324500619707,-0.29,"0.447,0.6,0.643","1.0,0.846,0.714",NA,NA,153460753,153461432,153463689,153463739,NA,NA,NA,NA,NA,NA,NA,NA,NA,NA,153460753,153463739
"KO_vs_Neg","RI","Retained Intron","Rtel1","ENSMUSG00000038685","chr2","+",0.0140315651760686,0.122,"0.739,0.764,0.691","0.668,0.625,0.534",NA,NA,180996145,180996235,180997102,180997345,NA,NA,NA,NA,NA,NA,NA,NA,NA,NA,180996145,180997345
"KO_vs_Neg","RI","Retained Intron","Zfp512b","ENSMUSG00000000823","chr2","-",0.0325569148868308,0.108,"0.719,0.657,0.567","0.582,0.483,0.554",NA,NA,181231165,181231752,181231845,181231974,NA,NA,NA,NA,NA,NA,NA,NA,NA,NA,181231165,181231974
"KO_vs_Neg","RI","Retained Intron","Magt1","ENSMUSG00000031232","chrX","-",6.10008253405192e-05,-0.115,"0.601,0.581,0.648","0.756,0.7,0.718",NA,NA,105011689,105014632,105015041,105015085,NA,NA,NA,NA,NA,NA,NA,NA,NA,NA,105011689,105015085
"KO_vs_Neg","RI","Retained Intron","Rbm25","ENSMUSG00000010608","chr12","+",2.96038881090392e-05,0.132,"0.479,0.566,0.494","0.352,0.388,0.404",NA,NA,83707368,83707452,83710752,83711033,NA,NA,NA,NA,NA,NA,NA,NA,NA,NA,83707368,83711033
"KO_vs_Neg","RI","Retained Intron","5530601H04Rik","ENSMUSG00000087174","chrX","-",1.70697160175523e-05,0.186,"0.916,0.901,0.879","0.677,0.793,0.669",NA,NA,104110364,104110483,104112176,104112234,NA,NA,NA,NA,NA,NA,NA,NA,NA,NA,104110364,104112234
"KO_vs_Neg","RI","Retained Intron","Ddx11","ENSMUSG00000035842","chr17","+",0.0176979637695818,0.104,"0.295,0.4,0.427","0.263,0.29,0.257",NA,NA,66456025,66456094,66456207,66456308,NA,NA,NA,NA,NA,NA,NA,NA,NA,NA,66456025,66456308
"KO_vs_Neg","RI","Retained Intron","Npas1","ENSMUSG00000001988","chr7","-",0.0155579615286443,0.136,"0.535,0.503,0.641","0.388,0.428,0.454",NA,NA,16194730,16194878,16195254,16195361,NA,NA,NA,NA,NA,NA,NA,NA,NA,NA,16194730,16195361
"KO_vs_Neg","RI","Retained Intron","2700038G22Rik","ENSMUSG00000097180","chr5","+",0.000328810939308147,0.234,"0.623,0.627,0.633","0.408,0.434,0.339",NA,NA,24057715,24057758,24058764,24060036,NA,NA,NA,NA,NA,NA,NA,NA,NA,NA,24057715,24060036
"KO_vs_Neg","RI","Retained Intron","Zfp330","ENSMUSG00000031711","chr8","-",1.28673559258324e-05,-0.327,"0.76,0.875,0.385","1.0,1.0,1.0",NA,NA,83491483,83491601,83493297,83493402,NA,NA,NA,NA,NA,NA,NA,NA,NA,NA,83491483,83493402
"KO_vs_Neg","RI","Retained Intron","Hps1","ENSMUSG00000025188","chr19","-",0.000756560436298376,0.117,"0.391,0.469,0.426","0.342,0.276,0.317",NA,NA,42744696,42744779,42746231,42746345,NA,NA,NA,NA,NA,NA,NA,NA,NA,NA,42744696,42746345
"KO_vs_Neg","RI","Retained Intron","Kcnip2","ENSMUSG00000025221","chr19","-",0.000120063291878913,0.465,"1.0,1.0,1.0","0.2,0.405,1.0",NA,NA,45784717,45784771,45785529,45785625,NA,NA,NA,NA,NA,NA,NA,NA,NA,NA,45784717,45785625
"KO_vs_Neg","RI","Retained Intron","Rusf1","ENSMUSG00000030780","chr7","-",2.55451356976962e-06,0.194,"0.483,0.343,0.352","0.192,0.196,0.209",NA,NA,127873804,127873875,127875257,127875315,NA,NA,NA,NA,NA,NA,NA,NA,NA,NA,127873804,127875315
"KO_vs_Neg","RI","Retained Intron","Rusf1","ENSMUSG00000030780","chr7","-",4.51778711087108e-09,0.131,"0.166,0.211,0.225","0.072,0.067,0.071",NA,NA,127875257,127875315,127875399,127875584,NA,NA,NA,NA,NA,NA,NA,NA,NA,NA,127875257,127875584
"KO_vs_Neg","RI","Retained Intron","Rusf1","ENSMUSG00000030780","chr7","-",8.46904065654709e-08,0.121,"0.221,0.223,0.259","0.143,0.1,0.098",NA,NA,127875399,127875584,127875666,127875737,NA,NA,NA,NA,NA,NA,NA,NA,NA,NA,127875399,127875737
"KO_vs_Neg","RI","Retained Intron","Ppp4r2","ENSMUSG00000052144","chr6","+",0.0120693163229841,0.141,"1.0,1.0,0.958","0.535,1.0,1.0",NA,NA,100840083,100840121,100842034,100842178,NA,NA,NA,NA,NA,NA,NA,NA,NA,NA,100840083,100842178
"KO_vs_Neg","RI","Retained Intron","Zfp384","ENSMUSG00000038346","chr6","+",0.000551967005775136,-0.267,"0.647,0.579,0.722","1.0,1.0,0.75",NA,NA,125000995,125001233,125001708,125002045,NA,NA,NA,NA,NA,NA,NA,NA,NA,NA,125000995,125002045
"KO_vs_Neg","RI","Retained Intron","Rbis","ENSMUSG00000078784","chr3","-",0.000127148014233461,0.106,"0.229,0.285,0.318","0.126,0.121,0.266",NA,NA,14671348,14671468,14672236,14672353,NA,NA,NA,NA,NA,NA,NA,NA,NA,NA,14671348,14672353
"KO_vs_Neg","RI","Retained Intron","Atr","ENSMUSG00000032409","chr9","+",3.98932833260004e-05,-0.145,"1.0,0.855,0.711","1.0,1.0,1.0",NA,NA,95747020,95747898,95749546,95749738,NA,NA,NA,NA,NA,NA,NA,NA,NA,NA,95747020,95749738
"KO_vs_Neg","RI","Retained Intron","Trmu","ENSMUSG00000022386","chr15","+",0.000719656480364484,0.102,"0.235,0.246,0.273","0.166,0.133,0.149",NA,NA,85780560,85780705,85781035,85781118,NA,NA,NA,NA,NA,NA,NA,NA,NA,NA,85780560,85781118
"KO_vs_Neg","RI","Retained Intron","Tcea2","ENSMUSG00000059540","chr2","+",0.00674480149419074,0.164,"0.702,0.8,0.717","0.605,0.471,0.652",NA,NA,181327982,181328039,181328390,181328545,NA,NA,NA,NA,NA,NA,NA,NA,NA,NA,181327982,181328545
"KO_vs_Neg","RI","Retained Intron","Etfrf1","ENSMUSG00000040370","chr6","+",0.0215862402809771,0.205,"0.622,0.656,0.422","0.299,0.49,0.295",NA,NA,145160247,145160510,145160909,145160997,NA,NA,NA,NA,NA,NA,NA,NA,NA,NA,145160247,145160997
"KO_vs_Neg","RI","Retained Intron","Dmpk","ENSMUSG00000030409","chr7","+",0.0120593544977306,0.166,"0.802,0.699,0.94","0.586,0.665,0.691",NA,NA,18825863,18825961,18826132,18826179,NA,NA,NA,NA,NA,NA,NA,NA,NA,NA,18825863,18826179
"KO_vs_Neg","RI","Retained Intron","Clasrp","ENSMUSG00000061028","chr7","-",0.00258152022964709,0.158,"0.615,0.672,0.677","0.422,0.474,0.595",NA,NA,19318394,19318455,19318708,19318748,NA,NA,NA,NA,NA,NA,NA,NA,NA,NA,19318394,19318748
"KO_vs_Neg","RI","Retained Intron","Carmil3","ENSMUSG00000022211","chr14","+",0.000551967005775136,0.13,"0.38,0.445,0.49","0.283,0.317,0.326",NA,NA,55742856,55742923,55743026,55743116,NA,NA,NA,NA,NA,NA,NA,NA,NA,NA,55742856,55743116
"KO_vs_Neg","RI","Retained Intron","Ankrd24","ENSMUSG00000054708","chr10","+",0.00531142641302427,-0.169,"0.391,0.441,0.323","0.543,0.579,0.54",NA,NA,81475140,81475178,81475689,81475770,NA,NA,NA,NA,NA,NA,NA,NA,NA,NA,81475140,81475770
"KO_vs_Neg","RI","Retained Intron","Ankrd24","ENSMUSG00000054708","chr10","+",0.0407213144309388,0.106,"0.847,0.869,0.878","0.784,0.64,0.852",NA,NA,81475861,81475969,81476601,81476646,NA,NA,NA,NA,NA,NA,NA,NA,NA,NA,81475861,81476646
"KO_vs_Neg","RI","Retained Intron","2410002F23Rik","ENSMUSG00000045411","chr7","+",0,0.31,"0.54,0.56,0.629","0.247,0.267,0.285",NA,NA,43896674,43896840,43897675,43897719,NA,NA,NA,NA,NA,NA,NA,NA,NA,NA,43896674,43897719
"KO_vs_Neg","RI","Retained Intron","Slc66a1","ENSMUSG00000028744","chr4","-",1.30171074159542e-07,0.192,"0.129,0.215,0.385","0.068,0.033,0.052",NA,NA,139025840,139026280,139027536,139027722,NA,NA,NA,NA,NA,NA,NA,NA,NA,NA,139025840,139027722
"KO_vs_Neg","RI","Retained Intron","Irf3","ENSMUSG00000003184","chr7","+",9.56959279958885e-08,0.135,"0.35,0.348,0.388","0.21,0.263,0.208",NA,NA,44649795,44649970,44650068,44650446,NA,NA,NA,NA,NA,NA,NA,NA,NA,NA,44649795,44650446
"KO_vs_Neg","RI","Retained Intron","Fam98c","ENSMUSG00000030590","chr7","-",0.0175968800127951,0.109,"0.476,0.293,0.345","0.263,0.238,0.285",NA,NA,28852746,28852914,28853843,28853960,NA,NA,NA,NA,NA,NA,NA,NA,NA,NA,28852746,28853960
"KO_vs_Neg","RI","Retained Intron","Dusp22","ENSMUSG00000069255","chr13","+",0.00274193166688735,-0.148,"0.409,0.385,0.322","0.452,0.538,0.569",NA,NA,30892659,30892732,30894688,30895214,NA,NA,NA,NA,NA,NA,NA,NA,NA,NA,30892659,30895214
"KO_vs_Neg","RI","Retained Intron","Trmt1","ENSMUSG00000001909","chr8","+",4.85745721695108e-06,0.107,"0.348,0.271,0.351","0.176,0.209,0.263",NA,NA,85417145,85417201,85417439,85417576,NA,NA,NA,NA,NA,NA,NA,NA,NA,NA,85417145,85417576
"KO_vs_Neg","RI","Retained Intron","Fanci","ENSMUSG00000039187","chr7","+",0.0347111287200456,-0.127,"0.47,0.31,0.306","0.479,0.451,0.538",NA,NA,79098567,79098663,79098820,79098928,NA,NA,NA,NA,NA,NA,NA,NA,NA,NA,79098567,79098928
"KO_vs_Neg","RI","Retained Intron","Wdr73","ENSMUSG00000025722","chr7","-",9.31448479498083e-06,0.133,"0.267,0.306,0.337","0.086,0.209,0.216",NA,NA,80550391,80550459,80550932,80550980,NA,NA,NA,NA,NA,NA,NA,NA,NA,NA,80550391,80550980
"KO_vs_Neg","RI","Retained Intron","Pan2","ENSMUSG00000005682","chr10","+",0.000446749788970597,0.108,"0.397,0.393,0.35","0.242,0.249,0.325",NA,NA,128154031,128154211,128154813,128154907,NA,NA,NA,NA,NA,NA,NA,NA,NA,NA,128154031,128154907
"KO_vs_Neg","RI","Retained Intron","Mroh1","ENSMUSG00000022558","chr15","+",0.0237982503406379,0.144,"1.0,0.905,0.936","0.909,0.667,0.833",NA,NA,76311711,76311856,76312443,76312585,NA,NA,NA,NA,NA,NA,NA,NA,NA,NA,76311711,76312585
"KO_vs_Neg","RI","Retained Intron","Mroh1","ENSMUSG00000022558","chr15","+",0.0120496938662356,0.198,"0.468,0.635,0.649","0.356,0.472,0.329",NA,NA,76316348,76316495,76317473,76317596,NA,NA,NA,NA,NA,NA,NA,NA,NA,NA,76316348,76317596
"KO_vs_Neg","RI","Retained Intron","Surf2","ENSMUSG00000014873","chr2","+",0.000441622835331666,0.127,"0.745,0.624,0.66","0.568,0.538,0.541",NA,NA,26807439,26807543,26808940,26809067,NA,NA,NA,NA,NA,NA,NA,NA,NA,NA,26807439,26809067
"KO_vs_Neg","RI","Retained Intron","Spns1","ENSMUSG00000030741","chr7","-",0.0397471678354625,0.143,"0.785,0.964,0.944","0.739,0.824,0.701",NA,NA,125972941,125973008,125974238,125974375,NA,NA,NA,NA,NA,NA,NA,NA,NA,NA,125972941,125974375
"KO_vs_Neg","RI","Retained Intron","Psmd13","ENSMUSG00000025487","chr7","+",4.40656671518517e-05,0.273,"1.0,1.0,1.0","0.889,0.769,0.524",NA,NA,140466300,140466335,140466714,140466758,NA,NA,NA,NA,NA,NA,NA,NA,NA,NA,140466300,140466758
"KO_vs_Neg","RI","Retained Intron","Lrrc56","ENSMUSG00000038637","chr7","+",0.00153466082923804,0.19,"0.3,0.294,0.2","0.133,0.02,0.071",NA,NA,140776894,140777082,140778186,140778274,NA,NA,NA,NA,NA,NA,NA,NA,NA,NA,140776894,140778274
"KO_vs_Neg","RI","Retained Intron","Irf7","ENSMUSG00000025498","chr7","-",0.0172944249403009,0.4,"0.406,0.533,0.845","0.255,0.328,0.0",NA,NA,140844405,140844568,140844637,140844696,NA,NA,NA,NA,NA,NA,NA,NA,NA,NA,140844405,140844696
"KO_vs_Neg","RI","Retained Intron","Trpm5","ENSMUSG00000009246","chr7","-",0.0438813862518593,0.116,"1.0,0.0,0.0","0.171,0.037,0.444",NA,NA,142632028,142632203,142632837,142632970,NA,NA,NA,NA,NA,NA,NA,NA,NA,NA,142632028,142632970
"KO_vs_Neg","RI","Retained Intron","Mcf2l","ENSMUSG00000031442","chr8","+",0.0448782660171377,-0.149,"0.62,0.623,0.82","1.0,1.0,0.509",NA,NA,13068695,13068799,13068938,13070505,NA,NA,NA,NA,NA,NA,NA,NA,NA,NA,13068695,13070505
"KO_vs_Neg","RI","Retained Intron","1700029J07Rik","ENSMUSG00000071103","chr8","-",0.0169323932147188,0.169,"0.91,0.782,0.971","0.733,0.587,0.835",NA,NA,46426540,46426717,46428115,46428289,NA,NA,NA,NA,NA,NA,NA,NA,NA,NA,46426540,46428289
"KO_vs_Neg","RI","Retained Intron","Hand2os1","ENSMUSG00000100510","chr8","-",0.00335869967586878,0.173,"0.846,0.669,0.792","0.642,0.56,0.587",NA,NA,57757299,57757467,57760113,57760210,NA,NA,NA,NA,NA,NA,NA,NA,NA,NA,57757299,57760210
"KO_vs_Neg","RI","Retained Intron","Agbl5","ENSMUSG00000029165","chr5","+",0.00011861679799198,0.133,"0.37,0.218,0.291","0.151,0.126,0.204",NA,NA,31051244,31051414,31051718,31051854,NA,NA,NA,NA,NA,NA,NA,NA,NA,NA,31051244,31051854
"KO_vs_Neg","RI","Retained Intron","Cope","ENSMUSG00000055681","chr8","+",1.08756698657664e-07,0.252,"0.718,0.825,0.835","0.483,0.551,0.587",NA,NA,70757283,70757346,70759148,70759301,NA,NA,NA,NA,NA,NA,NA,NA,NA,NA,70757283,70759301
"KO_vs_Neg","RI","Retained Intron","Jak3","ENSMUSG00000031805","chr8","+",0.000245376771393438,0.108,"0.088,0.167,0.203","0.063,0.022,0.05",NA,NA,72133283,72133441,72133526,72133638,NA,NA,NA,NA,NA,NA,NA,NA,NA,NA,72133283,72133638
"KO_vs_Neg","RI","Retained Intron","Tmem208","ENSMUSG00000014856","chr8","+",2.10698156074642e-07,0.151,"0.501,0.508,0.456","0.361,0.358,0.293",NA,NA,106054953,106055116,106055239,106055324,NA,NA,NA,NA,NA,NA,NA,NA,NA,NA,106054953,106055324
"KO_vs_Neg","RI","Retained Intron","Ist1","ENSMUSG00000031729","chr8","-",0,0.163,"0.354,0.375,0.34","0.18,0.187,0.212",NA,NA,110402007,110402056,110403389,110403482,NA,NA,NA,NA,NA,NA,NA,NA,NA,NA,110402007,110403482
"KO_vs_Neg","RI","Retained Intron","Slc26a10","ENSMUSG00000040441","chr10","-",3.83613935768588e-05,0.144,"0.814,0.772,0.796","0.577,0.675,0.698",NA,NA,127010152,127010259,127010674,127010770,NA,NA,NA,NA,NA,NA,NA,NA,NA,NA,127010152,127010770
"KO_vs_Neg","RI","Retained Intron","Tmc4","ENSMUSG00000019734","chr7","-",0.000163547326427343,0.301,"0.825,0.868,0.939","0.619,0.383,0.728",NA,NA,3670046,3670177,3670439,3670623,NA,NA,NA,NA,NA,NA,NA,NA,NA,NA,3670046,3670623
"KO_vs_Neg","RI","Retained Intron","Clic3","ENSMUSG00000015093","chr2","+",0.000148163987373096,0.301,"1.0,0.868,1.0","0.568,0.766,0.631",NA,NA,25347672,25347782,25347860,25347986,NA,NA,NA,NA,NA,NA,NA,NA,NA,NA,25347672,25347986
"KO_vs_Neg","RI","Retained Intron","Clic3","ENSMUSG00000015093","chr2","+",0.0264380867276135,0.174,"1.0,1.0,1.0","0.589,1.0,0.888",NA,NA,25348315,25348491,25348576,25348788,NA,NA,NA,NA,NA,NA,NA,NA,NA,NA,25348315,25348788
"KO_vs_Neg","RI","Retained Intron","Itga2b","ENSMUSG00000034664","chr11","-",0.0290938099597179,0.157,"0.464,0.28,0.125","0.182,0.075,0.14",NA,NA,102355765,102355977,102356130,102356183,NA,NA,NA,NA,NA,NA,NA,NA,NA,NA,102355765,102356183
"KO_vs_Neg","RI","Retained Intron","Tmed1","ENSMUSG00000032180","chr9","-",0.00485595014119225,0.17,"0.915,0.778,0.859","0.627,0.694,0.722",NA,NA,21420226,21420410,21420584,21420647,NA,NA,NA,NA,NA,NA,NA,NA,NA,NA,21420226,21420647
"KO_vs_Neg","RI","Retained Intron","Ptov1","ENSMUSG00000038502","chr7","-",9.69131451549514e-09,0.1,"0.282,0.268,0.262","0.164,0.174,0.175",NA,NA,44512958,44513156,44513806,44513911,NA,NA,NA,NA,NA,NA,NA,NA,NA,NA,44512958,44513911
"KO_vs_Neg","RI","Retained Intron","Dok3","ENSMUSG00000035711","chr13","-",0.00278036698375802,-0.395,"0.833,0.25,0.231","0.5,1.0,1.0",NA,NA,55675144,55675450,55676261,55676367,NA,NA,NA,NA,NA,NA,NA,NA,NA,NA,55675144,55676367
"KO_vs_Neg","RI","Retained Intron","Kiss1r","ENSMUSG00000035773","chr10","+",9.88819095990988e-07,0.356,"0.721,0.6,0.704","0.31,0.322,0.326",NA,NA,79756528,79756664,79756848,79757081,NA,NA,NA,NA,NA,NA,NA,NA,NA,NA,79756528,79757081
"KO_vs_Neg","RI","Retained Intron","Hmgn3","ENSMUSG00000066456","chr9","-",6.27131280681179e-05,0.125,"0.635,0.712,0.655","0.521,0.524,0.582",NA,NA,82992000,82992482,82993045,82993159,NA,NA,NA,NA,NA,NA,NA,NA,NA,NA,82992000,82993159
"KO_vs_Neg","RI","Retained Intron","Coq6","ENSMUSG00000021235","chr12","+",0.00799833613006263,0.172,"0.855,0.87,0.909","0.744,0.739,0.636",NA,NA,84417029,84417805,84418224,84418332,NA,NA,NA,NA,NA,NA,NA,NA,NA,NA,84417029,84418332
"KO_vs_Neg","RI","Retained Intron","Sphk1","ENSMUSG00000061878","chr11","+",0.000813836094849884,-0.115,"0.056,0.0,0.0","0.215,0.111,0.076",NA,NA,116425674,116425827,116425905,116426000,NA,NA,NA,NA,NA,NA,NA,NA,NA,NA,116425674,116426000
"KO_vs_Neg","RI","Retained Intron","Parp3","ENSMUSG00000023249","chr9","-",0.000650083424720099,0.114,"0.453,0.434,0.394","0.317,0.313,0.309",NA,NA,106350631,106350718,106350879,106351032,NA,NA,NA,NA,NA,NA,NA,NA,NA,NA,106350631,106351032
"KO_vs_Neg","RI","Retained Intron","Uba7","ENSMUSG00000032596","chr9","+",0.00236660493370856,0.144,"0.262,0.255,0.144","0.11,0.0,0.12",NA,NA,107858402,107858495,107858588,107858780,NA,NA,NA,NA,NA,NA,NA,NA,NA,NA,107858402,107858780
"KO_vs_Neg","RI","Retained Intron","Uba7","ENSMUSG00000032596","chr9","+",0.000988010353681476,-0.121,"0.838,1.0,0.8","1.0,1.0,1.0",NA,NA,107858402,107858495,107858716,107858780,NA,NA,NA,NA,NA,NA,NA,NA,NA,NA,107858402,107858780
"KO_vs_Neg","RI","Retained Intron","Cyp2d22","ENSMUSG00000061740","chr15","-",0.00137973274199757,0.388,"1.0,1.0,1.0","1.0,0.636,0.2",NA,NA,82257311,82257488,82257873,82258034,NA,NA,NA,NA,NA,NA,NA,NA,NA,NA,82257311,82258034
"KO_vs_Neg","RI","Retained Intron","Ubp1","ENSMUSG00000009741","chr9","+",0.00159152373740878,0.103,"0.351,0.356,0.336","0.173,0.229,0.333",NA,NA,113785030,113785136,113785774,113785881,NA,NA,NA,NA,NA,NA,NA,NA,NA,NA,113785030,113785881
"KO_vs_Neg","RI","Retained Intron","Izumo4","ENSMUSG00000055862","chr10","+",4.82911098959165e-08,0.218,"0.504,0.489,0.424","0.267,0.233,0.263",NA,NA,80539563,80539590,80539686,80539762,NA,NA,NA,NA,NA,NA,NA,NA,NA,NA,80539563,80539762
"KO_vs_Neg","RI","Retained Intron","Tle2","ENSMUSG00000034771","chr10","+",0.00565316563685636,0.153,"0.392,0.389,0.529","0.247,0.279,0.324",NA,NA,81422925,81423175,81423386,81423634,NA,NA,NA,NA,NA,NA,NA,NA,NA,NA,81422925,81423634
"KO_vs_Neg","RI","Retained Intron","Dpp7","ENSMUSG00000026958","chr2","-",0.0223582428363968,0.113,"0.956,1.0,0.864","0.828,0.915,0.738",NA,NA,25244904,25245040,25245825,25245965,NA,NA,NA,NA,NA,NA,NA,NA,NA,NA,25244904,25245965
"KO_vs_Neg","RI","Retained Intron","Sfi1","ENSMUSG00000023764","chr11","-",0.000120227212444378,0.15,"1.0,1.0,1.0","0.708,1.0,0.842",NA,NA,3083071,3083207,3084625,3085542,NA,NA,NA,NA,NA,NA,NA,NA,NA,NA,3083071,3085542
"KO_vs_Neg","RI","Retained Intron","Sfi1","ENSMUSG00000023764","chr11","-",0.000756560436298376,-0.104,"1.0,0.802,0.852","1.0,1.0,0.967",NA,NA,3083071,3083207,3085282,3085542,NA,NA,NA,NA,NA,NA,NA,NA,NA,NA,3083071,3085542
"KO_vs_Neg","RI","Retained Intron","Bcas2","ENSMUSG00000005687","chr3","+",2.9601182031866e-10,0.263,"0.877,0.84,0.78","0.523,0.604,0.581",NA,NA,103081655,103081817,103084654,103084735,NA,NA,NA,NA,NA,NA,NA,NA,NA,NA,103081655,103084735
"KO_vs_Neg","RI","Retained Intron","Fbxo48","ENSMUSG00000044966","chr11","+",0.00274193166688735,0.157,"0.908,0.831,0.795","0.617,0.69,0.755",NA,NA,16903141,16903253,16903348,16903681,NA,NA,NA,NA,NA,NA,NA,NA,NA,NA,16903141,16903681
"KO_vs_Neg","RI","Retained Intron","Mib2","ENSMUSG00000029060","chr4","-",0.000797208841724659,0.136,"0.459,0.407,0.54","0.338,0.326,0.334",NA,NA,155743350,155743458,155743579,155743722,NA,NA,NA,NA,NA,NA,NA,NA,NA,NA,155743350,155743722
"KO_vs_Neg","RI","Retained Intron","Thbs3","ENSMUSG00000028047","chr3","+",2.8262370651496e-05,0.153,"0.454,0.502,0.45","0.275,0.306,0.366",NA,NA,89130309,89130469,89130711,89130830,NA,NA,NA,NA,NA,NA,NA,NA,NA,NA,89130309,89130830
"KO_vs_Neg","RI","Retained Intron","Llgl1","ENSMUSG00000020536","chr11","+",5.9929790372801e-05,0.121,"0.355,0.416,0.354","0.27,0.243,0.248",NA,NA,60603746,60603867,60603954,60605012,NA,NA,NA,NA,NA,NA,NA,NA,NA,NA,60603746,60605012
"KO_vs_Neg","RI","Retained Intron","2410006H16Rik","ENSMUSG00000086841","chr11","+",3.77893046663367e-05,0.145,"0.679,0.694,0.607","0.535,0.543,0.466",NA,NA,62493701,62493859,62494060,62494108,NA,NA,NA,NA,NA,NA,NA,NA,NA,NA,62493701,62494108
"KO_vs_Neg","RI","Retained Intron","Neurl4","ENSMUSG00000047284","chr11","+",1.50367571855113e-07,0.101,"0.201,0.213,0.257","0.079,0.11,0.178",NA,NA,69793833,69794278,69794479,69794545,NA,NA,NA,NA,NA,NA,NA,NA,NA,NA,69793833,69794545
"KO_vs_Neg","RI","Retained Intron","Rnf167","ENSMUSG00000040746","chr11","+",8.74270871836442e-07,0.116,"0.29,0.29,0.287","0.149,0.168,0.203",NA,NA,70540500,70540591,70540737,70540843,NA,NA,NA,NA,NA,NA,NA,NA,NA,NA,70540500,70540843
