"Comparison","EventType","EventDescription","GeneSymbol","GeneID","Chromosome","Strand","FDR","DeltaPSI","PSI_Group1","PSI_Group2","exonStart_0base","exonEnd","upstreamES","upstreamEE","downstreamES","downstreamEE","longExonStart_0base","longExonEnd","shortES","shortEE","flankingES","flankingEE","X1stExonStart_0base","X1stExonEnd","X2ndExonStart_0base","X2ndExonEnd","riExonStart_0base","riExonEnd"
"KO_vs_Parental","SE","Skipped Exon","Klf8","ENSMUSG00000041649","chrX","+",0.00107890738874271,0.381,"1.0,1.0,1.0","0.504,0.354,1.0",152142837,152142960,152142608,152142705,152143291,152143479,NA,NA,NA,NA,NA,NA,NA,NA,NA,NA,NA,NA
"KO_vs_Parental","SE","Skipped Exon","Iqsec2","ENSMUSG00000041115","chrX","+",0.0212813891506949,0.183,"0.874,0.923,1.0","0.768,0.646,0.834",150963992,150964088,150949929,150949959,150976861,150977597,NA,NA,NA,NA,NA,NA,NA,NA,NA,NA,NA,NA
"KO_vs_Parental","SE","Skipped Exon","Huwe1","ENSMUSG00000025261","chrX","+",0.00398028504742425,-0.106,"0.255,0.218,0.252","0.344,0.387,0.313",150587441,150587536,150586256,150586565,150589267,150589403,NA,NA,NA,NA,NA,NA,NA,NA,NA,NA,NA,NA
"KO_vs_Parental","SE","Skipped Exon","Huwe1","ENSMUSG00000025261","chrX","+",0.0180066919207727,-0.108,"0.285,0.237,0.25","0.308,0.398,0.391",150587441,150587536,150586256,150586565,150589271,150589403,NA,NA,NA,NA,NA,NA,NA,NA,NA,NA,NA,NA
"KO_vs_Parental","SE","Skipped Exon","BC065397","ENSMUSG00000087368","chrX","+",0.0369270091883456,-0.16,"0.712,0.618,0.599","0.744,0.845,0.819",135657242,135657369,135648071,135648197,135658849,135658930,NA,NA,NA,NA,NA,NA,NA,NA,NA,NA,NA,NA
"KO_vs_Parental","SE","Skipped Exon","Gprasp1","ENSMUSG00000043384","chrX","+",0.00126677701305995,-0.131,"0.5,0.526,0.482","0.679,0.575,0.647",134644190,134644271,134643481,134643727,134645247,134645324,NA,NA,NA,NA,NA,NA,NA,NA,NA,NA,NA,NA
"KO_vs_Parental","SE","Skipped Exon","Cstf2","ENSMUSG00000031256","chrX","+",0.00277765122138729,-0.127,"0.589,0.645,0.676","0.744,0.826,0.722",132973163,132973223,132970593,132970656,132973962,132974026,NA,NA,NA,NA,NA,NA,NA,NA,NA,NA,NA,NA
"KO_vs_Parental","SE","Skipped Exon","Cstf2","ENSMUSG00000031256","chrX","+",2.46415787043347e-05,-0.239,"0.318,0.419,0.387","0.633,0.68,0.528",132973426,132973513,132970593,132970656,132973962,132974026,NA,NA,NA,NA,NA,NA,NA,NA,NA,NA,NA,NA
"KO_vs_Parental","SE","Skipped Exon","Cstf2","ENSMUSG00000031256","chrX","+",1.8996794068008e-05,-0.25,"0.588,0.518,0.451","0.749,0.678,0.879",132973426,132973513,132973163,132973223,132973884,132974026,NA,NA,NA,NA,NA,NA,NA,NA,NA,NA,NA,NA
"KO_vs_Parental","SE","Skipped Exon","Cstf2","ENSMUSG00000031256","chrX","+",0.000295687057373402,-0.129,"0.653,0.721,0.633","0.801,0.787,0.805",132973426,132973513,132973163,132973223,132973962,132974026,NA,NA,NA,NA,NA,NA,NA,NA,NA,NA,NA,NA
"KO_vs_Parental","SE","Skipped Exon","Jpx","ENSMUSG00000097571","chrX","+",0.0126534606016359,-0.159,"0.585,0.967,0.971","1.0,1.0,1.0",102540043,102540136,102537157,102537306,102568472,102568602,NA,NA,NA,NA,NA,NA,NA,NA,NA,NA,NA,NA
"KO_vs_Parental","SE","Skipped Exon","Tab3","ENSMUSG00000035476","chrX","+",0.022880355594169,0.205,"1.0,0.825,1.0","0.715,0.584,0.91",84637257,84637360,84617755,84617771,84652995,84653190,NA,NA,NA,NA,NA,NA,NA,NA,NA,NA,NA,NA
"KO_vs_Parental","SE","Skipped Exon","Tab3","ENSMUSG00000035476","chrX","+",0.0418759276903432,0.148,"1.0,0.899,0.892","0.666,1.0,0.68",84637257,84637360,84619155,84619216,84652998,84653190,NA,NA,NA,NA,NA,NA,NA,NA,NA,NA,NA,NA
"KO_vs_Parental","SE","Skipped Exon","Tafazzin","ENSMUSG00000009995","chrX","+",2.14630423655758e-05,-0.178,"0.677,0.659,0.549","0.812,0.76,0.847",73332267,73332320,73332053,73332119,73332710,73332788,NA,NA,NA,NA,NA,NA,NA,NA,NA,NA,NA,NA
"KO_vs_Parental","SE","Skipped Exon","Tafazzin","ENSMUSG00000009995","chrX","+",0,-0.468,"0.285,0.289,0.322","0.75,0.701,0.848",73332534,73332625,73332056,73332119,73332710,73332788,NA,NA,NA,NA,NA,NA,NA,NA,NA,NA,NA,NA
"KO_vs_Parental","SE","Skipped Exon","Tafazzin","ENSMUSG00000009995","chrX","+",4.85784297941638e-11,-0.312,"0.19,0.24,0.337","0.516,0.559,0.628",73332534,73332625,73332267,73332320,73332710,73332788,NA,NA,NA,NA,NA,NA,NA,NA,NA,NA,NA,NA
"KO_vs_Parental","SE","Skipped Exon","Tafazzin","ENSMUSG00000009995","chrX","+",0,-0.507,"0.186,0.172,0.252","0.679,0.63,0.823",73332589,73332625,73332053,73332119,73332710,73332788,NA,NA,NA,NA,NA,NA,NA,NA,NA,NA,NA,NA
"KO_vs_Parental","SE","Skipped Exon","Tafazzin","ENSMUSG00000009995","chrX","+",2.69508527644452e-11,-0.299,"0.164,0.17,0.253","0.425,0.494,0.565",73332589,73332625,73332267,73332320,73332710,73332788,NA,NA,NA,NA,NA,NA,NA,NA,NA,NA,NA,NA
"KO_vs_Parental","SE","Skipped Exon","Cacul1","ENSMUSG00000033417","chr19","-",0.00235048316135479,0.104,"0.724,0.679,0.68","0.594,0.578,0.6",60525851,60525941,60522573,60522712,60531447,60531550,NA,NA,NA,NA,NA,NA,NA,NA,NA,NA,NA,NA
"KO_vs_Parental","SE","Skipped Exon","Ccdc186","ENSMUSG00000035173","chr19","-",5.4297892542432e-07,-0.58,"0.392,0.518,0.35","1.0,1.0,1.0",56779350,56779478,56778962,56779061,56781727,56781938,NA,NA,NA,NA,NA,NA,NA,NA,NA,NA,NA,NA
"KO_vs_Parental","SE","Skipped Exon","Btrc","ENSMUSG00000025217","chr19","+",0.00388008188258202,0.123,"0.445,0.493,0.403","0.301,0.394,0.277",45394983,45395025,45352190,45352325,45411571,45411679,NA,NA,NA,NA,NA,NA,NA,NA,NA,NA,NA,NA
"KO_vs_Parental","SE","Skipped Exon","Btrc","ENSMUSG00000025217","chr19","+",0.0108050767654745,0.153,"1.0,1.0,0.937","0.956,0.963,0.559",45394983,45395025,45352190,45352325,45491370,45491602,NA,NA,NA,NA,NA,NA,NA,NA,NA,NA,NA,NA
"KO_vs_Parental","SE","Skipped Exon","Lcor","ENSMUSG00000025019","chr19","+",0.0163789099207314,0.174,"0.732,0.926,0.911","0.704,0.584,0.76",41516459,41516525,41471965,41472039,41570216,41574975,NA,NA,NA,NA,NA,NA,NA,NA,NA,NA,NA,NA
"KO_vs_Parental","SE","Skipped Exon","Lcor","ENSMUSG00000025019","chr19","+",0.00734535077235633,0.338,"0.53,0.793,0.749","0.483,0.24,0.335",41544046,41544140,41471965,41472039,41570216,41574975,NA,NA,NA,NA,NA,NA,NA,NA,NA,NA,NA,NA
"KO_vs_Parental","SE","Skipped Exon","Cep55","ENSMUSG00000024989","chr19","+",0.000323740201018749,-0.137,"0.84,0.77,0.794","0.934,0.944,0.936",38045857,38045990,38043536,38043765,38046236,38046431,NA,NA,NA,NA,NA,NA,NA,NA,NA,NA,NA,NA
"KO_vs_Parental","SE","Skipped Exon","Cep55","ENSMUSG00000024989","chr19","+",0.000488067649464199,-0.163,"0.797,0.747,0.727","0.929,0.918,0.913",38045857,38046014,38043489,38043765,38046236,38046431,NA,NA,NA,NA,NA,NA,NA,NA,NA,NA,NA,NA
"KO_vs_Parental","SE","Skipped Exon","Sgms1","ENSMUSG00000040451","chr19","-",0.000103268623783818,-0.675,"0.111,0.556,0.0","1.0,1.0,0.692",32134865,32135077,32134722,32134779,32136923,32137763,NA,NA,NA,NA,NA,NA,NA,NA,NA,NA,NA,NA
"KO_vs_Parental","SE","Skipped Exon","Prune2","ENSMUSG00000039126","chr19","+",0.0451444672100232,0.103,"0.833,0.81,0.874","0.679,0.728,0.801",17189655,17189694,17185594,17185693,17193689,17193737,NA,NA,NA,NA,NA,NA,NA,NA,NA,NA,NA,NA
"KO_vs_Parental","SE","Skipped Exon","Incenp","ENSMUSG00000024660","chr19","-",0.000413627253948577,-0.139,"0.554,0.571,0.589","0.696,0.763,0.673",9860555,9860567,9855682,9855792,9861062,9861197,NA,NA,NA,NA,NA,NA,NA,NA,NA,NA,NA,NA
"KO_vs_Parental","SE","Skipped Exon","Mark2","ENSMUSG00000024969","chr19","-",8.02839729144509e-06,0.176,"0.649,0.728,0.709","0.491,0.526,0.541",7318532,7318619,7267967,7268147,7319131,7319225,NA,NA,NA,NA,NA,NA,NA,NA,NA,NA,NA,NA
"KO_vs_Parental","SE","Skipped Exon","Plcb3","ENSMUSG00000024960","chr19","-",0.00306979510272974,-0.159,"0.454,0.488,0.469","0.621,0.655,0.611",6946752,6946881,6943999,6944077,6951562,6951719,NA,NA,NA,NA,NA,NA,NA,NA,NA,NA,NA,NA
"KO_vs_Parental","SE","Skipped Exon","Sf1","ENSMUSG00000024949","chr19","+",0.00477807104423599,-0.286,"1.0,0.429,0.714","1.0,1.0,1.0",6425687,6425892,6424578,6424638,6426325,6426542,NA,NA,NA,NA,NA,NA,NA,NA,NA,NA,NA,NA
"KO_vs_Parental","SE","Skipped Exon","Ehbp1l1","ENSMUSG00000024937","chr19","-",0.019200913733288,-0.136,"0.354,0.304,0.34","0.466,0.54,0.4",5770999,5771035,5770836,5770905,5771469,5771612,NA,NA,NA,NA,NA,NA,NA,NA,NA,NA,NA,NA
"KO_vs_Parental","SE","Skipped Exon","Kat5","ENSMUSG00000024926","chr19","-",3.96897900792317e-05,-0.176,"0.563,0.491,0.438","0.667,0.66,0.694",5658829,5658985,5658665,5658740,5659263,5659400,NA,NA,NA,NA,NA,NA,NA,NA,NA,NA,NA,NA
"KO_vs_Parental","SE","Skipped Exon","Mus81","ENSMUSG00000024906","chr19","-",0.0366299032879542,-0.193,"1.0,0.734,0.688","1.0,1.0,1.0",5533662,5533693,5533482,5533586,5533957,5534053,NA,NA,NA,NA,NA,NA,NA,NA,NA,NA,NA,NA
"KO_vs_Parental","SE","Skipped Exon","Grk2","ENSMUSG00000024858","chr19","-",0,-0.13,"0.823,0.852,0.855","0.982,0.982,0.957",4338439,4338535,4337850,4338013,4338619,4338686,NA,NA,NA,NA,NA,NA,NA,NA,NA,NA,NA,NA
"KO_vs_Parental","SE","Skipped Exon","Ssh3","ENSMUSG00000034616","chr19","-",0.0126967473509425,-0.166,"0.915,0.745,0.73","1.0,0.887,1.0",4317774,4318002,4316402,4316665,4318572,4318613,NA,NA,NA,NA,NA,NA,NA,NA,NA,NA,NA,NA
"KO_vs_Parental","SE","Skipped Exon","Ssh3","ENSMUSG00000034616","chr19","-",0.0116660743116072,-0.111,"0.939,0.825,0.821","1.0,0.918,1.0",4317774,4318006,4316549,4316665,4318572,4318610,NA,NA,NA,NA,NA,NA,NA,NA,NA,NA,NA,NA
"KO_vs_Parental","SE","Skipped Exon","Zmym3","ENSMUSG00000031310","chrX","-",2.08238221611932e-08,-0.103,"0.809,0.866,0.781","0.917,0.915,0.934",100459772,100460067,100458534,100459544,100460514,100460581,NA,NA,NA,NA,NA,NA,NA,NA,NA,NA,NA,NA
"KO_vs_Parental","SE","Skipped Exon","Zmym3","ENSMUSG00000031310","chrX","-",0,-0.175,"0.726,0.795,0.711","0.903,0.932,0.922",100461878,100462558,100460892,100460936,100463303,100463404,NA,NA,NA,NA,NA,NA,NA,NA,NA,NA,NA,NA
"KO_vs_Parental","SE","Skipped Exon","Zmym3","ENSMUSG00000031310","chrX","-",6.41047855347639e-08,-0.146,"0.845,0.918,0.73","0.977,0.974,0.979",100461878,100462558,100460892,100460936,100463764,100463822,NA,NA,NA,NA,NA,NA,NA,NA,NA,NA,NA,NA
"KO_vs_Parental","SE","Skipped Exon","Zmym3","ENSMUSG00000031310","chrX","-",0,-0.21,"0.674,0.742,0.651","0.882,0.911,0.903",100462400,100462558,100460892,100460936,100463303,100463466,NA,NA,NA,NA,NA,NA,NA,NA,NA,NA,NA,NA
"KO_vs_Parental","SE","Skipped Exon","Ablim3","ENSMUSG00000032735","chr18","-",0.0469980524496196,0.303,"0.677,0.752,0.72","0.303,0.259,0.678",61949992,61950040,61947268,61947403,61952861,61952988,NA,NA,NA,NA,NA,NA,NA,NA,NA,NA,NA,NA
"KO_vs_Parental","SE","Skipped Exon","Ablim3","ENSMUSG00000032735","chr18","-",0.0319605160347993,0.193,"0.244,0.325,0.325","0.098,0.015,0.202",61952059,61952158,61947268,61947403,61952861,61952988,NA,NA,NA,NA,NA,NA,NA,NA,NA,NA,NA,NA
"KO_vs_Parental","SE","Skipped Exon","Gm33732","ENSMUSG00000118120","chr18","-",0.038780171689428,0.162,"0.273,0.292,0.297","0.104,0.121,0.152",54938665,54938757,54935688,54935732,54955902,54956035,NA,NA,NA,NA,NA,NA,NA,NA,NA,NA,NA,NA
"KO_vs_Parental","SE","Skipped Exon","Rnf14","ENSMUSG00000060450","chr18","+",0.0211376478141826,-0.145,"0.608,0.603,0.513","0.747,0.747,0.666",38430518,38430628,38429737,38429851,38433481,38433610,NA,NA,NA,NA,NA,NA,NA,NA,NA,NA,NA,NA
"KO_vs_Parental","SE","Skipped Exon","Rnf14","ENSMUSG00000060450","chr18","+",9.33221248580269e-05,-0.248,"0.535,1.0,0.72","1.0,1.0,1.0",38433481,38433643,38429758,38429851,38446264,38446437,NA,NA,NA,NA,NA,NA,NA,NA,NA,NA,NA,NA
"KO_vs_Parental","SE","Skipped Exon","Rnf14","ENSMUSG00000060450","chr18","+",3.40916985073224e-05,-0.324,"0.512,1.0,0.517","1.0,1.0,1.0",38440917,38441448,38429687,38429851,38446264,38446437,NA,NA,NA,NA,NA,NA,NA,NA,NA,NA,NA,NA
"KO_vs_Parental","SE","Skipped Exon","Slc4a9","ENSMUSG00000024485","chr18","+",0.0006545800703738,0.255,"1.0,0.931,1.0","1.0,0.567,0.6",36662739,36662789,36662268,36662382,36662925,36663083,NA,NA,NA,NA,NA,NA,NA,NA,NA,NA,NA,NA
"KO_vs_Parental","SE","Skipped Exon","Sting1","ENSMUSG00000024349","chr18","-",9.85710703348617e-06,-0.354,"0.514,0.527,0.482","0.821,0.807,0.956",35872977,35873001,35872495,35872630,35873359,35873542,NA,NA,NA,NA,NA,NA,NA,NA,NA,NA,NA,NA
"KO_vs_Parental","SE","Skipped Exon","Paip2","ENSMUSG00000037058","chr18","+",0.0213098864546669,0.23,"0.586,0.325,0.509","0.265,0.245,0.22",35733097,35733170,35731693,35731812,35741790,35741872,NA,NA,NA,NA,NA,NA,NA,NA,NA,NA,NA,NA
"KO_vs_Parental","SE","Skipped Exon","Paip2","ENSMUSG00000037058","chr18","+",0.0326718197853215,-0.147,"0.178,0.047,0.0","0.348,0.044,0.273",35742645,35742726,35733117,35733170,35743923,35744087,NA,NA,NA,NA,NA,NA,NA,NA,NA,NA,NA,NA
"KO_vs_Parental","SE","Skipped Exon","Sil1","ENSMUSG00000024357","chr18","-",0.00255092158469026,-0.22,"0.404,0.495,0.533","0.765,0.654,0.672",35625911,35626019,35571362,35571433,35626197,35626286,NA,NA,NA,NA,NA,NA,NA,NA,NA,NA,NA,NA
"KO_vs_Parental","SE","Skipped Exon","2010110K18Rik","ENSMUSG00000097755","chr18","+",0.0186649536236772,-0.268,"1.0,0.81,0.385","1.0,1.0,1.0",34889051,34889234,34887728,34887833,34889342,34889445,NA,NA,NA,NA,NA,NA,NA,NA,NA,NA,NA,NA
"KO_vs_Parental","SE","Skipped Exon","Bin1","ENSMUSG00000024381","chr18","+",0.00428096080427044,-0.108,"0.775,0.824,0.724","0.862,0.915,0.87",32563802,32563910,32561086,32562776,32565035,32565146,NA,NA,NA,NA,NA,NA,NA,NA,NA,NA,NA,NA
"KO_vs_Parental","SE","Skipped Exon","Rnf138","ENSMUSG00000024317","chr18","+",0.000103674927235335,0.151,"0.707,0.687,0.642","0.512,0.523,0.548",21157465,21157573,21153944,21154056,21159142,21160592,NA,NA,NA,NA,NA,NA,NA,NA,NA,NA,NA,NA
"KO_vs_Parental","SE","Skipped Exon","Zbtb7c","ENSMUSG00000044646","chr18","+",0.0106849664433559,-0.155,"0.746,0.822,0.786","0.818,1.0,1.0",76033618,76033832,75953248,75953436,76144699,76144761,NA,NA,NA,NA,NA,NA,NA,NA,NA,NA,NA,NA
"KO_vs_Parental","SE","Skipped Exon","Tmem241","ENSMUSG00000049411","chr18","-",0.000401409240402862,-0.13,"0.961,0.814,0.834","1.0,1.0,1.0",12237155,12237237,12207674,12207700,12246451,12246478,NA,NA,NA,NA,NA,NA,NA,NA,NA,NA,NA,NA
"KO_vs_Parental","SE","Skipped Exon","Gm30938","ENSMUSG00000117486","chr17","-",0.00108328611371799,-0.667,"0.0,1.0,0.0","1.0,1.0,1.0",87779124,87779219,87771471,87772361,87780094,87780187,NA,NA,NA,NA,NA,NA,NA,NA,NA,NA,NA,NA
"KO_vs_Parental","SE","Skipped Exon","Spdya","ENSMUSG00000052525","chr17","+",0.00119051165797142,-0.36,"0.529,1.0,0.273","1.0,1.0,0.882",71863234,71863484,71859055,71859136,71865615,71865674,NA,NA,NA,NA,NA,NA,NA,NA,NA,NA,NA,NA
"KO_vs_Parental","SE","Skipped Exon","Spdya","ENSMUSG00000052525","chr17","+",0.00387719633843175,-0.355,"0.597,1.0,0.202","1.0,1.0,0.864",71869497,71869583,71865615,71865674,71876011,71876183,NA,NA,NA,NA,NA,NA,NA,NA,NA,NA,NA,NA
"KO_vs_Parental","SE","Skipped Exon","Ubr2","ENSMUSG00000023977","chr17","-",1.60203776667274e-09,-0.2,"0.599,0.607,0.58","0.779,0.759,0.848",47291245,47291344,47286852,47287016,47291414,47291513,NA,NA,NA,NA,NA,NA,NA,NA,NA,NA,NA,NA
"KO_vs_Parental","SE","Skipped Exon","Tjap1","ENSMUSG00000012296","chr17","-",0.000280383130535571,-0.118,"0.354,0.354,0.306","0.447,0.51,0.41",46575019,46575116,46574614,46574736,46575808,46575904,NA,NA,NA,NA,NA,NA,NA,NA,NA,NA,NA,NA
"KO_vs_Parental","SE","Skipped Exon","Tjap1","ENSMUSG00000012296","chr17","-",0.000551714389815732,-0.127,"0.502,0.571,0.538","0.653,0.668,0.67",46575019,46575116,46574734,46574739,46575808,46575904,NA,NA,NA,NA,NA,NA,NA,NA,NA,NA,NA,NA
"KO_vs_Parental","SE","Skipped Exon","Gtpbp2","ENSMUSG00000023952","chr17","+",0.000364498301026655,-0.109,"0.099,0.145,0.13","0.185,0.314,0.202",46474222,46474334,46473959,46474139,46474408,46474431,NA,NA,NA,NA,NA,NA,NA,NA,NA,NA,NA,NA
"KO_vs_Parental","SE","Skipped Exon","Bag6","ENSMUSG00000024392","chr17","+",0,-0.176,"0.64,0.663,0.602","0.834,0.798,0.8",35361473,35361581,35361282,35361360,35361702,35361815,NA,NA,NA,NA,NA,NA,NA,NA,NA,NA,NA,NA
"KO_vs_Parental","SE","Skipped Exon","Vwa7","ENSMUSG00000007030","chr17","+",0.00412857928876318,-0.243,"0.592,1.0,0.679","1.0,1.0,1.0",35237363,35237460,35236032,35236281,35238013,35238124,NA,NA,NA,NA,NA,NA,NA,NA,NA,NA,NA,NA
"KO_vs_Parental","SE","Skipped Exon","H2-K1","ENSMUSG00000061232","chr17","-",0.038585399615465,-0.564,"0.273,0.0,0.167","0.714,1.0,0.417",34218707,34219037,34216336,34216534,34219167,34219255,NA,NA,NA,NA,NA,NA,NA,NA,NA,NA,NA,NA
"KO_vs_Parental","SE","Skipped Exon","Akap8l","ENSMUSG00000002625","chr17","-",6.41047855347639e-08,-0.107,"0.15,0.151,0.164","0.255,0.285,0.247",32554084,32554144,32553561,32553670,32554536,32554597,NA,NA,NA,NA,NA,NA,NA,NA,NA,NA,NA,NA
"KO_vs_Parental","SE","Skipped Exon","Gm26885","ENSMUSG00000097125","chr17","-",0.00559316486966452,-0.146,"1.0,0.778,0.784","1.0,1.0,1.0",29682363,29682630,29680168,29680839,29683522,29683733,NA,NA,NA,NA,NA,NA,NA,NA,NA,NA,NA,NA
"KO_vs_Parental","SE","Skipped Exon","Rab44","ENSMUSG00000064147","chr17","+",0.0437471131733604,-0.136,"0.044,0.084,0.173","0.123,0.386,0.201",29354159,29354306,29352611,29352786,29354788,29354879,NA,NA,NA,NA,NA,NA,NA,NA,NA,NA,NA,NA
"KO_vs_Parental","SE","Skipped Exon","Rab44","ENSMUSG00000064147","chr17","+",0.00717462580318105,-0.109,"0.906,0.901,0.865","1.0,1.0,1.0",29354788,29354879,29352611,29352786,29356952,29357146,NA,NA,NA,NA,NA,NA,NA,NA,NA,NA,NA,NA
"KO_vs_Parental","SE","Skipped Exon","Kctd20","ENSMUSG00000005936","chr17","+",0.0116798629218527,0.157,"0.857,0.844,0.862","0.802,0.577,0.712",29176852,29177031,29171572,29171731,29180387,29180511,NA,NA,NA,NA,NA,NA,NA,NA,NA,NA,NA,NA
"KO_vs_Parental","SE","Skipped Exon","Fance","ENSMUSG00000007570","chr17","+",0.00116763060663894,-0.176,"0.124,0.224,0.103","0.358,0.312,0.31",28542544,28542639,28539763,28539830,28545125,28545542,NA,NA,NA,NA,NA,NA,NA,NA,NA,NA,NA,NA
"KO_vs_Parental","SE","Skipped Exon","Syngap1","ENSMUSG00000067629","chr17","+",1.08111273556568e-11,-0.204,"0.674,0.69,0.651","0.883,0.899,0.845",27186654,27186734,27185843,27185947,27189472,27189536,NA,NA,NA,NA,NA,NA,NA,NA,NA,NA,NA,NA
"KO_vs_Parental","SE","Skipped Exon","Luc7l","ENSMUSG00000024188","chr17","+",9.54744092000561e-05,-0.122,"0.416,0.404,0.426","0.484,0.573,0.556",26472947,26473018,26471972,26472065,26474004,26474099,NA,NA,NA,NA,NA,NA,NA,NA,NA,NA,NA,NA
"KO_vs_Parental","SE","Skipped Exon","Capn15","ENSMUSG00000037326","chr17","-",0.0120457815594727,0.117,"0.331,0.325,0.411","0.244,0.237,0.234",26192064,26192353,26183000,26184501,26204444,26204770,NA,NA,NA,NA,NA,NA,NA,NA,NA,NA,NA,NA
"KO_vs_Parental","SE","Skipped Exon","Pigq","ENSMUSG00000025728","chr17","-",4.10969896140887e-05,-0.359,"0.059,0.0,0.091","0.375,0.385,0.467",26153067,26153247,26150647,26150801,26153731,26153852,NA,NA,NA,NA,NA,NA,NA,NA,NA,NA,NA,NA
"KO_vs_Parental","SE","Skipped Exon","Rhbdl1","ENSMUSG00000025735","chr17","-",0.00467519603559071,-0.374,"0.0,1.0,0.333","1.0,1.0,0.455",26055372,26055546,26054942,26055167,26055961,26056056,NA,NA,NA,NA,NA,NA,NA,NA,NA,NA,NA,NA
"KO_vs_Parental","SE","Skipped Exon","Mapk8ip3","ENSMUSG00000024163","chr17","-",8.71200588607524e-05,-0.106,"0.595,0.638,0.602","0.732,0.712,0.71",25127384,25127402,25126302,25126360,25128123,25128135,NA,NA,NA,NA,NA,NA,NA,NA,NA,NA,NA,NA
"KO_vs_Parental","SE","Skipped Exon","Tsc2","ENSMUSG00000002496","chr17","-",0.0207017653930352,-0.11,"0.18,0.18,0.195","0.351,0.195,0.338",24820362,24820431,24819308,24819439,24821067,24821271,NA,NA,NA,NA,NA,NA,NA,NA,NA,NA,NA,NA
"KO_vs_Parental","SE","Skipped Exon","Traf7","ENSMUSG00000052752","chr17","-",5.07438655286525e-06,-0.108,"0.753,0.79,0.729","0.848,0.849,0.898",24733686,24733840,24733098,24733191,24735478,24735570,NA,NA,NA,NA,NA,NA,NA,NA,NA,NA,NA,NA
"KO_vs_Parental","SE","Skipped Exon","Eci1","ENSMUSG00000024132","chr17","+",3.98985059550269e-12,0.875,"1.0,1.0,1.0","0.218,0.0,0.156",24652115,24652234,24645826,24645913,24656405,24656584,NA,NA,NA,NA,NA,NA,NA,NA,NA,NA,NA,NA
"KO_vs_Parental","SE","Skipped Exon","Eci1","ENSMUSG00000024132","chr17","+",4.08315279024018e-10,0.79,"1.0,1.0,1.0","0.335,0.0,0.296",24655151,24655298,24645677,24645913,24656405,24656584,NA,NA,NA,NA,NA,NA,NA,NA,NA,NA,NA,NA
"KO_vs_Parental","SE","Skipped Exon","Abca3","ENSMUSG00000024130","chr17","+",0.0121575062353665,0.118,"0.849,0.83,0.875","0.809,0.748,0.643",24576892,24576965,24570996,24571225,24579861,24580063,NA,NA,NA,NA,NA,NA,NA,NA,NA,NA,NA,NA
"KO_vs_Parental","SE","Skipped Exon","Prss41","ENSMUSG00000024114","chr17","-",0.0194518820591725,0.667,"1.0,1.0,1.0","0.0,0.0,1.0",24062930,24062957,24060025,24061499,24063050,24063146,NA,NA,NA,NA,NA,NA,NA,NA,NA,NA,NA,NA
"KO_vs_Parental","SE","Skipped Exon","Flywch1","ENSMUSG00000040097","chr17","-",0,0.268,"0.373,0.4,0.391","0.115,0.111,0.134",23989208,23989306,23981949,23982292,23990388,23990576,NA,NA,NA,NA,NA,NA,NA,NA,NA,NA,NA,NA
"KO_vs_Parental","SE","Skipped Exon","Gm10509","ENSMUSG00000073448","chr17","+",0.000291520421515505,0.378,"1.0,1.0,1.0","1.0,0.579,0.286",21900041,21900219,21898905,21899039,21900505,21900594,NA,NA,NA,NA,NA,NA,NA,NA,NA,NA,NA,NA
"KO_vs_Parental","SE","Skipped Exon","Map3k4","ENSMUSG00000014426","chr17","-",4.8343902323858e-05,-0.111,"0.147,0.168,0.174","0.326,0.268,0.228",12461536,12461692,12458856,12458957,12462386,12462483,NA,NA,NA,NA,NA,NA,NA,NA,NA,NA,NA,NA
"KO_vs_Parental","SE","Skipped Exon","Tulp4","ENSMUSG00000034377","chr17","+",0.0117389749254551,-0.471,"0.404,0.184,1.0","1.0,1.0,1.0",6168570,6168641,6157674,6158063,6171469,6172159,NA,NA,NA,NA,NA,NA,NA,NA,NA,NA,NA,NA
"KO_vs_Parental","SE","Skipped Exon","3300005D01Rik","ENSMUSG00000096965","chr17","+",0.0001311502755725,-0.152,"0.898,0.925,0.689","1.0,0.968,1.0",5851473,5851616,5848931,5849035,5852987,5853168,NA,NA,NA,NA,NA,NA,NA,NA,NA,NA,NA,NA
"KO_vs_Parental","SE","Skipped Exon","Pigp","ENSMUSG00000022940","chr16","-",0.0129560847983788,-0.166,"0.546,0.69,1.0","0.735,1.0,1.0",94166213,94166332,94159621,94160033,94170947,94171051,NA,NA,NA,NA,NA,NA,NA,NA,NA,NA,NA,NA
"KO_vs_Parental","SE","Skipped Exon","Cblb","ENSMUSG00000022637","chr16","+",0.000631318221536495,-0.186,"0.677,0.687,0.599","0.918,0.789,0.814",52006711,52006843,52006497,52006595,52009375,52009516,NA,NA,NA,NA,NA,NA,NA,NA,NA,NA,NA,NA
"KO_vs_Parental","SE","Skipped Exon","Tmprss7","ENSMUSG00000033177","chr16","-",0.0342192113060299,0.111,"1.0,1.0,0.955","0.767,0.854,1.0",45484534,45484645,45483631,45483748,45487914,45488022,NA,NA,NA,NA,NA,NA,NA,NA,NA,NA,NA,NA
"KO_vs_Parental","SE","Skipped Exon","Ccdc191","ENSMUSG00000022701","chr16","+",0.0171887665439233,0.129,"0.493,0.515,0.429","0.412,0.319,0.32",43712515,43712554,43710162,43710401,43718452,43718594,NA,NA,NA,NA,NA,NA,NA,NA,NA,NA,NA,NA
"KO_vs_Parental","SE","Skipped Exon","Zbtb20","ENSMUSG00000022708","chr16","+",1.62719891778432e-05,-0.215,"0.059,0.027,0.0","0.215,0.157,0.359",42827380,42827449,42696243,42696287,42845300,42845350,NA,NA,NA,NA,NA,NA,NA,NA,NA,NA,NA,NA
"KO_vs_Parental","SE","Skipped Exon","Zbtb20","ENSMUSG00000022708","chr16","+",0.0289681411796318,0.258,"1.0,1.0,0.793","1.0,0.656,0.364",42892786,42892832,42845300,42845350,43122931,43122978,NA,NA,NA,NA,NA,NA,NA,NA,NA,NA,NA,NA
"KO_vs_Parental","SE","Skipped Exon","Zbtb20","ENSMUSG00000022708","chr16","+",0.0341293851240422,-0.127,"1.0,0.618,1.0","1.0,1.0,1.0",42967259,42967306,42892786,42892832,43122931,43122978,NA,NA,NA,NA,NA,NA,NA,NA,NA,NA,NA,NA
"KO_vs_Parental","SE","Skipped Exon","Zbtb20","ENSMUSG00000022708","chr16","+",0.0455928835800752,0.166,"1.0,1.0,0.401","1.0,0.501,0.401",43013827,43013901,42845300,42845350,43122931,43122978,NA,NA,NA,NA,NA,NA,NA,NA,NA,NA,NA,NA
"KO_vs_Parental","SE","Skipped Exon","Zbtb20","ENSMUSG00000022708","chr16","+",0.0284895631568352,0.335,"0.585,0.905,0.522","0.397,0.4,0.209",43053121,43053183,42967259,42967306,43122931,43122978,NA,NA,NA,NA,NA,NA,NA,NA,NA,NA,NA,NA
"KO_vs_Parental","SE","Skipped Exon","Zbtb20","ENSMUSG00000022708","chr16","+",0.0321972080489472,0.396,"0.414,0.923,0.56","0.124,0.585,0.0",43053121,43053183,43013827,43013901,43122931,43122978,NA,NA,NA,NA,NA,NA,NA,NA,NA,NA,NA,NA
"KO_vs_Parental","SE","Skipped Exon","Zbtb20","ENSMUSG00000022708","chr16","+",0.00801128917829787,0.1,"0.114,0.248,0.117","0.084,0.074,0.022",43328521,43328685,43283309,43283349,43390043,43390124,NA,NA,NA,NA,NA,NA,NA,NA,NA,NA,NA,NA
"KO_vs_Parental","SE","Skipped Exon","Tmem39a","ENSMUSG00000002845","chr16","+",0.0490604248341451,-0.121,"0.295,0.274,0.378","0.344,0.461,0.506",38405980,38406042,38405777,38405880,38406582,38407252,NA,NA,NA,NA,NA,NA,NA,NA,NA,NA,NA,NA
"KO_vs_Parental","SE","Skipped Exon","Iqcb1","ENSMUSG00000022837","chr16","+",0.0323923535790141,-0.134,"0.881,0.619,1.0","0.96,1.0,0.941",36649365,36649635,36648746,36648854,36651863,36651927,NA,NA,NA,NA,NA,NA,NA,NA,NA,NA,NA,NA
"KO_vs_Parental","SE","Skipped Exon","Gm15564","ENSMUSG00000086324","chr16","-",5.56687500957937e-09,0.705,"1.0,1.0,1.0","0.17,0.235,0.479",35799843,35799937,35787856,35787890,35803421,35803616,NA,NA,NA,NA,NA,NA,NA,NA,NA,NA,NA,NA
"KO_vs_Parental","SE","Skipped Exon","Gm15564","ENSMUSG00000086324","chr16","-",4.33124566782539e-07,0.531,"1.0,1.0,1.0","0.546,0.404,0.458",35802094,35802165,35787856,35787890,35803421,35803616,NA,NA,NA,NA,NA,NA,NA,NA,NA,NA,NA,NA
"KO_vs_Parental","SE","Skipped Exon","Parp9","ENSMUSG00000022906","chr16","+",0.00141775774359879,-0.102,"0.876,0.781,1.0","0.962,1.0,1.0",35763738,35763772,35761402,35761505,35767870,35768724,NA,NA,NA,NA,NA,NA,NA,NA,NA,NA,NA,NA
"KO_vs_Parental","SE","Skipped Exon","Parp9","ENSMUSG00000022906","chr16","+",0.00104738931037367,-0.132,"0.822,0.728,1.0","0.946,1.0,1.0",35763738,35763880,35761402,35761505,35767870,35768724,NA,NA,NA,NA,NA,NA,NA,NA,NA,NA,NA,NA
"KO_vs_Parental","SE","Skipped Exon","Lrch3","ENSMUSG00000022801","chr16","+",0.000633600295651476,-0.208,"0.597,0.531,0.438","0.691,0.729,0.769",32829558,32829806,32826033,32826111,32832710,32833069,NA,NA,NA,NA,NA,NA,NA,NA,NA,NA,NA,NA
"KO_vs_Parental","SE","Skipped Exon","Rubcn","ENSMUSG00000035629","chr16","-",4.02231637073725e-05,0.184,"0.684,0.653,0.635","0.422,0.536,0.462",32661906,32661951,32658607,32658723,32663367,32663901,NA,NA,NA,NA,NA,NA,NA,NA,NA,NA,NA,NA
"KO_vs_Parental","SE","Skipped Exon","Tnk2","ENSMUSG00000022791","chr16","+",0,-0.105,"0.843,0.899,0.906","0.985,0.994,0.983",32499717,32499813,32498276,32499625,32499969,32500097,NA,NA,NA,NA,NA,NA,NA,NA,NA,NA,NA,NA
"KO_vs_Parental","SE","Skipped Exon","Tnk2","ENSMUSG00000022791","chr16","+",0,-0.206,"0.693,0.782,0.821","0.965,0.985,0.963",32499723,32499813,32498276,32499625,32499969,32500097,NA,NA,NA,NA,NA,NA,NA,NA,NA,NA,NA,NA
"KO_vs_Parental","SE","Skipped Exon","Lpp","ENSMUSG00000033306","chr16","+",0.00390797887097157,0.164,"1.0,1.0,1.0","1.0,0.707,0.801",24261530,24261640,24212487,24212533,24275582,24275692,NA,NA,NA,NA,NA,NA,NA,NA,NA,NA,NA,NA
"KO_vs_Parental","SE","Skipped Exon","Fetub","ENSMUSG00000022871","chr16","+",0.0134795321284867,-0.129,"0.602,0.459,0.481","0.681,0.63,0.618",22747824,22748059,22738986,22739245,22748382,22748493,NA,NA,NA,NA,NA,NA,NA,NA,NA,NA,NA,NA
"KO_vs_Parental","SE","Skipped Exon","Tra2b","ENSMUSG00000022858","chr16","-",5.88401336485883e-10,-0.147,"0.32,0.304,0.261","0.446,0.427,0.453",22077614,22078011,22073801,22073867,22084490,22084659,NA,NA,NA,NA,NA,NA,NA,NA,NA,NA,NA,NA
"KO_vs_Parental","SE","Skipped Exon","Tra2b","ENSMUSG00000022858","chr16","-",5.13443898509317e-11,-0.163,"0.468,0.433,0.391","0.599,0.58,0.603",22077735,22078011,22073733,22073867,22084490,22084650,NA,NA,NA,NA,NA,NA,NA,NA,NA,NA,NA,NA
"KO_vs_Parental","SE","Skipped Exon","Liph","ENSMUSG00000044626","chr16","-",0.014757918961065,0.408,"0.657,0.657,0.299","0.39,0.0,0.0",21792807,21792891,21786734,21786902,21794982,21795084,NA,NA,NA,NA,NA,NA,NA,NA,NA,NA,NA,NA
"KO_vs_Parental","SE","Skipped Exon","Snrpd1","ENSMUSG00000002477","chr18","+",5.43929583864721e-05,-0.119,"0.841,0.862,0.941","1.0,1.0,1.0",10626948,10627017,10623630,10623707,10639533,10640068,NA,NA,NA,NA,NA,NA,NA,NA,NA,NA,NA,NA
"KO_vs_Parental","SE","Skipped Exon","Vwa5b2","ENSMUSG00000046613","chr16","+",0.00459156966966089,-0.135,"0.802,0.681,0.638","0.86,0.873,0.793",20409219,20409281,20408895,20409031,20409422,20409648,NA,NA,NA,NA,NA,NA,NA,NA,NA,NA,NA,NA
"KO_vs_Parental","SE","Skipped Exon","Gnb1l","ENSMUSG00000000884","chr16","+",0.0260330115257014,0.368,"0.644,0.73,0.475","0.119,0.14,0.487",18359721,18359847,18317795,18317890,18366842,18366941,NA,NA,NA,NA,NA,NA,NA,NA,NA,NA,NA,NA
"KO_vs_Parental","SE","Skipped Exon","Gnb1l","ENSMUSG00000000884","chr16","+",0.0368397402264482,0.112,"0.938,0.939,0.942","0.802,0.773,0.909",18362860,18363023,18317795,18317890,18366842,18366941,NA,NA,NA,NA,NA,NA,NA,NA,NA,NA,NA,NA
"KO_vs_Parental","SE","Skipped Exon","Gnb1l","ENSMUSG00000000884","chr16","+",0.0378555245029507,0.117,"0.938,0.933,0.939","0.792,0.759,0.907",18362864,18363023,18317795,18317890,18366842,18366941,NA,NA,NA,NA,NA,NA,NA,NA,NA,NA,NA,NA
"KO_vs_Parental","SE","Skipped Exon","Txnrd2","ENSMUSG00000075704","chr16","+",0.000240941781389001,-0.613,"0.0,0.101,0.0","0.336,0.603,1.0",18256251,18256396,18248560,18248626,18259542,18259621,NA,NA,NA,NA,NA,NA,NA,NA,NA,NA,NA,NA
"KO_vs_Parental","SE","Skipped Exon","Dnm1l","ENSMUSG00000022789","chr16","-",1.50334732677815e-07,-0.116,"0.84,0.789,0.736","0.901,0.89,0.923",16136308,16136341,16134465,16134642,16137315,16137372,NA,NA,NA,NA,NA,NA,NA,NA,NA,NA,NA,NA
"KO_vs_Parental","SE","Skipped Exon","Dnm1l","ENSMUSG00000022789","chr16","-",9.34545774101595e-11,-0.176,"0.762,0.73,0.648","0.893,0.884,0.89",16136627,16136705,16134465,16134642,16137315,16137372,NA,NA,NA,NA,NA,NA,NA,NA,NA,NA,NA,NA
"KO_vs_Parental","SE","Skipped Exon","Dnm1l","ENSMUSG00000022789","chr16","-",0.000779927608505249,-0.117,"0.527,0.62,0.537","0.7,0.675,0.66",16136627,16136705,16136308,16136341,16137315,16137372,NA,NA,NA,NA,NA,NA,NA,NA,NA,NA,NA,NA
"KO_vs_Parental","SE","Skipped Exon","Ube2v2","ENSMUSG00000022674","chr16","-",8.17599527965482e-06,0.121,"0.121,0.065,0.218","0.0,0.02,0.022",15411554,15411622,15398922,15399071,15412323,15412336,NA,NA,NA,NA,NA,NA,NA,NA,NA,NA,NA,NA
"KO_vs_Parental","SE","Skipped Exon","Malt1","ENSMUSG00000032688","chr18","+",0.0006545800703738,-0.447,"0.541,0.395,0.246","0.861,0.766,0.895",65589827,65589906,65586745,65586775,65591239,65591443,NA,NA,NA,NA,NA,NA,NA,NA,NA,NA,NA,NA
"KO_vs_Parental","SE","Skipped Exon","Zc3h7a","ENSMUSG00000037965","chr16","-",0.0418278079578815,0.129,"1.0,0.905,1.0","0.782,0.736,1.0",10969729,10969794,10967074,10967271,10970922,10971127,NA,NA,NA,NA,NA,NA,NA,NA,NA,NA,NA,NA
"KO_vs_Parental","SE","Skipped Exon","Tvp23a","ENSMUSG00000050908","chr16","-",0.0466264348335802,0.128,"0.229,0.245,0.367","0.075,0.227,0.155",10245921,10246001,10245246,10245336,10246522,10247049,NA,NA,NA,NA,NA,NA,NA,NA,NA,NA,NA,NA
"KO_vs_Parental","SE","Skipped Exon","Nagpa","ENSMUSG00000023143","chr16","-",0.0401291114644664,-0.134,"0.778,0.897,0.922","1.0,1.0,1.0",5015418,5015482,5013250,5013835,5015575,5015629,NA,NA,NA,NA,NA,NA,NA,NA,NA,NA,NA,NA
"KO_vs_Parental","SE","Skipped Exon","C330018D20Rik","ENSMUSG00000024592","chr18","-",0.000156906897602068,0.356,"0.851,1.0,1.0","0.393,0.655,0.734",57105876,57106015,57090685,57090993,57106455,57106556,NA,NA,NA,NA,NA,NA,NA,NA,NA,NA,NA,NA
"KO_vs_Parental","SE","Skipped Exon","Zfp740","ENSMUSG00000046897","chr15","+",0.00197405356670682,-0.149,"0.441,0.474,0.364","0.604,0.564,0.557",102113663,102113740,102113005,102113318,102116205,102116355,NA,NA,NA,NA,NA,NA,NA,NA,NA,NA,NA,NA
"KO_vs_Parental","SE","Skipped Exon","Csad","ENSMUSG00000023044","chr15","-",3.60759790947291e-06,-0.163,"0.71,0.846,0.787","0.948,0.941,0.942",102086961,102087051,102085433,102086221,102087215,102087267,NA,NA,NA,NA,NA,NA,NA,NA,NA,NA,NA,NA
"KO_vs_Parental","SE","Skipped Exon","Csad","ENSMUSG00000023044","chr15","-",5.71285112020654e-05,-0.341,"0.183,0.304,0.207","0.513,0.652,0.551",102111571,102111695,102097321,102097397,102112573,102112668,NA,NA,NA,NA,NA,NA,NA,NA,NA,NA,NA,NA
"KO_vs_Parental","SE","Skipped Exon","I730030J21Rik","ENSMUSG00000116504","chr15","-",0.00753666334583115,-0.231,"0.923,0.571,0.812","1.0,1.0,1.0",100629055,100629363,100628348,100628765,100630420,100630630,NA,NA,NA,NA,NA,NA,NA,NA,NA,NA,NA,NA
"KO_vs_Parental","SE","Skipped Exon","Racgap1","ENSMUSG00000023015","chr15","-",0.0046974755454263,-0.388,"0.636,0.2,1.0","1.0,1.0,1.0",99537494,99537700,99534012,99534082,99549387,99549463,NA,NA,NA,NA,NA,NA,NA,NA,NA,NA,NA,NA
"KO_vs_Parental","SE","Skipped Exon","Pphln1","ENSMUSG00000036167","chr15","+",0.0238952701087668,-0.117,"0.684,0.721,0.691","0.842,0.855,0.75",93318164,93318371,93296277,93296342,93321894,93321956,NA,NA,NA,NA,NA,NA,NA,NA,NA,NA,NA,NA
"KO_vs_Parental","SE","Skipped Exon","Pphln1","ENSMUSG00000036167","chr15","+",0.0413638241212183,-0.406,"0.0,0.052,0.085","1.0,0.0,0.356",93357552,93357672,93339381,93339593,93386854,93387189,NA,NA,NA,NA,NA,NA,NA,NA,NA,NA,NA,NA
"KO_vs_Parental","SE","Skipped Exon","Sbf1","ENSMUSG00000036529","chr15","-",0.0240738652530769,0.106,"0.575,0.468,0.475","0.41,0.427,0.363",89180154,89180232,89179597,89179779,89183685,89183823,NA,NA,NA,NA,NA,NA,NA,NA,NA,NA,NA,NA
"KO_vs_Parental","SE","Skipped Exon","Serhl","ENSMUSG00000058586","chr15","+",0.00377447681153857,0.245,"0.2,0.5,0.111","0.077,0.0,0.0",82983994,82984201,82981299,82981392,82985844,82986198,NA,NA,NA,NA,NA,NA,NA,NA,NA,NA,NA,NA
"KO_vs_Parental","SE","Skipped Exon","Srebf2","ENSMUSG00000022463","chr15","+",0.00136600166238989,-0.611,"0.333,0.333,0.5","1.0,1.0,1.0",82054139,82054355,82031404,82031691,82059297,82059519,NA,NA,NA,NA,NA,NA,NA,NA,NA,NA,NA,NA
"KO_vs_Parental","SE","Skipped Exon","Aco2","ENSMUSG00000022477","chr15","+",0.000124712052720811,-0.262,"0.714,1.0,0.5","1.0,1.0,1.0",81779370,81779629,81756509,81756749,81787676,81787835,NA,NA,NA,NA,NA,NA,NA,NA,NA,NA,NA,NA
"KO_vs_Parental","SE","Skipped Exon","Chadl","ENSMUSG00000063765","chr15","-",0.0171101245796303,0.26,"0.512,0.581,0.467","0.182,0.357,0.241",81577187,81577354,81576308,81576507,81577734,81578229,NA,NA,NA,NA,NA,NA,NA,NA,NA,NA,NA,NA
"KO_vs_Parental","SE","Skipped Exon","Xlr3b","ENSMUSG00000073125","chrX","+",0.000966096256318796,0.429,"1.0,0.288,1.0","1.0,0.0,0.0",72239547,72239582,72237775,72237897,72245455,72245551,NA,NA,NA,NA,NA,NA,NA,NA,NA,NA,NA,NA
"KO_vs_Parental","SE","Skipped Exon","Tmem184b","ENSMUSG00000009035","chr15","-",5.23319635343233e-06,-0.142,"0.65,0.633,0.637","0.722,0.795,0.829",79247857,79247878,79244903,79247085,79249484,79249679,NA,NA,NA,NA,NA,NA,NA,NA,NA,NA,NA,NA
"KO_vs_Parental","SE","Skipped Exon","Kctd17","ENSMUSG00000033287","chr15","+",1.1777103728992e-05,-0.109,"0.857,0.753,0.796","0.907,0.928,0.897",78321100,78321163,78319784,78319910,78321783,78321871,NA,NA,NA,NA,NA,NA,NA,NA,NA,NA,NA,NA
"KO_vs_Parental","SE","Skipped Exon","Kctd17","ENSMUSG00000033287","chr15","+",4.71167493163264e-06,-0.1,"0.865,0.779,0.81","0.912,0.937,0.904",78321100,78321194,78319784,78319910,78321783,78321871,NA,NA,NA,NA,NA,NA,NA,NA,NA,NA,NA,NA
"KO_vs_Parental","SE","Skipped Exon","Kctd17","ENSMUSG00000033287","chr15","+",1.71162229688725e-12,-0.201,"0.371,0.393,0.345","0.581,0.579,0.551",78321100,78321194,78319784,78319910,78322686,78323109,NA,NA,NA,NA,NA,NA,NA,NA,NA,NA,NA,NA
"KO_vs_Parental","SE","Skipped Exon","Kctd17","ENSMUSG00000033287","chr15","+",0,-0.212,"0.395,0.402,0.343","0.605,0.593,0.577",78321100,78321299,78319784,78319910,78322686,78322847,NA,NA,NA,NA,NA,NA,NA,NA,NA,NA,NA,NA
"KO_vs_Parental","SE","Skipped Exon","Zfp7","ENSMUSG00000033669","chr15","+",0.000343423445142104,-0.332,"0.519,1.0,0.486","1.0,1.0,1.0",76765311,76765438,76763458,76763553,76774206,76774386,NA,NA,NA,NA,NA,NA,NA,NA,NA,NA,NA,NA
"KO_vs_Parental","SE","Skipped Exon","Ppp1r16a","ENSMUSG00000033819","chr15","+",0.028565428913202,0.119,"0.541,0.684,0.601","0.453,0.504,0.512",76573527,76573694,76555846,76555962,76574371,76575352,NA,NA,NA,NA,NA,NA,NA,NA,NA,NA,NA,NA
"KO_vs_Parental","SE","Skipped Exon","Slc39a4","ENSMUSG00000063354","chr15","-",0.0157865496968188,-0.1,"0.843,0.806,0.886","0.966,0.9,0.968",76500074,76500359,76499243,76499439,76500772,76501048,NA,NA,NA,NA,NA,NA,NA,NA,NA,NA,NA,NA
"KO_vs_Parental","SE","Skipped Exon","Grina","ENSMUSG00000022564","chr15","+",0,-0.122,"0.094,0.105,0.102","0.175,0.254,0.238",76131839,76131937,76130969,76131100,76132050,76132377,NA,NA,NA,NA,NA,NA,NA,NA,NA,NA,NA,NA
"KO_vs_Parental","SE","Skipped Exon","Puf60","ENSMUSG00000002524","chr15","-",8.30960801005284e-09,0.113,"0.31,0.312,0.344","0.203,0.207,0.217",75946455,75946506,75944255,75944417,75947390,75947480,NA,NA,NA,NA,NA,NA,NA,NA,NA,NA,NA,NA
"KO_vs_Parental","SE","Skipped Exon","Scrib","ENSMUSG00000022568","chr15","-",1.55268427519533e-08,-0.181,"0.283,0.362,0.295","0.481,0.516,0.485",75919770,75919845,75919469,75919521,75919963,75920001,NA,NA,NA,NA,NA,NA,NA,NA,NA,NA,NA,NA
"KO_vs_Parental","SE","Skipped Exon","Scrib","ENSMUSG00000022568","chr15","-",6.38635556718577e-10,-0.155,"0.595,0.602,0.587","0.755,0.727,0.768",75921305,75921389,75921051,75921150,75921898,75921961,NA,NA,NA,NA,NA,NA,NA,NA,NA,NA,NA,NA
"KO_vs_Parental","SE","Skipped Exon","Ptk2","ENSMUSG00000022607","chr15","-",0.000708122398640792,-0.138,"0.726,0.793,0.741","0.843,0.909,0.922",73236889,73237044,73214981,73215208,73294857,73294965,NA,NA,NA,NA,NA,NA,NA,NA,NA,NA,NA,NA
"KO_vs_Parental","SE","Skipped Exon","Ptk2","ENSMUSG00000022607","chr15","-",0.0186826673153825,-0.213,"0.441,0.53,0.478","0.654,0.718,0.717",73263607,73263729,73214981,73215208,73294857,73294927,NA,NA,NA,NA,NA,NA,NA,NA,NA,NA,NA,NA
"KO_vs_Parental","SE","Skipped Exon","Phf20l1","ENSMUSG00000072501","chr15","+",0.00877791746847805,0.136,"0.703,0.619,0.663","0.53,0.506,0.54",66469513,66469603,66469207,66469296,66475875,66476089,NA,NA,NA,NA,NA,NA,NA,NA,NA,NA,NA,NA
"KO_vs_Parental","SE","Skipped Exon","Phf20l1","ENSMUSG00000072501","chr15","+",1.52555711092921e-06,-0.235,"0.584,0.472,0.497","0.748,0.798,0.713",66495609,66495732,66494609,66494666,66495840,66495948,NA,NA,NA,NA,NA,NA,NA,NA,NA,NA,NA,NA
"KO_vs_Parental","SE","Skipped Exon","Pvt1","ENSMUSG00000097039","chr15","+",0.00498605781113889,0.11,"1.0,1.0,1.0","1.0,1.0,0.669",62031845,62031977,61978996,61979314,62094585,62094752,NA,NA,NA,NA,NA,NA,NA,NA,NA,NA,NA,NA
"KO_vs_Parental","SE","Skipped Exon","Pvt1","ENSMUSG00000097039","chr15","+",0.00256697226218038,-0.229,"0.509,0.339,0.474","0.676,0.697,0.635",62047612,62047775,62047315,62047397,62094585,62094752,NA,NA,NA,NA,NA,NA,NA,NA,NA,NA,NA,NA
"KO_vs_Parental","SE","Skipped Exon","Pvt1","ENSMUSG00000097039","chr15","+",9.10390602501822e-06,-0.113,"0.208,0.164,0.159","0.277,0.288,0.305",62047612,62047775,62047315,62047397,62114022,62114146,NA,NA,NA,NA,NA,NA,NA,NA,NA,NA,NA,NA
"KO_vs_Parental","SE","Skipped Exon","Eif3h","ENSMUSG00000022312","chr15","-",0.0361900954825328,0.1,"1.0,1.0,1.0","1.0,1.0,0.699",51661008,51661108,51653388,51653509,51705863,51706020,NA,NA,NA,NA,NA,NA,NA,NA,NA,NA,NA,NA
"KO_vs_Parental","SE","Skipped Exon","Azin1","ENSMUSG00000037458","chr15","-",2.2074843603236e-11,-0.111,"0.165,0.145,0.136","0.278,0.259,0.241",38507430,38507590,38501647,38501844,38514716,38514853,NA,NA,NA,NA,NA,NA,NA,NA,NA,NA,NA,NA
"KO_vs_Parental","SE","Skipped Exon","Mrps18b","ENSMUSG00000024436","chr17","-",0.0446080995397589,-0.507,"0.0,0.479,0.805","0.805,1.0,1.0",36223229,36223296,36221270,36221848,36225383,36225481,NA,NA,NA,NA,NA,NA,NA,NA,NA,NA,NA,NA
"KO_vs_Parental","SE","Skipped Exon","Nipal2","ENSMUSG00000038879","chr15","-",1.45414710842873e-05,-0.312,"0.669,0.635,0.683","0.924,1.0,1.0",34600160,34600257,34584775,34584911,34648811,34648983,NA,NA,NA,NA,NA,NA,NA,NA,NA,NA,NA,NA
"KO_vs_Parental","SE","Skipped Exon","Nipal2","ENSMUSG00000038879","chr15","-",0.0262315334998424,-0.201,"0.573,0.729,0.706","0.881,0.877,0.854",34609318,34609440,34584775,34584911,34625117,34625177,NA,NA,NA,NA,NA,NA,NA,NA,NA,NA,NA,NA
"KO_vs_Parental","SE","Skipped Exon","Nipal2","ENSMUSG00000038879","chr15","-",3.79172984141327e-05,-0.181,"0.83,0.762,0.811","0.947,1.0,1.0",34625117,34625177,34584775,34584911,34648811,34648983,NA,NA,NA,NA,NA,NA,NA,NA,NA,NA,NA,NA
"KO_vs_Parental","SE","Skipped Exon","Nup155","ENSMUSG00000022142","chr15","+",0.00118080113205882,-0.147,"0.676,0.882,1.0","1.0,1.0,1.0",8173259,8173403,8172529,8172643,8174971,8175107,NA,NA,NA,NA,NA,NA,NA,NA,NA,NA,NA,NA
"KO_vs_Parental","SE","Skipped Exon","Tmtc4","ENSMUSG00000041594","chr14","-",0.0248520106626846,0.196,"0.714,1.0,0.905","1.0,0.385,0.647",123217282,123217486,123215485,123215698,123220350,123220554,NA,NA,NA,NA,NA,NA,NA,NA,NA,NA,NA,NA
"KO_vs_Parental","SE","Skipped Exon","Mbnl2","ENSMUSG00000022139","chr14","+",1.65890050303379e-07,-0.135,"0.198,0.238,0.211","0.321,0.379,0.353",120640747,120640783,120633862,120634016,120642049,120642078,NA,NA,NA,NA,NA,NA,NA,NA,NA,NA,NA,NA
"KO_vs_Parental","SE","Skipped Exon","Uggt2","ENSMUSG00000042104","chr14","-",1.81750701079681e-05,-0.576,"1.0,0.0,0.273","1.0,1.0,1.0",119256878,119257074,119251943,119252019,119263833,119264023,NA,NA,NA,NA,NA,NA,NA,NA,NA,NA,NA,NA
"KO_vs_Parental","SE","Skipped Exon","9330188P03Rik","ENSMUSG00000115149","chr14","+",4.75187302548229e-07,-0.182,"0.349,0.259,0.256","0.451,0.449,0.511",105828581,105830733,105826982,105827107,105831014,105831209,NA,NA,NA,NA,NA,NA,NA,NA,NA,NA,NA,NA
"KO_vs_Parental","SE","Skipped Exon","9330188P03Rik","ENSMUSG00000115149","chr14","+",0.000555088891653292,-0.138,"0.434,0.332,0.361","0.492,0.489,0.561",105830125,105830733,105826974,105827107,105831014,105831346,NA,NA,NA,NA,NA,NA,NA,NA,NA,NA,NA,NA
"KO_vs_Parental","SE","Skipped Exon","Tbc1d4","ENSMUSG00000033083","chr14","-",8.50099271685382e-06,-0.29,"0.393,0.248,0.235","0.62,0.61,0.515",101698134,101698137,101696170,101696329,101700310,101700520,NA,NA,NA,NA,NA,NA,NA,NA,NA,NA,NA,NA
"KO_vs_Parental","SE","Skipped Exon","Dis3","ENSMUSG00000033166","chr14","-",1.35049985129328e-07,-0.219,"0.364,0.305,0.299","0.498,0.503,0.623",99336554,99336622,99336118,99336276,99336881,99337200,NA,NA,NA,NA,NA,NA,NA,NA,NA,NA,NA,NA
"KO_vs_Parental","SE","Skipped Exon","Enox1","ENSMUSG00000022012","chr14","+",0.00238854641047428,0.102,"0.175,0.14,0.259","0.059,0.109,0.1",77870002,77870059,77852878,77852996,77875055,77875240,NA,NA,NA,NA,NA,NA,NA,NA,NA,NA,NA,NA
"KO_vs_Parental","SE","Skipped Exon","Kctd9","ENSMUSG00000034327","chr14","+",0.000156936457596239,-0.127,"0.759,0.782,0.722","0.826,0.915,0.902",67971589,67971739,67970795,67970891,67975054,67975160,NA,NA,NA,NA,NA,NA,NA,NA,NA,NA,NA,NA
"KO_vs_Parental","SE","Skipped Exon","Soat2","ENSMUSG00000023045","chr15","+",7.65343172274502e-05,-0.114,"0.811,0.853,0.906","0.921,1.0,0.99",102069024,102069122,102067148,102067278,102069486,102069585,NA,NA,NA,NA,NA,NA,NA,NA,NA,NA,NA,NA
"KO_vs_Parental","SE","Skipped Exon","Hmbox1","ENSMUSG00000021972","chr14","-",0.00138547240036193,-0.147,"0.229,0.186,0.239","0.301,0.41,0.383",65062747,65062819,65054465,65054585,65063049,65063141,NA,NA,NA,NA,NA,NA,NA,NA,NA,NA,NA,NA
"KO_vs_Parental","SE","Skipped Exon","Dleu2","ENSMUSG00000097589","chr14","-",0.00126677701305995,-0.525,"0.555,0.0,0.4","0.529,1.0,1.0",61861881,61861931,61840479,61841255,61862668,61862811,NA,NA,NA,NA,NA,NA,NA,NA,NA,NA,NA,NA
"KO_vs_Parental","SE","Skipped Exon","Cab39l","ENSMUSG00000021981","chr14","+",0.000338584853769933,0.238,"0.418,0.054,0.243","0.0,0.0,0.0",59716492,59716633,59699083,59699151,59743713,59743832,NA,NA,NA,NA,NA,NA,NA,NA,NA,NA,NA,NA
"KO_vs_Parental","SE","Skipped Exon","Cab39l","ENSMUSG00000021981","chr14","+",0.00245149020642702,0.243,"0.946,0.974,0.952","0.673,0.625,0.846",59716492,59716633,59715480,59715522,59734251,59734393,NA,NA,NA,NA,NA,NA,NA,NA,NA,NA,NA,NA
"KO_vs_Parental","SE","Skipped Exon","Setdb2","ENSMUSG00000071350","chr14","-",0.0187496294356443,-0.143,"0.635,0.723,0.669","0.745,0.763,0.947",59674885,59675214,59668591,59668717,59678035,59678324,NA,NA,NA,NA,NA,NA,NA,NA,NA,NA,NA,NA
"KO_vs_Parental","SE","Skipped Exon","Zmym5","ENSMUSG00000040123","chr14","-",0.0273794248988167,-0.153,"0.904,1.0,0.637","1.0,1.0,1.0",57048196,57048316,57047997,57048053,57049048,57049173,NA,NA,NA,NA,NA,NA,NA,NA,NA,NA,NA,NA
"KO_vs_Parental","SE","Skipped Exon","Acin1","ENSMUSG00000022185","chr14","-",0.00274667367607248,-0.104,"0.401,0.406,0.38","0.473,0.495,0.532",54916199,54916319,54904529,54904618,54916697,54916809,NA,NA,NA,NA,NA,NA,NA,NA,NA,NA,NA,NA
"KO_vs_Parental","SE","Skipped Exon","Slc7a7","ENSMUSG00000000958","chr14","-",0.0006545800703738,0.146,"1.0,1.0,1.0","0.686,1.0,0.876",54612004,54612128,54611670,54611774,54645959,54646505,NA,NA,NA,NA,NA,NA,NA,NA,NA,NA,NA,NA
"KO_vs_Parental","SE","Skipped Exon","Ktn1","ENSMUSG00000021843","chr14","+",1.02697337813697e-13,-0.178,"0.649,0.653,0.613","0.805,0.83,0.814",47963385,47963457,47962334,47962427,47963682,47963766,NA,NA,NA,NA,NA,NA,NA,NA,NA,NA,NA,NA
"KO_vs_Parental","SE","Skipped Exon","Gmfb","ENSMUSG00000062014","chr14","-",0.00994051907460525,0.148,"0.138,0.428,0.077","0.0,0.0,0.2",47053634,47053684,47051700,47051774,47059557,47059641,NA,NA,NA,NA,NA,NA,NA,NA,NA,NA,NA,NA
"KO_vs_Parental","SE","Skipped Exon","Xpo4","ENSMUSG00000021952","chr14","-",1.36912286710113e-05,-0.116,"0.776,0.917,0.895","0.986,1.0,0.95",57839945,57840123,57835342,57835502,57841042,57841188,NA,NA,NA,NA,NA,NA,NA,NA,NA,NA,NA,NA
"KO_vs_Parental","SE","Skipped Exon","Xpo4","ENSMUSG00000021952","chr14","-",0.0230234743760233,-0.109,"0.323,0.304,0.328","0.445,0.367,0.469",57880791,57880946,57879256,57880680,57885875,57885981,NA,NA,NA,NA,NA,NA,NA,NA,NA,NA,NA,NA
"KO_vs_Parental","SE","Skipped Exon","Ddhd1","ENSMUSG00000037697","chr14","-",0.00168097509528482,0.222,"0.629,0.398,0.419","0.243,0.308,0.229",45860297,45860399,45858168,45858297,45866310,45866331,NA,NA,NA,NA,NA,NA,NA,NA,NA,NA,NA,NA
"KO_vs_Parental","SE","Skipped Exon","Ddhd1","ENSMUSG00000037697","chr14","-",0.00244269707314012,0.1,"0.302,0.272,0.223","0.141,0.201,0.154",45860297,45860399,45858168,45858297,45867036,45867210,NA,NA,NA,NA,NA,NA,NA,NA,NA,NA,NA,NA
"KO_vs_Parental","SE","Skipped Exon","Psmc6","ENSMUSG00000021832","chr14","+",0.01081943797288,-0.246,"0.288,0.195,0.386","0.418,0.585,0.605",45567822,45567978,45567303,45567560,45568286,45568366,NA,NA,NA,NA,NA,NA,NA,NA,NA,NA,NA,NA
"KO_vs_Parental","SE","Skipped Exon","Gtsf1","ENSMUSG00000022487","chr15","-",0.000467656536837754,0.188,"0.139,0.374,0.05","0.0,0.0,0.0",103338285,103338421,103336766,103336811,103338603,103338671,NA,NA,NA,NA,NA,NA,NA,NA,NA,NA,NA,NA
"KO_vs_Parental","SE","Skipped Exon","Glt8d1","ENSMUSG00000021916","chr14","+",3.2981015727655e-07,0.112,"0.189,0.193,0.255","0.074,0.125,0.103",30726651,30726747,30723360,30723385,30728415,30728469,NA,NA,NA,NA,NA,NA,NA,NA,NA,NA,NA,NA
"KO_vs_Parental","SE","Skipped Exon","Sfmbt1","ENSMUSG00000006527","chr14","+",5.56687500957937e-09,0.659,"1.0,1.0,1.0","0.292,0.41,0.322",30460495,30460587,30437571,30437832,30487919,30488058,NA,NA,NA,NA,NA,NA,NA,NA,NA,NA,NA,NA
"KO_vs_Parental","SE","Skipped Exon","Arhgef3","ENSMUSG00000021895","chr14","+",1.2014211964926e-05,-0.22,"0.0,0.0,0.055","0.178,0.28,0.257",26865949,26866087,26836855,26836880,26874918,26875012,NA,NA,NA,NA,NA,NA,NA,NA,NA,NA,NA,NA
"KO_vs_Parental","SE","Skipped Exon","Duxbl1","ENSMUSG00000048502","chr14","+",0.00377447681153857,-0.307,"0.25,0.647,1.0","1.0,0.818,1.0",25980743,25980945,25979506,25980098,25983911,25983969,NA,NA,NA,NA,NA,NA,NA,NA,NA,NA,NA,NA
"KO_vs_Parental","SE","Skipped Exon","Dlg5","ENSMUSG00000021782","chr14","-",0.00344425703798802,0.166,"0.849,0.918,0.934","0.653,0.833,0.718",24252365,24252434,24242859,24243022,24295214,24295988,NA,NA,NA,NA,NA,NA,NA,NA,NA,NA,NA,NA
"KO_vs_Parental","SE","Skipped Exon","Fam149b","ENSMUSG00000039599","chr14","+",0.0057870533722394,0.29,"1.0,1.0,1.0","0.697,1.0,0.434",20406422,20406565,20401379,20401484,20413330,20413518,NA,NA,NA,NA,NA,NA,NA,NA,NA,NA,NA,NA
"KO_vs_Parental","SE","Skipped Exon","Fam149b","ENSMUSG00000039599","chr14","+",0.0020771240332951,-0.101,"0.911,0.912,0.726","0.937,0.981,0.934",20409822,20409984,20408091,20408208,20413330,20413518,NA,NA,NA,NA,NA,NA,NA,NA,NA,NA,NA,NA
"KO_vs_Parental","SE","Skipped Exon","Nkiras1","ENSMUSG00000021772","chr14","-",0.000116622734252377,0.11,"0.342,0.298,0.262","0.219,0.175,0.178",4191594,4191852,4191150,4191392,4192889,4193000,NA,NA,NA,NA,NA,NA,NA,NA,NA,NA,NA,NA
"KO_vs_Parental","SE","Skipped Exon","Hdac6","ENSMUSG00000031161","chrX","-",4.25083247432833e-05,-0.1,"0.849,0.828,0.89","0.947,0.941,0.979",7810812,7810853,7809637,7809976,7812901,7812990,NA,NA,NA,NA,NA,NA,NA,NA,NA,NA,NA,NA
"KO_vs_Parental","SE","Skipped Exon","Kif2a","ENSMUSG00000021693","chr13","-",0.000187905888003856,-0.109,"0.361,0.377,0.342","0.478,0.443,0.486",107106211,107106325,107105145,107105296,107111002,107111070,NA,NA,NA,NA,NA,NA,NA,NA,NA,NA,NA,NA
"KO_vs_Parental","SE","Skipped Exon","Adamts6","ENSMUSG00000046169","chr13","+",0.0461239272163656,-0.258,"0.364,0.625,1.0","1.0,0.762,1.0",104581651,104581719,104581322,104581461,104582123,104582212,NA,NA,NA,NA,NA,NA,NA,NA,NA,NA,NA,NA
"KO_vs_Parental","SE","Skipped Exon","Erbin","ENSMUSG00000021709","chr13","-",0.000402455609312463,-0.102,"0.609,0.637,0.572","0.72,0.719,0.684",103966695,103966839,103964414,103964531,103970005,103971536,NA,NA,NA,NA,NA,NA,NA,NA,NA,NA,NA,NA
"KO_vs_Parental","SE","Skipped Exon","Erbin","ENSMUSG00000021709","chr13","-",3.91719442320656e-06,-0.402,"0.778,0.333,0.684","1.0,1.0,1.0",104022648,104022846,104005327,104005406,104056753,104056803,NA,NA,NA,NA,NA,NA,NA,NA,NA,NA,NA,NA
"KO_vs_Parental","SE","Skipped Exon","Tcf7l2","ENSMUSG00000024985","chr19","+",0.000229223801543557,0.19,"0.625,0.591,0.542","0.391,0.44,0.356",55743445,55743514,55731504,55731629,55806195,55806297,NA,NA,NA,NA,NA,NA,NA,NA,NA,NA,NA,NA
"KO_vs_Parental","SE","Skipped Exon","Tcf7l2","ENSMUSG00000024985","chr19","+",0.021370133527105,0.116,"0.216,0.241,0.171","0.106,0.125,0.05",55915115,55915188,55912327,55912376,55919865,55920641,NA,NA,NA,NA,NA,NA,NA,NA,NA,NA,NA,NA
"KO_vs_Parental","SE","Skipped Exon","Tcf7l2","ENSMUSG00000024985","chr19","+",0.000144925292810683,-0.23,"0.575,0.51,0.474","0.736,0.774,0.74",55916161,55916186,55914408,55914481,55919865,55921661,NA,NA,NA,NA,NA,NA,NA,NA,NA,NA,NA,NA
"KO_vs_Parental","SE","Skipped Exon","Tcf7l2","ENSMUSG00000024985","chr19","+",8.31582603574912e-05,-0.261,"0.535,0.711,0.625","0.892,0.829,0.934",55916161,55916186,55915115,55915188,55919865,55921661,NA,NA,NA,NA,NA,NA,NA,NA,NA,NA,NA,NA
"KO_vs_Parental","SE","Skipped Exon","Gm46430","ENSMUSG00000113204","chr13","-",0.000156936457596239,-0.268,"0.63,0.565,1.0","1.0,1.0,1.0",74731765,74731992,74730309,74730367,74739390,74739510,NA,NA,NA,NA,NA,NA,NA,NA,NA,NA,NA,NA
"KO_vs_Parental","SE","Skipped Exon","Zfp58","ENSMUSG00000071291","chr13","-",0.00675526133378442,-0.117,"0.0,0.0,0.0","0.13,0.22,0.0",67644303,67644330,67642721,67642848,67648529,67648622,NA,NA,NA,NA,NA,NA,NA,NA,NA,NA,NA,NA
"KO_vs_Parental","SE","Skipped Exon","Carnmt1","ENSMUSG00000024726","chr19","+",0.00112163464644698,0.239,"1.0,0.87,0.972","0.759,0.864,0.501",18680724,18680828,18656467,18656631,18681383,18681586,NA,NA,NA,NA,NA,NA,NA,NA,NA,NA,NA,NA
"KO_vs_Parental","SE","Skipped Exon","Fancc","ENSMUSG00000021461","chr13","-",0.00406288359107288,0.109,"0.955,1.0,1.0","0.841,0.786,1.0",63545896,63545991,63509392,63509506,63579263,63579508,NA,NA,NA,NA,NA,NA,NA,NA,NA,NA,NA,NA
"KO_vs_Parental","SE","Skipped Exon","Platr25","ENSMUSG00000074863","chr13","-",0.000169588367967088,-0.404,"0.572,0.431,0.459","1.0,0.874,0.801",62871911,62872031,62853943,62854070,62886705,62886912,NA,NA,NA,NA,NA,NA,NA,NA,NA,NA,NA,NA
"KO_vs_Parental","SE","Skipped Exon","Platr25","ENSMUSG00000074863","chr13","-",0.000716317988080448,-0.189,"1.0,0.649,0.783","1.0,1.0,1.0",62871911,62872031,62855967,62856023,62886705,62886912,NA,NA,NA,NA,NA,NA,NA,NA,NA,NA,NA,NA
"KO_vs_Parental","SE","Skipped Exon","Platr25","ENSMUSG00000074863","chr13","-",0.0430326799045212,-0.203,"0.412,0.692,1.0","1.0,1.0,0.714",62894415,62894645,62853943,62854070,62908395,62908523,NA,NA,NA,NA,NA,NA,NA,NA,NA,NA,NA,NA
"KO_vs_Parental","SE","Skipped Exon","Platr25","ENSMUSG00000074863","chr13","-",0.0248520106626846,-0.19,"0.158,0.359,0.184","0.385,0.415,0.471",62894415,62894645,62886705,62886912,62908395,62908523,NA,NA,NA,NA,NA,NA,NA,NA,NA,NA,NA,NA
"KO_vs_Parental","SE","Skipped Exon","Klhl3","ENSMUSG00000014164","chr13","-",0.000351096346216278,0.412,"1.0,1.0,1.0","0.322,0.442,1.0",58164259,58164361,58161643,58161772,58166610,58166808,NA,NA,NA,NA,NA,NA,NA,NA,NA,NA,NA,NA
"KO_vs_Parental","SE","Skipped Exon","Tcof1","ENSMUSG00000024613","chr18","-",4.94417825986167e-08,-0.121,"0.812,0.825,0.798","0.972,0.862,0.963",60965237,60965381,60964845,60965067,60965498,60965696,NA,NA,NA,NA,NA,NA,NA,NA,NA,NA,NA,NA
"KO_vs_Parental","SE","Skipped Exon","Fam193b","ENSMUSG00000021495","chr13","-",0.0408536283652424,0.145,"0.124,0.299,0.092","0.0,0.0,0.081",55712332,55712393,55690596,55691602,55718587,55718913,NA,NA,NA,NA,NA,NA,NA,NA,NA,NA,NA,NA
"KO_vs_Parental","SE","Skipped Exon","Chka","ENSMUSG00000024843","chr19","+",2.48156497784027e-10,0.189,"0.317,0.272,0.231","0.093,0.091,0.069",3921002,3921062,3914647,3914759,3925734,3925788,NA,NA,NA,NA,NA,NA,NA,NA,NA,NA,NA,NA
"KO_vs_Parental","SE","Skipped Exon","Pdxk-ps","ENSMUSG00000121449","chr17","-",0.00245962252558269,-0.101,"0.817,1.0,0.88","1.0,1.0,1.0",32305003,32305082,32303019,32303066,32306732,32306813,NA,NA,NA,NA,NA,NA,NA,NA,NA,NA,NA,NA
"KO_vs_Parental","SE","Skipped Exon","Ssr1","ENSMUSG00000021427","chr13","-",0.00103622076099931,-0.108,"0.404,0.362,0.306","0.434,0.449,0.513",38167070,38167085,38163718,38163782,38167368,38167462,NA,NA,NA,NA,NA,NA,NA,NA,NA,NA,NA,NA
"KO_vs_Parental","SE","Skipped Exon","Prpf4b","ENSMUSG00000021413","chr13","+",1.36912286710113e-05,-0.171,"0.251,0.213,0.162","0.293,0.449,0.396",35083297,35083438,35083091,35083206,35083813,35083965,NA,NA,NA,NA,NA,NA,NA,NA,NA,NA,NA,NA
"KO_vs_Parental","SE","Skipped Exon","Mboat1","ENSMUSG00000038732","chr13","+",0.00442515294299334,0.244,"0.811,1.0,1.0","0.948,0.627,0.503",30378518,30378664,30320471,30320745,30386307,30386403,NA,NA,NA,NA,NA,NA,NA,NA,NA,NA,NA,NA
"KO_vs_Parental","SE","Skipped Exon","A330102I10Rik","ENSMUSG00000086363","chr13","+",6.57526551838745e-09,0.85,"1.0,0.75,1.0","0.0,0.2,0.0",29200692,29200862,29198240,29198517,29207158,29207195,NA,NA,NA,NA,NA,NA,NA,NA,NA,NA,NA,NA
"KO_vs_Parental","SE","Skipped Exon","A330102I10Rik","ENSMUSG00000086363","chr13","+",0.0057870533722394,-0.363,"0.621,1.0,0.291","1.0,1.0,1.0",29207613,29207706,29207158,29207195,29212404,29212791,NA,NA,NA,NA,NA,NA,NA,NA,NA,NA,NA,NA
"KO_vs_Parental","SE","Skipped Exon","Zkscan8","ENSMUSG00000063894","chr13","-",2.62406875650625e-06,0.303,"1.0,0.807,0.951","0.715,0.563,0.571",21705955,21706079,21697391,21705132,21709307,21709476,NA,NA,NA,NA,NA,NA,NA,NA,NA,NA,NA,NA
"KO_vs_Parental","SE","Skipped Exon","Zkscan8","ENSMUSG00000063894","chr13","-",2.08075658048967e-06,0.395,"1.0,0.747,0.93","0.545,0.496,0.45",21706393,21706485,21697391,21705132,21709307,21709476,NA,NA,NA,NA,NA,NA,NA,NA,NA,NA,NA,NA
"KO_vs_Parental","SE","Skipped Exon","Zscan26","ENSMUSG00000022228","chr13","-",0.000935146932632135,-0.234,"0.603,0.645,0.807","0.931,0.826,1.0",21633443,21633503,21631955,21632064,21633610,21633686,NA,NA,NA,NA,NA,NA,NA,NA,NA,NA,NA,NA
"KO_vs_Parental","SE","Skipped Exon","Tbce","ENSMUSG00000039233","chr13","-",7.684636393911e-11,-0.195,"0.706,0.839,0.729","0.945,0.943,0.972",14178117,14178281,14175694,14175763,14179727,14179868,NA,NA,NA,NA,NA,NA,NA,NA,NA,NA,NA,NA
"KO_vs_Parental","SE","Skipped Exon","Tbce","ENSMUSG00000039233","chr13","-",3.21986359143672e-12,-0.166,"0.76,0.876,0.765","0.963,0.959,0.978",14178127,14178281,14175694,14175763,14179727,14179868,NA,NA,NA,NA,NA,NA,NA,NA,NA,NA,NA,NA
"KO_vs_Parental","SE","Skipped Exon","Ssbp2","ENSMUSG00000003992","chr13","+",0.0287225886851198,0.202,"1.0,1.0,1.0","1.0,1.0,0.393",91687453,91687515,91609168,91609367,91812236,91812296,NA,NA,NA,NA,NA,NA,NA,NA,NA,NA,NA,NA
"KO_vs_Parental","SE","Skipped Exon","Klc1","ENSMUSG00000021288","chr12","+",2.2539091547052e-05,0.119,"0.695,0.675,0.714","0.539,0.62,0.568",111760082,111760133,111755758,111755893,111760770,111761329,NA,NA,NA,NA,NA,NA,NA,NA,NA,NA,NA,NA
"KO_vs_Parental","SE","Skipped Exon","Klc1","ENSMUSG00000021288","chr12","+",0.00201349153446383,-0.168,"0.63,0.583,0.586","0.739,0.829,0.735",111760082,111760133,111755758,111755920,111772441,111772508,NA,NA,NA,NA,NA,NA,NA,NA,NA,NA,NA,NA
"KO_vs_Parental","SE","Skipped Exon","Klc1","ENSMUSG00000021288","chr12","+",4.29391318495155e-09,-0.127,"0.809,0.815,0.771","0.912,0.945,0.918",111761981,111762112,111755758,111755920,111772441,111772508,NA,NA,NA,NA,NA,NA,NA,NA,NA,NA,NA,NA
"KO_vs_Parental","SE","Skipped Exon","Exoc3l4","ENSMUSG00000021280","chr12","+",0.0182768052345594,0.223,"0.381,0.693,0.0","0.17,0.0,0.235",111384095,111384188,111383909,111383954,111385193,111385298,NA,NA,NA,NA,NA,NA,NA,NA,NA,NA,NA,NA
"KO_vs_Parental","SE","Skipped Exon","Exoc3l4","ENSMUSG00000021280","chr12","+",0.0284895631568352,0.167,"0.409,0.536,0.0","0.188,0.0,0.257",111384122,111384188,111383909,111383954,111385193,111385298,NA,NA,NA,NA,NA,NA,NA,NA,NA,NA,NA,NA
"KO_vs_Parental","SE","Skipped Exon","Gm19605","ENSMUSG00000113585","chr12","-",0.0286412416393123,0.208,"0.486,0.312,0.395","0.2,0.135,0.234",110444793,110445057,110440961,110443435,110450469,110450641,NA,NA,NA,NA,NA,NA,NA,NA,NA,NA,NA,NA
"KO_vs_Parental","SE","Skipped Exon","Wdr25","ENSMUSG00000040877","chr12","+",0.0338863525086321,-0.31,"0.579,0.44,0.8","1.0,1.0,0.75",108862817,108862985,108860242,108861815,108863834,108864651,NA,NA,NA,NA,NA,NA,NA,NA,NA,NA,NA,NA
"KO_vs_Parental","SE","Skipped Exon","Wdr25","ENSMUSG00000040877","chr12","+",0.0265836349580679,0.116,"1.0,0.91,1.0","1.0,0.83,0.733",108958732,108958863,108863834,108864651,108990888,108991059,NA,NA,NA,NA,NA,NA,NA,NA,NA,NA,NA,NA
"KO_vs_Parental","SE","Skipped Exon","Lmf1","ENSMUSG00000002279","chr17","+",0.00998198787459167,0.133,"0.777,0.928,0.873","0.769,0.712,0.699",25807649,25807716,25804516,25804826,25831269,25831418,NA,NA,NA,NA,NA,NA,NA,NA,NA,NA,NA,NA
"KO_vs_Parental","SE","Skipped Exon","Gm26839","ENSMUSG00000097917","chr12","+",0.0332812000832768,0.255,"0.765,1.0,1.0","0.4,1.0,0.6",99585054,99585234,99531401,99531531,99585881,99586297,NA,NA,NA,NA,NA,NA,NA,NA,NA,NA,NA,NA
"KO_vs_Parental","SE","Skipped Exon","Ttc8","ENSMUSG00000021013","chr12","+",0.000464670395864923,-0.444,"0.122,0.0,1.0","0.454,1.0,1.0",98903378,98903408,98887078,98887208,98908476,98908597,NA,NA,NA,NA,NA,NA,NA,NA,NA,NA,NA,NA
"KO_vs_Parental","SE","Skipped Exon","Cryzl1","ENSMUSG00000058240","chr16","-",0.0237489680308127,0.533,"0.204,1.0,1.0","0.606,0.0,0.0",91505716,91505761,91497959,91498093,91514291,91514357,NA,NA,NA,NA,NA,NA,NA,NA,NA,NA,NA,NA
"KO_vs_Parental","SE","Skipped Exon","Papln","ENSMUSG00000021223","chr12","+",0.0122415103439994,0.21,"0.409,0.242,0.129","0.049,0.037,0.065",83822622,83822688,83822116,83822243,83823127,83823335,NA,NA,NA,NA,NA,NA,NA,NA,NA,NA,NA,NA
"KO_vs_Parental","SE","Skipped Exon","Pcnx","ENSMUSG00000021140","chr12","+",0.0483695196394613,0.2,"0.666,0.596,0.752","0.491,0.59,0.332",81975018,81975148,81964438,81966154,81980304,81980489,NA,NA,NA,NA,NA,NA,NA,NA,NA,NA,NA,NA
"KO_vs_Parental","SE","Skipped Exon","Slc38a6","ENSMUSG00000044712","chr12","+",0.00884538041484008,0.207,"0.954,0.841,0.972","0.662,0.797,0.687",73376753,73376832,73365402,73365790,73383795,73383878,NA,NA,NA,NA,NA,NA,NA,NA,NA,NA,NA,NA
"KO_vs_Parental","SE","Skipped Exon","Meiob","ENSMUSG00000024155","chr17","+",0.0403225146862875,-0.207,"0.627,1.0,0.751","1.0,1.0,1.0",25038845,25038918,25037250,25037382,25042505,25042701,NA,NA,NA,NA,NA,NA,NA,NA,NA,NA,NA,NA
"KO_vs_Parental","SE","Skipped Exon","Dmac2l","ENSMUSG00000054894","chr12","+",3.89048864799523e-05,0.132,"0.387,0.419,0.34","0.277,0.251,0.221",69772228,69772328,69771723,69771788,69784724,69784835,NA,NA,NA,NA,NA,NA,NA,NA,NA,NA,NA,NA
"KO_vs_Parental","SE","Skipped Exon","Prpf39","ENSMUSG00000035597","chr12","+",0.000175616849527922,-0.159,"0.657,0.664,0.645","0.82,0.751,0.873",65090488,65090651,65090100,65090131,65090779,65090898,NA,NA,NA,NA,NA,NA,NA,NA,NA,NA,NA,NA
"KO_vs_Parental","SE","Skipped Exon","Prpf39","ENSMUSG00000035597","chr12","+",0.000387297375083607,-0.177,"0.617,0.618,0.597","0.807,0.708,0.849",65090541,65090651,65090063,65090131,65090779,65090898,NA,NA,NA,NA,NA,NA,NA,NA,NA,NA,NA,NA
"KO_vs_Parental","SE","Skipped Exon","Prpf39","ENSMUSG00000035597","chr12","+",0.000956598192929454,-0.156,"0.604,0.572,0.64","0.693,0.735,0.855",65102207,65102307,65101929,65102094,65102411,65102538,NA,NA,NA,NA,NA,NA,NA,NA,NA,NA,NA,NA
"KO_vs_Parental","SE","Skipped Exon","Mipol1","ENSMUSG00000047022","chr12","+",0.0129037492010284,0.103,"0.582,0.582,0.583","0.508,0.485,0.446",57350130,57350337,57277212,57277397,57352796,57352923,NA,NA,NA,NA,NA,NA,NA,NA,NA,NA,NA,NA
"KO_vs_Parental","SE","Skipped Exon","2700097O09Rik","ENSMUSG00000062198","chr12","-",9.99404477480686e-05,-0.14,"0.896,0.844,0.841","1.0,1.0,1.0",55104026,55104137,55100085,55100192,55109772,55109894,NA,NA,NA,NA,NA,NA,NA,NA,NA,NA,NA,NA
"KO_vs_Parental","SE","Skipped Exon","Nrcam","ENSMUSG00000020598","chr12","+",0.00465454392028151,0.228,"0.818,1.0,1.0","0.68,0.455,1.0",44631617,44631770,44624927,44624963,44636890,44637022,NA,NA,NA,NA,NA,NA,NA,NA,NA,NA,NA,NA
"KO_vs_Parental","SE","Skipped Exon","1700087I21Rik","ENSMUSG00000115099","chr14","+",0.0316771401438527,-0.383,"0.6,1.0,0.25","1.0,1.0,1.0",103642137,103642313,103584342,103584482,103677750,103678929,NA,NA,NA,NA,NA,NA,NA,NA,NA,NA,NA,NA
"KO_vs_Parental","SE","Skipped Exon","Pxdn","ENSMUSG00000020674","chr12","+",0,-0.108,"0.086,0.061,0.08","0.134,0.212,0.206",30049497,30049692,30049163,30049272,30049890,30050048,NA,NA,NA,NA,NA,NA,NA,NA,NA,NA,NA,NA
"KO_vs_Parental","SE","Skipped Exon","ENSMUSG00000121319","ENSMUSG00000121319","chr12","-",0.00665736981337668,0.219,"0.72,1.0,1.0","0.572,0.653,0.839",20964759,20964842,20952533,20952660,20970842,20971263,NA,NA,NA,NA,NA,NA,NA,NA,NA,NA,NA,NA
"KO_vs_Parental","SE","Skipped Exon","Pqlc3","ENSMUSG00000045679","chr12","-",0.00188803310494429,-0.178,"0.844,0.828,0.618","0.933,0.92,0.97",17047496,17047704,17043655,17045645,17047774,17047857,NA,NA,NA,NA,NA,NA,NA,NA,NA,NA,NA,NA
"KO_vs_Parental","SE","Skipped Exon","Smc6","ENSMUSG00000020608","chr12","+",3.41781888107614e-06,0.141,"0.794,0.863,0.809","0.675,0.635,0.733",11323994,11324112,11321729,11321872,11329605,11329742,NA,NA,NA,NA,NA,NA,NA,NA,NA,NA,NA,NA
"KO_vs_Parental","SE","Skipped Exon","Smc6","ENSMUSG00000020608","chr12","+",1.52866729494439e-05,0.162,"0.737,0.834,0.735","0.573,0.6,0.648",11326260,11326366,11321729,11321872,11329605,11329728,NA,NA,NA,NA,NA,NA,NA,NA,NA,NA,NA,NA
"KO_vs_Parental","SE","Skipped Exon","Dtnb","ENSMUSG00000071454","chr12","+",0.000669812396665153,-0.179,"0.495,0.473,0.38","0.673,0.564,0.647",3824569,3824610,3823550,3823640,3829618,3829654,NA,NA,NA,NA,NA,NA,NA,NA,NA,NA,NA,NA
"KO_vs_Parental","SE","Skipped Exon","Sectm1a","ENSMUSG00000025165","chr11","-",0.0047251715007224,0.271,"0.905,0.974,0.656","0.54,0.629,0.554",120959860,120959914,120959509,120959672,120960413,120960722,NA,NA,NA,NA,NA,NA,NA,NA,NA,NA,NA,NA
"KO_vs_Parental","SE","Skipped Exon","Sirt7","ENSMUSG00000025138","chr11","-",0.00182351916457387,-0.175,"0.564,0.558,0.512","0.751,0.733,0.675",120509974,120510116,120509245,120509875,120510508,120510593,NA,NA,NA,NA,NA,NA,NA,NA,NA,NA,NA,NA
"KO_vs_Parental","SE","Skipped Exon","Sirt7","ENSMUSG00000025138","chr11","-",3.27858978903823e-11,-0.199,"0.209,0.247,0.217","0.434,0.43,0.407",120509974,120510116,120509245,120509875,120510988,120511095,NA,NA,NA,NA,NA,NA,NA,NA,NA,NA,NA,NA
"KO_vs_Parental","SE","Skipped Exon","Card14","ENSMUSG00000013483","chr11","+",0.0228021290847744,-0.31,"0.0,0.155,0.355","0.524,0.641,0.274",119233968,119234090,119231816,119231990,119234720,119234836,NA,NA,NA,NA,NA,NA,NA,NA,NA,NA,NA,NA
"KO_vs_Parental","SE","Skipped Exon","Gm11734","ENSMUSG00000085419","chr11","+",1.41625874771715e-05,-0.123,"0.8,0.8,0.844","0.902,0.949,0.963",117419791,117419929,117414780,117414874,117422465,117422659,NA,NA,NA,NA,NA,NA,NA,NA,NA,NA,NA,NA
"KO_vs_Parental","SE","Skipped Exon","Gm11734","ENSMUSG00000085419","chr11","+",6.35295260131096e-05,-0.194,"0.722,0.824,0.871","1.0,1.0,1.0",117419791,117419929,117414780,117414874,117422909,117423031,NA,NA,NA,NA,NA,NA,NA,NA,NA,NA,NA,NA
"KO_vs_Parental","SE","Skipped Exon","Trim80","ENSMUSG00000070332","chr11","+",0.00175919644178548,0.267,"1.0,0.833,1.0","0.5,0.818,0.714",115337231,115337394,115335841,115335937,115337583,115337646,NA,NA,NA,NA,NA,NA,NA,NA,NA,NA,NA,NA
"KO_vs_Parental","SE","Skipped Exon","Slc39a11","ENSMUSG00000041654","chr11","-",0.00731097426291809,-0.117,"0.0,0.02,0.0","0.077,0.143,0.152",113482607,113482758,113452831,113452950,113540767,113540896,NA,NA,NA,NA,NA,NA,NA,NA,NA,NA,NA,NA
"KO_vs_Parental","SE","Skipped Exon","Arsg","ENSMUSG00000020604","chr11","+",0.0280391945393447,-0.174,"0.044,0.131,0.232","0.205,0.277,0.446",109376301,109376399,109364199,109364247,109380593,109380825,NA,NA,NA,NA,NA,NA,NA,NA,NA,NA,NA,NA
"KO_vs_Parental","SE","Skipped Exon","Gm11639","ENSMUSG00000040838","chr11","+",0.0167325797423916,-0.103,"0.924,0.844,0.924","1.0,1.0,1.0",104935710,104935815,104934161,104934215,104937330,104937384,NA,NA,NA,NA,NA,NA,NA,NA,NA,NA,NA,NA
"KO_vs_Parental","SE","Skipped Exon","Mapt","ENSMUSG00000018411","chr11","+",0.000403796173752374,-0.106,"0.552,0.58,0.601","0.709,0.701,0.64",104189323,104190082,104185684,104185750,104193186,104193236,NA,NA,NA,NA,NA,NA,NA,NA,NA,NA,NA,NA
"KO_vs_Parental","SE","Skipped Exon","Acbd4","ENSMUSG00000056938","chr11","+",0.00955008995008447,-0.1,"0.676,0.684,0.698","0.797,0.794,0.767",102994060,102994195,102993864,102993971,102994351,102994470,NA,NA,NA,NA,NA,NA,NA,NA,NA,NA,NA,NA
"KO_vs_Parental","SE","Skipped Exon","Tmub2","ENSMUSG00000034757","chr11","+",0.00217352630580569,0.11,"0.533,0.472,0.538","0.423,0.445,0.345",102176489,102176544,102175756,102175914,102178133,102178697,NA,NA,NA,NA,NA,NA,NA,NA,NA,NA,NA,NA
"KO_vs_Parental","SE","Skipped Exon","Cd300lg","ENSMUSG00000017309","chr11","+",4.77378260498165e-06,-0.653,"0.68,0.15,0.21","1.0,1.0,1.0",101936892,101937024,101933797,101934130,101937679,101938013,NA,NA,NA,NA,NA,NA,NA,NA,NA,NA,NA,NA
"KO_vs_Parental","SE","Skipped Exon","Dhx58","ENSMUSG00000017830","chr11","-",0.0465993647497221,-0.119,"0.905,0.953,0.784","1.0,1.0,1.0",100594726,100594895,100594319,100594521,100594996,100595097,NA,NA,NA,NA,NA,NA,NA,NA,NA,NA,NA,NA
"KO_vs_Parental","SE","Skipped Exon","Nckap5los","ENSMUSG00000089968","chr15","+",0.00201191258248636,-0.174,"0.0,0.0,0.0","0.037,0.111,0.375",99331340,99332174,99330877,99331052,99332493,99332598,NA,NA,NA,NA,NA,NA,NA,NA,NA,NA,NA,NA
"KO_vs_Parental","SE","Skipped Exon","Med24","ENSMUSG00000017210","chr11","-",5.39453251717858e-11,-0.168,"0.546,0.552,0.578","0.729,0.716,0.736",98608534,98608591,98607239,98607351,98608735,98608968,NA,NA,NA,NA,NA,NA,NA,NA,NA,NA,NA,NA
"KO_vs_Parental","SE","Skipped Exon","Cacnb1","ENSMUSG00000020882","chr11","-",0.0495735485107121,-0.341,"0.726,0.335,0.37","0.764,0.861,0.829",97901452,97901472,97900683,97900742,97902168,97902323,NA,NA,NA,NA,NA,NA,NA,NA,NA,NA,NA,NA
"KO_vs_Parental","SE","Skipped Exon","Gpr179","ENSMUSG00000070337","chr11","-",0.0254133368527242,0.135,"1.0,1.0,1.0","0.756,1.0,0.838",97234922,97235032,97234434,97234673,97236533,97236602,NA,NA,NA,NA,NA,NA,NA,NA,NA,NA,NA,NA
"KO_vs_Parental","SE","Skipped Exon","Ube2z","ENSMUSG00000014349","chr11","-",0.01916769959281,-0.211,"0.788,0.741,0.837","1.0,1.0,1.0",95949141,95949253,95942559,95942650,95953820,95953893,NA,NA,NA,NA,NA,NA,NA,NA,NA,NA,NA,NA
"KO_vs_Parental","SE","Skipped Exon","Luc7l3","ENSMUSG00000020863","chr11","-",0,-0.376,"0.163,0.215,0.124","0.555,0.493,0.582",94183219,94183298,94182154,94182404,94183752,94183858,NA,NA,NA,NA,NA,NA,NA,NA,NA,NA,NA,NA
"KO_vs_Parental","SE","Skipped Exon","Luc7l3","ENSMUSG00000020863","chr11","-",0,-0.345,"0.277,0.35,0.234","0.646,0.591,0.66",94183232,94183298,94181886,94182404,94183752,94183858,NA,NA,NA,NA,NA,NA,NA,NA,NA,NA,NA,NA
"KO_vs_Parental","SE","Skipped Exon","Mbtd1","ENSMUSG00000059474","chr11","+",0.0169963531755925,0.222,"1.0,0.69,0.881","0.65,0.69,0.565",93777847,93777899,93776931,93776947,93782164,93782214,NA,NA,NA,NA,NA,NA,NA,NA,NA,NA,NA,NA
"KO_vs_Parental","SE","Skipped Exon","Mbtd1","ENSMUSG00000059474","chr11","+",0.00136600166238989,-0.214,"1.0,0.65,0.707","1.0,1.0,1.0",93777847,93777899,93777033,93777242,93782164,93782214,NA,NA,NA,NA,NA,NA,NA,NA,NA,NA,NA,NA
"KO_vs_Parental","SE","Skipped Exon","Mbtd1","ENSMUSG00000059474","chr11","+",0.00165103499742698,-0.288,"0.312,0.205,0.248","0.577,0.541,0.512",93782164,93782214,93777032,93777242,93795984,93796169,NA,NA,NA,NA,NA,NA,NA,NA,NA,NA,NA,NA
"KO_vs_Parental","SE","Skipped Exon","Bcas3","ENSMUSG00000059439","chr11","+",0.00193874677953962,0.22,"0.563,0.581,0.643","0.27,0.482,0.374",85712847,85712938,85692646,85692778,85716027,85716216,NA,NA,NA,NA,NA,NA,NA,NA,NA,NA,NA,NA
"KO_vs_Parental","SE","Skipped Exon","Myo19","ENSMUSG00000020527","chr11","+",0.000380206308406138,-0.142,"0.122,0.123,0.097","0.262,0.335,0.17",84788184,84788289,84787946,84788037,84788374,84788546,NA,NA,NA,NA,NA,NA,NA,NA,NA,NA,NA,NA
"KO_vs_Parental","SE","Skipped Exon","Clip2","ENSMUSG00000063146","chr5","-",0.00647448499785788,-0.113,"0.499,0.441,0.385","0.591,0.556,0.516",134533587,134533692,134531379,134532315,134539016,134539077,NA,NA,NA,NA,NA,NA,NA,NA,NA,NA,NA,NA
"KO_vs_Parental","SE","Skipped Exon","Ube2h","ENSMUSG00000039159","chr6","-",0.000496921798760012,0.134,"0.776,0.758,0.787","0.574,0.661,0.683",30242536,30242576,30221666,30221795,30260927,30261002,NA,NA,NA,NA,NA,NA,NA,NA,NA,NA,NA,NA
"KO_vs_Parental","SE","Skipped Exon","Flnc","ENSMUSG00000068699","chr6","+",7.11710359842171e-07,0.169,"0.506,0.55,0.591","0.375,0.401,0.365",29452797,29452896,29452131,29452379,29453197,29453297,NA,NA,NA,NA,NA,NA,NA,NA,NA,NA,NA,NA
"KO_vs_Parental","SE","Skipped Exon","Prrc2c","ENSMUSG00000040225","chr1","-",0.000100349165153745,-0.1,"0.172,0.167,0.19","0.285,0.243,0.302",162501671,162501720,162499356,162501225,162503173,162503410,NA,NA,NA,NA,NA,NA,NA,NA,NA,NA,NA,NA
"KO_vs_Parental","SE","Skipped Exon","Vti1a","ENSMUSG00000024983","chr19","+",0.028565428913202,0.133,"0.548,0.629,0.613","0.514,0.474,0.404",55375620,55375641,55369373,55369451,55380215,55380300,NA,NA,NA,NA,NA,NA,NA,NA,NA,NA,NA,NA
"KO_vs_Parental","SE","Skipped Exon","Sgce","ENSMUSG00000004631","chr6","-",0,-0.236,"0.559,0.567,0.526","0.78,0.782,0.799",4677162,4677197,4674353,4674632,4678066,4678110,NA,NA,NA,NA,NA,NA,NA,NA,NA,NA,NA,NA
"KO_vs_Parental","SE","Skipped Exon","Sgce","ENSMUSG00000004631","chr6","-",0,-0.277,"0.222,0.206,0.222","0.457,0.499,0.525",4677162,4677233,4674417,4674632,4678066,4678110,NA,NA,NA,NA,NA,NA,NA,NA,NA,NA,NA,NA
"KO_vs_Parental","SE","Skipped Exon","Brca2","ENSMUSG00000041147","chr5","+",0.000130596732297921,0.102,"0.942,1.0,1.0","0.846,0.938,0.852",150468359,150468455,150462113,150466922,150471405,150471475,NA,NA,NA,NA,NA,NA,NA,NA,NA,NA,NA,NA
"KO_vs_Parental","SE","Skipped Exon","Gm1976","ENSMUSG00000066057","chr17","-",9.21291066819705e-05,-0.667,"0.0,0.0,0.0","0.0,1.0,1.0",95071910,95071967,95067371,95069005,95126322,95126372,NA,NA,NA,NA,NA,NA,NA,NA,NA,NA,NA,NA
"KO_vs_Parental","SE","Skipped Exon","Gm1976","ENSMUSG00000066057","chr17","-",0.00640606190157812,-0.305,"1.0,0.542,0.542","1.0,1.0,1.0",95127763,95127824,95067370,95069005,95142119,95142214,NA,NA,NA,NA,NA,NA,NA,NA,NA,NA,NA,NA
"KO_vs_Parental","SE","Skipped Exon","Pkm","ENSMUSG00000032294","chr9","+",0.000132255210012186,0.489,"0.905,1.0,0.918","0.723,0.157,0.475",59570322,59570439,59564522,59564580,59572482,59572649,NA,NA,NA,NA,NA,NA,NA,NA,NA,NA,NA,NA
"KO_vs_Parental","SE","Skipped Exon","BC028471","ENSMUSG00000107271","chr5","+",0.000397637172028747,0.132,"0.053,0.231,0.167","0.012,0.0,0.043",149295984,149299533,149292638,149292743,149300133,149300256,NA,NA,NA,NA,NA,NA,NA,NA,NA,NA,NA,NA
"KO_vs_Parental","SE","Skipped Exon","BC028471","ENSMUSG00000107271","chr5","+",0.000397637172028747,0.132,"0.053,0.231,0.167","0.012,0.0,0.043",149299292,149299533,149292512,149292743,149300133,149300256,NA,NA,NA,NA,NA,NA,NA,NA,NA,NA,NA,NA
"KO_vs_Parental","SE","Skipped Exon","BC028471","ENSMUSG00000107271","chr5","+",4.43218662414322e-05,0.154,"0.056,0.242,0.176","0.013,0.0,0.0",149299402,149299533,149292727,149292743,149300133,149300199,NA,NA,NA,NA,NA,NA,NA,NA,NA,NA,NA,NA
"KO_vs_Parental","SE","Skipped Exon","Pus7","ENSMUSG00000057541","chr5","-",1.18875685550730e-12,-0.241,"0.347,0.405,0.338","0.55,0.641,0.623",23968331,23968349,23967360,23967472,23973765,23973910,NA,NA,NA,NA,NA,NA,NA,NA,NA,NA,NA,NA
"KO_vs_Parental","SE","Skipped Exon","Zdhhc4","ENSMUSG00000001844","chr5","-",0.027266897431278,-0.104,"0.202,0.224,0.143","0.351,0.282,0.247",143314432,143314652,143314145,143314325,143314920,143314983,NA,NA,NA,NA,NA,NA,NA,NA,NA,NA,NA,NA
"KO_vs_Parental","SE","Skipped Exon","Elmo2","ENSMUSG00000017670","chr2","-",8.7874999988977e-08,-0.167,"0.619,0.703,0.609","0.836,0.822,0.773",165145585,165145621,165143860,165143911,165146819,165146898,NA,NA,NA,NA,NA,NA,NA,NA,NA,NA,NA,NA
"KO_vs_Parental","SE","Skipped Exon","Tfr2","ENSMUSG00000029716","chr5","+",0.00475132761278103,0.138,"1.0,0.965,0.944","1.0,0.624,0.871",137577140,137577304,137575927,137576067,137578428,137578548,NA,NA,NA,NA,NA,NA,NA,NA,NA,NA,NA,NA
"KO_vs_Parental","SE","Skipped Exon","Zfp638","ENSMUSG00000030016","chr6","+",0.000204671066138067,0.167,"0.917,0.801,0.888","0.698,0.707,0.701",83953183,83953332,83949227,83949265,83955003,83955069,NA,NA,NA,NA,NA,NA,NA,NA,NA,NA,NA,NA
"KO_vs_Parental","SE","Skipped Exon","Zfp638","ENSMUSG00000030016","chr6","+",0.00645028377201776,-0.137,"0.813,0.714,0.819","0.911,0.863,0.982",83956828,83956891,83953183,83953332,83958665,83958767,NA,NA,NA,NA,NA,NA,NA,NA,NA,NA,NA,NA
"KO_vs_Parental","SE","Skipped Exon","Tor1aip2","ENSMUSG00000050565","chr1","+",0.0268276814650858,-0.149,"0.631,0.931,0.842","0.851,1.0,1.0",155916820,155916880,155911471,155911666,155935156,155935333,NA,NA,NA,NA,NA,NA,NA,NA,NA,NA,NA,NA
"KO_vs_Parental","SE","Skipped Exon","8030453O22Rik","ENSMUSG00000085058","chr6","+",0.00137220985852102,0.318,"0.93,0.946,0.893","0.554,0.471,0.789",39506382,39506456,39504446,39504578,39520037,39521420,NA,NA,NA,NA,NA,NA,NA,NA,NA,NA,NA,NA
"KO_vs_Parental","SE","Skipped Exon","8030453O22Rik","ENSMUSG00000085058","chr6","+",0.026133032406132,0.222,"0.928,0.906,0.871","0.704,0.532,0.803",39506625,39506753,39504446,39504578,39520037,39521420,NA,NA,NA,NA,NA,NA,NA,NA,NA,NA,NA,NA
"KO_vs_Parental","SE","Skipped Exon","Gm26760","ENSMUSG00000097068","chr15","+",0.031622172725129,-0.365,"0.056,0.101,0.225","0.444,0.516,0.516",92258919,92259050,92242247,92242464,92263840,92264810,NA,NA,NA,NA,NA,NA,NA,NA,NA,NA,NA,NA
"KO_vs_Parental","SE","Skipped Exon","Gm26760","ENSMUSG00000097068","chr15","+",0.0450590687007449,-0.355,"0.071,0.035,0.0","0.578,0.406,0.186",92261664,92261733,92242246,92242464,92263840,92264810,NA,NA,NA,NA,NA,NA,NA,NA,NA,NA,NA,NA
"KO_vs_Parental","SE","Skipped Exon","Vkorc1l1","ENSMUSG00000066735","chr5","+",3.79199457171899e-06,0.158,"0.83,0.827,0.829","0.674,0.663,0.676",130007359,130007469,129970810,129971206,130010981,130011082,NA,NA,NA,NA,NA,NA,NA,NA,NA,NA,NA,NA
"KO_vs_Parental","SE","Skipped Exon","Mrps17","ENSMUSG00000034211","chr5","+",1.58159800107495e-06,-0.1,"0.83,0.781,0.799","0.889,0.893,0.928",129792747,129792922,129792567,129792613,129793790,129793930,NA,NA,NA,NA,NA,NA,NA,NA,NA,NA,NA,NA
"KO_vs_Parental","SE","Skipped Exon","Ncor2","ENSMUSG00000029478","chr5","-",0.000249491403678902,-0.108,"0.909,0.837,0.93","1.0,1.0,1.0",125097023,125097110,125095874,125096054,125100564,125100710,NA,NA,NA,NA,NA,NA,NA,NA,NA,NA,NA,NA
"KO_vs_Parental","SE","Skipped Exon","Ccdc62","ENSMUSG00000061882","chr5","+",0.00207685032021456,0.1,"0.964,1.0,1.0","0.869,0.794,1.0",124074451,124074618,124072134,124072327,124082196,124082368,NA,NA,NA,NA,NA,NA,NA,NA,NA,NA,NA,NA
"KO_vs_Parental","SE","Skipped Exon","Ccdc62","ENSMUSG00000061882","chr5","+",2.63976359783319e-05,0.311,"1.0,1.0,1.0","0.842,0.827,0.399",124089814,124089930,124089261,124089350,124092119,124092842,NA,NA,NA,NA,NA,NA,NA,NA,NA,NA,NA,NA
"KO_vs_Parental","SE","Skipped Exon","Ica1","ENSMUSG00000062995","chr6","-",0.00221028988336715,0.145,"1.0,1.0,0.882","0.855,0.714,0.879",8754588,8754751,8742254,8742378,8778071,8778154,NA,NA,NA,NA,NA,NA,NA,NA,NA,NA,NA,NA
"KO_vs_Parental","SE","Skipped Exon","Srsf9","ENSMUSG00000029538","chr5","+",0.0265638574121605,0.12,"1.0,1.0,1.0","0.744,1.0,0.895",115466405,115466763,115465717,115465757,115468556,115468717,NA,NA,NA,NA,NA,NA,NA,NA,NA,NA,NA,NA
"KO_vs_Parental","SE","Skipped Exon","Pitpnm2","ENSMUSG00000029406","chr5","-",0.0104854902890113,-0.229,"0.563,0.455,0.406","0.731,0.788,0.592",124264417,124264567,124263361,124263526,124265239,124265410,NA,NA,NA,NA,NA,NA,NA,NA,NA,NA,NA,NA
"KO_vs_Parental","SE","Skipped Exon","Cep164","ENSMUSG00000043987","chr9","-",0.00130187428213523,-0.19,"0.778,0.694,0.732","0.851,0.949,0.975",45693249,45693546,45690987,45691134,45697075,45697219,NA,NA,NA,NA,NA,NA,NA,NA,NA,NA,NA,NA
"KO_vs_Parental","SE","Skipped Exon","Cep164","ENSMUSG00000043987","chr9","-",0.00179023998235047,-0.287,"0.652,0.537,0.52","0.649,0.947,0.974",45696180,45696327,45690987,45691134,45697075,45697219,NA,NA,NA,NA,NA,NA,NA,NA,NA,NA,NA,NA
"KO_vs_Parental","SE","Skipped Exon","1500004A13Rik","ENSMUSG00000098912","chr3","-",0.029219392202661,0.135,"0.456,0.365,0.278","0.231,0.224,0.238",88717944,88718309,88712595,88715579,88718520,88718676,NA,NA,NA,NA,NA,NA,NA,NA,NA,NA,NA,NA
"KO_vs_Parental","SE","Skipped Exon","1500004A13Rik","ENSMUSG00000098912","chr3","-",0.00144304501190734,0.277,"1.0,0.947,0.826","0.535,0.806,0.6",88732438,88732721,88707923,88708499,88739570,88739684,NA,NA,NA,NA,NA,NA,NA,NA,NA,NA,NA,NA
"KO_vs_Parental","SE","Skipped Exon","1500004A13Rik","ENSMUSG00000098912","chr3","-",0.0301507613657732,0.204,"0.86,0.857,0.86","0.657,0.672,0.636",88732438,88732721,88714325,88715579,88739570,88739684,NA,NA,NA,NA,NA,NA,NA,NA,NA,NA,NA,NA
"KO_vs_Parental","SE","Skipped Exon","Rapgef1","ENSMUSG00000039844","chr2","+",0.000249491403678902,0.268,"0.691,0.798,0.6","0.384,0.407,0.495",29600164,29600320,29597209,29597412,29609604,29609862,NA,NA,NA,NA,NA,NA,NA,NA,NA,NA,NA,NA
"KO_vs_Parental","SE","Skipped Exon","Rapgef1","ENSMUSG00000039844","chr2","+",0.0129467669577338,0.17,"1.0,0.869,0.968","0.885,0.774,0.667",29600164,29600320,29597209,29597412,29610654,29610750,NA,NA,NA,NA,NA,NA,NA,NA,NA,NA,NA,NA
"KO_vs_Parental","SE","Skipped Exon","Mfsd7a","ENSMUSG00000029490","chr5","-",0.00919434421436499,-0.157,"0.579,0.949,1.0","1.0,1.0,1.0",108593316,108593530,108593071,108593148,108596583,108596966,NA,NA,NA,NA,NA,NA,NA,NA,NA,NA,NA,NA
"KO_vs_Parental","SE","Skipped Exon","Mfsd7a","ENSMUSG00000029490","chr5","-",0.00241718195434251,-0.158,"0.636,0.889,1.0","1.0,1.0,1.0",108593801,108593960,108593071,108593148,108596583,108596966,NA,NA,NA,NA,NA,NA,NA,NA,NA,NA,NA,NA
"KO_vs_Parental","SE","Skipped Exon","Zfp326","ENSMUSG00000029290","chr5","+",9.69626882106986e-07,0.167,"0.675,0.621,0.652","0.536,0.442,0.468",106036299,106036705,106034052,106034142,106038983,106039182,NA,NA,NA,NA,NA,NA,NA,NA,NA,NA,NA,NA
"KO_vs_Parental","SE","Skipped Exon","Zfp326","ENSMUSG00000029290","chr5","+",2.14336732826293e-06,0.166,"0.673,0.609,0.649","0.534,0.437,0.463",106036566,106036705,106034052,106034142,106038983,106039182,NA,NA,NA,NA,NA,NA,NA,NA,NA,NA,NA,NA
"KO_vs_Parental","SE","Skipped Exon","Ube2d-ps","ENSMUSG00000121496","chr11","+",0.000211127945443482,0.357,"1.0,1.0,1.0","0.263,1.0,0.667",5732184,5732357,5730205,5730653,5733891,5734709,NA,NA,NA,NA,NA,NA,NA,NA,NA,NA,NA,NA
"KO_vs_Parental","SE","Skipped Exon","Hnrnpdl","ENSMUSG00000029328","chr5","-",0,-0.202,"0.581,0.575,0.542","0.771,0.717,0.815",100183493,100183598,100182585,100182843,100183962,100184054,NA,NA,NA,NA,NA,NA,NA,NA,NA,NA,NA,NA
"KO_vs_Parental","SE","Skipped Exon","Hnrnpd","ENSMUSG00000000568","chr5","-",1.69108282932661e-12,0.163,"0.483,0.481,0.482","0.301,0.357,0.299",100124392,100124449,100115077,100115246,100126250,100126308,NA,NA,NA,NA,NA,NA,NA,NA,NA,NA,NA,NA
"KO_vs_Parental","SE","Skipped Exon","Mical3","ENSMUSG00000051586","chr6","-",0.017252312010146,0.136,"0.719,0.616,0.697","0.517,0.525,0.582",120930594,120930645,120929335,120929446,120934659,120934754,NA,NA,NA,NA,NA,NA,NA,NA,NA,NA,NA,NA
"KO_vs_Parental","SE","Skipped Exon","Mical3","ENSMUSG00000051586","chr6","-",2.52956084880149e-06,0.265,"0.513,0.295,0.338","0.101,0.149,0.1",120943014,120943077,120939715,120939826,120950363,120950608,NA,NA,NA,NA,NA,NA,NA,NA,NA,NA,NA,NA
"KO_vs_Parental","SE","Skipped Exon","Mical3","ENSMUSG00000051586","chr6","-",0.00148874752411627,0.141,"0.317,0.201,0.238","0.113,0.115,0.104",120946315,120946453,120939715,120939826,120950363,120950608,NA,NA,NA,NA,NA,NA,NA,NA,NA,NA,NA,NA
"KO_vs_Parental","SE","Skipped Exon","Apc","ENSMUSG00000005871","chr18","+",0.00677514128365352,0.119,"0.733,0.797,0.779","0.639,0.685,0.627",34422890,34422995,34412321,34412405,34429083,34429182,NA,NA,NA,NA,NA,NA,NA,NA,NA,NA,NA,NA
"KO_vs_Parental","SE","Skipped Exon","Bbof1","ENSMUSG00000057265","chr12","+",0.00409540932963889,-0.367,"0.273,0.31,0.647","0.818,0.8,0.714",84473481,84473975,84471909,84472054,84475116,84475218,NA,NA,NA,NA,NA,NA,NA,NA,NA,NA,NA,NA
"KO_vs_Parental","SE","Skipped Exon","Slc30a9","ENSMUSG00000029221","chr5","+",0.0167604187404427,0.167,"1.0,1.0,1.0","1.0,0.5,1.0",67491848,67492011,67487235,67487294,67501872,67501912,NA,NA,NA,NA,NA,NA,NA,NA,NA,NA,NA,NA
"KO_vs_Parental","SE","Skipped Exon","Slc30a9","ENSMUSG00000029221","chr5","+",0.0122464661801789,0.153,"1.0,1.0,1.0","1.0,0.542,1.0",67491908,67492011,67487235,67487294,67501872,67501912,NA,NA,NA,NA,NA,NA,NA,NA,NA,NA,NA,NA
"KO_vs_Parental","SE","Skipped Exon","Pbrm1","ENSMUSG00000042323","chr14","+",4.78855602129256e-06,0.157,"0.737,0.696,0.751","0.556,0.567,0.589",30745023,30745136,30744676,30744816,30747454,30747607,NA,NA,NA,NA,NA,NA,NA,NA,NA,NA,NA,NA
"KO_vs_Parental","SE","Skipped Exon","Zfp947","ENSMUSG00000063383","chr17","-",0.00814784470903236,-0.191,"0.556,0.818,1.0","1.0,0.947,1.0",22382167,22382316,22369015,22369063,22384799,22385171,NA,NA,NA,NA,NA,NA,NA,NA,NA,NA,NA,NA
"KO_vs_Parental","SE","Skipped Exon","Pikfyve","ENSMUSG00000025949","chr1","+",0.0403984765373933,0.177,"0.692,0.498,0.571","0.494,0.326,0.411",65231689,65231725,65231303,65231453,65234814,65234933,NA,NA,NA,NA,NA,NA,NA,NA,NA,NA,NA,NA
"KO_vs_Parental","SE","Skipped Exon","Plekha6","ENSMUSG00000041757","chr1","+",0.0014568676842482,0.102,"0.243,0.171,0.199","0.106,0.11,0.092",133207110,133207191,133201595,133202112,133208076,133208145,NA,NA,NA,NA,NA,NA,NA,NA,NA,NA,NA,NA
"KO_vs_Parental","SE","Skipped Exon","Plekha6","ENSMUSG00000041757","chr1","+",0.0116689512015482,-0.114,"0.655,0.657,0.581","0.683,0.809,0.742",133213984,133214134,133212984,133213124,133215207,133215337,NA,NA,NA,NA,NA,NA,NA,NA,NA,NA,NA,NA
"KO_vs_Parental","SE","Skipped Exon","Spata1","ENSMUSG00000028188","chr3","-",0.00167233029216941,0.195,"0.197,0.042,0.345","0.0,0.0,0.0",146188247,146188300,146187521,146187615,146193266,146193320,NA,NA,NA,NA,NA,NA,NA,NA,NA,NA,NA,NA
"KO_vs_Parental","SE","Skipped Exon","Ablim2","ENSMUSG00000029095","chr5","+",0.0389582396255017,0.151,"0.461,0.408,0.508","0.357,0.318,0.248",36000511,36000610,35998624,35998745,36006147,36006249,NA,NA,NA,NA,NA,NA,NA,NA,NA,NA,NA,NA
"KO_vs_Parental","SE","Skipped Exon","Ablim2","ENSMUSG00000029095","chr5","+",0.0165679226175496,0.214,"0.72,0.746,0.696","0.49,0.57,0.459",36006859,36006913,36006119,36006249,36014471,36014524,NA,NA,NA,NA,NA,NA,NA,NA,NA,NA,NA,NA
"KO_vs_Parental","SE","Skipped Exon","Ablim2","ENSMUSG00000029095","chr5","+",0.00220990718275819,0.124,"0.092,0.276,0.177","0.025,0.069,0.078",36024048,36024110,36015169,36015308,36031976,36031984,NA,NA,NA,NA,NA,NA,NA,NA,NA,NA,NA,NA
"KO_vs_Parental","SE","Skipped Exon","2410004B18Rik","ENSMUSG00000036873","chr3","+",2.34028389328307e-08,-0.129,"0.204,0.218,0.177","0.349,0.326,0.312",145644297,145644424,145643796,145644083,145644652,145644851,NA,NA,NA,NA,NA,NA,NA,NA,NA,NA,NA,NA
"KO_vs_Parental","SE","Skipped Exon","Tenm4","ENSMUSG00000048078","chr7","+",0.00293531458603236,-0.12,"0.02,0.1,0.05","0.18,0.226,0.125",96503923,96503944,96501539,96501789,96512656,96512889,NA,NA,NA,NA,NA,NA,NA,NA,NA,NA,NA,NA
"KO_vs_Parental","SE","Skipped Exon","Dmtn","ENSMUSG00000022099","chr14","-",0.000104976807562935,-0.181,"0.514,0.544,0.563","0.648,0.755,0.76",70842736,70842802,70842407,70842488,70842980,70842988,NA,NA,NA,NA,NA,NA,NA,NA,NA,NA,NA,NA
"KO_vs_Parental","SE","Skipped Exon","Kmt2c","ENSMUSG00000038056","chr5","-",0.0011676372523798,-0.161,"0.592,0.582,0.615","0.783,0.741,0.747",25535793,25535898,25534444,25534573,25543410,25543579,NA,NA,NA,NA,NA,NA,NA,NA,NA,NA,NA,NA
"KO_vs_Parental","SE","Skipped Exon","Lrif1","ENSMUSG00000056260","chr3","+",1.73255356688353e-07,0.243,"0.573,0.481,0.6","0.256,0.339,0.33",106638978,106640458,106629208,106629422,106641673,106641955,NA,NA,NA,NA,NA,NA,NA,NA,NA,NA,NA,NA
"KO_vs_Parental","SE","Skipped Exon","Hycc1","ENSMUSG00000028995","chr5","-",9.68661578409535e-05,-0.128,"0.729,0.719,0.68","0.813,0.82,0.879",24171131,24171429,24169476,24170356,24184485,24184645,NA,NA,NA,NA,NA,NA,NA,NA,NA,NA,NA,NA
"KO_vs_Parental","SE","Skipped Exon","Srpk2","ENSMUSG00000062604","chr5","-",3.86074837632551e-05,0.128,"0.379,0.462,0.413","0.295,0.265,0.309",23821324,23821388,23770111,23770263,23880717,23880772,NA,NA,NA,NA,NA,NA,NA,NA,NA,NA,NA,NA
"KO_vs_Parental","SE","Skipped Exon","Adam32","ENSMUSG00000037437","chr8","-",6.04790993026807e-08,-0.8,"0.0,0.2,0.4","1.0,1.0,1.0",25362587,25362777,25342192,25342294,25368736,25368845,NA,NA,NA,NA,NA,NA,NA,NA,NA,NA,NA,NA
"KO_vs_Parental","SE","Skipped Exon","Dscc1","ENSMUSG00000022422","chr15","-",9.50900325148962e-10,-0.266,"0.262,0.209,0.206","0.563,0.475,0.438",54946800,54946989,54946441,54946494,54947444,54947583,NA,NA,NA,NA,NA,NA,NA,NA,NA,NA,NA,NA
"KO_vs_Parental","SE","Skipped Exon","Gm10419","ENSMUSG00000072769","chr5","+",0.00080382721621834,-0.431,"0.326,0.224,0.057","0.566,0.671,0.662",108517419,108517544,108517221,108517351,108520081,108520676,NA,NA,NA,NA,NA,NA,NA,NA,NA,NA,NA,NA
"KO_vs_Parental","SE","Skipped Exon","Gm10419","ENSMUSG00000072769","chr5","+",0.000356243569568342,-0.437,"0.303,0.187,0.058","0.573,0.645,0.641",108517426,108517544,108517221,108517351,108520081,108520274,NA,NA,NA,NA,NA,NA,NA,NA,NA,NA,NA,NA
"KO_vs_Parental","SE","Skipped Exon","Rnf207","ENSMUSG00000058498","chr4","-",0.00654375341191155,-0.136,"1.0,0.733,0.787","1.0,0.928,1.0",152398335,152398372,152397820,152397889,152399498,152399545,NA,NA,NA,NA,NA,NA,NA,NA,NA,NA,NA,NA
"KO_vs_Parental","SE","Skipped Exon","Park7","ENSMUSG00000028964","chr4","-",6.67386491779531e-05,-0.372,"0.576,0.449,0.86","1.0,1.0,1.0",150988271,150988341,150981589,150981928,150991496,150991598,NA,NA,NA,NA,NA,NA,NA,NA,NA,NA,NA,NA
"KO_vs_Parental","SE","Skipped Exon","Apbb3","ENSMUSG00000117679","chr18","-",1.61739886723427e-05,-0.179,"0.664,0.655,0.687","0.863,0.842,0.839",36811446,36811523,36810497,36810558,36812049,36812124,NA,NA,NA,NA,NA,NA,NA,NA,NA,NA,NA,NA
"KO_vs_Parental","SE","Skipped Exon","Apbb3","ENSMUSG00000117679","chr18","-",0.000753058033965112,-0.115,"0.776,0.728,0.79","0.89,0.874,0.876",36811602,36811766,36810497,36810558,36812049,36812124,NA,NA,NA,NA,NA,NA,NA,NA,NA,NA,NA,NA
"KO_vs_Parental","SE","Skipped Exon","Fbxo44","ENSMUSG00000029001","chr4","-",3.04803679300187e-09,-0.224,"0.585,0.61,0.601","0.792,0.791,0.884",148240851,148240947,148239954,148240738,148241065,148241163,NA,NA,NA,NA,NA,NA,NA,NA,NA,NA,NA,NA
"KO_vs_Parental","SE","Skipped Exon","Eif2s3x","ENSMUSG00000035150","chrX","-",0.000256782032721382,-0.667,"0.0,0.0,1.0","1.0,1.0,1.0",93247555,93247714,93244495,93244590,93252934,93253056,NA,NA,NA,NA,NA,NA,NA,NA,NA,NA,NA,NA
"KO_vs_Parental","SE","Skipped Exon","Haus2","ENSMUSG00000027285","chr2","+",0.00658080709976557,-0.165,"0.543,0.626,0.723","0.803,0.783,0.802",120443531,120443601,120442818,120442911,120446335,120446468,NA,NA,NA,NA,NA,NA,NA,NA,NA,NA,NA,NA
"KO_vs_Parental","SE","Skipped Exon","P4ha3","ENSMUSG00000051048","chr7","+",7.72684477966457e-06,0.27,"1.0,1.0,1.0","0.61,0.628,0.952",99962412,99962572,99959993,99960058,99966248,99966317,NA,NA,NA,NA,NA,NA,NA,NA,NA,NA,NA,NA
"KO_vs_Parental","SE","Skipped Exon","P4ha3","ENSMUSG00000051048","chr7","+",3.03349514403758e-06,0.371,"1.0,1.0,1.0","0.533,0.442,0.913",99963814,99963877,99959993,99960058,99966248,99966317,NA,NA,NA,NA,NA,NA,NA,NA,NA,NA,NA,NA
"KO_vs_Parental","SE","Skipped Exon","Sh2d5","ENSMUSG00000045349","chr4","+",3.14650505209423e-08,0.694,"1.0,1.0,1.0","0.085,0.27,0.564",137981583,137981664,137977713,137977819,137985479,137985639,NA,NA,NA,NA,NA,NA,NA,NA,NA,NA,NA,NA
"KO_vs_Parental","SE","Skipped Exon","Nsun4","ENSMUSG00000028706","chr4","-",0.0267496402621189,-0.11,"0.13,0.0,0.0","0.081,0.167,0.212",115898074,115898304,115897265,115897426,115900297,115900397,NA,NA,NA,NA,NA,NA,NA,NA,NA,NA,NA,NA
"KO_vs_Parental","SE","Skipped Exon","Obscn","ENSMUSG00000061462","chr11","-",0.0485918687881569,0.303,"1.0,1.0,0.556","0.524,0.667,0.455",58952249,58952513,58951669,58951933,58952856,58953120,NA,NA,NA,NA,NA,NA,NA,NA,NA,NA,NA,NA
"KO_vs_Parental","SE","Skipped Exon","Cfap54","ENSMUSG00000020014","chr10","-",0.00872205135258836,-0.312,"0.512,1.0,0.44","0.887,1.0,1.0",92871280,92871415,92870532,92870683,92873675,92873758,NA,NA,NA,NA,NA,NA,NA,NA,NA,NA,NA,NA
"KO_vs_Parental","SE","Skipped Exon","Trmt11","ENSMUSG00000019792","chr10","-",0.00232329081943045,0.141,"0.311,0.272,0.371","0.18,0.234,0.117",30443756,30443867,30442421,30442502,30463434,30463591,NA,NA,NA,NA,NA,NA,NA,NA,NA,NA,NA,NA
"KO_vs_Parental","SE","Skipped Exon","Slfn3","ENSMUSG00000018986","chr11","+",0.0137099304565292,-0.157,"0.324,0.247,0.33","0.537,0.364,0.471",83084868,83085035,83082158,83082234,83103369,83104439,NA,NA,NA,NA,NA,NA,NA,NA,NA,NA,NA,NA
"KO_vs_Parental","SE","Skipped Exon","Serinc2","ENSMUSG00000023232","chr4","-",0.0075618641397172,0.453,"0.667,0.867,0.917","0.143,0.75,0.2",130168607,130168763,130158861,130159023,130169250,130169325,NA,NA,NA,NA,NA,NA,NA,NA,NA,NA,NA,NA
"KO_vs_Parental","SE","Skipped Exon","Tmem234","ENSMUSG00000028797","chr4","+",1.50074752413386e-07,0.225,"0.517,0.447,0.565","0.29,0.265,0.299",129495199,129495418,129494775,129494927,129500879,129500972,NA,NA,NA,NA,NA,NA,NA,NA,NA,NA,NA,NA
"KO_vs_Parental","SE","Skipped Exon","Yars","ENSMUSG00000028811","chr4","+",0.00151810395800659,0.538,"0.538,1.0,0.077","0.0,0.0,0.0",129090905,129091081,129083552,129083865,129099921,129100002,NA,NA,NA,NA,NA,NA,NA,NA,NA,NA,NA,NA
"KO_vs_Parental","SE","Skipped Exon","Ago4","ENSMUSG00000042500","chr4","-",0.00115691617474468,0.159,"1.0,1.0,1.0","1.0,0.747,0.777",126405192,126405326,126403743,126403928,126405518,126405647,NA,NA,NA,NA,NA,NA,NA,NA,NA,NA,NA,NA
"KO_vs_Parental","SE","Skipped Exon","Gm572","ENSMUSG00000070577","chr4","+",0.0499473169231795,0.148,"0.613,1.0,1.0","1.0,0.322,0.847",148748839,148748878,148743382,148743526,148751808,148751893,NA,NA,NA,NA,NA,NA,NA,NA,NA,NA,NA,NA
"KO_vs_Parental","SE","Skipped Exon","Sorbs1","ENSMUSG00000025006","chr19","-",0.0444890089999265,0.101,"0.302,0.335,0.371","0.265,0.254,0.187",40332799,40332883,40325429,40325479,40338342,40338457,NA,NA,NA,NA,NA,NA,NA,NA,NA,NA,NA,NA
"KO_vs_Parental","SE","Skipped Exon","Cald1","ENSMUSG00000029761","chr6","+",2.35242304680994e-06,-0.157,"0.525,0.484,0.494","0.668,0.624,0.683",34724820,34724904,34722915,34723574,34730377,34730523,NA,NA,NA,NA,NA,NA,NA,NA,NA,NA,NA,NA
"KO_vs_Parental","SE","Skipped Exon","Cald1","ENSMUSG00000029761","chr6","+",9.82898084053618e-06,-0.16,"0.418,0.379,0.395","0.552,0.542,0.577",34724826,34724904,34722553,34723574,34730377,34730523,NA,NA,NA,NA,NA,NA,NA,NA,NA,NA,NA,NA
"KO_vs_Parental","SE","Skipped Exon","Lsm2","ENSMUSG00000007050","chr17","+",0.00173118323359718,0.523,"1.0,1.0,1.0","1.0,0.0,0.432",35201616,35201663,35200886,35201061,35204224,35204284,NA,NA,NA,NA,NA,NA,NA,NA,NA,NA,NA,NA
"KO_vs_Parental","SE","Skipped Exon","Rimkla","ENSMUSG00000048899","chr4","-",0.000305264451991786,0.154,"0.196,0.303,0.329","0.132,0.12,0.113",119338188,119338249,119334987,119335218,119349493,119349706,NA,NA,NA,NA,NA,NA,NA,NA,NA,NA,NA,NA
"KO_vs_Parental","SE","Skipped Exon","Rusc1","ENSMUSG00000041263","chr3","-",0.0010251197677797,0.136,"0.538,0.558,0.547","0.408,0.438,0.39",88997802,88998213,88996975,88997074,88998444,88999868,NA,NA,NA,NA,NA,NA,NA,NA,NA,NA,NA,NA
"KO_vs_Parental","SE","Skipped Exon","Tcf3","ENSMUSG00000020167","chr10","-",0.00109996440603661,0.138,"0.703,0.748,0.742","0.586,0.547,0.647",80246231,80246458,80245347,80246108,80248660,80248896,NA,NA,NA,NA,NA,NA,NA,NA,NA,NA,NA,NA
"KO_vs_Parental","SE","Skipped Exon","Gen1","ENSMUSG00000051235","chr12","-",0.00311500915225809,-0.11,"0.818,0.845,0.73","0.905,0.882,0.936",11312407,11312594,11310882,11311069,11315587,11315767,NA,NA,NA,NA,NA,NA,NA,NA,NA,NA,NA,NA
"KO_vs_Parental","SE","Skipped Exon","Elavl4","ENSMUSG00000028546","chr4","-",7.12650840444448e-07,-0.192,"0.243,0.275,0.278","0.415,0.462,0.494",110112615,110112702,110108477,110108718,110143666,110143813,NA,NA,NA,NA,NA,NA,NA,NA,NA,NA,NA,NA
"KO_vs_Parental","SE","Skipped Exon","Osbpl9","ENSMUSG00000028559","chr4","-",0.0057870533722394,-0.249,"0.196,0.0,0.044","0.328,0.378,0.281",108965077,108965146,108959693,108959789,108975091,108975233,NA,NA,NA,NA,NA,NA,NA,NA,NA,NA,NA,NA
"KO_vs_Parental","SE","Skipped Exon","Osbpl9","ENSMUSG00000028559","chr4","-",0.00011614746571587,-0.165,"0.191,0.137,0.16","0.357,0.26,0.367",108965077,108965146,108959693,108959789,108990940,108991017,NA,NA,NA,NA,NA,NA,NA,NA,NA,NA,NA,NA
"KO_vs_Parental","SE","Skipped Exon","Lrp8","ENSMUSG00000028613","chr4","+",0.0324920892647346,-0.124,"0.55,0.471,0.39","0.62,0.599,0.563",107703435,107703816,107700412,107700541,107704640,107704763,NA,NA,NA,NA,NA,NA,NA,NA,NA,NA,NA,NA
"KO_vs_Parental","SE","Skipped Exon","Itgav","ENSMUSG00000027087","chr2","+",0.00144304501190734,-0.376,"0.393,0.786,0.694","1.0,1.0,1.0",83634248,83634329,83633583,83633680,83636976,83637260,NA,NA,NA,NA,NA,NA,NA,NA,NA,NA,NA,NA
"KO_vs_Parental","SE","Skipped Exon","Gm8206","ENSMUSG00000091568","chr14","+",0.00018712067721833,-0.23,"1.0,0.586,0.723","1.0,1.0,1.0",16433030,16433144,16431563,16431648,16437386,16437537,NA,NA,NA,NA,NA,NA,NA,NA,NA,NA,NA,NA
"KO_vs_Parental","SE","Skipped Exon","Apbb1ip","ENSMUSG00000026786","chr2","+",0.00528745328085401,-0.109,"0.883,0.79,1.0","1.0,1.0,1.0",22709616,22709704,22706964,22707036,22713306,22713608,NA,NA,NA,NA,NA,NA,NA,NA,NA,NA,NA,NA
"KO_vs_Parental","SE","Skipped Exon","Psme3ip1","ENSMUSG00000031774","chr8","-",0.00784092425232161,0.423,"0.835,0.428,0.325","0.219,0.0,0.101",95317800,95317916,95315938,95316035,95318196,95318330,NA,NA,NA,NA,NA,NA,NA,NA,NA,NA,NA,NA
"KO_vs_Parental","SE","Skipped Exon","Psme3ip1","ENSMUSG00000031774","chr8","-",0.0168576859734038,-0.291,"0.326,0.568,0.698","0.787,0.678,1.0",95318196,95318330,95317800,95317916,95328124,95328307,NA,NA,NA,NA,NA,NA,NA,NA,NA,NA,NA,NA
"KO_vs_Parental","SE","Skipped Exon","Psme3ip1","ENSMUSG00000031774","chr8","-",0.000215644864294916,-0.325,"0.6,0.59,0.633","0.941,0.857,1.0",95323678,95323736,95317800,95317916,95328124,95328306,NA,NA,NA,NA,NA,NA,NA,NA,NA,NA,NA,NA
"KO_vs_Parental","SE","Skipped Exon","Usp1","ENSMUSG00000028560","chr4","+",0.00353017599364078,-0.107,"0.613,0.674,0.625","0.779,0.767,0.686",98814672,98814911,98812115,98812480,98816470,98816591,NA,NA,NA,NA,NA,NA,NA,NA,NA,NA,NA,NA
"KO_vs_Parental","SE","Skipped Exon","Usp1","ENSMUSG00000028560","chr4","+",0.00496971641191873,-0.14,"0.488,0.575,0.501","0.726,0.671,0.587",98814691,98814911,98812046,98812480,98816470,98816591,NA,NA,NA,NA,NA,NA,NA,NA,NA,NA,NA,NA
"KO_vs_Parental","SE","Skipped Exon","Tmem176b","ENSMUSG00000029810","chr6","-",0.00101533784036005,0.206,"0.874,0.81,0.896","0.562,0.711,0.69",48817294,48817387,48815105,48815296,48818281,48818304,NA,NA,NA,NA,NA,NA,NA,NA,NA,NA,NA,NA
"KO_vs_Parental","SE","Skipped Exon","Tom1l2","ENSMUSG00000000538","chr11","-",0.0358086513924347,-0.152,"0.23,0.158,0.17","0.397,0.275,0.343",60129835,60129898,60121926,60121963,60132643,60132719,NA,NA,NA,NA,NA,NA,NA,NA,NA,NA,NA,NA
"KO_vs_Parental","SE","Skipped Exon","Tom1l2","ENSMUSG00000000538","chr11","-",1.59746546269186e-06,-0.169,"0.234,0.212,0.29","0.425,0.407,0.41",60129835,60129898,60123723,60123783,60132643,60132719,NA,NA,NA,NA,NA,NA,NA,NA,NA,NA,NA,NA
"KO_vs_Parental","SE","Skipped Exon","Wiz","ENSMUSG00000024050","chr17","-",0.0356018514496191,0.103,"0.276,0.232,0.237","0.149,0.118,0.168",32600057,32600130,32586797,32587121,32606546,32606733,NA,NA,NA,NA,NA,NA,NA,NA,NA,NA,NA,NA
"KO_vs_Parental","SE","Skipped Exon","Ppfibp2","ENSMUSG00000036528","chr7","+",8.83557567739007e-09,-0.173,"0.269,0.277,0.277","0.459,0.444,0.438",107327922,107327955,107326850,107326992,107328345,107328472,NA,NA,NA,NA,NA,NA,NA,NA,NA,NA,NA,NA
"KO_vs_Parental","SE","Skipped Exon","Cabp1","ENSMUSG00000029544","chr5","-",4.58416369651001e-07,0.131,"0.235,0.329,0.292","0.162,0.127,0.175",115318850,115319030,115314298,115314329,115331712,115332440,NA,NA,NA,NA,NA,NA,NA,NA,NA,NA,NA,NA
"KO_vs_Parental","SE","Skipped Exon","Neo1","ENSMUSG00000032340","chr9","-",1.88850727238948e-05,-0.127,"0.482,0.544,0.511","0.585,0.669,0.665",58809365,58809398,58806447,58806516,58810196,58810391,NA,NA,NA,NA,NA,NA,NA,NA,NA,NA,NA,NA
"KO_vs_Parental","SE","Skipped Exon","Srgap3","ENSMUSG00000030257","chr6","-",0,-0.165,"0.727,0.735,0.71","0.922,0.849,0.897",112704173,112704501,112694931,112700162,112706609,112706759,NA,NA,NA,NA,NA,NA,NA,NA,NA,NA,NA,NA
"KO_vs_Parental","SE","Skipped Exon","Evi5","ENSMUSG00000011831","chr5","-",0.000724764075563876,-0.254,"1.0,0.72,0.517","1.0,1.0,1.0",107969570,107969682,107967489,107967544,107989936,107990166,NA,NA,NA,NA,NA,NA,NA,NA,NA,NA,NA,NA
"KO_vs_Parental","SE","Skipped Exon","Evi5","ENSMUSG00000011831","chr5","-",0.0289675181024184,0.124,"0.565,0.564,0.655","0.477,0.438,0.496",108020466,108020521,107989936,107990166,108022854,108022910,NA,NA,NA,NA,NA,NA,NA,NA,NA,NA,NA,NA
"KO_vs_Parental","SE","Skipped Exon","Mast3","ENSMUSG00000031833","chr8","-",0.00458318014084435,0.136,"0.214,0.278,0.238","0.063,0.1,0.16",71249356,71249446,71242640,71242729,71252101,71252133,NA,NA,NA,NA,NA,NA,NA,NA,NA,NA,NA,NA
"KO_vs_Parental","SE","Skipped Exon","Pms2","ENSMUSG00000079109","chr5","+",0.0013472847626552,0.124,"0.928,0.916,0.951","0.79,0.9,0.733",143848743,143848878,143846781,143846897,143850219,143850306,NA,NA,NA,NA,NA,NA,NA,NA,NA,NA,NA,NA
"KO_vs_Parental","SE","Skipped Exon","Pms2","ENSMUSG00000079109","chr5","+",0.0167312843232228,0.174,"0.864,0.858,0.919","0.713,0.845,0.561",143848805,143848878,143846874,143846897,143850219,143850278,NA,NA,NA,NA,NA,NA,NA,NA,NA,NA,NA,NA
"KO_vs_Parental","SE","Skipped Exon","Plce1","ENSMUSG00000024998","chr19","+",0.0160454843612692,0.132,"0.188,0.218,0.206","0.032,0.048,0.135",38736853,38736895,38734209,38734339,38737735,38737857,NA,NA,NA,NA,NA,NA,NA,NA,NA,NA,NA,NA
"KO_vs_Parental","SE","Skipped Exon","Iqce","ENSMUSG00000036555","chr5","-",4.02231637073725e-05,0.407,"1.0,1.0,1.0","0.39,1.0,0.39",140654776,140654860,140651034,140651248,140656221,140656322,NA,NA,NA,NA,NA,NA,NA,NA,NA,NA,NA,NA
"KO_vs_Parental","SE","Skipped Exon","Rnf38","ENSMUSG00000035696","chr4","-",0.0326718197853215,-0.158,"0.644,0.607,0.562","0.758,0.739,0.789",44158902,44159052,44152359,44152553,44167465,44167535,NA,NA,NA,NA,NA,NA,NA,NA,NA,NA,NA,NA
"KO_vs_Parental","SE","Skipped Exon","Tbl1xr1","ENSMUSG00000027630","chr3","+",1.80582781874197e-05,-0.157,"0.894,0.858,0.745","1.0,0.969,1.0",22143576,22143686,22131447,22131591,22203105,22203172,NA,NA,NA,NA,NA,NA,NA,NA,NA,NA,NA,NA
"KO_vs_Parental","SE","Skipped Exon","Tbl1xr1","ENSMUSG00000027630","chr3","+",0.000213483113020764,-0.304,"0.764,0.773,0.346","1.0,0.795,1.0",22157030,22157111,22131447,22131591,22203105,22203172,NA,NA,NA,NA,NA,NA,NA,NA,NA,NA,NA,NA
"KO_vs_Parental","SE","Skipped Exon","Pwwp2a","ENSMUSG00000044950","chr11","+",2.5564132744212e-07,-0.135,"0.225,0.207,0.157","0.32,0.331,0.344",43607856,43607976,43595360,43596304,43611047,43611238,NA,NA,NA,NA,NA,NA,NA,NA,NA,NA,NA,NA
"KO_vs_Parental","SE","Skipped Exon","Rnf214","ENSMUSG00000042790","chr9","-",0.000343423445142104,-0.107,"0.833,0.797,0.816","0.955,0.921,0.89",45811508,45811554,45809729,45809789,45816103,45816217,NA,NA,NA,NA,NA,NA,NA,NA,NA,NA,NA,NA
"KO_vs_Parental","SE","Skipped Exon","Ccnl2","ENSMUSG00000029068","chr4","+",1.43155517364884e-05,-0.107,"0.671,0.742,0.687","0.758,0.829,0.835",155902995,155903121,155902379,155902444,155904785,155904885,NA,NA,NA,NA,NA,NA,NA,NA,NA,NA,NA,NA
"KO_vs_Parental","SE","Skipped Exon","Kif24","ENSMUSG00000028438","chr4","-",0.00121294735184963,-0.151,"0.826,0.857,0.778","0.913,1.0,1.0",41413828,41414044,41409731,41409819,41423451,41423635,NA,NA,NA,NA,NA,NA,NA,NA,NA,NA,NA,NA
"KO_vs_Parental","SE","Skipped Exon","Pias1","ENSMUSG00000032405","chr9","-",0.0143386390287091,-0.18,"0.412,0.808,0.583","0.344,1.0,1.0",62826632,62826767,62810040,62810114,62859037,62859482,NA,NA,NA,NA,NA,NA,NA,NA,NA,NA,NA,NA
"KO_vs_Parental","SE","Skipped Exon","Snapc4","ENSMUSG00000036281","chr2","-",1.02697337813697e-13,-0.258,"0.316,0.369,0.303","0.622,0.535,0.606",26268172,26268291,26268032,26268079,26268505,26268648,NA,NA,NA,NA,NA,NA,NA,NA,NA,NA,NA,NA
"KO_vs_Parental","SE","Skipped Exon","Decr2","ENSMUSG00000036775","chr17","-",0.000381165241847527,0.473,"1.0,1.0,1.0","0.461,1.0,0.12",26307902,26307971,26306297,26306433,26309070,26309264,NA,NA,NA,NA,NA,NA,NA,NA,NA,NA,NA,NA
"KO_vs_Parental","SE","Skipped Exon","Aldh18a1","ENSMUSG00000025007","chr19","-",0.0273272317442196,0.219,"1.0,0.776,0.938","0.689,0.879,0.488",40574570,40574636,40568305,40568520,40576753,40576813,NA,NA,NA,NA,NA,NA,NA,NA,NA,NA,NA,NA
"KO_vs_Parental","SE","Skipped Exon","Ndufaf6","ENSMUSG00000050323","chr4","-",0.0185139540657799,-0.488,"0.372,0.165,1.0","1.0,1.0,1.0",11062049,11062152,11059011,11059113,11070199,11070322,NA,NA,NA,NA,NA,NA,NA,NA,NA,NA,NA,NA
"KO_vs_Parental","SE","Skipped Exon","Asph","ENSMUSG00000028207","chr4","-",0.000176916074963636,-0.106,"0.715,0.643,0.647","0.779,0.787,0.757",9637658,9637703,9635900,9635969,9639197,9639347,NA,NA,NA,NA,NA,NA,NA,NA,NA,NA,NA,NA
"KO_vs_Parental","SE","Skipped Exon","Smpd5","ENSMUSG00000071724","chr15","+",6.28296257039748e-05,-0.278,"0.24,0.316,0.123","0.484,0.496,0.534",76179589,76179662,76178547,76179491,76179883,76180024,NA,NA,NA,NA,NA,NA,NA,NA,NA,NA,NA,NA
"KO_vs_Parental","SE","Skipped Exon","Ak1","ENSMUSG00000026817","chr2","+",0.000817171105533413,0.418,"0.799,1.0,1.0","0.544,0.0,1.0",32518462,32518500,32515448,32515550,32520246,32520410,NA,NA,NA,NA,NA,NA,NA,NA,NA,NA,NA,NA
"KO_vs_Parental","SE","Skipped Exon","Clock","ENSMUSG00000029238","chr5","-",0.00154331827203635,0.114,"0.884,0.88,0.887","0.733,0.802,0.773",76383612,76383702,76379242,76379395,76384128,76384229,NA,NA,NA,NA,NA,NA,NA,NA,NA,NA,NA,NA
"KO_vs_Parental","SE","Skipped Exon","Fam227a","ENSMUSG00000042564","chr15","-",0.00643354901009148,0.297,"0.16,0.25,0.609","0.0,0.0,0.129",79512957,79513031,79510437,79510532,79514226,79514320,NA,NA,NA,NA,NA,NA,NA,NA,NA,NA,NA,NA
"KO_vs_Parental","SE","Skipped Exon","Fam227a","ENSMUSG00000042564","chr15","-",0.00116112453930396,0.296,"1.0,0.818,1.0","1.0,0.491,0.44",79518264,79518347,79514226,79514320,79520879,79520987,NA,NA,NA,NA,NA,NA,NA,NA,NA,NA,NA,NA
"KO_vs_Parental","SE","Skipped Exon","Adgrl2","ENSMUSG00000028184","chr3","-",0.000234007890139047,-0.639,"0.517,0.0,0.082","1.0,0.517,1.0",148526915,148527044,148526608,148526690,148528623,148528687,NA,NA,NA,NA,NA,NA,NA,NA,NA,NA,NA,NA
"KO_vs_Parental","SE","Skipped Exon","Adgrl2","ENSMUSG00000028184","chr3","-",2.75212031095613e-05,-0.2,"0.483,0.354,0.381","0.576,0.648,0.595",148566062,148566074,148564368,148565169,148571235,148571345,NA,NA,NA,NA,NA,NA,NA,NA,NA,NA,NA,NA
"KO_vs_Parental","SE","Skipped Exon","Med15","ENSMUSG00000012114","chr16","-",5.59740817605604e-05,-0.101,"0.703,0.671,0.698","0.793,0.806,0.777",17498412,17498625,17492268,17492522,17501022,17501052,NA,NA,NA,NA,NA,NA,NA,NA,NA,NA,NA,NA
"KO_vs_Parental","SE","Skipped Exon","Odf2l","ENSMUSG00000028256","chr3","+",7.96666418142537e-06,-0.583,"0.0,0.455,0.714","0.917,1.0,1.0",144852523,144852682,144851636,144851714,144854291,144854377,NA,NA,NA,NA,NA,NA,NA,NA,NA,NA,NA,NA
"KO_vs_Parental","SE","Skipped Exon","Paqr7","ENSMUSG00000037348","chr4","+",5.49297110078523e-10,0.741,"1.0,1.0,1.0","0.561,0.154,0.063",134227910,134227994,134224285,134224347,134233991,134234028,NA,NA,NA,NA,NA,NA,NA,NA,NA,NA,NA,NA
"KO_vs_Parental","SE","Skipped Exon","Idh1","ENSMUSG00000025950","chr1","-",0.00104364274433265,0.159,"0.292,0.387,0.297","0.153,0.169,0.178",65220786,65220857,65214389,65214527,65225463,65225638,NA,NA,NA,NA,NA,NA,NA,NA,NA,NA,NA,NA
"KO_vs_Parental","SE","Skipped Exon","Gtf2ird2","ENSMUSG00000015942","chr5","+",0.000104630109947053,-0.217,"0.644,0.769,0.935","1.0,1.0,1.0",134235611,134235668,134232111,134232189,134237720,134237783,NA,NA,NA,NA,NA,NA,NA,NA,NA,NA,NA,NA
"KO_vs_Parental","SE","Skipped Exon","Ppa2","ENSMUSG00000028013","chr3","+",0.0142954831961943,0.224,"0.0,0.367,0.582","0.09,0.0,0.188",133026696,133026761,133016242,133016485,133045023,133045110,NA,NA,NA,NA,NA,NA,NA,NA,NA,NA,NA,NA
"KO_vs_Parental","SE","Skipped Exon","Ppa2","ENSMUSG00000028013","chr3","+",0.0449686560473667,-0.135,"0.688,0.804,1.0","1.0,1.0,0.898",133045023,133045110,133015870,133016042,133073583,133073690,NA,NA,NA,NA,NA,NA,NA,NA,NA,NA,NA,NA
"KO_vs_Parental","SE","Skipped Exon","4933405D12Rik","ENSMUSG00000097852","chr3","-",0.0385439594302066,-0.343,"0.213,0.302,0.296","0.618,0.716,0.505",122713327,122713454,122709478,122710445,122717711,122717765,NA,NA,NA,NA,NA,NA,NA,NA,NA,NA,NA,NA
"KO_vs_Parental","SE","Skipped Exon","Mrpl30","ENSMUSG00000026087","chr1","+",0.000671565385452643,0.162,"1.0,1.0,1.0","0.909,0.66,0.944",37932023,37932104,37929557,37929665,37934410,37934491,NA,NA,NA,NA,NA,NA,NA,NA,NA,NA,NA,NA
"KO_vs_Parental","SE","Skipped Exon","Add1","ENSMUSG00000029106","chr5","+",1.53181187032846e-11,-0.119,"0.774,0.738,0.72","0.87,0.862,0.858",34786479,34786516,34785758,34785857,34787813,34789649,NA,NA,NA,NA,NA,NA,NA,NA,NA,NA,NA,NA
"KO_vs_Parental","SE","Skipped Exon","Add1","ENSMUSG00000029106","chr5","+",2.90231606863926e-13,-0.222,"0.376,0.402,0.388","0.648,0.607,0.578",34786482,34786516,34785758,34785857,34787813,34788160,NA,NA,NA,NA,NA,NA,NA,NA,NA,NA,NA,NA
"KO_vs_Parental","SE","Skipped Exon","Sipa1l3","ENSMUSG00000030583","chr7","-",0.000258852110295576,-0.351,"0.047,0.039,0.0","0.122,0.317,0.699",29203275,29203340,29187684,29187749,29217889,29218040,NA,NA,NA,NA,NA,NA,NA,NA,NA,NA,NA,NA
"KO_vs_Parental","SE","Skipped Exon","Agtpbp1","ENSMUSG00000021557","chr13","-",2.134314874085e-05,0.107,"0.851,0.876,0.896","0.768,0.767,0.768",59665466,59665504,59661900,59662109,59672959,59673053,NA,NA,NA,NA,NA,NA,NA,NA,NA,NA,NA,NA
"KO_vs_Parental","SE","Skipped Exon","Ccdc97","ENSMUSG00000002608","chr7","-",0.00701173116576814,-0.414,"0.44,0.189,0.611","0.759,0.724,1.0",25417569,25417704,25415328,25415612,25418320,25418416,NA,NA,NA,NA,NA,NA,NA,NA,NA,NA,NA,NA
"KO_vs_Parental","SE","Skipped Exon","Miip","ENSMUSG00000029022","chr4","-",0.0416243423661306,0.644,"1.0,1.0,0.175","0.207,0.0,0.036",147952525,147952640,147951787,147952059,147952825,147952940,NA,NA,NA,NA,NA,NA,NA,NA,NA,NA,NA,NA
"KO_vs_Parental","SE","Skipped Exon","Slc41a3","ENSMUSG00000030089","chr6","+",0.0133935554619587,0.159,"1.0,1.0,1.0","0.854,1.0,0.67",90610592,90610737,90603361,90603433,90613838,90613983,NA,NA,NA,NA,NA,NA,NA,NA,NA,NA,NA,NA
"KO_vs_Parental","SE","Skipped Exon","Slc41a3","ENSMUSG00000030089","chr6","+",0.00177678632931288,0.287,"1.0,1.0,1.0","0.638,1.0,0.502",90612231,90612378,90603361,90603433,90613838,90613983,NA,NA,NA,NA,NA,NA,NA,NA,NA,NA,NA,NA
"KO_vs_Parental","SE","Skipped Exon","Slc41a3","ENSMUSG00000030089","chr6","+",0.00390797887097157,0.18,"1.0,0.926,1.0","0.903,0.617,0.867",90612231,90612378,90610592,90610737,90613838,90613983,NA,NA,NA,NA,NA,NA,NA,NA,NA,NA,NA,NA
"KO_vs_Parental","SE","Skipped Exon","Fat1","ENSMUSG00000070047","chr8","+",0.0201525583281395,-0.12,"0.092,0.023,0.129","0.195,0.22,0.189",45500686,45500746,45498067,45498205,45502878,45502914,NA,NA,NA,NA,NA,NA,NA,NA,NA,NA,NA,NA
"KO_vs_Parental","SE","Skipped Exon","Gstm6","ENSMUSG00000068762","chr3","-",0.0268336095120754,-0.243,"0.714,0.871,0.468","0.869,1.0,0.912",107849648,107849730,107848504,107848600,107850017,107850082,NA,NA,NA,NA,NA,NA,NA,NA,NA,NA,NA,NA
"KO_vs_Parental","SE","Skipped Exon","Exoc7","ENSMUSG00000020792","chr11","-",1.56422732372529e-06,0.114,"0.259,0.259,0.276","0.128,0.146,0.177",116187555,116187624,116186507,116186515,116188396,116188594,NA,NA,NA,NA,NA,NA,NA,NA,NA,NA,NA,NA
"KO_vs_Parental","SE","Skipped Exon","Mindy3","ENSMUSG00000026767","chr2","-",0.0247145445190361,-0.309,"0.404,0.326,0.448","0.537,0.89,0.677",12391419,12391490,12369257,12369330,12423969,12424260,NA,NA,NA,NA,NA,NA,NA,NA,NA,NA,NA,NA
"KO_vs_Parental","SE","Skipped Exon","Mindy3","ENSMUSG00000026767","chr2","-",0.00103622076099931,-0.159,"0.769,0.718,0.741","0.862,0.966,0.876",12400989,12401069,12369257,12369330,12423969,12424099,NA,NA,NA,NA,NA,NA,NA,NA,NA,NA,NA,NA
"KO_vs_Parental","SE","Skipped Exon","Mindy3","ENSMUSG00000026767","chr2","-",0.0121490233772128,0.22,"1.0,0.942,0.861","0.776,0.732,0.634",12400989,12401069,12386913,12386994,12423969,12424099,NA,NA,NA,NA,NA,NA,NA,NA,NA,NA,NA,NA
"KO_vs_Parental","SE","Skipped Exon","Cyb5r4","ENSMUSG00000032872","chr9","+",2.81471137141318e-05,-0.149,"0.849,0.705,0.882","0.906,1.0,0.977",86939194,86939347,86937817,86937958,86940977,86941128,NA,NA,NA,NA,NA,NA,NA,NA,NA,NA,NA,NA
"KO_vs_Parental","SE","Skipped Exon","Snph","ENSMUSG00000027457","chr2","-",0.00908140811307898,-0.195,"0.271,0.218,0.177","0.327,0.465,0.46",151442176,151442284,151439028,151439178,151442897,151442994,NA,NA,NA,NA,NA,NA,NA,NA,NA,NA,NA,NA
"KO_vs_Parental","SE","Skipped Exon","Snph","ENSMUSG00000027457","chr2","-",0.00302134976352286,-0.182,"0.219,0.206,0.195","0.415,0.404,0.347",151442176,151442383,151439028,151439178,151442897,151442994,NA,NA,NA,NA,NA,NA,NA,NA,NA,NA,NA,NA
"KO_vs_Parental","SE","Skipped Exon","Ank2","ENSMUSG00000032826","chr3","-",0.00608290220861478,-0.184,"0.57,0.54,0.583","0.836,0.784,0.624",126772904,126772916,126770493,126770596,126775448,126775593,NA,NA,NA,NA,NA,NA,NA,NA,NA,NA,NA,NA
"KO_vs_Parental","SE","Skipped Exon","Zmynd8","ENSMUSG00000039671","chr2","-",0.00121419725215528,-0.103,"0.262,0.341,0.278","0.435,0.405,0.349",165694787,165694799,165693919,165694068,165717624,165717695,NA,NA,NA,NA,NA,NA,NA,NA,NA,NA,NA,NA
"KO_vs_Parental","SE","Skipped Exon","Clasp2","ENSMUSG00000033392","chr9","+",0.000383058860733669,0.156,"0.678,0.713,0.706","0.56,0.484,0.584",113689187,113689205,113687648,113687672,113691253,113691355,NA,NA,NA,NA,NA,NA,NA,NA,NA,NA,NA,NA
"KO_vs_Parental","SE","Skipped Exon","Clasp2","ENSMUSG00000033392","chr9","+",1.23075016092454e-05,-0.116,"0.757,0.821,0.713","0.888,0.885,0.866",113707817,113707841,113705311,113705418,113709009,113709254,NA,NA,NA,NA,NA,NA,NA,NA,NA,NA,NA,NA
"KO_vs_Parental","SE","Skipped Exon","Btd","ENSMUSG00000021900","chr14","+",0.00231619466802663,-0.16,"0.834,0.679,0.731","0.787,0.967,0.969",31384026,31384282,31363013,31363092,31387838,31387988,NA,NA,NA,NA,NA,NA,NA,NA,NA,NA,NA,NA
"KO_vs_Parental","SE","Skipped Exon","Igsf3","ENSMUSG00000042035","chr3","+",1.01963785400366e-11,0.111,"0.199,0.182,0.161","0.089,0.043,0.076",101340230,101340290,101338519,101338909,101342646,101343048,NA,NA,NA,NA,NA,NA,NA,NA,NA,NA,NA,NA
"KO_vs_Parental","SE","Skipped Exon","Gba","ENSMUSG00000028048","chr3","+",1.62863896610522e-07,-0.131,"0.238,0.235,0.209","0.322,0.359,0.393",89110498,89110667,89110242,89110393,89110778,89110848,NA,NA,NA,NA,NA,NA,NA,NA,NA,NA,NA,NA
"KO_vs_Parental","SE","Skipped Exon","Git2","ENSMUSG00000041890","chr5","-",0.00475779607883035,-0.121,"0.556,0.593,0.597","0.707,0.726,0.675",114881791,114881941,114877093,114877342,114883489,114883632,NA,NA,NA,NA,NA,NA,NA,NA,NA,NA,NA,NA
"KO_vs_Parental","SE","Skipped Exon","2500004C02Rik","ENSMUSG00000073236","chr2","-",0.00173262599250561,0.22,"1.0,0.68,1.0","0.615,0.665,0.739",153187037,153187098,153183403,153184784,153187540,153188003,NA,NA,NA,NA,NA,NA,NA,NA,NA,NA,NA,NA
"KO_vs_Parental","SE","Skipped Exon","Sun1","ENSMUSG00000036817","chr5","+",0.00102534734385005,0.158,"0.753,0.764,0.79","0.643,0.603,0.588",139215507,139215699,139212460,139212640,139219225,139219324,NA,NA,NA,NA,NA,NA,NA,NA,NA,NA,NA,NA
"KO_vs_Parental","SE","Skipped Exon","Sun1","ENSMUSG00000036817","chr5","+",0.0139856325564379,0.16,"0.689,0.693,0.732","0.54,0.608,0.486",139216527,139216593,139212460,139212640,139219225,139219324,NA,NA,NA,NA,NA,NA,NA,NA,NA,NA,NA,NA
"KO_vs_Parental","SE","Skipped Exon","Sun1","ENSMUSG00000036817","chr5","+",0.00033674023641401,0.118,"0.871,0.844,0.864","0.745,0.772,0.709",139216881,139216992,139212460,139212640,139219225,139219324,NA,NA,NA,NA,NA,NA,NA,NA,NA,NA,NA,NA
"KO_vs_Parental","SE","Skipped Exon","Paxip1","ENSMUSG00000002221","chr5","-",1.11492757719012e-08,-0.322,"0.583,0.605,0.62","0.852,0.974,0.949",27986419,27986483,27980563,27980677,27988678,27988771,NA,NA,NA,NA,NA,NA,NA,NA,NA,NA,NA,NA
"KO_vs_Parental","SE","Skipped Exon","Esyt2","ENSMUSG00000021171","chr12","+",7.50228481485603e-06,-0.106,"0.128,0.08,0.073","0.192,0.189,0.217",116317446,116317509,116311838,116311934,116320731,116320806,NA,NA,NA,NA,NA,NA,NA,NA,NA,NA,NA,NA
"KO_vs_Parental","SE","Skipped Exon","Kcnn1","ENSMUSG00000002908","chr8","-",0.00235709171099776,0.667,"1.0,1.0,1.0","0.0,1.0,0.0",71307644,71308121,71305297,71305716,71314341,71314417,NA,NA,NA,NA,NA,NA,NA,NA,NA,NA,NA,NA
"KO_vs_Parental","SE","Skipped Exon","Slc12a5","ENSMUSG00000017740","chr2","+",0.000156906897602068,-0.139,"0.585,0.644,0.665","0.78,0.714,0.816",164838783,164838798,164838241,164838438,164839029,164839163,NA,NA,NA,NA,NA,NA,NA,NA,NA,NA,NA,NA
"KO_vs_Parental","SE","Skipped Exon","Fbxo25","ENSMUSG00000038365","chr8","+",1.79479908582424e-09,-0.151,"0.75,0.668,0.778","0.905,0.855,0.889",13988921,13988948,13985145,13985289,13989562,13990521,NA,NA,NA,NA,NA,NA,NA,NA,NA,NA,NA,NA
"KO_vs_Parental","SE","Skipped Exon","Slc39a13","ENSMUSG00000002105","chr2","-",5.735331937258e-10,-0.136,"0.86,0.88,0.815","0.991,0.991,0.982",90895250,90895352,90894985,90895149,90895926,90896045,NA,NA,NA,NA,NA,NA,NA,NA,NA,NA,NA,NA
"KO_vs_Parental","SE","Skipped Exon","Adarb1","ENSMUSG00000020262","chr10","-",0.0139213459735924,-0.107,"0.162,0.109,0.137","0.176,0.268,0.285",77161452,77161525,77157482,77158417,77161699,77161774,NA,NA,NA,NA,NA,NA,NA,NA,NA,NA,NA,NA
"KO_vs_Parental","SE","Skipped Exon","Il15ra","ENSMUSG00000023206","chr2","+",0.00242484327779055,0.171,"1.0,1.0,1.0","0.727,0.854,0.905",11724823,11724916,11723074,11723269,11728906,11728939,NA,NA,NA,NA,NA,NA,NA,NA,NA,NA,NA,NA
"KO_vs_Parental","SE","Skipped Exon","Ubr4","ENSMUSG00000066036","chr4","+",8.56634979280919e-08,-0.162,"0.382,0.353,0.324","0.5,0.52,0.526",139163259,139163343,139162320,139162495,139163432,139163570,NA,NA,NA,NA,NA,NA,NA,NA,NA,NA,NA,NA
"KO_vs_Parental","SE","Skipped Exon","Zfp239","ENSMUSG00000042097","chr6","+",2.05471209594952e-07,0.702,"1.0,1.0,1.0","0.143,0.75,0.0",117844096,117844285,117843781,117844000,117846178,117846234,NA,NA,NA,NA,NA,NA,NA,NA,NA,NA,NA,NA
"KO_vs_Parental","SE","Skipped Exon","E430024I08Rik","ENSMUSG00000112964","chr13","-",0.00167740007809022,0.123,"0.863,0.925,0.925","0.776,0.84,0.727",74598354,74598481,74598074,74598135,74610700,74610785,NA,NA,NA,NA,NA,NA,NA,NA,NA,NA,NA,NA
"KO_vs_Parental","SE","Skipped Exon","E430024I08Rik","ENSMUSG00000112964","chr13","-",0.0171104098184478,0.217,"0.704,0.832,0.818","0.548,0.69,0.464",74598354,74598530,74598074,74598135,74610700,74610812,NA,NA,NA,NA,NA,NA,NA,NA,NA,NA,NA,NA
"KO_vs_Parental","SE","Skipped Exon","Camk2b","ENSMUSG00000057897","chr11","-",0.00212635123720064,0.127,"0.25,0.069,0.212","0.034,0.024,0.091",5937056,5937131,5932720,5932761,5938100,5938143,NA,NA,NA,NA,NA,NA,NA,NA,NA,NA,NA,NA
"KO_vs_Parental","SE","Skipped Exon","Arhgap21","ENSMUSG00000036591","chr2","-",0.0259022052114803,0.109,"0.53,0.574,0.518","0.391,0.496,0.407",20888010,20888040,20884771,20886662,20891916,20891971,NA,NA,NA,NA,NA,NA,NA,NA,NA,NA,NA,NA
"KO_vs_Parental","SE","Skipped Exon","Mdm4","ENSMUSG00000054387","chr1","-",0.0149088710966891,0.29,"0.664,0.277,0.116","0.0,0.07,0.116",132938802,132938936,132931528,132931628,132946514,132946596,NA,NA,NA,NA,NA,NA,NA,NA,NA,NA,NA,NA
"KO_vs_Parental","SE","Skipped Exon","Myo9a","ENSMUSG00000039585","chr9","+",0.0107258838140733,-0.14,"0.67,0.69,0.631","0.823,0.803,0.785",59697318,59697375,59695697,59695797,59709196,59709294,NA,NA,NA,NA,NA,NA,NA,NA,NA,NA,NA,NA
"KO_vs_Parental","SE","Skipped Exon","Myo9a","ENSMUSG00000039585","chr9","+",1.91633593969962e-08,-0.234,"0.643,0.587,0.717","0.922,0.85,0.878",59782484,59782697,59781884,59781966,59791762,59791875,NA,NA,NA,NA,NA,NA,NA,NA,NA,NA,NA,NA
"KO_vs_Parental","SE","Skipped Exon","Tial1","ENSMUSG00000030846","chr7","-",0.000713991879342734,-0.101,"0.234,0.234,0.273","0.285,0.39,0.37",128048454,128048522,128047918,128047994,128049844,128049932,NA,NA,NA,NA,NA,NA,NA,NA,NA,NA,NA,NA
"KO_vs_Parental","SE","Skipped Exon","Dlg1","ENSMUSG00000022770","chr16","+",5.2606180101745e-10,-0.127,"0.123,0.163,0.125","0.23,0.277,0.285",31673470,31673506,31672660,31672702,31675258,31675309,NA,NA,NA,NA,NA,NA,NA,NA,NA,NA,NA,NA
"KO_vs_Parental","SE","Skipped Exon","Zfp869","ENSMUSG00000054648","chr8","-",0.00349447552035391,0.321,"1.0,0.758,1.0","0.653,0.758,0.385",70165926,70166015,70163335,70163625,70166951,70167059,NA,NA,NA,NA,NA,NA,NA,NA,NA,NA,NA,NA
"KO_vs_Parental","SE","Skipped Exon","Zfp869","ENSMUSG00000054648","chr8","-",7.65140027914192e-06,-0.189,"0.782,0.656,0.754","0.936,0.908,0.915",70166951,70167059,70163335,70163634,70169034,70169136,NA,NA,NA,NA,NA,NA,NA,NA,NA,NA,NA,NA
"KO_vs_Parental","SE","Skipped Exon","Trip12","ENSMUSG00000026219","chr1","-",8.67454513283444e-10,0.108,"0.26,0.272,0.274","0.155,0.177,0.151",84773410,84773536,84771245,84772048,84792543,84792690,NA,NA,NA,NA,NA,NA,NA,NA,NA,NA,NA,NA
"KO_vs_Parental","SE","Skipped Exon","Pcid2","ENSMUSG00000038542","chr8","-",0.00187510898830713,-0.284,"0.549,0.745,0.854","1.0,1.0,1.0",13144142,13144197,13136250,13136326,13150324,13150414,NA,NA,NA,NA,NA,NA,NA,NA,NA,NA,NA,NA
"KO_vs_Parental","SE","Skipped Exon","Ttbk2","ENSMUSG00000090100","chr2","-",0.0141084627191857,-0.141,"0.681,0.884,0.853","0.948,1.0,0.893",120655722,120655796,120652953,120653089,120667645,120667741,NA,NA,NA,NA,NA,NA,NA,NA,NA,NA,NA,NA
"KO_vs_Parental","SE","Skipped Exon","Mospd2","ENSMUSG00000061778","chrX","-",0.0126655481659505,0.701,"0.333,1.0,1.0","0.0,0.0,0.231",163745047,163745202,163731062,163731239,163762989,163763059,NA,NA,NA,NA,NA,NA,NA,NA,NA,NA,NA,NA
"KO_vs_Parental","SE","Skipped Exon","Cep20","ENSMUSG00000022677","chr16","-",0.00196447376034375,0.112,"0.594,0.596,0.645","0.486,0.513,0.501",14131679,14131877,14122317,14122451,14135157,14135211,NA,NA,NA,NA,NA,NA,NA,NA,NA,NA,NA,NA
"KO_vs_Parental","SE","Skipped Exon","Cdc42bpa","ENSMUSG00000026490","chr1","+",3.39474236161405e-10,-0.134,"0.718,0.798,0.752","0.869,0.886,0.916",179921508,179921751,179911936,179912070,179921945,179922056,NA,NA,NA,NA,NA,NA,NA,NA,NA,NA,NA,NA
"KO_vs_Parental","SE","Skipped Exon","Ago3","ENSMUSG00000028842","chr4","-",0.00308811246775147,-0.597,"0.0,0.5,0.0","0.692,0.6,1.0",126297997,126298206,126270699,126270834,126311020,126311192,NA,NA,NA,NA,NA,NA,NA,NA,NA,NA,NA,NA
"KO_vs_Parental","SE","Skipped Exon","Triobp","ENSMUSG00000033088","chr15","+",0.0261093063826915,-0.316,"0.041,0.28,0.094","0.426,0.355,0.581",78862813,78862951,78857451,78858492,78872091,78872148,NA,NA,NA,NA,NA,NA,NA,NA,NA,NA,NA,NA
"KO_vs_Parental","SE","Skipped Exon","Gmfg","ENSMUSG00000060791","chr7","+",0.0102089231314538,0.251,"1.0,0.92,1.0","1.0,0.522,0.645",28140858,28140955,28136871,28136999,28141093,28141143,NA,NA,NA,NA,NA,NA,NA,NA,NA,NA,NA,NA
"KO_vs_Parental","SE","Skipped Exon","Ppox","ENSMUSG00000062729","chr1","-",0.00734535077235633,0.333,"1.0,0.346,1.0","0.0,1.0,0.346",171107442,171107575,171107003,171107167,171107961,171108096,NA,NA,NA,NA,NA,NA,NA,NA,NA,NA,NA,NA
"KO_vs_Parental","SE","Skipped Exon","Rev1","ENSMUSG00000026082","chr1","-",2.30397349172781e-07,0.135,"0.272,0.288,0.267","0.143,0.134,0.144",38167332,38167396,38147484,38147548,38168542,38168882,NA,NA,NA,NA,NA,NA,NA,NA,NA,NA,NA,NA
"KO_vs_Parental","SE","Skipped Exon","Col16a1","ENSMUSG00000040690","chr4","+",7.37082002052797e-06,-0.101,"0.856,0.843,0.919","0.956,0.965,1.0",129966861,129966909,129966618,129966678,129967032,129967086,NA,NA,NA,NA,NA,NA,NA,NA,NA,NA,NA,NA
"KO_vs_Parental","SE","Skipped Exon","Zbtb38","ENSMUSG00000040433","chr9","-",0.00117144689922688,-0.167,"0.759,0.86,0.71","1.0,0.957,0.874",96614300,96614366,96600262,96600362,96633354,96633436,NA,NA,NA,NA,NA,NA,NA,NA,NA,NA,NA,NA
"KO_vs_Parental","SE","Skipped Exon","Creb1","ENSMUSG00000025958","chr1","+",0.0362818508207152,-0.206,"0.858,0.524,1.0","1.0,1.0,1.0",64590007,64590129,64571803,64572063,64605375,64605476,NA,NA,NA,NA,NA,NA,NA,NA,NA,NA,NA,NA
"KO_vs_Parental","SE","Skipped Exon","Trappc6b","ENSMUSG00000020993","chr12","-",0.00143090803846581,-0.202,"0.578,0.817,1.0","1.0,1.0,1.0",59094908,59094992,59090232,59090462,59107941,59108204,NA,NA,NA,NA,NA,NA,NA,NA,NA,NA,NA,NA
"KO_vs_Parental","SE","Skipped Exon","Agk","ENSMUSG00000029916","chr6","+",0.0019803883870166,-0.223,"0.689,0.603,0.932","1.0,0.894,1.0",40331947,40332027,40329286,40331741,40333978,40334469,NA,NA,NA,NA,NA,NA,NA,NA,NA,NA,NA,NA
"KO_vs_Parental","SE","Skipped Exon","Pde10a","ENSMUSG00000023868","chr17","+",0.000639727409422868,-0.169,"0.094,0.014,0.082","0.125,0.366,0.207",8976976,8977099,8975793,8975925,9117692,9117821,NA,NA,NA,NA,NA,NA,NA,NA,NA,NA,NA,NA
"KO_vs_Parental","SE","Skipped Exon","Tmem68","ENSMUSG00000028232","chr4","-",0.00317643152200269,0.104,"0.849,0.885,0.866","0.794,0.723,0.772",3554353,3554414,3551751,3551891,3560498,3560692,NA,NA,NA,NA,NA,NA,NA,NA,NA,NA,NA,NA
"KO_vs_Parental","SE","Skipped Exon","Cfap65","ENSMUSG00000047021","chr1","-",0.0013713489946869,0.267,"1.0,1.0,1.0","0.738,0.462,1.0",74955921,74956050,74950172,74950349,74956308,74956534,NA,NA,NA,NA,NA,NA,NA,NA,NA,NA,NA,NA
"KO_vs_Parental","SE","Skipped Exon","Sh3glb1","ENSMUSG00000037062","chr3","-",3.70255676578016e-09,-0.128,"0.624,0.669,0.642","0.762,0.775,0.781",144405614,144405638,144403138,144403228,144411273,144411366,NA,NA,NA,NA,NA,NA,NA,NA,NA,NA,NA,NA
"KO_vs_Parental","SE","Skipped Exon","Sh3glb1","ENSMUSG00000037062","chr3","-",0,-0.253,"0.291,0.277,0.268","0.536,0.53,0.53",144407520,144407607,144403138,144403228,144411273,144411366,NA,NA,NA,NA,NA,NA,NA,NA,NA,NA,NA,NA
"KO_vs_Parental","SE","Skipped Exon","Sh3glb1","ENSMUSG00000037062","chr3","-",8.70563394956266e-10,-0.159,"0.415,0.382,0.38","0.551,0.564,0.54",144407520,144407607,144405614,144405638,144411273,144411366,NA,NA,NA,NA,NA,NA,NA,NA,NA,NA,NA,NA
"KO_vs_Parental","SE","Skipped Exon","Sh3glb1","ENSMUSG00000037062","chr3","-",0,-0.235,"0.279,0.267,0.245","0.509,0.492,0.496",144407568,144407607,144403138,144403228,144411273,144411366,NA,NA,NA,NA,NA,NA,NA,NA,NA,NA,NA,NA
"KO_vs_Parental","SE","Skipped Exon","Sh3glb1","ENSMUSG00000037062","chr3","-",2.04070359862762e-08,-0.145,"0.496,0.51,0.484","0.638,0.649,0.637",144407568,144407607,144405614,144405638,144411273,144411366,NA,NA,NA,NA,NA,NA,NA,NA,NA,NA,NA,NA
"KO_vs_Parental","SE","Skipped Exon","2810403D21Rik","ENSMUSG00000086629","chrX","+",0.0412734521762338,-0.177,"0.153,0.161,0.107","0.406,0.282,0.265",107915077,107915204,107879834,107879961,107945069,107945161,NA,NA,NA,NA,NA,NA,NA,NA,NA,NA,NA,NA
"KO_vs_Parental","SE","Skipped Exon","Dop1a","ENSMUSG00000034973","chr9","+",0.0430694033484026,-0.147,"0.074,0.044,0.227","0.172,0.209,0.404",86388923,86388953,86388436,86388572,86389556,86389790,NA,NA,NA,NA,NA,NA,NA,NA,NA,NA,NA,NA
"KO_vs_Parental","SE","Skipped Exon","Agrn","ENSMUSG00000041936","chr4","-",2.71957764949863e-11,-0.114,"0.753,0.78,0.809","0.895,0.893,0.895",156254002,156254014,156253676,156253793,156254226,156254338,NA,NA,NA,NA,NA,NA,NA,NA,NA,NA,NA,NA
"KO_vs_Parental","SE","Skipped Exon","Fam204a","ENSMUSG00000057858","chr19","-",0.00414637306899282,0.186,"0.191,0.262,0.321","0.216,0.0,0.0",60208761,60208792,60201104,60201194,60214741,60215101,NA,NA,NA,NA,NA,NA,NA,NA,NA,NA,NA,NA
"KO_vs_Parental","SE","Skipped Exon","Fam204a","ENSMUSG00000057858","chr19","-",2.82567480169774e-07,-0.137,"0.775,0.882,0.889","1.0,0.957,1.0",60208761,60208792,60208471,60208571,60214663,60215109,NA,NA,NA,NA,NA,NA,NA,NA,NA,NA,NA,NA
"KO_vs_Parental","SE","Skipped Exon","Fam204a","ENSMUSG00000057858","chr19","-",1.15474890697976e-05,-0.132,"0.788,0.811,0.821","0.911,0.956,0.948",60208921,60209009,60208761,60208792,60214663,60215129,NA,NA,NA,NA,NA,NA,NA,NA,NA,NA,NA,NA
"KO_vs_Parental","SE","Skipped Exon","Fam204a","ENSMUSG00000057858","chr19","-",4.89109065861023e-07,-0.202,"0.685,0.587,0.674","0.894,0.861,0.798",60208921,60209009,60208761,60208792,60214741,60215101,NA,NA,NA,NA,NA,NA,NA,NA,NA,NA,NA,NA
"KO_vs_Parental","SE","Skipped Exon","Fam204a","ENSMUSG00000057858","chr19","-",3.76084986596202e-09,-0.116,"0.812,0.925,0.893","1.0,0.978,1.0",60209485,60209736,60208471,60208571,60214663,60215109,NA,NA,NA,NA,NA,NA,NA,NA,NA,NA,NA,NA
"KO_vs_Parental","SE","Skipped Exon","Fam204a","ENSMUSG00000057858","chr19","-",3.02825108945669e-05,-0.122,"0.787,0.833,0.825","0.905,0.956,0.95",60209485,60209736,60208761,60208792,60214663,60215109,NA,NA,NA,NA,NA,NA,NA,NA,NA,NA,NA,NA
"KO_vs_Parental","SE","Skipped Exon","Fam204a","ENSMUSG00000057858","chr19","-",6.41777793979088e-07,-0.132,"0.768,0.763,0.778","0.925,0.913,0.868",60209485,60209736,60208761,60208792,60214741,60215101,NA,NA,NA,NA,NA,NA,NA,NA,NA,NA,NA,NA
"KO_vs_Parental","SE","Skipped Exon","Src","ENSMUSG00000027646","chr2","+",0.00499029436401678,0.362,"0.537,1.0,1.0","0.537,0.635,0.279",157266747,157266855,157266311,157266334,157297510,157297687,NA,NA,NA,NA,NA,NA,NA,NA,NA,NA,NA,NA
"KO_vs_Parental","SE","Skipped Exon","Arhgef19","ENSMUSG00000028919","chr4","+",0.0386385746027297,-0.215,"0.423,0.501,0.225","0.636,0.553,0.604",140973256,140973363,140967942,140968055,140973485,140973667,NA,NA,NA,NA,NA,NA,NA,NA,NA,NA,NA,NA
"KO_vs_Parental","SE","Skipped Exon","Arhgef19","ENSMUSG00000028919","chr4","+",0.00133606859121463,-0.247,"0.354,0.404,0.263","0.674,0.599,0.489",140973256,140973363,140972128,140972277,140973485,140973667,NA,NA,NA,NA,NA,NA,NA,NA,NA,NA,NA,NA
"KO_vs_Parental","SE","Skipped Exon","Gtf2ird1","ENSMUSG00000023079","chr5","-",0.0170055672399432,-0.101,"0.793,0.797,0.733","0.851,0.908,0.868",134411383,134411539,134408790,134408874,134411634,134411684,NA,NA,NA,NA,NA,NA,NA,NA,NA,NA,NA,NA
"KO_vs_Parental","SE","Skipped Exon","Nudt13","ENSMUSG00000021809","chr14","+",0.0244296066568651,-0.131,"0.188,0.218,0.107","0.208,0.376,0.321",20345138,20345334,20344764,20344860,20350654,20350747,NA,NA,NA,NA,NA,NA,NA,NA,NA,NA,NA,NA
"KO_vs_Parental","SE","Skipped Exon","Nudt13","ENSMUSG00000021809","chr14","+",0.0186834892991347,-0.113,"0.74,0.922,0.876","0.949,1.0,0.927",20345155,20345277,20344790,20344860,20347582,20347699,NA,NA,NA,NA,NA,NA,NA,NA,NA,NA,NA,NA
"KO_vs_Parental","SE","Skipped Exon","Nudt13","ENSMUSG00000021809","chr14","+",0.0190193980870689,0.158,"0.703,0.761,0.874","0.627,0.596,0.641",20350654,20350747,20344789,20344860,20354020,20354160,NA,NA,NA,NA,NA,NA,NA,NA,NA,NA,NA,NA
"KO_vs_Parental","SE","Skipped Exon","Calu","ENSMUSG00000029767","chr6","+",0.000149674227005633,-0.101,"0.458,0.441,0.442","0.554,0.54,0.55",29361558,29361752,29361292,29361486,29366038,29366205,NA,NA,NA,NA,NA,NA,NA,NA,NA,NA,NA,NA
"KO_vs_Parental","SE","Skipped Exon","Pfkfb2","ENSMUSG00000026409","chr1","-",0.00288614933888376,-0.193,"0.723,0.81,0.681","0.882,0.953,0.957",130624753,130625822,130616919,130618885,130626415,130626480,NA,NA,NA,NA,NA,NA,NA,NA,NA,NA,NA,NA
"KO_vs_Parental","SE","Skipped Exon","Pfkfb2","ENSMUSG00000026409","chr1","-",0.00167233029216941,-0.199,"0.727,0.803,0.681","0.895,0.951,0.961",130625642,130625822,130618751,130618885,130626415,130626480,NA,NA,NA,NA,NA,NA,NA,NA,NA,NA,NA,NA
"KO_vs_Parental","SE","Skipped Exon","Zfp54","ENSMUSG00000023882","chr17","+",0.00628242564321822,0.59,"1.0,1.0,0.09","0.0,0.321,0.0",21647593,21647633,21643488,21643823,21647998,21648090,NA,NA,NA,NA,NA,NA,NA,NA,NA,NA,NA,NA
"KO_vs_Parental","SE","Skipped Exon","Slc37a3","ENSMUSG00000029924","chr6","-",0.0144416738132535,-0.399,"0.349,0.544,0.417","0.866,1.0,0.642",39349012,39349071,39343822,39343980,39354168,39354573,NA,NA,NA,NA,NA,NA,NA,NA,NA,NA,NA,NA
"KO_vs_Parental","SE","Skipped Exon","Tmem245","ENSMUSG00000055296","chr4","-",0.00522775807558244,-0.118,"0.111,0.115,0.05","0.259,0.153,0.218",56922386,56922410,56916701,56916806,56923338,56923508,NA,NA,NA,NA,NA,NA,NA,NA,NA,NA,NA,NA
"KO_vs_Parental","SE","Skipped Exon","Epb41l3","ENSMUSG00000024044","chr17","+",5.22182834607014e-09,0.207,"0.445,0.439,0.398","0.206,0.229,0.225",69581095,69581161,69577605,69577659,69581698,69581890,NA,NA,NA,NA,NA,NA,NA,NA,NA,NA,NA,NA
"KO_vs_Parental","SE","Skipped Exon","Epb41l3","ENSMUSG00000024044","chr17","+",2.14630423655758e-05,0.105,"0.292,0.307,0.249","0.166,0.182,0.185",69581095,69581161,69580876,69580912,69581698,69581890,NA,NA,NA,NA,NA,NA,NA,NA,NA,NA,NA,NA
"KO_vs_Parental","SE","Skipped Exon","Pus1","ENSMUSG00000029507","chr5","-",0.000289371069391998,-0.118,"0.096,0.052,0.075","0.158,0.236,0.183",110924419,110924473,110923401,110923504,110927552,110927763,NA,NA,NA,NA,NA,NA,NA,NA,NA,NA,NA,NA
"KO_vs_Parental","SE","Skipped Exon","Otos","ENSMUSG00000044055","chr1","-",0.0169963531755925,-0.128,"0.926,0.889,0.7","1.0,0.9,1.0",92573405,92573598,92573055,92573148,92576472,92576563,NA,NA,NA,NA,NA,NA,NA,NA,NA,NA,NA,NA
"KO_vs_Parental","SE","Skipped Exon","4732471J01Rik","ENSMUSG00000053714","chr7","+",0.0113156306877751,0.451,"1.0,1.0,0.739","0.405,0.333,0.647",25095752,25095988,25076243,25076295,25096114,25096331,NA,NA,NA,NA,NA,NA,NA,NA,NA,NA,NA,NA
"KO_vs_Parental","SE","Skipped Exon","Atp9b","ENSMUSG00000024566","chr18","-",0.0006545800703738,0.137,"1.0,0.982,0.982","0.918,1.0,0.636",80879569,80879646,80838504,80838647,80887741,80887817,NA,NA,NA,NA,NA,NA,NA,NA,NA,NA,NA,NA
"KO_vs_Parental","SE","Skipped Exon","Gm15408","ENSMUSG00000086610","chr5","+",0.000381165241847527,-0.48,"0.0,0.208,1.0","1.0,0.648,1.0",148948383,148948517,148944695,148944825,148948808,148949592,NA,NA,NA,NA,NA,NA,NA,NA,NA,NA,NA,NA
"KO_vs_Parental","SE","Skipped Exon","Entr1","ENSMUSG00000026927","chr2","-",0.030880417758915,0.389,"0.433,0.77,0.25","0.0,0.286,0.0",26276001,26276075,26274693,26274833,26277567,26277683,NA,NA,NA,NA,NA,NA,NA,NA,NA,NA,NA,NA
"KO_vs_Parental","SE","Skipped Exon","Entr1","ENSMUSG00000026927","chr2","-",6.91176647125645e-05,0.576,"1.0,0.728,1.0","0.0,1.0,0.0",26276001,26276075,26274693,26274833,26279160,26279303,NA,NA,NA,NA,NA,NA,NA,NA,NA,NA,NA,NA
"KO_vs_Parental","SE","Skipped Exon","Entr1","ENSMUSG00000026927","chr2","-",0.0088791781260884,-0.17,"0.786,0.546,1.0","0.842,1.0,1.0",26276001,26276075,26275094,26275157,26277567,26277683,NA,NA,NA,NA,NA,NA,NA,NA,NA,NA,NA,NA
"KO_vs_Parental","SE","Skipped Exon","Entr1","ENSMUSG00000026927","chr2","-",0.00022511356407904,-0.113,"0.245,0.228,0.225","0.341,0.365,0.33",26278927,26279077,26278503,26278572,26279160,26279303,NA,NA,NA,NA,NA,NA,NA,NA,NA,NA,NA,NA
"KO_vs_Parental","SE","Skipped Exon","Wasf3","ENSMUSG00000029636","chr5","+",0.000281154846829423,-0.162,"0.928,0.643,0.763","0.96,0.916,0.944",146397774,146397950,146392353,146392471,146402659,146402829,NA,NA,NA,NA,NA,NA,NA,NA,NA,NA,NA,NA
"KO_vs_Parental","SE","Skipped Exon","Gm3752","ENSMUSG00000091617","chr14","+",0.0404468422420372,-0.333,"0.5,1.0,0.5","1.0,1.0,1.0",14985916,14986067,14981102,14981234,14995798,14995932,NA,NA,NA,NA,NA,NA,NA,NA,NA,NA,NA,NA
"KO_vs_Parental","SE","Skipped Exon","Pts","ENSMUSG00000032067","chr9","-",0.0013472847626552,-0.333,"0.0,0.0,1.0","0.0,1.0,1.0",50436452,50436584,50436022,50436079,50439856,50439940,NA,NA,NA,NA,NA,NA,NA,NA,NA,NA,NA,NA
"KO_vs_Parental","SE","Skipped Exon","Dip2a","ENSMUSG00000020231","chr10","-",0.00172773960048172,-0.125,"0.104,0.153,0.078","0.16,0.277,0.273",76107209,76107239,76106229,76106291,76108366,76108537,NA,NA,NA,NA,NA,NA,NA,NA,NA,NA,NA,NA
"KO_vs_Parental","SE","Skipped Exon","Phf14","ENSMUSG00000029629","chr6","+",0.022236759292257,-0.205,"0.5,0.905,0.714","1.0,0.733,1.0",12045583,12045763,12044377,12044489,12047123,12047153,NA,NA,NA,NA,NA,NA,NA,NA,NA,NA,NA,NA
"KO_vs_Parental","SE","Skipped Exon","Suv39h2","ENSMUSG00000026646","chr2","-",0.0105441807002057,0.109,"0.501,0.532,0.534","0.395,0.401,0.444",3473538,3473684,3465303,3465963,3475739,3475997,NA,NA,NA,NA,NA,NA,NA,NA,NA,NA,NA,NA
"KO_vs_Parental","SE","Skipped Exon","Mx1","ENSMUSG00000000386","chr16","-",0.00245962252558269,-0.162,"0.852,0.87,0.688","0.895,1.0,1.0",97256688,97256843,97256289,97256428,97257421,97257559,NA,NA,NA,NA,NA,NA,NA,NA,NA,NA,NA,NA
"KO_vs_Parental","SE","Skipped Exon","Hsf2","ENSMUSG00000019878","chr10","+",9.1032286808624e-05,0.142,"0.309,0.362,0.42","0.222,0.219,0.224",57385156,57385210,57382292,57382398,57387539,57387624,NA,NA,NA,NA,NA,NA,NA,NA,NA,NA,NA,NA
"KO_vs_Parental","SE","Skipped Exon","Abi2","ENSMUSG00000026782","chr1","+",0,-0.192,"0.19,0.203,0.201","0.387,0.406,0.378",60478100,60478118,60476214,60476391,60483143,60483241,NA,NA,NA,NA,NA,NA,NA,NA,NA,NA,NA,NA
"KO_vs_Parental","SE","Skipped Exon","Rcbtb1","ENSMUSG00000035469","chr14","+",0.0083295587864565,-0.33,"0.376,0.57,0.601","0.894,1.0,0.644",59443073,59443171,59438682,59439033,59444252,59444379,NA,NA,NA,NA,NA,NA,NA,NA,NA,NA,NA,NA
"KO_vs_Parental","SE","Skipped Exon","Ccdc66","ENSMUSG00000046753","chr14","-",0.0133168995318833,0.113,"0.887,0.87,0.837","0.74,0.803,0.713",27222197,27222639,27220680,27220846,27228607,27228672,NA,NA,NA,NA,NA,NA,NA,NA,NA,NA,NA,NA
"KO_vs_Parental","SE","Skipped Exon","Clta","ENSMUSG00000028478","chr4","+",7.21984291398803e-09,-0.163,"0.449,0.443,0.466","0.621,0.599,0.627",44030214,44030268,44025448,44025560,44031399,44031435,NA,NA,NA,NA,NA,NA,NA,NA,NA,NA,NA,NA
"KO_vs_Parental","SE","Skipped Exon","Clta","ENSMUSG00000028478","chr4","+",3.8033839643605e-12,-0.138,"0.231,0.201,0.21","0.377,0.349,0.331",44030214,44030268,44025448,44025560,44032400,44032846,NA,NA,NA,NA,NA,NA,NA,NA,NA,NA,NA,NA
"KO_vs_Parental","SE","Skipped Exon","Hycc2","ENSMUSG00000038174","chr1","-",2.26841043379431e-05,-0.35,"0.39,0.333,0.348","0.66,0.786,0.676",58573643,58573811,58566179,58569418,58574548,58574708,NA,NA,NA,NA,NA,NA,NA,NA,NA,NA,NA,NA
"KO_vs_Parental","SE","Skipped Exon","Aox1","ENSMUSG00000063558","chr1","+",0.00158783326872353,-0.105,"0.943,0.759,0.928","1.0,0.946,1.0",58120661,58120748,58117584,58117672,58124592,58124820,NA,NA,NA,NA,NA,NA,NA,NA,NA,NA,NA,NA
"KO_vs_Parental","SE","Skipped Exon","Pacsin2","ENSMUSG00000016664","chr15","-",2.68699662676668e-06,-0.127,"0.477,0.509,0.46","0.615,0.612,0.599",83267823,83267829,83265962,83266084,83269187,83269292,NA,NA,NA,NA,NA,NA,NA,NA,NA,NA,NA,NA
"KO_vs_Parental","SE","Skipped Exon","Zbtb18","ENSMUSG00000063659","chr1","+",0.00521994367501829,0.268,"0.699,0.545,0.635","0.377,0.367,0.33",177271550,177271658,177270109,177270161,177272304,177272388,NA,NA,NA,NA,NA,NA,NA,NA,NA,NA,NA,NA
"KO_vs_Parental","SE","Skipped Exon","Vat1l","ENSMUSG00000046844","chr8","+",8.55959499654105e-06,-0.688,"0.0,0.681,0.256","1.0,1.0,1.0",114955025,114955062,114932373,114932687,114956945,114957059,NA,NA,NA,NA,NA,NA,NA,NA,NA,NA,NA,NA
"KO_vs_Parental","SE","Skipped Exon","Gmppa","ENSMUSG00000033021","chr1","+",0.0203481527217529,0.166,"0.958,0.933,0.867","0.824,0.714,0.722",75412789,75412956,75412586,75412655,75413637,75413678,NA,NA,NA,NA,NA,NA,NA,NA,NA,NA,NA,NA
"KO_vs_Parental","SE","Skipped Exon","Gmppa","ENSMUSG00000033021","chr1","+",0.00128089735047109,0.342,"1.0,1.0,0.687","0.661,0.477,0.523",75413427,75413482,75412730,75412837,75413637,75413678,NA,NA,NA,NA,NA,NA,NA,NA,NA,NA,NA,NA
"KO_vs_Parental","SE","Skipped Exon","Naip1","ENSMUSG00000021640","chr13","-",0.000266372757996924,0.413,"1.0,0.5,1.0","0.474,0.333,0.455",100561889,100563270,100559560,100559728,100564464,100564522,NA,NA,NA,NA,NA,NA,NA,NA,NA,NA,NA,NA
"KO_vs_Parental","SE","Skipped Exon","Naip1","ENSMUSG00000021640","chr13","-",0.000396298566854813,0.385,"1.0,0.5,1.0","0.474,0.333,0.538",100561889,100564001,100559560,100559728,100564464,100564522,NA,NA,NA,NA,NA,NA,NA,NA,NA,NA,NA,NA
"KO_vs_Parental","SE","Skipped Exon","2310047D07Rik","ENSMUSG00000100783","chr5","+",0.0116098923470753,0.186,"0.6,1.0,1.0","1.0,0.308,0.733",149174048,149174237,149172080,149172216,149174343,149174787,NA,NA,NA,NA,NA,NA,NA,NA,NA,NA,NA,NA
"KO_vs_Parental","SE","Skipped Exon","Calr3","ENSMUSG00000019732","chr8","-",0.0189214262817451,0.128,"1.0,1.0,1.0","0.827,0.788,1.0",73181005,73181137,73179610,73179703,73181913,73182009,NA,NA,NA,NA,NA,NA,NA,NA,NA,NA,NA,NA
"KO_vs_Parental","SE","Skipped Exon","Pcgf6","ENSMUSG00000025050","chr19","-",8.02260841651831e-05,-0.239,"0.547,0.597,0.425","0.688,0.727,0.872",47030560,47030578,47028482,47028581,47031204,47031232,NA,NA,NA,NA,NA,NA,NA,NA,NA,NA,NA,NA
"KO_vs_Parental","SE","Skipped Exon","Gm13544","ENSMUSG00000086995","chr2","+",0.00370384272005531,-0.177,"0.697,0.683,0.69","0.881,0.926,0.793",58169565,58169776,58166790,58166874,58171149,58171311,NA,NA,NA,NA,NA,NA,NA,NA,NA,NA,NA,NA
"KO_vs_Parental","SE","Skipped Exon","Lmntd1","ENSMUSG00000054966","chr6","-",1.94344962064477e-12,1,"1.0,1.0,1.0","0.0,0.0,0.0",145363125,145363245,145359108,145359314,145365413,145365600,NA,NA,NA,NA,NA,NA,NA,NA,NA,NA,NA,NA
"KO_vs_Parental","SE","Skipped Exon","Spata5","ENSMUSG00000027722","chr3","+",6.61434894041825e-08,0.15,"0.361,0.385,0.39","0.231,0.267,0.188",37584131,37584168,37582306,37582471,37632900,37633245,NA,NA,NA,NA,NA,NA,NA,NA,NA,NA,NA,NA
"KO_vs_Parental","SE","Skipped Exon","Ldb3","ENSMUSG00000021798","chr14","-",0.0454228488895495,-0.146,"0.846,1.0,0.583","1.0,0.867,1.0",34277299,34277485,34274133,34274279,34288813,34288850,NA,NA,NA,NA,NA,NA,NA,NA,NA,NA,NA,NA
"KO_vs_Parental","SE","Skipped Exon","Bard1","ENSMUSG00000026196","chr1","-",0.0355348850923673,0.111,"0.826,0.944,0.971","0.714,0.898,0.795",71106266,71106347,71104637,71104810,71113701,71114639,NA,NA,NA,NA,NA,NA,NA,NA,NA,NA,NA,NA
"KO_vs_Parental","SE","Skipped Exon","Dap3","ENSMUSG00000068921","chr3","-",0.019478586351445,-0.209,"0.865,0.588,0.833","0.914,1.0,1.0",88834317,88834377,88832600,88832718,88840871,88840973,NA,NA,NA,NA,NA,NA,NA,NA,NA,NA,NA,NA
"KO_vs_Parental","SE","Skipped Exon","Dap3","ENSMUSG00000068921","chr3","-",0.00278481133981347,-0.128,"1.0,0.685,0.572","1.0,0.64,1.0",88840871,88840973,88836702,88836833,88850081,88850135,NA,NA,NA,NA,NA,NA,NA,NA,NA,NA,NA,NA
"KO_vs_Parental","SE","Skipped Exon","Alg3","ENSMUSG00000033809","chr16","-",0.0449282925120196,-0.198,"0.595,0.726,0.729","0.961,0.683,1.0",20427491,20427639,20426513,20426634,20429292,20429481,NA,NA,NA,NA,NA,NA,NA,NA,NA,NA,NA,NA
"KO_vs_Parental","SE","Skipped Exon","Tpm1","ENSMUSG00000032366","chr9","-",2.86887743997485e-07,-0.119,"0.088,0.072,0.087","0.18,0.199,0.225",66936945,66937024,66931607,66931847,66938310,66938380,NA,NA,NA,NA,NA,NA,NA,NA,NA,NA,NA,NA
"KO_vs_Parental","SE","Skipped Exon","Rpusd1","ENSMUSG00000041199","chr17","+",2.5537120978176e-06,-0.217,"0.555,0.643,0.546","0.817,0.794,0.785",25947154,25947365,25946690,25946821,25947496,25947620,NA,NA,NA,NA,NA,NA,NA,NA,NA,NA,NA,NA
"KO_vs_Parental","SE","Skipped Exon","Rpusd1","ENSMUSG00000041199","chr17","+",4.86147825059984e-09,-0.214,"0.615,0.706,0.621","0.864,0.85,0.87",25947176,25947365,25946690,25946821,25947496,25947620,NA,NA,NA,NA,NA,NA,NA,NA,NA,NA,NA,NA
"KO_vs_Parental","SE","Skipped Exon","Rpusd1","ENSMUSG00000041199","chr17","+",7.0736194517205e-06,-0.244,"0.505,0.607,0.468","0.774,0.774,0.765",25947225,25947365,25946643,25946821,25947496,25947620,NA,NA,NA,NA,NA,NA,NA,NA,NA,NA,NA,NA
"KO_vs_Parental","SE","Skipped Exon","Map4k4","ENSMUSG00000026074","chr1","+",0,-0.131,"0.74,0.754,0.763","0.874,0.894,0.881",40040589,40040751,40039690,40039909,40042916,40043147,NA,NA,NA,NA,NA,NA,NA,NA,NA,NA,NA,NA
"KO_vs_Parental","SE","Skipped Exon","Carf","ENSMUSG00000026017","chr1","+",0.000101835282957841,0.148,"1.0,1.0,1.0","0.965,0.779,0.811",60147241,60147359,60144502,60144586,60148380,60148608,NA,NA,NA,NA,NA,NA,NA,NA,NA,NA,NA,NA
"KO_vs_Parental","SE","Skipped Exon","Fbxw10","ENSMUSG00000090173","chr11","+",0.00894227084239788,0.187,"1.0,1.0,1.0","0.929,0.733,0.778",62750665,62750866,62748511,62748621,62753455,62753577,NA,NA,NA,NA,NA,NA,NA,NA,NA,NA,NA,NA
"KO_vs_Parental","SE","Skipped Exon","Ralgps1","ENSMUSG00000038831","chr2","-",9.76846588459116e-05,0.301,"1.0,1.0,1.0","1.0,0.472,0.624",33174836,33174920,33149375,33150616,33230724,33230845,NA,NA,NA,NA,NA,NA,NA,NA,NA,NA,NA,NA
"KO_vs_Parental","SE","Skipped Exon","Smarcad1","ENSMUSG00000029920","chr6","+",4.06445627777507e-07,0.112,"0.245,0.265,0.303","0.16,0.161,0.156",65020819,65021092,65020189,65020429,65029603,65029733,NA,NA,NA,NA,NA,NA,NA,NA,NA,NA,NA,NA
"KO_vs_Parental","SE","Skipped Exon","Atpaf2","ENSMUSG00000042709","chr11","-",0.0133325354606688,-0.132,"0.697,0.514,1.0","1.0,0.606,1.0",60300411,60300456,60298119,60298217,60307811,60307861,NA,NA,NA,NA,NA,NA,NA,NA,NA,NA,NA,NA
"KO_vs_Parental","SE","Skipped Exon","Ncoa5","ENSMUSG00000039804","chr2","-",2.28869223835431e-07,0.228,"0.64,0.544,0.702","0.391,0.405,0.405",164865065,164865121,164854916,164855082,164876602,164876749,NA,NA,NA,NA,NA,NA,NA,NA,NA,NA,NA,NA
"KO_vs_Parental","SE","Skipped Exon","Ncoa5","ENSMUSG00000039804","chr2","-",0,0.143,"0.865,0.833,0.888","0.726,0.73,0.7",164865065,164865132,164854755,164855082,164876602,164876708,NA,NA,NA,NA,NA,NA,NA,NA,NA,NA,NA,NA
"KO_vs_Parental","SE","Skipped Exon","Ints10","ENSMUSG00000031864","chr8","+",0.0128245759809294,-0.189,"0.377,0.427,0.487","0.539,0.652,0.667",69276841,69276919,69274808,69274902,69277703,69277781,NA,NA,NA,NA,NA,NA,NA,NA,NA,NA,NA,NA
"KO_vs_Parental","SE","Skipped Exon","Tpm3","ENSMUSG00000027940","chr3","+",2.05600070302397e-11,-0.102,"0.91,0.792,0.955","0.993,0.996,0.975",89998319,89998398,89997316,89997386,90005681,90006090,NA,NA,NA,NA,NA,NA,NA,NA,NA,NA,NA,NA
"KO_vs_Parental","SE","Skipped Exon","Pierce2","ENSMUSG00000086158","chr9","-",0.00530686187870549,-0.327,"1.0,0.0,0.2","1.0,0.5,0.68",72891080,72891398,72889841,72889908,72892422,72892651,NA,NA,NA,NA,NA,NA,NA,NA,NA,NA,NA,NA
"KO_vs_Parental","SE","Skipped Exon","Usp40","ENSMUSG00000005501","chr1","-",0.004725741832217,0.205,"1.0,0.919,0.769","0.675,0.742,0.655",87901798,87901856,87896117,87896171,87903529,87903653,NA,NA,NA,NA,NA,NA,NA,NA,NA,NA,NA,NA
"KO_vs_Parental","SE","Skipped Exon","AA467197","ENSMUSG00000033213","chr2","+",0.000141108580178231,-0.285,"0.751,0.74,0.655","1.0,1.0,1.0",122480176,122480262,122479834,122480053,122481135,122481196,NA,NA,NA,NA,NA,NA,NA,NA,NA,NA,NA,NA
"KO_vs_Parental","SE","Skipped Exon","Mapk10","ENSMUSG00000046709","chr5","-",5.52290144550917e-05,-0.578,"0.252,0.092,0.403","0.729,1.0,0.752",103124220,103124292,103114311,103114494,103137485,103137651,NA,NA,NA,NA,NA,NA,NA,NA,NA,NA,NA,NA
"KO_vs_Parental","SE","Skipped Exon","Myef2","ENSMUSG00000027201","chr2","-",0.00155854391235661,-0.139,"0.815,0.884,0.884","1.0,1.0,1.0",124929596,124929623,124928487,124928636,124930782,124930957,NA,NA,NA,NA,NA,NA,NA,NA,NA,NA,NA,NA
"KO_vs_Parental","SE","Skipped Exon","Myef2","ENSMUSG00000027201","chr2","-",2.25188836778375e-09,0.118,"0.817,0.85,0.831","0.691,0.731,0.721",124940716,124940767,124940369,124940438,124942238,124942340,NA,NA,NA,NA,NA,NA,NA,NA,NA,NA,NA,NA
"KO_vs_Parental","SE","Skipped Exon","Slc39a3","ENSMUSG00000046822","chr10","-",7.17127952507686e-05,0.104,"0.948,0.912,0.892","0.83,0.813,0.796",80870751,80870843,80869445,80869767,80873037,80873142,NA,NA,NA,NA,NA,NA,NA,NA,NA,NA,NA,NA
"KO_vs_Parental","SE","Skipped Exon","Kank3","ENSMUSG00000042099","chr17","+",0.0130507316753464,-0.117,"0.689,0.77,0.652","0.85,0.794,0.819",34038753,34038970,34035159,34035219,34040742,34040888,NA,NA,NA,NA,NA,NA,NA,NA,NA,NA,NA,NA
"KO_vs_Parental","SE","Skipped Exon","Lrrc40","ENSMUSG00000063052","chr3","+",0.00178002810340171,-0.572,"0.11,0.326,0.253","0.404,1.0,1.0",157747499,157747570,157742338,157742513,157749197,157749327,NA,NA,NA,NA,NA,NA,NA,NA,NA,NA,NA,NA
"KO_vs_Parental","SE","Skipped Exon","Togaram2","ENSMUSG00000045761","chr17","+",0.02160506909144,0.133,"0.878,0.982,0.913","0.758,0.777,0.839",72002691,72002738,71998440,71998631,72004827,72004991,NA,NA,NA,NA,NA,NA,NA,NA,NA,NA,NA,NA
"KO_vs_Parental","SE","Skipped Exon","Unc79","ENSMUSG00000021198","chr12","+",0.0295964181947837,0.207,"0.834,0.762,0.808","0.732,0.402,0.65",103016153,103016182,103013916,103013957,103025577,103025687,NA,NA,NA,NA,NA,NA,NA,NA,NA,NA,NA,NA
"KO_vs_Parental","SE","Skipped Exon","Kctd2","ENSMUSG00000016940","chr11","+",0.00356905627972196,-0.234,"0.615,0.601,0.686","0.79,0.895,0.92",115320460,115320608,115320178,115320231,115320711,115321027,NA,NA,NA,NA,NA,NA,NA,NA,NA,NA,NA,NA
"KO_vs_Parental","SE","Skipped Exon","Nudt1","ENSMUSG00000036639","chr5","+",0.0485827056100653,0.152,"0.971,0.774,0.838","0.782,0.691,0.654",140318149,140318228,140317663,140317710,140320209,140320374,NA,NA,NA,NA,NA,NA,NA,NA,NA,NA,NA,NA
"KO_vs_Parental","SE","Skipped Exon","Gpatch8","ENSMUSG00000034621","chr11","-",5.81428934292745e-05,-0.133,"0.211,0.221,0.186","0.324,0.313,0.379",102422138,102422156,102418919,102418992,102429107,102429182,NA,NA,NA,NA,NA,NA,NA,NA,NA,NA,NA,NA
"KO_vs_Parental","SE","Skipped Exon","Gpatch8","ENSMUSG00000034621","chr11","-",0.00381937879741669,0.161,"0.288,0.248,0.412","0.214,0.167,0.085",102427937,102427972,102422138,102422156,102429107,102429182,NA,NA,NA,NA,NA,NA,NA,NA,NA,NA,NA,NA
"KO_vs_Parental","SE","Skipped Exon","Slit2","ENSMUSG00000031558","chr5","+",0.00109996440603661,-0.22,"0.187,0.067,0.164","0.363,0.375,0.341",48378308,48378332,48377258,48377422,48381994,48382145,NA,NA,NA,NA,NA,NA,NA,NA,NA,NA,NA,NA
"KO_vs_Parental","SE","Skipped Exon","Nphs1","ENSMUSG00000006649","chr7","+",2.10999859547807e-06,0.66,"1.0,1.0,1.0","0.332,0.158,0.529",30181889,30182005,30181165,30181241,30186009,30186141,NA,NA,NA,NA,NA,NA,NA,NA,NA,NA,NA,NA
"KO_vs_Parental","SE","Skipped Exon","Tpd52","ENSMUSG00000027506","chr3","-",4.35077212331642e-07,-0.167,"0.043,0.07,0.073","0.275,0.289,0.122",9008610,9008637,9000051,9000100,9009670,9009772,NA,NA,NA,NA,NA,NA,NA,NA,NA,NA,NA,NA
"KO_vs_Parental","SE","Skipped Exon","Terf2","ENSMUSG00000031921","chr8","-",0.0402604974935484,-0.189,"1.0,0.569,0.698","1.0,0.911,0.922",107799353,107799430,107799191,107799277,107803510,107803628,NA,NA,NA,NA,NA,NA,NA,NA,NA,NA,NA,NA
"KO_vs_Parental","SE","Skipped Exon","Dnajb13","ENSMUSG00000030708","chr7","-",0.0317104979962278,-0.146,"0.905,0.778,0.613","1.0,1.0,0.733",100156582,100156740,100155288,100155402,100159901,100160063,NA,NA,NA,NA,NA,NA,NA,NA,NA,NA,NA,NA
"KO_vs_Parental","SE","Skipped Exon","Chpt1","ENSMUSG00000060002","chr10","-",0.0171960729853986,-0.182,"0.818,0.583,0.643","0.882,0.906,0.801",88317214,88317241,88316676,88316808,88318092,88318177,NA,NA,NA,NA,NA,NA,NA,NA,NA,NA,NA,NA
"KO_vs_Parental","SE","Skipped Exon","Gprin1","ENSMUSG00000069227","chr13","-",9.79934174452259e-07,0.139,"0.428,0.469,0.492","0.316,0.303,0.353",54889821,54889921,54884485,54888426,54897382,54897482,NA,NA,NA,NA,NA,NA,NA,NA,NA,NA,NA,NA
"KO_vs_Parental","SE","Skipped Exon","Snhg17","ENSMUSG00000085385","chr2","-",0.031342460550068,-0.153,"0.896,0.731,0.723","1.0,0.81,1.0",158200348,158200458,158200124,158200260,158201101,158201251,NA,NA,NA,NA,NA,NA,NA,NA,NA,NA,NA,NA
"KO_vs_Parental","SE","Skipped Exon","Vangl2","ENSMUSG00000026556","chr1","-",3.97621604061204e-07,-0.443,"0.479,0.39,0.801","1.0,1.0,1.0",171850043,171850153,171840649,171840912,171854157,171854278,NA,NA,NA,NA,NA,NA,NA,NA,NA,NA,NA,NA
"KO_vs_Parental","SE","Skipped Exon","Milr1","ENSMUSG00000040528","chr11","+",0.0012954534152141,0.104,"0.674,0.691,0.705","0.622,0.593,0.543",106652011,106652122,106645607,106645877,106654681,106654774,NA,NA,NA,NA,NA,NA,NA,NA,NA,NA,NA,NA
"KO_vs_Parental","SE","Skipped Exon","Pdia5","ENSMUSG00000022844","chr16","-",7.87227785851415e-05,0.639,"1.0,0.666,0.25","0.0,0.0,0.0",35300512,35300587,35286900,35287027,35310068,35310188,NA,NA,NA,NA,NA,NA,NA,NA,NA,NA,NA,NA
"KO_vs_Parental","SE","Skipped Exon","Synj1","ENSMUSG00000022973","chr16","-",0.00520790593001812,0.317,"0.532,0.344,0.411","0.178,0.0,0.159",90744953,90745001,90743679,90743750,90746586,90746625,NA,NA,NA,NA,NA,NA,NA,NA,NA,NA,NA,NA
"KO_vs_Parental","SE","Skipped Exon","Synj1","ENSMUSG00000022973","chr16","-",0.00611594447271396,-0.339,"0.543,0.521,0.543","0.76,0.864,1.0",90746586,90746625,90744953,90745001,90747238,90747307,NA,NA,NA,NA,NA,NA,NA,NA,NA,NA,NA,NA
"KO_vs_Parental","SE","Skipped Exon","Gm11033","ENSMUSG00000079011","chr8","-",0.00836044413859395,0.249,"1.0,0.825,1.0","0.864,0.573,0.642",75560078,75560151,75554894,75555048,75560361,75560548,NA,NA,NA,NA,NA,NA,NA,NA,NA,NA,NA,NA
"KO_vs_Parental","SE","Skipped Exon","Gm11033","ENSMUSG00000079011","chr8","-",6.15829928549482e-05,0.281,"1.0,1.0,1.0","0.787,0.642,0.729",75560078,75560151,75554894,75555048,75560479,75560575,NA,NA,NA,NA,NA,NA,NA,NA,NA,NA,NA,NA
"KO_vs_Parental","SE","Skipped Exon","Cracr2b","ENSMUSG00000048200","chr7","+",0.04177982602945,-0.108,"0.942,0.685,0.904","1.0,1.0,0.854",141045678,141045750,141045176,141045269,141045958,141046276,NA,NA,NA,NA,NA,NA,NA,NA,NA,NA,NA,NA
"KO_vs_Parental","SE","Skipped Exon","Kantr","ENSMUSG00000087403","chrX","-",9.93743443877773e-05,0.119,"0.245,0.25,0.177","0.107,0.085,0.123",151103205,151103280,151081724,151081870,151110156,151110235,NA,NA,NA,NA,NA,NA,NA,NA,NA,NA,NA,NA
"KO_vs_Parental","SE","Skipped Exon","Zfp821","ENSMUSG00000031728","chr8","+",5.05924275673346e-06,-0.155,"0.631,0.598,0.557","0.762,0.714,0.774",110434660,110434776,110432719,110433051,110436042,110436159,NA,NA,NA,NA,NA,NA,NA,NA,NA,NA,NA,NA
"KO_vs_Parental","SE","Skipped Exon","Fam178b","ENSMUSG00000046337","chr1","-",0.0236673040128123,-0.128,"0.657,1.0,0.81","0.936,1.0,0.916",36624996,36625080,36617599,36617725,36628317,36628398,NA,NA,NA,NA,NA,NA,NA,NA,NA,NA,NA,NA
"KO_vs_Parental","SE","Skipped Exon","Mllt10","ENSMUSG00000026743","chr2","+",0.00017044059039992,0.246,"0.846,1.0,1.0","0.75,0.686,0.673",18087321,18087536,18075935,18076015,18151587,18151683,NA,NA,NA,NA,NA,NA,NA,NA,NA,NA,NA,NA
"KO_vs_Parental","SE","Skipped Exon","Mllt10","ENSMUSG00000026743","chr2","+",0.000765724694663206,0.2,"0.878,1.0,1.0","0.779,0.659,0.841",18114592,18114702,18075935,18076015,18151587,18151683,NA,NA,NA,NA,NA,NA,NA,NA,NA,NA,NA,NA
"KO_vs_Parental","SE","Skipped Exon","Mllt10","ENSMUSG00000026743","chr2","+",0.000371372236724068,0.274,"0.857,1.0,1.0","0.71,0.633,0.692",18128529,18128623,18075935,18076015,18151587,18151683,NA,NA,NA,NA,NA,NA,NA,NA,NA,NA,NA,NA
"KO_vs_Parental","SE","Skipped Exon","B4galt3","ENSMUSG00000052423","chr1","+",0.00454242022040327,-0.216,"0.0,0.0,0.0","0.075,0.075,0.498",171098561,171098675,171098152,171098259,171098772,171098943,NA,NA,NA,NA,NA,NA,NA,NA,NA,NA,NA,NA
"KO_vs_Parental","SE","Skipped Exon","Fndc3b","ENSMUSG00000039286","chr3","-",3.5071283397333e-06,0.355,"1.0,0.913,1.0","0.517,0.502,0.829",27736886,27736963,27674753,27674829,27765268,27765456,NA,NA,NA,NA,NA,NA,NA,NA,NA,NA,NA,NA
"KO_vs_Parental","SE","Skipped Exon","Hk1os","ENSMUSG00000085347","chr10","+",0.0486106445928072,-0.109,"0.926,0.906,0.741","0.978,1.0,0.922",62185265,62185409,62176431,62176562,62199079,62200272,NA,NA,NA,NA,NA,NA,NA,NA,NA,NA,NA,NA
"KO_vs_Parental","SE","Skipped Exon","A430035B10Rik","ENSMUSG00000087305","chr6","-",0.000396652132702022,-0.435,"0.223,0.741,0.364","1.0,0.632,1.0",8490985,8491096,8489940,8490582,8492729,8492804,NA,NA,NA,NA,NA,NA,NA,NA,NA,NA,NA,NA
"KO_vs_Parental","SE","Skipped Exon","Rufy4","ENSMUSG00000061815","chr1","+",0.000784390546009064,-0.131,"0.848,0.788,0.889","1.0,1.0,0.919",74168497,74168604,74168106,74168232,74168856,74169000,NA,NA,NA,NA,NA,NA,NA,NA,NA,NA,NA,NA
"KO_vs_Parental","SE","Skipped Exon","Kif21b","ENSMUSG00000041642","chr1","+",0.00164671492447317,-0.195,"0.588,0.931,0.897","1.0,1.0,1.0",136094899,136094938,136092755,136092869,136096924,136097061,NA,NA,NA,NA,NA,NA,NA,NA,NA,NA,NA,NA
"KO_vs_Parental","SE","Skipped Exon","Foxk2","ENSMUSG00000039275","chr11","+",0.000305608621526773,-0.304,"0.385,0.704,1.0","1.0,1.0,1.0",121187739,121187915,121181569,121181716,121197593,121200722,NA,NA,NA,NA,NA,NA,NA,NA,NA,NA,NA,NA
"KO_vs_Parental","SE","Skipped Exon","Hnrnpa2b1","ENSMUSG00000004980","chr6","-",7.537800939933e-06,-0.11,"0.719,0.747,0.771","0.887,0.866,0.814",51438899,51439035,51438100,51438413,51440390,51440473,NA,NA,NA,NA,NA,NA,NA,NA,NA,NA,NA,NA
"KO_vs_Parental","SE","Skipped Exon","Hnrnpa2b1","ENSMUSG00000004980","chr6","-",6.62101601546216e-05,-0.109,"0.436,0.444,0.414","0.521,0.55,0.55",51441407,51441431,51441068,51441191,51442158,51442221,NA,NA,NA,NA,NA,NA,NA,NA,NA,NA,NA,NA
"KO_vs_Parental","SE","Skipped Exon","Mrpl33","ENSMUSG00000106918","chr5","+",0.0128007377366785,0.248,"1.0,1.0,1.0","0.617,1.0,0.638",31786959,31787064,31754278,31754365,31811811,31812205,NA,NA,NA,NA,NA,NA,NA,NA,NA,NA,NA,NA
"KO_vs_Parental","SE","Skipped Exon","Meaf6","ENSMUSG00000028863","chr4","+",2.02282635086675e-13,-0.103,"0.842,0.891,0.871","0.978,0.956,0.98",125001309,125001339,124996631,124996824,125001444,125001502,NA,NA,NA,NA,NA,NA,NA,NA,NA,NA,NA,NA
"KO_vs_Parental","SE","Skipped Exon","Meaf6","ENSMUSG00000028863","chr4","+",0.000996979237635412,-0.129,"0.74,0.737,0.887","0.911,0.939,0.9",125001309,125001339,124996631,124996824,125002115,125002149,NA,NA,NA,NA,NA,NA,NA,NA,NA,NA,NA,NA
"KO_vs_Parental","SE","Skipped Exon","Fblim1","ENSMUSG00000006219","chr4","-",5.16741155252768e-06,-0.375,"0.768,0.443,0.665","1.0,1.0,1.0",141328877,141329020,141323205,141323259,141333231,141333338,NA,NA,NA,NA,NA,NA,NA,NA,NA,NA,NA,NA
"KO_vs_Parental","SE","Skipped Exon","Ppp4r1l-ps","ENSMUSG00000121504","chr2","-",0.00131987283050423,-0.107,"0.736,0.737,0.767","0.851,0.911,0.8",173441382,173441480,173436768,173438980,173450525,173450672,NA,NA,NA,NA,NA,NA,NA,NA,NA,NA,NA,NA
"KO_vs_Parental","SE","Skipped Exon","Ppp4r1l-ps","ENSMUSG00000121504","chr2","-",1.27659352864828e-05,-0.12,"0.01,0.01,0.032","0.114,0.243,0.056",173448934,173449122,173438832,173438980,173450525,173450672,NA,NA,NA,NA,NA,NA,NA,NA,NA,NA,NA,NA
"KO_vs_Parental","SE","Skipped Exon","Ppp4r1l-ps","ENSMUSG00000121504","chr2","-",0.00118080113205882,-0.119,"0.85,0.799,0.878","0.915,0.97,1.0",173450525,173450672,173437890,173438980,173501115,173501160,NA,NA,NA,NA,NA,NA,NA,NA,NA,NA,NA,NA
"KO_vs_Parental","SE","Skipped Exon","Ppp4r1l-ps","ENSMUSG00000121504","chr2","-",0.00965192067906861,-0.303,"0.625,0.514,0.648","0.816,0.88,1.0",173457275,173457369,173438832,173438980,173501115,173501158,NA,NA,NA,NA,NA,NA,NA,NA,NA,NA,NA,NA
"KO_vs_Parental","SE","Skipped Exon","Ppp4r1l-ps","ENSMUSG00000121504","chr2","-",0.0452131708618338,-0.145,"0.754,0.811,0.902","1.0,1.0,0.902",173457275,173457369,173441382,173441480,173501115,173501158,NA,NA,NA,NA,NA,NA,NA,NA,NA,NA,NA,NA
"KO_vs_Parental","SE","Skipped Exon","Ppp4r1l-ps","ENSMUSG00000121504","chr2","-",0.0111679502580622,-0.137,"0.58,0.604,0.61","0.67,0.745,0.789",173457275,173458216,173450525,173450672,173501115,173501160,NA,NA,NA,NA,NA,NA,NA,NA,NA,NA,NA,NA
"KO_vs_Parental","SE","Skipped Exon","Ppp4r1l-ps","ENSMUSG00000121504","chr2","-",0.00702475095702165,0.12,"0.3,0.382,0.362","0.218,0.284,0.181",173487249,173487351,173457275,173458216,173501115,173501160,NA,NA,NA,NA,NA,NA,NA,NA,NA,NA,NA,NA
"KO_vs_Parental","SE","Skipped Exon","Ppp4r1l-ps","ENSMUSG00000121504","chr2","-",1.55495344295122e-07,-0.421,"0.44,0.522,0.538","0.818,0.944,1.0",173490962,173491160,173438832,173438980,173501115,173501160,NA,NA,NA,NA,NA,NA,NA,NA,NA,NA,NA,NA
"KO_vs_Parental","SE","Skipped Exon","Ppp4r1l-ps","ENSMUSG00000121504","chr2","-",0.0314712837379045,-0.197,"0.647,0.857,0.882","1.0,1.0,0.977",173490962,173491160,173441382,173441480,173501115,173501160,NA,NA,NA,NA,NA,NA,NA,NA,NA,NA,NA,NA
"KO_vs_Parental","SE","Skipped Exon","Ppp4r1l-ps","ENSMUSG00000121504","chr2","-",0.0372321378807638,-0.15,"0.167,0.253,0.146","0.265,0.304,0.447",173490962,173491160,173450525,173450672,173501115,173501160,NA,NA,NA,NA,NA,NA,NA,NA,NA,NA,NA,NA
"KO_vs_Parental","SE","Skipped Exon","Ppp4r1l-ps","ENSMUSG00000121504","chr2","-",7.22819073783366e-06,-0.208,"0.1,0.183,0.081","0.232,0.392,0.365",173490962,173491160,173457275,173457369,173501115,173501160,NA,NA,NA,NA,NA,NA,NA,NA,NA,NA,NA,NA
"KO_vs_Parental","SE","Skipped Exon","Ppp4r1l-ps","ENSMUSG00000121504","chr2","-",0.0052095918130836,-0.231,"0.224,0.273,0.156","0.311,0.5,0.534",173490962,173491160,173487249,173487351,173501115,173501160,NA,NA,NA,NA,NA,NA,NA,NA,NA,NA,NA,NA
"KO_vs_Parental","SE","Skipped Exon","R3hdm1","ENSMUSG00000056211","chr1","+",0.00116340971314384,-0.103,"0.192,0.197,0.256","0.364,0.303,0.287",128118374,128118476,128114494,128114646,128121196,128121493,NA,NA,NA,NA,NA,NA,NA,NA,NA,NA,NA,NA
"KO_vs_Parental","SE","Skipped Exon","Obsl1","ENSMUSG00000026211","chr1","-",0.0218521857979123,-0.13,"0.857,1.0,0.65","1.0,1.0,0.897",75466126,75466393,75465232,75465345,75467439,75467712,NA,NA,NA,NA,NA,NA,NA,NA,NA,NA,NA,NA
"KO_vs_Parental","SE","Skipped Exon","Obsl1","ENSMUSG00000026211","chr1","-",0.0122230301142855,-0.117,"0.595,0.613,0.545","0.72,0.676,0.709",75468710,75468986,75467831,75468101,75469149,75469437,NA,NA,NA,NA,NA,NA,NA,NA,NA,NA,NA,NA
"KO_vs_Parental","SE","Skipped Exon","Mcam","ENSMUSG00000032135","chr9","+",8.62542247364813e-12,-0.102,"0.87,0.829,0.835","0.919,0.961,0.961",44052571,44052689,44052141,44052289,44053080,44054024,NA,NA,NA,NA,NA,NA,NA,NA,NA,NA,NA,NA
"KO_vs_Parental","SE","Skipped Exon","Gm36033","ENSMUSG00000111058","chr9","-",0.0340364557999413,-0.296,"0.765,0.5,0.312","0.619,0.9,0.947",63843924,63844093,63843189,63843820,63844322,63844471,NA,NA,NA,NA,NA,NA,NA,NA,NA,NA,NA,NA
"KO_vs_Parental","SE","Skipped Exon","A530032D15Rik","ENSMUSG00000089844","chr1","-",0.00271077678598823,-0.147,"0.89,1.0,0.668","1.0,1.0,1.0",85072017,85072080,85068797,85068910,85077197,85077369,NA,NA,NA,NA,NA,NA,NA,NA,NA,NA,NA,NA
"KO_vs_Parental","SE","Skipped Exon","Trpt1","ENSMUSG00000047656","chr19","+",0.0112883827264141,-0.104,"0.732,0.686,0.709","0.791,0.867,0.78",6975300,6975470,6974063,6974145,6975559,6975734,NA,NA,NA,NA,NA,NA,NA,NA,NA,NA,NA,NA
"KO_vs_Parental","SE","Skipped Exon","Ndrg3","ENSMUSG00000027634","chr2","-",0.0232429077591992,-0.112,"0.793,1.0,0.849","0.979,1.0,1.0",156800386,156800422,156791953,156792059,156833918,156833955,NA,NA,NA,NA,NA,NA,NA,NA,NA,NA,NA,NA
"KO_vs_Parental","SE","Skipped Exon","Wdfy3","ENSMUSG00000043940","chr5","-",0.00299724630693167,-0.134,"0.52,0.547,0.51","0.691,0.585,0.704",102025871,102025925,102023706,102023875,102030288,102030516,NA,NA,NA,NA,NA,NA,NA,NA,NA,NA,NA,NA
"KO_vs_Parental","SE","Skipped Exon","Psd","ENSMUSG00000037126","chr19","-",0.000580795420531676,0.306,"1.0,0.905,0.903","0.404,0.69,0.796",46314605,46314621,46313392,46313452,46315522,46315595,NA,NA,NA,NA,NA,NA,NA,NA,NA,NA,NA,NA
"KO_vs_Parental","SE","Skipped Exon","Psd","ENSMUSG00000037126","chr19","-",0.00897442859862867,0.39,"1.0,0.633,0.678","0.341,0.399,0.402",46315336,46315446,46313324,46313452,46315522,46315560,NA,NA,NA,NA,NA,NA,NA,NA,NA,NA,NA,NA
"KO_vs_Parental","SE","Skipped Exon","Samhd1","ENSMUSG00000027639","chr2","-",7.97997221897473e-07,-0.106,"0.167,0.157,0.142","0.253,0.281,0.249",156943240,156943363,156941320,156941423,156943640,156943778,NA,NA,NA,NA,NA,NA,NA,NA,NA,NA,NA,NA
"KO_vs_Parental","SE","Skipped Exon","Ap1s2","ENSMUSG00000031367","chrX","+",0.00181788032920447,-0.501,"0.234,0.234,0.579","1.0,0.55,1.0",162703901,162703996,162700701,162700839,162715128,162716352,NA,NA,NA,NA,NA,NA,NA,NA,NA,NA,NA,NA
"KO_vs_Parental","SE","Skipped Exon","P2rx3","ENSMUSG00000027071","chr2","-",0.00355553083615883,-0.331,"0.711,0.379,0.611","0.809,0.884,1.0",84862864,84862891,84855260,84855335,84863344,84863654,NA,NA,NA,NA,NA,NA,NA,NA,NA,NA,NA,NA
"KO_vs_Parental","SE","Skipped Exon","Zfr2","ENSMUSG00000034949","chr10","+",0.0263427686695213,0.127,"0.584,0.542,0.52","0.483,0.43,0.352",81069444,81069595,81068988,81069076,81073190,81073387,NA,NA,NA,NA,NA,NA,NA,NA,NA,NA,NA,NA
"KO_vs_Parental","SE","Skipped Exon","Zfr2","ENSMUSG00000034949","chr10","+",0.00177990771697951,0.147,"0.444,0.342,0.324","0.239,0.258,0.173",81069448,81069595,81069009,81069076,81073190,81073411,NA,NA,NA,NA,NA,NA,NA,NA,NA,NA,NA,NA
"KO_vs_Parental","SE","Skipped Exon","Zfr2","ENSMUSG00000034949","chr10","+",0.0020771240332951,0.423,"0.876,1.0,0.668","0.251,0.751,0.274",81069448,81069595,81069009,81069076,81075263,81075348,NA,NA,NA,NA,NA,NA,NA,NA,NA,NA,NA,NA
"KO_vs_Parental","SE","Skipped Exon","Zfr2","ENSMUSG00000034949","chr10","+",0.00816881586002113,-0.116,"0.639,1.0,0.942","0.929,1.0,1.0",81073190,81073425,81068988,81069076,81077828,81078008,NA,NA,NA,NA,NA,NA,NA,NA,NA,NA,NA,NA
"KO_vs_Parental","SE","Skipped Exon","Nrg1","ENSMUSG00000062991","chr8","-",0.00165103499742698,0.118,"0.196,0.264,0.269","0.178,0.07,0.126",32328288,32328356,32327118,32327756,32339337,32339403,NA,NA,NA,NA,NA,NA,NA,NA,NA,NA,NA,NA
"KO_vs_Parental","SE","Skipped Exon","Trp53bp1","ENSMUSG00000043909","chr2","-",0.03661512098788,-0.176,"0.198,0.121,0.204","0.251,0.44,0.36",121058502,121058643,121058125,121058329,121066053,121066487,NA,NA,NA,NA,NA,NA,NA,NA,NA,NA,NA,NA
"KO_vs_Parental","SE","Skipped Exon","Calml4","ENSMUSG00000032246","chr9","+",0.0189308274939886,-0.136,"0.697,0.698,0.777","0.891,0.799,0.889",62775958,62776099,62765523,62765554,62778547,62778736,NA,NA,NA,NA,NA,NA,NA,NA,NA,NA,NA,NA
"KO_vs_Parental","SE","Skipped Exon","Ncam1","ENSMUSG00000039542","chr9","-",0.000287700601354647,-0.445,"0.532,1.0,0.132","1.0,1.0,1.0",49453187,49453202,49448289,49448337,49454310,49454330,NA,NA,NA,NA,NA,NA,NA,NA,NA,NA,NA,NA
"KO_vs_Parental","SE","Skipped Exon","Septin2","ENSMUSG00000026276","chr1","+",0.0064387369629042,-0.189,"0.441,0.317,0.288","0.604,0.505,0.504",93407185,93407321,93406829,93406902,93416845,93416876,NA,NA,NA,NA,NA,NA,NA,NA,NA,NA,NA,NA
"KO_vs_Parental","SE","Skipped Exon","Zmynd11","ENSMUSG00000021156","chr13","-",0.00011539304949622,0.108,"0.582,0.604,0.589","0.501,0.455,0.495",9760181,9760343,9748663,9748741,9770808,9770964,NA,NA,NA,NA,NA,NA,NA,NA,NA,NA,NA,NA
"KO_vs_Parental","SE","Skipped Exon","Xylt2","ENSMUSG00000020868","chr11","-",0.000380206308406138,0.107,"1.0,1.0,1.0","0.874,1.0,0.805",94557924,94558120,94557023,94557357,94558409,94558672,NA,NA,NA,NA,NA,NA,NA,NA,NA,NA,NA,NA
"KO_vs_Parental","SE","Skipped Exon","Cttn","ENSMUSG00000031078","chr7","-",0.0327951753143159,-0.476,"0.188,0.471,0.154","0.241,1.0,1.0",144003673,144003758,144003296,144003352,144008412,144008523,NA,NA,NA,NA,NA,NA,NA,NA,NA,NA,NA,NA
"KO_vs_Parental","SE","Skipped Exon","Kcp","ENSMUSG00000059022","chr6","-",0.00522775807558244,-0.188,"0.631,0.834,0.79","0.924,0.933,0.963",29484809,29484921,29484613,29484715,29485001,29485174,NA,NA,NA,NA,NA,NA,NA,NA,NA,NA,NA,NA
"KO_vs_Parental","SE","Skipped Exon","Erlin2","ENSMUSG00000031483","chr8","+",7.99968274861296e-05,-0.303,"0.258,0.147,0.245","0.372,0.653,0.535",27514861,27514955,27513893,27514193,27515084,27515206,NA,NA,NA,NA,NA,NA,NA,NA,NA,NA,NA,NA
"KO_vs_Parental","SE","Skipped Exon","Kcnma1","ENSMUSG00000063142","chr14","-",0.00420624692414991,-0.101,"0.056,0.015,0.0","0.1,0.152,0.123",23576603,23576695,23559857,23559968,23576792,23576884,NA,NA,NA,NA,NA,NA,NA,NA,NA,NA,NA,NA
"KO_vs_Parental","SE","Skipped Exon","Gm12610","ENSMUSG00000086035","chr4","+",2.34932873904379e-06,0.478,"0.5,0.333,0.6","0.0,0.0,0.0",89279352,89279513,89274945,89274997,89288010,89288109,NA,NA,NA,NA,NA,NA,NA,NA,NA,NA,NA,NA
"KO_vs_Parental","SE","Skipped Exon","Gm12610","ENSMUSG00000086035","chr4","+",1.35291983132802e-05,0.217,"0.143,0.214,0.294","0.0,0.0,0.0",89279352,89279513,89275354,89275446,89288010,89288109,NA,NA,NA,NA,NA,NA,NA,NA,NA,NA,NA,NA
"KO_vs_Parental","SE","Skipped Exon","Gm12610","ENSMUSG00000086035","chr4","+",0.00192824342409891,0.229,"1.0,1.0,1.0","1.0,0.75,0.563",89288010,89288109,89214808,89214841,89310031,89310040,NA,NA,NA,NA,NA,NA,NA,NA,NA,NA,NA,NA
"KO_vs_Parental","SE","Skipped Exon","Gm12610","ENSMUSG00000086035","chr4","+",0.0377522563636808,0.126,"1.0,1.0,1.0","0.623,1.0,1.0",89288010,89288109,89274945,89274997,89340867,89340979,NA,NA,NA,NA,NA,NA,NA,NA,NA,NA,NA,NA
"KO_vs_Parental","SE","Skipped Exon","Gm12610","ENSMUSG00000086035","chr4","+",0.000312941409790889,0.188,"1.0,1.0,1.0","0.695,0.837,0.903",89340867,89340979,89288010,89288109,89402250,89402455,NA,NA,NA,NA,NA,NA,NA,NA,NA,NA,NA,NA
"KO_vs_Parental","SE","Skipped Exon","Optn","ENSMUSG00000026672","chr2","-",3.83216042408649e-07,-0.168,"0.728,0.693,0.736","0.895,0.897,0.87",5059350,5059527,5050797,5051010,5068717,5068749,NA,NA,NA,NA,NA,NA,NA,NA,NA,NA,NA,NA
"KO_vs_Parental","SE","Skipped Exon","Arhgef10","ENSMUSG00000071176","chr8","+",0.00731521398725535,-0.117,"0.719,0.658,0.706","0.819,0.723,0.892",14992609,14992726,14990208,14990372,14995279,14995394,NA,NA,NA,NA,NA,NA,NA,NA,NA,NA,NA,NA
"KO_vs_Parental","SE","Skipped Exon","Cdk8","ENSMUSG00000029635","chr5","+",0.00118110447772797,0.108,"0.405,0.427,0.438","0.284,0.366,0.297",146229448,146229577,146222917,146223049,146231972,146232042,NA,NA,NA,NA,NA,NA,NA,NA,NA,NA,NA,NA
"KO_vs_Parental","SE","Skipped Exon","Srsf6","ENSMUSG00000016921","chr2","+",0,-0.12,"0.076,0.092,0.064","0.207,0.192,0.194",162774734,162775002,162773913,162774062,162775345,162775470,NA,NA,NA,NA,NA,NA,NA,NA,NA,NA,NA,NA
"KO_vs_Parental","SE","Skipped Exon","Dnah17","ENSMUSG00000033987","chr11","-",0.0455928835800752,-0.389,"1.0,0.333,0.0","1.0,0.5,1.0",117927157,117927306,117925068,117925202,117928974,117929168,NA,NA,NA,NA,NA,NA,NA,NA,NA,NA,NA,NA
"KO_vs_Parental","SE","Skipped Exon","Thoc7","ENSMUSG00000053453","chr14","+",0.023734163216282,-0.179,"0.409,0.299,0.329","0.429,0.559,0.585",8512131,8512303,8508602,8508895,8515106,8515197,NA,NA,NA,NA,NA,NA,NA,NA,NA,NA,NA,NA
"KO_vs_Parental","SE","Skipped Exon","Oasl2","ENSMUSG00000029561","chr5","+",0.000541687923398495,-0.125,"0.915,0.851,0.859","1.0,1.0,1.0",115037802,115038091,115034996,115035923,115039300,115039476,NA,NA,NA,NA,NA,NA,NA,NA,NA,NA,NA,NA
"KO_vs_Parental","SE","Skipped Exon","Pym1","ENSMUSG00000064030","chr10","+",0.00663594974851036,-0.213,"0.745,1.0,0.616","1.0,1.0,1.0",128586151,128586206,128583757,128583867,128601478,128602433,NA,NA,NA,NA,NA,NA,NA,NA,NA,NA,NA,NA
"KO_vs_Parental","SE","Skipped Exon","Gm6526","ENSMUSG00000091698","chr14","+",0.00489050298730575,0.147,"1.0,1.0,1.0","0.815,1.0,0.745",43987358,43987490,43935280,43935630,43992315,43992503,NA,NA,NA,NA,NA,NA,NA,NA,NA,NA,NA,NA
"KO_vs_Parental","SE","Skipped Exon","Cpeb4","ENSMUSG00000020300","chr11","+",0.0124957994528287,0.122,"0.511,0.393,0.474","0.29,0.389,0.334",31868800,31868824,31858824,31858875,31870408,31870582,NA,NA,NA,NA,NA,NA,NA,NA,NA,NA,NA,NA
"KO_vs_Parental","SE","Skipped Exon","Mef2d","ENSMUSG00000001419","chr3","+",0.00159741191570833,-0.421,"0.199,0.224,0.266","0.389,0.732,0.83",88065527,88065662,88063628,88063832,88066428,88066639,NA,NA,NA,NA,NA,NA,NA,NA,NA,NA,NA,NA
"KO_vs_Parental","SE","Skipped Exon","St6galnac6","ENSMUSG00000026811","chr2","+",0.00159741191570833,-0.135,"0.685,0.741,0.736","0.857,0.835,0.874",32498053,32498108,32497037,32497123,32499237,32499328,NA,NA,NA,NA,NA,NA,NA,NA,NA,NA,NA,NA
"KO_vs_Parental","SE","Skipped Exon","St6galnac6","ENSMUSG00000026811","chr2","+",0.00144991964161685,-0.245,"0.375,0.327,0.488","0.627,0.616,0.683",32498053,32498237,32497022,32497123,32499237,32499328,NA,NA,NA,NA,NA,NA,NA,NA,NA,NA,NA,NA
"KO_vs_Parental","SE","Skipped Exon","Usp48","ENSMUSG00000043411","chr4","+",7.65974919238559e-07,-0.163,"0.853,0.908,0.662","0.951,0.991,0.97",137365075,137365201,137362208,137362319,137371653,137371809,NA,NA,NA,NA,NA,NA,NA,NA,NA,NA,NA,NA
"KO_vs_Parental","SE","Skipped Exon","Ube3a","ENSMUSG00000025326","chr7","+",0.0199350013475749,0.101,"0.655,0.627,0.593","0.548,0.51,0.513",58890714,58890781,58878549,58879019,58893097,58893217,NA,NA,NA,NA,NA,NA,NA,NA,NA,NA,NA,NA
"KO_vs_Parental","SE","Skipped Exon","Tmem87b","ENSMUSG00000014353","chr2","+",0.0197557630241914,-0.256,"1.0,0.337,0.719","1.0,1.0,0.823",128681067,128681174,128679221,128679315,128683165,128683263,NA,NA,NA,NA,NA,NA,NA,NA,NA,NA,NA,NA
"KO_vs_Parental","SE","Skipped Exon","Htra2","ENSMUSG00000068329","chr6","-",0.000580175684369423,-0.108,"0.757,0.785,0.781","0.883,0.832,0.932",83029678,83029707,83029453,83029523,83030018,83030051,NA,NA,NA,NA,NA,NA,NA,NA,NA,NA,NA,NA
"KO_vs_Parental","SE","Skipped Exon","B3gnt8","ENSMUSG00000059479","chr7","+",7.97997221897473e-07,0.75,"1.0,1.0,1.0","0.25,0.5,0.0",25327539,25332954,25327061,25327147,25334270,25334525,NA,NA,NA,NA,NA,NA,NA,NA,NA,NA,NA,NA
"KO_vs_Parental","SE","Skipped Exon","Radil","ENSMUSG00000029576","chr5","-",0.0106861434457437,0.231,"0.7,0.928,0.811","0.471,0.671,0.603",142489667,142489705,142483592,142483753,142492213,142492843,NA,NA,NA,NA,NA,NA,NA,NA,NA,NA,NA,NA
"KO_vs_Parental","SE","Skipped Exon","Dennd1a","ENSMUSG00000035392","chr2","-",0.00012765354962061,0.424,"1.0,1.0,1.0","1.0,0.272,0.457",38026937,38026987,37938736,37938806,38133413,38133484,NA,NA,NA,NA,NA,NA,NA,NA,NA,NA,NA,NA
"KO_vs_Parental","SE","Skipped Exon","Def8","ENSMUSG00000001482","chr8","+",1.79524194992429e-05,0.214,"0.428,0.244,0.251","0.055,0.181,0.046",124172836,124172923,124170046,124170184,124174526,124174651,NA,NA,NA,NA,NA,NA,NA,NA,NA,NA,NA,NA
"KO_vs_Parental","SE","Skipped Exon","Def8","ENSMUSG00000001482","chr8","+",0.00025563409799534,0.147,"0.327,0.119,0.142","0.044,0.081,0.021",124172861,124172923,124170046,124170184,124174526,124174651,NA,NA,NA,NA,NA,NA,NA,NA,NA,NA,NA,NA
"KO_vs_Parental","SE","Skipped Exon","Def8","ENSMUSG00000001482","chr8","+",3.35691624561075e-06,-0.298,"0.346,0.414,0.354","0.715,0.637,0.655",124174055,124174102,124172836,124172923,124174526,124174651,NA,NA,NA,NA,NA,NA,NA,NA,NA,NA,NA,NA
"KO_vs_Parental","SE","Skipped Exon","Fmnl2","ENSMUSG00000036053","chr2","+",0.000724441117488881,-0.206,"0.735,0.547,0.754","0.895,0.89,0.869",53018728,53018854,53016864,53016988,53021851,53022215,NA,NA,NA,NA,NA,NA,NA,NA,NA,NA,NA,NA
"KO_vs_Parental","SE","Skipped Exon","Slc23a2","ENSMUSG00000027340","chr2","-",0.0228468549093724,0.102,"0.918,0.839,0.83","0.694,0.787,0.801",131920332,131920421,131919348,131919413,131931015,131931173,NA,NA,NA,NA,NA,NA,NA,NA,NA,NA,NA,NA
"KO_vs_Parental","SE","Skipped Exon","Pkp4","ENSMUSG00000026991","chr2","+",7.033182973909e-05,-0.104,"0.774,0.732,0.713","0.858,0.827,0.846",59180837,59180966,59178267,59178385,59182605,59182679,NA,NA,NA,NA,NA,NA,NA,NA,NA,NA,NA,NA
"KO_vs_Parental","SE","Skipped Exon","Mfsd4a","ENSMUSG00000059149","chr1","-",0.0209151678926945,-0.26,"1.0,0.361,0.859","1.0,1.0,1.0",131969595,131969666,131968277,131968398,131974043,131974191,NA,NA,NA,NA,NA,NA,NA,NA,NA,NA,NA,NA
"KO_vs_Parental","SE","Skipped Exon","Pacsin3","ENSMUSG00000027257","chr2","+",0.00390797887097157,0.181,"0.799,0.715,0.783","0.565,0.669,0.519",91090208,91090272,91087157,91087271,91090515,91090574,NA,NA,NA,NA,NA,NA,NA,NA,NA,NA,NA,NA
"KO_vs_Parental","SE","Skipped Exon","Fign","ENSMUSG00000075324","chr2","-",0.00582502288416081,0.247,"0.598,0.551,0.434","0.287,0.37,0.186",63858253,63858311,63807680,63811243,63928185,63928354,NA,NA,NA,NA,NA,NA,NA,NA,NA,NA,NA,NA
"KO_vs_Parental","SE","Skipped Exon","Fign","ENSMUSG00000075324","chr2","-",0.0478227968209273,0.189,"0.694,0.688,0.597","0.377,0.589,0.447",63927238,63927408,63801850,63811243,63928185,63928356,NA,NA,NA,NA,NA,NA,NA,NA,NA,NA,NA,NA
"KO_vs_Parental","SE","Skipped Exon","Nasp","ENSMUSG00000028693","chr4","-",0.000105797049975516,-0.118,"0.643,0.637,0.561","0.709,0.77,0.716",116467599,116468574,116462880,116462960,116469168,116469278,NA,NA,NA,NA,NA,NA,NA,NA,NA,NA,NA,NA
"KO_vs_Parental","SE","Skipped Exon","Rabep1","ENSMUSG00000020817","chr11","+",0.0305726502340829,0.168,"1.0,1.0,0.909","0.765,0.8,0.84",70775590,70775794,70735800,70735834,70784394,70784514,NA,NA,NA,NA,NA,NA,NA,NA,NA,NA,NA,NA
"KO_vs_Parental","SE","Skipped Exon","Kbtbd3","ENSMUSG00000025893","chr9","+",8.61582898049116e-11,0.248,"0.394,0.331,0.389","0.09,0.122,0.159",4313701,4313806,4309834,4309934,4316826,4317071,NA,NA,NA,NA,NA,NA,NA,NA,NA,NA,NA,NA
"KO_vs_Parental","SE","Skipped Exon","Gm1698","ENSMUSG00000074404","chr8","+",0.00118080113205882,-0.119,"0.815,0.945,0.884","1.0,1.0,1.0",28099032,28099244,28095110,28095228,28100209,28101725,NA,NA,NA,NA,NA,NA,NA,NA,NA,NA,NA,NA
"KO_vs_Parental","SE","Skipped Exon","Mtf2","ENSMUSG00000029267","chr5","+",0.0458034774404416,-0.137,"0.776,0.812,0.654","0.903,0.867,0.883",108215325,108215438,108213622,108213831,108226731,108226840,NA,NA,NA,NA,NA,NA,NA,NA,NA,NA,NA,NA
"KO_vs_Parental","SE","Skipped Exon","Mtf2","ENSMUSG00000029267","chr5","+",1.85955536683481e-11,-0.159,"0.721,0.723,0.685","0.842,0.867,0.896",108217027,108217229,108213581,108213831,108221172,108221320,NA,NA,NA,NA,NA,NA,NA,NA,NA,NA,NA,NA
"KO_vs_Parental","SE","Skipped Exon","Mtf2","ENSMUSG00000029267","chr5","+",0,-0.237,"0.246,0.265,0.249","0.498,0.456,0.516",108217027,108217229,108213581,108213831,108228690,108228889,NA,NA,NA,NA,NA,NA,NA,NA,NA,NA,NA,NA
"KO_vs_Parental","SE","Skipped Exon","Mtf2","ENSMUSG00000029267","chr5","+",3.8914335603657e-10,-0.164,"0.698,0.702,0.654","0.823,0.846,0.876",108217027,108217389,108213581,108213831,108221172,108221320,NA,NA,NA,NA,NA,NA,NA,NA,NA,NA,NA,NA
"KO_vs_Parental","SE","Skipped Exon","Mtf2","ENSMUSG00000029267","chr5","+",0,-0.231,"0.18,0.207,0.186","0.425,0.408,0.433",108217027,108217389,108213581,108213831,108228690,108228889,NA,NA,NA,NA,NA,NA,NA,NA,NA,NA,NA,NA
"KO_vs_Parental","SE","Skipped Exon","Mtf2","ENSMUSG00000029267","chr5","+",0,-0.153,"0.129,0.16,0.171","0.294,0.315,0.31",108221172,108221320,108213539,108213831,108228690,108228707,NA,NA,NA,NA,NA,NA,NA,NA,NA,NA,NA,NA
"KO_vs_Parental","SE","Skipped Exon","Mtf2","ENSMUSG00000029267","chr5","+",0.0105251392156009,-0.288,"0.667,0.468,1.0","1.0,1.0,1.0",108221172,108221320,108215325,108215438,108226731,108226840,NA,NA,NA,NA,NA,NA,NA,NA,NA,NA,NA,NA
"KO_vs_Parental","SE","Skipped Exon","Mtf2","ENSMUSG00000029267","chr5","+",1.01984161856407e-12,-0.128,"0.796,0.897,0.912","0.99,1.0,1.0",108221172,108221320,108215325,108215438,108228690,108228707,NA,NA,NA,NA,NA,NA,NA,NA,NA,NA,NA,NA
"KO_vs_Parental","SE","Skipped Exon","Mtf2","ENSMUSG00000029267","chr5","+",1.50241377652818e-07,-0.495,"0.486,0.422,0.458","0.852,1.0,1.0",108226731,108226840,108215325,108215438,108228690,108228889,NA,NA,NA,NA,NA,NA,NA,NA,NA,NA,NA,NA
"KO_vs_Parental","SE","Skipped Exon","Gm11457","ENSMUSG00000086453","chr2","-",0.0190175773201079,0.143,"1.0,0.8,1.0","0.741,1.0,0.631",164601148,164601260,164596161,164596224,164609632,164609870,NA,NA,NA,NA,NA,NA,NA,NA,NA,NA,NA,NA
"KO_vs_Parental","SE","Skipped Exon","Srrt","ENSMUSG00000037364","chr5","-",0,-0.213,"0.161,0.149,0.109","0.3,0.385,0.372",137299579,137299909,137298505,137298675,137300387,137300576,NA,NA,NA,NA,NA,NA,NA,NA,NA,NA,NA,NA
"KO_vs_Parental","SE","Skipped Exon","Dusp19","ENSMUSG00000027001","chr2","+",0.0165166772229716,0.124,"1.0,1.0,1.0","0.628,1.0,1.0",80451537,80452144,80447574,80447628,80454669,80454704,NA,NA,NA,NA,NA,NA,NA,NA,NA,NA,NA,NA
"KO_vs_Parental","SE","Skipped Exon","Sfmbt2","ENSMUSG00000061186","chr2","+",1.4977167315339e-06,-0.137,"0.639,0.716,0.694","0.85,0.795,0.814",10582339,10582438,10580146,10580322,10582625,10582942,NA,NA,NA,NA,NA,NA,NA,NA,NA,NA,NA,NA
"KO_vs_Parental","SE","Skipped Exon","1700123M08Rik","ENSMUSG00000085614","chr4","+",0.0407642095310084,0.242,"1.0,0.694,1.0","0.274,1.0,0.694",11977456,11977570,11976443,11976587,11980141,11980408,NA,NA,NA,NA,NA,NA,NA,NA,NA,NA,NA,NA
"KO_vs_Parental","SE","Skipped Exon","Dhrs4","ENSMUSG00000022210","chr14","+",0.0321214984473173,0.575,"1.0,1.0,0.724","0.0,0.0,1.0",55725040,55725175,55717482,55717660,55727275,55727329,NA,NA,NA,NA,NA,NA,NA,NA,NA,NA,NA,NA
"KO_vs_Parental","SE","Skipped Exon","Cdk11b","ENSMUSG00000029062","chr4","+",0.04706566556397,-0.219,"0.446,0.391,0.342","0.622,0.564,0.65",155709641,155709796,155709310,155709398,155710183,155710230,NA,NA,NA,NA,NA,NA,NA,NA,NA,NA,NA,NA
"KO_vs_Parental","SE","Skipped Exon","Ap1ar","ENSMUSG00000074238","chr3","-",1.71162229688725e-12,-0.12,"0.76,0.751,0.77","0.881,0.851,0.91",127609244,127609343,127606888,127606944,127610558,127610655,NA,NA,NA,NA,NA,NA,NA,NA,NA,NA,NA,NA
"KO_vs_Parental","SE","Skipped Exon","Mettl25","ENSMUSG00000036009","chr10","-",0.000562704149635734,0.158,"0.337,0.304,0.313","0.098,0.214,0.168",105671987,105672081,105668711,105668876,105676936,105677232,NA,NA,NA,NA,NA,NA,NA,NA,NA,NA,NA,NA
"KO_vs_Parental","SE","Skipped Exon","Nrg4","ENSMUSG00000032311","chr9","-",0.00255092158469026,-0.233,"0.0,0.0,0.0","0.066,0.149,0.484",55229613,55229676,55226876,55226986,55233863,55234128,NA,NA,NA,NA,NA,NA,NA,NA,NA,NA,NA,NA
"KO_vs_Parental","SE","Skipped Exon","Anapc1","ENSMUSG00000014355","chr2","-",4.09502330355532e-07,0.113,"0.905,0.917,0.902","0.791,0.782,0.812",128472147,128472224,128471599,128471690,128474517,128474592,NA,NA,NA,NA,NA,NA,NA,NA,NA,NA,NA,NA
"KO_vs_Parental","SE","Skipped Exon","Madd","ENSMUSG00000040687","chr2","-",0.00165392342550515,-0.119,"0.191,0.215,0.273","0.294,0.382,0.36",90971153,90971162,90970901,90970971,90973100,90973207,NA,NA,NA,NA,NA,NA,NA,NA,NA,NA,NA,NA
"KO_vs_Parental","SE","Skipped Exon","Madd","ENSMUSG00000040687","chr2","-",0.000222829488523958,-0.129,"0.698,0.663,0.653","0.736,0.84,0.824",90990661,90990715,90989549,90989650,90992372,90992579,NA,NA,NA,NA,NA,NA,NA,NA,NA,NA,NA,NA
"KO_vs_Parental","SE","Skipped Exon","Necap2","ENSMUSG00000028923","chr4","-",7.10264208777694e-06,-0.14,"0.742,0.81,0.656","0.892,0.879,0.856",140798891,140799006,140797392,140797544,140799839,140799948,NA,NA,NA,NA,NA,NA,NA,NA,NA,NA,NA,NA
"KO_vs_Parental","SE","Skipped Exon","Necap2","ENSMUSG00000028923","chr4","-",0.000594767115331526,-0.147,"0.691,0.766,0.588","0.847,0.829,0.811",140798891,140799028,140797366,140797544,140799839,140799948,NA,NA,NA,NA,NA,NA,NA,NA,NA,NA,NA,NA
"KO_vs_Parental","SE","Skipped Exon","Map1a","ENSMUSG00000027254","chr2","+",7.05074672404658e-07,0.113,"0.899,0.925,0.912","0.787,0.832,0.778",121129749,121137853,121129386,121129527,121137995,121138216,NA,NA,NA,NA,NA,NA,NA,NA,NA,NA,NA,NA
"KO_vs_Parental","SE","Skipped Exon","Dclk2","ENSMUSG00000028078","chr3","-",0.00138547240036193,0.237,"0.103,0.403,0.334","0.0,0.128,0.0",86695928,86695941,86693459,86694719,86696618,86696797,NA,NA,NA,NA,NA,NA,NA,NA,NA,NA,NA,NA
"KO_vs_Parental","SE","Skipped Exon","Kcnc3","ENSMUSG00000062785","chr7","+",0.00216674875329145,0.435,"0.769,0.217,0.454","0.047,0.089,0.0",44247013,44247043,44244584,44245692,44247807,44247999,NA,NA,NA,NA,NA,NA,NA,NA,NA,NA,NA,NA
"KO_vs_Parental","SE","Skipped Exon","Eno4","ENSMUSG00000048029","chr19","+",1.23160178659991e-06,0.884,"1.0,1.0,1.0","0.0,0.347,0.0",58933962,58934094,58931856,58932053,58941568,58941723,NA,NA,NA,NA,NA,NA,NA,NA,NA,NA,NA,NA
"KO_vs_Parental","SE","Skipped Exon","Eno4","ENSMUSG00000048029","chr19","+",0.000201238415888085,-0.222,"0.833,0.667,0.724","1.0,0.889,1.0",58935083,58935274,58933962,58934094,58941568,58941723,NA,NA,NA,NA,NA,NA,NA,NA,NA,NA,NA,NA
"KO_vs_Parental","SE","Skipped Exon","A830082K12Rik","ENSMUSG00000087143","chr13","+",0.00175073848651374,-0.291,"0.0,0.048,0.0","0.2,0.222,0.5",78363558,78363809,78346135,78346341,78379336,78379532,NA,NA,NA,NA,NA,NA,NA,NA,NA,NA,NA,NA
"KO_vs_Parental","SE","Skipped Exon","Cbarp","ENSMUSG00000035640","chr10","-",0.00288614933888376,-0.134,"0.784,0.681,0.868","0.886,0.91,0.938",79972538,79972577,79972183,79972328,79972707,79972772,NA,NA,NA,NA,NA,NA,NA,NA,NA,NA,NA,NA
"KO_vs_Parental","SE","Skipped Exon","Kif6","ENSMUSG00000023999","chr17","+",0.000454364946979939,-0.241,"0.665,1.0,0.611","1.0,1.0,1.0",50198717,50198853,50197031,50197116,50202827,50202910,NA,NA,NA,NA,NA,NA,NA,NA,NA,NA,NA,NA
"KO_vs_Parental","SE","Skipped Exon","Magohb","ENSMUSG00000030188","chr6","-",0.00227369189742399,-0.143,"0.172,0.242,0.2","0.238,0.397,0.409",131268703,131268903,131266351,131266410,131270034,131270114,NA,NA,NA,NA,NA,NA,NA,NA,NA,NA,NA,NA
"KO_vs_Parental","SE","Skipped Exon","Ift46","ENSMUSG00000002031","chr9","+",3.88352532165494e-10,0.777,"1.0,0.693,0.693","0.0,0.055,0.0",44685479,44685528,44684984,44685081,44687653,44687758,NA,NA,NA,NA,NA,NA,NA,NA,NA,NA,NA,NA
"KO_vs_Parental","SE","Skipped Exon","Ift46","ENSMUSG00000002031","chr9","+",0.0415150720352628,0.3,"0.273,0.601,0.458","0.0,0.273,0.158",44685479,44685528,44684984,44685081,44687656,44687734,NA,NA,NA,NA,NA,NA,NA,NA,NA,NA,NA,NA
"KO_vs_Parental","SE","Skipped Exon","Ift46","ENSMUSG00000002031","chr9","+",1.50455584416201e-05,0.391,"0.131,0.479,0.693","0.0,0.131,0.0",44685479,44685528,44684984,44685081,44689890,44689935,NA,NA,NA,NA,NA,NA,NA,NA,NA,NA,NA,NA
"KO_vs_Parental","SE","Skipped Exon","Ift46","ENSMUSG00000002031","chr9","+",0.000515986576898505,-0.25,"0.0,0.061,0.0","0.15,0.514,0.147",44687653,44687758,44684984,44685081,44689890,44689935,NA,NA,NA,NA,NA,NA,NA,NA,NA,NA,NA,NA
"KO_vs_Parental","SE","Skipped Exon","Dis3l2","ENSMUSG00000053333","chr1","+",0.00668244294781898,0.1,"0.103,0.121,0.251","0.033,0.047,0.096",86740233,86740311,86719137,86719179,86748943,86749172,NA,NA,NA,NA,NA,NA,NA,NA,NA,NA,NA,NA
"KO_vs_Parental","SE","Skipped Exon","Spata5l1","ENSMUSG00000118663","chr2","+",0.00303228494760907,-0.104,"0.663,0.654,0.68","0.79,0.743,0.776",122471036,122471229,122469669,122469879,122472613,122472744,NA,NA,NA,NA,NA,NA,NA,NA,NA,NA,NA,NA
"KO_vs_Parental","SE","Skipped Exon","4933431E20Rik","ENSMUSG00000086968","chr3","-",0.0121477066177345,0.127,"0.496,0.506,0.494","0.412,0.332,0.371",107802176,107802308,107801366,107801544,107802958,107803116,NA,NA,NA,NA,NA,NA,NA,NA,NA,NA,NA,NA
"KO_vs_Parental","SE","Skipped Exon","Pprc1","ENSMUSG00000055491","chr19","+",0.000162820849322156,-0.115,"0.922,0.861,0.787","1.0,0.955,0.959",46056459,46056527,46055667,46055725,46059715,46059850,NA,NA,NA,NA,NA,NA,NA,NA,NA,NA,NA,NA
"KO_vs_Parental","SE","Skipped Exon","Pprc1","ENSMUSG00000055491","chr19","+",0.000611253903994443,-0.164,"0.862,0.778,0.701","1.0,0.891,0.941",46057477,46058207,46055667,46055725,46059715,46059850,NA,NA,NA,NA,NA,NA,NA,NA,NA,NA,NA,NA
"KO_vs_Parental","SE","Skipped Exon","Nphp1","ENSMUSG00000027378","chr2","-",0.00527614316867198,0.108,"1.0,1.0,0.943","0.832,0.821,0.966",127601495,127601606,127589919,127590032,127603081,127603156,NA,NA,NA,NA,NA,NA,NA,NA,NA,NA,NA,NA
"KO_vs_Parental","SE","Skipped Exon","Plekhb1","ENSMUSG00000030701","chr7","-",0.00381676266581806,0.13,"0.195,0.227,0.0","0.033,0.0,0.0",100299134,100299239,100294776,100294876,100302860,100302900,NA,NA,NA,NA,NA,NA,NA,NA,NA,NA,NA,NA
"KO_vs_Parental","SE","Skipped Exon","Mtif3","ENSMUSG00000016510","chr5","-",0.0139594275530701,0.13,"0.225,0.341,0.379","0.165,0.185,0.206",146900030,146900190,146895634,146896086,146900532,146900597,NA,NA,NA,NA,NA,NA,NA,NA,NA,NA,NA,NA
"KO_vs_Parental","SE","Skipped Exon","Map2","ENSMUSG00000015222","chr1","+",7.235253383086e-08,0.27,"0.811,0.795,0.867","0.577,0.567,0.518",66451565,66455306,66440602,66440680,66455502,66455709,NA,NA,NA,NA,NA,NA,NA,NA,NA,NA,NA,NA
"KO_vs_Parental","SE","Skipped Exon","Dennd6b","ENSMUSG00000015377","chr15","-",8.14744406767435e-06,0.148,"0.463,0.432,0.463","0.286,0.292,0.335",89077137,89077321,89075192,89075231,89080421,89080647,NA,NA,NA,NA,NA,NA,NA,NA,NA,NA,NA,NA
"KO_vs_Parental","SE","Skipped Exon","Palb2","ENSMUSG00000044702","chr7","-",0.00808122668265875,0.112,"0.957,0.936,0.863","0.865,0.847,0.708",121716492,121716578,121713531,121713693,121720276,121720438,NA,NA,NA,NA,NA,NA,NA,NA,NA,NA,NA,NA
"KO_vs_Parental","SE","Skipped Exon","Palb2","ENSMUSG00000044702","chr7","-",0.00153360181463063,0.105,"0.977,1.0,1.0","0.831,0.905,0.926",121727360,121727666,121722859,121722931,121728145,121728239,NA,NA,NA,NA,NA,NA,NA,NA,NA,NA,NA,NA
"KO_vs_Parental","SE","Skipped Exon","Ndel1","ENSMUSG00000018736","chr11","-",0,0.111,"0.141,0.153,0.188","0.056,0.049,0.044",68716995,68717030,68712935,68713491,68720740,68720892,NA,NA,NA,NA,NA,NA,NA,NA,NA,NA,NA,NA
"KO_vs_Parental","SE","Skipped Exon","ENSMUSG00000121487","ENSMUSG00000121487","chr12","+",0.00335653624674232,0.168,"0.352,0.293,0.337","0.164,0.153,0.161",21604009,21604107,21599867,21599955,21604377,21604692,NA,NA,NA,NA,NA,NA,NA,NA,NA,NA,NA,NA
"KO_vs_Parental","SE","Skipped Exon","Gpcpd1","ENSMUSG00000027346","chr2","-",0,0.26,"0.722,0.746,0.748","0.464,0.543,0.428",132400526,132400602,132398854,132398896,132406546,132406631,NA,NA,NA,NA,NA,NA,NA,NA,NA,NA,NA,NA
"KO_vs_Parental","SE","Skipped Exon","Firre","ENSMUSG00000085396","chrX","-",0.00018712067721833,-0.613,"0.387,0.387,0.387","1.0,1.0,1.0",49694952,49695039,49692247,49692402,49697563,49697691,NA,NA,NA,NA,NA,NA,NA,NA,NA,NA,NA,NA
"KO_vs_Parental","SE","Skipped Exon","Firre","ENSMUSG00000085396","chrX","-",0.0135803186937763,-0.369,"0.17,0.068,0.48","0.561,0.658,0.606",49695839,49695981,49694884,49695039,49697354,49697481,NA,NA,NA,NA,NA,NA,NA,NA,NA,NA,NA,NA
"KO_vs_Parental","SE","Skipped Exon","Gm2237","ENSMUSG00000093979","chr14","-",0.00109694256412188,0.199,"1.0,1.0,1.0","1.0,0.714,0.69",19620388,19620523,19619493,19619656,19630274,19630425,NA,NA,NA,NA,NA,NA,NA,NA,NA,NA,NA,NA
"KO_vs_Parental","SE","Skipped Exon","Gm2237","ENSMUSG00000093979","chr14","-",0.04706566556397,0.123,"0.305,0.161,0.154","0.023,0.133,0.095",19633632,19633746,19630274,19630425,19635125,19635203,NA,NA,NA,NA,NA,NA,NA,NA,NA,NA,NA,NA
"KO_vs_Parental","SE","Skipped Exon","9230114K14Rik","ENSMUSG00000097145","chr5","+",0.0255210420002242,0.218,"1.0,1.0,0.587","0.81,0.587,0.536",52350259,52350320,52347996,52348279,52354234,52354365,NA,NA,NA,NA,NA,NA,NA,NA,NA,NA,NA,NA
"KO_vs_Parental","SE","Skipped Exon","9230114K14Rik","ENSMUSG00000097145","chr5","+",0.037459488805948,0.246,"1.0,1.0,0.556","0.8,0.429,0.59",52350259,52350938,52348020,52348279,52354234,52354365,NA,NA,NA,NA,NA,NA,NA,NA,NA,NA,NA,NA
"KO_vs_Parental","SE","Skipped Exon","Gm5535","ENSMUSG00000074758","chr2","-",0.0179936982214332,-0.112,"0.0,0.0,0.033","0.058,0.0,0.311",144020947,144021068,144016446,144016664,144031060,144031210,NA,NA,NA,NA,NA,NA,NA,NA,NA,NA,NA,NA
"KO_vs_Parental","SE","Skipped Exon","Tfpi","ENSMUSG00000027082","chr2","-",0.00072868640653364,-0.108,"0.203,0.138,0.185","0.235,0.316,0.299",84304286,84304529,84304042,84304143,84307034,84307107,NA,NA,NA,NA,NA,NA,NA,NA,NA,NA,NA,NA
"KO_vs_Parental","SE","Skipped Exon","Sema3b","ENSMUSG00000057969","chr9","-",0.00790004647310465,-0.174,"0.944,1.0,0.533","1.0,1.0,1.0",107482645,107482786,107482167,107482354,107483748,107484133,NA,NA,NA,NA,NA,NA,NA,NA,NA,NA,NA,NA
"KO_vs_Parental","SE","Skipped Exon","Sema3b","ENSMUSG00000057969","chr9","-",0.000429493411772567,-0.39,"0.655,0.476,0.448","0.75,1.0,1.0",107483748,107484133,107482645,107482786,107484232,107484291,NA,NA,NA,NA,NA,NA,NA,NA,NA,NA,NA,NA
"KO_vs_Parental","SE","Skipped Exon","Dmtf1","ENSMUSG00000042508","chr5","-",0.0223121934912803,-0.124,"0.548,0.465,0.468","0.543,0.651,0.66",9176539,9176802,9174441,9174527,9177956,9178108,NA,NA,NA,NA,NA,NA,NA,NA,NA,NA,NA,NA
"KO_vs_Parental","SE","Skipped Exon","Crlf2","ENSMUSG00000033467","chr5","-",4.78587000538245e-11,-0.155,"0.714,0.733,0.767","0.884,0.869,0.927",109703372,109703493,109703138,109703223,109703884,109704047,NA,NA,NA,NA,NA,NA,NA,NA,NA,NA,NA,NA
"KO_vs_Parental","SE","Skipped Exon","Crlf2","ENSMUSG00000033467","chr5","-",7.51625805524115e-08,-0.215,"0.566,0.582,0.644","0.811,0.745,0.882",109703372,109703526,109703138,109703223,109703884,109704047,NA,NA,NA,NA,NA,NA,NA,NA,NA,NA,NA,NA
"KO_vs_Parental","SE","Skipped Exon","Tacc1","ENSMUSG00000065954","chr8","-",2.59205488338916e-05,0.144,"0.539,0.526,0.546","0.398,0.39,0.39",25690106,25690222,25667949,25668010,25691137,25691465,NA,NA,NA,NA,NA,NA,NA,NA,NA,NA,NA,NA
"KO_vs_Parental","SE","Skipped Exon","Qrsl1","ENSMUSG00000019863","chr10","-",0.0262621607648526,-0.417,"0.375,1.0,0.375","1.0,1.0,1.0",43771429,43771528,43764964,43765132,43777609,43777662,NA,NA,NA,NA,NA,NA,NA,NA,NA,NA,NA,NA
"KO_vs_Parental","SE","Skipped Exon","Dusp15","ENSMUSG00000042662","chr2","-",0.0201650030879798,-0.16,"0.765,0.867,0.731","0.934,0.91,1.0",152792540,152792574,152790957,152791040,152793254,152793376,NA,NA,NA,NA,NA,NA,NA,NA,NA,NA,NA,NA
"KO_vs_Parental","SE","Skipped Exon","4930581F22Rik","ENSMUSG00000070315","chr9","+",0.0417598462693115,-0.184,"0.38,0.422,0.412","0.675,0.571,0.52",35034896,35034990,35028255,35029642,35037507,35038193,NA,NA,NA,NA,NA,NA,NA,NA,NA,NA,NA,NA
"KO_vs_Parental","SE","Skipped Exon","Mical2","ENSMUSG00000038244","chr7","+",0.0153649674232529,-0.289,"1.0,0.572,0.308","0.748,1.0,1.0",111934535,111934637,111934144,111934363,111944452,111944560,NA,NA,NA,NA,NA,NA,NA,NA,NA,NA,NA,NA
"KO_vs_Parental","SE","Skipped Exon","Adgrb2","ENSMUSG00000028782","chr4","+",0.013335603334508,-0.119,"0.782,0.806,0.911","0.857,1.0,1.0",129900544,129900709,129898817,129898901,129901354,129901519,NA,NA,NA,NA,NA,NA,NA,NA,NA,NA,NA,NA
"KO_vs_Parental","SE","Skipped Exon","Adgrb2","ENSMUSG00000028782","chr4","+",0.0403384335468894,-0.121,"1.0,0.75,0.886","1.0,1.0,1.0",129908727,129908826,129908343,129908429,129911321,129911417,NA,NA,NA,NA,NA,NA,NA,NA,NA,NA,NA,NA
"KO_vs_Parental","SE","Skipped Exon","Etv6","ENSMUSG00000030199","chr6","+",0.000265179753765707,-0.136,"0.406,0.349,0.419","0.471,0.542,0.568",134043269,134043428,134012662,134013101,134114247,134114380,NA,NA,NA,NA,NA,NA,NA,NA,NA,NA,NA,NA
"KO_vs_Parental","SE","Skipped Exon","Dtnbp1","ENSMUSG00000057531","chr13","-",0.0171101245796303,-0.114,"0.878,0.933,0.846","1.0,1.0,1.0",45106647,45106670,45100221,45100604,45123521,45123616,NA,NA,NA,NA,NA,NA,NA,NA,NA,NA,NA,NA
"KO_vs_Parental","SE","Skipped Exon","Ttc3","ENSMUSG00000040785","chr16","+",2.08674604529246e-07,0.123,"0.855,0.874,0.851","0.709,0.783,0.72",94185204,94185247,94183766,94184925,94185642,94185793,NA,NA,NA,NA,NA,NA,NA,NA,NA,NA,NA,NA
"KO_vs_Parental","SE","Skipped Exon","Ttc3","ENSMUSG00000040785","chr16","+",6.02374825341555e-05,0.113,"0.702,0.731,0.727","0.596,0.606,0.619",94209412,94209575,94204172,94204227,94210542,94210588,NA,NA,NA,NA,NA,NA,NA,NA,NA,NA,NA,NA
"KO_vs_Parental","SE","Skipped Exon","Epb41l1","ENSMUSG00000027624","chr2","+",1.87053318855516e-05,0.534,"1.0,1.0,0.667","0.455,0.091,0.52",156363157,156365080,156355947,156356130,156365580,156365691,NA,NA,NA,NA,NA,NA,NA,NA,NA,NA,NA,NA
"KO_vs_Parental","SE","Skipped Exon","Epb41l1","ENSMUSG00000027624","chr2","+",8.82626564425687e-12,0.114,"0.889,0.878,0.904","0.798,0.771,0.76",156366800,156367208,156355947,156356130,156368808,156368913,NA,NA,NA,NA,NA,NA,NA,NA,NA,NA,NA,NA
"KO_vs_Parental","SE","Skipped Exon","Rsrc1","ENSMUSG00000034544","chr3","+",7.01249030882658e-06,-0.321,"0.131,0.086,0.082","0.423,0.489,0.35",66896366,66896494,66893036,66893115,66901849,66902045,NA,NA,NA,NA,NA,NA,NA,NA,NA,NA,NA,NA
"KO_vs_Parental","SE","Skipped Exon","Rsrc1","ENSMUSG00000034544","chr3","+",0.0139318004081899,-0.363,"0.255,0.316,0.35","0.574,0.801,0.636",66896366,66896494,66893299,66893422,66901849,66902045,NA,NA,NA,NA,NA,NA,NA,NA,NA,NA,NA,NA
"KO_vs_Parental","SE","Skipped Exon","Rsrc1","ENSMUSG00000034544","chr3","+",0.00173863931518814,-0.248,"0.147,0.112,0.165","0.423,0.381,0.364",66896366,66896494,66893310,66893521,66901849,66902045,NA,NA,NA,NA,NA,NA,NA,NA,NA,NA,NA,NA
"KO_vs_Parental","SE","Skipped Exon","Arhgap10","ENSMUSG00000037148","chr8","-",1.42232457364784e-05,0.11,"0.922,0.967,0.942","0.816,0.782,0.902",78159368,78159440,78152958,78153060,78177321,78177383,NA,NA,NA,NA,NA,NA,NA,NA,NA,NA,NA,NA
"KO_vs_Parental","SE","Skipped Exon","5031425E22Rik","ENSMUSG00000073147","chr5","-",0.00832722931525176,0.281,"0.449,0.0,0.394","0.0,0.0,0.0",23616039,23616119,23608723,23608814,23638207,23638323,NA,NA,NA,NA,NA,NA,NA,NA,NA,NA,NA,NA
"KO_vs_Parental","SE","Skipped Exon","Catsperg1","ENSMUSG00000049676","chr7","-",0.000161265562969039,0.181,"1.0,1.0,0.932","0.783,0.801,0.804",28894638,28894748,28890959,28891173,28895252,28895364,NA,NA,NA,NA,NA,NA,NA,NA,NA,NA,NA,NA
"KO_vs_Parental","SE","Skipped Exon","Catsperg1","ENSMUSG00000049676","chr7","-",4.39832013867708e-05,0.281,"1.0,1.0,0.917","0.611,0.758,0.704",28894837,28894996,28890959,28891173,28895252,28895364,NA,NA,NA,NA,NA,NA,NA,NA,NA,NA,NA,NA
"KO_vs_Parental","SE","Skipped Exon","Catsperg1","ENSMUSG00000049676","chr7","-",7.7425718054192e-06,0.398,"1.0,1.0,1.0","0.602,0.402,0.801",28905753,28905826,28904191,28904347,28905978,28906105,NA,NA,NA,NA,NA,NA,NA,NA,NA,NA,NA,NA
"KO_vs_Parental","SE","Skipped Exon","Catsperg1","ENSMUSG00000049676","chr7","-",0.0152343439254825,-0.577,"0.0,0.0,0.55","1.0,0.774,0.507",28909904,28909958,28906229,28906374,28910171,28910350,NA,NA,NA,NA,NA,NA,NA,NA,NA,NA,NA,NA
"KO_vs_Parental","SE","Skipped Exon","Deaf1","ENSMUSG00000058886","chr7","-",1.02697337813697e-13,-0.29,"0.302,0.386,0.373","0.686,0.593,0.652",140904354,140904529,140903994,140904092,140907191,140907497,NA,NA,NA,NA,NA,NA,NA,NA,NA,NA,NA,NA
"KO_vs_Parental","SE","Skipped Exon","Top3b","ENSMUSG00000022779","chr16","+",0.00738953446278373,0.208,"0.888,0.859,0.782","0.627,0.564,0.713",16692932,16693019,16688670,16688762,16695695,16695880,NA,NA,NA,NA,NA,NA,NA,NA,NA,NA,NA,NA
"KO_vs_Parental","SE","Skipped Exon","Top3b","ENSMUSG00000022779","chr16","+",0.00727341738595131,0.195,"0.891,0.869,0.789","0.644,0.6,0.719",16692935,16693019,16688670,16688762,16695695,16695880,NA,NA,NA,NA,NA,NA,NA,NA,NA,NA,NA,NA
"KO_vs_Parental","SE","Skipped Exon","Lipo3","ENSMUSG00000024766","chr19","-",0.00103633917397109,-0.207,"0.674,0.852,0.754","1.0,0.902,1.0",33557864,33557974,33536911,33537055,33560446,33560564,NA,NA,NA,NA,NA,NA,NA,NA,NA,NA,NA,NA
"KO_vs_Parental","SE","Skipped Exon","Cd40","ENSMUSG00000017652","chr2","+",0.000463351307114717,-0.11,"0.929,0.955,0.785","1.0,1.0,1.0",164911736,164911768,164908422,164908484,164912641,164912665,NA,NA,NA,NA,NA,NA,NA,NA,NA,NA,NA,NA
"KO_vs_Parental","SE","Skipped Exon","Usp45","ENSMUSG00000040455","chr4","+",6.73557828561716e-10,-0.196,"0.637,0.664,0.696","0.898,0.848,0.84",21817500,21817644,21816881,21816938,21824416,21825077,NA,NA,NA,NA,NA,NA,NA,NA,NA,NA,NA,NA
"KO_vs_Parental","SE","Skipped Exon","Rap1gap","ENSMUSG00000041351","chr4","+",0.0225310930834024,0.21,"0.291,0.501,0.444","0.287,0.206,0.113",137451056,137451134,137449136,137449268,137452002,137452112,NA,NA,NA,NA,NA,NA,NA,NA,NA,NA,NA,NA
"KO_vs_Parental","SE","Skipped Exon","Gm14444","ENSMUSG00000078906","chr2","+",0.00273980586268199,0.171,"1.0,1.0,1.0","0.866,0.875,0.745",174858430,174858557,174852001,174852114,174858749,174858810,NA,NA,NA,NA,NA,NA,NA,NA,NA,NA,NA,NA
"KO_vs_Parental","SE","Skipped Exon","N4bp2l1","ENSMUSG00000041132","chr5","-",0.00965192067906861,0.314,"0.617,0.617,0.836","0.36,0.431,0.337",150500636,150500764,150500104,150500232,150517728,150517927,NA,NA,NA,NA,NA,NA,NA,NA,NA,NA,NA,NA
"KO_vs_Parental","SE","Skipped Exon","Wnk1","ENSMUSG00000045962","chr6","-",0.000204056324386081,-0.124,"0.072,0.038,0.056","0.1,0.312,0.125",119905083,119905110,119904007,119904195,119906786,119906828,NA,NA,NA,NA,NA,NA,NA,NA,NA,NA,NA,NA
"KO_vs_Parental","SE","Skipped Exon","Wnk1","ENSMUSG00000045962","chr6","-",0.0483770768507054,0.199,"0.629,0.356,0.401","0.246,0.287,0.256",119906786,119906828,119905083,119905110,119911216,119911411,NA,NA,NA,NA,NA,NA,NA,NA,NA,NA,NA,NA
"KO_vs_Parental","SE","Skipped Exon","Wnk1","ENSMUSG00000045962","chr6","-",0.000141108580178231,0.173,"0.276,0.274,0.214","0.127,0.084,0.033",119909650,119909722,119905083,119905110,119911216,119911290,NA,NA,NA,NA,NA,NA,NA,NA,NA,NA,NA,NA
"KO_vs_Parental","SE","Skipped Exon","Tnik","ENSMUSG00000027692","chr3","+",0,-0.251,"0.409,0.402,0.39","0.665,0.652,0.638",28649055,28649142,28648170,28648281,28650220,28650409,NA,NA,NA,NA,NA,NA,NA,NA,NA,NA,NA,NA
"KO_vs_Parental","SE","Skipped Exon","Sppl2a","ENSMUSG00000027366","chr2","-",0.0120132961884434,-0.108,"0.416,0.498,0.406","0.55,0.553,0.541",126755219,126755273,126754562,126754665,126755451,126755508,NA,NA,NA,NA,NA,NA,NA,NA,NA,NA,NA,NA
"KO_vs_Parental","SE","Skipped Exon","Catsper2","ENSMUSG00000033486","chr2","-",0.00638898301427211,-0.502,"0.333,0.333,0.143","0.714,0.6,1.0",121237823,121237996,121237187,121237343,121240618,121240687,NA,NA,NA,NA,NA,NA,NA,NA,NA,NA,NA,NA
"KO_vs_Parental","SE","Skipped Exon","Dedd","ENSMUSG00000013973","chr1","+",0.0437439192808808,0.107,"0.609,0.514,0.587","0.45,0.531,0.409",171158801,171158853,171156966,171157094,171165819,171166208,NA,NA,NA,NA,NA,NA,NA,NA,NA,NA,NA,NA
"KO_vs_Parental","SE","Skipped Exon","Fxr1","ENSMUSG00000027680","chr3","+",0.00299724630693167,-0.195,"0.109,0.0,0.047","0.235,0.156,0.349",34093675,34093728,34074091,34074312,34100180,34100252,NA,NA,NA,NA,NA,NA,NA,NA,NA,NA,NA,NA
"KO_vs_Parental","SE","Skipped Exon","Phf21a","ENSMUSG00000058318","chr2","+",0.00151611248659623,-0.371,"0.264,0.344,0.481","0.661,0.79,0.751",92016895,92016954,92015803,92015933,92044393,92044434,NA,NA,NA,NA,NA,NA,NA,NA,NA,NA,NA,NA
"KO_vs_Parental","SE","Skipped Exon","2210408F21Rik","ENSMUSG00000087380","chr6","+",9.85145957160328e-07,-0.109,"0.806,0.85,0.782","0.909,0.944,0.912",31305223,31305295,31261937,31262055,31312925,31312997,NA,NA,NA,NA,NA,NA,NA,NA,NA,NA,NA,NA
"KO_vs_Parental","SE","Skipped Exon","2210408F21Rik","ENSMUSG00000087380","chr6","+",0.000485128518984141,-0.136,"0.713,0.738,0.678","0.798,0.913,0.825",31305223,31305324,31261937,31262055,31312925,31312997,NA,NA,NA,NA,NA,NA,NA,NA,NA,NA,NA,NA
"KO_vs_Parental","SE","Skipped Exon","2210408F21Rik","ENSMUSG00000087380","chr6","+",0.000213814095730973,-0.233,"0.44,0.571,0.445","0.702,0.751,0.703",31305225,31305295,31261937,31262055,31312925,31312997,NA,NA,NA,NA,NA,NA,NA,NA,NA,NA,NA,NA
"KO_vs_Parental","SE","Skipped Exon","2210408F21Rik","ENSMUSG00000087380","chr6","+",0.0156336776689927,-0.202,"0.256,0.366,0.291","0.617,0.437,0.465",31305266,31305295,31261937,31262055,31312925,31312997,NA,NA,NA,NA,NA,NA,NA,NA,NA,NA,NA,NA
"KO_vs_Parental","SE","Skipped Exon","Cetn4","ENSMUSG00000045031","chr3","-",0.0142345202014563,-0.104,"0.912,0.927,0.742","0.972,0.946,0.974",37363493,37363631,37361897,37363330,37364441,37364588,NA,NA,NA,NA,NA,NA,NA,NA,NA,NA,NA,NA
"KO_vs_Parental","SE","Skipped Exon","Smc2","ENSMUSG00000028312","chr4","+",0.00139162171332243,0.113,"0.882,0.913,0.951","0.817,0.826,0.764",52440200,52440423,52439242,52439334,52447712,52447751,NA,NA,NA,NA,NA,NA,NA,NA,NA,NA,NA,NA
"KO_vs_Parental","SE","Skipped Exon","Smc2","ENSMUSG00000028312","chr4","+",0.00238719966744786,0.15,"0.097,0.143,0.25","0.04,0.0,0.0",52442252,52442402,52439242,52439334,52447712,52447751,NA,NA,NA,NA,NA,NA,NA,NA,NA,NA,NA,NA
"KO_vs_Parental","SE","Skipped Exon","D3Ertd751e","ENSMUSG00000025766","chr3","+",0.00711686375607546,-0.171,"0.434,0.452,0.48","0.59,0.686,0.603",41699130,41699247,41697045,41697124,41700982,41701163,NA,NA,NA,NA,NA,NA,NA,NA,NA,NA,NA,NA
"KO_vs_Parental","SE","Skipped Exon","D3Ertd751e","ENSMUSG00000025766","chr3","+",0.0126593870586937,-0.171,"0.22,0.184,0.258","0.341,0.462,0.371",41699139,41699247,41697097,41697124,41700982,41701163,NA,NA,NA,NA,NA,NA,NA,NA,NA,NA,NA,NA
"KO_vs_Parental","SE","Skipped Exon","Slc44a2","ENSMUSG00000057193","chr9","+",0.000324252768748665,-0.141,"0.325,0.229,0.251","0.399,0.412,0.416",21264296,21264424,21263762,21263847,21264977,21265147,NA,NA,NA,NA,NA,NA,NA,NA,NA,NA,NA,NA
"KO_vs_Parental","SE","Skipped Exon","Slc44a2","ENSMUSG00000057193","chr9","+",0.00278026537499308,-0.122,"0.467,0.381,0.418","0.52,0.535,0.577",21264296,21264468,21263762,21263847,21264977,21265274,NA,NA,NA,NA,NA,NA,NA,NA,NA,NA,NA,NA
"KO_vs_Parental","SE","Skipped Exon","Ints2","ENSMUSG00000018068","chr11","-",0.0154272953783243,-0.107,"0.719,0.839,0.817","0.907,0.891,0.897",86148029,86148241,86146848,86147155,86148330,86148380,NA,NA,NA,NA,NA,NA,NA,NA,NA,NA,NA,NA
"KO_vs_Parental","SE","Skipped Exon","Ints2","ENSMUSG00000018068","chr11","-",0.00418110097041515,-0.101,"0.829,0.764,0.825","0.92,0.898,0.903",86148029,86148241,86147268,86147323,86148330,86148380,NA,NA,NA,NA,NA,NA,NA,NA,NA,NA,NA,NA
"KO_vs_Parental","SE","Skipped Exon","Ip6k1","ENSMUSG00000032594","chr9","+",2.55881580070907e-06,-0.132,"0.216,0.241,0.178","0.337,0.368,0.326",107922444,107922512,107921923,107922099,107922661,107923342,NA,NA,NA,NA,NA,NA,NA,NA,NA,NA,NA,NA
"KO_vs_Parental","SE","Skipped Exon","Ccnl1","ENSMUSG00000027829","chr3","-",0.000540319958846718,-0.114,"0.596,0.598,0.544","0.737,0.664,0.68",65862550,65862697,65858854,65858975,65864273,65864383,NA,NA,NA,NA,NA,NA,NA,NA,NA,NA,NA,NA
"KO_vs_Parental","SE","Skipped Exon","Ccnl1","ENSMUSG00000027829","chr3","-",0.000138243324210715,-0.103,"0.687,0.702,0.656","0.803,0.768,0.782",65862624,65862697,65858854,65858975,65864273,65864277,NA,NA,NA,NA,NA,NA,NA,NA,NA,NA,NA,NA
"KO_vs_Parental","SE","Skipped Exon","Bltp1","ENSMUSG00000037270","chr3","+",1.70707463779092e-07,-0.176,"0.623,0.711,0.761","0.84,0.89,0.894",37046825,37046876,37043943,37044037,37048923,37049130,NA,NA,NA,NA,NA,NA,NA,NA,NA,NA,NA,NA
"KO_vs_Parental","SE","Skipped Exon","Scml2","ENSMUSG00000000037","chrX","+",0.00668244294781898,-0.276,"0.136,0.375,0.163","0.6,0.442,0.461",160038025,160038177,160029252,160029363,160039561,160041192,NA,NA,NA,NA,NA,NA,NA,NA,NA,NA,NA,NA
"KO_vs_Parental","SE","Skipped Exon","Wsb1","ENSMUSG00000017677","chr11","-",0,-0.322,"0.51,0.575,0.465","0.808,0.88,0.829",79134225,79134401,79132809,79132982,79135288,79135389,NA,NA,NA,NA,NA,NA,NA,NA,NA,NA,NA,NA
"KO_vs_Parental","SE","Skipped Exon","Camk2g","ENSMUSG00000021820","chr14","-",1.21215263892928e-05,0.231,"0.876,0.786,0.939","0.63,0.695,0.582",20795859,20795928,20794671,20794716,20797886,20797919,NA,NA,NA,NA,NA,NA,NA,NA,NA,NA,NA,NA
"KO_vs_Parental","SE","Skipped Exon","R3hdm2","ENSMUSG00000025404","chr10","+",5.4841577599348e-05,-0.23,"0.889,0.75,0.628","1.0,0.958,1.0",127307636,127307869,127295335,127295444,127319844,127320022,NA,NA,NA,NA,NA,NA,NA,NA,NA,NA,NA,NA
"KO_vs_Parental","SE","Skipped Exon","Platr26","ENSMUSG00000064263","chr2","+",0.00793469620586707,0.196,"1.0,1.0,0.867","0.8,0.478,1.0",71559999,71560199,71553731,71553840,71560693,71560777,NA,NA,NA,NA,NA,NA,NA,NA,NA,NA,NA,NA
"KO_vs_Parental","SE","Skipped Exon","Cnot4","ENSMUSG00000038784","chr6","-",0.0133576703437602,0.254,"0.0,0.429,0.333","0.0,0.0,0.0",35054915,35055113,35041823,35041957,35110436,35110560,NA,NA,NA,NA,NA,NA,NA,NA,NA,NA,NA,NA
"KO_vs_Parental","SE","Skipped Exon","Smim8","ENSMUSG00000028295","chr4","-",0.00579514859920369,-0.255,"0.216,0.176,0.2","0.455,0.488,0.414",34771873,34772053,34771257,34771414,34778223,34778337,NA,NA,NA,NA,NA,NA,NA,NA,NA,NA,NA,NA
"KO_vs_Parental","SE","Skipped Exon","Dpy19l1","ENSMUSG00000043067","chr9","-",0.0479411271145908,0.247,"1.0,0.3,0.588","0.146,0.0,1.0",24397000,24397025,24393224,24393362,24414134,24414436,NA,NA,NA,NA,NA,NA,NA,NA,NA,NA,NA,NA
"KO_vs_Parental","SE","Skipped Exon","Dhfr","ENSMUSG00000021707","chr13","+",0.0102935288768289,-0.279,"0.812,0.351,1.0","1.0,1.0,1.0",92502172,92502299,92492157,92492207,92521232,92525561,NA,NA,NA,NA,NA,NA,NA,NA,NA,NA,NA,NA
"KO_vs_Parental","SE","Skipped Exon","Crtc2","ENSMUSG00000027936","chr3","+",0.0019177047824531,-0.407,"0.636,0.143,1.0","1.0,1.0,1.0",90168003,90168410,90167260,90167310,90170477,90170664,NA,NA,NA,NA,NA,NA,NA,NA,NA,NA,NA,NA
"KO_vs_Parental","SE","Skipped Exon","G2e3","ENSMUSG00000035293","chr12","+",7.76260612635372e-05,0.122,"0.911,0.876,0.84","0.803,0.734,0.723",51412037,51412342,51410199,51410329,51414557,51414739,NA,NA,NA,NA,NA,NA,NA,NA,NA,NA,NA,NA
"KO_vs_Parental","SE","Skipped Exon","ENSMUSG00000121374","ENSMUSG00000121374","chr7","+",0.000475422146293631,-0.262,"0.516,0.842,0.857","1.0,1.0,1.0",29656384,29656459,29653087,29653381,29660317,29660444,NA,NA,NA,NA,NA,NA,NA,NA,NA,NA,NA,NA
"KO_vs_Parental","SE","Skipped Exon","Mdm2","ENSMUSG00000020184","chr10","-",0.00767767659558068,-0.106,"0.644,0.717,0.663","0.807,0.764,0.772",117545558,117545689,117541059,117541134,117545850,117545933,NA,NA,NA,NA,NA,NA,NA,NA,NA,NA,NA,NA
"KO_vs_Parental","SE","Skipped Exon","Dmac2","ENSMUSG00000057229","chr7","+",0.0179569777931852,-0.153,"1.0,0.667,0.676","1.0,1.0,0.803",25320848,25320937,25320320,25320517,25321397,25321428,NA,NA,NA,NA,NA,NA,NA,NA,NA,NA,NA,NA
"KO_vs_Parental","SE","Skipped Exon","Adcyap1r1","ENSMUSG00000029778","chr6","+",8.3035464253242e-06,-0.121,"0.155,0.184,0.195","0.303,0.295,0.298",55464643,55464727,55461926,55462018,55468214,55468295,NA,NA,NA,NA,NA,NA,NA,NA,NA,NA,NA,NA
"KO_vs_Parental","SE","Skipped Exon","Adcyap1r1","ENSMUSG00000029778","chr6","+",0.0135673460788307,-0.107,"0.169,0.227,0.241","0.372,0.256,0.33",55464643,55464727,55461926,55462018,55471061,55471191,NA,NA,NA,NA,NA,NA,NA,NA,NA,NA,NA,NA
"KO_vs_Parental","SE","Skipped Exon","Zcrb1","ENSMUSG00000022635","chr15","-",8.50099271685382e-06,-0.371,"0.728,0.601,0.557","1.0,1.0,1.0",93293467,93293496,93285627,93285740,93296043,93296182,NA,NA,NA,NA,NA,NA,NA,NA,NA,NA,NA,NA
"KO_vs_Parental","SE","Skipped Exon","Mpdz","ENSMUSG00000028402","chr4","-",6.05017164051967e-05,-0.232,"0.654,0.674,0.546","0.853,0.885,0.833",81231736,81231835,81228393,81228556,81238582,81238760,NA,NA,NA,NA,NA,NA,NA,NA,NA,NA,NA,NA
"KO_vs_Parental","SE","Skipped Exon","Mpdz","ENSMUSG00000028402","chr4","-",0.000129204022572794,-0.1,"0.874,0.846,0.798","0.944,0.961,0.914",81235830,81235941,81228393,81228556,81238582,81238760,NA,NA,NA,NA,NA,NA,NA,NA,NA,NA,NA,NA
"KO_vs_Parental","SE","Skipped Exon","Dzip1","ENSMUSG00000042156","chr14","-",3.02272708872666e-05,0.131,"0.888,0.917,0.917","0.781,0.791,0.757",119133262,119133319,119129173,119129244,119137397,119137454,NA,NA,NA,NA,NA,NA,NA,NA,NA,NA,NA,NA
"KO_vs_Parental","SE","Skipped Exon","Dzip1","ENSMUSG00000042156","chr14","-",0.0083502798050265,-0.137,"0.678,0.663,0.575","0.798,0.745,0.785",119161308,119161507,119160463,119160579,119161836,119161930,NA,NA,NA,NA,NA,NA,NA,NA,NA,NA,NA,NA
"KO_vs_Parental","SE","Skipped Exon","Fmnl3","ENSMUSG00000023008","chr15","-",6.05073208421438e-07,-0.229,"0.495,0.518,0.444","0.658,0.797,0.688",99226974,99227057,99225724,99226047,99227160,99227313,NA,NA,NA,NA,NA,NA,NA,NA,NA,NA,NA,NA
"KO_vs_Parental","SE","Skipped Exon","Ndufs1","ENSMUSG00000025968","chr1","-",1.02697337813697e-13,0.194,"0.512,0.49,0.533","0.309,0.313,0.33",63211312,63211416,63210007,63210073,63215586,63215683,NA,NA,NA,NA,NA,NA,NA,NA,NA,NA,NA,NA
"KO_vs_Parental","SE","Skipped Exon","Ndufs1","ENSMUSG00000025968","chr1","-",5.09502925936823e-05,0.125,"0.456,0.48,0.477","0.301,0.344,0.392",63211312,63211416,63210007,63210073,63215744,63215828,NA,NA,NA,NA,NA,NA,NA,NA,NA,NA,NA,NA
"KO_vs_Parental","SE","Skipped Exon","Cd46","ENSMUSG00000016493","chr1","-",0.00158222466762746,-0.538,"0.0,0.385,0.0","0.0,1.0,1.0",194765855,194765944,194759961,194760144,194767640,194767743,NA,NA,NA,NA,NA,NA,NA,NA,NA,NA,NA,NA
"KO_vs_Parental","SE","Skipped Exon","Dctn1","ENSMUSG00000031865","chr6","+",0.0107254087596252,0.142,"0.846,1.0,0.906","0.788,0.757,0.781",83163409,83163427,83160917,83160938,83164745,83164766,NA,NA,NA,NA,NA,NA,NA,NA,NA,NA,NA,NA
"KO_vs_Parental","SE","Skipped Exon","Dctn1","ENSMUSG00000031865","chr6","+",2.90781419855577e-06,-0.134,"0.644,0.755,0.683","0.833,0.81,0.841",83174300,83174315,83172922,83173089,83174472,83174606,NA,NA,NA,NA,NA,NA,NA,NA,NA,NA,NA,NA
"KO_vs_Parental","SE","Skipped Exon","Nrxn2","ENSMUSG00000033768","chr19","+",0.0100050187765785,0.25,"0.923,0.869,0.865","0.555,0.751,0.6",6498284,6498314,6496327,6496451,6500557,6500629,NA,NA,NA,NA,NA,NA,NA,NA,NA,NA,NA,NA
"KO_vs_Parental","SE","Skipped Exon","Nrxn2","ENSMUSG00000033768","chr19","+",0.000234993798373628,0.142,"0.389,0.458,0.419","0.284,0.277,0.278",6548499,6548561,6543365,6543485,6554904,6555086,NA,NA,NA,NA,NA,NA,NA,NA,NA,NA,NA,NA
"KO_vs_Parental","SE","Skipped Exon","4732491K20Rik","ENSMUSG00000097350","chr17","+",0.0441430295736376,-0.12,"1.0,0.941,0.7","1.0,1.0,1.0",12543283,12544154,12537725,12538059,12555009,12555176,NA,NA,NA,NA,NA,NA,NA,NA,NA,NA,NA,NA
"KO_vs_Parental","SE","Skipped Exon","Cpne1","ENSMUSG00000074643","chr2","-",0.0432143407576016,-0.383,"0.531,0.338,0.489","0.754,1.0,0.754",155940149,155940292,155921258,155921384,155953747,155953829,NA,NA,NA,NA,NA,NA,NA,NA,NA,NA,NA,NA
"KO_vs_Parental","SE","Skipped Exon","Ccnd3","ENSMUSG00000034165","chr17","+",2.60494763604433e-06,-0.459,"0.582,0.317,0.723","1.0,1.0,1.0",47889633,47889698,47815975,47816191,47904578,47904777,NA,NA,NA,NA,NA,NA,NA,NA,NA,NA,NA,NA
"KO_vs_Parental","SE","Skipped Exon","Ccnd3","ENSMUSG00000034165","chr17","+",2.57906164082132e-05,-0.225,"0.812,0.657,0.855","1.0,1.0,1.0",47889633,47889717,47815975,47816191,47904578,47904777,NA,NA,NA,NA,NA,NA,NA,NA,NA,NA,NA,NA
"KO_vs_Parental","SE","Skipped Exon","Chmp3","ENSMUSG00000053119","chr6","+",0.0115310730871813,0.175,"0.253,0.343,0.503","0.199,0.229,0.147",71535958,71536112,71520912,71521017,71537880,71537936,NA,NA,NA,NA,NA,NA,NA,NA,NA,NA,NA,NA
"KO_vs_Parental","SE","Skipped Exon","Chmp3","ENSMUSG00000053119","chr6","+",0.0102935288768289,0.177,"0.258,0.346,0.505","0.188,0.236,0.154",71535997,71536112,71520912,71521017,71537880,71537955,NA,NA,NA,NA,NA,NA,NA,NA,NA,NA,NA,NA
"KO_vs_Parental","SE","Skipped Exon","Immt","ENSMUSG00000052337","chr6","+",0.00186275980692296,-0.221,"0.717,0.619,0.733","0.893,0.839,1.0",71829749,71829851,71828755,71828864,71833895,71833939,NA,NA,NA,NA,NA,NA,NA,NA,NA,NA,NA,NA
"KO_vs_Parental","SE","Skipped Exon","Eif4g3","ENSMUSG00000028760","chr4","+",0.00138547240036193,0.265,"1.0,1.0,1.0","0.804,0.596,0.804",137814843,137814876,137811567,137811681,137823219,137823240,NA,NA,NA,NA,NA,NA,NA,NA,NA,NA,NA,NA
"KO_vs_Parental","SE","Skipped Exon","Ggcx","ENSMUSG00000053460","chr6","+",0.0497505710394817,-0.133,"0.221,0.232,0.276","0.447,0.396,0.285",72395999,72396249,72395218,72395449,72399398,72399477,NA,NA,NA,NA,NA,NA,NA,NA,NA,NA,NA,NA
"KO_vs_Parental","SE","Skipped Exon","Zeb1","ENSMUSG00000024238","chr18","+",0.000299375927931059,0.362,"0.692,0.721,0.714","0.371,0.242,0.429",5633203,5633357,5591859,5591967,5641381,5641385,NA,NA,NA,NA,NA,NA,NA,NA,NA,NA,NA,NA
"KO_vs_Parental","SE","Skipped Exon","Zeb1","ENSMUSG00000024238","chr18","+",0.021370133527105,0.21,"0.81,1.0,1.0","0.714,1.0,0.467",5633203,5633357,5593860,5593919,5641381,5641385,NA,NA,NA,NA,NA,NA,NA,NA,NA,NA,NA,NA
"KO_vs_Parental","SE","Skipped Exon","2810429I04Rik","ENSMUSG00000097709","chr13","+",0.0446170961073336,0.112,"0.255,0.316,0.318","0.216,0.183,0.153",3529521,3529574,3528214,3528390,3529908,3530001,NA,NA,NA,NA,NA,NA,NA,NA,NA,NA,NA,NA
"KO_vs_Parental","SE","Skipped Exon","Msantd2","ENSMUSG00000042138","chr9","+",0.000152933407089517,0.149,"0.512,0.536,0.496","0.348,0.412,0.336",37402751,37402865,37400895,37401129,37424909,37425003,NA,NA,NA,NA,NA,NA,NA,NA,NA,NA,NA,NA
"KO_vs_Parental","SE","Skipped Exon","Msantd2","ENSMUSG00000042138","chr9","+",0.000691593999901381,-0.234,"0.4,0.559,0.555","0.764,0.707,0.745",37424909,37424999,37401114,37401129,37428512,37428768,NA,NA,NA,NA,NA,NA,NA,NA,NA,NA,NA,NA
"KO_vs_Parental","SE","Skipped Exon","Msantd2","ENSMUSG00000042138","chr9","+",0.0236432869083865,-0.16,"0.843,0.68,0.599","0.777,0.898,0.926",37424909,37424999,37401114,37401129,37428668,37428768,NA,NA,NA,NA,NA,NA,NA,NA,NA,NA,NA,NA
"KO_vs_Parental","SE","Skipped Exon","Tbcel","ENSMUSG00000037287","chr9","-",0.0255210420002242,-0.359,"1.0,0.0,0.0","1.0,0.077,1.0",42354114,42354371,42323611,42327445,42383361,42383554,NA,NA,NA,NA,NA,NA,NA,NA,NA,NA,NA,NA
"KO_vs_Parental","SE","Skipped Exon","Dguok","ENSMUSG00000014554","chr6","-",0.00227229161483736,-0.102,"0.762,0.836,0.703","0.9,0.844,0.862",83457824,83457924,83457198,83457418,83458328,83458444,NA,NA,NA,NA,NA,NA,NA,NA,NA,NA,NA,NA
"KO_vs_Parental","SE","Skipped Exon","Gm10644","ENSMUSG00000074219","chr8","-",0.0366210790636197,-0.284,"0.415,0.442,0.253","0.736,0.651,0.575",84662696,84662804,84662360,84662457,84681731,84681834,NA,NA,NA,NA,NA,NA,NA,NA,NA,NA,NA,NA
"KO_vs_Parental","SE","Skipped Exon","Tia1","ENSMUSG00000071337","chr6","+",3.04028546769811e-05,-0.12,"0.226,0.198,0.175","0.304,0.321,0.333",86400587,86400653,86396910,86397393,86401326,86401402,NA,NA,NA,NA,NA,NA,NA,NA,NA,NA,NA,NA
"KO_vs_Parental","SE","Skipped Exon","Eml4","ENSMUSG00000032624","chr17","+",1.02697337813697e-13,0.266,"0.822,0.792,0.858","0.526,0.616,0.531",83732686,83732860,83729034,83729164,83735428,83735454,NA,NA,NA,NA,NA,NA,NA,NA,NA,NA,NA,NA
"KO_vs_Parental","SE","Skipped Exon","Eml4","ENSMUSG00000032624","chr17","+",1.66883173946507e-11,0.212,"0.865,0.828,0.904","0.662,0.709,0.59",83734651,83734780,83729034,83729164,83735428,83735454,NA,NA,NA,NA,NA,NA,NA,NA,NA,NA,NA,NA
"KO_vs_Parental","SE","Skipped Exon","Msh5","ENSMUSG00000007035","chr17","-",0.00344425703798802,0.283,"1.0,1.0,1.0","0.738,0.701,0.711",35257381,35257444,35252565,35252694,35260445,35260491,NA,NA,NA,NA,NA,NA,NA,NA,NA,NA,NA,NA
"KO_vs_Parental","SE","Skipped Exon","Msh5","ENSMUSG00000007035","chr17","-",0.0491942762629413,0.139,"0.27,0.307,0.202","0.127,0.131,0.105",35264269,35264350,35263292,35263414,35265675,35265702,NA,NA,NA,NA,NA,NA,NA,NA,NA,NA,NA,NA
"KO_vs_Parental","SE","Skipped Exon","Csnk2b","ENSMUSG00000024387","chr17","-",3.26465986296577e-07,-0.43,"0.6,0.611,0.5","1.0,1.0,1.0",35340286,35340487,35339420,35339503,35340769,35340974,NA,NA,NA,NA,NA,NA,NA,NA,NA,NA,NA,NA
"KO_vs_Parental","SE","Skipped Exon","Actl6b","ENSMUSG00000029712","chr5","+",0.00820371922425885,0.127,"0.932,0.887,0.864","0.831,0.732,0.738",137552325,137552402,137551781,137551921,137552774,137552939,NA,NA,NA,NA,NA,NA,NA,NA,NA,NA,NA,NA
"KO_vs_Parental","SE","Skipped Exon","Ergic3","ENSMUSG00000005881","chr2","+",1.68970967297462e-05,-0.123,"0.477,0.501,0.477","0.601,0.641,0.583",155857296,155857311,155853268,155853326,155857908,155857940,NA,NA,NA,NA,NA,NA,NA,NA,NA,NA,NA,NA
"KO_vs_Parental","SE","Skipped Exon","Slc22a17","ENSMUSG00000022199","chr14","-",9.48133383314461e-05,-0.528,"0.44,0.143,0.333","1.0,0.6,0.9",55145342,55145560,55144975,55145087,55145958,55146104,NA,NA,NA,NA,NA,NA,NA,NA,NA,NA,NA,NA
"KO_vs_Parental","SE","Skipped Exon","Slc22a17","ENSMUSG00000022199","chr14","-",1.15474890697976e-05,-0.389,"0.481,0.455,0.615","1.0,0.778,0.941",55145342,55145823,55144975,55145087,55145958,55146104,NA,NA,NA,NA,NA,NA,NA,NA,NA,NA,NA,NA
"KO_vs_Parental","SE","Skipped Exon","Slc22a17","ENSMUSG00000022199","chr14","-",0.000369657232282714,-0.459,"0.25,0.438,0.539","1.0,0.7,0.903",55145717,55145823,55144975,55145087,55145958,55146104,NA,NA,NA,NA,NA,NA,NA,NA,NA,NA,NA,NA
"KO_vs_Parental","SE","Skipped Exon","Magi1","ENSMUSG00000045095","chr6","-",0.00018712067721833,0.126,"0.786,0.762,0.737","0.637,0.661,0.61",93681257,93681341,93678270,93678362,93684984,93685198,NA,NA,NA,NA,NA,NA,NA,NA,NA,NA,NA,NA
"KO_vs_Parental","SE","Skipped Exon","Cntn6","ENSMUSG00000030092","chr6","+",0.00078824489646216,0.264,"1.0,1.0,1.0","0.461,0.747,1.0",104705226,104705329,104703033,104703237,104744669,104744854,NA,NA,NA,NA,NA,NA,NA,NA,NA,NA,NA,NA
"KO_vs_Parental","SE","Skipped Exon","Rad18","ENSMUSG00000030254","chr6","-",2.31944140474548e-07,-0.612,"0.6,0.231,0.333","1.0,1.0,1.0",112652706,112652891,112642238,112642299,112663676,112663747,NA,NA,NA,NA,NA,NA,NA,NA,NA,NA,NA,NA
"KO_vs_Parental","SE","Skipped Exon","Mettl27","ENSMUSG00000040557","chr5","+",0.00249290331396489,0.124,"0.885,1.0,0.983","0.865,0.794,0.836",134964632,134964725,134963142,134963278,134969310,134969488,NA,NA,NA,NA,NA,NA,NA,NA,NA,NA,NA,NA
"KO_vs_Parental","SE","Skipped Exon","Tada3","ENSMUSG00000048930","chr6","-",1.64346231829924e-08,-0.192,"0.662,0.675,0.583","0.83,0.901,0.766",113353852,113353906,113352800,113353025,113354276,113354334,NA,NA,NA,NA,NA,NA,NA,NA,NA,NA,NA,NA
"KO_vs_Parental","SE","Skipped Exon","Wdr91","ENSMUSG00000058486","chr6","-",0.00209963651000417,-0.305,"0.469,0.41,0.429","0.662,0.721,0.84",34886611,34886762,34886295,34886475,34887444,34887498,NA,NA,NA,NA,NA,NA,NA,NA,NA,NA,NA,NA
"KO_vs_Parental","SE","Skipped Exon","Wdr91","ENSMUSG00000058486","chr6","-",0.0018625744479767,-0.494,"0.362,0.586,0.102","1.0,1.0,0.531",34886648,34886762,34886395,34886475,34887440,34887530,NA,NA,NA,NA,NA,NA,NA,NA,NA,NA,NA,NA
"KO_vs_Parental","SE","Skipped Exon","Atg7","ENSMUSG00000030314","chr6","+",0.00568252662108115,-0.484,"0.0,0.078,0.0","0.269,1.0,0.26",114623897,114624018,114620087,114620111,114649751,114649804,NA,NA,NA,NA,NA,NA,NA,NA,NA,NA,NA,NA
"KO_vs_Parental","SE","Skipped Exon","Marchf8","ENSMUSG00000025702","chr6","+",0.00651857161623108,-0.117,"0.335,0.299,0.238","0.44,0.354,0.429",116378297,116379143,116377997,116378083,116380380,116380561,NA,NA,NA,NA,NA,NA,NA,NA,NA,NA,NA,NA
"KO_vs_Parental","SE","Skipped Exon","Cacna1c","ENSMUSG00000051331","chr6","-",0.0279314376457008,0.16,"0.482,0.335,0.301","0.134,0.27,0.233",118614690,118614774,118607185,118607392,118615387,118615471,NA,NA,NA,NA,NA,NA,NA,NA,NA,NA,NA,NA
"KO_vs_Parental","SE","Skipped Exon","Cacna1c","ENSMUSG00000051331","chr6","-",0.0108050767654745,0.145,"1.0,0.903,1.0","0.695,0.823,0.949",118651515,118651575,118647310,118647417,118652780,118652910,NA,NA,NA,NA,NA,NA,NA,NA,NA,NA,NA,NA
"KO_vs_Parental","SE","Skipped Exon","Efhc1","ENSMUSG00000041809","chr1","+",4.92650312638358e-05,-0.613,"0.0,0.0,0.143","0.733,0.25,1.0",21031376,21031526,21030353,21030641,21037547,21037740,NA,NA,NA,NA,NA,NA,NA,NA,NA,NA,NA,NA
"KO_vs_Parental","SE","Skipped Exon","Kdm5a","ENSMUSG00000030180","chr6","+",1.6127938468278e-06,0.154,"0.5,0.453,0.457","0.328,0.302,0.318",120415404,120415486,120408773,120409184,120415947,120416672,NA,NA,NA,NA,NA,NA,NA,NA,NA,NA,NA,NA
"KO_vs_Parental","SE","Skipped Exon","Pex26","ENSMUSG00000067825","chr6","+",0.000144130697972798,-0.625,"0.679,0.0,0.096","0.649,1.0,1.0",121174840,121174973,121170470,121170706,121175586,121175796,NA,NA,NA,NA,NA,NA,NA,NA,NA,NA,NA,NA
"KO_vs_Parental","SE","Skipped Exon","Rab11fip1","ENSMUSG00000031488","chr8","-",4.72978294706446e-11,0.154,"0.197,0.258,0.232","0.103,0.074,0.048",27641624,27643187,27640722,27640831,27644173,27644963,NA,NA,NA,NA,NA,NA,NA,NA,NA,NA,NA,NA
"KO_vs_Parental","SE","Skipped Exon","Zdhhc1","ENSMUSG00000039199","chr8","-",7.05759048609986e-07,-0.195,"0.539,0.595,0.586","0.782,0.761,0.762",106210820,106211059,106210172,106210415,106212093,106212140,NA,NA,NA,NA,NA,NA,NA,NA,NA,NA,NA,NA
"KO_vs_Parental","SE","Skipped Exon","Crebrf","ENSMUSG00000048249","chr17","+",0.00357686388303309,0.48,"1.0,0.73,0.619","0.52,0.351,0.037",26958516,26958642,26934683,26934748,26976778,26976973,NA,NA,NA,NA,NA,NA,NA,NA,NA,NA,NA,NA
"KO_vs_Parental","SE","Skipped Exon","Clec18a","ENSMUSG00000033633","chr8","-",0.0367531058948806,-0.155,"1.0,1.0,0.534","1.0,1.0,1.0",111798617,111798747,111797316,111797408,111801779,111801887,NA,NA,NA,NA,NA,NA,NA,NA,NA,NA,NA,NA
"KO_vs_Parental","SE","Skipped Exon","Stxbp5","ENSMUSG00000019790","chr10","-",0.000374879402957107,0.119,"0.282,0.266,0.27","0.198,0.133,0.13",9660084,9660144,9653764,9653815,9665106,9665172,NA,NA,NA,NA,NA,NA,NA,NA,NA,NA,NA,NA
"KO_vs_Parental","SE","Skipped Exon","Plekha5","ENSMUSG00000030231","chr6","+",9.72253761539212e-06,0.108,"0.249,0.261,0.332","0.211,0.165,0.142",140482731,140482749,140482373,140482489,140489445,140489913,NA,NA,NA,NA,NA,NA,NA,NA,NA,NA,NA,NA
"KO_vs_Parental","SE","Skipped Exon","Plekha5","ENSMUSG00000030231","chr6","+",0,-0.297,"0.537,0.518,0.509","0.788,0.824,0.844",140526072,140526261,140525155,140525202,140527693,140527814,NA,NA,NA,NA,NA,NA,NA,NA,NA,NA,NA,NA
"KO_vs_Parental","SE","Skipped Exon","Cep44","ENSMUSG00000038215","chr8","-",0.00517086019710174,-0.139,"0.226,0.227,0.256","0.323,0.395,0.407",57003097,57003156,57000422,57000559,57003722,57003834,NA,NA,NA,NA,NA,NA,NA,NA,NA,NA,NA,NA
"KO_vs_Parental","SE","Skipped Exon","Slc39a14","ENSMUSG00000022094","chr14","-",0.0468707982666985,0.116,"0.719,0.691,0.667","0.631,0.495,0.603",70568717,70568815,70556110,70556389,70588728,70588843,NA,NA,NA,NA,NA,NA,NA,NA,NA,NA,NA,NA
"KO_vs_Parental","SE","Skipped Exon","Tspan32","ENSMUSG00000000244","chr7","+",0.0387604030216811,-0.259,"0.442,0.781,1.0","1.0,1.0,1.0",142568695,142568797,142564770,142564845,142569317,142569404,NA,NA,NA,NA,NA,NA,NA,NA,NA,NA,NA,NA
"KO_vs_Parental","SE","Skipped Exon","Tsku","ENSMUSG00000049580","chr7","-",0.000809756050432678,-0.492,"0.462,0.061,0.34","1.0,0.34,1.0",98002683,98002823,97999874,98002337,98008564,98008674,NA,NA,NA,NA,NA,NA,NA,NA,NA,NA,NA,NA
"KO_vs_Parental","SE","Skipped Exon","Tsku","ENSMUSG00000049580","chr7","-",0.00512563827553342,-0.504,"0.076,0.193,0.315","0.633,1.0,0.463",98008564,98008674,98002683,98002823,98010448,98010495,NA,NA,NA,NA,NA,NA,NA,NA,NA,NA,NA,NA
"KO_vs_Parental","SE","Skipped Exon","Zbtb32","ENSMUSG00000006310","chr7","-",2.96805658538444e-05,-0.342,"0.6,0.818,0.556","1.0,1.0,1.0",30290481,30291390,30290220,30290294,30298204,30298334,NA,NA,NA,NA,NA,NA,NA,NA,NA,NA,NA,NA
"KO_vs_Parental","SE","Skipped Exon","Rdh13","ENSMUSG00000008435","chr7","-",5.39453251717858e-11,0.181,"0.294,0.246,0.298","0.052,0.112,0.13",4447976,4448121,4447201,4447320,4448445,4448641,NA,NA,NA,NA,NA,NA,NA,NA,NA,NA,NA,NA
"KO_vs_Parental","SE","Skipped Exon","Rian","ENSMUSG00000097451","chr12","+",0.0092299228401497,-0.215,"0.681,1.0,0.304","0.728,1.0,0.901",109572647,109572777,109570252,109570500,109573847,109573930,NA,NA,NA,NA,NA,NA,NA,NA,NA,NA,NA,NA
"KO_vs_Parental","SE","Skipped Exon","Zfp444","ENSMUSG00000044876","chr7","+",0.00285001684971313,-0.104,"0.403,0.397,0.395","0.527,0.517,0.463",6176980,6177100,6175511,6175573,6186860,6186950,NA,NA,NA,NA,NA,NA,NA,NA,NA,NA,NA,NA
"KO_vs_Parental","SE","Skipped Exon","Tra2a","ENSMUSG00000029817","chr6","-",3.14166716580156e-05,-0.11,"0.111,0.13,0.163","0.166,0.265,0.304",49229736,49230042,49229315,49229449,49240771,49240945,NA,NA,NA,NA,NA,NA,NA,NA,NA,NA,NA,NA
"KO_vs_Parental","SE","Skipped Exon","Peg3","ENSMUSG00000002265","chr7","-",3.46648557811692e-11,-0.117,"0.109,0.089,0.09","0.151,0.252,0.235",6715948,6716011,6715671,6715774,6719052,6719156,NA,NA,NA,NA,NA,NA,NA,NA,NA,NA,NA,NA
"KO_vs_Parental","SE","Skipped Exon","Dmpk","ENSMUSG00000030409","chr7","+",0.0211376478141826,-0.132,"0.856,0.737,0.645","0.789,0.953,0.892",18820817,18820966,18820413,18820509,18821164,18821258,NA,NA,NA,NA,NA,NA,NA,NA,NA,NA,NA,NA
"KO_vs_Parental","SE","Skipped Exon","Dmpk","ENSMUSG00000030409","chr7","+",0.00137274481742618,-0.108,"0.863,0.844,0.879","0.942,1.0,0.969",18824853,18824965,18822835,18822921,18825605,18825769,NA,NA,NA,NA,NA,NA,NA,NA,NA,NA,NA,NA
"KO_vs_Parental","SE","Skipped Exon","1700086O06Rik","ENSMUSG00000097080","chr18","-",0.0187567110992075,-0.25,"1.0,0.583,0.667","1.0,1.0,1.0",38372625,38372804,38372109,38372238,38382766,38383233,NA,NA,NA,NA,NA,NA,NA,NA,NA,NA,NA,NA
"KO_vs_Parental","SE","Skipped Exon","1700086O06Rik","ENSMUSG00000097080","chr18","-",0.0310244379012248,0.557,"1.0,0.368,1.0","0.429,0.067,0.2",38372625,38372804,38372109,38372238,38383230,38383628,NA,NA,NA,NA,NA,NA,NA,NA,NA,NA,NA,NA
"KO_vs_Parental","SE","Skipped Exon","1700086O06Rik","ENSMUSG00000097080","chr18","-",0.0431624519997093,0.127,"1.0,1.0,1.0","1.0,0.934,0.684",38373891,38374006,38372625,38372804,38383105,38383256,NA,NA,NA,NA,NA,NA,NA,NA,NA,NA,NA,NA
"KO_vs_Parental","SE","Skipped Exon","Zfp551","ENSMUSG00000034071","chr7","-",1.35291983132802e-05,-0.299,"0.608,0.669,0.585","0.841,0.962,0.956",12152469,12152593,12149079,12151145,12155734,12155773,NA,NA,NA,NA,NA,NA,NA,NA,NA,NA,NA,NA
"KO_vs_Parental","SE","Skipped Exon","Ap3d1","ENSMUSG00000020198","chr10","-",0,-0.186,"0.114,0.129,0.118","0.281,0.298,0.339",80545922,80546126,80545600,80545790,80546253,80546301,NA,NA,NA,NA,NA,NA,NA,NA,NA,NA,NA,NA
"KO_vs_Parental","SE","Skipped Exon","Adgrl1","ENSMUSG00000013033","chr8","+",0.00951857003732209,-0.112,"0.43,0.461,0.365","0.506,0.507,0.578",84652890,84652905,84649627,84649737,84656092,84656893,NA,NA,NA,NA,NA,NA,NA,NA,NA,NA,NA,NA
"KO_vs_Parental","SE","Skipped Exon","Iffo1","ENSMUSG00000038271","chr6","+",4.14906097984441e-11,0.212,"0.467,0.42,0.424","0.229,0.203,0.242",125128757,125128766,125128347,125128488,125129576,125129734,NA,NA,NA,NA,NA,NA,NA,NA,NA,NA,NA,NA
"KO_vs_Parental","SE","Skipped Exon","Snapc3","ENSMUSG00000028483","chr4","+",0.00376989545370267,0.564,"0.616,0.286,1.0","0.0,0.0,0.211",83373251,83373288,83372190,83372385,83384201,83384364,NA,NA,NA,NA,NA,NA,NA,NA,NA,NA,NA,NA
"KO_vs_Parental","SE","Skipped Exon","Ergic1","ENSMUSG00000001576","chr17","+",0,-0.101,"0.065,0.057,0.083","0.181,0.171,0.156",26873800,26873927,26860555,26860678,26874040,26874324,NA,NA,NA,NA,NA,NA,NA,NA,NA,NA,NA,NA
"KO_vs_Parental","SE","Skipped Exon","Mark4","ENSMUSG00000030397","chr7","-",0.0183419723836915,-0.204,"0.282,0.357,0.13","0.38,0.471,0.531",19163030,19163110,19161998,19162043,19163250,19163529,NA,NA,NA,NA,NA,NA,NA,NA,NA,NA,NA,NA
"KO_vs_Parental","SE","Skipped Exon","Gemin7","ENSMUSG00000044709","chr7","-",0.000938806999361975,-0.472,"0.0,1.0,0.25","1.0,1.0,0.667",19305353,19305506,19299348,19299601,19306963,19307099,NA,NA,NA,NA,NA,NA,NA,NA,NA,NA,NA,NA
"KO_vs_Parental","SE","Skipped Exon","L1cam","ENSMUSG00000031391","chrX","-",0,-0.15,"0.766,0.702,0.723","0.864,0.885,0.893",72899257,72899269,72897560,72898872,72899364,72899437,NA,NA,NA,NA,NA,NA,NA,NA,NA,NA,NA,NA
"KO_vs_Parental","SE","Skipped Exon","Mecp2","ENSMUSG00000031393","chrX","-",0.00012765354962061,0.11,"0.798,0.825,0.806","0.747,0.668,0.684",73123514,73123638,73080587,73080938,73129115,73129218,NA,NA,NA,NA,NA,NA,NA,NA,NA,NA,NA,NA
"KO_vs_Parental","SE","Skipped Exon","Pou2f2","ENSMUSG00000008496","chr7","-",3.59704761214942e-10,-0.187,"0.698,0.699,0.767","0.952,0.867,0.907",24814895,24815174,24799562,24799668,24815462,24815645,NA,NA,NA,NA,NA,NA,NA,NA,NA,NA,NA,NA
"KO_vs_Parental","SE","Skipped Exon","Ckap5","ENSMUSG00000040549","chr2","+",0.00403930666762491,-0.11,"0.584,0.531,0.65","0.704,0.675,0.716",91429948,91429972,91429550,91429723,91430985,91431038,NA,NA,NA,NA,NA,NA,NA,NA,NA,NA,NA,NA
"KO_vs_Parental","SE","Skipped Exon","Pstk","ENSMUSG00000063179","chr7","+",0.00160005271918465,-0.185,"0.407,0.553,0.551","0.644,0.657,0.764",130975264,130975559,130972869,130973118,130975793,130975992,NA,NA,NA,NA,NA,NA,NA,NA,NA,NA,NA,NA
"KO_vs_Parental","SE","Skipped Exon","Ltbp4","ENSMUSG00000040488","chr7","-",0.0195804101116133,0.612,"1.0,1.0,0.52","0.0,0.0,0.684",27023718,27023844,27022566,27022695,27025102,27025228,NA,NA,NA,NA,NA,NA,NA,NA,NA,NA,NA,NA
"KO_vs_Parental","SE","Skipped Exon","Ryr1","ENSMUSG00000030592","chr7","-",0.0417691578307347,-0.234,"0.046,0.149,0.149","0.397,0.089,0.559",28816632,28816653,28815537,28815612,28816758,28816863,NA,NA,NA,NA,NA,NA,NA,NA,NA,NA,NA,NA
"KO_vs_Parental","SE","Skipped Exon","Zfp146","ENSMUSG00000037029","chr7","-",0.0212813891506949,-0.136,"0.767,0.692,0.667","0.763,0.863,0.909",29862751,29862798,29862148,29862653,29869083,29869116,NA,NA,NA,NA,NA,NA,NA,NA,NA,NA,NA,NA
"KO_vs_Parental","SE","Skipped Exon","Hmgxb4","ENSMUSG00000034518","chr8","+",7.58548211421952e-10,0.172,"0.746,0.738,0.787","0.603,0.583,0.568",75725462,75725566,75719983,75720377,75726187,75726336,NA,NA,NA,NA,NA,NA,NA,NA,NA,NA,NA,NA
"KO_vs_Parental","SE","Skipped Exon","Apol7a","ENSMUSG00000010601","chr15","-",0.00944064695510427,-0.196,"0.878,0.893,0.642","1.0,1.0,1.0",77280606,77280706,77280429,77280517,77282514,77282651,NA,NA,NA,NA,NA,NA,NA,NA,NA,NA,NA,NA
"KO_vs_Parental","SE","Skipped Exon","Proser3","ENSMUSG00000036864","chr7","-",0.0172316722394364,0.122,"0.922,0.931,1.0","0.782,0.807,0.898",30250182,30250259,30249031,30249128,30251632,30251692,NA,NA,NA,NA,NA,NA,NA,NA,NA,NA,NA,NA
"KO_vs_Parental","SE","Skipped Exon","Gm48249","ENSMUSG00000111447","chr10","-",0.00159472277983249,0.34,"0.28,0.312,0.592","0.165,0.0,0.0",20161515,20161640,20153950,20154164,20162320,20162393,NA,NA,NA,NA,NA,NA,NA,NA,NA,NA,NA,NA
"KO_vs_Parental","SE","Skipped Exon","Zfp788","ENSMUSG00000074165","chr7","+",0.011096291313112,0.142,"0.597,0.575,0.672","0.453,0.526,0.44",41284103,41284134,41282626,41283118,41292756,41292856,NA,NA,NA,NA,NA,NA,NA,NA,NA,NA,NA,NA
"KO_vs_Parental","SE","Skipped Exon","Zfp788","ENSMUSG00000074165","chr7","+",0.0100657365453219,0.203,"0.598,0.458,0.551","0.227,0.436,0.334",41284103,41284134,41282626,41283118,41296914,41296972,NA,NA,NA,NA,NA,NA,NA,NA,NA,NA,NA,NA
"KO_vs_Parental","SE","Skipped Exon","Zfp788","ENSMUSG00000074165","chr7","+",0.00427605665073973,0.158,"0.496,0.438,0.548","0.396,0.34,0.273",41284103,41284323,41282979,41283118,41292756,41292856,NA,NA,NA,NA,NA,NA,NA,NA,NA,NA,NA,NA
"KO_vs_Parental","SE","Skipped Exon","Zfp788","ENSMUSG00000074165","chr7","+",9.74104267190334e-06,0.224,"0.527,0.478,0.518","0.286,0.356,0.208",41284103,41284323,41282979,41283118,41296914,41297041,NA,NA,NA,NA,NA,NA,NA,NA,NA,NA,NA,NA
"KO_vs_Parental","SE","Skipped Exon","EU599041","ENSMUSG00000074887","chr7","+",1.16263081963168e-05,-0.155,"0.197,0.216,0.211","0.358,0.361,0.369",42870265,42870329,42863426,42863571,42872998,42873125,NA,NA,NA,NA,NA,NA,NA,NA,NA,NA,NA,NA
"KO_vs_Parental","SE","Skipped Exon","EU599041","ENSMUSG00000074887","chr7","+",2.34028389328307e-08,-0.178,"0.216,0.259,0.199","0.385,0.375,0.447",42870265,42870525,42863457,42863571,42872998,42873125,NA,NA,NA,NA,NA,NA,NA,NA,NA,NA,NA,NA
"KO_vs_Parental","SE","Skipped Exon","Ankrd24","ENSMUSG00000054708","chr10","+",7.6375212421447e-07,-0.663,"0.333,0.429,0.25","1.0,1.0,1.0",81464573,81464759,81464412,81464474,81465382,81465581,NA,NA,NA,NA,NA,NA,NA,NA,NA,NA,NA,NA
"KO_vs_Parental","SE","Skipped Exon","B3galt1","ENSMUSG00000034780","chr2","+",0.00198362342832655,-0.169,"0.449,0.51,0.405","0.546,0.629,0.697",67812086,67812134,67708171,67708236,67903792,67903917,NA,NA,NA,NA,NA,NA,NA,NA,NA,NA,NA,NA
"KO_vs_Parental","SE","Skipped Exon","Il4i1","ENSMUSG00000074141","chr7","+",3.86095988599808e-06,0.338,"1.0,1.0,1.0","0.521,0.776,0.689",44481539,44481605,44465819,44465907,44486054,44486290,NA,NA,NA,NA,NA,NA,NA,NA,NA,NA,NA,NA
"KO_vs_Parental","SE","Skipped Exon","Snx13","ENSMUSG00000020590","chr12","+",0.000105823249175284,0.249,"0.902,0.957,0.924","0.703,0.814,0.518",35128898,35129011,35097184,35097410,35135937,35136027,NA,NA,NA,NA,NA,NA,NA,NA,NA,NA,NA,NA
"KO_vs_Parental","SE","Skipped Exon","Snx13","ENSMUSG00000020590","chr12","+",6.46137790442252e-06,0.139,"0.935,0.979,0.95","0.828,0.865,0.755",35132867,35132970,35097184,35097410,35135937,35136027,NA,NA,NA,NA,NA,NA,NA,NA,NA,NA,NA,NA
"KO_vs_Parental","SE","Skipped Exon","Luc7l2","ENSMUSG00000029823","chr6","+",0.010912677374557,-0.108,"0.044,0.041,0.044","0.084,0.141,0.227",38542589,38542657,38531914,38531998,38547444,38547539,NA,NA,NA,NA,NA,NA,NA,NA,NA,NA,NA,NA
"KO_vs_Parental","SE","Skipped Exon","Exoc3l","ENSMUSG00000043251","chr8","-",0.018229699406052,-0.209,"0.467,0.733,1.0","1.0,0.826,1.0",106021891,106022067,106021596,106021816,106022537,106022733,NA,NA,NA,NA,NA,NA,NA,NA,NA,NA,NA,NA
"KO_vs_Parental","SE","Skipped Exon","Lrrc20","ENSMUSG00000037151","chr10","+",2.05600070302397e-11,0.153,"0.919,0.895,0.907","0.759,0.732,0.77",61318114,61318261,61311579,61311668,61362838,61362988,NA,NA,NA,NA,NA,NA,NA,NA,NA,NA,NA,NA
"KO_vs_Parental","SE","Skipped Exon","Ntn5","ENSMUSG00000070564","chr7","+",0.00134953337329775,-0.241,"0.647,1.0,0.63","1.0,1.0,1.0",45340470,45340659,45336000,45336249,45340835,45340985,NA,NA,NA,NA,NA,NA,NA,NA,NA,NA,NA,NA
"KO_vs_Parental","SE","Skipped Exon","Etfbkmt","ENSMUSG00000039958","chr6","+",0.0328258373168745,0.157,"0.896,1.0,1.0","1.0,0.729,0.697",149044103,149044213,149043013,149043202,149045531,149045784,NA,NA,NA,NA,NA,NA,NA,NA,NA,NA,NA,NA
"KO_vs_Parental","SE","Skipped Exon","Nap1l4","ENSMUSG00000059119","chr7","-",0.0250242971940086,0.114,"0.249,0.308,0.453","0.453,0.216,0.0",143095484,143095515,143089634,143089776,143102778,143102829,NA,NA,NA,NA,NA,NA,NA,NA,NA,NA,NA,NA
"KO_vs_Parental","SE","Skipped Exon","A230057D06Rik","ENSMUSG00000109394","chr7","-",0.00019746164869814,0.478,"1.0,1.0,1.0","1.0,0.232,0.335",61386646,61386744,61364393,61364492,61463009,61463119,NA,NA,NA,NA,NA,NA,NA,NA,NA,NA,NA,NA
"KO_vs_Parental","SE","Skipped Exon","Zc3h4","ENSMUSG00000059273","chr7","+",0.00136600166238989,-0.165,"0.34,0.297,0.356","0.455,0.481,0.553",16166698,16166947,16163455,16163835,16167945,16171620,NA,NA,NA,NA,NA,NA,NA,NA,NA,NA,NA,NA
"KO_vs_Parental","SE","Skipped Exon","Gnao1","ENSMUSG00000031748","chr8","+",5.6704193987833e-07,0.129,"0.484,0.437,0.506","0.347,0.34,0.352",94680602,94680756,94676929,94677059,94690011,94690165,NA,NA,NA,NA,NA,NA,NA,NA,NA,NA,NA,NA
"KO_vs_Parental","SE","Skipped Exon","Pde4dip","ENSMUSG00000038170","chr3","-",0.0167325797423916,-0.114,"0.902,0.953,0.804","1.0,1.0,1.0",97616797,97616950,97614187,97614373,97617536,97617760,NA,NA,NA,NA,NA,NA,NA,NA,NA,NA,NA,NA
"KO_vs_Parental","SE","Skipped Exon","Zfand6","ENSMUSG00000030629","chr7","-",0.00722563887399737,-0.218,"0.718,0.608,0.506","0.741,0.841,0.904",84302089,84302250,84291493,84291645,84338953,84339091,NA,NA,NA,NA,NA,NA,NA,NA,NA,NA,NA,NA
"KO_vs_Parental","SE","Skipped Exon","Zfr","ENSMUSG00000022201","chr15","+",0.00175116627904483,-0.139,"0.8,0.889,0.772","0.947,0.931,1.0",12136481,12136764,12117936,12118033,12140519,12140738,NA,NA,NA,NA,NA,NA,NA,NA,NA,NA,NA,NA
"KO_vs_Parental","SE","Skipped Exon","Rnf10","ENSMUSG00000041740","chr5","-",0.0385424445020675,-0.43,"0.333,0.4,0.176","1.0,1.0,0.2",115386973,115387229,115385227,115385345,115388028,115388189,NA,NA,NA,NA,NA,NA,NA,NA,NA,NA,NA,NA
"KO_vs_Parental","SE","Skipped Exon","Rnf10","ENSMUSG00000041740","chr5","-",0.00421612099022253,-0.642,"0.273,0.0,0.0","1.0,1.0,0.2",115386973,115387232,115385227,115385345,115388028,115388189,NA,NA,NA,NA,NA,NA,NA,NA,NA,NA,NA,NA
"KO_vs_Parental","SE","Skipped Exon","Ogfod2","ENSMUSG00000023707","chr5","+",0.0217612031213385,-0.132,"0.641,0.707,0.805","0.844,0.835,0.871",124252127,124252255,124251491,124251591,124252450,124252708,NA,NA,NA,NA,NA,NA,NA,NA,NA,NA,NA,NA
"KO_vs_Parental","SE","Skipped Exon","Anapc15","ENSMUSG00000030649","chr7","+",0.00534620699039138,0.118,"0.944,0.98,0.938","0.824,0.897,0.786",101546395,101546567,101546069,101546150,101546939,101547024,NA,NA,NA,NA,NA,NA,NA,NA,NA,NA,NA,NA
"KO_vs_Parental","SE","Skipped Exon","Xndc1","ENSMUSG00000099481","chr7","+",0.00154289404550561,-0.147,"0.129,0.063,0.076","0.234,0.254,0.222",101715666,101715836,101714799,101715149,101719103,101719210,NA,NA,NA,NA,NA,NA,NA,NA,NA,NA,NA,NA
"KO_vs_Parental","SE","Skipped Exon","Or51e2","ENSMUSG00000043366","chr7","-",4.03745505042945e-06,-0.364,"0.5,0.826,0.583","1.0,1.0,1.0",102401471,102402340,102395224,102395357,102408516,102408602,NA,NA,NA,NA,NA,NA,NA,NA,NA,NA,NA,NA
"KO_vs_Parental","SE","Skipped Exon","Snap91","ENSMUSG00000033419","chr9","-",0.027266897431278,0.457,"1.0,1.0,1.0","1.0,0.0,0.628",86674006,86674078,86665352,86665487,86675409,86675517,NA,NA,NA,NA,NA,NA,NA,NA,NA,NA,NA,NA
"KO_vs_Parental","SE","Skipped Exon","Tnrc18","ENSMUSG00000039477","chr5","-",0.00175684108485854,-0.117,"0.776,0.848,0.714","0.857,0.954,0.878",142750523,142750652,142748744,142748916,142750805,142750942,NA,NA,NA,NA,NA,NA,NA,NA,NA,NA,NA,NA
"KO_vs_Parental","SE","Skipped Exon","Spcs2","ENSMUSG00000035227","chr7","-",0.0102935288768289,0.255,"0.89,0.895,0.893","0.499,0.743,0.67",99498363,99498459,99498182,99498266,99505619,99505721,NA,NA,NA,NA,NA,NA,NA,NA,NA,NA,NA,NA
"KO_vs_Parental","SE","Skipped Exon","Zfp266","ENSMUSG00000060510","chr9","-",0.0314063007140627,0.217,"0.889,1.0,1.0","1.0,0.7,0.538",20419314,20419481,20417272,20417361,20432650,20432713,NA,NA,NA,NA,NA,NA,NA,NA,NA,NA,NA,NA
"KO_vs_Parental","SE","Skipped Exon","Adgre5","ENSMUSG00000002885","chr8","-",0.01493187545466,0.177,"0.515,0.447,0.559","0.392,0.26,0.339",84456739,84456886,84456010,84456154,84460042,84460195,NA,NA,NA,NA,NA,NA,NA,NA,NA,NA,NA,NA
"KO_vs_Parental","SE","Skipped Exon","Apbb1","ENSMUSG00000037032","chr7","-",0.00420325618263272,0.122,"0.121,0.244,0.0","0.0,0.0,0.0",105217825,105217838,105216784,105216960,105218446,105218504,NA,NA,NA,NA,NA,NA,NA,NA,NA,NA,NA,NA
"KO_vs_Parental","SE","Skipped Exon","Apbb1","ENSMUSG00000037032","chr7","-",0.000526213156799754,0.214,"0.165,0.339,0.302","0.073,0.09,0.0",105217825,105217865,105216784,105216960,105218446,105218480,NA,NA,NA,NA,NA,NA,NA,NA,NA,NA,NA,NA
"KO_vs_Parental","SE","Skipped Exon","Mroh1","ENSMUSG00000022558","chr15","+",0.000444449625480418,0.247,"1.0,1.0,1.0","1.0,0.522,0.736",76274230,76274327,76264712,76264776,76278002,76278148,NA,NA,NA,NA,NA,NA,NA,NA,NA,NA,NA,NA
"KO_vs_Parental","SE","Skipped Exon","Nek1","ENSMUSG00000031644","chr8","+",0.00881366760780868,-0.143,"0.439,0.483,0.38","0.593,0.501,0.636",61503061,61503193,61502817,61502981,61507553,61507656,NA,NA,NA,NA,NA,NA,NA,NA,NA,NA,NA,NA
"KO_vs_Parental","SE","Skipped Exon","Trit1","ENSMUSG00000028653","chr4","+",1.42512963300153e-07,-0.155,"0.739,0.759,0.672","0.873,0.861,0.902",122942944,122943057,122942561,122942673,122943269,122943347,NA,NA,NA,NA,NA,NA,NA,NA,NA,NA,NA,NA
"KO_vs_Parental","SE","Skipped Exon","Trit1","ENSMUSG00000028653","chr4","+",1.38113561868211e-07,-0.158,"0.692,0.672,0.736","0.846,0.887,0.842",122945858,122945968,122943269,122943347,122946276,122946394,NA,NA,NA,NA,NA,NA,NA,NA,NA,NA,NA,NA
"KO_vs_Parental","SE","Skipped Exon","Sbf2","ENSMUSG00000038371","chr7","-",0.00122360458967463,0.145,"0.634,0.622,0.681","0.498,0.487,0.517",109940496,109940571,109939096,109939281,109948061,109948202,NA,NA,NA,NA,NA,NA,NA,NA,NA,NA,NA,NA
"KO_vs_Parental","SE","Skipped Exon","Prr33","ENSMUSG00000043795","chr7","-",0.0153542957212696,0.105,"0.377,1.0,1.0","0.602,1.0,0.459",142050611,142050708,142046664,142046872,142060173,142060235,NA,NA,NA,NA,NA,NA,NA,NA,NA,NA,NA,NA
"KO_vs_Parental","SE","Skipped Exon","Plekha7","ENSMUSG00000045659","chr7","-",7.27669655851999e-05,-0.147,"0.058,0.04,0.03","0.167,0.266,0.136",115756090,115756210,115753867,115753921,115756716,115756803,NA,NA,NA,NA,NA,NA,NA,NA,NA,NA,NA,NA
"KO_vs_Parental","SE","Skipped Exon","Ccp110","ENSMUSG00000033904","chr7","+",0.00560587062648289,-0.166,"0.437,0.475,0.479","0.571,0.704,0.615",118332109,118332195,118331616,118331676,118334490,118336244,NA,NA,NA,NA,NA,NA,NA,NA,NA,NA,NA,NA
"KO_vs_Parental","SE","Skipped Exon","Ints13","ENSMUSG00000040250","chr6","-",1.87053318855516e-05,-0.143,"0.232,0.243,0.227","0.306,0.405,0.42",146451584,146451662,146451129,146451483,146452136,146452272,NA,NA,NA,NA,NA,NA,NA,NA,NA,NA,NA,NA
"KO_vs_Parental","SE","Skipped Exon","Ankrd45","ENSMUSG00000044835","chr1","+",2.15327157086544e-05,-0.166,"0.879,0.836,0.719","1.0,0.931,1.0",160978534,160978887,160970281,160970410,160982815,160982983,NA,NA,NA,NA,NA,NA,NA,NA,NA,NA,NA,NA
"KO_vs_Parental","SE","Skipped Exon","Clk4","ENSMUSG00000020385","chr11","+",0.000373836872285787,-0.119,"0.641,0.6,0.541","0.738,0.709,0.693",51163904,51163995,51162626,51162849,51164386,51164453,NA,NA,NA,NA,NA,NA,NA,NA,NA,NA,NA,NA
"KO_vs_Parental","SE","Skipped Exon","Setd6","ENSMUSG00000031671","chr8","+",0.0176442491500492,-0.28,"0.192,0.163,0.228","0.473,0.406,0.544",96442980,96443122,96442542,96442591,96444820,96444963,NA,NA,NA,NA,NA,NA,NA,NA,NA,NA,NA,NA
"KO_vs_Parental","SE","Skipped Exon","Prss36","ENSMUSG00000070371","chr7","-",0.0156831149169898,-0.159,"0.273,0.128,0.039","0.254,0.368,0.296",127533310,127533452,127532542,127532664,127533561,127533799,NA,NA,NA,NA,NA,NA,NA,NA,NA,NA,NA,NA
"KO_vs_Parental","SE","Skipped Exon","Prss36","ENSMUSG00000070371","chr7","-",0.00306571430715147,-0.262,"0.093,0.146,0.0","0.204,0.631,0.189",127533310,127533452,127532542,127532664,127533681,127533799,NA,NA,NA,NA,NA,NA,NA,NA,NA,NA,NA,NA
"KO_vs_Parental","SE","Skipped Exon","Slc25a53","ENSMUSG00000044348","chrX","-",0.00015271040769695,-0.173,"0.771,0.759,0.929","0.977,1.0,1.0",135928738,135928903,135916005,135917088,135938914,135939021,NA,NA,NA,NA,NA,NA,NA,NA,NA,NA,NA,NA
"KO_vs_Parental","SE","Skipped Exon","Slc25a53","ENSMUSG00000044348","chrX","-",0.00024039842614359,-0.263,"0.704,0.6,0.826","0.92,1.0,1.0",135933099,135933249,135916997,135917088,135938914,135939021,NA,NA,NA,NA,NA,NA,NA,NA,NA,NA,NA,NA
"KO_vs_Parental","SE","Skipped Exon","Fam53b","ENSMUSG00000030956","chr7","-",0.000303031279661559,0.121,"1.0,1.0,0.952","0.908,0.862,0.82",132373306,132373358,132360996,132361896,132380864,132381114,NA,NA,NA,NA,NA,NA,NA,NA,NA,NA,NA,NA
"KO_vs_Parental","SE","Skipped Exon","Tbc1d14","ENSMUSG00000029192","chr5","-",0.000426652540972919,0.102,"0.934,0.979,1.0","0.868,0.905,0.835",36700520,36700641,36682273,36682392,36728639,36729381,NA,NA,NA,NA,NA,NA,NA,NA,NA,NA,NA,NA
"KO_vs_Parental","SE","Skipped Exon","Ppp2r2d","ENSMUSG00000041769","chr7","+",0.00256697226218038,-0.231,"0.9,0.556,0.63","0.778,1.0,1.0",138450187,138450394,138448588,138448812,138470138,138470236,NA,NA,NA,NA,NA,NA,NA,NA,NA,NA,NA,NA
"KO_vs_Parental","SE","Skipped Exon","Hmga1","ENSMUSG00000046711","chr17","+",0.000104976807562935,0.109,"0.318,0.319,0.353","0.182,0.202,0.28",27775925,27776040,27775641,27775723,27778506,27778644,NA,NA,NA,NA,NA,NA,NA,NA,NA,NA,NA,NA
"KO_vs_Parental","SE","Skipped Exon","Psap","ENSMUSG00000004207","chr10","+",0,-0.169,"0.581,0.596,0.586","0.764,0.748,0.757",60133316,60133325,60131725,60131782,60134876,60135008,NA,NA,NA,NA,NA,NA,NA,NA,NA,NA,NA,NA
"KO_vs_Parental","SE","Skipped Exon","Ccl25","ENSMUSG00000023235","chr8","+",0.0363240547917971,-0.107,"0.692,0.917,0.916","0.983,0.922,0.941",4399605,4399655,4377756,4377893,4399771,4399894,NA,NA,NA,NA,NA,NA,NA,NA,NA,NA,NA,NA
"KO_vs_Parental","SE","Skipped Exon","Ccl25","ENSMUSG00000023235","chr8","+",0.0249826281763555,-0.103,"0.71,0.639,0.708","0.847,0.746,0.772",4399771,4399894,4375232,4375288,4403882,4404000,NA,NA,NA,NA,NA,NA,NA,NA,NA,NA,NA,NA
"KO_vs_Parental","SE","Skipped Exon","Ccl25","ENSMUSG00000023235","chr8","+",3.16010563739814e-08,-0.14,"0.845,0.737,0.871","0.963,0.938,0.973",4399771,4399894,4377756,4377893,4403882,4404000,NA,NA,NA,NA,NA,NA,NA,NA,NA,NA,NA,NA
"KO_vs_Parental","SE","Skipped Exon","Zc3h11a","ENSMUSG00000102976","chr1","-",0.0473725632120142,-0.361,"0.571,0.846,0.5","1.0,1.0,1.0",133581710,133582176,133573518,133573584,133588974,133589034,NA,NA,NA,NA,NA,NA,NA,NA,NA,NA,NA,NA
"KO_vs_Parental","SE","Skipped Exon","Zc3h11a","ENSMUSG00000102976","chr1","-",0.000970394219132391,-0.128,"0.933,0.954,0.729","1.0,1.0,1.0",133583082,133583136,133582057,133582176,133588993,133589098,NA,NA,NA,NA,NA,NA,NA,NA,NA,NA,NA,NA
"KO_vs_Parental","SE","Skipped Exon","Prrc2b","ENSMUSG00000039262","chr2","+",1.70713540129511e-09,-0.109,"0.749,0.788,0.796","0.852,0.906,0.901",32119274,32119356,32116956,32117048,32120622,32121174,NA,NA,NA,NA,NA,NA,NA,NA,NA,NA,NA,NA
"KO_vs_Parental","SE","Skipped Exon","Sigirr","ENSMUSG00000025494","chr7","-",0.0265638574121605,0.189,"0.313,0.255,0.0","0.0,0.0,0.0",140675967,140676036,140674694,140674858,140676532,140676652,NA,NA,NA,NA,NA,NA,NA,NA,NA,NA,NA,NA
"KO_vs_Parental","SE","Skipped Exon","Lrrc56","ENSMUSG00000038637","chr7","+",0.00698488614156565,0.13,"0.863,1.0,1.0","0.705,1.0,0.767",140778186,140778274,140776846,140777082,140779691,140779748,NA,NA,NA,NA,NA,NA,NA,NA,NA,NA,NA,NA
"KO_vs_Parental","SE","Skipped Exon","Cars","ENSMUSG00000010755","chr7","-",6.98397102381352e-05,0.589,"1.0,1.0,1.0","0.338,0.093,0.803",143146920,143147063,143146160,143146397,143150278,143150489,NA,NA,NA,NA,NA,NA,NA,NA,NA,NA,NA,NA
"KO_vs_Parental","SE","Skipped Exon","Ppfia1","ENSMUSG00000037519","chr7","-",0.000102816352853368,-0.354,"0.828,0.748,0.246","1.0,0.884,1.0",144042427,144042454,144038769,144038948,144042933,144042996,NA,NA,NA,NA,NA,NA,NA,NA,NA,NA,NA,NA
"KO_vs_Parental","SE","Skipped Exon","Ppfia1","ENSMUSG00000037519","chr7","-",0.000196634476677858,-0.242,"0.0,0.0,0.0","0.337,0.0,0.388",144042427,144042454,144038769,144038948,144045188,144045389,NA,NA,NA,NA,NA,NA,NA,NA,NA,NA,NA,NA
"KO_vs_Parental","SE","Skipped Exon","Tpcn2","ENSMUSG00000048677","chr7","-",0.000978723031564292,-0.143,"0.973,0.804,0.738","1.0,0.944,1.0",144830845,144831468,144827614,144827705,144832473,144832651,NA,NA,NA,NA,NA,NA,NA,NA,NA,NA,NA,NA
"KO_vs_Parental","SE","Skipped Exon","Insr","ENSMUSG00000005534","chr8","-",0.0304733487941046,-0.227,"0.829,0.491,1.0","1.0,1.0,1.0",3231701,3231737,3224794,3224888,3239124,3239292,NA,NA,NA,NA,NA,NA,NA,NA,NA,NA,NA,NA
"KO_vs_Parental","SE","Skipped Exon","Pnpla6","ENSMUSG00000004565","chr8","+",0.00165261242005834,-0.117,"0.697,0.771,0.722","0.779,0.878,0.885",3566506,3566568,3565392,3565556,3566680,3566749,NA,NA,NA,NA,NA,NA,NA,NA,NA,NA,NA,NA
"KO_vs_Parental","SE","Skipped Exon","Pnpla6","ENSMUSG00000004565","chr8","+",0.000205647777311529,-0.134,"0.686,0.752,0.692","0.797,0.865,0.871",3566509,3566568,3565383,3565556,3566680,3566749,NA,NA,NA,NA,NA,NA,NA,NA,NA,NA,NA,NA
"KO_vs_Parental","SE","Skipped Exon","Unc13a","ENSMUSG00000034799","chr8","-",5.14325206225925e-07,0.148,"0.597,0.59,0.616","0.454,0.448,0.456",72119284,72119314,72118622,72118722,72124269,72124380,NA,NA,NA,NA,NA,NA,NA,NA,NA,NA,NA,NA
"KO_vs_Parental","SE","Skipped Exon","Ccdc33","ENSMUSG00000037716","chr9","-",0.000622269944176929,0.179,"1.0,1.0,1.0","0.852,0.889,0.721",57940838,57940998,57937616,57937703,57965523,57965679,NA,NA,NA,NA,NA,NA,NA,NA,NA,NA,NA,NA
"KO_vs_Parental","SE","Skipped Exon","Mink1","ENSMUSG00000020827","chr11","+",1.48376640068475e-08,-0.15,"0.817,0.743,0.692","0.841,0.933,0.928",70499414,70499525,70499166,70499252,70499665,70499784,NA,NA,NA,NA,NA,NA,NA,NA,NA,NA,NA,NA
"KO_vs_Parental","SE","Skipped Exon","Dcun1d2","ENSMUSG00000038506","chr8","-",0.0276744438939476,0.165,"0.684,0.554,0.623","0.47,0.393,0.502",13308946,13309043,13305963,13307976,13321589,13321720,NA,NA,NA,NA,NA,NA,NA,NA,NA,NA,NA,NA
"KO_vs_Parental","SE","Skipped Exon","Dcun1d2","ENSMUSG00000038506","chr8","-",0.005199998673276,0.199,"0.824,0.691,0.7","0.558,0.437,0.623",13311384,13311467,13305962,13307976,13321589,13321720,NA,NA,NA,NA,NA,NA,NA,NA,NA,NA,NA,NA
"KO_vs_Parental","SE","Skipped Exon","Cfap97d2","ENSMUSG00000090336","chr8","+",0.0490604248341451,-0.122,"0.504,0.503,0.471","0.598,0.607,0.64",13788327,13788488,13785902,13786021,13792653,13793414,NA,NA,NA,NA,NA,NA,NA,NA,NA,NA,NA,NA
"KO_vs_Parental","SE","Skipped Exon","Slc29a3","ENSMUSG00000020100","chr10","-",0.00130407424473845,0.184,"1.0,1.0,1.0","0.649,0.847,0.953",60566348,60566454,60559542,60559769,60586164,60586463,NA,NA,NA,NA,NA,NA,NA,NA,NA,NA,NA,NA
"KO_vs_Parental","SE","Skipped Exon","Bptf","ENSMUSG00000040481","chr11","-",1.0446397687088e-06,-0.142,"0.735,0.702,0.798","0.872,0.891,0.898",106977537,106977723,106973338,106973526,106986541,106986751,NA,NA,NA,NA,NA,NA,NA,NA,NA,NA,NA,NA
"KO_vs_Parental","SE","Skipped Exon","Bptf","ENSMUSG00000040481","chr11","-",3.74522927485875e-08,-0.116,"0.78,0.786,0.845","0.908,0.916,0.936",106985827,106986016,106973338,106973526,106986541,106986751,NA,NA,NA,NA,NA,NA,NA,NA,NA,NA,NA,NA
"KO_vs_Parental","SE","Skipped Exon","Rhobtb1","ENSMUSG00000019944","chr10","+",2.91192174539669e-09,0.108,"0.097,0.064,0.183","0.0,0.019,0.0",69097016,69097075,69085454,69085558,69102016,69102202,NA,NA,NA,NA,NA,NA,NA,NA,NA,NA,NA,NA
"KO_vs_Parental","SE","Skipped Exon","Hdac4","ENSMUSG00000026313","chr1","-",0.000309516041610852,-0.102,"0.827,1.0,0.868","1.0,1.0,1.0",91875139,91875258,91862323,91862408,91883011,91883109,NA,NA,NA,NA,NA,NA,NA,NA,NA,NA,NA,NA
"KO_vs_Parental","SE","Skipped Exon","Zfp644","ENSMUSG00000049606","chr5","-",0.0296873759290446,0.244,"1.0,1.0,1.0","1.0,0.713,0.554",106814650,106814711,106767405,106767508,106843663,106843841,NA,NA,NA,NA,NA,NA,NA,NA,NA,NA,NA,NA
"KO_vs_Parental","SE","Skipped Exon","Zfp644","ENSMUSG00000049606","chr5","-",0.0080482765008342,0.108,"0.945,0.96,0.959","0.832,0.918,0.791",106814650,106814711,106783475,106786501,106843508,106843565,NA,NA,NA,NA,NA,NA,NA,NA,NA,NA,NA,NA
"KO_vs_Parental","SE","Skipped Exon","Zfp644","ENSMUSG00000049606","chr5","-",0.0226291112812978,0.512,"1.0,0.535,0.126","0.0,0.126,0.0",106829769,106829879,106814650,106814711,106843002,106843565,NA,NA,NA,NA,NA,NA,NA,NA,NA,NA,NA,NA
"KO_vs_Parental","SE","Skipped Exon","Golm2","ENSMUSG00000060227","chr2","+",5.51252806844595e-11,-0.181,"0.642,0.69,0.567","0.82,0.798,0.824",121756041,121756209,121742351,121742522,121763958,121764178,NA,NA,NA,NA,NA,NA,NA,NA,NA,NA,NA,NA
"KO_vs_Parental","SE","Skipped Exon","Zdhhc2","ENSMUSG00000039470","chr8","+",0.00473662571964693,0.345,"1.0,0.356,1.0","1.0,0.073,0.249",40907538,40907659,40876855,40877210,40915128,40915249,NA,NA,NA,NA,NA,NA,NA,NA,NA,NA,NA,NA
"KO_vs_Parental","SE","Skipped Exon","Pcm1","ENSMUSG00000031592","chr8","+",0.000612297939866753,0.1,"0.675,0.698,0.686","0.597,0.605,0.558",41714396,41714513,41714047,41714218,41720223,41720401,NA,NA,NA,NA,NA,NA,NA,NA,NA,NA,NA,NA
"KO_vs_Parental","SE","Skipped Exon","Cenpu","ENSMUSG00000031629","chr8","+",0.0117638800060584,-0.11,"0.781,0.742,0.828","0.922,0.847,0.912",47015452,47015680,47012903,47013006,47021644,47021714,NA,NA,NA,NA,NA,NA,NA,NA,NA,NA,NA,NA
"KO_vs_Parental","SE","Skipped Exon","Cenpu","ENSMUSG00000031629","chr8","+",0.0231064337105157,-0.128,"0.537,0.582,0.551","0.613,0.782,0.659",47023005,47023114,47021644,47021714,47025786,47025865,NA,NA,NA,NA,NA,NA,NA,NA,NA,NA,NA,NA
"KO_vs_Parental","SE","Skipped Exon","Agap1","ENSMUSG00000055013","chr1","+",1.35832390990953e-05,-0.128,"0.103,0.123,0.143","0.264,0.213,0.277",89538005,89538017,89537217,89537305,89555482,89555568,NA,NA,NA,NA,NA,NA,NA,NA,NA,NA,NA,NA
"KO_vs_Parental","SE","Skipped Exon","Hand2os1","ENSMUSG00000100510","chr8","-",0.0230319187109642,0.154,"0.851,0.724,0.737","0.593,0.674,0.582",57758289,57758484,57757295,57757467,57760113,57760210,NA,NA,NA,NA,NA,NA,NA,NA,NA,NA,NA,NA
"KO_vs_Parental","SE","Skipped Exon","Hand2os1","ENSMUSG00000100510","chr8","-",6.39943484573697e-05,-0.132,"0.387,0.421,0.372","0.492,0.505,0.58",57767549,57767646,57759906,57760210,57773218,57773323,NA,NA,NA,NA,NA,NA,NA,NA,NA,NA,NA,NA
"KO_vs_Parental","SE","Skipped Exon","Hdnr","ENSMUSG00000097910","chr8","+",0.000982497215812774,0.147,"1.0,1.0,1.0","0.807,1.0,0.751",57791917,57791982,57785804,57786666,57792867,57793212,NA,NA,NA,NA,NA,NA,NA,NA,NA,NA,NA,NA
"KO_vs_Parental","SE","Skipped Exon","Cdk2","ENSMUSG00000025358","chr10","-",0.000789984149410358,-0.143,"0.501,0.396,0.384","0.546,0.576,0.587",128535844,128535988,128535340,128535544,128537211,128537313,NA,NA,NA,NA,NA,NA,NA,NA,NA,NA,NA,NA
"KO_vs_Parental","SE","Skipped Exon","Agbl5","ENSMUSG00000029165","chr5","+",5.83414555403893e-10,-0.182,"0.188,0.12,0.122","0.333,0.271,0.371",31048217,31048304,31046284,31048114,31048403,31048567,NA,NA,NA,NA,NA,NA,NA,NA,NA,NA,NA,NA
"KO_vs_Parental","SE","Skipped Exon","Pbx4","ENSMUSG00000031860","chr8","+",0.0139213459735924,-0.181,"0.127,0.262,0.04","0.316,0.4,0.255",70316961,70317200,70311729,70311803,70317473,70317664,NA,NA,NA,NA,NA,NA,NA,NA,NA,NA,NA,NA
"KO_vs_Parental","SE","Skipped Exon","Gatad2a","ENSMUSG00000036180","chr8","-",3.3002116882201e-08,0.139,"0.762,0.783,0.823","0.667,0.654,0.631",70364813,70364888,70364326,70364519,70365572,70365874,NA,NA,NA,NA,NA,NA,NA,NA,NA,NA,NA,NA
"KO_vs_Parental","SE","Skipped Exon","Ank3","ENSMUSG00000069601","chr10","+",0.00320802029789536,-0.129,"0.179,0.295,0.175","0.299,0.4,0.336",69816653,69816680,69816101,69816224,69817945,69818027,NA,NA,NA,NA,NA,NA,NA,NA,NA,NA,NA,NA
"KO_vs_Parental","SE","Skipped Exon","Cope","ENSMUSG00000055681","chr8","+",0.00337958125874857,0.45,"1.0,0.6,1.0","0.25,0.0,1.0",70759148,70759301,70755167,70755582,70762985,70763141,NA,NA,NA,NA,NA,NA,NA,NA,NA,NA,NA,NA
"KO_vs_Parental","SE","Skipped Exon","Lsm4","ENSMUSG00000031848","chr8","+",0.0225396296835753,-0.14,"0.826,0.829,0.755","1.0,0.829,1.0",71130427,71130508,71126028,71126107,71130603,71130766,NA,NA,NA,NA,NA,NA,NA,NA,NA,NA,NA,NA
"KO_vs_Parental","SE","Skipped Exon","Il12rb1","ENSMUSG00000000791","chr8","+",0.00131712749245005,-0.259,"0.377,0.708,0.784","1.0,1.0,0.645",71271968,71272065,71269855,71269990,71272325,71272407,NA,NA,NA,NA,NA,NA,NA,NA,NA,NA,NA,NA
"KO_vs_Parental","SE","Skipped Exon","Tecr","ENSMUSG00000031708","chr8","-",9.31275381975824e-07,-0.111,"0.611,0.607,0.591","0.709,0.711,0.723",84300039,84300084,84299469,84299952,84300499,84300551,NA,NA,NA,NA,NA,NA,NA,NA,NA,NA,NA,NA
"KO_vs_Parental","SE","Skipped Exon","Slc27a1","ENSMUSG00000031808","chr8","+",0.00455700990528747,-0.398,"0.212,0.304,0.2","0.569,0.803,0.538",72021985,72022092,72021570,72021667,72023364,72023532,NA,NA,NA,NA,NA,NA,NA,NA,NA,NA,NA,NA
"KO_vs_Parental","SE","Skipped Exon","Jak3","ENSMUSG00000031805","chr8","+",0.0359976827296529,-0.228,"0.581,0.634,0.617","0.918,0.955,0.642",72135543,72135628,72134925,72135057,72135975,72136103,NA,NA,NA,NA,NA,NA,NA,NA,NA,NA,NA,NA
"KO_vs_Parental","SE","Skipped Exon","Cyld","ENSMUSG00000036712","chr8","+",0.0121575062353665,-0.104,"0.696,0.76,0.76","0.858,0.838,0.833",89456086,89456466,89449726,89449840,89458302,89458444,NA,NA,NA,NA,NA,NA,NA,NA,NA,NA,NA,NA
"KO_vs_Parental","SE","Skipped Exon","Bean1","ENSMUSG00000031872","chr8","+",0.0292810692365759,0.125,"1.0,0.887,0.967","0.821,0.724,0.935",104940547,104940658,104937549,104937801,104941645,104941796,NA,NA,NA,NA,NA,NA,NA,NA,NA,NA,NA,NA
"KO_vs_Parental","SE","Skipped Exon","Tmem208","ENSMUSG00000014856","chr8","+",0.00273479607843487,-0.115,"0.83,0.96,0.865","1.0,1.0,1.0",106055403,106055534,106054953,106055090,106061274,106061433,NA,NA,NA,NA,NA,NA,NA,NA,NA,NA,NA,NA
"KO_vs_Parental","SE","Skipped Exon","Slc9a5","ENSMUSG00000014786","chr8","+",0.000572283661513685,-0.1,"0.778,0.728,0.74","0.815,0.847,0.883",106084212,106084283,106084025,106084115,106085005,106085135,NA,NA,NA,NA,NA,NA,NA,NA,NA,NA,NA,NA
"KO_vs_Parental","SE","Skipped Exon","Asphd2","ENSMUSG00000029348","chr5","-",0.00275115605695023,-0.133,"0.389,0.331,0.311","0.456,0.451,0.523",112541325,112541449,112539676,112540121,112542583,112542732,NA,NA,NA,NA,NA,NA,NA,NA,NA,NA,NA,NA
"KO_vs_Parental","SE","Skipped Exon","Nfat5","ENSMUSG00000003847","chr8","+",0.0388291555309327,0.118,"0.584,0.552,0.653","0.425,0.559,0.451",108064926,108064988,108051270,108051396,108065440,108065999,NA,NA,NA,NA,NA,NA,NA,NA,NA,NA,NA,NA
"KO_vs_Parental","SE","Skipped Exon","Dhodh","ENSMUSG00000031730","chr8","-",0.0137419018815804,0.14,"0.375,0.104,0.0","0.0,0.06,0.0",110328782,110328846,110328276,110328370,110329934,110330134,NA,NA,NA,NA,NA,NA,NA,NA,NA,NA,NA,NA
"KO_vs_Parental","SE","Skipped Exon","Efcab5","ENSMUSG00000050944","chr11","-",7.19223687118008e-05,0.508,"1.0,1.0,0.789","0.6,0.333,0.333",77063130,77063287,77042643,77042799,77079541,77079794,NA,NA,NA,NA,NA,NA,NA,NA,NA,NA,NA,NA
"KO_vs_Parental","SE","Skipped Exon","0610010K14Rik","ENSMUSG00000020831","chr11","-",1.12053770842233e-10,-0.11,"0.71,0.742,0.712","0.832,0.836,0.827",70127702,70127804,70126849,70127037,70128356,70128451,NA,NA,NA,NA,NA,NA,NA,NA,NA,NA,NA,NA
"KO_vs_Parental","SE","Skipped Exon","0610010K14Rik","ENSMUSG00000020831","chr11","-",3.06102830770282e-11,-0.159,"0.5,0.555,0.514","0.682,0.689,0.675",70127713,70127804,70126849,70127037,70128356,70128451,NA,NA,NA,NA,NA,NA,NA,NA,NA,NA,NA,NA
"KO_vs_Parental","SE","Skipped Exon","6430548M08Rik","ENSMUSG00000031824","chr8","+",0.0274146668240237,-0.121,"0.271,0.289,0.357","0.422,0.443,0.415",120884206,120884236,120883035,120883113,120886697,120886778,NA,NA,NA,NA,NA,NA,NA,NA,NA,NA,NA,NA
"KO_vs_Parental","SE","Skipped Exon","Emc8","ENSMUSG00000031819","chr8","-",0.000611253903994443,-0.271,"0.375,0.818,0.926","1.0,0.931,1.0",121387232,121387409,121386712,121386756,121387522,121387599,NA,NA,NA,NA,NA,NA,NA,NA,NA,NA,NA,NA
"KO_vs_Parental","SE","Skipped Exon","Gm42047","ENSMUSG00000110631","chr8","+",0.0225843184017052,0.356,"1.0,1.0,1.0","0.333,1.0,0.6",122562991,122564103,122560391,122561594,122565389,122567917,NA,NA,NA,NA,NA,NA,NA,NA,NA,NA,NA,NA
"KO_vs_Parental","SE","Skipped Exon","Afg3l1","ENSMUSG00000031967","chr8","+",0.0151916206800801,-0.152,"0.294,0.25,1.0","1.0,1.0,0.0",124207809,124207884,124204641,124204786,124212627,124212777,NA,NA,NA,NA,NA,NA,NA,NA,NA,NA,NA,NA
"KO_vs_Parental","SE","Skipped Exon","Gsdmd","ENSMUSG00000022575","chr15","+",0.00490735363210522,0.156,"0.864,0.946,0.876","0.767,0.609,0.842",75736203,75736285,75735253,75735477,75736797,75736966,NA,NA,NA,NA,NA,NA,NA,NA,NA,NA,NA,NA
"KO_vs_Parental","SE","Skipped Exon","Sema4c","ENSMUSG00000026121","chr1","-",0.0214631312863043,-0.351,"0.2,0.733,0.571","0.556,1.0,1.0",36595883,36596166,36595012,36595161,36596440,36596607,NA,NA,NA,NA,NA,NA,NA,NA,NA,NA,NA,NA
"KO_vs_Parental","SE","Skipped Exon","Gm32856","ENSMUSG00000110605","chr8","+",0.0266870230715062,0.247,"0.744,0.757,0.714","0.562,0.511,0.4",129993965,129994180,129990060,129990205,129994874,129998349,NA,NA,NA,NA,NA,NA,NA,NA,NA,NA,NA,NA
"KO_vs_Parental","SE","Skipped Exon","Ccdc82","ENSMUSG00000079084","chr9","+",1.70548535294308e-09,0.157,"0.316,0.329,0.34","0.138,0.183,0.192",13248883,13248967,13246576,13246676,13251695,13252423,NA,NA,NA,NA,NA,NA,NA,NA,NA,NA,NA,NA
"KO_vs_Parental","SE","Skipped Exon","Ccdc82","ENSMUSG00000079084","chr9","+",1.31701728535398e-09,0.164,"0.911,0.877,0.853","0.709,0.677,0.763",13251695,13252423,13246535,13246676,13252850,13253055,NA,NA,NA,NA,NA,NA,NA,NA,NA,NA,NA,NA
"KO_vs_Parental","SE","Skipped Exon","Actr5","ENSMUSG00000037761","chr2","+",0.0371927486019982,-0.649,"0.0,0.0,0.184","0.131,1.0,1.0",158476764,158476835,158476466,158476667,158477226,158477346,NA,NA,NA,NA,NA,NA,NA,NA,NA,NA,NA,NA
"KO_vs_Parental","SE","Skipped Exon","Tnip1","ENSMUSG00000020400","chr11","-",1.59797106774809e-08,-0.169,"0.661,0.633,0.599","0.815,0.748,0.838",54831536,54831708,54830423,54830561,54853658,54853738,NA,NA,NA,NA,NA,NA,NA,NA,NA,NA,NA,NA
"KO_vs_Parental","SE","Skipped Exon","Tnip1","ENSMUSG00000020400","chr11","-",1.15344158661638e-05,-0.318,"0.222,0.193,0.242","0.509,0.706,0.396",54846846,54847004,54831536,54831708,54853658,54853743,NA,NA,NA,NA,NA,NA,NA,NA,NA,NA,NA,NA
"KO_vs_Parental","SE","Skipped Exon","Mrpl4","ENSMUSG00000003299","chr9","+",5.77647664148539e-05,-0.443,"0.217,0.455,1.0","1.0,1.0,1.0",20918623,20918836,20918122,20918152,20919118,20919173,NA,NA,NA,NA,NA,NA,NA,NA,NA,NA,NA,NA
"KO_vs_Parental","SE","Skipped Exon","Mrpl4","ENSMUSG00000003299","chr9","+",0.000279289863937164,-0.198,"0.618,0.787,1.0","1.0,1.0,1.0",20918729,20918836,20918122,20918152,20919118,20919195,NA,NA,NA,NA,NA,NA,NA,NA,NA,NA,NA,NA
"KO_vs_Parental","SE","Skipped Exon","Carm1","ENSMUSG00000032185","chr9","+",0.0218746309370135,-0.613,"0.0,0.0,0.16","0.0,1.0,1.0",21490694,21490805,21480750,21480876,21494334,21494425,NA,NA,NA,NA,NA,NA,NA,NA,NA,NA,NA,NA
"KO_vs_Parental","SE","Skipped Exon","Yipf2","ENSMUSG00000032182","chr9","-",0.0417538594540229,0.14,"0.698,1.0,1.0","0.713,0.565,1.0",21503823,21503884,21503356,21503514,21504032,21504068,NA,NA,NA,NA,NA,NA,NA,NA,NA,NA,NA,NA
"KO_vs_Parental","SE","Skipped Exon","Zfp207","ENSMUSG00000017421","chr11","+",5.56687500957937e-09,-0.163,"0.478,0.462,0.474","0.641,0.625,0.636",80283909,80284002,80282660,80282818,80285111,80285357,NA,NA,NA,NA,NA,NA,NA,NA,NA,NA,NA,NA
"KO_vs_Parental","SE","Skipped Exon","Mtg2","ENSMUSG00000039069","chr2","+",0.0142477317120257,0.119,"0.658,0.551,0.566","0.506,0.464,0.447",179714932,179715026,179713586,179713679,179720411,179720616,NA,NA,NA,NA,NA,NA,NA,NA,NA,NA,NA,NA
"KO_vs_Parental","SE","Skipped Exon","Zfp62","ENSMUSG00000046311","chr11","+",4.02231637073725e-05,0.419,"1.0,1.0,1.0","1.0,0.3,0.444",49094822,49094995,49094311,49094365,49095277,49095302,NA,NA,NA,NA,NA,NA,NA,NA,NA,NA,NA,NA
"KO_vs_Parental","SE","Skipped Exon","Zfp62","ENSMUSG00000046311","chr11","+",2.90231606863926e-13,0.114,"0.202,0.199,0.208","0.095,0.068,0.105",49105049,49105481,49104418,49104469,49105890,49106150,NA,NA,NA,NA,NA,NA,NA,NA,NA,NA,NA,NA
"KO_vs_Parental","SE","Skipped Exon","Sidt2","ENSMUSG00000034908","chr9","-",0.00412857928876318,0.115,"0.21,0.203,0.065","0.101,0.032,0.0",45858926,45858995,45858281,45858353,45859133,45859186,NA,NA,NA,NA,NA,NA,NA,NA,NA,NA,NA,NA
"KO_vs_Parental","SE","Skipped Exon","Nxpe4","ENSMUSG00000044229","chr9","+",0.0092359554342381,0.138,"0.906,1.0,1.0","0.794,0.782,0.915",48144510,48144582,48073320,48073557,48272726,48272814,NA,NA,NA,NA,NA,NA,NA,NA,NA,NA,NA,NA
"KO_vs_Parental","SE","Skipped Exon","Nxpe4","ENSMUSG00000044229","chr9","+",0.00283321170383981,0.211,"0.907,1.0,1.0","0.652,0.761,0.862",48266286,48266387,48073412,48073557,48272726,48272814,NA,NA,NA,NA,NA,NA,NA,NA,NA,NA,NA,NA
"KO_vs_Parental","SE","Skipped Exon","Nxpe4","ENSMUSG00000044229","chr9","+",0.00859838188397036,-0.126,"0.916,0.803,0.845","1.0,1.0,0.942",48300171,48300314,48287172,48287367,48301549,48301652,NA,NA,NA,NA,NA,NA,NA,NA,NA,NA,NA,NA
"KO_vs_Parental","SE","Skipped Exon","Dnajb4","ENSMUSG00000028035","chr3","-",0.00980540855376305,0.107,"0.846,0.823,0.824","0.799,0.664,0.71",151899013,151899255,151892051,151892620,151915471,151915720,NA,NA,NA,NA,NA,NA,NA,NA,NA,NA,NA,NA
"KO_vs_Parental","SE","Skipped Exon","Ankrd13b","ENSMUSG00000037907","chr11","-",1.6255326309285e-06,-0.206,"0.224,0.198,0.205","0.411,0.462,0.373",77362839,77363005,77361312,77362704,77363127,77363204,NA,NA,NA,NA,NA,NA,NA,NA,NA,NA,NA,NA
"KO_vs_Parental","SE","Skipped Exon","Nptn","ENSMUSG00000032336","chr9","+",0.00141775774359879,0.462,"1.0,1.0,1.0","0.234,0.379,1.0",58535116,58535211,58489689,58489809,58557779,58557801,NA,NA,NA,NA,NA,NA,NA,NA,NA,NA,NA,NA
"KO_vs_Parental","SE","Skipped Exon","Nptn","ENSMUSG00000032336","chr9","+",0.00080382721621834,0.323,"1.0,1.0,1.0","0.48,0.551,1.0",58547951,58548085,58489718,58489809,58557779,58557801,NA,NA,NA,NA,NA,NA,NA,NA,NA,NA,NA,NA
"KO_vs_Parental","SE","Skipped Exon","Ccdc157","ENSMUSG00000051427","chr11","-",0.00482697263951788,0.104,"1.0,1.0,1.0","0.913,1.0,0.774",4099930,4100102,4098438,4099084,4110158,4110218,NA,NA,NA,NA,NA,NA,NA,NA,NA,NA,NA,NA
"KO_vs_Parental","SE","Skipped Exon","Kif23","ENSMUSG00000032254","chr9","-",1.52258408607502e-05,-0.116,"0.677,0.736,0.722","0.828,0.781,0.874",61831186,61831498,61828300,61828528,61831913,61832093,NA,NA,NA,NA,NA,NA,NA,NA,NA,NA,NA,NA
"KO_vs_Parental","SE","Skipped Exon","Bnip2","ENSMUSG00000011958","chr9","+",0.00018712067721833,-0.103,"0.205,0.243,0.249","0.328,0.338,0.341",69911587,69911623,69910850,69910949,69914345,69915599,NA,NA,NA,NA,NA,NA,NA,NA,NA,NA,NA,NA
"KO_vs_Parental","SE","Skipped Exon","Sltm","ENSMUSG00000032212","chr9","+",2.01098421226655e-07,-0.652,"0.122,0.41,0.511","1.0,1.0,1.0",70466318,70466383,70450140,70450363,70479430,70479458,NA,NA,NA,NA,NA,NA,NA,NA,NA,NA,NA,NA
"KO_vs_Parental","SE","Skipped Exon","Senp6","ENSMUSG00000034252","chr9","+",0.000175616849527922,-0.187,"0.722,0.841,0.877","1.0,1.0,1.0",80010975,80011046,79974254,79974854,80023813,80024046,NA,NA,NA,NA,NA,NA,NA,NA,NA,NA,NA,NA
"KO_vs_Parental","SE","Skipped Exon","Senp6","ENSMUSG00000034252","chr9","+",2.51251537694518e-05,-0.298,"0.718,0.66,0.728","1.0,1.0,1.0",80018592,80018735,79974184,79974854,80023813,80024046,NA,NA,NA,NA,NA,NA,NA,NA,NA,NA,NA,NA
"KO_vs_Parental","SE","Skipped Exon","Lca5","ENSMUSG00000032258","chr9","-",0.0161996527404699,0.286,"0.911,1.0,0.755","0.444,0.631,0.732",83310932,83311001,83308801,83309014,83316591,83316776,NA,NA,NA,NA,NA,NA,NA,NA,NA,NA,NA,NA
"KO_vs_Parental","SE","Skipped Exon","Lca5","ENSMUSG00000032258","chr9","-",0.000124712052720811,0.418,"0.699,0.429,0.578","0.141,0.097,0.215",83310932,83311001,83308801,83309014,83322961,83323115,NA,NA,NA,NA,NA,NA,NA,NA,NA,NA,NA,NA
"KO_vs_Parental","SE","Skipped Exon","Cep63","ENSMUSG00000032534","chr9","-",0.0292810692365759,-0.111,"0.182,0.115,0.155","0.214,0.286,0.286",102465906,102466186,102463776,102464211,102471706,102471793,NA,NA,NA,NA,NA,NA,NA,NA,NA,NA,NA,NA
"KO_vs_Parental","SE","Skipped Exon","Abhd14a","ENSMUSG00000042210","chr9","-",0.00486935516619644,-0.272,"0.6,0.765,0.333","1.0,0.714,0.8",106322724,106323033,106317819,106318055,106324729,106324762,NA,NA,NA,NA,NA,NA,NA,NA,NA,NA,NA,NA
"KO_vs_Parental","SE","Skipped Exon","Uba7","ENSMUSG00000032596","chr9","+",0.0225843184017052,-0.115,"0.846,0.915,0.895","1.0,1.0,1.0",107855050,107855221,107854527,107854674,107855407,107855515,NA,NA,NA,NA,NA,NA,NA,NA,NA,NA,NA,NA
"KO_vs_Parental","SE","Skipped Exon","Ip6k2","ENSMUSG00000032599","chr9","+",0.0268568465411405,0.103,"0.925,0.827,0.896","0.732,0.849,0.757",108673853,108673982,108673739,108673771,108674405,108674544,NA,NA,NA,NA,NA,NA,NA,NA,NA,NA,NA,NA
"KO_vs_Parental","SE","Skipped Exon","Pcbp3","ENSMUSG00000001120","chr10","-",0.0031674684499219,0.247,"1.0,1.0,1.0","0.779,0.481,1.0",76625571,76625703,76606794,76606873,76661693,76661703,NA,NA,NA,NA,NA,NA,NA,NA,NA,NA,NA,NA
"KO_vs_Parental","SE","Skipped Exon","Nme6","ENSMUSG00000032478","chr9","+",8.74264937652396e-05,-0.152,"0.747,0.918,0.848","0.969,1.0,1.0",109668675,109668778,109662114,109662363,109670994,109671155,NA,NA,NA,NA,NA,NA,NA,NA,NA,NA,NA,NA
"KO_vs_Parental","SE","Skipped Exon","Nbeal2","ENSMUSG00000056724","chr9","-",0.00497008643729722,-0.183,"0.558,0.551,0.513","0.737,0.676,0.757",110470478,110470559,110468847,110468931,110470838,110470945,NA,NA,NA,NA,NA,NA,NA,NA,NA,NA,NA,NA
"KO_vs_Parental","SE","Skipped Exon","Ubp1","ENSMUSG00000009741","chr9","+",2.66963099667463e-05,-0.121,"0.488,0.537,0.522","0.649,0.616,0.644",113788443,113788551,113787896,113788007,113793619,113793723,NA,NA,NA,NA,NA,NA,NA,NA,NA,NA,NA,NA
"KO_vs_Parental","SE","Skipped Exon","Abhd5","ENSMUSG00000032540","chr9","+",0.0202317860044146,-0.141,"0.522,0.526,0.64","0.704,0.728,0.68",122194200,122194302,122180853,122180904,122196953,122197187,NA,NA,NA,NA,NA,NA,NA,NA,NA,NA,NA,NA
"KO_vs_Parental","SE","Skipped Exon","Syne1","ENSMUSG00000096054","chr10","-",3.98292893287043e-05,0.14,"0.373,0.449,0.397","0.259,0.305,0.235",4995265,4995334,4993610,4993753,4997530,4997858,NA,NA,NA,NA,NA,NA,NA,NA,NA,NA,NA,NA
"KO_vs_Parental","SE","Skipped Exon","Rad23a","ENSMUSG00000003813","chr8","-",0.00176893332115558,-0.39,"1.0,0.212,0.617","1.0,1.0,1.0",85564635,85564763,85564088,85564222,85565097,85565279,NA,NA,NA,NA,NA,NA,NA,NA,NA,NA,NA,NA
"KO_vs_Parental","SE","Skipped Exon","Tarbp2","ENSMUSG00000023051","chr15","+",2.16600857373375e-05,-0.292,"0.643,0.651,0.549","0.91,0.845,0.964",102428909,102429012,102426889,102427037,102429572,102429648,NA,NA,NA,NA,NA,NA,NA,NA,NA,NA,NA,NA
"KO_vs_Parental","SE","Skipped Exon","Ninj2","ENSMUSG00000041377","chr6","+",0.0172316722394364,-0.121,"0.636,1.0,1.0","1.0,1.0,1.0",120175603,120175788,120174863,120175095,120176973,120177295,NA,NA,NA,NA,NA,NA,NA,NA,NA,NA,NA,NA
"KO_vs_Parental","SE","Skipped Exon","Atxn2l","ENSMUSG00000032637","chr7","-",6.31562218058983e-05,-0.213,"0.703,0.747,0.804","0.932,0.961,1.0",126091615,126091780,126090957,126091387,126091929,126092173,NA,NA,NA,NA,NA,NA,NA,NA,NA,NA,NA,NA
"KO_vs_Parental","SE","Skipped Exon","Atxn2l","ENSMUSG00000032637","chr7","-",0.00178399652989138,-0.153,"0.651,0.624,0.677","0.713,0.905,0.794",126091615,126091780,126090957,126091387,126091983,126092173,NA,NA,NA,NA,NA,NA,NA,NA,NA,NA,NA,NA
"KO_vs_Parental","SE","Skipped Exon","Atxn2l","ENSMUSG00000032637","chr7","-",0.00324770312530981,-0.168,"0.572,0.655,0.624","0.681,0.874,0.801",126091620,126091657,126091324,126091387,126091983,126092173,NA,NA,NA,NA,NA,NA,NA,NA,NA,NA,NA,NA
"KO_vs_Parental","SE","Skipped Exon","E130307A14Rik","ENSMUSG00000087177","chr10","-",0.00101533784036005,-0.307,"0.548,0.579,0.652","0.778,1.0,0.923",39530517,39530684,39521551,39521804,39557468,39557545,NA,NA,NA,NA,NA,NA,NA,NA,NA,NA,NA,NA
"KO_vs_Parental","SE","Skipped Exon","Sobp","ENSMUSG00000038248","chr10","-",0.0169963531755925,0.104,"1.0,0.919,0.89","0.92,0.794,0.782",42950588,42950684,42896977,42898914,43033903,43034089,NA,NA,NA,NA,NA,NA,NA,NA,NA,NA,NA,NA
"KO_vs_Parental","SE","Skipped Exon","Hnrnph3","ENSMUSG00000020069","chr10","-",2.9189746448848e-07,-0.131,"0.58,0.589,0.584","0.736,0.675,0.734",62854538,62854677,62853819,62854004,62855171,62855306,NA,NA,NA,NA,NA,NA,NA,NA,NA,NA,NA,NA
"KO_vs_Parental","SE","Skipped Exon","Zc3h18","ENSMUSG00000017478","chr8","+",1.0156112195426e-06,0.107,"0.28,0.292,0.33","0.173,0.205,0.203",123114431,123114503,123113600,123113685,123124556,123124705,NA,NA,NA,NA,NA,NA,NA,NA,NA,NA,NA,NA
"KO_vs_Parental","SE","Skipped Exon","Spry1","ENSMUSG00000037211","chr3","+",0.000592233491320563,-0.182,"0.353,0.319,0.335","0.565,0.43,0.558",37694668,37694957,37694095,37694213,37696703,37698747,NA,NA,NA,NA,NA,NA,NA,NA,NA,NA,NA,NA
"KO_vs_Parental","SE","Skipped Exon","Jmjd1c","ENSMUSG00000037876","chr10","+",0.0419673981597077,0.105,"0.593,0.592,0.523","0.474,0.51,0.408",67052761,67052886,67051048,67051154,67053816,67053960,NA,NA,NA,NA,NA,NA,NA,NA,NA,NA,NA,NA
"KO_vs_Parental","SE","Skipped Exon","Tasor","ENSMUSG00000040651","chr14","+",0.000294612630535113,0.255,"0.585,0.348,0.531","0.22,0.233,0.247",27189462,27189522,27188123,27188268,27193574,27194503,NA,NA,NA,NA,NA,NA,NA,NA,NA,NA,NA,NA
"KO_vs_Parental","SE","Skipped Exon","Pcdh15","ENSMUSG00000052613","chr10","+",0.00878683206636312,-0.127,"0.91,0.802,0.766","0.966,1.0,0.893",74006280,74006441,73887429,73887495,74021105,74021261,NA,NA,NA,NA,NA,NA,NA,NA,NA,NA,NA,NA
"KO_vs_Parental","SE","Skipped Exon","Upb1","ENSMUSG00000033427","chr10","+",0.0057711694026665,0.14,"1.0,1.0,1.0","0.911,0.853,0.816",75260326,75260421,75250823,75250911,75264014,75264176,NA,NA,NA,NA,NA,NA,NA,NA,NA,NA,NA,NA
"KO_vs_Parental","SE","Skipped Exon","Rnf112","ENSMUSG00000010086","chr11","-",0.000467656536837754,-0.171,"0.3,0.165,0.217","0.386,0.417,0.391",61344253,61344322,61343453,61343739,61344444,61344485,NA,NA,NA,NA,NA,NA,NA,NA,NA,NA,NA,NA
"KO_vs_Parental","SE","Skipped Exon","Pcsk4","ENSMUSG00000020131","chr10","-",0.0479411271145908,-0.109,"0.854,0.846,0.763","0.94,0.886,0.964",80157914,80158043,80157116,80157785,80158557,80158682,NA,NA,NA,NA,NA,NA,NA,NA,NA,NA,NA,NA
"KO_vs_Parental","SE","Skipped Exon","Pcsk4","ENSMUSG00000020131","chr10","-",0.000414572096430208,0.157,"1.0,1.0,1.0","0.837,0.946,0.746",80159506,80159610,80159316,80159434,80159687,80159788,NA,NA,NA,NA,NA,NA,NA,NA,NA,NA,NA,NA
"KO_vs_Parental","SE","Skipped Exon","Dlg4","ENSMUSG00000020886","chr11","+",3.27858978903823e-11,-0.113,"0.758,0.739,0.739","0.864,0.857,0.853",69934483,69934593,69933396,69933569,69935101,69935193,NA,NA,NA,NA,NA,NA,NA,NA,NA,NA,NA,NA
"KO_vs_Parental","SE","Skipped Exon","Scamp4","ENSMUSG00000113949","chr10","+",0.0478384878621741,0.396,"0.558,1.0,0.694","0.274,0.221,0.57",80444636,80444684,80438705,80438783,80446861,80446947,NA,NA,NA,NA,NA,NA,NA,NA,NA,NA,NA,NA
"KO_vs_Parental","SE","Skipped Exon","Scamp4","ENSMUSG00000113949","chr10","+",0.0482819263474727,0.362,"0.472,1.0,0.882","0.484,0.211,0.573",80445163,80445292,80438705,80438783,80446861,80446963,NA,NA,NA,NA,NA,NA,NA,NA,NA,NA,NA,NA
"KO_vs_Parental","SE","Skipped Exon","Pip5k1c","ENSMUSG00000034902","chr10","+",0.01051641083672,-0.105,"0.241,0.254,0.26","0.365,0.335,0.37",81153159,81153237,81150825,81150952,81153599,81153854,NA,NA,NA,NA,NA,NA,NA,NA,NA,NA,NA,NA
"KO_vs_Parental","SE","Skipped Exon","Gm4924","ENSMUSG00000073427","chr10","+",0.00015254027349045,0.426,"1.0,1.0,1.0","0.222,1.0,0.5",82236587,82236820,82204731,82204792,82257833,82258042,NA,NA,NA,NA,NA,NA,NA,NA,NA,NA,NA,NA
"KO_vs_Parental","SE","Skipped Exon","Ttc41","ENSMUSG00000044937","chr10","+",6.40470908681468e-05,0.552,"1.0,1.0,1.0","0.079,0.265,1.0",86586110,86586250,86572749,86572863,86596629,86596782,NA,NA,NA,NA,NA,NA,NA,NA,NA,NA,NA,NA
"KO_vs_Parental","SE","Skipped Exon","Greb1l","ENSMUSG00000042942","chr18","+",0.00167942077080871,-0.287,"0.303,0.423,0.433","0.593,0.805,0.621",10495096,10495225,10476785,10476788,10498950,10498953,NA,NA,NA,NA,NA,NA,NA,NA,NA,NA,NA,NA
"KO_vs_Parental","SE","Skipped Exon","Ptprr","ENSMUSG00000020151","chr10","+",0.027266897431278,0.383,"1.0,0.779,0.899","0.821,0.247,0.462",116013622,116013733,115998359,115998515,116024104,116024373,NA,NA,NA,NA,NA,NA,NA,NA,NA,NA,NA,NA
"KO_vs_Parental","SE","Skipped Exon","Tmbim4","ENSMUSG00000020225","chr10","+",0.0025904555169029,-0.391,"0.143,0.133,0.109","0.38,0.628,0.551",120038006,120038100,120037516,120037754,120051445,120051554,NA,NA,NA,NA,NA,NA,NA,NA,NA,NA,NA,NA
"KO_vs_Parental","SE","Skipped Exon","Mon2","ENSMUSG00000034602","chr10","-",0.00305786624407419,-0.123,"0.661,0.583,0.607","0.718,0.68,0.823",122858990,122858993,122858738,122858849,122859814,122859916,NA,NA,NA,NA,NA,NA,NA,NA,NA,NA,NA,NA
"KO_vs_Parental","SE","Skipped Exon","Mars1","ENSMUSG00000040354","chr10","-",6.08886163483443e-09,-0.141,"0.276,0.258,0.221","0.404,0.349,0.424",127132585,127132609,127132409,127132502,127132741,127132813,NA,NA,NA,NA,NA,NA,NA,NA,NA,NA,NA,NA
"KO_vs_Parental","SE","Skipped Exon","Myl6","ENSMUSG00000090841","chr10","-",4.25982822251754e-05,-0.164,"0.275,0.279,0.272","0.471,0.458,0.389",128327154,128327216,128326842,128326902,128327927,128328005,NA,NA,NA,NA,NA,NA,NA,NA,NA,NA,NA,NA
"KO_vs_Parental","SE","Skipped Exon","Myl6","ENSMUSG00000090841","chr10","-",7.97908251539013e-06,-0.173,"0.386,0.373,0.403","0.577,0.567,0.536",128327158,128327216,128326731,128326902,128327927,128328005,NA,NA,NA,NA,NA,NA,NA,NA,NA,NA,NA,NA
"KO_vs_Parental","SE","Skipped Exon","Phactr4","ENSMUSG00000066043","chr4","-",0.0161267577272056,0.139,"0.386,0.556,0.485","0.358,0.316,0.335",132110592,132110673,132105715,132105874,132114202,132114376,NA,NA,NA,NA,NA,NA,NA,NA,NA,NA,NA,NA
"KO_vs_Parental","SE","Skipped Exon","Crat","ENSMUSG00000026853","chr2","-",0.00604877999988071,0.105,"0.148,0.135,0.137","0.028,0.055,0.022",30303871,30304008,30302994,30303258,30305206,30305320,NA,NA,NA,NA,NA,NA,NA,NA,NA,NA,NA,NA
"KO_vs_Parental","SE","Skipped Exon","Gria2","ENSMUSG00000033981","chr3","-",0.00058514618029047,-0.147,"0.671,0.738,0.665","0.798,0.897,0.819",80598626,80598741,80597710,80597825,80599591,80599839,NA,NA,NA,NA,NA,NA,NA,NA,NA,NA,NA,NA
"KO_vs_Parental","SE","Skipped Exon","Garin5a","ENSMUSG00000051113","chr7","+",0.0297210137428281,-0.335,"0.241,0.5,0.318","0.707,0.846,0.512",44146829,44147057,44146338,44146457,44149573,44149790,NA,NA,NA,NA,NA,NA,NA,NA,NA,NA,NA,NA
"KO_vs_Parental","SE","Skipped Exon","Garin5a","ENSMUSG00000051113","chr7","+",0.0235010361715492,-0.27,"0.404,0.659,0.524","0.784,0.904,0.71",44146926,44147057,44146338,44146457,44149573,44149862,NA,NA,NA,NA,NA,NA,NA,NA,NA,NA,NA,NA
"KO_vs_Parental","SE","Skipped Exon","Fbxo48","ENSMUSG00000044966","chr11","+",0.00946246229089354,-0.147,"0.764,0.877,0.84","1.0,1.0,0.921",16903141,16903253,16901409,16902464,16903348,16903681,NA,NA,NA,NA,NA,NA,NA,NA,NA,NA,NA,NA
"KO_vs_Parental","SE","Skipped Exon","Actr2","ENSMUSG00000020152","chr11","-",1.77226711437171e-05,-0.464,"0.549,0.549,0.51","1.0,1.0,1.0",20030661,20030798,20027187,20027333,20044229,20044445,NA,NA,NA,NA,NA,NA,NA,NA,NA,NA,NA,NA
"KO_vs_Parental","SE","Skipped Exon","Aftph","ENSMUSG00000049659","chr11","-",0.000826406239766225,-0.107,"0.6,0.683,0.645","0.741,0.739,0.768",20646750,20646831,20642464,20642588,20648312,20648373,NA,NA,NA,NA,NA,NA,NA,NA,NA,NA,NA,NA
"KO_vs_Parental","SE","Skipped Exon","Wdpcp","ENSMUSG00000020319","chr11","+",4.6856503962571e-08,0.148,"0.126,0.218,0.241","0.022,0.031,0.088",21598069,21598123,21522234,21522370,21602225,21602310,NA,NA,NA,NA,NA,NA,NA,NA,NA,NA,NA,NA
"KO_vs_Parental","SE","Skipped Exon","Atp8b3","ENSMUSG00000003341","chr10","-",0.0276815315254037,-0.161,"0.156,0.151,0.122","0.342,0.225,0.344",80359485,80359725,80357603,80357731,80360162,80360246,NA,NA,NA,NA,NA,NA,NA,NA,NA,NA,NA,NA
"KO_vs_Parental","SE","Skipped Exon","Gm9801","ENSMUSG00000045813","chr7","-",0.0208939391294719,-0.405,"0.571,0.231,0.628","1.0,0.733,0.913",61767470,61767650,61764393,61764524,61768642,61768791,NA,NA,NA,NA,NA,NA,NA,NA,NA,NA,NA,NA
"KO_vs_Parental","SE","Skipped Exon","Sh3glb2","ENSMUSG00000026860","chr2","-",8.35987223704826e-05,-0.102,"0.185,0.222,0.194","0.306,0.31,0.291",30239237,30239249,30238079,30238629,30240299,30240392,NA,NA,NA,NA,NA,NA,NA,NA,NA,NA,NA,NA
"KO_vs_Parental","SE","Skipped Exon","Gm3739","ENSMUSG00000091472","chr14","+",3.07419319183897e-05,-0.271,"0.808,0.737,0.641","1.0,1.0,1.0",15169415,15169550,15154707,15154808,15170282,15170445,NA,NA,NA,NA,NA,NA,NA,NA,NA,NA,NA,NA
"KO_vs_Parental","SE","Skipped Exon","Bnc2","ENSMUSG00000028487","chr4","-",0.0396729645246511,0.124,"1.0,0.964,0.915","0.852,1.0,0.654",84464441,84464642,84332482,84332585,84474015,84474141,NA,NA,NA,NA,NA,NA,NA,NA,NA,NA,NA,NA
"KO_vs_Parental","SE","Skipped Exon","Mapkap1","ENSMUSG00000038696","chr2","+",0.0495898104847857,0.189,"0.869,1.0,1.0","1.0,0.464,0.839",34319529,34319638,34296897,34297101,34322014,34322144,NA,NA,NA,NA,NA,NA,NA,NA,NA,NA,NA,NA
"KO_vs_Parental","SE","Skipped Exon","Mapkap1","ENSMUSG00000038696","chr2","+",0.00711686375607546,0.189,"0.778,1.0,1.0","1.0,0.545,0.667",34322014,34322342,34296782,34296860,34334269,34334418,NA,NA,NA,NA,NA,NA,NA,NA,NA,NA,NA,NA
"KO_vs_Parental","SE","Skipped Exon","2610307P16Rik","ENSMUSG00000085936","chr13","-",0.0142003525120576,0.132,"1.0,1.0,1.0","0.938,0.759,0.907",28792500,28792611,28745423,28745562,28852352,28852369,NA,NA,NA,NA,NA,NA,NA,NA,NA,NA,NA,NA
"KO_vs_Parental","SE","Skipped Exon","Pmp22","ENSMUSG00000018217","chr11","+",0.00176010029871468,-0.108,"0.836,0.813,0.729","0.868,0.903,0.93",63023953,63024070,63022337,63022480,63041944,63042085,NA,NA,NA,NA,NA,NA,NA,NA,NA,NA,NA,NA
"KO_vs_Parental","SE","Skipped Exon","Mpdu1","ENSMUSG00000018761","chr11","-",0.0219666056807949,-0.121,"0.39,0.394,0.467","0.559,0.587,0.467",69548761,69548882,69548550,69548669,69549391,69549524,NA,NA,NA,NA,NA,NA,NA,NA,NA,NA,NA,NA
"KO_vs_Parental","SE","Skipped Exon","Eif5a","ENSMUSG00000078812","chr11","-",4.87057720163042e-06,-0.176,"0.4,0.425,0.391","0.632,0.531,0.58",69811166,69811248,69809976,69810162,69811626,69811745,NA,NA,NA,NA,NA,NA,NA,NA,NA,NA,NA,NA
"KO_vs_Parental","SE","Skipped Exon","Eif5a","ENSMUSG00000078812","chr11","-",4.75661602355021e-06,-0.159,"0.438,0.5,0.459","0.658,0.587,0.629",69811166,69811260,69809976,69810162,69811626,69811766,NA,NA,NA,NA,NA,NA,NA,NA,NA,NA,NA,NA
"KO_vs_Parental","SE","Skipped Exon","Cldnd1","ENSMUSG00000022744","chr16","+",2.58754260016208e-07,0.102,"0.28,0.265,0.267","0.17,0.17,0.165",58549520,58549586,58548410,58548447,58549800,58550110,NA,NA,NA,NA,NA,NA,NA,NA,NA,NA,NA,NA
"KO_vs_Parental","SE","Skipped Exon","Cldnd1","ENSMUSG00000022744","chr16","+",0,0.189,"0.531,0.519,0.48","0.34,0.299,0.324",58549535,58549586,58548287,58548447,58549800,58550110,NA,NA,NA,NA,NA,NA,NA,NA,NA,NA,NA,NA
"KO_vs_Parental","SE","Skipped Exon","Cldnd1","ENSMUSG00000022744","chr16","+",2.95879153193102e-09,0.143,"0.409,0.427,0.398","0.276,0.256,0.272",58549542,58549586,58548401,58548447,58549800,58550110,NA,NA,NA,NA,NA,NA,NA,NA,NA,NA,NA,NA
"KO_vs_Parental","SE","Skipped Exon","Gm26947","ENSMUSG00000098055","chr10","+",0.0497410964651012,-0.174,"0.616,0.797,0.901","1.0,1.0,0.835",60773611,60773741,60767769,60768064,60774999,60776721,NA,NA,NA,NA,NA,NA,NA,NA,NA,NA,NA,NA
"KO_vs_Parental","SE","Skipped Exon","Slc25a14","ENSMUSG00000031105","chrX","+",0.0216480861837129,-0.22,"0.455,0.687,0.45","0.737,0.756,0.759",47712838,47713074,47712454,47712705,47714472,47714517,NA,NA,NA,NA,NA,NA,NA,NA,NA,NA,NA,NA
"KO_vs_Parental","SE","Skipped Exon","Slc25a14","ENSMUSG00000031105","chrX","+",0.0128453005498135,-0.249,"0.417,0.694,0.429","0.714,0.776,0.796",47712838,47713083,47712454,47712705,47714472,47714517,NA,NA,NA,NA,NA,NA,NA,NA,NA,NA,NA,NA
"KO_vs_Parental","SE","Skipped Exon","Mettl16","ENSMUSG00000010554","chr11","+",0.000425264506028457,-0.168,"0.29,0.334,0.311","0.52,0.504,0.414",74686577,74686643,74683028,74683144,74686807,74686950,NA,NA,NA,NA,NA,NA,NA,NA,NA,NA,NA,NA
"KO_vs_Parental","SE","Skipped Exon","Mettl16","ENSMUSG00000010554","chr11","+",0.00133925009311344,0.642,"1.0,0.616,0.572","0.0,0.263,0.0",74691151,74691281,74686807,74686950,74693718,74693838,NA,NA,NA,NA,NA,NA,NA,NA,NA,NA,NA,NA
"KO_vs_Parental","SE","Skipped Exon","Uprt","ENSMUSG00000073016","chrX","+",0.0356634338842818,-0.115,"1.0,1.0,0.654","1.0,1.0,1.0",103541880,103541950,103526423,103526955,103543009,103543072,NA,NA,NA,NA,NA,NA,NA,NA,NA,NA,NA,NA
"KO_vs_Parental","SE","Skipped Exon","Nf1","ENSMUSG00000020716","chr11","+",6.46992872883141e-05,-0.199,"0.0,0.0,0.083","0.143,0.32,0.218",79358939,79358980,79354058,79354121,79359542,79359701,NA,NA,NA,NA,NA,NA,NA,NA,NA,NA,NA,NA
"KO_vs_Parental","SE","Skipped Exon","Rffl","ENSMUSG00000020696","chr11","-",0.00146250777933538,-0.316,"0.2,0.0,0.0","0.52,0.2,0.429",82724906,82725105,82709241,82709429,82736577,82736918,NA,NA,NA,NA,NA,NA,NA,NA,NA,NA,NA,NA
"KO_vs_Parental","A3SS","Alternative 3' Splice Site","Cstf2","ENSMUSG00000031256","chrX","+",1.28462035117373e-06,0.171,"0.552,0.508,0.55","0.329,0.394,0.375",NA,NA,NA,NA,NA,NA,132973884,132974026,132973962,132974026,132973426,132973513,NA,NA,NA,NA,NA,NA
"KO_vs_Parental","A3SS","Alternative 3' Splice Site","Tab3","ENSMUSG00000035476","chrX","+",0.0156353415547342,0.11,"1.0,0.978,0.938","0.7,1.0,0.887",NA,NA,NA,NA,NA,NA,84652995,84653190,84652998,84653190,84619155,84619216,NA,NA,NA,NA,NA,NA
"KO_vs_Parental","A3SS","Alternative 3' Splice Site","Zfp182","ENSMUSG00000054737","chrX","-",0.000184316741551033,0.415,"1.0,1.0,1.0","0.659,0.659,0.436",NA,NA,NA,NA,NA,NA,20926741,20926767,20926741,20926762,20928176,20928291,NA,NA,NA,NA,NA,NA
"KO_vs_Parental","A3SS","Alternative 3' Splice Site","Rbm3","ENSMUSG00000031167","chrX","-",6.79610711024773e-05,-0.137,"0.803,0.933,0.852","1.0,1.0,1.0",NA,NA,NA,NA,NA,NA,8009485,8009571,8009485,8009568,8010811,8010918,NA,NA,NA,NA,NA,NA
"KO_vs_Parental","A3SS","Alternative 3' Splice Site","Dnajc4","ENSMUSG00000024963","chr19","-",0.0289809783558271,0.1,"0.28,0.348,0.338","0.174,0.226,0.266",NA,NA,NA,NA,NA,NA,6969526,6969689,6969526,6969640,6969916,6969940,NA,NA,NA,NA,NA,NA
"KO_vs_Parental","A3SS","Alternative 3' Splice Site","Pola2","ENSMUSG00000024833","chr19","-",0.0004372307272268,-0.103,"0.744,0.782,0.709","0.808,0.87,0.866",NA,NA,NA,NA,NA,NA,6011118,6011243,6011118,6011214,6013853,6014197,NA,NA,NA,NA,NA,NA
"KO_vs_Parental","A3SS","Alternative 3' Splice Site","Six3os1","ENSMUSG00000093460","chr17","-",0.0369743778752305,0.24,"0.366,0.503,0.366","0.258,0.119,0.139",NA,NA,NA,NA,NA,NA,85922075,85922155,85922075,85922120,85923021,85923171,NA,NA,NA,NA,NA,NA
"KO_vs_Parental","A3SS","Alternative 3' Splice Site","Fance","ENSMUSG00000007570","chr17","+",0.0192131514367174,-0.145,"0.474,0.448,0.461","0.67,0.564,0.585",NA,NA,NA,NA,NA,NA,28545067,28545541,28545125,28545541,28539763,28539830,NA,NA,NA,NA,NA,NA
"KO_vs_Parental","A3SS","Alternative 3' Splice Site","Pigq","ENSMUSG00000025728","chr17","-",0.0090919308814737,0.13,"1.0,1.0,1.0","0.827,0.95,0.833",NA,NA,NA,NA,NA,NA,26150435,26150647,26150435,26150547,26151078,26151205,NA,NA,NA,NA,NA,NA
"KO_vs_Parental","A3SS","Alternative 3' Splice Site","Clcn2","ENSMUSG00000022843","chr16","-",0.0020439555448999,0.132,"0.302,0.312,0.263","0.229,0.139,0.113",NA,NA,NA,NA,NA,NA,20528319,20528474,20528319,20528430,20528629,20528699,NA,NA,NA,NA,NA,NA
"KO_vs_Parental","A3SS","Alternative 3' Splice Site","Eif4g1","ENSMUSG00000045983","chr16","+",0.0060802740767832,0.509,"1.0,0.855,1.0","1.0,0.329,0.0",NA,NA,NA,NA,NA,NA,20500483,20500672,20500486,20500672,20499932,20500066,NA,NA,NA,NA,NA,NA
"KO_vs_Parental","A3SS","Alternative 3' Splice Site","Dgcr2","ENSMUSG00000003166","chr16","-",0.00745812689302038,0.108,"0.615,0.519,0.562","0.491,0.407,0.474",NA,NA,NA,NA,NA,NA,17676223,17676443,17676223,17676434,17677267,17677390,NA,NA,NA,NA,NA,NA
"KO_vs_Parental","A3SS","Alternative 3' Splice Site","Thoc2","ENSMUSG00000037475","chrX","-",0.0254820056776647,0.214,"0.904,0.646,0.891","0.602,0.666,0.53",NA,NA,NA,NA,NA,NA,40901335,40901452,40901335,40901371,40902106,40902592,NA,NA,NA,NA,NA,NA
"KO_vs_Parental","A3SS","Alternative 3' Splice Site","Celsr1","ENSMUSG00000016028","chr15","-",0.0133271430624125,-0.362,"1.0,0.567,0.246","1.0,0.898,1.0",NA,NA,NA,NA,NA,NA,85785639,85785873,85785639,85785870,85786315,85786465,NA,NA,NA,NA,NA,NA
"KO_vs_Parental","A3SS","Alternative 3' Splice Site","Cyth4","ENSMUSG00000018008","chr15","+",0.00347987442264731,-0.181,"0.0,0.0,0.0","0.375,0.167,0.0",NA,NA,NA,NA,NA,NA,78489059,78490113,78490046,78490113,78488835,78488900,NA,NA,NA,NA,NA,NA
"KO_vs_Parental","A3SS","Alternative 3' Splice Site","Phf20l1","ENSMUSG00000072501","chr15","+",2.59421086891932e-05,0.189,"0.351,0.408,0.431","0.227,0.19,0.205",NA,NA,NA,NA,NA,NA,66469513,66469603,66469525,66469603,66469207,66469296,NA,NA,NA,NA,NA,NA
"KO_vs_Parental","A3SS","Alternative 3' Splice Site","Gm33301","ENSMUSG00000115367","chr15","+",0.00568621752807968,0.12,"0.593,0.57,0.581","0.447,0.519,0.417",NA,NA,NA,NA,NA,NA,40030708,40031472,40031194,40031472,40028595,40028676,NA,NA,NA,NA,NA,NA
"KO_vs_Parental","A3SS","Alternative 3' Splice Site","Arhgap4","ENSMUSG00000031389","chrX","-",0.000439559284217905,-0.212,"0.0,0.0,0.0","0.178,0.373,0.085",NA,NA,NA,NA,NA,NA,72949256,72949499,72949256,72949469,72949762,72949825,NA,NA,NA,NA,NA,NA
"KO_vs_Parental","A3SS","Alternative 3' Splice Site","Arhgef40","ENSMUSG00000004562","chr14","+",0.0108560826047056,-0.118,"0.627,0.588,0.529","0.652,0.755,0.692",NA,NA,NA,NA,NA,NA,52242335,52242492,52242445,52242492,52242068,52242199,NA,NA,NA,NA,NA,NA
"KO_vs_Parental","A3SS","Alternative 3' Splice Site","Duxbl1","ENSMUSG00000048502","chr14","+",0.00994872939794708,-0.226,"0.323,0.682,1.0","1.0,0.682,1.0",NA,NA,NA,NA,NA,NA,25983852,25983969,25983911,25983969,25979506,25980098,NA,NA,NA,NA,NA,NA
"KO_vs_Parental","A3SS","Alternative 3' Splice Site","Tecpr2","ENSMUSG00000021275","chr12","+",0.009525830955893,-0.157,"0.682,0.778,0.741","0.926,0.805,0.941",NA,NA,NA,NA,NA,NA,110892597,110892910,110892629,110892910,110885302,110885460,NA,NA,NA,NA,NA,NA
"KO_vs_Parental","A3SS","Alternative 3' Splice Site","Eml5","ENSMUSG00000051166","chr12","-",0.00526510299310584,-0.146,"0.631,0.649,0.529","0.708,0.749,0.789",NA,NA,NA,NA,NA,NA,98765049,98765207,98765049,98765188,98767161,98767370,NA,NA,NA,NA,NA,NA
"KO_vs_Parental","A3SS","Alternative 3' Splice Site","Alkbh1","ENSMUSG00000079036","chr12","-",2.30965287745439e-05,-0.106,"0.744,0.714,0.787","0.836,0.844,0.884",NA,NA,NA,NA,NA,NA,87478169,87478363,87478169,87478308,87480888,87480979,NA,NA,NA,NA,NA,NA
"KO_vs_Parental","A3SS","Alternative 3' Splice Site","Rxrb","ENSMUSG00000039656","chr17","+",0.000347120164134003,-0.107,"0.286,0.316,0.332","0.383,0.439,0.432",NA,NA,NA,NA,NA,NA,34255834,34255938,34255846,34255938,34255598,34255731,NA,NA,NA,NA,NA,NA
"KO_vs_Parental","A3SS","Alternative 3' Splice Site","Hexdc","ENSMUSG00000039307","chr11","+",0.0145315144355072,-0.116,"0.579,0.588,0.51","0.732,0.659,0.633",NA,NA,NA,NA,NA,NA,121111689,121111987,121111908,121111987,121110666,121110749,NA,NA,NA,NA,NA,NA
"KO_vs_Parental","A3SS","Alternative 3' Splice Site","Reno1","ENSMUSG00000075389","chr11","-",0.00270008195500085,0.342,"0.803,0.857,1.0","0.631,0.588,0.416",NA,NA,NA,NA,NA,NA,120077473,120078577,120077473,120078552,120079314,120079502,NA,NA,NA,NA,NA,NA
"KO_vs_Parental","A3SS","Alternative 3' Splice Site","Cd300lg","ENSMUSG00000017309","chr11","+",0.000367955025821678,0.177,"0.083,0.28,0.167","0.0,0.0,0.0",NA,NA,NA,NA,NA,NA,101937679,101938013,101937931,101938013,101933797,101934130,NA,NA,NA,NA,NA,NA
"KO_vs_Parental","A3SS","Alternative 3' Splice Site","Mpp3","ENSMUSG00000052373","chr11","-",0.00142787314814198,-0.297,"0.8,1.0,0.308","1.0,1.0,1.0",NA,NA,NA,NA,NA,NA,101914527,101915980,101914527,101914608,101916557,101916682,NA,NA,NA,NA,NA,NA
"KO_vs_Parental","A3SS","Alternative 3' Splice Site","Atp6v0a1","ENSMUSG00000019302","chr11","+",0,0.153,"0.235,0.215,0.257","0.063,0.11,0.075",NA,NA,NA,NA,NA,NA,100917485,100917589,100917506,100917589,100911879,100912008,NA,NA,NA,NA,NA,NA
"KO_vs_Parental","A3SS","Alternative 3' Splice Site","Msi2","ENSMUSG00000069769","chr11","-",0.00141623553332186,-0.109,"0.596,0.531,0.541","0.702,0.672,0.62",NA,NA,NA,NA,NA,NA,88239609,88239818,88239609,88239764,88257610,88257673,NA,NA,NA,NA,NA,NA
"KO_vs_Parental","A3SS","Alternative 3' Splice Site","Mapk11","ENSMUSG00000053137","chr15","-",5.02873439857561e-09,0.103,"0.195,0.181,0.207","0.07,0.111,0.094",NA,NA,NA,NA,NA,NA,89029298,89029435,89029298,89029378,89029577,89029649,NA,NA,NA,NA,NA,NA
"KO_vs_Parental","A3SS","Alternative 3' Splice Site","Gm26760","ENSMUSG00000097068","chr15","+",3.56850097724151e-05,-0.133,"1.0,0.811,0.789","1.0,1.0,1.0",NA,NA,NA,NA,NA,NA,92263378,92264810,92263840,92264810,92258919,92259046,NA,NA,NA,NA,NA,NA
"KO_vs_Parental","A3SS","Alternative 3' Splice Site","Garin1b","ENSMUSG00000039742","chr6","+",0.00737502988467726,-0.447,"0.329,0.329,1.0","1.0,1.0,1.0",NA,NA,NA,NA,NA,NA,29330647,29330685,29330650,29330685,29326571,29326693,NA,NA,NA,NA,NA,NA
"KO_vs_Parental","A3SS","Alternative 3' Splice Site","Zfp40","ENSMUSG00000002617","chr17","-",0.00298338959238356,-0.259,"0.322,0.19,0.327","0.532,0.521,0.563",NA,NA,NA,NA,NA,NA,23410318,23410482,23410318,23410409,23410650,23410776,NA,NA,NA,NA,NA,NA
"KO_vs_Parental","A3SS","Alternative 3' Splice Site","Dgkq","ENSMUSG00000004815","chr5","-",0.0460054892436366,-0.139,"0.604,0.671,0.749","0.789,0.853,0.798",NA,NA,NA,NA,NA,NA,108803911,108803997,108803911,108803951,108804289,108804389,NA,NA,NA,NA,NA,NA
"KO_vs_Parental","A3SS","Alternative 3' Splice Site","Gm20544","ENSMUSG00000092569","chr18","-",0.0124103420480491,-0.251,"0.0,0.194,0.0","0.15,0.306,0.492",NA,NA,NA,NA,NA,NA,75497781,75497918,75497781,75497898,75498145,75498306,NA,NA,NA,NA,NA,NA
"KO_vs_Parental","A3SS","Alternative 3' Splice Site","Gpr153","ENSMUSG00000042804","chr4","+",0.0387275777609517,0.138,"0.777,0.865,0.804","0.715,0.739,0.578",NA,NA,NA,NA,NA,NA,152367314,152369794,152367383,152369794,152366827,152367012,NA,NA,NA,NA,NA,NA
"KO_vs_Parental","A3SS","Alternative 3' Splice Site","Acvrl1","ENSMUSG00000000530","chr15","+",0.00243739697783191,-0.24,"1.0,0.58,0.554","1.0,0.853,1.0",NA,NA,NA,NA,NA,NA,101032525,101032624,101032556,101032624,101031295,101031374,NA,NA,NA,NA,NA,NA
"KO_vs_Parental","A3SS","Alternative 3' Splice Site","Pafah2","ENSMUSG00000037366","chr4","+",0.000214507210625637,-0.243,"0.606,0.695,0.907","0.936,1.0,1.0",NA,NA,NA,NA,NA,NA,134138089,134138283,134138214,134138283,134130280,134130415,NA,NA,NA,NA,NA,NA
"KO_vs_Parental","A3SS","Alternative 3' Splice Site","Rnf111","ENSMUSG00000032217","chr9","-",0.000753054294524515,-0.125,"0.31,0.265,0.363","0.437,0.414,0.463",NA,NA,NA,NA,NA,NA,70336833,70336961,70336833,70336937,70338212,70338308,NA,NA,NA,NA,NA,NA
"KO_vs_Parental","A3SS","Alternative 3' Splice Site","Sorbs1","ENSMUSG00000025006","chr19","-",0.0017937218515432,0.162,"0.309,0.399,0.339","0.139,0.25,0.172",NA,NA,NA,NA,NA,NA,40287906,40288097,40287906,40287965,40300112,40300307,NA,NA,NA,NA,NA,NA
"KO_vs_Parental","A3SS","Alternative 3' Splice Site","Cyb5r1","ENSMUSG00000026456","chr1","+",0,-0.241,"0.228,0.261,0.254","0.43,0.514,0.522",NA,NA,NA,NA,NA,NA,134335554,134336225,134336141,134336225,134335311,134335441,NA,NA,NA,NA,NA,NA
"KO_vs_Parental","A3SS","Alternative 3' Splice Site","5430405H02Rik","ENSMUSG00000085741","chr2","-",0.0207533330114718,0.149,"0.767,0.87,0.843","0.621,0.688,0.723",NA,NA,NA,NA,NA,NA,156695350,156696224,156695350,156695938,156704518,156704922,NA,NA,NA,NA,NA,NA
"KO_vs_Parental","A3SS","Alternative 3' Splice Site","Cobll1","ENSMUSG00000034903","chr2","-",0.0392223702494917,0.119,"0.644,0.645,0.678","0.502,0.553,0.556",NA,NA,NA,NA,NA,NA,64981322,64981511,64981322,64981508,65068706,65068970,NA,NA,NA,NA,NA,NA
"KO_vs_Parental","A3SS","Alternative 3' Splice Site","Rhbdd3","ENSMUSG00000034175","chr11","+",0.0307846717887386,0.102,"0.052,0.161,0.291","0.026,0.0,0.171",NA,NA,NA,NA,NA,NA,5050384,5050587,5050396,5050587,5050169,5050226,NA,NA,NA,NA,NA,NA
"KO_vs_Parental","A3SS","Alternative 3' Splice Site","Psip1","ENSMUSG00000028484","chr4","-",1.31247105789712e-06,-0.138,"0.281,0.302,0.322","0.474,0.41,0.436",NA,NA,NA,NA,NA,NA,83380107,83380790,83380107,83380710,83381831,83381950,NA,NA,NA,NA,NA,NA
"KO_vs_Parental","A3SS","Alternative 3' Splice Site","Trim2","ENSMUSG00000027993","chr3","-",0.0171332792702857,0.146,"1.0,1.0,1.0","1.0,1.0,0.562",NA,NA,NA,NA,NA,NA,84117479,84117661,84117479,84117658,84211896,84212116,NA,NA,NA,NA,NA,NA
"KO_vs_Parental","A3SS","Alternative 3' Splice Site","Zfp583","ENSMUSG00000030443","chr7","-",0.00673095667773797,0.125,"0.177,0.242,0.131","0.046,0.082,0.046",NA,NA,NA,NA,NA,NA,6326645,6326744,6326645,6326741,6328451,6328578,NA,NA,NA,NA,NA,NA
"KO_vs_Parental","A3SS","Alternative 3' Splice Site","Chchd7","ENSMUSG00000042198","chr4","+",0.00658500562068741,-0.107,"0.706,0.759,0.743","0.89,0.771,0.867",NA,NA,NA,NA,NA,NA,3939378,3939526,3939423,3939526,3938913,3939131,NA,NA,NA,NA,NA,NA
"KO_vs_Parental","A3SS","Alternative 3' Splice Site","Wac","ENSMUSG00000024283","chr18","+",0.0444085612347739,-0.137,"0.71,0.851,0.823","0.855,0.939,1.0",NA,NA,NA,NA,NA,NA,7917561,7917675,7917564,7917675,7916051,7916297,NA,NA,NA,NA,NA,NA
"KO_vs_Parental","A3SS","Alternative 3' Splice Site","Adgrl2","ENSMUSG00000028184","chr3","-",0.0376964902249481,0.218,"1.0,1.0,0.807","0.601,0.951,0.601",NA,NA,NA,NA,NA,NA,148526608,148526690,148526608,148526661,148528623,148528687,NA,NA,NA,NA,NA,NA
"KO_vs_Parental","A3SS","Alternative 3' Splice Site","Dph7","ENSMUSG00000026975","chr2","+",0.0270747325264028,-0.107,"1.0,0.595,0.662","1.0,0.915,0.662",NA,NA,NA,NA,NA,NA,24855568,24855666,24855571,24855666,24852452,24852822,NA,NA,NA,NA,NA,NA
"KO_vs_Parental","A3SS","Alternative 3' Splice Site","Sun1","ENSMUSG00000036817","chr5","+",0.00222045083960069,0.126,"0.646,0.768,0.67","0.555,0.579,0.573",NA,NA,NA,NA,NA,NA,139224582,139224694,139224585,139224694,139223633,139223677,NA,NA,NA,NA,NA,NA
"KO_vs_Parental","A3SS","Alternative 3' Splice Site","Ciz1","ENSMUSG00000039205","chr2","+",4.04909849038353e-05,0.117,"0.881,0.827,0.877","0.677,0.805,0.753",NA,NA,NA,NA,NA,NA,32253444,32253668,32253634,32253668,32253072,32253170,NA,NA,NA,NA,NA,NA
"KO_vs_Parental","A3SS","Alternative 3' Splice Site","Tmem94","ENSMUSG00000020747","chr11","+",0.0116689647537945,-0.115,"0.545,0.444,0.54","0.649,0.577,0.647",NA,NA,NA,NA,NA,NA,115681792,115682002,115681858,115682002,115680995,115681160,NA,NA,NA,NA,NA,NA
"KO_vs_Parental","A3SS","Alternative 3' Splice Site","Dedd2","ENSMUSG00000054499","chr7","-",1.1090565019818e-07,0.126,"0.984,0.985,1.0","0.884,0.818,0.89",NA,NA,NA,NA,NA,NA,24918225,24918592,24918225,24918456,24919188,24919352,NA,NA,NA,NA,NA,NA
"KO_vs_Parental","A3SS","Alternative 3' Splice Site","Ralgds","ENSMUSG00000026821","chr2","+",0.000523801585019169,0.12,"0.665,0.632,0.684","0.563,0.519,0.538",NA,NA,NA,NA,NA,NA,28432866,28432962,28432902,28432962,28432301,28432495,NA,NA,NA,NA,NA,NA
"KO_vs_Parental","A3SS","Alternative 3' Splice Site","Gm32085","ENSMUSG00000119993","chr3","+",0.00365976898969516,-0.128,"1.0,0.949,0.667","1.0,1.0,1.0",NA,NA,NA,NA,NA,NA,152409584,152410137,152409746,152410137,152408339,152408409,NA,NA,NA,NA,NA,NA
"KO_vs_Parental","A3SS","Alternative 3' Splice Site","Ppcdc","ENSMUSG00000063849","chr9","-",0.00012272252516856,-0.167,"0.669,0.624,0.793","0.814,0.914,0.86",NA,NA,NA,NA,NA,NA,57322368,57322755,57322368,57322537,57327445,57327574,NA,NA,NA,NA,NA,NA
"KO_vs_Parental","A3SS","Alternative 3' Splice Site","Rev1","ENSMUSG00000026082","chr1","-",7.80452127098992e-07,-0.178,"0.255,0.344,0.252","0.494,0.449,0.443",NA,NA,NA,NA,NA,NA,38113395,38114104,38113395,38113524,38118370,38118479,NA,NA,NA,NA,NA,NA
"KO_vs_Parental","A3SS","Alternative 3' Splice Site","Arid5a","ENSMUSG00000037447","chr1","+",0.0270440950576274,-0.212,"0.552,0.586,0.623","0.833,0.814,0.75",NA,NA,NA,NA,NA,NA,36356284,36356743,36356690,36356743,36355292,36355408,NA,NA,NA,NA,NA,NA
"KO_vs_Parental","A3SS","Alternative 3' Splice Site","Klhl12","ENSMUSG00000026455","chr1","+",0.00506722608890001,-0.14,"0.511,0.546,0.61","0.679,0.722,0.687",NA,NA,NA,NA,NA,NA,134386165,134386404,134386203,134386404,134383268,134383403,NA,NA,NA,NA,NA,NA
"KO_vs_Parental","A3SS","Alternative 3' Splice Site","Zfp462","ENSMUSG00000060206","chr4","+",0.0342463944633061,0.172,"0.776,0.901,0.821","0.67,0.614,0.697",NA,NA,NA,NA,NA,NA,55016813,55017100,55016816,55017100,55014682,55014847,NA,NA,NA,NA,NA,NA
"KO_vs_Parental","A3SS","Alternative 3' Splice Site","Zfp462","ENSMUSG00000060206","chr4","+",2.16885681068928e-07,0.127,"0.282,0.304,0.29","0.169,0.119,0.208",NA,NA,NA,NA,NA,NA,55016813,55017100,55016996,55017100,55014682,55014847,NA,NA,NA,NA,NA,NA
"KO_vs_Parental","A3SS","Alternative 3' Splice Site","Plec","ENSMUSG00000022565","chr15","-",0.033377197501534,0.571,"0.745,0.854,1.0","0.394,0.0,0.493",NA,NA,NA,NA,NA,NA,76069510,76069689,76069510,76069685,76069804,76069966,NA,NA,NA,NA,NA,NA
"KO_vs_Parental","A3SS","Alternative 3' Splice Site","Gnpda2","ENSMUSG00000029209","chr5","-",0.000869902028163737,0.201,"0.446,0.325,0.294","0.171,0.133,0.159",NA,NA,NA,NA,NA,NA,69736850,69739636,69736850,69737029,69742316,69742499,NA,NA,NA,NA,NA,NA
"KO_vs_Parental","A3SS","Alternative 3' Splice Site","A630001G21Rik","ENSMUSG00000052760","chr1","-",0.0017919966577782,-0.389,"0.5,1.0,0.222","0.889,1.0,1.0",NA,NA,NA,NA,NA,NA,85650818,85651108,85650818,85650902,85652841,85653010,NA,NA,NA,NA,NA,NA
"KO_vs_Parental","A3SS","Alternative 3' Splice Site","A630001G21Rik","ENSMUSG00000052760","chr1","-",0.0111128365394581,0.203,"1.0,0.919,1.0","0.707,1.0,0.603",NA,NA,NA,NA,NA,NA,85654179,85654336,85654179,85654223,85664192,85664302,NA,NA,NA,NA,NA,NA
"KO_vs_Parental","A3SS","Alternative 3' Splice Site","Snhg17","ENSMUSG00000085385","chr2","-",4.86264247041226e-08,-0.115,"0.182,0.184,0.184","0.276,0.314,0.306",NA,NA,NA,NA,NA,NA,158202862,158203116,158202862,158202990,158203324,158203399,NA,NA,NA,NA,NA,NA
"KO_vs_Parental","A3SS","Alternative 3' Splice Site","Tcaim","ENSMUSG00000046603","chr9","+",0.0155731818486597,0.167,"0.772,0.871,0.863","0.692,0.548,0.766",NA,NA,NA,NA,NA,NA,122647838,122648091,122647914,122648091,122643496,122643653,NA,NA,NA,NA,NA,NA
"KO_vs_Parental","A3SS","Alternative 3' Splice Site","Fblim1","ENSMUSG00000006219","chr4","-",0.0090919308814737,0.133,"0.875,1.0,1.0","0.787,0.841,0.849",NA,NA,NA,NA,NA,NA,141323205,141323287,141323205,141323224,141327158,141327235,NA,NA,NA,NA,NA,NA
"KO_vs_Parental","A3SS","Alternative 3' Splice Site","Ppp4r1l-ps","ENSMUSG00000121504","chr2","-",7.32510644614119e-05,-0.246,"0.443,0.54,0.462","0.609,0.825,0.749",NA,NA,NA,NA,NA,NA,173457275,173458216,173457275,173457369,173501115,173501160,NA,NA,NA,NA,NA,NA
"KO_vs_Parental","A3SS","Alternative 3' Splice Site","Nr1h2","ENSMUSG00000060601","chr7","-",0.00142787314814198,-0.157,"0.283,0.248,0.201","0.385,0.323,0.494",NA,NA,NA,NA,NA,NA,44201378,44201767,44201378,44201660,44201930,44202044,NA,NA,NA,NA,NA,NA
"KO_vs_Parental","A3SS","Alternative 3' Splice Site","Nr1h2","ENSMUSG00000060601","chr7","-",5.2606083311678e-08,-0.19,"0.264,0.261,0.199","0.399,0.432,0.464",NA,NA,NA,NA,NA,NA,44201378,44201767,44201378,44201669,44201930,44202044,NA,NA,NA,NA,NA,NA
"KO_vs_Parental","A3SS","Alternative 3' Splice Site","Rpusd3","ENSMUSG00000051169","chr6","-",0.00149299055608318,-0.123,"0.846,0.834,0.811","0.928,0.984,0.948",NA,NA,NA,NA,NA,NA,113393267,113393407,113393267,113393393,113393749,113393873,NA,NA,NA,NA,NA,NA
"KO_vs_Parental","A3SS","Alternative 3' Splice Site","Ehmt2","ENSMUSG00000013787","chr17","+",2.43547649383377e-05,-0.115,"0.549,0.589,0.529","0.67,0.664,0.677",NA,NA,NA,NA,NA,NA,35124585,35125034,35124885,35125034,35124317,35124432,NA,NA,NA,NA,NA,NA
"KO_vs_Parental","A3SS","Alternative 3' Splice Site","Gin1","ENSMUSG00000026333","chr1","+",0.0294105227238935,0.16,"0.982,0.892,0.887","0.741,0.62,0.92",NA,NA,NA,NA,NA,NA,97710651,97710957,97710918,97710957,97705050,97705244,NA,NA,NA,NA,NA,NA
"KO_vs_Parental","A3SS","Alternative 3' Splice Site","2900076A07Rik","ENSMUSG00000097277","chr7","+",0.00652268370843638,0.135,"1.0,1.0,0.88","0.754,0.884,0.837",NA,NA,NA,NA,NA,NA,81174825,81174988,81174929,81174988,81173365,81173471,NA,NA,NA,NA,NA,NA
"KO_vs_Parental","A3SS","Alternative 3' Splice Site","Supt20","ENSMUSG00000027751","chr3","+",0.0310500763164325,0.1,"0.48,0.518,0.442","0.456,0.326,0.358",NA,NA,NA,NA,NA,NA,54608907,54609037,54608910,54609037,54606013,54606080,NA,NA,NA,NA,NA,NA
"KO_vs_Parental","A3SS","Alternative 3' Splice Site","Ccdc77","ENSMUSG00000030177","chr6","-",0.00113873760627354,-0.161,"0.378,0.388,0.426","0.487,0.626,0.562",NA,NA,NA,NA,NA,NA,120327167,120327405,120327167,120327351,120330961,120331015,NA,NA,NA,NA,NA,NA
"KO_vs_Parental","A3SS","Alternative 3' Splice Site","Dixdc1","ENSMUSG00000032064","chr9","-",0.00239093834974466,-0.1,"0.829,0.966,0.823","0.937,0.981,1.0",NA,NA,NA,NA,NA,NA,50593332,50593926,50593332,50593500,50595024,50595096,NA,NA,NA,NA,NA,NA
"KO_vs_Parental","A3SS","Alternative 3' Splice Site","Anapc10","ENSMUSG00000036977","chr8","+",2.14297243284012e-08,-0.208,"0.65,0.697,0.669","0.91,0.865,0.866",NA,NA,NA,NA,NA,NA,80439733,80439908,80439781,80439908,80438479,80438603,NA,NA,NA,NA,NA,NA
"KO_vs_Parental","A3SS","Alternative 3' Splice Site","Flcn","ENSMUSG00000032633","chr11","-",1.00566223404621e-09,-0.15,"0.159,0.15,0.096","0.279,0.247,0.33",NA,NA,NA,NA,NA,NA,59685966,59686401,59685966,59686090,59686575,59686689,NA,NA,NA,NA,NA,NA
"KO_vs_Parental","A3SS","Alternative 3' Splice Site","Fastkd3","ENSMUSG00000021532","chr13","+",0.00421420646520348,-0.123,"0.244,0.3,0.27","0.409,0.391,0.383",NA,NA,NA,NA,NA,NA,68737341,68737508,68737438,68737508,68735778,68735953,NA,NA,NA,NA,NA,NA
"KO_vs_Parental","A3SS","Alternative 3' Splice Site","Fam53a","ENSMUSG00000037339","chr5","-",0.0342463944633061,-0.154,"0.846,0.76,0.818","1.0,1.0,0.886",NA,NA,NA,NA,NA,NA,33757699,33765571,33757699,33758224,33771946,33772178,NA,NA,NA,NA,NA,NA
"KO_vs_Parental","A3SS","Alternative 3' Splice Site","Cpsf4","ENSMUSG00000029625","chr5","+",1.16912204264261e-06,-0.166,"0.292,0.336,0.279","0.451,0.484,0.471",NA,NA,NA,NA,NA,NA,145115567,145115738,145115642,145115738,145114039,145114112,NA,NA,NA,NA,NA,NA
"KO_vs_Parental","A3SS","Alternative 3' Splice Site","Cpsf4","ENSMUSG00000029625","chr5","+",0.00202128781156122,-0.133,"0.354,0.421,0.413","0.557,0.554,0.477",NA,NA,NA,NA,NA,NA,145115567,145115738,145115645,145115738,145114039,145114112,NA,NA,NA,NA,NA,NA
"KO_vs_Parental","A3SS","Alternative 3' Splice Site","Cpsf4","ENSMUSG00000029625","chr5","+",0.000628064716394463,-0.105,"0.131,0.166,0.149","0.205,0.268,0.289",NA,NA,NA,NA,NA,NA,145115593,145115738,145115642,145115738,145114039,145114112,NA,NA,NA,NA,NA,NA
"KO_vs_Parental","A3SS","Alternative 3' Splice Site","Kcnc3","ENSMUSG00000062785","chr7","+",0.0122645483791294,0.131,"0.972,0.847,0.925","0.792,0.77,0.788",NA,NA,NA,NA,NA,NA,44247804,44247999,44247807,44247999,44244584,44245692,NA,NA,NA,NA,NA,NA
"KO_vs_Parental","A3SS","Alternative 3' Splice Site","Kcnc3","ENSMUSG00000062785","chr7","+",0.00166340438975306,-0.364,"0.424,0.662,0.638","0.815,1.0,1.0",NA,NA,NA,NA,NA,NA,44247804,44247999,44247807,44247999,44247013,44247043,NA,NA,NA,NA,NA,NA
"KO_vs_Parental","A3SS","Alternative 3' Splice Site","Fam133b","ENSMUSG00000058503","chr5","+",0.00433728684141783,0.1,"0.936,0.956,0.847","0.839,0.792,0.809",NA,NA,NA,NA,NA,NA,3609096,3609159,3609137,3609159,3608660,3608693,NA,NA,NA,NA,NA,NA
"KO_vs_Parental","A3SS","Alternative 3' Splice Site","Morrbid","ENSMUSG00000074813","chr2","-",0.00229548880950237,-0.267,"0.636,0.564,1.0","1.0,1.0,1.0",NA,NA,NA,NA,NA,NA,128198369,128198555,128198369,128198512,128271013,128271246,NA,NA,NA,NA,NA,NA
"KO_vs_Parental","A3SS","Alternative 3' Splice Site","Rpl22l1","ENSMUSG00000039221","chr3","+",0,-0.151,"0.673,0.663,0.646","0.813,0.832,0.789",NA,NA,NA,NA,NA,NA,28860818,28861007,28860885,28861007,28860648,28860741,NA,NA,NA,NA,NA,NA
"KO_vs_Parental","A3SS","Alternative 3' Splice Site","Sema6d","ENSMUSG00000027200","chr2","+",0.0366367296114481,-0.139,"0.197,0.284,0.266","0.41,0.357,0.396",NA,NA,NA,NA,NA,NA,124502163,124502264,124502202,124502264,124501726,124501804,NA,NA,NA,NA,NA,NA
"KO_vs_Parental","A3SS","Alternative 3' Splice Site","Prpf40a","ENSMUSG00000061136","chr2","-",0.00512136128485929,0.145,"0.269,0.071,0.227","0.133,0.0,0.0",NA,NA,NA,NA,NA,NA,53078459,53078552,53078459,53078539,53079980,53080112,NA,NA,NA,NA,NA,NA
"KO_vs_Parental","A3SS","Alternative 3' Splice Site","Fkbp1a","ENSMUSG00000032966","chr2","+",0.00673095667773797,-0.133,"0.742,0.676,0.631","0.839,0.836,0.772",NA,NA,NA,NA,NA,NA,151385825,151386060,151385932,151386060,151384737,151384785,NA,NA,NA,NA,NA,NA
"KO_vs_Parental","A3SS","Alternative 3' Splice Site","4930581F22Rik","ENSMUSG00000070315","chr9","+",8.4908173649692e-05,0.413,"1.0,0.921,1.0","0.795,0.245,0.641",NA,NA,NA,NA,NA,NA,35028842,35029152,35028860,35029152,35028664,35028728,NA,NA,NA,NA,NA,NA
"KO_vs_Parental","A3SS","Alternative 3' Splice Site","Gcfc2","ENSMUSG00000035125","chr6","+",0.0342515878176955,-0.134,"0.678,0.716,0.582","0.78,0.867,0.732",NA,NA,NA,NA,NA,NA,81921301,81921501,81921387,81921501,81920409,81920522,NA,NA,NA,NA,NA,NA
"KO_vs_Parental","A3SS","Alternative 3' Splice Site","Macf1","ENSMUSG00000028649","chr4","-",0.000311476995741235,-0.452,"0.0,0.0,0.0","0.0,0.831,0.524",NA,NA,NA,NA,NA,NA,123262613,123262628,123262613,123262625,123263597,123263761,NA,NA,NA,NA,NA,NA
"KO_vs_Parental","A3SS","Alternative 3' Splice Site","Ushbp1","ENSMUSG00000034911","chr8","-",0.00142787314814198,-0.193,"1.0,0.903,0.519","1.0,1.0,1.0",NA,NA,NA,NA,NA,NA,71843284,71843425,71843284,71843373,71843564,71843698,NA,NA,NA,NA,NA,NA
"KO_vs_Parental","A3SS","Alternative 3' Splice Site","Rnf13","ENSMUSG00000036503","chr3","+",0,-0.148,"0.139,0.161,0.11","0.245,0.297,0.311",NA,NA,NA,NA,NA,NA,57709138,57709958,57709867,57709958,57703618,57703706,NA,NA,NA,NA,NA,NA
"KO_vs_Parental","A3SS","Alternative 3' Splice Site","Rnf13","ENSMUSG00000036503","chr3","+",0.00864251477956487,-0.196,"0.408,0.523,0.419","0.52,0.686,0.733",NA,NA,NA,NA,NA,NA,57709138,57709958,57709867,57709958,57703618,57703716,NA,NA,NA,NA,NA,NA
"KO_vs_Parental","A3SS","Alternative 3' Splice Site","Pknox1","ENSMUSG00000006705","chr17","+",0.00456633415330709,0.101,"0.839,0.873,0.868","0.785,0.776,0.716",NA,NA,NA,NA,NA,NA,31814198,31814298,31814201,31814298,31811078,31811249,NA,NA,NA,NA,NA,NA
"KO_vs_Parental","A3SS","Alternative 3' Splice Site","Pfkfb4","ENSMUSG00000025648","chr9","+",0.045273854951087,-0.104,"0.131,0.089,0.107","0.274,0.269,0.097",NA,NA,NA,NA,NA,NA,108839409,108839724,108839516,108839724,108837416,108837538,NA,NA,NA,NA,NA,NA
"KO_vs_Parental","A3SS","Alternative 3' Splice Site","Rassf7","ENSMUSG00000038618","chr7","+",4.60210421598813e-06,0.111,"0.982,0.967,0.982","0.836,0.851,0.911",NA,NA,NA,NA,NA,NA,140796912,140797625,140796941,140797625,140796633,140796764,NA,NA,NA,NA,NA,NA
"KO_vs_Parental","A3SS","Alternative 3' Splice Site","Crem","ENSMUSG00000063889","chr18","-",0.000367955025821678,0.205,"0.117,0.203,0.337","0.0,0.042,0.0",NA,NA,NA,NA,NA,NA,3276693,3276775,3276693,3276729,3295039,3295182,NA,NA,NA,NA,NA,NA
"KO_vs_Parental","A3SS","Alternative 3' Splice Site","Rsrp1","ENSMUSG00000037266","chr4","+",0.00228150982826475,-0.101,"0.493,0.482,0.497","0.567,0.585,0.623",NA,NA,NA,NA,NA,NA,134653336,134654129,134654045,134654129,134652603,134652743,NA,NA,NA,NA,NA,NA
"KO_vs_Parental","A3SS","Alternative 3' Splice Site","Slc22a17","ENSMUSG00000022199","chr14","-",0.00108550281109133,-0.38,"0.391,0.486,0.565","1.0,0.692,0.889",NA,NA,NA,NA,NA,NA,55144975,55145823,55144975,55145087,55145958,55146104,NA,NA,NA,NA,NA,NA
"KO_vs_Parental","A3SS","Alternative 3' Splice Site","Itpr1","ENSMUSG00000030102","chr6","+",0.0115653254594279,0.377,"0.407,0.534,0.766","0.329,0.0,0.246",NA,NA,NA,NA,NA,NA,108409606,108409657,108409609,108409657,108408421,108408457,NA,NA,NA,NA,NA,NA
"KO_vs_Parental","A3SS","Alternative 3' Splice Site","Iffo1","ENSMUSG00000038271","chr6","+",0,0.227,"0.658,0.637,0.615","0.416,0.389,0.425",NA,NA,NA,NA,NA,NA,125128757,125129734,125129576,125129734,125128347,125128488,NA,NA,NA,NA,NA,NA
"KO_vs_Parental","A3SS","Alternative 3' Splice Site","Iffo1","ENSMUSG00000038271","chr6","+",2.11460521315532e-09,0.164,"0.372,0.327,0.335","0.211,0.138,0.194",NA,NA,NA,NA,NA,NA,125129406,125129734,125129576,125129734,125128347,125128488,NA,NA,NA,NA,NA,NA
"KO_vs_Parental","A3SS","Alternative 3' Splice Site","Iffo1","ENSMUSG00000038271","chr6","+",0.00675985083208113,-0.302,"0.766,0.329,1.0","1.0,1.0,1.0",NA,NA,NA,NA,NA,NA,125130369,125130465,125130372,125130465,125129576,125129734,NA,NA,NA,NA,NA,NA
"KO_vs_Parental","A3SS","Alternative 3' Splice Site","Pou2f2","ENSMUSG00000008496","chr7","-",0.00327434105825633,-0.15,"0.151,0.23,0.138","0.357,0.351,0.261",NA,NA,NA,NA,NA,NA,24797078,24797240,24797078,24797192,24799376,24799468,NA,NA,NA,NA,NA,NA
"KO_vs_Parental","A3SS","Alternative 3' Splice Site","Fbxo17","ENSMUSG00000030598","chr7","+",0.017834709152062,-0.117,"0.869,0.767,0.744","0.912,0.833,0.985",NA,NA,NA,NA,NA,NA,28436763,28437569,28437089,28437569,28435492,28435628,NA,NA,NA,NA,NA,NA
"KO_vs_Parental","A3SS","Alternative 3' Splice Site","Zfp27","ENSMUSG00000062040","chr7","-",0.00113873760627354,-0.323,"0.0,0.0,0.0","0.475,0.34,0.153",NA,NA,NA,NA,NA,NA,29603324,29603484,29603324,29603468,29605634,29605997,NA,NA,NA,NA,NA,NA
"KO_vs_Parental","A3SS","Alternative 3' Splice Site","Snrnp70","ENSMUSG00000063511","chr7","-",0,-0.189,"0.16,0.145,0.157","0.284,0.388,0.356",NA,NA,NA,NA,NA,NA,45030140,45032608,45030140,45030242,45033227,45033309,NA,NA,NA,NA,NA,NA
"KO_vs_Parental","A3SS","Alternative 3' Splice Site","Nek4","ENSMUSG00000021918","chr14","+",0.0036105045263511,0.108,"1.0,1.0,1.0","1.0,1.0,0.677",NA,NA,NA,NA,NA,NA,30696171,30696315,30696264,30696315,30692119,30692521,NA,NA,NA,NA,NA,NA
"KO_vs_Parental","A3SS","Alternative 3' Splice Site","Tlcd3b","ENSMUSG00000058966","chr7","+",0.00142787314814198,0.128,"1.0,1.0,1.0","0.926,0.778,0.911",NA,NA,NA,NA,NA,NA,126416288,126416483,126416360,126416483,126416056,126416173,NA,NA,NA,NA,NA,NA
"KO_vs_Parental","A3SS","Alternative 3' Splice Site","Tlcd3b","ENSMUSG00000058966","chr7","+",0.00142787314814198,0.166,"1.0,1.0,1.0","0.824,0.719,0.959",NA,NA,NA,NA,NA,NA,126418995,126419126,126418999,126419126,126417465,126417565,NA,NA,NA,NA,NA,NA
"KO_vs_Parental","A3SS","Alternative 3' Splice Site","Rab36","ENSMUSG00000020175","chr10","+",0.0103764690780867,-0.142,"0.9,0.769,0.782","1.0,0.878,1.0",NA,NA,NA,NA,NA,NA,74874189,74874352,74874271,74874352,74873153,74873315,NA,NA,NA,NA,NA,NA
"KO_vs_Parental","A3SS","Alternative 3' Splice Site","Ogfod2","ENSMUSG00000023707","chr5","+",0.0372747528185535,-0.144,"0.566,0.643,0.735","0.797,0.762,0.817",NA,NA,NA,NA,NA,NA,124252127,124252708,124252450,124252708,124251491,124251591,NA,NA,NA,NA,NA,NA
"KO_vs_Parental","A3SS","Alternative 3' Splice Site","Plekha7","ENSMUSG00000045659","chr7","-",0.00320326236666496,0.125,"1.0,1.0,1.0","0.871,1.0,0.754",NA,NA,NA,NA,NA,NA,115726170,115726281,115726170,115726276,115727788,115727928,NA,NA,NA,NA,NA,NA
"KO_vs_Parental","A3SS","Alternative 3' Splice Site","Matn2","ENSMUSG00000022324","chr15","+",0.0070204645062952,-0.225,"1.0,0.591,0.325","0.591,1.0,1.0",NA,NA,NA,NA,NA,NA,34433178,34433313,34433235,34433313,34432825,34432897,NA,NA,NA,NA,NA,NA
"KO_vs_Parental","A3SS","Alternative 3' Splice Site","Eri2","ENSMUSG00000030929","chr7","-",0.0304052625069338,-0.118,"0.858,0.726,0.893","0.865,0.966,1.0",NA,NA,NA,NA,NA,NA,119385961,119386708,119385961,119386050,119386956,119387057,NA,NA,NA,NA,NA,NA
"KO_vs_Parental","A3SS","Alternative 3' Splice Site","Pnpla6","ENSMUSG00000004565","chr8","+",0.0376605250073121,-0.131,"0.498,0.538,0.434","0.586,0.615,0.662",NA,NA,NA,NA,NA,NA,3573998,3574166,3574010,3574166,3573757,3573867,NA,NA,NA,NA,NA,NA
"KO_vs_Parental","A3SS","Alternative 3' Splice Site","Cgas","ENSMUSG00000032344","chr9","-",0.000770620919308438,0.149,"0.176,0.269,0.093","0.0,0.074,0.018",NA,NA,NA,NA,NA,NA,78342722,78343009,78342722,78342965,78344584,78344804,NA,NA,NA,NA,NA,NA
"KO_vs_Parental","A3SS","Alternative 3' Splice Site","Map1s","ENSMUSG00000019261","chr8","+",0.0164575975703936,-0.173,"0.616,0.944,0.878","0.957,1.0,1.0",NA,NA,NA,NA,NA,NA,71364050,71364170,71364087,71364170,71363588,71363693,NA,NA,NA,NA,NA,NA
"KO_vs_Parental","A3SS","Alternative 3' Splice Site","Crnde","ENSMUSG00000031736","chr8","-",0.00373483995910707,0.127,"0.412,0.359,0.465","0.282,0.277,0.296",NA,NA,NA,NA,NA,NA,93073411,93073732,93073411,93073546,93077318,93077382,NA,NA,NA,NA,NA,NA
"KO_vs_Parental","A3SS","Alternative 3' Splice Site","1810019D21Rik","ENSMUSG00000086390","chr8","+",0.0179497366904471,0.133,"0.333,0.4,0.667","0.0,0.0,1.0",NA,NA,NA,NA,NA,NA,106864100,106865350,106864459,106865350,106863801,106863982,NA,NA,NA,NA,NA,NA
"KO_vs_Parental","A3SS","Alternative 3' Splice Site","Mthfsd","ENSMUSG00000031816","chr8","-",0.016054915571291,-0.196,"0.337,0.31,0.217","0.411,0.551,0.491",NA,NA,NA,NA,NA,NA,121831130,121831297,121831130,121831244,121832456,121832570,NA,NA,NA,NA,NA,NA
"KO_vs_Parental","A3SS","Alternative 3' Splice Site","Itga2b","ENSMUSG00000034664","chr11","-",0.000824218887615408,0.22,"1.0,1.0,1.0","0.739,1.0,0.6",NA,NA,NA,NA,NA,NA,102355765,102356183,102355765,102355977,102356536,102356580,NA,NA,NA,NA,NA,NA
"KO_vs_Parental","A3SS","Alternative 3' Splice Site","Ilf3","ENSMUSG00000032178","chr9","+",0.0324497181581723,0.11,"0.163,0.134,0.258","0.122,0.104,0.0",NA,NA,NA,NA,NA,NA,21310408,21310546,21310420,21310546,21308764,21308964,NA,NA,NA,NA,NA,NA
"KO_vs_Parental","A3SS","Alternative 3' Splice Site","Ccl27a","ENSMUSG00000073888","chr4","-",0.0376964902249481,0.121,"1.0,1.0,1.0","0.883,1.0,0.753",NA,NA,NA,NA,NA,NA,41771137,41771235,41771137,41771213,41773464,41773524,NA,NA,NA,NA,NA,NA
"KO_vs_Parental","A3SS","Alternative 3' Splice Site","Ccl27a","ENSMUSG00000073888","chr4","-",0.035028989718544,0.128,"1.0,1.0,1.0","0.767,1.0,0.849",NA,NA,NA,NA,NA,NA,41771137,41771290,41771137,41771213,41773464,41773524,NA,NA,NA,NA,NA,NA
"KO_vs_Parental","A3SS","Alternative 3' Splice Site","Ncoa3","ENSMUSG00000027678","chr2","+",0.00447889036818585,0.143,"0.54,0.607,0.567","0.474,0.466,0.344",NA,NA,NA,NA,NA,NA,165910248,165910468,165910251,165910468,165909481,165909565,NA,NA,NA,NA,NA,NA
"KO_vs_Parental","A3SS","Alternative 3' Splice Site","Cacna2d2","ENSMUSG00000010066","chr9","+",0.000653313495696103,0.393,"0.269,0.746,0.164","0.0,0.0,0.0",NA,NA,NA,NA,NA,NA,107402808,107402859,107402811,107402859,107402542,107402631,NA,NA,NA,NA,NA,NA
"KO_vs_Parental","A3SS","Alternative 3' Splice Site","Cdv3","ENSMUSG00000032803","chr9","-",9.37789302728417e-06,0.125,"0.61,0.532,0.59","0.475,0.441,0.441",NA,NA,NA,NA,NA,NA,103230302,103233228,103230302,103232512,103233478,103233638,NA,NA,NA,NA,NA,NA
"KO_vs_Parental","A3SS","Alternative 3' Splice Site","Elf2","ENSMUSG00000037174","chr3","-",0.000903645759405032,-0.104,"0.511,0.572,0.51","0.63,0.631,0.643",NA,NA,NA,NA,NA,NA,51172289,51172463,51172289,51172427,51174173,51174287,NA,NA,NA,NA,NA,NA
"KO_vs_Parental","A3SS","Alternative 3' Splice Site","Sppl2b","ENSMUSG00000035206","chr10","+",0.0267392395380966,0.119,"0.364,0.354,0.444","0.216,0.277,0.311",NA,NA,NA,NA,NA,NA,80699010,80699153,80699013,80699153,80698788,80698928,NA,NA,NA,NA,NA,NA
"KO_vs_Parental","A3SS","Alternative 3' Splice Site","Folr1","ENSMUSG00000001827","chr7","-",0.0207533330114718,0.123,"0.833,0.751,0.808","0.609,0.646,0.767",NA,NA,NA,NA,NA,NA,101517604,101517758,101517604,101517674,101518363,101518511,NA,NA,NA,NA,NA,NA
"KO_vs_Parental","A3SS","Alternative 3' Splice Site","Folr1","ENSMUSG00000001827","chr7","-",0.0163113294054466,0.159,"0.779,0.664,0.749","0.497,0.549,0.669",NA,NA,NA,NA,NA,NA,101517604,101517761,101517604,101517674,101518363,101518511,NA,NA,NA,NA,NA,NA
"KO_vs_Parental","A3SS","Alternative 3' Splice Site","Folr1","ENSMUSG00000001827","chr7","-",0.0011148471950827,0.179,"1.0,1.0,1.0","0.847,0.617,1.0",NA,NA,NA,NA,NA,NA,101518363,101518524,101518363,101518511,101519244,101519308,NA,NA,NA,NA,NA,NA
"KO_vs_Parental","A3SS","Alternative 3' Splice Site","Slc22a21","ENSMUSG00000063652","chr11","-",0.0352120933528455,0.366,"1.0,0.615,1.0","0.462,0.625,0.429",NA,NA,NA,NA,NA,NA,53851108,53851447,53851108,53851263,53860325,53860429,NA,NA,NA,NA,NA,NA
"KO_vs_Parental","A3SS","Alternative 3' Splice Site","4930517G24Rik","ENSMUSG00000120083","chr8","+",0.0373725835302554,0.314,"0.272,1.0,1.0","0.457,0.6,0.272",NA,NA,NA,NA,NA,NA,107944106,107944344,107944156,107944344,107938791,107939003,NA,NA,NA,NA,NA,NA
"KO_vs_Parental","A3SS","Alternative 3' Splice Site","Bltp2","ENSMUSG00000010277","chr11","+",0.0339386086556333,-0.374,"0.761,0.117,1.0","1.0,1.0,1.0",NA,NA,NA,NA,NA,NA,78164228,78164385,78164266,78164385,78163603,78163795,NA,NA,NA,NA,NA,NA
"KO_vs_Parental","A5SS","Alternative 5' Splice Site","Klhl4","ENSMUSG00000025597","chrX","+",0.000637135248355965,0.219,"0.472,0.133,0.051","0.0,0.0,0.0",NA,NA,NA,NA,NA,NA,113452698,113452885,113452698,113452867,113459049,113459274,NA,NA,NA,NA,NA,NA
"KO_vs_Parental","A5SS","Alternative 5' Splice Site","Tafazzin","ENSMUSG00000009995","chrX","+",0,-0.269,"0.636,0.644,0.608","0.884,0.878,0.934",NA,NA,NA,NA,NA,NA,73332056,73332625,73332056,73332119,73332710,73332788,NA,NA,NA,NA,NA,NA
"KO_vs_Parental","A5SS","Alternative 5' Splice Site","Porcn","ENSMUSG00000031169","chrX","-",0.000954801797298901,-0.149,"0.125,0.0,0.019","0.097,0.254,0.241",NA,NA,NA,NA,NA,NA,8064444,8065391,8065305,8065391,8064213,8064324,NA,NA,NA,NA,NA,NA
"KO_vs_Parental","A5SS","Alternative 5' Splice Site","Oga","ENSMUSG00000025220","chr19","-",1.40740121613721e-05,-0.237,"0.6,0.939,0.75","1.0,1.0,1.0",NA,NA,NA,NA,NA,NA,45765325,45767123,45767025,45767123,45762100,45762199,NA,NA,NA,NA,NA,NA
"KO_vs_Parental","A5SS","Alternative 5' Splice Site","Slf2","ENSMUSG00000036097","chr19","+",1.10463490206903e-12,-0.279,"0.169,0.248,0.21","0.407,0.535,0.522",NA,NA,NA,NA,NA,NA,44929897,44931378,44929897,44930865,44931887,44931958,NA,NA,NA,NA,NA,NA
"KO_vs_Parental","A5SS","Alternative 5' Splice Site","Trpm3","ENSMUSG00000052387","chr19","+",0.01471904510773,0.266,"0.287,0.402,0.446","0.0,0.257,0.079",NA,NA,NA,NA,NA,NA,22903259,22903470,22903259,22903434,22955655,22955806,NA,NA,NA,NA,NA,NA
"KO_vs_Parental","A5SS","Alternative 5' Splice Site","Ehbp1l1","ENSMUSG00000024937","chr19","-",8.00047002018589e-07,0.243,"0.679,0.753,0.659","0.479,0.466,0.416",NA,NA,NA,NA,NA,NA,5767689,5770435,5769975,5770435,5767066,5767224,NA,NA,NA,NA,NA,NA
"KO_vs_Parental","A5SS","Alternative 5' Splice Site","Clip4","ENSMUSG00000024059","chr17","+",0.00934809621242734,0.588,"1.0,0.0,1.0","0.0,0.075,0.161",NA,NA,NA,NA,NA,NA,72135501,72135700,72135501,72135645,72138199,72138334,NA,NA,NA,NA,NA,NA
"KO_vs_Parental","A5SS","Alternative 5' Splice Site","Nelfe","ENSMUSG00000024369","chr17","+",3.25180436154318e-05,0.111,"0.298,0.334,0.318","0.223,0.217,0.177",NA,NA,NA,NA,NA,NA,35069383,35069650,35069383,35069438,35069886,35069969,NA,NA,NA,NA,NA,NA
"KO_vs_Parental","A5SS","Alternative 5' Splice Site","Traf7","ENSMUSG00000052752","chr17","-",0.00056318513980155,0.236,"0.451,0.368,0.53","0.224,0.23,0.186",NA,NA,NA,NA,NA,NA,24738087,24738220,24738104,24738220,24737715,24737768,NA,NA,NA,NA,NA,NA
"KO_vs_Parental","A5SS","Alternative 5' Splice Site","Scaf11","ENSMUSG00000033228","chr15","-",1.21258134191209e-05,-0.139,"0.496,0.471,0.473","0.623,0.603,0.631",NA,NA,NA,NA,NA,NA,96313609,96313828,96313657,96313828,96312912,96313032,NA,NA,NA,NA,NA,NA
"KO_vs_Parental","A5SS","Alternative 5' Splice Site","Asap1","ENSMUSG00000022377","chr15","-",0.00654821246469138,-0.135,"0.756,0.74,0.734","0.827,0.907,0.902",NA,NA,NA,NA,NA,NA,64030726,64030853,64030766,64030853,64024678,64024779,NA,NA,NA,NA,NA,NA
"KO_vs_Parental","A5SS","Alternative 5' Splice Site","Asap1","ENSMUSG00000022377","chr15","-",0.00350149210776264,-0.134,"0.781,0.752,0.73","0.838,0.92,0.908",NA,NA,NA,NA,NA,NA,64030730,64030853,64030766,64030853,64024678,64024779,NA,NA,NA,NA,NA,NA
"KO_vs_Parental","A5SS","Alternative 5' Splice Site","Ap1g2","ENSMUSG00000040701","chr14","-",0.0113183482487826,-0.125,"0.863,0.732,0.784","0.917,0.976,0.862",NA,NA,NA,NA,NA,NA,55342038,55342384,55342287,55342384,55341819,55341915,NA,NA,NA,NA,NA,NA
"KO_vs_Parental","A5SS","Alternative 5' Splice Site","Tmem161b","ENSMUSG00000035762","chr13","+",1.98350925699979e-07,0.177,"0.226,0.336,0.373","0.159,0.138,0.108",NA,NA,NA,NA,NA,NA,84432103,84432304,84432103,84432244,84434803,84434917,NA,NA,NA,NA,NA,NA
"KO_vs_Parental","A5SS","Alternative 5' Splice Site","Zfp184","ENSMUSG00000006720","chr13","+",0.0141332685225512,0.117,"0.2,0.277,0.186","0.089,0.165,0.059",NA,NA,NA,NA,NA,NA,22129281,22129588,22129281,22129369,22129725,22129969,NA,NA,NA,NA,NA,NA
"KO_vs_Parental","A5SS","Alternative 5' Splice Site","Gm49668","ENSMUSG00000116718","chr17","-",0.0232348341468069,0.161,"1.0,0.789,1.0","0.75,1.0,0.556",NA,NA,NA,NA,NA,NA,15643507,15644705,15644545,15644705,15642316,15642666,NA,NA,NA,NA,NA,NA
"KO_vs_Parental","A5SS","Alternative 5' Splice Site","Dync2i1","ENSMUSG00000042050","chr12","-",0.00050872138690658,-0.166,"0.867,0.957,0.679","1.0,1.0,1.0",NA,NA,NA,NA,NA,NA,116189584,116189757,116189595,116189757,116188506,116188669,NA,NA,NA,NA,NA,NA
"KO_vs_Parental","A5SS","Alternative 5' Splice Site","Klc1","ENSMUSG00000021288","chr12","+",2.65993989441682e-05,0.135,"0.688,0.688,0.724","0.565,0.564,0.567",NA,NA,NA,NA,NA,NA,111755758,111755920,111755758,111755893,111761981,111762112,NA,NA,NA,NA,NA,NA
"KO_vs_Parental","A5SS","Alternative 5' Splice Site","Prpf39","ENSMUSG00000035597","chr12","+",1.45704937610086e-08,-0.13,"0.789,0.776,0.768","0.914,0.874,0.936",NA,NA,NA,NA,NA,NA,65090005,65090651,65090005,65090131,65090779,65090898,NA,NA,NA,NA,NA,NA
"KO_vs_Parental","A5SS","Alternative 5' Splice Site","Cant1","ENSMUSG00000025575","chr11","-",0.031712275966964,-0.139,"0.886,1.0,0.632","1.0,1.0,0.934",NA,NA,NA,NA,NA,NA,118309755,118309878,118309797,118309878,118301678,118302337,NA,NA,NA,NA,NA,NA
"KO_vs_Parental","A5SS","Alternative 5' Splice Site","Slc39a11","ENSMUSG00000041654","chr11","-",0.000309915091843386,-0.114,"0.283,0.289,0.252","0.397,0.386,0.384",NA,NA,NA,NA,NA,NA,113354776,113354921,113354797,113354921,113260553,113260724,NA,NA,NA,NA,NA,NA
"KO_vs_Parental","A5SS","Alternative 5' Splice Site","Blzf1","ENSMUSG00000026577","chr1","-",0.0243640532224181,0.102,"0.609,0.631,0.677","0.556,0.584,0.471",NA,NA,NA,NA,NA,NA,164131416,164131493,164131472,164131493,164129852,164130289,NA,NA,NA,NA,NA,NA
"KO_vs_Parental","A5SS","Alternative 5' Splice Site","Zscan21","ENSMUSG00000037017","chr5","+",0.00149894073672996,0.137,"0.699,0.715,0.732","0.588,0.547,0.601",NA,NA,NA,NA,NA,NA,138115198,138115269,138115198,138115250,138123239,138123952,NA,NA,NA,NA,NA,NA
"KO_vs_Parental","A5SS","Alternative 5' Splice Site","Ube2d-ps","ENSMUSG00000121496","chr11","+",0.0496465140507835,-0.142,"0.073,0.046,0.14","0.229,0.294,0.163",NA,NA,NA,NA,NA,NA,5730205,5730653,5730205,5730635,5733891,5734711,NA,NA,NA,NA,NA,NA
"KO_vs_Parental","A5SS","Alternative 5' Splice Site","Ube2d-ps","ENSMUSG00000121496","chr11","+",0.00115938602524451,0.125,"1.0,1.0,1.0","0.8,1.0,0.826",NA,NA,NA,NA,NA,NA,5730205,5731264,5730205,5730653,5733891,5734714,NA,NA,NA,NA,NA,NA
"KO_vs_Parental","A5SS","Alternative 5' Splice Site","Ube2d-ps","ENSMUSG00000121496","chr11","+",0.00142126781490491,0.123,"1.0,1.0,1.0","0.806,1.0,0.826",NA,NA,NA,NA,NA,NA,5730205,5731838,5730205,5730653,5733891,5734714,NA,NA,NA,NA,NA,NA
"KO_vs_Parental","A5SS","Alternative 5' Splice Site","Gm10419","ENSMUSG00000072769","chr5","+",0.00339621739165654,-0.277,"0.66,0.393,0.647","0.804,0.855,0.872",NA,NA,NA,NA,NA,NA,108517221,108517544,108517221,108517351,108520081,108520274,NA,NA,NA,NA,NA,NA
"KO_vs_Parental","A5SS","Alternative 5' Splice Site","Esco1","ENSMUSG00000024293","chr18","-",0.031212993830915,0.105,"0.915,0.912,0.94","0.706,0.969,0.776",NA,NA,NA,NA,NA,NA,10593745,10595875,10595675,10595875,10588438,10588550,NA,NA,NA,NA,NA,NA
"KO_vs_Parental","A5SS","Alternative 5' Splice Site","Snapc4","ENSMUSG00000036281","chr2","-",0.00601705267017193,0.132,"0.681,0.667,0.68","0.506,0.505,0.621",NA,NA,NA,NA,NA,NA,26262742,26262837,26262770,26262837,26260844,26260892,NA,NA,NA,NA,NA,NA
"KO_vs_Parental","A5SS","Alternative 5' Splice Site","Cyb561d1","ENSMUSG00000048796","chr3","-",0.0354412646983859,-0.101,"0.82,0.779,0.846","0.949,0.902,0.898",NA,NA,NA,NA,NA,NA,108107942,108108150,108108075,108108150,108107440,108107478,NA,NA,NA,NA,NA,NA
"KO_vs_Parental","A5SS","Alternative 5' Splice Site","Rexo5","ENSMUSG00000030924","chr7","+",0.0113735893624204,-0.183,"0.043,0.037,0.157","0.085,0.412,0.288",NA,NA,NA,NA,NA,NA,119426525,119426602,119426525,119426599,119427314,119427429,NA,NA,NA,NA,NA,NA
"KO_vs_Parental","A5SS","Alternative 5' Splice Site","Kcnn1","ENSMUSG00000002908","chr8","-",9.07466388347557e-05,-0.257,"0.78,0.722,0.727","1.0,1.0,1.0",NA,NA,NA,NA,NA,NA,71314308,71314417,71314341,71314417,71307644,71308121,NA,NA,NA,NA,NA,NA
"KO_vs_Parental","A5SS","Alternative 5' Splice Site","Il15ra","ENSMUSG00000023206","chr2","+",0.00339621739165654,-0.18,"0.721,1.0,0.628","0.959,0.95,0.981",NA,NA,NA,NA,NA,NA,11723074,11723269,11723074,11723153,11724823,11724916,NA,NA,NA,NA,NA,NA
"KO_vs_Parental","A5SS","Alternative 5' Splice Site","Ikbkg","ENSMUSG00000004221","chrX","+",0.00350149210776264,-0.313,"0.061,0.158,0.0","0.513,0.187,0.457",NA,NA,NA,NA,NA,NA,73471367,73471508,73471367,73471480,73476410,73476612,NA,NA,NA,NA,NA,NA
"KO_vs_Parental","A5SS","Alternative 5' Splice Site","Ankrd16","ENSMUSG00000047909","chr2","+",0.022654750789905,0.119,"0.719,0.741,0.697","0.583,0.541,0.676",NA,NA,NA,NA,NA,NA,11784487,11784708,11784487,11784634,11786287,11788567,NA,NA,NA,NA,NA,NA
"KO_vs_Parental","A5SS","Alternative 5' Splice Site","Rab3gap2","ENSMUSG00000039318","chr1","+",7.90009088905607e-07,-0.14,"0.676,0.761,0.731","0.871,0.858,0.859",NA,NA,NA,NA,NA,NA,184999097,184999271,184999097,184999211,184999369,184999476,NA,NA,NA,NA,NA,NA
"KO_vs_Parental","A5SS","Alternative 5' Splice Site","Gm32085","ENSMUSG00000119993","chr3","+",0.00868127378790366,-0.304,"0.692,0.385,0.647","1.0,0.636,1.0",NA,NA,NA,NA,NA,NA,152413486,152414250,152413486,152413934,152415071,152415541,NA,NA,NA,NA,NA,NA
"KO_vs_Parental","A5SS","Alternative 5' Splice Site","Triobp","ENSMUSG00000033088","chr15","+",0.002911328604257,0.1,"0.162,0.122,0.196","0.057,0.049,0.073",NA,NA,NA,NA,NA,NA,78832380,78832613,78832380,78832538,78835103,78835255,NA,NA,NA,NA,NA,NA
"KO_vs_Parental","A5SS","Alternative 5' Splice Site","Helq","ENSMUSG00000035266","chr5","-",0.0117715976637011,-0.109,"0.392,0.763,0.518","0.0,1.0,1.0",NA,NA,NA,NA,NA,NA,100937991,100938102,100938004,100938102,100933147,100933293,NA,NA,NA,NA,NA,NA
"KO_vs_Parental","A5SS","Alternative 5' Splice Site","Spata6","ENSMUSG00000034401","chr4","+",0.000349511609743065,0.116,"0.965,0.969,0.961","0.916,0.836,0.795",NA,NA,NA,NA,NA,NA,111663127,111663227,111663127,111663179,111679937,111680029,NA,NA,NA,NA,NA,NA
"KO_vs_Parental","A5SS","Alternative 5' Splice Site","1700037H04Rik","ENSMUSG00000027327","chr2","-",0.0129518071127049,0.171,"0.041,0.447,0.105","0.079,0.0,0.0",NA,NA,NA,NA,NA,NA,130995504,130995630,130995513,130995630,130993537,130993676,NA,NA,NA,NA,NA,NA
"KO_vs_Parental","A5SS","Alternative 5' Splice Site","Ikzf2","ENSMUSG00000025997","chr1","-",0.00305348341958553,-0.308,"0.396,0.425,0.918","1.0,0.663,1.0",NA,NA,NA,NA,NA,NA,69616939,69617206,69617017,69617206,69609651,69609819,NA,NA,NA,NA,NA,NA
"KO_vs_Parental","A5SS","Alternative 5' Splice Site","Wnt11","ENSMUSG00000015957","chr7","+",6.94416158063114e-06,-0.417,"0.75,0.571,0.429","1.0,1.0,1.0",NA,NA,NA,NA,NA,NA,98496380,98496658,98496380,98496494,98499433,98499726,NA,NA,NA,NA,NA,NA
"KO_vs_Parental","A5SS","Alternative 5' Splice Site","Map4k4","ENSMUSG00000026074","chr1","+",4.11650532082589e-05,-0.723,"0.086,0.274,0.0","0.611,1.0,0.919",NA,NA,NA,NA,NA,NA,40046592,40046699,40046592,40046690,40048847,40049023,NA,NA,NA,NA,NA,NA
"KO_vs_Parental","A5SS","Alternative 5' Splice Site","Tmem141","ENSMUSG00000026939","chr2","-",0.0322957806500309,-0.124,"0.037,0.092,0.147","0.234,0.164,0.251",NA,NA,NA,NA,NA,NA,25511372,25511470,25511386,25511470,25511077,25511185,NA,NA,NA,NA,NA,NA
"KO_vs_Parental","A5SS","Alternative 5' Splice Site","Gas5","ENSMUSG00000053332","chr1","+",0.00505031259913,-0.194,"0.527,0.631,0.753","0.842,0.821,0.831",NA,NA,NA,NA,NA,NA,160862735,160862846,160862735,160862764,160863321,160863374,NA,NA,NA,NA,NA,NA
"KO_vs_Parental","A5SS","Alternative 5' Splice Site","Gas5","ENSMUSG00000053332","chr1","+",0.000395089035364382,0.144,"0.575,0.576,0.65","0.409,0.512,0.448",NA,NA,NA,NA,NA,NA,160863777,160864149,160863777,160863814,160864389,160864422,NA,NA,NA,NA,NA,NA
"KO_vs_Parental","A5SS","Alternative 5' Splice Site","Tpd52","ENSMUSG00000027506","chr3","-",0.0313753228617563,0.118,"0.257,0.0,0.151","0.0,0.053,0.0",NA,NA,NA,NA,NA,NA,9068339,9068494,9068347,9068494,9018743,9018859,NA,NA,NA,NA,NA,NA
"KO_vs_Parental","A5SS","Alternative 5' Splice Site","Arl4a","ENSMUSG00000047446","chr12","-",0.0493369984296663,-0.213,"1.0,1.0,0.36","1.0,1.0,1.0",NA,NA,NA,NA,NA,NA,40056698,40059819,40059700,40059819,40055445,40055710,NA,NA,NA,NA,NA,NA
"KO_vs_Parental","A5SS","Alternative 5' Splice Site","8030474K03Rik","ENSMUSG00000046774","chrX","+",0.0177966632708123,-0.157,"0.386,0.328,0.485","0.588,0.54,0.543",NA,NA,NA,NA,NA,NA,100841707,100841771,100841707,100841762,100841947,100841989,NA,NA,NA,NA,NA,NA
"KO_vs_Parental","A5SS","Alternative 5' Splice Site","Catip","ENSMUSG00000073650","chr1","+",0.0322957806500309,0.163,"1.0,1.0,0.343","1.0,0.51,0.343",NA,NA,NA,NA,NA,NA,74401525,74401818,74401525,74401681,74401908,74402106,NA,NA,NA,NA,NA,NA
"KO_vs_Parental","A5SS","Alternative 5' Splice Site","Gt(ROSA)26Sor","ENSMUSG00000086429","chr6","-",0.0413676204315464,0.125,"0.381,0.391,0.278","0.312,0.203,0.161",NA,NA,NA,NA,NA,NA,113054028,113054153,113054134,113054153,113048254,113048396,NA,NA,NA,NA,NA,NA
"KO_vs_Parental","A5SS","Alternative 5' Splice Site","Tpp1","ENSMUSG00000030894","chr7","-",0.00290100924792828,0.207,"0.17,0.322,0.276","0.0,0.148,0.0",NA,NA,NA,NA,NA,NA,105401166,105401260,105401188,105401260,105399386,105399537,NA,NA,NA,NA,NA,NA
"KO_vs_Parental","A5SS","Alternative 5' Splice Site","Fam78b","ENSMUSG00000060568","chr1","+",0.00519645291096006,0.115,"0.44,0.428,0.425","0.274,0.36,0.315",NA,NA,NA,NA,NA,NA,166906105,166907354,166906105,166907034,166915546,166918871,NA,NA,NA,NA,NA,NA
"KO_vs_Parental","A5SS","Alternative 5' Splice Site","Kcp","ENSMUSG00000059022","chr6","-",0.0331413838204601,-0.16,"0.0,0.0,0.186","0.314,0.067,0.285",NA,NA,NA,NA,NA,NA,29489027,29489149,29489031,29489149,29487495,29487575,NA,NA,NA,NA,NA,NA
"KO_vs_Parental","A5SS","Alternative 5' Splice Site","Large2","ENSMUSG00000040434","chr2","-",0.000322277449374758,0.2,"0.22,0.158,0.304","0.0,0.083,0.0",NA,NA,NA,NA,NA,NA,92200690,92201008,92200907,92201008,92200521,92200604,NA,NA,NA,NA,NA,NA
"KO_vs_Parental","A5SS","Alternative 5' Splice Site","Tbc1d19","ENSMUSG00000039178","chr5","+",0.00505309321006527,0.113,"1.0,1.0,1.0","0.853,0.808,1.0",NA,NA,NA,NA,NA,NA,53987796,53987897,53987796,53987840,53988708,53988830,NA,NA,NA,NA,NA,NA
"KO_vs_Parental","A5SS","Alternative 5' Splice Site","Fmnl2","ENSMUSG00000036053","chr2","+",1.78973237526395e-08,-0.118,"0.715,0.728,0.696","0.842,0.841,0.811",NA,NA,NA,NA,NA,NA,53020423,53020517,53020423,53020470,53021851,53023816,NA,NA,NA,NA,NA,NA
"KO_vs_Parental","A5SS","Alternative 5' Splice Site","Kcnq2","ENSMUSG00000016346","chr2","-",0.0292421733105819,-0.175,"0.543,0.363,0.48","0.555,0.686,0.669",NA,NA,NA,NA,NA,NA,180728668,180728893,180728761,180728893,180727035,180727143,NA,NA,NA,NA,NA,NA
"KO_vs_Parental","A5SS","Alternative 5' Splice Site","Srrt","ENSMUSG00000037364","chr5","-",8.11296196890755e-10,-0.207,"0.255,0.263,0.267","0.404,0.516,0.487",NA,NA,NA,NA,NA,NA,137299579,137300576,137300387,137300576,137298505,137298675,NA,NA,NA,NA,NA,NA
"KO_vs_Parental","A5SS","Alternative 5' Splice Site","0610038B21Rik","ENSMUSG00000097882","chr8","+",1.60099546301239e-05,0.318,"1.0,1.0,1.0","0.737,0.775,0.534",NA,NA,NA,NA,NA,NA,78244743,78244883,78244743,78244837,78248980,78250527,NA,NA,NA,NA,NA,NA
"KO_vs_Parental","A5SS","Alternative 5' Splice Site","Madd","ENSMUSG00000040687","chr2","-",0.00177034186970282,0.115,"0.673,0.693,0.682","0.57,0.549,0.585",NA,NA,NA,NA,NA,NA,90988749,90988833,90988761,90988833,90988329,90988488,NA,NA,NA,NA,NA,NA
"KO_vs_Parental","A5SS","Alternative 5' Splice Site","Kctd18","ENSMUSG00000054770","chr1","-",0.0354412646983859,0.136,"0.726,0.831,0.801","0.651,0.551,0.748",NA,NA,NA,NA,NA,NA,58004487,58004699,58004509,58004699,58002226,58002420,NA,NA,NA,NA,NA,NA
"KO_vs_Parental","A5SS","Alternative 5' Splice Site","Rad9b","ENSMUSG00000038569","chr5","-",0.00258317161698905,0.22,"1.0,1.0,1.0","0.881,0.497,0.961",NA,NA,NA,NA,NA,NA,122490606,122490677,122490608,122490677,122489623,122489773,NA,NA,NA,NA,NA,NA
"KO_vs_Parental","A5SS","Alternative 5' Splice Site","AI480526","ENSMUSG00000090086","chr5","-",0.00305348341958553,-0.631,"0.0,0.0,0.0","1.0,0.327,0.565",NA,NA,NA,NA,NA,NA,123276013,123276129,123276017,123276129,123272686,123272780,NA,NA,NA,NA,NA,NA
"KO_vs_Parental","A5SS","Alternative 5' Splice Site","AI480526","ENSMUSG00000090086","chr5","-",0.000426838098608361,-0.185,"0.667,0.844,0.797","0.938,1.0,0.925",NA,NA,NA,NA,NA,NA,123277029,123278036,123277931,123278036,123276017,123276129,NA,NA,NA,NA,NA,NA
"KO_vs_Parental","A5SS","Alternative 5' Splice Site","Smc2","ENSMUSG00000028312","chr4","+",0.0234947150968892,-0.106,"0.914,0.756,0.852","0.841,1.0,1.0",NA,NA,NA,NA,NA,NA,52439242,52439410,52439242,52439334,52442252,52442402,NA,NA,NA,NA,NA,NA
"KO_vs_Parental","A5SS","Alternative 5' Splice Site","Ccnl1","ENSMUSG00000027829","chr3","-",0.000637135248355965,-0.148,"0.665,0.697,0.571","0.733,0.766,0.878",NA,NA,NA,NA,NA,NA,65857445,65857647,65857633,65857647,65856111,65856211,NA,NA,NA,NA,NA,NA
"KO_vs_Parental","A5SS","Alternative 5' Splice Site","E130202H07Rik","ENSMUSG00000115092","chr14","+",0.0454647952646063,-0.36,"0.2,0.35,0.571","0.6,1.0,0.6",NA,NA,NA,NA,NA,NA,76764032,76764407,76764032,76764201,76766569,76766668,NA,NA,NA,NA,NA,NA
"KO_vs_Parental","A5SS","Alternative 5' Splice Site","E130202H07Rik","ENSMUSG00000115092","chr14","+",0.0323918364933615,-0.477,"0.394,0.133,0.143","0.5,1.0,0.6",NA,NA,NA,NA,NA,NA,76764032,76764412,76764032,76764201,76766569,76766668,NA,NA,NA,NA,NA,NA
"KO_vs_Parental","A5SS","Alternative 5' Splice Site","Atg16l2","ENSMUSG00000047767","chr7","-",2.59757687878029e-07,-0.19,"0.271,0.311,0.265","0.432,0.478,0.508",NA,NA,NA,NA,NA,NA,100940921,100941206,100941085,100941206,100940693,100940799,NA,NA,NA,NA,NA,NA
"KO_vs_Parental","A5SS","Alternative 5' Splice Site","Tfpt","ENSMUSG00000006335","chr7","-",0.0475585689282639,-0.259,"0.15,0.294,0.0","0.31,0.553,0.358",NA,NA,NA,NA,NA,NA,3631822,3632085,3631826,3632085,3624061,3624131,NA,NA,NA,NA,NA,NA
"KO_vs_Parental","A5SS","Alternative 5' Splice Site","Rian","ENSMUSG00000097451","chr12","+",0.000121925036683076,0.296,"1.0,0.938,1.0","0.44,0.79,0.82",NA,NA,NA,NA,NA,NA,109623221,109623274,109623221,109623265,109624491,109624555,NA,NA,NA,NA,NA,NA
"KO_vs_Parental","A5SS","Alternative 5' Splice Site","Relb","ENSMUSG00000002983","chr7","-",0.0152202014826607,0.384,"0.618,0.91,0.888","0.265,0.535,0.463",NA,NA,NA,NA,NA,NA,19351628,19351844,19351686,19351844,19350270,19351328,NA,NA,NA,NA,NA,NA
"KO_vs_Parental","A5SS","Alternative 5' Splice Site","Platr14","ENSMUSG00000086454","chr2","+",0.00140065323353669,-0.26,"0.8,0.545,0.875","1.0,1.0,1.0",NA,NA,NA,NA,NA,NA,104389526,104389829,104389526,104389594,104390068,104390320,NA,NA,NA,NA,NA,NA
"KO_vs_Parental","A5SS","Alternative 5' Splice Site","Homer2","ENSMUSG00000025813","chr7","-",0.002911328604257,-0.106,"0.0,0.03,0.019","0.167,0.0,0.2",NA,NA,NA,NA,NA,NA,81263930,81264247,81264090,81264247,81262008,81262119,NA,NA,NA,NA,NA,NA
"KO_vs_Parental","A5SS","Alternative 5' Splice Site","Pcf11","ENSMUSG00000041328","chr7","-",8.77129210356912e-06,-0.19,"0.146,0.24,0.278","0.385,0.395,0.455",NA,NA,NA,NA,NA,NA,92308612,92309096,92309005,92309096,92306515,92308074,NA,NA,NA,NA,NA,NA
"KO_vs_Parental","A5SS","Alternative 5' Splice Site","Mical1","ENSMUSG00000019823","chr10","+",0.00505309321006527,-0.14,"0.621,0.675,0.714","0.743,0.892,0.795",NA,NA,NA,NA,NA,NA,41354005,41354631,41354005,41354310,41354958,41355067,NA,NA,NA,NA,NA,NA
"KO_vs_Parental","A5SS","Alternative 5' Splice Site","Ccdc84","ENSMUSG00000043923","chr9","-",3.48832074337489e-13,-0.261,"0.264,0.269,0.327","0.501,0.536,0.606",NA,NA,NA,NA,NA,NA,44324739,44324830,44324767,44324830,44324433,44324498,NA,NA,NA,NA,NA,NA
"KO_vs_Parental","A5SS","Alternative 5' Splice Site","Zfp644","ENSMUSG00000049606","chr5","-",0.0459602887815204,0.385,"1.0,1.0,0.556","1.0,0.2,0.2",NA,NA,NA,NA,NA,NA,106844099,106844430,106844397,106844430,106829769,106829879,NA,NA,NA,NA,NA,NA
"KO_vs_Parental","A5SS","Alternative 5' Splice Site","Tmem161a","ENSMUSG00000002342","chr8","+",0.022619639496975,-0.384,"0.408,0.29,0.914","1.0,1.0,0.765",NA,NA,NA,NA,NA,NA,70633355,70633518,70633355,70633499,70633798,70633973,NA,NA,NA,NA,NA,NA
"KO_vs_Parental","A5SS","Alternative 5' Splice Site","Tecr","ENSMUSG00000031708","chr8","-",0.0445350050977212,0.227,"1.0,1.0,0.651","0.651,1.0,0.318",NA,NA,NA,NA,NA,NA,84298630,84298687,84298641,84298687,84298486,84298532,NA,NA,NA,NA,NA,NA
"KO_vs_Parental","A5SS","Alternative 5' Splice Site","Zfat","ENSMUSG00000022335","chr15","-",0.0038626278679794,0.152,"0.207,0.298,0.214","0.055,0.114,0.093",NA,NA,NA,NA,NA,NA,67982292,67982411,67982325,67982411,67976804,67976928,NA,NA,NA,NA,NA,NA
"KO_vs_Parental","A5SS","Alternative 5' Splice Site","Zfp276","ENSMUSG00000001065","chr8","+",0.011940686455235,-0.209,"0.439,0.612,0.416","0.697,0.64,0.756",NA,NA,NA,NA,NA,NA,123985049,123985128,123985049,123985096,123986169,123986253,NA,NA,NA,NA,NA,NA
"KO_vs_Parental","A5SS","Alternative 5' Splice Site","Nxpe4","ENSMUSG00000044229","chr9","+",0.0497405016493447,-0.118,"0.806,0.838,0.775","0.929,0.843,1.0",NA,NA,NA,NA,NA,NA,48287172,48287367,48287172,48287204,48300171,48300314,NA,NA,NA,NA,NA,NA
"KO_vs_Parental","A5SS","Alternative 5' Splice Site","Aste1","ENSMUSG00000032567","chr9","+",0.0165104654971599,0.151,"0.978,0.929,0.843","0.73,0.76,0.806",NA,NA,NA,NA,NA,NA,105273743,105275057,105273743,105273904,105278674,105278885,NA,NA,NA,NA,NA,NA
"KO_vs_Parental","A5SS","Alternative 5' Splice Site","Uba7","ENSMUSG00000032596","chr9","+",0.0150712820415187,-0.127,"0.846,0.941,0.833","1.0,1.0,1.0",NA,NA,NA,NA,NA,NA,107854527,107855221,107854527,107854674,107855407,107855515,NA,NA,NA,NA,NA,NA
"KO_vs_Parental","A5SS","Alternative 5' Splice Site","Nktr","ENSMUSG00000032525","chr9","+",0.000163339441625033,-0.229,"0.51,0.568,0.587","0.701,0.839,0.811",NA,NA,NA,NA,NA,NA,121567453,121569141,121567453,121567481,121570187,121570217,NA,NA,NA,NA,NA,NA
"KO_vs_Parental","A5SS","Alternative 5' Splice Site","Ubr3","ENSMUSG00000044308","chr2","+",1.68048266588306e-05,0.122,"0.513,0.536,0.539","0.403,0.395,0.423",NA,NA,NA,NA,NA,NA,69821768,69821981,69821768,69821969,69824019,69824156,NA,NA,NA,NA,NA,NA
"KO_vs_Parental","A5SS","Alternative 5' Splice Site","Tubd1","ENSMUSG00000020513","chr11","+",0.00364981424763548,-0.117,"0.091,0.041,0.094","0.132,0.332,0.112",NA,NA,NA,NA,NA,NA,86435816,86436162,86435816,86436056,86439608,86439828,NA,NA,NA,NA,NA,NA
"KO_vs_Parental","A5SS","Alternative 5' Splice Site","Sfi1","ENSMUSG00000023764","chr11","-",0.022619639496975,-0.127,"1.0,0.714,0.795","1.0,0.969,0.922",NA,NA,NA,NA,NA,NA,3084625,3085542,3085282,3085542,3083071,3083207,NA,NA,NA,NA,NA,NA
"KO_vs_Parental","A5SS","Alternative 5' Splice Site","Aftph","ENSMUSG00000049659","chr11","-",0.000213840476671292,-0.126,"0.517,0.567,0.561","0.65,0.684,0.69",NA,NA,NA,NA,NA,NA,20646750,20648373,20648312,20648373,20642464,20642588,NA,NA,NA,NA,NA,NA
"KO_vs_Parental","A5SS","Alternative 5' Splice Site","Inca1","ENSMUSG00000057054","chr11","-",0.000103861889953195,0.209,"1.0,1.0,1.0","0.817,0.828,0.728",NA,NA,NA,NA,NA,NA,70590745,70590981,70590813,70590981,70586689,70586774,NA,NA,NA,NA,NA,NA
"KO_vs_Parental","A5SS","Alternative 5' Splice Site","Inca1","ENSMUSG00000057054","chr11","-",4.87771102616526e-05,0.264,"1.0,1.0,1.0","0.704,0.787,0.717",NA,NA,NA,NA,NA,NA,70590774,70590981,70590813,70590981,70586689,70586774,NA,NA,NA,NA,NA,NA
"KO_vs_Parental","MXE","Mutually Exclusive Exons","Iqsec2","ENSMUSG00000041115","chrX","+",0.0412671963412881,0.11,"0.644,0.651,0.622","0.539,0.573,0.474",NA,NA,150961959,150962086,150991765,150992661,NA,NA,NA,NA,NA,NA,150963992,150964088,150986927,150987329,NA,NA
"KO_vs_Parental","MXE","Mutually Exclusive Exons","Tafazzin","ENSMUSG00000009995","chrX","+",5.69089923333756e-10,0.241,"0.902,0.903,0.784","0.672,0.65,0.545",NA,NA,73332053,73332119,73332710,73332788,NA,NA,NA,NA,NA,NA,73332267,73332320,73332589,73332625,NA,NA
"KO_vs_Parental","MXE","Mutually Exclusive Exons","Tafazzin","ENSMUSG00000009995","chrX","+",2.48115833434964e-10,0.24,"0.84,0.826,0.72","0.591,0.575,0.499",NA,NA,73332056,73332119,73332710,73332788,NA,NA,NA,NA,NA,NA,73332267,73332320,73332534,73332625,NA,NA
"KO_vs_Parental","MXE","Mutually Exclusive Exons","Btrc","ENSMUSG00000025217","chr19","+",0.0205588923484856,-0.108,"0.515,0.444,0.537","0.61,0.604,0.606",NA,NA,45352189,45352325,45491370,45491602,NA,NA,NA,NA,NA,NA,45411571,45411679,45459453,45459543,NA,NA
"KO_vs_Parental","MXE","Mutually Exclusive Exons","Sgms1","ENSMUSG00000040451","chr19","-",0.0480567814338684,0.127,"0.404,0.224,0.271","0.227,0.092,0.2",NA,NA,32106940,32107094,32188227,32188413,NA,NA,NA,NA,NA,NA,32120145,32120263,32136923,32137763,NA,NA
"KO_vs_Parental","MXE","Mutually Exclusive Exons","Stx3","ENSMUSG00000041488","chr19","-",0.0152704904702446,0.239,"0.265,0.356,0.28","0.0,0.184,0.0",NA,NA,11754848,11756537,11762753,11762888,NA,NA,NA,NA,NA,NA,11758930,11759044,11760389,11760500,NA,NA
"KO_vs_Parental","MXE","Mutually Exclusive Exons","Bag6","ENSMUSG00000024392","chr17","+",3.94607694349642e-06,0.123,"0.706,0.643,0.717","0.521,0.587,0.588",NA,NA,35360805,35361058,35361702,35361815,NA,NA,NA,NA,NA,NA,35361282,35361360,35361473,35361581,NA,NA
"KO_vs_Parental","MXE","Mutually Exclusive Exons","Mapk8ip3","ENSMUSG00000024163","chr17","-",0.000469622280751048,0.113,"0.715,0.686,0.71","0.571,0.609,0.592",NA,NA,25126302,25126360,25131721,25131840,NA,NA,NA,NA,NA,NA,25127384,25127402,25128123,25128135,NA,NA
"KO_vs_Parental","MXE","Mutually Exclusive Exons","Traf7","ENSMUSG00000052752","chr17","-",2.28718734607235e-05,-0.351,"0.111,0.248,0.193","0.527,0.404,0.673",NA,NA,24733098,24733191,24738104,24738220,NA,NA,NA,NA,NA,NA,24735478,24735570,24737715,24737768,NA,NA
"KO_vs_Parental","MXE","Mutually Exclusive Exons","Flywch1","ENSMUSG00000040097","chr17","-",5.33113713734443e-06,-0.128,"0.506,0.556,0.517","0.675,0.642,0.647",NA,NA,23979580,23980090,23990388,23990496,NA,NA,NA,NA,NA,NA,23981139,23981568,23981949,23982292,NA,NA
"KO_vs_Parental","MXE","Mutually Exclusive Exons","Gm7072","ENSMUSG00000117284","chr17","-",0.00956281141203707,0.153,"0.889,0.789,0.881","0.728,0.675,0.698",NA,NA,22508749,22508876,22532217,22532301,NA,NA,NA,NA,NA,NA,22511388,22511436,22528485,22528578,NA,NA
"KO_vs_Parental","MXE","Mutually Exclusive Exons","Zbtb20","ENSMUSG00000022708","chr16","+",0.0024792411956339,-0.254,"0.0,0.125,0.0","0.429,0.308,0.15",NA,NA,42845300,42845350,43283309,43283349,NA,NA,NA,NA,NA,NA,42967259,42967306,43122931,43122978,NA,NA
"KO_vs_Parental","MXE","Mutually Exclusive Exons","Senp5","ENSMUSG00000022772","chr16","-",0.026541397124097,0.126,"0.65,0.631,0.549","0.53,0.472,0.449",NA,NA,31787617,31787755,31802310,31802449,NA,NA,NA,NA,NA,NA,31796497,31796575,31802081,31802129,NA,NA
"KO_vs_Parental","MXE","Mutually Exclusive Exons","Pvt1","ENSMUSG00000097039","chr15","+",8.28740681266947e-07,-0.195,"0.535,0.475,0.5","0.677,0.704,0.713",NA,NA,62047315,62047397,62114022,62114146,NA,NA,NA,NA,NA,NA,62047612,62047775,62094585,62094752,NA,NA
"KO_vs_Parental","MXE","Mutually Exclusive Exons","Pvt1","ENSMUSG00000097039","chr15","+",0.000461187053183121,-0.168,"0.499,0.418,0.478","0.625,0.672,0.601",NA,NA,62047315,62047397,62114022,62114150,NA,NA,NA,NA,NA,NA,62047673,62047775,62094585,62094752,NA,NA
"KO_vs_Parental","MXE","Mutually Exclusive Exons","Pvt1","ENSMUSG00000097039","chr15","+",0.000935624108348004,-0.119,"0.818,0.874,0.844","0.983,0.985,0.924",NA,NA,62047315,62047397,62114022,62114150,NA,NA,NA,NA,NA,NA,62047680,62047775,62085660,62085748,NA,NA
"KO_vs_Parental","MXE","Mutually Exclusive Exons","Pvt1","ENSMUSG00000097039","chr15","+",0.0405321113829035,-0.145,"0.399,0.331,0.323","0.509,0.561,0.418",NA,NA,62047315,62047397,62114022,62114150,NA,NA,NA,NA,NA,NA,62047680,62047775,62094585,62094752,NA,NA
"KO_vs_Parental","MXE","Mutually Exclusive Exons","Cab39l","ENSMUSG00000021981","chr14","+",0.000741530740586867,-0.251,"0.043,0.021,0.037","0.275,0.453,0.125",NA,NA,59699083,59699151,59734251,59734393,NA,NA,NA,NA,NA,NA,59715480,59715522,59716492,59716633,NA,NA
"KO_vs_Parental","MXE","Mutually Exclusive Exons","Ddhd1","ENSMUSG00000037697","chr14","-",0.00867377718814753,-0.159,"0.547,0.685,0.79","0.824,0.81,0.864",NA,NA,45858168,45858297,45867036,45867210,NA,NA,NA,NA,NA,NA,45860297,45860399,45866310,45866331,NA,NA
"KO_vs_Parental","MXE","Mutually Exclusive Exons","Gm5624","ENSMUSG00000092165","chr14","-",0.0445389553810812,0.177,"0.25,0.407,0.458","0.176,0.198,0.211",NA,NA,44794586,44795367,44799238,44799401,NA,NA,NA,NA,NA,NA,44797289,44797471,44798155,44798244,NA,NA
"KO_vs_Parental","MXE","Mutually Exclusive Exons","Tcf7l2","ENSMUSG00000024985","chr19","+",0.000104652778054684,0.131,"0.192,0.165,0.172","0.059,0.065,0.011",NA,NA,55914408,55914481,55919865,55921661,NA,NA,NA,NA,NA,NA,55915113,55915188,55916161,55916186,NA,NA
"KO_vs_Parental","MXE","Mutually Exclusive Exons","Polk","ENSMUSG00000021668","chr13","-",1.50042607176637e-05,0.124,"0.972,0.967,0.924","0.889,0.764,0.839",NA,NA,96618677,96618762,96623315,96623487,NA,NA,NA,NA,NA,NA,96618965,96618999,96619998,96620913,NA,NA
"KO_vs_Parental","MXE","Mutually Exclusive Exons","Platr25","ENSMUSG00000074863","chr13","-",2.26294918210191e-06,0.102,"0.107,0.129,0.121","0.0,0.033,0.018",NA,NA,62823062,62823123,62886705,62886912,NA,NA,NA,NA,NA,NA,62823332,62823459,62853943,62854070,NA,NA
"KO_vs_Parental","MXE","Mutually Exclusive Exons","A330102I10Rik","ENSMUSG00000086363","chr13","+",2.3412143226595e-05,-0.667,"0.0,1.0,0.0","1.0,1.0,1.0",NA,NA,29207158,29207195,29214140,29214224,NA,NA,NA,NA,NA,NA,29207613,29207706,29212404,29212592,NA,NA
"KO_vs_Parental","MXE","Mutually Exclusive Exons","Gpatch2l","ENSMUSG00000021254","chr12","+",0.00206386750682685,0.118,"0.417,0.416,0.51","0.328,0.333,0.328",NA,NA,86290808,86291480,86313917,86313957,NA,NA,NA,NA,NA,NA,86303641,86303706,86311955,86312023,NA,NA
"KO_vs_Parental","MXE","Mutually Exclusive Exons","Gpatch2l","ENSMUSG00000021254","chr12","+",0.0213478315173442,0.104,"0.531,0.535,0.621","0.477,0.444,0.455",NA,NA,86290808,86291480,86335573,86338558,NA,NA,NA,NA,NA,NA,86303641,86303706,86328222,86328317,NA,NA
"KO_vs_Parental","MXE","Mutually Exclusive Exons","Dtnb","ENSMUSG00000071454","chr12","+",1.48985918046856e-09,-0.149,"0.568,0.611,0.595","0.727,0.771,0.724",NA,NA,3641905,3641986,3693916,3694022,NA,NA,NA,NA,NA,NA,3646648,3646862,3682809,3682964,NA,NA
"KO_vs_Parental","MXE","Mutually Exclusive Exons","Dtnb","ENSMUSG00000071454","chr12","+",1.39915009461243e-05,-0.147,"0.464,0.452,0.488","0.558,0.654,0.633",NA,NA,3646648,3646862,3693916,3694022,NA,NA,NA,NA,NA,NA,3667605,3667691,3682809,3682964,NA,NA
"KO_vs_Parental","MXE","Mutually Exclusive Exons","Dtnb","ENSMUSG00000071454","chr12","+",0.00794140286486321,-0.106,"0.412,0.506,0.468","0.573,0.584,0.547",NA,NA,3667605,3667691,3698222,3698389,NA,NA,NA,NA,NA,NA,3682809,3682964,3693916,3694022,NA,NA
"KO_vs_Parental","MXE","Mutually Exclusive Exons","Asxl2","ENSMUSG00000037486","chr12","+",0.0141529701706303,0.148,"0.621,0.626,0.651","0.478,0.402,0.573",NA,NA,3501661,3501770,3524489,3524613,NA,NA,NA,NA,NA,NA,3507061,3507209,3519477,3519593,NA,NA
"KO_vs_Parental","MXE","Mutually Exclusive Exons","Sectm1a","ENSMUSG00000025165","chr11","-",0.00323782586492183,-0.528,"0.185,0.07,0.405","0.82,0.899,0.525",NA,NA,120959509,120959672,120966391,120966547,NA,NA,NA,NA,NA,NA,120959860,120959914,120960413,120960722,NA,NA
"KO_vs_Parental","MXE","Mutually Exclusive Exons","Strada","ENSMUSG00000069631","chr11","-",0.0329303238180504,0.117,"0.619,0.716,0.72","0.624,0.542,0.538",NA,NA,106064504,106064607,106077926,106078006,NA,NA,NA,NA,NA,NA,106071780,106071809,106075387,106075445,NA,NA
"KO_vs_Parental","MXE","Mutually Exclusive Exons","Gpr179","ENSMUSG00000070337","chr11","-",0.0356588697374787,0.196,"1.0,1.0,0.801","0.752,0.726,0.736",NA,NA,97234063,97234202,97236533,97236602,NA,NA,NA,NA,NA,NA,97234434,97234673,97234922,97235032,NA,NA
"KO_vs_Parental","MXE","Mutually Exclusive Exons","Msi2","ENSMUSG00000069769","chr11","-",0.0107699797300957,0.101,"0.464,0.483,0.399","0.317,0.355,0.37",NA,NA,88230207,88235486,88257610,88257673,NA,NA,NA,NA,NA,NA,88237878,88237951,88239609,88239764,NA,NA
"KO_vs_Parental","MXE","Mutually Exclusive Exons","Wdhd1","ENSMUSG00000037572","chr14","-",0.0175284935890382,0.104,"0.536,0.618,0.576","0.431,0.488,0.498",NA,NA,47500895,47501080,47505528,47505670,NA,NA,NA,NA,NA,NA,47503130,47503315,47504437,47504630,NA,NA
"KO_vs_Parental","MXE","Mutually Exclusive Exons","Chchd3","ENSMUSG00000053768","chr6","-",0.00595573617135693,0.148,"0.34,0.165,0.262","0.078,0.079,0.166",NA,NA,32869226,32869310,32985417,32985499,NA,NA,NA,NA,NA,NA,32870326,32870341,32945135,32945201,NA,NA
"KO_vs_Parental","MXE","Mutually Exclusive Exons","Nos1","ENSMUSG00000029361","chr5","+",3.58567397995554e-10,0.148,"0.214,0.252,0.301","0.084,0.105,0.134",NA,NA,117979914,117980342,118031890,118032019,NA,NA,NA,NA,NA,NA,118004903,118005991,118017348,118017475,NA,NA
"KO_vs_Parental","MXE","Mutually Exclusive Exons","Rapgef1","ENSMUSG00000039844","chr2","+",0.00658318455934242,0.222,"0.753,0.791,0.598","0.455,0.471,0.549",NA,NA,29597209,29597412,29610654,29610750,NA,NA,NA,NA,NA,NA,29600164,29600320,29609604,29609862,NA,NA
"KO_vs_Parental","MXE","Mutually Exclusive Exons","Usp46","ENSMUSG00000054814","chr5","-",0.0070961637216332,-0.132,"0.56,0.567,0.548","0.693,0.723,0.656",NA,NA,74163815,74164013,74189801,74190031,NA,NA,NA,NA,NA,NA,74166484,74166568,74177320,74177397,NA,NA
"KO_vs_Parental","MXE","Mutually Exclusive Exons","Srpk2","ENSMUSG00000062604","chr5","-",5.76005833718742e-06,0.116,"0.345,0.377,0.354","0.248,0.231,0.248",NA,NA,23751976,23752065,23821324,23821388,NA,NA,NA,NA,NA,NA,23753452,23753561,23770111,23770263,NA,NA
"KO_vs_Parental","MXE","Mutually Exclusive Exons","Smarcal1","ENSMUSG00000039354","chr1","+",0.00447707654742419,0.115,"0.256,0.296,0.288","0.159,0.181,0.156",NA,NA,72622773,72622896,72630221,72630434,NA,NA,NA,NA,NA,NA,72624796,72625563,72626209,72626260,NA,NA
"KO_vs_Parental","MXE","Mutually Exclusive Exons","Atat1","ENSMUSG00000024426","chr17","-",0.0064152525294655,-0.102,"0.713,0.819,0.75","0.902,0.855,0.83",NA,NA,36212874,36212946,36219454,36219556,NA,NA,NA,NA,NA,NA,36213247,36213330,36214999,36215068,NA,NA
"KO_vs_Parental","MXE","Mutually Exclusive Exons","Kdm6a","ENSMUSG00000037369","chrX","+",0.00380509816646526,-0.146,"0.038,0.0,0.112","0.251,0.037,0.299",NA,NA,18074974,18075024,18102899,18102934,NA,NA,NA,NA,NA,NA,18088995,18089116,18100098,18100153,NA,NA
"KO_vs_Parental","MXE","Mutually Exclusive Exons","Eya3","ENSMUSG00000028886","chr4","+",0.0474960864068993,-0.105,"0.183,0.144,0.108","0.238,0.333,0.18",NA,NA,132394465,132394545,132417015,132417101,NA,NA,NA,NA,NA,NA,132397499,132397526,132400206,132400343,NA,NA
"KO_vs_Parental","MXE","Mutually Exclusive Exons","Tmem234","ENSMUSG00000028797","chr4","+",7.87791558483448e-10,0.138,"0.28,0.277,0.28","0.136,0.124,0.163",NA,NA,129494775,129494927,129500879,129500972,NA,NA,NA,NA,NA,NA,129495199,129495418,129496014,129496054,NA,NA
"KO_vs_Parental","MXE","Mutually Exclusive Exons","Ppih","ENSMUSG00000060288","chr4","-",0.0267811266793593,-0.128,"0.604,0.623,0.705","0.831,0.76,0.724",NA,NA,119157206,119157380,119175740,119175783,NA,NA,NA,NA,NA,NA,119167955,119168044,119174224,119174317,NA,NA
"KO_vs_Parental","MXE","Mutually Exclusive Exons","Med8","ENSMUSG00000006392","chr4","+",0.0392648191332689,-0.121,"0.828,0.852,0.779","0.98,0.922,0.921",NA,NA,118266552,118266583,118269548,118269689,NA,NA,NA,NA,NA,NA,118268081,118268200,118268854,118269049,NA,NA
"KO_vs_Parental","MXE","Mutually Exclusive Exons","Spocd1","ENSMUSG00000028784","chr4","+",0.0028253873439078,-0.322,"0.322,0.641,0.488","0.416,1.0,1.0",NA,NA,129839699,129839738,129841466,129841545,NA,NA,NA,NA,NA,NA,129840604,129840745,129841240,129841298,NA,NA
"KO_vs_Parental","MXE","Mutually Exclusive Exons","Aptx","ENSMUSG00000028411","chr4","-",0.0279830519038513,-0.118,"0.265,0.237,0.309","0.401,0.378,0.386",NA,NA,40694851,40695136,40702723,40702914,NA,NA,NA,NA,NA,NA,40695376,40695423,40697216,40697353,NA,NA
"KO_vs_Parental","MXE","Mutually Exclusive Exons","Washc2","ENSMUSG00000024104","chr6","+",0.037455861246006,0.116,"0.422,0.448,0.405","0.375,0.281,0.271",NA,NA,116231050,116232129,116235602,116236217,NA,NA,NA,NA,NA,NA,116233187,116233250,116233576,116233789,NA,NA
"KO_vs_Parental","MXE","Mutually Exclusive Exons","Agtpbp1","ENSMUSG00000021557","chr13","-",0.00115760253820474,0.114,"0.801,0.843,0.808","0.703,0.662,0.745",NA,NA,59601663,59602494,59613798,59613930,NA,NA,NA,NA,NA,NA,59608282,59608443,59609810,59609987,NA,NA
"KO_vs_Parental","MXE","Mutually Exclusive Exons","Btbd19","ENSMUSG00000073771","chr4","-",0.0476620412297386,0.139,"0.306,0.332,0.355","0.183,0.099,0.294",NA,NA,116978167,116978293,116979415,116979475,NA,NA,NA,NA,NA,NA,116978394,116978526,116978610,116978679,NA,NA
"KO_vs_Parental","MXE","Mutually Exclusive Exons","Mindy3","ENSMUSG00000026767","chr2","-",4.73627020748115e-05,-0.197,"0.698,0.825,0.887","1.0,1.0,1.0",NA,NA,12402303,12402377,12410670,12410731,NA,NA,NA,NA,NA,NA,12405835,12405887,12408808,12408977,NA,NA
"KO_vs_Parental","MXE","Mutually Exclusive Exons","Ccdc74a","ENSMUSG00000041617","chr16","+",0.00260882473996926,0.322,"1.0,1.0,0.767","0.578,0.489,0.733",NA,NA,17465471,17465516,17468012,17468069,NA,NA,NA,NA,NA,NA,17465930,17465990,17467858,17467938,NA,NA
"KO_vs_Parental","MXE","Mutually Exclusive Exons","Kif13b","ENSMUSG00000060012","chr14","+",7.44484610647052e-07,0.137,"0.926,0.921,0.976","0.867,0.757,0.788",NA,NA,64889979,64890105,64951522,64951583,NA,NA,NA,NA,NA,NA,64907072,64907166,64945940,64945953,NA,NA
"KO_vs_Parental","MXE","Mutually Exclusive Exons","Rev1","ENSMUSG00000026082","chr1","-",0.0167555863758807,-0.152,"0.318,0.309,0.307","0.363,0.537,0.49",NA,NA,38113395,38113524,38122784,38122901,NA,NA,NA,NA,NA,NA,38118370,38118476,38120239,38120439,NA,NA
"KO_vs_Parental","MXE","Mutually Exclusive Exons","Rev1","ENSMUSG00000026082","chr1","-",0.000476822039757296,-0.142,"0.228,0.213,0.213","0.297,0.43,0.353",NA,NA,38113395,38113524,38122784,38122901,NA,NA,NA,NA,NA,NA,38118370,38118479,38120239,38120439,NA,NA
"KO_vs_Parental","MXE","Mutually Exclusive Exons","Bcan","ENSMUSG00000004892","chr3","-",0.0182174604085489,-0.113,"0.532,0.516,0.463","0.665,0.618,0.568",NA,NA,87897446,87897605,87901418,87901640,NA,NA,NA,NA,NA,NA,87897981,87898089,87900361,87900949,NA,NA
"KO_vs_Parental","MXE","Mutually Exclusive Exons","Cyrib","ENSMUSG00000022378","chr15","-",1.13307517642821e-05,0.121,"0.938,0.973,0.968","0.89,0.792,0.835",NA,NA,63821854,63821976,63894418,63894469,NA,NA,NA,NA,NA,NA,63829433,63829516,63842778,63842817,NA,NA
"KO_vs_Parental","MXE","Mutually Exclusive Exons","Calu","ENSMUSG00000029767","chr6","+",9.51373987302211e-06,0.1,"0.344,0.358,0.351","0.244,0.248,0.261",NA,NA,29356469,29356696,29366915,29366976,NA,NA,NA,NA,NA,NA,29361292,29361486,29361558,29361752,NA,NA
"KO_vs_Parental","MXE","Mutually Exclusive Exons","Anxa5","ENSMUSG00000027712","chr3","-",1.00486831695141e-08,-0.159,"0.24,0.286,0.313","0.451,0.46,0.406",NA,NA,36518116,36518211,36529721,36529808,NA,NA,NA,NA,NA,NA,36519399,36519484,36529578,36529609,NA,NA
"KO_vs_Parental","MXE","Mutually Exclusive Exons","Epb41l3","ENSMUSG00000024044","chr17","+",2.78321164807685e-09,-0.102,"0.812,0.807,0.813","0.922,0.916,0.9",NA,NA,69577605,69577659,69581698,69581890,NA,NA,NA,NA,NA,NA,69580876,69580912,69581095,69581161,NA,NA
"KO_vs_Parental","MXE","Mutually Exclusive Exons","Slc8a1","ENSMUSG00000054640","chr17","-",0.0414249388962231,-0.104,"0.757,0.769,0.812","0.909,0.852,0.888",NA,NA,81749201,81749219,81752915,81753022,NA,NA,NA,NA,NA,NA,81749631,81749652,81752297,81752401,NA,NA
"KO_vs_Parental","MXE","Mutually Exclusive Exons","Iqcg","ENSMUSG00000035578","chr16","-",0.00056435821936865,0.379,"0.518,0.633,0.596","0.239,0.152,0.218",NA,NA,32839810,32839912,32851144,32851306,NA,NA,NA,NA,NA,NA,32840883,32841015,32849384,32849459,NA,NA
"KO_vs_Parental","MXE","Mutually Exclusive Exons","Clta","ENSMUSG00000028478","chr4","+",0.000162726469947313,-0.104,"0.618,0.569,0.572","0.715,0.683,0.673",NA,NA,44025448,44025560,44032400,44032846,NA,NA,NA,NA,NA,NA,44030214,44030268,44031399,44031435,NA,NA
"KO_vs_Parental","MXE","Mutually Exclusive Exons","Alg3","ENSMUSG00000033809","chr16","-",0.0357568021921999,-0.102,"0.0,0.0,0.056","0.284,0.079,0.0",NA,NA,20426513,20426634,20430323,20430485,NA,NA,NA,NA,NA,NA,20427491,20427639,20427736,20427836,NA,NA
"KO_vs_Parental","MXE","Mutually Exclusive Exons","Echdc2","ENSMUSG00000028601","chr4","+",8.84303446006659e-05,0.129,"0.27,0.242,0.183","0.152,0.078,0.078",NA,NA,108027057,108027145,108030991,108031048,NA,NA,NA,NA,NA,NA,108029285,108029372,108030076,108030169,NA,NA
"KO_vs_Parental","MXE","Mutually Exclusive Exons","Unc79","ENSMUSG00000021198","chr12","+",0.00034617362384999,0.125,"0.218,0.203,0.19","0.107,0.038,0.091",NA,NA,103013916,103013957,103027603,103027775,NA,NA,NA,NA,NA,NA,103016153,103016182,103025577,103025807,NA,NA
"KO_vs_Parental","MXE","Mutually Exclusive Exons","Gpatch8","ENSMUSG00000034621","chr11","-",0.00467475055418213,0.133,"0.207,0.218,0.304","0.174,0.079,0.076",NA,NA,102418919,102418992,102429107,102429182,NA,NA,NA,NA,NA,NA,102422138,102422156,102427937,102427972,NA,NA
"KO_vs_Parental","MXE","Mutually Exclusive Exons","Ube2w","ENSMUSG00000025939","chr1","-",0.00142303006672048,-0.245,"0.624,0.566,0.796","0.937,0.88,0.904",NA,NA,16614172,16614256,16668174,16668277,NA,NA,NA,NA,NA,NA,16652150,16652226,16655499,16655576,NA,NA
"KO_vs_Parental","MXE","Mutually Exclusive Exons","Itgae","ENSMUSG00000005947","chr11","+",0.00354543087271757,0.336,"0.708,0.261,0.32","0.15,0.0,0.132",NA,NA,73029280,73029337,73037876,73038272,NA,NA,NA,NA,NA,NA,73029592,73029688,73036366,73036477,NA,NA
"KO_vs_Parental","MXE","Mutually Exclusive Exons","Cep70","ENSMUSG00000056267","chr9","+",0.0251262788441908,-0.105,"0.294,0.257,0.255","0.374,0.388,0.359",NA,NA,99125419,99125543,99144598,99144689,NA,NA,NA,NA,NA,NA,99128275,99128419,99136307,99136430,NA,NA
"KO_vs_Parental","MXE","Mutually Exclusive Exons","Synj1","ENSMUSG00000022973","chr16","-",0.00717884959467368,0.133,"0.156,0.18,0.247","0.128,0.0,0.056",NA,NA,90743679,90743750,90746586,90746625,NA,NA,NA,NA,NA,NA,90743902,90743941,90744953,90745001,NA,NA
"KO_vs_Parental","MXE","Mutually Exclusive Exons","Gtf3c5","ENSMUSG00000026816","chr2","-",0.00173358560067057,-0.586,"0.535,0.0,0.15","1.0,0.668,0.775",NA,NA,28469626,28469749,28472836,28473000,NA,NA,NA,NA,NA,NA,28471142,28471277,28471358,28471456,NA,NA
"KO_vs_Parental","MXE","Mutually Exclusive Exons","Pomt1","ENSMUSG00000039254","chr2","+",0.0472510446406493,-0.106,"0.481,0.509,0.553","0.629,0.641,0.591",NA,NA,32133630,32133724,32136026,32136122,NA,NA,NA,NA,NA,NA,32134245,32134401,32135558,32135689,NA,NA
"KO_vs_Parental","MXE","Mutually Exclusive Exons","Ppp4r1l-ps","ENSMUSG00000121504","chr2","-",0.0207784113701852,0.101,"0.283,0.345,0.324","0.26,0.137,0.252",NA,NA,173438832,173438980,173501115,173501160,NA,NA,NA,NA,NA,NA,173441382,173441480,173450525,173450672,NA,NA
"KO_vs_Parental","MXE","Mutually Exclusive Exons","Ppp4r1l-ps","ENSMUSG00000121504","chr2","-",0.0141529701706303,-0.145,"0.255,0.256,0.332","0.38,0.38,0.519",NA,NA,173441382,173441480,173501115,173501160,NA,NA,NA,NA,NA,NA,173450525,173450672,173457275,173458216,NA,NA
"KO_vs_Parental","MXE","Mutually Exclusive Exons","Ppp4r1l-ps","ENSMUSG00000121504","chr2","-",0.0382919310539831,-0.26,"0.429,0.61,0.341","0.59,0.739,0.832",NA,NA,173450525,173450672,173501115,173501160,NA,NA,NA,NA,NA,NA,173456906,173457369,173490962,173491160,NA,NA
"KO_vs_Parental","MXE","Mutually Exclusive Exons","Ppp4r1l-ps","ENSMUSG00000121504","chr2","-",0.025020291101211,-0.263,"0.374,0.583,0.449","0.62,0.755,0.82",NA,NA,173441382,173441480,173501115,173501160,NA,NA,NA,NA,NA,NA,173457275,173457369,173490962,173491160,NA,NA
"KO_vs_Parental","MXE","Mutually Exclusive Exons","Ppp4r1l-ps","ENSMUSG00000121504","chr2","-",1.08785377785451e-05,0.136,"1.0,1.0,0.968","0.912,0.802,0.846",NA,NA,173487249,173487351,173501305,173501338,NA,NA,NA,NA,NA,NA,173490962,173491160,173501115,173501160,NA,NA
"KO_vs_Parental","MXE","Mutually Exclusive Exons","D330041H03Rik","ENSMUSG00000073437","chr17","-",0.0356588697374787,-0.21,"0.152,0.152,0.254","0.373,0.451,0.364",NA,NA,24628449,24629145,24631440,24631548,NA,NA,NA,NA,NA,NA,24629231,24629327,24630898,24631057,NA,NA
"KO_vs_Parental","MXE","Mutually Exclusive Exons","Gm12610","ENSMUSG00000086035","chr4","+",0.00094283929109022,-0.159,"0.832,0.949,0.743","1.0,1.0,1.0",NA,NA,89274945,89274997,89288010,89288109,NA,NA,NA,NA,NA,NA,89275354,89275446,89279352,89279513,NA,NA
"KO_vs_Parental","MXE","Mutually Exclusive Exons","Dab2ip","ENSMUSG00000026883","chr2","+",0.000735098367706512,-0.123,"0.105,0.087,0.075","0.201,0.187,0.248",NA,NA,35512048,35512295,35597659,35597813,NA,NA,NA,NA,NA,NA,35533899,35534003,35551503,35551637,NA,NA
"KO_vs_Parental","MXE","Mutually Exclusive Exons","Dab2ip","ENSMUSG00000026883","chr2","+",0.000360232643211439,-0.117,"0.113,0.089,0.097","0.205,0.274,0.17",NA,NA,35533899,35534003,35598825,35598924,NA,NA,NA,NA,NA,NA,35551503,35551637,35597659,35597813,NA,NA
"KO_vs_Parental","MXE","Mutually Exclusive Exons","Dennd1a","ENSMUSG00000035392","chr2","-",3.9142416671835e-07,0.317,"0.729,0.863,0.763","0.429,0.41,0.566",NA,NA,37851652,37851754,38133413,38133484,NA,NA,NA,NA,NA,NA,37873071,37873117,38049818,38049862,NA,NA
"KO_vs_Parental","MXE","Mutually Exclusive Exons","Sfmbt2","ENSMUSG00000061186","chr2","+",0.000864428386935027,-0.11,"0.658,0.698,0.743","0.822,0.788,0.819",NA,NA,10562378,10562521,10582625,10582942,NA,NA,NA,NA,NA,NA,10573171,10573281,10580146,10580322,NA,NA
"KO_vs_Parental","MXE","Mutually Exclusive Exons","Flcn","ENSMUSG00000032633","chr11","-",3.90630617891711e-05,-0.11,"0.122,0.091,0.051","0.178,0.226,0.191",NA,NA,59684911,59685017,59686575,59686689,NA,NA,NA,NA,NA,NA,59685098,59685230,59685966,59686401,NA,NA
"KO_vs_Parental","MXE","Mutually Exclusive Exons","Madd","ENSMUSG00000040687","chr2","-",0.0117277329754744,0.17,"0.863,0.746,0.868","0.706,0.601,0.659",NA,NA,90988329,90988488,90992372,90992579,NA,NA,NA,NA,NA,NA,90988752,90988833,90989549,90989650,NA,NA
"KO_vs_Parental","MXE","Mutually Exclusive Exons","Madd","ENSMUSG00000040687","chr2","-",0.026541397124097,0.179,"0.68,0.542,0.594","0.509,0.377,0.394",NA,NA,90988329,90988488,90992372,90992579,NA,NA,NA,NA,NA,NA,90988761,90988833,90989549,90989650,NA,NA
"KO_vs_Parental","MXE","Mutually Exclusive Exons","Ccnyl1","ENSMUSG00000070871","chr1","+",0.0365403782630095,0.121,"0.843,0.712,0.792","0.733,0.644,0.608",NA,NA,64741504,64741539,64752269,64752321,NA,NA,NA,NA,NA,NA,64747536,64747637,64750576,64750612,NA,NA
"KO_vs_Parental","MXE","Mutually Exclusive Exons","4933431E20Rik","ENSMUSG00000086968","chr3","-",0.0497229289548478,0.103,"0.438,0.489,0.456","0.411,0.345,0.317",NA,NA,107800788,107800823,107802958,107803116,NA,NA,NA,NA,NA,NA,107801366,107801524,107802176,107802308,NA,NA
"KO_vs_Parental","MXE","Mutually Exclusive Exons","Map2","ENSMUSG00000015222","chr1","+",0.0384963789031326,0.151,"0.423,0.44,0.415","0.328,0.172,0.325",NA,NA,66440602,66440680,66459293,66459355,NA,NA,NA,NA,NA,NA,66451565,66455306,66455890,66456025,NA,NA
"KO_vs_Parental","MXE","Mutually Exclusive Exons","Cdkl2","ENSMUSG00000029403","chr5","-",0.0390944608453105,-0.116,"0.206,0.293,0.309","0.45,0.379,0.327",NA,NA,92181437,92181616,92190045,92190531,NA,NA,NA,NA,NA,NA,92185026,92185221,92187096,92187295,NA,NA
"KO_vs_Parental","MXE","Mutually Exclusive Exons","Catsper2","ENSMUSG00000033486","chr2","-",0.0074490552812963,-0.228,"0.387,0.329,0.335","0.514,0.625,0.597",NA,NA,121227433,121227601,121240857,121241031,NA,NA,NA,NA,NA,NA,121227941,121228369,121240618,121240687,NA,NA
"KO_vs_Parental","MXE","Mutually Exclusive Exons","2210408F21Rik","ENSMUSG00000087380","chr6","+",0.000480678992909655,-0.192,"0.659,0.59,0.572","0.757,0.799,0.84",NA,NA,31221039,31221293,31312925,31312997,NA,NA,NA,NA,NA,NA,31254782,31254890,31261937,31262055,NA,NA
"KO_vs_Parental","MXE","Mutually Exclusive Exons","2210408F21Rik","ENSMUSG00000087380","chr6","+",0.0107699797300957,0.125,"0.286,0.258,0.322","0.161,0.187,0.142",NA,NA,31221039,31221293,31312925,31312997,NA,NA,NA,NA,NA,NA,31261937,31262055,31305223,31305295,NA,NA
"KO_vs_Parental","MXE","Mutually Exclusive Exons","Platr26","ENSMUSG00000064263","chr2","+",0.0340732752549954,-0.317,"0.0,0.0,0.125","0.2,0.875,0.0",NA,NA,71549730,71549852,71560693,71560777,NA,NA,NA,NA,NA,NA,71553636,71553840,71559999,71560199,NA,NA
"KO_vs_Parental","MXE","Mutually Exclusive Exons","Platr26","ENSMUSG00000064263","chr2","+",0.0395922326566245,-0.311,"0.0,0.0,0.142","0.224,0.852,0.0",NA,NA,71549730,71549852,71560693,71560777,NA,NA,NA,NA,NA,NA,71553731,71553840,71559999,71560199,NA,NA
"KO_vs_Parental","MXE","Mutually Exclusive Exons","Adcyap1r1","ENSMUSG00000029778","chr6","+",0.011222466505368,-0.155,"0.276,0.354,0.398","0.532,0.434,0.526",NA,NA,55461926,55462018,55473967,55474156,NA,NA,NA,NA,NA,NA,55464643,55464727,55471061,55471191,NA,NA
"KO_vs_Parental","MXE","Mutually Exclusive Exons","Rassf7","ENSMUSG00000038618","chr7","+",0.0050494004454177,-0.135,"0.575,0.571,0.516","0.678,0.668,0.722",NA,NA,140795787,140795853,140797798,140797913,NA,NA,NA,NA,NA,NA,140796633,140796764,140796941,140797625,NA,NA
"KO_vs_Parental","MXE","Mutually Exclusive Exons","Pparg","ENSMUSG00000000440","chr6","+",0.000376532534453014,0.482,"0.648,0.682,0.786","0.38,0.126,0.164",NA,NA,115360659,115360704,115416800,115417028,NA,NA,NA,NA,NA,NA,115362557,115362594,115384202,115384281,NA,NA
"KO_vs_Parental","MXE","Mutually Exclusive Exons","Aamdc","ENSMUSG00000035642","chr7","-",0.035105294302846,0.227,"0.622,0.603,0.68","0.478,0.243,0.503",NA,NA,97199537,97199948,97224794,97224860,NA,NA,NA,NA,NA,NA,97207337,97207433,97214357,97214507,NA,NA
"KO_vs_Parental","MXE","Mutually Exclusive Exons","Morc2a","ENSMUSG00000034543","chr11","+",0,-0.268,"0.269,0.258,0.262","0.57,0.476,0.548",NA,NA,3599493,3600146,3611828,3611863,NA,NA,NA,NA,NA,NA,3600307,3600447,3608671,3608725,NA,NA
"KO_vs_Parental","MXE","Mutually Exclusive Exons","Tspan32","ENSMUSG00000000244","chr7","+",8.06466817847683e-05,0.382,"0.599,0.39,0.157","0.0,0.0,0.0",NA,NA,142560644,142560742,142569317,142569404,NA,NA,NA,NA,NA,NA,142564770,142564845,142568695,142568797,NA,NA
"KO_vs_Parental","MXE","Mutually Exclusive Exons","L1cam","ENSMUSG00000031391","chrX","-",0,-0.102,"0.809,0.807,0.806","0.904,0.906,0.918",NA,NA,72897383,72898872,72900508,72900628,NA,NA,NA,NA,NA,NA,72899364,72899437,72900237,72900399,NA,NA
"KO_vs_Parental","MXE","Mutually Exclusive Exons","Zfp788","ENSMUSG00000074165","chr7","+",0.0323190346396218,0.129,"0.517,0.422,0.449","0.39,0.338,0.274",NA,NA,41282979,41283118,41296914,41297041,NA,NA,NA,NA,NA,NA,41284103,41284323,41292756,41292856,NA,NA
"KO_vs_Parental","MXE","Mutually Exclusive Exons","Snhg14","ENSMUSG00000100826","chr7","-",0.012286058796513,-0.198,"0.331,0.426,0.191","0.512,0.541,0.49",NA,NA,59319335,59319490,59326365,59328349,NA,NA,NA,NA,NA,NA,59323557,59323704,59326085,59326232,NA,NA
"KO_vs_Parental","MXE","Mutually Exclusive Exons","Tlcd3b","ENSMUSG00000058966","chr7","+",3.60951841231816e-05,-0.476,"0.0,0.0,0.0","0.146,0.902,0.379",NA,NA,126416056,126416173,126418995,126419126,NA,NA,NA,NA,NA,NA,126416360,126416483,126417465,126417565,NA,NA
"KO_vs_Parental","MXE","Mutually Exclusive Exons","Sp3","ENSMUSG00000027109","chr2","-",0.0141840223756873,0.111,"0.91,0.89,0.91","0.918,0.723,0.735",NA,NA,72770886,72771083,72809830,72809976,NA,NA,NA,NA,NA,NA,72800498,72801858,72809241,72809373,NA,NA
"KO_vs_Parental","MXE","Mutually Exclusive Exons","Sh3rf1","ENSMUSG00000031642","chr8","+",0.00954255171745772,-0.159,"0.322,0.0,0.362","0.372,0.358,0.431",NA,NA,61802433,61802736,61816108,61816279,NA,NA,NA,NA,NA,NA,61806771,61806882,61814621,61814806,NA,NA
"KO_vs_Parental","MXE","Mutually Exclusive Exons","Psap","ENSMUSG00000004207","chr10","+",1.12418196973551e-09,0.123,"0.363,0.352,0.352","0.229,0.234,0.235",NA,NA,60131725,60131782,60135557,60135837,NA,NA,NA,NA,NA,NA,60134876,60135008,60135242,60135338,NA,NA
"KO_vs_Parental","MXE","Mutually Exclusive Exons","Ccl25","ENSMUSG00000023235","chr8","+",0.00056435821936865,0.125,"0.402,0.429,0.345","0.248,0.286,0.266",NA,NA,4375235,4375288,4403882,4404000,NA,NA,NA,NA,NA,NA,4377756,4377850,4399771,4399894,NA,NA
"KO_vs_Parental","MXE","Mutually Exclusive Exons","Pnpla6","ENSMUSG00000004565","chr8","+",0.00601335929675488,0.107,"0.291,0.206,0.239","0.204,0.105,0.107",NA,NA,3565383,3565556,3567324,3567407,NA,NA,NA,NA,NA,NA,3566680,3566749,3567076,3567164,NA,NA
"KO_vs_Parental","MXE","Mutually Exclusive Exons","Hand2os1","ENSMUSG00000100510","chr8","-",0.000135896145464832,0.11,"0.401,0.346,0.385","0.294,0.289,0.219",NA,NA,57760113,57760210,57773723,57773901,NA,NA,NA,NA,NA,NA,57767549,57767649,57773218,57773475,NA,NA
"KO_vs_Parental","MXE","Mutually Exclusive Exons","Dtx3","ENSMUSG00000040415","chr10","-",0.00147637283020872,-0.108,"0.332,0.412,0.362","0.467,0.488,0.475",NA,NA,127026246,127026908,127029598,127029672,NA,NA,NA,NA,NA,NA,127027204,127027422,127028477,127029207,NA,NA
"KO_vs_Parental","MXE","Mutually Exclusive Exons","Cacna1a","ENSMUSG00000034656","chr8","+",0.0387255176939253,-0.143,"0.13,0.0,0.0","0.086,0.211,0.261",NA,NA,85338913,85339041,85344420,85344526,NA,NA,NA,NA,NA,NA,85341323,85341420,85342202,85342299,NA,NA
"KO_vs_Parental","MXE","Mutually Exclusive Exons","Crnde","ENSMUSG00000031736","chr8","-",2.54928829551572e-05,0.231,"0.394,0.408,0.49","0.155,0.147,0.297",NA,NA,93072977,93073091,93077318,93077382,NA,NA,NA,NA,NA,NA,93073411,93073540,93073592,93073732,NA,NA
"KO_vs_Parental","MXE","Mutually Exclusive Exons","Crnde","ENSMUSG00000031736","chr8","-",0.000570101284576207,0.198,"0.38,0.427,0.448","0.177,0.162,0.323",NA,NA,93072977,93073091,93077318,93077382,NA,NA,NA,NA,NA,NA,93073411,93073540,93073597,93073732,NA,NA
"KO_vs_Parental","MXE","Mutually Exclusive Exons","Crnde","ENSMUSG00000031736","chr8","-",1.32079056286858e-05,0.185,"0.323,0.321,0.336","0.107,0.131,0.188",NA,NA,93052660,93053090,93077318,93077382,NA,NA,NA,NA,NA,NA,93073411,93073546,93073597,93073732,NA,NA
"KO_vs_Parental","MXE","Mutually Exclusive Exons","Crnde","ENSMUSG00000031736","chr8","-",1.14648432969749e-09,0.156,"0.239,0.228,0.283","0.078,0.078,0.125",NA,NA,93072977,93073091,93077318,93077382,NA,NA,NA,NA,NA,NA,93073411,93073546,93073592,93073732,NA,NA
"KO_vs_Parental","MXE","Mutually Exclusive Exons","Crnde","ENSMUSG00000031736","chr8","-",5.96970323603523e-07,0.135,"0.228,0.242,0.25","0.091,0.086,0.139",NA,NA,93072977,93073091,93077318,93077382,NA,NA,NA,NA,NA,NA,93073411,93073546,93073597,93073732,NA,NA
"KO_vs_Parental","MXE","Mutually Exclusive Exons","Crnde","ENSMUSG00000031736","chr8","-",0.0300154072811579,0.203,"0.649,0.585,0.605","0.441,0.312,0.478",NA,NA,93072977,93073091,93077318,93077382,NA,NA,NA,NA,NA,NA,93073467,93073546,93073592,93073732,NA,NA
"KO_vs_Parental","MXE","Mutually Exclusive Exons","Cbfb","ENSMUSG00000031885","chr8","+",2.21665666932813e-08,0.141,"0.485,0.484,0.463","0.364,0.29,0.355",NA,NA,105897937,105898024,105929083,105929179,NA,NA,NA,NA,NA,NA,105905224,105905341,105921106,105921223,NA,NA
"KO_vs_Parental","MXE","Mutually Exclusive Exons","Cbfb","ENSMUSG00000031885","chr8","+",2.61125543409958e-10,0.162,"0.584,0.525,0.553","0.411,0.374,0.392",NA,NA,105897937,105898024,105942535,105944613,NA,NA,NA,NA,NA,NA,105905224,105905341,105929083,105929210,NA,NA
"KO_vs_Parental","MXE","Mutually Exclusive Exons","Ccdc82","ENSMUSG00000079084","chr9","+",1.76015264030514e-08,-0.202,"0.114,0.193,0.177","0.409,0.333,0.347",NA,NA,13246660,13246676,13266811,13266936,NA,NA,NA,NA,NA,NA,13252850,13253055,13262360,13262453,NA,NA
"KO_vs_Parental","MXE","Mutually Exclusive Exons","Zfp426","ENSMUSG00000059475","chr9","-",0.0365403782630095,0.125,"0.47,0.44,0.362","0.335,0.33,0.233",NA,NA,20382994,20383077,20403681,20404042,NA,NA,NA,NA,NA,NA,20384323,20384404,20389428,20389550,NA,NA
"KO_vs_Parental","MXE","Mutually Exclusive Exons","Map4k1","ENSMUSG00000037337","chr7","+",0.0112379374167607,0.106,"0.235,0.209,0.26","0.157,0.126,0.104",NA,NA,28693629,28693712,28697876,28697953,NA,NA,NA,NA,NA,NA,28694889,28694913,28695513,28695598,NA,NA
"KO_vs_Parental","MXE","Mutually Exclusive Exons","Lrrfip2","ENSMUSG00000032497","chr9","+",0.0152704904702446,0.129,"0.228,0.219,0.111","0.0,0.0,0.17",NA,NA,110990370,110990457,111017829,111017874,NA,NA,NA,NA,NA,NA,110996267,110996312,110999323,110999392,NA,NA
"KO_vs_Parental","MXE","Mutually Exclusive Exons","Lrrfip2","ENSMUSG00000032497","chr9","+",0.00214352157218459,0.308,"0.529,0.417,0.252","0.0,0.0,0.273",NA,NA,110990370,110990457,111017829,111017874,NA,NA,NA,NA,NA,NA,110996267,110996312,111011886,111011955,NA,NA
"KO_vs_Parental","MXE","Mutually Exclusive Exons","Naa80","ENSMUSG00000079334","chr9","+",0.011222466505368,-0.101,"0.108,0.068,0.138","0.296,0.129,0.193",NA,NA,107456085,107456169,107460015,107460718,NA,NA,NA,NA,NA,NA,107456298,107456584,107457655,107458134,NA,NA
"KO_vs_Parental","MXE","Mutually Exclusive Exons","Micu1","ENSMUSG00000020111","chr10","+",0.0247263125253531,-0.17,"1.0,1.0,0.491","1.0,1.0,1.0",NA,NA,59586325,59586369,59603959,59604074,NA,NA,NA,NA,NA,NA,59592527,59592539,59602905,59602911,NA,NA
"KO_vs_Parental","MXE","Mutually Exclusive Exons","Pcdh15","ENSMUSG00000052613","chr10","+",0.0179081048054883,0.177,"0.517,0.539,0.437","0.288,0.333,0.342",NA,NA,73782859,73782978,74021105,74021261,NA,NA,NA,NA,NA,NA,73887429,73887495,74006280,74006441,NA,NA
"KO_vs_Parental","MXE","Mutually Exclusive Exons","2610307P16Rik","ENSMUSG00000085936","chr13","-",8.17108664830054e-05,-0.161,"0.066,0.015,0.061","0.35,0.139,0.135",NA,NA,28689688,28689896,28852352,28852687,NA,NA,NA,NA,NA,NA,28745423,28745562,28792500,28792611,NA,NA
"KO_vs_Parental","MXE","Mutually Exclusive Exons","2610307P16Rik","ENSMUSG00000085936","chr13","-",0.00124764539374037,-0.132,"0.017,0.009,0.005","0.068,0.287,0.073",NA,NA,28745423,28745562,28895099,28895191,NA,NA,NA,NA,NA,NA,28792500,28792611,28852352,28852687,NA,NA
"KO_vs_Parental","MXE","Mutually Exclusive Exons","2610307P16Rik","ENSMUSG00000085936","chr13","-",5.76005833718742e-06,-0.175,"0.0,0.017,0.01","0.068,0.32,0.165",NA,NA,28745423,28745562,28914373,28914486,NA,NA,NA,NA,NA,NA,28792500,28792611,28852352,28852687,NA,NA
"KO_vs_Parental","MXE","Mutually Exclusive Exons","Slc22a21","ENSMUSG00000063652","chr11","-",0.026541397124097,-0.288,"0.0,0.292,0.0","0.407,0.25,0.5",NA,NA,53848799,53848926,53860325,53860429,NA,NA,NA,NA,NA,NA,53850029,53850201,53851108,53851263,NA,NA
"KO_vs_Parental","MXE","Mutually Exclusive Exons","Rhbdl3","ENSMUSG00000017692","chr11","+",0.0363857661145422,0.163,"0.792,0.943,0.804","0.705,0.693,0.653",NA,NA,80193489,80193513,80221382,80221531,NA,NA,NA,NA,NA,NA,80210383,80210542,80214184,80214409,NA,NA
"KO_vs_Parental","RI","Retained Intron","Cstf2","ENSMUSG00000031256","chrX","+",0.0064624446536197,-0.14,"0.402,0.48,0.411","0.491,0.612,0.609",NA,NA,132970593,132970656,132973884,132974026,NA,NA,NA,NA,NA,NA,NA,NA,NA,NA,132970593,132974026
"KO_vs_Parental","RI","Retained Intron","Tafazzin","ENSMUSG00000009995","chrX","+",2.99177349560822e-13,-0.165,"0.69,0.656,0.601","0.785,0.823,0.834",NA,NA,73331783,73331825,73332056,73332119,NA,NA,NA,NA,NA,NA,NA,NA,NA,NA,73331783,73332119
"KO_vs_Parental","RI","Retained Intron","4833438C02Rik","ENSMUSG00000118087","chr19","-",0.0144939755302339,0.184,"0.483,0.606,0.486","0.284,0.342,0.398",NA,NA,46292019,46293289,46293546,46294075,NA,NA,NA,NA,NA,NA,NA,NA,NA,NA,46292019,46294075
"KO_vs_Parental","RI","Retained Intron","2010110K18Rik","ENSMUSG00000097755","chr18","+",0.0212437789760698,-0.151,"1.0,0.867,0.68","1.0,1.0,1.0",NA,NA,34887728,34887833,34889342,34889445,NA,NA,NA,NA,NA,NA,NA,NA,NA,NA,34887728,34889445
"KO_vs_Parental","RI","Retained Intron","Six3os1","ENSMUSG00000093460","chr17","-",0.0398475820212861,0.147,"1.0,1.0,0.909","1.0,0.467,1.0",NA,NA,85923021,85923171,85924709,85925062,NA,NA,NA,NA,NA,NA,NA,NA,NA,NA,85923021,85925062
"KO_vs_Parental","RI","Retained Intron","Stap2","ENSMUSG00000038781","chr17","-",0.00883032494505853,-0.25,"0.174,0.143,0.067","0.429,0.31,0.394",NA,NA,56307479,56307614,56307900,56308001,NA,NA,NA,NA,NA,NA,NA,NA,NA,NA,56307479,56308001
"KO_vs_Parental","RI","Retained Intron","Ubr2","ENSMUSG00000023977","chr17","-",9.00681137581444e-05,-0.114,"0.285,0.304,0.266","0.399,0.391,0.406",NA,NA,47291245,47291344,47292279,47292368,NA,NA,NA,NA,NA,NA,NA,NA,NA,NA,47291245,47292368
"KO_vs_Parental","RI","Retained Intron","Gm10505","ENSMUSG00000073430","chr17","+",0.0020988760871325,0.287,"1.0,1.0,1.0","1.0,0.538,0.6",NA,NA,27562274,27562556,27562757,27563799,NA,NA,NA,NA,NA,NA,NA,NA,NA,NA,27562274,27563799
"KO_vs_Parental","RI","Retained Intron","Rgs11","ENSMUSG00000024186","chr17","+",0.0164124613618665,0.215,"1.0,1.0,0.774","0.578,1.0,0.552",NA,NA,26422269,26422366,26422435,26422486,NA,NA,NA,NA,NA,NA,NA,NA,NA,NA,26422269,26422486
"KO_vs_Parental","RI","Retained Intron","Pgap6","ENSMUSG00000024180","chr17","+",3.30084128684116e-06,0.257,"0.236,0.434,0.348","0.081,0.067,0.1",NA,NA,26338006,26338130,26338372,26338509,NA,NA,NA,NA,NA,NA,NA,NA,NA,NA,26338006,26338509
"KO_vs_Parental","RI","Retained Intron","Pgap6","ENSMUSG00000024180","chr17","+",5.20006307478123e-07,0.219,"0.207,0.342,0.431","0.07,0.161,0.093",NA,NA,26339257,26339436,26339512,26339659,NA,NA,NA,NA,NA,NA,NA,NA,NA,NA,26339257,26339659
"KO_vs_Parental","RI","Retained Intron","Haghl","ENSMUSG00000061046","chr17","-",8.75643397368967e-05,-0.181,"0.789,1.0,0.667","1.0,1.0,1.0",NA,NA,26003048,26003152,26003428,26003546,NA,NA,NA,NA,NA,NA,NA,NA,NA,NA,26003048,26003546
"KO_vs_Parental","RI","Retained Intron","Scaf4","ENSMUSG00000022983","chr16","-",0.00525158224316254,-0.12,"0.309,0.301,0.245","0.323,0.479,0.414",NA,NA,90039414,90039606,90039759,90039846,NA,NA,NA,NA,NA,NA,NA,NA,NA,NA,90039414,90039846
"KO_vs_Parental","RI","Retained Intron","Noxo1","ENSMUSG00000019320","chr17","+",4.22146584986283e-05,0.16,"0.278,0.059,0.176","0.032,0.0,0.0",NA,NA,24918517,24918631,24918871,24918989,NA,NA,NA,NA,NA,NA,NA,NA,NA,NA,24918517,24918989
"KO_vs_Parental","RI","Retained Intron","Rasal3","ENSMUSG00000052142","chr17","-",7.05291243055022e-09,0.168,"0.368,0.364,0.381","0.135,0.251,0.223",NA,NA,32622029,32622373,32622494,32622555,NA,NA,NA,NA,NA,NA,NA,NA,NA,NA,32622029,32622555
"KO_vs_Parental","RI","Retained Intron","Tmem191","ENSMUSG00000055692","chr16","+",0.00160932394529714,0.148,"0.536,0.463,0.525","0.382,0.346,0.351",NA,NA,17094497,17094621,17094700,17094751,NA,NA,NA,NA,NA,NA,NA,NA,NA,NA,17094497,17094751
"KO_vs_Parental","RI","Retained Intron","Tmem191","ENSMUSG00000055692","chr16","+",0.000144530137701575,0.132,"0.257,0.299,0.299","0.234,0.103,0.122",NA,NA,17095205,17095265,17095391,17095456,NA,NA,NA,NA,NA,NA,NA,NA,NA,NA,17095205,17095456
"KO_vs_Parental","RI","Retained Intron","Tmem191","ENSMUSG00000055692","chr16","+",5.99072547470136e-08,0.177,"0.385,0.376,0.313","0.196,0.181,0.167",NA,NA,17095532,17095605,17095714,17095755,NA,NA,NA,NA,NA,NA,NA,NA,NA,NA,17095532,17095755
"KO_vs_Parental","RI","Retained Intron","Nckap1l","ENSMUSG00000022488","chr15","+",0.00127917606604645,-0.115,"0.12,0.093,0.111","0.141,0.225,0.303",NA,NA,103381943,103382025,103382226,103382285,NA,NA,NA,NA,NA,NA,NA,NA,NA,NA,103381943,103382285
"KO_vs_Parental","RI","Retained Intron","Thoc2","ENSMUSG00000037475","chrX","-",8.38962365517169e-06,-0.153,"0.328,0.35,0.376","0.546,0.458,0.51",NA,NA,40911569,40911748,40912238,40912423,NA,NA,NA,NA,NA,NA,NA,NA,NA,NA,40911569,40912423
"KO_vs_Parental","RI","Retained Intron","Fkbp11","ENSMUSG00000003355","chr15","-",0.000437758484147866,0.216,"0.931,1.0,1.0","1.0,0.784,0.5",NA,NA,98624364,98624435,98625091,98625179,NA,NA,NA,NA,NA,NA,NA,NA,NA,NA,98624364,98625179
"KO_vs_Parental","RI","Retained Intron","Sharpin","ENSMUSG00000022552","chr15","-",0.000168250433660397,0.123,"0.294,0.252,0.389","0.185,0.191,0.19",NA,NA,76231458,76231794,76231863,76232017,NA,NA,NA,NA,NA,NA,NA,NA,NA,NA,76231458,76232017
"KO_vs_Parental","RI","Retained Intron","Scrib","ENSMUSG00000022568","chr15","-",0.000392661053370085,0.127,"0.594,0.532,0.508","0.412,0.43,0.412",NA,NA,75919770,75919845,75919963,75920001,NA,NA,NA,NA,NA,NA,NA,NA,NA,NA,75919770,75920001
"KO_vs_Parental","RI","Retained Intron","Rnaset2b","ENSMUSG00000094724","chr17","+",0.036107794522753,-0.123,"0.75,1.0,0.882","1.0,1.0,1.0",NA,NA,7251537,7251590,7252454,7252512,NA,NA,NA,NA,NA,NA,NA,NA,NA,NA,7251537,7252512
"KO_vs_Parental","RI","Retained Intron","Mdp1","ENSMUSG00000002329","chr14","-",0.00039433788258754,0.105,"0.522,0.482,0.515","0.366,0.419,0.42",NA,NA,55897444,55897555,55897624,55897685,NA,NA,NA,NA,NA,NA,NA,NA,NA,NA,55897444,55897685
"KO_vs_Parental","RI","Retained Intron","Hnrnpc","ENSMUSG00000060373","chr14","-",0.000243514704064829,0.151,"0.763,0.84,0.821","0.667,0.654,0.65",NA,NA,52335471,52335497,52335772,52336001,NA,NA,NA,NA,NA,NA,NA,NA,NA,NA,52335471,52336001
"KO_vs_Parental","RI","Retained Intron","Rpl10a","ENSMUSG00000037805","chr17","+",0,0.205,"0.517,0.516,0.555","0.311,0.353,0.309",NA,NA,28547940,28548254,28548347,28548496,NA,NA,NA,NA,NA,NA,NA,NA,NA,NA,28547940,28548496
"KO_vs_Parental","RI","Retained Intron","Prpf40b","ENSMUSG00000023007","chr15","+",0.00970977867918636,-0.118,"0.689,0.619,0.701","0.756,0.779,0.827",NA,NA,99202305,99202371,99203288,99203314,NA,NA,NA,NA,NA,NA,NA,NA,NA,NA,99202305,99203314
"KO_vs_Parental","RI","Retained Intron","Pdlim7","ENSMUSG00000021493","chr13","-",0.00751331521402478,-0.106,"0.4,0.306,0.365","0.518,0.432,0.439",NA,NA,55654118,55654180,55655142,55655179,NA,NA,NA,NA,NA,NA,NA,NA,NA,NA,55654118,55655179
"KO_vs_Parental","RI","Retained Intron","Tnfaip2","ENSMUSG00000021281","chr12","+",0.0424531762187294,-0.114,"0.157,0.157,0.113","0.202,0.3,0.267",NA,NA,111414680,111414803,111414972,111415073,NA,NA,NA,NA,NA,NA,NA,NA,NA,NA,111414680,111415073
"KO_vs_Parental","RI","Retained Intron","Adcy3","ENSMUSG00000020654","chr12","+",0.027206574893718,0.112,"0.197,0.333,0.248","0.141,0.148,0.153",NA,NA,4260771,4260891,4261481,4261605,NA,NA,NA,NA,NA,NA,NA,NA,NA,NA,4260771,4261605
"KO_vs_Parental","RI","Retained Intron","Sirt7","ENSMUSG00000025138","chr11","-",1.45352092819826e-06,-0.171,"0.301,0.396,0.351","0.509,0.569,0.483",NA,NA,120509197,120509875,120510988,120511095,NA,NA,NA,NA,NA,NA,NA,NA,NA,NA,120509197,120511095
"KO_vs_Parental","RI","Retained Intron","Sirt7","ENSMUSG00000025138","chr11","-",9.1765310060436e-07,-0.124,"0.243,0.252,0.262","0.372,0.408,0.35",NA,NA,120511249,120511330,120511472,120511709,NA,NA,NA,NA,NA,NA,NA,NA,NA,NA,120511249,120511709
"KO_vs_Parental","RI","Retained Intron","Acbd4","ENSMUSG00000056938","chr11","+",0.00130454955160958,-0.222,"0.581,0.652,0.933","0.833,1.0,1.0",NA,NA,102994351,102994470,102994918,102994998,NA,NA,NA,NA,NA,NA,NA,NA,NA,NA,102994351,102994998
"KO_vs_Parental","RI","Retained Intron","Med24","ENSMUSG00000017210","chr11","-",5.89849514470499e-10,-0.15,"0.17,0.218,0.208","0.325,0.357,0.363",NA,NA,98607239,98607351,98608735,98608968,NA,NA,NA,NA,NA,NA,NA,NA,NA,NA,98607239,98608968
"KO_vs_Parental","RI","Retained Intron","9630028I04Rik","ENSMUSG00000117916","chr17","-",0.0153936369707447,-0.148,"0.813,0.629,0.75","0.935,0.769,0.931",NA,NA,27454042,27454489,27455902,27456111,NA,NA,NA,NA,NA,NA,NA,NA,NA,NA,27454042,27456111
"KO_vs_Parental","RI","Retained Intron","Fbxw9","ENSMUSG00000008167","chr8","+",0.0256778173762021,0.16,"0.47,0.324,0.561","0.267,0.29,0.317",NA,NA,85791012,85791125,85791209,85791301,NA,NA,NA,NA,NA,NA,NA,NA,NA,NA,85791012,85791301
"KO_vs_Parental","RI","Retained Intron","Crocc","ENSMUSG00000040860","chr4","-",0.00482530928699568,-0.118,"0.599,0.566,0.613","0.648,0.716,0.768",NA,NA,140747018,140747243,140747584,140747800,NA,NA,NA,NA,NA,NA,NA,NA,NA,NA,140747018,140747800
"KO_vs_Parental","RI","Retained Intron","Fos","ENSMUSG00000021250","chr12","+",0.000122496417934955,-0.406,"0.58,0.341,0.861","1.0,1.0,1.0",NA,NA,85521464,85521569,85521708,85521960,NA,NA,NA,NA,NA,NA,NA,NA,NA,NA,85521464,85521960
"KO_vs_Parental","RI","Retained Intron","5430401H09Rik","ENSMUSG00000112071","chr12","-",0.0445162599286098,-0.34,"0.431,0.503,0.503","1.0,1.0,0.457",NA,NA,32166067,32166206,32166352,32166419,NA,NA,NA,NA,NA,NA,NA,NA,NA,NA,32166067,32166419
"KO_vs_Parental","RI","Retained Intron","Fermt3","ENSMUSG00000024965","chr19","-",0.0209427581485169,-0.423,"0.333,0.231,0.0","0.556,0.5,0.778",NA,NA,6979124,6979249,6979580,6979820,NA,NA,NA,NA,NA,NA,NA,NA,NA,NA,6979124,6979820
"KO_vs_Parental","RI","Retained Intron","Fermt3","ENSMUSG00000024965","chr19","-",0.0427967995303772,-0.304,"0.242,0.154,0.39","0.59,0.865,0.242",NA,NA,6980189,6980314,6980398,6980448,NA,NA,NA,NA,NA,NA,NA,NA,NA,NA,6980189,6980448
"KO_vs_Parental","RI","Retained Intron","Mapk11","ENSMUSG00000053137","chr15","-",7.62114932565698e-12,0.181,"0.434,0.408,0.495","0.233,0.29,0.271",NA,NA,89029298,89029378,89029577,89029649,NA,NA,NA,NA,NA,NA,NA,NA,NA,NA,89029298,89029649
"KO_vs_Parental","RI","Retained Intron","Tesc","ENSMUSG00000029359","chr5","+",3.30084128684116e-06,0.138,"0.611,0.621,0.648","0.446,0.528,0.493",NA,NA,118194441,118194508,118194601,118194709,NA,NA,NA,NA,NA,NA,NA,NA,NA,NA,118194441,118194709
"KO_vs_Parental","RI","Retained Intron","Mbd3","ENSMUSG00000035478","chr10","-",1.15821734542751e-08,0.143,"0.295,0.367,0.284","0.162,0.185,0.17",NA,NA,80228372,80228852,80228928,80229114,NA,NA,NA,NA,NA,NA,NA,NA,NA,NA,80228372,80229114
"KO_vs_Parental","RI","Retained Intron","Tmem33","ENSMUSG00000037720","chr5","+",4.91140686875912e-05,0.113,"0.77,0.7,0.691","0.61,0.631,0.58",NA,NA,67443438,67443559,67444352,67448804,NA,NA,NA,NA,NA,NA,NA,NA,NA,NA,67443438,67448804
"KO_vs_Parental","RI","Retained Intron","Tedc2","ENSMUSG00000024118","chr17","-",1.98098411029409e-05,0.124,"0.384,0.338,0.394","0.248,0.255,0.241",NA,NA,24438704,24439107,24439225,24439284,NA,NA,NA,NA,NA,NA,NA,NA,NA,NA,24438704,24439284
"KO_vs_Parental","RI","Retained Intron","Smarcd3","ENSMUSG00000028949","chr5","-",9.08597837208142e-09,-0.281,"0.42,0.576,0.51","0.771,0.799,0.778",NA,NA,24800387,24800483,24800720,24800843,NA,NA,NA,NA,NA,NA,NA,NA,NA,NA,24800387,24800843
"KO_vs_Parental","RI","Retained Intron","Gm20544","ENSMUSG00000092569","chr18","-",5.00020178721262e-05,-0.439,"0.053,0.214,0.125","0.5,0.636,0.574",NA,NA,75497177,75497898,75498145,75498933,NA,NA,NA,NA,NA,NA,NA,NA,NA,NA,75497177,75498933
"KO_vs_Parental","RI","Retained Intron","Zswim8","ENSMUSG00000021819","chr14","+",0,-0.248,"0.241,0.243,0.194","0.479,0.471,0.473",NA,NA,20769447,20769740,20769880,20770104,NA,NA,NA,NA,NA,NA,NA,NA,NA,NA,20769447,20770104
"KO_vs_Parental","RI","Retained Intron","9430015G10Rik","ENSMUSG00000059939","chr4","+",0.00170815130971675,0.111,"0.739,0.752,0.772","0.573,0.709,0.647",NA,NA,156206389,156206485,156206807,156206873,NA,NA,NA,NA,NA,NA,NA,NA,NA,NA,156206389,156206873
"KO_vs_Parental","RI","Retained Intron","Apbb3","ENSMUSG00000117679","chr18","-",0.000762341999193819,-0.136,"0.409,0.39,0.43","0.539,0.603,0.494",NA,NA,36809669,36809675,36809917,36810045,NA,NA,NA,NA,NA,NA,NA,NA,NA,NA,36809669,36810045
"KO_vs_Parental","RI","Retained Intron","Lrwd1","ENSMUSG00000029703","chr5","-",1.23698917799047e-05,-0.229,"0.714,0.6,1.0","1.0,1.0,1.0",NA,NA,136161159,136161282,136162787,136162904,NA,NA,NA,NA,NA,NA,NA,NA,NA,NA,136161159,136162904
"KO_vs_Parental","RI","Retained Intron","Czib","ENSMUSG00000028608","chr4","+",6.45066795328351e-07,-0.152,"0.639,0.544,0.615","0.725,0.747,0.781",NA,NA,107752069,107752135,107754067,107754315,NA,NA,NA,NA,NA,NA,NA,NA,NA,NA,107752069,107754315
"KO_vs_Parental","RI","Retained Intron","Srrm1","ENSMUSG00000028809","chr4","-",0,-0.142,"0.177,0.175,0.181","0.292,0.33,0.337",NA,NA,135071809,135071980,135074045,135074168,NA,NA,NA,NA,NA,NA,NA,NA,NA,NA,135071809,135074168
"KO_vs_Parental","RI","Retained Intron","Ccnl2","ENSMUSG00000029068","chr4","+",5.61441220710658e-07,-0.103,"0.719,0.732,0.734","0.785,0.853,0.856",NA,NA,155902379,155902444,155904785,155904885,NA,NA,NA,NA,NA,NA,NA,NA,NA,NA,155902379,155904885
"KO_vs_Parental","RI","Retained Intron","Dnai1","ENSMUSG00000061322","chr4","+",0.0143623293733093,0.259,"1.0,0.926,0.705","0.642,0.587,0.626",NA,NA,41632139,41632288,41632388,41632488,NA,NA,NA,NA,NA,NA,NA,NA,NA,NA,41632139,41632488
"KO_vs_Parental","RI","Retained Intron","Pidd1","ENSMUSG00000025507","chr7","-",0.00100886307385364,0.124,"0.285,0.198,0.228","0.107,0.116,0.115",NA,NA,141021085,141021287,141021387,141021442,NA,NA,NA,NA,NA,NA,NA,NA,NA,NA,141021085,141021442
"KO_vs_Parental","RI","Retained Intron","Odf2l","ENSMUSG00000028256","chr3","+",2.74417659305131e-05,-0.148,"0.788,0.789,0.938","0.959,1.0,1.0",NA,NA,144851636,144851714,144854291,144854377,NA,NA,NA,NA,NA,NA,NA,NA,NA,NA,144851636,144854377
"KO_vs_Parental","RI","Retained Intron","Adam8","ENSMUSG00000025473","chr7","-",0.00539748768959396,0.217,"0.217,0.267,0.5","0.0,0.333,0.0",NA,NA,139564641,139564756,139565249,139565343,NA,NA,NA,NA,NA,NA,NA,NA,NA,NA,139564641,139565343
"KO_vs_Parental","RI","Retained Intron","Adam8","ENSMUSG00000025473","chr7","-",1.18065633947391e-06,-0.476,"0.818,0.167,0.586","1.0,1.0,1.0",NA,NA,139567091,139567181,139567472,139567650,NA,NA,NA,NA,NA,NA,NA,NA,NA,NA,139567091,139567650
"KO_vs_Parental","RI","Retained Intron","Clk3","ENSMUSG00000032316","chr9","-",0.00820813455790458,-0.146,"0.611,0.556,0.487","0.702,0.649,0.74",NA,NA,57665566,57665633,57668106,57668323,NA,NA,NA,NA,NA,NA,NA,NA,NA,NA,57665566,57668323
"KO_vs_Parental","RI","Retained Intron","Cyb5rl","ENSMUSG00000028621","chr4","+",0.00347508028963027,-0.249,"0.688,0.714,0.565","0.882,0.833,1.0",NA,NA,106925808,106926020,106927312,106927744,NA,NA,NA,NA,NA,NA,NA,NA,NA,NA,106925808,106927744
"KO_vs_Parental","RI","Retained Intron","Raf1","ENSMUSG00000000441","chr6","-",7.17512108541303e-07,0.113,"0.312,0.316,0.323","0.194,0.208,0.209",NA,NA,115597169,115597288,115598776,115598823,NA,NA,NA,NA,NA,NA,NA,NA,NA,NA,115597169,115598823
"KO_vs_Parental","RI","Retained Intron","Pak6","ENSMUSG00000074923","chr2","+",8.75643397368967e-05,-0.472,"1.0,0.333,0.25","1.0,1.0,1.0",NA,NA,118524347,118524481,118524995,118525121,NA,NA,NA,NA,NA,NA,NA,NA,NA,NA,118524347,118525121
"KO_vs_Parental","RI","Retained Intron","Cgn","ENSMUSG00000068876","chr3","-",0.0262801961337791,0.14,"0.172,0.16,0.087","0.0,0.0,0.0",NA,NA,94685303,94685399,94685510,94685580,NA,NA,NA,NA,NA,NA,NA,NA,NA,NA,94685303,94685580
"KO_vs_Parental","RI","Retained Intron","Prnd","ENSMUSG00000027338","chr2","+",0.00447101360344663,-0.346,"0.455,0.778,0.286","1.0,0.556,1.0",NA,NA,131794928,131795502,131796710,131798050,NA,NA,NA,NA,NA,NA,NA,NA,NA,NA,131794928,131798050
"KO_vs_Parental","RI","Retained Intron","Prnd","ENSMUSG00000027338","chr2","+",8.45703940859342e-06,-0.547,"0.44,0.3,0.286","1.0,1.0,0.667",NA,NA,131794928,131795502,131796740,131798050,NA,NA,NA,NA,NA,NA,NA,NA,NA,NA,131794928,131798050
"KO_vs_Parental","RI","Retained Intron","Trim65","ENSMUSG00000054517","chr11","-",0.00475896853893397,-0.15,"0.017,0.044,0.062","0.139,0.373,0.061",NA,NA,116018263,116018441,116018523,116018757,NA,NA,NA,NA,NA,NA,NA,NA,NA,NA,116018263,116018757
"KO_vs_Parental","RI","Retained Intron","Arhgap33os","ENSMUSG00000062132","chr7","+",0.016006758292633,-0.26,"0.571,0.379,0.842","1.0,1.0,0.571",NA,NA,30220417,30220490,30220565,30220642,NA,NA,NA,NA,NA,NA,NA,NA,NA,NA,30220417,30220642
"KO_vs_Parental","RI","Retained Intron","Gon4l","ENSMUSG00000054199","chr3","+",0.0328971068333869,-0.364,"0.6,0.077,0.189","0.75,0.833,0.375",NA,NA,88805411,88805667,88806196,88806381,NA,NA,NA,NA,NA,NA,NA,NA,NA,NA,88805411,88806381
"KO_vs_Parental","RI","Retained Intron","Ift172","ENSMUSG00000038564","chr5","-",0.0185838466952004,-0.105,"0.172,0.227,0.154","0.198,0.342,0.328",NA,NA,31443106,31443172,31443421,31443461,NA,NA,NA,NA,NA,NA,NA,NA,NA,NA,31443106,31443461
"KO_vs_Parental","RI","Retained Intron","Abcc10","ENSMUSG00000032842","chr17","-",0.0105633424993189,0.121,"0.143,0.158,0.292","0.13,0.035,0.065",NA,NA,46615082,46615180,46615255,46615401,NA,NA,NA,NA,NA,NA,NA,NA,NA,NA,46615082,46615401
"KO_vs_Parental","RI","Retained Intron","Rab3gap2","ENSMUSG00000039318","chr1","+",2.87236994662284e-06,-0.204,"0.412,0.495,0.457","0.664,0.642,0.669",NA,NA,184999097,184999211,184999369,184999476,NA,NA,NA,NA,NA,NA,NA,NA,NA,NA,184999097,184999476
"KO_vs_Parental","RI","Retained Intron","Phykpl","ENSMUSG00000020359","chr11","+",0.00131161183306823,0.122,"0.214,0.269,0.373","0.173,0.126,0.192",NA,NA,51482832,51482920,51482995,51483112,NA,NA,NA,NA,NA,NA,NA,NA,NA,NA,51482832,51483112
"KO_vs_Parental","RI","Retained Intron","Phykpl","ENSMUSG00000020359","chr11","+",1.09502283447869e-06,0.195,"0.422,0.369,0.47","0.223,0.203,0.25",NA,NA,51484430,51484513,51484742,51484968,NA,NA,NA,NA,NA,NA,NA,NA,NA,NA,51484430,51484968
"KO_vs_Parental","RI","Retained Intron","Agrn","ENSMUSG00000041936","chr4","-",1.72172659620741e-07,-0.13,"0.314,0.285,0.312","0.407,0.45,0.444",NA,NA,156257459,156257587,156257999,156258137,NA,NA,NA,NA,NA,NA,NA,NA,NA,NA,156257459,156258137
"KO_vs_Parental","RI","Retained Intron","Cenpl","ENSMUSG00000026708","chr1","+",0.00670742075726201,0.106,"0.159,0.221,0.189","0.033,0.103,0.114",NA,NA,160910477,160911020,160913557,160913908,NA,NA,NA,NA,NA,NA,NA,NA,NA,NA,160910477,160913908
"KO_vs_Parental","RI","Retained Intron","Ydjc","ENSMUSG00000041774","chr16","+",6.67044873061263e-06,-0.106,"0.838,0.893,0.8","0.957,0.952,0.939",NA,NA,16965461,16965561,16966019,16966710,NA,NA,NA,NA,NA,NA,NA,NA,NA,NA,16965461,16966710
"KO_vs_Parental","RI","Retained Intron","Nudt13","ENSMUSG00000021809","chr14","+",0.00785663550244315,-0.167,"0.292,0.206,0.266","0.321,0.421,0.523",NA,NA,20356299,20356434,20357760,20357867,NA,NA,NA,NA,NA,NA,NA,NA,NA,NA,20356299,20357867
"KO_vs_Parental","RI","Retained Intron","Inpp5j","ENSMUSG00000034570","chr11","-",4.22146584986283e-05,-0.3,"0.333,0.26,0.195","0.476,0.544,0.667",NA,NA,3451045,3451162,3451319,3451428,NA,NA,NA,NA,NA,NA,NA,NA,NA,NA,3451045,3451428
"KO_vs_Parental","RI","Retained Intron","Snhg16","ENSMUSG00000020812","chr11","+",9.44836322394789e-06,0.11,"0.169,0.281,0.279","0.131,0.132,0.136",NA,NA,116564763,116565201,116566333,116566624,NA,NA,NA,NA,NA,NA,NA,NA,NA,NA,116564763,116566624
"KO_vs_Parental","RI","Retained Intron","1110038B12Rik","ENSMUSG00000092203","chr17","-",0.000842643016437699,0.124,"0.889,0.854,0.866","0.829,0.656,0.753",NA,NA,35169673,35170901,35171090,35171149,NA,NA,NA,NA,NA,NA,NA,NA,NA,NA,35169673,35171149
"KO_vs_Parental","RI","Retained Intron","1110038B12Rik","ENSMUSG00000092203","chr17","-",0.00137758596821871,0.114,"0.797,0.736,0.724","0.647,0.656,0.613",NA,NA,35169673,35169823,35171111,35171149,NA,NA,NA,NA,NA,NA,NA,NA,NA,NA,35169673,35171149
"KO_vs_Parental","RI","Retained Intron","Zyx","ENSMUSG00000029860","chr6","+",1.99488037517108e-08,0.106,"0.266,0.233,0.277","0.171,0.152,0.135",NA,NA,42326966,42327053,42327190,42327410,NA,NA,NA,NA,NA,NA,NA,NA,NA,NA,42326966,42327410
"KO_vs_Parental","RI","Retained Intron","Sf3b1","ENSMUSG00000025982","chr1","-",7.97806265496723e-14,-0.171,"0.226,0.231,0.223","0.342,0.425,0.427",NA,NA,55053641,55053721,55055534,55055649,NA,NA,NA,NA,NA,NA,NA,NA,NA,NA,55053641,55055649
"KO_vs_Parental","RI","Retained Intron","Thoc1","ENSMUSG00000024287","chr18","+",0.00670742075726201,-0.142,"0.373,0.404,0.369","0.498,0.615,0.458",NA,NA,9986288,9986355,9986552,9986603,NA,NA,NA,NA,NA,NA,NA,NA,NA,NA,9986288,9986603
"KO_vs_Parental","RI","Retained Intron","Gas5","ENSMUSG00000053332","chr1","+",0.000260733370574528,0.154,"0.564,0.535,0.619","0.369,0.492,0.395",NA,NA,160863777,160863814,160864389,160864422,NA,NA,NA,NA,NA,NA,NA,NA,NA,NA,160863777,160864422
"KO_vs_Parental","RI","Retained Intron","Adamts10","ENSMUSG00000024299","chr17","+",0.0405905775902013,0.108,"0.543,0.605,0.606","0.48,0.478,0.471",NA,NA,33757041,33757147,33757237,33757384,NA,NA,NA,NA,NA,NA,NA,NA,NA,NA,33757041,33757384
"KO_vs_Parental","RI","Retained Intron","Clcn4","ENSMUSG00000000605","chr7","-",0.00044185199734918,0.108,"0.842,0.873,0.853","0.736,0.721,0.788",NA,NA,7294409,7294725,7294818,7294955,NA,NA,NA,NA,NA,NA,NA,NA,NA,NA,7294409,7294955
"KO_vs_Parental","RI","Retained Intron","Rpl31","ENSMUSG00000073702","chr1","+",2.09033447719626e-05,0.104,"0.43,0.418,0.395","0.317,0.327,0.286",NA,NA,39407009,39407087,39407229,39407336,NA,NA,NA,NA,NA,NA,NA,NA,NA,NA,39407009,39407336
"KO_vs_Parental","RI","Retained Intron","Arl4a","ENSMUSG00000047446","chr12","-",0.0243413974816659,-0.162,"0.846,0.524,1.0","1.0,0.857,1.0",NA,NA,40056698,40056792,40059700,40059819,NA,NA,NA,NA,NA,NA,NA,NA,NA,NA,40056698,40059819
"KO_vs_Parental","RI","Retained Intron","Vps11","ENSMUSG00000032127","chr9","-",0.000626229189113407,-0.151,"0.758,0.668,0.596","0.806,0.826,0.844",NA,NA,44266995,44267147,44267591,44267726,NA,NA,NA,NA,NA,NA,NA,NA,NA,NA,44266995,44267726
"KO_vs_Parental","RI","Retained Intron","Nes","ENSMUSG00000004891","chr3","+",0.0277973280287997,-0.122,"0.467,0.342,0.333","0.472,0.511,0.525",NA,NA,87882727,87883887,87884019,87887758,NA,NA,NA,NA,NA,NA,NA,NA,NA,NA,87882727,87887758
"KO_vs_Parental","RI","Retained Intron","Clk2","ENSMUSG00000068917","chr3","+",7.05028449647842e-07,-0.117,"0.861,0.892,0.776","0.931,0.982,0.967",NA,NA,89076001,89076230,89077355,89077422,NA,NA,NA,NA,NA,NA,NA,NA,NA,NA,89076001,89077422
"KO_vs_Parental","RI","Retained Intron","Tubgcp4","ENSMUSG00000027263","chr2","+",0.00715845307431864,-0.132,"0.311,0.18,0.185","0.31,0.427,0.336",NA,NA,121019842,121019950,121020304,121020446,NA,NA,NA,NA,NA,NA,NA,NA,NA,NA,121019842,121020446
"KO_vs_Parental","RI","Retained Intron","Tubgcp4","ENSMUSG00000027263","chr2","+",0.0083522943750251,-0.12,"0.248,0.143,0.233","0.312,0.402,0.269",NA,NA,121019842,121019950,121020307,121020446,NA,NA,NA,NA,NA,NA,NA,NA,NA,NA,121019842,121020446
"KO_vs_Parental","RI","Retained Intron","Rnf44","ENSMUSG00000034928","chr13","-",0.00118175078055508,0.11,"0.385,0.376,0.451","0.308,0.288,0.285",NA,NA,54831773,54831963,54832150,54832301,NA,NA,NA,NA,NA,NA,NA,NA,NA,NA,54831773,54832301
"KO_vs_Parental","RI","Retained Intron","Chid1","ENSMUSG00000025512","chr7","-",0.0209525317994606,-0.214,"0.579,0.643,0.59","0.92,0.677,0.857",NA,NA,141102521,141102614,141107511,141107618,NA,NA,NA,NA,NA,NA,NA,NA,NA,NA,141102521,141107618
"KO_vs_Parental","RI","Retained Intron","Lrrc71","ENSMUSG00000023084","chr3","-",9.40342904045332e-06,0.461,"1.0,1.0,1.0","0.571,0.2,0.846",NA,NA,87648281,87648370,87648742,87648836,NA,NA,NA,NA,NA,NA,NA,NA,NA,NA,87648281,87648836
"KO_vs_Parental","RI","Retained Intron","Tmbim1","ENSMUSG00000006301","chr1","-",0.000117412888754149,-0.15,"0.786,0.964,0.8","1.0,1.0,1.0",NA,NA,74330853,74330893,74331993,74332047,NA,NA,NA,NA,NA,NA,NA,NA,NA,NA,74330853,74332047
"KO_vs_Parental","RI","Retained Intron","Ilkap","ENSMUSG00000026309","chr1","-",0.00211433889582328,0.121,"0.637,0.655,0.658","0.564,0.531,0.493",NA,NA,91314936,91315063,91316076,91316186,NA,NA,NA,NA,NA,NA,NA,NA,NA,NA,91314936,91316186
"KO_vs_Parental","RI","Retained Intron","Nr1h2","ENSMUSG00000060601","chr7","-",0.0394739589404381,-0.101,"0.449,0.461,0.35","0.486,0.487,0.591",NA,NA,44201378,44201660,44201930,44202044,NA,NA,NA,NA,NA,NA,NA,NA,NA,NA,44201378,44202044
"KO_vs_Parental","RI","Retained Intron","Nr1h2","ENSMUSG00000060601","chr7","-",0.00098625958131684,-0.144,"0.439,0.492,0.38","0.528,0.633,0.582",NA,NA,44201378,44201669,44201930,44202044,NA,NA,NA,NA,NA,NA,NA,NA,NA,NA,44201378,44202044
"KO_vs_Parental","RI","Retained Intron","Eps8l2","ENSMUSG00000025504","chr7","+",0.0392092773841242,-0.4,"1.0,0.0,0.0","1.0,1.0,0.2",NA,NA,140937154,140937229,140937455,140937604,NA,NA,NA,NA,NA,NA,NA,NA,NA,NA,140937154,140937604
"KO_vs_Parental","RI","Retained Intron","Ensa","ENSMUSG00000038619","chr3","+",6.05259278759445e-08,-0.109,"0.765,0.716,0.737","0.853,0.83,0.863",NA,NA,95535851,95536018,95538742,95539413,NA,NA,NA,NA,NA,NA,NA,NA,NA,NA,95535851,95539413
"KO_vs_Parental","RI","Retained Intron","Ccnt2","ENSMUSG00000026349","chr1","+",0.0370670186077652,0.131,"1.0,1.0,1.0","0.724,0.882,1.0",NA,NA,127719341,127719470,127722991,127723537,NA,NA,NA,NA,NA,NA,NA,NA,NA,NA,127719341,127723537
"KO_vs_Parental","RI","Retained Intron","Srsf6","ENSMUSG00000016921","chr2","+",5.77622666165874e-07,-0.118,"0.325,0.348,0.289","0.404,0.442,0.47",NA,NA,162773913,162774062,162775345,162775470,NA,NA,NA,NA,NA,NA,NA,NA,NA,NA,162773913,162775470
"KO_vs_Parental","RI","Retained Intron","Dab2ip","ENSMUSG00000026883","chr2","+",1.9489410129163e-06,-0.1,"0.821,0.757,0.736","0.871,0.863,0.88",NA,NA,35618069,35618140,35619122,35621006,NA,NA,NA,NA,NA,NA,NA,NA,NA,NA,35618069,35621006
"KO_vs_Parental","RI","Retained Intron","Sp110","ENSMUSG00000070034","chr1","-",0.00950797005464143,-0.415,"0.429,0.308,0.217","1.0,0.2,1.0",NA,NA,85506777,85506920,85507364,85507466,NA,NA,NA,NA,NA,NA,NA,NA,NA,NA,85506777,85507466
"KO_vs_Parental","RI","Retained Intron","Srrt","ENSMUSG00000037364","chr5","-",1.58733850795115e-09,-0.115,"0.185,0.152,0.165","0.268,0.31,0.27",NA,NA,137294728,137294885,137295036,137295230,NA,NA,NA,NA,NA,NA,NA,NA,NA,NA,137294728,137295230
"KO_vs_Parental","RI","Retained Intron","Cdk11b","ENSMUSG00000029062","chr4","+",6.66486782166564e-06,0.157,"0.671,0.636,0.697","0.49,0.51,0.533",NA,NA,155709987,155710111,155710183,155710230,NA,NA,NA,NA,NA,NA,NA,NA,NA,NA,155709987,155710230
"KO_vs_Parental","RI","Retained Intron","Psrc1","ENSMUSG00000068744","chr3","+",3.10346637278388e-11,0.113,"0.209,0.24,0.192","0.095,0.092,0.114",NA,NA,108291551,108291601,108291689,108291747,NA,NA,NA,NA,NA,NA,NA,NA,NA,NA,108291551,108291747
"KO_vs_Parental","RI","Retained Intron","Fuz","ENSMUSG00000011658","chr7","+",0.00890983490938955,0.156,"0.553,0.569,0.412","0.385,0.405,0.276",NA,NA,44546943,44547048,44547926,44548124,NA,NA,NA,NA,NA,NA,NA,NA,NA,NA,44546943,44548124
"KO_vs_Parental","RI","Retained Intron","Trpv2","ENSMUSG00000018507","chr11","+",0.00246345530709679,-0.141,"1.0,0.676,0.9","1.0,1.0,1.0",NA,NA,62480476,62480650,62481732,62481831,NA,NA,NA,NA,NA,NA,NA,NA,NA,NA,62480476,62481831
"KO_vs_Parental","RI","Retained Intron","Cpsf4","ENSMUSG00000029625","chr5","+",0.00448276042036066,-0.151,"0.403,0.275,0.418","0.464,0.538,0.546",NA,NA,145114039,145114112,145115567,145115738,NA,NA,NA,NA,NA,NA,NA,NA,NA,NA,145114039,145115738
"KO_vs_Parental","RI","Retained Intron","Cpsf4","ENSMUSG00000029625","chr5","+",0,-0.236,"0.257,0.224,0.219","0.423,0.489,0.495",NA,NA,145114039,145114112,145115642,145115738,NA,NA,NA,NA,NA,NA,NA,NA,NA,NA,145114039,145115738
"KO_vs_Parental","RI","Retained Intron","Cpsf4","ENSMUSG00000029625","chr5","+",2.49744045955832e-10,-0.215,"0.312,0.297,0.341","0.531,0.559,0.505",NA,NA,145114039,145114112,145115645,145115738,NA,NA,NA,NA,NA,NA,NA,NA,NA,NA,145114039,145115738
"KO_vs_Parental","RI","Retained Intron","Celf1","ENSMUSG00000005506","chr2","+",1.80263266532242e-07,0.193,"0.464,0.495,0.517","0.299,0.296,0.303",NA,NA,90843582,90843747,90843835,90849842,NA,NA,NA,NA,NA,NA,NA,NA,NA,NA,90843582,90849842
"KO_vs_Parental","RI","Retained Intron","4933431E20Rik","ENSMUSG00000086968","chr3","-",0.0214968247642559,-0.153,"0.766,0.58,0.647","0.753,0.801,0.897",NA,NA,107801366,107801544,107802176,107802308,NA,NA,NA,NA,NA,NA,NA,NA,NA,NA,107801366,107802308
"KO_vs_Parental","RI","Retained Intron","Plekhj1","ENSMUSG00000035278","chr10","-",2.84930809106828e-14,0.186,"0.524,0.53,0.532","0.366,0.351,0.312",NA,NA,80633606,80633673,80633743,80633811,NA,NA,NA,NA,NA,NA,NA,NA,NA,NA,80633606,80633811
"KO_vs_Parental","RI","Retained Intron","Dennd6b","ENSMUSG00000015377","chr15","-",0.00529537552641492,0.128,"0.69,0.685,0.65","0.624,0.508,0.508",NA,NA,89070565,89070630,89070956,89071022,NA,NA,NA,NA,NA,NA,NA,NA,NA,NA,89070565,89071022
"KO_vs_Parental","RI","Retained Intron","Dhx35","ENSMUSG00000027655","chr2","+",0.000125760617536455,-0.142,"0.271,0.188,0.317","0.384,0.424,0.393",NA,NA,158668224,158668337,158669822,158669919,NA,NA,NA,NA,NA,NA,NA,NA,NA,NA,158668224,158669919
"KO_vs_Parental","RI","Retained Intron","Catsperg1","ENSMUSG00000049676","chr7","-",0.00472220589885483,0.175,"0.833,0.707,0.84","0.639,0.628,0.589",NA,NA,28884612,28884676,28884861,28885018,NA,NA,NA,NA,NA,NA,NA,NA,NA,NA,28884612,28885018
"KO_vs_Parental","RI","Retained Intron","Catsperg1","ENSMUSG00000049676","chr7","-",0.00136017442011923,0.15,"0.874,0.753,0.922","0.722,0.702,0.675",NA,NA,28889371,28889452,28889637,28890214,NA,NA,NA,NA,NA,NA,NA,NA,NA,NA,28889371,28890214
"KO_vs_Parental","RI","Retained Intron","Cluh","ENSMUSG00000020741","chr11","+",2.45441850694008e-08,0.102,"0.182,0.229,0.185","0.081,0.088,0.122",NA,NA,74555832,74555895,74556007,74556252,NA,NA,NA,NA,NA,NA,NA,NA,NA,NA,74555832,74556252
"KO_vs_Parental","RI","Retained Intron","Slx1b","ENSMUSG00000059772","chr7","-",6.75226914789562e-08,0.103,"0.193,0.162,0.119","0.081,0.052,0.033",NA,NA,126290910,126290995,126291099,126291227,NA,NA,NA,NA,NA,NA,NA,NA,NA,NA,126290910,126291227
"KO_vs_Parental","RI","Retained Intron","Magt1","ENSMUSG00000031232","chrX","-",1.78042933868123e-09,-0.156,"0.601,0.581,0.648","0.795,0.737,0.766",NA,NA,105011689,105014632,105015041,105015085,NA,NA,NA,NA,NA,NA,NA,NA,NA,NA,105011689,105015085
"KO_vs_Parental","RI","Retained Intron","Ccnl1","ENSMUSG00000027829","chr3","-",3.1932613897336e-05,-0.116,"0.581,0.566,0.553","0.649,0.7,0.699",NA,NA,65856111,65856211,65857900,65857965,NA,NA,NA,NA,NA,NA,NA,NA,NA,NA,65856111,65857965
"KO_vs_Parental","RI","Retained Intron","Tyms","ENSMUSG00000025747","chr5","-",0.001208001783098,-0.117,"0.795,0.849,0.856","0.97,1.0,0.881",NA,NA,30274831,30274953,30276631,30276705,NA,NA,NA,NA,NA,NA,NA,NA,NA,NA,30274831,30276705
"KO_vs_Parental","RI","Retained Intron","2700038G22Rik","ENSMUSG00000097180","chr5","+",0.00314618709577032,0.252,"0.623,0.627,0.633","0.407,0.306,0.415",NA,NA,24057715,24057758,24058764,24060036,NA,NA,NA,NA,NA,NA,NA,NA,NA,NA,24057715,24060036
"KO_vs_Parental","RI","Retained Intron","Cct3","ENSMUSG00000001416","chr3","+",0.00188264760667439,0.107,"1.0,1.0,0.926","0.78,1.0,0.826",NA,NA,88206648,88206710,88208235,88208298,NA,NA,NA,NA,NA,NA,NA,NA,NA,NA,88206648,88208298
"KO_vs_Parental","RI","Retained Intron","Primpol","ENSMUSG00000038225","chr8","-",1.52563162473123e-09,-0.173,"0.369,0.316,0.291","0.484,0.508,0.504",NA,NA,47045627,47045790,47046504,47046738,NA,NA,NA,NA,NA,NA,NA,NA,NA,NA,47045627,47046738
"KO_vs_Parental","RI","Retained Intron","Rusf1","ENSMUSG00000030780","chr7","-",0.00907298370383858,0.136,"0.483,0.343,0.352","0.203,0.27,0.296",NA,NA,127873804,127873875,127875257,127875315,NA,NA,NA,NA,NA,NA,NA,NA,NA,NA,127873804,127875315
"KO_vs_Parental","RI","Retained Intron","Rad52","ENSMUSG00000030166","chr6","+",0.00751331521402478,0.12,"0.771,0.694,0.837","0.619,0.665,0.658",NA,NA,119895547,119895747,119895886,119896038,NA,NA,NA,NA,NA,NA,NA,NA,NA,NA,119895547,119896038
"KO_vs_Parental","RI","Retained Intron","Rpl3","ENSMUSG00000060036","chr15","-",1.45352092819826e-06,0.11,"0.428,0.392,0.429","0.293,0.315,0.311",NA,NA,79965096,79965232,79965815,79965984,NA,NA,NA,NA,NA,NA,NA,NA,NA,NA,79965096,79965984
"KO_vs_Parental","RI","Retained Intron","Atg16l2","ENSMUSG00000047767","chr7","-",0.000243559694846274,-0.143,"0.381,0.424,0.35","0.509,0.546,0.53",NA,NA,100940693,100940799,100941085,100941206,NA,NA,NA,NA,NA,NA,NA,NA,NA,NA,100940693,100941206
"KO_vs_Parental","RI","Retained Intron","Atg16l2","ENSMUSG00000047767","chr7","-",1.28696591052197e-06,-0.179,"0.545,0.473,0.482","0.653,0.685,0.698",NA,NA,100945714,100945780,100945963,100946215,NA,NA,NA,NA,NA,NA,NA,NA,NA,NA,100945714,100946215
"KO_vs_Parental","RI","Retained Intron","Rabep2","ENSMUSG00000030727","chr7","+",1.37421672305991e-07,-0.239,"0.253,0.36,0.372","0.591,0.555,0.555",NA,NA,126043694,126043750,126043991,126044108,NA,NA,NA,NA,NA,NA,NA,NA,NA,NA,126043694,126044108
"KO_vs_Parental","RI","Retained Intron","Nfatc4","ENSMUSG00000023411","chr14","+",1.51976968455953e-05,-0.397,"0.422,0.643,0.625","1.0,0.882,1.0",NA,NA,56069679,56070261,56071013,56071081,NA,NA,NA,NA,NA,NA,NA,NA,NA,NA,56069679,56071081
"KO_vs_Parental","RI","Retained Intron","Platr14","ENSMUSG00000086454","chr2","+",0.00504323136181341,0.354,"1.0,0.6,1.0","0.538,1.0,0.0",NA,NA,104398205,104398835,104398995,104399293,NA,NA,NA,NA,NA,NA,NA,NA,NA,NA,104398205,104399293
"KO_vs_Parental","RI","Retained Intron","Ankrd24","ENSMUSG00000054708","chr10","+",9.24138701880125e-05,-0.287,"0.391,0.441,0.323","0.621,0.583,0.812",NA,NA,81475140,81475178,81475689,81475770,NA,NA,NA,NA,NA,NA,NA,NA,NA,NA,81475140,81475770
"KO_vs_Parental","RI","Retained Intron","Slc66a1","ENSMUSG00000028744","chr4","-",0.010405081528,0.133,"0.129,0.215,0.385","0.098,0.148,0.083",NA,NA,139025840,139026280,139027536,139027722,NA,NA,NA,NA,NA,NA,NA,NA,NA,NA,139025840,139027722
"KO_vs_Parental","RI","Retained Intron","Tbc1d17","ENSMUSG00000038520","chr7","-",0.0456750733243669,0.174,"0.659,0.696,0.477","0.458,0.465,0.388",NA,NA,44491406,44491523,44491609,44491724,NA,NA,NA,NA,NA,NA,NA,NA,NA,NA,44491406,44491724
"KO_vs_Parental","RI","Retained Intron","Dusp22","ENSMUSG00000069255","chr13","+",0.00539748768959396,-0.173,"0.409,0.385,0.322","0.566,0.62,0.448",NA,NA,30892659,30892732,30894688,30895214,NA,NA,NA,NA,NA,NA,NA,NA,NA,NA,30892659,30895214
"KO_vs_Parental","RI","Retained Intron","Trmt1","ENSMUSG00000001909","chr8","+",2.74417659305131e-05,0.101,"0.348,0.271,0.351","0.206,0.211,0.249",NA,NA,85417145,85417201,85417439,85417576,NA,NA,NA,NA,NA,NA,NA,NA,NA,NA,85417145,85417576
"KO_vs_Parental","RI","Retained Intron","Ube2m","ENSMUSG00000005575","chr7","-",0.0356184323416348,-0.11,"0.784,0.867,0.88","1.0,0.861,1.0",NA,NA,12769164,12769681,12770138,12770242,NA,NA,NA,NA,NA,NA,NA,NA,NA,NA,12769164,12770242
"KO_vs_Parental","RI","Retained Intron","Arglu1","ENSMUSG00000040459","chr8","-",0,-0.179,"0.65,0.707,0.685","0.828,0.867,0.883",NA,NA,8731383,8731467,8733747,8733973,NA,NA,NA,NA,NA,NA,NA,NA,NA,NA,8731383,8733973
"KO_vs_Parental","RI","Retained Intron","Unc13a","ENSMUSG00000034799","chr8","-",0.000207333471371807,-0.215,"0.355,0.221,0.429","0.553,0.507,0.59",NA,NA,72115124,72115179,72115483,72115572,NA,NA,NA,NA,NA,NA,NA,NA,NA,NA,72115124,72115572
"KO_vs_Parental","RI","Retained Intron","Mcf2l","ENSMUSG00000031442","chr8","+",3.84534196168319e-05,-0.312,"0.62,0.623,0.82","1.0,1.0,1.0",NA,NA,13068695,13068799,13068938,13070505,NA,NA,NA,NA,NA,NA,NA,NA,NA,NA,13068695,13070505
"KO_vs_Parental","RI","Retained Intron","1700029J07Rik","ENSMUSG00000071103","chr8","-",0.0462259371463513,0.174,"0.91,0.782,0.971","0.494,0.926,0.72",NA,NA,46426540,46426717,46428115,46428289,NA,NA,NA,NA,NA,NA,NA,NA,NA,NA,46426540,46428289
"KO_vs_Parental","RI","Retained Intron","Myo9b","ENSMUSG00000004677","chr8","+",0.00621728140039776,0.102,"0.645,0.646,0.714","0.587,0.576,0.535",NA,NA,71811968,71812096,71812307,71813356,NA,NA,NA,NA,NA,NA,NA,NA,NA,NA,71811968,71813356
"KO_vs_Parental","RI","Retained Intron","Palm3","ENSMUSG00000047986","chr8","+",0.00351581657174293,-0.182,"0.0,1.0,0.455","1.0,0.0,1.0",NA,NA,84753628,84753713,84754754,84754800,NA,NA,NA,NA,NA,NA,NA,NA,NA,NA,84753628,84754800
"KO_vs_Parental","RI","Retained Intron","1810019D21Rik","ENSMUSG00000086390","chr8","+",0.00492895782999875,0.189,"0.5,0.4,0.667","0.0,0.0,1.0",NA,NA,106863162,106863982,106864459,106865355,NA,NA,NA,NA,NA,NA,NA,NA,NA,NA,106863162,106865355
"KO_vs_Parental","RI","Retained Intron","Zfp276","ENSMUSG00000001065","chr8","+",0.0319396222588876,0.137,"0.478,0.476,0.553","0.452,0.319,0.325",NA,NA,123991554,123991665,123991733,123991809,NA,NA,NA,NA,NA,NA,NA,NA,NA,NA,123991554,123991809
"KO_vs_Parental","RI","Retained Intron","Tmc4","ENSMUSG00000019734","chr7","-",0.0027168800075374,0.163,"0.825,0.868,0.939","0.741,0.78,0.622",NA,NA,3670046,3670177,3670439,3670623,NA,NA,NA,NA,NA,NA,NA,NA,NA,NA,3670046,3670623
"KO_vs_Parental","RI","Retained Intron","Clic3","ENSMUSG00000015093","chr2","+",0.000144530137701575,0.207,"1.0,0.868,1.0","0.703,0.675,0.868",NA,NA,25347672,25347782,25347860,25347986,NA,NA,NA,NA,NA,NA,NA,NA,NA,NA,25347672,25347986
"KO_vs_Parental","RI","Retained Intron","Clic3","ENSMUSG00000015093","chr2","+",8.84446886205649e-09,0.374,"1.0,1.0,1.0","0.5,0.639,0.738",NA,NA,25348315,25348491,25348576,25348788,NA,NA,NA,NA,NA,NA,NA,NA,NA,NA,25348315,25348788
"KO_vs_Parental","RI","Retained Intron","Itga2b","ENSMUSG00000034664","chr11","-",0.0445162599286098,0.165,"0.342,0.508,0.235","0.181,0.163,0.246",NA,NA,102348285,102348385,102348597,102348678,NA,NA,NA,NA,NA,NA,NA,NA,NA,NA,102348285,102348678
"KO_vs_Parental","RI","Retained Intron","Itga2b","ENSMUSG00000034664","chr11","-",0.0262801961337791,0.169,"0.464,0.28,0.125","0.117,0.113,0.131",NA,NA,102355765,102355977,102356130,102356183,NA,NA,NA,NA,NA,NA,NA,NA,NA,NA,102355765,102356183
"KO_vs_Parental","RI","Retained Intron","Sik2","ENSMUSG00000037112","chr9","-",2.36777002988235e-05,0.124,"0.143,0.174,0.185","0.044,0.072,0.015",NA,NA,50804100,50805381,50806643,50807261,NA,NA,NA,NA,NA,NA,NA,NA,NA,NA,50804100,50807261
"KO_vs_Parental","RI","Retained Intron","Megf11","ENSMUSG00000036466","chr9","+",0.000250868164772713,-0.237,"0.622,0.694,0.852","0.879,1.0,1.0",NA,NA,64613008,64613215,64613808,64616487,NA,NA,NA,NA,NA,NA,NA,NA,NA,NA,64613008,64616487
"KO_vs_Parental","RI","Retained Intron","Ubp1","ENSMUSG00000009741","chr9","+",0.000781280846653113,-0.115,"0.351,0.356,0.336","0.408,0.452,0.528",NA,NA,113785030,113785136,113785774,113785881,NA,NA,NA,NA,NA,NA,NA,NA,NA,NA,113785030,113785881
"KO_vs_Parental","RI","Retained Intron","Nktr","ENSMUSG00000032525","chr9","+",3.24221857142038e-05,-0.205,"0.802,0.774,0.717","1.0,1.0,0.908",NA,NA,121556381,121556456,121558701,121558746,NA,NA,NA,NA,NA,NA,NA,NA,NA,NA,121556381,121558746
"KO_vs_Parental","RI","Retained Intron","Tle2","ENSMUSG00000034771","chr10","+",0.000247150444264732,-0.204,"0.145,0.186,0.137","0.306,0.304,0.471",NA,NA,81418246,81418291,81418570,81418720,NA,NA,NA,NA,NA,NA,NA,NA,NA,NA,81418246,81418720
"KO_vs_Parental","RI","Retained Intron","Mars1","ENSMUSG00000040354","chr10","-",6.67636200536938e-05,-0.103,"0.36,0.303,0.277","0.396,0.429,0.423",NA,NA,127132409,127132502,127132741,127132813,NA,NA,NA,NA,NA,NA,NA,NA,NA,NA,127132409,127132813
"KO_vs_Parental","RI","Retained Intron","Myl6","ENSMUSG00000090841","chr10","-",0.0105352670541296,-0.103,"0.397,0.361,0.408","0.465,0.54,0.47",NA,NA,128326729,128326902,128327927,128328005,NA,NA,NA,NA,NA,NA,NA,NA,NA,NA,128326729,128328005
"KO_vs_Parental","RI","Retained Intron","Arhgap1","ENSMUSG00000027247","chr2","+",0.000930745602443503,-0.21,"0.679,0.623,0.833","0.888,1.0,0.878",NA,NA,91481842,91481999,91482108,91482168,NA,NA,NA,NA,NA,NA,NA,NA,NA,NA,91481842,91482168
"KO_vs_Parental","RI","Retained Intron","Bap1","ENSMUSG00000021901","chr14","+",0.0261779240667228,-0.105,"0.83,0.964,0.892","1.0,1.0,1.0",NA,NA,30979837,30979998,30980414,30980487,NA,NA,NA,NA,NA,NA,NA,NA,NA,NA,30979837,30980487
"KO_vs_Parental","RI","Retained Intron","2410006H16Rik","ENSMUSG00000086841","chr11","+",3.24105168965981e-09,0.206,"0.679,0.694,0.607","0.444,0.478,0.441",NA,NA,62493701,62493859,62494060,62494108,NA,NA,NA,NA,NA,NA,NA,NA,NA,NA,62493701,62494108
"KO_vs_Parental","RI","Retained Intron","Rnf167","ENSMUSG00000040746","chr11","+",2.14730058695671e-05,0.104,"0.29,0.29,0.287","0.19,0.188,0.178",NA,NA,70540500,70540591,70540737,70540843,NA,NA,NA,NA,NA,NA,NA,NA,NA,NA,70540500,70540843
"KO_vs_Parental","RI","Retained Intron","Nek8","ENSMUSG00000017405","chr11","-",0.000277363982660466,0.151,"0.271,0.18,0.107","0.0,0.076,0.03",NA,NA,78061438,78061620,78061698,78062124,NA,NA,NA,NA,NA,NA,NA,NA,NA,NA,78061438,78062124
