"Comparison","EventType","EventDescription","GeneSymbol","GeneID","Chromosome","Strand","FDR","DeltaPSI","PSI_Group1","PSI_Group2","exonStart_0base","exonEnd","upstreamES","upstreamEE","downstreamES","downstreamEE","longExonStart_0base","longExonEnd","shortES","shortEE","flankingES","flankingEE","X1stExonStart_0base","X1stExonEnd","X2ndExonStart_0base","X2ndExonEnd","riExonStart_0base","riExonEnd"
"Pos_vs_Neg","SE","Skipped Exon","Phf8","ENSMUSG00000041229","chrX","+",0.02430456105651,-0.112,"0.636,0.626,0.604","0.679,0.764,0.758",150355361,150355664,150353337,150353427,150356408,150356512,NA,NA,NA,NA,NA,NA,NA,NA,NA,NA,NA,NA
"Pos_vs_Neg","SE","Skipped Exon","Cstf2","ENSMUSG00000031256","chrX","+",0,-0.211,"0.696,0.682,0.653","0.857,0.897,0.909",132973163,132973223,132970593,132970656,132973884,132974026,NA,NA,NA,NA,NA,NA,NA,NA,NA,NA,NA,NA
"Pos_vs_Neg","SE","Skipped Exon","Cstf2","ENSMUSG00000031256","chrX","+",0.0114711038322375,-0.162,"0.514,0.434,0.486","0.523,0.681,0.716",132973426,132973513,132973163,132973223,132973884,132974026,NA,NA,NA,NA,NA,NA,NA,NA,NA,NA,NA,NA
"Pos_vs_Neg","SE","Skipped Exon","5330434G04Rik","ENSMUSG00000087620","chrX","-",0.00644114861619684,-0.48,"0.0,0.0,0.0","0.439,1.0,0.0",104421621,104421726,104419263,104419443,104426358,104426555,NA,NA,NA,NA,NA,NA,NA,NA,NA,NA,NA,NA
"Pos_vs_Neg","SE","Skipped Exon","Taf1","ENSMUSG00000031314","chrX","+",0.00510598170639072,-0.123,"0.161,0.257,0.139","0.295,0.364,0.266",100634339,100634345,100634078,100634195,100637545,100637671,NA,NA,NA,NA,NA,NA,NA,NA,NA,NA,NA,NA
"Pos_vs_Neg","SE","Skipped Exon","Tab3","ENSMUSG00000035476","chrX","+",0.00398511493363119,0.155,"0.703,1.0,1.0","0.663,0.77,0.805",84637257,84637360,84619155,84619216,84652998,84653190,NA,NA,NA,NA,NA,NA,NA,NA,NA,NA,NA,NA
"Pos_vs_Neg","SE","Skipped Exon","Tafazzin","ENSMUSG00000009995","chrX","+",2.21973022159703e-07,-0.167,"0.654,0.632,0.58","0.747,0.79,0.831",73332267,73332320,73332053,73332119,73332710,73332788,NA,NA,NA,NA,NA,NA,NA,NA,NA,NA,NA,NA
"Pos_vs_Neg","SE","Skipped Exon","Tafazzin","ENSMUSG00000009995","chrX","+",0.0175227732174072,-0.231,"0.181,0.201,0.169","0.212,0.443,0.59",73332534,73332625,73332056,73332119,73332710,73332788,NA,NA,NA,NA,NA,NA,NA,NA,NA,NA,NA,NA
"Pos_vs_Neg","SE","Skipped Exon","Tafazzin","ENSMUSG00000009995","chrX","+",0.0292797805256068,-0.21,"0.145,0.123,0.139","0.135,0.367,0.534",73332589,73332625,73332053,73332119,73332710,73332788,NA,NA,NA,NA,NA,NA,NA,NA,NA,NA,NA,NA
"Pos_vs_Neg","SE","Skipped Exon","Cask","ENSMUSG00000031012","chrX","-",0.000990863412885539,-0.13,"0.611,0.603,0.58","0.699,0.677,0.807",13417185,13417221,13415403,13415600,13418611,13418680,NA,NA,NA,NA,NA,NA,NA,NA,NA,NA,NA,NA
"Pos_vs_Neg","SE","Skipped Exon","Cask","ENSMUSG00000031012","chrX","-",5.97394073947943e-14,-0.147,"0.726,0.735,0.692","0.888,0.877,0.83",13462924,13462942,13453082,13453204,13466595,13466695,NA,NA,NA,NA,NA,NA,NA,NA,NA,NA,NA,NA
"Pos_vs_Neg","SE","Skipped Exon","Gripap1","ENSMUSG00000031153","chrX","+",1.11058939822487e-10,-0.128,"0.802,0.809,0.812","0.928,0.936,0.943",7666774,7666822,7666395,7666580,7667415,7667447,NA,NA,NA,NA,NA,NA,NA,NA,NA,NA,NA,NA
"Pos_vs_Neg","SE","Skipped Exon","Lzts2","ENSMUSG00000035342","chr19","+",0.000111443874979556,0.471,"0.705,0.729,0.818","0.24,0.255,0.344",45003292,45003392,45002852,45002984,45009825,45009991,NA,NA,NA,NA,NA,NA,NA,NA,NA,NA,NA,NA
"Pos_vs_Neg","SE","Skipped Exon","Zfyve27","ENSMUSG00000018820","chr19","+",0.000128919431685876,-0.171,"0.516,0.549,0.407","0.664,0.642,0.679",42174058,42174079,42172556,42172628,42174243,42174388,NA,NA,NA,NA,NA,NA,NA,NA,NA,NA,NA,NA
"Pos_vs_Neg","SE","Skipped Exon","Lcor","ENSMUSG00000025019","chr19","+",0.016335123459235,0.29,"1.0,1.0,1.0","0.834,1.0,0.297",41534313,41534446,41516459,41516525,41570216,41574975,NA,NA,NA,NA,NA,NA,NA,NA,NA,NA,NA,NA
"Pos_vs_Neg","SE","Skipped Exon","Sgms1","ENSMUSG00000040451","chr19","-",0.0256046602108354,-0.551,"0.0,0.499,0.0","1.0,0.352,0.799",32134722,32134779,32133969,32134047,32136923,32137763,NA,NA,NA,NA,NA,NA,NA,NA,NA,NA,NA,NA
"Pos_vs_Neg","SE","Skipped Exon","Sgms1","ENSMUSG00000040451","chr19","-",0.0383938310704431,-0.109,"1.0,1.0,0.673","1.0,1.0,1.0",32237375,32237497,32136923,32137763,32266940,32267031,NA,NA,NA,NA,NA,NA,NA,NA,NA,NA,NA,NA
"Pos_vs_Neg","SE","Skipped Exon","Prune2","ENSMUSG00000039126","chr19","+",0.00266448068336645,-0.146,"0.81,0.773,0.822","0.915,0.973,0.954",17189655,17189694,17189041,17189077,17198147,17199173,NA,NA,NA,NA,NA,NA,NA,NA,NA,NA,NA,NA
"Pos_vs_Neg","SE","Skipped Exon","Prune2","ENSMUSG00000039126","chr19","+",0.00353330766021763,-0.165,"0.297,0.342,0.416","0.477,0.479,0.594",17193689,17193737,17185594,17185693,17198147,17199173,NA,NA,NA,NA,NA,NA,NA,NA,NA,NA,NA,NA
"Pos_vs_Neg","SE","Skipped Exon","Incenp","ENSMUSG00000024660","chr19","-",0.00547648364839144,-0.107,"0.69,0.642,0.623","0.813,0.7,0.762",9860555,9860567,9855682,9855792,9861062,9861197,NA,NA,NA,NA,NA,NA,NA,NA,NA,NA,NA,NA
"Pos_vs_Neg","SE","Skipped Exon","Ehbp1l1","ENSMUSG00000024937","chr19","-",0.00663150516442676,-0.144,"0.273,0.341,0.401","0.505,0.49,0.453",5770999,5771035,5770836,5770905,5771469,5771612,NA,NA,NA,NA,NA,NA,NA,NA,NA,NA,NA,NA
"Pos_vs_Neg","SE","Skipped Exon","Sipa1","ENSMUSG00000056917","chr19","-",0.00158427772684203,-0.24,"0.771,0.894,0.52","0.946,0.958,1.0",5711623,5711651,5711048,5711139,5712615,5712869,NA,NA,NA,NA,NA,NA,NA,NA,NA,NA,NA,NA
"Pos_vs_Neg","SE","Skipped Exon","Sipa1","ENSMUSG00000056917","chr19","-",0.00590201287109606,-0.182,"0.76,0.918,0.644","0.918,0.95,1.0",5711623,5711686,5710906,5711139,5712615,5712869,NA,NA,NA,NA,NA,NA,NA,NA,NA,NA,NA,NA
"Pos_vs_Neg","SE","Skipped Exon","Kat5","ENSMUSG00000024926","chr19","-",0.00507239999415532,-0.106,"0.517,0.512,0.576","0.663,0.647,0.614",5658829,5658985,5658665,5658740,5659263,5659400,NA,NA,NA,NA,NA,NA,NA,NA,NA,NA,NA,NA
"Pos_vs_Neg","SE","Skipped Exon","Zmym3","ENSMUSG00000031310","chrX","-",3.09529437686197e-07,-0.119,"0.722,0.748,0.772","0.842,0.879,0.878",100461878,100462558,100460892,100460936,100463303,100463404,NA,NA,NA,NA,NA,NA,NA,NA,NA,NA,NA,NA
"Pos_vs_Neg","SE","Skipped Exon","Zmym3","ENSMUSG00000031310","chrX","-",3.94116297330065e-07,-0.137,"0.673,0.703,0.716","0.801,0.852,0.85",100462400,100462558,100460892,100460936,100463303,100463466,NA,NA,NA,NA,NA,NA,NA,NA,NA,NA,NA,NA
"Pos_vs_Neg","SE","Skipped Exon","Carns1","ENSMUSG00000075289","chr19","-",0.0399296639988636,0.194,"0.871,0.903,0.798","0.703,0.559,0.727",4225003,4225030,4222861,4223219,4225392,4225453,NA,NA,NA,NA,NA,NA,NA,NA,NA,NA,NA,NA
"Pos_vs_Neg","SE","Skipped Exon","Socs6","ENSMUSG00000056153","chr18","-",0.000154029796266333,0.207,"0.939,1.0,1.0","0.842,0.613,0.862",88905115,88905189,88810794,88810896,88905332,88905457,NA,NA,NA,NA,NA,NA,NA,NA,NA,NA,NA,NA
"Pos_vs_Neg","SE","Skipped Exon","Katnal2","ENSMUSG00000025420","chr18","-",0.0276799431911697,-0.138,"0.825,0.751,0.78","0.93,0.909,0.93",77099685,77099800,77097736,77098741,77134869,77134939,NA,NA,NA,NA,NA,NA,NA,NA,NA,NA,NA,NA
"Pos_vs_Neg","SE","Skipped Exon","Smad2","ENSMUSG00000024563","chr18","+",0.00013206390765611,0.195,"1.0,1.0,0.913","0.833,0.689,0.806",76420998,76421192,76395510,76395798,76425980,76426055,NA,NA,NA,NA,NA,NA,NA,NA,NA,NA,NA,NA
"Pos_vs_Neg","SE","Skipped Exon","Prelid3a","ENSMUSG00000024530","chr18","+",0.00010992812739965,-0.228,"0.644,1.0,0.671","1.0,1.0,1.0",67611019,67611131,67610033,67610136,67612137,67612905,NA,NA,NA,NA,NA,NA,NA,NA,NA,NA,NA,NA
"Pos_vs_Neg","SE","Skipped Exon","Ablim3","ENSMUSG00000032735","chr18","-",0.00134944955192601,-0.283,"0.536,0.495,0.36","0.766,0.706,0.769",61954943,61955099,61953437,61953467,61956937,61957009,NA,NA,NA,NA,NA,NA,NA,NA,NA,NA,NA,NA
"Pos_vs_Neg","SE","Skipped Exon","Bvht","ENSMUSG00000098098","chr18","+",0.0139460879300183,-0.54,"0.0,0.0,0.0","0.0,0.62,1.0",61772026,61772151,61771285,61771538,61772603,61772803,NA,NA,NA,NA,NA,NA,NA,NA,NA,NA,NA,NA
"Pos_vs_Neg","SE","Skipped Exon","Rfx3","ENSMUSG00000040929","chr19","-",0.00289282410670661,0.133,"0.173,0.278,0.231","0.099,0.103,0.081",27960253,27960346,27878178,27878303,27988371,27988445,NA,NA,NA,NA,NA,NA,NA,NA,NA,NA,NA,NA
"Pos_vs_Neg","SE","Skipped Exon","Lars","ENSMUSG00000024493","chr18","-",0.0119610440129609,0.531,"1.0,0.0,0.715","0.0,0.0,0.123",42384357,42384445,42379004,42379142,42395025,42395194,NA,NA,NA,NA,NA,NA,NA,NA,NA,NA,NA,NA
"Pos_vs_Neg","SE","Skipped Exon","Paip2","ENSMUSG00000037058","chr18","+",0.0317638702538589,-0.379,"1.0,0.301,0.563","1.0,1.0,1.0",35741790,35741872,35733097,35733170,35742645,35742726,NA,NA,NA,NA,NA,NA,NA,NA,NA,NA,NA,NA
"Pos_vs_Neg","SE","Skipped Exon","Bin1","ENSMUSG00000024381","chr18","+",2.99398542793916e-08,-0.178,"0.951,0.798,0.717","1.0,1.0,1.0",32562752,32562776,32557872,32558020,32564723,32564795,NA,NA,NA,NA,NA,NA,NA,NA,NA,NA,NA,NA
"Pos_vs_Neg","SE","Skipped Exon","Bin1","ENSMUSG00000024381","chr18","+",7.12801985625908e-06,-0.468,"0.392,0.365,0.838","1.0,1.0,1.0",32562752,32562776,32557872,32558020,32565035,32565146,NA,NA,NA,NA,NA,NA,NA,NA,NA,NA,NA,NA
"Pos_vs_Neg","SE","Skipped Exon","Bin1","ENSMUSG00000024381","chr18","+",2.5824826937173e-07,-0.227,"0.763,0.646,0.63","0.908,0.895,0.917",32562752,32562776,32559276,32559405,32564723,32564795,NA,NA,NA,NA,NA,NA,NA,NA,NA,NA,NA,NA
"Pos_vs_Neg","SE","Skipped Exon","Bin1","ENSMUSG00000024381","chr18","+",0.00208046661519362,-0.183,"0.868,0.655,0.785","0.858,1.0,1.0",32562752,32562776,32559276,32559405,32565035,32565146,NA,NA,NA,NA,NA,NA,NA,NA,NA,NA,NA,NA
"Pos_vs_Neg","SE","Skipped Exon","Trappc8","ENSMUSG00000033382","chr18","-",1.67261195847377e-05,-0.108,"0.083,0.115,0.041","0.143,0.235,0.185",20988877,20988895,20988001,20988133,20993489,20993595,NA,NA,NA,NA,NA,NA,NA,NA,NA,NA,NA,NA
"Pos_vs_Neg","SE","Skipped Exon","Gm31645","ENSMUSG00000117358","chr17","-",6.39298307360589e-05,0.454,"0.5,0.286,0.667","0.0,0.0,0.091",74827487,74828482,74826659,74826910,74830509,74830573,NA,NA,NA,NA,NA,NA,NA,NA,NA,NA,NA,NA
"Pos_vs_Neg","SE","Skipped Exon","Ankrd12","ENSMUSG00000034647","chr17","-",0.000163340140723146,0.109,"0.32,0.338,0.308","0.234,0.165,0.24",66349527,66349596,66343792,66344634,66356780,66356928,NA,NA,NA,NA,NA,NA,NA,NA,NA,NA,NA,NA
"Pos_vs_Neg","SE","Skipped Exon","Ptprs","ENSMUSG00000013236","chr17","-",0,-0.14,"0.858,0.832,0.825","0.98,0.977,0.977",56734790,56734817,56733386,56733504,56734938,56735132,NA,NA,NA,NA,NA,NA,NA,NA,NA,NA,NA,NA
"Pos_vs_Neg","SE","Skipped Exon","Zfp959","ENSMUSG00000003198","chr17","+",0.0208702412757312,0.203,"0.794,0.846,0.693","0.645,0.439,0.639",56199757,56199860,56199092,56199186,56202820,56202947,NA,NA,NA,NA,NA,NA,NA,NA,NA,NA,NA,NA
"Pos_vs_Neg","SE","Skipped Exon","A830019P07Rik","ENSMUSG00000094707","chr19","-",0.0198357774519331,0.164,"0.393,0.152,0.25","0.127,0.075,0.101",35865634,35865860,35818673,35818729,35900886,35900947,NA,NA,NA,NA,NA,NA,NA,NA,NA,NA,NA,NA
"Pos_vs_Neg","SE","Skipped Exon","H2-T10","ENSMUSG00000079491","chr17","-",0.00311349692241503,-0.175,"0.773,0.611,0.726","0.867,0.871,0.897",36431076,36431324,36430080,36430356,36431506,36431767,NA,NA,NA,NA,NA,NA,NA,NA,NA,NA,NA,NA
"Pos_vs_Neg","SE","Skipped Exon","Gm20443","ENSMUSG00000092219","chr17","-",0.0107882010079049,0.128,"1.0,1.0,1.0","1.0,0.616,1.0",36049225,36049308,36048625,36049136,36050423,36050506,NA,NA,NA,NA,NA,NA,NA,NA,NA,NA,NA,NA
"Pos_vs_Neg","SE","Skipped Exon","Cyp4f13","ENSMUSG00000024055","chr17","-",0.0234004292948599,0.299,"0.268,0.456,0.595","0.423,0.0,0.0",33151602,33151656,33149514,33149636,33165778,33165977,NA,NA,NA,NA,NA,NA,NA,NA,NA,NA,NA,NA
"Pos_vs_Neg","SE","Skipped Exon","Glp1r","ENSMUSG00000024027","chr17","+",0.00015813507340267,-0.122,"0.849,0.816,0.904","1.0,1.0,0.934",31144491,31144651,31143474,31143628,31148910,31148971,NA,NA,NA,NA,NA,NA,NA,NA,NA,NA,NA,NA
"Pos_vs_Neg","SE","Skipped Exon","Rab44","ENSMUSG00000064147","chr17","+",0.0461489215547398,-0.1,"0.697,1.0,0.924","1.0,0.92,1.0",29355240,29355336,29352611,29352786,29356952,29357146,NA,NA,NA,NA,NA,NA,NA,NA,NA,NA,NA,NA
"Pos_vs_Neg","SE","Skipped Exon","Rab44","ENSMUSG00000064147","chr17","+",0.0148613100933966,-0.178,"0.843,0.915,0.529","0.927,0.937,0.958",29355240,29355336,29354788,29354879,29356952,29357146,NA,NA,NA,NA,NA,NA,NA,NA,NA,NA,NA,NA
"Pos_vs_Neg","SE","Skipped Exon","Srsf3","ENSMUSG00000071172","chr17","+",5.91454578692886e-09,-0.147,"0.093,0.14,0.091","0.195,0.361,0.208",29258427,29258883,29257463,29257598,29259748,29259787,NA,NA,NA,NA,NA,NA,NA,NA,NA,NA,NA,NA
"Pos_vs_Neg","SE","Skipped Exon","Slc26a8","ENSMUSG00000036196","chr17","-",0.00352953561242035,0.6,"1.0,1.0,1.0","0.2,0.0,1.0",28903680,28903867,28895037,28895177,28908690,28908961,NA,NA,NA,NA,NA,NA,NA,NA,NA,NA,NA,NA
"Pos_vs_Neg","SE","Skipped Exon","Bak1","ENSMUSG00000057789","chr17","-",0,-0.319,"0.608,0.635,0.63","0.918,0.963,0.948",27240636,27240656,27240140,27240321,27241412,27241556,NA,NA,NA,NA,NA,NA,NA,NA,NA,NA,NA,NA
"Pos_vs_Neg","SE","Skipped Exon","Capn15","ENSMUSG00000037326","chr17","-",0.0421020718229597,0.125,"1.0,0.86,0.965","0.759,0.786,0.904",26192064,26192353,26179623,26179785,26204444,26204770,NA,NA,NA,NA,NA,NA,NA,NA,NA,NA,NA,NA
"Pos_vs_Neg","SE","Skipped Exon","Pigq","ENSMUSG00000025728","chr17","-",0.000102491851463985,-0.114,"0.729,0.843,0.776","0.907,0.961,0.822",26150435,26150547,26149931,26150012,26153731,26153852,NA,NA,NA,NA,NA,NA,NA,NA,NA,NA,NA,NA
"Pos_vs_Neg","SE","Skipped Exon","Pigq","ENSMUSG00000025728","chr17","-",0.00017552197200838,-0.125,"0.702,0.825,0.756","0.895,0.956,0.806",26150435,26150647,26149931,26150012,26153731,26153775,NA,NA,NA,NA,NA,NA,NA,NA,NA,NA,NA,NA
"Pos_vs_Neg","SE","Skipped Exon","Mapk8ip3","ENSMUSG00000024163","chr17","-",0,-0.199,"0.694,0.662,0.646","0.852,0.883,0.865",25127384,25127402,25126302,25126360,25128123,25128135,NA,NA,NA,NA,NA,NA,NA,NA,NA,NA,NA,NA
"Pos_vs_Neg","SE","Skipped Exon","U2af1","ENSMUSG00000061613","chr17","-",0.0133976634853507,0.1,"0.821,0.847,0.826","0.72,0.796,0.679",31871475,31871542,31867818,31867868,31877626,31877729,NA,NA,NA,NA,NA,NA,NA,NA,NA,NA,NA,NA
"Pos_vs_Neg","SE","Skipped Exon","Tbc1d24","ENSMUSG00000036473","chr17","-",4.45042654580627e-11,-0.165,"0.775,0.843,0.886","1.0,1.0,1.0",24403354,24403372,24402667,24402826,24404177,24405175,NA,NA,NA,NA,NA,NA,NA,NA,NA,NA,NA,NA
"Pos_vs_Neg","SE","Skipped Exon","Prss41","ENSMUSG00000024114","chr17","-",0.00818800587124692,-0.474,"0.0,0.22,0.0","1.0,0.388,0.253",24062930,24062957,24062415,24062584,24063050,24063146,NA,NA,NA,NA,NA,NA,NA,NA,NA,NA,NA,NA
"Pos_vs_Neg","SE","Skipped Exon","Prss33","ENSMUSG00000049620","chr17","-",0.0140888359797659,-0.297,"0.57,0.623,0.665","0.749,1.0,1.0",24054495,24054571,24054249,24054273,24054650,24054713,NA,NA,NA,NA,NA,NA,NA,NA,NA,NA,NA,NA
"Pos_vs_Neg","SE","Skipped Exon","Flywch1","ENSMUSG00000040097","chr17","-",0,0.2,"0.426,0.365,0.436","0.246,0.157,0.225",23989208,23989306,23981949,23982292,23990388,23990576,NA,NA,NA,NA,NA,NA,NA,NA,NA,NA,NA,NA
"Pos_vs_Neg","SE","Skipped Exon","Gm7072","ENSMUSG00000117284","chr17","-",0.0125756528014442,-0.108,"1.0,0.831,0.645","0.819,0.981,1.0",22511388,22511436,22508749,22508876,22528485,22528578,NA,NA,NA,NA,NA,NA,NA,NA,NA,NA,NA,NA
"Pos_vs_Neg","SE","Skipped Exon","Gm10509","ENSMUSG00000073448","chr17","+",0.024628813898268,-0.14,"0.108,0.078,0.078","0.307,0.188,0.188",21900041,21900184,21898918,21899117,21900505,21900594,NA,NA,NA,NA,NA,NA,NA,NA,NA,NA,NA,NA
"Pos_vs_Neg","SE","Skipped Exon","Tbp","ENSMUSG00000014767","chr17","+",0.000859295444853946,0.235,"1.0,0.892,0.96","0.79,0.847,0.509",15721415,15721464,15720221,15720488,15723226,15723390,NA,NA,NA,NA,NA,NA,NA,NA,NA,NA,NA,NA
"Pos_vs_Neg","SE","Skipped Exon","Tbp","ENSMUSG00000014767","chr17","+",1.69102486680662e-05,-0.121,"0.61,0.667,0.676","0.725,0.771,0.821",15721573,15721619,15721415,15721464,15723226,15723390,NA,NA,NA,NA,NA,NA,NA,NA,NA,NA,NA,NA
"Pos_vs_Neg","SE","Skipped Exon","9030025P20Rik","ENSMUSG00000116953","chr17","+",0.00662759979007772,-0.133,"0.633,0.947,0.987","1.0,1.0,0.965",15206035,15206172,15205079,15205177,15206979,15207094,NA,NA,NA,NA,NA,NA,NA,NA,NA,NA,NA,NA
"Pos_vs_Neg","SE","Skipped Exon","2700054A10Rik","ENSMUSG00000117042","chr17","-",0.0022670303935842,-0.211,"0.725,0.604,0.75","0.929,0.938,0.844",13789019,13789145,13774274,13774354,13889020,13889153,NA,NA,NA,NA,NA,NA,NA,NA,NA,NA,NA,NA
"Pos_vs_Neg","SE","Skipped Exon","Tulp4","ENSMUSG00000034377","chr17","+",0.0206082588377094,-0.22,"0.552,0.745,0.738","1.0,0.82,0.875",6172102,6172619,6168568,6168641,6187485,6189067,NA,NA,NA,NA,NA,NA,NA,NA,NA,NA,NA,NA
"Pos_vs_Neg","SE","Skipped Exon","A630089N07Rik","ENSMUSG00000116673","chr16","-",0.0373719749595741,-0.138,"0.0,0.048,0.0","0.343,0.0,0.119",97870510,97870551,97869203,97869330,97883089,97883210,NA,NA,NA,NA,NA,NA,NA,NA,NA,NA,NA,NA
"Pos_vs_Neg","SE","Skipped Exon","2410124H12Rik","ENSMUSG00000051297","chr16","+",0.0482000519721252,-0.133,"0.885,0.75,0.826","0.926,0.933,1.0",92275500,92275856,92267790,92267965,92293937,92294268,NA,NA,NA,NA,NA,NA,NA,NA,NA,NA,NA,NA
"Pos_vs_Neg","SE","Skipped Exon","2410124H12Rik","ENSMUSG00000051297","chr16","+",0.0488775492834904,-0.141,"0.857,0.714,0.81","0.889,0.915,1.0",92288901,92289063,92267790,92267965,92293937,92294268,NA,NA,NA,NA,NA,NA,NA,NA,NA,NA,NA,NA
"Pos_vs_Neg","SE","Skipped Exon","Gm10785","ENSMUSG00000085169","chr16","+",0.00159015677775056,0.242,"1.0,1.0,1.0","0.406,0.869,1.0",91505665,91505778,91485785,91486168,91510939,91511038,NA,NA,NA,NA,NA,NA,NA,NA,NA,NA,NA,NA
"Pos_vs_Neg","SE","Skipped Exon","Gm10785","ENSMUSG00000085169","chr16","+",1.1602802914467e-10,0.725,"1.0,1.0,1.0","0.412,0.0,0.412",91506722,91506786,91505665,91505778,91510939,91511038,NA,NA,NA,NA,NA,NA,NA,NA,NA,NA,NA,NA
"Pos_vs_Neg","SE","Skipped Exon","Rhox2a","ENSMUSG00000051827","chrX","+",0.00546897450403347,-0.153,"0.143,0.162,0.286","0.31,0.419,0.32",36511141,36511190,36510828,36510874,36513113,36513252,NA,NA,NA,NA,NA,NA,NA,NA,NA,NA,NA,NA
"Pos_vs_Neg","SE","Skipped Exon","Atp5j","ENSMUSG00000022890","chr16","-",3.95239570389743e-05,-0.13,"0.841,0.856,0.912","1.0,1.0,1.0",84630707,84630762,84628216,84628395,84631779,84632043,NA,NA,NA,NA,NA,NA,NA,NA,NA,NA,NA,NA
"Pos_vs_Neg","SE","Skipped Exon","Nrip1","ENSMUSG00000048490","chr16","-",0.000457905073041355,0.119,"1.0,1.0,1.0","0.872,1.0,0.77",76149359,76149437,76091614,76091903,76169759,76169928,NA,NA,NA,NA,NA,NA,NA,NA,NA,NA,NA,NA
"Pos_vs_Neg","SE","Skipped Exon","Arl6","ENSMUSG00000022722","chr16","-",0.000419340324963389,-0.114,"0.12,0.103,0.14","0.207,0.242,0.256",59439028,59439041,59433690,59434207,59439157,59439213,NA,NA,NA,NA,NA,NA,NA,NA,NA,NA,NA,NA
"Pos_vs_Neg","SE","Skipped Exon","Cep97","ENSMUSG00000022604","chr16","-",0.000289342997326528,-0.135,"0.965,0.792,0.837","1.0,1.0,1.0",55742433,55742600,55739765,55739930,55745331,55745433,NA,NA,NA,NA,NA,NA,NA,NA,NA,NA,NA,NA
"Pos_vs_Neg","SE","Skipped Exon","Cd47","ENSMUSG00000055447","chr16","+",1.39058557345626e-05,-0.12,"0.648,0.708,0.66","0.785,0.837,0.754",49728416,49728441,49727143,49727175,49731231,49731444,NA,NA,NA,NA,NA,NA,NA,NA,NA,NA,NA,NA
"Pos_vs_Neg","SE","Skipped Exon","Cd47","ENSMUSG00000055447","chr16","+",0.00132080888763682,-0.159,"0.27,0.389,0.265","0.45,0.472,0.479",49729065,49729098,49727143,49727175,49731231,49731239,NA,NA,NA,NA,NA,NA,NA,NA,NA,NA,NA,NA
"Pos_vs_Neg","SE","Skipped Exon","Map4k3","ENSMUSG00000024242","chr17","-",0.00237587077891185,-0.121,"0.65,0.656,0.744","0.809,0.748,0.857",80936714,80936777,80931484,80931543,80937843,80937902,NA,NA,NA,NA,NA,NA,NA,NA,NA,NA,NA,NA
"Pos_vs_Neg","SE","Skipped Exon","Zbtb20","ENSMUSG00000022708","chr16","+",0.00728805174881544,-0.165,"0.695,0.651,1.0","1.0,0.842,1.0",42967259,42967306,42892786,42892832,43013827,43013901,NA,NA,NA,NA,NA,NA,NA,NA,NA,NA,NA,NA
"Pos_vs_Neg","SE","Skipped Exon","Zbtb20","ENSMUSG00000022708","chr16","+",0.0312104748932438,-0.37,"0.25,0.123,0.308","0.826,0.286,0.68",43328521,43328685,43323984,43324116,43390043,43390124,NA,NA,NA,NA,NA,NA,NA,NA,NA,NA,NA,NA
"Pos_vs_Neg","SE","Skipped Exon","Rubcn","ENSMUSG00000035629","chr16","-",9.58033054836184e-09,-0.19,"0.659,0.607,0.569","0.814,0.757,0.835",32661906,32661951,32658607,32658723,32663367,32663901,NA,NA,NA,NA,NA,NA,NA,NA,NA,NA,NA,NA
"Pos_vs_Neg","SE","Skipped Exon","Tnk2","ENSMUSG00000022791","chr16","+",0.0218854011221655,0.272,"0.453,0.238,0.468","0.301,0.041,0.0",32484703,32484774,32463323,32463926,32488204,32488357,NA,NA,NA,NA,NA,NA,NA,NA,NA,NA,NA,NA
"Pos_vs_Neg","SE","Skipped Exon","Tnk2","ENSMUSG00000022791","chr16","+",0.00105919161279363,-0.112,"0.765,0.753,0.741","0.854,0.927,0.814",32499723,32499813,32498276,32499625,32499969,32500097,NA,NA,NA,NA,NA,NA,NA,NA,NA,NA,NA,NA
"Pos_vs_Neg","SE","Skipped Exon","Gm49754","ENSMUSG00000116570","chr16","-",0.0178929263242744,-0.252,"0.503,1.0,0.742","1.0,1.0,1.0",30609387,30609532,30608762,30608825,30612012,30612073,NA,NA,NA,NA,NA,NA,NA,NA,NA,NA,NA,NA
"Pos_vs_Neg","SE","Skipped Exon","Fetub","ENSMUSG00000022871","chr16","+",8.04882874052769e-05,-0.117,"0.46,0.426,0.386","0.518,0.571,0.535",22747824,22748059,22738986,22739245,22748382,22748493,NA,NA,NA,NA,NA,NA,NA,NA,NA,NA,NA,NA
"Pos_vs_Neg","SE","Skipped Exon","Tra2b","ENSMUSG00000022858","chr16","-",4.67506102567759e-06,-0.135,"0.255,0.306,0.24","0.346,0.463,0.398",22077614,22078011,22073801,22073867,22084490,22084659,NA,NA,NA,NA,NA,NA,NA,NA,NA,NA,NA,NA
"Pos_vs_Neg","SE","Skipped Exon","Tra2b","ENSMUSG00000022858","chr16","-",1.77049570617298e-07,-0.167,"0.393,0.449,0.36","0.514,0.625,0.564",22077735,22078011,22073733,22073867,22084490,22084650,NA,NA,NA,NA,NA,NA,NA,NA,NA,NA,NA,NA
"Pos_vs_Neg","SE","Skipped Exon","1300002E11Rik","ENSMUSG00000097290","chr16","+",0.00533671168484447,-0.447,"0.054,1.0,0.605","1.0,1.0,1.0",21621704,21621847,21620030,21620106,21627427,21627570,NA,NA,NA,NA,NA,NA,NA,NA,NA,NA,NA,NA
"Pos_vs_Neg","SE","Skipped Exon","Eif4g1","ENSMUSG00000045983","chr16","+",0,-0.174,"0.547,0.536,0.513","0.706,0.71,0.701",20493535,20493556,20492977,20493064,20494093,20494270,NA,NA,NA,NA,NA,NA,NA,NA,NA,NA,NA,NA
"Pos_vs_Neg","SE","Skipped Exon","Txnrd2","ENSMUSG00000075704","chr16","+",0.00348461746084895,-0.111,"0.833,0.835,0.883","0.951,0.98,0.953",18255310,18255367,18248560,18248626,18259542,18259621,NA,NA,NA,NA,NA,NA,NA,NA,NA,NA,NA,NA
"Pos_vs_Neg","SE","Skipped Exon","Mapk1","ENSMUSG00000063358","chr16","+",0.0427083625466954,0.508,"1.0,1.0,1.0","0.143,0.333,1.0",16836149,16836339,16801245,16801603,16843889,16844004,NA,NA,NA,NA,NA,NA,NA,NA,NA,NA,NA,NA
"Pos_vs_Neg","SE","Skipped Exon","Fgd4","ENSMUSG00000022788","chr16","-",0.00492242444542855,0.143,"1.0,1.0,0.92","0.742,0.902,0.846",16308286,16308470,16300355,16302461,16321960,16322080,NA,NA,NA,NA,NA,NA,NA,NA,NA,NA,NA,NA
"Pos_vs_Neg","SE","Skipped Exon","Dnm1l","ENSMUSG00000022789","chr16","-",1.64649203640432e-06,-0.13,"0.693,0.745,0.737","0.832,0.886,0.846",16136308,16136341,16134465,16134642,16136627,16136705,NA,NA,NA,NA,NA,NA,NA,NA,NA,NA,NA,NA
"Pos_vs_Neg","SE","Skipped Exon","Dnm1l","ENSMUSG00000022789","chr16","-",0,-0.231,"0.604,0.646,0.673","0.857,0.907,0.853",16136308,16136341,16134465,16134642,16137315,16137372,NA,NA,NA,NA,NA,NA,NA,NA,NA,NA,NA,NA
"Pos_vs_Neg","SE","Skipped Exon","Dnm1l","ENSMUSG00000022789","chr16","-",0,-0.288,"0.528,0.551,0.569","0.834,0.876,0.802",16136627,16136705,16134465,16134642,16137315,16137372,NA,NA,NA,NA,NA,NA,NA,NA,NA,NA,NA,NA
"Pos_vs_Neg","SE","Skipped Exon","Malt1","ENSMUSG00000032688","chr18","+",0.000767833905959169,-0.258,"1.0,0.428,0.797","1.0,1.0,1.0",65589827,65589906,65586745,65586775,65591239,65591443,NA,NA,NA,NA,NA,NA,NA,NA,NA,NA,NA,NA
"Pos_vs_Neg","SE","Skipped Exon","Snx29","ENSMUSG00000071669","chr16","+",0.000668864519308499,0.505,"1.0,0.679,1.0","0.0,0.902,0.261",11165722,11165784,11140771,11140842,11185540,11185665,NA,NA,NA,NA,NA,NA,NA,NA,NA,NA,NA,NA
"Pos_vs_Neg","SE","Skipped Exon","Zc3h7a","ENSMUSG00000037965","chr16","-",0.00433908917152755,0.102,"0.966,0.95,0.965","0.726,0.848,1.0",10969002,10969189,10968458,10968620,10970922,10971127,NA,NA,NA,NA,NA,NA,NA,NA,NA,NA,NA,NA
"Pos_vs_Neg","SE","Skipped Exon","Clec16a","ENSMUSG00000068663","chr16","+",2.44670742375471e-08,-0.202,"0.053,0.121,0.136","0.282,0.275,0.359",10390781,10390787,10389357,10389463,10391163,10391287,NA,NA,NA,NA,NA,NA,NA,NA,NA,NA,NA,NA
"Pos_vs_Neg","SE","Skipped Exon","Thoc2","ENSMUSG00000037475","chrX","-",0.0164963786141818,-0.231,"0.455,0.851,1.0","1.0,1.0,1.0",40986668,40986727,40952905,40953072,41000677,41000763,NA,NA,NA,NA,NA,NA,NA,NA,NA,NA,NA,NA
"Pos_vs_Neg","SE","Skipped Exon","Map3k12","ENSMUSG00000023050","chr15","-",0.0484206488897108,0.101,"0.752,0.747,0.8","0.728,0.645,0.622",102417724,102417813,102413524,102414003,102425222,102425251,NA,NA,NA,NA,NA,NA,NA,NA,NA,NA,NA,NA
"Pos_vs_Neg","SE","Skipped Exon","Csad","ENSMUSG00000023044","chr15","-",0.00892106211018652,-0.192,"0.555,0.641,0.724","0.814,0.95,0.731",102086961,102087051,102085433,102086221,102087215,102087267,NA,NA,NA,NA,NA,NA,NA,NA,NA,NA,NA,NA
"Pos_vs_Neg","SE","Skipped Exon","Csad","ENSMUSG00000023044","chr15","-",0.00521671921904781,0.142,"1.0,0.898,0.952","0.792,0.861,0.771",102097321,102097397,102096977,102097114,102111571,102111695,NA,NA,NA,NA,NA,NA,NA,NA,NA,NA,NA,NA
"Pos_vs_Neg","SE","Skipped Exon","Cers5","ENSMUSG00000023021","chr15","-",0.0113639080134144,0.199,"0.552,0.0,0.127","0.0,0.0,0.081",99638824,99638917,99637286,99637393,99643769,99643827,NA,NA,NA,NA,NA,NA,NA,NA,NA,NA,NA,NA
"Pos_vs_Neg","SE","Skipped Exon","Racgap1","ENSMUSG00000023015","chr15","-",0.00124967443501205,0.443,"1.0,1.0,1.0","0.529,0.143,1.0",99532122,99535655,99529960,99530078,99540763,99540852,NA,NA,NA,NA,NA,NA,NA,NA,NA,NA,NA,NA
"Pos_vs_Neg","SE","Skipped Exon","Hdac7","ENSMUSG00000022475","chr15","-",2.01416485551449e-08,-0.347,"0.531,0.583,0.342","0.803,0.862,0.833",97706540,97706651,97706233,97706414,97706847,97706939,NA,NA,NA,NA,NA,NA,NA,NA,NA,NA,NA,NA
"Pos_vs_Neg","SE","Skipped Exon","F630040K05Rik","ENSMUSG00000097727","chr17","+",0.00351389469587752,0.33,"1.0,0.806,1.0","0.558,0.257,1.0",46060144,46060282,46045431,46045772,46087083,46087344,NA,NA,NA,NA,NA,NA,NA,NA,NA,NA,NA,NA
"Pos_vs_Neg","SE","Skipped Exon","F630040K05Rik","ENSMUSG00000097727","chr17","+",0.000727161319678666,0.209,"0.932,1.0,1.0","0.859,0.574,0.873",46090184,46090317,46087083,46087344,46097034,46099520,NA,NA,NA,NA,NA,NA,NA,NA,NA,NA,NA,NA
"Pos_vs_Neg","SE","Skipped Exon","Tmem184b","ENSMUSG00000009035","chr15","-",1.45289886991692e-12,-0.164,"0.646,0.716,0.713","0.835,0.87,0.862",79247857,79247878,79244903,79247085,79249484,79249679,NA,NA,NA,NA,NA,NA,NA,NA,NA,NA,NA,NA
"Pos_vs_Neg","SE","Skipped Exon","Scrib","ENSMUSG00000022568","chr15","-",0,-0.256,"0.303,0.384,0.292","0.589,0.574,0.584",75919770,75919845,75919469,75919521,75919963,75920001,NA,NA,NA,NA,NA,NA,NA,NA,NA,NA,NA,NA
"Pos_vs_Neg","SE","Skipped Exon","Gfus","ENSMUSG00000022570","chr15","-",0.00585258447250251,-0.2,"0.637,1.0,0.762","1.0,1.0,1.0",75800277,75800361,75798647,75798721,75800740,75800898,NA,NA,NA,NA,NA,NA,NA,NA,NA,NA,NA,NA
"Pos_vs_Neg","SE","Skipped Exon","Ptk2","ENSMUSG00000022607","chr15","-",0.0259964889903592,-0.103,"0.452,0.382,0.49","0.532,0.548,0.554",73154066,73154084,73148705,73148762,73163883,73163936,NA,NA,NA,NA,NA,NA,NA,NA,NA,NA,NA,NA
"Pos_vs_Neg","SE","Skipped Exon","Ptk2","ENSMUSG00000022607","chr15","-",0.00663150516442676,0.194,"0.75,1.0,1.0","0.84,0.75,0.579",73236889,73237044,73202697,73202864,73263607,73263729,NA,NA,NA,NA,NA,NA,NA,NA,NA,NA,NA,NA
"Pos_vs_Neg","SE","Skipped Exon","Phf20l1","ENSMUSG00000072501","chr15","+",0.0273322896896628,-0.163,"0.416,0.558,0.454","0.638,0.698,0.581",66495609,66495732,66494609,66494666,66495840,66495948,NA,NA,NA,NA,NA,NA,NA,NA,NA,NA,NA,NA
"Pos_vs_Neg","SE","Skipped Exon","Efr3a","ENSMUSG00000015002","chr15","+",0.00296845352142005,0.362,"0.765,1.0,1.0","0.207,0.907,0.565",65660150,65660230,65658889,65659095,65661988,65662683,NA,NA,NA,NA,NA,NA,NA,NA,NA,NA,NA,NA
"Pos_vs_Neg","SE","Skipped Exon","Asap1","ENSMUSG00000022377","chr15","-",0,-0.13,"0.859,0.884,0.846","1.0,0.979,1.0",64025692,64025701,64024678,64024779,64030730,64030853,NA,NA,NA,NA,NA,NA,NA,NA,NA,NA,NA,NA
"Pos_vs_Neg","SE","Skipped Exon","Asap1","ENSMUSG00000022377","chr15","-",0,-0.29,"0.617,0.778,0.666","0.975,0.988,0.968",64025692,64025701,64024678,64024779,64030766,64030853,NA,NA,NA,NA,NA,NA,NA,NA,NA,NA,NA,NA
"Pos_vs_Neg","SE","Skipped Exon","Pvt1","ENSMUSG00000097039","chr15","+",0.0232544738726763,-0.159,"0.357,0.399,0.28","0.46,0.61,0.443",62031845,62031977,61909845,61910050,62047315,62047397,NA,NA,NA,NA,NA,NA,NA,NA,NA,NA,NA,NA
"Pos_vs_Neg","SE","Skipped Exon","Tatdn1","ENSMUSG00000050891","chr15","-",0.000614745572858209,-0.159,"0.73,0.767,0.708","0.901,0.872,0.909",58781421,58781498,58777589,58777660,58792988,58793031,NA,NA,NA,NA,NA,NA,NA,NA,NA,NA,NA,NA
"Pos_vs_Neg","SE","Skipped Exon","Tatdn1","ENSMUSG00000050891","chr15","-",0.0119542280163174,-0.228,"0.471,0.516,0.574","0.702,0.736,0.807",58788000,58788041,58777589,58777660,58792988,58793031,NA,NA,NA,NA,NA,NA,NA,NA,NA,NA,NA,NA
"Pos_vs_Neg","SE","Skipped Exon","Tbc1d31","ENSMUSG00000022364","chr15","+",0.00360466449727815,0.31,"1.0,1.0,0.867","0.538,0.4,1.0",57786352,57786531,57775594,57775787,57799486,57799646,NA,NA,NA,NA,NA,NA,NA,NA,NA,NA,NA,NA
"Pos_vs_Neg","SE","Skipped Exon","Eif3h","ENSMUSG00000022312","chr15","-",6.95437436078227e-05,0.429,"1.0,1.0,1.0","1.0,0.428,0.285",51661008,51661108,51653388,51653509,51705863,51706020,NA,NA,NA,NA,NA,NA,NA,NA,NA,NA,NA,NA
"Pos_vs_Neg","SE","Skipped Exon","C7","ENSMUSG00000079105","chr15","-",4.55343002324584e-05,-0.182,"0.714,0.747,0.97","1.0,1.0,0.976",5061368,5061615,5052067,5052181,5063667,5063835,NA,NA,NA,NA,NA,NA,NA,NA,NA,NA,NA,NA
"Pos_vs_Neg","SE","Skipped Exon","C7","ENSMUSG00000079105","chr15","-",2.20540844533628e-06,0.622,"1.0,1.0,0.2","0.0,0.0,0.333",5063667,5063835,5052067,5052181,5076345,5076490,NA,NA,NA,NA,NA,NA,NA,NA,NA,NA,NA,NA
"Pos_vs_Neg","SE","Skipped Exon","C7","ENSMUSG00000079105","chr15","-",0.00521730043790286,0.208,"1.0,1.0,0.866","0.805,0.587,0.851",5075126,5075265,5052067,5052181,5076345,5076490,NA,NA,NA,NA,NA,NA,NA,NA,NA,NA,NA,NA
"Pos_vs_Neg","SE","Skipped Exon","Mbnl2","ENSMUSG00000022139","chr14","+",0.00191557945652311,-0.143,"0.454,0.581,0.486","0.648,0.677,0.624",120633123,120633177,120626311,120626575,120633862,120634016,NA,NA,NA,NA,NA,NA,NA,NA,NA,NA,NA,NA
"Pos_vs_Neg","SE","Skipped Exon","Mbnl2","ENSMUSG00000022139","chr14","+",4.45528397853815e-07,-0.177,"0.309,0.369,0.277","0.489,0.496,0.502",120640747,120640783,120633862,120634016,120642049,120642078,NA,NA,NA,NA,NA,NA,NA,NA,NA,NA,NA,NA
"Pos_vs_Neg","SE","Skipped Exon","Gm16835","ENSMUSG00000087479","chr14","+",0.00625169715941584,0.175,"1.0,0.833,1.0","1.0,0.692,0.615",119337699,119337926,119336376,119337487,119338443,119338576,NA,NA,NA,NA,NA,NA,NA,NA,NA,NA,NA,NA
"Pos_vs_Neg","SE","Skipped Exon","Gm16835","ENSMUSG00000087479","chr14","+",0.000119871849953618,0.382,"1.0,1.0,1.0","1.0,0.333,0.52",119343557,119343726,119338443,119338576,119347030,119347804,NA,NA,NA,NA,NA,NA,NA,NA,NA,NA,NA,NA
"Pos_vs_Neg","SE","Skipped Exon","9330188P03Rik","ENSMUSG00000115149","chr14","+",0.0079270852992778,-0.136,"0.331,0.315,0.222","0.355,0.469,0.453",105828581,105830733,105826982,105827107,105831014,105831209,NA,NA,NA,NA,NA,NA,NA,NA,NA,NA,NA,NA
"Pos_vs_Neg","SE","Skipped Exon","9330188P03Rik","ENSMUSG00000115149","chr14","+",0.0061726814915354,-0.103,"0.202,0.18,0.154","0.223,0.297,0.326",105830125,105830554,105826968,105827107,105831014,105831341,NA,NA,NA,NA,NA,NA,NA,NA,NA,NA,NA,NA
"Pos_vs_Neg","SE","Skipped Exon","9330188P03Rik","ENSMUSG00000115149","chr14","+",0.00290052960602599,-0.142,"0.404,0.378,0.315","0.44,0.549,0.534",105830125,105830733,105826974,105827107,105831014,105831346,NA,NA,NA,NA,NA,NA,NA,NA,NA,NA,NA,NA
"Pos_vs_Neg","SE","Skipped Exon","Fam124a","ENSMUSG00000035184","chr14","+",0.0145053008640911,-0.146,"0.605,0.737,0.697","0.826,0.84,0.81",62824601,62825335,62801936,62801968,62843321,62845935,NA,NA,NA,NA,NA,NA,NA,NA,NA,NA,NA,NA
"Pos_vs_Neg","SE","Skipped Exon","Dleu2","ENSMUSG00000097589","chr14","-",0.0119401473711483,0.315,"0.745,0.037,0.163","0.0,0.0,0.0",61851614,61851720,61840482,61841255,61862668,61862811,NA,NA,NA,NA,NA,NA,NA,NA,NA,NA,NA,NA
"Pos_vs_Neg","SE","Skipped Exon","Zdhhc20","ENSMUSG00000021969","chr14","-",4.07900271855101e-08,-0.184,"0.584,0.6,0.619","0.74,0.784,0.83",58087601,58087637,58084377,58084519,58094066,58094187,NA,NA,NA,NA,NA,NA,NA,NA,NA,NA,NA,NA
"Pos_vs_Neg","SE","Skipped Exon","Zmym5","ENSMUSG00000040123","chr14","-",0.001095390038444,-0.21,"0.795,0.795,0.639","1.0,1.0,0.859",57048196,57048316,57047997,57048053,57049048,57049173,NA,NA,NA,NA,NA,NA,NA,NA,NA,NA,NA,NA
"Pos_vs_Neg","SE","Skipped Exon","Anks3","ENSMUSG00000022515","chr16","-",0.00161870393340701,-0.126,"0.379,0.464,0.405","0.486,0.577,0.564",4775831,4776030,4775504,4775626,4781983,4782056,NA,NA,NA,NA,NA,NA,NA,NA,NA,NA,NA,NA
"Pos_vs_Neg","SE","Skipped Exon","Anks3","ENSMUSG00000022515","chr16","-",0.00161870393340701,-0.128,"0.498,0.573,0.523","0.593,0.721,0.665",4778260,4778432,4775504,4775626,4781983,4782037,NA,NA,NA,NA,NA,NA,NA,NA,NA,NA,NA,NA
"Pos_vs_Neg","SE","Skipped Exon","Ktn1","ENSMUSG00000021843","chr14","+",0.00317188321664442,-0.135,"0.474,0.611,0.531","0.639,0.689,0.692",47963385,47963457,47962334,47962427,47963682,47963766,NA,NA,NA,NA,NA,NA,NA,NA,NA,NA,NA,NA
"Pos_vs_Neg","SE","Skipped Exon","Xpo4","ENSMUSG00000021952","chr14","-",0.000253128481214637,-0.148,"0.26,0.286,0.279","0.372,0.48,0.417",57880791,57880946,57879256,57880680,57885875,57885981,NA,NA,NA,NA,NA,NA,NA,NA,NA,NA,NA,NA
"Pos_vs_Neg","SE","Skipped Exon","Gm5624","ENSMUSG00000092165","chr14","-",0.00222626826953279,-0.211,"0.706,0.547,0.929","0.815,1.0,1.0",44797289,44797471,44794586,44795367,44799238,44799401,NA,NA,NA,NA,NA,NA,NA,NA,NA,NA,NA,NA
"Pos_vs_Neg","SE","Skipped Exon","Gm5624","ENSMUSG00000092165","chr14","-",0.00202298943857521,-0.296,"0.643,0.504,0.775","0.809,1.0,1.0",44798155,44798287,44794586,44795367,44799238,44799401,NA,NA,NA,NA,NA,NA,NA,NA,NA,NA,NA,NA
"Pos_vs_Neg","SE","Skipped Exon","Gnl3","ENSMUSG00000042354","chr14","-",9.98619571481417e-05,0.415,"1.0,0.908,1.0","0.862,0.439,0.361",30735385,30735522,30735123,30735212,30736009,30736184,NA,NA,NA,NA,NA,NA,NA,NA,NA,NA,NA,NA
"Pos_vs_Neg","SE","Skipped Exon","Rft1","ENSMUSG00000052395","chr14","+",9.14123374489695e-05,-0.667,"1.0,0.0,0.0","1.0,1.0,1.0",30382153,30382270,30376316,30376432,30385034,30385136,NA,NA,NA,NA,NA,NA,NA,NA,NA,NA,NA,NA
"Pos_vs_Neg","SE","Skipped Exon","Arhgef3","ENSMUSG00000021895","chr14","+",0.00888738890670476,0.101,"0.138,0.166,0.0","0.0,0.0,0.0",26865949,26866087,26836855,26836880,26874918,26875012,NA,NA,NA,NA,NA,NA,NA,NA,NA,NA,NA,NA
"Pos_vs_Neg","SE","Skipped Exon","Duxbl1","ENSMUSG00000048502","chr14","+",0.00224210783742008,0.289,"1.0,0.833,1.0","0.467,1.0,0.5",25980743,25980945,25979506,25980098,25983911,25983969,NA,NA,NA,NA,NA,NA,NA,NA,NA,NA,NA,NA
"Pos_vs_Neg","SE","Skipped Exon","Rps24","ENSMUSG00000025290","chr14","+",0,-0.367,"0.64,0.614,0.6","0.987,0.989,0.979",24544119,24544137,24543450,24543561,24545842,24545913,NA,NA,NA,NA,NA,NA,NA,NA,NA,NA,NA,NA
"Pos_vs_Neg","SE","Skipped Exon","Usp54","ENSMUSG00000034235","chr14","-",0.0330941129785668,-0.171,"0.288,0.114,0.16","0.342,0.362,0.371",20631524,20631695,20627522,20627654,20633389,20633558,NA,NA,NA,NA,NA,NA,NA,NA,NA,NA,NA,NA
"Pos_vs_Neg","SE","Skipped Exon","4833420G17Rik","ENSMUSG00000062822","chr13","+",2.1139122833905e-05,0.119,"0.33,0.335,0.275","0.197,0.158,0.227",119601100,119601226,119599307,119599655,119602546,119602840,NA,NA,NA,NA,NA,NA,NA,NA,NA,NA,NA,NA
"Pos_vs_Neg","SE","Skipped Exon","4833420G17Rik","ENSMUSG00000062822","chr13","+",3.0288635774952e-05,-0.717,"0.0,0.1,0.0","0.538,0.714,1.0",119601815,119602840,119599319,119599655,119608674,119608776,NA,NA,NA,NA,NA,NA,NA,NA,NA,NA,NA,NA
"Pos_vs_Neg","SE","Skipped Exon","Ercc8","ENSMUSG00000021694","chr13","+",1.74085567509275e-05,0.158,"0.565,0.479,0.567","0.377,0.364,0.397",108302923,108303025,108297168,108297264,108305901,108306025,NA,NA,NA,NA,NA,NA,NA,NA,NA,NA,NA,NA
"Pos_vs_Neg","SE","Skipped Exon","Ercc8","ENSMUSG00000021694","chr13","+",0.0161475515891228,-0.1,"0.19,0.267,0.218","0.339,0.275,0.362",108312338,108312440,108312087,108312154,108314150,108314251,NA,NA,NA,NA,NA,NA,NA,NA,NA,NA,NA,NA
"Pos_vs_Neg","SE","Skipped Exon","Adamts6","ENSMUSG00000046169","chr13","+",0.00203743570211718,-0.218,"1.0,0.792,0.506","0.953,1.0,1.0",104489265,104489371,104483855,104483899,104503301,104503448,NA,NA,NA,NA,NA,NA,NA,NA,NA,NA,NA,NA
"Pos_vs_Neg","SE","Skipped Exon","Tcf7l2","ENSMUSG00000024985","chr19","+",0.0389482288053947,0.179,"0.588,0.466,0.612","0.419,0.342,0.368",55743445,55743514,55731504,55731629,55806195,55806297,NA,NA,NA,NA,NA,NA,NA,NA,NA,NA,NA,NA
"Pos_vs_Neg","SE","Skipped Exon","Tcf7l2","ENSMUSG00000024985","chr19","+",0.0259617545114573,0.182,"0.553,0.622,0.638","0.472,0.408,0.388",55914408,55914481,55912327,55912376,55919865,55920627,NA,NA,NA,NA,NA,NA,NA,NA,NA,NA,NA,NA
"Pos_vs_Neg","SE","Skipped Exon","Tcf7l2","ENSMUSG00000024985","chr19","+",0.0147046289209612,0.178,"0.774,0.738,0.835","0.606,0.65,0.557",55914408,55914481,55912961,55913012,55919865,55920627,NA,NA,NA,NA,NA,NA,NA,NA,NA,NA,NA,NA
"Pos_vs_Neg","SE","Skipped Exon","Tcf7l2","ENSMUSG00000024985","chr19","+",0.000240688517463373,-0.292,"0.472,0.544,0.396","0.712,0.745,0.83",55915115,55915188,55914408,55914481,55919865,55920641,NA,NA,NA,NA,NA,NA,NA,NA,NA,NA,NA,NA
"Pos_vs_Neg","SE","Skipped Exon","Tcf7l2","ENSMUSG00000024985","chr19","+",0.000250926955901035,-0.274,"0.475,0.533,0.65","0.801,0.764,0.915",55916161,55916186,55914408,55914481,55919865,55921661,NA,NA,NA,NA,NA,NA,NA,NA,NA,NA,NA,NA
"Pos_vs_Neg","SE","Skipped Exon","Lncenc1","ENSMUSG00000078952","chr13","+",0.00102241101022192,-0.185,"0.0,0.0,0.03","0.228,0.08,0.277",97619456,97619540,97571477,97571600,97629663,97630238,NA,NA,NA,NA,NA,NA,NA,NA,NA,NA,NA,NA
"Pos_vs_Neg","SE","Skipped Exon","Ap3b1","ENSMUSG00000021686","chr13","+",0,-0.135,"0.133,0.155,0.132","0.267,0.255,0.302",94680491,94680530,94679286,94679384,94684262,94684401,NA,NA,NA,NA,NA,NA,NA,NA,NA,NA,NA,NA
"Pos_vs_Neg","SE","Skipped Exon","Vcan","ENSMUSG00000021614","chr13","-",1.25873711671669e-07,0.117,"0.981,0.973,0.971","0.828,0.863,0.884",89836403,89841620,89833197,89833311,89860323,89860617,NA,NA,NA,NA,NA,NA,NA,NA,NA,NA,NA,NA
"Pos_vs_Neg","SE","Skipped Exon","Vcan","ENSMUSG00000021614","chr13","-",2.08214947346487e-08,0.451,"0.889,0.864,0.822","0.394,0.365,0.462",89851036,89853916,89833197,89833311,89860323,89860617,NA,NA,NA,NA,NA,NA,NA,NA,NA,NA,NA,NA
"Pos_vs_Neg","SE","Skipped Exon","Ccnh","ENSMUSG00000021548","chr13","+",0.00832067146853364,0.112,"0.558,0.642,0.553","0.467,0.465,0.486",85345649,85345680,85338872,85338995,85350451,85350532,NA,NA,NA,NA,NA,NA,NA,NA,NA,NA,NA,NA
"Pos_vs_Neg","SE","Skipped Exon","Gm46430","ENSMUSG00000113204","chr13","-",0.00589897797890173,0.359,"0.778,1.0,1.0","0.5,0.5,0.7",74731765,74731992,74730309,74730367,74739390,74739510,NA,NA,NA,NA,NA,NA,NA,NA,NA,NA,NA,NA
"Pos_vs_Neg","SE","Skipped Exon","Zfp58","ENSMUSG00000071291","chr13","-",0.00050136617640734,0.293,"0.22,0.145,0.514","0.0,0.0,0.0",67644303,67644330,67642721,67642848,67648020,67648036,NA,NA,NA,NA,NA,NA,NA,NA,NA,NA,NA,NA
"Pos_vs_Neg","SE","Skipped Exon","Cdc14b","ENSMUSG00000033102","chr13","-",0.000154448038712081,0.179,"1.0,1.0,1.0","0.793,0.79,0.879",64373385,64373462,64364025,64364113,64391447,64391540,NA,NA,NA,NA,NA,NA,NA,NA,NA,NA,NA,NA
"Pos_vs_Neg","SE","Skipped Exon","Prpf40b","ENSMUSG00000023007","chr15","+",0.00839233889544361,-0.124,"0.134,0.117,0.255","0.342,0.319,0.218",99199667,99199865,99193151,99193309,99201163,99201244,NA,NA,NA,NA,NA,NA,NA,NA,NA,NA,NA,NA
"Pos_vs_Neg","SE","Skipped Exon","Fancc","ENSMUSG00000021461","chr13","-",0.00567812452110882,0.206,"0.867,1.0,1.0","0.839,0.723,0.688",63508009,63508074,63495233,63495398,63545896,63545981,NA,NA,NA,NA,NA,NA,NA,NA,NA,NA,NA,NA
"Pos_vs_Neg","SE","Skipped Exon","Tut7","ENSMUSG00000035248","chr13","-",0.0431999807234507,0.111,"0.543,0.431,0.482","0.403,0.309,0.412",59926565,59926629,59919374,59920673,59929831,59930157,NA,NA,NA,NA,NA,NA,NA,NA,NA,NA,NA,NA
"Pos_vs_Neg","SE","Skipped Exon","Pdzd7","ENSMUSG00000074818","chr19","-",0.00368259340954066,0.133,"0.203,0.149,0.217","0.013,0.034,0.124",45022361,45022456,45022073,45022124,45024495,45024693,NA,NA,NA,NA,NA,NA,NA,NA,NA,NA,NA,NA
"Pos_vs_Neg","SE","Skipped Exon","Uimc1","ENSMUSG00000025878","chr13","-",0.0130229630964541,-0.667,"0.0,0.0,0.0","1.0,0.0,1.0",55233422,55233507,55208078,55208155,55248009,55248067,NA,NA,NA,NA,NA,NA,NA,NA,NA,NA,NA,NA
"Pos_vs_Neg","SE","Skipped Exon","Ssr1","ENSMUSG00000021427","chr13","-",0,-0.215,"0.387,0.446,0.388","0.612,0.629,0.624",38167070,38167085,38163718,38163782,38167368,38167462,NA,NA,NA,NA,NA,NA,NA,NA,NA,NA,NA,NA
"Pos_vs_Neg","SE","Skipped Exon","Gpld1","ENSMUSG00000021340","chr13","+",0.0485813215464925,-0.154,"1.0,1.0,0.538","1.0,1.0,1.0",25159581,25159768,25155374,25155514,25163361,25163472,NA,NA,NA,NA,NA,NA,NA,NA,NA,NA,NA,NA
"Pos_vs_Neg","SE","Skipped Exon","Zkscan8","ENSMUSG00000063894","chr13","-",1.92433785167221e-06,0.159,"1.0,1.0,0.982","0.904,0.764,0.837",21706393,21706485,21705955,21706079,21709307,21709476,NA,NA,NA,NA,NA,NA,NA,NA,NA,NA,NA,NA
"Pos_vs_Neg","SE","Skipped Exon","Zscan26","ENSMUSG00000022228","chr13","-",9.19887354469068e-08,-0.113,"0.883,0.826,0.803","0.945,0.965,0.942",21632336,21632654,21631955,21632064,21633443,21633503,NA,NA,NA,NA,NA,NA,NA,NA,NA,NA,NA,NA
"Pos_vs_Neg","SE","Skipped Exon","Zscan26","ENSMUSG00000022228","chr13","-",0.00558373933421786,-0.111,"0.717,0.81,0.769","0.864,0.905,0.861",21632336,21632654,21631955,21632064,21633610,21633686,NA,NA,NA,NA,NA,NA,NA,NA,NA,NA,NA,NA
"Pos_vs_Neg","SE","Skipped Exon","Jag2","ENSMUSG00000002799","chr12","-",2.7340445121921e-07,-0.126,"0.697,0.794,0.746","0.878,0.885,0.851",112879224,112879338,112879090,112879137,112879499,112879613,NA,NA,NA,NA,NA,NA,NA,NA,NA,NA,NA,NA
"Pos_vs_Neg","SE","Skipped Exon","Klc1","ENSMUSG00000021288","chr12","+",0.00296845352142005,0.131,"0.436,0.514,0.527","0.402,0.331,0.351",111760082,111760133,111755758,111755893,111761981,111762112,NA,NA,NA,NA,NA,NA,NA,NA,NA,NA,NA,NA
"Pos_vs_Neg","SE","Skipped Exon","Exoc3l4","ENSMUSG00000021280","chr12","+",0.0406596334538553,0.245,"0.37,1.0,0.701","0.54,0.328,0.468",111385193,111385298,111383450,111384188,111387932,111388017,NA,NA,NA,NA,NA,NA,NA,NA,NA,NA,NA,NA
"Pos_vs_Neg","SE","Skipped Exon","Wdr20","ENSMUSG00000037957","chr12","+",0.00816485619311201,-0.181,"0.02,0.053,0.137","0.162,0.258,0.332",110763376,110763441,110745729,110745912,110769838,110770463,NA,NA,NA,NA,NA,NA,NA,NA,NA,NA,NA,NA
"Pos_vs_Neg","SE","Skipped Exon","Meg3","ENSMUSG00000021268","chr12","+",0.00258497411188015,-0.193,"0.88,0.609,0.933","1.0,1.0,1.0",109515913,109515987,109511280,109512425,109516087,109516245,NA,NA,NA,NA,NA,NA,NA,NA,NA,NA,NA,NA
"Pos_vs_Neg","SE","Skipped Exon","Meg3","ENSMUSG00000021268","chr12","+",1.92433785167221e-06,-0.547,"0.544,0.443,0.373","1.0,1.0,1.0",109515913,109516014,109512312,109512425,109516087,109516245,NA,NA,NA,NA,NA,NA,NA,NA,NA,NA,NA,NA
"Pos_vs_Neg","SE","Skipped Exon","Meg3","ENSMUSG00000021268","chr12","+",0.000560071943644072,-0.508,"0.765,0.0,0.71","1.0,1.0,1.0",109515953,109515987,109512312,109512425,109516087,109516245,NA,NA,NA,NA,NA,NA,NA,NA,NA,NA,NA,NA
"Pos_vs_Neg","SE","Skipped Exon","Evl","ENSMUSG00000021262","chr12","+",3.39871759748178e-09,-0.116,"0.709,0.707,0.702","0.842,0.827,0.796",108649606,108649669,108649453,108649520,108652308,108652375,NA,NA,NA,NA,NA,NA,NA,NA,NA,NA,NA,NA
"Pos_vs_Neg","SE","Skipped Exon","Lmf1","ENSMUSG00000002279","chr17","+",2.08452581537971e-07,0.146,"1.0,0.978,0.914","0.808,0.772,0.873",25807649,25807716,25804516,25804826,25831269,25831418,NA,NA,NA,NA,NA,NA,NA,NA,NA,NA,NA,NA
"Pos_vs_Neg","SE","Skipped Exon","Eml5","ENSMUSG00000051166","chr12","-",0,-0.12,"0.819,0.901,0.883","0.992,0.975,0.995",98786119,98786128,98784078,98784157,98787858,98787873,NA,NA,NA,NA,NA,NA,NA,NA,NA,NA,NA,NA
"Pos_vs_Neg","SE","Skipped Exon","Eml5","ENSMUSG00000051166","chr12","-",5.66781263985599e-07,-0.199,"0.845,0.719,0.84","1.0,1.0,1.0",98787858,98787873,98784078,98784157,98790892,98791019,NA,NA,NA,NA,NA,NA,NA,NA,NA,NA,NA,NA
"Pos_vs_Neg","SE","Skipped Exon","Gpatch2l","ENSMUSG00000021254","chr12","+",0.00718364909766796,-0.229,"0.0,0.0,0.0","0.14,0.218,0.328",86308389,86308469,86290808,86291480,86328222,86328317,NA,NA,NA,NA,NA,NA,NA,NA,NA,NA,NA,NA
"Pos_vs_Neg","SE","Skipped Exon","Abcd4","ENSMUSG00000021240","chr12","-",0.0498260890208809,-0.174,"0.902,0.628,0.698","0.972,0.815,0.962",84652873,84653082,84652121,84652158,84655343,84655433,NA,NA,NA,NA,NA,NA,NA,NA,NA,NA,NA,NA
"Pos_vs_Neg","SE","Skipped Exon","Pcnx","ENSMUSG00000021140","chr12","+",6.65423954716277e-05,-0.577,"0.209,0.137,0.442","1.0,0.774,0.744",81975015,81975148,81960159,81960249,81993704,81993795,NA,NA,NA,NA,NA,NA,NA,NA,NA,NA,NA,NA
"Pos_vs_Neg","SE","Skipped Exon","Sapcd1","ENSMUSG00000036185","chr17","-",1.27632163185662e-08,-0.157,"0.634,0.621,0.568","0.752,0.798,0.745",35246419,35246560,35245669,35245762,35246772,35246992,NA,NA,NA,NA,NA,NA,NA,NA,NA,NA,NA,NA
"Pos_vs_Neg","SE","Skipped Exon","Sapcd1","ENSMUSG00000036185","chr17","-",1.0796016861113e-08,-0.149,"0.657,0.662,0.601","0.795,0.821,0.75",35246419,35246564,35245669,35245762,35246772,35246890,NA,NA,NA,NA,NA,NA,NA,NA,NA,NA,NA,NA
"Pos_vs_Neg","SE","Skipped Exon","Daam1","ENSMUSG00000034574","chr12","+",0.00104614113724889,-0.149,"0.775,0.803,0.76","0.882,1.0,0.902",72005520,72005547,71999225,71999333,72006579,72006686,NA,NA,NA,NA,NA,NA,NA,NA,NA,NA,NA,NA
"Pos_vs_Neg","SE","Skipped Exon","Prpf39","ENSMUSG00000035597","chr12","+",0.0419538073289033,-0.158,"0.499,0.543,0.648","0.618,0.709,0.837",65102207,65102307,65101929,65102094,65102411,65102538,NA,NA,NA,NA,NA,NA,NA,NA,NA,NA,NA,NA
"Pos_vs_Neg","SE","Skipped Exon","Mipol1","ENSMUSG00000047022","chr12","+",0.00269101152302857,0.395,"1.0,1.0,1.0","1.0,0.309,0.505",57507627,57507770,57503738,57503969,57513241,57513827,NA,NA,NA,NA,NA,NA,NA,NA,NA,NA,NA,NA
"Pos_vs_Neg","SE","Skipped Exon","Ralgapa1","ENSMUSG00000021027","chr12","-",1.28603306998593e-06,-0.157,"0.829,0.817,0.83","1.0,0.948,1.0",55658857,55658888,55649683,55651053,55659418,55659543,NA,NA,NA,NA,NA,NA,NA,NA,NA,NA,NA,NA
"Pos_vs_Neg","SE","Skipped Exon","Nrcam","ENSMUSG00000020598","chr12","+",2.34993266324929e-05,-0.121,"0.874,0.779,0.864","1.0,0.925,0.956",44581839,44581857,44579210,44579442,44584033,44584129,NA,NA,NA,NA,NA,NA,NA,NA,NA,NA,NA,NA
"Pos_vs_Neg","SE","Skipped Exon","Nrcam","ENSMUSG00000020598","chr12","+",0.00292152621721098,0.29,"0.75,1.0,1.0","0.3,0.579,1.0",44631617,44631770,44624927,44624963,44636890,44637022,NA,NA,NA,NA,NA,NA,NA,NA,NA,NA,NA,NA
"Pos_vs_Neg","SE","Skipped Exon","Dock4","ENSMUSG00000035954","chr12","+",0,-0.23,"0.708,0.711,0.702","0.94,0.937,0.933",40844595,40844622,40840074,40840160,40844766,40844862,NA,NA,NA,NA,NA,NA,NA,NA,NA,NA,NA,NA
"Pos_vs_Neg","SE","Skipped Exon","Tspan13","ENSMUSG00000020577","chr12","-",0.0163947601330545,0.471,"1.0,1.0,1.0","0.586,1.0,0.0",36071799,36071913,36064555,36065771,36092249,36092488,NA,NA,NA,NA,NA,NA,NA,NA,NA,NA,NA,NA
"Pos_vs_Neg","SE","Skipped Exon","Stard6","ENSMUSG00000079608","chr18","+",0.000242796659109798,-0.117,"0.798,0.852,1.0","1.0,1.0,1.0",70609452,70609502,70609170,70609264,70616482,70616505,NA,NA,NA,NA,NA,NA,NA,NA,NA,NA,NA,NA
"Pos_vs_Neg","SE","Skipped Exon","Myt1l","ENSMUSG00000061911","chr12","+",0.0429146628231749,0.112,"0.869,0.953,0.875","0.805,0.813,0.742",29694311,29694418,29616698,29616796,29780939,29781075,NA,NA,NA,NA,NA,NA,NA,NA,NA,NA,NA,NA
"Pos_vs_Neg","SE","Skipped Exon","Asap2","ENSMUSG00000052632","chr12","+",0,-0.208,"0.792,0.767,0.772","1.0,0.996,0.959",21264362,21264371,21263139,21263226,21267975,21268079,NA,NA,NA,NA,NA,NA,NA,NA,NA,NA,NA,NA
"Pos_vs_Neg","SE","Skipped Exon","Sectm1a","ENSMUSG00000025165","chr11","-",0.0142627430031018,0.103,"0.962,0.924,0.975","0.88,0.84,0.831",120959860,120959914,120959509,120959672,120960413,120960722,NA,NA,NA,NA,NA,NA,NA,NA,NA,NA,NA,NA
"Pos_vs_Neg","SE","Skipped Exon","Card14","ENSMUSG00000013483","chr11","+",3.45554185979415e-06,0.389,"1.0,1.0,1.0","0.407,0.767,0.658",119233968,119234090,119231816,119231990,119234720,119234836,NA,NA,NA,NA,NA,NA,NA,NA,NA,NA,NA,NA
"Pos_vs_Neg","SE","Skipped Exon","Mxra7","ENSMUSG00000020814","chr11","-",4.98880997066948e-05,-0.109,"0.79,0.885,0.808","0.921,0.939,0.949",116701605,116701693,116698738,116698794,116702748,116702842,NA,NA,NA,NA,NA,NA,NA,NA,NA,NA,NA,NA
"Pos_vs_Neg","SE","Skipped Exon","Fbf1","ENSMUSG00000020776","chr11","-",0.017681442432081,-0.147,"0.673,0.676,0.566","0.797,0.78,0.78",116057958,116058054,116055488,116055516,116058377,116058980,NA,NA,NA,NA,NA,NA,NA,NA,NA,NA,NA,NA
"Pos_vs_Neg","SE","Skipped Exon","Myo15b","ENSMUSG00000034427","chr11","+",0.017215959490742,-0.54,"0.0,0.692,0.143","0.455,1.0,1.0",115764582,115764746,115764229,115764347,115767825,115767919,NA,NA,NA,NA,NA,NA,NA,NA,NA,NA,NA,NA
"Pos_vs_Neg","SE","Skipped Exon","Gga3","ENSMUSG00000020740","chr11","-",0.00841875410406305,0.127,"0.925,1.0,1.0","1.0,0.878,0.667",115485734,115485819,115483257,115483356,115494653,115494702,NA,NA,NA,NA,NA,NA,NA,NA,NA,NA,NA,NA
"Pos_vs_Neg","SE","Skipped Exon","Trim80","ENSMUSG00000070332","chr11","+",0.0294270235046807,-0.325,"0.405,0.826,0.44","0.857,0.789,1.0",115336136,115336370,115335841,115335937,115337231,115337394,NA,NA,NA,NA,NA,NA,NA,NA,NA,NA,NA,NA
"Pos_vs_Neg","SE","Skipped Exon","Slc39a11","ENSMUSG00000041654","chr11","-",0.0209628766698232,-0.208,"0.852,0.552,0.69","0.915,0.804,1.0",113452831,113452950,113414291,113414450,113540767,113540897,NA,NA,NA,NA,NA,NA,NA,NA,NA,NA,NA,NA
"Pos_vs_Neg","SE","Skipped Exon","Strada","ENSMUSG00000069631","chr11","-",0,-0.169,"0.836,0.776,0.841","0.984,0.989,0.988",106071780,106071809,106064504,106064607,106075387,106075445,NA,NA,NA,NA,NA,NA,NA,NA,NA,NA,NA,NA
"Pos_vs_Neg","SE","Skipped Exon","Strada","ENSMUSG00000069631","chr11","-",0,-0.211,"0.722,0.845,0.747","0.971,1.0,0.975",106071780,106071809,106064504,106064607,106077926,106078006,NA,NA,NA,NA,NA,NA,NA,NA,NA,NA,NA,NA
"Pos_vs_Neg","SE","Skipped Exon","Strada","ENSMUSG00000069631","chr11","-",3.99208245985994e-06,-0.219,"0.668,0.61,0.674","0.924,0.929,0.757",106071780,106071809,106064504,106064607,106077950,106078006,NA,NA,NA,NA,NA,NA,NA,NA,NA,NA,NA,NA
"Pos_vs_Neg","SE","Skipped Exon","Hdac5","ENSMUSG00000008855","chr11","-",0.0445837088678524,0.137,"0.231,0.396,0.316","0.173,0.074,0.284",102104750,102104862,102097732,102097992,102115559,102115781,NA,NA,NA,NA,NA,NA,NA,NA,NA,NA,NA,NA
"Pos_vs_Neg","SE","Skipped Exon","Hdac5","ENSMUSG00000008855","chr11","-",0.00429547499544912,0.227,"1.0,1.0,0.676","1.0,0.61,0.385",102109970,102110107,102109241,102109313,102112593,102112677,NA,NA,NA,NA,NA,NA,NA,NA,NA,NA,NA,NA
"Pos_vs_Neg","SE","Skipped Exon","Wnk4","ENSMUSG00000035112","chr11","+",0.0473013064056723,-0.13,"1.0,1.0,0.523","1.0,0.912,1.0",101153548,101153671,101151392,101152106,101154594,101154815,NA,NA,NA,NA,NA,NA,NA,NA,NA,NA,NA,NA
"Pos_vs_Neg","SE","Skipped Exon","Ezh1","ENSMUSG00000006920","chr11","-",0.00851190965465657,0.484,"1.0,1.0,0.526","0.0,1.0,0.073",101106008,101106128,101101372,101101549,101109479,101109546,NA,NA,NA,NA,NA,NA,NA,NA,NA,NA,NA,NA
"Pos_vs_Neg","SE","Skipped Exon","Atp6v0a1","ENSMUSG00000019302","chr11","+",0,-0.173,"0.805,0.844,0.805","0.999,0.986,0.989",100940284,100940302,100939243,100939351,100945851,100945969,NA,NA,NA,NA,NA,NA,NA,NA,NA,NA,NA,NA
"Pos_vs_Neg","SE","Skipped Exon","Acly","ENSMUSG00000020917","chr11","-",3.61307309263912e-07,-0.77,"0.0,0.5,0.0","1.0,0.81,1.0",100410440,100410631,100407601,100407732,100414265,100414424,NA,NA,NA,NA,NA,NA,NA,NA,NA,NA,NA,NA
"Pos_vs_Neg","SE","Skipped Exon","Smarce1","ENSMUSG00000037935","chr11","-",0.0319077982411561,-0.42,"0.526,0.158,0.286","0.586,1.0,0.643",99115546,99115968,99111480,99111561,99119322,99119374,NA,NA,NA,NA,NA,NA,NA,NA,NA,NA,NA,NA
"Pos_vs_Neg","SE","Skipped Exon","Med24","ENSMUSG00000017210","chr11","-",0,-0.145,"0.736,0.775,0.773","0.913,0.891,0.914",98608534,98608591,98607239,98607351,98608735,98608968,NA,NA,NA,NA,NA,NA,NA,NA,NA,NA,NA,NA
"Pos_vs_Neg","SE","Skipped Exon","Arhgap5","ENSMUSG00000035133","chr12","+",0.011542494808169,0.159,"0.714,1.0,1.0","0.412,1.0,0.826",52562889,52566750,52550798,52550831,52589274,52589419,NA,NA,NA,NA,NA,NA,NA,NA,NA,NA,NA,NA
"Pos_vs_Neg","SE","Skipped Exon","Pcgf2","ENSMUSG00000018537","chr11","-",0.000521409626266907,-0.327,"0.655,0.363,1.0","1.0,1.0,1.0",97590361,97590474,97588814,97588886,97591085,97591323,NA,NA,NA,NA,NA,NA,NA,NA,NA,NA,NA,NA
"Pos_vs_Neg","SE","Skipped Exon","Arhgap23","ENSMUSG00000049807","chr11","+",0.00281653495104578,-0.119,"0.396,0.32,0.389","0.51,0.464,0.487",97382469,97382492,97381959,97382056,97383876,97383908,NA,NA,NA,NA,NA,NA,NA,NA,NA,NA,NA,NA
"Pos_vs_Neg","SE","Skipped Exon","Gpr179","ENSMUSG00000070337","chr11","-",0.0028399500097799,-0.428,"0.333,0.429,0.4","0.667,1.0,0.778",97234434,97234673,97234063,97234202,97236533,97236602,NA,NA,NA,NA,NA,NA,NA,NA,NA,NA,NA,NA
"Pos_vs_Neg","SE","Skipped Exon","Gpr179","ENSMUSG00000070337","chr11","-",0.00618894511363435,-0.229,"0.652,0.633,0.838","0.886,1.0,0.924",97234922,97235032,97234063,97234202,97236533,97236602,NA,NA,NA,NA,NA,NA,NA,NA,NA,NA,NA,NA
"Pos_vs_Neg","SE","Skipped Exon","Npepps","ENSMUSG00000001441","chr11","-",3.22858224397743e-05,0.565,"1.0,1.0,1.0","0.304,0.0,1.0",97128919,97129084,97125880,97125941,97139027,97139149,NA,NA,NA,NA,NA,NA,NA,NA,NA,NA,NA,NA
"Pos_vs_Neg","SE","Skipped Exon","Cdk5rap3","ENSMUSG00000018669","chr11","-",0.00108164514280334,-0.262,"1.0,0.817,0.398","1.0,1.0,1.0",96804207,96804308,96803042,96803221,96806976,96807022,NA,NA,NA,NA,NA,NA,NA,NA,NA,NA,NA,NA
"Pos_vs_Neg","SE","Skipped Exon","Cdk5rap3","ENSMUSG00000018669","chr11","-",0.000509586787772572,-0.421,"1.0,0.556,0.182","1.0,1.0,1.0",96804490,96804703,96803042,96803221,96806976,96807022,NA,NA,NA,NA,NA,NA,NA,NA,NA,NA,NA,NA
"Pos_vs_Neg","SE","Skipped Exon","Cacna1g","ENSMUSG00000020866","chr11","-",0.000505966163220418,-0.113,"0.866,1.0,0.795","1.0,1.0,1.0",94307451,94307481,94307231,94307353,94307666,94307737,NA,NA,NA,NA,NA,NA,NA,NA,NA,NA,NA,NA
"Pos_vs_Neg","SE","Skipped Exon","Rps6kb1","ENSMUSG00000020516","chr11","-",0.00403140894036777,0.456,"1.0,1.0,1.0","0.0,0.631,1.0",86408175,86408218,86407569,86407813,86408408,86408466,NA,NA,NA,NA,NA,NA,NA,NA,NA,NA,NA,NA
"Pos_vs_Neg","SE","Skipped Exon","Bcas3","ENSMUSG00000059439","chr11","+",0.000647935356858483,-0.3,"0.287,0.193,0.153","0.595,0.398,0.54",85434753,85434798,85422618,85422769,85445015,85445140,NA,NA,NA,NA,NA,NA,NA,NA,NA,NA,NA,NA
"Pos_vs_Neg","SE","Skipped Exon","9630028I04Rik","ENSMUSG00000117916","chr17","-",0.000271793116745521,0.699,"1.0,1.0,0.429","0.333,0.0,0.0",27458358,27458522,27454042,27456111,27461292,27461615,NA,NA,NA,NA,NA,NA,NA,NA,NA,NA,NA,NA
"Pos_vs_Neg","SE","Skipped Exon","Tada2a","ENSMUSG00000018651","chr11","-",0.0061240271888107,0.51,"0.436,1.0,0.3","0.0,0.0,0.205",83975539,83975583,83969745,83970603,83977936,83978008,NA,NA,NA,NA,NA,NA,NA,NA,NA,NA,NA,NA
"Pos_vs_Neg","SE","Skipped Exon","Synrg","ENSMUSG00000034940","chr11","+",0.00983971286249441,-0.245,"0.443,0.527,1.0","1.0,0.705,1.0",83877639,83877677,83876074,83876377,83878738,83878816,NA,NA,NA,NA,NA,NA,NA,NA,NA,NA,NA,NA
"Pos_vs_Neg","SE","Skipped Exon","Map4k2","ENSMUSG00000024948","chr19","+",0.0399474614302781,0.419,"1.0,1.0,1.0","0.312,1.0,0.431",6392639,6392687,6391773,6391997,6393133,6393206,NA,NA,NA,NA,NA,NA,NA,NA,NA,NA,NA,NA
"Pos_vs_Neg","SE","Skipped Exon","Taf15","ENSMUSG00000020680","chr11","+",3.50286226452142e-07,0.258,"0.959,1.0,0.891","0.646,0.769,0.66",83372759,83372799,83363911,83364032,83388719,83388752,NA,NA,NA,NA,NA,NA,NA,NA,NA,NA,NA,NA
"Pos_vs_Neg","SE","Skipped Exon","Taf15","ENSMUSG00000020680","chr11","+",0.0114684540784147,0.304,"0.919,1.0,0.669","0.453,0.684,0.539",83379750,83379871,83363917,83364032,83388719,83388752,NA,NA,NA,NA,NA,NA,NA,NA,NA,NA,NA,NA
"Pos_vs_Neg","SE","Skipped Exon","Pex12","ENSMUSG00000018733","chr11","-",0.00146879034819352,-0.29,"0.6,0.529,1.0","1.0,1.0,1.0",83189737,83190081,83189141,83189379,83193335,83193412,NA,NA,NA,NA,NA,NA,NA,NA,NA,NA,NA,NA
"Pos_vs_Neg","SE","Skipped Exon","Mettl24","ENSMUSG00000045555","chr10","+",0.012112580050698,-0.146,"0.828,1.0,0.667","0.933,1.0,1.0",40605982,40606081,40559277,40559660,40622327,40622556,NA,NA,NA,NA,NA,NA,NA,NA,NA,NA,NA,NA
"Pos_vs_Neg","SE","Skipped Exon","Mettl24","ENSMUSG00000045555","chr10","+",0.0102895859610365,-0.106,"0.878,1.0,0.654","0.85,1.0,1.0",40613670,40613810,40559277,40559660,40622327,40622556,NA,NA,NA,NA,NA,NA,NA,NA,NA,NA,NA,NA
"Pos_vs_Neg","SE","Skipped Exon","Tpk1","ENSMUSG00000029735","chr6","-",0.00297299392236481,0.138,"0.911,1.0,0.944","0.887,0.83,0.724",43500817,43500890,43465808,43465904,43536876,43536946,NA,NA,NA,NA,NA,NA,NA,NA,NA,NA,NA,NA
"Pos_vs_Neg","SE","Skipped Exon","Casp2","ENSMUSG00000029863","chr6","+",0.00117281846897541,-0.213,"0.739,0.615,0.858","1.0,0.85,1.0",42253803,42253864,42250850,42250979,42256710,42256860,NA,NA,NA,NA,NA,NA,NA,NA,NA,NA,NA,NA
"Pos_vs_Neg","SE","Skipped Exon","C530043A13Rik","ENSMUSG00000100444","chr1","-",5.91387117921569e-05,-0.607,"0.846,0.0,0.111","0.778,1.0,1.0",73567883,73568093,73564998,73565107,73568831,73568949,NA,NA,NA,NA,NA,NA,NA,NA,NA,NA,NA,NA
"Pos_vs_Neg","SE","Skipped Exon","Crocc","ENSMUSG00000040860","chr4","-",0.00852223935189068,-0.212,"0.224,0.344,0.419","0.484,0.498,0.641",140774082,140774166,140773946,140774008,140778351,140778506,NA,NA,NA,NA,NA,NA,NA,NA,NA,NA,NA,NA
"Pos_vs_Neg","SE","Skipped Exon","Crocc","ENSMUSG00000040860","chr4","-",0.000484376849694714,-0.139,"0.673,0.964,0.912","1.0,0.966,1.0",140774082,140774166,140773946,140774008,140780260,140780402,NA,NA,NA,NA,NA,NA,NA,NA,NA,NA,NA,NA
"Pos_vs_Neg","SE","Skipped Exon","Gm43154","ENSMUSG00000086804","chr6","+",0.022719200678213,0.221,"0.643,1.0,1.0","0.231,0.75,1.0",31648617,31648716,31643212,31643424,31696307,31697216,NA,NA,NA,NA,NA,NA,NA,NA,NA,NA,NA,NA
"Pos_vs_Neg","SE","Skipped Exon","Gm43154","ENSMUSG00000086804","chr6","+",0.00597601624332564,0.183,"0.822,1.0,1.0","0.513,0.76,1.0",31648617,31648727,31643112,31643424,31696307,31696663,NA,NA,NA,NA,NA,NA,NA,NA,NA,NA,NA,NA
"Pos_vs_Neg","SE","Skipped Exon","Copg2","ENSMUSG00000025607","chr6","-",0.0218395351277041,0.237,"1.0,0.93,0.95","0.551,0.721,0.897",30872476,30872529,30867535,30867607,30873595,30873645,NA,NA,NA,NA,NA,NA,NA,NA,NA,NA,NA,NA
"Pos_vs_Neg","SE","Skipped Exon","Ccdc136","ENSMUSG00000029769","chr6","+",0.000348080427805697,-0.126,"0.71,0.856,0.787","0.886,0.905,0.939",29414784,29414979,29412900,29413086,29426623,29426856,NA,NA,NA,NA,NA,NA,NA,NA,NA,NA,NA,NA
"Pos_vs_Neg","SE","Skipped Exon","Ccdc136","ENSMUSG00000029769","chr6","+",0.00753585321855576,-0.262,"0.175,0.412,0.267","0.547,0.484,0.61",29417070,29417577,29412900,29413086,29426623,29426856,NA,NA,NA,NA,NA,NA,NA,NA,NA,NA,NA,NA
"Pos_vs_Neg","SE","Skipped Exon","Ccdc136","ENSMUSG00000029769","chr6","+",0.00157882862533188,-0.328,"0.429,0.538,0.492","0.724,0.9,0.818",29417070,29417577,29414784,29414979,29426623,29426856,NA,NA,NA,NA,NA,NA,NA,NA,NA,NA,NA,NA
"Pos_vs_Neg","SE","Skipped Exon","St7","ENSMUSG00000029534","chr6","+",0.00292152621721098,-0.113,"0.659,0.641,0.647","0.799,0.777,0.711",17850355,17850424,17848002,17848078,17852256,17852411,NA,NA,NA,NA,NA,NA,NA,NA,NA,NA,NA,NA
"Pos_vs_Neg","SE","Skipped Exon","St7","ENSMUSG00000029534","chr6","+",0.00508855435368346,0.312,"1.0,1.0,0.872","0.289,1.0,0.647",17921987,17922123,17886002,17886117,17930764,17930857,NA,NA,NA,NA,NA,NA,NA,NA,NA,NA,NA,NA
"Pos_vs_Neg","SE","Skipped Exon","Sgce","ENSMUSG00000004631","chr6","-",0,-0.235,"0.577,0.605,0.643","0.835,0.864,0.83",4677162,4677197,4674353,4674632,4678066,4678110,NA,NA,NA,NA,NA,NA,NA,NA,NA,NA,NA,NA
"Pos_vs_Neg","SE","Skipped Exon","Sgce","ENSMUSG00000004631","chr6","-",4.08349332499256e-08,-0.244,"0.222,0.223,0.278","0.434,0.566,0.455",4677162,4677233,4674417,4674632,4678066,4678110,NA,NA,NA,NA,NA,NA,NA,NA,NA,NA,NA,NA
"Pos_vs_Neg","SE","Skipped Exon","Sgce","ENSMUSG00000004631","chr6","-",8.0477169317836e-05,-0.266,"0.87,0.579,0.753","1.0,1.0,1.0",4737297,4737392,4711307,4711380,4746979,4747063,NA,NA,NA,NA,NA,NA,NA,NA,NA,NA,NA,NA
"Pos_vs_Neg","SE","Skipped Exon","Fry","ENSMUSG00000056602","chr5","+",8.50071367828821e-06,-0.105,"1.0,0.77,0.914","1.0,1.0,1.0",150384853,150384862,150381209,150381380,150389708,150389906,NA,NA,NA,NA,NA,NA,NA,NA,NA,NA,NA,NA
"Pos_vs_Neg","SE","Skipped Exon","Arhgap26","ENSMUSG00000036452","chr18","+",6.37419184990565e-06,0.112,"0.165,0.14,0.147","0.016,0.043,0.056",39490851,39490881,39490605,39490716,39496169,39496261,NA,NA,NA,NA,NA,NA,NA,NA,NA,NA,NA,NA
"Pos_vs_Neg","SE","Skipped Exon","Zkscan5","ENSMUSG00000055991","chr5","+",0.00949475717202569,0.13,"1.0,0.954,1.0","0.926,0.934,0.705",145148555,145148638,145144372,145144518,145155096,145155106,NA,NA,NA,NA,NA,NA,NA,NA,NA,NA,NA,NA
"Pos_vs_Neg","SE","Skipped Exon","Pus7","ENSMUSG00000057541","chr5","-",4.74896846994781e-11,-0.195,"0.513,0.538,0.506","0.701,0.717,0.725",23968331,23968349,23967360,23967472,23973765,23973910,NA,NA,NA,NA,NA,NA,NA,NA,NA,NA,NA,NA
"Pos_vs_Neg","SE","Skipped Exon","Gm30866","ENSMUSG00000120072","chr5","+",0.00249030013385809,0.332,"1.0,1.0,1.0","1.0,0.681,0.324",141110798,141110882,141102078,141102201,141124536,141124983,NA,NA,NA,NA,NA,NA,NA,NA,NA,NA,NA,NA
"Pos_vs_Neg","SE","Skipped Exon","Gm30866","ENSMUSG00000120072","chr5","+",0.0010212867582998,0.306,"1.0,1.0,1.0","1.0,0.634,0.449",141110802,141110882,141102082,141102201,141124536,141124981,NA,NA,NA,NA,NA,NA,NA,NA,NA,NA,NA,NA
"Pos_vs_Neg","SE","Skipped Exon","Elmo2","ENSMUSG00000017670","chr2","-",2.1139122833905e-05,-0.129,"0.65,0.713,0.748","0.83,0.794,0.875",165145585,165145621,165143860,165143911,165146819,165146898,NA,NA,NA,NA,NA,NA,NA,NA,NA,NA,NA,NA
"Pos_vs_Neg","SE","Skipped Exon","1600020E01Rik","ENSMUSG00000097048","chr6","+",0.00186800269276009,-0.508,"0.333,0.143,0.333","1.0,0.667,0.667",86527898,86528096,86524941,86525138,86540413,86540519,NA,NA,NA,NA,NA,NA,NA,NA,NA,NA,NA,NA
"Pos_vs_Neg","SE","Skipped Exon","Eml2","ENSMUSG00000040811","chr7","+",1.4267163183662e-10,-0.102,"0.805,0.911,0.875","0.974,0.97,0.954",18935754,18935852,18935489,18935578,18936433,18936521,NA,NA,NA,NA,NA,NA,NA,NA,NA,NA,NA,NA
"Pos_vs_Neg","SE","Skipped Exon","Zfp638","ENSMUSG00000030016","chr6","+",0.000194505775360125,-0.168,"0.741,0.859,0.745","0.908,1.0,0.942",83958665,83958767,83953183,83953332,83960957,83961056,NA,NA,NA,NA,NA,NA,NA,NA,NA,NA,NA,NA
"Pos_vs_Neg","SE","Skipped Exon","Mms22l","ENSMUSG00000045751","chr4","+",0.0179547446756088,0.1,"0.885,0.966,0.959","0.837,0.886,0.786",24591033,24591245,24588202,24588372,24596137,24596301,NA,NA,NA,NA,NA,NA,NA,NA,NA,NA,NA,NA
"Pos_vs_Neg","SE","Skipped Exon","Srrm3","ENSMUSG00000039860","chr5","+",7.50198519159827e-07,-0.133,"0.077,0.062,0.028","0.127,0.236,0.204",135895980,135896000,135885891,135886069,135897026,135897373,NA,NA,NA,NA,NA,NA,NA,NA,NA,NA,NA,NA
"Pos_vs_Neg","SE","Skipped Exon","Erc1","ENSMUSG00000030172","chr6","-",0.00939676154670815,-0.113,"0.748,0.769,0.637","0.854,0.872,0.766",119711041,119711053,119699133,119699269,119720248,119720442,NA,NA,NA,NA,NA,NA,NA,NA,NA,NA,NA,NA
"Pos_vs_Neg","SE","Skipped Exon","Vkorc1l1","ENSMUSG00000066735","chr5","+",0.0222152180250421,-0.208,"0.209,0.1,0.038","0.2,0.478,0.294",130005829,130006033,129970967,129971068,130007359,130007469,NA,NA,NA,NA,NA,NA,NA,NA,NA,NA,NA,NA
"Pos_vs_Neg","SE","Skipped Exon","Lyar","ENSMUSG00000067367","chr5","+",5.97394073947943e-14,0.179,"0.931,0.936,0.911","0.78,0.673,0.789",38380477,38380571,38377863,38377979,38382061,38382141,NA,NA,NA,NA,NA,NA,NA,NA,NA,NA,NA,NA
"Pos_vs_Neg","SE","Skipped Exon","Lyar","ENSMUSG00000067367","chr5","+",5.97394073947943e-14,0.181,"0.932,0.937,0.913","0.783,0.669,0.788",38380477,38380575,38377825,38377979,38382061,38382141,NA,NA,NA,NA,NA,NA,NA,NA,NA,NA,NA,NA
"Pos_vs_Neg","SE","Skipped Exon","Srsf9","ENSMUSG00000029538","chr5","+",0.00593964252341305,-0.119,"0.825,0.898,0.886","1.0,0.966,1.0",115466405,115466763,115465717,115465757,115468556,115468717,NA,NA,NA,NA,NA,NA,NA,NA,NA,NA,NA,NA
"Pos_vs_Neg","SE","Skipped Exon","Pitpnm2","ENSMUSG00000029406","chr5","-",0.00267313221927146,-0.23,"0.462,0.51,0.495","0.747,0.772,0.639",124264417,124264567,124263361,124263526,124265239,124265410,NA,NA,NA,NA,NA,NA,NA,NA,NA,NA,NA,NA
"Pos_vs_Neg","SE","Skipped Exon","Cep164","ENSMUSG00000043987","chr9","-",0.000934691961721146,-0.131,"0.873,0.942,0.716","0.925,1.0,1.0",45696180,45696327,45693249,45693546,45697075,45697219,NA,NA,NA,NA,NA,NA,NA,NA,NA,NA,NA,NA
"Pos_vs_Neg","SE","Skipped Exon","Polg","ENSMUSG00000039176","chr7","-",0.0209982667686906,-0.111,"0.878,0.714,0.756","0.931,0.877,0.874",79109260,79109333,79108921,79109048,79109436,79109619,NA,NA,NA,NA,NA,NA,NA,NA,NA,NA,NA,NA
"Pos_vs_Neg","SE","Skipped Exon","Crybb3","ENSMUSG00000029352","chr5","-",0.0191423898625603,-0.153,"0.602,0.725,1.0","1.0,1.0,0.787",113226248,113226381,113224889,113225543,113227625,113227744,NA,NA,NA,NA,NA,NA,NA,NA,NA,NA,NA,NA
"Pos_vs_Neg","SE","Skipped Exon","Ttc28","ENSMUSG00000033209","chr5","+",4.74576929764157e-05,-0.171,"0.808,0.679,1.0","1.0,1.0,1.0",111040697,111040976,111027668,111027854,111232887,111233035,NA,NA,NA,NA,NA,NA,NA,NA,NA,NA,NA,NA
"Pos_vs_Neg","SE","Skipped Exon","Rapgef1","ENSMUSG00000039844","chr2","+",0.000754835380956821,-0.101,"0.196,0.225,0.201","0.341,0.309,0.276",29609604,29609862,29597209,29597412,29612235,29612321,NA,NA,NA,NA,NA,NA,NA,NA,NA,NA,NA,NA
"Pos_vs_Neg","SE","Skipped Exon","Rapgef1","ENSMUSG00000039844","chr2","+",0.0014119850803983,-0.113,"0.77,0.968,0.875","1.0,1.0,0.952",29609604,29609862,29600164,29600320,29610654,29610750,NA,NA,NA,NA,NA,NA,NA,NA,NA,NA,NA,NA
"Pos_vs_Neg","SE","Skipped Exon","Ube2d-ps","ENSMUSG00000121496","chr11","+",0.000622356220181757,-0.109,"0.917,0.806,0.874","0.974,0.949,1.0",5715508,5715571,5712092,5712240,5719166,5719243,NA,NA,NA,NA,NA,NA,NA,NA,NA,NA,NA,NA
"Pos_vs_Neg","SE","Skipped Exon","Ube2d-ps","ENSMUSG00000121496","chr11","+",0.00947351669608201,-0.552,"0.0,0.212,0.4","0.667,0.6,1.0",5718885,5719072,5712128,5712240,5719166,5719243,NA,NA,NA,NA,NA,NA,NA,NA,NA,NA,NA,NA
"Pos_vs_Neg","SE","Skipped Exon","Ube2d-ps","ENSMUSG00000121496","chr11","+",0.00834816831901341,-0.485,"0.2,0.212,0.368","0.6,0.636,1.0",5718888,5719072,5712122,5712240,5719166,5719243,NA,NA,NA,NA,NA,NA,NA,NA,NA,NA,NA,NA
"Pos_vs_Neg","SE","Skipped Exon","Vps13c","ENSMUSG00000035284","chr9","+",0.000114013319359925,-0.185,"0.183,0.252,0.277","0.418,0.384,0.465",67773461,67773524,67768065,67768167,67778457,67778567,NA,NA,NA,NA,NA,NA,NA,NA,NA,NA,NA,NA
"Pos_vs_Neg","SE","Skipped Exon","Vps13c","ENSMUSG00000035284","chr9","+",1.26492518043695e-06,-0.255,"0.181,0.192,0.27","0.388,0.551,0.469",67778134,67778200,67768065,67768167,67778457,67778567,NA,NA,NA,NA,NA,NA,NA,NA,NA,NA,NA,NA
"Pos_vs_Neg","SE","Skipped Exon","Ccdc158","ENSMUSG00000050050","chr5","-",0.00107479003128967,-0.381,"0.303,0.332,1.0","0.777,1.0,1.0",92757817,92757925,92756111,92756352,92760303,92760462,NA,NA,NA,NA,NA,NA,NA,NA,NA,NA,NA,NA
"Pos_vs_Neg","SE","Skipped Exon","Zfp988","ENSMUSG00000078498","chr4","+",0.0177280724757441,-0.211,"0.493,0.829,0.94","1.0,1.0,0.896",147413438,147413565,147409230,147409334,147415724,147418191,NA,NA,NA,NA,NA,NA,NA,NA,NA,NA,NA,NA
"Pos_vs_Neg","SE","Skipped Exon","Mical3","ENSMUSG00000051586","chr6","-",0.0428599442275061,0.173,"1.0,0.903,1.0","0.575,0.81,1.0",120989427,120989535,120985955,120986142,120991788,120991845,NA,NA,NA,NA,NA,NA,NA,NA,NA,NA,NA,NA
"Pos_vs_Neg","SE","Skipped Exon","Kif13a","ENSMUSG00000021375","chr13","-",0.0158663350473867,-0.161,"0.551,0.665,0.605","0.864,0.665,0.774",46934101,46934140,46932369,46932469,46938721,46938868,NA,NA,NA,NA,NA,NA,NA,NA,NA,NA,NA,NA
"Pos_vs_Neg","SE","Skipped Exon","Fryl","ENSMUSG00000070733","chr5","-",5.24828037660951e-11,-0.118,"0.853,0.903,0.853","0.964,1.0,1.0",73182113,73182131,73181230,73181341,73184658,73184727,NA,NA,NA,NA,NA,NA,NA,NA,NA,NA,NA,NA
"Pos_vs_Neg","SE","Skipped Exon","1700057G04Rik","ENSMUSG00000074139","chr9","+",0.0347811888924191,0.489,"1.0,0.667,1.0","0.0,1.0,0.2",92234587,92234749,92232978,92233199,92235519,92235658,NA,NA,NA,NA,NA,NA,NA,NA,NA,NA,NA,NA
"Pos_vs_Neg","SE","Skipped Exon","Plekha6","ENSMUSG00000041757","chr1","+",5.20978672771063e-05,0.126,"0.899,0.952,0.894","0.791,0.791,0.785",133202530,133202617,133201595,133202112,133209520,133209549,NA,NA,NA,NA,NA,NA,NA,NA,NA,NA,NA,NA
"Pos_vs_Neg","SE","Skipped Exon","Plekha6","ENSMUSG00000041757","chr1","+",0.000153888463084129,0.11,"0.914,0.956,0.901","0.782,0.831,0.828",133208076,133208145,133201595,133202112,133209520,133209549,NA,NA,NA,NA,NA,NA,NA,NA,NA,NA,NA,NA
"Pos_vs_Neg","SE","Skipped Exon","Slc35b3","ENSMUSG00000021432","chr13","-",0.000444793231713137,0.161,"1.0,1.0,1.0","0.843,0.81,0.864",39128475,39128630,39127034,39127142,39139624,39139912,NA,NA,NA,NA,NA,NA,NA,NA,NA,NA,NA,NA
"Pos_vs_Neg","SE","Skipped Exon","Aff1","ENSMUSG00000029313","chr5","+",0.000979584178853641,-0.122,"1.0,0.829,0.805","1.0,1.0,1.0",103863215,103863271,103840239,103840469,103930989,103931110,NA,NA,NA,NA,NA,NA,NA,NA,NA,NA,NA,NA
"Pos_vs_Neg","SE","Skipped Exon","Spata1","ENSMUSG00000028188","chr3","-",0.035423544638887,-0.204,"0.422,0.461,0.438","0.676,0.606,0.652",146181010,146181136,146175379,146175558,146181948,146182057,NA,NA,NA,NA,NA,NA,NA,NA,NA,NA,NA,NA
"Pos_vs_Neg","SE","Skipped Exon","Zfp668","ENSMUSG00000049728","chr7","-",0.00585258447250251,-0.187,"0.537,1.0,0.721","1.0,1.0,0.819",127473848,127473930,127472941,127473099,127475218,127475306,NA,NA,NA,NA,NA,NA,NA,NA,NA,NA,NA,NA
"Pos_vs_Neg","SE","Skipped Exon","Mcub","ENSMUSG00000027994","chr3","-",0.000208346429663525,0.122,"1.0,1.0,0.962","0.887,0.904,0.804",129720013,129720118,129710587,129710791,129763598,129763638,NA,NA,NA,NA,NA,NA,NA,NA,NA,NA,NA,NA
"Pos_vs_Neg","SE","Skipped Exon","Tenm4","ENSMUSG00000048078","chr7","+",0.00125407113149792,-0.131,"0.896,0.866,0.743","1.0,0.958,0.94",96085966,96086065,96004562,96004618,96199218,96199506,NA,NA,NA,NA,NA,NA,NA,NA,NA,NA,NA,NA
"Pos_vs_Neg","SE","Skipped Exon","Prkx","ENSMUSG00000035725","chrX","-",0.000355462345060109,-0.1,"0.946,0.753,1.0","1.0,1.0,1.0",76814852,76814948,76808954,76809012,76825643,76825907,NA,NA,NA,NA,NA,NA,NA,NA,NA,NA,NA,NA
"Pos_vs_Neg","SE","Skipped Exon","Slc4a1ap","ENSMUSG00000029141","chr5","+",0.0382302766314468,0.219,"1.0,0.943,0.654","0.639,0.847,0.453",31703523,31703610,31697729,31697841,31705957,31706025,NA,NA,NA,NA,NA,NA,NA,NA,NA,NA,NA,NA
"Pos_vs_Neg","SE","Skipped Exon","Lrif1","ENSMUSG00000056260","chr3","+",0.00111201766093643,-0.191,"0.286,0.196,0.186","0.413,0.434,0.393",106640652,106640922,106638978,106640458,106641673,106641698,NA,NA,NA,NA,NA,NA,NA,NA,NA,NA,NA,NA
"Pos_vs_Neg","SE","Skipped Exon","Srpk2","ENSMUSG00000062604","chr5","-",6.30863988625218e-05,-0.409,"0.402,1.0,0.371","1.0,1.0,1.0",23834329,23834475,23770130,23770263,23880855,23881012,NA,NA,NA,NA,NA,NA,NA,NA,NA,NA,NA,NA
"Pos_vs_Neg","SE","Skipped Exon","Gsap","ENSMUSG00000039934","chr5","+",0.00407125302387253,0.662,"1.0,0.691,1.0","0.0,0.289,0.416",21486505,21486600,21483042,21483138,21492674,21492794,NA,NA,NA,NA,NA,NA,NA,NA,NA,NA,NA,NA
"Pos_vs_Neg","SE","Skipped Exon","Ryr2","ENSMUSG00000021313","chr13","-",9.78490950569411e-05,-0.444,"1.0,0.0,0.312","1.0,1.0,0.645",11905719,11905734,11900349,11900424,11933196,11933301,NA,NA,NA,NA,NA,NA,NA,NA,NA,NA,NA,NA
"Pos_vs_Neg","SE","Skipped Exon","Rbpj","ENSMUSG00000039191","chr5","+",0.0215603796978401,0.225,"1.0,1.0,1.0","0.884,0.44,1.0",53810423,53810527,53809948,53810104,53810646,53813479,NA,NA,NA,NA,NA,NA,NA,NA,NA,NA,NA,NA
"Pos_vs_Neg","SE","Skipped Exon","Zbtb49","ENSMUSG00000029127","chr5","-",0.00761466882532876,0.171,"0.923,0.919,1.0","0.872,0.801,0.655",38367961,38368008,38363232,38363306,38373790,38373957,NA,NA,NA,NA,NA,NA,NA,NA,NA,NA,NA,NA
"Pos_vs_Neg","SE","Skipped Exon","Zfp985","ENSMUSG00000065999","chr4","+",0.00205677669071699,0.288,"0.258,0.582,0.422","0.174,0.086,0.138",147647371,147647415,147637795,147637883,147661481,147661586,NA,NA,NA,NA,NA,NA,NA,NA,NA,NA,NA,NA
"Pos_vs_Neg","SE","Skipped Exon","P4ha3","ENSMUSG00000051048","chr7","+",0.00319758307491354,-0.245,"0.805,0.655,0.632","0.933,1.0,0.895",99962412,99962572,99959993,99960058,99966248,99966317,NA,NA,NA,NA,NA,NA,NA,NA,NA,NA,NA,NA
"Pos_vs_Neg","SE","Skipped Exon","P4ha3","ENSMUSG00000051048","chr7","+",0.0106621687691492,-0.252,"0.552,0.717,0.644","0.849,1.0,0.82",99963814,99963877,99959993,99960058,99966248,99966317,NA,NA,NA,NA,NA,NA,NA,NA,NA,NA,NA,NA
"Pos_vs_Neg","SE","Skipped Exon","Sh2d5","ENSMUSG00000045349","chr4","+",0.0084389321825942,-0.105,"0.734,0.838,0.785","0.883,0.92,0.868",137981141,137981269,137977713,137977819,137981583,137981664,NA,NA,NA,NA,NA,NA,NA,NA,NA,NA,NA,NA
"Pos_vs_Neg","SE","Skipped Exon","Sh2d5","ENSMUSG00000045349","chr4","+",0.00641562810740125,0.553,"0.66,1.0,1.0","1.0,0.0,0.0",137981583,137981664,137977713,137977819,137985479,137985639,NA,NA,NA,NA,NA,NA,NA,NA,NA,NA,NA,NA
"Pos_vs_Neg","SE","Skipped Exon","Sh2d5","ENSMUSG00000045349","chr4","+",0.0128338186239965,-0.298,"0.251,0.679,0.779","0.602,1.0,1.0",137982862,137983009,137981583,137981664,137985479,137985639,NA,NA,NA,NA,NA,NA,NA,NA,NA,NA,NA,NA
"Pos_vs_Neg","SE","Skipped Exon","Rpl11","ENSMUSG00000059291","chr4","-",0.0363645399272602,-0.102,"0.733,0.811,0.77","0.868,0.846,0.905",135775122,135775164,135755936,135756016,135778481,135778613,NA,NA,NA,NA,NA,NA,NA,NA,NA,NA,NA,NA
"Pos_vs_Neg","SE","Skipped Exon","Esco1","ENSMUSG00000024293","chr18","-",0.0328175097626279,-0.451,"0.0,1.0,0.077","0.429,1.0,1.0",10593745,10595875,10585977,10586041,10610025,10610352,NA,NA,NA,NA,NA,NA,NA,NA,NA,NA,NA,NA
"Pos_vs_Neg","SE","Skipped Exon","Trmt11","ENSMUSG00000019792","chr10","-",0.0028290354644608,-0.112,"0.845,0.775,0.865","0.972,0.956,0.894",30463434,30463591,30441194,30442502,30466020,30466105,NA,NA,NA,NA,NA,NA,NA,NA,NA,NA,NA,NA
"Pos_vs_Neg","SE","Skipped Exon","Eya3","ENSMUSG00000028886","chr4","+",1.04637305764597e-12,-0.194,"0.039,0.072,0.068","0.183,0.346,0.232",132384888,132384927,132384003,132384099,132389205,132389249,NA,NA,NA,NA,NA,NA,NA,NA,NA,NA,NA,NA
"Pos_vs_Neg","SE","Skipped Exon","Rgs7","ENSMUSG00000026527","chr1","-",0.0248479302401902,0.122,"0.178,0.29,0.233","0.139,0.139,0.057",174903582,174903663,174894182,174894260,174904389,174904443,NA,NA,NA,NA,NA,NA,NA,NA,NA,NA,NA,NA
"Pos_vs_Neg","SE","Skipped Exon","Mitf","ENSMUSG00000035158","chr6","+",4.54235550497231e-05,-0.137,"0.707,0.828,1.0","0.958,0.988,1.0",97918013,97918263,97784012,97784248,97970087,97970315,NA,NA,NA,NA,NA,NA,NA,NA,NA,NA,NA,NA
"Pos_vs_Neg","SE","Skipped Exon","Aasdh","ENSMUSG00000055923","chr5","-",0.0422384804232871,-0.122,"0.525,0.505,0.455","0.556,0.619,0.677",77052805,77052859,77052055,77052227,77053269,77053334,NA,NA,NA,NA,NA,NA,NA,NA,NA,NA,NA,NA
"Pos_vs_Neg","SE","Skipped Exon","Mocs2","ENSMUSG00000015536","chr13","+",1.77654450371153e-05,-0.302,"0.483,0.688,0.806","0.956,1.0,0.928",114961746,114961770,114957337,114957482,114962693,114962784,NA,NA,NA,NA,NA,NA,NA,NA,NA,NA,NA,NA
"Pos_vs_Neg","SE","Skipped Exon","Tmem234","ENSMUSG00000028797","chr4","+",0.0137366101726665,0.11,"0.404,0.477,0.436","0.39,0.28,0.316",129495199,129495418,129494775,129494927,129500879,129500972,NA,NA,NA,NA,NA,NA,NA,NA,NA,NA,NA,NA
"Pos_vs_Neg","SE","Skipped Exon","Cdiptos","ENSMUSG00000097075","chr7","-",0.00746408703268281,0.587,"0.078,1.0,1.0","0.0,0.153,0.164",126573780,126573884,126573624,126573682,126574111,126574256,NA,NA,NA,NA,NA,NA,NA,NA,NA,NA,NA,NA
"Pos_vs_Neg","SE","Skipped Exon","Cdiptos","ENSMUSG00000097075","chr7","-",0.000315687612629036,0.667,"0.0,1.0,1.0","0.0,0.0,0.0",126573850,126573884,126573624,126573682,126574111,126574256,NA,NA,NA,NA,NA,NA,NA,NA,NA,NA,NA,NA
"Pos_vs_Neg","SE","Skipped Exon","Ago4","ENSMUSG00000042500","chr4","-",0.000337860495531674,-0.312,"1.0,0.714,0.349","1.0,1.0,1.0",126405518,126405647,126403743,126403928,126405791,126405911,NA,NA,NA,NA,NA,NA,NA,NA,NA,NA,NA,NA
"Pos_vs_Neg","SE","Skipped Exon","Sorbs1","ENSMUSG00000025006","chr19","-",0.00337359324530532,-0.156,"0.767,0.802,0.704","0.944,0.851,0.945",40329128,40329194,40328488,40328590,40332799,40332883,NA,NA,NA,NA,NA,NA,NA,NA,NA,NA,NA,NA
"Pos_vs_Neg","SE","Skipped Exon","Sorbs1","ENSMUSG00000025006","chr19","-",0.00259190154801127,0.158,"0.373,0.371,0.357","0.3,0.138,0.19",40332799,40332883,40325429,40325479,40338342,40338457,NA,NA,NA,NA,NA,NA,NA,NA,NA,NA,NA,NA
"Pos_vs_Neg","SE","Skipped Exon","Sorbs1","ENSMUSG00000025006","chr19","-",0.00146769501992873,0.23,"0.943,0.871,0.907","0.832,0.601,0.599",40332799,40332883,40329128,40329194,40338342,40338457,NA,NA,NA,NA,NA,NA,NA,NA,NA,NA,NA,NA
"Pos_vs_Neg","SE","Skipped Exon","Sorbs1","ENSMUSG00000025006","chr19","-",0.0132460317454844,-0.109,"0.766,0.978,0.785","0.944,1.0,0.911",40365088,40365247,40361919,40362061,40365427,40365460,NA,NA,NA,NA,NA,NA,NA,NA,NA,NA,NA,NA
"Pos_vs_Neg","SE","Skipped Exon","Ppt1","ENSMUSG00000028657","chr4","+",0.00290904765785259,0.411,"0.886,1.0,1.0","0.6,0.678,0.375",122748172,122748271,122742225,122742328,122751302,122752871,NA,NA,NA,NA,NA,NA,NA,NA,NA,NA,NA,NA
"Pos_vs_Neg","SE","Skipped Exon","Ccdc30","ENSMUSG00000028637","chr4","-",0.0128338186239965,-0.158,"0.812,1.0,0.714","1.0,1.0,1.0",119213834,119214044,119210266,119210421,119216754,119216934,NA,NA,NA,NA,NA,NA,NA,NA,NA,NA,NA,NA
"Pos_vs_Neg","SE","Skipped Exon","P3h1","ENSMUSG00000028641","chr4","+",0.00654228960507418,0.223,"1.0,0.95,0.932","0.619,0.787,0.808",119093970,119094163,119092540,119092595,119095061,119095193,NA,NA,NA,NA,NA,NA,NA,NA,NA,NA,NA,NA
"Pos_vs_Neg","SE","Skipped Exon","P3h1","ENSMUSG00000028641","chr4","+",0.00361164780672186,0.13,"1.0,0.971,0.956","0.81,0.861,0.865",119093973,119094163,119092442,119092595,119095061,119095193,NA,NA,NA,NA,NA,NA,NA,NA,NA,NA,NA,NA
"Pos_vs_Neg","SE","Skipped Exon","P3h1","ENSMUSG00000028641","chr4","+",0.0200079355288938,-0.383,"0.206,0.133,0.101","0.421,0.901,0.267",119096902,119096958,119095842,119095982,119098313,119098403,NA,NA,NA,NA,NA,NA,NA,NA,NA,NA,NA,NA
"Pos_vs_Neg","SE","Skipped Exon","Med8","ENSMUSG00000006392","chr4","+",0.00373021917884091,-0.445,"0.333,0.333,1.0","1.0,1.0,1.0",118268854,118269049,118266552,118266583,118269548,118269689,NA,NA,NA,NA,NA,NA,NA,NA,NA,NA,NA,NA
"Pos_vs_Neg","SE","Skipped Exon","Mast2","ENSMUSG00000003810","chr4","-",1.11780965436326e-11,-0.208,"0.628,0.568,0.574","0.855,0.766,0.772",116190609,116190630,116187587,116187666,116194618,116194694,NA,NA,NA,NA,NA,NA,NA,NA,NA,NA,NA,NA
"Pos_vs_Neg","SE","Skipped Exon","Rasa2","ENSMUSG00000032413","chr9","-",1.27740298289617e-05,0.188,"1.0,0.925,1.0","0.78,0.731,0.849",96448068,96448175,96442750,96442834,96451072,96451147,NA,NA,NA,NA,NA,NA,NA,NA,NA,NA,NA,NA
"Pos_vs_Neg","SE","Skipped Exon","Rasa2","ENSMUSG00000032413","chr9","-",5.67907848767919e-06,0.134,"1.0,0.958,1.0","0.798,0.879,0.88",96450416,96450540,96442750,96442834,96451072,96451147,NA,NA,NA,NA,NA,NA,NA,NA,NA,NA,NA,NA
"Pos_vs_Neg","SE","Skipped Exon","Coa7","ENSMUSG00000048351","chr4","+",0.000816403827212846,-0.514,"0.131,0.184,0.171","0.408,0.876,0.743",108186384,108186415,108185349,108185444,108189407,108189548,NA,NA,NA,NA,NA,NA,NA,NA,NA,NA,NA,NA
"Pos_vs_Neg","SE","Skipped Exon","Ganc","ENSMUSG00000062646","chr2","+",0.00794349358598332,0.122,"1.0,0.956,0.975","1.0,0.689,0.877",120274618,120274720,120271984,120272081,120276779,120277023,NA,NA,NA,NA,NA,NA,NA,NA,NA,NA,NA,NA
"Pos_vs_Neg","SE","Skipped Exon","Sgip1","ENSMUSG00000028524","chr4","+",0.0404657305882664,-0.377,"0.265,0.395,0.466","0.806,0.911,0.54",102757722,102757734,102727745,102727921,102766004,102766029,NA,NA,NA,NA,NA,NA,NA,NA,NA,NA,NA,NA
"Pos_vs_Neg","SE","Skipped Exon","Sgip1","ENSMUSG00000028524","chr4","+",0.000319100853283944,-0.212,"0.716,0.639,0.703","0.969,0.982,0.744",102762761,102762773,102727745,102727921,102766004,102766029,NA,NA,NA,NA,NA,NA,NA,NA,NA,NA,NA,NA
"Pos_vs_Neg","SE","Skipped Exon","Psme3ip1","ENSMUSG00000031774","chr8","-",0.00195222023223442,-0.667,"1.0,0.0,0.0","1.0,1.0,1.0",95323678,95323736,95317800,95317916,95328262,95328341,NA,NA,NA,NA,NA,NA,NA,NA,NA,NA,NA,NA
"Pos_vs_Neg","SE","Skipped Exon","Usp1","ENSMUSG00000028560","chr4","+",0.0299701417061827,-0.11,"0.599,0.561,0.503","0.631,0.746,0.617",98814672,98814911,98812115,98812480,98816470,98816591,NA,NA,NA,NA,NA,NA,NA,NA,NA,NA,NA,NA
"Pos_vs_Neg","SE","Skipped Exon","Nfia","ENSMUSG00000028565","chr4","+",0.00433409845158749,-0.181,"0.881,0.724,0.788","0.937,1.0,1.0",97969961,97970053,97953517,97953683,97999454,98007108,NA,NA,NA,NA,NA,NA,NA,NA,NA,NA,NA,NA
"Pos_vs_Neg","SE","Skipped Exon","Dctn4","ENSMUSG00000024603","chr18","+",0.000847431678826536,-0.116,"0.534,0.561,0.556","0.69,0.613,0.696",60678428,60678449,60677110,60677218,60678819,60678893,NA,NA,NA,NA,NA,NA,NA,NA,NA,NA,NA,NA
"Pos_vs_Neg","SE","Skipped Exon","Elavl2","ENSMUSG00000008489","chr4","-",0.000390465869095493,-0.12,"0.702,0.657,0.654","0.786,0.776,0.811",91142377,91142416,91138999,91141807,91148997,91149223,NA,NA,NA,NA,NA,NA,NA,NA,NA,NA,NA,NA
"Pos_vs_Neg","SE","Skipped Exon","Elavl2","ENSMUSG00000008489","chr4","-",3.45872972713094e-07,0.45,"1.0,1.0,1.0","0.713,0.363,0.574",91199809,91199900,91196847,91197088,91259766,91260193,NA,NA,NA,NA,NA,NA,NA,NA,NA,NA,NA,NA
"Pos_vs_Neg","SE","Skipped Exon","Ppfibp2","ENSMUSG00000036528","chr7","+",4.24003472020276e-05,-0.133,"0.437,0.438,0.409","0.598,0.527,0.557",107327922,107327955,107326850,107326992,107328345,107328472,NA,NA,NA,NA,NA,NA,NA,NA,NA,NA,NA,NA
"Pos_vs_Neg","SE","Skipped Exon","Neo1","ENSMUSG00000032340","chr9","-",5.97394073947943e-14,-0.195,"0.469,0.551,0.49","0.668,0.723,0.704",58809365,58809398,58806447,58806516,58810196,58810391,NA,NA,NA,NA,NA,NA,NA,NA,NA,NA,NA,NA
"Pos_vs_Neg","SE","Skipped Exon","Srgap3","ENSMUSG00000030257","chr6","-",0.000766998793511893,0.226,"0.624,0.733,0.708","0.506,0.488,0.393",112731531,112731634,112727341,112727372,112736709,112736737,NA,NA,NA,NA,NA,NA,NA,NA,NA,NA,NA,NA
"Pos_vs_Neg","SE","Skipped Exon","Srgap1","ENSMUSG00000020121","chr10","-",0.000322063641275427,-0.264,"0.874,0.884,0.449","1.0,1.0,1.0",121664633,121664667,121661538,121661599,121665131,121665234,NA,NA,NA,NA,NA,NA,NA,NA,NA,NA,NA,NA
"Pos_vs_Neg","SE","Skipped Exon","Slc38a10","ENSMUSG00000061306","chr11","-",1.89382837770107e-12,-0.233,"0.406,0.388,0.361","0.625,0.632,0.598",119999292,119999379,119997259,119997436,120000257,120000362,NA,NA,NA,NA,NA,NA,NA,NA,NA,NA,NA,NA
"Pos_vs_Neg","SE","Skipped Exon","Tmem222","ENSMUSG00000028857","chr4","-",3.20446390695448e-07,-0.205,"0.241,0.272,0.221","0.505,0.416,0.429",132997980,132998125,132997088,132997120,133004841,133004929,NA,NA,NA,NA,NA,NA,NA,NA,NA,NA,NA,NA
"Pos_vs_Neg","SE","Skipped Exon","Cnot2","ENSMUSG00000020166","chr10","-",0.000343318130647099,0.156,"1.0,1.0,0.94","0.784,0.801,0.886",116342945,116343093,116339939,116340019,116384937,116385080,NA,NA,NA,NA,NA,NA,NA,NA,NA,NA,NA,NA
"Pos_vs_Neg","SE","Skipped Exon","Fbxo34","ENSMUSG00000037536","chr14","+",8.07667424076466e-05,-0.104,"0.853,0.927,0.907","1.0,1.0,1.0",47763661,47763771,47738250,47738327,47766631,47766727,NA,NA,NA,NA,NA,NA,NA,NA,NA,NA,NA,NA
"Pos_vs_Neg","SE","Skipped Exon","1110017D15Rik","ENSMUSG00000028441","chr4","-",0.0259896054224015,-0.169,"0.027,0.0,0.286","0.25,0.297,0.273",41507093,41507328,41505567,41505654,41507520,41507593,NA,NA,NA,NA,NA,NA,NA,NA,NA,NA,NA,NA
"Pos_vs_Neg","SE","Skipped Exon","Oxr1","ENSMUSG00000022307","chr15","+",4.1321074574292e-06,-0.254,"0.45,0.445,0.418","0.693,0.685,0.698",41712065,41712146,41689285,41689448,41713854,41713980,NA,NA,NA,NA,NA,NA,NA,NA,NA,NA,NA,NA
"Pos_vs_Neg","SE","Skipped Exon","Oxr1","ENSMUSG00000022307","chr15","+",0.0100421714537974,-0.238,"0.21,0.182,0.193","0.415,0.627,0.258",41712065,41712146,41694353,41694525,41713854,41713980,NA,NA,NA,NA,NA,NA,NA,NA,NA,NA,NA,NA
"Pos_vs_Neg","SE","Skipped Exon","Snapc4","ENSMUSG00000036281","chr2","-",0,-0.241,"0.144,0.19,0.213","0.368,0.466,0.436",26268172,26268291,26268032,26268079,26268505,26268648,NA,NA,NA,NA,NA,NA,NA,NA,NA,NA,NA,NA
"Pos_vs_Neg","SE","Skipped Exon","Slc26a11","ENSMUSG00000039908","chr11","+",5.29948396140629e-06,-0.127,"0.791,0.909,0.795","0.908,0.994,0.974",119253042,119253122,119250122,119250208,119254225,119254368,NA,NA,NA,NA,NA,NA,NA,NA,NA,NA,NA,NA
"Pos_vs_Neg","SE","Skipped Exon","Cdkl3","ENSMUSG00000020389","chr11","+",0.0391467054300237,-0.14,"1.0,0.59,0.875","1.0,1.0,0.885",51917585,51917745,51916665,51916754,51917839,51918168,NA,NA,NA,NA,NA,NA,NA,NA,NA,NA,NA,NA
"Pos_vs_Neg","SE","Skipped Exon","Bach2","ENSMUSG00000040270","chr4","+",0.00399297800149543,0.111,"0.919,1.0,0.953","0.919,0.847,0.772",32417434,32417583,32317197,32317304,32501612,32501636,NA,NA,NA,NA,NA,NA,NA,NA,NA,NA,NA,NA
"Pos_vs_Neg","SE","Skipped Exon","Rasgef1a","ENSMUSG00000030134","chr6","+",0.0018574052997105,-0.265,"0.625,1.0,0.579","1.0,1.0,1.0",118062197,118062446,118061381,118061519,118062733,118062808,NA,NA,NA,NA,NA,NA,NA,NA,NA,NA,NA,NA
"Pos_vs_Neg","SE","Skipped Exon","Rasgef1a","ENSMUSG00000030134","chr6","+",0.0172995720897598,-0.139,"0.818,1.0,0.765","1.0,1.0,1.0",118062224,118062446,118061381,118061519,118062733,118062808,NA,NA,NA,NA,NA,NA,NA,NA,NA,NA,NA,NA
"Pos_vs_Neg","SE","Skipped Exon","Faxc","ENSMUSG00000028246","chr4","+",0.0215906231391504,0.162,"0.598,0.709,0.591","0.434,0.429,0.549",21958443,21958667,21936632,21936768,21982385,21982502,NA,NA,NA,NA,NA,NA,NA,NA,NA,NA,NA,NA
"Pos_vs_Neg","SE","Skipped Exon","Faxc","ENSMUSG00000028246","chr4","+",0.0358830076964156,0.116,"0.748,0.782,0.662","0.64,0.605,0.6",21958443,21958667,21948691,21948888,21982385,21982502,NA,NA,NA,NA,NA,NA,NA,NA,NA,NA,NA,NA
"Pos_vs_Neg","SE","Skipped Exon","Adam22","ENSMUSG00000040537","chr5","-",0.0193797588654903,-0.123,"0.051,0.0,0.11","0.161,0.21,0.159",8136593,8136623,8132142,8132269,8161894,8161985,NA,NA,NA,NA,NA,NA,NA,NA,NA,NA,NA,NA
"Pos_vs_Neg","SE","Skipped Exon","Cibar1","ENSMUSG00000028218","chr4","-",1.60210228921922e-12,-0.119,"0.093,0.103,0.081","0.176,0.232,0.227",12169957,12169978,12168964,12169033,12170983,12171168,NA,NA,NA,NA,NA,NA,NA,NA,NA,NA,NA,NA
"Pos_vs_Neg","SE","Skipped Exon","Asph","ENSMUSG00000028207","chr4","-",0.00211331557912277,0.193,"1.0,1.0,0.958","0.621,1.0,0.757",9598268,9598301,9583811,9583856,9601306,9601363,NA,NA,NA,NA,NA,NA,NA,NA,NA,NA,NA,NA
"Pos_vs_Neg","SE","Skipped Exon","Asph","ENSMUSG00000028207","chr4","-",1.24717501283769e-12,-0.137,"0.778,0.732,0.761","0.888,0.911,0.882",9637658,9637703,9635900,9635969,9639197,9639347,NA,NA,NA,NA,NA,NA,NA,NA,NA,NA,NA,NA
"Pos_vs_Neg","SE","Skipped Exon","Pyroxd2","ENSMUSG00000060224","chr19","-",0.000250755544095949,-0.119,"0.894,0.729,0.816","0.914,0.962,0.919",42735935,42736047,42735785,42735859,42737822,42737842,NA,NA,NA,NA,NA,NA,NA,NA,NA,NA,NA,NA
"Pos_vs_Neg","SE","Skipped Exon","Pyroxd2","ENSMUSG00000060224","chr19","-",0.000178671244624449,-0.107,"0.911,0.749,0.832","0.916,0.969,0.929",42735935,42736092,42735785,42735859,42737822,42737842,NA,NA,NA,NA,NA,NA,NA,NA,NA,NA,NA,NA
"Pos_vs_Neg","SE","Skipped Exon","Adgrl2","ENSMUSG00000028184","chr3","-",0,-0.127,"0.807,0.753,0.819","0.915,0.912,0.934",148555401,148555440,148552484,148552668,148556471,148556657,NA,NA,NA,NA,NA,NA,NA,NA,NA,NA,NA,NA
"Pos_vs_Neg","SE","Skipped Exon","Adgrl2","ENSMUSG00000028184","chr3","-",0,-0.258,"0.451,0.517,0.502","0.812,0.719,0.714",148566062,148566074,148564368,148565169,148571235,148571345,NA,NA,NA,NA,NA,NA,NA,NA,NA,NA,NA,NA
"Pos_vs_Neg","SE","Skipped Exon","Odf2l","ENSMUSG00000028256","chr3","+",0.00355781546172189,-0.324,"1.0,0.429,0.455","0.857,1.0,1.0",144852523,144852682,144851636,144851714,144854291,144854377,NA,NA,NA,NA,NA,NA,NA,NA,NA,NA,NA,NA
"Pos_vs_Neg","SE","Skipped Exon","Mpv17","ENSMUSG00000107283","chr5","-",0.000331719042817328,-0.257,"0.565,0.474,0.452","0.71,0.886,0.665",31302237,31302622,31301417,31302096,31302838,31302934,NA,NA,NA,NA,NA,NA,NA,NA,NA,NA,NA,NA
"Pos_vs_Neg","SE","Skipped Exon","Mpv17","ENSMUSG00000107283","chr5","-",3.87398498731739e-05,-0.212,"0.681,0.591,0.576","0.795,0.934,0.755",31302583,31302622,31302043,31302096,31302838,31302934,NA,NA,NA,NA,NA,NA,NA,NA,NA,NA,NA,NA
"Pos_vs_Neg","SE","Skipped Exon","Tarbp1","ENSMUSG00000090290","chr8","-",0.00048887626496193,0.138,"0.968,0.893,0.96","0.754,0.761,0.891",127184402,127184499,127183215,127183305,127185775,127185911,NA,NA,NA,NA,NA,NA,NA,NA,NA,NA,NA,NA
"Pos_vs_Neg","SE","Skipped Exon","Cftr","ENSMUSG00000041301","chr6","+",0.0403269666471529,0.106,"0.0,0.349,0.0","0.031,0.0,0.0",18255932,18256040,18255378,18255473,18258229,18258316,NA,NA,NA,NA,NA,NA,NA,NA,NA,NA,NA,NA
"Pos_vs_Neg","SE","Skipped Exon","Cftr","ENSMUSG00000041301","chr6","+",0.00041600512115339,0.222,"0.143,0.491,0.125","0.034,0.032,0.028",18255951,18256040,18255222,18255473,18258229,18258316,NA,NA,NA,NA,NA,NA,NA,NA,NA,NA,NA,NA
"Pos_vs_Neg","SE","Skipped Exon","Ppa2","ENSMUSG00000028013","chr3","+",1.1179249131542e-05,0.255,"1.0,1.0,1.0","0.708,0.874,0.654",133045023,133045110,133015870,133016042,133073583,133073690,NA,NA,NA,NA,NA,NA,NA,NA,NA,NA,NA,NA
"Pos_vs_Neg","SE","Skipped Exon","Maz","ENSMUSG00000030678","chr7","-",0.00135705840048921,-0.127,"0.796,0.942,0.88","1.0,1.0,1.0",126625399,126625486,126624047,126624111,126626122,126626196,NA,NA,NA,NA,NA,NA,NA,NA,NA,NA,NA,NA
"Pos_vs_Neg","SE","Skipped Exon","Pnpla3","ENSMUSG00000041653","chr15","+",0.000143713429343886,0.173,"1.0,1.0,1.0","0.866,0.944,0.67",84070603,84070720,84070214,84070282,84071319,84071437,NA,NA,NA,NA,NA,NA,NA,NA,NA,NA,NA,NA
"Pos_vs_Neg","SE","Skipped Exon","Auts2","ENSMUSG00000029673","chr5","-",0.0352808903734641,-0.173,"1.0,0.516,0.646","0.68,1.0,1.0",131494869,131494965,131488964,131488994,131501075,131501317,NA,NA,NA,NA,NA,NA,NA,NA,NA,NA,NA,NA
"Pos_vs_Neg","SE","Skipped Exon","Mrpl30","ENSMUSG00000026087","chr1","+",7.77434044775442e-05,0.195,"1.0,1.0,1.0","0.882,0.795,0.737",37932023,37932104,37929557,37929665,37934410,37934491,NA,NA,NA,NA,NA,NA,NA,NA,NA,NA,NA,NA
"Pos_vs_Neg","SE","Skipped Exon","Add1","ENSMUSG00000029106","chr5","+",0,-0.222,"0.621,0.665,0.629","0.866,0.852,0.864",34786479,34786516,34785758,34785857,34787813,34789649,NA,NA,NA,NA,NA,NA,NA,NA,NA,NA,NA,NA
"Pos_vs_Neg","SE","Skipped Exon","Add1","ENSMUSG00000029106","chr5","+",0,-0.313,"0.29,0.279,0.272","0.587,0.558,0.635",34786482,34786516,34785758,34785857,34787813,34788160,NA,NA,NA,NA,NA,NA,NA,NA,NA,NA,NA,NA
"Pos_vs_Neg","SE","Skipped Exon","Agtpbp1","ENSMUSG00000021557","chr13","-",0.00839233889544361,0.112,"0.268,0.059,0.159","0.046,0.015,0.088",59703493,59703624,59692200,59692265,59704586,59704851,NA,NA,NA,NA,NA,NA,NA,NA,NA,NA,NA,NA
"Pos_vs_Neg","SE","Skipped Exon","A930005H10Rik","ENSMUSG00000054426","chr3","-",0.000566340070963656,0.172,"0.389,0.33,0.282","0.142,0.136,0.206",115679970,115680024,115675434,115675487,115681424,115681753,NA,NA,NA,NA,NA,NA,NA,NA,NA,NA,NA,NA
"Pos_vs_Neg","SE","Skipped Exon","Ccdc97","ENSMUSG00000002608","chr7","-",0.00664297945769108,0.346,"0.82,0.759,0.759","0.315,0.499,0.486",25417569,25417704,25415328,25415612,25418320,25418416,NA,NA,NA,NA,NA,NA,NA,NA,NA,NA,NA,NA
"Pos_vs_Neg","SE","Skipped Exon","Miip","ENSMUSG00000029022","chr4","-",0.0109685231160884,-0.444,"0.273,0.385,0.273","0.778,0.9,0.586",147951787,147952059,147950691,147950876,147952525,147952640,NA,NA,NA,NA,NA,NA,NA,NA,NA,NA,NA,NA
"Pos_vs_Neg","SE","Skipped Exon","Elapor1","ENSMUSG00000040412","chr3","-",3.66206700632146e-05,-0.112,"1.0,0.907,0.721","1.0,1.0,0.965",108396145,108396338,108389646,108389794,108443611,108443833,NA,NA,NA,NA,NA,NA,NA,NA,NA,NA,NA,NA
"Pos_vs_Neg","SE","Skipped Exon","Map1b","ENSMUSG00000052727","chr13","-",0.00902253090501606,0.146,"1.0,1.0,1.0","1.0,0.92,0.643",99578141,99578282,99563726,99563965,99644615,99644717,NA,NA,NA,NA,NA,NA,NA,NA,NA,NA,NA,NA
"Pos_vs_Neg","SE","Skipped Exon","Fat1","ENSMUSG00000070047","chr8","+",0.00298087383575843,-0.293,"0.342,0.103,0.141","0.62,0.4,0.444",45498769,45498822,45498067,45498205,45503817,45503955,NA,NA,NA,NA,NA,NA,NA,NA,NA,NA,NA,NA
"Pos_vs_Neg","SE","Skipped Exon","Gstm6","ENSMUSG00000068762","chr3","-",0.0153286145790171,0.172,"1.0,0.954,0.906","0.679,0.943,0.721",107849648,107849730,107848504,107848600,107850017,107850082,NA,NA,NA,NA,NA,NA,NA,NA,NA,NA,NA,NA
"Pos_vs_Neg","SE","Skipped Exon","Gstm6","ENSMUSG00000068762","chr3","-",0.0172020669747743,-0.143,"0.765,0.807,1.0","1.0,1.0,1.0",107850017,107850082,107848504,107848600,107850560,107850636,NA,NA,NA,NA,NA,NA,NA,NA,NA,NA,NA,NA
"Pos_vs_Neg","SE","Skipped Exon","Zic4","ENSMUSG00000036972","chr9","+",0.00839233889544361,-0.101,"0.0,0.0,0.1","0.073,0.235,0.094",91253868,91254102,91251022,91251279,91254660,91255976,NA,NA,NA,NA,NA,NA,NA,NA,NA,NA,NA,NA
"Pos_vs_Neg","SE","Skipped Exon","Exoc7","ENSMUSG00000020792","chr11","-",5.59000824576323e-05,-0.145,"0.643,0.746,0.678","0.848,0.766,0.889",116184100,116184139,116183344,116183410,116184797,116184864,NA,NA,NA,NA,NA,NA,NA,NA,NA,NA,NA,NA
"Pos_vs_Neg","SE","Skipped Exon","Vps13d","ENSMUSG00000020220","chr4","-",8.46385843949806e-05,-0.328,"0.33,0.438,0.454","0.706,0.75,0.75",144830183,144830258,144826534,144826640,144832368,144832491,NA,NA,NA,NA,NA,NA,NA,NA,NA,NA,NA,NA
"Pos_vs_Neg","SE","Skipped Exon","Mindy3","ENSMUSG00000026767","chr2","-",0.00680285418130936,-0.416,"0.0,0.0,0.186","0.426,0.65,0.357",12405835,12405887,12369257,12369330,12410670,12410731,NA,NA,NA,NA,NA,NA,NA,NA,NA,NA,NA,NA
"Pos_vs_Neg","SE","Skipped Exon","Ank2","ENSMUSG00000032826","chr3","-",5.67907848767919e-06,-0.168,"0.386,0.395,0.373","0.524,0.607,0.527",126757031,126757130,126755899,126756054,126758586,126758811,NA,NA,NA,NA,NA,NA,NA,NA,NA,NA,NA,NA
"Pos_vs_Neg","SE","Skipped Exon","Ank2","ENSMUSG00000032826","chr3","-",9.69109833252022e-10,-0.279,"0.73,0.579,0.512","0.887,0.873,0.898",126772904,126772916,126770493,126770596,126775448,126775593,NA,NA,NA,NA,NA,NA,NA,NA,NA,NA,NA,NA
"Pos_vs_Neg","SE","Skipped Exon","Clasp2","ENSMUSG00000033392","chr9","+",8.53596794246251e-05,-0.162,"0.515,0.444,0.468","0.595,0.631,0.687",113687648,113687672,113683240,113683414,113691253,113691355,NA,NA,NA,NA,NA,NA,NA,NA,NA,NA,NA,NA
"Pos_vs_Neg","SE","Skipped Exon","Clasp2","ENSMUSG00000033392","chr9","+",0,-0.19,"0.687,0.775,0.783","0.946,0.953,0.915",113707817,113707841,113705311,113705418,113709009,113709254,NA,NA,NA,NA,NA,NA,NA,NA,NA,NA,NA,NA
"Pos_vs_Neg","SE","Skipped Exon","Sspo","ENSMUSG00000029797","chr6","+",0.00496900738080454,-0.101,"0.749,0.766,0.786","0.835,0.931,0.838",48465263,48465431,48464835,48465045,48466631,48466763,NA,NA,NA,NA,NA,NA,NA,NA,NA,NA,NA,NA
"Pos_vs_Neg","SE","Skipped Exon","Git2","ENSMUSG00000041890","chr5","-",0,-0.146,"0.814,0.879,0.868","1.0,1.0,1.0",114891208,114891214,114890339,114890388,114891339,114891385,NA,NA,NA,NA,NA,NA,NA,NA,NA,NA,NA,NA
"Pos_vs_Neg","SE","Skipped Exon","Git2","ENSMUSG00000041890","chr5","-",0,-0.185,"0.743,0.819,0.861","0.99,1.0,0.988",114891208,114891214,114890339,114890391,114891339,114891385,NA,NA,NA,NA,NA,NA,NA,NA,NA,NA,NA,NA
"Pos_vs_Neg","SE","Skipped Exon","Car14","ENSMUSG00000038526","chr3","-",0.000117085564117333,-0.423,"0.0,0.0,0.0","0.179,0.723,0.367",95808770,95808792,95808404,95808584,95809422,95809443,NA,NA,NA,NA,NA,NA,NA,NA,NA,NA,NA,NA
"Pos_vs_Neg","SE","Skipped Exon","Rfx5","ENSMUSG00000005774","chr3","+",3.40981484287137e-06,-0.746,"0.22,0.0,0.0","0.458,1.0,1.0",94862073,94862188,94861505,94861562,94862331,94862447,NA,NA,NA,NA,NA,NA,NA,NA,NA,NA,NA,NA
"Pos_vs_Neg","SE","Skipped Exon","Tuft1","ENSMUSG00000005968","chr3","-",0.0373055775153035,-0.262,"0.428,0.631,0.571","0.727,0.842,0.847",94546701,94546776,94546231,94546333,94566031,94566178,NA,NA,NA,NA,NA,NA,NA,NA,NA,NA,NA,NA
"Pos_vs_Neg","SE","Skipped Exon","Fbxo25","ENSMUSG00000038365","chr8","+",2.33247245047625e-12,-0.126,"0.823,0.788,0.807","0.919,0.928,0.948",13988921,13988948,13985145,13985289,13989562,13990521,NA,NA,NA,NA,NA,NA,NA,NA,NA,NA,NA,NA
"Pos_vs_Neg","SE","Skipped Exon","Spats1","ENSMUSG00000023935","chr17","-",0.00624326989354661,-0.146,"0.273,0.273,0.22","0.434,0.417,0.354",45763603,45763666,45760360,45760476,45768083,45768245,NA,NA,NA,NA,NA,NA,NA,NA,NA,NA,NA,NA
"Pos_vs_Neg","SE","Skipped Exon","Rps6kc1","ENSMUSG00000089872","chr1","-",0.000137102532003147,0.332,"0.92,0.846,0.953","0.568,0.5,0.655",190637139,190637315,190631647,190631768,190643752,190643935,NA,NA,NA,NA,NA,NA,NA,NA,NA,NA,NA,NA
"Pos_vs_Neg","SE","Skipped Exon","Nlrp4f","ENSMUSG00000032999","chr13","-",7.65419503333791e-06,-0.237,"0.769,0.841,0.68","1.0,1.0,1.0",65335254,65335422,65332776,65332947,65338038,65338079,NA,NA,NA,NA,NA,NA,NA,NA,NA,NA,NA,NA
"Pos_vs_Neg","SE","Skipped Exon","Nfib","ENSMUSG00000008575","chr4","-",0.0136118801308686,0.133,"0.538,0.456,0.466","0.336,0.316,0.408",82228539,82228628,82208409,82215048,82238710,82238793,NA,NA,NA,NA,NA,NA,NA,NA,NA,NA,NA,NA
"Pos_vs_Neg","SE","Skipped Exon","Ubr4","ENSMUSG00000066036","chr4","+",5.0754600522414e-13,-0.155,"0.725,0.662,0.667","0.863,0.847,0.809",139159792,139159825,139158855,139159072,139160930,139160994,NA,NA,NA,NA,NA,NA,NA,NA,NA,NA,NA,NA
"Pos_vs_Neg","SE","Skipped Exon","Ubr4","ENSMUSG00000066036","chr4","+",1.73206538550175e-06,-0.151,"0.335,0.35,0.304","0.458,0.537,0.448",139163259,139163343,139162320,139162495,139163432,139163570,NA,NA,NA,NA,NA,NA,NA,NA,NA,NA,NA,NA
"Pos_vs_Neg","SE","Skipped Exon","Zfp239","ENSMUSG00000042097","chr6","+",0.000832062666856357,-0.149,"0.959,0.733,0.821","0.959,1.0,1.0",117843355,117843535,117839060,117839253,117846178,117846234,NA,NA,NA,NA,NA,NA,NA,NA,NA,NA,NA,NA
"Pos_vs_Neg","SE","Skipped Exon","Zfp239","ENSMUSG00000042097","chr6","+",8.45932077590061e-05,0.354,"0.333,0.524,0.273","0.0,0.067,0.0",117843355,117843535,117839060,117839253,117847216,117847428,NA,NA,NA,NA,NA,NA,NA,NA,NA,NA,NA,NA
"Pos_vs_Neg","SE","Skipped Exon","Usp6nl","ENSMUSG00000039046","chr2","+",0.000159112060397333,-0.1,"0.918,0.81,0.973","1.0,1.0,1.0",6405090,6405130,6341178,6341270,6413739,6413820,NA,NA,NA,NA,NA,NA,NA,NA,NA,NA,NA,NA
"Pos_vs_Neg","SE","Skipped Exon","Camk2b","ENSMUSG00000057897","chr11","-",0.0103944312330519,-0.224,"0.152,0.204,0.14","0.459,0.417,0.292",5926764,5926893,5922812,5922888,5929672,5929721,NA,NA,NA,NA,NA,NA,NA,NA,NA,NA,NA,NA
"Pos_vs_Neg","SE","Skipped Exon","Acbd5","ENSMUSG00000026781","chr2","+",1.06011462305787e-06,-0.105,"0.834,0.825,0.807","0.949,0.917,0.914",22970679,22970712,22970350,22970465,22977496,22977631,NA,NA,NA,NA,NA,NA,NA,NA,NA,NA,NA,NA
"Pos_vs_Neg","SE","Skipped Exon","Arhgap21","ENSMUSG00000036591","chr2","-",0.000519375883823197,-0.173,"0.437,0.488,0.481","0.574,0.629,0.721",20888010,20888040,20884771,20886662,20891916,20891971,NA,NA,NA,NA,NA,NA,NA,NA,NA,NA,NA,NA
"Pos_vs_Neg","SE","Skipped Exon","Sec22b","ENSMUSG00000027879","chr3","+",0.0379916526960096,-0.19,"0.25,0.0,0.217","0.385,0.289,0.364",97819894,97820055,97808505,97808736,97828431,97829167,NA,NA,NA,NA,NA,NA,NA,NA,NA,NA,NA,NA
"Pos_vs_Neg","SE","Skipped Exon","Zzz3","ENSMUSG00000039068","chr3","+",5.59000824576323e-05,-0.22,"0.029,0.049,0.016","0.28,0.273,0.2",152143374,152143527,152128254,152128408,152152435,152152574,NA,NA,NA,NA,NA,NA,NA,NA,NA,NA,NA,NA
"Pos_vs_Neg","SE","Skipped Exon","Zzz3","ENSMUSG00000039068","chr3","+",0.0117111635091704,0.391,"1.0,0.873,0.85","0.658,0.136,0.755",152152265,152152326,152143374,152143527,152152435,152152574,NA,NA,NA,NA,NA,NA,NA,NA,NA,NA,NA,NA
"Pos_vs_Neg","SE","Skipped Exon","Cox19","ENSMUSG00000045438","chr5","-",1.20939958600476e-06,0.521,"1.0,1.0,1.0","0.2,0.6,0.636",139324936,139325140,139324494,139324597,139328317,139328429,NA,NA,NA,NA,NA,NA,NA,NA,NA,NA,NA,NA
"Pos_vs_Neg","SE","Skipped Exon","Pfkfb3","ENSMUSG00000026773","chr2","-",0.00845674352079981,-0.106,"0.1,0.015,0.011","0.061,0.067,0.316",11480564,11480617,11476634,11479354,11482846,11482869,NA,NA,NA,NA,NA,NA,NA,NA,NA,NA,NA,NA
"Pos_vs_Neg","SE","Skipped Exon","Pfkp","ENSMUSG00000021196","chr13","-",2.17291422108715e-06,-0.391,"0.0,0.0,0.0","0.296,0.412,0.466",6643136,6643200,6638524,6638689,6644998,6645072,NA,NA,NA,NA,NA,NA,NA,NA,NA,NA,NA,NA
"Pos_vs_Neg","SE","Skipped Exon","Pfkp","ENSMUSG00000021196","chr13","-",0.000503794282734519,-0.231,"0.0,0.0,0.072","0.231,0.123,0.412",6643136,6643200,6638524,6638689,6646019,6646094,NA,NA,NA,NA,NA,NA,NA,NA,NA,NA,NA,NA
"Pos_vs_Neg","SE","Skipped Exon","Kalrn","ENSMUSG00000061751","chr16","-",0.0268486271394657,-0.104,"0.154,0.122,0.127","0.247,0.25,0.218",33870199,33870292,33860248,33860379,33873929,33874034,NA,NA,NA,NA,NA,NA,NA,NA,NA,NA,NA,NA
"Pos_vs_Neg","SE","Skipped Exon","Dlg1","ENSMUSG00000022770","chr16","+",0,-0.19,"0.223,0.195,0.222","0.395,0.418,0.397",31673470,31673506,31672660,31672702,31675258,31675309,NA,NA,NA,NA,NA,NA,NA,NA,NA,NA,NA,NA
"Pos_vs_Neg","SE","Skipped Exon","Ctbp1","ENSMUSG00000037373","chr5","-",0.0394688315978497,0.186,"1.0,1.0,1.0","1.0,1.0,0.441",33418352,33418497,33408201,33408416,33426785,33426978,NA,NA,NA,NA,NA,NA,NA,NA,NA,NA,NA,NA
"Pos_vs_Neg","SE","Skipped Exon","Itga8","ENSMUSG00000026768","chr2","-",2.55919725366272e-07,-0.525,"0.591,0.648,0.187","1.0,1.0,1.0",12198080,12198093,12196516,12196654,12198222,12198377,NA,NA,NA,NA,NA,NA,NA,NA,NA,NA,NA,NA
"Pos_vs_Neg","SE","Skipped Exon","Dhx57","ENSMUSG00000035051","chr17","-",0.0249061702513705,-0.116,"0.706,0.804,1.0","0.857,1.0,1.0",80583278,80583464,80580360,80580539,80588624,80588857,NA,NA,NA,NA,NA,NA,NA,NA,NA,NA,NA,NA
"Pos_vs_Neg","SE","Skipped Exon","Klf2","ENSMUSG00000055148","chr8","+",0.00987243067441902,0.133,"1.0,1.0,0.929","0.765,0.765,1.0",73073269,73074086,73072876,73072993,73074587,73075500,NA,NA,NA,NA,NA,NA,NA,NA,NA,NA,NA,NA
"Pos_vs_Neg","SE","Skipped Exon","Cdc42bpa","ENSMUSG00000026490","chr1","+",0.000280826354502126,-0.134,"0.609,0.655,0.725","0.748,0.856,0.787",179921508,179921751,179911936,179912070,179921945,179922056,NA,NA,NA,NA,NA,NA,NA,NA,NA,NA,NA,NA
"Pos_vs_Neg","SE","Skipped Exon","Cdc42bpa","ENSMUSG00000026490","chr1","+",0.00076194408811769,-0.134,"0.215,0.115,0.114","0.309,0.238,0.3",179946300,179946348,179945231,179945308,179951488,179951527,NA,NA,NA,NA,NA,NA,NA,NA,NA,NA,NA,NA
"Pos_vs_Neg","SE","Skipped Exon","Cdc42bpa","ENSMUSG00000026490","chr1","+",9.12316147280608e-09,-0.169,"0.131,0.217,0.185","0.302,0.402,0.336",179951488,179951527,179945231,179945308,179961861,179961945,NA,NA,NA,NA,NA,NA,NA,NA,NA,NA,NA,NA
"Pos_vs_Neg","SE","Skipped Exon","Glis1","ENSMUSG00000034762","chr4","+",0.0407101669499346,-0.105,"0.811,0.929,0.861","0.917,1.0,1.0",107472168,107472330,107424815,107425698,107476750,107476861,NA,NA,NA,NA,NA,NA,NA,NA,NA,NA,NA,NA
"Pos_vs_Neg","SE","Skipped Exon","Rev1","ENSMUSG00000026082","chr1","-",0.00123081431584626,0.103,"1.0,0.978,0.956","0.901,0.725,1.0",38147484,38147548,38137933,38138102,38168542,38168743,NA,NA,NA,NA,NA,NA,NA,NA,NA,NA,NA,NA
"Pos_vs_Neg","SE","Skipped Exon","Mterf3","ENSMUSG00000021519","chr13","-",0.00376444472135674,0.492,"0.787,1.0,0.689","0.0,1.0,0.0",67079669,67079722,67078683,67079371,67080457,67080772,NA,NA,NA,NA,NA,NA,NA,NA,NA,NA,NA,NA
"Pos_vs_Neg","SE","Skipped Exon","Zbtb38","ENSMUSG00000040433","chr9","-",0.0136080610662086,0.106,"0.86,0.84,0.82","0.736,0.78,0.687",96600262,96600362,96564822,96571082,96613344,96613728,NA,NA,NA,NA,NA,NA,NA,NA,NA,NA,NA,NA
"Pos_vs_Neg","SE","Skipped Exon","Creb1","ENSMUSG00000025958","chr1","+",0.0014912147899253,-0.123,"0.8,0.779,0.806","0.899,0.936,0.919",64597661,64597808,64571955,64572179,64605375,64605476,NA,NA,NA,NA,NA,NA,NA,NA,NA,NA,NA,NA
"Pos_vs_Neg","SE","Skipped Exon","Trappc6b","ENSMUSG00000020993","chr12","-",0.0360787505047856,0.336,"0.527,0.114,0.573","0.0,0.207,0.0",59097053,59097171,59091037,59091132,59107941,59108207,NA,NA,NA,NA,NA,NA,NA,NA,NA,NA,NA,NA
"Pos_vs_Neg","SE","Skipped Exon","Galnt15","ENSMUSG00000021903","chr14","+",0.00204155982118923,0.187,"1.0,1.0,1.0","0.9,0.927,0.613",31765045,31765250,31750945,31751988,31768253,31768418,NA,NA,NA,NA,NA,NA,NA,NA,NA,NA,NA,NA
"Pos_vs_Neg","SE","Skipped Exon","Hmgb1","ENSMUSG00000066551","chr5","-",0.0017037753124431,0.178,"1.0,1.0,1.0","1.0,0.719,0.746",149118808,149118845,148987397,148987561,149121257,149121299,NA,NA,NA,NA,NA,NA,NA,NA,NA,NA,NA,NA
"Pos_vs_Neg","SE","Skipped Exon","Sh3glb1","ENSMUSG00000037062","chr3","-",0,-0.262,"0.61,0.559,0.524","0.819,0.842,0.817",144405614,144405638,144403138,144403228,144411273,144411366,NA,NA,NA,NA,NA,NA,NA,NA,NA,NA,NA,NA
"Pos_vs_Neg","SE","Skipped Exon","Sh3glb1","ENSMUSG00000037062","chr3","-",0,-0.38,"0.227,0.231,0.235","0.575,0.649,0.61",144407520,144407607,144403138,144403228,144411273,144411366,NA,NA,NA,NA,NA,NA,NA,NA,NA,NA,NA,NA
"Pos_vs_Neg","SE","Skipped Exon","Sh3glb1","ENSMUSG00000037062","chr3","-",5.16308846890036e-05,-0.13,"0.375,0.37,0.418","0.481,0.574,0.499",144407520,144407607,144405614,144405638,144411273,144411366,NA,NA,NA,NA,NA,NA,NA,NA,NA,NA,NA,NA
"Pos_vs_Neg","SE","Skipped Exon","Sh3glb1","ENSMUSG00000037062","chr3","-",0,-0.368,"0.212,0.224,0.228","0.558,0.615,0.594",144407568,144407607,144403138,144403228,144411273,144411366,NA,NA,NA,NA,NA,NA,NA,NA,NA,NA,NA,NA
"Pos_vs_Neg","SE","Skipped Exon","Sh3glb1","ENSMUSG00000037062","chr3","-",1.2119087724531e-06,-0.128,"0.527,0.515,0.545","0.63,0.701,0.641",144407568,144407607,144405614,144405638,144411273,144411366,NA,NA,NA,NA,NA,NA,NA,NA,NA,NA,NA,NA
"Pos_vs_Neg","SE","Skipped Exon","Smarca2","ENSMUSG00000024921","chr19","+",4.19435020900215e-07,0.215,"0.968,1.0,1.0","0.886,0.635,0.803",26727251,26727347,26725798,26725944,26729223,26729441,NA,NA,NA,NA,NA,NA,NA,NA,NA,NA,NA,NA
"Pos_vs_Neg","SE","Skipped Exon","Smarca2","ENSMUSG00000024921","chr19","+",0.0475125234087055,-0.118,"0.646,1.0,1.0","1.0,1.0,1.0",26727251,26727347,26725801,26725903,26729223,26729441,NA,NA,NA,NA,NA,NA,NA,NA,NA,NA,NA,NA
"Pos_vs_Neg","SE","Skipped Exon","Pogk","ENSMUSG00000040596","chr1","-",1.96765162839825e-09,-0.119,"0.745,0.828,0.766","0.896,0.913,0.887",166236566,166236900,166235967,166236101,166237275,166237432,NA,NA,NA,NA,NA,NA,NA,NA,NA,NA,NA,NA
"Pos_vs_Neg","SE","Skipped Exon","2810403D21Rik","ENSMUSG00000086629","chrX","+",0.0255071132808925,-0.183,"0.0,0.047,0.045","0.37,0.272,0.0",107901873,107901978,107879834,107879961,107915077,107915204,NA,NA,NA,NA,NA,NA,NA,NA,NA,NA,NA,NA
"Pos_vs_Neg","SE","Skipped Exon","2810403D21Rik","ENSMUSG00000086629","chrX","+",0.0317638702538589,-0.238,"0.0,0.113,0.032","0.588,0.272,0.0",107901873,107901978,107879834,107879961,107929950,107930290,NA,NA,NA,NA,NA,NA,NA,NA,NA,NA,NA,NA
"Pos_vs_Neg","SE","Skipped Exon","2810403D21Rik","ENSMUSG00000086629","chrX","+",2.66507258730951e-05,-0.238,"0.0,0.0,0.0","0.395,0.319,0.0",107901873,107901978,107879834,107879961,107945069,107945161,NA,NA,NA,NA,NA,NA,NA,NA,NA,NA,NA,NA
"Pos_vs_Neg","SE","Skipped Exon","Dop1a","ENSMUSG00000034973","chr9","+",0.00017552197200838,-0.238,"0.208,0.176,0.272","0.407,0.475,0.489",86388923,86388953,86388436,86388572,86389556,86389790,NA,NA,NA,NA,NA,NA,NA,NA,NA,NA,NA,NA
"Pos_vs_Neg","SE","Skipped Exon","Agrn","ENSMUSG00000041936","chr4","-",0.0292797805256068,0.155,"1.0,1.0,1.0","1.0,1.0,0.535",156252233,156253026,156251738,156251963,156253359,156253552,NA,NA,NA,NA,NA,NA,NA,NA,NA,NA,NA,NA
"Pos_vs_Neg","SE","Skipped Exon","Agrn","ENSMUSG00000041936","chr4","-",0.000252317320935641,-0.281,"0.396,0.396,0.35","0.683,0.633,0.668",156253002,156253026,156252233,156252266,156253189,156253277,NA,NA,NA,NA,NA,NA,NA,NA,NA,NA,NA,NA
"Pos_vs_Neg","SE","Skipped Exon","Src","ENSMUSG00000027646","chr2","+",0.00901336846699156,-0.129,"0.295,0.334,0.326","0.39,0.488,0.463",157300762,157300780,157300453,157300553,157304629,157304728,NA,NA,NA,NA,NA,NA,NA,NA,NA,NA,NA,NA
"Pos_vs_Neg","SE","Skipped Exon","Arhgef19","ENSMUSG00000028919","chr4","+",0.020707744920994,-0.105,"0.719,0.784,0.733","0.861,0.89,0.799",140972128,140972277,140967942,140968055,140973485,140973723,NA,NA,NA,NA,NA,NA,NA,NA,NA,NA,NA,NA
"Pos_vs_Neg","SE","Skipped Exon","2700099C18Rik","ENSMUSG00000121491","chr17","+",1.40395267396955e-06,-0.169,"0.036,0.045,0.0","0.157,0.182,0.248",95067060,95067118,95063861,95063951,95068925,95069032,NA,NA,NA,NA,NA,NA,NA,NA,NA,NA,NA,NA
"Pos_vs_Neg","SE","Skipped Exon","Nudt13","ENSMUSG00000021809","chr14","+",0.00110949025613485,-0.125,"0.07,0.172,0.061","0.257,0.237,0.184",20357300,20357432,20356299,20356434,20357760,20357867,NA,NA,NA,NA,NA,NA,NA,NA,NA,NA,NA,NA
"Pos_vs_Neg","SE","Skipped Exon","Rabgap1l","ENSMUSG00000026721","chr1","-",4.10418947907043e-05,0.101,"0.981,1.0,0.973","0.973,0.863,0.816",160537716,160537783,160529927,160530030,160549702,160549813,NA,NA,NA,NA,NA,NA,NA,NA,NA,NA,NA,NA
"Pos_vs_Neg","SE","Skipped Exon","Cdk5rap2","ENSMUSG00000039298","chr4","-",0.0125751854738223,-0.11,"0.137,0.253,0.198","0.252,0.303,0.363",70165184,70165211,70163617,70163734,70168589,70168709,NA,NA,NA,NA,NA,NA,NA,NA,NA,NA,NA,NA
"Pos_vs_Neg","SE","Skipped Exon","Dync1i2","ENSMUSG00000027012","chr2","+",0,-0.306,"0.557,0.532,0.569","0.85,0.858,0.867",71063992,71064052,71058943,71059034,71066258,71066374,NA,NA,NA,NA,NA,NA,NA,NA,NA,NA,NA,NA
"Pos_vs_Neg","SE","Skipped Exon","E2f7","ENSMUSG00000020185","chr10","+",0.000157952890008492,-0.208,"0.389,0.397,0.318","0.597,0.596,0.536",110601999,110602023,110601476,110601635,110602977,110603112,NA,NA,NA,NA,NA,NA,NA,NA,NA,NA,NA,NA
"Pos_vs_Neg","SE","Skipped Exon","Elmo3","ENSMUSG00000014791","chr8","+",0.0122471080707614,0.125,"0.899,0.906,0.946","0.726,0.814,0.837",106033009,106033060,106032746,106032819,106033227,106033397,NA,NA,NA,NA,NA,NA,NA,NA,NA,NA,NA,NA
"Pos_vs_Neg","SE","Skipped Exon","Epb41l3","ENSMUSG00000024044","chr17","+",0,-0.263,"0.584,0.565,0.578","0.833,0.809,0.873",69580876,69580912,69577605,69577659,69581698,69581890,NA,NA,NA,NA,NA,NA,NA,NA,NA,NA,NA,NA
"Pos_vs_Neg","SE","Skipped Exon","Epb41l3","ENSMUSG00000024044","chr17","+",2.07439095260186e-08,-0.19,"0.197,0.169,0.202","0.379,0.328,0.431",69581095,69581161,69577605,69577659,69581698,69581890,NA,NA,NA,NA,NA,NA,NA,NA,NA,NA,NA,NA
"Pos_vs_Neg","SE","Skipped Exon","Rgl1","ENSMUSG00000026482","chr1","-",0.0176192623842538,0.142,"0.868,0.812,0.843","0.741,0.714,0.643",152499568,152499679,152462157,152462366,152550610,152550774,NA,NA,NA,NA,NA,NA,NA,NA,NA,NA,NA,NA
"Pos_vs_Neg","SE","Skipped Exon","Mtfr1","ENSMUSG00000027601","chr3","+",0,-0.21,"0.541,0.519,0.527","0.74,0.699,0.777",19262654,19262691,19260615,19260714,19265631,19265747,NA,NA,NA,NA,NA,NA,NA,NA,NA,NA,NA,NA
"Pos_vs_Neg","SE","Skipped Exon","Tfdp2","ENSMUSG00000032411","chr9","+",0.0171142493243975,0.117,"0.835,0.934,0.927","0.677,0.819,0.849",96114734,96114801,96084183,96084241,96155891,96155995,NA,NA,NA,NA,NA,NA,NA,NA,NA,NA,NA,NA
"Pos_vs_Neg","SE","Skipped Exon","Tfdp2","ENSMUSG00000032411","chr9","+",0.011303884589524,-0.171,"0.075,0.123,0.055","0.346,0.123,0.296",96129102,96129141,96105146,96105251,96155891,96155995,NA,NA,NA,NA,NA,NA,NA,NA,NA,NA,NA,NA
"Pos_vs_Neg","SE","Skipped Exon","Tfdp2","ENSMUSG00000032411","chr9","+",0.000829975884706756,0.602,"1.0,1.0,0.735","0.442,0.487,0.0",96129102,96129141,96114734,96114801,96169653,96169775,NA,NA,NA,NA,NA,NA,NA,NA,NA,NA,NA,NA
"Pos_vs_Neg","SE","Skipped Exon","Myt1","ENSMUSG00000010505","chr2","+",0.0338421329710016,-0.113,"0.672,0.75,0.742","0.763,0.935,0.806",181453147,181453216,181452037,181452192,181456841,181456904,NA,NA,NA,NA,NA,NA,NA,NA,NA,NA,NA,NA
"Pos_vs_Neg","SE","Skipped Exon","Epb41l2","ENSMUSG00000019978","chr10","+",0.00324404493136151,0.209,"0.73,0.773,0.641","0.602,0.403,0.512",25369464,25369527,25364848,25364991,25377721,25378285,NA,NA,NA,NA,NA,NA,NA,NA,NA,NA,NA,NA
"Pos_vs_Neg","SE","Skipped Exon","Epb41l2","ENSMUSG00000019978","chr10","+",0.0138188304968846,0.152,"0.688,0.758,0.68","0.639,0.497,0.535",25377475,25377529,25364848,25364991,25377721,25377809,NA,NA,NA,NA,NA,NA,NA,NA,NA,NA,NA,NA
"Pos_vs_Neg","SE","Skipped Exon","Epb41l2","ENSMUSG00000019978","chr10","+",0.0196001307071759,-0.115,"0.895,0.75,0.96","0.951,1.0,1.0",25377721,25378036,25364848,25364991,25382072,25382171,NA,NA,NA,NA,NA,NA,NA,NA,NA,NA,NA,NA
"Pos_vs_Neg","SE","Skipped Exon","Slc8a1","ENSMUSG00000054640","chr17","-",0.0332894035650328,-0.229,"0.717,0.56,0.707","1.0,0.922,0.749",81749631,81749652,81749201,81749219,81752915,81753022,NA,NA,NA,NA,NA,NA,NA,NA,NA,NA,NA,NA
"Pos_vs_Neg","SE","Skipped Exon","Gm38708","ENSMUSG00000108010","chr6","-",0.00175667619456934,-0.401,"1.0,0.372,0.248","1.0,0.824,1.0",88166200,88166322,88165378,88165411,88167141,88167663,NA,NA,NA,NA,NA,NA,NA,NA,NA,NA,NA,NA
"Pos_vs_Neg","SE","Skipped Exon","Entr1","ENSMUSG00000026927","chr2","-",0.0108266475897042,0.229,"1.0,1.0,1.0","0.842,0.471,1.0",26276001,26276075,26275094,26275157,26277567,26277683,NA,NA,NA,NA,NA,NA,NA,NA,NA,NA,NA,NA
"Pos_vs_Neg","SE","Skipped Exon","Irak2","ENSMUSG00000060477","chr6","+",0.00803577795231672,0.141,"1.0,1.0,1.0","0.696,0.944,0.938",113642663,113642807,113624599,113624782,113647159,113647254,NA,NA,NA,NA,NA,NA,NA,NA,NA,NA,NA,NA
"Pos_vs_Neg","SE","Skipped Exon","Trrap","ENSMUSG00000045482","chr5","+",4.74896846994781e-11,-0.25,"0.138,0.121,0.129","0.482,0.311,0.345",144746960,144747014,144744132,144744201,144748704,144748824,NA,NA,NA,NA,NA,NA,NA,NA,NA,NA,NA,NA
"Pos_vs_Neg","SE","Skipped Exon","Trrap","ENSMUSG00000045482","chr5","+",7.26769485678823e-10,-0.268,"0.172,0.209,0.239","0.559,0.475,0.39",144747141,144747162,144744132,144744201,144748704,144748824,NA,NA,NA,NA,NA,NA,NA,NA,NA,NA,NA,NA
"Pos_vs_Neg","SE","Skipped Exon","Psd4","ENSMUSG00000026979","chr2","+",0.00771915391704525,-0.166,"0.084,0.068,0.0","0.174,0.198,0.278",24276644,24276721,24275364,24275474,24284033,24284317,NA,NA,NA,NA,NA,NA,NA,NA,NA,NA,NA,NA
"Pos_vs_Neg","SE","Skipped Exon","Dip2a","ENSMUSG00000020231","chr10","-",1.92571144542786e-05,-0.178,"0.237,0.212,0.232","0.383,0.448,0.383",76107209,76107239,76106229,76106291,76108366,76108537,NA,NA,NA,NA,NA,NA,NA,NA,NA,NA,NA,NA
"Pos_vs_Neg","SE","Skipped Exon","Ggta1","ENSMUSG00000035778","chr2","-",0.045974237916966,-0.143,"0.715,1.0,0.571","1.0,1.0,0.715",35312191,35312280,35304230,35304296,35322525,35322644,NA,NA,NA,NA,NA,NA,NA,NA,NA,NA,NA,NA
"Pos_vs_Neg","SE","Skipped Exon","Mx1","ENSMUSG00000000386","chr16","-",0.0194301710388834,0.203,"0.882,0.957,1.0","0.49,1.0,0.739",97256688,97256843,97256289,97256428,97257421,97257559,NA,NA,NA,NA,NA,NA,NA,NA,NA,NA,NA,NA
"Pos_vs_Neg","SE","Skipped Exon","Mx1","ENSMUSG00000000386","chr16","-",0.0039518047934878,-0.173,"0.0,0.0,0.0","0.0,0.45,0.069",97259879,97259932,97258499,97258692,97261955,97262146,NA,NA,NA,NA,NA,NA,NA,NA,NA,NA,NA,NA
"Pos_vs_Neg","SE","Skipped Exon","Angpt4","ENSMUSG00000027460","chr2","+",0.00353330766021763,-0.113,"0.733,0.93,0.934","1.0,1.0,0.936",151776326,151776442,151771299,151771538,151780824,151780991,NA,NA,NA,NA,NA,NA,NA,NA,NA,NA,NA,NA
"Pos_vs_Neg","SE","Skipped Exon","Angpt4","ENSMUSG00000027460","chr2","+",0.00320747966497655,-0.11,"0.784,0.905,0.933","1.0,1.0,0.951",151778586,151778688,151771299,151771538,151780824,151780991,NA,NA,NA,NA,NA,NA,NA,NA,NA,NA,NA,NA
"Pos_vs_Neg","SE","Skipped Exon","Abi2","ENSMUSG00000026782","chr1","+",0.00101834698792541,-0.154,"0.311,0.373,0.295","0.453,0.418,0.571",60478100,60478118,60476214,60476391,60483143,60483241,NA,NA,NA,NA,NA,NA,NA,NA,NA,NA,NA,NA
"Pos_vs_Neg","SE","Skipped Exon","Ninl","ENSMUSG00000068115","chr2","-",0.0155636840303427,-0.117,"1.0,0.756,0.815","0.922,1.0,1.0",150811899,150812052,150807997,150808162,150812943,150813134,NA,NA,NA,NA,NA,NA,NA,NA,NA,NA,NA,NA
"Pos_vs_Neg","SE","Skipped Exon","Akap1","ENSMUSG00000018428","chr11","-",6.6494931946694e-06,-0.432,"0.0,0.0,0.0","0.338,0.479,0.479",88734637,88734650,88734415,88734522,88735084,88735324,NA,NA,NA,NA,NA,NA,NA,NA,NA,NA,NA,NA
"Pos_vs_Neg","SE","Skipped Exon","Clta","ENSMUSG00000028478","chr4","+",2.37991103881814e-07,-0.139,"0.562,0.563,0.539","0.719,0.717,0.644",44030214,44030268,44025448,44025560,44031399,44031435,NA,NA,NA,NA,NA,NA,NA,NA,NA,NA,NA,NA
"Pos_vs_Neg","SE","Skipped Exon","Clta","ENSMUSG00000028478","chr4","+",0,-0.175,"0.234,0.253,0.234","0.432,0.409,0.404",44030214,44030268,44025448,44025560,44032400,44032846,NA,NA,NA,NA,NA,NA,NA,NA,NA,NA,NA,NA
"Pos_vs_Neg","SE","Skipped Exon","Pacsin2","ENSMUSG00000016664","chr15","-",0,-0.262,"0.467,0.529,0.439","0.71,0.75,0.762",83267823,83267829,83265962,83266084,83269187,83269292,NA,NA,NA,NA,NA,NA,NA,NA,NA,NA,NA,NA
"Pos_vs_Neg","SE","Skipped Exon","Zbtb18","ENSMUSG00000063659","chr1","+",0.000485275867999788,0.247,"0.611,0.6,0.519","0.397,0.207,0.384",177271550,177271658,177270789,177270907,177274654,177274711,NA,NA,NA,NA,NA,NA,NA,NA,NA,NA,NA,NA
"Pos_vs_Neg","SE","Skipped Exon","Zbtb18","ENSMUSG00000063659","chr1","+",0.0255003435463606,-0.143,"0.373,0.467,0.496","0.549,0.657,0.559",177272304,177272388,177271550,177271658,177274654,177274662,NA,NA,NA,NA,NA,NA,NA,NA,NA,NA,NA,NA
"Pos_vs_Neg","SE","Skipped Exon","Slx4ip","ENSMUSG00000027281","chr2","+",0.0362486879556428,0.142,"0.765,0.632,0.755","0.621,0.557,0.548",136846853,136846974,136842103,136842193,136885919,136885997,NA,NA,NA,NA,NA,NA,NA,NA,NA,NA,NA,NA
"Pos_vs_Neg","SE","Skipped Exon","D630024D03Rik","ENSMUSG00000085772","chr11","-",0.0176340776400242,0.461,"1.0,1.0,1.0","0.818,0.8,0.0",31752829,31752981,31752331,31752448,31774292,31774524,NA,NA,NA,NA,NA,NA,NA,NA,NA,NA,NA,NA
"Pos_vs_Neg","SE","Skipped Exon","2310047D07Rik","ENSMUSG00000100783","chr5","+",0.00226854506400596,0.358,"1.0,1.0,1.0","1.0,0.259,0.667",149174048,149174237,149172080,149172216,149174346,149174787,NA,NA,NA,NA,NA,NA,NA,NA,NA,NA,NA,NA
"Pos_vs_Neg","SE","Skipped Exon","Snx14","ENSMUSG00000032422","chr9","-",0,-0.127,"0.796,0.846,0.894","0.963,0.965,0.988",88282775,88282802,88280291,88280424,88283972,88284031,NA,NA,NA,NA,NA,NA,NA,NA,NA,NA,NA,NA
"Pos_vs_Neg","SE","Skipped Exon","Zbed5","ENSMUSG00000034173","chr5","+",2.09762516348744e-05,-0.119,"0.836,0.92,0.826","0.955,1.0,0.984",129928023,129928273,129924563,129924693,129929185,129929336,NA,NA,NA,NA,NA,NA,NA,NA,NA,NA,NA,NA
"Pos_vs_Neg","SE","Skipped Exon","Pcgf6","ENSMUSG00000025050","chr19","-",7.83250008064072e-13,-0.232,"0.541,0.598,0.572","0.802,0.777,0.827",47030560,47030578,47028482,47028581,47031204,47031232,NA,NA,NA,NA,NA,NA,NA,NA,NA,NA,NA,NA
"Pos_vs_Neg","SE","Skipped Exon","Preb","ENSMUSG00000045302","chr5","-",0.00226393181154401,-0.14,"0.825,1.0,0.687","0.931,1.0,1.0",31113605,31113678,31112386,31113081,31115814,31115895,NA,NA,NA,NA,NA,NA,NA,NA,NA,NA,NA,NA
"Pos_vs_Neg","SE","Skipped Exon","Cers6","ENSMUSG00000027035","chr2","+",0.000219561943536123,-0.153,"0.77,0.804,0.681","0.915,0.849,0.951",68936086,68936110,68935346,68935503,68938785,68938988,NA,NA,NA,NA,NA,NA,NA,NA,NA,NA,NA,NA
"Pos_vs_Neg","SE","Skipped Exon","Gm3667","ENSMUSG00000090691","chr14","+",0.0201269904222492,-0.606,"0.125,0.5,0.176","1.0,0.619,1.0",15584666,15584817,15579810,15579953,15594612,15594747,NA,NA,NA,NA,NA,NA,NA,NA,NA,NA,NA,NA
"Pos_vs_Neg","SE","Skipped Exon","Gm3667","ENSMUSG00000090691","chr14","+",0.0109232330906311,-0.526,"0.0,0.0,0.343","0.511,0.411,1.0",15594319,15594455,15584666,15584817,15594612,15594747,NA,NA,NA,NA,NA,NA,NA,NA,NA,NA,NA,NA
"Pos_vs_Neg","SE","Skipped Exon","Dap3","ENSMUSG00000068921","chr3","-",0.0462243750585781,0.169,"0.842,1.0,0.872","0.504,1.0,0.704",88840871,88840973,88836702,88836833,88850081,88850135,NA,NA,NA,NA,NA,NA,NA,NA,NA,NA,NA,NA
"Pos_vs_Neg","SE","Skipped Exon","Dst","ENSMUSG00000026131","chr1","+",0,-0.156,"0.882,0.821,0.802","1.0,0.986,0.988",34335822,34335840,34334542,34334617,34338801,34338919,NA,NA,NA,NA,NA,NA,NA,NA,NA,NA,NA,NA
"Pos_vs_Neg","SE","Skipped Exon","Afdn","ENSMUSG00000068036","chr17","+",0.000225318609509415,-0.14,"0.74,0.599,0.655","0.783,0.775,0.856",14068616,14068637,14066695,14066901,14069369,14069515,NA,NA,NA,NA,NA,NA,NA,NA,NA,NA,NA,NA
"Pos_vs_Neg","SE","Skipped Exon","Dlst","ENSMUSG00000004789","chr12","+",3.37679942189426e-07,-0.545,"0.642,0.238,0.352","0.867,1.0,1.0",85158271,85158305,85157606,85157733,85165132,85165188,NA,NA,NA,NA,NA,NA,NA,NA,NA,NA,NA,NA
"Pos_vs_Neg","SE","Skipped Exon","Rpusd1","ENSMUSG00000041199","chr17","+",0.00673432757931534,-0.146,"0.536,0.604,0.587","0.632,0.763,0.77",25947154,25947365,25946690,25946821,25947496,25947620,NA,NA,NA,NA,NA,NA,NA,NA,NA,NA,NA,NA
"Pos_vs_Neg","SE","Skipped Exon","Rpusd1","ENSMUSG00000041199","chr17","+",0.00110008202114507,-0.129,"0.628,0.688,0.664","0.722,0.826,0.818",25947176,25947365,25946690,25946821,25947496,25947620,NA,NA,NA,NA,NA,NA,NA,NA,NA,NA,NA,NA
"Pos_vs_Neg","SE","Skipped Exon","Rpusd1","ENSMUSG00000041199","chr17","+",0.0106020114212465,-0.15,"0.525,0.571,0.553","0.602,0.755,0.743",25947225,25947365,25946643,25946821,25947496,25947620,NA,NA,NA,NA,NA,NA,NA,NA,NA,NA,NA,NA
"Pos_vs_Neg","SE","Skipped Exon","Hpse","ENSMUSG00000035273","chr5","-",0.0178929263242744,-0.122,"0.612,1.0,1.0","1.0,0.978,1.0",100840048,100840155,100836686,100836805,100840750,100840844,NA,NA,NA,NA,NA,NA,NA,NA,NA,NA,NA,NA
"Pos_vs_Neg","SE","Skipped Exon","Tnfrsf25","ENSMUSG00000024793","chr4","+",0.000513619946076999,-0.22,"0.854,0.7,0.719","0.933,1.0,1.0",152202096,152202151,152201834,152201999,152202857,152202956,NA,NA,NA,NA,NA,NA,NA,NA,NA,NA,NA,NA
"Pos_vs_Neg","SE","Skipped Exon","Tnfrsf25","ENSMUSG00000024793","chr4","+",2.1452944437331e-05,-0.639,"0.592,0.304,0.0","0.813,1.0,1.0",152202703,152202759,152201834,152201999,152202857,152202956,NA,NA,NA,NA,NA,NA,NA,NA,NA,NA,NA,NA
"Pos_vs_Neg","SE","Skipped Exon","Sp140","ENSMUSG00000070031","chr1","+",0.0377037952516292,0.183,"1.0,1.0,1.0","1.0,1.0,0.452",85570923,85571067,85570262,85570368,85572304,85572758,NA,NA,NA,NA,NA,NA,NA,NA,NA,NA,NA,NA
"Pos_vs_Neg","SE","Skipped Exon","Shank1","ENSMUSG00000038738","chr7","+",0.00227699115825457,-0.217,"0.771,1.0,0.579","1.0,1.0,1.0",43976456,43976650,43975379,43975710,43982715,43982829,NA,NA,NA,NA,NA,NA,NA,NA,NA,NA,NA,NA
"Pos_vs_Neg","SE","Skipped Exon","Shank1","ENSMUSG00000038738","chr7","+",0.0240037690747515,-0.15,"0.795,1.0,0.756","1.0,1.0,1.0",43993721,43993745,43993081,43993162,43993929,43993998,NA,NA,NA,NA,NA,NA,NA,NA,NA,NA,NA,NA
"Pos_vs_Neg","SE","Skipped Exon","Atpaf2","ENSMUSG00000042709","chr11","-",9.30967531030507e-06,-0.349,"0.793,0.434,0.725","1.0,1.0,1.0",60300411,60300456,60298119,60298217,60307811,60307861,NA,NA,NA,NA,NA,NA,NA,NA,NA,NA,NA,NA
"Pos_vs_Neg","SE","Skipped Exon","Atpaf2","ENSMUSG00000042709","chr11","-",9.71838744134118e-08,-0.6,"0.413,0.287,0.501","1.0,1.0,1.0",60302492,60302555,60298119,60298217,60307811,60307868,NA,NA,NA,NA,NA,NA,NA,NA,NA,NA,NA,NA
"Pos_vs_Neg","SE","Skipped Exon","Gas5","ENSMUSG00000053332","chr1","+",0.0458040422332459,-0.48,"0.0,0.206,0.072","0.28,1.0,0.437",160865564,160865607,160864389,160864422,160865794,160865842,NA,NA,NA,NA,NA,NA,NA,NA,NA,NA,NA,NA
"Pos_vs_Neg","SE","Skipped Exon","Ncoa5","ENSMUSG00000039804","chr2","-",0.0022256859945126,0.154,"0.649,0.481,0.587","0.411,0.398,0.445",164865065,164865121,164854916,164855082,164876602,164876749,NA,NA,NA,NA,NA,NA,NA,NA,NA,NA,NA,NA
"Pos_vs_Neg","SE","Skipped Exon","Ncoa5","ENSMUSG00000039804","chr2","-",4.83879577006971e-09,0.113,"0.86,0.787,0.851","0.715,0.709,0.735",164865065,164865132,164854755,164855082,164876602,164876708,NA,NA,NA,NA,NA,NA,NA,NA,NA,NA,NA,NA
"Pos_vs_Neg","SE","Skipped Exon","Ints10","ENSMUSG00000031864","chr8","+",0.000152924821918859,-0.254,"0.592,0.608,0.58","0.798,0.816,0.929",69277703,69277781,69276841,69276919,69279928,69280153,NA,NA,NA,NA,NA,NA,NA,NA,NA,NA,NA,NA
"Pos_vs_Neg","SE","Skipped Exon","Zkscan3","ENSMUSG00000021327","chr13","-",0.0203038215853233,-0.16,"0.556,1.0,0.714","1.0,1.0,0.75",21580356,21580744,21578928,21579076,21586561,21586925,NA,NA,NA,NA,NA,NA,NA,NA,NA,NA,NA,NA
"Pos_vs_Neg","SE","Skipped Exon","Pde11a","ENSMUSG00000075270","chr2","-",0.00175947289317808,-0.22,"1.0,0.581,0.677","1.0,1.0,0.917",75966710,75966803,75943847,75943898,75967682,75967750,NA,NA,NA,NA,NA,NA,NA,NA,NA,NA,NA,NA
"Pos_vs_Neg","SE","Skipped Exon","Clasp1","ENSMUSG00000064302","chr1","+",0.0225993909530648,-0.157,"0.434,0.609,0.613","0.735,0.645,0.746",118459707,118459815,118453026,118453185,118466995,118467099,NA,NA,NA,NA,NA,NA,NA,NA,NA,NA,NA,NA
"Pos_vs_Neg","SE","Skipped Exon","Hps3","ENSMUSG00000027615","chr3","-",0.000137102532003147,-0.102,"0.853,0.841,0.859","0.977,0.957,0.925",20073966,20074121,20072974,20073083,20076921,20077003,NA,NA,NA,NA,NA,NA,NA,NA,NA,NA,NA,NA
"Pos_vs_Neg","SE","Skipped Exon","Uck2","ENSMUSG00000026558","chr1","-",0.00266448068336645,-0.556,"0.0,0.0,0.0","0.667,0.0,1.0",167092269,167092500,167065050,167065217,167112194,167112276,NA,NA,NA,NA,NA,NA,NA,NA,NA,NA,NA,NA
"Pos_vs_Neg","SE","Skipped Exon","Plec","ENSMUSG00000022565","chr15","-",1.85705918742235e-06,-0.125,"0.221,0.302,0.239","0.349,0.403,0.385",76078758,76078773,76078540,76078630,76078950,76079012,NA,NA,NA,NA,NA,NA,NA,NA,NA,NA,NA,NA
"Pos_vs_Neg","SE","Skipped Exon","Usp40","ENSMUSG00000005501","chr1","-",0.00471346267605505,0.166,"0.969,0.924,0.929","0.891,0.763,0.67",87895231,87895320,87894905,87894992,87903529,87903620,NA,NA,NA,NA,NA,NA,NA,NA,NA,NA,NA,NA
"Pos_vs_Neg","SE","Skipped Exon","4930578M01Rik","ENSMUSG00000097587","chr15","+",0.000424939787366669,-0.276,"0.63,0.564,0.829","1.0,1.0,0.852",98885857,98886026,98885637,98885711,98886620,98886931,NA,NA,NA,NA,NA,NA,NA,NA,NA,NA,NA,NA
"Pos_vs_Neg","SE","Skipped Exon","1700112D23Rik","ENSMUSG00000091329","chr3","-",0.0352650902533588,0.262,"1.0,0.684,1.0","1.0,0.607,0.292",28826862,28826954,28796253,28796386,28835119,28835244,NA,NA,NA,NA,NA,NA,NA,NA,NA,NA,NA,NA
"Pos_vs_Neg","SE","Skipped Exon","Mapk10","ENSMUSG00000046709","chr5","-",0.00187556661993464,-0.594,"0.078,0.373,0.523","0.756,1.0,1.0",103124220,103124292,103114311,103114494,103137485,103137651,NA,NA,NA,NA,NA,NA,NA,NA,NA,NA,NA,NA
"Pos_vs_Neg","SE","Skipped Exon","Macroh2a1","ENSMUSG00000015937","chr13","-",0.00266448068336645,-0.23,"0.54,0.788,0.861","0.972,0.907,1.0",56236064,56236155,56232008,56232098,56243936,56244047,NA,NA,NA,NA,NA,NA,NA,NA,NA,NA,NA,NA
"Pos_vs_Neg","SE","Skipped Exon","Ppp6r3","ENSMUSG00000024908","chr19","-",2.93718753023347e-13,-0.194,"0.143,0.118,0.183","0.383,0.371,0.271",3509746,3509764,3509360,3509480,3514544,3514695,NA,NA,NA,NA,NA,NA,NA,NA,NA,NA,NA,NA
"Pos_vs_Neg","SE","Skipped Exon","Hnrnpu","ENSMUSG00000039630","chr1","-",1.57778597024066e-06,-0.109,"0.929,0.839,0.893","1.0,0.987,1.0",178152807,178152878,178151184,178151278,178157432,178157504,NA,NA,NA,NA,NA,NA,NA,NA,NA,NA,NA,NA
"Pos_vs_Neg","SE","Skipped Exon","Ankrd61","ENSMUSG00000029607","chr5","-",0.033777641240718,-0.611,"0.333,0.5,0.333","1.0,1.0,1.0",143833822,143834071,143830353,143830451,143834178,143834503,NA,NA,NA,NA,NA,NA,NA,NA,NA,NA,NA,NA
"Pos_vs_Neg","SE","Skipped Exon","Dock9","ENSMUSG00000025558","chr14","-",0.00047466755245244,-0.163,"0.038,0.09,0.082","0.191,0.161,0.347",121797806,121797812,121797336,121797372,121798001,121798115,NA,NA,NA,NA,NA,NA,NA,NA,NA,NA,NA,NA
"Pos_vs_Neg","SE","Skipped Exon","Txnrd1","ENSMUSG00000020250","chr10","+",0.0382978084763045,0.183,"1.0,1.0,0.895","0.75,0.75,0.846",82708771,82709109,82669784,82669865,82710446,82710569,NA,NA,NA,NA,NA,NA,NA,NA,NA,NA,NA,NA
"Pos_vs_Neg","SE","Skipped Exon","Ptprf","ENSMUSG00000033295","chr4","-",0,-0.123,"0.885,0.847,0.895","1.0,0.995,1.0",118085015,118085042,118083650,118083768,118087891,118088085,NA,NA,NA,NA,NA,NA,NA,NA,NA,NA,NA,NA
"Pos_vs_Neg","SE","Skipped Exon","Kctd2","ENSMUSG00000016940","chr11","+",0.023168747617753,-0.219,"0.449,0.553,0.532","0.594,0.738,0.858",115320460,115320608,115320178,115320231,115320711,115321027,NA,NA,NA,NA,NA,NA,NA,NA,NA,NA,NA,NA
"Pos_vs_Neg","SE","Skipped Exon","Cd59b","ENSMUSG00000068686","chr2","+",5.0854403661062e-05,0.338,"0.523,0.202,0.464","0.174,0.0,0.0",103920473,103920619,103911341,103911443,103921348,103921505,NA,NA,NA,NA,NA,NA,NA,NA,NA,NA,NA,NA
"Pos_vs_Neg","SE","Skipped Exon","Gpatch8","ENSMUSG00000034621","chr11","-",0.00659530528896927,-0.102,"0.253,0.258,0.183","0.387,0.304,0.31",102422138,102422156,102418919,102418992,102429107,102429182,NA,NA,NA,NA,NA,NA,NA,NA,NA,NA,NA,NA
"Pos_vs_Neg","SE","Skipped Exon","Gtpbp3","ENSMUSG00000007610","chr8","+",4.1321074574292e-06,-0.22,"0.632,0.606,0.493","0.755,0.816,0.821",71943298,71943611,71942978,71943181,71943709,71943853,NA,NA,NA,NA,NA,NA,NA,NA,NA,NA,NA,NA
"Pos_vs_Neg","SE","Skipped Exon","Gtpbp3","ENSMUSG00000007610","chr8","+",1.42656971570905e-06,-0.115,"0.832,0.785,0.759","0.897,0.9,0.924",71943538,71943611,71942978,71943181,71943709,71943853,NA,NA,NA,NA,NA,NA,NA,NA,NA,NA,NA,NA
"Pos_vs_Neg","SE","Skipped Exon","Sptan1","ENSMUSG00000057738","chr2","+",0,-0.246,"0.703,0.703,0.673","0.941,0.939,0.936",29904169,29904184,29903687,29903850,29905600,29905732,NA,NA,NA,NA,NA,NA,NA,NA,NA,NA,NA,NA
"Pos_vs_Neg","SE","Skipped Exon","Dynlt5","ENSMUSG00000028523","chr4","+",0.00356254628317969,-0.187,"0.537,0.903,1.0","1.0,1.0,1.0",102849691,102849783,102837422,102837562,102859654,102859779,NA,NA,NA,NA,NA,NA,NA,NA,NA,NA,NA,NA
"Pos_vs_Neg","SE","Skipped Exon","Dynlt5","ENSMUSG00000028523","chr4","+",0.00209926836983875,-0.132,"1.0,0.887,0.716","1.0,1.0,1.0",102859654,102859779,102849691,102849783,102861337,102861541,NA,NA,NA,NA,NA,NA,NA,NA,NA,NA,NA,NA
"Pos_vs_Neg","SE","Skipped Exon","Tpd52","ENSMUSG00000027506","chr3","-",1.95434381321732e-11,-0.321,"0.239,0.19,0.236","0.557,0.594,0.476",9008610,9008637,9000051,9000100,9009670,9009772,NA,NA,NA,NA,NA,NA,NA,NA,NA,NA,NA,NA
"Pos_vs_Neg","SE","Skipped Exon","Rnf150","ENSMUSG00000047747","chr8","+",0.0213801912380391,-0.101,"0.774,0.923,1.0","1.0,1.0,1.0",83716975,83717226,83589984,83591119,83730203,83730275,NA,NA,NA,NA,NA,NA,NA,NA,NA,NA,NA,NA
"Pos_vs_Neg","SE","Skipped Exon","Terf2","ENSMUSG00000031921","chr8","-",0.00571713863819707,-0.178,"0.743,0.748,0.835","0.936,0.924,1.0",107799353,107799430,107799191,107799277,107803510,107803628,NA,NA,NA,NA,NA,NA,NA,NA,NA,NA,NA,NA
"Pos_vs_Neg","SE","Skipped Exon","Shank2","ENSMUSG00000037541","chr7","+",0.00307421634037144,-0.31,"1.0,0.586,0.485","1.0,1.0,1.0",143950374,143950383,143950087,143950168,143951977,143951998,NA,NA,NA,NA,NA,NA,NA,NA,NA,NA,NA,NA
"Pos_vs_Neg","SE","Skipped Exon","Shank2","ENSMUSG00000037541","chr7","+",0.0376227255319689,-0.193,"0.036,0.023,0.169","0.134,0.48,0.193",143961792,143961813,143960857,143960969,143963198,143965605,NA,NA,NA,NA,NA,NA,NA,NA,NA,NA,NA,NA
"Pos_vs_Neg","SE","Skipped Exon","Zfp451","ENSMUSG00000042197","chr1","-",0.00269101152302857,-0.255,"0.615,0.347,1.0","0.727,1.0,1.0",33809849,33809980,33804924,33804990,33844419,33844500,NA,NA,NA,NA,NA,NA,NA,NA,NA,NA,NA,NA
"Pos_vs_Neg","SE","Skipped Exon","Zfp451","ENSMUSG00000042197","chr1","-",0.0183343010976271,-0.172,"0.739,0.683,1.0","0.937,1.0,1.0",33811973,33812114,33804924,33804990,33844419,33844500,NA,NA,NA,NA,NA,NA,NA,NA,NA,NA,NA,NA
"Pos_vs_Neg","SE","Skipped Exon","Ptpn13","ENSMUSG00000034573","chr5","+",4.87996429433229e-05,-0.134,"0.833,0.748,0.716","0.892,0.93,0.878",103688837,103689252,103684579,103684742,103698090,103698180,NA,NA,NA,NA,NA,NA,NA,NA,NA,NA,NA,NA
"Pos_vs_Neg","SE","Skipped Exon","Chpt1","ENSMUSG00000060002","chr10","-",0.000634408092905173,0.226,"0.806,0.929,0.957","0.63,0.636,0.748",88316676,88316808,88312871,88313030,88318092,88318177,NA,NA,NA,NA,NA,NA,NA,NA,NA,NA,NA,NA
"Pos_vs_Neg","SE","Skipped Exon","Chpt1","ENSMUSG00000060002","chr10","-",0.0304520179554488,0.242,"0.727,0.864,0.717","0.559,0.482,0.542",88317214,88317241,88312871,88313030,88318092,88318177,NA,NA,NA,NA,NA,NA,NA,NA,NA,NA,NA,NA
"Pos_vs_Neg","SE","Skipped Exon","Chpt1","ENSMUSG00000060002","chr10","-",0.00332935003385768,-0.277,"0.697,0.664,0.412","0.894,0.952,0.758",88317214,88317241,88316676,88316808,88318092,88318177,NA,NA,NA,NA,NA,NA,NA,NA,NA,NA,NA,NA
"Pos_vs_Neg","SE","Skipped Exon","Pax5","ENSMUSG00000014030","chr4","-",0.00660214091151224,-0.101,"0.056,0.056,0.075","0.19,0.14,0.159",44615559,44615616,44609714,44609844,44645547,44645723,NA,NA,NA,NA,NA,NA,NA,NA,NA,NA,NA,NA
"Pos_vs_Neg","SE","Skipped Exon","Agfg1","ENSMUSG00000026159","chr1","+",5.11430166321669e-07,-0.449,"0.325,0.144,0.159","0.63,0.548,0.797",82869180,82869228,82863831,82863908,82871144,82871303,NA,NA,NA,NA,NA,NA,NA,NA,NA,NA,NA,NA
"Pos_vs_Neg","SE","Skipped Exon","Lman2l","ENSMUSG00000001143","chr1","-",1.54575375698505e-06,-0.123,"0.305,0.316,0.295","0.444,0.426,0.416",36468503,36468536,36467380,36467542,36477830,36477913,NA,NA,NA,NA,NA,NA,NA,NA,NA,NA,NA,NA
"Pos_vs_Neg","SE","Skipped Exon","Rab3gap1","ENSMUSG00000036104","chr1","+",0.000151981335763407,-0.156,"0.361,0.328,0.317","0.517,0.49,0.467",127869330,127869351,127866782,127866885,127870110,127870347,NA,NA,NA,NA,NA,NA,NA,NA,NA,NA,NA,NA
"Pos_vs_Neg","SE","Skipped Exon","Slmap","ENSMUSG00000021870","chr14","-",0.0478186349421246,-0.121,"0.238,0.128,0.234","0.313,0.386,0.265",26180564,26180615,26163729,26163789,26181196,26181365,NA,NA,NA,NA,NA,NA,NA,NA,NA,NA,NA,NA
"Pos_vs_Neg","SE","Skipped Exon","Synj1","ENSMUSG00000022973","chr16","-",5.97394073947943e-14,-0.145,"0.749,0.873,0.843","0.978,0.964,0.957",90768451,90768475,90766070,90766262,90770797,90770954,NA,NA,NA,NA,NA,NA,NA,NA,NA,NA,NA,NA
"Pos_vs_Neg","SE","Skipped Exon","Gm11033","ENSMUSG00000079011","chr8","-",0.00283965064450498,0.15,"1.0,1.0,0.825","0.729,0.709,0.937",75560078,75560151,75554894,75555048,75560361,75560548,NA,NA,NA,NA,NA,NA,NA,NA,NA,NA,NA,NA
"Pos_vs_Neg","SE","Skipped Exon","Eef1d","ENSMUSG00000055762","chr15","-",9.37073276008357e-07,-0.163,"0.148,0.231,0.203","0.358,0.37,0.344",75774527,75775667,75772980,75773101,75781093,75781189,NA,NA,NA,NA,NA,NA,NA,NA,NA,NA,NA,NA
"Pos_vs_Neg","SE","Skipped Exon","Eef1d","ENSMUSG00000055762","chr15","-",6.13618448624886e-10,-0.129,"0.254,0.223,0.229","0.369,0.369,0.354",75774527,75775667,75772980,75773104,75781093,75781189,NA,NA,NA,NA,NA,NA,NA,NA,NA,NA,NA,NA
"Pos_vs_Neg","SE","Skipped Exon","Eef1d","ENSMUSG00000055762","chr15","-",0.00161870393340701,-0.191,"0.549,0.662,0.601","0.755,0.775,0.856",75777734,75777749,75772980,75773104,75781308,75781396,NA,NA,NA,NA,NA,NA,NA,NA,NA,NA,NA,NA
"Pos_vs_Neg","SE","Skipped Exon","Rab11a","ENSMUSG00000004771","chr9","-",0.00202307655589251,0.153,"1.0,1.0,0.956","0.806,1.0,0.692",64633905,64634099,64624234,64624270,64644865,64645012,NA,NA,NA,NA,NA,NA,NA,NA,NA,NA,NA,NA
"Pos_vs_Neg","SE","Skipped Exon","Cracr2b","ENSMUSG00000048200","chr7","+",0.00141993193145705,-0.218,"0.541,0.818,0.884","0.963,0.97,0.965",141045678,141045750,141045176,141045269,141045958,141046276,NA,NA,NA,NA,NA,NA,NA,NA,NA,NA,NA,NA
"Pos_vs_Neg","SE","Skipped Exon","Lysmd4","ENSMUSG00000043831","chr7","+",4.17330923336479e-07,-0.319,"0.605,0.701,0.652","1.0,1.0,0.914",66874123,66874149,66873356,66873639,66874773,66878216,NA,NA,NA,NA,NA,NA,NA,NA,NA,NA,NA,NA
"Pos_vs_Neg","SE","Skipped Exon","Rrnad1","ENSMUSG00000004896","chr3","-",0.0142016769048087,0.415,"1.0,0.584,1.0","0.149,1.0,0.19",87834361,87834424,87831650,87831835,87835230,87835355,NA,NA,NA,NA,NA,NA,NA,NA,NA,NA,NA,NA
"Pos_vs_Neg","SE","Skipped Exon","Poteg","ENSMUSG00000063932","chr8","+",0.0210702598520358,0.569,"1.0,0.706,1.0","0.0,0.0,1.0",27971649,27971717,27970099,27970166,27984884,27985200,NA,NA,NA,NA,NA,NA,NA,NA,NA,NA,NA,NA
"Pos_vs_Neg","SE","Skipped Exon","Srsf11","ENSMUSG00000055436","chr3","-",0.00197828544404691,0.179,"0.445,0.436,0.554","0.348,0.255,0.295",157729759,157729868,157728879,157728996,157732361,157732495,NA,NA,NA,NA,NA,NA,NA,NA,NA,NA,NA,NA
"Pos_vs_Neg","SE","Skipped Exon","Srsf11","ENSMUSG00000055436","chr3","-",0.000252704296466011,-0.164,"0.555,0.586,0.607","0.757,0.718,0.765",157730334,157730398,157729045,157729868,157732361,157732495,NA,NA,NA,NA,NA,NA,NA,NA,NA,NA,NA,NA
"Pos_vs_Neg","SE","Skipped Exon","Mllt10","ENSMUSG00000026743","chr2","+",0.0255071132808925,0.152,"0.309,0.332,0.238","0.09,0.124,0.21",18097594,18097645,18075935,18076015,18127055,18127159,NA,NA,NA,NA,NA,NA,NA,NA,NA,NA,NA,NA
"Pos_vs_Neg","SE","Skipped Exon","Ecpas","ENSMUSG00000050812","chr4","-",0.00214261247543425,0.161,"0.755,0.742,0.659","0.567,0.574,0.532",58905003,58905107,58885367,58885498,58911868,58911927,NA,NA,NA,NA,NA,NA,NA,NA,NA,NA,NA,NA
"Pos_vs_Neg","SE","Skipped Exon","Cacnb3","ENSMUSG00000003352","chr15","+",9.91544999218054e-05,-0.19,"0.622,1.0,0.809","1.0,1.0,1.0",98538569,98538631,98538219,98538335,98539057,98539138,NA,NA,NA,NA,NA,NA,NA,NA,NA,NA,NA,NA
"Pos_vs_Neg","SE","Skipped Exon","Cacnb3","ENSMUSG00000003352","chr15","+",0.000928315746636552,-0.117,"0.726,1.0,0.924","1.0,1.0,1.0",98538839,98538859,98538219,98538335,98539057,98539138,NA,NA,NA,NA,NA,NA,NA,NA,NA,NA,NA,NA
"Pos_vs_Neg","SE","Skipped Exon","Vav2","ENSMUSG00000009621","chr2","-",0,-0.198,"0.782,0.766,0.742","0.974,0.949,0.961",27174850,27174865,27173320,27173430,27175644,27175777,NA,NA,NA,NA,NA,NA,NA,NA,NA,NA,NA,NA
"Pos_vs_Neg","SE","Skipped Exon","Vav2","ENSMUSG00000009621","chr2","-",0,-0.251,"0.692,0.736,0.68","0.926,0.962,0.974",27190441,27190456,27189385,27189484,27192019,27192122,NA,NA,NA,NA,NA,NA,NA,NA,NA,NA,NA,NA
"Pos_vs_Neg","SE","Skipped Exon","Arpc2","ENSMUSG00000006304","chr1","+",0.0354538717973759,0.333,"0.532,1.0,1.0","0.532,0.0,1.0",74287290,74287403,74275675,74276058,74293986,74294173,NA,NA,NA,NA,NA,NA,NA,NA,NA,NA,NA,NA
"Pos_vs_Neg","SE","Skipped Exon","Ehmt1","ENSMUSG00000036893","chr2","-",0.0178929263242744,-0.358,"0.412,0.318,0.778","1.0,1.0,0.583",24777014,24777078,24767466,24767638,24809565,24809591,NA,NA,NA,NA,NA,NA,NA,NA,NA,NA,NA,NA
"Pos_vs_Neg","SE","Skipped Exon","Foxk2","ENSMUSG00000039275","chr11","+",0.00889956841620859,0.254,"0.767,0.803,0.714","0.623,0.446,0.452",121187048,121187177,121181569,121181716,121187739,121187915,NA,NA,NA,NA,NA,NA,NA,NA,NA,NA,NA,NA
"Pos_vs_Neg","SE","Skipped Exon","Hnrnpa2b1","ENSMUSG00000004980","chr6","-",0.00172164699174862,-0.106,"0.639,0.679,0.754","0.8,0.808,0.783",51438899,51439035,51438100,51438413,51440390,51440473,NA,NA,NA,NA,NA,NA,NA,NA,NA,NA,NA,NA
"Pos_vs_Neg","SE","Skipped Exon","Usp34","ENSMUSG00000056342","chr11","+",0.000465117928882445,-0.188,"0.413,0.454,0.318","0.563,0.535,0.651",23312576,23312612,23311586,23311716,23313057,23313188,NA,NA,NA,NA,NA,NA,NA,NA,NA,NA,NA,NA
"Pos_vs_Neg","SE","Skipped Exon","Meaf6","ENSMUSG00000028863","chr4","+",0,-0.131,"0.847,0.835,0.897","1.0,0.995,0.976",125001309,125001339,124996631,124996824,125002115,125002149,NA,NA,NA,NA,NA,NA,NA,NA,NA,NA,NA,NA
"Pos_vs_Neg","SE","Skipped Exon","Meaf6","ENSMUSG00000028863","chr4","+",1.58046617402657e-08,-0.24,"0.7,0.743,0.628","0.937,0.903,0.952",125001309,125001339,124996631,124996824,125003369,125003682,NA,NA,NA,NA,NA,NA,NA,NA,NA,NA,NA,NA
"Pos_vs_Neg","SE","Skipped Exon","Meaf6","ENSMUSG00000028863","chr4","+",0,-0.124,"0.864,0.85,0.884","1.0,0.994,0.977",125001444,125001502,124996631,124996824,125002115,125002149,NA,NA,NA,NA,NA,NA,NA,NA,NA,NA,NA,NA
"Pos_vs_Neg","SE","Skipped Exon","Phkg2","ENSMUSG00000030815","chr7","+",0.00289608718014202,0.216,"0.814,1.0,1.0","0.506,0.661,1.0",127177146,127177201,127176706,127176860,127178981,127179145,NA,NA,NA,NA,NA,NA,NA,NA,NA,NA,NA,NA
"Pos_vs_Neg","SE","Skipped Exon","Tec","ENSMUSG00000029217","chr5","-",0.00581336604001189,-0.166,"0.781,0.806,0.701","0.973,0.924,0.889",72936763,72936829,72930551,72931228,72939345,72939518,NA,NA,NA,NA,NA,NA,NA,NA,NA,NA,NA,NA
"Pos_vs_Neg","SE","Skipped Exon","Ppp1r26","ENSMUSG00000035829","chr2","+",0.0113410227629502,-0.111,"0.668,1.0,1.0","1.0,1.0,1.0",28337896,28337994,28336811,28336908,28338703,28338920,NA,NA,NA,NA,NA,NA,NA,NA,NA,NA,NA,NA
"Pos_vs_Neg","SE","Skipped Exon","Ppp4r1l-ps","ENSMUSG00000121504","chr2","-",0.00682726878777057,0.125,"1.0,0.95,1.0","0.671,0.974,0.93",173431580,173431741,173431297,173431467,173433909,173434014,NA,NA,NA,NA,NA,NA,NA,NA,NA,NA,NA,NA
"Pos_vs_Neg","SE","Skipped Exon","Ppp4r1l-ps","ENSMUSG00000121504","chr2","-",0.00685172251142358,0.127,"1.0,0.95,1.0","0.667,0.973,0.929",173431580,173432589,173431297,173431467,173433909,173434014,NA,NA,NA,NA,NA,NA,NA,NA,NA,NA,NA,NA
"Pos_vs_Neg","SE","Skipped Exon","Ppp4r1l-ps","ENSMUSG00000121504","chr2","-",0.0360186905588388,-0.315,"0.143,1.0,0.579","1.0,1.0,0.667",173448934,173449122,173446298,173446390,173450525,173450672,NA,NA,NA,NA,NA,NA,NA,NA,NA,NA,NA,NA
"Pos_vs_Neg","SE","Skipped Exon","Ppp4r1l-ps","ENSMUSG00000121504","chr2","-",0.0262937104410707,-0.12,"0.715,0.854,0.869","0.907,1.0,0.891",173457275,173457369,173450525,173450672,173487249,173487351,NA,NA,NA,NA,NA,NA,NA,NA,NA,NA,NA,NA
"Pos_vs_Neg","SE","Skipped Exon","Ppp4r1l-ps","ENSMUSG00000121504","chr2","-",0.00287050416835022,0.167,"0.195,0.276,0.38","0.099,0.097,0.153",173487249,173487351,173450525,173450672,173501115,173501160,NA,NA,NA,NA,NA,NA,NA,NA,NA,NA,NA,NA
"Pos_vs_Neg","SE","Skipped Exon","Ptcd3","ENSMUSG00000063884","chr6","-",0.0429146628231749,0.183,"0.927,0.812,0.855","0.698,0.663,0.683",71866577,71866670,71866324,71866353,71870365,71870510,NA,NA,NA,NA,NA,NA,NA,NA,NA,NA,NA,NA
"Pos_vs_Neg","SE","Skipped Exon","Asic4","ENSMUSG00000033007","chr1","+",8.20137903289719e-07,-0.138,"0.722,0.745,0.69","0.842,0.86,0.869",75446314,75446477,75446000,75446128,75446922,75446979,NA,NA,NA,NA,NA,NA,NA,NA,NA,NA,NA,NA
"Pos_vs_Neg","SE","Skipped Exon","R3hdm1","ENSMUSG00000056211","chr1","+",0.00197238831679399,-0.11,"0.246,0.251,0.208","0.369,0.389,0.278",128090505,128090595,128080925,128081136,128095629,128095744,NA,NA,NA,NA,NA,NA,NA,NA,NA,NA,NA,NA
"Pos_vs_Neg","SE","Skipped Exon","Prdx6","ENSMUSG00000026701","chr1","-",0.000284635565795684,0.545,"1.0,1.0,1.0","1.0,0.0,0.364",161076928,161077039,161071765,161071912,161078014,161078124,NA,NA,NA,NA,NA,NA,NA,NA,NA,NA,NA,NA
"Pos_vs_Neg","SE","Skipped Exon","Tincr","ENSMUSG00000110218","chr17","-",0.000497102000636339,-0.148,"0.893,0.768,0.828","1.0,0.932,1.0",56859687,56859996,56858413,56858989,56860448,56860562,NA,NA,NA,NA,NA,NA,NA,NA,NA,NA,NA,NA
"Pos_vs_Neg","SE","Skipped Exon","Tbc1d13","ENSMUSG00000039678","chr2","+",2.64233715191708e-05,-0.1,"0.162,0.192,0.232","0.258,0.338,0.29",30025420,30025564,30024808,30024882,30026684,30026725,NA,NA,NA,NA,NA,NA,NA,NA,NA,NA,NA,NA
"Pos_vs_Neg","SE","Skipped Exon","Tbc1d13","ENSMUSG00000039678","chr2","+",0.00505468605328309,-0.159,"0.623,0.637,0.619","0.845,0.718,0.794",30025420,30025564,30024808,30024882,30027132,30027194,NA,NA,NA,NA,NA,NA,NA,NA,NA,NA,NA,NA
"Pos_vs_Neg","SE","Skipped Exon","Orai2","ENSMUSG00000039747","chr5","-",0.0260893580401077,-0.109,"0.066,0.019,0.072","0.149,0.178,0.158",136196678,136196741,136190340,136190578,136197219,136197328,NA,NA,NA,NA,NA,NA,NA,NA,NA,NA,NA,NA
"Pos_vs_Neg","SE","Skipped Exon","Acox3","ENSMUSG00000029098","chr5","+",0.0268461799910905,-0.123,"0.864,0.745,0.818","0.919,0.975,0.901",35755658,35755755,35751653,35751742,35757035,35757218,NA,NA,NA,NA,NA,NA,NA,NA,NA,NA,NA,NA
"Pos_vs_Neg","SE","Skipped Exon","Ndrg3","ENSMUSG00000027634","chr2","-",0.000178609458000008,-0.113,"0.567,0.59,0.632","0.726,0.687,0.714",156771851,156771890,156769264,156770801,156773135,156773187,NA,NA,NA,NA,NA,NA,NA,NA,NA,NA,NA,NA
"Pos_vs_Neg","SE","Skipped Exon","Ap1s2","ENSMUSG00000031367","chrX","+",0.000307818425231685,-0.649,"0.179,0.047,0.06","1.0,1.0,0.234",162703901,162703996,162700701,162700839,162715128,162716352,NA,NA,NA,NA,NA,NA,NA,NA,NA,NA,NA,NA
"Pos_vs_Neg","SE","Skipped Exon","Zfr2","ENSMUSG00000034949","chr10","+",0.0380254089731819,0.184,"0.335,1.0,0.602","0.112,0.274,1.0",81069448,81069595,81069009,81069076,81075263,81075348,NA,NA,NA,NA,NA,NA,NA,NA,NA,NA,NA,NA
"Pos_vs_Neg","SE","Skipped Exon","Wdr59","ENSMUSG00000031959","chr8","-",5.87852122170407e-06,-0.156,"0.225,0.256,0.211","0.393,0.356,0.411",112199261,112199318,112193420,112193554,112202675,112202829,NA,NA,NA,NA,NA,NA,NA,NA,NA,NA,NA,NA
"Pos_vs_Neg","SE","Skipped Exon","Slc25a25","ENSMUSG00000026819","chr2","-",2.20492160365e-06,-0.134,"0.286,0.294,0.238","0.381,0.41,0.429",32310667,32310703,32310316,32310428,32311314,32311402,NA,NA,NA,NA,NA,NA,NA,NA,NA,NA,NA,NA
"Pos_vs_Neg","SE","Skipped Exon","Ankrd29","ENSMUSG00000057766","chr18","-",0.000898927040135009,0.263,"0.919,0.955,0.958","0.706,0.813,0.524",12423773,12423872,12415359,12415458,12428935,12429046,NA,NA,NA,NA,NA,NA,NA,NA,NA,NA,NA,NA
"Pos_vs_Neg","SE","Skipped Exon","Septin2","ENSMUSG00000026276","chr1","+",0.0333988587440323,-0.167,"0.44,0.0,0.0","0.282,0.511,0.148",93407185,93407321,93406829,93406902,93416849,93416876,NA,NA,NA,NA,NA,NA,NA,NA,NA,NA,NA,NA
"Pos_vs_Neg","SE","Skipped Exon","Syt14","ENSMUSG00000016200","chr1","-",4.24213799010611e-10,-0.19,"0.129,0.142,0.145","0.333,0.293,0.359",192581158,192581215,192579517,192579928,192584059,192584249,NA,NA,NA,NA,NA,NA,NA,NA,NA,NA,NA,NA
"Pos_vs_Neg","SE","Skipped Exon","Cntrl","ENSMUSG00000057110","chr2","+",0.0238985594037513,-0.39,"0.364,0.364,0.409","0.459,1.0,0.848",35022980,35023124,35022269,35022425,35023969,35024123,NA,NA,NA,NA,NA,NA,NA,NA,NA,NA,NA,NA
"Pos_vs_Neg","SE","Skipped Exon","Bet1l","ENSMUSG00000025484","chr7","-",0.001095390038444,-0.245,"0.722,0.591,0.875","0.922,1.0,1.0",140436676,140436768,140436133,140436262,140437253,140437275,NA,NA,NA,NA,NA,NA,NA,NA,NA,NA,NA,NA
"Pos_vs_Neg","SE","Skipped Exon","Cttn","ENSMUSG00000031078","chr7","-",4.35835567986714e-08,-0.7,"0.113,0.69,0.096","1.0,1.0,1.0",144003673,144003758,144003296,144003352,144008412,144008523,NA,NA,NA,NA,NA,NA,NA,NA,NA,NA,NA,NA
"Pos_vs_Neg","SE","Skipped Exon","Cttn","ENSMUSG00000031078","chr7","-",0,-0.107,"0.824,0.797,0.821","0.934,0.924,0.906",144004714,144004825,144003296,144003352,144005763,144005874,NA,NA,NA,NA,NA,NA,NA,NA,NA,NA,NA,NA
"Pos_vs_Neg","SE","Skipped Exon","D330041H03Rik","ENSMUSG00000073437","chr17","-",0.000357087529119996,0.103,"1.0,1.0,1.0","0.876,0.964,0.851",24630898,24631057,24629231,24629327,24633285,24633488,NA,NA,NA,NA,NA,NA,NA,NA,NA,NA,NA,NA
"Pos_vs_Neg","SE","Skipped Exon","Gm45589","ENSMUSG00000109825","chr8","-",0.00786930537801679,0.112,"0.258,0.339,0.206","0.18,0.121,0.167",64160796,64160957,64154158,64154639,64192483,64192596,NA,NA,NA,NA,NA,NA,NA,NA,NA,NA,NA,NA
"Pos_vs_Neg","SE","Skipped Exon","Gm45589","ENSMUSG00000109825","chr8","-",0.0138507740363181,-0.144,"0.636,0.75,1.0","1.0,0.818,1.0",64162248,64162401,64157544,64157684,64192483,64192608,NA,NA,NA,NA,NA,NA,NA,NA,NA,NA,NA,NA
"Pos_vs_Neg","SE","Skipped Exon","Gm45589","ENSMUSG00000109825","chr8","-",0.00358336714660933,-0.155,"0.127,0.141,0.129","0.31,0.244,0.308",64162248,64162401,64160796,64160957,64192483,64192608,NA,NA,NA,NA,NA,NA,NA,NA,NA,NA,NA,NA
"Pos_vs_Neg","SE","Skipped Exon","Kcp","ENSMUSG00000059022","chr6","-",0.0359312157048896,-0.219,"0.777,0.706,0.476","0.933,0.8,0.883",29484809,29484921,29484613,29484715,29485001,29485174,NA,NA,NA,NA,NA,NA,NA,NA,NA,NA,NA,NA
"Pos_vs_Neg","SE","Skipped Exon","Akt3","ENSMUSG00000019699","chr1","-",0.0133670072186783,0.545,"1.0,0.634,0.0","0.0,0.0,0.0",176907766,176907832,176894776,176894899,176958536,176958662,NA,NA,NA,NA,NA,NA,NA,NA,NA,NA,NA,NA
"Pos_vs_Neg","SE","Skipped Exon","Gramd1a","ENSMUSG00000001248","chr7","-",3.70471536659771e-12,-0.15,"0.253,0.257,0.198","0.367,0.364,0.427",30832644,30832656,30832182,30832290,30833415,30833503,NA,NA,NA,NA,NA,NA,NA,NA,NA,NA,NA,NA
"Pos_vs_Neg","SE","Skipped Exon","Gm12610","ENSMUSG00000086035","chr4","+",0.000234283425720866,0.151,"1.0,1.0,1.0","0.679,0.868,1.0",89214789,89214947,89213088,89213434,89288010,89288109,NA,NA,NA,NA,NA,NA,NA,NA,NA,NA,NA,NA
"Pos_vs_Neg","SE","Skipped Exon","Gm12610","ENSMUSG00000086035","chr4","+",2.8871192671504e-07,-0.555,"0.411,0.183,0.742","1.0,1.0,1.0",89255914,89256050,89214808,89214841,89347835,89348979,NA,NA,NA,NA,NA,NA,NA,NA,NA,NA,NA,NA
"Pos_vs_Neg","SE","Skipped Exon","Gm12610","ENSMUSG00000086035","chr4","+",0.00303758325445373,0.272,"1.0,1.0,1.0","0.645,0.538,1.0",89268569,89268625,89214789,89214841,89271433,89271838,NA,NA,NA,NA,NA,NA,NA,NA,NA,NA,NA,NA
"Pos_vs_Neg","SE","Skipped Exon","Gm12610","ENSMUSG00000086035","chr4","+",0.010866946969728,-0.103,"0.024,0.028,0.028","0.238,0.15,0.0",89274945,89274997,89214789,89214947,89288010,89288109,NA,NA,NA,NA,NA,NA,NA,NA,NA,NA,NA,NA
"Pos_vs_Neg","SE","Skipped Exon","Gm12610","ENSMUSG00000086035","chr4","+",0.00131526387597864,-0.166,"1.0,0.788,0.715","1.0,1.0,1.0",89288010,89288109,89214789,89214947,89347835,89347975,NA,NA,NA,NA,NA,NA,NA,NA,NA,NA,NA,NA
"Pos_vs_Neg","SE","Skipped Exon","Gm12610","ENSMUSG00000086035","chr4","+",0.000166067463282236,-0.253,"0.886,0.527,0.828","1.0,1.0,1.0",89288010,89288109,89214808,89214841,89347835,89347975,NA,NA,NA,NA,NA,NA,NA,NA,NA,NA,NA,NA
"Pos_vs_Neg","SE","Skipped Exon","Gm12610","ENSMUSG00000086035","chr4","+",0.000960737365809523,-0.119,"1.0,0.848,0.796","1.0,1.0,1.0",89340867,89340979,89214789,89214947,89347835,89347975,NA,NA,NA,NA,NA,NA,NA,NA,NA,NA,NA,NA
"Pos_vs_Neg","SE","Skipped Exon","Khk","ENSMUSG00000029162","chr5","+",0.00363077563455342,-0.208,"0.322,0.251,0.253","0.507,0.424,0.519",31084031,31084166,31082082,31082199,31085786,31085859,NA,NA,NA,NA,NA,NA,NA,NA,NA,NA,NA,NA
"Pos_vs_Neg","SE","Skipped Exon","Ptpn4","ENSMUSG00000026384","chr1","-",3.78250609841152e-05,-0.121,"1.0,0.746,0.839","0.949,1.0,1.0",119633884,119634043,119620479,119620639,119643676,119643745,NA,NA,NA,NA,NA,NA,NA,NA,NA,NA,NA,NA
"Pos_vs_Neg","SE","Skipped Exon","Srsf6","ENSMUSG00000016921","chr2","+",3.39298241444253e-10,-0.122,"0.084,0.134,0.084","0.17,0.306,0.191",162774734,162775002,162773913,162774062,162775345,162775470,NA,NA,NA,NA,NA,NA,NA,NA,NA,NA,NA,NA
"Pos_vs_Neg","SE","Skipped Exon","Clip1","ENSMUSG00000049550","chr5","-",1.26293883053115e-06,-0.133,"0.78,0.86,0.891","0.983,0.989,0.958",123719654,123719660,123718062,123718187,123720782,123720832,NA,NA,NA,NA,NA,NA,NA,NA,NA,NA,NA,NA
"Pos_vs_Neg","SE","Skipped Exon","Dnah17","ENSMUSG00000033987","chr11","-",0.0130917275709418,-0.387,"0.351,0.929,0.558","1.0,1.0,1.0",118016102,118016228,118015054,118015207,118016440,118016526,NA,NA,NA,NA,NA,NA,NA,NA,NA,NA,NA,NA
"Pos_vs_Neg","SE","Skipped Exon","Oasl2","ENSMUSG00000029561","chr5","+",0.0138284312691501,-0.137,"0.926,0.632,0.971","1.0,1.0,0.941",115037802,115038091,115034996,115035923,115039300,115039476,NA,NA,NA,NA,NA,NA,NA,NA,NA,NA,NA,NA
"Pos_vs_Neg","SE","Skipped Exon","C030037D09Rik","ENSMUSG00000087574","chr11","+",0.0143412547076257,-0.134,"1.0,0.861,0.736","1.0,1.0,1.0",88611518,88611657,88611314,88611398,88613475,88613524,NA,NA,NA,NA,NA,NA,NA,NA,NA,NA,NA,NA
"Pos_vs_Neg","SE","Skipped Exon","Gm6526","ENSMUSG00000091698","chr14","+",0.00337359324530532,-0.156,"0.0,0.016,0.0","0.042,0.364,0.077",43988175,43988357,43987358,43987490,43992315,43993405,NA,NA,NA,NA,NA,NA,NA,NA,NA,NA,NA,NA
"Pos_vs_Neg","SE","Skipped Exon","Gm6526","ENSMUSG00000091698","chr14","+",0.0221583761027568,-0.168,"0.091,0.016,0.037","0.042,0.462,0.143",43988175,43988445,43987358,43987490,43992315,43992503,NA,NA,NA,NA,NA,NA,NA,NA,NA,NA,NA,NA
"Pos_vs_Neg","SE","Skipped Exon","Mef2d","ENSMUSG00000001419","chr3","+",0,-0.157,"0.846,0.811,0.785","0.966,0.958,0.988",88069087,88069108,88068497,88068688,88070264,88070394,NA,NA,NA,NA,NA,NA,NA,NA,NA,NA,NA,NA
"Pos_vs_Neg","SE","Skipped Exon","Htra2","ENSMUSG00000068329","chr6","-",3.64822441415405e-07,-0.139,"0.721,0.737,0.663","0.9,0.826,0.812",83029678,83029707,83029453,83029523,83030018,83030051,NA,NA,NA,NA,NA,NA,NA,NA,NA,NA,NA,NA
"Pos_vs_Neg","SE","Skipped Exon","Chn1","ENSMUSG00000056486","chr2","-",0.0316103387684048,0.127,"1.0,1.0,1.0","1.0,0.619,1.0",73509958,73510247,73462089,73462174,73551746,73551785,NA,NA,NA,NA,NA,NA,NA,NA,NA,NA,NA,NA
"Pos_vs_Neg","SE","Skipped Exon","Chn1","ENSMUSG00000056486","chr2","-",0.0014749741929655,0.173,"1.0,1.0,1.0","1.0,0.835,0.646",73540798,73540826,73510175,73510247,73546707,73546753,NA,NA,NA,NA,NA,NA,NA,NA,NA,NA,NA,NA
"Pos_vs_Neg","SE","Skipped Exon","Chn1","ENSMUSG00000056486","chr2","-",0.00186455223744526,-0.225,"0.641,1.0,0.685","1.0,1.0,1.0",73551746,73551785,73462089,73462174,73605366,73605387,NA,NA,NA,NA,NA,NA,NA,NA,NA,NA,NA,NA
"Pos_vs_Neg","SE","Skipped Exon","Chn1","ENSMUSG00000056486","chr2","-",0.00226393181154401,-0.204,"0.685,1.0,0.704","1.0,1.0,1.0",73551746,73551785,73490023,73490101,73605366,73605387,NA,NA,NA,NA,NA,NA,NA,NA,NA,NA,NA,NA
"Pos_vs_Neg","SE","Skipped Exon","Ankrd10","ENSMUSG00000031508","chr8","-",0.000478571355835947,-0.104,"0.241,0.265,0.245","0.354,0.358,0.351",11670261,11670373,11669061,11669297,11678438,11678530,NA,NA,NA,NA,NA,NA,NA,NA,NA,NA,NA,NA
"Pos_vs_Neg","SE","Skipped Exon","Spg20","ENSMUSG00000036580","chr3","+",5.20466785610478e-05,-0.114,"0.679,0.686,0.655","0.772,0.802,0.787",55032175,55032346,55029020,55029218,55033954,55034075,NA,NA,NA,NA,NA,NA,NA,NA,NA,NA,NA,NA
"Pos_vs_Neg","SE","Skipped Exon","Glmp","ENSMUSG00000001418","chr3","+",5.04329011933312e-08,-0.848,"0.0,0.455,0.0","1.0,1.0,1.0",88233421,88233619,88232388,88232508,88235163,88235420,NA,NA,NA,NA,NA,NA,NA,NA,NA,NA,NA,NA
"Pos_vs_Neg","SE","Skipped Exon","Gm10658","ENSMUSG00000074284","chr9","-",0.00408508064977054,-0.337,"1.0,0.385,0.5","1.0,1.0,0.895",56964552,56964725,56964180,56964422,56964949,56965085,NA,NA,NA,NA,NA,NA,NA,NA,NA,NA,NA,NA
"Pos_vs_Neg","SE","Skipped Exon","Def8","ENSMUSG00000001482","chr8","+",0.0421803650262447,-0.139,"0.874,0.672,0.824","0.879,0.96,0.948",124172836,124172923,124170046,124170184,124174055,124174102,NA,NA,NA,NA,NA,NA,NA,NA,NA,NA,NA,NA
"Pos_vs_Neg","SE","Skipped Exon","Tbc1d19","ENSMUSG00000039178","chr5","+",1.35431602243919e-08,-0.109,"0.087,0.131,0.103","0.154,0.237,0.257",53988708,53988830,53987796,53987842,53990311,53990387,NA,NA,NA,NA,NA,NA,NA,NA,NA,NA,NA,NA
"Pos_vs_Neg","SE","Skipped Exon","Col11a2","ENSMUSG00000024330","chr17","+",0.0151980757029341,-0.61,"0.451,0.131,0.0","0.413,1.0,1.0",34265413,34265476,34264744,34264822,34268592,34268652,NA,NA,NA,NA,NA,NA,NA,NA,NA,NA,NA,NA
"Pos_vs_Neg","SE","Skipped Exon","Col11a2","ENSMUSG00000024330","chr17","+",0.0331941010582563,-0.161,"0.733,0.667,0.867","1.0,0.75,1.0",34266071,34266251,34263792,34263984,34268592,34268652,NA,NA,NA,NA,NA,NA,NA,NA,NA,NA,NA,NA
"Pos_vs_Neg","SE","Skipped Exon","Col11a2","ENSMUSG00000024330","chr17","+",8.04882874052769e-05,-0.545,"0.351,0.364,0.364","0.714,1.0,1.0",34266071,34266251,34264744,34264822,34268592,34268652,NA,NA,NA,NA,NA,NA,NA,NA,NA,NA,NA,NA
"Pos_vs_Neg","SE","Skipped Exon","Mutyh","ENSMUSG00000028687","chr4","+",0.0154986209761113,-0.181,"0.657,0.654,0.888","0.922,1.0,0.819",116673779,116673893,116673509,116673704,116674151,116674296,NA,NA,NA,NA,NA,NA,NA,NA,NA,NA,NA,NA
"Pos_vs_Neg","SE","Skipped Exon","Pacsin3","ENSMUSG00000027257","chr2","+",0.0268993951153932,0.139,"0.871,0.78,0.86","0.764,0.586,0.745",91090208,91090272,91087157,91087271,91090515,91090574,NA,NA,NA,NA,NA,NA,NA,NA,NA,NA,NA,NA
"Pos_vs_Neg","SE","Skipped Exon","Psmd14","ENSMUSG00000026914","chr2","+",0.000814429725216651,0.667,"1.0,1.0,1.0","1.0,0.0,0.0",61594180,61594251,61590979,61591051,61607016,61607124,NA,NA,NA,NA,NA,NA,NA,NA,NA,NA,NA,NA
"Pos_vs_Neg","SE","Skipped Exon","Kyat1","ENSMUSG00000039648","chr2","-",0.0107400082948941,-0.13,"0.292,0.44,0.364","0.497,0.547,0.443",30087968,30088171,30084065,30084124,30095644,30095813,NA,NA,NA,NA,NA,NA,NA,NA,NA,NA,NA,NA
"Pos_vs_Neg","SE","Skipped Exon","Snx21","ENSMUSG00000050373","chr2","+",5.44145711601244e-08,-0.258,"0.841,0.758,0.626","1.0,1.0,1.0",164633477,164633488,164628617,164628768,164633632,164634407,NA,NA,NA,NA,NA,NA,NA,NA,NA,NA,NA,NA
"Pos_vs_Neg","SE","Skipped Exon","Zfp704","ENSMUSG00000040209","chr3","-",0.000896819636270911,-0.62,"0.176,0.0,0.478","0.714,0.8,1.0",9509218,9509402,9508883,9508966,9511019,9511124,NA,NA,NA,NA,NA,NA,NA,NA,NA,NA,NA,NA
"Pos_vs_Neg","SE","Skipped Exon","Nasp","ENSMUSG00000028693","chr4","-",7.96983474212042e-08,-0.19,"0.302,0.28,0.283","0.404,0.5,0.531",116467599,116468574,116462880,116462960,116469168,116469278,NA,NA,NA,NA,NA,NA,NA,NA,NA,NA,NA,NA
"Pos_vs_Neg","SE","Skipped Exon","Arfgap1","ENSMUSG00000027575","chr2","+",0,-0.268,"0.674,0.693,0.721","0.973,0.95,0.97",180620204,180620234,180619112,180619145,180620963,180621020,NA,NA,NA,NA,NA,NA,NA,NA,NA,NA,NA,NA
"Pos_vs_Neg","SE","Skipped Exon","Ccdc173","ENSMUSG00000070883","chr2","-",0.000914812175652254,-0.168,"1.0,0.823,0.673","1.0,1.0,1.0",69606473,69606613,69592065,69592230,69608403,69608560,NA,NA,NA,NA,NA,NA,NA,NA,NA,NA,NA,NA
"Pos_vs_Neg","SE","Skipped Exon","Txndc11","ENSMUSG00000022498","chr16","-",0.0164815437369444,0.272,"1.0,0.751,1.0","0.167,1.0,0.768",10940533,10940631,10909449,10909650,10952131,10952417,NA,NA,NA,NA,NA,NA,NA,NA,NA,NA,NA,NA
"Pos_vs_Neg","SE","Skipped Exon","Nbea","ENSMUSG00000027799","chr3","-",3.6374701663313e-05,-0.119,"0.783,0.758,0.744","0.899,0.845,0.898",55901468,55901477,55899754,55899935,55907907,55908061,NA,NA,NA,NA,NA,NA,NA,NA,NA,NA,NA,NA
"Pos_vs_Neg","SE","Skipped Exon","Rad23b","ENSMUSG00000028426","chr4","+",0.0411390337501097,0.522,"0.565,1.0,0.0","0.0,0.0,0.0",55368044,55368124,55350042,55350427,55378233,55378289,NA,NA,NA,NA,NA,NA,NA,NA,NA,NA,NA,NA
"Pos_vs_Neg","SE","Skipped Exon","Fxyd7","ENSMUSG00000036578","chr7","-",0.0329110538357381,-0.115,"0.969,0.613,1.0","1.0,1.0,0.928",30746797,30746827,30744377,30744452,30750780,30750828,NA,NA,NA,NA,NA,NA,NA,NA,NA,NA,NA,NA
"Pos_vs_Neg","SE","Skipped Exon","Srrt","ENSMUSG00000037364","chr5","-",0.0210002663750424,-0.113,"0.176,0.265,0.148","0.24,0.408,0.279",137299579,137299909,137298505,137298675,137300387,137300576,NA,NA,NA,NA,NA,NA,NA,NA,NA,NA,NA,NA
"Pos_vs_Neg","SE","Skipped Exon","Gm16008","ENSMUSG00000087381","chr4","-",0.000896819636270911,0.351,"0.466,0.586,0.183","0.097,0.086,0.0",156107847,156107897,156106464,156106769,156108156,156108294,NA,NA,NA,NA,NA,NA,NA,NA,NA,NA,NA,NA
"Pos_vs_Neg","SE","Skipped Exon","8430429K09Rik","ENSMUSG00000034587","chr11","+",3.1794001095412e-07,-0.579,"0.0,0.0,0.0","0.333,0.805,0.6",3403373,3403423,3402505,3402740,3421331,3421586,NA,NA,NA,NA,NA,NA,NA,NA,NA,NA,NA,NA
"Pos_vs_Neg","SE","Skipped Exon","1700123M08Rik","ENSMUSG00000085614","chr4","+",0.0346131315075927,0.103,"0.0,0.203,0.105","0.0,0.0,0.0",11973466,11973610,11966634,11966683,11976443,11976587,NA,NA,NA,NA,NA,NA,NA,NA,NA,NA,NA,NA
"Pos_vs_Neg","SE","Skipped Exon","Gramd1b","ENSMUSG00000040111","chr9","-",0.000154523090506098,-0.124,"0.105,0.134,0.071","0.173,0.332,0.177",40211735,40211747,40211284,40211392,40214793,40214884,NA,NA,NA,NA,NA,NA,NA,NA,NA,NA,NA,NA
"Pos_vs_Neg","SE","Skipped Exon","Camta1","ENSMUSG00000014592","chr4","-",0.0239561118587836,0.12,"1.0,1.0,0.897","0.68,0.858,1.0",151874864,151875010,151670871,151670939,151876875,151876959,NA,NA,NA,NA,NA,NA,NA,NA,NA,NA,NA,NA
"Pos_vs_Neg","SE","Skipped Exon","Inpp4a","ENSMUSG00000026113","chr1","+",0.00121854916777306,-0.178,"0.493,0.66,0.563","0.751,0.699,0.799",37413352,37413370,37411391,37411500,37416658,37416842,NA,NA,NA,NA,NA,NA,NA,NA,NA,NA,NA,NA
"Pos_vs_Neg","SE","Skipped Exon","Inpp4a","ENSMUSG00000026113","chr1","+",0.000252704296466011,-0.189,"0.116,0.166,0.179","0.344,0.285,0.4",37413355,37413370,37411391,37411500,37416658,37416842,NA,NA,NA,NA,NA,NA,NA,NA,NA,NA,NA,NA
"Pos_vs_Neg","SE","Skipped Exon","Hmbs","ENSMUSG00000032126","chr9","-",0.0303064698262631,0.245,"1.0,1.0,1.0","1.0,0.47,0.795",44248652,44248772,44247635,44248142,44249211,44249272,NA,NA,NA,NA,NA,NA,NA,NA,NA,NA,NA,NA
"Pos_vs_Neg","SE","Skipped Exon","Pxn","ENSMUSG00000029528","chr5","+",0.0240037690747515,-0.29,"0.5,0.5,1.0","1.0,0.871,1.0",115686340,115687171,115684871,115685007,115688179,115688446,NA,NA,NA,NA,NA,NA,NA,NA,NA,NA,NA,NA
"Pos_vs_Neg","SE","Skipped Exon","Garnl3","ENSMUSG00000038860","chr2","-",0.00255769030082452,-0.116,"0.818,1.0,0.833","1.0,1.0,1.0",32994864,32995035,32954015,32954090,33021602,33021662,NA,NA,NA,NA,NA,NA,NA,NA,NA,NA,NA,NA
"Pos_vs_Neg","SE","Skipped Exon","Anapc1","ENSMUSG00000014355","chr2","-",0.00263232914409416,0.155,"0.912,0.845,1.0","0.839,0.707,0.746",128520130,128520204,128518021,128518167,128526421,128526583,NA,NA,NA,NA,NA,NA,NA,NA,NA,NA,NA,NA
"Pos_vs_Neg","SE","Skipped Exon","Madd","ENSMUSG00000040687","chr2","-",1.14790077152693e-06,-0.173,"0.305,0.329,0.312","0.492,0.51,0.462",90971153,90971162,90970901,90970971,90973100,90973207,NA,NA,NA,NA,NA,NA,NA,NA,NA,NA,NA,NA
"Pos_vs_Neg","SE","Skipped Exon","Cbfa2t2","ENSMUSG00000038533","chr2","+",0.000647935356858483,-0.121,"0.466,0.516,0.458","0.572,0.659,0.571",154342319,154342463,154278400,154278556,154346472,154346697,NA,NA,NA,NA,NA,NA,NA,NA,NA,NA,NA,NA
"Pos_vs_Neg","SE","Skipped Exon","Necap2","ENSMUSG00000028923","chr4","-",0.0350007329997776,-0.201,"0.305,0.138,0.269","0.308,0.595,0.411",140798165,140798251,140797366,140797544,140799839,140799948,NA,NA,NA,NA,NA,NA,NA,NA,NA,NA,NA,NA
"Pos_vs_Neg","SE","Skipped Exon","Necap2","ENSMUSG00000028923","chr4","-",1.41263464364456e-08,-0.104,"0.839,0.786,0.782","0.885,0.934,0.899",140798891,140799006,140797392,140797544,140799839,140799948,NA,NA,NA,NA,NA,NA,NA,NA,NA,NA,NA,NA
"Pos_vs_Neg","SE","Skipped Exon","Necap2","ENSMUSG00000028923","chr4","-",3.70434516336733e-07,-0.122,"0.781,0.724,0.737","0.852,0.899,0.857",140798891,140799028,140797366,140797544,140799839,140799948,NA,NA,NA,NA,NA,NA,NA,NA,NA,NA,NA,NA
"Pos_vs_Neg","SE","Skipped Exon","Lin9","ENSMUSG00000058729","chr1","+",1.93841146336553e-05,0.125,"1.0,1.0,1.0","0.892,0.864,0.87",180479426,180479531,180475865,180475898,180486627,180486761,NA,NA,NA,NA,NA,NA,NA,NA,NA,NA,NA,NA
"Pos_vs_Neg","SE","Skipped Exon","Cog5","ENSMUSG00000035933","chr12","+",0.00571937809122985,0.108,"0.868,0.776,0.795","0.691,0.738,0.685",31887193,31887355,31883180,31883385,31889753,31889853,NA,NA,NA,NA,NA,NA,NA,NA,NA,NA,NA,NA
"Pos_vs_Neg","SE","Skipped Exon","Slc4a11","ENSMUSG00000074796","chr2","-",0.0246511933580573,-0.168,"0.635,0.79,0.87","0.894,0.973,0.932",130538567,130538675,130537960,130538023,130539278,130539389,NA,NA,NA,NA,NA,NA,NA,NA,NA,NA,NA,NA
"Pos_vs_Neg","SE","Skipped Exon","Nckap1","ENSMUSG00000027002","chr2","-",0,-0.163,"0.776,0.751,0.779","0.931,0.937,0.926",80401556,80401574,80400462,80400573,80411201,80411724,NA,NA,NA,NA,NA,NA,NA,NA,NA,NA,NA,NA
"Pos_vs_Neg","SE","Skipped Exon","Dclk2","ENSMUSG00000028078","chr3","-",1.79715101776171e-08,-0.198,"0.556,0.71,0.596","0.822,0.857,0.778",86738130,86738178,86731942,86732037,86739039,86739141,NA,NA,NA,NA,NA,NA,NA,NA,NA,NA,NA,NA
"Pos_vs_Neg","SE","Skipped Exon","Eno4","ENSMUSG00000048029","chr19","+",0.00196052010179909,0.115,"1.0,1.0,1.0","0.923,0.733,1.0",58952809,58953005,58951213,58951339,58956933,58957001,NA,NA,NA,NA,NA,NA,NA,NA,NA,NA,NA,NA
"Pos_vs_Neg","SE","Skipped Exon","Eno4","ENSMUSG00000048029","chr19","+",0.00495713972283347,0.226,"1.0,1.0,1.0","0.902,0.419,1.0",58952870,58953005,58951213,58951339,58956933,58957001,NA,NA,NA,NA,NA,NA,NA,NA,NA,NA,NA,NA
"Pos_vs_Neg","SE","Skipped Exon","Uap1","ENSMUSG00000026670","chr1","-",0,-0.241,"0.607,0.631,0.724","0.908,0.914,0.864",169975564,169975612,169970965,169971032,169976839,169977028,NA,NA,NA,NA,NA,NA,NA,NA,NA,NA,NA,NA
"Pos_vs_Neg","SE","Skipped Exon","Uap1","ENSMUSG00000026670","chr1","-",0,-0.134,"0.799,0.788,0.829","0.951,0.955,0.912",169975564,169975615,169970965,169971032,169976839,169977028,NA,NA,NA,NA,NA,NA,NA,NA,NA,NA,NA,NA
"Pos_vs_Neg","SE","Skipped Exon","Uap1","ENSMUSG00000026670","chr1","-",0.000193373276498341,0.176,"1.0,1.0,0.981","0.857,0.73,0.867",169976839,169977028,169970965,169971032,170002318,170002515,NA,NA,NA,NA,NA,NA,NA,NA,NA,NA,NA,NA
"Pos_vs_Neg","SE","Skipped Exon","Mfsd6","ENSMUSG00000041439","chr1","-",0.00377390186651676,-0.187,"0.422,0.637,0.481","0.721,0.652,0.729",52697857,52697882,52695685,52697704,52699965,52700246,NA,NA,NA,NA,NA,NA,NA,NA,NA,NA,NA,NA
"Pos_vs_Neg","SE","Skipped Exon","Ikzf4","ENSMUSG00000002578","chr10","-",0.0108491891559081,-0.382,"0.252,0.802,0.643","0.844,1.0,1.0",128479562,128479634,128478497,128478662,128479743,128479837,NA,NA,NA,NA,NA,NA,NA,NA,NA,NA,NA,NA
"Pos_vs_Neg","SE","Skipped Exon","Ikzf4","ENSMUSG00000002578","chr10","-",0.00587994035759194,-0.301,"0.47,0.63,0.535","0.856,0.917,0.766",128479743,128479837,128478497,128478602,128481589,128481695,NA,NA,NA,NA,NA,NA,NA,NA,NA,NA,NA,NA
"Pos_vs_Neg","SE","Skipped Exon","Ikzf4","ENSMUSG00000002578","chr10","-",0.000219243918470152,-0.304,"0.648,0.441,1.0","1.0,1.0,1.0",128479743,128479837,128479562,128479634,128481589,128481695,NA,NA,NA,NA,NA,NA,NA,NA,NA,NA,NA,NA
"Pos_vs_Neg","SE","Skipped Exon","Slc12a6","ENSMUSG00000027130","chr2","+",0.0047265639636303,-0.378,"0.167,0.456,0.434","0.793,0.689,0.709",112146585,112146630,112114921,112115150,112163727,112163822,NA,NA,NA,NA,NA,NA,NA,NA,NA,NA,NA,NA
"Pos_vs_Neg","SE","Skipped Exon","Cbarp","ENSMUSG00000035640","chr10","-",0.00373229191556747,-0.146,"0.61,0.551,0.554","0.685,0.746,0.723",79972538,79972577,79972183,79972328,79972707,79972772,NA,NA,NA,NA,NA,NA,NA,NA,NA,NA,NA,NA
"Pos_vs_Neg","SE","Skipped Exon","Magohb","ENSMUSG00000030188","chr6","-",0.00278327172359644,-0.11,"0.162,0.188,0.162","0.189,0.315,0.338",131268703,131268903,131266351,131266410,131270034,131270114,NA,NA,NA,NA,NA,NA,NA,NA,NA,NA,NA,NA
"Pos_vs_Neg","SE","Skipped Exon","Ift46","ENSMUSG00000002031","chr9","+",0.00170460865419152,0.315,"1.0,1.0,0.919","0.53,0.751,0.693",44685479,44685528,44684396,44684470,44689858,44689935,NA,NA,NA,NA,NA,NA,NA,NA,NA,NA,NA,NA
"Pos_vs_Neg","SE","Skipped Exon","Ift46","ENSMUSG00000002031","chr9","+",0.0155541238327883,0.404,"0.819,0.858,0.805","0.201,0.468,0.601",44685479,44685528,44684984,44685081,44687653,44687758,NA,NA,NA,NA,NA,NA,NA,NA,NA,NA,NA,NA
"Pos_vs_Neg","SE","Skipped Exon","Ift46","ENSMUSG00000002031","chr9","+",0.00427340291536276,0.342,"0.361,0.678,0.429","0.106,0.241,0.094",44685479,44685528,44684984,44685081,44689890,44689935,NA,NA,NA,NA,NA,NA,NA,NA,NA,NA,NA,NA
"Pos_vs_Neg","SE","Skipped Exon","Mapkbp1","ENSMUSG00000033902","chr2","+",3.85106681816142e-11,-0.168,"0.0,0.043,0.0","0.181,0.235,0.132",119843781,119843799,119843392,119843575,119844099,119844260,NA,NA,NA,NA,NA,NA,NA,NA,NA,NA,NA,NA
"Pos_vs_Neg","SE","Skipped Exon","Sucla2","ENSMUSG00000022110","chr14","+",0.000258957762910326,0.57,"1.0,1.0,0.682","0.243,0.728,0.0",73816795,73816924,73806073,73806173,73828196,73828358,NA,NA,NA,NA,NA,NA,NA,NA,NA,NA,NA,NA
"Pos_vs_Neg","SE","Skipped Exon","Slc25a26","ENSMUSG00000045100","chr6","+",0.0162460227255839,-0.208,"0.0,0.0,0.0","0.0,0.452,0.171",94541205,94541237,94512701,94512749,94541602,94541686,NA,NA,NA,NA,NA,NA,NA,NA,NA,NA,NA,NA
"Pos_vs_Neg","SE","Skipped Exon","Cbfa2t3","ENSMUSG00000006362","chr8","-",0.0383081524867089,0.124,"1.0,1.0,1.0","1.0,0.627,1.0",123377068,123377215,123370030,123370272,123425553,123425848,NA,NA,NA,NA,NA,NA,NA,NA,NA,NA,NA,NA
"Pos_vs_Neg","SE","Skipped Exon","Eldr","ENSMUSG00000087060","chr11","-",0.00820369672245555,-0.123,"0.787,0.848,0.819","0.881,1.0,0.943",16900881,16900930,16887372,16887484,16901019,16901082,NA,NA,NA,NA,NA,NA,NA,NA,NA,NA,NA,NA
"Pos_vs_Neg","SE","Skipped Exon","Gm34574","ENSMUSG00000112805","chr10","-",0.0314067741333238,0.333,"1.0,1.0,0.0","0.0,0.0,1.0",99062176,99062300,99058146,99058298,99062566,99062654,NA,NA,NA,NA,NA,NA,NA,NA,NA,NA,NA,NA
"Pos_vs_Neg","SE","Skipped Exon","Naxe","ENSMUSG00000028070","chr3","-",0.0117809489677695,0.104,"1.0,1.0,1.0","0.965,1.0,0.724",87965030,87965144,87963826,87964083,87965436,87965545,NA,NA,NA,NA,NA,NA,NA,NA,NA,NA,NA,NA
"Pos_vs_Neg","SE","Skipped Exon","Zfp661","ENSMUSG00000034800","chr2","-",1.25873711671669e-07,-0.243,"0.072,0.064,0.053","0.205,0.407,0.305",127423778,127423995,127423395,127423466,127426549,127426589,NA,NA,NA,NA,NA,NA,NA,NA,NA,NA,NA,NA
"Pos_vs_Neg","SE","Skipped Exon","Zfp661","ENSMUSG00000034800","chr2","-",0.00122196789332643,-0.163,"0.075,0.083,0.075","0.128,0.315,0.28",127423778,127423995,127423395,127423466,127426585,127426752,NA,NA,NA,NA,NA,NA,NA,NA,NA,NA,NA,NA
"Pos_vs_Neg","SE","Skipped Exon","Mtif3","ENSMUSG00000016510","chr5","-",0.00721883349920664,0.107,"0.281,0.304,0.314","0.225,0.18,0.174",146900030,146900190,146895634,146896086,146900532,146900597,NA,NA,NA,NA,NA,NA,NA,NA,NA,NA,NA,NA
"Pos_vs_Neg","SE","Skipped Exon","Map2","ENSMUSG00000015222","chr1","+",0.00746408703268281,0.109,"1.0,0.941,0.966","0.826,0.855,0.898",66232277,66232340,66214629,66214857,66290820,66290871,NA,NA,NA,NA,NA,NA,NA,NA,NA,NA,NA,NA
"Pos_vs_Neg","SE","Skipped Exon","Map2","ENSMUSG00000015222","chr1","+",0.00802791360446945,-0.667,"0.0,0.0,0.0","1.0,1.0,0.0",66446744,66446981,66440602,66440680,66449732,66449978,NA,NA,NA,NA,NA,NA,NA,NA,NA,NA,NA,NA
"Pos_vs_Neg","SE","Skipped Exon","Glb1l","ENSMUSG00000026200","chr1","-",0.0357977499146828,-0.198,"0.406,1.0,1.0","1.0,1.0,1.0",75178386,75178505,75178042,75178117,75178693,75178734,NA,NA,NA,NA,NA,NA,NA,NA,NA,NA,NA,NA
"Pos_vs_Neg","SE","Skipped Exon","Dennd1b","ENSMUSG00000056268","chr1","+",0.0124725680357268,0.103,"1.0,0.827,1.0","0.926,0.817,0.774",139008910,139009011,138990598,138990709,139029705,139029831,NA,NA,NA,NA,NA,NA,NA,NA,NA,NA,NA,NA
"Pos_vs_Neg","SE","Skipped Exon","Dennd1b","ENSMUSG00000056268","chr1","+",0.00126157375613877,0.212,"1.0,0.896,1.0","0.867,0.704,0.69",139018191,139018293,138990598,138990709,139029705,139029831,NA,NA,NA,NA,NA,NA,NA,NA,NA,NA,NA,NA
"Pos_vs_Neg","SE","Skipped Exon","Gm2237","ENSMUSG00000093979","chr14","-",0.0320830657553067,-0.125,"1.0,1.0,0.547","1.0,1.0,0.923",19620388,19620523,19619493,19619656,19630274,19630425,NA,NA,NA,NA,NA,NA,NA,NA,NA,NA,NA,NA
"Pos_vs_Neg","SE","Skipped Exon","Gm13563","ENSMUSG00000085767","chr2","+",0.0270992893400042,0.299,"0.3,0.481,0.44","0.0,0.067,0.257",26278253,26278404,26277609,26277794,26278565,26279030,NA,NA,NA,NA,NA,NA,NA,NA,NA,NA,NA,NA
"Pos_vs_Neg","SE","Skipped Exon","Gm5535","ENSMUSG00000074758","chr2","-",8.19011244387368e-05,-0.159,"0.206,0.22,0.159","0.323,0.411,0.329",144031060,144031153,144016446,144016664,144032846,144032967,NA,NA,NA,NA,NA,NA,NA,NA,NA,NA,NA,NA
"Pos_vs_Neg","SE","Skipped Exon","Mthfsl","ENSMUSG00000079427","chr9","-",0.0021831083196668,0.228,"0.251,0.0,0.434","0.0,0.0,0.0",88576312,88576385,88570744,88571038,88601711,88601866,NA,NA,NA,NA,NA,NA,NA,NA,NA,NA,NA,NA
"Pos_vs_Neg","SE","Skipped Exon","Crlf2","ENSMUSG00000033467","chr5","-",0.00292152621721098,-0.117,"0.632,0.689,0.659","0.774,0.807,0.751",109703372,109703526,109703138,109703223,109703884,109704047,NA,NA,NA,NA,NA,NA,NA,NA,NA,NA,NA,NA
"Pos_vs_Neg","SE","Skipped Exon","Adgrb2","ENSMUSG00000028782","chr4","+",0.00997948038662089,-0.11,"0.848,0.789,0.892","1.0,0.963,0.896",129899182,129899347,129898817,129898901,129900544,129900709,NA,NA,NA,NA,NA,NA,NA,NA,NA,NA,NA,NA
"Pos_vs_Neg","SE","Skipped Exon","Espn","ENSMUSG00000028943","chr4","-",0.0140613865457135,-0.15,"0.577,0.611,0.66","0.716,0.764,0.819",152215508,152215751,152215225,152215418,152218617,152218889,NA,NA,NA,NA,NA,NA,NA,NA,NA,NA,NA,NA
"Pos_vs_Neg","SE","Skipped Exon","Espn","ENSMUSG00000028943","chr4","-",0.0337159533351169,0.209,"0.804,0.823,0.84","0.668,0.469,0.704",152217380,152217413,152215508,152215751,152218617,152218898,NA,NA,NA,NA,NA,NA,NA,NA,NA,NA,NA,NA
"Pos_vs_Neg","SE","Skipped Exon","Dtnbp1","ENSMUSG00000057531","chr13","-",0.000842327951287962,0.254,"1.0,0.905,1.0","0.5,0.875,0.769",45152995,45153190,45149306,45149482,45155392,45155528,NA,NA,NA,NA,NA,NA,NA,NA,NA,NA,NA,NA
"Pos_vs_Neg","SE","Skipped Exon","Ttc3","ENSMUSG00000040785","chr16","+",7.36602437222786e-05,-0.148,"0.636,0.643,0.576","0.741,0.761,0.796",94188195,94188249,94186194,94186282,94189123,94189244,NA,NA,NA,NA,NA,NA,NA,NA,NA,NA,NA,NA
"Pos_vs_Neg","SE","Skipped Exon","Rbm39","ENSMUSG00000027620","chr2","-",0.00250028780972122,-0.2,"0.282,0.398,0.259","0.572,0.451,0.515",156018322,156018377,156016016,156016088,156019255,156019305,NA,NA,NA,NA,NA,NA,NA,NA,NA,NA,NA,NA
"Pos_vs_Neg","SE","Skipped Exon","Kif1b","ENSMUSG00000063077","chr4","-",0,-0.278,"0.628,0.508,0.593","0.843,0.866,0.855",149345616,149345658,149342326,149342460,149346592,149346735,NA,NA,NA,NA,NA,NA,NA,NA,NA,NA,NA,NA
"Pos_vs_Neg","SE","Skipped Exon","Kif1b","ENSMUSG00000063077","chr4","-",0.0115335664114931,-0.102,"0.838,0.687,0.765","0.833,0.909,0.854",149345616,149345658,149342326,149342538,149346592,149346735,NA,NA,NA,NA,NA,NA,NA,NA,NA,NA,NA,NA
"Pos_vs_Neg","SE","Skipped Exon","Kif1b","ENSMUSG00000063077","chr4","-",0,-0.124,"0.887,0.88,0.858","0.998,1.0,1.0",149349801,149349819,149348071,149348147,149350708,149350774,NA,NA,NA,NA,NA,NA,NA,NA,NA,NA,NA,NA
"Pos_vs_Neg","SE","Skipped Exon","Epb41l1","ENSMUSG00000027624","chr2","+",0,-0.122,"0.843,0.868,0.851","0.981,0.965,0.981",156353704,156353740,156352652,156352801,156355947,156356130,NA,NA,NA,NA,NA,NA,NA,NA,NA,NA,NA,NA
"Pos_vs_Neg","SE","Skipped Exon","AI480526","ENSMUSG00000090086","chr5","-",0.0225767621450179,0.343,"1.0,0.779,1.0","1.0,0.282,0.469",123272676,123272780,123272394,123272464,123276017,123276129,NA,NA,NA,NA,NA,NA,NA,NA,NA,NA,NA,NA
"Pos_vs_Neg","SE","Skipped Exon","AI480526","ENSMUSG00000090086","chr5","-",0.0211223184339865,0.339,"1.0,0.786,1.0","1.0,0.29,0.479",123272686,123272780,123271789,123272464,123276017,123276083,NA,NA,NA,NA,NA,NA,NA,NA,NA,NA,NA,NA
"Pos_vs_Neg","SE","Skipped Exon","Ndufb5","ENSMUSG00000027673","chr3","+",0.0326369595299547,-0.418,"0.0,0.0,0.25","0.231,0.273,1.0",32801745,32801938,32800596,32800663,32805177,32805395,NA,NA,NA,NA,NA,NA,NA,NA,NA,NA,NA,NA
"Pos_vs_Neg","SE","Skipped Exon","Arhgef1","ENSMUSG00000040940","chr7","+",0.000349549322964765,-0.142,"0.022,0.049,0.0","0.167,0.225,0.104",24617944,24617956,24617319,24617425,24618608,24618776,NA,NA,NA,NA,NA,NA,NA,NA,NA,NA,NA,NA
"Pos_vs_Neg","SE","Skipped Exon","Mtch2","ENSMUSG00000027282","chr2","+",0,-0.257,"0.644,0.785,0.68","0.942,0.978,0.959",90683159,90683210,90679941,90680048,90683394,90683457,NA,NA,NA,NA,NA,NA,NA,NA,NA,NA,NA,NA
"Pos_vs_Neg","SE","Skipped Exon","Macf1","ENSMUSG00000028649","chr4","-",0,-0.159,"0.838,0.846,0.814","0.975,1.0,1.0",123257849,123257867,123254702,123254820,123259065,123259140,NA,NA,NA,NA,NA,NA,NA,NA,NA,NA,NA,NA
"Pos_vs_Neg","SE","Skipped Exon","Macf1","ENSMUSG00000028649","chr4","-",0.00175667619456934,0.107,"0.87,0.909,0.959","0.91,0.737,0.771",123290886,123291213,123289705,123289790,123291540,123291700,NA,NA,NA,NA,NA,NA,NA,NA,NA,NA,NA,NA
"Pos_vs_Neg","SE","Skipped Exon","Pkig","ENSMUSG00000035268","chr2","+",0.0108302449941768,0.103,"0.215,0.344,0.299","0.175,0.182,0.191",163501069,163501155,163500334,163500412,163563047,163563118,NA,NA,NA,NA,NA,NA,NA,NA,NA,NA,NA,NA
"Pos_vs_Neg","SE","Skipped Exon","Pkig","ENSMUSG00000035268","chr2","+",0.0188448515466374,0.126,"0.578,0.61,0.642","0.475,0.521,0.457",163501069,163501155,163500377,163500579,163545405,163545475,NA,NA,NA,NA,NA,NA,NA,NA,NA,NA,NA,NA
"Pos_vs_Neg","SE","Skipped Exon","5031425E22Rik","ENSMUSG00000073147","chr5","-",0.001306902753788,0.425,"1.0,1.0,1.0","1.0,0.171,0.554",23608723,23608814,23589143,23590170,23638207,23638300,NA,NA,NA,NA,NA,NA,NA,NA,NA,NA,NA,NA
"Pos_vs_Neg","SE","Skipped Exon","5031425E22Rik","ENSMUSG00000073147","chr5","-",0.0445204168401057,-0.305,"0.66,0.425,1.0","1.0,1.0,1.0",23628221,23628341,23627298,23627900,23638207,23638872,NA,NA,NA,NA,NA,NA,NA,NA,NA,NA,NA,NA
"Pos_vs_Neg","SE","Skipped Exon","Sys1","ENSMUSG00000045503","chr2","+",0.010770730192885,-0.287,"0.446,0.0,1.0","0.79,0.517,1.0",164299888,164300017,164299007,164299042,164302682,164303040,NA,NA,NA,NA,NA,NA,NA,NA,NA,NA,NA,NA
"Pos_vs_Neg","SE","Skipped Exon","Catsperg1","ENSMUSG00000049676","chr7","-",1.23862546367178e-07,0.565,"1.0,1.0,1.0","0.238,0.416,0.652",28884103,28884193,28881661,28881754,28884419,28884515,NA,NA,NA,NA,NA,NA,NA,NA,NA,NA,NA,NA
"Pos_vs_Neg","SE","Skipped Exon","Catsperg1","ENSMUSG00000049676","chr7","-",1.42237123257079e-05,-0.49,"0.605,0.065,0.859","1.0,1.0,1.0",28889637,28889756,28889371,28889452,28890151,28890214,NA,NA,NA,NA,NA,NA,NA,NA,NA,NA,NA,NA
"Pos_vs_Neg","SE","Skipped Exon","Catsperg1","ENSMUSG00000049676","chr7","-",8.67423866031201e-05,-0.334,"0.784,0.304,0.909","1.0,1.0,1.0",28889637,28890060,28889371,28889452,28890151,28890214,NA,NA,NA,NA,NA,NA,NA,NA,NA,NA,NA,NA
"Pos_vs_Neg","SE","Skipped Exon","Catsperg1","ENSMUSG00000049676","chr7","-",4.22478672922482e-07,-0.377,"0.537,0.457,0.631","0.797,1.0,0.958",28897773,28897833,28897537,28897645,28899541,28899679,NA,NA,NA,NA,NA,NA,NA,NA,NA,NA,NA,NA
"Pos_vs_Neg","SE","Skipped Exon","Deaf1","ENSMUSG00000058886","chr7","-",0.000146428727956967,-0.171,"0.227,0.275,0.296","0.362,0.477,0.472",140904354,140904529,140903994,140904092,140907191,140907497,NA,NA,NA,NA,NA,NA,NA,NA,NA,NA,NA,NA
"Pos_vs_Neg","SE","Skipped Exon","Slc35c2","ENSMUSG00000017664","chr2","-",0.00073531245564428,0.21,"0.231,0.333,0.143","0.0,0.0,0.077",165122705,165122874,165120160,165120336,165124702,165124782,NA,NA,NA,NA,NA,NA,NA,NA,NA,NA,NA,NA
"Pos_vs_Neg","SE","Skipped Exon","Serbp1","ENSMUSG00000036371","chr6","+",0.0346609758249261,0.4,"1.0,1.0,0.823","0.0,0.623,1.0",67249140,67249216,67248181,67248313,67249847,67250994,NA,NA,NA,NA,NA,NA,NA,NA,NA,NA,NA,NA
"Pos_vs_Neg","SE","Skipped Exon","Ociad1","ENSMUSG00000029152","chr5","+",0.00223515626714505,0.116,"0.974,0.966,0.806","0.781,0.817,0.801",73451308,73451353,73450149,73450319,73452268,73452322,NA,NA,NA,NA,NA,NA,NA,NA,NA,NA,NA,NA
"Pos_vs_Neg","SE","Skipped Exon","Arfip1","ENSMUSG00000074513","chr3","-",6.9968985842982e-06,0.583,"1.0,1.0,0.75","1.0,0.0,0.0",84422939,84423097,84403399,84405198,84434992,84435105,NA,NA,NA,NA,NA,NA,NA,NA,NA,NA,NA,NA
"Pos_vs_Neg","SE","Skipped Exon","Arfip1","ENSMUSG00000074513","chr3","-",0.000361567822171852,0.232,"1.0,1.0,1.0","0.6,1.0,0.704",84426788,84427010,84417114,84417289,84455240,84455342,NA,NA,NA,NA,NA,NA,NA,NA,NA,NA,NA,NA
"Pos_vs_Neg","SE","Skipped Exon","Rbms1","ENSMUSG00000026970","chr2","-",3.42733422396244e-06,-0.622,"0.481,0.481,0.171","1.0,1.0,1.0",60623032,60623124,60593579,60593686,60672640,60672816,NA,NA,NA,NA,NA,NA,NA,NA,NA,NA,NA,NA
"Pos_vs_Neg","SE","Skipped Exon","Cep128","ENSMUSG00000061533","chr12","-",0.00237491147002178,-0.203,"0.857,1.0,0.535","1.0,1.0,1.0",91222348,91222513,91200817,91200994,91226759,91227410,NA,NA,NA,NA,NA,NA,NA,NA,NA,NA,NA,NA
"Pos_vs_Neg","SE","Skipped Exon","Rtel1","ENSMUSG00000038685","chr2","+",0.00337359324530532,-0.191,"0.446,0.557,0.431","0.61,0.681,0.715",180996801,180996918,180996145,180996235,180997120,180997345,NA,NA,NA,NA,NA,NA,NA,NA,NA,NA,NA,NA
"Pos_vs_Neg","SE","Skipped Exon","Nrbp1","ENSMUSG00000029148","chr5","+",1.65308777446094e-06,-0.113,"0.147,0.161,0.186","0.285,0.271,0.278",31403665,31403689,31403094,31403189,31404685,31404769,NA,NA,NA,NA,NA,NA,NA,NA,NA,NA,NA,NA
"Pos_vs_Neg","SE","Skipped Exon","Uckl1","ENSMUSG00000089917","chr2","-",3.7618033328956e-05,0.37,"1.0,1.0,1.0","0.558,0.514,0.819",181211925,181211973,181211488,181211596,181212101,181212195,NA,NA,NA,NA,NA,NA,NA,NA,NA,NA,NA,NA
"Pos_vs_Neg","SE","Skipped Exon","Ankrd6","ENSMUSG00000040183","chr4","-",0.00099864061728157,-0.16,"0.771,0.75,1.0","1.0,1.0,1.0",32874206,32874370,32836334,32836433,32950746,32950841,NA,NA,NA,NA,NA,NA,NA,NA,NA,NA,NA,NA
"Pos_vs_Neg","SE","Skipped Exon","Oprl1","ENSMUSG00000027584","chr2","+",3.60864647347113e-05,0.411,"0.71,0.379,0.213","0.069,0.0,0.0",181358294,181358328,181357482,181357739,181359747,181359886,NA,NA,NA,NA,NA,NA,NA,NA,NA,NA,NA,NA
"Pos_vs_Neg","SE","Skipped Exon","Sppl2a","ENSMUSG00000027366","chr2","-",0.0278196015852456,-0.194,"0.191,0.228,1.0","1.0,1.0,0.0",126754562,126754665,126746829,126746990,126759130,126759205,NA,NA,NA,NA,NA,NA,NA,NA,NA,NA,NA,NA
"Pos_vs_Neg","SE","Skipped Exon","Catsper2","ENSMUSG00000033486","chr2","-",0.0298700632225146,-0.273,"0.0,0.0,0.091","0.75,0.161,0.0",121230524,121230703,121229926,121229950,121240618,121240687,NA,NA,NA,NA,NA,NA,NA,NA,NA,NA,NA,NA
"Pos_vs_Neg","SE","Skipped Exon","Catsper2","ENSMUSG00000033486","chr2","-",0.00315598847274262,-0.147,"0.0,0.0,0.059","0.333,0.167,0.0",121230524,121230703,121230217,121230317,121240618,121240687,NA,NA,NA,NA,NA,NA,NA,NA,NA,NA,NA,NA
"Pos_vs_Neg","SE","Skipped Exon","Catsper2","ENSMUSG00000033486","chr2","-",0.00591807627232753,0.336,"1.0,1.0,0.62","0.432,0.179,1.0",121236809,121236934,121230524,121230703,121240618,121240687,NA,NA,NA,NA,NA,NA,NA,NA,NA,NA,NA,NA
"Pos_vs_Neg","SE","Skipped Exon","Ythdf3","ENSMUSG00000047213","chr3","+",0.0263310479789357,-0.129,"0.89,0.65,0.862","0.886,0.95,0.952",16241130,16241279,16237399,16237684,16243641,16243727,NA,NA,NA,NA,NA,NA,NA,NA,NA,NA,NA,NA
"Pos_vs_Neg","SE","Skipped Exon","Fxr1","ENSMUSG00000027680","chr3","+",0.0199785564057545,0.263,"0.381,0.425,0.349","0.102,0.232,0.032",34093675,34093728,34074091,34074312,34100180,34100252,NA,NA,NA,NA,NA,NA,NA,NA,NA,NA,NA,NA
"Pos_vs_Neg","SE","Skipped Exon","Phf21a","ENSMUSG00000058318","chr2","+",0.0263009525677827,-0.175,"0.559,0.532,0.644","0.7,0.728,0.833",92017388,92017753,92016809,92016954,92044393,92044434,NA,NA,NA,NA,NA,NA,NA,NA,NA,NA,NA,NA
"Pos_vs_Neg","SE","Skipped Exon","2210408F21Rik","ENSMUSG00000087380","chr6","+",8.28215413338807e-06,-0.179,"0.354,0.4,0.321","0.51,0.527,0.574",31313709,31313792,31312925,31312997,31314164,31314325,NA,NA,NA,NA,NA,NA,NA,NA,NA,NA,NA,NA
"Pos_vs_Neg","SE","Skipped Exon","2210408F21Rik","ENSMUSG00000087380","chr6","+",9.74865951863504e-07,-0.138,"0.658,0.675,0.627","0.785,0.791,0.799",31313738,31313792,31312925,31312997,31314164,31314182,NA,NA,NA,NA,NA,NA,NA,NA,NA,NA,NA,NA
"Pos_vs_Neg","SE","Skipped Exon","Pxylp1","ENSMUSG00000043587","chr9","-",0.000165986226536126,-0.667,"0.0,0.0,0.0","0.0,1.0,1.0",96741950,96742019,96738420,96738552,96742843,96743079,NA,NA,NA,NA,NA,NA,NA,NA,NA,NA,NA,NA
"Pos_vs_Neg","SE","Skipped Exon","Mmaa","ENSMUSG00000037022","chr8","-",0.000369365408890648,-0.375,"0.385,0.565,0.481","0.957,0.922,0.676",80010837,80011075,80007809,80008283,80021174,80021309,NA,NA,NA,NA,NA,NA,NA,NA,NA,NA,NA,NA
"Pos_vs_Neg","SE","Skipped Exon","Camk2d","ENSMUSG00000053819","chr3","+",6.27218361719902e-10,-0.692,"0.234,0.234,0.456","1.0,1.0,1.0",126565422,126565495,126561162,126561228,126574008,126574111,NA,NA,NA,NA,NA,NA,NA,NA,NA,NA,NA,NA
"Pos_vs_Neg","SE","Skipped Exon","Camk2d","ENSMUSG00000053819","chr3","+",0.00667623589845683,-0.277,"0.806,0.438,0.686","1.0,0.937,0.824",126601856,126601898,126599505,126599565,126604287,126604336,NA,NA,NA,NA,NA,NA,NA,NA,NA,NA,NA,NA
"Pos_vs_Neg","SE","Skipped Exon","Gapvd1","ENSMUSG00000026867","chr2","-",3.54958905198981e-07,-0.172,"0.331,0.346,0.344","0.575,0.467,0.495",34612949,34613030,34610579,34610740,34615054,34615244,NA,NA,NA,NA,NA,NA,NA,NA,NA,NA,NA,NA
"Pos_vs_Neg","SE","Skipped Exon","Ccnl1","ENSMUSG00000027829","chr3","-",1.85374520660541e-05,-0.13,"0.25,0.189,0.274","0.349,0.375,0.378",65857445,65857647,65856111,65856211,65857900,65857965,NA,NA,NA,NA,NA,NA,NA,NA,NA,NA,NA,NA
"Pos_vs_Neg","SE","Skipped Exon","Kazald1","ENSMUSG00000025213","chr19","+",0.0106094735709404,-0.104,"0.705,0.761,0.699","0.807,0.808,0.862",45065079,45065652,45064633,45064675,45066734,45066895,NA,NA,NA,NA,NA,NA,NA,NA,NA,NA,NA,NA
"Pos_vs_Neg","SE","Skipped Exon","Bltp1","ENSMUSG00000037270","chr3","+",1.80252763013684e-08,-0.203,"0.702,0.618,0.71","0.907,0.814,0.918",37046825,37046876,37043943,37044037,37048923,37049130,NA,NA,NA,NA,NA,NA,NA,NA,NA,NA,NA,NA
"Pos_vs_Neg","SE","Skipped Exon","Wsb1","ENSMUSG00000017677","chr11","-",0.000113318206268625,-0.23,"0.302,0.412,0.269","0.444,0.644,0.585",79134225,79134401,79132809,79132982,79135288,79135389,NA,NA,NA,NA,NA,NA,NA,NA,NA,NA,NA,NA
"Pos_vs_Neg","SE","Skipped Exon","Mef2a","ENSMUSG00000030557","chr7","-",0,-0.242,"0.282,0.295,0.314","0.569,0.503,0.546",66894268,66894292,66890061,66890188,66901404,66901490,NA,NA,NA,NA,NA,NA,NA,NA,NA,NA,NA,NA
"Pos_vs_Neg","SE","Skipped Exon","Ccdc163","ENSMUSG00000028689","chr4","+",0.0490755104989157,0.13,"0.932,0.963,1.0","0.755,0.854,0.896",116568507,116568575,116567297,116567481,116571212,116571346,NA,NA,NA,NA,NA,NA,NA,NA,NA,NA,NA,NA
"Pos_vs_Neg","SE","Skipped Exon","Mamdc4","ENSMUSG00000026941","chr2","-",0.0460792747549295,-0.2,"0.724,1.0,0.677","1.0,1.0,1.0",25456257,25456392,25456031,25456168,25456463,25456580,NA,NA,NA,NA,NA,NA,NA,NA,NA,NA,NA,NA
"Pos_vs_Neg","SE","Skipped Exon","Pkhd1","ENSMUSG00000043760","chr1","-",0.0145209614354347,0.35,"1.0,0.8,1.0","0.5,1.0,0.25",20573165,20573316,20520444,20520601,20579116,20579336,NA,NA,NA,NA,NA,NA,NA,NA,NA,NA,NA,NA
"Pos_vs_Neg","SE","Skipped Exon","Crybg2","ENSMUSG00000012123","chr4","+",0.0255159164935263,-0.121,"0.768,0.803,0.856","0.929,0.915,0.947",133819360,133819520,133816582,133818547,133819629,133819697,NA,NA,NA,NA,NA,NA,NA,NA,NA,NA,NA,NA
"Pos_vs_Neg","SE","Skipped Exon","St3gal3","ENSMUSG00000028538","chr4","-",0.00967476277854547,0.242,"1.0,0.861,0.859","0.666,0.592,0.735",117814631,117814715,117789356,117790333,117815624,117815811,NA,NA,NA,NA,NA,NA,NA,NA,NA,NA,NA,NA
"Pos_vs_Neg","SE","Skipped Exon","ENSMUSG00000121374","ENSMUSG00000121374","chr7","+",0.0369561694635762,0.124,"0.857,1.0,1.0","0.634,0.852,1.0",29656384,29656459,29653087,29653381,29660317,29660444,NA,NA,NA,NA,NA,NA,NA,NA,NA,NA,NA,NA
"Pos_vs_Neg","SE","Skipped Exon","Nrxn3","ENSMUSG00000066392","chr12","+",0.00775182702475399,-0.107,"1.0,0.679,1.0","1.0,1.0,1.0",88799322,88799340,88761273,88762663,88817048,88817078,NA,NA,NA,NA,NA,NA,NA,NA,NA,NA,NA,NA
"Pos_vs_Neg","SE","Skipped Exon","Pde1c","ENSMUSG00000004347","chr6","-",0.00127879287403573,-0.14,"0.0,0.0,0.0","0.185,0.167,0.067",56059355,56059560,56059022,56059173,56068347,56068416,NA,NA,NA,NA,NA,NA,NA,NA,NA,NA,NA,NA
"Pos_vs_Neg","SE","Skipped Exon","Lsm5","ENSMUSG00000091625","chr6","-",0.0129574182927375,-0.161,"0.711,0.64,0.721","0.888,0.781,0.886",56680298,56680394,56679080,56679153,56681607,56681668,NA,NA,NA,NA,NA,NA,NA,NA,NA,NA,NA,NA
"Pos_vs_Neg","SE","Skipped Exon","Lsm5","ENSMUSG00000091625","chr6","-",0.00838174555800075,-0.156,"0.722,0.655,0.736","0.874,0.81,0.896",56680302,56680394,56679080,56679153,56681607,56681641,NA,NA,NA,NA,NA,NA,NA,NA,NA,NA,NA,NA
"Pos_vs_Neg","SE","Skipped Exon","Nrd1","ENSMUSG00000053510","chr4","+",0.00822731703764755,-0.216,"0.568,0.873,0.787","1.0,0.875,1.0",108873848,108873982,108870706,108871037,108874823,108874893,NA,NA,NA,NA,NA,NA,NA,NA,NA,NA,NA,NA
"Pos_vs_Neg","SE","Skipped Exon","Tnfsf13b","ENSMUSG00000031497","chr8","+",7.28627458815575e-05,-0.199,"0.904,0.717,0.783","1.0,1.0,1.0",10071372,10071429,10057249,10057334,10081309,10081422,NA,NA,NA,NA,NA,NA,NA,NA,NA,NA,NA,NA
"Pos_vs_Neg","SE","Skipped Exon","Tnfsf13b","ENSMUSG00000031497","chr8","+",2.55195759703958e-08,-0.659,"0.693,0.086,0.244","1.0,1.0,1.0",10071372,10071487,10057249,10057334,10081309,10081422,NA,NA,NA,NA,NA,NA,NA,NA,NA,NA,NA,NA
"Pos_vs_Neg","SE","Skipped Exon","Caprin2","ENSMUSG00000030309","chr6","-",3.35037380712671e-05,-0.243,"0.532,0.557,0.512","0.855,0.689,0.787",148770486,148771143,148767327,148767450,148772110,148772154,NA,NA,NA,NA,NA,NA,NA,NA,NA,NA,NA,NA
"Pos_vs_Neg","SE","Skipped Exon","Fmnl3","ENSMUSG00000023008","chr15","-",0.00363831511033891,-0.143,"0.478,0.399,0.367","0.539,0.617,0.517",99226974,99227057,99225724,99226047,99227160,99227313,NA,NA,NA,NA,NA,NA,NA,NA,NA,NA,NA,NA
"Pos_vs_Neg","SE","Skipped Exon","Socs7","ENSMUSG00000038485","chr11","+",0.0032657661717573,-0.158,"0.154,0.16,0.102","0.239,0.396,0.255",97267822,97267924,97263891,97263956,97268761,97268892,NA,NA,NA,NA,NA,NA,NA,NA,NA,NA,NA,NA
"Pos_vs_Neg","SE","Skipped Exon","Brme1","ENSMUSG00000008129","chr8","+",0.00266204982412198,0.189,"1.0,1.0,0.701","0.54,1.0,0.595",84888928,84889033,84887841,84887920,84893209,84894319,NA,NA,NA,NA,NA,NA,NA,NA,NA,NA,NA,NA
"Pos_vs_Neg","SE","Skipped Exon","Dctn1","ENSMUSG00000031865","chr6","+",7.50198519159827e-07,-0.131,"0.783,0.82,0.811","0.921,0.955,0.931",83160917,83160938,83160280,83160315,83163409,83163427,NA,NA,NA,NA,NA,NA,NA,NA,NA,NA,NA,NA
"Pos_vs_Neg","SE","Skipped Exon","Dctn1","ENSMUSG00000031865","chr6","+",1.27740298289617e-05,-0.217,"0.664,0.579,0.717","0.837,0.92,0.854",83160917,83160938,83160280,83160315,83164745,83164766,NA,NA,NA,NA,NA,NA,NA,NA,NA,NA,NA,NA
"Pos_vs_Neg","SE","Skipped Exon","Dctn1","ENSMUSG00000031865","chr6","+",0,-0.179,"0.206,0.195,0.238","0.415,0.365,0.395",83160917,83160938,83160280,83160315,83166058,83166135,NA,NA,NA,NA,NA,NA,NA,NA,NA,NA,NA,NA
"Pos_vs_Neg","SE","Skipped Exon","Dctn1","ENSMUSG00000031865","chr6","+",0,-0.18,"0.741,0.706,0.685","0.871,0.918,0.882",83174300,83174315,83172922,83173089,83174472,83174606,NA,NA,NA,NA,NA,NA,NA,NA,NA,NA,NA,NA
"Pos_vs_Neg","SE","Skipped Exon","Nadsyn1","ENSMUSG00000031090","chr7","-",0.00313788311464985,-0.157,"0.671,0.604,0.673","0.822,0.773,0.825",143366226,143366344,143364905,143365037,143366499,143366588,NA,NA,NA,NA,NA,NA,NA,NA,NA,NA,NA,NA
"Pos_vs_Neg","SE","Skipped Exon","Nrxn2","ENSMUSG00000033768","chr19","+",0.0467283876167216,-0.158,"0.735,0.769,0.684","0.781,0.915,0.966",6498284,6498314,6493660,6493678,6500560,6500629,NA,NA,NA,NA,NA,NA,NA,NA,NA,NA,NA,NA
"Pos_vs_Neg","SE","Skipped Exon","Ccnd3","ENSMUSG00000034165","chr17","+",0.00246079124799553,0.277,"1.0,0.836,0.918","0.648,0.575,0.701",47889633,47889717,47815975,47816191,47904533,47904777,NA,NA,NA,NA,NA,NA,NA,NA,NA,NA,NA,NA
"Pos_vs_Neg","SE","Skipped Exon","Immt","ENSMUSG00000052337","chr6","+",0.0417284214633947,-0.105,"0.874,0.811,0.686","0.927,0.959,0.801",71829749,71829851,71828755,71828864,71833895,71833939,NA,NA,NA,NA,NA,NA,NA,NA,NA,NA,NA,NA
"Pos_vs_Neg","SE","Skipped Exon","Eif4g3","ENSMUSG00000028760","chr4","+",0.0412773192079174,-0.202,"0.038,0.099,0.103","0.242,0.137,0.467",137823219,137823240,137785259,137785388,137824062,137824242,NA,NA,NA,NA,NA,NA,NA,NA,NA,NA,NA,NA
"Pos_vs_Neg","SE","Skipped Exon","Sema4f","ENSMUSG00000000627","chr6","-",0.000334803928461534,-0.159,"1.0,0.731,0.793","1.0,1.0,1.0",82907878,82907972,82896543,82896663,82912875,82912935,NA,NA,NA,NA,NA,NA,NA,NA,NA,NA,NA,NA
"Pos_vs_Neg","SE","Skipped Exon","Ccdc142os","ENSMUSG00000087578","chr6","-",4.58664682914052e-06,-0.347,"0.478,0.789,0.692","1.0,1.0,1.0",83084723,83084895,83083847,83084171,83085864,83085968,NA,NA,NA,NA,NA,NA,NA,NA,NA,NA,NA,NA
"Pos_vs_Neg","SE","Skipped Exon","Dysf","ENSMUSG00000033788","chr6","+",2.224097469818e-09,-0.143,"0.903,0.777,0.891","1.0,1.0,1.0",84073458,84073500,84064773,84064856,84074689,84074805,NA,NA,NA,NA,NA,NA,NA,NA,NA,NA,NA,NA
"Pos_vs_Neg","SE","Skipped Exon","Dysf","ENSMUSG00000033788","chr6","+",0.000356936559251234,-0.134,"0.93,0.744,0.924","1.0,1.0,1.0",84134120,84134183,84129314,84129391,84156653,84156752,NA,NA,NA,NA,NA,NA,NA,NA,NA,NA,NA,NA
"Pos_vs_Neg","SE","Skipped Exon","Gm10644","ENSMUSG00000074219","chr8","-",0.00490176673562242,-0.282,"0.11,0.289,0.109","0.367,0.491,0.496",84662696,84662804,84662360,84662457,84681731,84681834,NA,NA,NA,NA,NA,NA,NA,NA,NA,NA,NA,NA
"Pos_vs_Neg","SE","Skipped Exon","Tia1","ENSMUSG00000071337","chr6","+",0.0255071132808925,-0.143,"0.205,0.101,0.148","0.338,0.221,0.323",86396675,86396794,86395859,86395914,86397305,86397393,NA,NA,NA,NA,NA,NA,NA,NA,NA,NA,NA,NA
"Pos_vs_Neg","SE","Skipped Exon","Vps26a","ENSMUSG00000020078","chr10","-",4.24348851746815e-05,0.4,"0.4,0.2,0.6","0.0,0.0,0.0",62305679,62305836,62300410,62300517,62322436,62322511,NA,NA,NA,NA,NA,NA,NA,NA,NA,NA,NA,NA
"Pos_vs_Neg","SE","Skipped Exon","Ergic3","ENSMUSG00000005881","chr2","+",0,-0.228,"0.538,0.544,0.565","0.782,0.779,0.771",155857296,155857311,155853268,155853326,155857908,155857940,NA,NA,NA,NA,NA,NA,NA,NA,NA,NA,NA,NA
"Pos_vs_Neg","SE","Skipped Exon","Nr2c2","ENSMUSG00000005893","chr6","+",4.56006048130652e-06,0.458,"1.0,1.0,1.0","0.836,0.49,0.299",92082262,92082346,92068370,92068723,92116760,92116871,NA,NA,NA,NA,NA,NA,NA,NA,NA,NA,NA,NA
"Pos_vs_Neg","SE","Skipped Exon","Zfp839","ENSMUSG00000021271","chr12","+",0.0489382189478258,-0.218,"0.25,0.308,0.167","0.326,0.509,0.543",110827229,110827457,110821433,110822306,110830397,110830490,NA,NA,NA,NA,NA,NA,NA,NA,NA,NA,NA,NA
"Pos_vs_Neg","SE","Skipped Exon","Abat","ENSMUSG00000057880","chr16","+",0,-0.157,"0.71,0.771,0.704","0.853,0.922,0.88",8428990,8429158,8426719,8426857,8431846,8431993,NA,NA,NA,NA,NA,NA,NA,NA,NA,NA,NA,NA
"Pos_vs_Neg","SE","Skipped Exon","Marchf8","ENSMUSG00000025702","chr6","+",1.46276126678848e-08,-0.185,"0.244,0.237,0.167","0.377,0.366,0.459",116378297,116379143,116377997,116378083,116380380,116380561,NA,NA,NA,NA,NA,NA,NA,NA,NA,NA,NA,NA
"Pos_vs_Neg","SE","Skipped Exon","Cacna1c","ENSMUSG00000051331","chr6","-",2.31773292454567e-07,-0.404,"0.535,0.691,0.561","1.0,1.0,1.0",118614690,118614774,118604402,118604531,118615387,118615471,NA,NA,NA,NA,NA,NA,NA,NA,NA,NA,NA,NA
"Pos_vs_Neg","SE","Skipped Exon","Dlg3","ENSMUSG00000000881","chrX","+",0.00226854506400596,-0.415,"0.078,0.832,0.665","0.884,1.0,0.936",99853467,99853513,99850785,99850861,99855107,99855149,NA,NA,NA,NA,NA,NA,NA,NA,NA,NA,NA,NA
"Pos_vs_Neg","SE","Skipped Exon","Pex26","ENSMUSG00000067825","chr6","+",4.50259355041522e-09,-0.118,"0.871,0.899,0.835","1.0,1.0,0.959",121164217,121164525,121162668,121162809,121167059,121167206,NA,NA,NA,NA,NA,NA,NA,NA,NA,NA,NA,NA
"Pos_vs_Neg","SE","Skipped Exon","Pex26","ENSMUSG00000067825","chr6","+",0.00409680603586485,0.375,"1.0,0.514,1.0","1.0,0.0,0.388",121174840,121174973,121170470,121170706,121175586,121175796,NA,NA,NA,NA,NA,NA,NA,NA,NA,NA,NA,NA
"Pos_vs_Neg","SE","Skipped Exon","Aamdc","ENSMUSG00000035642","chr7","-",0.000363464700868375,-0.163,"0.723,0.763,0.677","0.933,0.817,0.903",97207337,97207433,97199537,97199948,97214357,97214507,NA,NA,NA,NA,NA,NA,NA,NA,NA,NA,NA,NA
"Pos_vs_Neg","SE","Skipped Exon","Aamdc","ENSMUSG00000035642","chr7","-",0.0116723387241934,0.115,"0.835,1.0,0.939","0.875,0.725,0.83",97207337,97207433,97199537,97199948,97228572,97228704,NA,NA,NA,NA,NA,NA,NA,NA,NA,NA,NA,NA
"Pos_vs_Neg","SE","Skipped Exon","Zdhhc1","ENSMUSG00000039199","chr8","-",0.00243389647289823,-0.182,"0.481,0.649,0.531","0.729,0.816,0.663",106210820,106211059,106210172,106210415,106212093,106212140,NA,NA,NA,NA,NA,NA,NA,NA,NA,NA,NA,NA
"Pos_vs_Neg","SE","Skipped Exon","Zfp384","ENSMUSG00000038346","chr6","+",7.51082128521169e-08,-0.191,"0.733,0.89,0.768","1.0,1.0,0.965",125001376,125001515,125000995,125001233,125001708,125001730,NA,NA,NA,NA,NA,NA,NA,NA,NA,NA,NA,NA
"Pos_vs_Neg","SE","Skipped Exon","Dbh","ENSMUSG00000000889","chr2","+",0.0185712907846476,-0.146,"1.0,1.0,0.561","1.0,1.0,1.0",27060323,27060581,27058184,27058331,27061323,27061500,NA,NA,NA,NA,NA,NA,NA,NA,NA,NA,NA,NA
"Pos_vs_Neg","SE","Skipped Exon","A830011K09Rik","ENSMUSG00000089957","chr6","+",0.00639315961155471,-0.333,"1.0,0.0,0.0","1.0,1.0,0.0",138402669,138402978,138400102,138400363,138404357,138404405,NA,NA,NA,NA,NA,NA,NA,NA,NA,NA,NA,NA
"Pos_vs_Neg","SE","Skipped Exon","Plekha5","ENSMUSG00000030231","chr6","+",1.67613463399075e-06,-0.263,"0.395,0.471,0.44","0.6,0.826,0.668",140526072,140526261,140525155,140525202,140527693,140527814,NA,NA,NA,NA,NA,NA,NA,NA,NA,NA,NA,NA
"Pos_vs_Neg","SE","Skipped Exon","Irag2","ENSMUSG00000030263","chr6","+",0.0380771101611551,-0.259,"0.337,0.365,0.362","0.587,0.511,0.742",145083771,145083812,145083185,145083333,145083907,145083989,NA,NA,NA,NA,NA,NA,NA,NA,NA,NA,NA,NA
"Pos_vs_Neg","SE","Skipped Exon","Xpo6","ENSMUSG00000000131","chr7","-",0.0367936676912065,-0.388,"0.363,0.102,1.0","0.63,1.0,1.0",125770201,125770314,125760032,125760192,125799070,125799585,NA,NA,NA,NA,NA,NA,NA,NA,NA,NA,NA,NA
"Pos_vs_Neg","SE","Skipped Exon","Atf7ip","ENSMUSG00000030213","chr6","+",0.0391877764852245,-0.246,"0.215,1.0,0.268","0.354,0.868,1.0",136532415,136532538,136531001,136531082,136536761,136538437,NA,NA,NA,NA,NA,NA,NA,NA,NA,NA,NA,NA
"Pos_vs_Neg","SE","Skipped Exon","Tnnt1","ENSMUSG00000064179","chr7","-",0.0323801969532152,-0.147,"0.571,1.0,0.789","0.8,1.0,1.0",4511472,4511624,4510520,4510611,4512009,4512123,NA,NA,NA,NA,NA,NA,NA,NA,NA,NA,NA,NA
"Pos_vs_Neg","SE","Skipped Exon","Gm973","ENSMUSG00000047361","chr1","+",0.00769768310793262,-0.724,"0.0,0.0,0.0","1.0,0.172,1.0",59636097,59636235,59621554,59621634,59646891,59646964,NA,NA,NA,NA,NA,NA,NA,NA,NA,NA,NA,NA
"Pos_vs_Neg","SE","Skipped Exon","Tmem164","ENSMUSG00000047045","chrX","+",0.00565026195113129,-0.104,"0.868,0.81,0.824","0.932,0.932,0.951",141535035,141535085,141465286,141465945,141588985,141589064,NA,NA,NA,NA,NA,NA,NA,NA,NA,NA,NA,NA
"Pos_vs_Neg","SE","Skipped Exon","Tmem164","ENSMUSG00000047045","chrX","+",0.00660214091151224,-0.194,"0.697,1.0,0.721","1.0,1.0,1.0",141553962,141554029,141465286,141465945,141615496,141615597,NA,NA,NA,NA,NA,NA,NA,NA,NA,NA,NA,NA
"Pos_vs_Neg","SE","Skipped Exon","Rian","ENSMUSG00000097451","chr12","+",0.0422497931171901,-0.343,"0.445,0.097,1.0","1.0,0.572,1.0",109572647,109572777,109571451,109571735,109573847,109573930,NA,NA,NA,NA,NA,NA,NA,NA,NA,NA,NA,NA
"Pos_vs_Neg","SE","Skipped Exon","Rian","ENSMUSG00000097451","chr12","+",0.00180084820401825,-0.146,"0.94,0.724,0.898","1.0,1.0,1.0",109604272,109604360,109593481,109593587,109606700,109606762,NA,NA,NA,NA,NA,NA,NA,NA,NA,NA,NA,NA
"Pos_vs_Neg","SE","Skipped Exon","Nlrp4c","ENSMUSG00000034690","chr7","+",0.00622728627177913,-0.619,"0.0,0.077,0.067","0.0,1.0,1.0",6068377,6069950,6048159,6048220,6087542,6087710,NA,NA,NA,NA,NA,NA,NA,NA,NA,NA,NA,NA
"Pos_vs_Neg","SE","Skipped Exon","Peg3","ENSMUSG00000002265","chr7","-",5.97394073947943e-14,-0.168,"0.177,0.238,0.155","0.329,0.388,0.358",6715948,6716011,6715671,6715774,6719052,6719156,NA,NA,NA,NA,NA,NA,NA,NA,NA,NA,NA,NA
"Pos_vs_Neg","SE","Skipped Exon","Zfp532","ENSMUSG00000042439","chr18","+",0.00623276037223957,-0.18,"1.0,0.845,0.616","1.0,1.0,1.0",65715797,65715880,65714514,65714662,65715967,65716077,NA,NA,NA,NA,NA,NA,NA,NA,NA,NA,NA,NA
"Pos_vs_Neg","SE","Skipped Exon","Dmpk","ENSMUSG00000030409","chr7","+",0.0152176908661973,-0.291,"1.0,0.275,0.851","1.0,1.0,1.0",18826132,18826179,18825863,18825961,18826874,18826969,NA,NA,NA,NA,NA,NA,NA,NA,NA,NA,NA,NA
"Pos_vs_Neg","SE","Skipped Exon","1700086O06Rik","ENSMUSG00000097080","chr18","-",0.00792913799732515,-0.276,"0.692,1.0,0.368","0.889,1.0,1.0",38372625,38372804,38372109,38372238,38383230,38383628,NA,NA,NA,NA,NA,NA,NA,NA,NA,NA,NA,NA
"Pos_vs_Neg","SE","Skipped Exon","1700086O06Rik","ENSMUSG00000097080","chr18","-",0.0350339317887935,-0.113,"0.888,1.0,0.732","0.958,1.0,1.0",38373891,38374006,38371432,38372238,38383230,38383565,NA,NA,NA,NA,NA,NA,NA,NA,NA,NA,NA,NA
"Pos_vs_Neg","SE","Skipped Exon","Tnrc6b","ENSMUSG00000047888","chr15","+",0.00666142529901338,-0.151,"0.861,1.0,0.685","1.0,1.0,1.0",80631606,80631674,80595513,80595689,80668939,80669007,NA,NA,NA,NA,NA,NA,NA,NA,NA,NA,NA,NA
"Pos_vs_Neg","SE","Skipped Exon","Mycbp2","ENSMUSG00000033004","chr14","-",0.000543666224640738,-0.129,"0.432,0.46,0.403","0.545,0.59,0.547",103407292,103407448,103392559,103394203,103410002,103410125,NA,NA,NA,NA,NA,NA,NA,NA,NA,NA,NA,NA
"Pos_vs_Neg","SE","Skipped Exon","Bicra","ENSMUSG00000070808","chr7","-",1.51493454298323e-05,-0.177,"0.783,0.667,0.959","0.956,0.985,1.0",15720837,15721014,15713275,15713911,15721403,15723365,NA,NA,NA,NA,NA,NA,NA,NA,NA,NA,NA,NA
"Pos_vs_Neg","SE","Skipped Exon","Sae1","ENSMUSG00000052833","chr7","-",0.0369720083202894,-0.282,"0.5,0.8,0.75","1.0,0.895,1.0",16104211,16104385,16100731,16100831,16121565,16121710,NA,NA,NA,NA,NA,NA,NA,NA,NA,NA,NA,NA
"Pos_vs_Neg","SE","Skipped Exon","Hif3a","ENSMUSG00000004328","chr7","-",0.00422948798977155,-0.195,"0.647,0.615,1.0","0.846,1.0,1.0",16784473,16784682,16782924,16783031,16785057,16785170,NA,NA,NA,NA,NA,NA,NA,NA,NA,NA,NA,NA
"Pos_vs_Neg","SE","Skipped Exon","Sec16b","ENSMUSG00000026589","chr1","+",0.00407220707722373,-0.121,"0.751,0.699,0.747","0.882,0.889,0.79",157334955,157335123,157334297,157334430,157352354,157352423,NA,NA,NA,NA,NA,NA,NA,NA,NA,NA,NA,NA
"Pos_vs_Neg","SE","Skipped Exon","Snapc3","ENSMUSG00000028483","chr4","+",3.87105134280386e-06,-0.701,"0.0,0.118,0.286","0.8,0.706,1.0",83373251,83373288,83372190,83372385,83378399,83380083,NA,NA,NA,NA,NA,NA,NA,NA,NA,NA,NA,NA
"Pos_vs_Neg","SE","Skipped Exon","Atp1b3","ENSMUSG00000032412","chr9","-",0.00729208756979859,0.44,"1.0,0.714,1.0","1.0,0.143,0.25",96222254,96222439,96217431,96217515,96246098,96246495,NA,NA,NA,NA,NA,NA,NA,NA,NA,NA,NA,NA
"Pos_vs_Neg","SE","Skipped Exon","Hs3st6","ENSMUSG00000039628","chr17","+",0.0369976026401312,-0.248,"0.616,0.762,0.591","0.712,1.0,1.0",24975426,24975518,24971961,24972503,24976934,24977622,NA,NA,NA,NA,NA,NA,NA,NA,NA,NA,NA,NA
"Pos_vs_Neg","SE","Skipped Exon","Trim9","ENSMUSG00000021071","chr12","-",0.0389617561874738,-0.244,"0.0,0.0,0.131","0.41,0.0,0.454",70314007,70314037,70297784,70298034,70314835,70314974,NA,NA,NA,NA,NA,NA,NA,NA,NA,NA,NA,NA
"Pos_vs_Neg","SE","Skipped Exon","Gemin7","ENSMUSG00000044709","chr7","-",0.00369168193727139,0.367,"0.436,0.778,0.2","0.116,0.015,0.182",19305353,19305506,19303662,19303807,19307233,19307469,NA,NA,NA,NA,NA,NA,NA,NA,NA,NA,NA,NA
"Pos_vs_Neg","SE","Skipped Exon","Baz2b","ENSMUSG00000026987","chr2","-",0.00673432757931534,-0.137,"0.598,0.772,0.731","0.78,0.889,0.844",59790164,59790449,59788775,59788836,59792364,59792974,NA,NA,NA,NA,NA,NA,NA,NA,NA,NA,NA,NA
"Pos_vs_Neg","SE","Skipped Exon","Stim1","ENSMUSG00000030987","chr7","+",1.25774848955836e-07,-0.161,"0.189,0.185,0.191","0.378,0.325,0.345",102082403,102082440,102080091,102080158,102084590,102085107,NA,NA,NA,NA,NA,NA,NA,NA,NA,NA,NA,NA
"Pos_vs_Neg","SE","Skipped Exon","L1cam","ENSMUSG00000031391","chrX","-",0,-0.177,"0.7,0.685,0.72","0.869,0.891,0.875",72899257,72899269,72897560,72898872,72899364,72899437,NA,NA,NA,NA,NA,NA,NA,NA,NA,NA,NA,NA
"Pos_vs_Neg","SE","Skipped Exon","Zfp94","ENSMUSG00000074282","chr7","-",0.000653455532864027,-0.116,"0.829,0.775,0.809","0.939,0.948,0.874",24010889,24010928,24008295,24008622,24011806,24011920,NA,NA,NA,NA,NA,NA,NA,NA,NA,NA,NA,NA
"Pos_vs_Neg","SE","Skipped Exon","Lat2","ENSMUSG00000040751","chr5","-",4.97565489166355e-05,-0.549,"0.287,0.287,0.668","0.89,1.0,1.0",134634899,134634935,134634785,134634816,134635214,134635246,NA,NA,NA,NA,NA,NA,NA,NA,NA,NA,NA,NA
"Pos_vs_Neg","SE","Skipped Exon","Lat2","ENSMUSG00000040751","chr5","-",1.59356790293859e-07,-0.685,"0.0,0.274,0.274","0.602,1.0,1.0",134634899,134634947,134634791,134634816,134635214,134635246,NA,NA,NA,NA,NA,NA,NA,NA,NA,NA,NA,NA
"Pos_vs_Neg","SE","Skipped Exon","Ckap5","ENSMUSG00000040549","chr2","+",1.51728058561834e-09,-0.16,"0.65,0.64,0.619","0.784,0.802,0.803",91429948,91429972,91429550,91429723,91430985,91431038,NA,NA,NA,NA,NA,NA,NA,NA,NA,NA,NA,NA
"Pos_vs_Neg","SE","Skipped Exon","Sirt2","ENSMUSG00000015149","chr7","+",0.000776444218713743,0.148,"0.26,0.202,0.038","0.055,0.0,0.0",28467056,28467103,28466191,28466292,28476282,28476324,NA,NA,NA,NA,NA,NA,NA,NA,NA,NA,NA,NA
"Pos_vs_Neg","SE","Skipped Exon","4930412C18Rik","ENSMUSG00000085558","chr4","+",0.00115615362757581,-0.522,"1.0,0.274,0.159","1.0,1.0,1.0",9782625,9782739,9776036,9776197,9798098,9798470,NA,NA,NA,NA,NA,NA,NA,NA,NA,NA,NA,NA
"Pos_vs_Neg","SE","Skipped Exon","Zfp788","ENSMUSG00000074165","chr7","+",0.0135682306684899,-0.143,"0.722,0.705,0.776","0.812,0.984,0.836",41292756,41292856,41284103,41284134,41296906,41297041,NA,NA,NA,NA,NA,NA,NA,NA,NA,NA,NA,NA
"Pos_vs_Neg","SE","Skipped Exon","Zfp788","ENSMUSG00000074165","chr7","+",0.0189811122438387,-0.104,"0.952,0.787,0.91","1.0,1.0,0.962",41292756,41292856,41284103,41284323,41296914,41297041,NA,NA,NA,NA,NA,NA,NA,NA,NA,NA,NA,NA
"Pos_vs_Neg","SE","Skipped Exon","Dnm2","ENSMUSG00000033335","chr9","+",1.27740298289617e-05,-0.134,"0.669,0.662,0.688","0.856,0.765,0.799",21401953,21401965,21401038,21401090,21405799,21405913,NA,NA,NA,NA,NA,NA,NA,NA,NA,NA,NA,NA
"Pos_vs_Neg","SE","Skipped Exon","Shank3","ENSMUSG00000022623","chr15","+",0.00475512609792908,-0.129,"0.0,0.0,0.0","0.073,0.315,0.0",89422217,89422241,89417576,89417657,89427302,89427433,NA,NA,NA,NA,NA,NA,NA,NA,NA,NA,NA,NA
"Pos_vs_Neg","SE","Skipped Exon","Shank3","ENSMUSG00000022623","chr15","+",0.0188102643068159,0.329,"1.0,1.0,0.0","0.627,0.387,0.0",89440923,89440951,89431828,89434085,89441937,89444464,NA,NA,NA,NA,NA,NA,NA,NA,NA,NA,NA,NA
"Pos_vs_Neg","SE","Skipped Exon","Gm17067","ENSMUSG00000091594","chr7","-",0.00372247496998943,0.124,"0.098,0.163,0.112","0.0,0.0,0.0",42364722,42364867,42360100,42360227,42388298,42388419,NA,NA,NA,NA,NA,NA,NA,NA,NA,NA,NA,NA
"Pos_vs_Neg","SE","Skipped Exon","Ankrd24","ENSMUSG00000054708","chr10","+",0.00423055910609275,0.222,"0.815,1.0,1.0","1.0,0.612,0.536",81470500,81470587,81465382,81465582,81470698,81470819,NA,NA,NA,NA,NA,NA,NA,NA,NA,NA,NA,NA
"Pos_vs_Neg","SE","Skipped Exon","2410002F23Rik","ENSMUSG00000045411","chr7","+",0.00111619435120591,-0.117,"0.709,0.612,0.619","0.78,0.75,0.76",43897333,43897483,43896222,43896232,43897675,43897719,NA,NA,NA,NA,NA,NA,NA,NA,NA,NA,NA,NA
"Pos_vs_Neg","SE","Skipped Exon","Trerf1","ENSMUSG00000064043","chr17","+",0.0448872465298833,-0.104,"0.853,0.838,0.692","0.88,0.897,0.918",47630277,47630544,47628696,47628847,47634203,47634588,NA,NA,NA,NA,NA,NA,NA,NA,NA,NA,NA,NA
"Pos_vs_Neg","SE","Skipped Exon","B3galt1","ENSMUSG00000034780","chr2","+",0.00140172154794305,-0.122,"0.719,1.0,0.915","1.0,1.0,1.0",67708171,67708236,67396214,67396378,67903792,67903917,NA,NA,NA,NA,NA,NA,NA,NA,NA,NA,NA,NA
"Pos_vs_Neg","SE","Skipped Exon","Il4i1","ENSMUSG00000074141","chr7","+",0.00476485532918811,-0.244,"0.413,0.942,0.804","0.891,1.0,1.0",44483374,44483516,44481539,44481605,44485927,44485961,NA,NA,NA,NA,NA,NA,NA,NA,NA,NA,NA,NA
"Pos_vs_Neg","SE","Skipped Exon","Il4i1","ENSMUSG00000074141","chr7","+",0.0097441315836635,0.462,"0.62,0.119,1.0","0.352,0.0,0.0",44485927,44485961,44481539,44481605,44486054,44486290,NA,NA,NA,NA,NA,NA,NA,NA,NA,NA,NA,NA
"Pos_vs_Neg","SE","Skipped Exon","Snx13","ENSMUSG00000020590","chr12","+",0.00132634763716552,0.167,"0.906,1.0,1.0","0.919,0.648,0.837",35128898,35129011,35097184,35097410,35135937,35136027,NA,NA,NA,NA,NA,NA,NA,NA,NA,NA,NA,NA
"Pos_vs_Neg","SE","Skipped Exon","Snx13","ENSMUSG00000020590","chr12","+",0.000676149313443012,0.11,"0.915,1.0,1.0","0.96,0.74,0.884",35132867,35132970,35097184,35097410,35135937,35136027,NA,NA,NA,NA,NA,NA,NA,NA,NA,NA,NA,NA
"Pos_vs_Neg","SE","Skipped Exon","Ppfia3","ENSMUSG00000003863","chr7","-",0.0474626958112484,-0.159,"0.725,0.488,0.536","0.75,0.743,0.733",44992976,44993003,44991749,44991925,44993164,44993227,NA,NA,NA,NA,NA,NA,NA,NA,NA,NA,NA,NA
"Pos_vs_Neg","SE","Skipped Exon","Luc7l2","ENSMUSG00000029823","chr6","+",0.000552154440123511,-0.312,"0.482,0.516,0.474","0.746,0.777,0.885",38531914,38531998,38528268,38528843,38542589,38542657,NA,NA,NA,NA,NA,NA,NA,NA,NA,NA,NA,NA
"Pos_vs_Neg","SE","Skipped Exon","Rims1","ENSMUSG00000041670","chr1","-",0.0154099112157977,-0.233,"0.702,0.669,0.503","0.574,1.0,1.0",22503022,22503094,22498715,22498872,22504097,22504251,NA,NA,NA,NA,NA,NA,NA,NA,NA,NA,NA,NA
"Pos_vs_Neg","SE","Skipped Exon","Tulp2","ENSMUSG00000023467","chr7","+",0.0300808901103719,-0.15,"0.457,0.415,0.379","0.556,0.597,0.547",45164841,45164980,45164029,45164130,45165662,45165671,NA,NA,NA,NA,NA,NA,NA,NA,NA,NA,NA,NA
"Pos_vs_Neg","SE","Skipped Exon","Plekha4","ENSMUSG00000040428","chr7","+",0.024592303828175,-0.319,"0.695,0.275,1.0","1.0,1.0,0.926",45202992,45203105,45199227,45199389,45203188,45203653,NA,NA,NA,NA,NA,NA,NA,NA,NA,NA,NA,NA
"Pos_vs_Neg","SE","Skipped Exon","Dusp22","ENSMUSG00000069255","chr13","+",4.10418947907043e-05,0.596,"1.0,1.0,1.0","0.213,0.0,1.0",30852787,30852821,30843981,30844129,30880218,30880268,NA,NA,NA,NA,NA,NA,NA,NA,NA,NA,NA,NA
"Pos_vs_Neg","SE","Skipped Exon","Nek4","ENSMUSG00000021918","chr14","+",0.0304921583578528,0.106,"0.23,0.204,0.152","0.154,0.058,0.057",30696264,30696315,30692119,30692521,30697179,30697329,NA,NA,NA,NA,NA,NA,NA,NA,NA,NA,NA,NA
"Pos_vs_Neg","SE","Skipped Exon","Prmt3","ENSMUSG00000030505","chr7","+",0.000235100048756377,-0.186,"0.797,0.737,0.907","1.0,1.0,1.0",49430868,49430918,49430056,49430091,49435814,49435974,NA,NA,NA,NA,NA,NA,NA,NA,NA,NA,NA,NA
"Pos_vs_Neg","SE","Skipped Exon","Sgk1","ENSMUSG00000019970","chr10","+",0.00160543220708059,0.176,"1.0,1.0,1.0","1.0,0.901,0.57",21845347,21845423,21804240,21804450,21870864,21870940,NA,NA,NA,NA,NA,NA,NA,NA,NA,NA,NA,NA
"Pos_vs_Neg","SE","Skipped Exon","Nap1l4","ENSMUSG00000059119","chr7","-",0.00143889104692429,-0.481,"1.0,0.0,0.0","1.0,0.443,1.0",143088022,143088154,143080902,143081048,143091953,143092053,NA,NA,NA,NA,NA,NA,NA,NA,NA,NA,NA,NA
"Pos_vs_Neg","SE","Skipped Exon","Zc3h4","ENSMUSG00000059273","chr7","+",6.34196956202198e-06,-0.191,"0.266,0.338,0.347","0.474,0.55,0.5",16166698,16166947,16163455,16163835,16167945,16171620,NA,NA,NA,NA,NA,NA,NA,NA,NA,NA,NA,NA
"Pos_vs_Neg","SE","Skipped Exon","Wdr93","ENSMUSG00000039099","chr7","+",0.000348080427805697,-0.6,"1.0,0.2,0.0","1.0,1.0,1.0",79423100,79423314,79422148,79422268,79425259,79425323,NA,NA,NA,NA,NA,NA,NA,NA,NA,NA,NA,NA
"Pos_vs_Neg","SE","Skipped Exon","Faim","ENSMUSG00000032463","chr9","+",1.99889693838283e-11,-0.175,"0.542,0.552,0.494","0.671,0.728,0.714",98872967,98873024,98868426,98868565,98874153,98874286,NA,NA,NA,NA,NA,NA,NA,NA,NA,NA,NA,NA
"Pos_vs_Neg","SE","Skipped Exon","Hyal3","ENSMUSG00000036091","chr9","+",0.022828703202546,0.329,"0.714,0.692,1.0","0.529,0.556,0.333",107461950,107462864,107458016,107458134,107463580,107463670,NA,NA,NA,NA,NA,NA,NA,NA,NA,NA,NA,NA
"Pos_vs_Neg","SE","Skipped Exon","Zfand6","ENSMUSG00000030629","chr7","-",0.0273503142386046,0.121,"1.0,0.871,0.933","0.9,0.789,0.753",84302089,84302250,84283446,84283617,84328551,84328604,NA,NA,NA,NA,NA,NA,NA,NA,NA,NA,NA,NA
"Pos_vs_Neg","SE","Skipped Exon","Zfr","ENSMUSG00000022201","chr15","+",0.0243239122109472,-0.119,"0.655,1.0,0.906","1.0,1.0,0.917",12136481,12136764,12117936,12118033,12140519,12140738,NA,NA,NA,NA,NA,NA,NA,NA,NA,NA,NA,NA
"Pos_vs_Neg","SE","Skipped Exon","Eed","ENSMUSG00000030619","chr7","-",0.000158766115928901,0.505,"0.83,1.0,0.684","0.0,1.0,0.0",89619513,89619639,89613801,89614070,89621438,89621506,NA,NA,NA,NA,NA,NA,NA,NA,NA,NA,NA,NA
"Pos_vs_Neg","SE","Skipped Exon","Picalm","ENSMUSG00000039361","chr7","+",0,-0.306,"0.552,0.562,0.517","0.854,0.868,0.828",89843480,89843504,89840861,89840961,89844862,89844922,NA,NA,NA,NA,NA,NA,NA,NA,NA,NA,NA,NA
"Pos_vs_Neg","SE","Skipped Exon","Zup1","ENSMUSG00000039531","chr10","-",6.95437436078227e-05,-0.344,"0.872,0.419,0.677","1.0,1.0,1.0",33826478,33826613,33825743,33825860,33827198,33827221,NA,NA,NA,NA,NA,NA,NA,NA,NA,NA,NA,NA
"Pos_vs_Neg","SE","Skipped Exon","Gm14399","ENSMUSG00000090093","chr2","-",0.00339200953391761,-0.316,"0.415,0.486,0.739","1.0,0.587,1.0",174974721,174974782,174971920,174973562,174974988,174975115,NA,NA,NA,NA,NA,NA,NA,NA,NA,NA,NA,NA
"Pos_vs_Neg","SE","Skipped Exon","Fut8","ENSMUSG00000021065","chr12","+",0.00097287195860744,0.18,"0.744,0.645,0.656","0.51,0.441,0.554",77370618,77370711,77324134,77324229,77378669,77379103,NA,NA,NA,NA,NA,NA,NA,NA,NA,NA,NA,NA
"Pos_vs_Neg","SE","Skipped Exon","Nsun7","ENSMUSG00000029206","chr5","+",0.0122471080707614,0.424,"0.741,0.241,0.589","0.264,0.035,0.0",66421351,66421410,66418183,66418587,66421833,66421964,NA,NA,NA,NA,NA,NA,NA,NA,NA,NA,NA,NA
"Pos_vs_Neg","SE","Skipped Exon","Snap91","ENSMUSG00000033419","chr9","-",0.00894944602758438,0.319,"1.0,1.0,0.846","0.663,1.0,0.225",86675409,86675517,86665352,86665487,86680882,86680897,NA,NA,NA,NA,NA,NA,NA,NA,NA,NA,NA,NA
"Pos_vs_Neg","SE","Skipped Exon","Arhgef11","ENSMUSG00000041977","chr3","+",0.00694254068583544,-0.104,"0.274,0.265,0.251","0.367,0.395,0.341",87625535,87625565,87624727,87624827,87629663,87629790,NA,NA,NA,NA,NA,NA,NA,NA,NA,NA,NA,NA
"Pos_vs_Neg","SE","Skipped Exon","Spcs2","ENSMUSG00000035227","chr7","-",0.00063250308563019,0.271,"0.903,0.91,0.846","0.646,0.521,0.68",99498363,99498459,99498182,99498266,99512434,99512669,NA,NA,NA,NA,NA,NA,NA,NA,NA,NA,NA,NA
"Pos_vs_Neg","SE","Skipped Exon","Hnrnph1","ENSMUSG00000007850","chr11","+",7.60093730320702e-05,-0.217,"0.881,0.748,0.645","0.925,1.0,1.0",50268140,50268267,50267816,50267974,50269117,50269254,NA,NA,NA,NA,NA,NA,NA,NA,NA,NA,NA,NA
"Pos_vs_Neg","SE","Skipped Exon","Epb41","ENSMUSG00000028906","chr4","-",0.00535091365946533,0.256,"1.0,0.617,1.0","1.0,0.563,0.287",131682853,131682889,131682038,131682467,131684953,131685130,NA,NA,NA,NA,NA,NA,NA,NA,NA,NA,NA,NA
"Pos_vs_Neg","SE","Skipped Exon","Apbb1","ENSMUSG00000037032","chr7","-",0,-0.109,"0.881,0.88,0.892","0.997,0.994,0.988",105215152,105215158,105214739,105214854,105215257,105215385,NA,NA,NA,NA,NA,NA,NA,NA,NA,NA,NA,NA
"Pos_vs_Neg","SE","Skipped Exon","Mroh1","ENSMUSG00000022558","chr15","+",0.000627025957532448,-0.105,"0.891,0.971,0.823","1.0,1.0,1.0",76316571,76316598,76316348,76316495,76317737,76317817,NA,NA,NA,NA,NA,NA,NA,NA,NA,NA,NA,NA
"Pos_vs_Neg","SE","Skipped Exon","Mroh1","ENSMUSG00000022558","chr15","+",8.53596794246251e-05,-0.26,"0.704,0.632,0.75","0.867,1.0,1.0",76332952,76333199,76330715,76331565,76334838,76334953,NA,NA,NA,NA,NA,NA,NA,NA,NA,NA,NA,NA
"Pos_vs_Neg","SE","Skipped Exon","Nek1","ENSMUSG00000031644","chr8","+",0.000275156945643199,-0.188,"0.212,0.276,0.33","0.428,0.557,0.397",61503061,61503193,61502817,61502981,61507553,61507656,NA,NA,NA,NA,NA,NA,NA,NA,NA,NA,NA,NA
"Pos_vs_Neg","SE","Skipped Exon","Cenpx","ENSMUSG00000025144","chr11","-",0.000180951541835429,-0.25,"0.265,0.326,0.412","0.566,0.686,0.5",120603265,120603538,120602528,120602582,120604518,120604558,NA,NA,NA,NA,NA,NA,NA,NA,NA,NA,NA,NA
"Pos_vs_Neg","SE","Skipped Exon","Nemp1","ENSMUSG00000040195","chr10","+",0.0193883150361815,-0.25,"0.0,0.0,0.0","0.5,0.0,0.25",127514802,127515004,127512508,127512697,127524101,127524217,NA,NA,NA,NA,NA,NA,NA,NA,NA,NA,NA,NA
"Pos_vs_Neg","SE","Skipped Exon","Clk4","ENSMUSG00000020385","chr11","+",1.1355219721863e-05,-0.141,"0.51,0.441,0.518","0.61,0.671,0.612",51163904,51163995,51162626,51162849,51164386,51164453,NA,NA,NA,NA,NA,NA,NA,NA,NA,NA,NA,NA
"Pos_vs_Neg","SE","Skipped Exon","Ccdc84","ENSMUSG00000043923","chr9","-",1.56879662209915e-05,-0.125,"0.776,0.902,0.817","0.894,0.976,1.0",44324213,44324319,44323749,44323780,44324767,44324830,NA,NA,NA,NA,NA,NA,NA,NA,NA,NA,NA,NA
"Pos_vs_Neg","SE","Skipped Exon","Ccdc84","ENSMUSG00000043923","chr9","-",0.000289342997326528,-0.204,"0.582,0.844,0.762","0.835,0.965,1.0",44324433,44324498,44323749,44323780,44324767,44324830,NA,NA,NA,NA,NA,NA,NA,NA,NA,NA,NA,NA
"Pos_vs_Neg","SE","Skipped Exon","Setd6","ENSMUSG00000031671","chr8","+",0.000269412082922728,-0.176,"0.537,0.508,0.525","0.64,0.674,0.783",96443548,96443606,96443247,96443429,96444820,96444963,NA,NA,NA,NA,NA,NA,NA,NA,NA,NA,NA,NA
"Pos_vs_Neg","SE","Skipped Exon","Setd6","ENSMUSG00000031671","chr8","+",0.000767833905959169,-0.129,"0.618,0.616,0.617","0.705,0.729,0.805",96443548,96443669,96443234,96443429,96444820,96444963,NA,NA,NA,NA,NA,NA,NA,NA,NA,NA,NA,NA
"Pos_vs_Neg","SE","Skipped Exon","Setd6","ENSMUSG00000031671","chr8","+",0.00249516367003451,-0.135,"0.625,0.591,0.564","0.708,0.675,0.801",96444548,96444729,96443234,96443429,96444820,96444963,NA,NA,NA,NA,NA,NA,NA,NA,NA,NA,NA,NA
"Pos_vs_Neg","SE","Skipped Exon","Zfp346","ENSMUSG00000021481","chr13","+",4.57640201411169e-05,-0.359,"0.705,0.381,0.837","1.0,1.0,1.0",55263295,55263437,55261490,55261583,55278346,55278440,NA,NA,NA,NA,NA,NA,NA,NA,NA,NA,NA,NA
"Pos_vs_Neg","SE","Skipped Exon","Ppp2r2d","ENSMUSG00000041769","chr7","+",0.00694254068583544,0.212,"0.223,0.402,0.212","0.201,0.0,0.0",138462565,138462638,138450187,138450394,138470138,138470236,NA,NA,NA,NA,NA,NA,NA,NA,NA,NA,NA,NA
"Pos_vs_Neg","SE","Skipped Exon","Jakmip3","ENSMUSG00000056856","chr7","+",0.00032499291881291,-0.421,"0.714,0.067,0.556","1.0,1.0,0.6",138619252,138619468,138609032,138609530,138620835,138620955,NA,NA,NA,NA,NA,NA,NA,NA,NA,NA,NA,NA
"Pos_vs_Neg","SE","Skipped Exon","Spef1l","ENSMUSG00000073795","chr7","-",0.0306952451711333,0.583,"1.0,1.0,1.0","0.25,1.0,0.0",139555966,139556041,139555409,139555871,139556387,139556586,NA,NA,NA,NA,NA,NA,NA,NA,NA,NA,NA,NA
"Pos_vs_Neg","SE","Skipped Exon","Psap","ENSMUSG00000004207","chr10","+",0,-0.198,"0.627,0.631,0.625","0.824,0.83,0.824",60133316,60133325,60131725,60131782,60134876,60135008,NA,NA,NA,NA,NA,NA,NA,NA,NA,NA,NA,NA
"Pos_vs_Neg","SE","Skipped Exon","Irf7","ENSMUSG00000025498","chr7","-",0.00839233889544361,-0.189,"1.0,0.5,0.649","0.831,0.885,1.0",140844135,140844228,140843571,140843961,140844405,140844472,NA,NA,NA,NA,NA,NA,NA,NA,NA,NA,NA,NA
"Pos_vs_Neg","SE","Skipped Exon","Tnfrsf22","ENSMUSG00000010751","chr7","-",0.043735275690027,-0.2,"0.825,0.485,0.689","0.902,0.952,0.745",143192981,143193026,143190461,143192173,143193638,143193712,NA,NA,NA,NA,NA,NA,NA,NA,NA,NA,NA,NA
"Pos_vs_Neg","SE","Skipped Exon","Ppfia1","ENSMUSG00000037519","chr7","-",0.00355105937779969,-0.211,"0.508,0.856,0.784","0.937,0.979,0.864",144042427,144042454,144038769,144038948,144042933,144042996,NA,NA,NA,NA,NA,NA,NA,NA,NA,NA,NA,NA
"Pos_vs_Neg","SE","Skipped Exon","Pnpla6","ENSMUSG00000004565","chr8","+",9.12903963123421e-06,-0.171,"0.695,0.705,0.667","0.893,0.88,0.808",3566506,3566568,3565392,3565556,3566680,3566749,NA,NA,NA,NA,NA,NA,NA,NA,NA,NA,NA,NA
"Pos_vs_Neg","SE","Skipped Exon","Pnpla6","ENSMUSG00000004565","chr8","+",9.12435953575218e-05,-0.169,"0.667,0.689,0.673","0.871,0.896,0.768",3566509,3566568,3565383,3565556,3566680,3566749,NA,NA,NA,NA,NA,NA,NA,NA,NA,NA,NA,NA
"Pos_vs_Neg","SE","Skipped Exon","Evi5l","ENSMUSG00000011832","chr8","+",0.000248303275436108,-0.127,"0.607,0.584,0.671","0.736,0.727,0.781",4251933,4251966,4250799,4250921,4252935,4253076,NA,NA,NA,NA,NA,NA,NA,NA,NA,NA,NA,NA
"Pos_vs_Neg","SE","Skipped Exon","Ccdc33","ENSMUSG00000037716","chr9","-",0.000347465598625431,-0.441,"0.6,1.0,0.077","1.0,1.0,1.0",58005797,58005961,57993606,57993959,58021579,58021643,NA,NA,NA,NA,NA,NA,NA,NA,NA,NA,NA,NA
"Pos_vs_Neg","SE","Skipped Exon","Col4a1","ENSMUSG00000031502","chr8","-",0,-0.38,"0.222,0.258,0.226","0.653,0.594,0.6",11254535,11254552,11252893,11253008,11256225,11256403,NA,NA,NA,NA,NA,NA,NA,NA,NA,NA,NA,NA
"Pos_vs_Neg","SE","Skipped Exon","Mink1","ENSMUSG00000020827","chr11","+",0.000794601375546662,-0.117,"0.713,0.691,0.745","0.751,0.858,0.891",70499414,70499525,70499166,70499252,70499665,70499784,NA,NA,NA,NA,NA,NA,NA,NA,NA,NA,NA,NA
"Pos_vs_Neg","SE","Skipped Exon","Gm17094","ENSMUSG00000090839","chr4","-",0.000398790676089355,0.239,"0.395,0.322,0.0","0.0,0.0,0.0",39424130,39424209,39420601,39420718,39425059,39425250,NA,NA,NA,NA,NA,NA,NA,NA,NA,NA,NA,NA
"Pos_vs_Neg","SE","Skipped Exon","2610035D17Rik","ENSMUSG00000087259","chr11","-",0.0489506393066388,-0.165,"0.139,0.143,0.061","0.259,0.306,0.273",112946925,112947184,112934728,112935986,112958167,112958212,NA,NA,NA,NA,NA,NA,NA,NA,NA,NA,NA,NA
"Pos_vs_Neg","SE","Skipped Exon","Cfap97d2","ENSMUSG00000090336","chr8","+",0.0221889456050738,0.158,"0.569,0.613,0.643","0.386,0.494,0.472",13788327,13788488,13785902,13786021,13792653,13793414,NA,NA,NA,NA,NA,NA,NA,NA,NA,NA,NA,NA
"Pos_vs_Neg","SE","Skipped Exon","Bptf","ENSMUSG00000040481","chr11","-",1.55330644435324e-06,-0.112,"0.75,0.769,0.731","0.85,0.897,0.839",106985827,106986016,106977537,106977723,106986541,106986751,NA,NA,NA,NA,NA,NA,NA,NA,NA,NA,NA,NA
"Pos_vs_Neg","SE","Skipped Exon","Ltk","ENSMUSG00000027297","chr2","-",0.0106908223933625,-0.106,"0.67,0.722,0.847","0.817,0.875,0.864",119588459,119588642,119586095,119586194,119588727,119588884,NA,NA,NA,NA,NA,NA,NA,NA,NA,NA,NA,NA
"Pos_vs_Neg","SE","Skipped Exon","Ltk","ENSMUSG00000027297","chr2","-",0.00607361196112673,-0.12,"0.884,0.788,0.73","0.905,0.968,0.889",119588727,119588884,119586095,119586194,119589004,119589142,NA,NA,NA,NA,NA,NA,NA,NA,NA,NA,NA,NA
"Pos_vs_Neg","SE","Skipped Exon","Zfp644","ENSMUSG00000049606","chr5","-",0.0395669312072012,0.136,"0.978,0.917,0.881","0.724,0.78,0.863",106814650,106814711,106783475,106786501,106843663,106843841,NA,NA,NA,NA,NA,NA,NA,NA,NA,NA,NA,NA
"Pos_vs_Neg","SE","Skipped Exon","Zdhhc2","ENSMUSG00000039470","chr8","+",0.00682710522402747,-0.132,"0.815,0.774,0.763","0.94,0.891,0.917",40900091,40900186,40876855,40877210,40907557,40907656,NA,NA,NA,NA,NA,NA,NA,NA,NA,NA,NA,NA
"Pos_vs_Neg","SE","Skipped Exon","Tstd2","ENSMUSG00000035495","chr4","-",0.00240438303100541,-0.654,"0.0,0.279,0.225","0.465,1.0,1.0",46137320,46137428,46135501,46135591,46138203,46138455,NA,NA,NA,NA,NA,NA,NA,NA,NA,NA,NA,NA
"Pos_vs_Neg","SE","Skipped Exon","Zfp317","ENSMUSG00000057551","chr9","+",0.022868629342644,-0.155,"0.708,1.0,0.828","1.0,1.0,1.0",19536795,19536933,19535527,19535594,19537211,19537291,NA,NA,NA,NA,NA,NA,NA,NA,NA,NA,NA,NA
"Pos_vs_Neg","SE","Skipped Exon","Agap1","ENSMUSG00000055013","chr1","+",7.57251319184666e-05,-0.155,"0.125,0.266,0.182","0.317,0.381,0.34",89538005,89538017,89537217,89537305,89555482,89555568,NA,NA,NA,NA,NA,NA,NA,NA,NA,NA,NA,NA
"Pos_vs_Neg","SE","Skipped Exon","Agap1","ENSMUSG00000055013","chr1","+",0.0396201754138812,-0.106,"0.375,0.427,0.305","0.483,0.446,0.496",89751578,89751656,89716884,89717046,89762155,89762310,NA,NA,NA,NA,NA,NA,NA,NA,NA,NA,NA,NA
"Pos_vs_Neg","SE","Skipped Exon","Tenm3","ENSMUSG00000031561","chr8","-",1.20377093140584e-05,-0.138,"0.482,0.483,0.458","0.653,0.595,0.589",48740167,48740188,48731992,48732225,48740825,48741075,NA,NA,NA,NA,NA,NA,NA,NA,NA,NA,NA,NA
"Pos_vs_Neg","SE","Skipped Exon","Tenm3","ENSMUSG00000031561","chr8","-",5.20497027957235e-07,-0.154,"0.452,0.427,0.418","0.588,0.569,0.601",48766272,48766299,48763657,48763804,48788623,48788809,NA,NA,NA,NA,NA,NA,NA,NA,NA,NA,NA,NA
"Pos_vs_Neg","SE","Skipped Exon","Hdnr","ENSMUSG00000097910","chr8","+",9.07234067233473e-05,0.314,"1.0,1.0,1.0","0.807,0.382,0.869",57791917,57791982,57785804,57786666,57792899,57793212,NA,NA,NA,NA,NA,NA,NA,NA,NA,NA,NA,NA
"Pos_vs_Neg","SE","Skipped Exon","Cdk2","ENSMUSG00000025358","chr10","-",0.000369673882599816,-0.151,"0.322,0.447,0.346","0.498,0.534,0.537",128535844,128535988,128535340,128535544,128537211,128537313,NA,NA,NA,NA,NA,NA,NA,NA,NA,NA,NA,NA
"Pos_vs_Neg","SE","Skipped Exon","Hpf1","ENSMUSG00000038005","chr8","+",0.0233463518312058,0.124,"0.588,0.483,0.476","0.396,0.417,0.362",61353117,61353268,61343478,61343570,61358581,61358754,NA,NA,NA,NA,NA,NA,NA,NA,NA,NA,NA,NA
"Pos_vs_Neg","SE","Skipped Exon","Srsf7","ENSMUSG00000024097","chr17","-",2.29871320509655e-05,-0.11,"0.932,0.883,0.833","0.979,1.0,1.0",80512050,80512510,80511741,80511816,80514603,80514736,NA,NA,NA,NA,NA,NA,NA,NA,NA,NA,NA,NA
"Pos_vs_Neg","SE","Skipped Exon","Gabbr1","ENSMUSG00000024462","chr17","+",0.000333429638087172,-0.108,"0.918,0.806,0.902","0.977,0.973,1.0",37360544,37360689,37359469,37359498,37361890,37362019,NA,NA,NA,NA,NA,NA,NA,NA,NA,NA,NA,NA
"Pos_vs_Neg","SE","Skipped Exon","Ank3","ENSMUSG00000069601","chr10","+",0.00665861882122832,-0.232,"0.389,0.487,0.531","0.74,0.607,0.757",69765276,69765288,69763524,69763648,69768223,69768326,NA,NA,NA,NA,NA,NA,NA,NA,NA,NA,NA,NA
"Pos_vs_Neg","SE","Skipped Exon","Ank3","ENSMUSG00000069601","chr10","+",0.00066909755285071,-0.198,"0.389,0.396,0.376","0.619,0.651,0.486",69789269,69789302,69786781,69786888,69791755,69791980,NA,NA,NA,NA,NA,NA,NA,NA,NA,NA,NA,NA
"Pos_vs_Neg","SE","Skipped Exon","Ank3","ENSMUSG00000069601","chr10","+",0.000270916767874743,-0.203,"0.274,0.307,0.405","0.456,0.582,0.558",69816653,69816680,69816101,69816224,69817945,69818027,NA,NA,NA,NA,NA,NA,NA,NA,NA,NA,NA,NA
"Pos_vs_Neg","SE","Skipped Exon","Ank3","ENSMUSG00000069601","chr10","+",6.14328364054725e-05,-0.152,"0.272,0.318,0.303","0.402,0.508,0.439",69837752,69838061,69835184,69835328,69838340,69838431,NA,NA,NA,NA,NA,NA,NA,NA,NA,NA,NA,NA
"Pos_vs_Neg","SE","Skipped Exon","Tmem161a","ENSMUSG00000002342","chr8","+",0.00082527162362079,-0.148,"1.0,0.611,0.946","1.0,1.0,1.0",70626952,70627056,70625054,70625090,70629456,70629575,NA,NA,NA,NA,NA,NA,NA,NA,NA,NA,NA,NA
"Pos_vs_Neg","SE","Skipped Exon","Crtc1","ENSMUSG00000003575","chr8","-",6.52624773788828e-05,0.263,"0.676,0.818,0.824","0.604,0.432,0.493",70855080,70855175,70853268,70853354,70892082,70892229,NA,NA,NA,NA,NA,NA,NA,NA,NA,NA,NA,NA
"Pos_vs_Neg","SE","Skipped Exon","Map1s","ENSMUSG00000019261","chr8","+",0.0430004972710787,0.305,"0.0,0.794,0.325","0.204,0.0,0.0",71364489,71364572,71358575,71358771,71368994,71369218,NA,NA,NA,NA,NA,NA,NA,NA,NA,NA,NA,NA
"Pos_vs_Neg","SE","Skipped Exon","Myo9b","ENSMUSG00000004677","chr8","+",0.000190506637048616,0.317,"0.555,0.498,0.43","0.0,0.0,0.531",71791550,71791664,71786959,71787038,71795405,71795528,NA,NA,NA,NA,NA,NA,NA,NA,NA,NA,NA,NA
"Pos_vs_Neg","SE","Skipped Exon","Traf2","ENSMUSG00000026942","chr2","-",0.0419409517598496,0.259,"0.495,0.282,0.0","0.0,0.0,0.0",25427082,25427161,25418243,25420460,25436873,25436922,NA,NA,NA,NA,NA,NA,NA,NA,NA,NA,NA,NA
"Pos_vs_Neg","SE","Skipped Exon","Tom1","ENSMUSG00000042870","chr8","+",0.000280721594396748,-0.215,"0.797,0.95,0.608","1.0,1.0,1.0",75776817,75776896,75774620,75774705,75778550,75778685,NA,NA,NA,NA,NA,NA,NA,NA,NA,NA,NA,NA
"Pos_vs_Neg","SE","Skipped Exon","Crnde","ENSMUSG00000031736","chr8","-",0.0375428962457469,-0.114,"0.698,0.831,0.859","0.935,0.939,0.856",93071480,93071648,93052660,93053090,93072977,93073091,NA,NA,NA,NA,NA,NA,NA,NA,NA,NA,NA,NA
"Pos_vs_Neg","SE","Skipped Exon","Crnde","ENSMUSG00000031736","chr8","-",0.000439648618312843,-0.249,"0.267,0.393,0.486","0.635,0.659,0.6",93076530,93076616,93073221,93073732,93077318,93077382,NA,NA,NA,NA,NA,NA,NA,NA,NA,NA,NA,NA
"Pos_vs_Neg","SE","Skipped Exon","Calcrl","ENSMUSG00000059588","chr2","-",0.0499971549999487,0.119,"1.0,1.0,0.892","0.861,0.673,1.0",84237862,84237930,84207308,84207389,84255413,84255755,NA,NA,NA,NA,NA,NA,NA,NA,NA,NA,NA,NA
"Pos_vs_Neg","SE","Skipped Exon","Ndrg4","ENSMUSG00000036564","chr8","+",0.00182153877870137,-0.115,"0.363,0.294,0.288","0.422,0.391,0.477",96438952,96438991,96437720,96437772,96439805,96440546,NA,NA,NA,NA,NA,NA,NA,NA,NA,NA,NA,NA
"Pos_vs_Neg","SE","Skipped Exon","Tmem208","ENSMUSG00000014856","chr8","+",0.0480733644082627,-0.101,"0.761,0.963,0.973","1.0,1.0,1.0",106055403,106055534,106054953,106055090,106061274,106061433,NA,NA,NA,NA,NA,NA,NA,NA,NA,NA,NA,NA
"Pos_vs_Neg","SE","Skipped Exon","Slc9a5","ENSMUSG00000014786","chr8","+",0.0465863202184574,-0.111,"0.664,0.663,0.591","0.758,0.675,0.817",106084212,106084283,106084025,106084115,106085005,106085135,NA,NA,NA,NA,NA,NA,NA,NA,NA,NA,NA,NA
"Pos_vs_Neg","SE","Skipped Exon","Slc9a5","ENSMUSG00000014786","chr8","+",0.0146275054062365,-0.108,"0.62,0.693,0.695","0.753,0.859,0.72",106090568,106090638,106089894,106090065,106091313,106091448,NA,NA,NA,NA,NA,NA,NA,NA,NA,NA,NA,NA
"Pos_vs_Neg","SE","Skipped Exon","Ubxn11","ENSMUSG00000012126","chr4","+",0.0182871715037195,-0.227,"0.497,0.471,0.479","0.613,0.713,0.803",133840225,133840280,133839825,133839920,133840667,133840744,NA,NA,NA,NA,NA,NA,NA,NA,NA,NA,NA,NA
"Pos_vs_Neg","SE","Skipped Exon","Gm16118","ENSMUSG00000089797","chr8","-",0.00733346566324829,-0.365,"0.704,0.0,1.0","1.0,0.8,1.0",115426102,115426267,115425178,115425576,115434629,115434746,NA,NA,NA,NA,NA,NA,NA,NA,NA,NA,NA,NA
"Pos_vs_Neg","SE","Skipped Exon","6430548M08Rik","ENSMUSG00000031824","chr8","+",0.000195855675262046,-0.163,"0.351,0.389,0.358","0.515,0.551,0.521",120884206,120884236,120883035,120883113,120886697,120886778,NA,NA,NA,NA,NA,NA,NA,NA,NA,NA,NA,NA
"Pos_vs_Neg","SE","Skipped Exon","Pde4c","ENSMUSG00000031842","chr8","+",0.0445583471638635,0.141,"1.0,1.0,1.0","1.0,1.0,0.576",71201016,71201171,71200705,71200805,71201559,71201682,NA,NA,NA,NA,NA,NA,NA,NA,NA,NA,NA,NA
"Pos_vs_Neg","SE","Skipped Exon","Gm32856","ENSMUSG00000110605","chr8","+",0.00441460007227843,0.251,"0.833,0.836,0.951","0.6,0.581,0.686",129993965,129994180,129990060,129990205,129995262,129995455,NA,NA,NA,NA,NA,NA,NA,NA,NA,NA,NA,NA
"Pos_vs_Neg","SE","Skipped Exon","Snap47","ENSMUSG00000009894","chr11","-",0.0359936556920875,-0.144,"0.909,0.778,0.826","0.945,1.0,1.0",59319166,59319639,59297959,59298636,59340740,59340825,NA,NA,NA,NA,NA,NA,NA,NA,NA,NA,NA,NA
"Pos_vs_Neg","SE","Skipped Exon","Dync2h1","ENSMUSG00000047193","chr9","-",4.38744507487686e-06,-0.319,"0.672,0.517,0.754","1.0,1.0,0.9",7045348,7045369,7044329,7044428,7049082,7049192,NA,NA,NA,NA,NA,NA,NA,NA,NA,NA,NA,NA
"Pos_vs_Neg","SE","Skipped Exon","Itga2b","ENSMUSG00000034664","chr11","-",0.0437768526638454,-0.1,"0.912,1.0,0.755","0.968,1.0,1.0",102356130,102356183,102355765,102355977,102356322,102356376,NA,NA,NA,NA,NA,NA,NA,NA,NA,NA,NA,NA
"Pos_vs_Neg","SE","Skipped Exon","Zfp426","ENSMUSG00000059475","chr9","-",0.0428323311312817,0.19,"1.0,1.0,1.0","1.0,0.43,1.0",20386206,20386329,20384323,20384404,20389428,20389566,NA,NA,NA,NA,NA,NA,NA,NA,NA,NA,NA,NA
"Pos_vs_Neg","SE","Skipped Exon","Gm10125","ENSMUSG00000063087","chr18","-",1.66110989036248e-07,0.682,"0.39,0.657,1.0","0.0,0.0,0.0",5583712,5583796,5583011,5583133,5592159,5592190,NA,NA,NA,NA,NA,NA,NA,NA,NA,NA,NA,NA
"Pos_vs_Neg","SE","Skipped Exon","Zfp207","ENSMUSG00000017421","chr11","+",5.1622491427464e-05,-0.127,"0.365,0.436,0.366","0.506,0.537,0.505",80283909,80284002,80282660,80282818,80285111,80285357,NA,NA,NA,NA,NA,NA,NA,NA,NA,NA,NA,NA
"Pos_vs_Neg","SE","Skipped Exon","Lrrfip2","ENSMUSG00000032497","chr9","+",0.00146394585039758,-0.208,"0.59,0.711,0.64","0.813,0.854,0.898",111042880,111042982,111036864,111036957,111043208,111043341,NA,NA,NA,NA,NA,NA,NA,NA,NA,NA,NA,NA
"Pos_vs_Neg","SE","Skipped Exon","Snx19","ENSMUSG00000031993","chr9","+",0.0124691773236755,-0.116,"0.594,0.715,0.739","0.779,0.776,0.841",30373526,30373711,30351391,30351521,30374515,30374603,NA,NA,NA,NA,NA,NA,NA,NA,NA,NA,NA,NA
"Pos_vs_Neg","SE","Skipped Exon","Aplp2","ENSMUSG00000031996","chr9","-",2.08756573300123e-07,-0.102,"0.201,0.202,0.199","0.278,0.325,0.306",31067485,31067521,31064709,31064795,31068990,31069143,NA,NA,NA,NA,NA,NA,NA,NA,NA,NA,NA,NA
"Pos_vs_Neg","SE","Skipped Exon","Zfp62","ENSMUSG00000046311","chr11","+",0.0106922938274138,-0.389,"0.2,0.714,0.52","0.6,1.0,1.0",49094822,49094995,49094311,49094365,49095277,49095302,NA,NA,NA,NA,NA,NA,NA,NA,NA,NA,NA,NA
"Pos_vs_Neg","SE","Skipped Exon","Phldb1","ENSMUSG00000048537","chr9","-",2.07949440631056e-06,-0.152,"0.479,0.46,0.458","0.653,0.621,0.578",44610123,44610168,44609222,44609517,44610643,44610746,NA,NA,NA,NA,NA,NA,NA,NA,NA,NA,NA,NA
"Pos_vs_Neg","SE","Skipped Exon","Phldb1","ENSMUSG00000048537","chr9","-",0.000140454122406551,-0.117,"0.131,0.197,0.139","0.24,0.322,0.255",44612799,44612967,44612242,44612383,44615099,44615189,NA,NA,NA,NA,NA,NA,NA,NA,NA,NA,NA,NA
"Pos_vs_Neg","SE","Skipped Exon","Sidt2","ENSMUSG00000034908","chr9","-",0.00206085602293482,-0.209,"0.698,1.0,0.676","1.0,1.0,1.0",45858838,45858850,45858281,45858353,45859512,45859606,NA,NA,NA,NA,NA,NA,NA,NA,NA,NA,NA,NA
"Pos_vs_Neg","SE","Skipped Exon","Cadm1","ENSMUSG00000032076","chr9","+",0.00475512609792908,-0.126,"0.516,0.616,0.599","0.739,0.694,0.675",47740674,47740707,47725070,47725243,47759464,47759596,NA,NA,NA,NA,NA,NA,NA,NA,NA,NA,NA,NA
"Pos_vs_Neg","SE","Skipped Exon","Klhl18","ENSMUSG00000054792","chr9","-",0.0157777890398594,-0.273,"0.507,1.0,0.673","1.0,1.0,1.0",110279787,110279928,110267965,110268126,110305533,110305658,NA,NA,NA,NA,NA,NA,NA,NA,NA,NA,NA,NA
"Pos_vs_Neg","SE","Skipped Exon","Dnajb4","ENSMUSG00000028035","chr3","-",0.0115335664114931,0.227,"0.788,1.0,1.0","0.788,1.0,0.318",151900686,151900737,151899013,151899255,151914520,151914583,NA,NA,NA,NA,NA,NA,NA,NA,NA,NA,NA,NA
"Pos_vs_Neg","SE","Skipped Exon","Dnajb4","ENSMUSG00000028035","chr3","-",0.0218395351277041,-0.353,"0.123,0.0,0.0","0.849,0.334,0.0",151914520,151914583,151899199,151899301,151915471,151915694,NA,NA,NA,NA,NA,NA,NA,NA,NA,NA,NA,NA
"Pos_vs_Neg","SE","Skipped Exon","Megf11","ENSMUSG00000036466","chr9","+",0.00361100616633297,-0.127,"0.774,0.894,0.923","0.972,1.0,1.0",64598502,64598631,64597283,64597412,64599076,64599205,NA,NA,NA,NA,NA,NA,NA,NA,NA,NA,NA,NA
"Pos_vs_Neg","SE","Skipped Exon","Sltm","ENSMUSG00000032212","chr9","+",3.81989336395982e-05,-0.439,"0.874,0.465,0.343","1.0,1.0,1.0",70466318,70466383,70450140,70450363,70479430,70479458,NA,NA,NA,NA,NA,NA,NA,NA,NA,NA,NA,NA
"Pos_vs_Neg","SE","Skipped Exon","Ccdc17","ENSMUSG00000034035","chr4","+",0.0380771101611551,0.447,"1.0,1.0,1.0","0.534,1.0,0.125",116456753,116456864,116456485,116456687,116457083,116457398,NA,NA,NA,NA,NA,NA,NA,NA,NA,NA,NA,NA
"Pos_vs_Neg","SE","Skipped Exon","Gfral","ENSMUSG00000059383","chr9","-",0.0326630210127529,0.195,"1.0,1.0,1.0","0.8,0.615,1.0",76104309,76104640,76100484,76100735,76106215,76106275,NA,NA,NA,NA,NA,NA,NA,NA,NA,NA,NA,NA
"Pos_vs_Neg","SE","Skipped Exon","Bcas1","ENSMUSG00000013523","chr2","-",0.00737962819837058,-0.101,"0.897,0.756,0.813","0.881,0.934,0.953",170198167,170198233,170191101,170191383,170220642,170220849,NA,NA,NA,NA,NA,NA,NA,NA,NA,NA,NA,NA
"Pos_vs_Neg","SE","Skipped Exon","Cep63","ENSMUSG00000032534","chr9","-",0.00407571979043822,-0.306,"1.0,0.814,0.267","1.0,1.0,1.0",102498894,102498927,102496890,102496959,102500754,102500792,NA,NA,NA,NA,NA,NA,NA,NA,NA,NA,NA,NA
"Pos_vs_Neg","SE","Skipped Exon","Aste1","ENSMUSG00000032567","chr9","+",0.0172020669747743,0.266,"0.65,0.511,0.684","0.367,0.435,0.246",105273996,105275057,105273743,105273904,105278674,105278885,NA,NA,NA,NA,NA,NA,NA,NA,NA,NA,NA,NA
"Pos_vs_Neg","SE","Skipped Exon","Aste1","ENSMUSG00000032567","chr9","+",0.00578070441840249,0.279,"0.632,0.56,0.679","0.367,0.422,0.246",105274823,105275057,105273743,105273904,105278674,105279342,NA,NA,NA,NA,NA,NA,NA,NA,NA,NA,NA,NA
"Pos_vs_Neg","SE","Skipped Exon","Atp2c1","ENSMUSG00000032570","chr9","-",2.74851229380132e-05,-0.159,"0.409,0.364,0.437","0.564,0.55,0.573",105370741,105370753,105346305,105347346,105371613,105371681,NA,NA,NA,NA,NA,NA,NA,NA,NA,NA,NA,NA
"Pos_vs_Neg","SE","Skipped Exon","Abhd14a","ENSMUSG00000042210","chr9","-",0.00234153204276786,-0.163,"0.0,0.0,0.0","0.0,0.2,0.29",106321288,106321505,106317819,106318055,106322724,106322855,NA,NA,NA,NA,NA,NA,NA,NA,NA,NA,NA,NA
"Pos_vs_Neg","SE","Skipped Exon","Mapkapk3","ENSMUSG00000032577","chr9","-",0.000313120639629086,0.344,"1.0,1.0,1.0","0.295,0.788,0.885",107139621,107139686,107139076,107139156,107140823,107140963,NA,NA,NA,NA,NA,NA,NA,NA,NA,NA,NA,NA
"Pos_vs_Neg","SE","Skipped Exon","Kpna2","ENSMUSG00000018362","chr11","-",0.0313744608836273,-0.216,"0.449,1.0,0.902","1.0,1.0,1.0",106882238,106882333,106881894,106882158,106887334,106887472,NA,NA,NA,NA,NA,NA,NA,NA,NA,NA,NA,NA
"Pos_vs_Neg","SE","Skipped Exon","Kpna2","ENSMUSG00000018362","chr11","-",0.0317955720587398,-0.211,"0.455,1.0,0.913","1.0,1.0,1.0",106882683,106882952,106881894,106882158,106887334,106887472,NA,NA,NA,NA,NA,NA,NA,NA,NA,NA,NA,NA
"Pos_vs_Neg","SE","Skipped Exon","Qrich1","ENSMUSG00000006673","chr9","+",0.00501509577776859,0.116,"0.406,0.273,0.333","0.245,0.196,0.224",108395901,108396025,108394353,108394451,108405787,108406098,NA,NA,NA,NA,NA,NA,NA,NA,NA,NA,NA,NA
"Pos_vs_Neg","SE","Skipped Exon","Qrich1","ENSMUSG00000006673","chr9","+",0.036225347487216,0.115,"0.501,0.359,0.432","0.29,0.351,0.306",108395965,108396025,108394350,108394451,108405787,108406058,NA,NA,NA,NA,NA,NA,NA,NA,NA,NA,NA,NA
"Pos_vs_Neg","SE","Skipped Exon","Ip6k2","ENSMUSG00000032599","chr9","+",2.14459286949972e-05,0.593,"1.0,1.0,1.0","0.0,1.0,0.221",108673869,108673982,108673739,108673771,108674482,108674892,NA,NA,NA,NA,NA,NA,NA,NA,NA,NA,NA,NA
"Pos_vs_Neg","SE","Skipped Exon","Col7a1","ENSMUSG00000025650","chr9","+",1.10752350374598e-08,-0.16,"0.86,0.774,0.887","1.0,1.0,1.0",108794117,108794144,108793654,108793732,108794225,108794279,NA,NA,NA,NA,NA,NA,NA,NA,NA,NA,NA,NA
"Pos_vs_Neg","SE","Skipped Exon","Nme6","ENSMUSG00000032478","chr9","+",0.000401503465157929,-0.144,"0.508,0.467,0.474","0.619,0.657,0.605",109664337,109664482,109662263,109662363,109668675,109668778,NA,NA,NA,NA,NA,NA,NA,NA,NA,NA,NA,NA
"Pos_vs_Neg","SE","Skipped Exon","Als2cl","ENSMUSG00000044037","chr9","+",0.000141026669385793,-0.216,"0.101,0.052,0.032","0.197,0.344,0.292",110709409,110709525,110708937,110709297,110711781,110711790,NA,NA,NA,NA,NA,NA,NA,NA,NA,NA,NA,NA
"Pos_vs_Neg","SE","Skipped Exon","Als2cl","ENSMUSG00000044037","chr9","+",0.00771915391704525,-0.198,"0.615,0.742,0.691","0.871,0.915,0.856",110723363,110723460,110723054,110723228,110723633,110723791,NA,NA,NA,NA,NA,NA,NA,NA,NA,NA,NA,NA
"Pos_vs_Neg","SE","Skipped Exon","Asah2","ENSMUSG00000024887","chr19","-",8.21836887100332e-05,0.156,"1.0,1.0,1.0","0.899,0.897,0.735",31972741,31972801,31959996,31964347,31981083,31981230,NA,NA,NA,NA,NA,NA,NA,NA,NA,NA,NA,NA
"Pos_vs_Neg","SE","Skipped Exon","Mbnl1","ENSMUSG00000027763","chr3","+",0.0249061702513705,-0.115,"0.405,0.543,0.456","0.633,0.583,0.532",60522103,60522157,60520683,60520941,60523040,60523193,NA,NA,NA,NA,NA,NA,NA,NA,NA,NA,NA,NA
"Pos_vs_Neg","SE","Skipped Exon","Exog","ENSMUSG00000042787","chr9","+",0.0106560004679935,-0.133,"0.176,0.276,0.278","0.311,0.39,0.429",119274753,119274867,119274052,119274216,119276014,119276164,NA,NA,NA,NA,NA,NA,NA,NA,NA,NA,NA,NA
"Pos_vs_Neg","SE","Skipped Exon","Nktr","ENSMUSG00000032525","chr9","+",9.91544999218054e-05,-0.162,"0.738,0.69,0.575","0.774,0.848,0.867",121559062,121559090,121558463,121558746,121560543,121560631,NA,NA,NA,NA,NA,NA,NA,NA,NA,NA,NA,NA
"Pos_vs_Neg","SE","Skipped Exon","Epha7","ENSMUSG00000028289","chr4","+",0.00411160606740779,-0.116,"0.924,1.0,0.728","1.0,1.0,1.0",28947539,28947653,28943322,28943378,28948597,28948783,NA,NA,NA,NA,NA,NA,NA,NA,NA,NA,NA,NA
"Pos_vs_Neg","SE","Skipped Exon","Syne1","ENSMUSG00000096054","chr10","-",0.0320830657553067,-0.128,"0.824,0.959,0.681","0.937,0.962,0.95",5376254,5376275,5375667,5375760,5386738,5386822,NA,NA,NA,NA,NA,NA,NA,NA,NA,NA,NA,NA
"Pos_vs_Neg","SE","Skipped Exon","Tarbp2","ENSMUSG00000023051","chr15","+",2.664527588289e-08,-0.136,"0.73,0.755,0.708","0.854,0.882,0.865",102428909,102429012,102426889,102427037,102429555,102429648,NA,NA,NA,NA,NA,NA,NA,NA,NA,NA,NA,NA
"Pos_vs_Neg","SE","Skipped Exon","Slc16a1","ENSMUSG00000032902","chr3","+",0.0145886313192755,0.333,"1.0,1.0,0.604","0.0,1.0,0.604",104558201,104558345,104545983,104546144,104562763,104565778,NA,NA,NA,NA,NA,NA,NA,NA,NA,NA,NA,NA
"Pos_vs_Neg","SE","Skipped Exon","Atxn2l","ENSMUSG00000032637","chr7","-",0.000732602735196274,-0.144,"0.572,0.719,0.651","0.766,0.797,0.812",126091615,126091780,126090957,126091387,126091983,126092173,NA,NA,NA,NA,NA,NA,NA,NA,NA,NA,NA,NA
"Pos_vs_Neg","SE","Skipped Exon","E130307A14Rik","ENSMUSG00000087177","chr10","-",0.0119941439362295,0.211,"1.0,1.0,1.0","1.0,0.867,0.5",39516271,39516507,39497407,39498723,39607733,39607990,NA,NA,NA,NA,NA,NA,NA,NA,NA,NA,NA,NA
"Pos_vs_Neg","SE","Skipped Exon","E130307A14Rik","ENSMUSG00000087177","chr10","-",0.011150903799306,0.222,"1.0,1.0,1.0","1.0,0.841,0.493",39516375,39516507,39498247,39498723,39607733,39607775,NA,NA,NA,NA,NA,NA,NA,NA,NA,NA,NA,NA
"Pos_vs_Neg","SE","Skipped Exon","Elf2","ENSMUSG00000037174","chr3","-",0.0426141514575816,0.145,"0.333,0.36,0.408","0.242,0.223,0.202",51207203,51207306,51201513,51201609,51215470,51215636,NA,NA,NA,NA,NA,NA,NA,NA,NA,NA,NA,NA
"Pos_vs_Neg","SE","Skipped Exon","Dkc1","ENSMUSG00000031403","chrX","+",0.00525181323785227,0.498,"0.886,1.0,1.0","0.0,0.392,1.0",74140238,74140320,74139706,74139733,74140888,74140975,NA,NA,NA,NA,NA,NA,NA,NA,NA,NA,NA,NA
"Pos_vs_Neg","SE","Skipped Exon","Pcdh15","ENSMUSG00000052613","chr10","+",0.0499971549999487,0.174,"0.145,0.253,0.297","0.151,0.023,0.0",74477174,74477245,74462518,74462674,74478113,74478222,NA,NA,NA,NA,NA,NA,NA,NA,NA,NA,NA,NA
"Pos_vs_Neg","SE","Skipped Exon","Mkln1","ENSMUSG00000025609","chr6","+",0.0299417979509978,0.415,"1.0,0.912,1.0","0.409,1.0,0.257",31428453,31428519,31409870,31410066,31445065,31447824,NA,NA,NA,NA,NA,NA,NA,NA,NA,NA,NA,NA
"Pos_vs_Neg","SE","Skipped Exon","Cfap410","ENSMUSG00000020284","chr10","+",0.0383056001245597,0.237,"0.833,0.917,0.951","0.667,0.395,0.929",77815586,77815885,77814526,77814615,77816334,77816356,NA,NA,NA,NA,NA,NA,NA,NA,NA,NA,NA,NA
"Pos_vs_Neg","SE","Skipped Exon","Edem3","ENSMUSG00000043019","chr1","+",2.04197089610415e-05,-0.131,"0.151,0.203,0.172","0.32,0.269,0.33",151688504,151688519,151687269,151687455,151694060,151694730,NA,NA,NA,NA,NA,NA,NA,NA,NA,NA,NA,NA
"Pos_vs_Neg","SE","Skipped Exon","Zfp433","ENSMUSG00000096795","chr10","+",0.00893436530101034,-0.186,"0.0,0.0,0.0","0.468,0.0,0.091",81554302,81554450,81540711,81540734,81554752,81554879,NA,NA,NA,NA,NA,NA,NA,NA,NA,NA,NA,NA
"Pos_vs_Neg","SE","Skipped Exon","Gm15545","ENSMUSG00000087138","chr7","+",0.018748100402797,0.103,"1.0,0.976,0.89","0.821,0.818,0.917",44640800,44640905,44636323,44636794,44641446,44641752,NA,NA,NA,NA,NA,NA,NA,NA,NA,NA,NA,NA
"Pos_vs_Neg","SE","Skipped Exon","Mthfd2l","ENSMUSG00000029376","chr5","+",0.0262227872433668,0.105,"0.944,0.944,0.976","0.744,0.856,0.949",91148352,91148478,91122181,91122274,91168010,91169227,NA,NA,NA,NA,NA,NA,NA,NA,NA,NA,NA,NA
"Pos_vs_Neg","SE","Skipped Exon","Marchf7","ENSMUSG00000026977","chr2","+",0.000679408276511247,-0.154,"0.286,0.218,0.163","0.327,0.463,0.339",60077831,60077856,60075555,60075604,60078233,60078301,NA,NA,NA,NA,NA,NA,NA,NA,NA,NA,NA,NA
"Pos_vs_Neg","SE","Skipped Exon","4933412E12Rik","ENSMUSG00000112627","chr10","+",0.0156542333355587,0.386,"0.538,1.0,1.0","0.517,0.333,0.529",116794789,116794974,116786471,116786597,116797934,116799190,NA,NA,NA,NA,NA,NA,NA,NA,NA,NA,NA,NA
"Pos_vs_Neg","SE","Skipped Exon","Mon2","ENSMUSG00000034602","chr10","-",0,-0.21,"0.592,0.632,0.68","0.845,0.801,0.888",122858990,122858993,122858738,122858849,122859814,122859916,NA,NA,NA,NA,NA,NA,NA,NA,NA,NA,NA,NA
"Pos_vs_Neg","SE","Skipped Exon","Sfi1","ENSMUSG00000023764","chr11","-",0.0178744824012358,0.154,"0.973,0.847,0.941","0.816,0.637,0.847",3103431,3103498,3096161,3096292,3114556,3114713,NA,NA,NA,NA,NA,NA,NA,NA,NA,NA,NA,NA
"Pos_vs_Neg","SE","Skipped Exon","Sfi1","ENSMUSG00000023764","chr11","-",0.00020195446174167,0.1,"0.973,0.978,0.976","0.859,0.794,0.974",3127426,3127521,3120586,3120704,3136064,3136136,NA,NA,NA,NA,NA,NA,NA,NA,NA,NA,NA,NA
"Pos_vs_Neg","SE","Skipped Exon","Myl6","ENSMUSG00000090841","chr10","-",0,-0.407,"0.089,0.102,0.094","0.513,0.547,0.447",128327154,128327216,128326842,128326902,128327927,128328005,NA,NA,NA,NA,NA,NA,NA,NA,NA,NA,NA,NA
"Pos_vs_Neg","SE","Skipped Exon","Myl6","ENSMUSG00000090841","chr10","-",0,-0.443,"0.201,0.174,0.158","0.613,0.643,0.607",128327158,128327216,128326731,128326902,128327927,128328005,NA,NA,NA,NA,NA,NA,NA,NA,NA,NA,NA,NA
"Pos_vs_Neg","SE","Skipped Exon","Spag9","ENSMUSG00000020859","chr11","+",3.49549590374577e-13,-0.155,"0.058,0.062,0.074","0.257,0.223,0.18",93970024,93970036,93962390,93962512,93972165,93972223,NA,NA,NA,NA,NA,NA,NA,NA,NA,NA,NA,NA
"Pos_vs_Neg","SE","Skipped Exon","Ewsr1","ENSMUSG00000009079","chr11","-",0,-0.164,"0.229,0.202,0.192","0.375,0.355,0.386",5041459,5041477,5037959,5038146,5041858,5041982,NA,NA,NA,NA,NA,NA,NA,NA,NA,NA,NA,NA
"Pos_vs_Neg","SE","Skipped Exon","Emid1","ENSMUSG00000034164","chr11","-",5.91079255050672e-05,-0.12,"0.296,0.32,0.243","0.38,0.399,0.439",5059543,5059634,5056264,5056969,5066879,5066924,NA,NA,NA,NA,NA,NA,NA,NA,NA,NA,NA,NA
"Pos_vs_Neg","SE","Skipped Exon","Npc1l1","ENSMUSG00000020447","chr11","-",1.65605308380728e-09,0.792,"1.0,1.0,1.0","0.0,0.378,0.245",6167706,6167833,6167477,6167533,6168551,6168742,NA,NA,NA,NA,NA,NA,NA,NA,NA,NA,NA,NA
"Pos_vs_Neg","SE","Skipped Exon","Gria2","ENSMUSG00000033981","chr3","-",2.77811054881716e-06,-0.218,"0.706,0.647,0.614","0.782,0.963,0.875",80598626,80598741,80597710,80597825,80599591,80599839,NA,NA,NA,NA,NA,NA,NA,NA,NA,NA,NA,NA
"Pos_vs_Neg","SE","Skipped Exon","Gria2","ENSMUSG00000033981","chr3","-",0.000942820565298221,-0.192,"0.078,0.0,0.0","0.044,0.282,0.329",80599009,80599050,80597710,80597825,80599591,80599839,NA,NA,NA,NA,NA,NA,NA,NA,NA,NA,NA,NA
"Pos_vs_Neg","SE","Skipped Exon","Aftph","ENSMUSG00000049659","chr11","-",0.000800578306001558,-0.121,"0.589,0.647,0.608","0.68,0.751,0.776",20646750,20646831,20642464,20642588,20648312,20648373,NA,NA,NA,NA,NA,NA,NA,NA,NA,NA,NA,NA
"Pos_vs_Neg","SE","Skipped Exon","Sanbr","ENSMUSG00000042208","chr11","-",0.0128390680008916,-0.291,"0.248,0.233,0.099","0.524,0.531,0.397",23516118,23516195,23514960,23515136,23526730,23526822,NA,NA,NA,NA,NA,NA,NA,NA,NA,NA,NA,NA
"Pos_vs_Neg","SE","Skipped Exon","Fancl","ENSMUSG00000004018","chr11","+",0.0465055452777504,0.118,"0.845,0.981,0.913","0.76,0.822,0.803",26357547,26357648,26336134,26337310,26372407,26372460,NA,NA,NA,NA,NA,NA,NA,NA,NA,NA,NA,NA
"Pos_vs_Neg","SE","Skipped Exon","Usp37","ENSMUSG00000033364","chr1","-",0.000990863412885539,-0.134,"0.729,0.664,0.731","0.881,0.829,0.817",74499073,74499139,74495237,74495379,74500724,74500889,NA,NA,NA,NA,NA,NA,NA,NA,NA,NA,NA,NA
"Pos_vs_Neg","SE","Skipped Exon","Sh3pxd2b","ENSMUSG00000040711","chr11","+",4.08349332499256e-08,-0.206,"0.071,0.057,0.064","0.2,0.402,0.208",32358967,32359051,32357561,32357666,32361456,32361574,NA,NA,NA,NA,NA,NA,NA,NA,NA,NA,NA,NA
"Pos_vs_Neg","SE","Skipped Exon","Pip4k2a","ENSMUSG00000026737","chr2","-",0.0049209704703601,0.166,"1.0,0.948,0.877","0.704,0.746,0.877",18870922,18870961,18857623,18857737,18893862,18894015,NA,NA,NA,NA,NA,NA,NA,NA,NA,NA,NA,NA
"Pos_vs_Neg","SE","Skipped Exon","Atp8b3","ENSMUSG00000003341","chr10","-",0.00475512609792908,-0.162,"0.214,0.304,0.278","0.439,0.454,0.388",80357844,80357983,80357603,80357731,80360162,80360246,NA,NA,NA,NA,NA,NA,NA,NA,NA,NA,NA,NA
"Pos_vs_Neg","SE","Skipped Exon","Tm9sf4","ENSMUSG00000068040","chr2","+",4.04465168097619e-13,0.97,"1.0,1.0,1.0","0.0,0.0,0.091",153042562,153042738,153037409,153037485,153045701,153045821,NA,NA,NA,NA,NA,NA,NA,NA,NA,NA,NA,NA
"Pos_vs_Neg","SE","Skipped Exon","Gm9801","ENSMUSG00000045813","chr7","-",0.0234676743400734,-0.141,"0.714,0.714,1.0","1.0,1.0,0.852",61767470,61767650,61764393,61764524,61768642,61768791,NA,NA,NA,NA,NA,NA,NA,NA,NA,NA,NA,NA
"Pos_vs_Neg","SE","Skipped Exon","Sh3glb2","ENSMUSG00000026860","chr2","-",0,-0.127,"0.874,0.874,0.856","0.998,0.995,0.993",30236070,30236085,30235710,30235951,30236364,30236465,NA,NA,NA,NA,NA,NA,NA,NA,NA,NA,NA,NA
"Pos_vs_Neg","SE","Skipped Exon","Sh3glb2","ENSMUSG00000026860","chr2","-",0,-0.259,"0.267,0.297,0.251","0.481,0.593,0.518",30239237,30239249,30238079,30238629,30240299,30240392,NA,NA,NA,NA,NA,NA,NA,NA,NA,NA,NA,NA
"Pos_vs_Neg","SE","Skipped Exon","Tbc1d9b","ENSMUSG00000036644","chr11","+",0.00142741322313623,-0.195,"0.438,0.526,0.564","0.652,0.737,0.724",50054988,50055039,50054651,50054723,50059522,50059629,NA,NA,NA,NA,NA,NA,NA,NA,NA,NA,NA,NA
"Pos_vs_Neg","SE","Skipped Exon","Mib2","ENSMUSG00000029060","chr4","-",0.00102779612950651,-0.111,"0.528,0.6,0.523","0.666,0.67,0.649",155743350,155743458,155742311,155742416,155743579,155743722,NA,NA,NA,NA,NA,NA,NA,NA,NA,NA,NA,NA
"Pos_vs_Neg","SE","Skipped Exon","Rapgef6","ENSMUSG00000037533","chr11","+",1.39058557345626e-05,0.197,"0.953,1.0,1.0","0.704,0.957,0.7",54452150,54452220,54437198,54437255,54459178,54459322,NA,NA,NA,NA,NA,NA,NA,NA,NA,NA,NA,NA
"Pos_vs_Neg","SE","Skipped Exon","Rapgef6","ENSMUSG00000037533","chr11","+",3.78250609841152e-05,-0.249,"0.192,0.34,0.239","0.553,0.541,0.423",54542574,54542589,54540007,54540165,54548071,54548312,NA,NA,NA,NA,NA,NA,NA,NA,NA,NA,NA,NA
"Pos_vs_Neg","SE","Skipped Exon","Slc36a1","ENSMUSG00000020261","chr11","+",0.00115105997419736,-0.395,"0.482,1.0,0.332","1.0,1.0,1.0",55109833,55109924,55095175,55095314,55112822,55112900,NA,NA,NA,NA,NA,NA,NA,NA,NA,NA,NA,NA
"Pos_vs_Neg","SE","Skipped Exon","2610307P16Rik","ENSMUSG00000085936","chr13","-",0.0160595635101566,-0.102,"1.0,0.9,0.676","0.882,1.0,1.0",28852352,28852687,28792414,28792611,28895099,28895191,NA,NA,NA,NA,NA,NA,NA,NA,NA,NA,NA,NA
"Pos_vs_Neg","SE","Skipped Exon","2610307P16Rik","ENSMUSG00000085936","chr13","-",0.000184072055158469,0.164,"1.0,1.0,1.0","0.707,0.8,1.0",28853764,28853977,28852352,28852687,28914373,28914486,NA,NA,NA,NA,NA,NA,NA,NA,NA,NA,NA,NA
"Pos_vs_Neg","SE","Skipped Exon","2610307P16Rik","ENSMUSG00000085936","chr13","-",5.87705255386984e-05,0.581,"1.0,1.0,1.0","0.0,0.256,1.0",28895092,28895191,28852352,28852687,28914373,28914486,NA,NA,NA,NA,NA,NA,NA,NA,NA,NA,NA,NA
"Pos_vs_Neg","SE","Skipped Exon","2610307P16Rik","ENSMUSG00000085936","chr13","-",0.00011085420089861,0.539,"1.0,1.0,1.0","0.0,0.382,1.0",28895099,28895191,28852352,28852687,28914373,28914486,NA,NA,NA,NA,NA,NA,NA,NA,NA,NA,NA,NA
"Pos_vs_Neg","SE","Skipped Exon","Foxj3","ENSMUSG00000032998","chr4","+",0.00949475717202569,0.123,"0.674,0.674,0.639","0.515,0.599,0.505",119467186,119467288,119459605,119459689,119473704,119473833,NA,NA,NA,NA,NA,NA,NA,NA,NA,NA,NA,NA
"Pos_vs_Neg","SE","Skipped Exon","Ttc19","ENSMUSG00000042298","chr11","+",0.00266204982412198,-0.304,"1.0,0.325,0.684","0.922,1.0,1.0",62206702,62206794,62203841,62204004,62218723,62219277,NA,NA,NA,NA,NA,NA,NA,NA,NA,NA,NA,NA
"Pos_vs_Neg","SE","Skipped Exon","Rnf32","ENSMUSG00000029130","chr5","+",0.0246511933580573,0.108,"1.0,1.0,1.0","1.0,1.0,0.675",29401577,29401643,29400992,29401082,29402923,29403018,NA,NA,NA,NA,NA,NA,NA,NA,NA,NA,NA,NA
"Pos_vs_Neg","SE","Skipped Exon","Bicdl1","ENSMUSG00000041609","chr5","-",9.73021597452192e-07,-0.108,"0.137,0.15,0.1","0.23,0.221,0.261",115810202,115810214,115808243,115808359,115811138,115811255,NA,NA,NA,NA,NA,NA,NA,NA,NA,NA,NA,NA
"Pos_vs_Neg","SE","Skipped Exon","Myh10","ENSMUSG00000020900","chr11","+",2.03645002096121e-12,-0.112,"0.137,0.106,0.107","0.23,0.233,0.223",68636760,68636790,68636142,68636245,68642767,68642860,NA,NA,NA,NA,NA,NA,NA,NA,NA,NA,NA,NA
"Pos_vs_Neg","SE","Skipped Exon","Slc25a35","ENSMUSG00000018740","chr11","+",0.00224114905279178,-0.231,"0.478,1.0,0.778","0.949,1.0,1.0",68862009,68862162,68861549,68861615,68862494,68862608,NA,NA,NA,NA,NA,NA,NA,NA,NA,NA,NA,NA
"Pos_vs_Neg","SE","Skipped Exon","Slc25a35","ENSMUSG00000018740","chr11","+",0.00280175798141251,-0.346,"0.255,1.0,0.631","0.925,1.0,1.0",68862021,68862162,68861549,68861615,68862494,68862629,NA,NA,NA,NA,NA,NA,NA,NA,NA,NA,NA,NA
"Pos_vs_Neg","SE","Skipped Exon","Zbtb4","ENSMUSG00000018750","chr11","+",0.000120892576597358,0.667,"1.0,1.0,1.0","0.0,1.0,0.0",69662066,69662113,69657369,69657463,69666201,69666268,NA,NA,NA,NA,NA,NA,NA,NA,NA,NA,NA,NA
"Pos_vs_Neg","SE","Skipped Exon","Zc3h14","ENSMUSG00000021012","chr12","+",0.012218388608225,-0.116,"0.455,0.482,0.483","0.555,0.671,0.542",98746306,98746539,98740503,98740578,98749840,98749961,NA,NA,NA,NA,NA,NA,NA,NA,NA,NA,NA,NA
"Pos_vs_Neg","SE","Skipped Exon","Gm26947","ENSMUSG00000098055","chr10","+",0.00996267546021113,0.109,"1.0,1.0,1.0","1.0,0.673,1.0",60772381,60772818,60770849,60771194,60773611,60773741,NA,NA,NA,NA,NA,NA,NA,NA,NA,NA,NA,NA
"Pos_vs_Neg","SE","Skipped Exon","Myo18a","ENSMUSG00000000631","chr11","+",0.00161773092828207,-0.145,"0.513,0.529,0.504","0.607,0.726,0.648",77706681,77706717,77668118,77669140,77708444,77708532,NA,NA,NA,NA,NA,NA,NA,NA,NA,NA,NA,NA
"Pos_vs_Neg","SE","Skipped Exon","Myo18a","ENSMUSG00000000631","chr11","+",0.0340991879766278,-0.139,"0.315,0.485,0.402","0.526,0.553,0.54",77706681,77706825,77668118,77669140,77708444,77708532,NA,NA,NA,NA,NA,NA,NA,NA,NA,NA,NA,NA
"Pos_vs_Neg","A3SS","Alternative 3' Splice Site","Gm9895","ENSMUSG00000118038","chr19","+",0.000110773629362629,0.276,"0.911,1.0,1.0","0.728,0.71,0.646",NA,NA,NA,NA,NA,NA,29046392,29046918,29046521,29046918,29044635,29044982,NA,NA,NA,NA,NA,NA
"Pos_vs_Neg","A3SS","Alternative 3' Splice Site","Sipa1","ENSMUSG00000056917","chr19","-",9.81247545233367e-06,0.269,"1.0,1.0,1.0","0.716,0.756,0.72",NA,NA,NA,NA,NA,NA,5711623,5711654,5711623,5711651,5712615,5712869,NA,NA,NA,NA,NA,NA
"Pos_vs_Neg","A3SS","Alternative 3' Splice Site","Sipa1","ENSMUSG00000056917","chr19","-",1.74401959540458e-09,0.692,"1.0,1.0,1.0","0.188,0.447,0.288",NA,NA,NA,NA,NA,NA,5711623,5711686,5711623,5711651,5712615,5712869,NA,NA,NA,NA,NA,NA
"Pos_vs_Neg","A3SS","Alternative 3' Splice Site","Minar2","ENSMUSG00000050875","chr18","+",0.000245099520324718,-0.386,"0.407,0.449,0.374","0.712,0.8,0.877",NA,NA,NA,NA,NA,NA,59199888,59200061,59200000,59200061,59198906,59198957,NA,NA,NA,NA,NA,NA
"Pos_vs_Neg","A3SS","Alternative 3' Splice Site","Minar2","ENSMUSG00000050875","chr18","+",0.000477302034144084,-0.19,"0.813,0.767,0.66","0.933,0.929,0.947",NA,NA,NA,NA,NA,NA,59199981,59200061,59200000,59200061,59198906,59198957,NA,NA,NA,NA,NA,NA
"Pos_vs_Neg","A3SS","Alternative 3' Splice Site","Spaca6","ENSMUSG00000080316","chr17","+",0.020174804459244,-0.148,"0.812,0.826,0.918","1.0,1.0,1.0",NA,NA,NA,NA,NA,NA,18056346,18056415,18056370,18056415,18052320,18052401,NA,NA,NA,NA,NA,NA
"Pos_vs_Neg","A3SS","Alternative 3' Splice Site","9030025P20Rik","ENSMUSG00000116953","chr17","+",0.00333362528664546,-0.153,"0.623,0.875,0.975","1.0,1.0,0.932",NA,NA,NA,NA,NA,NA,15206035,15207094,15206979,15207094,15205079,15205177,NA,NA,NA,NA,NA,NA
"Pos_vs_Neg","A3SS","Alternative 3' Splice Site","Pnldc1","ENSMUSG00000073460","chr17","-",4.40030864271355e-09,-0.836,"0.111,0.0,0.13","1.0,1.0,0.75",NA,NA,NA,NA,NA,NA,13113246,13113498,13113246,13113302,13114398,13114484,NA,NA,NA,NA,NA,NA
"Pos_vs_Neg","A3SS","Alternative 3' Splice Site","Glyr1","ENSMUSG00000022536","chr16","-",0.00136875629280034,-0.114,"0.617,0.607,0.624","0.7,0.784,0.705",NA,NA,NA,NA,NA,NA,4839201,4839312,4839201,4839294,4844371,4844471,NA,NA,NA,NA,NA,NA
"Pos_vs_Neg","A3SS","Alternative 3' Splice Site","Espl1","ENSMUSG00000058290","chr15","+",0.0162238082858414,0.105,"0.794,0.843,0.846","0.735,0.704,0.728",NA,NA,NA,NA,NA,NA,102205165,102205284,102205194,102205284,102204739,102205074,NA,NA,NA,NA,NA,NA
"Pos_vs_Neg","A3SS","Alternative 3' Splice Site","Tmtc4","ENSMUSG00000041594","chr14","-",8.65578741062026e-08,0.787,"1.0,1.0,1.0","0.0,0.638,0.0",NA,NA,NA,NA,NA,NA,123187900,123188004,123187900,123188001,123209151,123209368,NA,NA,NA,NA,NA,NA
"Pos_vs_Neg","A3SS","Alternative 3' Splice Site","Duxbl1","ENSMUSG00000048502","chr14","+",0.00447234648693916,0.136,"1.0,0.589,1.0","0.556,1.0,0.626",NA,NA,NA,NA,NA,NA,25983852,25983969,25983911,25983969,25979506,25980098,NA,NA,NA,NA,NA,NA
"Pos_vs_Neg","A3SS","Alternative 3' Splice Site","Cdo1","ENSMUSG00000033022","chr18","-",0.00952828983281173,-0.189,"0.0,0.0,0.0","0.273,0.0,0.295",NA,NA,NA,NA,NA,NA,46848663,46848882,46848663,46848833,46853353,46853508,NA,NA,NA,NA,NA,NA
"Pos_vs_Neg","A3SS","Alternative 3' Splice Site","4833420G17Rik","ENSMUSG00000062822","chr13","+",0.00268385912412005,-0.115,"0.897,0.765,0.754","0.95,0.893,0.918",NA,NA,NA,NA,NA,NA,119601815,119602840,119602609,119602840,119601100,119601226,NA,NA,NA,NA,NA,NA
"Pos_vs_Neg","A3SS","Alternative 3' Splice Site","4833420G17Rik","ENSMUSG00000062822","chr13","+",0.0012057052683547,-0.166,"0.841,0.667,0.685","0.935,0.859,0.898",NA,NA,NA,NA,NA,NA,119602546,119602840,119602609,119602840,119601100,119601226,NA,NA,NA,NA,NA,NA
"Pos_vs_Neg","A3SS","Alternative 3' Splice Site","Gm46430","ENSMUSG00000113204","chr13","-",0.000940887529217926,-0.366,"0.806,0.548,0.409","1.0,1.0,0.862",NA,NA,NA,NA,NA,NA,74730309,74730433,74730309,74730367,74731765,74731992,NA,NA,NA,NA,NA,NA
"Pos_vs_Neg","A3SS","Alternative 3' Splice Site","Tedc1","ENSMUSG00000037466","chr12","+",0.0207750340246345,-0.137,"0.75,0.939,0.795","0.956,0.938,1.0",NA,NA,NA,NA,NA,NA,113121090,113121347,113121197,113121347,113120294,113120373,NA,NA,NA,NA,NA,NA
"Pos_vs_Neg","A3SS","Alternative 3' Splice Site","Tecpr2","ENSMUSG00000021275","chr12","+",0.00152539452539399,0.12,"0.217,0.168,0.167","0.091,0.052,0.049",NA,NA,NA,NA,NA,NA,110897723,110898166,110897833,110898166,110895465,110895598,NA,NA,NA,NA,NA,NA
"Pos_vs_Neg","A3SS","Alternative 3' Splice Site","Alkbh1","ENSMUSG00000079036","chr12","-",0.00669457539962443,-0.119,"0.594,0.689,0.566","0.687,0.788,0.732",NA,NA,NA,NA,NA,NA,87478169,87478363,87478169,87478308,87480888,87480979,NA,NA,NA,NA,NA,NA
"Pos_vs_Neg","A3SS","Alternative 3' Splice Site","Hexdc","ENSMUSG00000039307","chr11","+",0.000227762007320226,-0.164,"0.522,0.531,0.437","0.641,0.653,0.687",NA,NA,NA,NA,NA,NA,121111689,121111987,121111908,121111987,121110666,121110749,NA,NA,NA,NA,NA,NA
"Pos_vs_Neg","A3SS","Alternative 3' Splice Site","Gm17586","ENSMUSG00000120999","chr11","+",0.00447234648693916,0.495,"1.0,0.484,1.0","1.0,0.0,0.0",NA,NA,NA,NA,NA,NA,120525758,120525957,120525768,120525957,120524575,120525280,NA,NA,NA,NA,NA,NA
"Pos_vs_Neg","A3SS","Alternative 3' Splice Site","Tmem106c","ENSMUSG00000052369","chr15","+",0.00352060583770766,0.145,"0.303,0.324,0.201","0.132,0.128,0.133",NA,NA,NA,NA,NA,NA,97862668,97862911,97862720,97862911,97862080,97862205,NA,NA,NA,NA,NA,NA
"Pos_vs_Neg","A3SS","Alternative 3' Splice Site","St7","ENSMUSG00000029534","chr6","+",0.0102976588302114,-0.131,"0.514,0.483,0.491","0.675,0.639,0.566",NA,NA,NA,NA,NA,NA,17850355,17852411,17852256,17852411,17848002,17848078,NA,NA,NA,NA,NA,NA
"Pos_vs_Neg","A3SS","Alternative 3' Splice Site","Arhgap26","ENSMUSG00000036452","chr18","+",0.00365633220445319,-0.269,"0.78,0.895,0.34","0.822,1.0,1.0",NA,NA,NA,NA,NA,NA,39490790,39490881,39490851,39490881,39490605,39490716,NA,NA,NA,NA,NA,NA
"Pos_vs_Neg","A3SS","Alternative 3' Splice Site","Garin1b","ENSMUSG00000039742","chr6","+",0.0336027201966455,0.111,"1.0,1.0,1.0","0.721,0.946,1.0",NA,NA,NA,NA,NA,NA,29320626,29320811,29320631,29320811,29319155,29319446,NA,NA,NA,NA,NA,NA
"Pos_vs_Neg","A3SS","Alternative 3' Splice Site","Garin1b","ENSMUSG00000039742","chr6","+",0.0243536685226183,0.439,"0.794,0.871,0.243","0.59,0.0,0.0",NA,NA,NA,NA,NA,NA,29330641,29330685,29330647,29330685,29326571,29326693,NA,NA,NA,NA,NA,NA
"Pos_vs_Neg","A3SS","Alternative 3' Splice Site","Garin1b","ENSMUSG00000039742","chr6","+",4.16582199846868e-09,0.838,"1.0,1.0,1.0","0.485,0.0,0.0",NA,NA,NA,NA,NA,NA,29330641,29330685,29330650,29330685,29326571,29326693,NA,NA,NA,NA,NA,NA
"Pos_vs_Neg","A3SS","Alternative 3' Splice Site","Garin1b","ENSMUSG00000039742","chr6","+",8.39899987910644e-05,0.526,"1.0,1.0,1.0","0.395,0.887,0.14",NA,NA,NA,NA,NA,NA,29330647,29330685,29330650,29330685,29326571,29326693,NA,NA,NA,NA,NA,NA
"Pos_vs_Neg","A3SS","Alternative 3' Splice Site","Fsd1l","ENSMUSG00000054752","chr4","+",0,0.145,"0.191,0.157,0.13","0.0,0.031,0.012",NA,NA,NA,NA,NA,NA,53693983,53694084,53693986,53694084,53686387,53686517,NA,NA,NA,NA,NA,NA
"Pos_vs_Neg","A3SS","Alternative 3' Splice Site","Gltp","ENSMUSG00000011884","chr5","-",0.00041575648557715,-0.12,"0.802,0.93,0.855","1.0,0.947,1.0",NA,NA,NA,NA,NA,NA,114812114,114812265,114812114,114812246,114814396,114814459,NA,NA,NA,NA,NA,NA
"Pos_vs_Neg","A3SS","Alternative 3' Splice Site","Ube2d-ps","ENSMUSG00000121496","chr11","+",0.0122666589702504,0.34,"1.0,1.0,1.0","0.797,0.184,1.0",NA,NA,NA,NA,NA,NA,5718885,5719072,5718888,5719072,5715508,5715571,NA,NA,NA,NA,NA,NA
"Pos_vs_Neg","A3SS","Alternative 3' Splice Site","Arl3","ENSMUSG00000025035","chr19","-",0.0306903620990788,0.425,"0.914,1.0,1.0","0.639,0.0,1.0",NA,NA,NA,NA,NA,NA,46529881,46529968,46529881,46529949,46530790,46530976,NA,NA,NA,NA,NA,NA
"Pos_vs_Neg","A3SS","Alternative 3' Splice Site","Slc4a1ap","ENSMUSG00000029141","chr5","+",0.00202802598198648,0.236,"1.0,0.967,0.839","0.788,0.815,0.495",NA,NA,NA,NA,NA,NA,31705954,31706025,31705957,31706025,31697729,31697841,NA,NA,NA,NA,NA,NA
"Pos_vs_Neg","A3SS","Alternative 3' Splice Site","Zfp667","ENSMUSG00000054893","chr7","+",0.0165882606936552,-0.127,"0.0,0.0,0.0","0.044,0.064,0.272",NA,NA,NA,NA,NA,NA,6292287,6292436,6292356,6292436,6290866,6290969,NA,NA,NA,NA,NA,NA
"Pos_vs_Neg","A3SS","Alternative 3' Splice Site","Gm20544","ENSMUSG00000092569","chr18","-",0.00639253777396926,-0.211,"0.0,0.0,0.0","0.238,0.394,0.0",NA,NA,NA,NA,NA,NA,75497177,75497443,75497177,75497401,75497781,75497898,NA,NA,NA,NA,NA,NA
"Pos_vs_Neg","A3SS","Alternative 3' Splice Site","Gm20544","ENSMUSG00000092569","chr18","-",0.0306903620990788,-0.387,"0.091,0.238,0.36","0.615,0.52,0.714",NA,NA,NA,NA,NA,NA,75497177,75497574,75497177,75497401,75497781,75497898,NA,NA,NA,NA,NA,NA
"Pos_vs_Neg","A3SS","Alternative 3' Splice Site","Gm20544","ENSMUSG00000092569","chr18","-",0.0182307214083679,-0.382,"0.0,0.0,0.0","0.347,0.799,0.0",NA,NA,NA,NA,NA,NA,75497177,75497443,75497177,75497405,75497781,75497898,NA,NA,NA,NA,NA,NA
"Pos_vs_Neg","A3SS","Alternative 3' Splice Site","Atp13a2","ENSMUSG00000036622","chr4","+",2.92865221502632e-06,-0.493,"0.636,0.385,0.5","1.0,1.0,1.0",NA,NA,NA,NA,NA,NA,140721258,140721702,140721622,140721702,140719648,140719831,NA,NA,NA,NA,NA,NA
"Pos_vs_Neg","A3SS","Alternative 3' Splice Site","Cyb5r1","ENSMUSG00000026456","chr1","+",1.45179597865264e-05,-0.108,"0.154,0.154,0.124","0.169,0.282,0.305",NA,NA,NA,NA,NA,NA,134335554,134336225,134336141,134336225,134335311,134335441,NA,NA,NA,NA,NA,NA
"Pos_vs_Neg","A3SS","Alternative 3' Splice Site","Chchd7","ENSMUSG00000042198","chr4","+",0.0214448298187798,-0.102,"0.641,0.701,0.792","0.815,0.788,0.836",NA,NA,NA,NA,NA,NA,3939378,3939526,3939423,3939526,3938913,3939131,NA,NA,NA,NA,NA,NA
"Pos_vs_Neg","A3SS","Alternative 3' Splice Site","Wac","ENSMUSG00000024283","chr18","+",0.010399043500096,0.135,"0.963,1.0,0.936","0.662,0.866,0.967",NA,NA,NA,NA,NA,NA,7917561,7917675,7917564,7917675,7916051,7916297,NA,NA,NA,NA,NA,NA
"Pos_vs_Neg","A3SS","Alternative 3' Splice Site","Fubp1","ENSMUSG00000028034","chr3","+",0,-0.145,"0.821,0.765,0.861","0.977,0.931,0.975",NA,NA,NA,NA,NA,NA,151938031,151940207,151940160,151940207,151937513,151937659,NA,NA,NA,NA,NA,NA
"Pos_vs_Neg","A3SS","Alternative 3' Splice Site","Coq4","ENSMUSG00000026798","chr2","+",0.0173747725800498,-0.168,"0.774,0.723,1.0","1.0,1.0,1.0",NA,NA,NA,NA,NA,NA,29685392,29685522,29685395,29685522,29680468,29680542,NA,NA,NA,NA,NA,NA
"Pos_vs_Neg","A3SS","Alternative 3' Splice Site","Ank2","ENSMUSG00000032826","chr3","-",0.000300116465482007,-0.142,"0.688,0.904,0.981","1.0,1.0,1.0",NA,NA,NA,NA,NA,NA,126770493,126770596,126770493,126770581,126775448,126775593,NA,NA,NA,NA,NA,NA
"Pos_vs_Neg","A3SS","Alternative 3' Splice Site","Dcp1b","ENSMUSG00000041477","chr6","+",0.0026561893758556,-0.139,"0.808,0.762,0.789","0.898,0.924,0.953",NA,NA,NA,NA,NA,NA,119194763,119194940,119194862,119194940,119191730,119192567,NA,NA,NA,NA,NA,NA
"Pos_vs_Neg","A3SS","Alternative 3' Splice Site","Celf5","ENSMUSG00000034818","chr10","-",0.0120813224967487,-0.144,"0.783,0.785,1.0","1.0,1.0,1.0",NA,NA,NA,NA,NA,NA,81298502,81298646,81298502,81298605,81312702,81312785,NA,NA,NA,NA,NA,NA
"Pos_vs_Neg","A3SS","Alternative 3' Splice Site","Dedd2","ENSMUSG00000054499","chr7","-",0.041373065763674,-0.127,"0.436,0.498,0.586","0.66,0.586,0.654",NA,NA,NA,NA,NA,NA,24918225,24918592,24918225,24918456,24919211,24919284,NA,NA,NA,NA,NA,NA
"Pos_vs_Neg","A3SS","Alternative 3' Splice Site","Dlg1","ENSMUSG00000022770","chr16","+",0.000647279136632073,-0.131,"0.668,0.616,0.584","0.741,0.763,0.756",NA,NA,NA,NA,NA,NA,31673470,31673506,31673485,31673506,31672660,31672702,NA,NA,NA,NA,NA,NA
"Pos_vs_Neg","A3SS","Alternative 3' Splice Site","Rasgef1b","ENSMUSG00000089809","chr5","-",0.0458058986711322,-0.311,"1.0,0.395,0.0","1.0,0.329,1.0",NA,NA,NA,NA,NA,NA,99382334,99382550,99382334,99382547,99388681,99388819,NA,NA,NA,NA,NA,NA
"Pos_vs_Neg","A3SS","Alternative 3' Splice Site","Dop1a","ENSMUSG00000034973","chr9","+",0.000691568405230948,0.21,"0.374,0.431,0.355","0.155,0.226,0.148",NA,NA,NA,NA,NA,NA,86383926,86384036,86383953,86384036,86382848,86382948,NA,NA,NA,NA,NA,NA
"Pos_vs_Neg","A3SS","Alternative 3' Splice Site","Dop1a","ENSMUSG00000034973","chr9","+",0.00447234648693916,-0.176,"0.787,0.575,0.732","0.871,0.879,0.871",NA,NA,NA,NA,NA,NA,86394610,86395232,86394613,86395232,86389556,86389790,NA,NA,NA,NA,NA,NA
"Pos_vs_Neg","A3SS","Alternative 3' Splice Site","Agrn","ENSMUSG00000041936","chr4","-",0.0243536685226183,-0.108,"0.795,0.704,0.754","0.898,0.848,0.832",NA,NA,NA,NA,NA,NA,156252233,156253026,156252233,156252266,156253189,156253277,NA,NA,NA,NA,NA,NA
"Pos_vs_Neg","A3SS","Alternative 3' Splice Site","Cenpl","ENSMUSG00000026708","chr1","+",0.0009177321909158,0.107,"0.963,0.989,0.955","0.826,0.795,0.966",NA,NA,NA,NA,NA,NA,160905798,160906050,160905898,160906050,160902326,160902500,NA,NA,NA,NA,NA,NA
"Pos_vs_Neg","A3SS","Alternative 3' Splice Site","Tsga10","ENSMUSG00000060771","chr1","-",0.0033159149695022,-0.17,"0.864,0.755,0.691","0.975,0.927,0.918",NA,NA,NA,NA,NA,NA,37880265,37880433,37880265,37880389,37881535,37881601,NA,NA,NA,NA,NA,NA
"Pos_vs_Neg","A3SS","Alternative 3' Splice Site","1700037H04Rik","ENSMUSG00000027327","chr2","-",0.0368440040771675,0.224,"1.0,1.0,1.0","0.764,1.0,0.565",NA,NA,NA,NA,NA,NA,130993537,130993680,130993537,130993676,131001872,131001962,NA,NA,NA,NA,NA,NA
"Pos_vs_Neg","A3SS","Alternative 3' Splice Site","Gale","ENSMUSG00000028671","chr4","+",0.000194939466330237,0.264,"1.0,1.0,0.917","0.761,0.676,0.688",NA,NA,NA,NA,NA,NA,135692536,135692767,135692644,135692767,135691127,135691407,NA,NA,NA,NA,NA,NA
"Pos_vs_Neg","A3SS","Alternative 3' Splice Site","Rcbtb1","ENSMUSG00000035469","chr14","+",0.000770487102457345,0.626,"0.208,1.0,0.759","0.0,0.0,0.09",NA,NA,NA,NA,NA,NA,59444212,59444379,59444252,59444379,59443073,59443171,NA,NA,NA,NA,NA,NA
"Pos_vs_Neg","A3SS","Alternative 3' Splice Site","Tpm1","ENSMUSG00000032366","chr9","-",2.91544566266963e-13,-0.169,"0.236,0.233,0.23","0.398,0.414,0.394",NA,NA,NA,NA,NA,NA,66929874,66931847,66929874,66930723,66938310,66938380,NA,NA,NA,NA,NA,NA
"Pos_vs_Neg","A3SS","Alternative 3' Splice Site","Adgb","ENSMUSG00000050994","chr10","-",0.0160908800338765,-0.577,"0.269,0.0,0.0","1.0,1.0,0.0",NA,NA,NA,NA,NA,NA,10228640,10228807,10228640,10228804,10233610,10233722,NA,NA,NA,NA,NA,NA
"Pos_vs_Neg","A3SS","Alternative 3' Splice Site","Gas5","ENSMUSG00000053332","chr1","+",8.73958169974454e-05,-0.183,"0.246,0.197,0.219","0.455,0.337,0.419",NA,NA,NA,NA,NA,NA,160864693,160864885,160864857,160864885,160864389,160864422,NA,NA,NA,NA,NA,NA
"Pos_vs_Neg","A3SS","Alternative 3' Splice Site","Ppp6r3","ENSMUSG00000024908","chr19","-",0.00147946536589807,0.122,"0.813,0.936,0.879","0.786,0.741,0.735",NA,NA,NA,NA,NA,NA,3523768,3523866,3523768,3523815,3534830,3534916,NA,NA,NA,NA,NA,NA
"Pos_vs_Neg","A3SS","Alternative 3' Splice Site","Sema4a","ENSMUSG00000028064","chr3","-",0.000635816891882772,-0.35,"0.454,0.433,0.384","0.769,0.806,0.747",NA,NA,NA,NA,NA,NA,88358651,88358804,88358651,88358774,88358994,88359093,NA,NA,NA,NA,NA,NA
"Pos_vs_Neg","A3SS","Alternative 3' Splice Site","Ivns1abp","ENSMUSG00000023150","chr1","+",8.87428492546464e-06,0.156,"0.418,0.414,0.432","0.202,0.246,0.349",NA,NA,NA,NA,NA,NA,151230917,151231987,151231879,151231987,151230384,151230510,NA,NA,NA,NA,NA,NA
"Pos_vs_Neg","A3SS","Alternative 3' Splice Site","Clptm1","ENSMUSG00000002981","chr7","-",0.000250608019400293,-0.386,"1.0,0.278,0.565","1.0,1.0,1.0",NA,NA,NA,NA,NA,NA,19396069,19396267,19396069,19396158,19398858,19398880,NA,NA,NA,NA,NA,NA
"Pos_vs_Neg","A3SS","Alternative 3' Splice Site","Plekhg2","ENSMUSG00000037552","chr7","-",0.00147946536589807,-0.148,"0.185,0.25,0.13","0.294,0.346,0.369",NA,NA,NA,NA,NA,NA,28069662,28070467,28069662,28069919,28070539,28070670,NA,NA,NA,NA,NA,NA
"Pos_vs_Neg","A3SS","Alternative 3' Splice Site","Plekhg2","ENSMUSG00000037552","chr7","-",0.00405031536720335,-0.143,"0.135,0.2,0.154","0.227,0.316,0.374",NA,NA,NA,NA,NA,NA,28069662,28070467,28069662,28069922,28070539,28070670,NA,NA,NA,NA,NA,NA
"Pos_vs_Neg","A3SS","Alternative 3' Splice Site","Ppargc1a","ENSMUSG00000029167","chr5","-",0.000151884963464787,-0.667,"0.0,0.0,0.0","0.0,1.0,1.0",NA,NA,NA,NA,NA,NA,51647358,51647463,51647358,51647432,51647541,51647587,NA,NA,NA,NA,NA,NA
"Pos_vs_Neg","A3SS","Alternative 3' Splice Site","Radil","ENSMUSG00000029576","chr5","-",0.00403865640963943,0.106,"0.146,0.083,0.211","0.052,0.0,0.071",NA,NA,NA,NA,NA,NA,142472509,142472930,142472509,142472861,142473201,142473392,NA,NA,NA,NA,NA,NA
"Pos_vs_Neg","A3SS","Alternative 3' Splice Site","Ttc14","ENSMUSG00000027677","chr3","+",6.5278729899006e-05,0.19,"0.818,0.774,0.752","0.658,0.499,0.617",NA,NA,NA,NA,NA,NA,33861987,33862097,33862004,33862097,33860964,33861082,NA,NA,NA,NA,NA,NA
"Pos_vs_Neg","A3SS","Alternative 3' Splice Site","Arfgap1","ENSMUSG00000027575","chr2","+",0.00167355542266295,0.265,"0.305,0.423,0.5","0.161,0.243,0.029",NA,NA,NA,NA,NA,NA,180622190,180622267,180622196,180622267,180621453,180621513,NA,NA,NA,NA,NA,NA
"Pos_vs_Neg","A3SS","Alternative 3' Splice Site","Ccdc77","ENSMUSG00000030177","chr6","-",0.000124725281620278,-0.166,"0.183,0.209,0.284","0.321,0.432,0.421",NA,NA,NA,NA,NA,NA,120327167,120327405,120327167,120327351,120330961,120331015,NA,NA,NA,NA,NA,NA
"Pos_vs_Neg","A3SS","Alternative 3' Splice Site","Cpsf4","ENSMUSG00000029625","chr5","+",0.0122666589702504,-0.104,"0.255,0.304,0.288","0.34,0.467,0.353",NA,NA,NA,NA,NA,NA,145115567,145115738,145115642,145115738,145114039,145114112,NA,NA,NA,NA,NA,NA
"Pos_vs_Neg","A3SS","Alternative 3' Splice Site","Cpsf4","ENSMUSG00000029625","chr5","+",0.00447234648693916,-0.103,"0.342,0.346,0.392","0.449,0.518,0.423",NA,NA,NA,NA,NA,NA,145115567,145115738,145115645,145115738,145114039,145114112,NA,NA,NA,NA,NA,NA
"Pos_vs_Neg","A3SS","Alternative 3' Splice Site","Ralgapb","ENSMUSG00000027652","chr2","+",0.00847207306524339,0.128,"0.687,0.699,0.672","0.535,0.579,0.559",NA,NA,NA,NA,NA,NA,158292096,158292230,158292108,158292230,158290239,158290369,NA,NA,NA,NA,NA,NA
"Pos_vs_Neg","A3SS","Alternative 3' Splice Site","Tfpi","ENSMUSG00000027082","chr2","-",0.020174804459244,0.249,"0.833,0.931,0.731","0.569,0.439,0.739",NA,NA,NA,NA,NA,NA,84270483,84273656,84270483,84273269,84274353,84274482,NA,NA,NA,NA,NA,NA
"Pos_vs_Neg","A3SS","Alternative 3' Splice Site","Dmtf1","ENSMUSG00000042508","chr5","-",0.00264495551056487,-0.307,"0.044,0.0,0.073","0.677,0.222,0.14",NA,NA,NA,NA,NA,NA,9180367,9180693,9180367,9180652,9181275,9181308,NA,NA,NA,NA,NA,NA
"Pos_vs_Neg","A3SS","Alternative 3' Splice Site","Fkbp1a","ENSMUSG00000032966","chr2","+",0.00634708346123455,-0.113,"0.695,0.657,0.67","0.8,0.812,0.75",NA,NA,NA,NA,NA,NA,151385825,151386060,151385932,151386060,151384737,151384785,NA,NA,NA,NA,NA,NA
"Pos_vs_Neg","A3SS","Alternative 3' Splice Site","Espn","ENSMUSG00000028943","chr4","-",0.00683378186328666,-0.179,"0.221,0.075,0.117","0.263,0.385,0.302",NA,NA,NA,NA,NA,NA,152215225,152215751,152215225,152215418,152218617,152218898,NA,NA,NA,NA,NA,NA
"Pos_vs_Neg","A3SS","Alternative 3' Splice Site","Smim29","ENSMUSG00000062753","chr17","-",2.42906673780513e-05,-0.222,"0.649,0.677,0.962","0.953,1.0,1.0",NA,NA,NA,NA,NA,NA,27783122,27783313,27783122,27783228,27783535,27783724,NA,NA,NA,NA,NA,NA
"Pos_vs_Neg","A3SS","Alternative 3' Splice Site","Kif1b","ENSMUSG00000063077","chr4","-",3.32104246325744e-08,-0.252,"0.257,0.246,0.223","0.499,0.57,0.412",NA,NA,NA,NA,NA,NA,149342326,149342538,149342326,149342460,149346592,149346735,NA,NA,NA,NA,NA,NA
"Pos_vs_Neg","A3SS","Alternative 3' Splice Site","AI480526","ENSMUSG00000090086","chr5","-",0.0034937417540515,0.555,"1.0,0.883,1.0","1.0,0.218,0.0",NA,NA,NA,NA,NA,NA,123272394,123272493,123272394,123272464,123276017,123276129,NA,NA,NA,NA,NA,NA
"Pos_vs_Neg","A3SS","Alternative 3' Splice Site","Mapk7","ENSMUSG00000001034","chr11","-",0.0483000557817247,0.187,"0.663,0.563,0.466","0.317,0.314,0.499",NA,NA,NA,NA,NA,NA,61383729,61384011,61383729,61383895,61384331,61385092,NA,NA,NA,NA,NA,NA
"Pos_vs_Neg","A3SS","Alternative 3' Splice Site","Catsperg1","ENSMUSG00000049676","chr7","-",1.04376190868017e-06,-0.454,"0.484,0.312,0.545","0.765,1.0,0.939",NA,NA,NA,NA,NA,NA,28897537,28897833,28897537,28897645,28899541,28899679,NA,NA,NA,NA,NA,NA
"Pos_vs_Neg","A3SS","Alternative 3' Splice Site","Ushbp1","ENSMUSG00000034911","chr8","-",0.00183561223498244,0.303,"1.0,1.0,1.0","0.664,1.0,0.426",NA,NA,NA,NA,NA,NA,71843284,71843425,71843284,71843373,71843564,71843698,NA,NA,NA,NA,NA,NA
"Pos_vs_Neg","A3SS","Alternative 3' Splice Site","Phf21a","ENSMUSG00000058318","chr2","+",0.0247265178614638,0.101,"0.739,0.688,0.699","0.609,0.592,0.623",NA,NA,NA,NA,NA,NA,92158656,92158746,92158659,92158746,92157260,92157509,NA,NA,NA,NA,NA,NA
"Pos_vs_Neg","A3SS","Alternative 3' Splice Site","Dmxl2","ENSMUSG00000041268","chr9","-",0.0100919291129143,0.145,"0.731,0.729,0.795","0.605,0.542,0.672",NA,NA,NA,NA,NA,NA,54303523,54303654,54303523,54303651,54305330,54305407,NA,NA,NA,NA,NA,NA
"Pos_vs_Neg","A3SS","Alternative 3' Splice Site","Nrxn2","ENSMUSG00000033768","chr19","+",7.49686027542868e-13,0.116,"0.924,0.951,0.911","0.81,0.775,0.852",NA,NA,NA,NA,NA,NA,6581297,6582308,6581873,6582308,6569278,6569357,NA,NA,NA,NA,NA,NA
"Pos_vs_Neg","A3SS","Alternative 3' Splice Site","Itpr1","ENSMUSG00000030102","chr6","+",0.00561611498353299,0.459,"1.0,0.662,0.611","0.155,0.495,0.246",NA,NA,NA,NA,NA,NA,108409606,108409657,108409609,108409657,108408421,108408457,NA,NA,NA,NA,NA,NA
"Pos_vs_Neg","A3SS","Alternative 3' Splice Site","Zdhhc1","ENSMUSG00000039199","chr8","-",0.045306851288386,-0.247,"0.565,0.381,0.467","0.697,0.811,0.647",NA,NA,NA,NA,NA,NA,106199622,106199872,106199622,106199701,106200115,106200198,NA,NA,NA,NA,NA,NA
"Pos_vs_Neg","A3SS","Alternative 3' Splice Site","E230029C05Rik","ENSMUSG00000097585","chr7","+",0.0238514296786207,-0.287,"0.24,0.114,0.2","0.337,0.457,0.62",NA,NA,NA,NA,NA,NA,89686086,89686225,89686185,89686225,89678347,89678435,NA,NA,NA,NA,NA,NA
"Pos_vs_Neg","A3SS","Alternative 3' Splice Site","Shd","ENSMUSG00000039154","chr17","+",0.0331368989674091,-0.135,"0.38,0.412,0.343","0.527,0.477,0.536",NA,NA,NA,NA,NA,NA,56279784,56279893,56279787,56279893,56278370,56278717,NA,NA,NA,NA,NA,NA
"Pos_vs_Neg","A3SS","Alternative 3' Splice Site","Iffo1","ENSMUSG00000038271","chr6","+",0.032375228602415,-0.245,"0.746,0.387,0.779","0.71,1.0,0.936",NA,NA,NA,NA,NA,NA,125130369,125130465,125130372,125130465,125128347,125128488,NA,NA,NA,NA,NA,NA
"Pos_vs_Neg","A3SS","Alternative 3' Splice Site","Syne4","ENSMUSG00000019737","chr7","+",0.016263280514754,0.228,"0.869,1.0,1.0","0.379,0.807,1.0",NA,NA,NA,NA,NA,NA,30015654,30015798,30015719,30015798,30014686,30014825,NA,NA,NA,NA,NA,NA
"Pos_vs_Neg","A3SS","Alternative 3' Splice Site","Prrg2","ENSMUSG00000007837","chr7","-",0.0458802149880591,0.174,"0.138,0.409,0.322","0.06,0.125,0.162",NA,NA,NA,NA,NA,NA,44709628,44709839,44709628,44709810,44710164,44710316,NA,NA,NA,NA,NA,NA
"Pos_vs_Neg","A3SS","Alternative 3' Splice Site","Tlcd3b","ENSMUSG00000058966","chr7","+",0.00320826442406172,0.308,"0.854,1.0,1.0","0.394,0.86,0.676",NA,NA,NA,NA,NA,NA,126418995,126419126,126418999,126419126,126417465,126417565,NA,NA,NA,NA,NA,NA
"Pos_vs_Neg","A3SS","Alternative 3' Splice Site","Apbb1","ENSMUSG00000037032","chr7","-",0,-0.183,"0.798,0.799,0.815","0.994,0.989,0.978",NA,NA,NA,NA,NA,NA,105214739,105215158,105214739,105214854,105215257,105215385,NA,NA,NA,NA,NA,NA
"Pos_vs_Neg","A3SS","Alternative 3' Splice Site","Cenpx","ENSMUSG00000025144","chr11","-",0.0316565048210582,-0.173,"1.0,0.669,0.812","1.0,1.0,1.0",NA,NA,NA,NA,NA,NA,120602215,120602327,120602215,120602304,120604518,120604564,NA,NA,NA,NA,NA,NA
"Pos_vs_Neg","A3SS","Alternative 3' Splice Site","Ccdc33","ENSMUSG00000037716","chr9","-",0.0344040270886895,0.138,"0.942,0.841,0.959","0.78,0.746,0.802",NA,NA,NA,NA,NA,NA,57940502,57940594,57940502,57940591,57940838,57940998,NA,NA,NA,NA,NA,NA
"Pos_vs_Neg","A3SS","Alternative 3' Splice Site","Ank3","ENSMUSG00000069601","chr10","+",9.96048700058092e-05,-0.142,"0.437,0.505,0.453","0.558,0.627,0.637",NA,NA,NA,NA,NA,NA,69837752,69838431,69838340,69838431,69835184,69835328,NA,NA,NA,NA,NA,NA
"Pos_vs_Neg","A3SS","Alternative 3' Splice Site","Higd1a","ENSMUSG00000038412","chr9","-",0.0161799262251465,-0.207,"0.493,0.886,1.0","1.0,1.0,1.0",NA,NA,NA,NA,NA,NA,121681556,121681675,121681556,121681671,121685786,121685938,NA,NA,NA,NA,NA,NA
"Pos_vs_Neg","A3SS","Alternative 3' Splice Site","Lrrc36","ENSMUSG00000054320","chr8","+",0.0336027201966455,0.167,"1.0,0.0,0.896","0.49,0.579,0.325",NA,NA,NA,NA,NA,NA,106176012,106176459,106176018,106176459,106172839,106172888,NA,NA,NA,NA,NA,NA
"Pos_vs_Neg","A3SS","Alternative 3' Splice Site","Acd","ENSMUSG00000038000","chr8","-",0.0418103149539988,-0.113,"0.741,0.661,0.805","0.852,0.884,0.81",NA,NA,NA,NA,NA,NA,106426635,106426792,106426635,106426680,106427078,106427172,NA,NA,NA,NA,NA,NA
"Pos_vs_Neg","A3SS","Alternative 3' Splice Site","Edc4","ENSMUSG00000036270","chr8","+",0.011809181912145,0.131,"0.502,0.497,0.498","0.378,0.421,0.304",NA,NA,NA,NA,NA,NA,106615227,106615387,106615230,106615387,106615019,106615150,NA,NA,NA,NA,NA,NA
"Pos_vs_Neg","A3SS","Alternative 3' Splice Site","Esrp2","ENSMUSG00000084128","chr8","-",0.00533266973281852,-0.42,"1.0,0.495,0.246","1.0,1.0,1.0",NA,NA,NA,NA,NA,NA,106860410,106860521,106860410,106860518,106860591,106860646,NA,NA,NA,NA,NA,NA
"Pos_vs_Neg","A3SS","Alternative 3' Splice Site","Fmr1","ENSMUSG00000000838","chrX","+",0.00264495551056487,-0.109,"0.796,0.965,0.816","0.903,1.0,1.0",NA,NA,NA,NA,NA,NA,67755836,67756019,67755911,67756019,67751647,67751734,NA,NA,NA,NA,NA,NA
"Pos_vs_Neg","A3SS","Alternative 3' Splice Site","Sema4c","ENSMUSG00000026121","chr1","-",0.00183561223498244,0.118,"0.495,0.445,0.409","0.322,0.337,0.337",NA,NA,NA,NA,NA,NA,36595012,36595161,36595012,36595158,36597096,36597430,NA,NA,NA,NA,NA,NA
"Pos_vs_Neg","A3SS","Alternative 3' Splice Site","Dync2h1","ENSMUSG00000047193","chr9","-",4.49953728576591e-07,0.227,"0.234,0.226,0.277","0.04,0.0,0.017",NA,NA,NA,NA,NA,NA,7111424,7111592,7111424,7111571,7112047,7112150,NA,NA,NA,NA,NA,NA
"Pos_vs_Neg","A3SS","Alternative 3' Splice Site","Itga2b","ENSMUSG00000034664","chr11","-",0.0201106238569983,-0.162,"0.857,1.0,0.613","0.957,1.0,1.0",NA,NA,NA,NA,NA,NA,102355765,102356183,102355765,102355977,102356322,102356376,NA,NA,NA,NA,NA,NA
"Pos_vs_Neg","A3SS","Alternative 3' Splice Site","Cacna2d2","ENSMUSG00000010066","chr9","+",0.0147148346206438,0.444,"1.0,0.0,0.662","0.0,0.0,0.329",NA,NA,NA,NA,NA,NA,107402808,107402859,107402811,107402859,107402542,107402631,NA,NA,NA,NA,NA,NA
"Pos_vs_Neg","A3SS","Alternative 3' Splice Site","Uba7","ENSMUSG00000032596","chr9","+",0.00218887473669685,-0.283,"0.763,0.798,0.589","1.0,1.0,1.0",NA,NA,NA,NA,NA,NA,107858588,107858780,107858716,107858780,107858402,107858495,NA,NA,NA,NA,NA,NA
"Pos_vs_Neg","A3SS","Alternative 3' Splice Site","Elf2","ENSMUSG00000037174","chr3","-",0.000128392727605034,-0.124,"0.402,0.483,0.449","0.52,0.606,0.581",NA,NA,NA,NA,NA,NA,51172289,51172463,51172289,51172427,51174173,51174287,NA,NA,NA,NA,NA,NA
"Pos_vs_Neg","A3SS","Alternative 3' Splice Site","Fam161a","ENSMUSG00000049811","chr11","+",0.0100662449377545,0.267,"1.0,1.0,1.0","0.539,1.0,0.661",NA,NA,NA,NA,NA,NA,22965654,22965884,22965658,22965884,22963538,22963647,NA,NA,NA,NA,NA,NA
"Pos_vs_Neg","A3SS","Alternative 3' Splice Site","Ppfia2","ENSMUSG00000053825","chr10","+",0.0161799262251465,-0.202,"0.543,0.503,0.548","0.746,0.645,0.808",NA,NA,NA,NA,NA,NA,106701107,106701262,106701110,106701262,106699114,106699245,NA,NA,NA,NA,NA,NA
"Pos_vs_Neg","A3SS","Alternative 3' Splice Site","Myl6","ENSMUSG00000090841","chr10","-",1.29758170248698e-05,-0.183,"0.574,0.677,0.638","0.753,0.828,0.857",NA,NA,NA,NA,NA,NA,128328097,128328404,128328097,128328271,128329407,128329435,NA,NA,NA,NA,NA,NA
"Pos_vs_Neg","A3SS","Alternative 3' Splice Site","A430046D13Rik","ENSMUSG00000119994","chr10","+",0.000226522645328224,0.14,"0.316,0.357,0.309","0.202,0.138,0.223",NA,NA,NA,NA,NA,NA,128337248,128337558,128337503,128337558,128335177,128335395,NA,NA,NA,NA,NA,NA
"Pos_vs_Neg","A5SS","Alternative 5' Splice Site","Piga","ENSMUSG00000031381","chrX","+",0.0100675564248438,-0.164,"0.106,0.174,0.077","0.382,0.304,0.164",NA,NA,NA,NA,NA,NA,163205579,163206668,163205579,163206359,163210927,163211060,NA,NA,NA,NA,NA,NA
"Pos_vs_Neg","A5SS","Alternative 5' Splice Site","Tafazzin","ENSMUSG00000009995","chrX","+",0.00543714994777789,-0.212,"0.489,0.455,0.426","0.518,0.688,0.799",NA,NA,NA,NA,NA,NA,73332056,73332625,73332056,73332119,73332710,73332788,NA,NA,NA,NA,NA,NA
"Pos_vs_Neg","A5SS","Alternative 5' Splice Site","Cep55","ENSMUSG00000024989","chr19","+",0.018427002852284,-0.102,"0.74,0.707,0.757","0.733,0.887,0.891",NA,NA,NA,NA,NA,NA,38045857,38046014,38045857,38045928,38046236,38046431,NA,NA,NA,NA,NA,NA
"Pos_vs_Neg","A5SS","Alternative 5' Splice Site","Ehbp1l1","ENSMUSG00000024937","chr19","-",0.0163693684388679,0.16,"0.759,0.678,0.627","0.531,0.507,0.545",NA,NA,NA,NA,NA,NA,5767689,5770435,5769975,5770435,5767066,5767224,NA,NA,NA,NA,NA,NA
"Pos_vs_Neg","A5SS","Alternative 5' Splice Site","Tbp","ENSMUSG00000014767","chr17","+",0.0048398091893716,-0.111,"0.528,0.547,0.548","0.604,0.641,0.712",NA,NA,NA,NA,NA,NA,15721415,15721619,15721415,15721464,15723226,15723390,NA,NA,NA,NA,NA,NA
"Pos_vs_Neg","A5SS","Alternative 5' Splice Site","Gtpbp8","ENSMUSG00000022668","chr16","-",0.000269823241832365,0.177,"1.0,1.0,1.0","1.0,0.741,0.727",NA,NA,NA,NA,NA,NA,44565645,44565856,44565757,44565856,44562866,44562966,NA,NA,NA,NA,NA,NA
"Pos_vs_Neg","A5SS","Alternative 5' Splice Site","Usf3","ENSMUSG00000068284","chr16","+",0.0339885161066186,-0.128,"0.166,0.179,0.197","0.311,0.237,0.379",NA,NA,NA,NA,NA,NA,44019266,44019530,44019266,44019384,44020976,44021041,NA,NA,NA,NA,NA,NA
"Pos_vs_Neg","A5SS","Alternative 5' Splice Site","Qtrt2","ENSMUSG00000022704","chr16","-",0.0358169648180581,-0.193,"1.0,0.42,1.0","1.0,1.0,1.0",NA,NA,NA,NA,NA,NA,43701330,43701576,43701355,43701576,43698319,43698396,NA,NA,NA,NA,NA,NA
"Pos_vs_Neg","A5SS","Alternative 5' Splice Site","Parp9","ENSMUSG00000022906","chr16","+",0.0183391460805234,-0.145,"1.0,1.0,0.566","1.0,1.0,1.0",NA,NA,NA,NA,NA,NA,35763738,35763880,35763738,35763772,35766138,35766322,NA,NA,NA,NA,NA,NA
"Pos_vs_Neg","A5SS","Alternative 5' Splice Site","Asap1","ENSMUSG00000022377","chr15","-",0,-0.273,"0.674,0.77,0.614","0.952,0.979,0.947",NA,NA,NA,NA,NA,NA,64030730,64030853,64030766,64030853,64024678,64024779,NA,NA,NA,NA,NA,NA
"Pos_vs_Neg","A5SS","Alternative 5' Splice Site","Pvt1","ENSMUSG00000097039","chr15","+",0.00537861839483199,-0.103,"0.123,0.167,0.114","0.225,0.291,0.196",NA,NA,NA,NA,NA,NA,62116567,62116831,62116567,62116690,62121006,62121376,NA,NA,NA,NA,NA,NA
"Pos_vs_Neg","A5SS","Alternative 5' Splice Site","Pvt1","ENSMUSG00000097039","chr15","+",0.00608221619273967,0.113,"1.0,0.912,1.0","0.793,0.779,1.0",NA,NA,NA,NA,NA,NA,62116567,62116706,62116567,62116690,62130269,62132064,NA,NA,NA,NA,NA,NA
"Pos_vs_Neg","A5SS","Alternative 5' Splice Site","9330188P03Rik","ENSMUSG00000115149","chr14","+",0.00373210831260851,-0.221,"0.496,0.739,0.751","0.903,0.932,0.813",NA,NA,NA,NA,NA,NA,105830125,105830554,105830125,105830406,105831014,105831341,NA,NA,NA,NA,NA,NA
"Pos_vs_Neg","A5SS","Alternative 5' Splice Site","Ccser2","ENSMUSG00000058690","chr14","-",0.0315330227529471,-0.139,"0.029,0.156,0.0","0.154,0.332,0.115",NA,NA,NA,NA,NA,NA,36612250,36612383,36612298,36612383,36607707,36607747,NA,NA,NA,NA,NA,NA
"Pos_vs_Neg","A5SS","Alternative 5' Splice Site","Tmem161b","ENSMUSG00000035762","chr13","+",0.000378396048064659,0.122,"0.293,0.286,0.309","0.177,0.17,0.176",NA,NA,NA,NA,NA,NA,84432103,84432304,84432103,84432244,84434803,84434917,NA,NA,NA,NA,NA,NA
"Pos_vs_Neg","A5SS","Alternative 5' Splice Site","Tert","ENSMUSG00000021611","chr13","+",0.000509606609219426,0.101,"1.0,1.0,1.0","0.947,0.911,0.839",NA,NA,NA,NA,NA,NA,73776266,73776793,73776266,73776600,73782270,73782466,NA,NA,NA,NA,NA,NA
"Pos_vs_Neg","A5SS","Alternative 5' Splice Site","Serpinb6a","ENSMUSG00000060147","chr13","-",0.00420611828324685,0.562,"1.0,0.714,1.0","0.5,0.0,0.529",NA,NA,NA,NA,NA,NA,34119551,34119777,34119601,34119777,34115454,34115629,NA,NA,NA,NA,NA,NA
"Pos_vs_Neg","A5SS","Alternative 5' Splice Site","Serpinb6a","ENSMUSG00000060147","chr13","-",0.0308644504563504,0.441,"1.0,0.768,1.0","0.433,0.478,0.534",NA,NA,NA,NA,NA,NA,34119555,34119777,34119601,34119777,34115454,34115629,NA,NA,NA,NA,NA,NA
"Pos_vs_Neg","A5SS","Alternative 5' Splice Site","Klc1","ENSMUSG00000021288","chr12","+",3.12593057417937e-07,0.148,"0.742,0.752,0.821","0.664,0.587,0.62",NA,NA,NA,NA,NA,NA,111755758,111755920,111755758,111755893,111761981,111762112,NA,NA,NA,NA,NA,NA
"Pos_vs_Neg","A5SS","Alternative 5' Splice Site","Evl","ENSMUSG00000021262","chr12","+",6.6581944541289e-09,-0.15,"0.56,0.565,0.57","0.74,0.723,0.681",NA,NA,NA,NA,NA,NA,108649453,108649669,108649453,108649520,108652308,108652375,NA,NA,NA,NA,NA,NA
"Pos_vs_Neg","A5SS","Alternative 5' Splice Site","Sel1l","ENSMUSG00000020964","chr12","-",7.73069552820022e-10,-0.11,"0.769,0.792,0.83","0.916,0.924,0.882",NA,NA,NA,NA,NA,NA,91799828,91799996,91799978,91799996,91798342,91798448,NA,NA,NA,NA,NA,NA
"Pos_vs_Neg","A5SS","Alternative 5' Splice Site","Tcam1","ENSMUSG00000020712","chr11","+",0.00353347223512865,0.242,"1.0,0.818,1.0","0.714,0.379,1.0",NA,NA,NA,NA,NA,NA,106176197,106176632,106176197,106176467,106177201,106177444,NA,NA,NA,NA,NA,NA
"Pos_vs_Neg","A5SS","Alternative 5' Splice Site","Strada","ENSMUSG00000069631","chr11","-",0.0104006623362873,-0.104,"0.807,0.732,0.798","0.926,0.915,0.809",NA,NA,NA,NA,NA,NA,106077926,106078006,106077950,106078006,106064504,106064607,NA,NA,NA,NA,NA,NA
"Pos_vs_Neg","A5SS","Alternative 5' Splice Site","Cacna1g","ENSMUSG00000020866","chr11","-",0.0128462795296883,-0.284,"0.26,0.416,0.379","0.539,0.586,0.783",NA,NA,NA,NA,NA,NA,94316589,94316803,94316610,94316803,94309644,94309796,NA,NA,NA,NA,NA,NA
"Pos_vs_Neg","A5SS","Alternative 5' Splice Site","Lyar","ENSMUSG00000067367","chr5","+",0.0285428644458153,0.182,"0.898,1.0,0.921","0.927,0.493,0.854",NA,NA,NA,NA,NA,NA,38380477,38380575,38380477,38380571,38382061,38382141,NA,NA,NA,NA,NA,NA
"Pos_vs_Neg","A5SS","Alternative 5' Splice Site","Ube2d-ps","ENSMUSG00000121496","chr11","+",5.48071230534066e-05,-0.164,"1.0,0.662,0.846","1.0,1.0,1.0",NA,NA,NA,NA,NA,NA,5730205,5731838,5730205,5730653,5732184,5732357,NA,NA,NA,NA,NA,NA
"Pos_vs_Neg","A5SS","Alternative 5' Splice Site","Fndc4","ENSMUSG00000038552","chr5","-",0.0385669122332787,0.11,"0.318,0.253,0.311","0.207,0.098,0.247",NA,NA,NA,NA,NA,NA,31450738,31450830,31450757,31450830,31450229,31450508,NA,NA,NA,NA,NA,NA
"Pos_vs_Neg","A5SS","Alternative 5' Splice Site","Gm10419","ENSMUSG00000072769","chr5","+",0.0139074906939107,0.171,"0.96,1.0,0.852","0.907,0.547,0.846",NA,NA,NA,NA,NA,NA,108517221,108517544,108517221,108517351,108525739,108526108,NA,NA,NA,NA,NA,NA
"Pos_vs_Neg","A5SS","Alternative 5' Splice Site","Gm20544","ENSMUSG00000092569","chr18","-",5.32569667995502e-05,-0.326,"0.0,0.0,0.0","0.389,0.29,0.298",NA,NA,NA,NA,NA,NA,75498858,75498933,75498865,75498933,75498145,75498330,NA,NA,NA,NA,NA,NA
"Pos_vs_Neg","A5SS","Alternative 5' Splice Site","Esco1","ENSMUSG00000024293","chr18","-",0.0156772268068368,0.128,"1.0,0.945,0.804","0.833,0.843,0.689",NA,NA,NA,NA,NA,NA,10593745,10595875,10595675,10595875,10585977,10586041,NA,NA,NA,NA,NA,NA
"Pos_vs_Neg","A5SS","Alternative 5' Splice Site","Ccdc30","ENSMUSG00000028637","chr4","-",0.000269823241832365,-0.24,"0.855,0.833,0.592","1.0,1.0,1.0",NA,NA,NA,NA,NA,NA,119250738,119250854,119250753,119250854,119216754,119216934,NA,NA,NA,NA,NA,NA
"Pos_vs_Neg","A5SS","Alternative 5' Splice Site","Polrmt","ENSMUSG00000020329","chr10","-",0.0310317230135644,-0.167,"1.0,0.5,1.0","1.0,1.0,1.0",NA,NA,NA,NA,NA,NA,79573433,79573720,79573633,79573720,79573097,79573196,NA,NA,NA,NA,NA,NA
"Pos_vs_Neg","A5SS","Alternative 5' Splice Site","Snapc4","ENSMUSG00000036281","chr2","-",3.06680585358938e-05,0.15,"0.774,0.803,0.768","0.692,0.627,0.576",NA,NA,NA,NA,NA,NA,26262742,26262837,26262770,26262837,26260844,26260892,NA,NA,NA,NA,NA,NA
"Pos_vs_Neg","A5SS","Alternative 5' Splice Site","Adgrl2","ENSMUSG00000028184","chr3","-",1.07476797994633e-06,0.519,"1.0,1.0,1.0","0.62,0.588,0.234",NA,NA,NA,NA,NA,NA,148526052,148526104,148526086,148526104,148524283,148524322,NA,NA,NA,NA,NA,NA
"Pos_vs_Neg","A5SS","Alternative 5' Splice Site","Cerox1","ENSMUSG00000091475","chr17","+",0.00245253273383219,0.192,"0.368,0.308,0.386","0.277,0.065,0.145",NA,NA,NA,NA,NA,NA,25792959,25793118,25792959,25793107,25793220,25793506,NA,NA,NA,NA,NA,NA
"Pos_vs_Neg","A5SS","Alternative 5' Splice Site","Ikbkg","ENSMUSG00000004221","chrX","+",0.0262007873207405,-0.257,"0.153,0.0,0.0","0.359,0.107,0.457",NA,NA,NA,NA,NA,NA,73471367,73471508,73471367,73471480,73476410,73476612,NA,NA,NA,NA,NA,NA
"Pos_vs_Neg","A5SS","Alternative 5' Splice Site","Macir","ENSMUSG00000044768","chr1","-",0.00734915673636608,-0.166,"0.435,0.554,0.52","0.655,0.613,0.738",NA,NA,NA,NA,NA,NA,97588455,97589401,97589279,97589401,97582324,97582414,NA,NA,NA,NA,NA,NA
"Pos_vs_Neg","A5SS","Alternative 5' Splice Site","Snhg16","ENSMUSG00000020812","chr11","+",0.0249277531162391,0.167,"0.84,0.938,0.957","0.667,0.706,0.86",NA,NA,NA,NA,NA,NA,116562488,116563181,116562488,116562582,116564763,116564897,NA,NA,NA,NA,NA,NA
"Pos_vs_Neg","A5SS","Alternative 5' Splice Site","Ppp1r9a","ENSMUSG00000032827","chr6","+",0.0422221611561255,0.109,"0.238,0.36,0.196","0.062,0.178,0.227",NA,NA,NA,NA,NA,NA,5134016,5134932,5134016,5134174,5156120,5156240,NA,NA,NA,NA,NA,NA
"Pos_vs_Neg","A5SS","Alternative 5' Splice Site","Wnt11","ENSMUSG00000015957","chr7","+",0.00667254690897468,-0.338,"1.0,0.429,0.263","0.778,0.929,1.0",NA,NA,NA,NA,NA,NA,98496380,98496658,98496380,98496494,98499433,98499726,NA,NA,NA,NA,NA,NA
"Pos_vs_Neg","A5SS","Alternative 5' Splice Site","Gm56850","ENSMUSG00000120204","chr8","-",0.019687704731987,-0.122,"0.686,0.823,0.868","0.945,0.978,0.82",NA,NA,NA,NA,NA,NA,89779508,89779688,89779568,89779688,89776215,89776355,NA,NA,NA,NA,NA,NA
"Pos_vs_Neg","A5SS","Alternative 5' Splice Site","Map4k4","ENSMUSG00000026074","chr1","+",0.00209286444195211,-0.581,"0.043,0.0,0.063","1.0,0.0,0.85",NA,NA,NA,NA,NA,NA,40046592,40046699,40046592,40046690,40048847,40049023,NA,NA,NA,NA,NA,NA
"Pos_vs_Neg","A5SS","Alternative 5' Splice Site","Gas5","ENSMUSG00000053332","chr1","+",0.00456364556997655,0.175,"0.3,0.079,0.256","0.0,0.044,0.067",NA,NA,NA,NA,NA,NA,160862733,160862885,160862733,160862764,160863321,160863374,NA,NA,NA,NA,NA,NA
"Pos_vs_Neg","A5SS","Alternative 5' Splice Site","Gas5","ENSMUSG00000053332","chr1","+",0.000136542349026305,-0.154,"0.228,0.23,0.233","0.352,0.327,0.475",NA,NA,NA,NA,NA,NA,160863777,160864149,160863777,160863814,160864389,160864422,NA,NA,NA,NA,NA,NA
"Pos_vs_Neg","A5SS","Alternative 5' Splice Site","Gas5","ENSMUSG00000053332","chr1","+",1.63940286742682e-09,-0.222,"0.468,0.452,0.511","0.722,0.672,0.704",NA,NA,NA,NA,NA,NA,160863777,160864734,160863777,160864422,160864857,160864885,NA,NA,NA,NA,NA,NA
"Pos_vs_Neg","A5SS","Alternative 5' Splice Site","Chrna1os","ENSMUSG00000086382","chr2","+",0.00427665032902165,0.44,"1.0,0.818,0.76","0.234,0.579,0.444",NA,NA,NA,NA,NA,NA,73415183,73415549,73415183,73415351,73417559,73417741,NA,NA,NA,NA,NA,NA
"Pos_vs_Neg","A5SS","Alternative 5' Splice Site","Fbxw17","ENSMUSG00000037816","chr13","+",0.0246088333235085,-0.109,"0.199,0.236,0.238","0.328,0.424,0.247",NA,NA,NA,NA,NA,NA,50573875,50574027,50573875,50573913,50577237,50577398,NA,NA,NA,NA,NA,NA
"Pos_vs_Neg","A5SS","Alternative 5' Splice Site","Fbxw17","ENSMUSG00000037816","chr13","+",0.0361400354592854,-0.116,"0.224,0.247,0.265","0.361,0.462,0.261",NA,NA,NA,NA,NA,NA,50573875,50574064,50573875,50573913,50577237,50577398,NA,NA,NA,NA,NA,NA
"Pos_vs_Neg","A5SS","Alternative 5' Splice Site","Gsg1","ENSMUSG00000030206","chr6","-",0.0238561704851176,0.151,"1.0,1.0,0.839","1.0,0.793,0.594",NA,NA,NA,NA,NA,NA,135219048,135219219,135219171,135219219,135218242,135218395,NA,NA,NA,NA,NA,NA
"Pos_vs_Neg","A5SS","Alternative 5' Splice Site","Meis3","ENSMUSG00000041420","chr7","+",0.0411098644699173,-0.103,"0.196,0.038,0.148","0.213,0.302,0.175",NA,NA,NA,NA,NA,NA,15919372,15919446,15919372,15919442,15919981,15920429,NA,NA,NA,NA,NA,NA
"Pos_vs_Neg","A5SS","Alternative 5' Splice Site","Gt(ROSA)26Sor","ENSMUSG00000086429","chr6","-",0.000112053345646939,0.206,"0.387,0.426,0.369","0.153,0.191,0.219",NA,NA,NA,NA,NA,NA,113054028,113054153,113054134,113054153,113048254,113048396,NA,NA,NA,NA,NA,NA
"Pos_vs_Neg","A5SS","Alternative 5' Splice Site","Zmynd11","ENSMUSG00000021156","chr13","-",3.12593057417937e-07,-0.112,"0.193,0.188,0.156","0.241,0.339,0.293",NA,NA,NA,NA,NA,NA,9740313,9740550,9740481,9740550,9739487,9739760,NA,NA,NA,NA,NA,NA
"Pos_vs_Neg","A5SS","Alternative 5' Splice Site","Gm12610","ENSMUSG00000086035","chr4","+",0.0366198242222676,0.134,"1.0,1.0,1.0","0.778,0.82,1.0",NA,NA,NA,NA,NA,NA,89214789,89214947,89214789,89214841,89271433,89271838,NA,NA,NA,NA,NA,NA
"Pos_vs_Neg","A5SS","Alternative 5' Splice Site","Clip1","ENSMUSG00000049550","chr5","-",6.54948541771925e-05,0.34,"0.85,0.775,0.714","0.447,0.44,0.432",NA,NA,NA,NA,NA,NA,123768287,123769232,123768515,123769232,123765356,123765473,NA,NA,NA,NA,NA,NA
"Pos_vs_Neg","A5SS","Alternative 5' Splice Site","Htra2","ENSMUSG00000068329","chr6","-",0.00223358768253701,-0.175,"0.431,0.414,0.336","0.616,0.589,0.5",NA,NA,NA,NA,NA,NA,83029981,83030051,83030018,83030051,83029453,83029523,NA,NA,NA,NA,NA,NA
"Pos_vs_Neg","A5SS","Alternative 5' Splice Site","Mbd5","ENSMUSG00000036792","chr2","+",0.00815399957981404,0.25,"0.927,0.789,0.948","0.472,0.785,0.657",NA,NA,NA,NA,NA,NA,49162052,49163069,49162052,49162379,49164574,49164786,NA,NA,NA,NA,NA,NA
"Pos_vs_Neg","A5SS","Alternative 5' Splice Site","Tbc1d19","ENSMUSG00000039178","chr5","+",0.001066332597297,-0.18,"1.0,0.669,0.707","0.916,1.0,1.0",NA,NA,NA,NA,NA,NA,53987796,53987897,53987796,53987840,53988708,53988830,NA,NA,NA,NA,NA,NA
"Pos_vs_Neg","A5SS","Alternative 5' Splice Site","Ube2v1","ENSMUSG00000078923","chr2","-",3.18149615142024e-06,-0.145,"0.102,0.076,0.104","0.277,0.26,0.179",NA,NA,NA,NA,NA,NA,167470988,167471208,167471089,167471208,167459748,167459897,NA,NA,NA,NA,NA,NA
"Pos_vs_Neg","A5SS","Alternative 5' Splice Site","Srrt","ENSMUSG00000037364","chr5","-",0.0154650987075104,-0.152,"0.283,0.3,0.187","0.29,0.515,0.42",NA,NA,NA,NA,NA,NA,137299579,137300576,137300387,137300576,137298505,137298675,NA,NA,NA,NA,NA,NA
"Pos_vs_Neg","A5SS","Alternative 5' Splice Site","Mgat4a","ENSMUSG00000026110","chr1","-",0.0223338775101282,0.352,"1.0,0.73,0.7","0.337,0.409,0.629",NA,NA,NA,NA,NA,NA,37537653,37537821,37537680,37537821,37534953,37535094,NA,NA,NA,NA,NA,NA
"Pos_vs_Neg","A5SS","Alternative 5' Splice Site","Rpe","ENSMUSG00000026005","chr1","+",0.0385450420072111,-0.12,"0.685,0.819,0.735","0.778,0.927,0.895",NA,NA,NA,NA,NA,NA,66740775,66740807,66740775,66740795,66745604,66745684,NA,NA,NA,NA,NA,NA
"Pos_vs_Neg","A5SS","Alternative 5' Splice Site","Ttc3","ENSMUSG00000040785","chr16","+",0.00759999842516275,-0.104,"0.228,0.272,0.314","0.432,0.376,0.317",NA,NA,NA,NA,NA,NA,94171625,94171830,94171625,94171720,94184770,94184925,NA,NA,NA,NA,NA,NA
"Pos_vs_Neg","A5SS","Alternative 5' Splice Site","Myo1h","ENSMUSG00000066952","chr5","+",0.00631113959255784,0.345,"1.0,0.948,0.721","0.324,0.677,0.633",NA,NA,NA,NA,NA,NA,114494923,114495074,114494923,114495050,114495979,114496139,NA,NA,NA,NA,NA,NA
"Pos_vs_Neg","A5SS","Alternative 5' Splice Site","Catsperg1","ENSMUSG00000049676","chr7","-",0.0458264666584281,0.121,"0.882,1.0,0.855","0.862,0.865,0.647",NA,NA,NA,NA,NA,NA,28884103,28884515,28884388,28884515,28881661,28881754,NA,NA,NA,NA,NA,NA
"Pos_vs_Neg","A5SS","Alternative 5' Splice Site","Catsperg1","ENSMUSG00000049676","chr7","-",0.000358409215478273,0.16,"1.0,1.0,1.0","0.771,0.818,0.931",NA,NA,NA,NA,NA,NA,28884103,28884515,28884419,28884515,28881661,28881754,NA,NA,NA,NA,NA,NA
"Pos_vs_Neg","A5SS","Alternative 5' Splice Site","Catsperg1","ENSMUSG00000049676","chr7","-",6.54948541771925e-05,0.346,"1.0,1.0,1.0","0.554,0.516,0.892",NA,NA,NA,NA,NA,NA,28884388,28884515,28884419,28884515,28881661,28881754,NA,NA,NA,NA,NA,NA
"Pos_vs_Neg","A5SS","Alternative 5' Splice Site","Catsperg1","ENSMUSG00000049676","chr7","-",9.70359332155091e-05,-0.17,"0.84,0.719,0.932","1.0,1.0,1.0",NA,NA,NA,NA,NA,NA,28889637,28890214,28890151,28890214,28889371,28889452,NA,NA,NA,NA,NA,NA
"Pos_vs_Neg","A5SS","Alternative 5' Splice Site","Wnk1","ENSMUSG00000045962","chr6","-",0.0136283840844877,-0.247,"0.253,0.275,0.451","0.526,0.644,0.551",NA,NA,NA,NA,NA,NA,119909629,119909722,119909650,119909722,119906793,119906828,NA,NA,NA,NA,NA,NA
"Pos_vs_Neg","A5SS","Alternative 5' Splice Site","Oprl1","ENSMUSG00000027584","chr2","+",0.0278705055765956,0.118,"1.0,1.0,1.0","1.0,0.645,1.0",NA,NA,NA,NA,NA,NA,181357482,181357739,181357482,181357724,181359747,181359886,NA,NA,NA,NA,NA,NA
"Pos_vs_Neg","A5SS","Alternative 5' Splice Site","6030443J06Rik","ENSMUSG00000097207","chr5","+",0.022120113366102,0.216,"1.0,1.0,0.55","1.0,0.352,0.55",NA,NA,NA,NA,NA,NA,22758756,22758835,22758756,22758801,22758984,22763168,NA,NA,NA,NA,NA,NA
"Pos_vs_Neg","A5SS","Alternative 5' Splice Site","Rnf13","ENSMUSG00000036503","chr3","+",0.0010355464062603,0.216,"1.0,1.0,1.0","1.0,0.484,0.868",NA,NA,NA,NA,NA,NA,57703618,57703716,57703618,57703706,57727927,57728021,NA,NA,NA,NA,NA,NA
"Pos_vs_Neg","A5SS","Alternative 5' Splice Site","Abraxas1","ENSMUSG00000035234","chr5","-",3.30478672205778e-10,-0.907,"0.0,0.0,0.0","0.721,1.0,1.0",NA,NA,NA,NA,NA,NA,100957419,100957509,100957424,100957509,100955740,100955805,NA,NA,NA,NA,NA,NA
"Pos_vs_Neg","A5SS","Alternative 5' Splice Site","2810429I04Rik","ENSMUSG00000097709","chr13","+",0.000269823241832365,0.375,"1.0,0.888,1.0","1.0,0.297,0.465",NA,NA,NA,NA,NA,NA,3544480,3544721,3544480,3544664,3547959,3548156,NA,NA,NA,NA,NA,NA
"Pos_vs_Neg","A5SS","Alternative 5' Splice Site","Mbd4","ENSMUSG00000030322","chr6","-",0.0188170576656256,0.157,"0.444,0.448,0.486","0.224,0.366,0.316",NA,NA,NA,NA,NA,NA,115825355,115826693,115825866,115826693,115822503,115822578,NA,NA,NA,NA,NA,NA
"Pos_vs_Neg","A5SS","Alternative 5' Splice Site","Rian","ENSMUSG00000097451","chr12","+",0.0194158967840801,0.102,"0.853,0.814,0.861","0.741,0.714,0.768",NA,NA,NA,NA,NA,NA,109623221,109623274,109623221,109623265,109624486,109624555,NA,NA,NA,NA,NA,NA
"Pos_vs_Neg","A5SS","Alternative 5' Splice Site","Rian","ENSMUSG00000097451","chr12","+",0.00749576896478469,0.199,"1.0,0.912,1.0","1.0,0.456,0.86",NA,NA,NA,NA,NA,NA,109623221,109623274,109623221,109623265,109624491,109624555,NA,NA,NA,NA,NA,NA
"Pos_vs_Neg","A5SS","Alternative 5' Splice Site","Platr14","ENSMUSG00000086454","chr2","+",0.0152883418612392,-0.373,"0.162,1.0,0.0","0.28,1.0,1.0",NA,NA,NA,NA,NA,NA,104389523,104389594,104389523,104389551,104390068,104390320,NA,NA,NA,NA,NA,NA
"Pos_vs_Neg","A5SS","Alternative 5' Splice Site","Platr14","ENSMUSG00000086454","chr2","+",0.00431438787525694,0.316,"0.846,0.714,1.0","0.6,0.6,0.412",NA,NA,NA,NA,NA,NA,104389526,104389829,104389526,104389594,104390068,104390320,NA,NA,NA,NA,NA,NA
"Pos_vs_Neg","A5SS","Alternative 5' Splice Site","Zfp788","ENSMUSG00000074165","chr7","+",0.0267525734831072,-0.204,"0.644,0.561,0.589","0.697,0.974,0.735",NA,NA,NA,NA,NA,NA,41284103,41284323,41284103,41284134,41296906,41297041,NA,NA,NA,NA,NA,NA
"Pos_vs_Neg","A5SS","Alternative 5' Splice Site","A230057D06Rik","ENSMUSG00000109394","chr7","-",0.0168255422674725,-0.101,"1.0,0.893,0.651","0.848,1.0,1.0",NA,NA,NA,NA,NA,NA,61563837,61564119,61563848,61564119,61562954,61563083,NA,NA,NA,NA,NA,NA
"Pos_vs_Neg","A5SS","Alternative 5' Splice Site","Ftx","ENSMUSG00000086370","chrX","-",0.0447733891318226,-0.137,"0.673,0.721,0.97","0.979,0.966,0.829",NA,NA,NA,NA,NA,NA,102656628,102656801,102656649,102656801,102652909,102653022,NA,NA,NA,NA,NA,NA
"Pos_vs_Neg","A5SS","Alternative 5' Splice Site","Lrrfip2","ENSMUSG00000032497","chr9","+",0.00323353387207317,0.349,"1.0,1.0,1.0","0.868,0.601,0.485",NA,NA,NA,NA,NA,NA,111011886,111011964,111011886,111011955,111013257,111013347,NA,NA,NA,NA,NA,NA
"Pos_vs_Neg","A5SS","Alternative 5' Splice Site","Sphk1","ENSMUSG00000061878","chr11","+",0.001066332597297,-0.211,"0.0,0.0,0.112","0.169,0.477,0.098",NA,NA,NA,NA,NA,NA,116424795,116425144,116424795,116424999,116425674,116425827,NA,NA,NA,NA,NA,NA
"Pos_vs_Neg","A5SS","Alternative 5' Splice Site","Aste1","ENSMUSG00000032567","chr9","+",0.00983167934540643,0.176,"0.86,0.782,0.878","0.721,0.72,0.552",NA,NA,NA,NA,NA,NA,105273743,105275057,105273743,105273904,105278674,105278885,NA,NA,NA,NA,NA,NA
"Pos_vs_Neg","A5SS","Alternative 5' Splice Site","Mapkapk3","ENSMUSG00000032577","chr9","-",9.70359332155091e-05,0.46,"1.0,1.0,1.0","0.091,0.684,0.846",NA,NA,NA,NA,NA,NA,107139621,107140963,107140823,107140963,107139076,107139156,NA,NA,NA,NA,NA,NA
"Pos_vs_Neg","A5SS","Alternative 5' Splice Site","B230206L02Rik","ENSMUSG00000086003","chr11","+",0.0440066159462549,-0.165,"0.22,0.2,0.304","0.381,0.486,0.352",NA,NA,NA,NA,NA,NA,94029312,94030060,94029312,94029489,94042163,94042238,NA,NA,NA,NA,NA,NA
"Pos_vs_Neg","A5SS","Alternative 5' Splice Site","Zfp445","ENSMUSG00000047036","chr9","-",0.0113376346501016,0.126,"0.425,0.271,0.32","0.257,0.205,0.176",NA,NA,NA,NA,NA,NA,122686131,122686226,122686167,122686226,122685763,122685890,NA,NA,NA,NA,NA,NA
"Pos_vs_Neg","A5SS","Alternative 5' Splice Site","Atxn2l","ENSMUSG00000032637","chr7","-",0.000484399602193609,0.105,"0.406,0.347,0.375","0.241,0.27,0.303",NA,NA,NA,NA,NA,NA,126091929,126092173,126091983,126092173,126091615,126091780,NA,NA,NA,NA,NA,NA
"Pos_vs_Neg","A5SS","Alternative 5' Splice Site","Icosl","ENSMUSG00000000732","chr10","+",0.00177396377995938,-0.11,"0.909,0.919,0.72","0.94,0.987,0.952",NA,NA,NA,NA,NA,NA,77906994,77907925,77906994,77907113,77909540,77909834,NA,NA,NA,NA,NA,NA
"Pos_vs_Neg","A5SS","Alternative 5' Splice Site","Enox2","ENSMUSG00000031109","chrX","-",0.000269823241832365,0.146,"0.918,0.906,0.927","0.766,0.764,0.783",NA,NA,NA,NA,NA,NA,48111970,48112078,48112003,48112078,48107659,48107771,NA,NA,NA,NA,NA,NA
"Pos_vs_Neg","A5SS","Alternative 5' Splice Site","Sfi1","ENSMUSG00000023764","chr11","-",0.00219447875662962,-0.144,"0.745,0.917,0.867","1.0,1.0,0.962",NA,NA,NA,NA,NA,NA,3084625,3085542,3085282,3085542,3083071,3083207,NA,NA,NA,NA,NA,NA
"Pos_vs_Neg","A5SS","Alternative 5' Splice Site","Aftph","ENSMUSG00000049659","chr11","-",0.00125362472497145,-0.126,"0.502,0.545,0.484","0.592,0.645,0.672",NA,NA,NA,NA,NA,NA,20646750,20648373,20648312,20648373,20642464,20642588,NA,NA,NA,NA,NA,NA
"Pos_vs_Neg","A5SS","Alternative 5' Splice Site","Pear1","ENSMUSG00000028073","chr3","-",0.00054220023130532,-0.238,"0.104,0.092,0.143","0.378,0.355,0.319",NA,NA,NA,NA,NA,NA,87670531,87670665,87670566,87670665,87669518,87669588,NA,NA,NA,NA,NA,NA
"Pos_vs_Neg","A5SS","Alternative 5' Splice Site","Smim20","ENSMUSG00000061461","chr5","+",0.0267525734831072,-0.191,"0.352,0.4,0.42","0.6,0.634,0.51",NA,NA,NA,NA,NA,NA,53425364,53425673,53425364,53425412,53434484,53434541,NA,NA,NA,NA,NA,NA
"Pos_vs_Neg","A5SS","Alternative 5' Splice Site","Inca1","ENSMUSG00000057054","chr11","-",0.0266373962406387,-0.226,"0.509,0.656,0.774","0.933,0.938,0.746",NA,NA,NA,NA,NA,NA,70590745,70590981,70590883,70590981,70586689,70586869,NA,NA,NA,NA,NA,NA
"Pos_vs_Neg","A5SS","Alternative 5' Splice Site","Inca1","ENSMUSG00000057054","chr11","-",0.0469388062889238,-0.239,"0.435,0.714,0.75","0.938,0.912,0.766",NA,NA,NA,NA,NA,NA,70590774,70590981,70590883,70590981,70586689,70586869,NA,NA,NA,NA,NA,NA
"Pos_vs_Neg","MXE","Mutually Exclusive Exons","Cask","ENSMUSG00000031012","chrX","-",0.000140315396787002,0.126,"0.483,0.488,0.541","0.386,0.401,0.347",NA,NA,13415403,13415600,13421116,13421185,NA,NA,NA,NA,NA,NA,13417185,13417221,13418611,13418680,NA,NA
"Pos_vs_Neg","MXE","Mutually Exclusive Exons","Sfxn2","ENSMUSG00000025036","chr19","+",0.00364624664743123,0.132,"0.215,0.227,0.076","0.123,0.0,0.0",NA,NA,46576373,46576449,46579559,46579609,NA,NA,NA,NA,NA,NA,46578579,46578640,46578922,46578989,NA,NA
"Pos_vs_Neg","MXE","Mutually Exclusive Exons","Prune2","ENSMUSG00000039126","chr19","+",0.00807204655682976,0.107,"0.232,0.269,0.177","0.181,0.106,0.069",NA,NA,17185594,17185693,17198147,17199173,NA,NA,NA,NA,NA,NA,17189655,17189694,17193689,17193737,NA,NA
"Pos_vs_Neg","MXE","Mutually Exclusive Exons","Birc6","ENSMUSG00000024073","chr17","+",0.0280044460519975,-0.113,"0.241,0.273,0.27","0.356,0.32,0.446",NA,NA,74922214,74922325,74929030,74929246,NA,NA,NA,NA,NA,NA,74925430,74925558,74926701,74926833,NA,NA
"Pos_vs_Neg","MXE","Mutually Exclusive Exons","Gm20443","ENSMUSG00000092219","chr17","-",0.0168205929792886,-0.116,"0.0,0.0,0.0","0.0,0.348,0.0",NA,NA,36048625,36049136,36050640,36050698,NA,NA,NA,NA,NA,NA,36049225,36049308,36050423,36050506,NA,NA
"Pos_vs_Neg","MXE","Mutually Exclusive Exons","Pde9a","ENSMUSG00000041119","chr17","+",0.0409722055849661,0.167,"0.32,0.364,0.428","0.109,0.221,0.28",NA,NA,31634253,31634331,31662811,31662882,NA,NA,NA,NA,NA,NA,31639218,31639262,31662139,31662194,NA,NA
"Pos_vs_Neg","MXE","Mutually Exclusive Exons","Srsf3","ENSMUSG00000071172","chr17","+",0,-0.122,"0.067,0.101,0.066","0.155,0.282,0.162",NA,NA,29257463,29257598,29260180,29260267,NA,NA,NA,NA,NA,NA,29258427,29258883,29259748,29259787,NA,NA
"Pos_vs_Neg","MXE","Mutually Exclusive Exons","Snrpc","ENSMUSG00000024217","chr17","+",0.000317133473149046,0.1,"0.554,0.557,0.502","0.401,0.469,0.444",NA,NA,28061243,28061352,28070611,28070937,NA,NA,NA,NA,NA,NA,28064156,28064246,28066926,28067031,NA,NA
"Pos_vs_Neg","MXE","Mutually Exclusive Exons","Mapk8ip3","ENSMUSG00000024163","chr17","-",0,0.286,"0.708,0.665,0.685","0.427,0.358,0.414",NA,NA,25126302,25126360,25131721,25131840,NA,NA,NA,NA,NA,NA,25127384,25127402,25128123,25128135,NA,NA
"Pos_vs_Neg","MXE","Mutually Exclusive Exons","Flywch1","ENSMUSG00000040097","chr17","-",0.000311550902205059,-0.105,"0.522,0.557,0.502","0.61,0.653,0.633",NA,NA,23979580,23980090,23990388,23990496,NA,NA,NA,NA,NA,NA,23981139,23981568,23981949,23982292,NA,NA
"Pos_vs_Neg","MXE","Mutually Exclusive Exons","Eif4a2","ENSMUSG00000022884","chr16","+",8.31161602006994e-07,-0.106,"0.692,0.743,0.696","0.806,0.833,0.809",NA,NA,22929875,22930013,22931100,22931207,NA,NA,NA,NA,NA,NA,22930252,22930342,22930566,22930646,NA,NA
"Pos_vs_Neg","MXE","Mutually Exclusive Exons","Clcn2","ENSMUSG00000022843","chr16","-",0.000188551299887069,0.243,"0.559,0.611,0.668","0.339,0.382,0.387",NA,NA,20526168,20526207,20526826,20526941,NA,NA,NA,NA,NA,NA,20526322,20526382,20526592,20526666,NA,NA
"Pos_vs_Neg","MXE","Mutually Exclusive Exons","Eif4g1","ENSMUSG00000045983","chr16","+",0.00404913912968304,0.102,"0.392,0.447,0.441","0.32,0.276,0.377",NA,NA,20491472,20491626,20494093,20494270,NA,NA,NA,NA,NA,NA,20492617,20492711,20493535,20493556,NA,NA
"Pos_vs_Neg","MXE","Mutually Exclusive Exons","Hdac10","ENSMUSG00000062906","chr15","-",0.000143654042946144,-0.145,"0.799,0.752,0.909","0.955,1.0,0.941",NA,NA,89010580,89010640,89011588,89011693,NA,NA,NA,NA,NA,NA,89011071,89011198,89011352,89011421,NA,NA
"Pos_vs_Neg","MXE","Mutually Exclusive Exons","Samd4","ENSMUSG00000021838","chr14","+",0.000911806038601903,-0.117,"0.819,0.761,0.75","0.895,0.879,0.908",NA,NA,47121855,47122473,47301676,47301786,NA,NA,NA,NA,NA,NA,47253733,47254252,47290306,47290570,NA,NA
"Pos_vs_Neg","MXE","Mutually Exclusive Exons","Tmem161b","ENSMUSG00000035762","chr13","+",0.0267929877303449,-0.17,"0.574,0.591,0.44","0.713,0.732,0.67",NA,NA,84430829,84430981,84434803,84434917,NA,NA,NA,NA,NA,NA,84431422,84431483,84432103,84432304,NA,NA
"Pos_vs_Neg","MXE","Mutually Exclusive Exons","Zscan26","ENSMUSG00000022228","chr13","-",0.01252933774404,0.11,"0.352,0.399,0.38","0.271,0.233,0.298",NA,NA,21631955,21632064,21633610,21633686,NA,NA,NA,NA,NA,NA,21632336,21632654,21633443,21633503,NA,NA
"Pos_vs_Neg","MXE","Mutually Exclusive Exons","Gpatch2l","ENSMUSG00000021254","chr12","+",0.03856184940343,-0.112,"0.338,0.28,0.225","0.418,0.372,0.389",NA,NA,86311955,86312023,86328222,86328317,NA,NA,NA,NA,NA,NA,86313917,86313957,86315749,86315835,NA,NA
"Pos_vs_Neg","MXE","Mutually Exclusive Exons","Prpf39","ENSMUSG00000035597","chr12","+",0.000742127176142291,-0.104,"0.757,0.773,0.767","0.871,0.84,0.897",NA,NA,65100059,65100225,65102411,65102538,NA,NA,NA,NA,NA,NA,65100744,65100852,65101929,65102094,NA,NA
"Pos_vs_Neg","MXE","Mutually Exclusive Exons","Sectm1a","ENSMUSG00000025165","chr11","-",0.01881503251384,-0.336,"0.064,0.12,0.089","0.302,0.705,0.275",NA,NA,120959509,120959672,120966391,120966547,NA,NA,NA,NA,NA,NA,120959860,120959914,120960413,120960722,NA,NA
"Pos_vs_Neg","MXE","Mutually Exclusive Exons","Polh","ENSMUSG00000023953","chr17","-",0.0156281502873802,-0.116,"0.275,0.254,0.338","0.417,0.4,0.398",NA,NA,46482280,46484022,46493610,46493734,NA,NA,NA,NA,NA,NA,46486076,46486246,46492391,46492457,NA,NA
"Pos_vs_Neg","MXE","Mutually Exclusive Exons","Strada","ENSMUSG00000069631","chr11","-",0.00290947474319848,0.143,"0.763,0.721,0.739","0.585,0.532,0.677",NA,NA,106064504,106064607,106077926,106078006,NA,NA,NA,NA,NA,NA,106071780,106071809,106075387,106075445,NA,NA
"Pos_vs_Neg","MXE","Mutually Exclusive Exons","Hdac5","ENSMUSG00000008855","chr11","-",0.000184068034732055,-0.379,"0.153,0.25,0.081","0.493,0.681,0.446",NA,NA,102097732,102097992,102115559,102115781,NA,NA,NA,NA,NA,NA,102104750,102104862,102112593,102112677,NA,NA
"Pos_vs_Neg","MXE","Mutually Exclusive Exons","Atp6v0a1","ENSMUSG00000019302","chr11","+",0,0.13,"0.16,0.11,0.144","0.001,0.013,0.01",NA,NA,100939243,100939351,100953137,100953250,NA,NA,NA,NA,NA,NA,100945851,100945969,100946259,100946431,NA,NA
"Pos_vs_Neg","MXE","Mutually Exclusive Exons","Smarce1","ENSMUSG00000037935","chr11","-",0.00770227655288306,0.317,"0.697,0.945,0.912","0.668,0.357,0.578",NA,NA,99111480,99111561,99121227,99121271,NA,NA,NA,NA,NA,NA,99115546,99115968,99119322,99119374,NA,NA
"Pos_vs_Neg","MXE","Mutually Exclusive Exons","Pgap3","ENSMUSG00000038208","chr11","-",0.0257300636295273,-0.21,"0.462,0.542,0.544","0.724,0.764,0.689",NA,NA,98281502,98281639,98288721,98288874,NA,NA,NA,NA,NA,NA,98281905,98281967,98282520,98282583,NA,NA
"Pos_vs_Neg","MXE","Mutually Exclusive Exons","Pkd1","ENSMUSG00000032855","chr17","+",0.01344922337267,0.138,"0.682,0.638,0.677","0.525,0.546,0.513",NA,NA,24806901,24806995,24810260,24810455,NA,NA,NA,NA,NA,NA,24809792,24809911,24810148,24810191,NA,NA
"Pos_vs_Neg","MXE","Mutually Exclusive Exons","Crocc","ENSMUSG00000040860","chr4","-",0.00414136421206954,0.13,"0.872,0.851,0.716","0.709,0.687,0.652",NA,NA,140773946,140774008,140780260,140780402,NA,NA,NA,NA,NA,NA,140774082,140774166,140778351,140778506,NA,NA
"Pos_vs_Neg","MXE","Mutually Exclusive Exons","Chchd3","ENSMUSG00000053768","chr6","-",0,0.425,"0.45,0.522,0.518","0.1,0.016,0.1",NA,NA,32869226,32869310,32985417,32985499,NA,NA,NA,NA,NA,NA,32870326,32870341,32945135,32945201,NA,NA
"Pos_vs_Neg","MXE","Mutually Exclusive Exons","Chchd3","ENSMUSG00000053768","chr6","-",0,-0.11,"0.862,0.892,0.824","0.958,0.985,0.966",NA,NA,32869226,32869310,33036934,33037152,NA,NA,NA,NA,NA,NA,32945135,32945253,33026271,33026359,NA,NA
"Pos_vs_Neg","MXE","Mutually Exclusive Exons","Dzip1l","ENSMUSG00000037784","chr9","+",0.0414763384794434,-0.124,"0.125,0.299,0.219","0.35,0.347,0.319",NA,NA,99521866,99521951,99529139,99529268,NA,NA,NA,NA,NA,NA,99523786,99523905,99524585,99524747,NA,NA
"Pos_vs_Neg","MXE","Mutually Exclusive Exons","Erc1","ENSMUSG00000030172","chr6","-",0.00217990072719301,-0.118,"0.807,0.743,0.753","0.85,0.878,0.928",NA,NA,119754939,119755032,119773867,119773875,NA,NA,NA,NA,NA,NA,119756437,119756593,119760349,119760424,NA,NA
"Pos_vs_Neg","MXE","Mutually Exclusive Exons","Platr20","ENSMUSG00000086646","chr11","-",0.0248048270178507,0.131,"0.591,0.543,0.628","0.422,0.525,0.421",NA,NA,51064846,51065021,51110284,51110380,NA,NA,NA,NA,NA,NA,51080756,51081138,51089402,51089543,NA,NA
"Pos_vs_Neg","MXE","Mutually Exclusive Exons","Sez6l","ENSMUSG00000058153","chr5","-",0.00217990072719301,0.566,"0.778,0.833,0.286","0.2,0.0,0.0",NA,NA,112574591,112574624,112586267,112586462,NA,NA,NA,NA,NA,NA,112576241,112576436,112584148,112584340,NA,NA
"Pos_vs_Neg","MXE","Mutually Exclusive Exons","Dgkq","ENSMUSG00000004815","chr5","-",0.0301787732460224,0.182,"0.772,0.784,0.647","0.446,0.605,0.607",NA,NA,108801046,108801085,108802221,108802276,NA,NA,NA,NA,NA,NA,108801501,108801652,108801949,108802011,NA,NA
"Pos_vs_Neg","MXE","Mutually Exclusive Exons","Tenm4","ENSMUSG00000048078","chr7","+",0.0463716526353278,-0.113,"0.67,0.635,0.799","0.817,0.848,0.778",NA,NA,96004562,96004618,96199218,96199506,NA,NA,NA,NA,NA,NA,96085966,96086065,96145450,96145547,NA,NA
"Pos_vs_Neg","MXE","Mutually Exclusive Exons","Obscn","ENSMUSG00000061462","chr11","-",0.0112603718274569,-0.254,"0.25,0.086,0.211","0.364,0.444,0.5",NA,NA,58952249,58952513,58955012,58955276,NA,NA,NA,NA,NA,NA,58952856,58953120,58953472,58953736,NA,NA
"Pos_vs_Neg","MXE","Mutually Exclusive Exons","Cdc16","ENSMUSG00000038416","chr8","+",3.54157984989898e-10,0.118,"0.253,0.253,0.218","0.106,0.14,0.124",NA,NA,13807675,13807854,13810976,13811117,NA,NA,NA,NA,NA,NA,13809139,13809237,13810529,13810568,NA,NA
"Pos_vs_Neg","MXE","Mutually Exclusive Exons","Eya3","ENSMUSG00000028886","chr4","+",1.9226057891555e-08,-0.214,"0.039,0.078,0.064","0.2,0.33,0.294",NA,NA,132384003,132384099,132417015,132417101,NA,NA,NA,NA,NA,NA,132384888,132384927,132389205,132389249,NA,NA
"Pos_vs_Neg","MXE","Mutually Exclusive Exons","Sorbs1","ENSMUSG00000025006","chr19","-",0.0252364048029427,-0.109,"0.0,0.079,0.037","0.103,0.117,0.222",NA,NA,40325429,40325479,40338342,40338457,NA,NA,NA,NA,NA,NA,40328488,40328590,40329128,40329194,NA,NA
"Pos_vs_Neg","MXE","Mutually Exclusive Exons","Sorbs1","ENSMUSG00000025006","chr19","-",0.00045150592349597,0.18,"1.0,0.917,0.968","0.9,0.735,0.711",NA,NA,40325429,40325479,40338342,40338457,NA,NA,NA,NA,NA,NA,40329128,40329194,40332799,40332883,NA,NA
"Pos_vs_Neg","MXE","Mutually Exclusive Exons","Sorbs1","ENSMUSG00000025006","chr19","-",0.014845204728621,0.288,"0.709,0.56,0.668","0.37,0.498,0.206",NA,NA,40328488,40328590,40338342,40338457,NA,NA,NA,NA,NA,NA,40329128,40329194,40332799,40332883,NA,NA
"Pos_vs_Neg","MXE","Mutually Exclusive Exons","Lrp8","ENSMUSG00000028613","chr4","+",0.000548089118974204,0.119,"0.52,0.524,0.558","0.403,0.412,0.429",NA,NA,107704640,107704763,107708504,107708624,NA,NA,NA,NA,NA,NA,107705477,107705600,107707300,107707339,NA,NA
"Pos_vs_Neg","MXE","Mutually Exclusive Exons","Srrm1","ENSMUSG00000028809","chr4","-",1.25965904373952e-12,-0.144,"0.811,0.787,0.773","0.942,0.925,0.937",NA,NA,135051224,135051420,135056683,135056828,NA,NA,NA,NA,NA,NA,135054402,135054534,135056314,135056356,NA,NA
"Pos_vs_Neg","MXE","Mutually Exclusive Exons","Srgap3","ENSMUSG00000030257","chr6","-",0.000184068034732055,0.145,"0.809,0.91,0.841","0.718,0.752,0.654",NA,NA,112726322,112726383,112736709,112736737,NA,NA,NA,NA,NA,NA,112727341,112727372,112731531,112731634,NA,NA
"Pos_vs_Neg","MXE","Mutually Exclusive Exons","Srgap1","ENSMUSG00000020121","chr10","-",8.1904280431279e-05,0.106,"0.081,0.052,0.186","0.0,0.0,0.0",NA,NA,121661538,121661599,121667789,121667817,NA,NA,NA,NA,NA,NA,121664633,121664667,121665131,121665234,NA,NA
"Pos_vs_Neg","MXE","Mutually Exclusive Exons","Lsp1","ENSMUSG00000018819","chr7","+",0.0130038701668223,-0.156,"0.545,0.521,0.495","0.642,0.712,0.675",NA,NA,142043549,142043771,142047972,142048254,NA,NA,NA,NA,NA,NA,142044081,142044159,142044295,142044402,NA,NA
"Pos_vs_Neg","MXE","Mutually Exclusive Exons","Cenps","ENSMUSG00000073705","chr4","-",0.00219243404619894,0.112,"0.388,0.362,0.328","0.242,0.244,0.255",NA,NA,149212654,149213385,149216715,149216839,NA,NA,NA,NA,NA,NA,149214609,149214676,149216095,149216129,NA,NA
"Pos_vs_Neg","MXE","Mutually Exclusive Exons","Btbd19","ENSMUSG00000073771","chr4","-",0.0122136830137106,0.142,"0.322,0.418,0.372","0.239,0.261,0.187",NA,NA,116978167,116978293,116979415,116979475,NA,NA,NA,NA,NA,NA,116978394,116978526,116978610,116978679,NA,NA
"Pos_vs_Neg","MXE","Mutually Exclusive Exons","Mindy3","ENSMUSG00000026767","chr2","-",0.000300810117397685,0.297,"1.0,1.0,0.862","0.771,0.637,0.562",NA,NA,12402303,12402377,12410670,12410731,NA,NA,NA,NA,NA,NA,12405835,12405887,12408808,12408977,NA,NA
"Pos_vs_Neg","MXE","Mutually Exclusive Exons","Noc3l","ENSMUSG00000024999","chr19","-",0.00987578722808969,0.1,"0.395,0.385,0.396","0.285,0.29,0.302",NA,NA,38798741,38798903,38803129,38803287,NA,NA,NA,NA,NA,NA,38800787,38800918,38802524,38802578,NA,NA
"Pos_vs_Neg","MXE","Mutually Exclusive Exons","Sspo","ENSMUSG00000029797","chr6","+",0.0018566768370048,-0.142,"0.146,0.193,0.213","0.362,0.372,0.245",NA,NA,48464158,48464314,48466858,48467105,NA,NA,NA,NA,NA,NA,48464835,48465045,48466631,48466763,NA,NA
"Pos_vs_Neg","MXE","Mutually Exclusive Exons","Gon4l","ENSMUSG00000054199","chr3","+",3.49798301668027e-06,0.124,"0.947,0.901,0.927","0.781,0.854,0.767",NA,NA,88776056,88776158,88787377,88787481,NA,NA,NA,NA,NA,NA,88777109,88777150,88783213,88783237,NA,NA
"Pos_vs_Neg","MXE","Mutually Exclusive Exons","Zzz3","ENSMUSG00000039068","chr3","+",0.0326105101283689,-0.253,"0.048,0.06,0.066","0.19,0.613,0.131",NA,NA,152128254,152128408,152152435,152152574,NA,NA,NA,NA,NA,NA,152143374,152143527,152152265,152152326,NA,NA
"Pos_vs_Neg","MXE","Mutually Exclusive Exons","Mcts1","ENSMUSG00000000355","chrX","+",1.16943527434102e-05,0.123,"0.238,0.337,0.276","0.214,0.127,0.142",NA,NA,37690175,37690274,37694815,37695229,NA,NA,NA,NA,NA,NA,37690805,37690958,37691452,37691550,NA,NA
"Pos_vs_Neg","MXE","Mutually Exclusive Exons","Dcaf8l","ENSMUSG00000035395","chrX","-",0.0105915621593931,-0.224,"0.0,0.199,0.332","0.443,0.332,0.428",NA,NA,88450915,88451065,88452081,88452153,NA,NA,NA,NA,NA,NA,88451156,88451244,88451746,88451835,NA,NA
"Pos_vs_Neg","MXE","Mutually Exclusive Exons","Sh3glb1","ENSMUSG00000037062","chr3","-",0,0.232,"0.359,0.422,0.421","0.181,0.168,0.158",NA,NA,144397660,144397889,144411273,144411366,NA,NA,NA,NA,NA,NA,144402614,144402715,144403138,144403228,NA,NA
"Pos_vs_Neg","MXE","Mutually Exclusive Exons","Gls","ENSMUSG00000026103","chr1","-",0.0329893410912614,0.213,"1.0,0.834,0.883","0.635,0.754,0.69",NA,NA,52239013,52239046,52246459,52246518,NA,NA,NA,NA,NA,NA,52239776,52239810,52243504,52243675,NA,NA
"Pos_vs_Neg","MXE","Mutually Exclusive Exons","Slc9a8","ENSMUSG00000039463","chr2","+",0.000172978280409193,0.126,"0.849,0.913,0.834","0.774,0.703,0.742",NA,NA,167266038,167266217,167307260,167307377,NA,NA,NA,NA,NA,NA,167276701,167276782,167293126,167293270,NA,NA
"Pos_vs_Neg","MXE","Mutually Exclusive Exons","Tal1","ENSMUSG00000028717","chr4","+",0.00129665927396826,0.205,"0.612,0.549,0.48","0.326,0.417,0.283",NA,NA,114915007,114915068,114921865,114921960,NA,NA,NA,NA,NA,NA,114916715,114916863,114920326,114920773,NA,NA
"Pos_vs_Neg","MXE","Mutually Exclusive Exons","Epb41l3","ENSMUSG00000024044","chr17","+",6.6297844407642e-14,-0.224,"0.28,0.265,0.298","0.539,0.471,0.504",NA,NA,69577605,69577659,69588027,69588102,NA,NA,NA,NA,NA,NA,69580876,69580912,69581698,69581890,NA,NA
"Pos_vs_Neg","MXE","Mutually Exclusive Exons","Epb41l3","ENSMUSG00000024044","chr17","+",7.62352190376696e-06,0.136,"0.565,0.581,0.611","0.434,0.463,0.451",NA,NA,69577605,69577659,69591533,69591911,NA,NA,NA,NA,NA,NA,69581698,69581890,69590879,69591002,NA,NA
"Pos_vs_Neg","MXE","Mutually Exclusive Exons","Ggta1","ENSMUSG00000035778","chr2","-",0.00436855105409334,0.172,"0.823,0.944,0.973","0.695,0.778,0.752",NA,NA,35304230,35304296,35313243,35313339,NA,NA,NA,NA,NA,NA,35306483,35306519,35312191,35312280,NA,NA
"Pos_vs_Neg","MXE","Mutually Exclusive Exons","Manba","ENSMUSG00000028164","chr3","+",0.0458009763176006,0.103,"0.632,0.646,0.575","0.574,0.503,0.466",NA,NA,135254960,135255128,135268965,135269110,NA,NA,NA,NA,NA,NA,135256823,135257042,135260520,135260685,NA,NA
"Pos_vs_Neg","MXE","Mutually Exclusive Exons","Afdn","ENSMUSG00000068036","chr17","+",0.0043152912161284,0.202,"0.662,0.76,0.816","0.631,0.526,0.476",NA,NA,14055499,14055618,14069369,14069515,NA,NA,NA,NA,NA,NA,14066695,14066901,14068616,14068637,NA,NA
"Pos_vs_Neg","MXE","Mutually Exclusive Exons","Ntng2","ENSMUSG00000035513","chr2","-",0.0248048270178507,0.117,"0.247,0.078,0.245","0.067,0.111,0.042",NA,NA,29086993,29087161,29117589,29118233,NA,NA,NA,NA,NA,NA,29088825,29088927,29094909,29094936,NA,NA
"Pos_vs_Neg","MXE","Mutually Exclusive Exons","Ache","ENSMUSG00000023328","chr5","+",0.0240201061880615,0.102,"0.541,0.488,0.484","0.365,0.373,0.468",NA,NA,137286538,137286629,137291429,137291599,NA,NA,NA,NA,NA,NA,137288273,137289363,137289740,137290225,NA,NA
"Pos_vs_Neg","MXE","Mutually Exclusive Exons","Dynlt5","ENSMUSG00000028523","chr4","+",0.0404973317671599,0.307,"0.234,0.545,0.443","0.08,0.221,0.0",NA,NA,102837422,102837562,102861337,102861541,NA,NA,NA,NA,NA,NA,102849691,102849783,102859654,102859779,NA,NA
"Pos_vs_Neg","MXE","Mutually Exclusive Exons","Chpt1","ENSMUSG00000060002","chr10","-",0.0044418126095645,0.157,"0.245,0.201,0.293","0.068,0.034,0.167",NA,NA,88312209,88312335,88318092,88318177,NA,NA,NA,NA,NA,NA,88312871,88313030,88316676,88316808,NA,NA
"Pos_vs_Neg","MXE","Mutually Exclusive Exons","C87436","ENSMUSG00000046679","chr6","+",0.0157029470945445,0.121,"0.08,0.055,0.331","0.034,0.069,0.0",NA,NA,86422415,86423250,86430590,86430695,NA,NA,NA,NA,NA,NA,86424322,86424403,86426742,86426847,NA,NA
"Pos_vs_Neg","MXE","Mutually Exclusive Exons","Cep70","ENSMUSG00000056267","chr9","+",0.008846184170979,0.115,"0.071,0.244,0.199","0.016,0.064,0.089",NA,NA,99125494,99125543,99144598,99144689,NA,NA,NA,NA,NA,NA,99128319,99128419,99136307,99136430,NA,NA
"Pos_vs_Neg","MXE","Mutually Exclusive Exons","Synj1","ENSMUSG00000022973","chr16","-",0.0171155832669332,0.165,"0.208,0.393,0.104","0.128,0.016,0.065",NA,NA,90743679,90743750,90746586,90746625,NA,NA,NA,NA,NA,NA,90743902,90743941,90744953,90745001,NA,NA
"Pos_vs_Neg","MXE","Mutually Exclusive Exons","Prmt7","ENSMUSG00000060098","chr8","+",2.61870319855932e-06,0.114,"0.379,0.371,0.33","0.201,0.248,0.289",NA,NA,106939007,106939203,106953842,106953901,NA,NA,NA,NA,NA,NA,106943875,106943912,106946551,106946701,NA,NA
"Pos_vs_Neg","MXE","Mutually Exclusive Exons","Prmt7","ENSMUSG00000060098","chr8","+",5.02838727826237e-05,0.108,"0.441,0.421,0.386","0.275,0.3,0.348",NA,NA,106939007,106939203,106961479,106961592,NA,NA,NA,NA,NA,NA,106943875,106943912,106953842,106953951,NA,NA
"Pos_vs_Neg","MXE","Mutually Exclusive Exons","Atg2b","ENSMUSG00000041341","chr12","-",0.00627455474633778,0.13,"0.437,0.429,0.315","0.271,0.243,0.278",NA,NA,105632855,105633035,105637734,105637887,NA,NA,NA,NA,NA,NA,105635522,105635685,105636933,105637036,NA,NA
"Pos_vs_Neg","MXE","Mutually Exclusive Exons","Tmem25","ENSMUSG00000002032","chr9","-",0.0118524385880366,0.169,"0.68,0.693,0.649","0.588,0.474,0.454",NA,NA,44706978,44707009,44709417,44709729,NA,NA,NA,NA,NA,NA,44707292,44707424,44707620,44707911,NA,NA
"Pos_vs_Neg","MXE","Mutually Exclusive Exons","Taf4","ENSMUSG00000039117","chr2","-",0.0102323637902544,-0.1,"0.354,0.289,0.334","0.416,0.461,0.399",NA,NA,179566209,179566379,179573808,179574018,NA,NA,NA,NA,NA,NA,179568008,179568123,179571069,179571217,NA,NA
"Pos_vs_Neg","MXE","Mutually Exclusive Exons","Stoml1","ENSMUSG00000032333","chr9","+",0.00627455474633778,0.104,"0.477,0.419,0.386","0.336,0.294,0.34",NA,NA,58160446,58160682,58164303,58164507,NA,NA,NA,NA,NA,NA,58162216,58162323,58163922,58164072,NA,NA
"Pos_vs_Neg","MXE","Mutually Exclusive Exons","Selenoi","ENSMUSG00000075703","chr5","+",0.00217815826692216,0.121,"0.7,0.642,0.641","0.51,0.597,0.514",NA,NA,30452460,30452529,30461075,30461338,NA,NA,NA,NA,NA,NA,30453409,30453518,30457707,30457782,NA,NA
"Pos_vs_Neg","MXE","Mutually Exclusive Exons","Ppp4r1l-ps","ENSMUSG00000121504","chr2","-",0.0339894000201585,0.254,"0.64,0.661,0.673","0.576,0.256,0.379",NA,NA,173450525,173450672,173501115,173501160,NA,NA,NA,NA,NA,NA,173456906,173457369,173487249,173487351,NA,NA
"Pos_vs_Neg","MXE","Mutually Exclusive Exons","Ppp4r1l-ps","ENSMUSG00000121504","chr2","-",4.08943889709457e-05,0.115,"0.162,0.213,0.201","0.089,0.049,0.092",NA,NA,173450525,173450672,173501115,173501160,NA,NA,NA,NA,NA,NA,173457275,173457369,173487249,173487351,NA,NA
"Pos_vs_Neg","MXE","Mutually Exclusive Exons","Ppp4r1l-ps","ENSMUSG00000121504","chr2","-",0.000630504680658909,0.103,"0.12,0.193,0.225","0.088,0.052,0.09",NA,NA,173450525,173450672,173501115,173501160,NA,NA,NA,NA,NA,NA,173457275,173458216,173487249,173487351,NA,NA
"Pos_vs_Neg","MXE","Mutually Exclusive Exons","Ppp4r1l-ps","ENSMUSG00000121504","chr2","-",0.0268564599982523,-0.235,"0.457,0.365,0.38","0.642,0.716,0.549",NA,NA,173450525,173450672,173501115,173501160,NA,NA,NA,NA,NA,NA,173487249,173487351,173490962,173491160,NA,NA
"Pos_vs_Neg","MXE","Mutually Exclusive Exons","Ppp4r1l-ps","ENSMUSG00000121504","chr2","-",0.0194471766393948,0.191,"0.979,0.988,0.911","0.573,0.963,0.77",NA,NA,173487249,173487351,173501305,173501338,NA,NA,NA,NA,NA,NA,173490962,173491160,173501115,173501160,NA,NA
"Pos_vs_Neg","MXE","Mutually Exclusive Exons","Ppm1m","ENSMUSG00000020253","chr9","-",0.0156160283702489,-0.115,"0.259,0.263,0.318","0.377,0.367,0.442",NA,NA,106072985,106073137,106073791,106073910,NA,NA,NA,NA,NA,NA,106073248,106073356,106073566,106073630,NA,NA
"Pos_vs_Neg","MXE","Mutually Exclusive Exons","Cttn","ENSMUSG00000031078","chr7","-",6.18240658668172e-09,0.102,"0.166,0.22,0.199","0.084,0.085,0.11",NA,NA,144003296,144003352,144010177,144010232,NA,NA,NA,NA,NA,NA,144004714,144004825,144005763,144005874,NA,NA
"Pos_vs_Neg","MXE","Mutually Exclusive Exons","Gm12610","ENSMUSG00000086035","chr4","+",0.0257651694584708,0.157,"0.056,0.172,0.537","0.0,0.0,0.293",NA,NA,89288010,89288109,89340867,89340979,NA,NA,NA,NA,NA,NA,89309939,89310180,89337589,89337687,NA,NA
"Pos_vs_Neg","MXE","Mutually Exclusive Exons","Scn1a","ENSMUSG00000064329","chr2","-",0.0444202976426204,-0.227,"0.0,0.219,0.0","0.583,0.0,0.318",NA,NA,66118066,66118120,66127096,66127219,NA,NA,NA,NA,NA,NA,66119217,66119499,66124175,66124239,NA,NA
"Pos_vs_Neg","MXE","Mutually Exclusive Exons","Dnhd1","ENSMUSG00000030882","chr7","+",0.000863295846838521,0.517,"1.0,0.0,0.866","0.0,0.0,0.316",NA,NA,105335700,105335795,105342319,105342417,NA,NA,NA,NA,NA,NA,105336384,105336592,105341848,105341974,NA,NA
"Pos_vs_Neg","MXE","Mutually Exclusive Exons","Sfmbt2","ENSMUSG00000061186","chr2","+",0.00184389334707752,-0.134,"0.646,0.639,0.584","0.691,0.762,0.817",NA,NA,10562378,10562521,10582625,10582942,NA,NA,NA,NA,NA,NA,10573171,10573281,10580146,10580322,NA,NA
"Pos_vs_Neg","MXE","Mutually Exclusive Exons","Auh","ENSMUSG00000021460","chr13","-",0.014845204728621,0.107,"0.78,0.705,0.73","0.576,0.64,0.679",NA,NA,52989154,52989587,52994912,52995100,NA,NA,NA,NA,NA,NA,52992121,52992169,52993593,52993644,NA,NA
"Pos_vs_Neg","MXE","Mutually Exclusive Exons","Cbfa2t2","ENSMUSG00000038533","chr2","+",0.000107163178331814,0.147,"0.711,0.699,0.628","0.526,0.532,0.539",NA,NA,154278454,154278556,154357736,154357918,NA,NA,NA,NA,NA,NA,154346472,154346714,154352427,154352517,NA,NA
"Pos_vs_Neg","MXE","Mutually Exclusive Exons","Pprc1","ENSMUSG00000055491","chr19","+",0.00117070375535726,0.113,"0.304,0.317,0.265","0.233,0.147,0.168",NA,NA,46054102,46054156,46057477,46058207,NA,NA,NA,NA,NA,NA,46055667,46055725,46056456,46056527,NA,NA
"Pos_vs_Neg","MXE","Mutually Exclusive Exons","Pprc1","ENSMUSG00000055491","chr19","+",0.00117567489725764,0.111,"0.301,0.315,0.26","0.229,0.146,0.167",NA,NA,46054102,46054156,46057477,46058207,NA,NA,NA,NA,NA,NA,46055667,46055725,46056459,46056527,NA,NA
"Pos_vs_Neg","MXE","Mutually Exclusive Exons","Adgrb2","ENSMUSG00000028782","chr4","+",9.50920606160969e-07,0.215,"0.911,0.913,0.892","0.693,0.638,0.739",NA,NA,129885846,129886672,129900544,129900709,NA,NA,NA,NA,NA,NA,129898817,129898901,129899182,129899347,NA,NA
"Pos_vs_Neg","MXE","Mutually Exclusive Exons","Dtnbp1","ENSMUSG00000057531","chr13","-",0.00670424365472206,-0.133,"0.219,0.189,0.21","0.32,0.357,0.339",NA,NA,45084471,45084627,45139510,45139571,NA,NA,NA,NA,NA,NA,45106647,45106670,45123521,45123654,NA,NA
"Pos_vs_Neg","MXE","Mutually Exclusive Exons","Oprl1","ENSMUSG00000027584","chr2","+",0.00654522380986826,0.148,"0.588,0.618,0.528","0.445,0.454,0.39",NA,NA,181356808,181357022,181360606,181362778,NA,NA,NA,NA,NA,NA,181357482,181357739,181360169,181360525,NA,NA
"Pos_vs_Neg","MXE","Mutually Exclusive Exons","Gm42196","ENSMUSG00000109716","chr3","+",0.0192630383735005,0.305,"0.527,0.769,0.676","0.357,0.393,0.308",NA,NA,28230701,28230803,28265389,28265546,NA,NA,NA,NA,NA,NA,28231906,28232025,28263935,28264175,NA,NA
"Pos_vs_Neg","MXE","Mutually Exclusive Exons","Flna","ENSMUSG00000031328","chrX","-",1.55957786368021e-12,-0.232,"0.664,0.687,0.633","0.905,0.895,0.879",NA,NA,73273661,73273764,73276754,73276944,NA,NA,NA,NA,NA,NA,73274111,73274359,73276572,73276596,NA,NA
"Pos_vs_Neg","MXE","Mutually Exclusive Exons","Dctn1","ENSMUSG00000031865","chr6","+",0.000182375279057741,-0.104,"0.787,0.74,0.861","0.888,0.912,0.9",NA,NA,83160280,83160315,83166058,83166135,NA,NA,NA,NA,NA,NA,83160917,83160938,83164745,83164766,NA,NA
"Pos_vs_Neg","MXE","Mutually Exclusive Exons","Msh5","ENSMUSG00000007035","chr17","-",0.0430531375845659,-0.173,"0.101,0.329,0.225","0.384,0.387,0.404",NA,NA,35263000,35263110,35265206,35265363,NA,NA,NA,NA,NA,NA,35263292,35263414,35264905,35265029,NA,NA
"Pos_vs_Neg","MXE","Mutually Exclusive Exons","Msh5","ENSMUSG00000007035","chr17","-",0.0154805091205533,-0.1,"0.0,0.069,0.107","0.122,0.246,0.108",NA,NA,35263000,35263110,35265241,35265363,NA,NA,NA,NA,NA,NA,35263292,35263414,35264905,35265029,NA,NA
"Pos_vs_Neg","MXE","Mutually Exclusive Exons","Glt1d1","ENSMUSG00000049971","chr5","+",0.00194710056793038,-0.169,"0.724,0.645,0.672","0.861,0.833,0.853",NA,NA,127754268,127754364,127768053,127768174,NA,NA,NA,NA,NA,NA,127755154,127755204,127766900,127766944,NA,NA
"Pos_vs_Neg","MXE","Mutually Exclusive Exons","Rian","ENSMUSG00000097451","chr12","+",0.0477510508957196,-0.147,"0.0,0.0,0.0","0.0,0.44,0.0",NA,NA,109593481,109593587,109604272,109604360,NA,NA,NA,NA,NA,NA,109596454,109596625,109601827,109601891,NA,NA
"Pos_vs_Neg","MXE","Mutually Exclusive Exons","Dcbld1","ENSMUSG00000019891","chr10","+",0.040196395918724,0.136,"0.525,0.653,0.616","0.445,0.486,0.456",NA,NA,52162443,52162495,52187495,52187536,NA,NA,NA,NA,NA,NA,52166946,52167019,52180682,52180816,NA,NA
"Pos_vs_Neg","MXE","Mutually Exclusive Exons","Ceacam1","ENSMUSG00000074272","chr7","-",0.000172978280409193,-0.667,"0.0,0.0,1.0","1.0,1.0,1.0",NA,NA,25164273,25164305,25171222,25171498,NA,NA,NA,NA,NA,NA,25164892,25164945,25165741,25165862,NA,NA
"Pos_vs_Neg","MXE","Mutually Exclusive Exons","Hhatl","ENSMUSG00000032523","chr9","-",0.046129638421347,-0.201,"0.198,0.254,0.305","0.507,0.39,0.464",NA,NA,121617079,121617115,121618060,121618270,NA,NA,NA,NA,NA,NA,121617224,121617369,121617725,121617894,NA,NA
"Pos_vs_Neg","MXE","Mutually Exclusive Exons","Picalm","ENSMUSG00000039361","chr7","+",3.24519661143566e-10,-0.122,"0.107,0.113,0.112","0.253,0.226,0.219",NA,NA,89840861,89840961,89846123,89846228,NA,NA,NA,NA,NA,NA,89843480,89843504,89844862,89844922,NA,NA
"Pos_vs_Neg","MXE","Mutually Exclusive Exons","Rnf121","ENSMUSG00000070426","chr7","-",0.0168233525125274,0.114,"0.342,0.0,0.0","0.0,0.0,0.0",NA,NA,101684531,101684622,101714272,101714365,NA,NA,NA,NA,NA,NA,101688756,101688898,101691833,101691871,NA,NA
"Pos_vs_Neg","MXE","Mutually Exclusive Exons","Snap91","ENSMUSG00000033419","chr9","-",5.649001085973e-05,-0.244,"0.737,0.583,0.749","0.918,0.967,0.916",NA,NA,86665352,86665487,86686507,86686620,NA,NA,NA,NA,NA,NA,86680590,86680752,86680882,86680897,NA,NA
"Pos_vs_Neg","MXE","Mutually Exclusive Exons","Snap91","ENSMUSG00000033419","chr9","-",0.0046407092882382,-0.186,"0.835,0.634,0.747","0.922,0.967,0.884",NA,NA,86674216,86674294,86686507,86686620,NA,NA,NA,NA,NA,NA,86680590,86680752,86680882,86680897,NA,NA
"Pos_vs_Neg","MXE","Mutually Exclusive Exons","Arhgef15","ENSMUSG00000052921","chr11","-",0.00151017826940016,0.104,"0.143,0.23,0.208","0.158,0.053,0.058",NA,NA,68837386,68837469,68838401,68838494,NA,NA,NA,NA,NA,NA,68837809,68837962,68838061,68838222,NA,NA
"Pos_vs_Neg","MXE","Mutually Exclusive Exons","Git1","ENSMUSG00000011877","chr11","+",0,-0.12,"0.848,0.842,0.885","0.993,0.949,0.992",NA,NA,77391173,77391391,77393843,77393892,NA,NA,NA,NA,NA,NA,77391472,77391567,77391897,77391940,NA,NA
"Pos_vs_Neg","MXE","Mutually Exclusive Exons","Git1","ENSMUSG00000011877","chr11","+",0,0.124,"0.149,0.156,0.126","0.006,0.045,0.008",NA,NA,77391173,77391391,77393843,77393892,NA,NA,NA,NA,NA,NA,77391897,77391940,77393654,77393681,NA,NA
"Pos_vs_Neg","MXE","Mutually Exclusive Exons","Slc25a53","ENSMUSG00000044348","chrX","-",0.0118524385880366,0.175,"0.265,0.378,0.385","0.204,0.161,0.138",NA,NA,135928738,135928903,135938914,135939021,NA,NA,NA,NA,NA,NA,135930774,135930848,135933099,135933249,NA,NA
"Pos_vs_Neg","MXE","Mutually Exclusive Exons","Spef1l","ENSMUSG00000073795","chr7","-",0.00117970678387707,0.618,"1.0,1.0,0.93","0.142,0.933,0.0",NA,NA,139552354,139552520,139556387,139556586,NA,NA,NA,NA,NA,NA,139555774,139555871,139555890,139556041,NA,NA
"Pos_vs_Neg","MXE","Mutually Exclusive Exons","Psap","ENSMUSG00000004207","chr10","+",0,0.144,"0.328,0.32,0.324","0.185,0.183,0.173",NA,NA,60131725,60131782,60135557,60135837,NA,NA,NA,NA,NA,NA,60134876,60135008,60135242,60135338,NA,NA
"Pos_vs_Neg","MXE","Mutually Exclusive Exons","1110004F10Rik","ENSMUSG00000030663","chr7","+",0.00052493062018366,0.223,"0.227,0.156,0.364","0.0,0.077,0.0",NA,NA,115687508,115687649,115698674,115698758,NA,NA,NA,NA,NA,NA,115692259,115692491,115696996,115697188,NA,NA
"Pos_vs_Neg","MXE","Mutually Exclusive Exons","Vdac3","ENSMUSG00000008892","chr8","-",0,-0.317,"0.589,0.577,0.638","0.904,0.903,0.949",NA,NA,23073599,23073752,23083699,23083727,NA,NA,NA,NA,NA,NA,23077568,23077618,23078741,23078810,NA,NA
"Pos_vs_Neg","MXE","Mutually Exclusive Exons","Myo9b","ENSMUSG00000004677","chr8","+",2.28844719205457e-06,0.113,"0.214,0.114,0.034","0.0,0.0,0.022",NA,NA,71786959,71787038,71795405,71795528,NA,NA,NA,NA,NA,NA,71791550,71791664,71793403,71793443,NA,NA
"Pos_vs_Neg","MXE","Mutually Exclusive Exons","Myo9b","ENSMUSG00000004677","chr8","+",2.09747054041186e-06,0.171,"0.303,0.215,0.237","0.046,0.093,0.103",NA,NA,71789519,71789609,71795405,71795528,NA,NA,NA,NA,NA,NA,71791550,71791664,71793403,71793443,NA,NA
"Pos_vs_Neg","MXE","Mutually Exclusive Exons","Bcor","ENSMUSG00000040363","chrX","-",0.0316674504098989,0.135,"0.349,0.406,0.453","0.223,0.239,0.342",NA,NA,12000562,12001108,12026527,12026585,NA,NA,NA,NA,NA,NA,12002639,12003439,12003623,12003709,NA,NA
"Pos_vs_Neg","MXE","Mutually Exclusive Exons","Zfp1","ENSMUSG00000055835","chr8","+",0.0110646501270299,0.109,"0.323,0.412,0.342","0.268,0.196,0.286",NA,NA,112370168,112370244,112396122,112397314,NA,NA,NA,NA,NA,NA,112385017,112385073,112392751,112392836,NA,NA
"Pos_vs_Neg","MXE","Mutually Exclusive Exons","2310030G06Rik","ENSMUSG00000032062","chr9","-",0.0195589364444378,-0.324,"0.067,0.238,0.0","0.285,0.433,0.56",NA,NA,50650990,50652049,50657741,50657821,NA,NA,NA,NA,NA,NA,50652595,50652660,50653560,50653598,NA,NA
"Pos_vs_Neg","MXE","Mutually Exclusive Exons","Dnajb4","ENSMUSG00000028035","chr3","-",0.0202912870224908,-0.208,"0.261,0.0,0.0","0.298,0.225,0.361",NA,NA,151899013,151899255,151915471,151915694,NA,NA,NA,NA,NA,NA,151900686,151900737,151914520,151914583,NA,NA
"Pos_vs_Neg","MXE","Mutually Exclusive Exons","Gfral","ENSMUSG00000059383","chr9","-",0.00243514145154968,0.216,"1.0,1.0,1.0","0.714,0.737,0.9",NA,NA,76075279,76075372,76106215,76106275,NA,NA,NA,NA,NA,NA,76100484,76100735,76104309,76104640,NA,NA
"Pos_vs_Neg","MXE","Mutually Exclusive Exons","Senp6","ENSMUSG00000034252","chr9","+",3.26409864652041e-07,-0.269,"0.838,0.608,0.633","1.0,0.886,1.0",NA,NA,79994711,79994805,80010975,80011046,NA,NA,NA,NA,NA,NA,79999548,79999694,80000818,80000923,NA,NA
"Pos_vs_Neg","MXE","Mutually Exclusive Exons","Bcas1","ENSMUSG00000013523","chr2","-",0.0130171664182134,0.106,"0.595,0.659,0.666","0.53,0.531,0.542",NA,NA,170191101,170191383,170212369,170212411,NA,NA,NA,NA,NA,NA,170198167,170198233,170208283,170208448,NA,NA
"Pos_vs_Neg","MXE","Mutually Exclusive Exons","Tle1","ENSMUSG00000008305","chr4","-",6.0509962327452e-05,0.17,"0.173,0.239,0.154","0.0,0.0,0.057",NA,NA,72060063,72060117,72076449,72076654,NA,NA,NA,NA,NA,NA,72063546,72063657,72075699,72075716,NA,NA
"Pos_vs_Neg","MXE","Mutually Exclusive Exons","Nktr","ENSMUSG00000032525","chr9","+",0.00560612468384753,-0.118,"0.11,0.11,0.151","0.196,0.274,0.255",NA,NA,121558701,121558746,121570187,121570217,NA,NA,NA,NA,NA,NA,121559062,121559090,121560543,121560631,NA,NA
"Pos_vs_Neg","MXE","Mutually Exclusive Exons","Spag9","ENSMUSG00000020859","chr11","+",0.00474531305143494,-0.27,"0.167,0.428,0.394","0.583,0.674,0.542",NA,NA,93962390,93962512,93972165,93972223,NA,NA,NA,NA,NA,NA,93970024,93970036,93971565,93971580,NA,NA
"Pos_vs_Neg","MXE","Mutually Exclusive Exons","Meis1","ENSMUSG00000020160","chr11","-",0.0417004443065379,0.138,"0.563,0.515,0.463","0.287,0.457,0.382",NA,NA,18891658,18891804,18962809,18962860,NA,NA,NA,NA,NA,NA,18938267,18938379,18961241,18961388,NA,NA
"Pos_vs_Neg","MXE","Mutually Exclusive Exons","Kcnab2","ENSMUSG00000028931","chr4","-",0.0409722055849661,0.102,"0.61,0.639,0.657","0.541,0.481,0.579",NA,NA,152485404,152485491,152489056,152489101,NA,NA,NA,NA,NA,NA,152486381,152486425,152487492,152487537,NA,NA
"Pos_vs_Neg","MXE","Mutually Exclusive Exons","Skp1","ENSMUSG00000036309","chr11","+",0.0182504045856527,-0.226,"0.779,0.763,0.594","1.0,0.815,1.0",NA,NA,52127690,52127760,52133413,52133487,NA,NA,NA,NA,NA,NA,52129077,52129177,52133231,52133301,NA,NA
"Pos_vs_Neg","MXE","Mutually Exclusive Exons","Rapgef6","ENSMUSG00000037533","chr11","+",0.0459956926463493,-0.108,"0.491,0.478,0.513","0.643,0.535,0.628",NA,NA,54459178,54459322,54513141,54513278,NA,NA,NA,NA,NA,NA,54501613,54501745,54510711,54510889,NA,NA
"Pos_vs_Neg","MXE","Mutually Exclusive Exons","2610307P16Rik","ENSMUSG00000085936","chr13","-",0.0455271831457269,0.169,"0.554,0.626,0.509","0.359,0.324,0.499",NA,NA,28644764,28645044,28792500,28792611,NA,NA,NA,NA,NA,NA,28689688,28689896,28745423,28745562,NA,NA
"Pos_vs_Neg","MXE","Mutually Exclusive Exons","2610307P16Rik","ENSMUSG00000085936","chr13","-",0.0321232789053436,-0.173,"0.132,0.034,0.061","0.289,0.414,0.042",NA,NA,28745423,28745562,28914373,28914486,NA,NA,NA,NA,NA,NA,28792500,28792611,28852352,28852687,NA,NA
"Pos_vs_Neg","MXE","Mutually Exclusive Exons","2610307P16Rik","ENSMUSG00000085936","chr13","-",0.000434698159602636,0.478,"1.0,1.0,1.0","0.164,0.402,1.0",NA,NA,28792500,28792611,28914373,28914486,NA,NA,NA,NA,NA,NA,28852553,28852687,28895099,28895191,NA,NA
"Pos_vs_Neg","MXE","Mutually Exclusive Exons","Pelp1","ENSMUSG00000018921","chr11","-",0.0128840160070234,0.113,"0.628,0.615,0.527","0.447,0.503,0.48",NA,NA,70286127,70286334,70287381,70287529,NA,NA,NA,NA,NA,NA,70286485,70286541,70287111,70287271,NA,NA
"Pos_vs_Neg","RI","Retained Intron","Cstf2","ENSMUSG00000031256","chrX","+",4.25802306711599e-07,-0.306,"0.556,0.374,0.4","0.664,0.756,0.828",NA,NA,132970593,132970656,132973884,132974026,NA,NA,NA,NA,NA,NA,NA,NA,NA,NA,132970593,132974026
"Pos_vs_Neg","RI","Retained Intron","4833438C02Rik","ENSMUSG00000118087","chr19","-",0.00803556960022566,0.135,"0.476,0.537,0.518","0.415,0.333,0.379",NA,NA,46292019,46293289,46293546,46294075,NA,NA,NA,NA,NA,NA,NA,NA,NA,NA,46292019,46294075
"Pos_vs_Neg","RI","Retained Intron","Mus81","ENSMUSG00000024906","chr19","-",6.3211210925726e-07,0.105,"0.183,0.204,0.184","0.063,0.097,0.095",NA,NA,5533482,5533586,5533662,5533693,NA,NA,NA,NA,NA,NA,NA,NA,NA,NA,5533482,5533693
"Pos_vs_Neg","RI","Retained Intron","Slc66a2","ENSMUSG00000034006","chr18","+",0.0024432407699868,0.143,"0.273,0.19,0.284","0.088,0.075,0.156",NA,NA,80299521,80299618,80299996,80300333,NA,NA,NA,NA,NA,NA,NA,NA,NA,NA,80299521,80300333
"Pos_vs_Neg","RI","Retained Intron","Minar2","ENSMUSG00000050875","chr18","+",0.00297569533508123,-0.348,"0.412,0.364,0.3","0.7,0.727,0.692",NA,NA,59198906,59198957,59200000,59200061,NA,NA,NA,NA,NA,NA,NA,NA,NA,NA,59198906,59200061
"Pos_vs_Neg","RI","Retained Intron","Safb2","ENSMUSG00000042625","chr17","-",0.000135681568165536,0.125,"0.429,0.499,0.47","0.315,0.354,0.353",NA,NA,56869938,56870243,56870361,56870431,NA,NA,NA,NA,NA,NA,NA,NA,NA,NA,56869938,56870431
"Pos_vs_Neg","RI","Retained Intron","Stap2","ENSMUSG00000038781","chr17","-",0.0150391459857953,-0.133,"0.053,0.0,0.0","0.143,0.154,0.154",NA,NA,56307479,56307614,56307900,56308001,NA,NA,NA,NA,NA,NA,NA,NA,NA,NA,56307479,56308001
"Pos_vs_Neg","RI","Retained Intron","Ubr2","ENSMUSG00000023977","chr17","-",2.18757800335797e-08,-0.137,"0.192,0.171,0.182","0.278,0.349,0.328",NA,NA,47291245,47291344,47292279,47292368,NA,NA,NA,NA,NA,NA,NA,NA,NA,NA,47291245,47292368
"Pos_vs_Neg","RI","Retained Intron","Nfkbie","ENSMUSG00000023947","chr17","+",0.00235929502705231,0.134,"0.172,0.312,0.221","0.056,0.132,0.114",NA,NA,45869420,45869523,45870133,45870356,NA,NA,NA,NA,NA,NA,NA,NA,NA,NA,45869420,45870356
"Pos_vs_Neg","RI","Retained Intron","Ager","ENSMUSG00000015452","chr17","+",0.000134331183554464,-0.149,"0.0,0.018,0.046","0.176,0.244,0.091",NA,NA,34817353,34817546,34817703,34817768,NA,NA,NA,NA,NA,NA,NA,NA,NA,NA,34817353,34817768
"Pos_vs_Neg","RI","Retained Intron","Ager","ENSMUSG00000015452","chr17","+",0.00327768091848141,-0.291,"0.0,0.081,0.238","0.273,0.476,0.444",NA,NA,34818969,34819111,34819324,34819834,NA,NA,NA,NA,NA,NA,NA,NA,NA,NA,34818969,34819834
"Pos_vs_Neg","RI","Retained Intron","Ager","ENSMUSG00000015452","chr17","+",0.0430201258250284,-0.128,"0.6,0.571,1.0","1.0,1.0,0.556",NA,NA,34818969,34819111,34819468,34819595,NA,NA,NA,NA,NA,NA,NA,NA,NA,NA,34818969,34819595
"Pos_vs_Neg","RI","Retained Intron","Haghl","ENSMUSG00000061046","chr17","-",0.0219557371442427,-0.117,"0.895,0.9,0.75","0.895,1.0,1.0",NA,NA,26003048,26003152,26003428,26003546,NA,NA,NA,NA,NA,NA,NA,NA,NA,NA,26003048,26003546
"Pos_vs_Neg","RI","Retained Intron","Tmem191","ENSMUSG00000055692","chr16","+",0.0128971874443735,0.115,"0.371,0.321,0.356","0.203,0.255,0.246",NA,NA,17095532,17095605,17095714,17095755,NA,NA,NA,NA,NA,NA,NA,NA,NA,NA,17095532,17095755
"Pos_vs_Neg","RI","Retained Intron","Fkbp11","ENSMUSG00000003355","chr15","-",0.00651252013426176,-0.313,"0.615,0.784,0.484","1.0,0.821,1.0",NA,NA,98624364,98624435,98625091,98625179,NA,NA,NA,NA,NA,NA,NA,NA,NA,NA,98624364,98625179
"Pos_vs_Neg","RI","Retained Intron","Hdac10","ENSMUSG00000062906","chr15","-",1.35011951177689e-05,-0.199,"0.682,0.701,0.891","0.87,1.0,1.0",NA,NA,89010580,89010640,89011071,89011198,NA,NA,NA,NA,NA,NA,NA,NA,NA,NA,89010580,89011198
"Pos_vs_Neg","RI","Retained Intron","Sharpin","ENSMUSG00000022552","chr15","-",0.000254674363819812,0.11,"0.369,0.251,0.27","0.21,0.141,0.209",NA,NA,76231458,76231794,76231863,76232017,NA,NA,NA,NA,NA,NA,NA,NA,NA,NA,76231458,76232017
"Pos_vs_Neg","RI","Retained Intron","Nrbp2","ENSMUSG00000075590","chr15","-",0.0257830252976737,0.147,"0.468,0.514,0.499","0.277,0.276,0.487",NA,NA,75962094,75962135,75962301,75962391,NA,NA,NA,NA,NA,NA,NA,NA,NA,NA,75962094,75962391
"Pos_vs_Neg","RI","Retained Intron","Scrib","ENSMUSG00000022568","chr15","-",0.00487589420737931,0.125,"0.438,0.38,0.523","0.311,0.298,0.358",NA,NA,75919770,75919845,75919963,75920001,NA,NA,NA,NA,NA,NA,NA,NA,NA,NA,75919770,75920001
"Pos_vs_Neg","RI","Retained Intron","Osgep","ENSMUSG00000006289","chr14","-",0.009780919240796,-0.165,"0.643,1.0,0.862","1.0,1.0,1.0",NA,NA,51154256,51154322,51154839,51154960,NA,NA,NA,NA,NA,NA,NA,NA,NA,NA,51154256,51154960
"Pos_vs_Neg","RI","Retained Intron","Rpl10a","ENSMUSG00000037805","chr17","+",3.36835288092105e-07,0.125,"0.58,0.572,0.577","0.456,0.42,0.479",NA,NA,28547940,28548254,28548347,28548496,NA,NA,NA,NA,NA,NA,NA,NA,NA,NA,28547940,28548496
"Pos_vs_Neg","RI","Retained Intron","Prpf40b","ENSMUSG00000023007","chr15","+",0.0193193073371439,-0.176,"0.421,0.665,0.544","0.716,0.718,0.723",NA,NA,99202305,99202371,99203288,99203314,NA,NA,NA,NA,NA,NA,NA,NA,NA,NA,99202305,99203314
"Pos_vs_Neg","RI","Retained Intron","Prpf40b","ENSMUSG00000023007","chr15","+",4.13580325575818e-07,0.119,"0.293,0.367,0.32","0.183,0.211,0.228",NA,NA,99212723,99212861,99213071,99213167,NA,NA,NA,NA,NA,NA,NA,NA,NA,NA,99212723,99213167
"Pos_vs_Neg","RI","Retained Intron","Cyp46a1","ENSMUSG00000021259","chr12","+",0.0138252046589203,0.283,"1.0,0.857,0.643","0.55,0.536,0.564",NA,NA,108311832,108311906,108312347,108312434,NA,NA,NA,NA,NA,NA,NA,NA,NA,NA,108311832,108312434
"Pos_vs_Neg","RI","Retained Intron","Eif2b2","ENSMUSG00000004788","chr12","+",0.0104856202956712,0.106,"0.882,0.9,0.768","0.731,0.711,0.79",NA,NA,85266595,85266707,85266870,85267019,NA,NA,NA,NA,NA,NA,NA,NA,NA,NA,85266595,85267019
"Pos_vs_Neg","RI","Retained Intron","Mfsd2b","ENSMUSG00000037336","chr12","-",0.00648957086353035,0.163,"1.0,1.0,1.0","1.0,1.0,0.511",NA,NA,4915136,4915313,4916158,4916268,NA,NA,NA,NA,NA,NA,NA,NA,NA,NA,4915136,4916268
"Pos_vs_Neg","RI","Retained Intron","Rab10os","ENSMUSG00000079179","chr12","+",0.00887641855329219,0.193,"0.616,0.757,0.778","0.556,0.574,0.442",NA,NA,3285510,3285929,3287346,3287412,NA,NA,NA,NA,NA,NA,NA,NA,NA,NA,3285510,3287412
"Pos_vs_Neg","RI","Retained Intron","Gcgr","ENSMUSG00000025127","chr11","+",1.85740937883899e-07,0.772,"0.493,1.0,1.0","0.0,0.0,0.178",NA,NA,120427482,120427639,120427720,120427880,NA,NA,NA,NA,NA,NA,NA,NA,NA,NA,120427482,120427880
"Pos_vs_Neg","RI","Retained Intron","Card14","ENSMUSG00000013483","chr11","+",0.042238323594388,-0.35,"0.571,0.571,0.077","0.556,0.867,0.846",NA,NA,119229060,119229298,119229697,119229761,NA,NA,NA,NA,NA,NA,NA,NA,NA,NA,119229060,119229761
"Pos_vs_Neg","RI","Retained Intron","Med24","ENSMUSG00000017210","chr11","-",6.39298157609873e-07,-0.163,"0.186,0.207,0.218","0.343,0.365,0.393",NA,NA,98607239,98607351,98608735,98608968,NA,NA,NA,NA,NA,NA,NA,NA,NA,NA,98607239,98608968
"Pos_vs_Neg","RI","Retained Intron","Fbxw9","ENSMUSG00000008167","chr8","+",0.0345716298518485,0.141,"0.564,0.491,0.373","0.339,0.34,0.326",NA,NA,85791012,85791125,85791209,85791301,NA,NA,NA,NA,NA,NA,NA,NA,NA,NA,85791012,85791301
"Pos_vs_Neg","RI","Retained Intron","Arhgap26","ENSMUSG00000036452","chr18","+",0.000135681568165536,-0.114,"0.952,0.968,0.696","0.959,1.0,1.0",NA,NA,39490605,39490716,39490851,39490881,NA,NA,NA,NA,NA,NA,NA,NA,NA,NA,39490605,39490881
"Pos_vs_Neg","RI","Retained Intron","Brat1","ENSMUSG00000000148","chr5","+",0.000341712814355226,-0.142,"0.122,0.047,0.092","0.259,0.145,0.284",NA,NA,140698259,140698656,140698807,140698927,NA,NA,NA,NA,NA,NA,NA,NA,NA,NA,140698259,140698927
"Pos_vs_Neg","RI","Retained Intron","Cxcl2","ENSMUSG00000058427","chr5","+",0.000219891972611893,0.257,"0.385,0.385,0.0","0.0,0.0,0.0",NA,NA,91052215,91052299,91053047,91053797,NA,NA,NA,NA,NA,NA,NA,NA,NA,NA,91052215,91053797
"Pos_vs_Neg","RI","Retained Intron","Mief2","ENSMUSG00000018599","chr11","+",0.000135681568165536,0.131,"0.531,0.503,0.513","0.366,0.372,0.415",NA,NA,60621108,60621261,60621455,60621618,NA,NA,NA,NA,NA,NA,NA,NA,NA,NA,60621108,60621618
"Pos_vs_Neg","RI","Retained Intron","Pianp","ENSMUSG00000030329","chr6","+",0.000651418296564982,0.411,"0.659,0.955,0.65","0.25,0.375,0.405",NA,NA,124978389,124978611,124978925,124980059,NA,NA,NA,NA,NA,NA,NA,NA,NA,NA,124978389,124980059
"Pos_vs_Neg","RI","Retained Intron","Il17rc","ENSMUSG00000030281","chr6","+",0.0028091721452985,-0.19,"0.8,0.76,0.869","1.0,1.0,1.0",NA,NA,113455824,113455879,113456211,113456262,NA,NA,NA,NA,NA,NA,NA,NA,NA,NA,113455824,113456262
"Pos_vs_Neg","RI","Retained Intron","Gm20544","ENSMUSG00000092569","chr18","-",0.0339631092036675,0.156,"1.0,1.0,0.795","0.787,1.0,0.541",NA,NA,75497177,75497405,75497525,75497574,NA,NA,NA,NA,NA,NA,NA,NA,NA,NA,75497177,75497574
"Pos_vs_Neg","RI","Retained Intron","9430015G10Rik","ENSMUSG00000059939","chr4","+",0.0211196418055703,0.111,"0.802,0.691,0.654","0.624,0.536,0.654",NA,NA,156206389,156206485,156206807,156206873,NA,NA,NA,NA,NA,NA,NA,NA,NA,NA,156206389,156206873
"Pos_vs_Neg","RI","Retained Intron","Lrwd1","ENSMUSG00000029703","chr5","-",0.00721885890387975,0.179,"0.909,1.0,0.871","1.0,0.5,0.742",NA,NA,136161159,136161282,136162787,136162904,NA,NA,NA,NA,NA,NA,NA,NA,NA,NA,136161159,136162904
"Pos_vs_Neg","RI","Retained Intron","Gm12963","ENSMUSG00000085517","chr4","-",0.0144624556684123,0.142,"1.0,1.0,1.0","1.0,0.574,1.0",NA,NA,129921759,129921948,129922068,129922139,NA,NA,NA,NA,NA,NA,NA,NA,NA,NA,129921759,129922139
"Pos_vs_Neg","RI","Retained Intron","Cdiptos","ENSMUSG00000097075","chr7","-",0.0141149762539439,0.445,"0.548,1.0,1.0","0.167,0.278,0.769",NA,NA,126573624,126573682,126574111,126574256,NA,NA,NA,NA,NA,NA,NA,NA,NA,NA,126573624,126574256
"Pos_vs_Neg","RI","Retained Intron","Cpt1c","ENSMUSG00000007783","chr7","-",6.07948080928144e-05,0.161,"0.46,0.378,0.3","0.196,0.197,0.261",NA,NA,44614507,44614690,44614794,44614990,NA,NA,NA,NA,NA,NA,NA,NA,NA,NA,44614507,44614990
"Pos_vs_Neg","RI","Retained Intron","Tpm2","ENSMUSG00000028464","chr4","-",0.0193193073371439,0.331,"0.85,1.0,0.631","0.622,0.448,0.417",NA,NA,43518401,43518464,43519002,43519078,NA,NA,NA,NA,NA,NA,NA,NA,NA,NA,43518401,43519078
"Pos_vs_Neg","RI","Retained Intron","Polrmt","ENSMUSG00000020329","chr10","-",0.00887641855329219,-0.21,"0.64,0.568,0.72","0.733,0.826,1.0",NA,NA,79573864,79574044,79574515,79574638,NA,NA,NA,NA,NA,NA,NA,NA,NA,NA,79573864,79574638
"Pos_vs_Neg","RI","Retained Intron","Galt","ENSMUSG00000036073","chr4","+",0.00119669107936388,-0.145,"0.663,0.868,0.768","0.846,0.921,0.967",NA,NA,41756512,41756561,41756938,41756995,NA,NA,NA,NA,NA,NA,NA,NA,NA,NA,41756512,41756995
"Pos_vs_Neg","RI","Retained Intron","Sh3yl1","ENSMUSG00000020669","chr12","+",0.0412366405886254,0.25,"0.048,0.538,0.368","0.086,0.022,0.097",NA,NA,30991965,30992128,30992788,30992867,NA,NA,NA,NA,NA,NA,NA,NA,NA,NA,30991965,30992867
"Pos_vs_Neg","RI","Retained Intron","Fubp1","ENSMUSG00000028034","chr3","+",0,-0.246,"0.683,0.612,0.727","0.939,0.874,0.948",NA,NA,151937513,151937659,151940160,151940207,NA,NA,NA,NA,NA,NA,NA,NA,NA,NA,151937513,151940207
"Pos_vs_Neg","RI","Retained Intron","Gnat2","ENSMUSG00000009108","chr3","+",0.0106196434554978,0.262,"1.0,0.897,0.76","0.719,0.472,0.681",NA,NA,108002754,108002978,108003555,108003823,NA,NA,NA,NA,NA,NA,NA,NA,NA,NA,108002754,108003823
"Pos_vs_Neg","RI","Retained Intron","Dcp1b","ENSMUSG00000041477","chr6","+",0.00449441306361239,-0.136,"0.821,0.727,0.772","0.874,0.922,0.932",NA,NA,119191730,119192567,119194862,119194940,NA,NA,NA,NA,NA,NA,NA,NA,NA,NA,119191730,119194940
"Pos_vs_Neg","RI","Retained Intron","Pak6","ENSMUSG00000074923","chr2","+",0.0414963622691894,-0.19,"1.0,0.765,0.3","1.0,0.636,1.0",NA,NA,118524347,118524481,118524995,118525121,NA,NA,NA,NA,NA,NA,NA,NA,NA,NA,118524347,118525121
"Pos_vs_Neg","RI","Retained Intron","Psmd4","ENSMUSG00000005625","chr3","-",0.0357148767543323,-0.118,"0.697,0.652,1.0","1.0,0.971,0.733",NA,NA,94942252,94942321,94943120,94943235,NA,NA,NA,NA,NA,NA,NA,NA,NA,NA,94942252,94943235
"Pos_vs_Neg","RI","Retained Intron","Prnd","ENSMUSG00000027338","chr2","+",0.0449312805189627,-0.185,"1.0,0.778,0.0","1.0,1.0,0.333",NA,NA,131794928,131795502,131796710,131798050,NA,NA,NA,NA,NA,NA,NA,NA,NA,NA,131794928,131798050
"Pos_vs_Neg","RI","Retained Intron","Agrn","ENSMUSG00000041936","chr4","-",1.0112309415593e-05,0.284,"0.758,0.714,0.881","0.563,0.459,0.479",NA,NA,156252233,156252266,156253002,156253026,NA,NA,NA,NA,NA,NA,NA,NA,NA,NA,156252233,156253026
"Pos_vs_Neg","RI","Retained Intron","Tmem82","ENSMUSG00000043085","chr4","-",0.00985225855071908,0.204,"0.905,0.909,0.81","0.667,0.591,0.754",NA,NA,141342255,141342421,141343514,141343932,NA,NA,NA,NA,NA,NA,NA,NA,NA,NA,141342255,141343932
"Pos_vs_Neg","RI","Retained Intron","Surf1","ENSMUSG00000015790","chr2","-",0.025988696350085,0.146,"0.592,0.586,0.543","0.378,0.375,0.529",NA,NA,26805607,26805796,26805966,26806018,NA,NA,NA,NA,NA,NA,NA,NA,NA,NA,26805607,26806018
"Pos_vs_Neg","RI","Retained Intron","Pkn3","ENSMUSG00000026785","chr2","+",0.00178952808449711,0.115,"0.284,0.363,0.333","0.151,0.218,0.265",NA,NA,29969937,29970083,29970586,29970698,NA,NA,NA,NA,NA,NA,NA,NA,NA,NA,29969937,29970698
"Pos_vs_Neg","RI","Retained Intron","Slc38a3","ENSMUSG00000010064","chr9","-",0.000341867501026486,0.128,"0.256,0.224,0.123","0.065,0.054,0.1",NA,NA,107532454,107532579,107532783,107532884,NA,NA,NA,NA,NA,NA,NA,NA,NA,NA,107532454,107532884
"Pos_vs_Neg","RI","Retained Intron","Clk1","ENSMUSG00000026034","chr1","-",2.66231481305075e-13,0.132,"0.291,0.223,0.24","0.145,0.11,0.103",NA,NA,58456171,58456338,58456425,58456542,NA,NA,NA,NA,NA,NA,NA,NA,NA,NA,58456171,58456542
"Pos_vs_Neg","RI","Retained Intron","Mfsd10","ENSMUSG00000001082","chr5","-",4.64995548693122e-05,0.124,"0.444,0.399,0.37","0.27,0.282,0.288",NA,NA,34791934,34792043,34792194,34792306,NA,NA,NA,NA,NA,NA,NA,NA,NA,NA,34791934,34792306
"Pos_vs_Neg","RI","Retained Intron","Gas5","ENSMUSG00000053332","chr1","+",0.00020736583384013,-0.14,"0.205,0.214,0.217","0.32,0.293,0.442",NA,NA,160863777,160863814,160864389,160864422,NA,NA,NA,NA,NA,NA,NA,NA,NA,NA,160863777,160864422
"Pos_vs_Neg","RI","Retained Intron","Gas5","ENSMUSG00000053332","chr1","+",1.05032312847208e-09,-0.207,"0.544,0.517,0.564","0.771,0.718,0.756",NA,NA,160862733,160864422,160864857,160864885,NA,NA,NA,NA,NA,NA,NA,NA,NA,NA,160862733,160864885
"Pos_vs_Neg","RI","Retained Intron","Ankle1","ENSMUSG00000046295","chr8","+",0.00310813661237929,0.144,"0.774,0.816,0.74","0.686,0.66,0.553",NA,NA,71859505,71859617,71859856,71860393,NA,NA,NA,NA,NA,NA,NA,NA,NA,NA,71859505,71860393
"Pos_vs_Neg","RI","Retained Intron","Nae1","ENSMUSG00000031878","chr8","-",4.9154754462223e-07,-0.292,"0.731,0.902,0.492","1.0,1.0,1.0",NA,NA,105254009,105254081,105256687,105256748,NA,NA,NA,NA,NA,NA,NA,NA,NA,NA,105254009,105256748
"Pos_vs_Neg","RI","Retained Intron","Rpl31","ENSMUSG00000073702","chr1","+",3.19249461301277e-06,0.12,"0.483,0.451,0.512","0.352,0.352,0.381",NA,NA,39407009,39407087,39407229,39407336,NA,NA,NA,NA,NA,NA,NA,NA,NA,NA,39407009,39407336
"Pos_vs_Neg","RI","Retained Intron","Sema4a","ENSMUSG00000028064","chr3","-",2.32832845088702e-05,0.439,"0.6,0.867,0.684","0.333,0.289,0.211",NA,NA,88358651,88358804,88358994,88359093,NA,NA,NA,NA,NA,NA,NA,NA,NA,NA,88358651,88359093
"Pos_vs_Neg","RI","Retained Intron","Cacnb3","ENSMUSG00000003352","chr15","+",0.0307818421630797,-0.103,"0.81,0.742,0.731","0.893,0.899,0.801",NA,NA,98539280,98539339,98539819,98539971,NA,NA,NA,NA,NA,NA,NA,NA,NA,NA,98539280,98539971
"Pos_vs_Neg","RI","Retained Intron","Tmbim1","ENSMUSG00000006301","chr1","-",0.00554839723187726,-0.284,"0.577,0.462,0.647","0.8,0.886,0.852",NA,NA,74330853,74330893,74331993,74332047,NA,NA,NA,NA,NA,NA,NA,NA,NA,NA,74330853,74332047
"Pos_vs_Neg","RI","Retained Intron","A330035P11Rik","ENSMUSG00000085615","chr14","-",0.000627214411098105,0.424,"0.839,0.635,0.537","0.367,0.162,0.209",NA,NA,122343195,122343582,122343690,122344395,NA,NA,NA,NA,NA,NA,NA,NA,NA,NA,122343195,122344395
"Pos_vs_Neg","RI","Retained Intron","Plekhg2","ENSMUSG00000037552","chr7","-",2.780307123745e-05,-0.204,"0.812,0.84,0.636","0.927,0.974,1.0",NA,NA,28069662,28069922,28070302,28070467,NA,NA,NA,NA,NA,NA,NA,NA,NA,NA,28069662,28070467
"Pos_vs_Neg","RI","Retained Intron","Trmt6","ENSMUSG00000037376","chr2","-",0.00554839723187726,-0.311,"0.385,0.8,0.882","1.0,1.0,1.0",NA,NA,132646126,132647532,132648816,132648919,NA,NA,NA,NA,NA,NA,NA,NA,NA,NA,132646126,132648919
"Pos_vs_Neg","RI","Retained Intron","2900076A07Rik","ENSMUSG00000097277","chr7","+",0.00554839723187726,0.22,"0.857,1.0,0.883","0.697,0.728,0.654",NA,NA,81178904,81179006,81179094,81179275,NA,NA,NA,NA,NA,NA,NA,NA,NA,NA,81178904,81179275
"Pos_vs_Neg","RI","Retained Intron","Slc2a8","ENSMUSG00000026791","chr2","-",0.0226769075465891,-0.212,"1.0,0.636,0.636","0.909,1.0,1.0",NA,NA,32864849,32864995,32866148,32866292,NA,NA,NA,NA,NA,NA,NA,NA,NA,NA,32864849,32866292
"Pos_vs_Neg","RI","Retained Intron","Kcnq2","ENSMUSG00000016346","chr2","-",0.00846951127254907,-0.231,"0.647,0.882,0.778","1.0,1.0,1.0",NA,NA,180750236,180750354,180750814,180750910,NA,NA,NA,NA,NA,NA,NA,NA,NA,NA,180750236,180750910
"Pos_vs_Neg","RI","Retained Intron","Dixdc1","ENSMUSG00000032064","chr9","-",0.00456972005715561,0.118,"0.133,0.3,0.131","0.074,0.08,0.057",NA,NA,50593332,50593500,50593836,50593926,NA,NA,NA,NA,NA,NA,NA,NA,NA,NA,50593332,50593926
"Pos_vs_Neg","RI","Retained Intron","Fuz","ENSMUSG00000011658","chr7","+",0.0104856202956712,0.126,"0.556,0.462,0.432","0.373,0.333,0.367",NA,NA,44546943,44547048,44547926,44548124,NA,NA,NA,NA,NA,NA,NA,NA,NA,NA,44546943,44548124
"Pos_vs_Neg","RI","Retained Intron","Ftsj1","ENSMUSG00000031171","chrX","-",0.0221155665318309,-0.556,"0.333,0.0,0.231","0.733,1.0,0.5",NA,NA,8112574,8112658,8112965,8113019,NA,NA,NA,NA,NA,NA,NA,NA,NA,NA,8112574,8113019
"Pos_vs_Neg","RI","Retained Intron","Rasa4","ENSMUSG00000004952","chr5","+",0.00495080675402435,0.156,"0.431,0.496,0.356","0.251,0.203,0.36",NA,NA,136130097,136130248,136130478,136130543,NA,NA,NA,NA,NA,NA,NA,NA,NA,NA,136130097,136130543
"Pos_vs_Neg","RI","Retained Intron","Qars","ENSMUSG00000032604","chr9","+",0.0182455361374733,-0.2,"0.8,0.6,1.0","1.0,1.0,1.0",NA,NA,108385581,108385729,108386347,108386423,NA,NA,NA,NA,NA,NA,NA,NA,NA,NA,108385581,108386423
"Pos_vs_Neg","RI","Retained Intron","Cpsf4","ENSMUSG00000029625","chr5","+",1.19136354355584e-05,-0.117,"0.236,0.247,0.231","0.312,0.407,0.346",NA,NA,145114039,145114112,145115642,145115738,NA,NA,NA,NA,NA,NA,NA,NA,NA,NA,145114039,145115738
"Pos_vs_Neg","RI","Retained Intron","Cpsf4","ENSMUSG00000029625","chr5","+",1.86397954002882e-05,-0.119,"0.321,0.285,0.325","0.421,0.457,0.41",NA,NA,145114039,145114112,145115645,145115738,NA,NA,NA,NA,NA,NA,NA,NA,NA,NA,145114039,145115738
"Pos_vs_Neg","RI","Retained Intron","Recql4","ENSMUSG00000033762","chr15","-",2.46835123415145e-06,0.123,"0.281,0.321,0.291","0.193,0.13,0.2",NA,NA,76589186,76589316,76589390,76589643,NA,NA,NA,NA,NA,NA,NA,NA,NA,NA,76589186,76589643
"Pos_vs_Neg","RI","Retained Intron","4933431E20Rik","ENSMUSG00000086968","chr3","-",0.0291853180199728,-0.175,"0.551,0.417,0.487","0.627,0.627,0.726",NA,NA,107801366,107801544,107802176,107802308,NA,NA,NA,NA,NA,NA,NA,NA,NA,NA,107801366,107802308
"Pos_vs_Neg","RI","Retained Intron","Dhx35","ENSMUSG00000027655","chr2","+",0.000677233520241985,-0.101,"0.168,0.241,0.165","0.247,0.341,0.288",NA,NA,158668224,158668337,158669822,158669919,NA,NA,NA,NA,NA,NA,NA,NA,NA,NA,158668224,158669919
"Pos_vs_Neg","RI","Retained Intron","Tmem176a","ENSMUSG00000023367","chr6","+",0.01476228720857,0.18,"0.636,1.0,1.0","0.684,0.647,0.765",NA,NA,48819137,48819335,48820718,48820775,NA,NA,NA,NA,NA,NA,NA,NA,NA,NA,48819137,48820775
"Pos_vs_Neg","RI","Retained Intron","Cfap74","ENSMUSG00000078490","chr4","+",0.016557268828073,-0.281,"0.143,0.111,0.333","0.25,0.75,0.429",NA,NA,155547904,155548011,155548300,155548456,NA,NA,NA,NA,NA,NA,NA,NA,NA,NA,155547904,155548456
"Pos_vs_Neg","RI","Retained Intron","Mapk7","ENSMUSG00000001034","chr11","-",0.00724279370307263,0.213,"0.763,0.67,0.583","0.378,0.404,0.594",NA,NA,61383729,61383895,61384331,61385092,NA,NA,NA,NA,NA,NA,NA,NA,NA,NA,61383729,61385092
"Pos_vs_Neg","RI","Retained Intron","Commd7","ENSMUSG00000056941","chr2","-",9.82841214147241e-05,-0.444,"0.375,0.571,0.283","1.0,0.846,0.714",NA,NA,153460753,153461432,153463689,153463739,NA,NA,NA,NA,NA,NA,NA,NA,NA,NA,153460753,153463739
"Pos_vs_Neg","RI","Retained Intron","Catsperg1","ENSMUSG00000049676","chr7","-",2.9231291618215e-05,-0.135,"0.86,0.81,0.925","1.0,1.0,1.0",NA,NA,28889371,28889452,28890151,28890214,NA,NA,NA,NA,NA,NA,NA,NA,NA,NA,28889371,28890214
"Pos_vs_Neg","RI","Retained Intron","Sirt5","ENSMUSG00000054021","chr13","+",0.032577645938166,0.407,"1.0,0.636,0.551","0.5,0.333,0.133",NA,NA,43538973,43539089,43540525,43541132,NA,NA,NA,NA,NA,NA,NA,NA,NA,NA,43538973,43541132
"Pos_vs_Neg","RI","Retained Intron","Zfp512b","ENSMUSG00000000823","chr2","-",0.0140509479558876,0.108,"0.59,0.675,0.679","0.582,0.483,0.554",NA,NA,181231165,181231752,181231845,181231974,NA,NA,NA,NA,NA,NA,NA,NA,NA,NA,181231165,181231974
"Pos_vs_Neg","RI","Retained Intron","Atp11b","ENSMUSG00000037400","chr3","+",0.00440151581132544,-0.125,"0.227,0.267,0.289","0.382,0.315,0.46",NA,NA,35891634,35891738,35893197,35893363,NA,NA,NA,NA,NA,NA,NA,NA,NA,NA,35891634,35893363
"Pos_vs_Neg","RI","Retained Intron","D3Ertd751e","ENSMUSG00000025766","chr3","+",0.00127591119747431,0.125,"0.961,0.938,0.95","0.815,0.785,0.873",NA,NA,41710483,41710564,41713058,41713374,NA,NA,NA,NA,NA,NA,NA,NA,NA,NA,41710483,41713374
"Pos_vs_Neg","RI","Retained Intron","Tyms","ENSMUSG00000025747","chr5","-",0.0462652002216877,-0.128,"0.737,0.638,0.827","0.902,0.825,0.858",NA,NA,30274831,30274953,30276631,30276705,NA,NA,NA,NA,NA,NA,NA,NA,NA,NA,30274831,30276705
"Pos_vs_Neg","RI","Retained Intron","Zfp330","ENSMUSG00000031711","chr8","-",0.0003608549380953,-0.18,"0.857,0.923,0.68","1.0,1.0,1.0",NA,NA,83491483,83491601,83493297,83493402,NA,NA,NA,NA,NA,NA,NA,NA,NA,NA,83491483,83493402
"Pos_vs_Neg","RI","Retained Intron","Phf1","ENSMUSG00000024193","chr17","+",0.00580402665390914,0.168,"0.644,0.6,0.555","0.467,0.445,0.383",NA,NA,27155260,27155365,27155485,27155654,NA,NA,NA,NA,NA,NA,NA,NA,NA,NA,27155260,27155654
"Pos_vs_Neg","RI","Retained Intron","Kcnip2","ENSMUSG00000025221","chr19","-",0.00181553000675855,0.37,"1.0,1.0,0.714","0.2,0.405,1.0",NA,NA,45784717,45784771,45785529,45785625,NA,NA,NA,NA,NA,NA,NA,NA,NA,NA,45784717,45785625
"Pos_vs_Neg","RI","Retained Intron","Scn1b","ENSMUSG00000019194","chr7","-",1.76453476422841e-05,0.128,"0.333,0.419,0.373","0.26,0.208,0.274",NA,NA,30815948,30816561,30816648,30816720,NA,NA,NA,NA,NA,NA,NA,NA,NA,NA,30815948,30816720
"Pos_vs_Neg","RI","Retained Intron","Zfp384","ENSMUSG00000038346","chr6","+",2.22938595073847e-06,-0.515,"0.394,0.462,0.348","1.0,1.0,0.75",NA,NA,125000995,125001233,125001708,125002045,NA,NA,NA,NA,NA,NA,NA,NA,NA,NA,125000995,125002045
"Pos_vs_Neg","RI","Retained Intron","Tcea2","ENSMUSG00000059540","chr2","+",0.0100876621049241,0.175,"0.821,0.667,0.766","0.605,0.471,0.652",NA,NA,181327982,181328039,181328390,181328545,NA,NA,NA,NA,NA,NA,NA,NA,NA,NA,181327982,181328545
"Pos_vs_Neg","RI","Retained Intron","Etfrf1","ENSMUSG00000040370","chr6","+",0.0233990748185385,0.178,"0.524,0.537,0.556","0.299,0.49,0.295",NA,NA,145160247,145160510,145160909,145160997,NA,NA,NA,NA,NA,NA,NA,NA,NA,NA,145160247,145160997
"Pos_vs_Neg","RI","Retained Intron","Ttyh1","ENSMUSG00000030428","chr7","+",0.016557268828073,-0.352,"0.778,0.167,1.0","1.0,1.0,1.0",NA,NA,4136073,4136216,4136661,4136737,NA,NA,NA,NA,NA,NA,NA,NA,NA,NA,4136073,4136737
"Pos_vs_Neg","RI","Retained Intron","Rdh12","ENSMUSG00000021123","chr12","+",0.000572628806617911,0.119,"0.077,0.108,0.243","0.0,0.071,0.0",NA,NA,79258161,79258317,79259426,79259531,NA,NA,NA,NA,NA,NA,NA,NA,NA,NA,79258161,79259531
"Pos_vs_Neg","RI","Retained Intron","Cpne6","ENSMUSG00000022212","chr14","+",0.0106236584987777,0.111,"0.143,0.0,0.189","0.0,0.0,0.0",NA,NA,55750844,55750919,55751090,55751174,NA,NA,NA,NA,NA,NA,NA,NA,NA,NA,55750844,55751174
"Pos_vs_Neg","RI","Retained Intron","Ankrd24","ENSMUSG00000054708","chr10","+",0.00342114613721134,-0.225,"0.2,0.385,0.402","0.543,0.579,0.54",NA,NA,81475140,81475178,81475689,81475770,NA,NA,NA,NA,NA,NA,NA,NA,NA,NA,81475140,81475770
"Pos_vs_Neg","RI","Retained Intron","Fanci","ENSMUSG00000039187","chr7","+",0.0144779697627777,-0.15,"0.407,0.367,0.245","0.479,0.451,0.538",NA,NA,79098567,79098663,79098820,79098928,NA,NA,NA,NA,NA,NA,NA,NA,NA,NA,79098567,79098928
"Pos_vs_Neg","RI","Retained Intron","Rccd1","ENSMUSG00000038930","chr7","-",0.0496118392183331,0.145,"0.658,0.538,0.762","0.475,0.539,0.509",NA,NA,79970049,79970446,79970609,79970929,NA,NA,NA,NA,NA,NA,NA,NA,NA,NA,79970049,79970929
"Pos_vs_Neg","RI","Retained Intron","Iqca1l","ENSMUSG00000038199","chr5","-",0.0159630411294252,0.533,"1.0,1.0,0.6","0.0,0.5,0.5",NA,NA,24755120,24755205,24755597,24755803,NA,NA,NA,NA,NA,NA,NA,NA,NA,NA,24755120,24755803
"Pos_vs_Neg","RI","Retained Intron","Spef1l","ENSMUSG00000073795","chr7","-",0.00846951127254907,-0.171,"0.0,0.5,0.0","0.0,0.474,0.538",NA,NA,139557946,139558058,139558459,139558636,NA,NA,NA,NA,NA,NA,NA,NA,NA,NA,139557946,139558636
"Pos_vs_Neg","RI","Retained Intron","Matk","ENSMUSG00000004933","chr10","+",0.00742082231764475,0.119,"0.196,0.26,0.327","0.17,0.143,0.114",NA,NA,81097464,81097990,81098281,81098368,NA,NA,NA,NA,NA,NA,NA,NA,NA,NA,81097464,81098368
"Pos_vs_Neg","RI","Retained Intron","Psmd13","ENSMUSG00000025487","chr7","+",0.00554839723187726,-0.392,"0.5,0.172,0.333","0.889,0.769,0.524",NA,NA,140466300,140466335,140466714,140466758,NA,NA,NA,NA,NA,NA,NA,NA,NA,NA,140466300,140466758
"Pos_vs_Neg","RI","Retained Intron","Sigirr","ENSMUSG00000025494","chr7","-",0.0290836299460532,0.187,"0.426,0.507,0.532","0.333,0.362,0.208",NA,NA,140671087,140671414,140671715,140671905,NA,NA,NA,NA,NA,NA,NA,NA,NA,NA,140671087,140671905
"Pos_vs_Neg","RI","Retained Intron","Lrrc56","ENSMUSG00000038637","chr7","+",0.00163718475632923,0.278,"0.154,0.474,0.429","0.133,0.02,0.071",NA,NA,140776894,140777082,140778186,140778274,NA,NA,NA,NA,NA,NA,NA,NA,NA,NA,140776894,140778274
"Pos_vs_Neg","RI","Retained Intron","Tmem198b","ENSMUSG00000047090","chr10","-",1.83078918691776e-09,-0.101,"0.878,0.914,0.83","0.977,0.995,0.952",NA,NA,128637219,128637380,128638273,128638386,NA,NA,NA,NA,NA,NA,NA,NA,NA,NA,128637219,128638386
"Pos_vs_Neg","RI","Retained Intron","Plpp5","ENSMUSG00000031570","chr8","+",1.27103893102206e-05,0.122,"0.44,0.442,0.449","0.301,0.297,0.368",NA,NA,26211688,26211813,26212456,26212627,NA,NA,NA,NA,NA,NA,NA,NA,NA,NA,26211688,26212627
"Pos_vs_Neg","RI","Retained Intron","Accs","ENSMUSG00000040272","chr2","-",0.00417461682696077,-0.221,"1.0,0.613,0.571","1.0,1.0,0.846",NA,NA,93669492,93669582,93671653,93671731,NA,NA,NA,NA,NA,NA,NA,NA,NA,NA,93669492,93671731
"Pos_vs_Neg","RI","Retained Intron","Slc26a10","ENSMUSG00000040441","chr10","-",0.00887641855329219,0.11,"0.734,0.774,0.773","0.577,0.675,0.698",NA,NA,127010152,127010259,127010674,127010770,NA,NA,NA,NA,NA,NA,NA,NA,NA,NA,127010152,127010770
"Pos_vs_Neg","RI","Retained Intron","Ftx","ENSMUSG00000086370","chrX","-",0.023464212986733,-0.1,"0.75,1.0,0.95","1.0,1.0,1.0",NA,NA,102613173,102614460,102616105,102616167,NA,NA,NA,NA,NA,NA,NA,NA,NA,NA,102613173,102616167
"Pos_vs_Neg","RI","Retained Intron","Naa80","ENSMUSG00000079334","chr9","+",0.0159946451479976,0.132,"1.0,1.0,0.967","0.786,0.829,0.955",NA,NA,107456298,107456584,107457655,107458134,NA,NA,NA,NA,NA,NA,NA,NA,NA,NA,107456298,107458134
"Pos_vs_Neg","RI","Retained Intron","Gopc","ENSMUSG00000019861","chr10","-",0.000381817306177363,-0.488,"0.094,0.348,0.29","0.714,0.733,0.75",NA,NA,52230667,52230843,52234868,52235033,NA,NA,NA,NA,NA,NA,NA,NA,NA,NA,52230667,52235033
"Pos_vs_Neg","RI","Retained Intron","Sik2","ENSMUSG00000037112","chr9","-",0.00591030338143163,-0.124,"0.923,0.926,0.778","1.0,1.0,1.0",NA,NA,50804100,50804689,50806643,50807261,NA,NA,NA,NA,NA,NA,NA,NA,NA,NA,50804100,50807261
"Pos_vs_Neg","RI","Retained Intron","Dok3","ENSMUSG00000035711","chr13","-",0.004901380175769,-0.315,"0.636,0.364,0.556","0.5,1.0,1.0",NA,NA,55675144,55675450,55676261,55676367,NA,NA,NA,NA,NA,NA,NA,NA,NA,NA,55675144,55676367
"Pos_vs_Neg","RI","Retained Intron","Kiss1r","ENSMUSG00000035773","chr10","+",0.0452783871219297,0.176,"0.49,0.595,0.4","0.31,0.322,0.326",NA,NA,79756528,79756664,79756848,79757081,NA,NA,NA,NA,NA,NA,NA,NA,NA,NA,79756528,79757081
"Pos_vs_Neg","RI","Retained Intron","Uba7","ENSMUSG00000032596","chr9","+",0.000427822268575578,-0.335,"0.667,0.727,0.6","1.0,1.0,1.0",NA,NA,107858402,107858495,107858716,107858780,NA,NA,NA,NA,NA,NA,NA,NA,NA,NA,107858402,107858780
"Pos_vs_Neg","RI","Retained Intron","Dalrd3","ENSMUSG00000019039","chr9","+",0.0024270704288598,-0.119,"0.805,0.889,0.895","0.947,1.0,1.0",NA,NA,108448243,108448372,108448811,108448873,NA,NA,NA,NA,NA,NA,NA,NA,NA,NA,108448243,108448873
"Pos_vs_Neg","RI","Retained Intron","Tnfaip3","ENSMUSG00000019850","chr10","-",0.000923646052401382,0.248,"0.353,0.357,0.212","0.0,0.118,0.059",NA,NA,18879323,18879505,18880204,18881079,NA,NA,NA,NA,NA,NA,NA,NA,NA,NA,18879323,18881079
"Pos_vs_Neg","RI","Retained Intron","Dhx30","ENSMUSG00000032480","chr9","-",3.24882174137749e-05,0.202,"0.979,0.87,1.0","0.701,0.875,0.667",NA,NA,109944103,109944279,109944558,109944650,NA,NA,NA,NA,NA,NA,NA,NA,NA,NA,109944103,109944650
"Pos_vs_Neg","RI","Retained Intron","Hsd17b8","ENSMUSG00000073422","chr17","-",9.63155981689526e-06,0.12,"0.41,0.354,0.347","0.238,0.251,0.263",NA,NA,34245006,34245199,34245369,34245444,NA,NA,NA,NA,NA,NA,NA,NA,NA,NA,34245006,34245444
"Pos_vs_Neg","RI","Retained Intron","Izumo4","ENSMUSG00000055862","chr10","+",0.00549731807032959,0.115,"0.386,0.375,0.346","0.267,0.233,0.263",NA,NA,80539563,80539590,80539686,80539762,NA,NA,NA,NA,NA,NA,NA,NA,NA,NA,80539563,80539762
"Pos_vs_Neg","RI","Retained Intron","Tle2","ENSMUSG00000034771","chr10","+",7.50277103757446e-05,-0.165,"0.056,0.092,0.081","0.194,0.196,0.333",NA,NA,81418246,81418291,81418570,81418720,NA,NA,NA,NA,NA,NA,NA,NA,NA,NA,81418246,81418720
"Pos_vs_Neg","RI","Retained Intron","Sfi1","ENSMUSG00000023764","chr11","-",0.0243513371143065,0.111,"0.925,1.0,0.957","0.708,1.0,0.842",NA,NA,3083071,3083207,3084625,3085542,NA,NA,NA,NA,NA,NA,NA,NA,NA,NA,3083071,3085542
"Pos_vs_Neg","RI","Retained Intron","Sfi1","ENSMUSG00000023764","chr11","-",0.00282089706550473,-0.112,"0.782,0.952,0.898","1.0,1.0,0.967",NA,NA,3083071,3083207,3085282,3085542,NA,NA,NA,NA,NA,NA,NA,NA,NA,NA,3083071,3085542
"Pos_vs_Neg","RI","Retained Intron","Bcas2","ENSMUSG00000005687","chr3","+",0.0129337030471046,0.122,"0.692,0.679,0.703","0.523,0.604,0.581",NA,NA,103081655,103081817,103084654,103084735,NA,NA,NA,NA,NA,NA,NA,NA,NA,NA,103081655,103084735
"Pos_vs_Neg","RI","Retained Intron","Myl6","ENSMUSG00000090841","chr10","-",0,-0.242,"0.202,0.16,0.155","0.407,0.423,0.414",NA,NA,128326729,128326902,128327927,128328005,NA,NA,NA,NA,NA,NA,NA,NA,NA,NA,128326729,128328005
"Pos_vs_Neg","RI","Retained Intron","Arhgap1","ENSMUSG00000027247","chr2","+",0.00382951015485014,-0.263,"0.503,0.544,0.477","0.776,0.846,0.691",NA,NA,91481842,91481999,91482108,91482168,NA,NA,NA,NA,NA,NA,NA,NA,NA,NA,91481842,91482168
"Pos_vs_Neg","RI","Retained Intron","Sh3glb2","ENSMUSG00000026860","chr2","-",0,-0.396,"0.617,0.533,0.576","0.981,0.966,0.968",NA,NA,30235710,30235951,30236364,30236465,NA,NA,NA,NA,NA,NA,NA,NA,NA,NA,30235710,30236465
"Pos_vs_Neg","RI","Retained Intron","Thbs3","ENSMUSG00000028047","chr3","+",0.000323620901521677,0.146,"0.424,0.507,0.455","0.275,0.306,0.366",NA,NA,89130309,89130469,89130711,89130830,NA,NA,NA,NA,NA,NA,NA,NA,NA,NA,89130309,89130830
"Pos_vs_Neg","RI","Retained Intron","Idh3g","ENSMUSG00000002010","chrX","-",0,-0.235,"0.118,0.142,0.134","0.366,0.38,0.354",NA,NA,72825611,72825709,72826280,72826322,NA,NA,NA,NA,NA,NA,NA,NA,NA,NA,72825611,72826322
"Pos_vs_Neg","RI","Retained Intron","Proca1","ENSMUSG00000044122","chr11","+",0.0428365133978201,-0.125,"1.0,1.0,0.625","1.0,1.0,1.0",NA,NA,78094890,78095023,78095419,78095576,NA,NA,NA,NA,NA,NA,NA,NA,NA,NA,78094890,78095576
